cell_type	cell_id	length	radius	pos_x	pos_y	pos_z	ori_x	ori_y	ori_z	lower_link	upper_link
ChainingRodShaped	7726	2.00332	0.5	30.053	5.87492	0	0.0230015	-0.999735	0	7727	None
ChainingRodShaped	5830	4.40277	0.5	-28.9991	21.7742	0	0.998905	-0.046781	0	None	None
ChainingRodShaped	6176	4.00056	0.5	18.1411	17.5211	0	-0.591055	-0.806631	0	None	None
ChainingRodShaped	7296	2.52058	0.5	-33.171	42.5985	0	0.999696	-0.0246689	0	None	None
ChainingRodShaped	6872	2.73524	0.5	4.88269	53.4209	0	0.999924	0.012288	0	6873	None
ChainingRodShaped	6172	4.81568	0.5	-9.65477	28.6837	0	0.837396	0.546596	0	None	None
ChainingRodShaped	5780	4.43937	0.5	-18.7101	44.235	0	0.871656	0.490118	0	5781	None
ChainingRodShaped	7348	2.48627	0.5	7.80191	19.4766	0	-0.66688	-0.745165	0	None	None
ChainingRodShaped	7680	2.05014	0.5	-11.7356	47.138	0	0.869414	0.494084	0	7681	None
ChainingRodShaped	6958	2.5642	0.5	18.6822	44.5833	0	0.0370933	-0.999312	0	6959	None
ChainingRodShaped	6470	3.90183	0.5	-28.9074	42.5911	0	0.910704	0.41306	0	6471	None
ChainingRodShaped	7168	2.77722	0.5	-22.7453	20.9428	0	-0.181331	0.983422	0	None	None
ChainingRodShaped	7654	2.17578	0.5	10.6503	3.96957	0	0.277703	-0.960667	0	None	None
ChainingRodShaped	6440	3.92863	0.5	-1.8447	57.6681	0	0.143879	-0.989595	0	None	None
ChainingRodShaped	6062	3.83542	0.5	15.2346	33.9632	0	0.700228	0.71392	0	6063	None
ChainingRodShaped	5682	4.73175	0.5	-24.5993	41.9775	0	0.876396	0.481592	0	None	None
ChainingRodShaped	6116	4.97427	0.5	17.2948	42.7358	0	0.952278	-0.305231	0	None	None
ChainingRodShaped	7400	2.19144	0.5	58.2154	37.9862	0	0.656317	0.754485	0	7401	None
ChainingRodShaped	7108	3.16331	0.5	-16.8917	4.31686	0	-0.448097	-0.893985	0	None	None
ChainingRodShaped	5846	4.30768	0.5	-9.38721	12.4715	0	-0.498664	-0.866796	0	5847	None
ChainingRodShaped	5728	3.79191	0.5	-28.3656	-14.6081	0	-0.481744	-0.876312	0	5729	None
ChainingRodShaped	5198	4.5492	0.5	14.7344	96.1656	0	-0.0742998	0.997236	0	6186	None
ChainingRodShaped	5878	4.75708	0.5	8.25218	54.239	0	0.286015	0.958225	0	5879	None
ChainingRodShaped	7374	2.42396	0.5	-27.6137	24.0847	0	-0.92123	-0.389019	0	None	None
ChainingRodShaped	5276	3.92421	0.5	-6.31521	24.8076	0	0.421765	0.906705	0	6236	None
ChainingRodShaped	6490	4.42047	0.5	-19.0057	57.95	0	0.8541	0.520108	0	None	None
ChainingRodShaped	7260	2.35755	0.5	-19.9975	45.6436	0	0.93023	-0.366977	0	None	None
ChainingRodShaped	6418	3.26553	0.5	10.1739	84.9102	0	-0.116744	0.993162	0	6419	None
ChainingRodShaped	6848	3.44145	0.5	24.4408	9.46959	0	-0.90405	-0.427427	0	None	None
ChainingRodShaped	5884	4.1207	0.5	31.5219	61.1591	0	-0.904323	0.426849	0	None	None
ChainingRodShaped	5842	3.89372	0.5	-21.1767	-8.61875	0	-0.966778	-0.255618	0	5843	None
ChainingRodShaped	6646	4.57244	0.5	55.1178	37.4713	0	0.926041	0.377424	0	None	None
ChainingRodShaped	6870	4.16639	0.5	31.302	28.51	0	-0.0897156	0.995967	0	None	None
ChainingRodShaped	6892	3.95401	0.5	49.157	33.9586	0	0.556203	-0.831047	0	None	None
ChainingRodShaped	7438	2.50826	0.5	16.7581	26.1776	0	-0.334185	-0.942508	0	None	None
ChainingRodShaped	5564	3.51545	0.5	20.5964	42.5584	0	0.0388645	-0.999244	0	5565	None
ChainingRodShaped	7102	3.32742	0.5	1.94065	-0.97224	0	0.497016	-0.867741	0	None	None
ChainingRodShaped	5742	3.75681	0.5	19.591	44.7871	0	0.0330555	-0.999454	0	5743	None
ChainingRodShaped	5660	4.23651	0.5	31.7115	78.6711	0	-0.626634	0.779313	0	5661	None
ChainingRodShaped	6270	3.12993	0.5	-22.6037	-7.41329	0	-0.734297	-0.678828	0	6271	None
ChainingRodShaped	5456	4.5545	0.5	13.5577	33.5144	0	0.70631	0.707902	0	5457	None
ChainingRodShaped	5146	4.5202	0.5	-41.3442	-8.4531	0	-0.73718	-0.675696	0	6916	None
ChainingRodShaped	5574	4.62107	0.5	-35.0023	46.5022	0	0.999219	0.0395084	0	None	None
ChainingRodShaped	7690	2.06856	0.5	-25.9101	62.6277	0	-0.309112	0.951026	0	None	None
ChainingRodShaped	5918	4.92176	0.5	-9.0117	11.3848	0	-0.49796	-0.8672	0	5919	None
ChainingRodShaped	6778	3.63756	0.5	43.3177	46.943	0	0.598657	-0.801006	0	None	None
ChainingRodShaped	6090	4.72322	0.5	8.92332	70.9924	0	0.923817	-0.382833	0	6091	None
ChainingRodShaped	5096	4.31307	0.5	23.3626	24.5118	0	-0.0517438	-0.99866	0	6584	None
ChainingRodShaped	6698	3.09287	0.5	23.5529	-3.49144	0	-0.992409	-0.122978	0	None	None
ChainingRodShaped	6692	4.03781	0.5	34.1011	13.4872	0	-0.644173	-0.76488	0	None	None
ChainingRodShaped	6802	2.70796	0.5	-51.4652	28.6161	0	0.401337	-0.91593	0	6803	None
ChainingRodShaped	6074	3.83826	0.5	-4.3211	56.7196	0	0.913487	-0.406867	0	None	None
ChainingRodShaped	6754	3.48117	0.5	-3.82732	55.5686	0	0.921634	-0.38806	0	6755	None
ChainingRodShaped	5828	3.82227	0.5	-9.58395	24.2792	0	0.421603	0.906781	0	5829	None
ChainingRodShaped	5858	4.66454	0.5	67.3522	26.8683	0	0.524713	-0.851279	0	5859	None
ChainingRodShaped	5994	4.74378	0.5	-20.1715	28.0621	0	-0.946698	-0.322122	0	None	None
ChainingRodShaped	7008	3.11197	0.5	1.48817	56.6953	0	-0.778774	-0.627305	0	None	None
ChainingRodShaped	7706	2.01867	0.5	-81.1903	74.1909	0	-0.65502	0.755612	0	7707	None
ChainingRodShaped	6212	3.77062	0.5	53.0099	40.7266	0	0.50217	-0.864769	0	6213	None
ChainingRodShaped	6042	4.30533	0.5	-5.9885	0.475595	0	0.597253	-0.802053	0	None	None
ChainingRodShaped	6124	3.40738	0.5	-25.577	34.2029	0	0.878459	0.477819	0	6125	None
ChainingRodShaped	5310	4.37885	0.5	-47.4189	22.4191	0	0.864457	0.502708	0	6866	7285
ChainingRodShaped	7282	2.50643	0.5	0.694733	-0.749097	0	0.488311	-0.87267	0	None	None
ChainingRodShaped	5576	3.80526	0.5	38.9591	64.5644	0	0.516884	-0.856055	0	5577	5295
ChainingRodShaped	7114	2.44085	0.5	-57.5526	50.1416	0	-0.818209	0.574922	0	7115	5651
ChainingRodShaped	6328	3.39292	0.5	-11.3499	52.3867	0	-0.999997	-0.00239364	0	None	None
ChainingRodShaped	6480	4.99845	0.5	-18.2791	38.6098	0	-0.67338	-0.739297	0	None	None
ChainingRodShaped	6204	2.84655	0.5	46.916	57.4694	0	0.585077	-0.810977	0	6205	5991
ChainingRodShaped	7194	2.65935	0.5	-17.7074	7.03328	0	0.456352	0.889799	0	7195	5983
ChainingRodShaped	6944	2.4619	0.5	-35.3584	69.5712	0	0.906742	-0.421686	0	6945	6985
ChainingRodShaped	6706	3.62239	0.5	-2.87169	58.6789	0	0.15378	-0.988105	0	None	None
ChainingRodShaped	6776	3.36607	0.5	-69.8781	59.552	0	0.634664	-0.772788	0	6777	5889
ChainingRodShaped	6768	3.25044	0.5	34.5492	16.8613	0	-0.0864123	-0.996259	0	None	None
ChainingRodShaped	5808	4.05693	0.5	35.3392	2.64661	0	-0.518892	0.85484	0	None	None
ChainingRodShaped	5268	4.40267	0.5	23.022	45.7262	0	0.102371	-0.994746	0	5269	6859
ChainingRodShaped	7356	2.15857	0.5	-5.26432	76.3963	0	0.947194	-0.32066	0	7357	7475
ChainingRodShaped	6544	3.6504	0.5	24.546	73.722	0	-0.65239	0.757883	0	None	None
ChainingRodShaped	5066	4.98066	0.5	3.2926	33.2436	0	-0.468847	-0.883279	0	6804	7397
ChainingRodShaped	7122	2.58248	0.5	-22.3929	53.9347	0	-0.998534	-0.0541195	0	None	None
ChainingRodShaped	6424	3.87743	0.5	-31.9681	54.9839	0	0.99515	0.0983704	0	None	None
ChainingRodShaped	6336	3.34867	0.5	-22.2336	10.0294	0	-0.676707	-0.736252	0	6337	6703
ChainingRodShaped	5334	4.84619	0.5	-3.51733	14.9017	0	0.658418	0.752652	0	6654	7647
ChainingRodShaped	7498	2.15805	0.5	3.39053	19.98	0	-0.66386	-0.747857	0	7499	6283
ChainingRodShaped	7320	2.50499	0.5	51.4022	52.9085	0	-0.577817	0.816166	0	7321	6583
ChainingRodShaped	5786	3.57095	0.5	18.3983	72.4569	0	0.0544725	-0.998515	0	7372	5931
ChainingRodShaped	6594	3.53451	0.5	1.72568	9.63183	0	-0.944123	-0.329593	0	None	None
ChainingRodShaped	6564	3.07302	0.5	19.8555	62.144	0	0.0461003	-0.998937	0	6565	5845
ChainingRodShaped	5902	4.22396	0.5	15.5144	36.0646	0	0.98228	0.18742	0	None	None
ChainingRodShaped	5840	4.60803	0.5	43.3173	45.3553	0	0.605291	-0.796004	0	None	None
ChainingRodShaped	7476	2.28383	0.5	33.628	11.472	0	-0.64786	-0.761759	0	None	None
ChainingRodShaped	7542	2.34674	0.5	51.488	31.8765	0	0.682965	0.730451	0	None	None
ChainingRodShaped	6558	3.85374	0.5	3.30279	-3.32874	0	-0.987042	-0.160459	0	6559	6053
ChainingRodShaped	6842	2.86875	0.5	31.3605	60.1824	0	-0.907803	0.419397	0	None	None
ChainingRodShaped	6148	4.8012	0.5	32.7065	-1.16775	0	-0.626306	-0.779577	0	None	None
ChainingRodShaped	5934	4.78219	0.5	12.2212	67.2997	0	-0.113352	0.993555	0	5935	6317
ChainingRodShaped	7310	2.86724	0.5	-39.3171	54.6694	0	-0.182453	0.983215	0	None	None
ChainingRodShaped	7610	2.26638	0.5	-34.4453	52.8411	0	-0.994271	-0.106886	0	None	None
ChainingRodShaped	6886	2.75261	0.5	-11.7864	12.6831	0	0.41294	0.910758	0	6887	6237
ChainingRodShaped	6964	3.79756	0.5	-27.263	22.6029	0	0.998388	-0.0567577	0	None	None
ChainingRodShaped	5740	4.84639	0.5	2.72678	38.696	0	0.365059	0.930984	0	5741	4933
ChainingRodShaped	5706	3.91458	0.5	16.918	65.0161	0	-0.0528494	0.998602	0	5707	6895
ChainingRodShaped	7124	2.53915	0.5	-15.6691	8.94507	0	-0.440122	-0.897938	0	7125	6963
ChainingRodShaped	7696	2.03552	0.5	4.81168	41.5244	0	-0.361556	-0.93235	0	7697	5431
ChainingRodShaped	6472	3.38517	0.5	-23.8863	25.0472	0	-0.967571	-0.252599	0	None	None
ChainingRodShaped	7564	2.08229	0.5	39.9781	17.5801	0	0.651321	0.758802	0	7565	6551
ChainingRodShaped	6860	3.78836	0.5	14.2036	46.2477	0	0.231233	-0.972898	0	None	None
ChainingRodShaped	6298	4.0301	0.5	-21.7535	45.3477	0	0.933439	-0.358736	0	None	None
ChainingRodShaped	7470	2.183	0.5	-8.56763	7.92663	0	0.679038	0.734103	0	7471	5977
ChainingRodShaped	6898	4.12504	0.5	-0.160717	58.8275	0	0.151217	-0.988501	0	None	None
ChainingRodShaped	6456	4.99094	0.5	9.76045	20.2361	0	-0.692642	-0.721281	0	None	None
ChainingRodShaped	6198	4.97995	0.5	-20.2704	16.3547	0	0.676159	0.736755	0	None	None
ChainingRodShaped	7106	2.57661	0.5	-51.6807	25.6228	0	0.719695	0.69429	0	7107	5247
ChainingRodShaped	6450	2.96975	0.5	17.9758	62.4156	0	0.0464494	-0.998921	0	6451	5719
ChainingRodShaped	6034	3.09897	0.5	-30.4054	36.7198	0	0.874702	0.484662	0	6035	6015
ChainingRodShaped	7404	2.48045	0.5	24.1302	22.3958	0	-0.0617258	-0.998093	0	None	None
ChainingRodShaped	7096	2.36917	0.5	-31.1909	37.3282	0	0.874489	0.485045	0	7097	4997
ChainingRodShaped	6784	3.84545	0.5	-9.69822	26.5077	0	0.842273	0.539051	0	None	None
ChainingRodShaped	6620	2.61251	0.5	-24.1969	52.8844	0	0.997397	0.0720995	0	6621	5175
ChainingRodShaped	7050	3.41278	0.5	-54.0995	53.7636	0	-0.300831	0.953677	0	None	None
ChainingRodShaped	6828	3.65333	0.5	20.2967	73.3618	0	-0.0425705	0.999093	0	None	None
ChainingRodShaped	6808	3.69893	0.5	-25.8393	17.963	0	0.858442	0.512911	0	None	None
ChainingRodShaped	7462	2.31682	0.5	27.8772	40.6611	0	0.17336	-0.984859	0	7463	5793
ChainingRodShaped	6562	3.39104	0.5	39.7737	65.1002	0	-0.523803	0.851839	0	None	None
ChainingRodShaped	6516	3.21251	0.5	16.1075	63.8756	0	0.0628619	-0.998022	0	None	None
ChainingRodShaped	7424	2.31878	0.5	-4.83234	58.9607	0	0.905167	-0.425056	0	None	None
ChainingRodShaped	6946	2.67259	0.5	20.6601	24.849	0	0.00842206	-0.999965	0	None	None
ChainingRodShaped	7090	2.87866	0.5	32.7041	21.0509	0	-0.0280812	0.999606	0	None	None
ChainingRodShaped	6528	3.06872	0.5	-30.0901	44.7596	0	0.996963	0.0778717	0	None	None
ChainingRodShaped	7414	2.4448	0.5	-26.8881	25.9459	0	-0.673754	-0.738955	0	None	None
ChainingRodShaped	5804	4.99997	0.5	-53.7868	57.6081	0	-0.112092	0.993698	0	None	None
ChainingRodShaped	6622	3.88705	0.5	-31.5964	26.3548	0	0.751334	0.659922	0	None	None
ChainingRodShaped	6708	4.6607	0.5	28.7204	65.1915	0	-0.277953	0.960595	0	None	None
ChainingRodShaped	6874	3.05459	0.5	-37.1221	15.9566	0	0.799895	-0.60014	0	None	None
ChainingRodShaped	6398	3.92937	0.5	7.21462	53.7228	0	0.280203	0.959941	0	None	None
ChainingRodShaped	7190	2.77665	0.5	28.8168	-2.19174	0	0.999776	0.0211471	0	None	None
ChainingRodShaped	6468	4.50065	0.5	-3.51009	64.8741	0	0.858992	-0.511988	0	None	None
ChainingRodShaped	7242	3.01467	0.5	47.2517	32.2655	0	-0.182948	0.983123	0	None	None
ChainingRodShaped	7648	2.12165	0.5	20.7583	38.857	0	0.946403	-0.322989	0	None	None
ChainingRodShaped	6504	3.53172	0.5	-32.2576	50.1946	0	-0.99393	-0.110015	0	None	None
ChainingRodShaped	7156	2.51175	0.5	33.1458	14.5015	0	-0.31254	-0.949905	0	None	None
ChainingRodShaped	6114	3.62012	0.5	41.0748	27.1308	0	0.289142	-0.957286	0	None	None
ChainingRodShaped	6896	4.10577	0.5	-5.46886	58.2391	0	0.909372	-0.415984	0	None	None
ChainingRodShaped	6936	3.29792	0.5	-22.9119	26.2533	0	-0.96525	-0.26133	0	None	None
ChainingRodShaped	6044	3.7127	0.5	-2.14374	6.21558	0	-0.933028	-0.359804	0	None	None
ChainingRodShaped	6676	2.95769	0.5	32.751	65.0508	0	-0.89818	-0.439629	0	None	None
ChainingRodShaped	7154	2.80314	0.5	-33.2228	55.813	0	0.996083	0.0884241	0	None	None
ChainingRodShaped	5538	4.92019	0.5	-50.204	63.6575	0	-0.984738	0.174046	0	None	None
ChainingRodShaped	6384	3.28118	0.5	-23.4656	19.7637	0	-0.171473	0.985189	0	None	None
ChainingRodShaped	6998	3.01573	0.5	2.61741	16.4423	0	-0.632228	-0.774783	0	None	None
ChainingRodShaped	6526	4.85134	0.5	-30.5635	71.7231	0	0.158766	-0.987316	0	None	None
ChainingRodShaped	6824	3.58278	0.5	33.1042	29.2077	0	0.0938198	-0.995589	0	None	None
ChainingRodShaped	6574	3.3252	0.5	-30.998	34.8078	0	-0.967156	-0.254184	0	None	None
ChainingRodShaped	6166	4.43772	0.5	-19.2935	29.4517	0	-0.917851	-0.396925	0	None	None
ChainingRodShaped	7552	2.30148	0.5	19.1882	32.9146	0	-0.0332571	0.999447	0	None	None
ChainingRodShaped	7116	3.3885	0.5	6.52613	16.4567	0	-0.806204	-0.591638	0	None	None
ChainingRodShaped	7678	2.07605	0.5	35.1895	59.4886	0	-0.920739	0.390178	0	None	None
ChainingRodShaped	7666	2.05014	0.5	-7.58541	68.0285	0	-0.606195	-0.795316	0	None	None
ChainingRodShaped	5896	4.55901	0.5	-18.4557	61.9144	0	0.913576	-0.406668	0	5897	6929
ChainingRodShaped	6738	3.02094	0.5	-0.13332	29.6098	0	-0.410483	-0.911868	0	6739	6421
ChainingRodShaped	5396	4.42992	0.5	29.871	19.0726	0	0.0147777	-0.999891	0	7128	4861
ChainingRodShaped	5294	4.5908	0.5	44.3326	55.5415	0	0.509766	-0.860313	0	5295	6753
ChainingRodShaped	5716	3.68996	0.5	58.2783	41.2034	0	0.557622	-0.830095	0	7658	7081
ChainingRodShaped	5514	4.93994	0.5	-3.29706	50.5547	0	-0.999995	-0.00305389	0	None	None
ChainingRodShaped	5214	4.13678	0.5	13.2533	57.7394	0	-0.0941992	0.995553	0	5215	5935
ChainingRodShaped	6048	3.91182	0.5	11.3857	12.8817	0	-0.632698	0.774398	0	None	None
ChainingRodShaped	7254	2.57024	0.5	-3.89739	20.2618	0	-0.49191	-0.870646	0	7255	5919
ChainingRodShaped	5772	4.65523	0.5	-24.3193	13.5623	0	-0.416702	-0.909043	0	None	None
ChainingRodShaped	6296	4.24138	0.5	-7.0143	29.3626	0	0.834432	0.551111	0	None	None
ChainingRodShaped	7464	2.24442	0.5	5.50605	40.9856	0	-0.438971	-0.898501	0	None	None
ChainingRodShaped	6672	3.31191	0.5	-33.7461	43.6536	0	-0.999258	-0.03852	0	6673	5375
ChainingRodShaped	6782	3.10279	0.5	34.5305	39.7622	0	0.301491	-0.953469	0	None	None
ChainingRodShaped	5984	3.18816	0.5	-59.3613	44.5889	0	0.504291	-0.863534	0	5985	6143
ChainingRodShaped	6556	2.70119	0.5	-12.8915	-6.51556	0	-0.972826	-0.231539	0	6557	5843
ChainingRodShaped	6108	4.31596	0.5	-23.3288	-5.47011	0	-0.484559	-0.874759	0	6109	5729
ChainingRodShaped	6502	3.7486	0.5	8.99266	11.3297	0	-0.622331	0.782754	0	None	None
ChainingRodShaped	5454	4.56767	0.5	-31.5292	0.655887	0	-0.725469	-0.688254	0	6702	6917
ChainingRodShaped	6280	3.53417	0.5	-40.1625	53.9509	0	0.172615	-0.984989	0	None	None
ChainingRodShaped	5930	4.73316	0.5	18.881	62.9925	0	0.046625	-0.998912	0	5931	6497
ChainingRodShaped	6718	2.65918	0.5	17.816	82.9916	0	0.0554596	-0.998461	0	6719	7373
ChainingRodShaped	7368	2.41235	0.5	-29.6343	51.4494	0	-0.994175	-0.107775	0	None	None
ChainingRodShaped	6006	3.96233	0.5	-0.928012	19.2497	0	0.651758	0.758427	0	None	None
ChainingRodShaped	7046	2.41267	0.5	49.9383	28.6699	0	0.671744	0.740783	0	7047	4949
ChainingRodShaped	6582	3.50223	0.5	46.5271	59.6779	0	-0.591542	0.806274	0	6583	7361
ChainingRodShaped	5912	4.32083	0.5	-4.80223	22.3258	0	0.478311	0.87819	0	5913	6485
ChainingRodShaped	6756	4.1229	0.5	9.36486	35.4412	0	0.971511	0.236996	0	None	None
ChainingRodShaped	6354	3.32292	0.5	-41.3227	35.2515	0	0.785906	0.618345	0	6355	5237
ChainingRodShaped	6656	2.81082	0.5	-71.5215	63.1187	0	-0.66914	0.743136	0	6657	6731
ChainingRodShaped	7152	2.75583	0.5	2.93387	20.8468	0	0.663884	0.747836	0	7153	5937
ChainingRodShaped	6380	3.09005	0.5	-64.2948	13.6987	0	0.729391	0.684097	0	6381	6305
ChainingRodShaped	6838	4.27348	0.5	15.8496	46.266	0	0.0584762	-0.998289	0	None	None
ChainingRodShaped	6662	4.72885	0.5	19.4065	40.2495	0	0.949585	-0.313508	0	None	None
ChainingRodShaped	7342	2.48713	0.5	35.3814	52.7735	0	-0.652483	0.757804	0	None	None
ChainingRodShaped	7232	2.74335	0.5	-27.2064	42.4732	0	0.885824	0.464022	0	None	None
ChainingRodShaped	6094	3.08828	0.5	-9.65888	53.3515	0	0.999999	0.00125526	0	6095	7265
ChainingRodShaped	6760	2.91054	0.5	33.9642	72.7354	0	0.528132	-0.849162	0	6761	5577
ChainingRodShaped	6400	4.24913	0.5	39.9979	16.1085	0	-0.649029	-0.760764	0	None	None
ChainingRodShaped	6254	4.0246	0.5	-28.7455	6.08379	0	0.722288	0.691592	0	None	None
ChainingRodShaped	6202	3.53157	0.5	-8.12969	34.917	0	-0.786701	-0.617334	0	None	None
ChainingRodShaped	6790	4.38114	0.5	24.8532	3.50721	0	0.884554	-0.466437	0	None	None
ChainingRodShaped	7656	2.086	0.5	20.3261	51.1192	0	0.0313555	-0.999508	0	7657	5565
ChainingRodShaped	6088	3.82126	0.5	22.0381	56.0663	0	0.0625429	-0.998042	0	6089	5269
ChainingRodShaped	6286	4.40387	0.5	-32.8189	31.5796	0	0.941888	0.335926	0	None	None
ChainingRodShaped	6164	3.82825	0.5	59.2179	41.5526	0	-0.554541	0.832157	0	6165	7617
ChainingRodShaped	7180	2.78685	0.5	37.5227	20.6854	0	0.0352176	-0.99938	0	None	None
ChainingRodShaped	6858	3.20463	0.5	23.6249	37.3458	0	0.0368344	-0.999321	0	6859	6585
ChainingRodShaped	6180	4.02682	0.5	-31.916	57.7237	0	0.564677	-0.825312	0	None	None
ChainingRodShaped	7174	2.73008	0.5	-27.7555	13.8397	0	0.670356	0.74204	0	None	None
ChainingRodShaped	5810	4.79753	0.5	32.2033	62.9396	0	-0.901281	0.433235	0	None	None
ChainingRodShaped	7148	2.81369	0.5	-40.2461	21.3932	0	0.856949	-0.515401	0	None	None
ChainingRodShaped	5824	4.6016	0.5	-25.4745	15.5572	0	0.415933	0.909395	0	None	None
ChainingRodShaped	7026	3.20344	0.5	-31.1076	62.1458	0	0.976426	-0.215854	0	None	None
ChainingRodShaped	6086	4.52616	0.5	-81.3162	72.8048	0	0.658447	-0.752627	0	6087	6883
ChainingRodShaped	7506	2.40734	0.5	-36.7666	71.3124	0	-0.907993	0.418986	0	None	None
ChainingRodShaped	6388	4.37465	0.5	8.35899	3.26429	0	-0.682744	0.730658	0	None	None
ChainingRodShaped	6736	3.80213	0.5	-3.12334	8.2565	0	-0.676416	-0.73652	0	None	None
ChainingRodShaped	5762	3.24718	0.5	-58.6958	15.66	0	0.8508	0.52549	0	7668	6867
ChainingRodShaped	6826	2.71617	0.5	-12.711	4.92695	0	0.684493	0.729019	0	6827	6655
ChainingRodShaped	7338	2.78264	0.5	-6.62863	54.756	0	-0.943362	-0.331764	0	None	None
ChainingRodShaped	6454	2.82438	0.5	-33.5367	29.9582	0	0.887205	0.461375	0	6455	6125
ChainingRodShaped	6390	3.68636	0.5	-17.476	46.6076	0	0.931923	-0.362655	0	None	None
ChainingRodShaped	5970	4.42363	0.5	-13.9548	17.0028	0	0.415216	0.909723	0	None	None
ChainingRodShaped	5980	4.99441	0.5	47.0057	29.169	0	0.797469	0.60336	0	None	None
ChainingRodShaped	6746	3.42915	0.5	15.8056	81.6957	0	-0.0726815	0.997355	0	6747	6187
ChainingRodShaped	7402	2.49607	0.5	-9.53033	40.9887	0	-0.84835	-0.529436	0	None	None
ChainingRodShaped	5524	4.93368	0.5	25.6537	73.9612	0	-0.656671	0.754178	0	None	None
ChainingRodShaped	6214	3.38534	0.5	6.928	26.6369	0	0.680594	0.732661	0	6215	5457
ChainingRodShaped	7110	2.70262	0.5	35.364	26.1583	0	0.122632	-0.992452	0	None	None
ChainingRodShaped	6798	3.23515	0.5	31.9287	31.6447	0	0.103774	-0.994601	0	None	None
ChainingRodShaped	7238	2.80763	0.5	33.1819	46.6068	0	0.0297749	-0.999557	0	None	None
ChainingRodShaped	6070	4.58259	0.5	-1.00193	5.63974	0	-0.933526	-0.358509	0	None	None
ChainingRodShaped	6992	3.73506	0.5	-26.0363	18.9265	0	0.859348	0.511392	0	None	None
ChainingRodShaped	7602	2.07342	0.5	-11.0695	3.81094	0	-0.687378	-0.7263	0	7603	6879
ChainingRodShaped	6600	4.45939	0.5	30.3403	0.465032	0	0.316954	-0.948441	0	None	None
ChainingRodShaped	6952	2.92418	0.5	-0.591017	-2.98823	0	0.982541	0.186044	0	None	None
ChainingRodShaped	6970	3.07799	0.5	19.1162	17.2552	0	-0.58296	-0.812501	0	None	None
ChainingRodShaped	7094	2.80715	0.5	36.5004	60.9668	0	-0.919252	0.393669	0	None	None
ChainingRodShaped	6412	4.53162	0.5	30.8607	15.2062	0	0.00811819	-0.999967	0	None	None
ChainingRodShaped	6640	3.42988	0.5	-3.77745	28.2141	0	0.428504	0.90354	0	None	None
ChainingRodShaped	5372	4.8022	0.5	28.0487	32.8398	0	0.121193	-0.992629	0	None	None
ChainingRodShaped	6770	2.98366	0.5	38.1953	68.9669	0	0.618957	-0.785425	0	6771	5229
ChainingRodShaped	6448	4.09143	0.5	-14.6263	54.8182	0	-0.928409	-0.371561	0	None	None
ChainingRodShaped	7390	2.38121	0.5	-45.728	27.5686	0	0.84714	0.53137	0	7391	6021
ChainingRodShaped	7006	3.01792	0.5	17.2881	37.3129	0	0.980355	0.197242	0	None	None
ChainingRodShaped	6260	2.90513	0.5	-17.9107	80.4753	0	0.953858	-0.300257	0	6261	7489
ChainingRodShaped	6348	4.94944	0.5	-19.2223	32.5124	0	-0.311456	-0.950261	0	None	None
ChainingRodShaped	6618	4.52135	0.5	25.9874	57.5349	0	0.255513	-0.966806	0	None	None
ChainingRodShaped	6576	3.25708	0.5	-14.4122	26.0845	0	-0.53234	-0.846531	0	None	None
ChainingRodShaped	6560	3.37175	0.5	34.91	8.41506	0	-0.974686	-0.223578	0	None	None
ChainingRodShaped	7458	2.34661	0.5	-0.734793	56.3805	0	0.13403	-0.990977	0	None	None
ChainingRodShaped	5866	4.03163	0.5	-35.1562	32.8909	0	0.858237	0.513253	0	None	None
ChainingRodShaped	6264	3.67916	0.5	20.6455	13.2864	0	-0.355289	-0.934756	0	None	None
ChainingRodShaped	6890	2.76859	0.5	24.4809	29.1562	0	-0.0447813	-0.998997	0	None	None
ChainingRodShaped	6402	4.44666	0.5	23.0019	11.4862	0	-0.364611	-0.93116	0	None	None
ChainingRodShaped	6426	3.78661	0.5	-3.51202	19.0275	0	-0.494636	-0.8691	0	None	None
ChainingRodShaped	6818	3.17945	0.5	-14.105	66.2609	0	0.493141	-0.86995	0	None	None
ChainingRodShaped	7004	3.71663	0.5	-1.28325	62.4328	0	0.853837	-0.52054	0	None	None
ChainingRodShaped	6144	4.74657	0.5	-44.6688	63.1224	0	-0.798083	-0.602547	0	None	None
ChainingRodShaped	6046	4.39242	0.5	37.0241	55.5067	0	0.604138	-0.79688	0	None	None
ChainingRodShaped	7394	2.65153	0.5	4.12924	71.8906	0	-0.930268	0.366882	0	None	None
ChainingRodShaped	6312	4.80515	0.5	-20.0594	58.3748	0	0.852648	0.522486	0	None	None
ChainingRodShaped	6248	4.9669	0.5	2.50502	48.4147	0	-0.0634286	0.997986	0	None	None
ChainingRodShaped	7276	2.48454	0.5	11.1942	-2.13571	0	-0.990278	-0.139104	0	7277	6559
ChainingRodShaped	6518	3.46578	0.5	-15.0724	26.674	0	-0.523829	-0.851824	0	None	None
ChainingRodShaped	6444	3.65921	0.5	40.457	47.5776	0	0.585045	-0.811001	0	None	None
ChainingRodShaped	5962	4.40975	0.5	36.5772	12.0683	0	-0.648458	-0.761251	0	None	None
ChainingRodShaped	7300	2.30748	0.5	25.4358	52.0725	0	0.236261	-0.97169	0	7301	5779
ChainingRodShaped	7184	2.8295	0.5	8.90662	16.9804	0	-0.827855	-0.560942	0	None	None
ChainingRodShaped	6722	3.14398	0.5	14.8242	60.7791	0	0.252353	-0.967635	0	None	None
ChainingRodShaped	6712	4.5182	0.5	-24.7792	9.46464	0	0.825547	0.564333	0	None	None
ChainingRodShaped	6766	3.16723	0.5	-46.484	56.5583	0	-0.999985	-0.00551426	0	None	None
ChainingRodShaped	7624	2.1254	0.5	-4.85983	60.0027	0	0.900862	-0.434105	0	None	None
ChainingRodShaped	7172	3.05979	0.5	27.2284	6.0591	0	-0.347009	-0.937862	0	None	None
ChainingRodShaped	6506	3.60979	0.5	1.65411	48.0113	0	-0.053441	0.998571	0	None	None
ChainingRodShaped	6488	2.82661	0.5	17.3351	54.8278	0	-0.0404157	0.999183	0	6489	5707
ChainingRodShaped	6796	4.15254	0.5	2.25031	70.3209	0	-0.177419	0.984135	0	None	None
ChainingRodShaped	6850	4.08853	0.5	-19.0056	16.4096	0	0.668763	0.743476	0	None	None
ChainingRodShaped	5502	3.9314	0.5	19.1407	77.0203	0	0.0496762	-0.998765	0	7412	5341
ChainingRodShaped	6586	3.35891	0.5	-10.8573	50.213	0	-0.714661	0.699471	0	None	None
ChainingRodShaped	5718	4.26846	0.5	18.3627	53.061	0	0.0387121	-0.99925	0	5719	6959
ChainingRodShaped	5672	4.44155	0.5	48.5231	33.1783	0	0.547864	-0.836567	0	None	None
ChainingRodShaped	7228	2.61233	0.5	-13.4172	30.2699	0	-0.403392	-0.915027	0	None	None
ChainingRodShaped	6446	3.46607	0.5	-26.104	73.3979	0	-0.961718	-0.274042	0	None	None
ChainingRodShaped	6616	3.14997	0.5	44.1548	59.6953	0	-0.588476	0.808515	0	None	None
ChainingRodShaped	6638	4.28113	0.5	7.43345	32.6681	0	-0.628277	-0.77799	0	None	None
ChainingRodShaped	7480	2.26881	0.5	-31.8223	52.1743	0	0.994194	0.107606	0	7481	6621
ChainingRodShaped	6748	4.4286	0.5	-45.2318	46.8674	0	0.603	-0.797741	0	None	None
ChainingRodShaped	7622	2.23564	0.5	9.42281	40.1436	0	-0.269025	-0.963133	0	None	None
ChainingRodShaped	6420	3.93302	0.5	-4.23334	21.5206	0	-0.4837	-0.875234	0	6421	5847
ChainingRodShaped	6980	2.95955	0.5	-26.8502	28.0327	0	-0.39664	-0.917974	0	None	None
ChainingRodShaped	5770	4.39059	0.5	36.55	20.4484	0	0.0266777	-0.999644	0	None	None
ChainingRodShaped	6168	4.93947	0.5	-37.0023	18.28	0	0.826389	-0.5631	0	None	None
ChainingRodShaped	6954	2.69405	0.5	-52.54	55.0712	0	-0.0648997	-0.997892	0	None	None
ChainingRodShaped	6612	4.8732	0.5	-24.0965	50.0399	0	-0.946811	0.321789	0	None	None
ChainingRodShaped	6566	4.88114	0.5	-6.15419	34.9092	0	-0.873425	-0.486958	0	None	None
ChainingRodShaped	6458	4.36678	0.5	-26.5396	41.9096	0	0.881167	0.472806	0	None	None
ChainingRodShaped	7570	2.27939	0.5	23.454	-1.51453	0	0.992606	0.121377	0	None	None
ChainingRodShaped	7092	2.65334	0.5	-38.4616	66.0517	0	0.481807	-0.876277	0	None	None
ChainingRodShaped	6050	4.32492	0.5	-10.3192	20.4755	0	-0.413948	-0.910301	0	6051	5693
ChainingRodShaped	6984	3.08336	0.5	-28.2173	66.2977	0	0.910889	-0.412651	0	6985	5897
ChainingRodShaped	7674	2.05612	0.5	29.2784	30.2127	0	0.0963346	-0.995349	0	7675	7129
ChainingRodShaped	6534	3.41233	0.5	35.5249	12.2788	0	0.639142	0.769089	0	6535	7565
ChainingRodShaped	6914	4.07372	0.5	-28.8613	56.3104	0	-0.180287	-0.983614	0	None	None
ChainingRodShaped	6098	4.97274	0.5	12.187	1.4033	0	-0.176877	0.984233	0	None	None
ChainingRodShaped	7362	2.54301	0.5	39.3964	23.0544	0	0.0283005	-0.999599	0	None	None
ChainingRodShaped	7484	2.43351	0.5	-9.35549	35.0489	0	-0.780475	-0.625187	0	None	None
ChainingRodShaped	7266	2.51516	0.5	-51.4897	18.0513	0	0.989323	-0.145737	0	None	None
ChainingRodShaped	6330	4.44684	0.5	24.9199	13.3717	0	-0.429219	-0.9032	0	None	None
ChainingRodShaped	7702	2.03381	0.5	-16.5311	65.1786	0	0.906459	-0.422294	0	None	None
ChainingRodShaped	6546	4.83277	0.5	-26.7142	19.5931	0	0.860763	0.509005	0	None	None
ChainingRodShaped	7248	2.88966	0.5	11.294	54.3939	0	0.221747	0.975104	0	None	None
ChainingRodShaped	7416	2.38833	0.5	-46.2241	44.7129	0	-0.961795	0.27377	0	7417	5721
ChainingRodShaped	7214	2.68525	0.5	-40.1791	42.7344	0	0.999157	-0.0410453	0	None	None
ChainingRodShaped	7132	2.28593	0.5	11.0898	28.3469	0	-0.687879	-0.725825	0	7133	5703
ChainingRodShaped	6318	3.64623	0.5	2.41067	56.3008	0	-0.781327	-0.624122	0	None	None
ChainingRodShaped	6052	3.10848	0.5	-5.35193	-4.87587	0	-0.981024	-0.193884	0	6053	6557
ChainingRodShaped	6644	3.06492	0.5	16.4012	7.60859	0	0.659649	0.751574	0	None	None
ChainingRodShaped	6106	4.33407	0.5	43.005	48.9747	0	-0.590615	0.806953	0	None	None
ChainingRodShaped	7398	2.54218	0.5	24.5282	10.5702	0	-0.891002	-0.453999	0	None	None
ChainingRodShaped	7426	2.19904	0.5	-25.4005	44.0327	0	-0.999934	-0.0115258	0	7427	6673
ChainingRodShaped	7270	2.79256	0.5	28.035	57.1088	0	0.25429	-0.967128	0	None	None
ChainingRodShaped	6854	4.10771	0.5	31.0583	67.5843	0	0.447551	-0.894259	0	None	None
ChainingRodShaped	6154	3.70061	0.5	-15.932	14.9139	0	0.423606	0.905847	0	None	None
ChainingRodShaped	7396	2.25934	0.5	-0.53251	26.295	0	-0.487097	-0.873348	0	7397	7255
ChainingRodShaped	6962	2.57886	0.5	-18.8431	2.73737	0	-0.469438	-0.882966	0	6963	6109
ChainingRodShaped	4861	4.99371	0.5	29.9422	13.3714	0	0.0105441	-0.999944	0	5396	7727
ChainingRodShaped	6150	4.32559	0.5	-15.8367	17.1894	0	-0.658729	-0.75238	0	6151	6337
ChainingRodShaped	7036	3.06379	0.5	16.8182	45.3941	0	0.0492903	-0.998784	0	None	None
ChainingRodShaped	7298	2.37618	0.5	-26.4166	66.5462	0	0.913243	-0.407415	0	None	None
ChainingRodShaped	7250	2.38694	0.5	8.86862	53.0601	0	-0.283909	-0.958851	0	7251	7723
ChainingRodShaped	7546	2.34248	0.5	30.7111	41.7697	0	0.381067	-0.924548	0	None	None
ChainingRodShaped	6224	4.12626	0.5	-48.8386	46.6921	0	0.926688	-0.375831	0	None	None
ChainingRodShaped	6362	3.2137	0.5	-41.4046	52.467	0	0.180397	0.983594	0	None	None
ChainingRodShaped	6368	3.85206	0.5	29.0876	48.8167	0	0.235898	-0.971778	0	None	None
ChainingRodShaped	6054	4.49726	0.5	13.9635	23.8737	0	-0.996956	-0.0779647	0	None	None
ChainingRodShaped	6132	4.22836	0.5	-46.5026	55.591	0	-0.999967	-0.00814277	0	None	None
ChainingRodShaped	6832	4.13319	0.5	5.05001	56.197	0	-0.414432	-0.91008	0	None	None
ChainingRodShaped	5814	4.41539	0.5	-40.3922	13.9167	0	0.23308	-0.972458	0	None	None
ChainingRodShaped	7422	2.26545	0.5	22.2979	28.3822	0	-0.310365	-0.950617	0	None	None
ChainingRodShaped	5776	4.84617	0.5	-15.9723	-2.54034	0	-0.718791	-0.695226	0	None	None
ChainingRodShaped	7302	2.68557	0.5	3.99821	30.7775	0	0.478263	0.878217	0	None	None
ChainingRodShaped	6496	2.75252	0.5	19.2494	54.5807	0	0.0400651	-0.999197	0	6497	5743
ChainingRodShaped	7578	2.21762	0.5	-9.66513	13.8046	0	0.502853	0.864372	0	7579	5913
ChainingRodShaped	7490	2.32578	0.5	-2.30362	12.0378	0	-0.662945	-0.748668	0	None	None
ChainingRodShaped	7080	2.41049	0.5	62.4369	34.7981	0	0.532012	-0.846737	0	7081	5859
ChainingRodShaped	6636	4.11614	0.5	49.5731	38.5469	0	-0.733886	0.679272	0	None	None
ChainingRodShaped	7558	2.21127	0.5	-26.809	16.1062	0	0.780018	0.625756	0	None	None
ChainingRodShaped	7382	2.72199	0.5	30.5635	26.1886	0	0.0797517	-0.996815	0	None	None
ChainingRodShaped	6334	4.25611	0.5	4.12443	29.0808	0	0.484456	0.874815	0	None	None
ChainingRodShaped	7312	2.81348	0.5	-38.9895	46.2731	0	0.863126	-0.504989	0	None	None
ChainingRodShaped	6862	2.83527	0.5	-10.878	45.5157	0	0.860644	0.509207	0	None	None
ChainingRodShaped	5650	4.71431	0.5	-65.4213	56.8215	0	-0.721104	0.692827	0	5651	6657
ChainingRodShaped	6694	3.25509	0.5	19.7133	16.2611	0	-0.510371	-0.859954	0	None	None
ChainingRodShaped	7596	2.15316	0.5	-31.6086	27.5976	0	0.753455	0.657499	0	None	None
ChainingRodShaped	6462	4.25299	0.5	-17.9658	12.7099	0	0.437193	0.899368	0	None	None
ChainingRodShaped	7204	2.47809	0.5	38.0372	70.7716	0	-0.621186	0.783663	0	7205	5661
ChainingRodShaped	6988	2.92716	0.5	-35.2784	8.24003	0	0.683577	-0.729878	0	None	None
ChainingRodShaped	7492	2.49932	0.5	-10.8303	17.0581	0	-0.416445	-0.909161	0	None	None
ChainingRodShaped	7386	2.64435	0.5	-27.3577	49.2047	0	-0.953054	0.302801	0	None	None
ChainingRodShaped	6772	4.20152	0.5	4.91532	4.48405	0	0.00926977	0.999957	0	None	None
ChainingRodShaped	6100	4.92853	0.5	41.9554	37.6232	0	0.527003	-0.849864	0	None	None
ChainingRodShaped	4933	4.54871	0.5	4.76816	44.0091	0	0.351687	0.936118	0	5740	5879
ChainingRodShaped	6906	3.27873	0.5	-2.16409	7.94422	0	-0.683737	-0.729728	0	None	None
ChainingRodShaped	6014	3.98425	0.5	-21.7994	41.4468	0	0.873972	0.485976	0	6015	5603
ChainingRodShaped	7686	2.07183	0.5	-27.9677	12.1848	0	0.706228	0.707985	0	None	None
ChainingRodShaped	4941	4.90383	0.5	-38.2157	33.353	0	0.868452	0.495774	0	None	7097
ChainingRodShaped	7086	2.55254	0.5	42.5928	38.3949	0	0.532454	-0.846459	0	None	None
ChainingRodShaped	7718	2.03106	0.5	3.62514	24.3779	0	0.678693	0.734422	0	None	None
ChainingRodShaped	6632	4.25007	0.5	-26.6916	57.6171	0	0.0698961	-0.997554	0	None	None
ChainingRodShaped	4949	4.83449	0.5	53.0122	32.0904	0	0.666454	0.745546	0	7046	7401
ChainingRodShaped	6932	3.96011	0.5	-20.4402	31.6109	0	-0.301917	-0.953334	0	None	None
ChainingRodShaped	5690	4.76686	0.5	-1.19191	31.6246	0	0.405551	0.914073	0	None	None
ChainingRodShaped	7388	2.56756	0.5	11.3741	66.318	0	-0.115496	0.993308	0	None	None
ChainingRodShaped	6356	4.93441	0.5	34.5469	2.04879	0	0.51654	-0.856263	0	None	None
ChainingRodShaped	6344	4.01974	0.5	34.8386	30.7658	0	0.0720974	-0.997398	0	None	None
ChainingRodShaped	7608	2.2198	0.5	2.08474	5.67236	0	0.0287388	0.999587	0	None	None
ChainingRodShaped	6484	2.91357	0.5	-0.874506	30.1535	0	0.414693	0.909961	0	6485	5741
ChainingRodShaped	4965	4.62093	0.5	29.4382	79.9519	0	0.532953	-0.846145	0	None	6761
ChainingRodShaped	5584	4.96206	0.5	31.8445	12.6263	0	0.0126732	-0.99992	0	None	None
ChainingRodShaped	6812	2.86942	0.5	41.428	34.5103	0	0.406866	-0.913488	0	None	None
ChainingRodShaped	6856	2.92087	0.5	44.5175	38.9871	0	0.523437	-0.852065	0	None	None
ChainingRodShaped	6284	3.44913	0.5	11.6265	40.9973	0	-0.776218	-0.630465	0	None	None
ChainingRodShaped	6788	3.63686	0.5	17.0896	22.5637	0	-0.00797886	0.999968	0	None	None
ChainingRodShaped	6996	3.16175	0.5	-30.1738	46.6456	0	0.995206	0.0978046	0	None	None
ChainingRodShaped	6666	4.43008	0.5	-15.8323	56.2274	0	-0.928064	-0.372421	0	None	None
ChainingRodShaped	7268	2.93182	0.5	33.9915	56.8903	0	0.906751	-0.421667	0	None	None
ChainingRodShaped	6486	3.88223	0.5	5.9774	3.83937	0	-0.0637129	0.997968	0	None	None
ChainingRodShaped	6924	3.7063	0.5	-31.7665	24.984	0	0.747589	0.664162	0	None	None
ChainingRodShaped	5990	3.9219	0.5	52.0743	50.2045	0	0.574755	-0.818326	0	5991	7659
ChainingRodShaped	7620	2.18713	0.5	-2.5826	35.1096	0	-0.39377	-0.919209	0	None	None
ChainingRodShaped	5694	4.58572	0.5	40.8411	55.2634	0	-0.62236	0.782731	0	None	None
ChainingRodShaped	6320	3.95769	0.5	9.98279	53.5409	0	-0.287054	-0.957914	0	None	None
ChainingRodShaped	6642	3.29117	0.5	-23.2466	31.8368	0	-0.337307	-0.941395	0	None	None
ChainingRodShaped	4997	4.3957	0.5	-27.3492	39.4308	0	0.878875	0.477052	0	7096	5781
ChainingRodShaped	6720	3.3641	0.5	42.576	11.8467	0	-0.171969	-0.985102	0	None	None
ChainingRodShaped	7226	2.68146	0.5	-11.007	64.653	0	0.502638	-0.864497	0	None	None
ChainingRodShaped	6464	3.8968	0.5	-0.416459	38.0609	0	0.385665	0.922639	0	None	None
ChainingRodShaped	6580	3.55276	0.5	32.7604	39.11	0	0.332255	-0.94319	0	None	None
ChainingRodShaped	6846	4.04439	0.5	-7.73806	64.6997	0	0.515517	-0.856879	0	None	None
ChainingRodShaped	6902	3.53142	0.5	-15.6025	66.9355	0	0.497102	-0.867692	0	None	None
ChainingRodShaped	6028	4.84035	0.5	-38.7923	21.6329	0	0.862059	-0.506808	0	None	None
ChainingRodShaped	7672	2.07401	0.5	-8.71596	70.3933	0	-0.542356	-0.840149	0	None	None
ChainingRodShaped	6366	4.98162	0.5	25.2644	40.9522	0	0.0515616	-0.99867	0	None	None
ChainingRodShaped	6904	3.27767	0.5	33.8413	52.6683	0	-0.255544	0.966798	0	None	None
ChainingRodShaped	6096	4.70548	0.5	21.7309	13.4192	0	-0.364621	-0.931156	0	None	None
ChainingRodShaped	6670	2.98558	0.5	-41.8208	72.5856	0	0.906279	-0.42268	0	6671	6945
ChainingRodShaped	7344	2.66268	0.5	37.6457	11.8368	0	-0.648854	-0.760913	0	None	None
ChainingRodShaped	6986	3.64038	0.5	-19.7668	71.4958	0	-0.759701	-0.650272	0	None	None
ChainingRodShaped	5027	4.86307	0.5	21.5615	66.0424	0	0.0384936	-0.999259	0	None	6089
ChainingRodShaped	7052	2.8845	0.5	21.2533	52.5287	0	-0.0295768	0.999563	0	None	None
ChainingRodShaped	6794	3.79909	0.5	-48.6991	59.5866	0	-0.822858	0.568248	0	None	None
ChainingRodShaped	5888	3.12482	0.5	-64.5554	52.6283	0	0.579264	-0.81514	0	5889	5985
ChainingRodShaped	6374	4.91677	0.5	-28.7903	65.5116	0	0.913225	-0.407457	0	None	None
ChainingRodShaped	6604	2.99638	0.5	34.9536	62.6952	0	-0.911709	0.410836	0	None	None
ChainingRodShaped	6378	4.21889	0.5	32.6711	68.3187	0	0.141806	-0.989895	0	None	None
ChainingRodShaped	5666	4.50049	0.5	2.49688	61.6341	0	-0.405269	-0.914197	0	None	None
ChainingRodShaped	6882	3.18043	0.5	-75.4111	66.0507	0	0.657316	-0.753616	0	6883	6777
ChainingRodShaped	7138	2.58101	0.5	-47.2101	65.0259	0	-0.837403	-0.546586	0	None	None
ChainingRodShaped	6346	4.32481	0.5	-12.7461	38.2529	0	0.596833	0.802365	0	None	None
ChainingRodShaped	6234	3.74974	0.5	-33.6794	9.40705	0	0.683986	-0.729495	0	None	None
ChainingRodShaped	6928	2.89008	0.5	-10.9494	58.6052	0	0.916944	-0.399017	0	6929	6755
ChainingRodShaped	7442	2.61533	0.5	17.8222	26.4391	0	0.32475	0.9458	0	None	None
ChainingRodShaped	5732	4.81354	0.5	14.7853	37.6959	0	-0.978334	-0.207033	0	None	None
ChainingRodShaped	6542	4.14081	0.5	-17.834	50.6844	0	-0.931196	0.36452	0	None	None
ChainingRodShaped	7384	2.39828	0.5	-43.4812	32.2034	0	0.735525	0.677498	0	None	None
ChainingRodShaped	6650	3.10848	0.5	47.0828	46.8207	0	-0.591617	0.806219	0	None	None
ChainingRodShaped	5982	3.70406	0.5	-14.052	14.5676	0	0.420791	0.907158	0	5983	5829
ChainingRodShaped	5976	3.88214	0.5	-2.0703	15.1591	0	0.659012	0.752132	0	5977	7153
ChainingRodShaped	6804	3.27069	0.5	5.6871	37.7698	0	-0.465748	-0.884917	0	6805	5066
ChainingRodShaped	7472	2.41688	0.5	28.9656	61.0495	0	0.268374	-0.963315	0	None	None
ChainingRodShaped	6732	3.13023	0.5	44.3315	37.4217	0	0.522636	-0.852556	0	None	None
ChainingRodShaped	5942	4.01556	0.5	-15.7115	20.1819	0	0.64584	0.763472	0	None	None
ChainingRodShaped	6690	2.98889	0.5	-43.4527	27.4171	0	0.684014	0.729469	0	None	None
ChainingRodShaped	6146	3.82744	0.5	-16.5928	22.1004	0	0.632998	0.774154	0	None	None
ChainingRodShaped	7210	2.41515	0.5	14.0262	1.95886	0	0.181343	-0.98342	0	None	None
ChainingRodShaped	6552	4.50248	0.5	-17.1697	43.0329	0	-0.867467	-0.497496	0	None	None
ChainingRodShaped	5904	4.54436	0.5	-8.41505	72.4331	0	-0.652657	-0.757654	0	None	None
ChainingRodShaped	6360	4.05047	0.5	-13.3701	38.836	0	-0.588785	-0.808289	0	None	None
ChainingRodShaped	6894	2.89536	0.5	16.4185	73.0698	0	-0.068459	0.997654	0	6895	6747
ChainingRodShaped	5089	4.65793	0.5	17.5165	70.9986	0	0.0568284	-0.998384	0	None	6451
ChainingRodShaped	6548	4.61163	0.5	38.2782	63.8811	0	0.525422	-0.850842	0	None	None
ChainingRodShaped	6274	3.71159	0.5	42.4911	56.2949	0	-0.618029	0.786155	0	None	None
ChainingRodShaped	6406	4.82331	0.5	1.28252	63.3121	0	-0.041584	-0.999135	0	None	None
ChainingRodShaped	6584	3.42418	0.5	23.5935	29.3652	0	-0.0421769	-0.99911	0	6585	5096
ChainingRodShaped	5099	4.37614	0.5	-13.6411	2.51714	0	0.687007	0.726651	0	None	7471
ChainingRodShaped	6282	3.45885	0.5	-2.29859	13.4831	0	-0.659497	-0.751708	0	6283	7591
ChainingRodShaped	6966	3.60911	0.5	27.1875	28.6135	0	-0.104708	-0.994503	0	None	None
ChainingRodShaped	6056	3.96614	0.5	64.5626	33.3751	0	-0.542	0.840379	0	6057	6165
ChainingRodShaped	5736	4.52393	0.5	49.2455	49.1436	0	-0.503515	0.863986	0	None	None
ChainingRodShaped	6520	3.85791	0.5	-14.9866	39.7898	0	-0.583712	-0.811961	0	None	None
ChainingRodShaped	6680	3.53072	0.5	-35.3294	66.0519	0	0.841411	-0.540396	0	None	None
ChainingRodShaped	6422	3.57271	0.5	-39.4243	65.8321	0	0.484909	-0.874565	0	None	None
ChainingRodShaped	6912	3.77858	0.5	23.5547	49.5169	0	0.108671	-0.994078	0	None	None
ChainingRodShaped	5712	4.79663	0.5	-43.6693	62.6641	0	-0.799846	-0.600205	0	None	None
ChainingRodShaped	6244	3.85907	0.5	-12.4658	34.0854	0	-0.521541	-0.853226	0	None	None
ChainingRodShaped	7646	2.08967	0.5	1.44087	20.5831	0	0.659723	0.751509	0	7647	6215
ChainingRodShaped	5936	3.52694	0.5	8.59719	27.0615	0	0.682357	0.731019	0	5937	6063
ChainingRodShaped	6020	4.90543	0.5	-38.3536	32.0964	0	0.85643	0.516263	0	6021	6035
ChainingRodShaped	6200	4.94573	0.5	31.1486	48.2318	0	0.255266	-0.966871	0	None	None
ChainingRodShaped	6460	3.8032	0.5	44.0982	19.3474	0	-0.668135	-0.74404	0	None	None
ChainingRodShaped	7042	3.32831	0.5	-26.6474	54.5444	0	-0.995188	-0.0979799	0	None	None
ChainingRodShaped	7170	2.60443	0.5	24.7786	2.46501	0	0.885468	-0.4647	0	None	None
ChainingRodShaped	6272	3.64592	0.5	41.589	22.5753	0	-0.709308	-0.704899	0	None	None
ChainingRodShaped	6800	2.85745	0.5	-19.5626	48.4129	0	-0.935501	0.353325	0	None	None
ChainingRodShaped	6494	3.50796	0.5	4.18843	37.3995	0	0.363098	0.931751	0	None	None
ChainingRodShaped	6938	3.68354	0.5	14.8808	48.2458	0	0.0698187	-0.99756	0	None	None
ChainingRodShaped	6364	4.57975	0.5	-34.4906	32.1885	0	0.855434	0.517912	0	None	None
ChainingRodShaped	7562	2.19773	0.5	5.5913	11.1101	0	-0.85396	0.520339	0	None	None
ChainingRodShaped	6916	2.7898	0.5	-37.9194	-5.30926	0	-0.73589	-0.677101	0	6917	5146
ChainingRodShaped	7474	2.13241	0.5	0.793848	74.2421	0	0.936156	-0.351585	0	7475	6091
ChainingRodShaped	7264	2.29266	0.5	-2.70902	53.3327	0	0.999993	0.00371509	0	7265	6873
ChainingRodShaped	6820	3.07768	0.5	-5.71347	51.5291	0	-0.999861	0.0166637	0	None	None
ChainingRodShaped	7014	3.54921	0.5	-24.9994	23.3439	0	-0.99777	0.0667473	0	None	None
ChainingRodShaped	7326	2.6839	0.5	-47.239	62.4077	0	-0.794738	-0.606953	0	None	None
ChainingRodShaped	5640	4.64206	0.5	-19.17	64.2938	0	0.908924	-0.416961	0	None	None
ChainingRodShaped	5988	4.19692	0.5	14.0915	18.5255	0	0.599293	0.80053	0	None	None
ChainingRodShaped	7230	2.60058	0.5	48.96	51.6011	0	-0.505051	0.863089	0	None	None
ChainingRodShaped	6024	4.57715	0.5	17.2172	2.31188	0	-0.915706	-0.401848	0	None	None
ChainingRodShaped	6752	3.3848	0.5	48.7122	48.1102	0	0.505478	-0.86284	0	6753	6213
ChainingRodShaped	7406	2.27164	0.5	8.95454	22.0582	0	-0.685001	-0.728542	0	None	None
ChainingRodShaped	6700	3.72452	0.5	26.5163	6.89067	0	-0.344152	-0.938914	0	None	None
ChainingRodShaped	7002	2.99789	0.5	11.7038	-3.04753	0	0.989812	0.142381	0	None	None
ChainingRodShaped	5175	4.8678	0.5	-19.4981	53.1423	0	0.999026	0.0441273	0	6620	6095
ChainingRodShaped	6532	3.92722	0.5	15.2754	63.9128	0	0.0728715	-0.997341	0	None	None
ChainingRodShaped	6570	4.82434	0.5	3.41894	48.2011	0	-0.0619471	0.998079	0	None	None
ChainingRodShaped	6918	3.48228	0.5	-4.99616	34.5828	0	-0.878269	-0.478167	0	None	None
ChainingRodShaped	7376	2.31859	0.5	-14.9778	5.95331	0	0.441833	0.897098	0	7377	6887
ChainingRodShaped	7594	2.33569	0.5	31.084	52.2712	0	0.218108	-0.975925	0	None	None
ChainingRodShaped	5676	4.57935	0.5	12.7075	18.2286	0	0.59126	0.806481	0	None	None
ChainingRodShaped	6624	4.16736	0.5	23.9401	5.06517	0	0.888626	-0.458632	0	None	None
ChainingRodShaped	6880	3.76716	0.5	-24.8152	30.4911	0	-0.387049	-0.922059	0	None	None
ChainingRodShaped	6884	3.7869	0.5	-23.5908	61.6544	0	-0.318566	0.947901	0	None	None
ChainingRodShaped	6592	4.31999	0.5	38.5083	21.1518	0	0.0678403	-0.997696	0	None	None
ChainingRodShaped	6228	3.97558	0.5	53.64	31.312	0	-0.666479	-0.745523	0	None	None
ChainingRodShaped	6186	4.24824	0.5	15.1348	90.7876	0	-0.0741722	0.997245	0	6187	5198
ChainingRodShaped	6550	2.7604	0.5	45.0627	23.3248	0	0.672405	0.740184	0	6551	7047
ChainingRodShaped	7272	2.37114	0.5	-21.0685	0.693464	0	0.477649	0.878551	0	7273	7195
ChainingRodShaped	6530	3.51969	0.5	-51.5917	54.6671	0	-0.0638884	-0.997957	0	None	None
ChainingRodShaped	7530	2.22939	0.5	36.7042	34.7308	0	-0.0554071	-0.998464	0	None	None
ChainingRodShaped	6930	3.1111	0.5	26.7504	13.717	0	-0.723416	-0.690413	0	None	None
ChainingRodShaped	6492	4.4734	0.5	26.6493	58.6602	0	0.253383	-0.967366	0	None	None
ChainingRodShaped	6142	4.08974	0.5	-54.9158	36.1528	0	0.434063	-0.900883	0	6143	6803
ChainingRodShaped	5215	4.2883	0.5	13.7194	52.5568	0	-0.0854868	0.996339	0	None	5214
ChainingRodShaped	6430	3.67916	0.5	-18.1576	-1.03819	0	0.66391	0.747813	0	6431	6827
ChainingRodShaped	7314	2.82229	0.5	22.1183	75.401	0	-0.446151	0.894958	0	None	None
ChainingRodShaped	7206	2.96524	0.5	7.95599	15.2275	0	0.804483	0.593976	0	None	None
ChainingRodShaped	7084	3.10344	0.5	14.4785	39.6027	0	0.928969	0.370158	0	None	None
ChainingRodShaped	6878	2.70605	0.5	-16.0163	-1.20368	0	-0.717385	-0.696677	0	6879	6271
ChainingRodShaped	6304	3.57082	0.5	-57.406	20.1755	0	0.727103	0.686529	0	6305	7107
ChainingRodShaped	5229	4.93637	0.5	41.2412	65.057	0	0.611451	-0.791282	0	6770	6205
ChainingRodShaped	6786	3.27597	0.5	-37.0447	35.6636	0	0.703044	0.711146	0	None	None
ChainingRodShaped	5738	4.14465	0.5	33.2515	51.3052	0	-0.245868	0.969303	0	None	None
ChainingRodShaped	6764	3.33456	0.5	-55.5956	58.304	0	0.334833	0.942277	0	None	None
ChainingRodShaped	5237	4.06307	0.5	-37.5319	37.95	0	0.837895	0.545832	0	6354	6471
ChainingRodShaped	7068	3.09126	0.5	22.9718	-2.56846	0	0.992543	0.121897	0	None	None
ChainingRodShaped	7016	3.40638	0.5	43.1463	44.0289	0	-0.61322	0.789912	0	None	None
ChainingRodShaped	6868	3.52169	0.5	26.7721	50.5001	0	0.226521	-0.974006	0	None	None
ChainingRodShaped	7318	2.48267	0.5	-13.6855	35.5038	0	-0.590646	-0.806931	0	None	None
ChainingRodShaped	5247	4.63615	0.5	-48.4007	28.8417	0	0.710202	0.703998	0	7106	6355
ChainingRodShaped	7496	2.23416	0.5	3.39715	55.9202	0	-0.775237	-0.63167	0	None	None
ChainingRodShaped	6338	3.78599	0.5	-37.3524	56.4325	0	0.961208	-0.275825	0	None	None
ChainingRodShaped	7532	2.38058	0.5	31.1809	69.4716	0	0.443151	-0.896447	0	None	None
ChainingRodShaped	7218	3.00067	0.5	54.4247	36.1442	0	0.925091	0.379745	0	None	None
ChainingRodShaped	6508	4.20729	0.5	-22.809	38.7527	0	0.879495	0.475909	0	None	None
ChainingRodShaped	7018	3.16786	0.5	-12.1405	0.596742	0	-0.882231	-0.470816	0	None	None
ChainingRodShaped	5788	4.40018	0.5	-5.13424	7.43918	0	-0.669289	-0.743002	0	None	None
ChainingRodShaped	7592	2.3346	0.5	7.43051	31.1218	0	0.68455	0.728966	0	None	None
ChainingRodShaped	7284	2.36139	0.5	-40.7022	26.204	0	0.880319	0.474382	0	7285	6455
ChainingRodShaped	7308	2.49784	0.5	-10.9757	24.2	0	0.653491	0.756934	0	None	None
ChainingRodShaped	5269	4.28556	0.5	22.466	51.0359	0	0.104655	-0.994509	0	6088	5268
ChainingRodShaped	6830	3.36972	0.5	-36.6288	49.9584	0	-0.979103	0.203367	0	None	None
ChainingRodShaped	7246	2.60999	0.5	23.729	58.7714	0	0.253126	-0.967433	0	7247	7301
ChainingRodShaped	5992	4.81039	0.5	-25.1492	71.6457	0	-0.96344	-0.267925	0	None	None
ChainingRodShaped	6236	3.56372	0.5	-8.28471	20.4919	0	0.408689	0.912674	0	6237	5276
ChainingRodShaped	7288	2.35634	0.5	-12.2447	60.2117	0	0.913458	-0.406932	0	None	None
ChainingRodShaped	6190	4.54278	0.5	-35.64	61.292	0	0.776855	-0.62968	0	None	None
ChainingRodShaped	6864	3.01088	0.5	7.94693	22.3166	0	-0.681193	-0.732104	0	None	None
ChainingRodShaped	7434	2.45867	0.5	-27.2257	45.8617	0	0.999998	-0.00184692	0	None	None
ChainingRodShaped	6316	3.16212	0.5	11.1282	76.7769	0	-0.116115	0.993236	0	6317	6419
ChainingRodShaped	7160	3.13976	0.5	12.0017	61.8257	0	-0.1008	0.994907	0	None	None
ChainingRodShaped	7234	2.38276	0.5	-30.2921	57.2074	0	0.40469	-0.914454	0	None	None
ChainingRodShaped	6156	3.97167	0.5	31.1899	5.17344	0	0.124118	-0.992267	0	None	None
ChainingRodShaped	5295	4.31394	0.5	41.5544	60.2261	0	0.510428	-0.859921	0	5576	5294
ChainingRodShaped	5932	4.10749	0.5	-13.4016	34.2001	0	-0.522807	-0.852451	0	None	None
ChainingRodShaped	7104	2.78758	0.5	-9.43607	63.876	0	0.511257	-0.859428	0	None	None
ChainingRodShaped	7022	3.56158	0.5	-3.89836	44.2717	0	-0.0275401	-0.999621	0	None	None
ChainingRodShaped	6242	4.7436	0.5	8.45336	40.0175	0	0.274562	0.961569	0	None	None
ChainingRodShaped	6382	4.10551	0.5	-70.3448	8.01063	0	0.727962	0.685617	0	6383	6381
ChainingRodShaped	6710	3.34244	0.5	13.4656	64.5125	0	0.103392	-0.994641	0	None	None
ChainingRodShaped	5309	4.95587	0.5	17.709	45.9743	0	-0.0430468	0.999073	0	None	6489
ChainingRodShaped	6866	3.16853	0.5	-51.522	20.0118	0	0.859907	0.51045	0	6867	5310
ChainingRodShaped	7628	2.13615	0.5	44.0171	31.4967	0	0.00817607	-0.999967	0	None	None
ChainingRodShaped	5874	4.58453	0.5	-29.5941	25.2563	0	-0.19174	-0.981446	0	None	None
ChainingRodShaped	5926	4.88232	0.5	-26.1479	74.4105	0	-0.960762	-0.277373	0	None	None
ChainingRodShaped	7430	2.41163	0.5	-39.2842	74.5361	0	-0.981336	-0.192299	0	None	None
ChainingRodShaped	6844	3.72425	0.5	16.3974	54.2718	0	0.0455025	-0.998964	0	None	None
ChainingRodShaped	7030	3.70766	0.5	-21.5602	58.5621	0	0.849405	0.527741	0	None	None
ChainingRodShaped	7334	2.27968	0.5	1.83103	38.7679	0	0.37433	0.927295	0	None	None
ChainingRodShaped	6278	4.9288	0.5	25.7717	19.0297	0	-0.764851	-0.644207	0	None	None
ChainingRodShaped	7208	2.90551	0.5	24.522	68.2964	0	0.806567	-0.591142	0	None	None
ChainingRodShaped	6140	4.17611	0.5	32.245	37.8713	0	0.34167	-0.93982	0	None	None
ChainingRodShaped	6482	3.2811	0.5	-21.9087	29.9148	0	-0.244876	-0.969554	0	None	None
ChainingRodShaped	6654	3.24566	0.5	-6.86946	11.1445	0	0.675893	0.736999	0	6655	5334
ChainingRodShaped	6602	3.25809	0.5	22.5563	40.43	0	0.0588412	-0.998267	0	None	None
ChainingRodShaped	7574	2.32141	0.5	15.4325	0.326479	0	-0.864884	-0.501971	0	None	None
ChainingRodShaped	5341	4.69332	0.5	19.4034	71.7229	0	0.0494013	-0.998779	0	5502	6565
ChainingRodShaped	7120	2.84683	0.5	-41.2694	24.8102	0	0.873574	0.486691	0	None	None
ChainingRodShaped	7064	2.82899	0.5	8.33205	67.7027	0	0.250638	0.968081	0	None	None
ChainingRodShaped	6036	4.73485	0.5	8.91882	66.2005	0	0.251483	0.967862	0	None	None
ChainingRodShaped	6408	4.459	0.5	28.561	58.8248	0	0.252596	-0.967572	0	None	None
ChainingRodShaped	7280	2.77495	0.5	-4.1594	-0.235293	0	0.51072	-0.859747	0	None	None
ChainingRodShaped	6634	3.33082	0.5	-4.90598	45.9291	0	0.0550072	-0.998486	0	None	None
ChainingRodShaped	6226	4.61224	0.5	0.338647	37.5467	0	0.389353	0.921089	0	None	None
ChainingRodShaped	6288	4.88599	0.5	-18.8646	6.87596	0	0.472722	0.881212	0	None	None
ChainingRodShaped	6822	2.82075	0.5	-42.0848	47.745	0	0.681528	-0.731792	0	None	None
ChainingRodShaped	6578	3.06585	0.5	-37.7919	17.6585	0	0.821126	-0.570747	0	None	None
ChainingRodShaped	7634	2.2075	0.5	-30.4024	18.3206	0	0.814935	-0.579553	0	None	None
ChainingRodShaped	7452	2.32759	0.5	17.376	90.9164	0	0.055416	-0.998463	0	7453	6719
ChainingRodShaped	7332	2.82072	0.5	-32.6336	9.71245	0	0.68706	-0.726601	0	None	None
ChainingRodShaped	6302	3.71725	0.5	-27.5482	9.92013	0	0.717747	0.696304	0	None	None
ChainingRodShaped	6104	3.95072	0.5	29.0196	9.93174	0	-0.0176478	0.999844	0	None	None
ChainingRodShaped	7688	2.05007	0.5	27.4758	37.1767	0	0.136773	-0.990602	0	None	None
ChainingRodShaped	5375	4.50446	0.5	-38.6056	43.6641	0	-0.999391	0.0348989	0	6672	7417
ChainingRodShaped	6816	2.53118	0.5	15.9586	33.4319	0	-0.696453	-0.717602	0	6817	7133
ChainingRodShaped	7224	3.02857	0.5	-17.7995	64.7051	0	0.907291	-0.420503	0	None	None
ChainingRodShaped	6196	4.53171	0.5	7.05008	22.6708	0	-0.680152	-0.733072	0	None	None
ChainingRodShaped	7512	2.41496	0.5	34.4606	25.1771	0	0.0608342	-0.998148	0	None	None
ChainingRodShaped	7324	2.49666	0.5	-34.0031	71.918	0	0.978273	-0.207319	0	None	None
ChainingRodShaped	6660	4.23071	0.5	37.1171	53.7772	0	0.597819	-0.801631	0	None	None
ChainingRodShaped	6836	3.84489	0.5	38.0528	55.7171	0	-0.612075	0.7908	0	None	None
ChainingRodShaped	7392	2.43163	0.5	-7.60919	11.6143	0	-0.668453	-0.743754	0	None	None
ChainingRodShaped	6994	3.522	0.5	-26.1858	46.9009	0	0.95892	-0.283676	0	None	None
ChainingRodShaped	6102	4.04519	0.5	42.3046	34.8303	0	0.41596	-0.909383	0	None	None
ChainingRodShaped	7128	2.61498	0.5	29.7535	23.5782	0	0.0435697	-0.99905	0	7129	5396
ChainingRodShaped	6814	3.34216	0.5	-6.09532	66.8007	0	-0.620268	-0.78439	0	None	None
ChainingRodShaped	7286	2.58141	0.5	-20.0856	10.9596	0	0.616388	0.787443	0	None	None
ChainingRodShaped	6230	4.05544	0.5	-12.7475	65.7978	0	0.491023	-0.871147	0	None	None
ChainingRodShaped	7468	2.2819	0.5	20.1495	31.5103	0	0.0296857	-0.999559	0	None	None
ChainingRodShaped	7088	2.7738	0.5	18.9037	23.1863	0	-0.0239826	0.999712	0	None	None
ChainingRodShaped	6982	3.46346	0.5	5.99356	66.2223	0	-0.248266	-0.968692	0	None	None
ChainingRodShaped	6004	4.15582	0.5	-40.8013	41.7728	0	0.999064	-0.0432458	0	None	None
ChainingRodShaped	6416	4.27481	0.5	35.1256	6.52814	0	-0.975152	-0.221537	0	None	None
ChainingRodShaped	7252	2.79213	0.5	-25.6175	58.8651	0	0.296216	-0.955121	0	None	None
ChainingRodShaped	6432	3.4324	0.5	-47.7853	44.1358	0	0.936866	-0.349688	0	None	None
ChainingRodShaped	6688	3.03207	0.5	-15.0825	55.5811	0	-0.92832	-0.371783	0	None	None
ChainingRodShaped	6130	4.91252	0.5	1.16817	8.44525	0	-0.9458	-0.32475	0	None	None
ChainingRodShaped	7176	2.49786	0.5	-13.5502	42.921	0	-0.863653	-0.504087	0	None	None
ChainingRodShaped	6744	4.11539	0.5	49.2258	40.2787	0	-0.815664	0.578525	0	None	None
ChainingRodShaped	5427	4.69448	0.5	8.59272	-0.0947714	0	-0.877747	0.479124	0	None	None
ChainingRodShaped	6112	4.49475	0.5	-46.5776	18.9822	0	0.938992	0.34394	0	None	None
ChainingRodShaped	5431	4.51698	0.5	3.24586	37.5486	0	-0.36959	-0.929195	0	7696	6739
ChainingRodShaped	7166	3.08546	0.5	13.2856	27.3205	0	-0.355987	-0.934491	0	None	None
ChainingRodShaped	6310	3.56952	0.5	42.3854	29.2888	0	0.295902	-0.955218	0	None	None
ChainingRodShaped	7652	2.17953	0.5	49.1376	37.6548	0	0.727055	-0.686579	0	None	None
ChainingRodShaped	6740	3.48246	0.5	18.6443	-1.12607	0	-0.991804	-0.127771	0	6741	7277
ChainingRodShaped	6120	3.65314	0.5	-32.4414	15.576	0	0.551429	-0.834222	0	None	None
ChainingRodShaped	6536	3.9048	0.5	-44.8081	54.5842	0	0.988481	0.151347	0	None	None
ChainingRodShaped	6730	2.8223	0.5	-76.9715	69.3256	0	-0.655351	0.755324	0	6731	7707
ChainingRodShaped	6208	3.99397	0.5	-51.7958	49.1156	0	0.892322	-0.451399	0	None	None
ChainingRodShaped	6066	3.90798	0.5	-1.17428	1.44537	0	0.233909	-0.972259	0	None	None
ChainingRodShaped	7134	2.98193	0.5	-7.92731	23.5078	0	-0.416002	-0.909364	0	None	None
ChainingRodShaped	6978	3.50136	0.5	38.8099	44.9465	0	0.572807	-0.81969	0	None	None
ChainingRodShaped	6702	3.48387	0.5	-27.9249	4.13275	0	-0.712353	-0.701821	0	6703	5454
ChainingRodShaped	5457	3.63916	0.5	10.0083	29.8954	0	0.692923	0.721012	0	6214	5456
ChainingRodShaped	6734	3.80617	0.5	-14.0123	23.57	0	0.66535	0.746532	0	None	None
ChainingRodShaped	6780	3.8421	0.5	13.5985	44.9613	0	0.221507	-0.975159	0	None	None
ChainingRodShaped	6742	3.48553	0.5	-46.7332	16.5302	0	0.869136	0.494573	0	None	None
ChainingRodShaped	6252	3.79764	0.5	30.1016	48.573	0	0.245586	-0.969375	0	None	None
ChainingRodShaped	7714	2.03099	0.5	-0.595877	64.1555	0	-0.0222725	-0.999752	0	None	None
ChainingRodShaped	6972	2.80036	0.5	-24.3211	38.9811	0	-0.878789	-0.47721	0	None	None
ChainingRodShaped	6394	4.01536	0.5	26.8856	23.2376	0	-0.0888212	-0.996048	0	None	None
ChainingRodShaped	7676	2.07714	0.5	25.8776	33.4156	0	-0.192564	-0.981285	0	None	None
ChainingRodShaped	6324	3.34381	0.5	13.554	15.0476	0	-0.791604	0.611034	0	None	None
ChainingRodShaped	5477	4.68234	0.5	-39.8771	34.8788	0	0.835295	0.549801	0	None	None
ChainingRodShaped	7528	2.45365	0.5	32.2964	27.8524	0	-0.0980377	0.995183	0	None	None
ChainingRodShaped	6308	4.23981	0.5	-6.19503	31.2243	0	-0.975496	-0.220018	0	None	None
ChainingRodShaped	6342	3.32566	0.5	-5.81804	46.014	0	0.0496595	-0.998766	0	None	None
ChainingRodShaped	7694	2.03431	0.5	-12.852	54.2135	0	-0.999652	-0.0263923	0	None	None
ChainingRodShaped	7048	2.68147	0.5	37.7678	35.3727	0	-0.129059	-0.991637	0	None	None
ChainingRodShaped	7454	2.24402	0.5	-7.72039	19.4026	0	0.373287	0.927716	0	None	None
ChainingRodShaped	6664	3.66821	0.5	21.9695	11.3725	0	-0.355282	-0.934759	0	None	None
ChainingRodShaped	6716	4.34496	0.5	3.98327	5.21958	0	0.0192658	0.999814	0	None	None
ChainingRodShaped	7378	2.32562	0.5	10.3961	59.5706	0	-0.172453	-0.985018	0	7379	7251
ChainingRodShaped	7274	2.4944	0.5	-27.5606	56.6698	0	0.0586336	-0.99828	0	None	None
ChainingRodShaped	7566	2.28131	0.5	21.5867	25.2533	0	-0.0138317	-0.999904	0	None	None
ChainingRodShaped	7126	2.73788	0.5	41.3322	13.1901	0	-0.639811	-0.768533	0	None	None
ChainingRodShaped	7412	2.25246	0.5	18.9374	81.1021	0	0.0498338	-0.998758	0	7413	5502
ChainingRodShaped	6428	4.49549	0.5	39.4209	8.14142	0	0.998935	0.0461499	0	None	None
ChainingRodShaped	6188	4.39507	0.5	24.5216	37.5658	0	0.0415262	-0.999137	0	None	None
ChainingRodShaped	6538	3.81871	0.5	-24.1797	36.9783	0	0.884211	0.467088	0	None	None
ChainingRodShaped	6724	4.18412	0.5	-8.82453	73.4549	0	-0.651557	-0.7586	0	None	None
ChainingRodShaped	7488	2.11758	0.5	-11.4931	78.4412	0	0.952275	-0.305241	0	7489	7357
ChainingRodShaped	6246	4.44815	0.5	0.361724	46.5602	0	0.18463	0.982808	0	None	None
ChainingRodShaped	7600	2.12764	0.5	-18.1597	52.2856	0	-0.998536	-0.0540975	0	None	None
ChainingRodShaped	7020	2.80195	0.5	-26.0513	9.75219	0	0.819863	0.57256	0	None	None
ChainingRodShaped	7502	2.46652	0.5	-20.9573	50.8559	0	-0.948809	0.31585	0	None	None
ChainingRodShaped	6174	4.55647	0.5	-1.32493	67.136	0	-0.135886	-0.990725	0	None	None
ChainingRodShaped	7222	3.04877	0.5	28.61	69.9807	0	-0.534276	0.84531	0	None	None
ChainingRodShaped	6396	3.18439	0.5	-38.8946	60.4415	0	0.664826	-0.746998	0	None	None
ChainingRodShaped	7112	2.52851	0.5	-36.9721	69.2319	0	0.893169	-0.44972	0	None	None
ChainingRodShaped	6950	2.45539	0.5	-12.7859	8.14367	0	0.463383	0.886158	0	6951	7579
ChainingRodShaped	7618	2.25852	0.5	-15.5098	37.1677	0	-0.407552	-0.913182	0	None	None
ChainingRodShaped	6614	4.52843	0.5	42.7847	16.3835	0	-0.658799	-0.752319	0	None	None
ChainingRodShaped	7560	2.23001	0.5	-38.6889	44.6292	0	0.999551	-0.0299672	0	None	None
ChainingRodShaped	7410	2.37917	0.5	-46.0538	64.5539	0	-0.799185	-0.601085	0	None	None
ChainingRodShaped	6438	4.2743	0.5	33.5808	68.7716	0	0.148166	-0.988962	0	None	None
ChainingRodShaped	7346	2.66897	0.5	-16.9406	23.1902	0	0.619488	0.785006	0	None	None
ChainingRodShaped	6352	4.07716	0.5	17.7526	41.6927	0	0.952675	-0.303991	0	None	None
ChainingRodShaped	6466	3.20854	0.5	-25.3442	21.473	0	0.85563	0.517588	0	None	None
ChainingRodShaped	7330	2.36955	0.5	47.6152	47.9416	0	-0.519194	0.854656	0	None	None
ChainingRodShaped	7146	3.13475	0.5	-21.64	33.8089	0	-0.276698	-0.960957	0	None	None
ChainingRodShaped	6840	3.32682	0.5	35.7256	34.0655	0	-0.0454298	-0.998968	0	None	None
ChainingRodShaped	5555	4.50207	0.5	-25.1559	70.6535	0	0.963788	0.266669	0	None	None
ChainingRodShaped	6686	3.99857	0.5	33.3535	40.3393	0	0.307724	-0.951476	0	None	None
ChainingRodShaped	6540	3.12198	0.5	-50.6351	54.5926	0	0.0648327	0.997896	0	None	None
ChainingRodShaped	6922	3.1434	0.5	-37.8377	15.2792	0	0.799267	-0.600977	0	None	None
ChainingRodShaped	5563	4.68782	0.5	-26.4565	49.8863	0	0.949981	-0.312308	0	None	None
ChainingRodShaped	5565	3.7993	0.5	20.4406	47.1949	0	0.0280968	-0.999605	0	7656	5564
ChainingRodShaped	7550	2.32625	0.5	29.9241	32.8291	0	0.107279	-0.994229	0	None	None
ChainingRodShaped	6554	4.34022	0.5	23.989	19.9119	0	-0.777559	-0.62881	0	None	None
ChainingRodShaped	6206	3.50261	0.5	-3.13235	41.9737	0	-0.154541	-0.987986	0	None	None
ChainingRodShaped	7054	3.50669	0.5	-11.6179	33.8364	0	-0.524413	-0.851464	0	None	None
ChainingRodShaped	6510	4.52224	0.5	-40.088	48.0179	0	0.868133	-0.496332	0	None	None
ChainingRodShaped	5577	4.22364	0.5	36.3576	68.8472	0	0.521284	-0.853383	0	6760	5576
ChainingRodShaped	7538	2.26234	0.5	-30.8708	3.69864	0	0.999724	0.0234967	0	None	None
ChainingRodShaped	6920	3.65905	0.5	40.3601	24.5339	0	0.0027643	-0.999996	0	None	None
ChainingRodShaped	6648	3.42332	0.5	-49.3603	23.2077	0	0.994053	0.108899	0	None	None
ChainingRodShaped	5585	4.8301	0.5	31.7604	18.4953	0	-0.00188216	-0.999998	0	None	None
ChainingRodShaped	6852	2.78886	0.5	41.214	52.9282	0	-0.902075	0.431579	0	None	None
ChainingRodShaped	7700	2.03302	0.5	-2.67773	52.3971	0	-0.999918	-0.0128144	0	None	None
ChainingRodShaped	7366	2.35401	0.5	40.599	20.3438	0	-0.862386	-0.506251	0	None	None
ChainingRodShaped	6810	3.68409	0.5	-41.5902	26.8219	0	0.884938	0.465709	0	None	None
ChainingRodShaped	7028	3.45029	0.5	28.2721	48.2288	0	0.226175	-0.974087	0	None	None
ChainingRodShaped	7526	2.24172	0.5	20.7015	64.441	0	-0.0484565	0.998825	0	None	None
ChainingRodShaped	6370	4.71639	0.5	1.18308	27.4675	0	-0.484483	-0.874801	0	None	None
ChainingRodShaped	6326	4.98157	0.5	16.9036	19.035	0	0.611997	0.79086	0	None	None
ChainingRodShaped	5603	3.54348	0.5	-17.6593	43.7745	0	0.869383	0.494139	0	6014	7681
ChainingRodShaped	7040	2.57801	0.5	-7.21168	47.3278	0	0.408399	-0.912803	0	None	None
ChainingRodShaped	6926	2.80029	0.5	9.99998	43.4732	0	0.0803131	-0.99677	0	None	None
ChainingRodShaped	5609	4.88398	0.5	-39.4008	48.7277	0	0.867617	-0.497232	0	None	None
ChainingRodShaped	6250	3.62025	0.5	-1.272	42.2626	0	-0.167738	-0.985832	0	None	None
ChainingRodShaped	7660	2.07824	0.5	-6.98793	67.2213	0	-0.614115	-0.789217	0	None	None
ChainingRodShaped	6628	4.66564	0.5	-2.23802	42.0115	0	-0.164416	-0.986391	0	None	None
ChainingRodShaped	5617	4.8606	0.5	41.7297	28.1619	0	0.292674	-0.956212	0	None	None
ChainingRodShaped	7078	2.80853	0.5	35.5887	9.54159	0	-0.972905	-0.231204	0	None	None
ChainingRodShaped	7136	3.14682	0.5	-9.13702	31.9592	0	-0.997783	0.0665463	0	None	None
ChainingRodShaped	6888	3.882	0.5	7.1057	66.7529	0	-0.255668	-0.966765	0	None	None
ChainingRodShaped	6350	3.50036	0.5	-26.3569	31.5476	0	-0.40348	-0.914988	0	None	None
ChainingRodShaped	6626	3.0124	0.5	24.3307	51.5936	0	0.0806471	-0.996743	0	None	None
ChainingRodShaped	7730	2.00435	0.5	11.2617	11.5144	0	0.628027	-0.778191	0	None	None
ChainingRodShaped	7534	2.27468	0.5	35.6208	19.2767	0	0.0303059	-0.999541	0	None	None
ChainingRodShaped	7360	2.23269	0.5	42.2789	65.3435	0	-0.609322	0.792923	0	7361	7205
ChainingRodShaped	6404	4.22893	0.5	-19.1345	61.2112	0	-0.909464	0.415783	0	None	None
ChainingRodShaped	7158	2.58516	0.5	4.23003	49.1769	0	-0.0518897	0.998653	0	None	None
ChainingRodShaped	5639	4.49481	0.5	31.9314	56.8202	0	0.917935	-0.396731	0	None	None
ChainingRodShaped	5641	4.72494	0.5	-24.3055	66.6465	0	0.909838	-0.414963	0	None	None
ChainingRodShaped	6372	3.29216	0.5	-17.9667	25.8275	0	-0.950849	-0.309656	0	None	None
ChainingRodShaped	7616	2.15722	0.5	55.2208	47.4505	0	-0.568311	0.822814	0	7617	7321
ChainingRodShaped	7724	2.01329	0.5	22.9071	7.72331	0	0.90549	-0.424368	0	None	None
ChainingRodShaped	6474	3.99633	0.5	47.1698	24.1739	0	-0.676527	-0.736418	0	None	None
ChainingRodShaped	5651	4.81968	0.5	-61.158	52.9857	0	-0.764715	0.644368	0	7114	5650
ChainingRodShaped	6434	3.62268	0.5	-8.70691	46.4203	0	0.412681	-0.910876	0	None	None
ChainingRodShaped	7328	2.5561	0.5	37.6795	28.4089	0	-0.0594642	-0.99823	0	None	None
ChainingRodShaped	6572	4.00564	0.5	16.2057	5.98567	0	0.652102	0.758131	0	None	None
ChainingRodShaped	7522	2.30166	0.5	54.0271	38.0741	0	-0.927562	-0.373669	0	None	None
ChainingRodShaped	5661	4.77529	0.5	35.1558	74.381	0	-0.625482	0.780239	0	7204	5660
ChainingRodShaped	7192	2.50097	0.5	-19.7136	56.4232	0	-0.854607	-0.519275	0	None	None
ChainingRodShaped	6774	3.6679	0.5	47.0604	43.6642	0	-0.599344	0.800491	0	None	None
ChainingRodShaped	7420	2.4837	0.5	2.55614	64.3987	0	-0.291532	-0.956561	0	None	None
ChainingRodShaped	5669	3.87351	0.5	-51.9118	23.6064	0	0.837845	0.545909	0	None	7391
ChainingRodShaped	6522	3.44259	0.5	-21.0691	22.0503	0	0.217175	-0.976133	0	None	None
ChainingRodShaped	7150	3.05211	0.5	45.9362	32.2523	0	0.00634832	-0.99998	0	None	None
ChainingRodShaped	6652	4.24681	0.5	-3.16761	72.6391	0	-0.972339	0.233574	0	None	None
ChainingRodShaped	6512	3.82656	0.5	11.8864	13.7334	0	-0.640413	0.768031	0	None	None
ChainingRodShaped	7716	2.02306	0.5	24.134	6.05589	0	0.893167	-0.449724	0	None	None
ChainingRodShaped	6590	3.48407	0.5	-25.4362	35.2811	0	0.883192	0.469012	0	None	None
ChainingRodShaped	6728	3.62682	0.5	-29.0897	39.4952	0	0.884365	0.466797	0	None	None
ChainingRodShaped	5685	4.41853	0.5	5.20137	10.2443	0	-0.852112	0.523359	0	None	None
ChainingRodShaped	7408	2.67764	0.5	-46.2113	46.5616	0	0.605772	-0.795639	0	None	None
ChainingRodShaped	6758	3.0164	0.5	22.4094	68.467	0	0.0284932	-0.999594	0	None	None
ChainingRodShaped	6762	3.85785	0.5	-3.37933	26.9031	0	0.435934	0.899979	0	None	None
ChainingRodShaped	5693	4.01859	0.5	-12.4505	15.7915	0	-0.414769	-0.909927	0	6050	7125
ChainingRodShaped	7662	2.10067	0.5	43.8987	52.1203	0	-0.632952	0.774191	0	None	None
ChainingRodShaped	6684	3.00608	0.5	6.75117	13.1811	0	-0.798211	-0.602378	0	None	None
ChainingRodShaped	6976	3.36504	0.5	8.0102	45.4322	0	0.0905456	-0.995892	0	None	None
ChainingRodShaped	6606	4.90862	0.5	25.182	24.3684	0	-0.0716661	-0.997429	0	None	None
ChainingRodShaped	5703	4.05515	0.5	8.26079	25.327	0	-0.680625	-0.732632	0	7132	7499
ChainingRodShaped	7588	2.21357	0.5	-19.3933	14.5682	0	0.667394	0.744705	0	None	None
ChainingRodShaped	5707	4.87694	0.5	17.1531	59.6479	0	-0.0361871	0.999345	0	6488	5706
ChainingRodShaped	7000	3.32152	0.5	26.5865	69.584	0	-0.524569	0.851368	0	None	None
ChainingRodShaped	6610	4.41157	0.5	12.2828	6.36067	0	-0.193508	0.981099	0	None	None
ChainingRodShaped	6608	3.60235	0.5	-40.157	65.2007	0	0.49041	-0.871492	0	None	None
ChainingRodShaped	6876	4.14746	0.5	8.92343	45.2692	0	-0.0879529	0.996125	0	None	None
ChainingRodShaped	7658	2.05033	0.5	56.1119	44.4013	0	0.565608	-0.824674	0	7659	5716
ChainingRodShaped	5719	3.75576	0.5	18.1644	58.0629	0	0.0407591	-0.999169	0	6450	5718
ChainingRodShaped	5721	4.49485	0.5	-50.3415	46.2357	0	-0.920586	0.390539	0	7416	7115
ChainingRodShaped	7710	2.04706	0.5	-45.6878	70.5902	0	0.363869	-0.93145	0	None	None
ChainingRodShaped	5725	4.81333	0.5	-24.5704	61.6439	0	-0.315282	0.948998	0	None	None
ChainingRodShaped	5727	4.97275	0.5	35.1656	42.9575	0	-0.0485372	0.998821	0	None	None
ChainingRodShaped	5729	4.39627	0.5	-25.9128	-10.1496	0	-0.482288	-0.876013	0	6108	5728
ChainingRodShaped	7722	2.00909	0.5	6.92033	47.1772	0	-0.336034	-0.94185	0	7723	7697
ChainingRodShaped	5733	4.91274	0.5	18.7355	38.6024	0	-0.946604	0.322399	0	None	None
ChainingRodShaped	6900	3.38845	0.5	-26.0032	72.412	0	-0.962597	-0.270936	0	None	None
ChainingRodShaped	6598	3.8429	0.5	51.8441	44.6848	0	-0.499814	0.866133	0	None	None
ChainingRodShaped	5739	4.92254	0.5	34.1347	45.8959	0	-0.0385411	0.999257	0	None	None
ChainingRodShaped	5741	3.40649	0.5	0.797829	33.9531	0	0.392259	0.919855	0	6484	5740
ChainingRodShaped	5743	4.59286	0.5	19.4186	49.935	0	0.0338783	-0.999426	0	6496	5742
ChainingRodShaped	7664	2.10862	0.5	23.5914	62.921	0	0.25803	-0.966137	0	None	None
ChainingRodShaped	6678	3.31826	0.5	-48.0203	60.2794	0	-0.828498	0.559992	0	None	None
ChainingRodShaped	6910	3.89565	0.5	-39.4251	59.5751	0	0.657323	-0.753609	0	None	None
ChainingRodShaped	7072	3.53929	0.5	14.2273	-3.69808	0	0.991084	0.133238	0	None	None
ChainingRodShaped	5753	4.43508	0.5	15.3535	56.1002	0	0.0554936	-0.998459	0	None	None
ChainingRodShaped	6588	4.48348	0.5	38.8738	46.5133	0	0.573603	-0.819133	0	None	None
ChainingRodShaped	7256	2.37255	0.5	-17.8552	48.7556	0	-0.936092	0.351756	0	None	None
ChainingRodShaped	5759	4.84305	0.5	17.1528	3.3291	0	0.917449	0.397853	0	None	None
ChainingRodShaped	6524	3.9586	0.5	0.442559	49.8076	0	-0.521196	-0.853437	0	None	None
ChainingRodShaped	7668	2.07394	0.5	-61.8004	13.7345	0	0.848544	0.529125	0	7669	5762
ChainingRodShaped	6948	3.00467	0.5	5.75127	14.7594	0	0.810381	0.585904	0	None	None
ChainingRodShaped	6792	3.83002	0.5	44.1859	57.7118	0	-0.511472	0.8593	0	None	None
ChainingRodShaped	5769	4.65546	0.5	13.875	21.0266	0	-0.995248	-0.0973679	0	None	None
ChainingRodShaped	6596	3.98117	0.5	36.5389	25.5707	0	-0.0503478	-0.998732	0	None	None
ChainingRodShaped	6568	3.32028	0.5	-21.3128	17.8949	0	-0.446054	-0.895006	0	None	None
ChainingRodShaped	5775	4.13437	0.5	38.5888	32.2048	0	0.016288	-0.999867	0	None	None
ChainingRodShaped	7446	2.34221	0.5	-11.6352	-0.259203	0	-0.88254	-0.470238	0	None	None
ChainingRodShaped	5779	4.14576	0.5	26.3829	47.9711	0	0.217154	-0.976137	0	7300	7463
ChainingRodShaped	5781	3.48681	0.5	-23.0292	41.81	0	0.872486	0.48864	0	4997	5780
ChainingRodShaped	7262	2.90889	0.5	-19.7177	68.7803	0	0.913548	-0.406732	0	None	None
ChainingRodShaped	7058	3.07883	0.5	-17.5425	37.1672	0	-0.352188	-0.935929	0	None	None
ChainingRodShaped	7372	2.19417	0.5	18.1862	76.3187	0	0.0552649	-0.998472	0	7373	5786
ChainingRodShaped	7164	2.85882	0.5	-2.07939	10.855	0	-0.655436	-0.755251	0	None	None
ChainingRodShaped	6668	4.63732	0.5	2.90583	15.3792	0	-0.624442	-0.781071	0	None	None
ChainingRodShaped	5793	3.36453	0.5	28.4702	36.8831	0	0.141285	-0.989969	0	7462	7675
ChainingRodShaped	6714	3.66117	0.5	-37.4122	24.3607	0	0.983313	0.181921	0	None	None
ChainingRodShaped	7034	3.40861	0.5	-42.3841	59.4969	0	0.999576	0.0291011	0	None	None
ChainingRodShaped	7292	2.50276	0.5	18.1139	5.27327	0	0.999686	-0.0250464	0	None	None
ChainingRodShaped	6726	2.95777	0.5	-9.57988	32.9043	0	-0.997067	0.0765277	0	None	None
ChainingRodShaped	5803	4.44176	0.5	27.846	45.7204	0	0.211664	-0.977342	0	None	None
ChainingRodShaped	7466	2.40234	0.5	-52.8481	58.5576	0	0.162874	-0.986647	0	None	None
ChainingRodShaped	6968	3.19102	0.5	-18.8288	55.866	0	-0.849369	-0.5278	0	None	None
ChainingRodShaped	7188	2.42943	0.5	29.3088	0.440337	0	0.317097	-0.948393	0	None	None
ChainingRodShaped	6704	2.9696	0.5	33.8284	64.5166	0	-0.900954	-0.433915	0	None	None
ChainingRodShaped	6990	2.72518	0.5	33.8272	31.6759	0	0.08136	-0.996685	0	None	None
ChainingRodShaped	7202	2.82129	0.5	-43.8909	16.3846	0	-0.294328	0.955705	0	None	None
ChainingRodShaped	6630	3.75301	0.5	26.5691	36.8585	0	0.132341	-0.991204	0	None	None
ChainingRodShaped	5819	4.34692	0.5	49.0754	35.785	0	0.564474	-0.825451	0	None	None
ChainingRodShaped	6674	3.0427	0.5	-31.8888	63.66	0	0.890181	-0.455608	0	None	None
ChainingRodShaped	6974	3.8508	0.5	52.8811	44.8614	0	-0.498869	0.866678	0	None	None
ChainingRodShaped	6696	3.29017	0.5	-27.5102	11.2905	0	0.713263	0.700897	0	None	None
ChainingRodShaped	7196	3.10781	0.5	-32.6062	12.5014	0	0.669252	-0.743036	0	None	None
ChainingRodShaped	5829	4.93758	0.5	-11.8331	19.3938	0	0.41565	0.909525	0	5982	5828
ChainingRodShaped	7144	3.25592	0.5	-31.7572	23.7818	0	0.740898	0.671618	0	None	None
ChainingRodShaped	6658	3.88045	0.5	13.8934	38.371	0	0.976217	0.216795	0	None	None
ChainingRodShaped	6682	4.329	0.5	-35.1132	59.6207	0	0.77052	-0.637415	0	None	None
ChainingRodShaped	5837	4.04528	0.5	37.6056	45.0159	0	0.569908	-0.821709	0	None	None
ChainingRodShaped	6750	4.00467	0.5	-30.8438	59.7772	0	0.676699	-0.73626	0	None	None
ChainingRodShaped	5841	4.10503	0.5	40.1464	49.6368	0	0.588537	-0.80847	0	None	None
ChainingRodShaped	5843	3.26913	0.5	-16.7504	-7.46836	0	-0.969104	-0.246654	0	6556	5842
ChainingRodShaped	5845	3.45053	0.5	20.0537	57.9022	0	0.0469799	-0.998896	0	6564	7657
ChainingRodShaped	5847	4.30537	0.5	-6.74446	17.0685	0	-0.498108	-0.867115	0	6420	5846
ChainingRodShaped	7568	2.24233	0.5	12.6529	34.4403	0	0.934884	0.354952	0	None	None
ChainingRodShaped	7038	2.89075	0.5	12.2072	53.9009	0	0.249884	0.968276	0	None	None
ChainingRodShaped	5853	4.57322	0.5	-8.84067	64.7239	0	0.50788	-0.861428	0	None	None
ChainingRodShaped	5855	4.51766	0.5	13.7722	70.4749	0	0.0936642	-0.995604	0	None	None
ChainingRodShaped	5857	4.61133	0.5	-18.1817	41.4393	0	0.862443	0.506154	0	None	None
ChainingRodShaped	5859	3.8016	0.5	64.6044	31.3177	0	0.526352	-0.850267	0	7080	5858
ChainingRodShaped	5861	3.74102	0.5	-38.8806	51.3332	0	0.991869	0.12726	0	None	7481
ChainingRodShaped	5863	4.9759	0.5	-49.5485	56.4317	0	0.066656	0.997776	0	None	None
ChainingRodShaped	5865	4.07411	0.5	-34.7716	45.5569	0	0.999312	0.0370775	0	None	None
ChainingRodShaped	5867	4.58943	0.5	-39.585	30.0993	0	0.877489	0.479597	0	None	None
ChainingRodShaped	7056	2.54727	0.5	30.8565	32.7975	0	0.107201	-0.994237	0	None	None
ChainingRodShaped	6934	3.72569	0.5	9.19654	30.3263	0	0.698991	0.715131	0	None	None
ChainingRodShaped	5873	4.47926	0.5	-43.0282	30.3662	0	0.850815	0.525466	0	None	None
ChainingRodShaped	6834	4.0838	0.5	-34.3538	28.4389	0	0.891794	0.452441	0	None	None
ChainingRodShaped	7692	2.07304	0.5	44.9784	31.0922	0	0.00440444	-0.99999	0	None	None
ChainingRodShaped	5879	4.16793	0.5	6.58613	49.0431	0	0.326598	0.945163	0	4933	5878
ChainingRodShaped	5881	4.6444	0.5	-14.036	62.0546	0	0.912909	-0.408164	0	None	None
ChainingRodShaped	6942	3.9987	0.5	-36.1154	53.6544	0	-0.996037	-0.0889428	0	None	None
ChainingRodShaped	5885	4.78897	0.5	36.2896	60.0361	0	-0.91976	0.392481	0	None	None
ChainingRodShaped	7304	2.3865	0.5	-12.8745	70.0457	0	0.487437	-0.873158	0	None	None
ChainingRodShaped	5889	3.56666	0.5	-67.1207	56.0854	0	0.610582	-0.791953	0	6776	5888
ChainingRodShaped	7070	3.40871	0.5	-11.228	69.0716	0	0.471257	-0.881996	0	None	None
ChainingRodShaped	7590	2.09368	0.5	-6.85441	8.36968	0	-0.672	-0.740551	0	7591	7603
ChainingRodShaped	7632	2.14393	0.5	9.3546	62.1397	0	-0.336732	0.941601	0	None	None
ChainingRodShaped	5897	4.924	0.5	-23.6745	64.249	0	0.912067	-0.410042	0	6984	5896
ChainingRodShaped	5899	4.98388	0.5	10.108	11.4173	0	0.622152	-0.782896	0	None	None
ChainingRodShaped	7010	2.70352	0.5	-28.6547	29.4799	0	0.953517	-0.30134	0	None	None
ChainingRodShaped	7060	2.73899	0.5	10.5106	32.6024	0	0.923705	0.383105	0	None	None
ChainingRodShaped	7012	2.59865	0.5	-4.81242	74.1615	0	-0.946313	0.323251	0	None	None
ChainingRodShaped	7074	2.61987	0.5	-31.9062	16.4823	0	0.543074	-0.839685	0	None	None
ChainingRodShaped	7186	2.51032	0.5	13.7386	25.9282	0	-0.36229	-0.932065	0	None	None
ChainingRodShaped	6908	4.08886	0.5	9.56422	36.3836	0	0.969095	0.246687	0	None	None
ChainingRodShaped	5913	4.54478	0.5	-7.46428	17.5957	0	0.501162	0.865354	0	7578	5912
ChainingRodShaped	6806	3.94265	0.5	-43.842	48.2616	0	0.610611	-0.791931	0	None	None
ChainingRodShaped	5917	4.08049	0.5	6.69825	55.7963	0	-0.71767	-0.696384	0	None	None
ChainingRodShaped	5919	4.49074	0.5	-6.15577	16.3323	0	-0.502266	-0.864713	0	7254	5918
ChainingRodShaped	7370	2.7065	0.5	40.2147	57.6379	0	-0.610136	0.792297	0	None	None
ChainingRodShaped	7316	2.66357	0.5	21.0255	31.7401	0	0.0246242	-0.999697	0	None	None
ChainingRodShaped	7604	2.19436	0.5	28.4708	-0.162878	0	0.314806	-0.949156	0	None	None
ChainingRodShaped	5927	3.87746	0.5	-21.0531	71.6619	0	-0.753441	-0.657516	0	None	None
ChainingRodShaped	6956	2.68977	0.5	-34.6094	62.9642	0	0.775481	-0.63137	0	None	None
ChainingRodShaped	5931	3.35968	0.5	18.6351	68.0147	0	0.0519058	-0.998652	0	5786	5930
ChainingRodShaped	7024	2.9753	0.5	-10.628	37.6916	0	-0.708377	-0.705834	0	None	None
ChainingRodShaped	5935	3.17676	0.5	12.7807	62.3608	0	-0.110743	0.993849	0	5214	5934
ChainingRodShaped	5937	3.28849	0.5	5.61677	23.8294	0	0.673234	0.73943	0	7152	5936
ChainingRodShaped	7728	2.01278	0.5	-4.18795	67.5174	0	-0.161234	-0.986916	0	None	None
ChainingRodShaped	5941	4.31668	0.5	24.6629	58.8712	0	0.261334	-0.965248	0	None	None
ChainingRodShaped	7712	2.03349	0.5	-15.397	19.1143	0	0.653422	0.756994	0	None	None
ChainingRodShaped	5945	3.80938	0.5	-15.5664	29.8104	0	-0.413358	-0.910569	0	None	None
ChainingRodShaped	7066	2.8579	0.5	-2.3616	0.606105	0	0.492628	-0.87024	0	None	None
ChainingRodShaped	7100	3.23521	0.5	-35.0657	20.4457	0	0.822614	-0.5686	0	None	None
ChainingRodShaped	7130	2.494	0.5	-7.44482	6.29808	0	-0.676687	-0.736271	0	None	None
ChainingRodShaped	5953	4.90346	0.5	25.663	47.1175	0	0.189706	-0.981841	0	None	None
ChainingRodShaped	5955	3.83404	0.5	-0.673596	4.75877	0	0.932155	0.36206	0	None	None
ChainingRodShaped	7460	2.26054	0.5	-52.6241	62.7153	0	-0.729189	0.684313	0	None	None
ChainingRodShaped	6960	3.1256	0.5	-34.689	73.1707	0	0.960685	-0.277641	0	None	None
ChainingRodShaped	7178	3.07231	0.5	1.7667	25.4068	0	0.802523	0.596621	0	None	None
ChainingRodShaped	5963	4.70274	0.5	40.6548	15.4063	0	-0.651242	-0.75887	0	None	None
ChainingRodShaped	7350	2.76381	0.5	3.319	14.4202	0	-0.632225	-0.774785	0	None	None
ChainingRodShaped	7076	2.8001	0.5	14.3607	56.4347	0	0.0654775	-0.997854	0	None	None
ChainingRodShaped	7142	2.62911	0.5	-43.2787	66.6129	0	0.542687	-0.839935	0	None	None
ChainingRodShaped	5971	4.65965	0.5	-16.2862	12.0121	0	0.434341	0.900749	0	None	None
ChainingRodShaped	6940	3.07583	0.5	20.9036	21.0363	0	-0.662939	-0.748674	0	None	None
ChainingRodShaped	7258	2.7586	0.5	-11.1635	61.8164	0	0.916945	-0.399014	0	None	None
ChainingRodShaped	5977	4.71122	0.5	-5.58155	11.2096	0	0.669265	0.743024	0	7470	5976
ChainingRodShaped	5979	4.05222	0.5	27.6568	75.3824	0	-0.0943806	-0.995536	0	None	None
ChainingRodShaped	5981	4.82427	0.5	43.1667	30.0016	0	0.297702	-0.954659	0	None	None
ChainingRodShaped	5983	3.20946	0.5	-15.9567	10.5481	0	0.436692	0.899611	0	7194	5982
ChainingRodShaped	5985	4.50781	0.5	-61.8888	48.6703	0	0.543118	-0.839656	0	5888	5984
ChainingRodShaped	5987	4.08108	0.5	36.3131	42.1154	0	0.151096	-0.988519	0	None	None
ChainingRodShaped	5989	4.32043	0.5	13.3373	14.0723	0	-0.785463	0.618909	0	None	None
ChainingRodShaped	5991	3.54137	0.5	49.3506	54.0638	0	0.578675	-0.815559	0	6204	5990
ChainingRodShaped	7642	2.17141	0.5	-20.0579	67.8878	0	-0.910635	0.413211	0	None	None
ChainingRodShaped	7650	2.17172	0.5	-16.5042	29.8975	0	-0.422384	-0.906417	0	None	None
ChainingRodShaped	7098	2.65002	0.5	2.44416	59.3688	0	-0.436143	-0.899877	0	None	None
ChainingRodShaped	7432	2.51823	0.5	28.9433	19.2052	0	0.0195459	-0.999809	0	None	None
ChainingRodShaped	6001	4.07665	0.5	4.14737	66.5935	0	-0.243834	-0.969817	0	None	None
ChainingRodShaped	7082	3.12209	0.5	-25.2212	5.42291	0	0.694798	0.719205	0	None	None
ChainingRodShaped	7044	3.4486	0.5	-45.5331	42.4177	0	0.985547	-0.169403	0	None	None
ChainingRodShaped	7448	2.40388	0.5	-1.86948	19.6924	0	0.613047	0.790046	0	None	None
ChainingRodShaped	6009	4.74207	0.5	-5.68167	3.33383	0	0.669987	-0.742372	0	None	None
ChainingRodShaped	7500	2.35801	0.5	18.7904	26.5177	0	0.315252	0.949008	0	None	None
ChainingRodShaped	7032	3.37569	0.5	-18.9299	63.1507	0	0.911706	-0.410844	0	None	None
ChainingRodShaped	6015	4.30444	0.5	-26.2951	38.9746	0	0.878295	0.47812	0	6034	6014
ChainingRodShaped	7216	2.96803	0.5	26.1002	64.1419	0	0.277005	-0.960869	0	None	None
ChainingRodShaped	7200	2.65046	0.5	24.0539	71.2248	0	0.724438	-0.68934	0	None	None
ChainingRodShaped	6021	3.03443	0.5	-42.5877	29.5202	0	0.851198	0.524844	0	7390	6020
ChainingRodShaped	7198	2.45185	0.5	-32.9826	73.6944	0	-0.952787	0.303638	0	None	None
ChainingRodShaped	7482	2.44074	0.5	21.2655	3.18604	0	-0.894599	0.44687	0	None	None
ChainingRodShaped	7450	2.31826	0.5	-14.582	74.7079	0	-0.943311	0.331911	0	None	None
ChainingRodShaped	7354	2.54349	0.5	-41.1804	23.7779	0	0.868663	0.495403	0	None	None
ChainingRodShaped	6031	4.73921	0.5	18.3618	30.8993	0	0.0402865	-0.999188	0	None	None
ChainingRodShaped	6033	4.2797	0.5	-29.125	64.6283	0	0.913723	-0.406337	0	None	None
ChainingRodShaped	6035	3.23058	0.5	-34.0101	34.674	0	0.864887	0.501967	0	6020	6034
ChainingRodShaped	7684	2.03919	0.5	8.40315	62.0071	0	-0.327324	0.944912	0	None	None
ChainingRodShaped	6039	3.74211	0.5	-15.1173	71.5327	0	0.597242	-0.802061	0	None	None
ChainingRodShaped	6041	4.75822	0.5	-47.6702	19.76	0	0.906117	0.423027	0	None	None
ChainingRodShaped	7516	2.30612	0.5	-8.51648	-0.00135636	0	0.193339	-0.981132	0	None	None
ChainingRodShaped	6045	4.05562	0.5	2.37064	7.8678	0	-0.948928	-0.315493	0	None	None
ChainingRodShaped	6047	4.407	0.5	32.3079	58.7061	0	0.910923	-0.412577	0	None	None
ChainingRodShaped	6049	3.98345	0.5	14.554	9.73446	0	-0.495237	0.868758	0	None	None
ChainingRodShaped	6051	4.34193	0.5	-8.10042	25.2994	0	-0.42178	-0.906698	0	None	6050
ChainingRodShaped	6053	3.33806	0.5	-1.21442	-4.098	0	-0.984353	-0.17621	0	6558	6052
ChainingRodShaped	7062	3.57354	0.5	15.9512	26.6384	0	-0.343595	-0.939118	0	None	None
ChainingRodShaped	6057	3.07872	0.5	67.0103	29.5762	0	-0.541201	0.840893	0	None	6056
ChainingRodShaped	7626	2.21807	0.5	21.4522	44.6074	0	-0.0824606	0.996594	0	None	None
ChainingRodShaped	6061	4.28085	0.5	-25.1529	68.0888	0	0.91332	-0.407243	0	None	None
ChainingRodShaped	6063	3.91617	0.5	11.8411	30.4761	0	0.694532	0.719462	0	5936	6062
ChainingRodShaped	7428	2.49581	0.5	-10.6384	62.6002	0	0.919901	-0.392151	0	None	None
ChainingRodShaped	6067	4.2419	0.5	-3.89917	4.19922	0	0.673958	-0.73877	0	None	None
ChainingRodShaped	6069	4.03972	0.5	7.5118	59.9951	0	-0.0511403	0.998691	0	None	None
ChainingRodShaped	7306	2.71441	0.5	3.04272	5.73793	0	0.0240061	0.999712	0	None	None
ChainingRodShaped	7540	2.16677	0.5	-31.619	12.8247	0	0.672626	-0.739983	0	None	None
ChainingRodShaped	6075	3.61461	0.5	-8.61951	58.623	0	0.915702	-0.401859	0	None	None
ChainingRodShaped	6077	4.80976	0.5	9.92009	66.4042	0	0.255914	0.9667	0	None	None
ChainingRodShaped	7612	2.15846	0.5	-13.4881	11.2815	0	-0.42787	-0.90384	0	None	None
ChainingRodShaped	7220	2.69365	0.5	15.8946	15.5271	0	-0.806756	0.590885	0	None	None
ChainingRodShaped	6083	4.97848	0.5	-8.01985	40.8609	0	-0.845131	-0.534559	0	None	None
ChainingRodShaped	7236	3.04658	0.5	33.6328	21.6344	0	0.0305057	-0.999535	0	None	None
ChainingRodShaped	6087	4.41434	0.5	-84.9123	76.9151	0	0.658487	-0.752592	0	None	6086
ChainingRodShaped	6089	3.64848	0.5	21.7822	60.7915	0	0.0460848	-0.998938	0	5027	6088
ChainingRodShaped	6091	3.36456	0.5	4.27035	72.8894	0	0.928898	-0.370336	0	7474	6090
ChainingRodShaped	6093	4.30377	0.5	-19.9027	46.5737	0	-0.931378	0.364055	0	None	None
ChainingRodShaped	6095	3.94086	0.5	-14.1294	53.3093	0	0.999866	0.0163706	0	5175	6094
ChainingRodShaped	7244	2.70296	0.5	22.4131	16.9742	0	-0.572718	-0.819752	0	None	None
ChainingRodShaped	6099	4.9035	0.5	18.1767	0.459662	0	-0.919337	-0.393472	0	None	None
ChainingRodShaped	7118	2.51125	0.5	39.1898	41.3727	0	0.628538	-0.777779	0	None	None
ChainingRodShaped	7182	2.41486	0.5	40.2928	38.4978	0	0.535488	-0.844543	0	None	None
ChainingRodShaped	6105	3.61553	0.5	29.0302	5.3052	0	-0.218915	0.975744	0	None	None
ChainingRodShaped	7162	2.68186	0.5	45.2285	47.1832	0	-0.0624762	0.998046	0	None	None
ChainingRodShaped	6109	3.94137	0.5	-20.8607	-0.99148	0	-0.480405	-0.877047	0	6962	6108
ChainingRodShaped	7478	2.4399	0.5	-50.1132	16.533	0	0.661433	0.750005	0	None	None
ChainingRodShaped	7364	2.55362	0.5	-45.9447	18.1688	0	0.936808	0.349845	0	None	None
ChainingRodShaped	7212	3.03629	0.5	40.1158	32.7969	0	0.396212	-0.918159	0	None	None
ChainingRodShaped	6117	3.61729	0.5	12.757	44.7534	0	0.211745	-0.977325	0	None	None
ChainingRodShaped	7510	2.45333	0.5	32.5778	50.1356	0	0.246051	-0.969257	0	None	None
ChainingRodShaped	6121	4.70617	0.5	-36.2387	18.8921	0	0.829207	-0.558942	0	None	None
ChainingRodShaped	6123	4.36222	0.5	-47.6353	27.5299	0	0.851606	0.524182	0	None	None
ChainingRodShaped	6125	3.95165	0.5	-29.6786	31.9933	0	0.882258	0.470767	0	6454	6124
ChainingRodShaped	6127	4.79616	0.5	44.4446	16.7773	0	-0.663939	-0.747786	0	None	None
ChainingRodShaped	7556	2.26581	0.5	-33.729	39.1544	0	0.879911	0.475139	0	None	None
ChainingRodShaped	6131	4.66365	0.5	6.71716	6.26702	0	-0.742166	0.670216	0	None	None
ChainingRodShaped	6133	3.75623	0.5	-41.7852	57.1123	0	-0.736301	-0.676655	0	None	None
ChainingRodShaped	6135	4.38815	0.5	-5.11411	41.1521	0	-0.130499	-0.991448	0	None	None
ChainingRodShaped	7140	3.27032	0.5	21.8964	31.741	0	0.0147022	-0.999892	0	None	None
ChainingRodShaped	7340	2.29511	0.5	-47.0671	21.2372	0	0.941565	0.336833	0	None	None
ChainingRodShaped	6141	4.32095	0.5	29.9895	41.0558	0	0.371799	-0.928313	0	None	None
ChainingRodShaped	6143	3.99821	0.5	-57.1632	40.6118	0	0.466396	-0.884576	0	5984	6142
ChainingRodShaped	6145	4.57968	0.5	-42.1769	66.63	0	0.534259	-0.845321	0	None	None
ChainingRodShaped	6147	3.5919	0.5	-18.7697	20.8704	0	0.0569295	0.998378	0	None	None
ChainingRodShaped	7322	2.28985	0.5	32.1429	1.21914	0	0.322015	-0.946735	0	None	None
ChainingRodShaped	6151	3.79027	0.5	-12.5356	20.9975	0	-0.651182	-0.758922	0	None	6150
ChainingRodShaped	7544	2.22515	0.5	2.0013	17.0808	0	-0.645854	-0.763461	0	None	None
ChainingRodShaped	6155	4.38269	0.5	-18.0872	10.3919	0	0.445488	0.895288	0	None	None
ChainingRodShaped	6157	3.90662	0.5	30.9183	10.047	0	0.00267452	-0.999996	0	None	None
ChainingRodShaped	6159	3.97948	0.5	14.1067	22.9459	0	-0.996595	-0.0824563	0	None	None
ChainingRodShaped	7536	2.37938	0.5	-19.7104	21.1384	0	0.0500967	0.998744	0	None	None
ChainingRodShaped	6163	4.11629	0.5	22.7557	35.7977	0	0.0212886	-0.999773	0	None	None
ChainingRodShaped	6165	3.88958	0.5	61.8858	37.5043	0	-0.546068	0.837741	0	6056	6164
ChainingRodShaped	7644	2.18835	0.5	-16.4928	32.2467	0	-0.386725	-0.922195	0	None	None
ChainingRodShaped	6169	3.579	0.5	-41.7128	19.9234	0	0.997489	0.0708178	0	None	None
ChainingRodShaped	6171	4.03542	0.5	-36.9946	12.9975	0	0.68447	-0.729041	0	None	None
ChainingRodShaped	6173	3.70113	0.5	-13.6081	25.7343	0	0.540765	0.841174	0	None	None
ChainingRodShaped	6175	3.77908	0.5	-2.26821	67.2443	0	-0.140717	-0.99005	0	None	None
ChainingRodShaped	6177	4.62261	0.5	20.0186	21.3928	0	-0.655408	-0.755275	0	None	None
ChainingRodShaped	6179	3.92239	0.5	43.8308	41.6499	0	0.628161	-0.778083	0	None	None
ChainingRodShaped	7698	2.06035	0.5	-33.4154	57.1985	0	0.933602	-0.358311	0	None	None
ChainingRodShaped	6183	4.35637	0.5	17.564	33.7754	0	-0.70138	-0.712787	0	None	None
ChainingRodShaped	6185	3.59531	0.5	26.4657	67.9488	0	0.516029	-0.856571	0	None	None
ChainingRodShaped	6187	3.30184	0.5	15.4871	86.0361	0	-0.0736734	0.997282	0	6746	6186
ChainingRodShaped	7290	2.78412	0.5	24.2906	42.0649	0	0.0615275	-0.998105	0	None	None
ChainingRodShaped	7440	2.53577	0.5	-38.3322	63.171	0	0.737545	0.675298	0	None	None
ChainingRodShaped	6193	3.96122	0.5	-22.1763	52.1186	0	-0.998164	-0.0605758	0	None	None
ChainingRodShaped	7508	2.27498	0.5	-16.1776	51.014	0	-0.928774	0.370647	0	None	None
ChainingRodShaped	7572	2.1806	0.5	9.99707	25.8421	0	-0.685103	-0.728446	0	None	None
ChainingRodShaped	6199	3.40324	0.5	-23.6017	12.8703	0	0.413424	0.910539	0	None	None
ChainingRodShaped	6201	4.29143	0.5	29.8109	53.6326	0	0.223688	-0.974661	0	None	None
ChainingRodShaped	7580	2.19532	0.5	-5.42707	37.5549	0	-0.673504	-0.739183	0	None	None
ChainingRodShaped	6205	3.59832	0.5	44.4242	60.8686	0	0.596536	-0.802586	0	5229	6204
ChainingRodShaped	6207	4.83209	0.5	-3.10266	47.1775	0	0.1634	-0.98656	0	None	None
ChainingRodShaped	7548	2.27635	0.5	-53.665	51.1066	0	0.928049	-0.372459	0	None	None
ChainingRodShaped	6211	4.65066	0.5	-26.9385	53.5899	0	-0.995286	-0.096984	0	None	None
ChainingRodShaped	6213	2.97595	0.5	50.816	44.5042	0	0.502254	-0.86472	0	6752	6212
ChainingRodShaped	6215	3.4884	0.5	3.94796	23.3873	0	0.671329	0.741159	0	7646	6214
ChainingRodShaped	7358	2.38935	0.5	-43.9875	46.8533	0	0.609116	-0.793081	0	None	None
ChainingRodShaped	7294	2.34083	0.5	-26.8584	48.0787	0	0.956043	-0.293226	0	None	None
ChainingRodShaped	6221	3.92269	0.5	-40.516	40.7675	0	0.999061	-0.0433238	0	None	None
ChainingRodShaped	6223	3.56298	0.5	-32.1353	69.1537	0	0.909211	-0.416335	0	None	None
ChainingRodShaped	6225	4.44011	0.5	-53.597	48.9298	0	0.887864	-0.460107	0	None	None
ChainingRodShaped	6227	4.35398	0.5	-1.74134	32.5621	0	0.403824	0.914837	0	None	None
ChainingRodShaped	7278	2.33323	0.5	56.3926	34.3984	0	-0.661825	-0.749659	0	None	None
ChainingRodShaped	7240	2.54031	0.5	-14.8758	69.4761	0	0.55875	-0.829336	0	None	None
ChainingRodShaped	6233	4.46878	0.5	-22.9681	29.2497	0	-0.235194	-0.971948	0	None	None
ChainingRodShaped	7456	2.25335	0.5	-37.4681	12.0737	0	0.682691	-0.730707	0	None	None
ChainingRodShaped	6237	3.41837	0.5	-10.1146	16.4028	0	0.408146	0.912916	0	6886	6236
ChainingRodShaped	6239	3.53074	0.5	4.0613	52.4117	0	-0.995864	0.0908541	0	None	None
ChainingRodShaped	7640	2.14606	0.5	-2.75721	62.2928	0	0.859004	-0.511969	0	None	None
ChainingRodShaped	6243	4.92603	0.5	6.30232	37.1239	0	0.447602	0.894233	0	None	None
ChainingRodShaped	7352	2.41632	0.5	-9.82939	37.1557	0	-0.715397	-0.698719	0	None	None
ChainingRodShaped	6247	3.74935	0.5	-0.44917	41.6464	0	0.16788	0.985807	0	None	None
ChainingRodShaped	6249	4.82353	0.5	1.56947	42.9249	0	0.187561	0.982253	0	None	None
ChainingRodShaped	6251	4.74964	0.5	-1.3102	47.3048	0	0.172552	-0.985	0	None	None
ChainingRodShaped	6253	3.70533	0.5	28.9978	53.0831	0	0.22466	-0.974437	0	None	None
ChainingRodShaped	6255	4.66941	0.5	-34.4484	8.8009	0	0.68393	-0.729548	0	None	None
ChainingRodShaped	6257	3.71595	0.5	-5.92687	15.0484	0	-0.510908	-0.859635	0	None	None
ChainingRodShaped	6259	3.71024	0.5	25.3993	29.6135	0	-0.045974	-0.998943	0	None	None
ChainingRodShaped	6261	3.38498	0.5	-21.8607	81.7177	0	0.953984	-0.299857	0	None	6260
ChainingRodShaped	6263	4.86206	0.5	0.828432	54.2866	0	-0.999938	-0.0111391	0	None	None
ChainingRodShaped	7486	2.50121	0.5	19.7253	13.7693	0	-0.289813	-0.957083	0	None	None
ChainingRodShaped	7518	2.44437	0.5	39.3946	47.4248	0	-0.579252	0.815148	0	None	None
ChainingRodShaped	7418	2.50509	0.5	4.5714	59.4753	0	-0.444648	-0.895705	0	None	None
ChainingRodShaped	6271	4.15309	0.5	-19.214	-4.25059	0	-0.728555	-0.684987	0	6878	6270
ChainingRodShaped	7336	2.77093	0.5	42.5765	24.8044	0	-0.883329	-0.468754	0	None	None
ChainingRodShaped	6275	4.84783	0.5	45.3413	51.9148	0	-0.510621	0.859806	0	None	None
ChainingRodShaped	6277	3.59977	0.5	14.9583	26.5393	0	-0.352946	-0.935644	0	None	None
ChainingRodShaped	6279	4.89698	0.5	28.142	24.0396	0	-0.212736	-0.97711	0	None	None
ChainingRodShaped	6281	4.85343	0.5	-45.4385	53.5109	0	0.98823	0.152974	0	None	None
ChainingRodShaped	6283	3.88424	0.5	0.757412	16.9796	0	-0.656774	-0.754087	0	7498	6282
ChainingRodShaped	6285	4.52024	0.5	11.6041	45.7699	0	0.100224	-0.994965	0	None	None
ChainingRodShaped	6287	4.1906	0.5	-37.2643	29.1116	0	0.889404	0.457122	0	None	None
ChainingRodShaped	6289	4.2518	0.5	-22.4363	6.91259	0	0.661846	0.749639	0	None	None
ChainingRodShaped	6291	4.24825	0.5	21.0372	56.9977	0	-0.0561833	0.99842	0	None	None
ChainingRodShaped	6293	4.27454	0.5	0.933652	22.8992	0	0.62004	0.78457	0	None	None
ChainingRodShaped	6295	4.66659	0.5	28.8537	40.3538	0	0.18683	-0.982392	0	None	None
ChainingRodShaped	6297	3.34721	0.5	-10.9735	26.7649	0	0.842824	0.53819	0	None	None
ChainingRodShaped	7614	2.16654	0.5	-24.0482	45.2824	0	0.93698	-0.349383	0	None	None
ChainingRodShaped	7586	2.24911	0.5	47.152	27.6437	0	0.943744	0.330678	0	None	None
ChainingRodShaped	7520	2.22665	0.5	-30.4023	7.19878	0	0.729143	0.684362	0	None	None
ChainingRodShaped	6305	4.16252	0.5	-60.934	16.8535	0	0.728851	0.684672	0	6380	6304
ChainingRodShaped	6307	4.02012	0.5	16.1538	-2.44433	0	0.991312	0.131532	0	None	None
ChainingRodShaped	7436	2.57458	0.5	-6.2132	28.854	0	-0.836893	-0.547367	0	None	None
ChainingRodShaped	6311	4.09593	0.5	40.73	33.7857	0	0.397705	-0.917513	0	None	None
ChainingRodShaped	6313	3.8649	0.5	-22.6621	58.9457	0	0.844081	0.536216	0	None	None
ChainingRodShaped	6315	3.54456	0.5	-14.2115	48.3445	0	-0.937689	0.347476	0	None	None
ChainingRodShaped	6317	3.57589	0.5	11.6317	72.4439	0	-0.114768	0.993392	0	5934	6316
ChainingRodShaped	7444	2.27699	0.5	3.56816	59.5392	0	-0.438856	-0.898558	0	None	None
ChainingRodShaped	6321	3.64602	0.5	11.0675	58.1237	0	-0.147323	-0.989088	0	None	None
ChainingRodShaped	7720	2.01391	0.5	-11.6763	41.8629	0	-0.858247	-0.513237	0	None	None
ChainingRodShaped	7380	2.4544	0.5	16.5913	12.7784	0	-0.810882	0.585209	0	None	None
ChainingRodShaped	6327	4.69594	0.5	15.3909	14.777	0	-0.804972	0.593313	0	None	None
ChainingRodShaped	6329	4.05853	0.5	-6.66224	52.4207	0	-0.999978	0.00664943	0	None	None
ChainingRodShaped	6331	4.93167	0.5	27.3324	17.3023	0	-0.263131	-0.96476	0	None	None
ChainingRodShaped	6333	3.6714	0.5	3.46201	-0.787783	0	-0.695731	0.718302	0	None	None
ChainingRodShaped	6335	3.41867	0.5	4.21209	26.3629	0	0.682142	0.731219	0	None	None
ChainingRodShaped	6337	3.80272	0.5	-19.1804	13.4053	0	-0.665681	-0.746236	0	6150	6336
ChainingRodShaped	6339	3.74938	0.5	-40.7436	56.7898	0	0.736937	0.675961	0	None	None
ChainingRodShaped	6341	3.90058	0.5	38.4667	17.3144	0	-0.658671	-0.752431	0	None	None
ChainingRodShaped	6343	4.27596	0.5	-7.99273	49.9505	0	0.728502	-0.685044	0	None	None
ChainingRodShaped	6345	3.42029	0.5	34.7886	35.3834	0	-0.201518	-0.979485	0	None	None
ChainingRodShaped	7494	2.20473	0.5	-16.6923	34.2345	0	0.370831	0.9287	0	None	None
ChainingRodShaped	7682	2.03049	0.5	-17.9327	33.6428	0	-0.320931	-0.947103	0	None	None
ChainingRodShaped	6351	4.48544	0.5	-28.9421	31.3858	0	0.886812	0.462131	0	None	None
ChainingRodShaped	6353	4.5936	0.5	13.0759	41.0763	0	0.782469	0.62269	0	None	None
ChainingRodShaped	6355	3.64153	0.5	-44.7092	32.3708	0	0.738438	0.674321	0	5247	6354
ChainingRodShaped	6357	4.44404	0.5	35.324	5.59818	0	-0.976354	-0.216177	0	None	None
ChainingRodShaped	7636	2.20779	0.5	8.43091	7.10242	0	-0.589355	0.807874	0	None	None
ChainingRodShaped	6361	3.80341	0.5	-9.6751	41.978	0	-0.853075	-0.521788	0	None	None
ChainingRodShaped	7582	2.21253	0.5	-39.0195	49.6303	0	-0.86501	0.501754	0	None	None
ChainingRodShaped	7638	2.1809	0.5	-38.07	29.7948	0	0.887398	0.461003	0	None	None
ChainingRodShaped	6367	4.78119	0.5	24.8655	46.7539	0	0.179874	-0.98369	0	None	None
ChainingRodShaped	6369	4.04668	0.5	27.936	53.6006	0	0.229681	-0.973266	0	None	None
ChainingRodShaped	6371	4.25804	0.5	3.76565	32.2434	0	-0.477624	-0.878565	0	None	None
ChainingRodShaped	6373	4.90509	0.5	-14.824	29.3395	0	-0.412483	-0.910965	0	None	None
ChainingRodShaped	6375	3.82189	0.5	-33.4069	67.1825	0	0.804749	-0.593615	0	None	None
ChainingRodShaped	6377	4.51294	0.5	10.7809	45.0332	0	0.090294	-0.995915	0	None	None
ChainingRodShaped	7630	2.13229	0.5	30.9613	71.8181	0	0.557472	-0.830196	0	None	None
ChainingRodShaped	6381	2.73056	0.5	-67.1357	11.031	0	0.728501	0.685045	0	6382	6380
ChainingRodShaped	6383	3.19595	0.5	-73.7262	4.8255	0	0.727868	0.685717	0	None	6382
ChainingRodShaped	6385	4.68456	0.5	-24.6225	15.1835	0	0.41251	0.910953	0	None	None
ChainingRodShaped	6387	4.12824	0.5	-10.7264	70.1951	0	0.463972	-0.88585	0	None	None
ChainingRodShaped	6389	3.26133	0.5	11.1988	0.43584	0	-0.279741	0.960075	0	None	None
ChainingRodShaped	6391	3.46259	0.5	-21.7061	48.2234	0	0.935974	-0.352069	0	None	None
ChainingRodShaped	7584	2.24726	0.5	9.57066	8.79215	0	0.503846	-0.863794	0	None	None
ChainingRodShaped	6395	3.64005	0.5	28.0424	27.7233	0	-0.197762	-0.98025	0	None	None
ChainingRodShaped	6397	4.23581	0.5	-42.1831	62.5751	0	-0.805809	-0.592176	0	None	None
ChainingRodShaped	6399	4.3355	0.5	5.24157	48.0139	0	0.327272	0.94493	0	None	None
ChainingRodShaped	6401	4.78354	0.5	43.5848	20.2227	0	-0.667695	-0.744435	0	None	None
ChainingRodShaped	6403	4.81029	0.5	25.4881	16.487	0	-0.500805	-0.86556	0	None	None
ChainingRodShaped	6405	3.59331	0.5	-14.6595	59.2505	0	-0.919134	0.393945	0	None	None
ChainingRodShaped	7606	2.29105	0.5	1.91852	67.3203	0	0.256243	-0.966612	0	None	None
ChainingRodShaped	6409	4.24051	0.5	27.1315	63.944	0	0.28325	-0.959046	0	None	None
ChainingRodShaped	6411	3.54917	0.5	39.1805	55.804	0	-0.623236	0.782034	0	None	None
ChainingRodShaped	7524	2.34325	0.5	30.8122	19.5771	0	0.0056017	-0.999984	0	None	None
ChainingRodShaped	7504	2.46523	0.5	-29.8096	73.2296	0	-0.151193	0.988504	0	None	None
ChainingRodShaped	6417	3.72711	0.5	38.4059	5.66968	0	-0.605148	-0.796113	0	None	None
ChainingRodShaped	6419	2.98299	0.5	10.6548	80.8169	0	-0.116627	0.993176	0	6316	6418
ChainingRodShaped	6421	3.62342	0.5	-1.99731	25.7298	0	-0.452755	-0.891635	0	6738	6420
ChainingRodShaped	7514	2.39644	0.5	-41.5081	69.1905	0	0.547233	-0.83698	0	None	None
ChainingRodShaped	6425	3.8421	0.5	-36.7018	55.2399	0	0.963204	-0.268771	0	None	None
ChainingRodShaped	6427	3.56308	0.5	-1.31783	23.0792	0	-0.50187	-0.864943	0	None	None
ChainingRodShaped	6429	4.34871	0.5	34.11	7.26235	0	0.97452	0.224299	0	None	None
ChainingRodShaped	6431	3.9591	0.5	-21.3352	-4.64853	0	0.657745	0.75324	0	None	6430
ChainingRodShaped	6433	4.56102	0.5	-52.3899	46.0364	0	0.918855	-0.394595	0	None	None
ChainingRodShaped	6435	4.54338	0.5	-11.94	50.0054	0	0.714536	-0.699599	0	None	None
ChainingRodShaped	6437	3.43771	0.5	17.2207	11.1858	0	0.815741	-0.578417	0	None	None
ChainingRodShaped	6439	4.87794	0.5	31.0739	73.4266	0	0.555335	-0.831627	0	None	None
ChainingRodShaped	6441	3.75001	0.5	-4.064	61.9036	0	0.891222	-0.453568	0	None	None
ChainingRodShaped	6443	3.407	0.5	-31.5383	17.9629	0	0.809089	-0.587686	0	None	None
ChainingRodShaped	6445	4.71517	0.5	37.433	51.7293	0	0.591863	-0.806039	0	None	None
ChainingRodShaped	6447	3.29437	0.5	-21.7618	74.4561	0	-0.986759	-0.162192	0	None	None
ChainingRodShaped	7598	2.19516	0.5	-10.7616	55.2306	0	-0.999981	0.00617661	0	None	None
ChainingRodShaped	6451	2.78905	0.5	17.7801	66.2853	0	0.0542897	-0.998525	0	5089	6450
ChainingRodShaped	6453	4.80132	0.5	22.2416	1.60777	0	-0.892397	0.45125	0	None	None
ChainingRodShaped	6455	3.54115	0.5	-37.2286	28.0382	0	0.887032	0.461708	0	7284	6454
ChainingRodShaped	6457	3.47257	0.5	14.1871	22.0067	0	-0.995927	-0.0901578	0	None	None
ChainingRodShaped	7554	2.2419	0.5	-30.328	39.8759	0	0.888997	0.457912	0	None	None
ChainingRodShaped	6461	3.20349	0.5	47.1213	22.6676	0	-0.679862	-0.73334	0	None	None
ChainingRodShaped	7670	2.09104	0.5	-19.8574	9.0666	0	0.294069	0.955784	0	None	None
ChainingRodShaped	6465	4.74488	0.5	-2.43874	33.1541	0	0.402148	0.915575	0	None	None
ChainingRodShaped	6467	4.56948	0.5	-29.9573	20.811	0	0.999937	-0.0112384	0	None	None
ChainingRodShaped	6469	4.83552	0.5	-3.06825	68.3769	0	-0.153201	-0.988195	0	None	None
ChainingRodShaped	6471	3.89804	0.5	-33.275	40.4546	0	0.884621	0.466311	0	5237	6470
ChainingRodShaped	6473	4.77523	0.5	-19.0522	26.4613	0	-0.950119	-0.311887	0	None	None
ChainingRodShaped	6475	3.70556	0.5	50.4226	27.7305	0	-0.670855	-0.741588	0	None	None
ChainingRodShaped	7576	2.28922	0.5	-22.0384	67.7573	0	0.901836	-0.432078	0	None	None
ChainingRodShaped	6479	3.4561	0.5	-33.0886	27.5596	0	0.746842	0.665001	0	None	None
ChainingRodShaped	6481	4.01057	0.5	-17.539	40.8159	0	-0.857346	-0.514741	0	None	None
ChainingRodShaped	6483	3.61062	0.5	-20.6167	34.1026	0	-0.286283	-0.958145	0	None	None
ChainingRodShaped	6485	3.1567	0.5	-2.60703	26.5184	0	0.444877	0.895592	0	5912	6484
ChainingRodShaped	6487	4.02782	0.5	8.35389	1.85764	0	-0.684666	0.728857	0	None	None
ChainingRodShaped	6489	3.02676	0.5	17.4966	50.9328	0	-0.0421705	0.99911	0	5309	6488
ChainingRodShaped	6491	3.86097	0.5	-23.6644	55.7299	0	0.998633	0.0522673	0	None	None
ChainingRodShaped	6493	3.9713	0.5	25.2678	63.6747	0	0.269667	-0.962954	0	None	None
ChainingRodShaped	6495	4.28453	0.5	2.3253	32.9997	0	0.459913	0.887964	0	None	None
ChainingRodShaped	6497	2.71734	0.5	19.0945	58.2918	0	0.0433864	-0.999058	0	5930	6496
ChainingRodShaped	6499	4.82003	0.5	17.7776	9.66978	0	0.809915	-0.586547	0	None	None
ChainingRodShaped	6501	4.7909	0.5	-33.8096	12.4202	0	0.669633	-0.742692	0	None	None
ChainingRodShaped	6503	4.43669	0.5	11.2091	6.95177	0	-0.196097	0.980585	0	None	None
ChainingRodShaped	6505	3.67503	0.5	-31.4226	49.348	0	-0.99278	-0.119946	0	None	None
ChainingRodShaped	6507	4.63072	0.5	0.712014	43.1303	0	0.177729	0.984079	0	None	None
ChainingRodShaped	6509	3.47668	0.5	-27.0515	36.5135	0	0.882665	0.470003	0	None	None
ChainingRodShaped	6511	4.98841	0.5	-42.3908	52.1526	0	-0.17742	-0.984135	0	None	None
ChainingRodShaped	6513	4.14431	0.5	15.1122	10.5517	0	-0.503876	0.863776	0	None	None
ChainingRodShaped	6515	3.93817	0.5	0.586466	68.7004	0	0.24734	-0.968929	0	None	None
ChainingRodShaped	6517	4.4499	0.5	15.7794	68.6597	0	0.0737543	-0.997276	0	None	None
ChainingRodShaped	6519	4.89778	0.5	-11.2267	29.73	0	-0.832432	-0.554128	0	None	None
ChainingRodShaped	7708	2.0316	0.5	-12.3536	42.5407	0	-0.860798	-0.508947	0	None	None
ChainingRodShaped	6523	3.89555	0.5	-18.7258	24.5854	0	-0.94996	-0.31237	0	None	None
ChainingRodShaped	6525	4.06942	0.5	4.31888	51.3769	0	-0.981536	0.191278	0	None	None
ChainingRodShaped	6527	3.84744	0.5	-28.4389	70.8403	0	-0.158241	0.9874	0	None	None
ChainingRodShaped	6529	4.13022	0.5	-34.5963	44.607	0	0.999461	0.0328231	0	None	None
ChainingRodShaped	6531	4.04258	0.5	-50.9075	59.1003	0	0.211886	-0.977294	0	None	None
ChainingRodShaped	6533	3.51816	0.5	14.901	68.5941	0	0.0837057	-0.996491	0	None	None
ChainingRodShaped	6535	3.26999	0.5	32.7724	8.94646	0	0.634493	0.772929	0	None	6534
ChainingRodShaped	6537	3.35227	0.5	-48.8757	53.4663	0	0.726178	0.687507	0	None	None
ChainingRodShaped	6539	3.8646	0.5	-29.7637	34.2663	0	0.964578	0.263796	0	None	None
ChainingRodShaped	6541	4.9089	0.5	-49.782	49.7909	0	-0.493387	0.86981	0	None	None
ChainingRodShaped	6543	3.71799	0.5	-13.2875	48.9712	0	-0.935016	0.354606	0	None	None
ChainingRodShaped	6545	3.54421	0.5	27.3617	70.1354	0	-0.532075	0.846697	0	None	None
ChainingRodShaped	6547	3.08736	0.5	-29.6494	19.8731	0	0.999917	-0.0128984	0	None	None
ChainingRodShaped	6549	3.77869	0.5	36.0238	66.0411	0	0.172197	-0.985063	0	None	None
ChainingRodShaped	6551	3.29975	0.5	42.3902	20.3415	0	0.662614	0.748961	0	7564	6550
ChainingRodShaped	7704	2.05946	0.5	-13.4957	45.0961	0	-0.86474	-0.50222	0	None	None
ChainingRodShaped	6555	4.14939	0.5	26.0711	24.2521	0	-0.0788614	-0.996886	0	None	None
ChainingRodShaped	6557	2.83568	0.5	-9.22874	-5.68055	0	-0.977001	-0.213233	0	6052	6556
ChainingRodShaped	6559	2.83719	0.5	7.58267	-2.65865	0	-0.989076	-0.147406	0	7276	6558
ChainingRodShaped	6561	4.52354	0.5	39.758	9.14887	0	-0.999086	-0.0427503	0	None	None
ChainingRodShaped	6563	3.04464	0.5	41.8893	61.475	0	-0.501806	0.86498	0	None	None
ChainingRodShaped	6565	3.73219	0.5	19.6531	66.528	0	0.0463599	-0.998925	0	5341	6564
ChainingRodShaped	6567	3.26511	0.5	-4.13061	37.635	0	-0.672759	-0.739862	0	None	None
ChainingRodShaped	6569	3.39362	0.5	-21.9779	21.8995	0	0.207413	-0.978253	0	None	None
ChainingRodShaped	6571	4.52507	0.5	2.47559	42.8752	0	0.197369	0.980329	0	None	None
ChainingRodShaped	6573	4.77923	0.5	13.561	7.8266	0	0.477766	-0.878487	0	None	None
ChainingRodShaped	6575	4.76487	0.5	-28.4718	36.8101	0	-0.887325	-0.461145	0	None	None
ChainingRodShaped	6577	3.69573	0.5	-10.5566	29.1335	0	-0.83529	-0.54981	0	None	None
ChainingRodShaped	6579	3.97957	0.5	-41.8157	18.9464	0	0.997306	0.0733514	0	None	None
ChainingRodShaped	6581	4.87921	0.5	30.7781	43.8551	0	0.466731	-0.884399	0	None	None
ChainingRodShaped	6583	3.36793	0.5	49.1238	56.1012	0	-0.583387	0.812195	0	7320	6582
ChainingRodShaped	6585	2.68349	0.5	23.6958	33.4116	0	-0.00404699	-0.999992	0	6858	6584
ChainingRodShaped	6587	4.71884	0.5	-7.60761	46.0879	0	-0.416202	0.909272	0	None	None
ChainingRodShaped	6589	3.29641	0.5	36.025	50.4278	0	0.59614	-0.80288	0	None	None
ChainingRodShaped	6591	4.00379	0.5	-29.7931	33.3872	0	0.967156	0.254184	0	None	None
ChainingRodShaped	6593	4.9769	0.5	38.5223	26.7245	0	-0.0578288	-0.998327	0	None	None
ChainingRodShaped	6595	4.51212	0.5	5.95414	8.2283	0	-0.735429	0.677602	0	None	None
ChainingRodShaped	6597	4.17321	0.5	36.7041	30.5888	0	0.0362764	-0.999342	0	None	None
ChainingRodShaped	6599	3.15642	0.5	54.1069	40.8185	0	-0.50839	0.861127	0	None	None
ChainingRodShaped	6601	3.72702	0.5	30.9959	1.53822	0	0.32422	-0.945982	0	None	None
ChainingRodShaped	6603	3.89952	0.5	22.3052	44.9414	0	0.0924315	-0.995719	0	None	None
ChainingRodShaped	6605	3.14816	0.5	38.7014	61.1419	0	-0.940175	0.340691	0	None	None
ChainingRodShaped	6607	4.45184	0.5	26.2828	29.524	0	-0.048408	-0.998828	0	None	None
ChainingRodShaped	6609	3.06133	0.5	-42.4469	68.8528	0	0.542687	-0.839935	0	None	None
ChainingRodShaped	6611	4.01434	0.5	13.1785	1.25269	0	-0.177209	0.984173	0	None	None
ChainingRodShaped	6613	4.91897	0.5	-22.173	50.3302	0	-0.945603	0.325323	0	None	None
ChainingRodShaped	6615	3.10571	0.5	45.9877	19.9705	0	-0.673966	-0.738763	0	None	None
ChainingRodShaped	6617	4.61309	0.5	46.6248	55.5424	0	-0.510158	0.860081	0	None	None
ChainingRodShaped	6619	4.76991	0.5	24.523	62.9429	0	0.267693	-0.963504	0	None	None
ChainingRodShaped	6621	3.2821	0.5	-28.0971	52.5517	0	0.995436	0.0954366	0	7480	6620
ChainingRodShaped	6623	3.74294	0.5	-35.9488	23.6377	0	0.984652	0.174529	0	None	None
ChainingRodShaped	6625	3.1218	0.5	19.8069	7.14198	0	0.893832	-0.448402	0	None	None
ChainingRodShaped	6627	3.22454	0.5	23.6339	55.596	0	0.262818	-0.964845	0	None	None
ChainingRodShaped	6629	4.4216	0.5	-2.23961	47.4316	0	0.168447	-0.985711	0	None	None
ChainingRodShaped	6631	4.16726	0.5	26.1115	41.704	0	0.0416568	-0.999132	0	None	None
ChainingRodShaped	6633	4.63796	0.5	-28.7628	62.3576	0	0.657235	-0.753686	0	None	None
ChainingRodShaped	6635	4.4275	0.5	-6.82214	50.0223	0	0.735304	-0.677737	0	None	None
ChainingRodShaped	6637	3.10112	0.5	51.0753	34.7717	0	-0.252316	0.967645	0	None	None
ChainingRodShaped	6639	2.9614	0.5	11.1264	34.8613	0	-0.938385	-0.345592	0	None	None
ChainingRodShaped	6641	4.00103	0.5	-5.79731	24.0103	0	0.430811	0.902442	0	None	None
ChainingRodShaped	6643	4.31057	0.5	-21.8668	36.3994	0	-0.265901	-0.964	0	None	None
ChainingRodShaped	6645	3.269	0.5	13.9003	9.06976	0	0.486519	-0.87367	0	None	None
ChainingRodShaped	6647	3.52984	0.5	52.0299	36.6059	0	0.0265966	-0.999646	0	None	None
ChainingRodShaped	6649	3.30402	0.5	-51.2649	22.0038	0	0.990793	0.135382	0	None	None
ChainingRodShaped	6651	4.62593	0.5	47.6354	44.4893	0	-0.599652	0.800261	0	None	None
ChainingRodShaped	6653	4.3085	0.5	-0.314315	71.5619	0	-0.710943	-0.70325	0	None	None
ChainingRodShaped	6655	3.59222	0.5	-9.87049	7.93301	0	0.688437	0.725296	0	6826	6654
ChainingRodShaped	6657	3.05216	0.5	-68.8625	60.2508	0	-0.690209	0.72361	0	5650	6656
ChainingRodShaped	6659	4.25726	0.5	9.09359	37.1593	0	0.966581	0.25636	0	None	None
ChainingRodShaped	6661	4.77155	0.5	33.2852	55.2896	0	0.921857	-0.38753	0	None	None
ChainingRodShaped	6663	3.6675	0.5	14.5284	40.5338	0	0.925233	0.379399	0	None	None
ChainingRodShaped	6665	3.45237	0.5	23.8333	15.4812	0	-0.509436	-0.860509	0	None	None
ChainingRodShaped	6667	3.50065	0.5	-11.2294	57.3166	0	-0.989728	0.142963	0	None	None
ChainingRodShaped	6669	3.68814	0.5	6.34232	19.1288	0	-0.659338	-0.751846	0	None	None
ChainingRodShaped	6671	2.8654	0.5	-45.3748	74.2424	0	0.906418	-0.422381	0	None	6670
ChainingRodShaped	6673	3.6357	0.5	-29.3227	43.8769	0	-0.998188	-0.0601679	0	7426	6672
ChainingRodShaped	6675	3.49663	0.5	-32.667	65.44	0	0.810694	-0.58547	0	None	None
ChainingRodShaped	6677	4.648	0.5	34.6207	68.3867	0	0.157262	-0.987557	0	None	None
ChainingRodShaped	6679	3.13272	0.5	-44.6056	58.5053	0	-0.999944	-0.0105983	0	None	None
ChainingRodShaped	6681	4.19187	0.5	-36.7335	68.0273	0	0.888628	-0.458629	0	None	None
ChainingRodShaped	6683	3.27584	0.5	-37.4997	60.3896	0	0.684324	-0.729178	0	None	None
ChainingRodShaped	6685	3.14127	0.5	10.4045	16.5009	0	-0.529687	-0.848193	0	None	None
ChainingRodShaped	6687	3.2474	0.5	31.4946	44.4284	0	0.475564	-0.879681	0	None	None
ChainingRodShaped	6689	3.64239	0.5	-10.9913	56.3377	0	-0.991109	0.133055	0	None	None
ChainingRodShaped	6691	3.50116	0.5	-46.8718	25.6924	0	0.845951	0.533261	0	None	None
ChainingRodShaped	6693	3.47587	0.5	36.7423	17.1263	0	-0.750498	-0.660873	0	None	None
ChainingRodShaped	6695	3.16099	0.5	22.0992	19.6454	0	-0.677759	-0.735284	0	None	None
ChainingRodShaped	6697	3.34932	0.5	-30.62	8.32595	0	0.73286	0.68038	0	None	None
ChainingRodShaped	6699	3.80741	0.5	26.1293	-0.23448	0	-0.384905	-0.922956	0	None	None
ChainingRodShaped	6701	4.02934	0.5	25.8917	8.4894	0	-0.596597	-0.802541	0	None	None
ChainingRodShaped	6703	2.82301	0.5	-25.0157	7.0679	0	-0.693883	-0.720087	0	6336	6702
ChainingRodShaped	6705	3.93709	0.5	36.3973	63.0863	0	-0.915774	0.401694	0	None	None
ChainingRodShaped	6707	3.22341	0.5	-5.53158	61.4279	0	0.917167	-0.398502	0	None	None
ChainingRodShaped	6709	3.19572	0.5	31.7687	62.093	0	-0.902596	0.430488	0	None	None
ChainingRodShaped	6711	3.04305	0.5	12.9887	68.6647	0	0.103422	-0.994638	0	None	None
ChainingRodShaped	6713	3.46968	0.5	-26.9301	6.4913	0	0.714613	0.69952	0	None	None
ChainingRodShaped	6715	4.15049	0.5	-37.153	25.3831	0	0.981943	0.189177	0	None	None
ChainingRodShaped	6717	4.30125	0.5	4.82499	0.0952238	0	-0.409269	0.912414	0	None	None
ChainingRodShaped	6719	3.45941	0.5	17.5914	87.0351	0	0.0554412	-0.998462	0	7452	6718
ChainingRodShaped	6721	3.1556	0.5	39.8688	11.1434	0	0.999457	0.0329391	0	None	None
ChainingRodShaped	6723	4.00224	0.5	14.2768	65.2577	0	0.0934843	-0.995621	0	None	None
ChainingRodShaped	6725	4.45744	0.5	-4.84101	75.204	0	-0.946682	0.322169	0	None	None
ChainingRodShaped	6727	3.59674	0.5	-5.46558	33.1592	0	-0.970901	-0.239481	0	None	None
ChainingRodShaped	6729	4.56661	0.5	-33.5268	37.0929	0	0.866599	0.499005	0	None	None
ChainingRodShaped	6731	3.47104	0.5	-74.2557	66.2064	0	-0.657902	0.753104	0	6656	6730
ChainingRodShaped	6733	4.13593	0.5	41.7478	41.1998	0	0.621454	-0.78345	0	None	None
ChainingRodShaped	6735	3.22538	0.5	-16.9227	20.1876	0	0.638167	0.769898	0	None	None
ChainingRodShaped	6737	3.18213	0.5	-0.189121	11.6177	0	-0.646799	-0.762661	0	None	None
ChainingRodShaped	6739	2.85161	0.5	1.45982	33.2185	0	-0.397876	-0.917439	0	5431	6738
ChainingRodShaped	6741	3.50225	0.5	23.0991	-0.570527	0	-0.992788	-0.119879	0	None	6740
ChainingRodShaped	6743	3.64737	0.5	-46.5101	15.5181	0	0.868954	0.494893	0	None	None
ChainingRodShaped	6745	4.068	0.5	50.6359	40.4792	0	-0.815944	0.578131	0	None	None
ChainingRodShaped	6747	3.51948	0.5	16.1259	77.2489	0	-0.0710072	0.997476	0	6894	6746
ChainingRodShaped	6749	3.35526	0.5	-48.079	50.706	0	0.492563	-0.870277	0	None	None
ChainingRodShaped	6751	3.06593	0.5	-35.4945	62.4185	0	0.775001	-0.63196	0	None	None
ChainingRodShaped	6753	2.65068	0.5	46.6808	51.5693	0	0.507549	-0.861623	0	5294	6752
ChainingRodShaped	6755	2.60993	0.5	-7.52939	57.1334	0	0.920246	-0.39134	0	6928	6754
ChainingRodShaped	6757	2.97294	0.5	6.48435	32.9278	0	0.630974	0.775804	0	None	None
ChainingRodShaped	6759	3.21401	0.5	21.3621	71.0596	0	0.0379269	-0.999281	0	None	None
ChainingRodShaped	6761	2.76054	0.5	31.9342	75.9841	0	0.531688	-0.84694	0	4965	6760
ChainingRodShaped	6763	3.99316	0.5	-5.56874	22.6073	0	0.469508	0.882928	0	None	None
ChainingRodShaped	6765	3.20859	0.5	-55.4639	55.883	0	0.433595	0.901108	0	None	None
ChainingRodShaped	6767	3.16289	0.5	-42.7477	57.5125	0	-0.742768	-0.669549	0	None	None
ChainingRodShaped	6769	3.66839	0.5	34.5905	21.231	0	0.0267824	-0.999641	0	None	None
ChainingRodShaped	6771	2.98676	0.5	35.7256	72.0919	0	0.621019	-0.783796	0	None	6770
ChainingRodShaped	6773	3.38853	0.5	5.95821	-0.0685269	0	-0.418374	0.908275	0	None	None
ChainingRodShaped	6775	3.03811	0.5	50.8394	41.9823	0	-0.648779	0.760977	0	None	None
ChainingRodShaped	6777	3.31969	0.5	-72.6481	62.8542	0	0.650456	-0.759544	0	6882	6776
ChainingRodShaped	6779	2.84295	0.5	40.8062	50.3245	0	0.596579	-0.802554	0	None	None
ChainingRodShaped	6781	3.46353	0.5	12.2222	49.1878	0	0.101266	-0.994859	0	None	None
ChainingRodShaped	6783	3.27799	0.5	33.0596	43.5911	0	0.496847	-0.867838	0	None	None
ChainingRodShaped	6785	2.98133	0.5	-12.8032	23.547	0	0.660619	0.750722	0	None	None
ChainingRodShaped	6787	4.3548	0.5	-40.8932	32.946	0	0.815519	0.57873	0	None	None
ChainingRodShaped	6789	4.00028	0.5	15.2583	18.4978	0	0.604205	0.796829	0	None	None
ChainingRodShaped	6791	4.37522	0.5	20.1326	5.9067	0	0.897535	-0.440943	0	None	None
ChainingRodShaped	6793	3.81908	0.5	46.6377	53.5824	0	-0.509173	0.860664	0	None	None
ChainingRodShaped	6795	4.18035	0.5	-46.2748	57.5268	0	-0.999996	-0.00274434	0	None	None
ChainingRodShaped	6797	4.34957	0.5	5.31839	70.3729	0	-0.929447	0.368955	0	None	None
ChainingRodShaped	6799	3.99404	0.5	31.4038	36.1759	0	0.124544	-0.992214	0	None	None
ChainingRodShaped	6801	2.82036	0.5	-16.0144	47.0357	0	-0.934597	0.355709	0	None	None
ChainingRodShaped	6803	2.99378	0.5	-53.0105	32.0868	0	0.412101	-0.911138	0	6142	6802
ChainingRodShaped	6805	2.99933	0.5	7.59485	41.4349	0	-0.456931	-0.889502	0	None	6804
ChainingRodShaped	6807	3.61	0.5	-46.1914	51.439	0	0.907542	-0.419961	0	None	None
ChainingRodShaped	6809	4.0831	0.5	-29.4443	14.8403	0	0.657664	0.753311	0	None	None
ChainingRodShaped	6811	3.51748	0.5	-45.6759	24.8728	0	0.941073	0.338203	0	None	None
ChainingRodShaped	6813	3.03689	0.5	39.518	37.9619	0	0.538117	-0.84287	0	None	None
ChainingRodShaped	6815	2.95224	0.5	-4.67114	70.5035	0	-0.153094	-0.988212	0	None	None
ChainingRodShaped	6817	3.23163	0.5	18.6543	36.1762	0	-0.70452	-0.709685	0	None	6816
ChainingRodShaped	6819	3.92184	0.5	-16.5096	70.0861	0	0.589401	-0.807841	0	None	None
ChainingRodShaped	6821	3.77637	0.5	-1.41509	51.4804	0	-0.999915	-0.013057	0	None	None
ChainingRodShaped	6823	3.18862	0.5	-43.4987	51.3041	0	-0.167576	-0.985859	0	None	None
ChainingRodShaped	6825	3.23826	0.5	32.6646	33.5227	0	0.114615	-0.99341	0	None	None
ChainingRodShaped	6827	2.91337	0.5	-15.2928	2.14297	0	0.675622	0.737248	0	6430	6826
ChainingRodShaped	6829	4.04749	0.5	20.5103	68.5416	0	-0.0438339	0.999039	0	None	None
ChainingRodShaped	6831	4.30123	0.5	-33.9317	50.9863	0	-0.994981	-0.100067	0	None	None
ChainingRodShaped	6833	4.19414	0.5	6.67658	59.3229	0	0.0611142	-0.998131	0	None	None
ChainingRodShaped	6835	4.01334	0.5	-37.2135	26.3498	0	0.980311	0.197461	0	None	None
ChainingRodShaped	6837	3.06493	0.5	40.2982	52.3264	0	-0.903657	0.428256	0	None	None
ChainingRodShaped	6839	3.58043	0.5	15.6302	51.1422	0	0.0598399	-0.998208	0	None	None
ChainingRodShaped	6841	3.07862	0.5	35.943	38.1325	0	0.118338	-0.992973	0	None	None
ChainingRodShaped	6843	2.94437	0.5	34.9121	58.5921	0	-0.921134	0.389245	0	None	None
ChainingRodShaped	6845	4.16095	0.5	16.1966	59.188	0	0.0378461	-0.999284	0	None	None
ChainingRodShaped	6847	3.52168	0.5	-8.41259	68.8468	0	-0.475482	-0.879725	0	None	None
ChainingRodShaped	6849	3.39286	0.5	27.8028	12.104	0	-0.718349	-0.695683	0	None	None
ChainingRodShaped	6851	2.92033	0.5	-21.988	13.0837	0	0.677323	0.735685	0	None	None
ChainingRodShaped	6853	2.85744	0.5	43.406	50.0937	0	-0.586328	0.810073	0	None	None
ChainingRodShaped	6855	2.81932	0.5	28.8544	71.4268	0	0.538604	-0.842559	0	None	None
ChainingRodShaped	6857	3.82272	0.5	41.9541	42.4523	0	0.625365	-0.780332	0	None	None
ChainingRodShaped	6859	2.61463	0.5	23.4224	41.2425	0	0.0688575	-0.997627	0	5268	6858
ChainingRodShaped	6861	3.726	0.5	12.9989	50.6983	0	0.0954623	-0.995433	0	None	None
ChainingRodShaped	6863	2.74916	0.5	-14.1149	43.6606	0	0.867296	0.497793	0	None	None
ChainingRodShaped	6865	3.59246	0.5	10.8509	25.4126	0	-0.692343	-0.721569	0	None	None
ChainingRodShaped	6867	3.20831	0.5	-55.0999	17.8629	0	0.854664	0.519181	0	5762	6866
ChainingRodShaped	6869	2.85372	0.5	25.8013	54.4976	0	0.245958	-0.96928	0	None	None
ChainingRodShaped	6871	3.61881	0.5	31.6612	23.6781	0	-0.0380744	0.999275	0	None	None
ChainingRodShaped	6873	3.15763	0.5	0.973232	53.37	0	0.999896	0.0144499	0	7264	6872
ChainingRodShaped	6875	3.43584	0.5	-41.6188	17.981	0	0.997277	0.0737489	0	None	None
ChainingRodShaped	6877	4.16609	0.5	6.56	41.2869	0	0.447955	0.894056	0	None	None
ChainingRodShaped	6879	2.69187	0.5	-13.4048	1.39224	0	-0.700714	-0.713442	0	7602	6878
ChainingRodShaped	6881	3.76249	0.5	-23.2136	34.9065	0	-0.26932	-0.963051	0	None	None
ChainingRodShaped	6883	3.15569	0.5	-78.1396	69.1738	0	0.65844	-0.752633	0	6086	6882
ChainingRodShaped	6885	4.08172	0.5	-20.8368	60.9796	0	-0.905266	0.424844	0	None	None
ChainingRodShaped	6887	2.92266	0.5	-13.4019	9.20905	0	0.430077	0.902792	0	7376	6886
ChainingRodShaped	6889	3.70187	0.5	4.9516	69.4984	0	0.93075	-0.365657	0	None	None
ChainingRodShaped	6891	3.30307	0.5	24.8574	33.0759	0	-0.202357	-0.979312	0	None	None
ChainingRodShaped	6893	3.47747	0.5	46.4962	37.8275	0	0.572785	-0.819706	0	None	None
ChainingRodShaped	6895	2.70523	0.5	16.6701	69.2972	0	-0.0643055	0.99793	0	5706	6894
ChainingRodShaped	6897	3.11846	0.5	-9.61283	60.0945	0	0.914836	-0.403826	0	None	None
ChainingRodShaped	6899	3.57391	0.5	0.376133	64.3242	0	-0.0322733	-0.999479	0	None	None
ChainingRodShaped	6901	3.30717	0.5	-21.8156	73.4488	0	-0.986953	-0.161007	0	None	None
ChainingRodShaped	6903	3.93691	0.5	-17.8462	69.4137	0	0.362788	-0.931872	0	None	None
ChainingRodShaped	6905	4.11005	0.5	35.0523	48.1916	0	-0.25485	0.966981	0	None	None
ChainingRodShaped	6907	3.58851	0.5	0.696813	11.2392	0	-0.639162	-0.769072	0	None	None
ChainingRodShaped	6909	3.38328	0.5	5.90269	34.2407	0	0.45652	0.889713	0	None	None
ChainingRodShaped	6911	3.07572	0.5	-43.0455	60.4223	0	0.999236	0.0390891	0	None	None
ChainingRodShaped	6913	2.95135	0.5	23.1077	53.783	0	0.141279	-0.98997	0	None	None
ChainingRodShaped	6915	2.779	0.5	-29.9089	60.1432	0	0.684037	-0.729447	0	None	None
ChainingRodShaped	6917	3.08561	0.5	-35.0354	-2.64169	0	-0.732381	-0.680895	0	5454	6916
ChainingRodShaped	6919	3.56889	0.5	-2.41713	37.9364	0	-0.402346	-0.915488	0	None	None
ChainingRodShaped	6921	2.74795	0.5	39.5888	30.2986	0	0.0183341	-0.999832	0	None	None
ChainingRodShaped	6923	3.77915	0.5	-41.1413	17.0401	0	0.996748	0.0805797	0	None	None
ChainingRodShaped	6925	2.91555	0.5	-35.2647	22.7939	0	0.98535	0.170543	0	None	None
ChainingRodShaped	6927	3.23369	0.5	9.63775	47.3752	0	0.0952831	-0.99545	0	None	None
ChainingRodShaped	6929	2.53205	0.5	-14.3242	60.0833	0	0.915162	-0.403087	0	5896	6928
ChainingRodShaped	6931	3.20211	0.5	28.6457	15.7802	0	0.22327	-0.974757	0	None	None
ChainingRodShaped	6933	2.77161	0.5	-19.0852	35.6946	0	-0.361516	-0.932366	0	None	None
ChainingRodShaped	6935	3.39378	0.5	6.09987	27.0789	0	0.67479	0.73801	0	None	None
ChainingRodShaped	6937	3.28586	0.5	-18.8683	27.5076	0	-0.949048	-0.315133	0	None	None
ChainingRodShaped	6939	3.00837	0.5	14.6266	52.5683	0	0.0755266	-0.997144	0	None	None
ChainingRodShaped	6941	3.66925	0.5	22.5065	24.8064	0	-0.0417688	-0.999127	0	None	None
ChainingRodShaped	6943	2.98475	0.5	-31.6656	54.076	0	-0.995125	-0.0986182	0	None	None
ChainingRodShaped	6945	2.42715	0.5	-38.4697	71.0215	0	0.906059	-0.423151	0	6670	6944
ChainingRodShaped	6947	3.93274	0.5	20.101	27.6603	0	-0.29846	-0.954422	0	None	None
ChainingRodShaped	6949	3.83951	0.5	2.4885	11.9358	0	0.636541	0.771243	0	None	None
ChainingRodShaped	6951	2.55316	0.5	-14.392	5.03737	0	0.455753	0.890106	0	None	6950
ChainingRodShaped	6953	3.49525	0.5	-2.71174	-0.741991	0	0.508261	-0.861203	0	None	None
ChainingRodShaped	6955	3.8032	0.5	-51.9424	59.26	0	0.210628	-0.977566	0	None	None
ChainingRodShaped	6957	3.87334	0.5	-37.3765	66.0455	0	0.475815	-0.879545	0	None	None
ChainingRodShaped	6959	3.078	0.5	18.5404	48.3986	0	0.0371058	-0.999311	0	5718	6958
ChainingRodShaped	6961	3.73409	0.5	-38.9705	73.5888	0	0.981449	0.191723	0	None	None
ChainingRodShaped	6963	2.4603	0.5	-17.2253	5.8375	0	-0.455515	-0.890228	0	7124	6962
ChainingRodShaped	6965	3.79651	0.5	-28.4145	26.4527	0	-0.195145	-0.980774	0	None	None
ChainingRodShaped	6967	2.74893	0.5	27.1526	32.6928	0	0.131084	-0.991371	0	None	None
ChainingRodShaped	6969	2.85381	0.5	-15.2403	57.4215	0	-0.931752	-0.363096	0	None	None
ChainingRodShaped	6971	3.13672	0.5	21.6019	20.4558	0	-0.670358	-0.742038	0	None	None
ChainingRodShaped	6973	2.74216	0.5	-21.1256	40.7758	0	-0.869067	-0.494694	0	None	None
ChainingRodShaped	6975	2.92711	0.5	55.0861	41.1145	0	-0.510719	0.859748	0	None	None
ChainingRodShaped	6977	2.9202	0.5	8.66984	49.4017	0	-0.329139	-0.944282	0	None	None
ChainingRodShaped	6979	2.72299	0.5	36.4718	48.2655	0	0.583892	-0.811831	0	None	None
ChainingRodShaped	6981	3.75311	0.5	-25.1956	32.0203	0	-0.394024	-0.9191	0	None	None
ChainingRodShaped	6983	3.40586	0.5	5.11578	66.5908	0	-0.245963	-0.969279	0	None	None
ChainingRodShaped	6985	3.1123	0.5	-31.9323	67.9904	0	0.909105	-0.416568	0	6944	6984
ChainingRodShaped	6987	2.73454	0.5	-17.9683	74.7095	0	-0.944976	-0.32714	0	None	None
ChainingRodShaped	6989	3.00266	0.5	-37.9579	11.1556	0	0.68102	-0.732265	0	None	None
ChainingRodShaped	6991	3.8009	0.5	33.9353	35.765	0	-0.211287	-0.977424	0	None	None
ChainingRodShaped	6993	2.84853	0.5	-29.3545	16.3769	0	0.650102	0.759847	0	None	None
ChainingRodShaped	6995	3.43896	0.5	-30.4538	47.5688	0	0.99418	0.107736	0	None	None
ChainingRodShaped	6997	3.78513	0.5	-34.4874	47.8038	0	0.976604	0.215044	0	None	None
ChainingRodShaped	6999	3.04158	0.5	5.31326	19.343	0	-0.657045	-0.753852	0	None	None
ChainingRodShaped	7001	3.11816	0.5	29.3523	66.3865	0	-0.287544	0.957768	0	None	None
ChainingRodShaped	7003	3.3228	0.5	7.5959	-3.64669	0	0.988889	0.148656	0	None	None
ChainingRodShaped	7005	2.80676	0.5	-4.90553	64.5739	0	0.85685	-0.515565	0	None	None
ChainingRodShaped	7007	2.67298	0.5	13.5671	36.5453	0	0.98035	0.197268	0	None	None
ChainingRodShaped	7009	2.59723	0.5	0.782055	58.829	0	0.158206	-0.987406	0	None	None
ChainingRodShaped	7011	2.85771	0.5	-30.3068	29.0637	0	0.911426	-0.411465	0	None	None
ChainingRodShaped	7013	2.80786	0.5	-1.22392	73.4646	0	-0.999476	0.0323815	0	None	None
ChainingRodShaped	7015	3.50195	0.5	-22.1196	24.5747	0	-0.970046	-0.24292	0	None	None
ChainingRodShaped	7017	2.91556	0.5	46.049	41.2302	0	-0.85239	0.522907	0	None	None
ChainingRodShaped	7019	3.43094	0.5	-10.119	3.40406	0	-0.686592	-0.727043	0	None	None
ChainingRodShaped	7021	2.64099	0.5	-28.8408	7.32991	0	0.724674	0.689091	0	None	None
ChainingRodShaped	7023	2.69683	0.5	-4.21449	48.2965	0	0.171901	-0.985114	0	None	None
ChainingRodShaped	7025	3.29242	0.5	-7.44269	40.1737	0	-0.847974	-0.530037	0	None	None
ChainingRodShaped	7027	3.25352	0.5	-34.5978	64.2178	0	0.773475	-0.633826	0	None	None
ChainingRodShaped	7029	3.714	0.5	27.2259	52.6287	0	0.236222	-0.971699	0	None	None
ChainingRodShaped	7031	2.67343	0.5	-24.307	56.6185	0	0.999106	0.0422658	0	None	None
ChainingRodShaped	7033	3.38883	0.5	-22.9031	64.9405	0	0.90961	-0.415464	0	None	None
ChainingRodShaped	7035	2.78242	0.5	-46.2226	60.2664	0	0.82893	-0.559352	0	None	None
ChainingRodShaped	7037	3.55037	0.5	16.6102	49.6668	0	0.0498441	-0.998757	0	None	None
ChainingRodShaped	7039	3.66977	0.5	10.8936	49.9798	0	0.234042	0.972227	0	None	None
ChainingRodShaped	7041	3.31267	0.5	-9.66039	50.3053	0	0.721592	-0.692319	0	None	None
ChainingRodShaped	7043	3.00335	0.5	-22.5949	54.8403	0	-0.998962	-0.0455583	0	None	None
ChainingRodShaped	7045	3.41504	0.5	-49.6956	43.7998	0	0.933799	-0.357797	0	None	None
ChainingRodShaped	7047	2.69163	0.5	47.5595	26.0609	0	0.675415	0.737438	0	6550	7046
ChainingRodShaped	7049	2.67427	0.5	37.7219	39.0168	0	0.112571	-0.993644	0	None	None
ChainingRodShaped	7051	3.59779	0.5	-51.7982	51.2344	0	-0.532725	0.846289	0	None	None
ChainingRodShaped	7053	3.62602	0.5	21.4286	48.4282	0	0.0818669	0.996643	0	None	None
ChainingRodShaped	7055	3.5025	0.5	-8.59088	36.9944	0	-0.736188	-0.676777	0	None	None
ChainingRodShaped	7057	3.33058	0.5	30.4028	36.6655	0	0.125104	-0.992144	0	None	None
ChainingRodShaped	7059	2.5339	0.5	-15.654	40.3609	0	-0.57557	-0.817753	0	None	None
ChainingRodShaped	7061	2.83617	0.5	7.79239	30.205	0	0.691806	0.722083	0	None	None
ChainingRodShaped	7063	3.23868	0.5	16.577	30.6017	0	-0.376771	-0.926306	0	None	None
ChainingRodShaped	7065	2.55452	0.5	7.40456	64.1506	0	0.261146	0.965299	0	None	None
ChainingRodShaped	7067	3.37395	0.5	-4.84247	3.82639	0	0.672085	-0.740474	0	None	None
ChainingRodShaped	7069	3.53734	0.5	18.71	-3.10815	0	0.991764	0.128081	0	None	None
ChainingRodShaped	7071	2.63448	0.5	-13.313	72.4713	0	0.625187	-0.780475	0	None	None
ChainingRodShaped	7073	3.03369	0.5	10.0013	-4.29291	0	0.989665	0.143402	0	None	None
ChainingRodShaped	7075	3.0717	0.5	-34.6651	18.9903	0	0.824237	-0.566245	0	None	None
ChainingRodShaped	7077	2.65549	0.5	14.0704	60.086	0	0.228819	-0.973469	0	None	None
ChainingRodShaped	7079	3.40382	0.5	39.6	10.1514	0	-0.999495	-0.031787	0	None	None
ChainingRodShaped	7081	2.59325	0.5	60.5605	37.7457	0	0.541938	-0.840418	0	5716	7080
ChainingRodShaped	7083	3.39305	0.5	-28.2238	2.4474	0	0.713962	0.700185	0	None	None
ChainingRodShaped	7085	3.31575	0.5	10.4828	38.493	0	0.964122	0.265459	0	None	None
ChainingRodShaped	7087	2.53078	0.5	40.1999	41.6262	0	0.622582	-0.782555	0	None	None
ChainingRodShaped	7089	3.01292	0.5	17.0742	17.6794	0	0.599093	0.800679	0	None	None
ChainingRodShaped	7091	2.79214	0.5	32.6539	17.2662	0	0.0118891	0.999929	0	None	None
ChainingRodShaped	7093	2.51848	0.5	-40.0415	69.0966	0	0.683967	-0.729513	0	None	None
ChainingRodShaped	7095	3.08441	0.5	40.0399	59.4179	0	-0.881762	0.471695	0	None	None
ChainingRodShaped	7097	2.44112	0.5	-34.1577	35.6635	0	0.869872	0.493278	0	4941	7096
ChainingRodShaped	7099	2.82686	0.5	4.01413	62.6888	0	-0.335684	-0.941975	0	None	None
ChainingRodShaped	7101	3.0173	0.5	-38.6169	22.6074	0	0.862613	-0.505864	0	None	None
ChainingRodShaped	7103	3.02311	0.5	0.956526	2.9053	0	-0.0830416	-0.996546	0	None	None
ChainingRodShaped	7105	2.5553	0.5	-11.2394	67.0252	0	0.470572	-0.882361	0	None	None
ChainingRodShaped	7107	2.87836	0.5	-54.3555	23.0638	0	0.725003	0.688746	0	6304	7106
ChainingRodShaped	7109	3.17865	0.5	-15.051	8.02126	0	-0.438443	-0.898759	0	None	None
ChainingRodShaped	7111	3.33505	0.5	35.8201	29.8087	0	0.0462745	-0.998929	0	None	None
ChainingRodShaped	7113	2.68308	0.5	-40.212	70.7483	0	0.904149	-0.427218	0	None	None
ChainingRodShaped	7115	2.83456	0.5	-54.5056	48.2316	0	-0.871565	0.490281	0	5721	7114
ChainingRodShaped	7117	3.08335	0.5	9.81903	19.0289	0	-0.699817	-0.714322	0	None	None
ChainingRodShaped	7119	2.91747	0.5	36.9855	44.2751	0	0.561672	-0.82736	0	None	None
ChainingRodShaped	7121	2.48939	0.5	-44.3474	22.9512	0	0.913628	0.406552	0	None	None
ChainingRodShaped	7123	2.86671	0.5	-18.7494	54.2925	0	-0.98669	-0.16261	0	None	None
ChainingRodShaped	7125	2.33997	0.5	-14.1904	12.0217	0	-0.425943	-0.90475	0	5693	7124
ChainingRodShaped	7127	2.58532	0.5	44.3742	15.2102	0	-0.664216	-0.74754	0	None	None
ChainingRodShaped	7129	2.34873	0.5	29.5496	27.0373	0	0.0748093	-0.997198	0	7674	7128
ChainingRodShaped	7131	3.36064	0.5	-4.83411	9.18325	0	-0.666567	-0.745445	0	None	None
ChainingRodShaped	7133	2.69568	0.5	13.4734	30.8508	0	-0.690843	-0.723005	0	6816	7132
ChainingRodShaped	7135	2.6561	0.5	-6.33649	26.8832	0	-0.4308	-0.902447	0	None	None
ChainingRodShaped	7137	3.17996	0.5	-5.13503	32.3485	0	-0.973239	-0.229794	0	None	None
ChainingRodShaped	7139	2.46029	0.5	-46.1463	67.7546	0	0.374541	-0.92721	0	None	None
ChainingRodShaped	7141	3.03827	0.5	21.8594	35.8444	0	0.0210857	-0.999778	0	None	None
ChainingRodShaped	7143	2.76834	0.5	-44.289	69.9984	0	-0.0760998	-0.9971	0	None	None
ChainingRodShaped	7145	3.1967	0.5	-33.7451	21.7894	0	0.999998	-0.0019526	0	None	None
ChainingRodShaped	7147	3.18027	0.5	-20.5575	37.7867	0	-0.275537	-0.96129	0	None	None
ChainingRodShaped	7149	3.33471	0.5	-42.8895	20.8081	0	0.998516	0.0544606	0	None	None
ChainingRodShaped	7151	2.53725	0.5	46.1774	35.7951	0	0.214119	-0.976808	0	None	None
ChainingRodShaped	7153	2.27743	0.5	0.612561	18.2179	0	0.65995	0.75131	0	5976	7152
ChainingRodShaped	7155	2.6627	0.5	-36.0955	57.0814	0	0.958401	-0.285424	0	None	None
ChainingRodShaped	7157	2.53869	0.5	33.6142	17.9073	0	-0.0219087	-0.99976	0	None	None
ChainingRodShaped	7159	2.46443	0.5	3.76773	43.891	0	0.342265	0.939604	0	None	None
ChainingRodShaped	7161	3.12928	0.5	12.3137	57.7743	0	-0.0885748	0.99607	0	None	None
ChainingRodShaped	7163	3.25858	0.5	45.8926	43.3808	0	-0.509971	0.860191	0	None	None
ChainingRodShaped	7165	2.447	0.5	0.271121	13.6074	0	-0.654393	-0.756155	0	None	None
ChainingRodShaped	7167	2.61895	0.5	14.4581	30.601	0	-0.683584	-0.729871	0	None	None
ChainingRodShaped	7169	3.08407	0.5	-22.2878	17.9264	0	0.446876	0.894596	0	None	None
ChainingRodShaped	7171	2.82967	0.5	21.492	4.15256	0	0.894551	-0.446965	0	None	None
ChainingRodShaped	7173	2.60755	0.5	28.0763	9.70424	0	0.0232311	-0.99973	0	None	None
ChainingRodShaped	7175	2.66195	0.5	-30.3344	11.219	0	0.721266	0.692659	0	None	None
ChainingRodShaped	7177	2.71906	0.5	-10.4524	44.7128	0	-0.859081	-0.51184	0	None	None
ChainingRodShaped	7179	2.53758	0.5	-0.418326	22.6023	0	0.612139	0.790751	0	None	None
ChainingRodShaped	7181	3.1182	0.5	37.4466	24.6129	0	-0.0480275	-0.998846	0	None	None
ChainingRodShaped	7183	2.50746	0.5	38.0944	41.1953	0	0.62867	-0.777672	0	None	None
ChainingRodShaped	7185	2.6443	0.5	11.7375	19.27	0	-0.836779	-0.547541	0	None	None
ChainingRodShaped	7187	2.75114	0.5	15.044	29.2488	0	-0.386035	-0.922484	0	None	None
ChainingRodShaped	7189	2.93173	0.5	28.3499	3.98203	0	0.227485	-0.973782	0	None	None
ChainingRodShaped	7191	2.45565	0.5	26.871	-0.998654	0	0.383209	0.923662	0	None	None
ChainingRodShaped	7193	2.95186	0.5	-16.4654	58.0115	0	-0.952507	-0.304518	0	None	None
ChainingRodShaped	7195	2.67203	0.5	-19.4023	3.79073	0	0.469951	0.882692	0	7272	7194
ChainingRodShaped	7197	2.44247	0.5	-34.8956	15.3866	0	0.695695	-0.718337	0	None	None
ChainingRodShaped	7199	2.5407	0.5	-31.4527	71.0805	0	-0.16339	0.986562	0	None	None
ChainingRodShaped	7201	2.56883	0.5	21.7698	73.9037	0	0.44527	-0.895396	0	None	None
ChainingRodShaped	7203	2.85665	0.5	-41.6735	14.6071	0	-0.295796	0.955251	0	None	None
ChainingRodShaped	7205	2.5546	0.5	40.2061	68.0164	0	-0.6159	0.787825	0	7360	7204
ChainingRodShaped	7207	2.68084	0.5	4.91525	12.9925	0	0.801251	0.598328	0	None	None
ChainingRodShaped	7209	3.11405	0.5	23.4419	70.4764	0	0.730572	-0.682835	0	None	None
ChainingRodShaped	7211	2.77837	0.5	13.5613	5.41394	0	0.311316	-0.950306	0	None	None
ChainingRodShaped	7213	2.39	0.5	38.9226	36.2364	0	0.11024	-0.993905	0	None	None
ChainingRodShaped	7215	2.75098	0.5	-43.8522	43.1373	0	0.985728	-0.168344	0	None	None
ChainingRodShaped	7217	2.66337	0.5	24.4145	67.2242	0	0.812424	-0.583067	0	None	None
ChainingRodShaped	7219	2.51795	0.5	53.4001	34.4148	0	0.831187	0.555994	0	None	None
ChainingRodShaped	7221	2.63423	0.5	18.1435	13.8318	0	-0.211425	0.977394	0	None	None
ChainingRodShaped	7223	2.85928	0.5	30.3204	66.4557	0	-0.297108	0.954844	0	None	None
ChainingRodShaped	7225	2.49744	0.5	-21.1864	66.2853	0	0.906111	-0.423041	0	None	None
ChainingRodShaped	7227	2.87497	0.5	-12.8198	67.9281	0	0.474403	-0.880308	0	None	None
ChainingRodShaped	7229	2.69282	0.5	-12.1181	31.0112	0	-0.412516	-0.91095	0	None	None
ChainingRodShaped	7231	2.62636	0.5	50.7642	48.5016	0	-0.502416	0.864626	0	None	None
ChainingRodShaped	7233	2.92566	0.5	-30.5822	40.7704	0	0.893537	0.448989	0	None	None
ChainingRodShaped	7235	2.96669	0.5	-32.4084	60.0699	0	0.669309	-0.742984	0	None	None
ChainingRodShaped	7237	2.42336	0.5	33.4959	25.2979	0	0.0580367	-0.998314	0	None	None
ChainingRodShaped	7239	2.72868	0.5	31.9147	48.8769	0	0.24561	-0.969369	0	None	None
ChainingRodShaped	7241	2.97403	0.5	-17.0462	72.4944	0	0.58919	-0.807994	0	None	None
ChainingRodShaped	7243	2.65753	0.5	45.6988	29.3761	0	0.803462	0.595356	0	None	None
ChainingRodShaped	7245	2.87268	0.5	25.0243	19.5816	0	-0.771251	-0.636531	0	None	None
ChainingRodShaped	7247	2.62213	0.5	22.8303	62.2587	0	0.245988	-0.969273	0	None	7246
ChainingRodShaped	7249	2.4415	0.5	10.2074	50.9912	0	0.243776	0.969832	0	None	None
ChainingRodShaped	7251	2.34072	0.5	9.73018	56.305	0	-0.22795	-0.973673	0	7378	7250
ChainingRodShaped	7253	2.87918	0.5	-27.335	62.1642	0	0.664742	-0.747073	0	None	None
ChainingRodShaped	7255	2.49596	0.5	-2.17229	23.3447	0	-0.485233	-0.874385	0	7396	7254
ChainingRodShaped	7257	2.53317	0.5	-14.662	47.5282	0	-0.93742	0.3482	0	None	None
ChainingRodShaped	7259	2.43169	0.5	-14.4126	63.2717	0	0.914939	-0.403592	0	None	None
ChainingRodShaped	7261	3.02866	0.5	-23.4057	46.9349	0	0.936987	-0.349364	0	None	None
ChainingRodShaped	7263	2.62407	0.5	-23.1027	69.3414	0	0.923187	-0.384352	0	None	None
ChainingRodShaped	7265	2.33978	0.5	-5.98227	53.34	0	0.99997	-0.00780313	0	6094	7264
ChainingRodShaped	7267	2.61606	0.5	-54.217	16.8799	0	0.951902	0.306402	0	None	None
ChainingRodShaped	7269	2.57895	0.5	30.6502	58.415	0	0.91222	-0.4097	0	None	None
ChainingRodShaped	7271	2.59346	0.5	27.1082	60.609	0	0.260536	-0.965464	0	None	None
ChainingRodShaped	7273	2.52458	0.5	-22.7192	-2.33058	0	0.480366	0.877068	0	None	7272
ChainingRodShaped	7275	2.47486	0.5	-28.3266	59.9771	0	0.485125	-0.874445	0	None	None
ChainingRodShaped	7277	2.54725	0.5	14.6697	-1.65291	0	-0.990733	-0.135821	0	6740	7276
ChainingRodShaped	7279	2.3445	0.5	58.5839	36.9004	0	-0.657874	-0.753128	0	None	None
ChainingRodShaped	7281	2.41352	0.5	-6.32181	2.59389	0	0.664462	-0.747322	0	None	None
ChainingRodShaped	7283	2.72736	0.5	-0.0395802	2.65901	0	-0.0788563	-0.996886	0	None	None
ChainingRodShaped	7285	2.384	0.5	-43.6372	24.5892	0	0.871913	0.489661	0	5310	7284
ChainingRodShaped	7287	2.80308	0.5	-22.5294	8.27146	0	0.669309	0.742984	0	None	None
ChainingRodShaped	7289	2.49226	0.5	-15.3469	61.595	0	0.913188	-0.407538	0	None	None
ChainingRodShaped	7291	2.40292	0.5	24.1049	45.5443	0	0.181593	-0.983374	0	None	None
ChainingRodShaped	7293	2.5091	0.5	15.9184	3.84848	0	0.919837	0.392302	0	None	None
ChainingRodShaped	7295	2.83169	0.5	-30.2976	48.53	0	0.993655	0.112472	0	None	None
ChainingRodShaped	7297	2.42943	0.5	-36.634	42.5983	0	0.999398	-0.0346885	0	None	None
ChainingRodShaped	7299	2.37671	0.5	-28.5215	67.9461	0	0.998866	0.0476141	0	None	None
ChainingRodShaped	7301	2.48201	0.5	24.616	55.3511	0	0.248778	-0.96856	0	7246	7300
ChainingRodShaped	7303	2.89055	0.5	2.21725	27.5348	0	0.493164	0.869936	0	None	None
ChainingRodShaped	7305	2.85066	0.5	-14.9577	72.957	0	0.601726	-0.798702	0	None	None
ChainingRodShaped	7307	2.36671	0.5	2.98112	2.23634	0	-0.0313081	0.99951	0	None	None
ChainingRodShaped	7309	2.54913	0.5	-13.2665	21.5731	0	0.653644	0.756802	0	None	None
ChainingRodShaped	7311	2.40541	0.5	-37.7107	52.4685	0	-0.990804	-0.135306	0	None	None
ChainingRodShaped	7313	2.35672	0.5	-40.9697	45.7368	0	0.995294	-0.0969024	0	None	None
ChainingRodShaped	7315	2.3899	0.5	24.1469	72.4939	0	-0.724468	0.689308	0	None	None
ChainingRodShaped	7317	2.85122	0.5	20.9577	35.4597	0	0.031124	-0.999516	0	None	None
ChainingRodShaped	7319	2.32565	0.5	-11.6562	38.171	0	-0.604845	-0.796343	0	None	None
ChainingRodShaped	7321	2.35771	0.5	53.3691	50.1139	0	-0.573183	0.819428	0	7616	7320
ChainingRodShaped	7323	2.81208	0.5	32.2622	4.41801	0	0.127716	-0.991811	0	None	None
ChainingRodShaped	7325	2.53437	0.5	-38.1999	72.7406	0	0.982478	0.18638	0	None	None
ChainingRodShaped	7327	2.39783	0.5	-44.4552	64.5221	0	-0.79551	-0.605941	0	None	None
ChainingRodShaped	7329	2.42496	0.5	37.6255	31.862	0	0.0262831	-0.999655	0	None	None
ChainingRodShaped	7331	2.32468	0.5	49.3423	45.1142	0	-0.493578	0.869702	0	None	None
ChainingRodShaped	7333	2.73642	0.5	-35.1705	12.4779	0	0.672848	-0.739781	0	None	None
ChainingRodShaped	7335	2.46615	0.5	0.566553	35.7707	0	0.387834	0.921729	0	None	None
ChainingRodShaped	7337	2.68278	0.5	45.2363	25.2931	0	-0.797686	-0.603073	0	None	None
ChainingRodShaped	7339	2.58248	0.5	-4.18225	54.2356	0	-0.99997	0.00774838	0	None	None
ChainingRodShaped	7341	2.66353	0.5	-50.1394	19.6944	0	0.860738	0.509048	0	None	None
ChainingRodShaped	7343	2.29617	0.5	37.4336	50.1208	0	-0.590326	0.807165	0	None	None
ChainingRodShaped	7345	2.26685	0.5	39.9359	13.0428	0	-0.637076	-0.770801	0	None	None
ChainingRodShaped	7347	2.63132	0.5	-18.8334	23.575	0	0.953032	0.302871	0	None	None
ChainingRodShaped	7349	2.7459	0.5	10.2052	22.0253	0	-0.691159	-0.722703	0	None	None
ChainingRodShaped	7351	2.47854	0.5	5.7154	16.9772	0	-0.803064	-0.595893	0	None	None
ChainingRodShaped	7353	2.34129	0.5	-7.24309	39.2358	0	-0.853215	-0.521559	0	None	None
ChainingRodShaped	7355	2.64776	0.5	-43.7092	21.893	0	0.976431	0.215831	0	None	None
ChainingRodShaped	7357	2.44341	0.5	-8.38307	77.4335	0	0.950383	-0.311081	0	7488	7356
ChainingRodShaped	7359	2.70873	0.5	-46.1392	49.6556	0	0.610946	-0.791672	0	None	None
ChainingRodShaped	7361	2.24169	0.5	44.2299	62.777	0	-0.600959	0.79928	0	6582	7360
ChainingRodShaped	7363	2.64056	0.5	39.4597	26.6285	0	-0.0623515	-0.998054	0	None	None
ChainingRodShaped	7365	2.72743	0.5	-48.9541	16.3574	0	0.657456	0.753493	0	None	None
ChainingRodShaped	7367	2.5069	0.5	43.0472	22.6415	0	-0.703781	-0.710417	0	None	None
ChainingRodShaped	7369	2.40927	0.5	-26.2974	51.759	0	-0.995541	-0.0943247	0	None	None
ChainingRodShaped	7371	2.44717	0.5	42.3896	54.8575	0	-0.618806	0.785544	0	None	None
ChainingRodShaped	7373	2.28188	0.5	18.0077	79.5383	0	0.0554186	-0.998463	0	6718	7372
ChainingRodShaped	7375	2.642	0.5	-25.2182	26.4069	0	-0.66112	-0.75028	0	None	None
ChainingRodShaped	7377	2.17175	0.5	-16.4124	3.0431	0	0.442318	0.896858	0	None	7376
ChainingRodShaped	7379	2.35519	0.5	10.9448	62.86	0	-0.157907	-0.987454	0	None	7378
ChainingRodShaped	7381	2.63316	0.5	19.4271	10.8256	0	-0.827592	0.561329	0	None	None
ChainingRodShaped	7383	2.3417	0.5	30.2734	29.6355	0	0.0863899	-0.996261	0	None	None
ChainingRodShaped	7385	2.2762	0.5	-45.6598	29.8796	0	0.845517	0.533948	0	None	None
ChainingRodShaped	7387	2.4886	0.5	-23.9912	48.0967	0	-0.940425	0.340001	0	None	None
ChainingRodShaped	7389	2.23946	0.5	10.2706	64.1844	0	0.246223	0.969213	0	None	None
ChainingRodShaped	7391	2.23237	0.5	-48.5144	25.8041	0	0.842395	0.53886	0	5669	7390
ChainingRodShaped	7393	2.61656	0.5	-5.39424	14.2902	0	-0.51952	-0.854458	0	None	None
ChainingRodShaped	7395	2.50518	0.5	7.44222	70.5527	0	-0.925396	0.379002	0	None	None
ChainingRodShaped	7397	2.32099	0.5	1.07449	29.1601	0	-0.490733	-0.87131	0	5066	7396
ChainingRodShaped	7399	2.6926	0.5	27.1968	12.842	0	-0.720678	-0.69327	0	None	None
ChainingRodShaped	7401	2.39798	0.5	56.0624	35.5237	0	0.660163	0.751122	0	4949	7400
ChainingRodShaped	7403	2.27913	0.5	-6.72048	42.7637	0	-0.839742	-0.542985	0	None	None
ChainingRodShaped	7405	2.2739	0.5	24.353	25.7177	0	-0.061704	-0.998094	0	None	None
ChainingRodShaped	7407	2.3843	0.5	11.1875	24.4322	0	-0.698751	-0.715365	0	None	None
ChainingRodShaped	7409	2.64621	0.5	-48.4458	49.3968	0	0.494909	-0.868945	0	None	None
ChainingRodShaped	7411	2.3095	0.5	-44.7483	66.944	0	0.375738	-0.926726	0	None	None
ChainingRodShaped	7413	2.2269	0.5	18.776	84.3351	0	0.0498735	-0.998756	0	None	7412
ChainingRodShaped	7415	2.35131	0.5	-24.668	28.4406	0	-0.653587	-0.756851	0	None	None
ChainingRodShaped	7417	2.36609	0.5	-42.975	44.0068	0	-0.988727	0.149729	0	5375	7416
ChainingRodShaped	7419	2.63875	0.5	5.97117	62.6928	0	-0.316718	-0.94852	0	None	None
ChainingRodShaped	7421	2.33107	0.5	3.43222	67.6776	0	-0.248696	-0.968582	0	None	None
ChainingRodShaped	7423	2.38854	0.5	22.7661	31.6003	0	0.00465263	-0.999989	0	None	None
ChainingRodShaped	7425	2.50647	0.5	-7.87142	60.3725	0	0.916913	-0.399087	0	None	None
ChainingRodShaped	7427	2.37492	0.5	-22.1276	44.052	0	-0.999998	-0.00197139	0	None	7426
ChainingRodShaped	7429	2.30291	0.5	-13.6761	63.9936	0	0.918931	-0.394419	0	None	None
ChainingRodShaped	7431	2.3521	0.5	-35.9482	74.886	0	-0.998972	0.045339	0	None	None
ChainingRodShaped	7433	2.45029	0.5	28.6659	22.4377	0	-0.202887	-0.979202	0	None	None
ChainingRodShaped	7435	2.38614	0.5	-30.5918	45.6603	0	0.996135	0.0878366	0	None	None
ChainingRodShaped	7437	2.29654	0.5	-4.3553	29.1136	0	-0.419431	-0.907787	0	None	None
ChainingRodShaped	7439	2.4267	0.5	17.5153	29.4562	0	-0.00159657	-0.999999	0	None	None
ChainingRodShaped	7441	2.47964	0.5	-41.0328	62.1905	0	0.803661	0.595087	0	None	None
ChainingRodShaped	7443	2.58774	0.5	17.9978	23.1606	0	-0.0140306	0.999902	0	None	None
ChainingRodShaped	7445	2.39268	0.5	4.93302	62.5033	0	-0.326206	-0.945299	0	None	None
ChainingRodShaped	7447	2.23675	0.5	-9.48796	1.98436	0	-0.318423	-0.947949	0	None	None
ChainingRodShaped	7449	2.31294	0.5	-3.50696	16.9008	0	0.362413	0.932018	0	None	None
ChainingRodShaped	7451	2.30397	0.5	-11.8176	73.1311	0	-0.938537	0.345178	0	None	None
ChainingRodShaped	7453	2.30649	0.5	17.1923	94.2249	0	0.0554068	-0.998464	0	None	7452
ChainingRodShaped	7455	2.41024	0.5	-9.15923	16.5152	0	0.41724	0.908796	0	None	None
ChainingRodShaped	7457	2.2339	0.5	-39.4317	14.4411	0	0.294999	-0.955497	0	None	None
ChainingRodShaped	7459	2.43017	0.5	-1.22589	59.6837	0	0.153803	-0.988102	0	None	None
ChainingRodShaped	7461	2.55602	0.5	-50.0837	62.6371	0	-0.985113	0.171907	0	None	None
ChainingRodShaped	7463	2.26487	0.5	27.2647	43.8787	0	0.200022	-0.979791	0	5779	7462
ChainingRodShaped	7465	2.24476	0.5	6.72568	43.9443	0	-0.354191	-0.935173	0	None	None
ChainingRodShaped	7467	2.45946	0.5	-53.7726	61.8223	0	0.411696	-0.911321	0	None	None
ChainingRodShaped	7469	2.56245	0.5	20.0571	34.898	0	0.0411112	-0.999155	0	None	None
ChainingRodShaped	7471	2.14855	0.5	-10.7207	5.61502	0	0.684052	0.729434	0	5099	7470
ChainingRodShaped	7473	2.4461	0.5	28.0009	64.3038	0	0.280569	-0.959834	0	None	None
ChainingRodShaped	7475	2.31749	0.5	-2.21982	75.341	0	0.942496	-0.334218	0	7356	7474
ChainingRodShaped	7477	2.52224	0.5	35.7874	14.0875	0	-0.636478	-0.771295	0	None	None
ChainingRodShaped	7479	2.56751	0.5	-52.2222	16.5147	0	0.92949	0.368847	0	None	None
ChainingRodShaped	7481	2.15606	0.5	-34.989	51.8168	0	0.993152	0.11683	0	5861	7480
ChainingRodShaped	7483	2.28921	0.5	24.2462	1.6617	0	-0.887842	0.460149	0	None	None
ChainingRodShaped	7485	2.48255	0.5	-6.87088	37.362	0	-0.680826	-0.732445	0	None	None
ChainingRodShaped	7487	2.29681	0.5	21.1329	16.7984	0	-0.517827	-0.855485	0	None	None
ChainingRodShaped	7489	2.23789	0.5	-14.5119	79.4027	0	0.953351	-0.301865	0	6260	7488
ChainingRodShaped	7491	2.43516	0.5	-0.102075	14.562	0	-0.660345	-0.750962	0	None	None
ChainingRodShaped	7493	2.42287	0.5	-9.43856	20.1789	0	-0.410118	-0.912033	0	None	None
ChainingRodShaped	7495	2.26886	0.5	-18.1498	31.4621	0	0.652683	0.757631	0	None	None
ChainingRodShaped	7497	2.2109	0.5	5.2237	58.7003	0	-0.436069	-0.899913	0	None	None
ChainingRodShaped	7499	2.19574	0.5	5.49055	22.3184	0	-0.672555	-0.740047	0	5703	7498
ChainingRodShaped	7501	2.30357	0.5	19.7893	23.727	0	-0.0184543	0.99983	0	None	None
ChainingRodShaped	7503	2.30187	0.5	-17.8424	49.7166	0	-0.93479	0.355201	0	None	None
ChainingRodShaped	7505	2.17696	0.5	-29.2888	69.9632	0	-0.156998	0.987599	0	None	None
ChainingRodShaped	7507	2.43752	0.5	-33.5459	70.825	0	-0.977867	0.209229	0	None	None
ChainingRodShaped	7509	2.43629	0.5	-13.8568	50.6323	0	-0.721509	0.692405	0	None	None
ChainingRodShaped	7511	2.29614	0.5	31.8017	53.4012	0	0.210963	-0.977494	0	None	None
ChainingRodShaped	7513	2.1668	0.5	34.1204	28.3461	0	0.097633	-0.995222	0	None	None
ChainingRodShaped	7515	2.29863	0.5	-43.2657	71.8964	0	0.758775	-0.651353	0	None	None
ChainingRodShaped	7517	2.46912	0.5	-8.13504	3.21799	0	-0.118614	-0.99294	0	None	None
ChainingRodShaped	7519	2.17683	0.5	41.3271	44.7848	0	-0.617531	0.786547	0	None	None
ChainingRodShaped	7521	2.44461	0.5	-32.3621	5.8393	0	0.928363	-0.371674	0	None	None
ChainingRodShaped	7523	2.26916	0.5	57.034	39.3134	0	-0.922934	-0.384957	0	None	None
ChainingRodShaped	7525	2.30827	0.5	30.7392	22.7919	0	0.0363869	-0.999338	0	None	None
ChainingRodShaped	7527	2.33019	0.5	20.8303	61.2028	0	-0.0401277	0.999195	0	None	None
ChainingRodShaped	7529	2.25678	0.5	32.5785	24.5645	0	-0.0480697	0.998844	0	None	None
ChainingRodShaped	7531	2.44075	0.5	36.8895	37.9642	0	0.10964	-0.993971	0	None	None
ChainingRodShaped	7533	2.30479	0.5	29.4512	72.3032	0	0.546076	-0.837735	0	None	None
ChainingRodShaped	7535	2.44293	0.5	35.5172	22.6213	0	0.0280641	-0.999606	0	None	None
ChainingRodShaped	7537	2.26785	0.5	-20.3143	17.9903	0	0.455028	0.890477	0	None	None
ChainingRodShaped	7539	2.23587	0.5	-33.1185	5.07527	0	0.929234	-0.369491	0	None	None
ChainingRodShaped	7541	2.33927	0.5	-33.4963	15.4219	0	0.550733	-0.834681	0	None	None
ChainingRodShaped	7543	2.16953	0.5	49.2019	29.6143	0	0.799866	0.600179	0	None	None
ChainingRodShaped	7545	2.24952	0.5	4.15328	19.4337	0	-0.657303	-0.753627	0	None	None
ChainingRodShaped	7547	2.19844	0.5	29.3181	44.6559	0	0.473706	-0.880683	0	None	None
ChainingRodShaped	7549	2.38028	0.5	-55.7863	53.0963	0	0.876405	-0.481575	0	None	None
ChainingRodShaped	7551	2.35509	0.5	29.5338	36.022	0	0.131376	-0.991333	0	None	None
ChainingRodShaped	7553	2.25982	0.5	19.3273	29.6927	0	-0.0502885	0.998735	0	None	None
ChainingRodShaped	7555	2.1375	0.5	-33.1451	38.3964	0	0.871558	0.490293	0	None	None
ChainingRodShaped	7557	2.17198	0.5	-36.4486	37.5429	0	0.83909	0.543993	0	None	None
ChainingRodShaped	7559	2.21371	0.5	-29.0414	13.8503	0	0.662991	0.748627	0	None	None
ChainingRodShaped	7561	2.27495	0.5	-41.8498	44.8468	0	0.993579	-0.113138	0	None	None
ChainingRodShaped	7563	2.31022	0.5	8.03499	9.41066	0	-0.541845	0.840479	0	None	None
ChainingRodShaped	7565	2.22083	0.5	37.9556	15.1945	0	0.642301	0.766452	0	6534	7564
ChainingRodShaped	7567	2.28086	0.5	21.2391	28.1618	0	-0.300854	-0.95367	0	None	None
ChainingRodShaped	7569	2.29735	0.5	9.71931	33.2536	0	0.919822	0.392337	0	None	None
ChainingRodShaped	7571	2.23279	0.5	20.2333	-1.91334	0	0.991726	0.128376	0	None	None
ChainingRodShaped	7573	2.1263	0.5	12.1361	28.1079	0	-0.693905	-0.720066	0	None	None
ChainingRodShaped	7575	2.20286	0.5	18.3555	1.66475	0	-0.937026	-0.349258	0	None	None
ChainingRodShaped	7577	2.18141	0.5	-24.9437	69.0358	0	0.917346	-0.398091	0	None	None
ChainingRodShaped	7579	2.15138	0.5	-11.23	11.0455	0	0.483068	0.875583	0	6950	7578
ChainingRodShaped	7581	2.34497	0.5	-4.2734	40.4185	0	-0.128149	-0.991755	0	None	None
ChainingRodShaped	7583	2.36541	0.5	-36.0125	48.644	0	-0.999355	-0.0359175	0	None	None
ChainingRodShaped	7585	2.22831	0.5	7.76107	11.3853	0	0.630143	-0.776479	0	None	None
ChainingRodShaped	7587	2.25747	0.5	44.2914	26.6333	0	0.999876	-0.0157646	0	None	None
ChainingRodShaped	7589	2.19325	0.5	-21.5074	12.2296	0	0.676104	0.736806	0	None	None
ChainingRodShaped	7591	2.12185	0.5	-4.7915	10.6618	0	-0.665986	-0.745964	0	6282	7590
ChainingRodShaped	7593	2.32269	0.5	5.14518	29.0617	0	0.493178	0.869928	0	None	None
ChainingRodShaped	7595	2.2927	0.5	30.3394	55.4552	0	0.233435	-0.972372	0	None	None
ChainingRodShaped	7597	2.19219	0.5	-33.9015	25.5512	0	0.740152	0.672439	0	None	None
ChainingRodShaped	7599	2.22992	0.5	-7.63669	55.4916	0	-0.973361	-0.229276	0	None	None
ChainingRodShaped	7601	2.14546	0.5	-15.0844	52.3826	0	-0.999653	-0.0263605	0	None	None
ChainingRodShaped	7603	2.17062	0.5	-8.95389	6.07562	0	-0.67824	-0.734841	0	7590	7602
ChainingRodShaped	7605	2.17399	0.5	27.6405	2.88519	0	0.237204	-0.97146	0	None	None
ChainingRodShaped	7607	2.23993	0.5	1.23428	70.4607	0	0.172088	-0.985082	0	None	None
ChainingRodShaped	7609	2.1898	0.5	1.9011	2.51406	0	0.0791296	0.996864	0	None	None
ChainingRodShaped	7611	2.14649	0.5	-31.2852	53.1694	0	-0.99522	-0.0976594	0	None	None
ChainingRodShaped	7613	2.13162	0.5	-12.1997	14.0822	0	-0.41683	-0.908984	0	None	None
ChainingRodShaped	7615	2.18396	0.5	-26.5552	44.9108	0	0.99993	-0.011832	0	None	None
ChainingRodShaped	7617	2.15715	0.5	56.9982	44.857	0	-0.562234	0.826978	0	6164	7616
ChainingRodShaped	7619	2.14188	0.5	-13.8267	39.8036	0	-0.584105	-0.811678	0	None	None
ChainingRodShaped	7621	2.12599	0.5	-1.42225	37.966	0	-0.394874	-0.918735	0	None	None
ChainingRodShaped	7623	2.08891	0.5	11.4524	41.9955	0	-0.769865	-0.638207	0	None	None
ChainingRodShaped	7625	2.18326	0.5	-7.62573	61.2948	0	0.916781	-0.39939	0	None	None
ChainingRodShaped	7627	2.1372	0.5	21.5732	41.5309	0	-0.0488292	0.998807	0	None	None
ChainingRodShaped	7629	2.22429	0.5	44.0928	34.6511	0	-0.130936	-0.991391	0	None	None
ChainingRodShaped	7631	2.1084	0.5	29.2327	74.4011	0	0.560725	-0.828002	0	None	None
ChainingRodShaped	7633	2.09947	0.5	9.30869	59.1906	0	-0.0310132	0.999519	0	None	None
ChainingRodShaped	7635	2.18532	0.5	-32.9913	20.1889	0	0.816887	-0.576798	0	None	None
ChainingRodShaped	7637	2.19785	0.5	9.57959	4.17934	0	-0.254269	0.967133	0	None	None
ChainingRodShaped	7639	2.2119	0.5	-40.8529	28.2912	0	0.880237	0.474534	0	None	None
ChainingRodShaped	7641	2.17268	0.5	-5.49973	63.8071	0	0.854548	-0.519372	0	None	None
ChainingRodShaped	7643	2.17577	0.5	-17.2044	66.5602	0	-0.902185	0.431349	0	None	None
ChainingRodShaped	7645	2.18943	0.5	-15.301	35.1594	0	-0.365344	-0.930872	0	None	None
ChainingRodShaped	7647	2.11214	0.5	-0.584274	18.2628	0	0.655856	0.754886	0	5334	7646
ChainingRodShaped	7649	2.09076	0.5	17.8494	39.8376	0	0.947192	-0.320666	0	None	None
ChainingRodShaped	7651	2.08465	0.5	-15.3011	32.7229	0	-0.395928	-0.918282	0	None	None
ChainingRodShaped	7653	2.14476	0.5	46.7021	39.2722	0	0.616694	-0.787203	0	None	None
ChainingRodShaped	7655	2.17704	0.5	9.79442	6.79186	0	0.600114	-0.799915	0	None	None
ChainingRodShaped	7657	2.05221	0.5	20.2181	54.1701	0	0.0395705	-0.999217	0	5845	7656
ChainingRodShaped	7659	2.09947	0.5	54.3689	46.9249	0	0.570859	-0.821048	0	5990	7658
ChainingRodShaped	7661	2.12454	0.5	-5.71811	69.9568	0	-0.162957	-0.986633	0	None	None
ChainingRodShaped	7663	2.05613	0.5	45.2226	49.6962	0	-0.774218	0.632919	0	None	None
ChainingRodShaped	7665	2.10123	0.5	22.9639	65.5596	0	-0.360419	-0.932791	0	None	None
ChainingRodShaped	7667	2.10095	0.5	-6.53592	70.814	0	-0.172831	-0.984952	0	None	None
ChainingRodShaped	7669	2.03392	0.5	-64.386	12.1186	0	0.847511	0.530778	0	None	7668
ChainingRodShaped	7671	2.06455	0.5	-20.6608	6.12569	0	0.349934	0.936774	0	None	None
ChainingRodShaped	7673	2.10727	0.5	-6.81175	72.7856	0	-0.659589	-0.751627	0	None	None
ChainingRodShaped	7675	2.04027	0.5	28.9542	33.2285	0	0.117223	-0.993106	0	5793	7674
ChainingRodShaped	7677	2.07235	0.5	25.639	36.475	0	0.136037	-0.990704	0	None	None
ChainingRodShaped	7679	2.06379	0.5	37.9347	58.269	0	-0.915789	0.401661	0	None	None
ChainingRodShaped	7681	2.03915	0.5	-14.3747	45.64	0	0.869709	0.493565	0	5603	7680
ChainingRodShaped	7683	2.05821	0.5	-16.8453	36.4097	0	-0.3615	-0.932372	0	None	None
ChainingRodShaped	7685	2.03511	0.5	8.4368	59.1329	0	-0.0411805	0.999152	0	None	None
ChainingRodShaped	7687	2.03761	0.5	-30.1539	10.0763	0	0.728139	0.685429	0	None	None
ChainingRodShaped	7689	2.03973	0.5	27.0857	40.1652	0	0.129603	-0.991566	0	None	None
ChainingRodShaped	7691	2.03425	0.5	-24.9338	59.7775	0	-0.305802	0.952095	0	None	None
ChainingRodShaped	7693	2.04634	0.5	44.999	34.105	0	-0.140838	-0.990033	0	None	None
ChainingRodShaped	7695	2.03173	0.5	-9.88943	54.2846	0	-0.999999	-0.00147312	0	None	None
ChainingRodShaped	7697	2.03372	0.5	5.88752	44.3499	0	-0.350043	-0.936734	0	7722	7696
ChainingRodShaped	7699	2.06887	0.5	-36.2695	58.1614	0	0.957639	-0.287972	0	None	None
ChainingRodShaped	7701	2.06619	0.5	0.334151	52.4356	0	-0.99998	-0.00636566	0	None	None
ChainingRodShaped	7703	2.03155	0.5	-19.2364	66.4461	0	0.906455	-0.422303	0	None	None
ChainingRodShaped	7705	2.06498	0.5	-10.8923	46.5793	0	-0.864438	-0.502739	0	None	None
ChainingRodShaped	7707	2.02983	0.5	-79.2118	71.9086	0	-0.655052	0.755584	0	6730	7706
ChainingRodShaped	7709	2.04033	0.5	-9.76892	44.0494	0	-0.856248	-0.516565	0	None	None
ChainingRodShaped	7711	2.02808	0.5	-46.9583	73.3388	0	0.486142	-0.87388	0	None	None
ChainingRodShaped	7713	2.01847	0.5	-17.3512	16.8734	0	0.661316	0.750108	0	None	None
ChainingRodShaped	7715	2.01291	0.5	-0.375022	67.1265	0	-0.136349	-0.990661	0	None	None
ChainingRodShaped	7717	2.02988	0.5	21.4726	7.37379	0	0.898272	-0.439439	0	None	None
ChainingRodShaped	7719	2.0181	0.5	1.60701	22.2401	0	0.627849	0.778335	0	None	None
ChainingRodShaped	7721	2.02085	0.5	-9.10858	43.3713	0	-0.85826	-0.513215	0	None	None
ChainingRodShaped	7723	2.01022	0.5	7.90681	50.0154	0	-0.319715	-0.947514	0	7250	7722
ChainingRodShaped	7725	2.01347	0.5	20.2845	9.1316	0	0.854753	-0.519035	0	None	None
ChainingRodShaped	7727	2.00944	0.5	29.9959	8.87636	0	0.0149	-0.999889	0	4861	7726
ChainingRodShaped	7729	2.00438	0.5	-3.70712	70.4811	0	-0.158911	-0.987293	0	None	None
ChainingRodShaped	7731	2.0079	0.5	9.39139	13.8394	0	0.62494	-0.780673	0	None	None
