cell_type	cell_id	length	radius	pos_x	pos_y	pos_z	ori_x	ori_y	ori_z	lower_link	upper_link
ChainingRodShaped	7801	2.62589	0.5	-37.4637	103.788	0	0.293712	0.955894	0	7802	None
ChainingRodShaped	9473	2.11101	0.5	-12.1608	21.5083	0	-0.840403	-0.541962	0	None	None
ChainingRodShaped	6787	4.2223	0.5	-93.0918	1.35601	0	-0.999628	0.0272645	0	6788	None
ChainingRodShaped	8483	2.54575	0.5	33.8452	-2.29839	0	0.697985	-0.716112	0	None	None
ChainingRodShaped	7499	4.75386	0.5	23.749	52.2188	0	-0.0703537	0.997522	0	None	None
ChainingRodShaped	8961	2.5396	0.5	-21.633	84.2595	0	-0.103093	-0.994672	0	None	None
ChainingRodShaped	8855	2.31007	0.5	-3.22524	-0.440358	0	0.94303	0.332707	0	None	None
ChainingRodShaped	9137	2.12528	0.5	55.581	-11.3097	0	-0.087992	-0.996121	0	9138	None
ChainingRodShaped	7561	2.81553	0.5	47.8262	-7.66687	0	0.417193	-0.908818	0	7562	None
ChainingRodShaped	8915	2.45969	0.5	-20.7698	-3.7794	0	-0.894256	-0.447555	0	8916	None
ChainingRodShaped	9189	2.13948	0.5	-59.2307	6.25817	0	-0.273987	-0.961734	0	9190	None
ChainingRodShaped	8699	2.55803	0.5	-25.1745	-5.43546	0	0.10019	-0.994968	0	None	None
ChainingRodShaped	8689	2.65068	0.5	-34.0898	-2.99023	0	0.235786	-0.971805	0	None	None
ChainingRodShaped	7631	4.43827	0.5	40.1463	29.074	0	-0.435821	0.900033	0	None	None
ChainingRodShaped	7283	3.50608	0.5	-60.4608	34.8968	0	0.284395	0.958707	0	None	None
ChainingRodShaped	7477	3.19441	0.5	15.1248	57.463	0	0.409517	0.912302	0	None	None
ChainingRodShaped	8883	2.53852	0.5	43.8762	-83.3729	0	-0.260717	-0.965415	0	8884	None
ChainingRodShaped	7709	2.85041	0.5	-25.5391	99.6267	0	0.282717	0.959203	0	7710	None
ChainingRodShaped	5165	4.24456	0.5	49.61	-22.1312	0	0.468119	-0.883666	0	8359	None
ChainingRodShaped	8165	3.04925	0.5	-14.6386	5.67805	0	-0.00897861	-0.99996	0	8166	None
ChainingRodShaped	8857	2.46855	0.5	47.8421	76.9468	0	-0.559468	0.828852	0	8858	None
ChainingRodShaped	6743	4.73865	0.5	55.8163	-39.9392	0	0.123892	-0.992296	0	6744	None
ChainingRodShaped	7327	2.85479	0.5	4.29443	35.008	0	0.101449	-0.994841	0	7328	None
ChainingRodShaped	6781	3.96806	0.5	5.53872	39.9186	0	0.0987547	-0.995112	0	None	None
ChainingRodShaped	5755	4.41207	0.5	-48.7364	1.86962	0	-0.926035	0.377439	0	None	None
ChainingRodShaped	7819	4.07281	0.5	27.6185	74.4968	0	0.908381	0.418142	0	None	None
ChainingRodShaped	7109	2.88584	0.5	108.789	48.8515	0	0.926153	-0.377147	0	7110	None
ChainingRodShaped	6917	3.67725	0.5	50.6695	37.5175	0	0.221416	-0.975179	0	None	None
ChainingRodShaped	9199	2.25233	0.5	15.8119	6.23626	0	0.972854	-0.231419	0	None	None
ChainingRodShaped	9501	2.02128	0.5	-31.8169	-8.0562	0	-0.10137	-0.994849	0	9502	None
ChainingRodShaped	7599	4.04825	0.5	25.214	16.6078	0	0.371092	-0.928596	0	None	None
ChainingRodShaped	7213	3.7015	0.5	-29.8804	80.5826	0	0.208348	0.978055	0	7214	None
ChainingRodShaped	7005	3.88776	0.5	-67.7043	5.03661	0	-0.221564	-0.975146	0	7006	None
ChainingRodShaped	5835	4.01847	0.5	-32.1048	-1.88217	0	-0.101148	-0.994871	0	7925	None
ChainingRodShaped	6899	4.09577	0.5	-25.6047	-21.055	0	-0.203674	-0.979039	0	6900	None
ChainingRodShaped	4591	4.9631	0.5	-30.349	125.948	0	0.258982	0.965882	0	6753	None
ChainingRodShaped	7877	3.55572	0.5	34.8099	68.8328	0	-0.231374	0.972865	0	None	None
ChainingRodShaped	6523	3.8161	0.5	-25.1598	-13.742	0	-0.147473	-0.989066	0	6524	None
ChainingRodShaped	9163	2.22493	0.5	38.3063	-7.28269	0	0.661349	-0.750078	0	None	None
ChainingRodShaped	9283	2.19075	0.5	53.5912	52.8108	0	0.250115	-0.968216	0	None	None
ChainingRodShaped	8535	2.65888	0.5	27.8653	36.4778	0	0.269454	-0.963013	0	None	None
ChainingRodShaped	8549	2.67875	0.5	-25.5443	37.9195	0	0.0402263	0.999191	0	8550	None
ChainingRodShaped	6963	4.64167	0.5	-10.2903	21.7535	0	-0.845713	-0.533638	0	6964	None
ChainingRodShaped	8407	2.71262	0.5	-96.8419	3.1804	0	-0.997818	0.0660319	0	8408	None
ChainingRodShaped	5987	3.62258	0.5	7.24045	73.5683	0	-0.96498	-0.262324	0	5988	None
ChainingRodShaped	7913	3.5876	0.5	-2.86795	-14.3503	0	0.963901	0.266262	0	None	None
ChainingRodShaped	5391	4.17102	0.5	-33.5905	64.4758	0	0.177345	0.984149	0	5392	None
ChainingRodShaped	7517	3.38419	0.5	-52.5034	11.6192	0	-0.309735	-0.950823	0	7518	None
ChainingRodShaped	9423	2.06011	0.5	42.1758	16.2294	0	0.177553	-0.984111	0	None	None
ChainingRodShaped	7459	3.06069	0.5	-28.7688	84.7841	0	0.251695	0.967807	0	None	None
ChainingRodShaped	7181	4.85593	0.5	9.51561	-14.3262	0	-0.805598	-0.592463	0	None	None
ChainingRodShaped	7409	2.94712	0.5	-32.6139	-40.7087	0	-0.400866	-0.916137	0	7410	None
ChainingRodShaped	7833	3.79932	0.5	-23.4033	95.3803	0	0.0905645	0.995891	0	None	None
ChainingRodShaped	5661	3.69124	0.5	36.1676	54.8018	0	-0.24291	0.970049	0	7953	None
ChainingRodShaped	7583	4.28536	0.5	-43.0755	76.5505	0	0.409023	0.912524	0	None	None
ChainingRodShaped	7139	4.59651	0.5	6.37996	-9.70622	0	0.249465	0.968384	0	None	None
ChainingRodShaped	7411	4.47383	0.5	-6.33085	48.8887	0	-0.381707	0.924283	0	None	None
ChainingRodShaped	8951	2.59822	0.5	51.9469	34.398	0	-0.0767431	-0.997051	0	None	None
ChainingRodShaped	8063	3.62944	0.5	51.9742	40.4194	0	0.19893	-0.980014	0	None	None
ChainingRodShaped	7837	2.71736	0.5	-11.8909	19.6748	0	-0.983871	0.178881	0	7838	None
ChainingRodShaped	8713	2.45997	0.5	-0.942012	30.8664	0	0.805508	0.592585	0	None	None
ChainingRodShaped	9529	2.0489	0.5	-2.28406	39.1418	0	0.0267286	-0.999643	0	None	None
ChainingRodShaped	7645	2.90743	0.5	17.0312	10.3996	0	-0.836169	0.548471	0	7646	5028
ChainingRodShaped	8917	2.60319	0.5	45.5835	68.1066	0	0.45336	-0.891328	0	None	None
ChainingRodShaped	8265	2.59606	0.5	55.5804	39.8838	0	-0.610578	-0.791956	0	None	None
ChainingRodShaped	7039	4.16344	0.5	-6.55044	47.2268	0	-0.380497	0.924782	0	None	None
ChainingRodShaped	9515	2.05887	0.5	27.3488	-8.24737	0	0.846236	-0.532809	0	None	None
ChainingRodShaped	7245	4.31543	0.5	-49.2834	25.2191	0	-0.204708	-0.978823	0	None	None
ChainingRodShaped	6109	3.92292	0.5	49.8738	-11.2935	0	-0.220881	0.975301	0	6110	6002
ChainingRodShaped	7227	4.50451	0.5	-29.4146	93.4012	0	0.276327	0.961064	0	None	None
ChainingRodShaped	5233	4.72775	0.5	9.64096	-0.0789626	0	-0.988464	0.151458	0	7555	8558
ChainingRodShaped	7063	3.42854	0.5	17.7025	-11.7593	0	-0.92416	-0.382007	0	None	None
ChainingRodShaped	9049	2.36743	0.5	-30.2929	73.9841	0	0.182028	0.983293	0	None	None
ChainingRodShaped	6841	3.78562	0.5	55.4805	8.81542	0	0.400345	0.916365	0	None	None
ChainingRodShaped	6913	4.19493	0.5	-41.5912	51.3797	0	-0.213088	-0.977033	0	6914	5844
ChainingRodShaped	7029	4.34419	0.5	-38.4949	18.9041	0	-0.00663136	0.999978	0	7030	9074
ChainingRodShaped	7723	3.18002	0.5	-12.1392	-21.3871	0	0.969006	0.247036	0	None	None
ChainingRodShaped	8283	2.72058	0.5	51.2941	76.7683	0	-0.863795	0.503844	0	8284	7814
ChainingRodShaped	8985	2.35134	0.5	-58.0993	4.90876	0	-0.90048	-0.434898	0	8986	7622
ChainingRodShaped	6543	3.55398	0.5	12.2141	43.2101	0	-0.392733	-0.919653	0	9173	6866
ChainingRodShaped	4811	4.79298	0.5	-27.0885	11.5989	0	0.0563442	0.998411	0	6419	6108
ChainingRodShaped	6553	3.67613	0.5	31.5869	76.7702	0	0.956262	0.292511	0	None	None
ChainingRodShaped	8083	3.81626	0.5	13.0775	77.0403	0	-0.729288	-0.684207	0	None	None
ChainingRodShaped	8033	3.87896	0.5	33.8077	-0.885597	0	0.743255	-0.669008	0	None	None
ChainingRodShaped	8167	2.44834	0.5	-16.372	30.475	0	-0.270194	-0.962806	0	8168	9450
ChainingRodShaped	8655	2.72932	0.5	44.9533	50.0573	0	-0.223651	0.974669	0	None	None
ChainingRodShaped	8935	2.18998	0.5	-49.2207	45.6066	0	0.0691529	0.997606	0	8936	8040
ChainingRodShaped	7061	4.15943	0.5	-16.4288	26.9129	0	-0.259757	-0.965674	0	7062	6350
ChainingRodShaped	7127	3.97298	0.5	-27.6483	50.9881	0	-0.142209	-0.989837	0	7128	8068
ChainingRodShaped	6519	3.17816	0.5	-46.6464	82.3853	0	-0.317609	-0.948222	0	6520	4462
ChainingRodShaped	6757	4.92894	0.5	-37.5372	24.0809	0	0.0318591	0.999492	0	6758	7090
ChainingRodShaped	7771	3.6303	0.5	20.2555	55.4328	0	0.133732	0.991018	0	None	None
ChainingRodShaped	6591	4.78412	0.5	-26.5034	52.6128	0	-0.136461	-0.990645	0	6592	7304
ChainingRodShaped	8099	3.94176	0.5	21.0996	1.67598	0	-0.769297	0.638891	0	None	None
ChainingRodShaped	8001	4.06194	0.5	37.4715	69.8269	0	-0.422784	0.90623	0	None	None
ChainingRodShaped	5859	4.69331	0.5	57.1287	78.5248	0	0.809932	-0.586524	0	5860	9386
ChainingRodShaped	8881	2.42034	0.5	21.5034	68.464	0	0.8854	0.464829	0	None	None
ChainingRodShaped	6493	3.97975	0.5	-36.2333	-5.87056	0	0.255724	-0.96675	0	None	None
ChainingRodShaped	7259	3.25468	0.5	0.169261	75.7492	0	0.276716	-0.960952	0	None	None
ChainingRodShaped	8211	3.24191	0.5	-13.835	101.144	0	0.316965	-0.948437	0	8212	8022
ChainingRodShaped	8237	3.0807	0.5	44.8338	17.1945	0	0.174472	-0.984662	0	8238	6672
ChainingRodShaped	7067	3.0063	0.5	56.2745	4.26007	0	0.143123	0.989705	0	7068	7288
ChainingRodShaped	5563	4.00292	0.5	-9.92436	42.5014	0	-0.150557	-0.988601	0	8121	4970
ChainingRodShaped	6297	4.64575	0.5	37.6931	-0.939324	0	0.515374	-0.856965	0	8859	4866
ChainingRodShaped	7551	3.57433	0.5	-35.0249	61.5995	0	0.176959	0.984218	0	7552	5788
ChainingRodShaped	5315	4.96983	0.5	43.7565	-8.67218	0	0.554476	-0.832199	0	9433	7732
ChainingRodShaped	8177	3.34568	0.5	2.30688	37.2561	0	0.0694206	-0.997587	0	None	None
ChainingRodShaped	9507	2.04073	0.5	-52.4033	61.7553	0	0.183725	0.982978	0	None	None
ChainingRodShaped	7897	2.98357	0.5	41.3264	1.85386	0	0.481942	-0.876203	0	None	None
ChainingRodShaped	6335	4.71151	0.5	-26.1524	-6.02879	0	0.00204621	-0.999998	0	None	None
ChainingRodShaped	9333	2.21239	0.5	-19.2296	23.1286	0	-0.213252	-0.976997	0	None	None
ChainingRodShaped	6113	4.77803	0.5	-51.2178	62.7413	0	-0.180728	-0.983533	0	6114	8778
ChainingRodShaped	8327	2.61656	0.5	25.5049	-2.34637	0	-0.848024	0.529958	0	8328	5858
ChainingRodShaped	6391	4.20455	0.5	29.9816	26.4186	0	0.4241	-0.905615	0	9513	6428
ChainingRodShaped	6281	4.9093	0.5	64.0569	31.0475	0	-0.481159	-0.876634	0	6282	7280
ChainingRodShaped	7371	4.91211	0.5	-19.3563	-2.05567	0	-0.898681	-0.438603	0	None	None
ChainingRodShaped	6129	4.73293	0.5	-21.1047	69.6474	0	0.154269	-0.988029	0	None	None
ChainingRodShaped	7661	4.43661	0.5	37.3257	21.2881	0	0.320438	-0.947269	0	None	None
ChainingRodShaped	7905	3.9432	0.5	11.2128	18.6508	0	0.939239	-0.343264	0	None	None
ChainingRodShaped	6533	4.91189	0.5	-52.5269	1.64374	0	-0.986311	0.164896	0	6534	6094
ChainingRodShaped	7919	3.68267	0.5	19.9782	65.5558	0	0.512803	0.858506	0	None	None
ChainingRodShaped	8517	2.37349	0.5	-49.7186	51.5187	0	0.0924764	0.995715	0	8518	6120
ChainingRodShaped	6401	4.27435	0.5	-29.5348	5.49212	0	-0.18626	-0.982501	0	None	None
ChainingRodShaped	8139	2.92646	0.5	30.6297	-1.69971	0	0.726292	-0.687386	0	None	None
ChainingRodShaped	5431	4.94916	0.5	19.7909	10.6489	0	0.788506	-0.615027	0	None	None
ChainingRodShaped	8725	2.91408	0.5	-28.5358	92.9028	0	0.275743	0.961231	0	None	None
ChainingRodShaped	8135	3.0975	0.5	18.1814	-5.48282	0	0.933749	-0.357929	0	None	None
ChainingRodShaped	8073	3.23652	0.5	-32.979	57.5322	0	0.161253	0.986913	0	None	None
ChainingRodShaped	9251	2.17764	0.5	36.2719	72.9368	0	0.504121	0.863633	0	None	None
ChainingRodShaped	7869	3.57519	0.5	22.0504	69.7613	0	0.880697	0.47368	0	None	None
ChainingRodShaped	7393	4.41417	0.5	16.7651	14.7203	0	0.127979	-0.991777	0	None	None
ChainingRodShaped	8601	2.45543	0.5	-33.5612	85.6859	0	0.245346	0.969436	0	None	None
ChainingRodShaped	6013	4.87582	0.5	10.6773	82.3242	0	-0.742137	-0.670248	0	None	None
ChainingRodShaped	7909	3.3709	0.5	-39.0339	30.9346	0	0.222017	0.975043	0	None	None
ChainingRodShaped	5609	4.631	0.5	-21.9317	46.7795	0	0.0753634	-0.997156	0	None	None
ChainingRodShaped	9469	2.09846	0.5	35.2545	28.7996	0	0.263431	-0.964678	0	None	None
ChainingRodShaped	7065	3.76962	0.5	15.2418	62.4174	0	0.784393	0.620264	0	None	None
ChainingRodShaped	9003	2.35323	0.5	39.8745	27.2329	0	0.381707	-0.924284	0	None	None
ChainingRodShaped	7601	3.70009	0.5	-22.9712	70.3573	0	0.145917	-0.989297	0	None	None
ChainingRodShaped	7475	3.81488	0.5	9.63856	51.7061	0	0.196714	0.980461	0	None	None
ChainingRodShaped	7793	3.83232	0.5	36.5211	69.0735	0	-0.250776	0.968045	0	None	None
ChainingRodShaped	5873	4.51602	0.5	3.11978	38.1234	0	0.0794117	-0.996842	0	None	None
ChainingRodShaped	5879	4.89836	0.5	-23.081	13.0848	0	-0.194134	-0.980975	0	None	None
ChainingRodShaped	8257	3.44937	0.5	22.2883	82.3463	0	-0.877578	-0.479435	0	None	None
ChainingRodShaped	7441	4.1376	0.5	-54.8703	55.0123	0	0.350663	0.936502	0	None	None
ChainingRodShaped	9231	2.36889	0.5	32.3462	23.6805	0	0.451777	-0.892131	0	None	None
ChainingRodShaped	7963	3.57883	0.5	-19.7671	-1.26478	0	-0.898255	-0.439474	0	None	None
ChainingRodShaped	7161	4.29788	0.5	51.9545	72.2686	0	-0.488464	0.872584	0	None	None
ChainingRodShaped	8623	3.15164	0.5	31.3732	77.5838	0	0.953411	0.301674	0	None	None
ChainingRodShaped	8343	2.66168	0.5	-25.3062	11.2323	0	-0.0862555	-0.996273	0	None	None
ChainingRodShaped	9097	2.26664	0.5	-45.0256	58.5507	0	-0.135188	-0.99082	0	None	None
ChainingRodShaped	6267	4.38108	0.5	36.1229	19.0153	0	0.301	-0.953624	0	None	None
ChainingRodShaped	5695	4.71676	0.5	-28.9184	25.0989	0	-0.0619783	-0.998078	0	8335	6322
ChainingRodShaped	5301	4.30423	0.5	79.0603	62.8352	0	0.849821	-0.527071	0	7585	9070
ChainingRodShaped	8801	2.23379	0.5	-41.3262	87.4712	0	0.288961	0.957341	0	8802	8176
ChainingRodShaped	8297	2.96984	0.5	-56.3275	13.1107	0	-0.206239	-0.978502	0	None	None
ChainingRodShaped	7057	4.62105	0.5	-62.1824	32.0068	0	-0.197642	-0.980274	0	7058	6676
ChainingRodShaped	6799	4.5502	0.5	23.2732	13.1225	0	0.239784	-0.970826	0	None	None
ChainingRodShaped	9353	2.11998	0.5	29.5632	-8.52871	0	-0.829066	0.559151	0	9354	7224
ChainingRodShaped	7233	4.54609	0.5	45.8704	64.0283	0	0.55288	-0.833261	0	None	None
ChainingRodShaped	7311	2.77909	0.5	-42.6874	29.4757	0	0.398744	0.917062	0	7312	5026
ChainingRodShaped	5161	4.68278	0.5	-21.6141	1.72572	0	-0.190912	-0.981607	0	6993	5276
ChainingRodShaped	6641	3.86466	0.5	23.0904	33.116	0	0.255395	-0.966837	0	6642	6262
ChainingRodShaped	7201	3.3459	0.5	48.9425	5.28546	0	-0.209958	0.97771	0	None	None
ChainingRodShaped	9013	2.18657	0.5	0.913031	4.15854	0	-0.994602	-0.103767	0	9014	6212
ChainingRodShaped	7007	3.85205	0.5	-22.3879	95.6102	0	-0.0907962	-0.995869	0	7008	5676
ChainingRodShaped	7205	3.71362	0.5	53.4009	-23.1614	0	0.183955	-0.982935	0	7206	8878
ChainingRodShaped	7683	3.24358	0.5	54.5177	36.9122	0	0.613543	0.789662	0	None	None
ChainingRodShaped	9437	2.07724	0.5	74.5891	61.6882	0	-0.882299	0.470689	0	9438	8430
ChainingRodShaped	9197	2.43438	0.5	-28.5233	73.487	0	0.150379	0.988628	0	None	None
ChainingRodShaped	5721	4.775	0.5	27.8471	-5.03856	0	0.826126	-0.563486	0	None	None
ChainingRodShaped	8013	3.54185	0.5	14.3794	57.8728	0	0.40039	0.916345	0	None	None
ChainingRodShaped	7111	3.48198	0.5	41.3989	30.7024	0	-0.182753	0.983159	0	7112	6306
ChainingRodShaped	6489	4.07949	0.5	-18.619	-11.5164	0	0.66443	0.74735	0	None	None
ChainingRodShaped	6341	4.86313	0.5	23.9376	27.3478	0	0.322546	-0.946554	0	6342	6948
ChainingRodShaped	7131	3.20155	0.5	-36.5612	44.0175	0	0.106755	0.994285	0	7132	9308
ChainingRodShaped	7789	2.89113	0.5	59.8228	42.9617	0	-0.0973502	0.99525	0	7790	6920
ChainingRodShaped	6411	3.3418	0.5	-2.77162	67.8753	0	0.313733	-0.949511	0	6412	8452
ChainingRodShaped	7429	3.1282	0.5	18.6533	2.42814	0	0.821272	-0.570537	0	None	None
ChainingRodShaped	7903	3.49223	0.5	-12.6937	17.1422	0	0.0619732	0.998078	0	None	None
ChainingRodShaped	8995	2.59139	0.5	-39.6415	5.62536	0	0.0134627	-0.999909	0	None	None
ChainingRodShaped	7009	4.12823	0.5	10.1251	32.5762	0	0.655205	0.755451	0	None	None
ChainingRodShaped	7899	3.43856	0.5	9.13421	38.8047	0	-0.472705	-0.881221	0	None	None
ChainingRodShaped	6699	4.23825	0.5	39.4806	44.9438	0	0.220638	-0.975356	0	6700	5574
ChainingRodShaped	5949	4.77844	0.5	-19.816	15.7843	0	-0.194685	-0.980866	0	5950	9330
ChainingRodShaped	8561	2.63341	0.5	-43.3605	47.5449	0	-0.255996	-0.966678	0	None	None
ChainingRodShaped	9537	2.04995	0.5	39.6643	2.91184	0	0.510392	-0.859942	0	None	None
ChainingRodShaped	7321	4.49242	0.5	-3.22832	12.4698	0	0.992891	-0.119028	0	None	None
ChainingRodShaped	5647	4.53385	0.5	21.9847	43.3048	0	-0.103013	0.99468	0	None	None
ChainingRodShaped	7545	2.91958	0.5	-11.4718	46.9998	0	-0.194997	-0.980804	0	7546	6320
ChainingRodShaped	6081	3.8511	0.5	52.6747	-44.241	0	-0.100043	-0.994983	0	8967	7548
ChainingRodShaped	5491	4.35223	0.5	54.5442	-17.2615	0	-0.0261496	0.999658	0	7681	6220
ChainingRodShaped	9583	2.00019	0.5	-31.4185	-15.212	0	-0.294281	0.955719	0	9584	6610
ChainingRodShaped	5893	4.52649	0.5	15.5189	49.2063	0	-0.373543	-0.927613	0	None	None
ChainingRodShaped	6817	4.47424	0.5	58.372	11.6866	0	-0.154745	-0.987954	0	6818	7282
ChainingRodShaped	8783	2.54242	0.5	-23.1548	-19.22	0	-0.479002	-0.877814	0	8784	6728
ChainingRodShaped	7437	4.23789	0.5	-11.0181	82.6706	0	-0.078415	0.996921	0	None	None
ChainingRodShaped	9581	2.00075	0.5	42.7109	1.04261	0	0.467829	-0.883819	0	None	None
ChainingRodShaped	4689	4.7531	0.5	-22.3017	86.8766	0	-0.11066	-0.993858	0	8901	9064
ChainingRodShaped	6133	4.17256	0.5	20.7676	63.2597	0	-0.476695	-0.879069	0	6134	6300
ChainingRodShaped	6653	4.1819	0.5	-0.584151	58.2629	0	0.27861	-0.960404	0	None	None
ChainingRodShaped	4917	4.94501	0.5	38.0072	-8.3747	0	-0.653811	0.756658	0	6181	6416
ChainingRodShaped	8639	2.76093	0.5	-35.5452	4.09119	0	0.141993	-0.989868	0	None	None
ChainingRodShaped	6667	4.13423	0.5	-31.6808	39.7447	0	0.0477004	0.998862	0	None	None
ChainingRodShaped	7625	3.64043	0.5	-32.6435	29.5853	0	-0.176679	0.984269	0	None	None
ChainingRodShaped	8087	2.87001	0.5	39.0298	18.3616	0	0.174834	-0.984598	0	None	None
ChainingRodShaped	6307	3.85263	0.5	53.6189	-30.435	0	-0.138485	0.990365	0	9225	6750
ChainingRodShaped	8355	2.76376	0.5	13.017	69.0889	0	0.83035	0.557242	0	None	None
ChainingRodShaped	6167	4.86382	0.5	-19.2698	29.6424	0	-0.288466	-0.95749	0	None	None
ChainingRodShaped	8173	2.84402	0.5	22.3203	13.2685	0	0.24631	-0.969191	0	None	None
ChainingRodShaped	7567	4.32368	0.5	-3.78021	43.9599	0	0.184552	-0.982823	0	None	None
ChainingRodShaped	6033	4.79775	0.5	14.3322	92.7245	0	0.189907	0.981802	0	None	None
ChainingRodShaped	9539	2.03873	0.5	39.6607	71.5106	0	-0.547904	0.836541	0	None	None
ChainingRodShaped	7653	3.49557	0.5	0.146351	37.9966	0	0.685364	0.728201	0	None	None
ChainingRodShaped	7337	3.04852	0.5	-52.3732	22.9494	0	0.16373	0.986505	0	7338	5062
ChainingRodShaped	7987	3.81074	0.5	28.2724	-0.787238	0	0.763876	-0.645363	0	None	None
ChainingRodShaped	8739	2.65499	0.5	-39.2885	14.1145	0	0.0663184	-0.997799	0	None	None
ChainingRodShaped	6273	4.34817	0.5	38.7821	63.9541	0	-0.210032	0.977694	0	None	None
ChainingRodShaped	6869	4.20926	0.5	-35.8042	42.6624	0	0.116691	0.993168	0	6870	7036
ChainingRodShaped	6983	4.42508	0.5	3.4862	-3.61906	0	0.994812	0.101734	0	None	None
ChainingRodShaped	9505	2.08159	0.5	43.5882	3.40625	0	0.369945	-0.929054	0	None	None
ChainingRodShaped	6989	4.99269	0.5	10.2287	-5.68725	0	0.877076	0.480351	0	None	None
ChainingRodShaped	5537	4.7812	0.5	-28.1382	-16.1934	0	-0.0268603	-0.999639	0	None	None
ChainingRodShaped	8349	3.29395	0.5	-1.92501	85.2941	0	0.386246	-0.922396	0	None	None
ChainingRodShaped	6153	4.2996	0.5	-54.7707	15.6906	0	-0.215569	-0.976489	0	None	None
ChainingRodShaped	7671	2.96409	0.5	-19.8967	34.1076	0	-0.702121	-0.712058	0	None	None
ChainingRodShaped	8419	2.39964	0.5	-46.1333	73.976	0	0.232332	0.972637	0	8420	8198
ChainingRodShaped	8843	2.4209	0.5	-9.31632	31.6108	0	-0.198659	-0.980069	0	None	None
ChainingRodShaped	6097	4.73053	0.5	-38.0442	68.1254	0	0.0865043	0.996251	0	None	None
ChainingRodShaped	8837	2.55101	0.5	38.9724	89.6859	0	0.895385	-0.445293	0	8838	4932
ChainingRodShaped	8399	3.16533	0.5	46.4107	29.0477	0	-0.182864	0.983138	0	None	None
ChainingRodShaped	7247	4.62492	0.5	-20.7814	27.6985	0	-0.289082	-0.957304	0	None	None
ChainingRodShaped	8471	2.46371	0.5	-36.1963	-2.23453	0	-0.230315	0.973116	0	8472	9104
ChainingRodShaped	6627	4.30648	0.5	-24.1811	29.8348	0	-0.0247542	-0.999694	0	None	None
ChainingRodShaped	7269	3.25157	0.5	55.2537	56.5569	0	0.144378	-0.989523	0	None	None
ChainingRodShaped	8899	2.75517	0.5	14.6664	76.6438	0	-0.945652	-0.32518	0	None	None
ChainingRodShaped	6895	3.84066	0.5	37.644	74.5465	0	-0.242467	0.97016	0	None	None
ChainingRodShaped	7119	3.67896	0.5	-11.0228	55.6504	0	-0.110669	-0.993857	0	7120	6930
ChainingRodShaped	6557	3.92178	0.5	-0.694712	53.0108	0	0.330246	-0.943895	0	None	None
ChainingRodShaped	8127	3.20676	0.5	29.3677	77.8157	0	0.950347	0.311192	0	None	None
ChainingRodShaped	6365	3.35845	0.5	-51.1294	24.8028	0	0.149903	0.988701	0	6366	6976
ChainingRodShaped	8361	3.20474	0.5	11.5573	60.2966	0	-0.286003	-0.958229	0	None	None
ChainingRodShaped	8947	2.42476	0.5	-44.4589	85.7823	0	-0.32077	-0.947157	0	8948	6186
ChainingRodShaped	8987	2.2997	0.5	9.87318	58.6064	0	0.686458	-0.72717	0	None	None
ChainingRodShaped	5767	4.05713	0.5	-8.83605	62.3913	0	-0.0202667	-0.999795	0	8515	8154
ChainingRodShaped	8893	2.82335	0.5	58.2149	37.1601	0	-0.0172992	0.99985	0	None	None
ChainingRodShaped	5965	4.94945	0.5	-55.3813	0.938853	0	-0.996342	0.0854583	0	None	None
ChainingRodShaped	8625	2.63975	0.5	30.4535	4.75425	0	-0.092986	-0.995667	0	None	None
ChainingRodShaped	7241	3.16408	0.5	9.63659	-10.2496	0	-0.502452	-0.864605	0	None	None
ChainingRodShaped	5411	4.78283	0.5	-10.5492	-2.9474	0	0.90867	0.417516	0	None	None
ChainingRodShaped	5027	4.68393	0.5	7.96048	14.9865	0	-0.937839	0.347072	0	5028	6686
ChainingRodShaped	8983	2.51782	0.5	9.34388	82.3647	0	-0.736454	-0.676488	0	None	None
ChainingRodShaped	6965	4.46917	0.5	6.9678	42.5993	0	0.0872319	-0.996188	0	None	None
ChainingRodShaped	8841	2.54154	0.5	-19.9784	78.7327	0	-0.448587	-0.893739	0	None	None
ChainingRodShaped	7933	3.41222	0.5	-27.9179	80.9535	0	-0.406833	0.913503	0	None	None
ChainingRodShaped	5925	4.77323	0.5	0.404799	84.3135	0	0.34171	-0.939805	0	None	None
ChainingRodShaped	8465	2.79693	0.5	-45.6508	55.1285	0	0.175032	0.984563	0	None	None
ChainingRodShaped	8351	2.75952	0.5	36.861	79.1552	0	0.999693	0.0247917	0	None	None
ChainingRodShaped	7339	3.59092	0.5	-27.2232	39.2961	0	-0.084658	-0.99641	0	None	None
ChainingRodShaped	8059	3.24631	0.5	-19.07	117.048	0	0.323257	-0.946311	0	8060	6890
ChainingRodShaped	8539	2.63748	0.5	-55.7779	49.537	0	0.0868537	0.996221	0	None	None
ChainingRodShaped	9041	2.19894	0.5	-72.7782	2.12536	0	-0.99972	-0.0236799	0	9042	8282
ChainingRodShaped	9047	2.34567	0.5	58.5935	29.201	0	0.461276	0.887257	0	None	None
ChainingRodShaped	8261	2.86689	0.5	7.62213	1.17653	0	0.992357	-0.123397	0	None	None
ChainingRodShaped	7433	2.87919	0.5	-38.744	69.5767	0	-0.132981	-0.991119	0	7434	5666
ChainingRodShaped	6709	3.14066	0.5	-40.3609	101.301	0	-0.31081	-0.950472	0	6710	6770
ChainingRodShaped	7523	3.39315	0.5	6.80374	61.8603	0	0.413234	-0.910625	0	None	None
ChainingRodShaped	6751	4.09198	0.5	-12.9049	27.0772	0	-0.198751	-0.98005	0	6752	5468
ChainingRodShaped	7779	3.73794	0.5	0.992253	76.0904	0	0.286292	-0.958143	0	None	None
ChainingRodShaped	8047	3.23803	0.5	78.4023	45.3752	0	-0.890862	-0.454275	0	8048	7250
ChainingRodShaped	7171	4.25068	0.5	4.52243	24.0284	0	-0.859766	-0.510689	0	None	None
ChainingRodShaped	7667	4.25223	0.5	44.176	-7.2496	0	0.639117	-0.76911	0	None	None
ChainingRodShaped	8017	2.82548	0.5	11.2019	76.406	0	-0.640163	-0.768239	0	None	None
ChainingRodShaped	8367	3.36858	0.5	10.6111	7.39985	0	0.674372	-0.738392	0	None	None
ChainingRodShaped	8205	3.33293	0.5	-40.4156	3.8479	0	0.194537	-0.980895	0	None	None
ChainingRodShaped	8169	2.43838	0.5	-36.019	-9.2597	0	-0.527853	0.849336	0	8170	6680
ChainingRodShaped	8691	2.57832	0.5	-29.8979	23.8027	0	-0.0557041	-0.998447	0	8692	8768
ChainingRodShaped	8365	2.8808	0.5	15.1742	23.596	0	0.999639	-0.0268695	0	None	None
ChainingRodShaped	6141	3.93731	0.5	-40.1563	13.2117	0	0.0749731	-0.997186	0	None	None
ChainingRodShaped	7529	4.75385	0.5	3.1136	58.3434	0	0.284576	-0.958653	0	None	None
ChainingRodShaped	5659	4.8371	0.5	52.3427	60.3276	0	0.395228	-0.918583	0	None	None
ChainingRodShaped	9351	2.08563	0.5	-0.463859	8.19424	0	0.812204	0.583373	0	None	None
ChainingRodShaped	6797	4.69783	0.5	48.0952	4.89697	0	0.208089	-0.97811	0	None	None
ChainingRodShaped	8003	3.95904	0.5	54.1403	46.0442	0	-0.530572	-0.84764	0	None	None
ChainingRodShaped	7225	3.93305	0.5	-44.0906	24.095	0	-0.416495	-0.909138	0	7226	6422
ChainingRodShaped	7581	3.6517	0.5	17.0212	78.4111	0	-0.952129	-0.305697	0	None	None
ChainingRodShaped	5833	4.50961	0.5	24.2027	43.5073	0	0.209067	-0.977901	0	8029	8648
ChainingRodShaped	7835	3.67228	0.5	-20.8351	1.26568	0	-0.189058	-0.981966	0	None	None
ChainingRodShaped	7947	2.9048	0.5	-53.5548	61.9233	0	-0.328761	-0.944413	0	7948	7384
ChainingRodShaped	6815	3.32114	0.5	26.7065	79.599	0	-0.965218	-0.261445	0	6816	5390
ChainingRodShaped	5653	3.86333	0.5	48.9145	-2.79711	0	0.229648	-0.973274	0	5654	8268
ChainingRodShaped	5583	4.18003	0.5	-48.0906	57.3734	0	0.124822	0.992179	0	8039	7694
ChainingRodShaped	6859	4.11743	0.5	-25.3146	18.999	0	0.159945	-0.987126	0	None	None
ChainingRodShaped	7613	3.56052	0.5	92.9943	53.8707	0	-0.938899	0.344192	0	7614	7576
ChainingRodShaped	5843	4.10454	0.5	-44.1691	41.6715	0	-0.281474	-0.959569	0	5844	9166
ChainingRodShaped	8913	2.30095	0.5	27.0943	59.0314	0	-0.146367	-0.98923	0	None	None
ChainingRodShaped	7255	4.77291	0.5	-10.6241	88.8947	0	-0.321689	0.946845	0	None	None
ChainingRodShaped	6279	4.67129	0.5	-8.89209	21.6495	0	-0.855155	-0.518373	0	None	None
ChainingRodShaped	8525	2.78794	0.5	92.0165	55.8816	0	0.909281	-0.416183	0	8526	6148
ChainingRodShaped	8293	2.46709	0.5	-25.4545	68.172	0	-0.116928	-0.99314	0	8294	7858
ChainingRodShaped	5955	4.3728	0.5	45.1154	10.2586	0	-0.181894	0.983318	0	8439	6608
ChainingRodShaped	8637	2.89507	0.5	-45.5296	44.7104	0	-0.0529489	-0.998597	0	None	None
ChainingRodShaped	6155	4.91097	0.5	31.1459	12.7005	0	0.456087	-0.889935	0	8519	9404
ChainingRodShaped	6759	3.97816	0.5	37.8374	59.6562	0	-0.204802	0.978803	0	None	None
ChainingRodShaped	6901	3.46884	0.5	-13.4784	17.248	0	0.072028	0.997403	0	None	None
ChainingRodShaped	6259	4.43832	0.5	-19.0881	66.4738	0	-0.439481	-0.898252	0	None	None
ChainingRodShaped	8031	2.91634	0.5	4.80792	38.4309	0	0.0951834	-0.99546	0	None	None
ChainingRodShaped	7745	3.5987	0.5	-38.4742	42.049	0	0.23009	0.973169	0	7746	5772
ChainingRodShaped	7153	4.32702	0.5	59.2732	22.8286	0	0.151656	0.988433	0	7154	8946
ChainingRodShaped	6909	4.46175	0.5	22.587	2.84107	0	0.770283	-0.637702	0	None	None
ChainingRodShaped	6437	3.84367	0.5	38.0626	38.2904	0	0.198973	-0.980005	0	None	None
ChainingRodShaped	7033	4.66063	0.5	36.3954	-11.7546	0	0.753318	-0.657657	0	None	None
ChainingRodShaped	9203	2.4115	0.5	-26.7906	90.5773	0	0.0104928	0.999945	0	None	None
ChainingRodShaped	8131	2.57615	0.5	-54.0663	31.9345	0	-0.101333	-0.994853	0	8132	9420
ChainingRodShaped	8369	2.5298	0.5	22.8164	55.0234	0	-0.13357	-0.991039	0	None	None
ChainingRodShaped	5697	4.6257	0.5	58.665	59.6061	0	-0.289678	0.957124	0	None	None
ChainingRodShaped	5857	4.52804	0.5	17.0636	1.79147	0	-0.938189	0.346124	0	5858	7796
ChainingRodShaped	7189	3.96628	0.5	-5.90762	77.6404	0	0.301336	-0.953518	0	7190	6412
ChainingRodShaped	8043	2.79234	0.5	-50.8004	50.3362	0	-0.0856242	-0.996328	0	None	None
ChainingRodShaped	6483	3.86772	0.5	-0.862947	-1.67396	0	0.954026	0.299725	0	None	None
ChainingRodShaped	7221	3.5478	0.5	9.76369	93.3493	0	0.983561	0.180578	0	None	None
ChainingRodShaped	8061	2.72879	0.5	25.9126	84.1118	0	-0.959536	-0.281587	0	None	None
ChainingRodShaped	8631	2.36987	0.5	39.3747	-15.901	0	-0.765833	0.64304	0	8632	9558
ChainingRodShaped	7331	3.32457	0.5	-18.3581	46.0957	0	0.0583128	-0.998298	0	None	None
ChainingRodShaped	8675	2.39741	0.5	32.6491	48.9034	0	0.123885	-0.992297	0	None	None
ChainingRodShaped	7355	3.47929	0.5	26.7626	70.0916	0	-0.688109	-0.725607	0	None	None
ChainingRodShaped	5895	3.53586	0.5	-35.2393	54.5391	0	0.148918	0.98885	0	9307	5392
ChainingRodShaped	7305	4.67818	0.5	-7.86673	21.3246	0	-0.859711	-0.510781	0	None	None
ChainingRodShaped	7541	3.68838	0.5	42.7209	54.3453	0	-0.292362	0.956308	0	None	None
ChainingRodShaped	7907	4.05647	0.5	22.035	51.7289	0	-0.132233	0.991219	0	None	None
ChainingRodShaped	7635	3.05606	0.5	17.5897	4.32037	0	0.821669	-0.569965	0	None	None
ChainingRodShaped	8977	2.35754	0.5	3.47687	83.6243	0	0.65381	0.756659	0	None	None
ChainingRodShaped	5853	3.85344	0.5	52.875	-33.1824	0	0.0680609	-0.997681	0	8851	8968
ChainingRodShaped	8491	2.91776	0.5	-7.16853	19.6592	0	-0.983312	0.181928	0	None	None
ChainingRodShaped	9005	2.24995	0.5	-76.0078	1.08056	0	-0.999886	-0.0150969	0	9006	7528
ChainingRodShaped	7117	3.56298	0.5	43.0885	36.8061	0	-0.178993	0.98385	0	None	None
ChainingRodShaped	7013	3.66097	0.5	-41.6837	38.5546	0	-0.0403458	0.999186	0	None	None
ChainingRodShaped	9441	2.14037	0.5	41.8623	57.3541	0	-0.834483	0.551033	0	None	None
ChainingRodShaped	6211	4.04063	0.5	-7.44166	2.14896	0	-0.944831	-0.327559	0	6212	8364
ChainingRodShaped	8025	3.01105	0.5	-27.7783	15.0479	0	-0.069098	-0.99761	0	None	None
ChainingRodShaped	8443	2.74505	0.5	-34.7113	34.0034	0	0.400344	0.916365	0	None	None
ChainingRodShaped	8207	3.30218	0.5	3.18834	14.638	0	0.961338	-0.27537	0	None	None
ChainingRodShaped	7861	3.70935	0.5	-18.0864	6.64888	0	0.0636954	-0.997969	0	None	None
ChainingRodShaped	9375	2.17599	0.5	28.7584	5.14407	0	0.62216	-0.78289	0	None	None
ChainingRodShaped	6555	3.62722	0.5	-31.5014	66.6458	0	0.162249	0.98675	0	None	None
ChainingRodShaped	6165	3.81237	0.5	-34.5508	110.433	0	0.266664	0.963789	0	6166	6754
ChainingRodShaped	8633	2.30812	0.5	56.8925	58.7255	0	-0.286292	0.958142	0	8634	7398
ChainingRodShaped	4865	4.93773	0.5	43.5917	-11.0559	0	0.48973	-0.871874	0	4866	8360
ChainingRodShaped	6455	3.86132	0.5	-6.17344	70.7722	0	-0.0121644	0.999926	0	None	None
ChainingRodShaped	5989	4.51353	0.5	-23.694	74.9508	0	-0.122517	-0.992466	0	9063	6292
ChainingRodShaped	7149	4.30471	0.5	-43.2753	23.798	0	0.40843	0.91279	0	None	None
ChainingRodShaped	8089	3.81182	0.5	-2.02101	27.9576	0	-0.825782	-0.56399	0	None	None
ChainingRodShaped	7911	3.51374	0.5	29.4883	20.7511	0	0.404216	-0.914664	0	None	None
ChainingRodShaped	7207	4.88525	0.5	-32.2469	86.8581	0	0.248811	0.968552	0	None	None
ChainingRodShaped	8145	2.974	0.5	49.9296	-60.1922	0	-0.225134	-0.974328	0	8146	9172
ChainingRodShaped	9029	2.39292	0.5	2.56685	23.7965	0	-0.854254	-0.519855	0	None	None
ChainingRodShaped	7373	3.5621	0.5	7.46301	75.7229	0	-0.616749	-0.78716	0	None	None
ChainingRodShaped	8187	3.16099	0.5	-30.5651	42.8113	0	0.0791258	0.996865	0	None	None
ChainingRodShaped	8235	3.04236	0.5	20.2464	-5.33434	0	0.903205	-0.42921	0	None	None
ChainingRodShaped	5475	4.70999	0.5	-24.196	-23.607	0	0.402188	0.915557	0	None	None
ChainingRodShaped	9179	2.42296	0.5	-7.95882	62.9033	0	-0.0302743	-0.999542	0	None	None
ChainingRodShaped	7277	3.59632	0.5	43.3671	81.0369	0	-0.961821	0.273678	0	None	None
ChainingRodShaped	7737	2.61745	0.5	69.2051	69.5033	0	0.805675	-0.592357	0	7738	7586
ChainingRodShaped	6865	3.00766	0.5	7.41301	34.6614	0	-0.624453	-0.781063	0	6866	6486
ChainingRodShaped	7483	3.98926	0.5	-20.2212	39.255	0	0.156301	-0.987709	0	None	None
ChainingRodShaped	8509	3.09413	0.5	48.3138	59.9411	0	-0.462333	0.886706	0	None	None
ChainingRodShaped	5641	4.85834	0.5	-35.6006	64.2163	0	0.126506	0.991966	0	None	None
ChainingRodShaped	8965	2.56006	0.5	19.8935	22.8909	0	0.330066	-0.943958	0	None	None
ChainingRodShaped	9181	2.14892	0.5	-21.1524	98.0909	0	-0.0877596	-0.996142	0	9182	8902
ChainingRodShaped	8239	3.09774	0.5	55.9839	35.7211	0	0.621644	0.7833	0	None	None
ChainingRodShaped	7479	3.75896	0.5	-30.6046	81.3204	0	0.224492	0.974476	0	7480	6590
ChainingRodShaped	7471	4.23161	0.5	-6.47841	-14.2442	0	0.528163	-0.849143	0	None	None
ChainingRodShaped	9289	2.25731	0.5	30.358	49.487	0	-0.316564	-0.948571	0	None	None
ChainingRodShaped	8249	2.83783	0.5	34.469	31.6873	0	-0.180387	-0.983596	0	None	None
ChainingRodShaped	7307	3.14082	0.5	-23.5999	-4.03829	0	-0.169059	-0.985606	0	7308	6524
ChainingRodShaped	7291	4.84189	0.5	-22.1669	79.6726	0	-0.120463	-0.992718	0	None	None
ChainingRodShaped	6719	3.79437	0.5	45.6672	38.2834	0	-0.20142	0.979505	0	None	None
ChainingRodShaped	6069	4.31128	0.5	-47.3081	52.253	0	0.266533	0.963826	0	None	None
ChainingRodShaped	8413	2.52924	0.5	21.8702	-8.26269	0	0.960542	0.278137	0	None	None
ChainingRodShaped	8287	3.26741	0.5	33.5669	88.4472	0	0.726552	-0.687111	0	None	None
ChainingRodShaped	6673	4.61392	0.5	-0.237054	-5.45866	0	0.941285	0.337614	0	None	None
ChainingRodShaped	6605	4.43013	0.5	31.0051	45.0866	0	-0.568924	-0.82239	0	None	None
ChainingRodShaped	8635	2.95114	0.5	-13.9591	53.8363	0	-0.11014	-0.993916	0	None	None
ChainingRodShaped	8505	2.48508	0.5	0.999931	41.4739	0	0.151215	-0.988501	0	None	None
ChainingRodShaped	9511	2.05717	0.5	50.6636	31.3779	0	-0.925168	0.379557	0	None	None
ChainingRodShaped	7491	4.24174	0.5	-43.9293	65.9983	0	-0.154827	-0.987942	0	None	None
ChainingRodShaped	9371	2.18328	0.5	37.1999	-1.79105	0	0.523973	-0.851735	0	None	None
ChainingRodShaped	7569	4.51173	0.5	-15.0775	69.7429	0	-0.0454143	0.998968	0	None	None
ChainingRodShaped	9177	2.41818	0.5	-43.2549	13.128	0	-0.463015	-0.88635	0	None	None
ChainingRodShaped	7165	3.61162	0.5	0.0714076	36.6139	0	0.692595	0.721327	0	None	None
ChainingRodShaped	8911	2.7865	0.5	0.0714204	0.529608	0	0.975827	0.218547	0	None	None
ChainingRodShaped	6125	3.5982	0.5	-27.1022	-2.13871	0	-0.0196427	0.999807	0	6126	6420
ChainingRodShaped	7037	4.4253	0.5	39.6423	8.69326	0	0.495036	-0.868873	0	7038	6622
ChainingRodShaped	6205	3.95971	0.5	-30.674	3.32974	0	-0.0981358	-0.995173	0	6206	6158
ChainingRodShaped	8447	2.59024	0.5	2.82995	79.2497	0	-0.442289	-0.896873	0	None	None
ChainingRodShaped	8813	2.34283	0.5	21.2942	13.7972	0	0.256035	-0.966668	0	None	None
ChainingRodShaped	7377	3.81128	0.5	-21.5974	105.676	0	-0.0660913	-0.997814	0	7378	7008
ChainingRodShaped	7657	3.44518	0.5	20.7803	48.2551	0	0.0316337	-0.9995	0	7658	4994
ChainingRodShaped	7971	4.03171	0.5	19.6419	20.8262	0	0.35566	-0.934616	0	None	None
ChainingRodShaped	7739	3.5915	0.5	-15.4923	4.89026	0	0.000990221	-1	0	None	None
ChainingRodShaped	8315	3.15597	0.5	51.401	64.2915	0	0.547677	-0.83669	0	None	None
ChainingRodShaped	7405	3.75783	0.5	39.2044	-12.9143	0	-0.735707	0.6773	0	7406	7712
ChainingRodShaped	7407	3.8779	0.5	-23.8783	7.85258	0	-0.0863001	-0.996269	0	None	None
ChainingRodShaped	6893	3.38813	0.5	-32.9878	62.8522	0	0.161285	0.986908	0	6894	8050
ChainingRodShaped	7955	2.75837	0.5	9.63793	60.522	0	0.528922	-0.84867	0	None	None
ChainingRodShaped	7591	3.56188	0.5	-36.4081	3.77988	0	-0.151761	0.988417	0	7592	6508
ChainingRodShaped	6503	4.52514	0.5	21.513	29.0515	0	0.303528	-0.952822	0	None	None
ChainingRodShaped	7151	4.55526	0.5	0.0781861	-14.6541	0	0.259669	-0.965698	0	None	None
ChainingRodShaped	6937	4.26591	0.5	31.8116	9.48046	0	0.466488	-0.884528	0	6938	8860
ChainingRodShaped	6777	4.2073	0.5	16.3358	68.1731	0	0.822774	0.568368	0	None	None
ChainingRodShaped	9409	2.06091	0.5	-64.3984	20.5878	0	-0.191192	-0.981553	0	9410	7924
ChainingRodShaped	8895	2.65027	0.5	8.96095	83.281	0	-0.729674	-0.683795	0	None	None
ChainingRodShaped	8069	3.64233	0.5	20.5653	36.1057	0	0.195585	-0.980687	0	None	None
ChainingRodShaped	6979	3.44138	0.5	-59.6154	39.2376	0	0.23031	0.973117	0	None	None
ChainingRodShaped	8667	2.9094	0.5	40.4992	60.2817	0	0.18543	-0.982658	0	None	None
ChainingRodShaped	8253	2.68624	0.5	-42.6491	-6.19268	0	-0.742485	0.669863	0	None	None
ChainingRodShaped	7637	2.98353	0.5	-28.027	24.8866	0	-0.0645824	-0.997912	0	None	None
ChainingRodShaped	8251	2.91314	0.5	-11.9533	55.6516	0	-0.100704	-0.994916	0	None	None
ChainingRodShaped	7503	4.23362	0.5	34.3051	19.9622	0	-0.491793	0.870712	0	None	None
ChainingRodShaped	9185	2.35805	0.5	-12.1173	93.161	0	0.333508	-0.942747	0	None	None
ChainingRodShaped	6929	4.69536	0.5	-12.5879	45.8048	0	-0.19486	-0.980831	0	6930	8156
ChainingRodShaped	9105	2.15272	0.5	-8.46479	-4.00914	0	-0.851689	-0.524047	0	9106	7918
ChainingRodShaped	5605	4.72689	0.5	-29.0122	-14.0756	0	-0.0368542	-0.999321	0	None	None
ChainingRodShaped	4803	4.72564	0.5	-28.2022	37.9284	0	-0.0706049	-0.997504	0	7303	8336
ChainingRodShaped	6705	4.29336	0.5	30.1102	45.2884	0	-0.567301	-0.82351	0	None	None
ChainingRodShaped	5219	4.21426	0.5	-42.8806	85.9207	0	0.282202	0.959355	0	8197	6988
ChainingRodShaped	6185	3.4996	0.5	-47.0913	77.9679	0	-0.314674	-0.9492	0	6186	4784
ChainingRodShaped	5745	4.04187	0.5	35.3606	62.3665	0	0.219315	-0.975654	0	5746	8770
ChainingRodShaped	5933	4.32666	0.5	-7.91387	97.8856	0	-0.834667	0.550755	0	None	None
ChainingRodShaped	7083	4.11029	0.5	-17.2696	83.9717	0	-0.702153	0.712026	0	None	None
ChainingRodShaped	7223	3.45584	0.5	22.471	-4.33884	0	-0.892689	0.450674	0	7224	7556
ChainingRodShaped	5651	4.65763	0.5	-16.2852	-3.62862	0	0.901106	0.433599	0	None	None
ChainingRodShaped	8077	3.12492	0.5	-27.7393	72.5455	0	0.140476	0.990084	0	None	None
ChainingRodShaped	8785	2.89078	0.5	19.759	57.4168	0	0.403284	0.915075	0	None	None
ChainingRodShaped	6251	4.21358	0.5	-17.0484	0.96478	0	-0.889712	0.456523	0	None	None
ChainingRodShaped	9579	2.00082	0.5	-29.1579	46.9045	0	0.139289	0.990252	0	None	None
ChainingRodShaped	8641	3.0396	0.5	25.3642	54.1746	0	0.070667	-0.9975	0	None	None
ChainingRodShaped	6611	4.80807	0.5	3.42765	84.9114	0	0.661297	0.750124	0	None	None
ChainingRodShaped	8593	3.03568	0.5	-34.1682	6.62385	0	0.578375	-0.815771	0	None	None
ChainingRodShaped	8793	2.43315	0.5	47.0796	80.8973	0	-0.938832	0.344376	0	None	None
ChainingRodShaped	6441	4.73794	0.5	22.2609	90.9455	0	-0.61942	-0.78506	0	None	None
ChainingRodShaped	7265	3.77725	0.5	-57.6355	22.9354	0	-0.102695	0.994713	0	None	None
ChainingRodShaped	6727	3.48861	0.5	-26.5113	-26.5023	0	-0.384531	-0.923112	0	6728	8116
ChainingRodShaped	8795	2.34145	0.5	-24.1349	25.7706	0	-0.27874	-0.960367	0	None	None
ChainingRodShaped	9051	2.57388	0.5	-0.402712	49.9947	0	0.426753	-0.904368	0	None	None
ChainingRodShaped	6107	3.93461	0.5	-26.3557	22.4422	0	0.0718671	0.997414	0	6108	8318
ChainingRodShaped	6349	3.91703	0.5	-18.8329	16.3458	0	-0.188753	-0.982025	0	6350	6994
ChainingRodShaped	7095	3.99712	0.5	-2.78908	73.3779	0	0.285885	-0.958264	0	None	None
ChainingRodShaped	7973	4.16196	0.5	-11.7878	6.18629	0	-0.918689	-0.394982	0	None	None
ChainingRodShaped	8803	2.63077	0.5	21.0792	-2.25085	0	0.759216	-0.650838	0	None	None
ChainingRodShaped	5715	4.21378	0.5	-37.2006	78.5046	0	-0.196028	-0.980598	0	8189	7434
ChainingRodShaped	8247	2.93512	0.5	5.17374	29.6428	0	-0.859179	-0.511675	0	None	None
ChainingRodShaped	7937	3.64389	0.5	-56.5069	32.6535	0	-0.449741	0.893159	0	None	None
ChainingRodShaped	8503	3.00736	0.5	-37.2943	65.8971	0	0.10587	0.99438	0	None	None
ChainingRodShaped	6949	3.67598	0.5	51.1442	8.7965	0	-0.186539	0.982448	0	None	None
ChainingRodShaped	8181	3.61641	0.5	-8.83533	29.236	0	-0.966087	0.258217	0	None	None
ChainingRodShaped	7853	4.13111	0.5	0.952927	59.3588	0	0.292865	-0.956154	0	None	None
ChainingRodShaped	7079	4.58261	0.5	33.966	33.896	0	-0.170538	-0.985351	0	None	None
ChainingRodShaped	9035	2.23819	0.5	38.9915	42.8858	0	-0.209051	0.977905	0	9036	7954
ChainingRodShaped	8903	2.43385	0.5	19.3455	13.9932	0	0.359889	-0.932995	0	None	None
ChainingRodShaped	7309	4.29493	0.5	-14.3412	62.5314	0	0.517924	0.855426	0	None	None
ChainingRodShaped	6369	3.83228	0.5	-22.7093	34.9473	0	-0.694628	-0.719369	0	None	None
ChainingRodShaped	8313	3.22236	0.5	43.5429	-20.8944	0	0.736771	-0.676143	0	None	None
ChainingRodShaped	7093	3.82647	0.5	47.3668	-20.6788	0	-0.553313	0.832973	0	7094	6182
ChainingRodShaped	8281	3.04487	0.5	-80.2791	2.21491	0	-0.999277	0.0380263	0	8282	7784
ChainingRodShaped	7249	3.9474	0.5	70.7656	39.9326	0	-0.722957	-0.690893	0	7250	6282
ChainingRodShaped	7929	3.03908	0.5	-20.1968	66.2289	0	-0.448419	-0.893823	0	None	None
ChainingRodShaped	9417	2.14582	0.5	23.9615	76.8602	0	0.940688	0.339272	0	None	None
ChainingRodShaped	9531	2.01396	0.5	55.577	-30.3225	0	-0.122379	0.992483	0	9532	7682
ChainingRodShaped	7827	4.36303	0.5	42.2631	-3.04613	0	0.537533	-0.843243	0	None	None
ChainingRodShaped	6045	4.98237	0.5	45.901	76.5197	0	0.533768	-0.845631	0	None	None
ChainingRodShaped	8493	3.35498	0.5	36.6098	83.826	0	-0.999858	0.0168331	0	None	None
ChainingRodShaped	7447	4.18906	0.5	44.2857	9.54895	0	-0.177498	0.984121	0	None	None
ChainingRodShaped	8259	2.78202	0.5	1.71448	53.4345	0	0.248037	-0.968751	0	8260	6552
ChainingRodShaped	8819	2.38923	0.5	-18.8997	37.9041	0	-0.195873	-0.980629	0	None	None
ChainingRodShaped	4931	4.9682	0.5	47.8768	84.7171	0	0.852966	-0.521966	0	4932	5860
ChainingRodShaped	7945	3.98614	0.5	6.25681	41.3457	0	0.0971687	-0.995268	0	None	None
ChainingRodShaped	9487	2.07513	0.5	7.9761	77.8254	0	-0.60274	-0.797938	0	None	None
ChainingRodShaped	6975	4.05653	0.5	-50.1196	33.4383	0	0.0866158	0.996242	0	6976	6152
ChainingRodShaped	7187	4.02285	0.5	-0.852278	22.5639	0	-0.843857	-0.536567	0	None	None
ChainingRodShaped	5941	4.56586	0.5	-32.3918	4.89936	0	0.0973422	0.995251	0	None	None
ChainingRodShaped	9117	2.5049	0.5	43.3229	40.3119	0	-0.201533	0.979482	0	None	None
ChainingRodShaped	7761	3.13377	0.5	54.861	-41.1719	0	-0.0973543	0.99525	0	7762	9226
ChainingRodShaped	7623	4.64225	0.5	8.01366	90.0939	0	0.984625	0.174684	0	None	None
ChainingRodShaped	8057	2.69244	0.5	-52.349	41.5573	0	-0.0670027	-0.997753	0	None	None
ChainingRodShaped	6287	4.94263	0.5	-45.362	17.1413	0	0.452125	0.891955	0	None	None
ChainingRodShaped	6775	3.64241	0.5	-46.2751	21.7024	0	0.434498	0.900673	0	6776	7312
ChainingRodShaped	6199	4.23303	0.5	-14.8805	53.5816	0	-0.104126	-0.994564	0	None	None
ChainingRodShaped	9215	2.23886	0.5	4.50747	59.9004	0	0.284571	-0.958655	0	None	None
ChainingRodShaped	8591	2.85794	0.5	24.7738	37.3491	0	-0.257422	0.966299	0	None	None
ChainingRodShaped	5871	4.43573	0.5	-29.056	38.4098	0	-0.0724962	-0.997369	0	8067	9012
ChainingRodShaped	7559	4.13096	0.5	44.3384	58.8202	0	-0.824847	0.565357	0	None	None
ChainingRodShaped	8587	2.47668	0.5	15.4477	4.30579	0	0.938531	-0.345196	0	None	None
ChainingRodShaped	7157	4.21864	0.5	45.6261	70.1436	0	0.450038	-0.89301	0	None	None
ChainingRodShaped	8269	3.66924	0.5	52.7896	52.0284	0	0.24839	-0.96866	0	None	None
ChainingRodShaped	8393	3.26117	0.5	-39.66	69.7742	0	-0.133216	-0.991087	0	None	None
ChainingRodShaped	7697	3.09496	0.5	-50.7727	36.9677	0	0.0733401	0.997307	0	7698	8574
ChainingRodShaped	6829	3.58219	0.5	-17.958	16.1287	0	-0.178939	-0.98386	0	None	None
ChainingRodShaped	5389	3.87728	0.5	17.0393	76.4824	0	-0.94959	-0.313494	0	5390	5988
ChainingRodShaped	8195	3.71482	0.5	-54.1658	43.4999	0	0.0495721	0.998771	0	None	None
ChainingRodShaped	7957	3.54688	0.5	-9.66682	64.5537	0	-0.008949	-0.99996	0	7958	7026
ChainingRodShaped	5957	4.54686	0.5	28.6475	40.4532	0	0.263266	-0.964723	0	None	None
ChainingRodShaped	7497	4.2976	0.5	9.02053	76.3271	0	-0.624638	-0.780915	0	None	None
ChainingRodShaped	7751	3.20137	0.5	-45.2837	-1.82331	0	-0.882471	0.470366	0	None	None
ChainingRodShaped	8403	2.58145	0.5	-44.3893	7.45838	0	-0.0753613	0.997156	0	None	None
ChainingRodShaped	6415	3.27543	0.5	31.2269	-1.06277	0	-0.720595	0.693356	0	6416	7134
ChainingRodShaped	8683	3.10583	0.5	8.24702	13.9533	0	0.934332	-0.356403	0	None	None
ChainingRodShaped	6741	4.70304	0.5	-45.1782	52.7591	0	0.233706	0.972307	0	None	None
ChainingRodShaped	8437	3.11043	0.5	-25.1296	56.4068	0	-0.107296	-0.994227	0	None	None
ChainingRodShaped	7977	3.98231	0.5	-45.2712	28.2447	0	0.40234	0.91549	0	None	None
ChainingRodShaped	8887	2.35671	0.5	0.52703	68.5507	0	0.318931	-0.947778	0	None	None
ChainingRodShaped	7357	4.69841	0.5	-43.3499	37.3603	0	-0.0204144	0.999792	0	None	None
ChainingRodShaped	6323	4.99185	0.5	-44.5233	46.0439	0	-0.055435	-0.998462	0	None	None
ChainingRodShaped	7589	3.26208	0.5	-6.74298	31.2953	0	-0.215726	-0.976454	0	None	None
ChainingRodShaped	6601	4.7016	0.5	-13.233	35.0399	0	-0.256811	-0.966462	0	None	None
ChainingRodShaped	8605	2.75008	0.5	-32.1916	17.0487	0	0.113529	0.993535	0	None	None
ChainingRodShaped	8877	2.35399	0.5	54.5849	-30.3451	0	0.138125	-0.990415	0	8878	6744
ChainingRodShaped	7017	4.89385	0.5	-18.3102	56.1313	0	-0.198396	-0.980122	0	None	None
ChainingRodShaped	8569	2.77828	0.5	-21.6961	124.443	0	0.344361	-0.938837	0	8570	8060
ChainingRodShaped	7715	2.94007	0.5	-14.4982	13.3734	0	-0.0331412	-0.999451	0	7716	8166
ChainingRodShaped	7557	3.86841	0.5	17.7654	59.1427	0	-0.427733	-0.903905	0	None	None
ChainingRodShaped	5779	4.35142	0.5	-52.834	15.5128	0	0.213909	0.976854	0	5780	6366
ChainingRodShaped	9459	2.04431	0.5	48.2419	48.6711	0	-0.262916	0.964819	0	None	None
ChainingRodShaped	6429	3.99458	0.5	-5.56713	65.2925	0	0.321767	-0.946819	0	None	None
ChainingRodShaped	6915	3.51113	0.5	47.5046	18.0656	0	-0.160177	0.987088	0	None	None
ChainingRodShaped	7565	4.14099	0.5	-5.5483	21.7005	0	-0.861564	-0.50765	0	None	None
ChainingRodShaped	9027	2.52249	0.5	-33.9665	39.8075	0	0.361672	0.932305	0	None	None
ChainingRodShaped	7755	3.38648	0.5	46.0018	65.5281	0	0.552615	-0.833437	0	None	None
ChainingRodShaped	6023	4.34255	0.5	4.03311	-0.728167	0	0.996884	0.0788827	0	None	None
ChainingRodShaped	6663	3.60959	0.5	-41.0634	66.0913	0	-0.144917	-0.989444	0	None	None
ChainingRodShaped	6001	4.19928	0.5	47.6808	-1.74287	0	-0.222719	0.974883	0	6002	8440
ChainingRodShaped	8575	2.97884	0.5	-10.2819	17.7618	0	-0.977434	0.211243	0	None	None
ChainingRodShaped	7445	3.60198	0.5	42.3289	30.7107	0	0.182112	-0.983278	0	7446	5658
ChainingRodShaped	9547	2.01764	0.5	-58.2106	48.1187	0	-0.292924	-0.956136	0	9548	8380
ChainingRodShaped	8303	2.86458	0.5	12.3337	92.8471	0	0.205133	0.978734	0	None	None
ChainingRodShaped	7099	4.48585	0.5	2.9051	66.8999	0	0.363871	-0.931449	0	None	None
ChainingRodShaped	8449	2.70832	0.5	37.9991	0.325899	0	0.514069	-0.857749	0	8450	9434
ChainingRodShaped	7639	2.94016	0.5	-13.3782	-10.1949	0	0.737274	0.675594	0	None	None
ChainingRodShaped	7799	3.23909	0.5	38.5917	86.6514	0	-0.999693	0.0247875	0	None	None
ChainingRodShaped	5771	3.99417	0.5	-36.5025	52.433	0	0.152622	0.988285	0	5772	7552
ChainingRodShaped	5499	4.61975	0.5	60.1954	34.6492	0	-0.000393335	1	0	8945	7790
ChainingRodShaped	7893	2.56153	0.5	36.2857	81.0145	0	-0.999984	-0.00570206	0	7894	6816
ChainingRodShaped	8255	2.86719	0.5	10.5641	15.9544	0	-0.925792	0.378032	0	None	None
ChainingRodShaped	8927	2.61265	0.5	12.5599	-5.49237	0	0.881837	0.471555	0	None	None
ChainingRodShaped	7473	4.9175	0.5	29.8617	22.2565	0	0.409762	-0.912193	0	None	None
ChainingRodShaped	8275	3.10668	0.5	20.9119	22.5799	0	0.339469	-0.940617	0	None	None
ChainingRodShaped	9217	2.17815	0.5	8.4112	84.089	0	-0.735931	-0.677057	0	None	None
ChainingRodShaped	7767	2.91718	0.5	-23.9174	-11.9105	0	-0.153233	-0.98819	0	7768	6900
ChainingRodShaped	6755	4.38867	0.5	9.55603	87.5554	0	-0.791771	-0.610818	0	None	None
ChainingRodShaped	6413	3.77858	0.5	-39.1452	33.6107	0	0.339514	0.940601	0	None	None
ChainingRodShaped	5725	4.89859	0.5	47.3923	34.4126	0	-0.178139	0.984005	0	None	None
ChainingRodShaped	5943	4.32192	0.5	-26.3623	4.66539	0	0.0331809	-0.999449	0	None	None
ChainingRodShaped	8231	2.74075	0.5	62.0817	69.487	0	-0.820759	0.571274	0	8232	5992
ChainingRodShaped	9067	2.25136	0.5	-16.4022	6.96384	0	0.0435807	-0.99905	0	None	None
ChainingRodShaped	7951	3.35195	0.5	-23.798	82.0594	0	-0.116539	-0.993186	0	7952	8806
ChainingRodShaped	7825	2.88519	0.5	-45.4876	67.8742	0	0.173221	0.984883	0	None	None
ChainingRodShaped	7867	3.67179	0.5	-21.3873	52.0532	0	0.243156	-0.969987	0	None	None
ChainingRodShaped	5687	4.60406	0.5	24.155	57.7534	0	-0.147597	-0.989048	0	None	None
ChainingRodShaped	7129	4.26453	0.5	41.706	54.7504	0	-0.28274	0.959197	0	None	None
ChainingRodShaped	8007	3.01036	0.5	-41.9506	17.5449	0	0.453528	0.891242	0	None	None
ChainingRodShaped	7727	2.85455	0.5	25.4363	95.2625	0	0.943688	-0.330836	0	7728	7502
ChainingRodShaped	7431	4.73393	0.5	33.9481	43.3283	0	0.793423	0.60867	0	None	None
ChainingRodShaped	6439	4.28185	0.5	41.0874	53.67	0	-0.273172	0.961965	0	None	None
ChainingRodShaped	8577	2.80513	0.5	28.6949	9.0394	0	0.279668	-0.960097	0	None	None
ChainingRodShaped	5567	4.77019	0.5	31.8508	66.8448	0	-0.174772	-0.984609	0	None	None
ChainingRodShaped	7325	4.23328	0.5	46.3435	48.2604	0	-0.233382	0.972385	0	None	None
ChainingRodShaped	8485	2.68844	0.5	-56.0814	18.7864	0	-0.201805	-0.979426	0	8486	9262
ChainingRodShaped	8609	2.70429	0.5	-45.478	72.4072	0	0.227254	0.973835	0	8610	7424
ChainingRodShaped	8673	2.4717	0.5	-18.7988	91.825	0	-0.31603	0.948749	0	None	None
ChainingRodShaped	7961	3.49886	0.5	19.0749	4.40284	0	-0.815223	0.579147	0	None	None
ChainingRodShaped	8161	3.68284	0.5	6.32807	35.935	0	-0.608748	-0.793363	0	None	None
ChainingRodShaped	8421	3.26272	0.5	9.97947	76.197	0	-0.632409	-0.774635	0	None	None
ChainingRodShaped	8353	3.35815	0.5	-32.2296	56.7075	0	0.151405	0.988472	0	None	None
ChainingRodShaped	8147	2.83213	0.5	-14.7604	-14.7893	0	-0.914784	0.403942	0	None	None
ChainingRodShaped	8749	2.72445	0.5	-30.9919	9.96605	0	-0.0887315	-0.996056	0	8750	7926
ChainingRodShaped	8079	2.72985	0.5	-8.62883	86.0086	0	0.316211	-0.948689	0	8080	7190
ChainingRodShaped	9271	2.21955	0.5	10.4877	45.9371	0	0.367841	0.929889	0	None	None
ChainingRodShaped	6487	4.68793	0.5	-16.698	35.6329	0	-0.225163	-0.974321	0	None	None
ChainingRodShaped	5387	4.7053	0.5	59.1294	53.8159	0	-0.216278	0.976332	0	None	None
ChainingRodShaped	9221	2.19816	0.5	-47.5633	28.4284	0	-0.23026	-0.973129	0	9222	7240
ChainingRodShaped	9523	2.04454	0.5	26.5975	80.5246	0	-0.966342	-0.257259	0	None	None
ChainingRodShaped	7395	4.82392	0.5	-3.87303	49.7165	0	-0.37243	0.92806	0	None	None
ChainingRodShaped	9317	2.20922	0.5	-4.08384	80.8314	0	0.308855	-0.951109	0	None	None
ChainingRodShaped	6625	4.90015	0.5	-40.3131	98.2394	0	-0.311164	-0.950356	0	6626	6196
ChainingRodShaped	8119	2.7209	0.5	25.9793	85.1216	0	-0.956666	-0.291186	0	None	None
ChainingRodShaped	8839	2.34813	0.5	7.31902	-5.12984	0	0.884473	0.466592	0	None	None
ChainingRodShaped	8331	2.96684	0.5	-4.73944	20.1228	0	-0.982621	0.185626	0	None	None
ChainingRodShaped	6445	4.7335	0.5	-31.1953	-21.3651	0	-0.302108	0.953274	0	9383	5832
ChainingRodShaped	9465	2.08599	0.5	53.7105	40.6075	0	-0.594618	-0.804008	0	None	None
ChainingRodShaped	9205	2.23982	0.5	-24.3564	85.3498	0	0.0937564	0.995595	0	None	None
ChainingRodShaped	8153	2.88441	0.5	-8.93875	54.1705	0	-0.0101879	-0.999948	0	8154	8122
ChainingRodShaped	7379	4.78584	0.5	40.2065	21.888	0	0.180338	-0.983605	0	None	None
ChainingRodShaped	4462	4.9337	0.5	-48.2322	77.628	0	-0.315276	-0.949	0	6519	8272
ChainingRodShaped	5505	4.07573	0.5	51.598	-14.4247	0	0.216668	-0.976245	0	8267	7206
ChainingRodShaped	6711	4.63137	0.5	36.1685	78.1977	0	0.999395	0.0347898	0	None	None
ChainingRodShaped	8827	2.42871	0.5	51.1645	-22.8224	0	0.293413	-0.955986	0	8828	8852
ChainingRodShaped	8381	2.55869	0.5	-42.9202	4.38059	0	0.529953	-0.848027	0	None	None
ChainingRodShaped	8193	2.76097	0.5	3.25727	13.6778	0	0.959934	-0.280226	0	None	None
ChainingRodShaped	8489	3.09255	0.5	22.0771	56.2146	0	-0.137347	-0.990523	0	None	None
ChainingRodShaped	8647	2.32647	0.5	26.1488	35.8896	0	0.294527	-0.955643	0	8648	9514
ChainingRodShaped	7215	3.97393	0.5	53.8128	25.426	0	0.645383	0.763859	0	None	None
ChainingRodShaped	9387	2.11375	0.5	-19.3953	-15.2986	0	0.639087	0.769134	0	None	None
ChainingRodShaped	6409	4.48472	0.5	3.80026	66.8198	0	0.373146	-0.927773	0	None	None
ChainingRodShaped	9509	2.0313	0.5	15.9635	35.005	0	0.0107742	-0.999942	0	None	None
ChainingRodShaped	6749	3.84055	0.5	52.0091	-21.1765	0	-0.197896	0.980223	0	6750	6110
ChainingRodShaped	9457	2.104	0.5	-47.2731	41.2083	0	0.276002	0.961157	0	None	None
ChainingRodShaped	8761	2.82399	0.5	-40.7185	25.1048	0	0.403175	0.915123	0	None	None
ChainingRodShaped	6495	3.98259	0.5	61.5226	45.5055	0	-0.110706	0.993853	0	None	None
ChainingRodShaped	8553	3.15959	0.5	44.2121	76.3571	0	0.818932	-0.57389	0	None	None
ChainingRodShaped	7817	4.34416	0.5	-16.1299	-6.62525	0	0.93073	0.365706	0	None	None
ChainingRodShaped	8377	2.82319	0.5	29.6668	11.62	0	0.454608	-0.890692	0	None	None
ChainingRodShaped	8523	2.58208	0.5	-52.9564	47.4901	0	-0.0660515	-0.997816	0	8524	7810
ChainingRodShaped	8731	2.53013	0.5	-50.7031	7.40799	0	0.866867	0.498539	0	None	None
ChainingRodShaped	6527	4.12436	0.5	32.319	34.5613	0	-0.150758	-0.988571	0	None	None
ChainingRodShaped	9449	2.05946	0.5	-17.9643	24.4736	0	-0.233627	-0.972326	0	9450	5950
ChainingRodShaped	7981	4.07221	0.5	-7.97572	6.71662	0	0.94067	0.339322	0	None	None
ChainingRodShaped	7507	3.7014	0.5	-9.39056	40.2469	0	0.155518	0.987833	0	None	None
ChainingRodShaped	7115	4.3352	0.5	2.03818	13.0938	0	0.958483	-0.285149	0	None	None
ChainingRodShaped	7041	4.31747	0.5	-22.6015	59.1365	0	0.0650291	-0.997883	0	None	None
ChainingRodShaped	8547	2.86207	0.5	19.7237	72.2962	0	0.996625	0.0820876	0	None	None
ChainingRodShaped	7975	4.03073	0.5	-29.5638	-10.8544	0	-0.3288	-0.9444	0	None	None
ChainingRodShaped	9113	2.31115	0.5	-26.5991	66.2931	0	0.130172	0.991491	0	None	None
ChainingRodShaped	9483	2.06809	0.5	46.7969	6.53874	0	0.202712	-0.979238	0	9484	5654
ChainingRodShaped	6795	3.7497	0.5	39.7506	14.1379	0	-0.16359	0.986528	0	None	None
ChainingRodShaped	7687	2.99436	0.5	-37.6915	34.5428	0	0.10506	0.994466	0	7688	7132
ChainingRodShaped	7159	3.67812	0.5	12.0883	26.3051	0	-0.898296	-0.439391	0	None	None
ChainingRodShaped	9565	2.00811	0.5	43.0412	21.8595	0	-0.179452	0.983767	0	9566	7112
ChainingRodShaped	7513	3.09963	0.5	-30.0028	-8.37698	0	-0.101371	-0.994849	0	None	None
ChainingRodShaped	7505	4.33445	0.5	31.4682	34.7017	0	-0.140928	-0.99002	0	None	None
ChainingRodShaped	9475	2.08734	0.5	-11.1312	-14.8168	0	-0.567815	0.823156	0	None	None
ChainingRodShaped	7059	3.88355	0.5	-4.29359	54.7612	0	0.0731764	-0.997319	0	None	None
ChainingRodShaped	5533	4.78934	0.5	-33.1828	35.7237	0	0.226468	0.974019	0	None	None
ChainingRodShaped	7101	3.71266	0.5	94.2365	49.6808	0	-0.993266	-0.115857	0	7102	7806
ChainingRodShaped	7261	3.8643	0.5	-14.5276	24.0491	0	-0.272876	-0.962049	0	None	None
ChainingRodShaped	6695	4.38363	0.5	15.0753	36.5941	0	0.0207764	-0.999784	0	None	None
ChainingRodShaped	9477	2.04076	0.5	-26.586	34.3419	0	-0.0431459	-0.999069	0	None	None
ChainingRodShaped	8791	2.69502	0.5	-52.6422	27.7029	0	-0.128311	-0.991734	0	None	None
ChainingRodShaped	6289	4.49741	0.5	-28.0613	-21.6088	0	0.265928	-0.963993	0	None	None
ChainingRodShaped	7707	3.65748	0.5	25.161	43.0652	0	-0.199271	0.979944	0	None	None
ChainingRodShaped	6791	4.15194	0.5	4.24228	87.1904	0	0.668767	0.743472	0	None	None
ChainingRodShaped	6261	4.31444	0.5	26.0206	24.202	0	0.362281	-0.932069	0	6262	8520
ChainingRodShaped	8109	2.79456	0.5	-58.2793	30.3483	0	0.096123	0.995369	0	None	None
ChainingRodShaped	8781	2.85911	0.5	-4.59009	33.4974	0	-0.340794	-0.940138	0	None	None
ChainingRodShaped	7579	3.58744	0.5	-34.5983	18.3022	0	0.70908	-0.705128	0	None	None
ChainingRodShaped	8023	3.55926	0.5	31.6278	82.4401	0	-0.989409	-0.145158	0	None	None
ChainingRodShaped	7143	4.59792	0.5	-24.0199	21.4191	0	0.162602	-0.986692	0	None	None
ChainingRodShaped	7989	3.64615	0.5	-1.3518	-4.8184	0	0.943662	0.330911	0	None	None
ChainingRodShaped	6907	3.78679	0.5	33.9128	76.5664	0	-0.930047	-0.36744	0	None	None
ChainingRodShaped	7229	3.63749	0.5	-21.4793	16.4753	0	-0.189581	-0.981865	0	None	None
ChainingRodShaped	6813	4.81126	0.5	-23.3981	2.14289	0	-0.196532	-0.980497	0	None	None
ChainingRodShaped	6881	3.4739	0.5	-37.0721	60.6886	0	0.156303	0.987709	0	None	None
ChainingRodShaped	5665	3.69214	0.5	-39.9544	60.4795	0	-0.146416	-0.989223	0	5666	6914
ChainingRodShaped	5749	4.4006	0.5	-43.2742	71.2483	0	-0.112453	-0.993657	0	None	None
ChainingRodShaped	6951	4.08278	0.5	3.51615	92.0236	0	0.68288	0.730531	0	None	None
ChainingRodShaped	7301	4.59982	0.5	26.4565	60.7436	0	-0.156238	-0.987719	0	None	None
ChainingRodShaped	9033	2.35719	0.5	-8.88093	73.3967	0	0.0249201	-0.999689	0	9034	8516
ChainingRodShaped	6147	3.37408	0.5	100.127	52.3829	0	0.924471	-0.381253	0	6148	7110
ChainingRodShaped	6753	3.86131	0.5	-31.7498	120.731	0	0.259712	0.965686	0	6754	4591
ChainingRodShaped	7695	4.00499	0.5	12.1515	29.4559	0	0.575235	-0.817988	0	None	None
ChainingRodShaped	6095	4.22648	0.5	10.6447	36.349	0	0.480341	0.877082	0	None	None
ChainingRodShaped	6955	4.36253	0.5	-34.7633	84.9519	0	0.243099	0.970001	0	None	None
ChainingRodShaped	7519	3.4621	0.5	34.7551	90.5188	0	-0.898433	0.439111	0	None	None
ChainingRodShaped	9313	2.08845	0.5	-37.1318	101.342	0	0.281263	0.959631	0	9314	6166
ChainingRodShaped	7649	3.4194	0.5	11.1276	-10.2439	0	-0.655262	-0.755401	0	None	None
ChainingRodShaped	9367	2.20728	0.5	18.9059	8.00165	0	0.806393	-0.59138	0	None	None
ChainingRodShaped	6733	4.5486	0.5	56.5145	53.2279	0	-0.104894	-0.994483	0	None	None
ChainingRodShaped	9079	2.23887	0.5	21.2403	24.2826	0	0.34881	-0.937194	0	None	None
ChainingRodShaped	7515	3.95965	0.5	-29.0113	53.5805	0	0.113656	0.99352	0	None	None
ChainingRodShaped	6499	4.51426	0.5	26.4322	71.0164	0	-0.684584	-0.728934	0	6500	6134
ChainingRodShaped	5681	4.75058	0.5	-23.0536	17.5778	0	-0.178979	-0.983853	0	None	None
ChainingRodShaped	8933	2.67113	0.5	-33.8366	-19.5801	0	0.305921	-0.952057	0	None	None
ChainingRodShaped	8097	3.87531	0.5	-1.72957	2.80705	0	0.974398	0.224828	0	None	None
ChainingRodShaped	7121	3.88123	0.5	-14.1987	69.7187	0	-0.0354548	0.999371	0	None	None
ChainingRodShaped	8649	2.9126	0.5	0.180189	41.1313	0	0.160953	-0.986962	0	None	None
ChainingRodShaped	8733	2.97713	0.5	-37.9848	49.335	0	0.177755	0.984075	0	None	None
ChainingRodShaped	9187	2.17095	0.5	-8.96881	99.7642	0	-0.838174	0.545403	0	None	None
ChainingRodShaped	8075	3.11151	0.5	-14.3375	90.7003	0	0.340442	0.940266	0	None	None
ChainingRodShaped	8405	2.64986	0.5	18.8217	-0.386099	0	0.997886	-0.064994	0	None	None
ChainingRodShaped	6567	4.4429	0.5	7.15996	8.63957	0	0.90662	-0.421948	0	None	None
ChainingRodShaped	9455	2.06699	0.5	-10.5453	64.5828	0	-0.00584994	-0.999983	0	9456	7120
ChainingRodShaped	7615	3.73537	0.5	-8.23823	80.1221	0	-0.0359503	0.999354	0	None	None
ChainingRodShaped	7071	4.62639	0.5	57.4696	20.8599	0	0.366591	0.930382	0	None	None
ChainingRodShaped	6873	3.77195	0.5	19.1299	80.0494	0	-0.949966	-0.312354	0	None	None
ChainingRodShaped	8611	2.6254	0.5	-10.5085	-10.1261	0	0.730294	0.683133	0	None	None
ChainingRodShaped	7575	3.1519	0.5	84.3743	57.1755	0	-0.92583	0.377939	0	7576	6386
ChainingRodShaped	8737	2.46827	0.5	33.0441	63.6891	0	0.342648	0.939464	0	None	None
ChainingRodShaped	7777	4.15937	0.5	-8.14755	87.5264	0	0.317023	-0.948418	0	None	None
ChainingRodShaped	5881	4.93051	0.5	37.9136	-4.12039	0	0.680787	-0.732482	0	None	None
ChainingRodShaped	9533	2.01893	0.5	48.0972	35.8067	0	-0.18797	0.982175	0	None	None
ChainingRodShaped	6939	4.62472	0.5	-29.8767	63.989	0	0.0142117	0.999899	0	None	None
ChainingRodShaped	8467	2.87034	0.5	33.024	14.4968	0	0.857662	-0.514214	0	None	None
ChainingRodShaped	5907	4.54721	0.5	-15.2754	-2.12333	0	0.900967	0.433887	0	None	None
ChainingRodShaped	6277	4.31872	0.5	22.3172	10.9498	0	0.797278	-0.603612	0	None	None
ChainingRodShaped	8755	2.4004	0.5	39.1814	50.244	0	-0.24311	0.969999	0	None	None
ChainingRodShaped	9451	2.05462	0.5	-42.2778	64.3611	0	-0.145823	-0.989311	0	None	None
ChainingRodShaped	9045	2.40631	0.5	0.0395822	27.2306	0	-0.832057	-0.554691	0	None	None
ChainingRodShaped	9435	2.0707	0.5	-14.1189	35.2697	0	-0.258783	-0.965936	0	9436	7062
ChainingRodShaped	9299	2.22222	0.5	38.7237	0.901651	0	0.516797	-0.856108	0	None	None
ChainingRodShaped	9145	2.45863	0.5	-19.6119	71.3213	0	0.145888	-0.989301	0	None	None
ChainingRodShaped	7203	4.72218	0.5	-30.2612	-2.12587	0	-0.099307	-0.995057	0	None	None
ChainingRodShaped	7705	3.48114	0.5	12.6499	30.2087	0	0.574975	-0.818171	0	None	None
ChainingRodShaped	8717	2.3875	0.5	-16.0936	2.4627	0	0.884015	-0.467458	0	None	None
ChainingRodShaped	9077	2.28814	0.5	19.9157	91.2921	0	-0.687857	-0.725847	0	None	None
ChainingRodShaped	7051	4.21729	0.5	-27.0875	-11.9169	0	0.0170034	0.999855	0	7052	6126
ChainingRodShaped	8889	2.81553	0.5	18.3916	70.3899	0	0.994642	0.10338	0	None	None
ChainingRodShaped	5787	4.9401	0.5	-32.8693	71.26	0	0.231002	0.972953	0	5788	7480
ChainingRodShaped	8901	2.56073	0.5	-21.8004	91.4678	0	-0.105186	-0.994453	0	8902	4689
ChainingRodShaped	5845	4.95946	0.5	44.5799	-2.98567	0	0.436602	-0.899655	0	None	None
ChainingRodShaped	6629	4.99994	0.5	-41.1049	42.102	0	-0.0965026	0.995333	0	None	None
ChainingRodShaped	7375	4.66257	0.5	14.7167	63.103	0	0.786204	0.617967	0	None	None
ChainingRodShaped	7717	3.35186	0.5	14.6784	64.1389	0	0.78002	0.625755	0	None	None
ChainingRodShaped	6721	4.88943	0.5	-32.7591	76.0408	0	0.216417	0.976301	0	None	None
ChainingRodShaped	6027	4.41109	0.5	-37.9278	8.51994	0	-0.098397	0.995147	0	9103	7030
ChainingRodShaped	8113	2.83842	0.5	52.4821	0.832089	0	-0.949451	-0.313916	0	None	None
ChainingRodShaped	6425	3.99231	0.5	37.6748	84.7521	0	-0.999919	0.0126963	0	None	None
ChainingRodShaped	5837	4.75707	0.5	47.2079	-70.9765	0	-0.257185	-0.966362	0	9171	6226
ChainingRodShaped	7901	3.89338	0.5	57.298	40.5206	0	0.615121	0.788433	0	None	None
ChainingRodShaped	8171	3.64588	0.5	14.4564	8.89757	0	0.832339	-0.554267	0	None	None
ChainingRodShaped	6861	4.89146	0.5	-0.39358	4.89681	0	-0.995588	-0.0938293	0	None	None
ChainingRodShaped	8383	2.9083	0.5	47.4937	52.0613	0	0.105834	-0.994384	0	None	None
ChainingRodShaped	9453	2.08381	0.5	-55.4711	46.9039	0	0.562116	0.827058	0	None	None
ChainingRodShaped	7089	2.99469	0.5	-36.8565	33.9679	0	0.105334	0.994437	0	7090	6870
ChainingRodShaped	6769	3.99273	0.5	-43.3617	92.1982	0	-0.315672	-0.948868	0	6770	6520
ChainingRodShaped	7391	4.00051	0.5	-20.6413	75.9581	0	-0.61087	-0.791731	0	None	None
ChainingRodShaped	8773	2.5047	0.5	39.7856	19.1192	0	0.18464	-0.982806	0	None	None
ChainingRodShaped	8763	2.48011	0.5	18.2798	85.4518	0	-0.867996	-0.49657	0	None	None
ChainingRodShaped	6119	3.92644	0.5	-48.5796	60.9111	0	0.147355	0.989084	0	6120	6122
ChainingRodShaped	7859	3.00596	0.5	-0.455546	-11.4671	0	0.991536	0.129835	0	None	None
ChainingRodShaped	7465	4.94716	0.5	2.17743	-9.15328	0	0.98901	0.147851	0	None	None
ChainingRodShaped	7155	4.38032	0.5	-57.5303	27.9559	0	0.0967428	0.995309	0	None	None
ChainingRodShaped	9545	2.01807	0.5	-4.73967	18.3007	0	-0.981329	0.192336	0	9546	7838
ChainingRodShaped	6621	3.46544	0.5	44.2855	-0.123684	0	0.433587	-0.901112	0	6622	7562
ChainingRodShaped	9369	2.12141	0.5	49.0694	69.6795	0	0.4557	-0.890134	0	None	None
ChainingRodShaped	7895	4.26038	0.5	-10.3217	26.5037	0	-0.237907	-0.971288	0	None	None
ChainingRodShaped	8799	2.46884	0.5	55.0823	-4.39501	0	0.115154	0.993348	0	8800	7068
ChainingRodShaped	6421	4.56433	0.5	-48.4728	15.2385	0	-0.47972	-0.877422	0	6422	8926
ChainingRodShaped	7387	4.73835	0.5	31.0613	67.45	0	-0.164923	-0.986307	0	None	None
ChainingRodShaped	8311	3.51891	0.5	50.4052	27.865	0	-0.177184	0.984178	0	None	None
ChainingRodShaped	9445	2.11204	0.5	-15.0338	38.6844	0	-0.261181	-0.96529	0	None	None
ChainingRodShaped	6103	4.0771	0.5	-19.4524	82.1267	0	-0.3918	-0.920051	0	None	None
ChainingRodShaped	7279	3.35753	0.5	60.4254	22.1288	0	-0.261068	-0.965321	0	7280	6818
ChainingRodShaped	6563	3.55829	0.5	-21.97	4.63457	0	-0.19478	-0.980847	0	9329	7308
ChainingRodShaped	9471	2.11092	0.5	45.9798	58.7923	0	0.820916	-0.57105	0	None	None
ChainingRodShaped	8441	3.00662	0.5	1.66127	60.0433	0	0.294154	-0.955758	0	None	None
ChainingRodShaped	8049	3.30411	0.5	-31.7255	70.9794	0	0.158814	0.987309	0	8050	7214
ChainingRodShaped	7209	4.63894	0.5	23.629	71.6462	0	0.882085	0.47109	0	None	None
ChainingRodShaped	6919	3.81672	0.5	58.6429	51.1912	0	-0.181367	0.983415	0	6920	8634
ChainingRodShaped	5677	4.51663	0.5	24.3691	-7.57004	0	-0.85579	0.517324	0	None	None
ChainingRodShaped	8345	3.437	0.5	42.8007	12.5996	0	-0.160026	0.987113	0	None	None
ChainingRodShaped	7609	3.1463	0.5	-59.8493	31.341	0	-0.132588	0.991171	0	None	None
ChainingRodShaped	7397	3.08581	0.5	54.0777	66.1119	0	-0.419611	0.907704	0	7398	6018
ChainingRodShaped	9427	2.08792	0.5	18.9846	49.2599	0	-0.0317011	0.999497	0	None	None
ChainingRodShaped	8701	2.95913	0.5	-1.60228	9.62068	0	0.823707	0.567015	0	None	None
ChainingRodShaped	4784	4.60652	0.5	-48.6151	73.1826	0	-0.294018	-0.9558	0	6185	6114
ChainingRodShaped	9557	2.02397	0.5	34.5574	-12.0804	0	-0.801147	0.598468	0	9558	9354
ChainingRodShaped	7689	4.22391	0.5	-16.3647	53.0636	0	0.337013	0.9415	0	None	None
ChainingRodShaped	5829	4.40313	0.5	-45.8036	4.42441	0	-0.249089	-0.96848	0	None	None
ChainingRodShaped	5717	4.58033	0.5	-58.1356	37.4123	0	-0.169264	0.985571	0	None	None
ChainingRodShaped	8423	3.258	0.5	-53.6785	27.1226	0	-0.136049	-0.990702	0	None	None
ChainingRodShaped	7675	3.22254	0.5	-25.2341	48.5209	0	0.429341	-0.903142	0	None	None
ChainingRodShaped	7539	3.88595	0.5	-30.9297	59.1661	0	0.15596	0.987763	0	None	None
ChainingRodShaped	7049	3.93037	0.5	6.88984	50.7516	0	0.0522982	-0.998632	0	None	None
ChainingRodShaped	6649	4.78994	0.5	3.74552	47.3795	0	0.139548	-0.990215	0	None	None
ChainingRodShaped	7303	4.26816	0.5	-27.7165	43.3484	0	-0.109908	-0.993942	0	7304	4803
ChainingRodShaped	7081	4.85589	0.5	-12.5955	74.0892	0	0.796078	0.605195	0	None	None
ChainingRodShaped	6967	4.3818	0.5	33.1378	34.2449	0	-0.160687	-0.987005	0	None	None
ChainingRodShaped	9157	2.13998	0.5	15.8978	52.6243	0	-0.364081	-0.931367	0	9158	9174
ChainingRodShaped	6419	3.41188	0.5	-27.2499	6.52125	0	-0.00105781	0.999999	0	6420	4811
ChainingRodShaped	8011	3.8543	0.5	22.3742	86.6844	0	-0.876296	-0.481773	0	None	None
ChainingRodShaped	6427	3.56728	0.5	34.4121	17.8057	0	0.488429	-0.872604	0	6428	7038
ChainingRodShaped	9259	2.32783	0.5	-53.7049	50.6517	0	0.0839103	0.996473	0	None	None
ChainingRodShaped	6801	3.87679	0.5	-46.9726	34.7858	0	-0.245227	-0.969466	0	None	None
ChainingRodShaped	9407	2.17166	0.5	16.778	92.034	0	0.368624	-0.929578	0	None	None
ChainingRodShaped	8233	3.76855	0.5	-37.618	-4.3351	0	0.257981	-0.96615	0	None	None
ChainingRodShaped	8929	2.62794	0.5	-25.1776	26.5776	0	-0.0486313	-0.998817	0	None	None
ChainingRodShaped	8629	3.16641	0.5	-6.72505	89.0166	0	0.304183	-0.952614	0	None	None
ChainingRodShaped	7335	4.52651	0.5	54.2093	78.3677	0	-0.860721	0.509076	0	None	None
ChainingRodShaped	8307	3.0724	0.5	9.3014	21.1783	0	0.954604	-0.297877	0	None	None
ChainingRodShaped	6703	4.15845	0.5	-34.071	-9.8788	0	-0.295941	0.955206	0	6704	8472
ChainingRodShaped	8557	2.37	0.5	1.45228	-0.0768046	0	-0.981426	-0.19184	0	8558	6406
ChainingRodShaped	8937	2.69566	0.5	-18.4908	42.1996	0	-0.219046	-0.975714	0	None	None
ChainingRodShaped	6883	4.73699	0.5	9.33424	68.5058	0	-0.559546	-0.8288	0	None	None
ChainingRodShaped	7969	3.00076	0.5	59.6763	73.8979	0	-0.933968	-0.357358	0	None	None
ChainingRodShaped	6763	3.91656	0.5	-32.1799	83.0904	0	0.233025	0.972471	0	None	None
ChainingRodShaped	7917	3.5656	0.5	-15.0285	-9.11659	0	-0.731257	-0.682102	0	7918	6112
ChainingRodShaped	8679	2.60804	0.5	-17.0298	41.1786	0	-0.235237	-0.971938	0	None	None
ChainingRodShaped	7299	3.39938	0.5	0.0895821	82.5754	0	0.332298	-0.943174	0	None	None
ChainingRodShaped	9235	2.27997	0.5	5.23346	69.7708	0	0.400908	-0.916118	0	None	None
ChainingRodShaped	7345	3.41828	0.5	49.2735	8.41785	0	-0.185416	0.98266	0	None	None
ChainingRodShaped	9127	2.21325	0.5	46.4236	13.6171	0	0.172503	-0.985009	0	None	None
ChainingRodShaped	8753	2.37418	0.5	5.89089	52.4212	0	0.0423044	-0.999105	0	None	None
ChainingRodShaped	5639	4.76728	0.5	28.3857	37.9277	0	0.259823	-0.965656	0	None	None
ChainingRodShaped	7847	3.79713	0.5	-10.1646	-3.75659	0	0.906536	0.422129	0	None	None
ChainingRodShaped	9061	2.23206	0.5	-40.6899	31.9666	0	-0.359621	-0.933098	0	9062	7226
ChainingRodShaped	4866	4.98498	0.5	40.6415	-5.9105	0	0.505023	-0.863106	0	6297	4865
ChainingRodShaped	8769	2.6613	0.5	37.1513	54.6308	0	0.23831	-0.971189	0	8770	6700
ChainingRodShaped	8727	2.92162	0.5	-16.1043	41.383	0	-0.244844	-0.969562	0	None	None
ChainingRodShaped	8811	2.41404	0.5	-24.2441	44.6491	0	-0.561272	-0.827631	0	None	None
ChainingRodShaped	8871	2.64745	0.5	51.9225	23.1084	0	-0.560425	0.828205	0	None	None
ChainingRodShaped	7527	3.79304	0.5	-83.891	1.12983	0	-0.999804	0.0197785	0	7528	6788
ChainingRodShaped	7421	3.67785	0.5	-34.6619	4.26367	0	-0.132283	0.991212	0	None	None
ChainingRodShaped	8475	2.87639	0.5	50.0336	62.809	0	0.510265	-0.860017	0	None	None
ChainingRodShaped	8511	2.57938	0.5	-11.775	77.9444	0	0.0337068	-0.999432	0	None	None
ChainingRodShaped	6701	3.50888	0.5	0.0987296	53.0939	0	0.320682	-0.947187	0	None	None
ChainingRodShaped	7923	2.77141	0.5	-65.874	13.3231	0	-0.2073	-0.978277	0	7924	7006
ChainingRodShaped	7427	4.17245	0.5	-45.8944	30.7885	0	0.0902774	0.995917	0	None	None
ChainingRodShaped	7193	3.23481	0.5	12.3955	11.1624	0	0.89152	-0.452981	0	None	None
ChainingRodShaped	9081	2.54111	0.5	-9.52792	34.9002	0	0.215906	0.976414	0	None	None
ChainingRodShaped	8759	2.34179	0.5	26.4067	16.1105	0	0.378362	-0.925658	0	None	None
ChainingRodShaped	5969	4.89608	0.5	-21.1046	34.078	0	-0.703013	-0.711177	0	None	None
ChainingRodShaped	6093	4.94809	0.5	-63.8661	1.86826	0	-0.99614	-0.0877768	0	6094	6326
ChainingRodShaped	9421	2.0574	0.5	-25.2213	62.3535	0	-0.119875	-0.992789	0	9422	6592
ChainingRodShaped	8141	3.04182	0.5	46.5632	18.1519	0	-0.166071	0.986114	0	None	None
ChainingRodShaped	7237	4.2789	0.5	-0.589474	95.1413	0	-0.86135	0.508011	0	None	None
ChainingRodShaped	7439	4.24912	0.5	22.5921	46.7024	0	-0.103235	0.994657	0	None	None
ChainingRodShaped	7107	4.49106	0.5	30.2258	23.7101	0	-0.417342	0.908749	0	None	None
ChainingRodShaped	7313	4.92772	0.5	32.9538	56.337	0	0.217041	-0.976162	0	None	None
ChainingRodShaped	7073	4.53199	0.5	-20.3222	110.157	0	-0.0548599	-0.998494	0	7074	6334
ChainingRodShaped	7763	3.98929	0.5	33.6461	-12.6319	0	0.805067	-0.593184	0	None	None
ChainingRodShaped	8201	3.40375	0.5	29.8138	65.5552	0	-0.173153	-0.984895	0	None	None
ChainingRodShaped	6181	3.48302	0.5	41.3284	-12.3522	0	-0.623416	0.78189	0	6182	4917
ChainingRodShaped	6987	3.31706	0.5	-39.9686	95.6143	0	0.291802	0.956479	0	6988	7802
ChainingRodShaped	9099	2.2658	0.5	-29.8559	12.0631	0	-0.0819689	-0.996635	0	9100	6206
ChainingRodShaped	7281	2.99964	0.5	57.0288	2.36855	0	-0.128629	-0.991693	0	7282	8864
ChainingRodShaped	8125	3.77795	0.5	-3.31582	81.3987	0	0.307908	-0.951416	0	None	None
ChainingRodShaped	8299	3.24778	0.5	-34.7166	26.5589	0	-0.186454	0.982464	0	None	None
ChainingRodShaped	8091	3.82132	0.5	-5.57456	51.586	0	0.363144	-0.931733	0	None	None
ChainingRodShaped	4932	4.49213	0.5	42.9477	87.584	0	0.876372	-0.481635	0	8837	4931
ChainingRodShaped	8143	3.54598	0.5	-41.6398	20.6785	0	0.337444	0.941346	0	None	None
ChainingRodShaped	7035	4.31703	0.5	-34.4813	53.413	0	0.138319	0.990388	0	7036	6894
ChainingRodShaped	7783	3.14574	0.5	-88.998	2.67216	0	-0.998073	0.0620584	0	7784	8408
ChainingRodShaped	8779	2.39306	0.5	42.6486	57.8609	0	-0.828967	0.559297	0	None	None
ChainingRodShaped	6101	4.88789	0.5	19.1247	10.0967	0	-0.794624	0.607102	0	None	None
ChainingRodShaped	7617	3.23332	0.5	-38.4154	77.3777	0	-0.196865	-0.980431	0	None	None
ChainingRodShaped	6077	4.6086	0.5	-7.12542	54.1975	0	-0.0100675	-0.999949	0	None	None
ChainingRodShaped	6835	4.95945	0.5	54.7139	45.1957	0	-0.536531	-0.843881	0	None	None
ChainingRodShaped	6003	4.39256	0.5	8.11184	52.718	0	-0.177043	-0.984203	0	None	None
ChainingRodShaped	7135	3.41149	0.5	-3.52101	72.8933	0	0.295081	-0.955472	0	None	None
ChainingRodShaped	8613	2.9531	0.5	-43.3821	56.9568	0	-0.166947	-0.985966	0	None	None
ChainingRodShaped	8163	2.9749	0.5	-23.4941	37.2573	0	0.16114	-0.986932	0	None	None
ChainingRodShaped	8291	2.82523	0.5	-18.3509	51.4783	0	-0.322621	0.946528	0	None	None
ChainingRodShaped	9141	2.42372	0.5	-51.0449	57.6036	0	-0.138389	-0.990378	0	None	None
ChainingRodShaped	8669	2.62152	0.5	-44.2836	57.2497	0	-0.165474	-0.986214	0	None	None
ChainingRodShaped	6515	4.30597	0.5	21.3493	57.4117	0	-0.12992	-0.991524	0	6516	7658
ChainingRodShaped	7533	3.3139	0.5	21.3647	36.5519	0	0.203912	-0.978989	0	7534	6342
ChainingRodShaped	6449	4.54552	0.5	-30.9948	19.7143	0	0.103588	0.99462	0	None	None
ChainingRodShaped	4970	4.89254	0.5	-10.8773	37.158	0	-0.196335	-0.980537	0	5563	6752
ChainingRodShaped	8289	3.22346	0.5	6.64757	68.6135	0	-0.123619	-0.99233	0	None	None
ChainingRodShaped	6531	3.84125	0.5	10.2658	4.57086	0	0.989918	-0.14164	0	None	None
ChainingRodShaped	7993	3.89792	0.5	-0.626249	40.7174	0	0.16287	-0.986647	0	None	None
ChainingRodShaped	7351	3.86964	0.5	-20.0437	56.46	0	-0.183838	-0.982957	0	None	None
ChainingRodShaped	9287	2.26922	0.5	20.3586	64.441	0	-0.504161	-0.86361	0	None	None
ChainingRodShaped	9293	2.12179	0.5	24.2021	77.9087	0	0.944063	0.329765	0	None	None
ChainingRodShaped	7959	4.2109	0.5	-51.8571	-0.624018	0	-0.976552	0.215283	0	None	None
ChainingRodShaped	6981	4.55211	0.5	-6.28502	5.41451	0	0.94337	0.331742	0	None	None
ChainingRodShaped	7627	4.66803	0.5	-16.0133	86.8436	0	0.337735	-0.941241	0	None	None
ChainingRodShaped	8705	3.01378	0.5	-35.3185	-12.6394	0	-0.396942	0.917844	0	None	None
ChainingRodShaped	7965	3.46704	0.5	-11.4341	22.9884	0	-0.834898	-0.550405	0	None	None
ChainingRodShaped	4994	4.9669	0.5	21.1802	43.1641	0	0.112954	-0.9936	0	7657	6642
ChainingRodShaped	6331	4.83583	0.5	53.5295	62.4041	0	0.38285	-0.92381	0	None	None
ChainingRodShaped	9227	2.12809	0.5	-37.5248	15.3736	0	-0.0436744	0.999046	0	9228	6758
ChainingRodShaped	9331	2.25894	0.5	55.7694	33.0921	0	0.19627	0.98055	0	None	None
ChainingRodShaped	8093	3.26213	0.5	9.73072	17.2621	0	0.932187	-0.361977	0	None	None
ChainingRodShaped	6879	3.6324	0.5	30.967	56.624	0	-0.0606345	-0.99816	0	None	None
ChainingRodShaped	7495	3.8665	0.5	-19.044	61.7411	0	0.110839	-0.993838	0	None	None
ChainingRodShaped	8395	2.97169	0.5	20.081	-11.9163	0	-0.940999	-0.33841	0	None	None
ChainingRodShaped	8615	3.17416	0.5	9.79033	36.5232	0	-0.48453	-0.874775	0	None	None
ChainingRodShaped	6593	3.88265	0.5	27.0065	91.3182	0	0.99971	-0.0240755	0	None	None
ChainingRodShaped	8521	2.72283	0.5	-40.0905	53.8723	0	0.176404	0.984318	0	None	None
ChainingRodShaped	6843	4.55177	0.5	41.0564	50.3306	0	-0.251145	0.967949	0	None	None
ChainingRodShaped	8621	2.54964	0.5	28.8476	46.586	0	-0.567367	-0.823465	0	None	None
ChainingRodShaped	7343	3.55947	0.5	-31.9258	32.1323	0	0.0131519	0.999914	0	None	None
ChainingRodShaped	9263	2.26881	0.5	52.5267	3.59247	0	-0.104952	-0.994477	0	None	None
ChainingRodShaped	8223	2.63028	0.5	-13.7512	-18.4391	0	0.658781	0.752334	0	None	None
ChainingRodShaped	5026	4.54214	0.5	-40.9723	33.7869	0	0.349095	0.937087	0	7311	7746
ChainingRodShaped	5028	4.51745	0.5	13.0098	12.734	0	-0.883885	0.467705	0	7645	5027
ChainingRodShaped	6911	3.92287	0.5	40.1094	32.5578	0	0.196924	-0.980419	0	None	None
ChainingRodShaped	8085	3.2254	0.5	-37.3281	110.595	0	-0.309901	-0.950769	0	8086	6710
ChainingRodShaped	6393	4.05747	0.5	55.9541	58.3851	0	0.276203	-0.961099	0	None	None
ChainingRodShaped	7611	3.57858	0.5	12.2489	21.1417	0	0.944831	-0.327558	0	None	None
ChainingRodShaped	6789	4.45626	0.5	8.88539	91.2139	0	-0.984524	-0.175248	0	None	None
ChainingRodShaped	6691	4.57465	0.5	47.4811	82.816	0	-0.934197	0.356759	0	None	None
ChainingRodShaped	6535	3.93198	0.5	-54.1922	13.9204	0	0.226294	0.974059	0	6536	7338
ChainingRodShaped	8105	3.74837	0.5	-19.4026	26.1699	0	-0.26991	-0.962886	0	None	None
ChainingRodShaped	5887	4.81923	0.5	-0.285224	68.2962	0	0.309461	-0.950912	0	None	None
ChainingRodShaped	7195	4.96789	0.5	51.1845	-3.92971	0	-0.170299	-0.985392	0	None	None
ChainingRodShaped	6747	4.29682	0.5	36.1669	50.9777	0	0.244679	-0.969604	0	None	None
ChainingRodShaped	6947	4.41308	0.5	27.4436	18.3957	0	0.403744	-0.914872	0	6948	6938
ChainingRodShaped	6585	4.05809	0.5	7.22415	-10.2322	0	0.251689	0.967808	0	None	None
ChainingRodShaped	8715	2.40109	0.5	26.0103	28.8051	0	0.332071	-0.943254	0	None	None
ChainingRodShaped	6877	4.08618	0.5	36.2379	12.8006	0	0.497138	-0.867671	0	None	None
ChainingRodShaped	9323	2.07915	0.5	-2.02289	26.9172	0	-0.845416	-0.534109	0	9324	6964
ChainingRodShaped	5062	4.75032	0.5	-51.6808	27.7687	0	0.126895	0.991916	0	7337	7698
ChainingRodShaped	8229	3.31236	0.5	32.0599	28.4911	0	0.429141	-0.903237	0	None	None
ChainingRodShaped	9201	2.14767	0.5	35.3139	58.4745	0	0.213809	-0.976876	0	None	None
ChainingRodShaped	6609	4.9354	0.5	-34.3938	-5.35869	0	-0.267241	0.96363	0	6610	7592
ChainingRodShaped	6547	4.2994	0.5	15.7555	54.6138	0	-0.378663	-0.925535	0	None	None
ChainingRodShaped	5967	4.43213	0.5	3.56507	78.7321	0	-0.433279	-0.90126	0	None	None
ChainingRodShaped	7577	4.15211	0.5	11.0691	14.7598	0	-0.921962	0.38728	0	None	None
ChainingRodShaped	8833	2.6793	0.5	2.16526	79.9063	0	-0.45125	-0.892398	0	None	None
ChainingRodShaped	6945	4.08553	0.5	-49.8147	59.2018	0	-0.14619	-0.989256	0	None	None
ChainingRodShaped	9391	2.08682	0.5	-10.1159	10.9118	0	-0.0284221	-0.999596	0	None	None
ChainingRodShaped	6679	4.09748	0.5	-42.5525	-2.35073	0	-0.812528	0.582922	0	6680	6534
ChainingRodShaped	7711	3.60214	0.5	32.1485	-6.97434	0	-0.797032	0.603937	0	7712	8328
ChainingRodShaped	7385	3.77228	0.5	-29.6063	-21.8188	0	-0.242046	0.970265	0	7386	9584
ChainingRodShaped	8573	2.65716	0.5	-50.2763	44.3198	0	0.0664276	0.997791	0	8574	8518
ChainingRodShaped	7967	3.69168	0.5	26.4218	-0.447879	0	-0.77164	0.63606	0	None	None
ChainingRodShaped	6407	3.7895	0.5	-48.4687	42.3854	0	0.0566305	0.998395	0	None	None
ChainingRodShaped	9295	2.1899	0.5	3.55362	42.2163	0	0.110959	-0.993825	0	9296	7328
ChainingRodShaped	6589	3.51612	0.5	-28.0557	91.0158	0	0.27594	0.961175	0	6590	7710
ChainingRodShaped	8581	3.16091	0.5	6.26763	91.9708	0	0.522253	0.852791	0	None	None
ChainingRodShaped	7509	4.05272	0.5	-2.98256	57.6877	0	0.562481	-0.82681	0	None	None
ChainingRodShaped	7863	3.10045	0.5	43.3883	44.4996	0	-0.216889	0.976196	0	None	None
ChainingRodShaped	9269	2.31389	0.5	50.2446	49.7364	0	-0.473351	0.880874	0	None	None
ChainingRodShaped	8919	2.41505	0.5	-7.64254	31.2088	0	-0.209664	-0.977773	0	None	None
ChainingRodShaped	7185	3.97111	0.5	-16.166	14.2162	0	-0.0078543	-0.999969	0	None	None
ChainingRodShaped	9411	2.14324	0.5	9.95799	42.4523	0	-0.406775	-0.913529	0	None	None
ChainingRodShaped	8849	2.48493	0.5	13.9169	-5.85282	0	0.88651	0.462709	0	None	None
ChainingRodShaped	9517	2.05196	0.5	37.6018	25.3519	0	0.367379	-0.930071	0	None	None
ChainingRodShaped	8425	2.49687	0.5	-40.5944	0.0219941	0	0.178354	-0.983966	0	None	None
ChainingRodShaped	9155	2.36674	0.5	28.9165	6.40829	0	0.614287	-0.789082	0	None	None
ChainingRodShaped	7829	4.0239	0.5	27.8558	86.6181	0	-0.994619	-0.103602	0	None	None
ChainingRodShaped	8643	3.16347	0.5	-35.4175	38.3626	0	0.138433	0.990372	0	None	None
ChainingRodShaped	9025	2.28068	0.5	-16.7392	17.9755	0	-0.145835	-0.989309	0	None	None
ChainingRodShaped	8527	3.00799	0.5	-28.5386	17.2937	0	-0.0672559	-0.997736	0	None	None
ChainingRodShaped	7797	4.10466	0.5	-0.895261	32.0153	0	-0.803459	-0.595361	0	None	None
ChainingRodShaped	6343	4.34643	0.5	26.2289	18.9094	0	0.400568	-0.916267	0	None	None
ChainingRodShaped	8445	2.76514	0.5	21.0064	84.8422	0	-0.872642	-0.488361	0	None	None
ChainingRodShaped	6459	3.78989	0.5	-28.4439	58.335	0	0.134363	0.990932	0	None	None
ChainingRodShaped	9083	2.34996	0.5	54.5235	20.9706	0	0.0309441	0.999521	0	None	None
ChainingRodShaped	9009	2.31823	0.5	-10.1248	-6.25347	0	0.792774	0.609516	0	None	None
ChainingRodShaped	6235	4.00783	0.5	-5.67128	60.5327	0	0.274298	0.961645	0	None	None
ChainingRodShaped	9007	2.46872	0.5	35.0495	49.6472	0	-0.201171	-0.979556	0	None	None
ChainingRodShaped	6447	3.81996	0.5	40.2539	49.8025	0	-0.248657	0.968592	0	None	None
ChainingRodShaped	8735	2.58968	0.5	49.4418	15.0755	0	0.185908	0.982567	0	None	None
ChainingRodShaped	6761	4.02166	0.5	-34.2801	48.3483	0	0.127476	0.991842	0	None	None
ChainingRodShaped	6529	4.31993	0.5	40.5449	14.7942	0	-0.164217	0.986424	0	None	None
ChainingRodShaped	8499	2.65207	0.5	-21.102	114.143	0	-0.052001	-0.998647	0	8500	7378
ChainingRodShaped	6889	3.31781	0.5	-16.4586	109.151	0	0.308241	-0.951308	0	6890	8212
ChainingRodShaped	8379	2.4023	0.5	-60.0331	41.6366	0	-0.246541	-0.969132	0	8380	7058
ChainingRodShaped	8865	2.86047	0.5	-48.5261	5.26809	0	0.849031	0.528344	0	None	None
ChainingRodShaped	7531	3.19928	0.5	-0.600671	75.2188	0	0.2671	-0.963669	0	None	None
ChainingRodShaped	6993	4.16248	0.5	-20.5802	7.03158	0	-0.190844	-0.98162	0	6994	5161
ChainingRodShaped	9489	2.03986	0.5	48.8616	41.4033	0	-0.203358	0.979104	0	None	None
ChainingRodShaped	8359	2.56607	0.5	47.5476	-18.2552	0	0.472252	-0.881464	0	8360	5165
ChainingRodShaped	8677	2.88401	0.5	5.98415	11.1071	0	0.914231	-0.405192	0	None	None
ChainingRodShaped	9125	2.43098	0.5	31.5413	-8.77911	0	0.798781	-0.601622	0	None	None
ChainingRodShaped	7287	3.00573	0.5	57.6277	13.0421	0	0.165396	0.986227	0	7288	7154
ChainingRodShaped	7315	3.65628	0.5	-11.2908	30.6102	0	0.188968	0.981983	0	None	None
ChainingRodShaped	8545	2.55727	0.5	-11.8608	11.381	0	0.0283865	0.999597	0	None	None
ChainingRodShaped	8459	3.06939	0.5	14.2229	37.3107	0	0.0107813	-0.999942	0	None	None
ChainingRodShaped	8711	2.52819	0.5	-27.216	22.8751	0	-0.0647209	-0.997903	0	None	None
ChainingRodShaped	8907	2.60949	0.5	14.7235	-0.239016	0	0.958532	-0.284986	0	None	None
ChainingRodShaped	8155	3.0379	0.5	-14.4004	37.7516	0	-0.251536	-0.967848	0	8156	8168
ChainingRodShaped	7841	2.90824	0.5	17.9398	42.8093	0	-0.257832	-0.96619	0	None	None
ChainingRodShaped	6355	3.99741	0.5	-10.6097	43.283	0	-0.160415	-0.98705	0	None	None
ChainingRodShaped	9301	2.13104	0.5	13.2942	87.9017	0	-0.858587	-0.512668	0	None	None
ChainingRodShaped	9503	2.05786	0.5	36.6918	81.9514	0	-0.999991	0.00427517	0	None	None
ChainingRodShaped	7597	3.36334	0.5	-49.1777	30.3804	0	0.249057	0.968489	0	None	None
ChainingRodShaped	6469	4.85182	0.5	56.8176	33.42	0	0.18858	0.982058	0	None	None
ChainingRodShaped	6301	4.13503	0.5	-41.0201	12.7278	0	-0.0789173	0.996881	0	None	None
ChainingRodShaped	6875	4.41122	0.5	1.74971	21.3916	0	0.974359	-0.224999	0	None	None
ChainingRodShaped	9071	2.31672	0.5	25.6047	66.7958	0	-0.178682	-0.983907	0	None	None
ChainingRodShaped	7365	4.05982	0.5	23.8916	8.64855	0	0.791209	-0.611546	0	None	None
ChainingRodShaped	8665	2.82287	0.5	15.8567	44.9322	0	-0.457223	-0.889352	0	None	None
ChainingRodShaped	8081	3.00501	0.5	-27.2509	-20.8389	0	0.262854	-0.964836	0	None	None
ChainingRodShaped	6541	4.15235	0.5	32.8986	3.80518	0	0.718808	-0.695209	0	None	None
ChainingRodShaped	8277	3.49055	0.5	-11.4213	61.4189	0	-0.00600093	-0.999982	0	None	None
ChainingRodShaped	7813	3.5412	0.5	44.2936	79.8019	0	-0.959038	0.283278	0	7814	7894
ChainingRodShaped	7713	3.47361	0.5	9.84126	49.0547	0	0.360817	0.932637	0	None	None
ChainingRodShaped	8115	2.80075	0.5	-29.4973	-33.5558	0	-0.39669	-0.917952	0	8116	7410
ChainingRodShaped	8197	3.00512	0.5	-44.1526	81.5146	0	0.270906	0.962606	0	8198	5219
ChainingRodShaped	8323	3.39898	0.5	21.8396	74.8967	0	0.909738	0.415183	0	None	None
ChainingRodShaped	9161	2.36612	0.5	37.1686	9.2702	0	0.487805	-0.872953	0	None	None
ChainingRodShaped	9277	2.22982	0.5	16.8813	-2.91862	0	0.928585	-0.371119	0	None	None
ChainingRodShaped	7803	3.56919	0.5	2.37879	26.7408	0	-0.838566	-0.5448	0	None	None
ChainingRodShaped	7781	4.4179	0.5	-8.32062	-13.7258	0	0.647485	-0.762078	0	None	None
ChainingRodShaped	7999	3.82068	0.5	-14.5314	45.1232	0	-0.186555	-0.982444	0	None	None
ChainingRodShaped	7555	2.7001	0.5	14.1882	-1.01726	0	-0.960421	0.278554	0	7556	5233
ChainingRodShaped	7985	3.92076	0.5	-36.2613	-18.2804	0	-0.650622	0.759401	0	None	None
ChainingRodShaped	7643	3.43	0.5	-9.77812	73.3962	0	0.0304555	-0.999536	0	7644	7958
ChainingRodShaped	7883	3.72817	0.5	35.4019	46.7208	0	0.793424	0.60867	0	None	None
ChainingRodShaped	7821	3.89422	0.5	-15.3153	14.4007	0	-0.0178036	-0.999842	0	None	None
ChainingRodShaped	7025	3.54685	0.5	-10.2137	55.0428	0	-0.120575	-0.992704	0	7026	7546
ChainingRodShaped	8035	3.2859	0.5	-29.016	61.141	0	0.0930084	0.995665	0	None	None
ChainingRodShaped	6247	4.54657	0.5	51.79	52.1177	0	0.23869	-0.971096	0	None	None
ChainingRodShaped	7257	3.53353	0.5	-5.31451	17.4846	0	0.983211	-0.182474	0	None	None
ChainingRodShaped	8751	2.66402	0.5	8.07216	68.2297	0	-0.551215	-0.834364	0	None	None
ChainingRodShaped	7857	3.0783	0.5	-26.3428	60.7914	0	-0.120443	-0.99272	0	7858	7128
ChainingRodShaped	8433	3.06036	0.5	-25.4269	3.72359	0	0.0431512	-0.999069	0	None	None
ChainingRodShaped	8979	2.38484	0.5	-6.05525	30.439	0	-0.20601	-0.97855	0	None	None
ChainingRodShaped	6785	4.20327	0.5	17.408	30.7848	0	0.2382	-0.971216	0	None	None
ChainingRodShaped	7485	3.43806	0.5	1.44366	25.0749	0	0.843657	0.536882	0	None	None
ChainingRodShaped	7603	4.73659	0.5	36.023	22.2863	0	0.329903	-0.944015	0	None	None
ChainingRodShaped	6317	4.40222	0.5	11.8025	73.9839	0	0.962214	0.272295	0	None	None
ChainingRodShaped	6847	3.96599	0.5	4.64726	-1.60094	0	0.996045	0.0888484	0	None	None
ChainingRodShaped	6379	4.8239	0.5	-7.66647	-6.93985	0	0.839727	0.543009	0	None	None
ChainingRodShaped	8451	2.65392	0.5	-0.353851	60.5375	0	0.302388	-0.953185	0	8452	8260
ChainingRodShaped	6773	3.89567	0.5	-4.61291	-4.05512	0	0.900907	0.434013	0	None	None
ChainingRodShaped	5276	4.43041	0.5	-22.6149	-3.71811	0	-0.170134	-0.985421	0	5161	7768
ChainingRodShaped	7423	3.95972	0.5	-43.4696	80.1193	0	0.270554	0.962705	0	7424	8802
ChainingRodShaped	7289	4.40007	0.5	-17.2086	-17.6698	0	-0.898558	0.438855	0	None	None
ChainingRodShaped	8301	3.37371	0.5	-4.19533	-16.3852	0	0.797106	0.60384	0	None	None
ChainingRodShaped	8157	3.55975	0.5	3.7717	77.0728	0	-0.437763	-0.89909	0	None	None
ChainingRodShaped	6985	4.38448	0.5	10.1602	9.27194	0	0.905947	-0.423391	0	None	None
ChainingRodShaped	8645	2.56434	0.5	-35.6953	9.88839	0	0.526532	-0.850155	0	None	None
ChainingRodShaped	8867	2.57675	0.5	-4.57985	7.50919	0	0.735779	0.677222	0	None	None
ChainingRodShaped	6525	4.52368	0.5	57.0693	43.551	0	-0.56165	-0.827375	0	None	None
ChainingRodShaped	9069	2.26677	0.5	85.5856	59.0438	0	0.882922	-0.46952	0	9070	8526
ChainingRodShaped	7839	4.3342	0.5	37.5556	17.0478	0	-0.196186	0.980567	0	None	None
ChainingRodShaped	7501	2.83607	0.5	32.6013	92.5621	0	0.925295	-0.379247	0	7502	8838
ChainingRodShaped	6933	3.67973	0.5	-21.9755	38.9804	0	0.156398	-0.987694	0	None	None
ChainingRodShaped	7585	2.80915	0.5	75.2456	65.2701	0	0.833132	-0.553075	0	7586	5301
ChainingRodShaped	7865	4.36714	0.5	14.5753	21.9305	0	0.998899	-0.0469025	0	None	None
ChainingRodShaped	8939	2.40145	0.5	-48.7357	3.98485	0	0.846581	0.532259	0	None	None
ChainingRodShaped	7721	3.87513	0.5	1.74265	1.84261	0	0.973591	0.228298	0	None	None
ChainingRodShaped	8221	2.96314	0.5	-10.8258	98.5989	0	0.382658	-0.92389	0	None	None
ChainingRodShaped	5312	4.97229	0.5	-16.8332	-21.0423	0	0.897907	-0.440184	0	None	None
ChainingRodShaped	6745	4.18234	0.5	-34.4036	19.3466	0	0.702018	-0.712159	0	None	None
ChainingRodShaped	9433	2.07025	0.5	41.3091	-4.97624	0	0.546628	-0.837375	0	9434	5315
ChainingRodShaped	8431	3.1002	0.5	-12.7782	81.8847	0	0.0975884	-0.995227	0	None	None
ChainingRodShaped	6821	4.67564	0.5	44.5949	60.8641	0	-0.826584	0.562814	0	None	None
ChainingRodShaped	6655	4.77173	0.5	19.2942	87.1183	0	-0.868409	-0.495848	0	None	None
ChainingRodShaped	7383	2.97643	0.5	-56.2329	54.192	0	-0.322378	-0.946611	0	7384	9548
ChainingRodShaped	7001	4.15104	0.5	-24.9698	89.4738	0	-0.394277	0.918992	0	None	None
ChainingRodShaped	8955	2.59935	0.5	34.7653	45.085	0	0.787287	0.616587	0	None	None
ChainingRodShaped	8943	2.72689	0.5	37.4952	4.89259	0	0.495546	-0.868582	0	None	None
ChainingRodShaped	9133	2.26341	0.5	-16.4197	61.1493	0	-0.140618	0.990064	0	None	None
ChainingRodShaped	8555	2.67389	0.5	-30.1843	34.9261	0	0.0331567	0.99945	0	None	None
ChainingRodShaped	6677	3.52694	0.5	-26.4821	82.0594	0	-0.425005	0.905191	0	None	None
ChainingRodShaped	7845	3.21192	0.5	9.63977	55.1041	0	0.732272	-0.681012	0	None	None
ChainingRodShaped	8747	2.99766	0.5	26.5019	11.9824	0	0.470978	-0.882145	0	None	None
ChainingRodShaped	6833	4.94258	0.5	18.2526	30.9103	0	0.247891	-0.968788	0	None	None
ChainingRodShaped	9305	2.27965	0.5	-28.9469	0.106201	0	-0.000346879	-1	0	None	None
ChainingRodShaped	7871	3.79557	0.5	7.33159	3.13938	0	0.993181	-0.116582	0	None	None
ChainingRodShaped	9087	2.34456	0.5	29.861	55.5907	0	0.0585549	-0.998284	0	None	None
ChainingRodShaped	6739	3.60396	0.5	-10.0679	-1.74964	0	0.910883	0.412666	0	None	None
ChainingRodShaped	7015	3.92413	0.5	8.90969	28.7601	0	-0.859646	-0.51089	0	None	None
ChainingRodShaped	7979	2.93819	0.5	-45.1121	10.9988	0	0.996781	0.080173	0	None	None
ChainingRodShaped	6637	4.61912	0.5	36.3741	36.1458	0	-0.239357	-0.970932	0	None	None
ChainingRodShaped	8037	3.81791	0.5	25.0003	49.0004	0	0.131111	-0.991368	0	None	None
ChainingRodShaped	8661	2.61316	0.5	-42.555	34.6514	0	0.367705	0.929943	0	None	None
ChainingRodShaped	7511	3.35363	0.5	53.5374	77.6529	0	-0.859214	0.511616	0	None	None
ChainingRodShaped	9275	2.32938	0.5	-28.9347	79.6487	0	0.0525309	0.998619	0	None	None
ChainingRodShaped	8455	3.35583	0.5	-41.8162	54.9472	0	-0.187572	-0.982251	0	None	None
ChainingRodShaped	7317	4.93774	0.5	3.26707	70.4406	0	0.382405	-0.923995	0	None	None
ChainingRodShaped	7133	3.08995	0.5	24.0811	5.18112	0	-0.779554	0.626335	0	7134	7646
ChainingRodShaped	7075	3.90472	0.5	-5.92357	0.322742	0	0.873844	0.486207	0	None	None
ChainingRodShaped	8391	2.62935	0.5	22.6312	28.4681	0	0.312993	-0.949755	0	None	None
ChainingRodShaped	5376	4.80595	0.5	26.5825	81.4767	0	-0.967555	-0.252661	0	None	None
ChainingRodShaped	9241	2.20151	0.5	36.616	61.006	0	-0.214577	0.976707	0	None	None
ChainingRodShaped	9209	2.39228	0.5	10.3857	55.5844	0	0.725451	-0.688273	0	None	None
ChainingRodShaped	9399	2.11148	0.5	-21.1616	48.3473	0	0.0654475	-0.997856	0	None	None
ChainingRodShaped	6735	3.85686	0.5	56.1142	63.8995	0	-0.357521	0.933905	0	None	None
ChainingRodShaped	6809	4.15903	0.5	-12.3308	63.5977	0	0.0186352	-0.999826	0	None	None
ChainingRodShaped	7295	3.89215	0.5	60.0858	48.6331	0	-0.153429	0.98816	0	None	None
ChainingRodShaped	5390	4.70019	0.5	21.9939	78.1402	0	-0.947304	-0.320335	0	6815	5389
ChainingRodShaped	5392	4.25043	0.5	-34.4768	59.3544	0	0.163033	0.986621	0	5895	5391
ChainingRodShaped	9551	2.01554	0.5	14.758	65.3056	0	0.773646	0.633618	0	None	None
ChainingRodShaped	8885	2.52979	0.5	6.68288	12.6716	0	0.922106	-0.386938	0	None	None
ChainingRodShaped	6573	4.11704	0.5	-32.3128	44.0906	0	0.113524	0.993535	0	None	None
ChainingRodShaped	5400	4.6854	0.5	17.9346	71.2203	0	0.995625	0.0934369	0	None	None
ChainingRodShaped	8463	3.22473	0.5	33.5499	51.4183	0	0.109936	0.993939	0	None	None
ChainingRodShaped	5404	4.66913	0.5	-9.18896	9.33935	0	0.722182	0.691703	0	None	None
ChainingRodShaped	8775	2.50466	0.5	-2.40106	61.2176	0	0.297344	-0.95477	0	None	None
ChainingRodShaped	7055	3.98754	0.5	-23.4323	59.0047	0	0.0750042	-0.997183	0	None	None
ChainingRodShaped	8999	2.27411	0.5	26.4767	25.4824	0	0.385769	-0.922595	0	None	None
ChainingRodShaped	9273	2.32086	0.5	-14.0092	-4.92935	0	0.997203	0.0747403	0	None	None
ChainingRodShaped	8397	3.47447	0.5	-8.95207	94.8412	0	0.944224	-0.329304	0	None	None
ChainingRodShaped	7415	4.36875	0.5	35.6259	69.1544	0	-0.241066	0.970509	0	None	None
ChainingRodShaped	9149	2.25747	0.5	-19.5554	54.473	0	-0.193677	-0.981065	0	None	None
ChainingRodShaped	8603	3.18432	0.5	-40.8472	-6.4988	0	0.724901	-0.688853	0	None	None
ChainingRodShaped	9195	2.16907	0.5	-16.0353	-22.529	0	0.896309	-0.443431	0	None	None
ChainingRodShaped	8337	3.15308	0.5	48.5944	38.1095	0	-0.201302	0.979529	0	None	None
ChainingRodShaped	8469	2.78791	0.5	55.3092	44.3723	0	-0.544941	-0.838474	0	None	None
ChainingRodShaped	8531	2.49832	0.5	1.71651	7.22629	0	-0.899378	0.437171	0	None	None
ChainingRodShaped	7633	4.46482	0.5	-46.5325	40.2412	0	0.266379	0.963868	0	None	None
ChainingRodShaped	8095	3.24883	0.5	17.7724	15.6772	0	0.304573	-0.952489	0	None	None
ChainingRodShaped	8805	2.22527	0.5	-24.6424	75.002	0	-0.119429	-0.992843	0	8806	8294
ChainingRodShaped	7725	3.84355	0.5	-30.6836	85.0755	0	0.251212	0.967932	0	None	None
ChainingRodShaped	7525	4.88729	0.5	-34.7866	70.9692	0	0.229818	0.973234	0	None	None
ChainingRodShaped	7995	3.96915	0.5	-21.6617	56.8388	0	-0.164218	-0.986424	0	None	None
ChainingRodShaped	7217	4.12153	0.5	47.8027	26.8265	0	-0.192527	0.981292	0	None	None
ChainingRodShaped	9159	2.21295	0.5	27.5296	-2.52862	0	-0.82289	0.568201	0	None	None
ChainingRodShaped	8279	3.14658	0.5	-39.684	50.7215	0	0.184433	0.982845	0	None	None
ChainingRodShaped	7703	4.20906	0.5	-41.122	76.1515	0	-0.411493	-0.911413	0	None	None
ChainingRodShaped	7239	3.87495	0.5	-49.6607	20.5595	0	-0.290383	-0.956911	0	7240	7518
ChainingRodShaped	8537	2.92294	0.5	-8.16994	50.3521	0	0.062184	0.998065	0	None	None
ChainingRodShaped	6953	3.3225	0.5	-3.6637	11.0561	0	0.976237	0.216705	0	None	None
ChainingRodShaped	6771	4.79053	0.5	27.602	49.2737	0	0.126327	-0.991989	0	None	None
ChainingRodShaped	8817	2.35205	0.5	-24.7051	7.5439	0	-0.07631	-0.997084	0	None	None
ChainingRodShaped	8767	2.503	0.5	-30.3973	16.8793	0	-0.0836288	-0.996497	0	8768	8750
ChainingRodShaped	8041	3.14103	0.5	-2.42256	13.2748	0	0.99165	-0.128962	0	None	None
ChainingRodShaped	9059	2.53471	0.5	-19.5253	74.3356	0	-0.643346	-0.765575	0	None	None
ChainingRodShaped	7019	4.00109	0.5	13.8387	8.27755	0	0.837079	-0.547083	0	None	None
ChainingRodShaped	5468	3.82721	0.5	-13.7372	22.2208	0	-0.135961	-0.990714	0	6751	7716
ChainingRodShaped	8973	2.66765	0.5	-0.641765	89.6549	0	0.363521	-0.931586	0	None	None
ChainingRodShaped	7487	4.0649	0.5	6.89046	24.4142	0	-0.864866	-0.502004	0	None	None
ChainingRodShaped	8015	3.92945	0.5	-61.2491	27.346	0	-0.271379	0.962473	0	None	None
ChainingRodShaped	7757	4.45919	0.5	-24.6172	-27.0039	0	0.744224	0.66793	0	None	None
ChainingRodShaped	9095	2.51275	0.5	-14.348	82.6876	0	0.575883	-0.817532	0	None	None
ChainingRodShaped	8453	2.78569	0.5	44.8346	-20.7346	0	-0.734342	0.678779	0	8454	8632
ChainingRodShaped	8389	2.93612	0.5	40.0968	82.6768	0	-0.989639	0.143576	0	None	None
ChainingRodShaped	5484	4.9057	0.5	4.15399	91.2982	0	0.680742	0.732524	0	None	None
ChainingRodShaped	7663	3.10818	0.5	40.9033	72.8641	0	0.557713	-0.830034	0	None	None
ChainingRodShaped	7403	4.44894	0.5	18.1459	91.906	0	0.00974692	-0.999952	0	None	None
ChainingRodShaped	9191	2.32816	0.5	-35.164	14.7313	0	0.50247	-0.864595	0	None	None
ChainingRodShaped	7681	3.73621	0.5	54.7821	-22.2665	0	-0.0713591	0.997451	0	7682	5491
ChainingRodShaped	9279	2.20203	0.5	44.1828	45.2467	0	-0.212995	0.977053	0	None	None
ChainingRodShaped	8709	3.01845	0.5	42.1591	36.7277	0	-0.178282	0.983979	0	None	None
ChainingRodShaped	7521	4.31442	0.5	-19.6145	85.5384	0	-0.124605	-0.992206	0	None	None
ChainingRodShaped	8945	2.18558	0.5	60.1135	30.3064	0	0.053141	0.998587	0	8946	5499
ChainingRodShaped	6723	4.69466	0.5	19.9994	45.4613	0	-0.0416137	0.999134	0	None	None
ChainingRodShaped	7097	4.42491	0.5	16.4609	49.495	0	0.382827	0.92382	0	None	None
ChainingRodShaped	8267	2.5573	0.5	50.6573	-10.2487	0	0.224051	-0.974577	0	8268	5505
ChainingRodShaped	8897	2.80424	0.5	37.1284	31.3887	0	-0.19876	-0.980048	0	None	None
ChainingRodShaped	5510	4.71595	0.5	102.41	50.3845	0	-0.93423	0.356671	0	None	7614
ChainingRodShaped	5512	4.99216	0.5	16.503	98.2758	0	0.949286	-0.314415	0	None	7728
ChainingRodShaped	7593	3.40184	0.5	-17.0533	79.1965	0	-0.0261281	0.999659	0	None	None
ChainingRodShaped	7389	3.18988	0.5	11.7364	-11.4723	0	0.80638	0.591397	0	None	None
ChainingRodShaped	8685	2.68496	0.5	27.8989	58.3657	0	-0.129848	-0.991534	0	None	None
ChainingRodShaped	7417	3.6975	0.5	-36.7326	75.8233	0	0.187214	0.982319	0	None	None
ChainingRodShaped	6849	3.49493	0.5	-27.2474	76.7485	0	0.102289	0.994755	0	None	None
ChainingRodShaped	7549	3.58343	0.5	-25.5831	75.031	0	0.11742	0.993082	0	None	None
ChainingRodShaped	7333	3.97232	0.5	58.7319	25.9451	0	0.135022	0.990843	0	None	None
ChainingRodShaped	8891	2.50853	0.5	-23.0795	7.5761	0	-0.0962839	-0.995354	0	None	None
ChainingRodShaped	9577	2.00529	0.5	41.4937	14.6743	0	0.167694	-0.985839	0	None	None
ChainingRodShaped	7251	3.58192	0.5	-3.62315	67.7607	0	0.304211	-0.952605	0	None	None
ChainingRodShaped	9355	2.24054	0.5	-33.9929	31.5938	0	-0.261521	0.965198	0	None	None
ChainingRodShaped	7285	3.40558	0.5	-15.7951	26.0183	0	-0.255837	-0.96672	0	None	None
ChainingRodShaped	7461	4.50017	0.5	-28.0012	-10.6116	0	-0.0126787	-0.99992	0	None	None
ChainingRodShaped	5540	4.56369	0.5	-4.02121	38.2891	0	0.0244362	-0.999701	0	None	None
ChainingRodShaped	8617	2.66889	0.5	-20.7824	83.3237	0	-0.0983017	-0.995157	0	None	None
ChainingRodShaped	9385	2.06115	0.5	63.0797	74.1113	0	0.796279	-0.604929	0	9386	7738
ChainingRodShaped	8831	2.72443	0.5	-7.85979	38.603	0	-0.145502	-0.989358	0	None	None
ChainingRodShaped	7199	4.58369	0.5	1.88912	-10.1504	0	0.988723	0.149753	0	None	None
ChainingRodShaped	7629	4.67094	0.5	26.5739	90.3598	0	-0.999701	0.024447	0	None	None
ChainingRodShaped	5552	4.89111	0.5	-0.672836	92.3285	0	0.372816	-0.927905	0	None	None
ChainingRodShaped	7547	3.08409	0.5	51.4968	-52.6271	0	-0.177485	-0.984124	0	7548	8146
ChainingRodShaped	7621	3.59808	0.5	-65.735	2.73412	0	-0.988574	-0.150736	0	7622	9042
ChainingRodShaped	8225	3.06394	0.5	-24.3507	131.579	0	0.351493	-0.93619	0	8226	8570
ChainingRodShaped	9213	2.26115	0.5	16.2188	83.1286	0	-0.840991	-0.541049	0	None	None
ChainingRodShaped	7891	3.83848	0.5	-58.7644	15.7143	0	0.224689	0.974431	0	None	None
ChainingRodShaped	8121	2.54977	0.5	-9.37598	46.7176	0	-0.0990408	-0.995083	0	8122	5563
ChainingRodShaped	5566	4.50341	0.5	-24.2106	15.7651	0	-0.0747573	-0.997202	0	None	None
ChainingRodShaped	5568	4.51503	0.5	33.5149	71.9702	0	-0.833655	-0.552285	0	None	None
ChainingRodShaped	7323	3.18958	0.5	-12.58	34.0592	0	-0.266457	-0.963847	0	None	None
ChainingRodShaped	5572	4.90582	0.5	-44.4111	27.8693	0	0.40959	0.91227	0	None	None
ChainingRodShaped	5574	4.04802	0.5	40.5508	39.9744	0	0.199926	-0.979811	0	6699	7446
ChainingRodShaped	6837	3.80979	0.5	-38.9116	49.5672	0	0.180116	0.983645	0	None	None
ChainingRodShaped	8585	2.65882	0.5	39.3383	-7.02723	0	0.673218	-0.739444	0	None	None
ChainingRodShaped	7361	4.53654	0.5	14.7311	26.0438	0	-0.746151	-0.665777	0	None	None
ChainingRodShaped	8373	3.02262	0.5	41.873	73.0586	0	0.563923	-0.825827	0	None	None
ChainingRodShaped	8039	2.77179	0.5	-48.5973	52.9803	0	0.100571	0.99493	0	8040	5583
ChainingRodShaped	9109	2.23894	0.5	29.8149	83.123	0	-0.993296	-0.115596	0	None	None
ChainingRodShaped	6715	3.76775	0.5	-17.4657	29.8342	0	-0.269229	-0.963076	0	None	None
ChainingRodShaped	8809	2.66131	0.5	-13.0725	0.897089	0	-0.91583	-0.401566	0	None	None
ChainingRodShaped	6805	4.47215	0.5	-30.8112	54.2028	0	0.146112	0.989268	0	None	None
ChainingRodShaped	7607	4.18383	0.5	4.946	-4.45943	0	0.995491	0.0948545	0	None	None
ChainingRodShaped	6921	4.87305	0.5	42.6138	67.7568	0	-0.444356	0.89585	0	None	None
ChainingRodShaped	9341	2.161	0.5	35.1218	47.613	0	0.78916	0.614188	0	None	None
ChainingRodShaped	7275	4.86963	0.5	15.2595	-7.34499	0	-0.889753	-0.456443	0	None	None
ChainingRodShaped	7693	3.02946	0.5	-46.8876	65.4639	0	0.172236	0.985056	0	7694	8610
ChainingRodShaped	7851	2.87677	0.5	52.7452	-0.106593	0	-0.952542	-0.304408	0	None	None
ChainingRodShaped	7571	3.60256	0.5	-31.5727	-11.6745	0	0.307745	-0.951469	0	None	None
ChainingRodShaped	9023	2.30276	0.5	12.8149	81.7288	0	-0.738898	-0.673817	0	None	None
ChainingRodShaped	8263	3.15494	0.5	-23.1293	51.2619	0	0.237059	-0.971495	0	None	None
ChainingRodShaped	7443	4.67221	0.5	51.6261	3.79727	0	-0.0969662	-0.995288	0	None	None
ChainingRodShaped	8271	2.8876	0.5	-50.8526	69.7857	0	-0.320374	-0.947291	0	8272	7948
ChainingRodShaped	9111	2.3638	0.5	-7.94815	72.069	0	0.0272719	-0.999628	0	None	None
ChainingRodShaped	8957	2.71657	0.5	24.3588	3.75467	0	0.770282	-0.637703	0	None	None
ChainingRodShaped	9461	2.08263	0.5	14.5936	86.4954	0	-0.849851	-0.527024	0	None	None
ChainingRodShaped	7023	4.06037	0.5	4.31507	49.7553	0	0.135421	-0.990788	0	None	None
ChainingRodShaped	7535	3.12425	0.5	22.0603	24.6155	0	0.339493	-0.940609	0	None	None
ChainingRodShaped	9073	2.3962	0.5	-38.3551	26.4537	0	0.047824	0.998856	0	9074	7688
ChainingRodShaped	9559	2.01857	0.5	-48.0455	22.6133	0	0.285795	0.958291	0	None	None
ChainingRodShaped	7641	3.62067	0.5	32.9683	11.1754	0	0.475836	-0.879534	0	None	None
ChainingRodShaped	5632	4.60439	0.5	1.26156	27.0269	0	-0.837529	-0.546392	0	None	None
ChainingRodShaped	7021	4.73813	0.5	52.5327	13.2017	0	-0.714506	-0.699629	0	None	None
ChainingRodShaped	8009	3.20697	0.5	4.35755	76.2587	0	-0.446707	-0.89468	0	None	None
ChainingRodShaped	6793	3.85304	0.5	17.3452	-10.8481	0	-0.924619	-0.380893	0	None	None
ChainingRodShaped	9377	2.07963	0.5	27.2296	42.1414	0	0.258993	-0.965879	0	None	None
ChainingRodShaped	7651	4.5944	0.5	-36.461	58.6412	0	0.159305	0.987229	0	None	None
ChainingRodShaped	7605	3.59678	0.5	-51.4643	40.5609	0	-0.0682099	-0.997671	0	None	None
ChainingRodShaped	5646	4.47582	0.5	-5.80684	16.6748	0	0.981452	-0.191707	0	None	None
ChainingRodShaped	7469	3.93847	0.5	23.3857	39.4943	0	-0.209022	0.977911	0	None	None
ChainingRodShaped	6971	4.6683	0.5	45.8134	27.1956	0	-0.186587	0.982438	0	None	None
ChainingRodShaped	7701	2.96404	0.5	-20.4562	-7.08333	0	0.742501	0.669844	0	None	None
ChainingRodShaped	5654	4.70555	0.5	47.731	2.30826	0	0.222387	-0.974958	0	9483	5653
ChainingRodShaped	8789	2.78986	0.5	-12.3525	84.9112	0	0.260704	-0.965419	0	None	None
ChainingRodShaped	5658	4.59557	0.5	43.2563	25.7492	0	0.185264	-0.982689	0	7445	8238
ChainingRodShaped	6997	4.02601	0.5	49.7501	65.0506	0	0.552049	-0.833812	0	None	None
ChainingRodShaped	7953	2.98725	0.5	37.2003	50.6318	0	-0.237431	0.971404	0	7954	5661
ChainingRodShaped	7669	4.19447	0.5	-5.05525	-7.54053	0	0.832942	0.55336	0	None	None
ChainingRodShaped	5666	3.92258	0.5	-39.306	65.2253	0	-0.125138	-0.992139	0	7433	5665
ChainingRodShaped	6969	4.99802	0.5	56.1918	37.5293	0	0.61378	0.789477	0	None	None
ChainingRodShaped	8021	3.45503	0.5	-11.0584	93.0642	0	0.331501	-0.943455	0	8022	8080
ChainingRodShaped	8123	2.81503	0.5	-16.9542	-7.91269	0	0.929998	0.367564	0	None	None
ChainingRodShaped	7843	4.08275	0.5	51.247	19.7739	0	0.24241	0.970174	0	None	None
ChainingRodShaped	5676	4.36582	0.5	-22.8758	90.5606	0	-0.100941	-0.994892	0	7007	7952
ChainingRodShaped	8963	2.24589	0.5	28.0179	-9.86394	0	-0.831402	0.555671	0	None	None
ChainingRodShaped	5680	4.83988	0.5	-54.4541	22.1915	0	-0.172883	-0.984942	0	None	None
ChainingRodShaped	8027	3.92382	0.5	-22.8552	22.6535	0	-0.116791	-0.993157	0	None	None
ChainingRodShaped	7367	3.99858	0.5	12.1644	65.3784	0	0.80744	0.58995	0	None	None
ChainingRodShaped	7747	2.92051	0.5	5.62747	8.36048	0	0.903869	-0.427809	0	None	None
ChainingRodShaped	7211	3.88096	0.5	24.9322	62.8373	0	-0.163505	-0.986543	0	None	None
ChainingRodShaped	7103	3.46113	0.5	-59.9675	17.3219	0	-0.0963896	0.995344	0	None	None
ChainingRodShaped	7563	3.22083	0.5	52.7219	77.0324	0	-0.858715	0.512453	0	None	None
ChainingRodShaped	7943	2.95645	0.5	29.9542	36.5059	0	-0.101544	-0.994831	0	None	None
ChainingRodShaped	8335	2.71106	0.5	-28.6534	29.7584	0	-0.0486847	-0.998814	0	8336	5695
ChainingRodShaped	7359	3.59253	0.5	59.9469	54.6712	0	-0.216462	0.976291	0	None	None
ChainingRodShaped	9219	2.31871	0.5	12.6459	25.6657	0	-0.89386	-0.448347	0	None	None
ChainingRodShaped	7881	3.37476	0.5	-9.12241	80.3519	0	0.0459297	-0.998945	0	7882	9034
ChainingRodShaped	5704	4.94607	0.5	-15.1692	75.9271	0	-0.946604	0.322397	0	None	None
ChainingRodShaped	8429	2.86847	0.5	68.2699	65.3746	0	-0.846885	0.531776	0	8430	8232
ChainingRodShaped	5708	4.775	0.5	-59.3917	21.1936	0	-0.114751	0.993394	0	None	None
ChainingRodShaped	8245	2.68897	0.5	-41.7785	1.03093	0	-0.184684	0.982798	0	None	None
ChainingRodShaped	5712	4.47442	0.5	-60.5128	22.2481	0	-0.120915	0.992663	0	None	None
ChainingRodShaped	7823	3.28434	0.5	-0.881886	48.9051	0	0.387223	-0.921986	0	None	None
ChainingRodShaped	8189	3.27759	0.5	-36.2496	83.147	0	-0.206078	-0.978536	0	8190	5715
ChainingRodShaped	7401	4.34304	0.5	-57.2481	32.057	0	-0.458649	0.888618	0	None	None
ChainingRodShaped	8363	2.65896	0.5	-14.6221	-0.79906	0	-0.905507	-0.424332	0	8364	8916
ChainingRodShaped	9485	2.08781	0.5	24.2052	-2.784	0	0.748429	-0.663215	0	None	None
ChainingRodShaped	7253	4.4746	0.5	-24.8541	40.5534	0	0.131994	-0.991251	0	None	None
ChainingRodShaped	7219	4.95353	0.5	48.3962	28.6395	0	-0.182872	0.983137	0	None	None
ChainingRodShaped	8481	3.33722	0.5	34.5871	-15.9271	0	0.824927	-0.565239	0	None	None
ChainingRodShaped	7731	3.32782	0.5	48.3967	-16.2828	0	0.466535	-0.884503	0	7732	8828
ChainingRodShaped	7791	4.39671	0.5	-39.367	22.2343	0	-0.0319164	-0.999491	0	None	None
ChainingRodShaped	5734	4.98265	0.5	-1.13072	68.2756	0	0.302755	-0.953068	0	None	None
ChainingRodShaped	7235	3.18986	0.5	42.4886	64.0256	0	0.587952	-0.808896	0	None	None
ChainingRodShaped	5738	4.54396	0.5	-14.6412	49.2204	0	-0.195556	-0.980693	0	None	None
ChainingRodShaped	9363	2.09633	0.5	51.3491	38.8002	0	0.211673	-0.97734	0	None	None
ChainingRodShaped	9261	2.11472	0.5	-57.5608	12.3692	0	-0.248202	-0.968708	0	9262	9190
ChainingRodShaped	6957	4.32509	0.5	-2.58805	28.5903	0	-0.82105	-0.570857	0	None	None
ChainingRodShaped	5746	4.8809	0.5	34.1642	67.6534	0	0.221654	-0.975125	0	None	5745
ChainingRodShaped	7347	3.68471	0.5	45.2194	82.5092	0	-0.95957	0.281471	0	None	None
ChainingRodShaped	7273	3.41988	0.5	-42.267	75.972	0	-0.410463	-0.911877	0	None	None
ChainingRodShaped	8879	2.72997	0.5	-38.8536	-3.35758	0	0.267628	-0.963522	0	None	None
ChainingRodShaped	7809	2.72083	0.5	-53.4454	39.6334	0	-0.0647624	-0.997901	0	7810	8132
ChainingRodShaped	7481	4.47615	0.5	-46.7493	4.50948	0	-0.258757	-0.965942	0	None	None
ChainingRodShaped	8409	3.37328	0.5	-47.7747	14.5825	0	0.484342	0.874879	0	None	None
ChainingRodShaped	7879	3.16875	0.5	-7.31485	42.4826	0	0.134873	0.990863	0	None	None
ChainingRodShaped	7685	4.56951	0.5	44.8413	27.4435	0	-0.182898	0.983132	0	None	None
ChainingRodShaped	7915	4.27886	0.5	-55.3456	39.699	0	0.0670296	0.997751	0	None	None
ChainingRodShaped	8185	3.62056	0.5	8.92568	52.4543	0	0.186892	0.98238	0	None	None
ChainingRodShaped	8515	2.44939	0.5	-8.78162	66.5981	0	-0.00148178	-0.999999	0	8516	5767
ChainingRodShaped	9121	2.39309	0.5	-17.8592	64.9931	0	-0.43404	-0.900893	0	None	None
ChainingRodShaped	5772	4.82365	0.5	-37.4138	47.1265	0	0.183954	0.982935	0	7745	5771
ChainingRodShaped	7363	4.59073	0.5	-30.5597	66.9211	0	0.17212	0.985076	0	None	None
ChainingRodShaped	7381	3.69196	0.5	5.51278	-9.24626	0	0.239766	0.970831	0	None	None
ChainingRodShaped	7197	3.85477	0.5	-5.76493	83.0102	0	0.299329	-0.95415	0	None	None
ChainingRodShaped	5780	4.4625	0.5	-54.0518	10.2863	0	0.239304	0.970945	0	None	5779
ChainingRodShaped	7263	3.76142	0.5	44.0658	57.9652	0	0.82334	-0.567549	0	None	None
ChainingRodShaped	9381	2.16049	0.5	23.953	22.0888	0	0.383538	-0.923525	0	None	None
ChainingRodShaped	7449	4.57896	0.5	-11.1637	87.585	0	-0.315208	0.949023	0	None	None
ChainingRodShaped	5788	3.69037	0.5	-34.0899	66.1088	0	0.228031	0.973654	0	7551	5787
ChainingRodShaped	5790	4.81413	0.5	55.6757	-49.8231	0	-0.091868	0.995771	0	None	7762
ChainingRodShaped	8921	2.42782	0.5	-24.8919	33.7162	0	-0.0366568	-0.999328	0	None	None
ChainingRodShaped	7399	3.98806	0.5	-17.3729	-9.04403	0	0.932896	0.360145	0	None	None
ChainingRodShaped	8815	2.91801	0.5	-43.2275	64.3211	0	-0.145099	-0.989417	0	None	None
ChainingRodShaped	7163	4.54626	0.5	7.74608	6.39873	0	0.918909	-0.39447	0	None	None
ChainingRodShaped	7795	3.63683	0.5	7.98371	4.01267	0	-0.992156	0.125003	0	7796	9014
ChainingRodShaped	7749	3.64237	0.5	-28.1832	6.97651	0	0.0102681	-0.999947	0	None	None
ChainingRodShaped	7805	3.19433	0.5	86.2372	48.2733	0	-0.96948	-0.245171	0	7806	8048
ChainingRodShaped	7191	4.64421	0.5	-32.4154	22.1051	0	0.324119	0.946016	0	None	None
ChainingRodShaped	7353	4.86215	0.5	-17.2792	61.0528	0	-0.13074	0.991417	0	None	None
ChainingRodShaped	5810	4.46255	0.5	0.268224	-6.26305	0	0.937861	0.34701	0	None	None
ChainingRodShaped	5812	4.34532	0.5	28.0928	21.5592	0	0.395051	-0.918659	0	None	None
ChainingRodShaped	7765	4.10741	0.5	-20.052	19.1385	0	-0.199405	-0.979917	0	None	None
ChainingRodShaped	5816	4.48764	0.5	-6.54902	82.5515	0	0.30618	-0.951974	0	None	None
ChainingRodShaped	9481	2.05233	0.5	-13.7637	44.4201	0	-0.185058	-0.982728	0	None	None
ChainingRodShaped	8159	2.80293	0.5	-10.9349	14.7904	0	0.0183893	0.999831	0	None	None
ChainingRodShaped	9037	2.32722	0.5	-58.4779	41.897	0	-0.267444	0.963573	0	None	None
ChainingRodShaped	7243	4.19389	0.5	-14.9829	64.9224	0	0.450641	0.892705	0	None	None
ChainingRodShaped	7931	3.88071	0.5	50.1543	60.4504	0	0.444948	-0.895556	0	None	None
ChainingRodShaped	9401	2.08436	0.5	43.2102	78.2318	0	0.82271	-0.568461	0	None	None
ChainingRodShaped	7183	4.77409	0.5	-45.1911	2.9574	0	0.246218	0.969214	0	None	None
ChainingRodShaped	5832	3.90691	0.5	-32.8567	-16.3405	0	-0.327675	0.94479	0	6445	8170
ChainingRodShaped	8029	2.56274	0.5	23.375	47.9272	0	0.145813	-0.989312	0	8030	5833
ChainingRodShaped	7925	2.55004	0.5	-31.6895	2.3604	0	-0.0923763	-0.995724	0	7926	5835
ChainingRodShaped	9171	2.19716	0.5	48.3405	-66.6774	0	-0.250184	-0.968198	0	9172	5837
ChainingRodShaped	5840	4.84053	0.5	-28.0365	-0.957179	0	0.00965069	-0.999953	0	None	None
ChainingRodShaped	7177	4.05428	0.5	-34.5082	77.089	0	0.205818	0.97859	0	None	None
ChainingRodShaped	5844	3.93812	0.5	-42.7961	46.4817	0	-0.265776	-0.964035	0	6913	5843
ChainingRodShaped	7467	4.35021	0.5	41.8233	-0.62452	0	-0.542838	0.839838	0	None	None
ChainingRodShaped	5848	4.60201	0.5	47.9522	45.5382	0	-0.216013	0.97639	0	None	None
ChainingRodShaped	7815	2.86339	0.5	50.6865	67.8613	0	0.210145	-0.97767	0	None	None
ChainingRodShaped	7807	4.1428	0.5	0.989333	46.0358	0	0.260125	-0.965575	0	None	None
ChainingRodShaped	8851	2.27797	0.5	52.5075	-29.2195	0	0.128592	-0.991698	0	8852	5853
ChainingRodShaped	9419	2.12018	0.5	-54.856	25.6585	0	-0.149238	-0.988801	0	9420	8486
ChainingRodShaped	5858	3.92848	0.5	21.8129	-0.27793	0	-0.889364	0.4572	0	8327	5857
ChainingRodShaped	5860	4.36558	0.5	52.6231	81.6762	0	0.829471	-0.558549	0	4931	5859
ChainingRodShaped	5862	4.84354	0.5	-1.88399	49.1436	0	0.383124	-0.923697	0	None	None
ChainingRodShaped	8317	2.8126	0.5	-25.8779	30.4662	0	0.0448376	0.998994	0	8318	8550
ChainingRodShaped	7673	4.56788	0.5	-16.0249	-16.224	0	-0.906526	0.42215	0	None	None
ChainingRodShaped	8479	2.5801	0.5	-21.8594	64.699	0	0.184176	-0.982893	0	None	None
ChainingRodShaped	7453	4.89548	0.5	37.9935	26.8338	0	0.372896	-0.927873	0	None	None
ChainingRodShaped	8067	3.05683	0.5	-28.6571	43.086	0	-0.101973	-0.994787	0	8068	5871
ChainingRodShaped	7419	4.95932	0.5	2.47231	43.6885	0	0.134975	-0.990849	0	None	None
ChainingRodShaped	7413	4.18071	0.5	10.3723	48.0531	0	0.358496	0.933531	0	None	None
ChainingRodShaped	8873	2.715	0.5	-7.12894	58.7787	0	-0.0383069	-0.999266	0	None	None
ChainingRodShaped	7455	3.9626	0.5	-22.0374	18.3059	0	-0.183058	-0.983102	0	None	None
ChainingRodShaped	8565	2.85356	0.5	34.7894	-0.504025	0	0.749911	-0.661539	0	None	None
ChainingRodShaped	5884	4.70484	0.5	-15.9044	89.3471	0	0.341921	-0.939729	0	None	None
ChainingRodShaped	8659	2.39391	0.5	-17.4021	70.5152	0	-0.340896	-0.940101	0	None	None
ChainingRodShaped	7573	3.5789	0.5	-1.85699	73.1945	0	0.282631	-0.959229	0	None	None
ChainingRodShaped	8807	2.44598	0.5	-4.92164	39.8268	0	0.0144652	-0.999895	0	None	None
ChainingRodShaped	7935	4.14199	0.5	-1.38464	40.1538	0	-0.164735	0.986338	0	None	None
ChainingRodShaped	9463	2.05847	0.5	17.0628	53.1353	0	-0.391866	-0.920022	0	None	None
ChainingRodShaped	9307	2.10652	0.5	-35.7806	50.7805	0	0.132224	0.99122	0	9308	5895
ChainingRodShaped	7451	4.20121	0.5	1.69642	19.6001	0	0.971507	-0.23701	0	None	None
ChainingRodShaped	5900	4.98828	0.5	49.3315	28.5174	0	-0.184225	0.982884	0	None	None
ChainingRodShaped	8285	3.54684	0.5	-46.8698	59.3947	0	0.151257	0.988494	0	None	None
ChainingRodShaped	7435	3.76428	0.5	2.08837	66.7661	0	0.354475	-0.935066	0	None	None
ChainingRodShaped	9011	2.45697	0.5	-29.5275	30.6706	0	-0.0519277	-0.998651	0	9012	8692
ChainingRodShaped	7729	4.19937	0.5	-20.056	-4.45141	0	0.896689	0.44266	0	None	None
ChainingRodShaped	7619	3.64486	0.5	25.3859	89.4442	0	-0.999546	0.0301337	0	None	None
ChainingRodShaped	5912	4.21212	0.5	-46.284	-3.71241	0	-0.88074	0.473601	0	None	None
ChainingRodShaped	5914	4.57042	0.5	29.6922	71.883	0	-0.680356	-0.732882	0	None	None
ChainingRodShaped	7849	3.78764	0.5	15.6483	-9.3614	0	-0.904751	-0.425941	0	None	None
ChainingRodShaped	5918	4.30854	0.5	9.35869	57.8497	0	0.68895	-0.724808	0	None	None
ChainingRodShaped	7927	2.75947	0.5	-51.8853	48.9419	0	-0.0770151	-0.99703	0	None	None
ChainingRodShaped	7941	4.06581	0.5	-31.5451	49.0447	0	0.144274	0.989538	0	None	None
ChainingRodShaped	7787	4.36271	0.5	27.5645	5.15478	0	0.627166	-0.778886	0	None	None
ChainingRodShaped	8719	2.52088	0.5	-1.25227	88.6038	0	0.37281	-0.927908	0	None	None
ChainingRodShaped	9129	2.39582	0.5	28.5207	44.5265	0	-0.575489	-0.81781	0	None	None
ChainingRodShaped	8179	2.8373	0.5	-41.8808	46.1714	0	0.273037	0.962004	0	None	None
ChainingRodShaped	7493	3.72448	0.5	45.3153	44.4607	0	-0.213732	0.976892	0	None	None
ChainingRodShaped	7719	3.39896	0.5	-5.23239	94.3846	0	-0.0594952	0.998229	0	None	None
ChainingRodShaped	5936	4.89261	0.5	-56.1187	23.8545	0	0.162561	0.986698	0	None	None
ChainingRodShaped	9467	2.08429	0.5	-17.2557	7.01016	0	0.0535635	-0.998564	0	None	None
ChainingRodShaped	5940	4.55445	0.5	1.3626	89.7802	0	0.336256	-0.941771	0	None	None
ChainingRodShaped	8931	2.43575	0.5	-33.6343	3.3998	0	-0.122377	0.992484	0	None	None
ChainingRodShaped	7489	4.17936	0.5	-26.2678	9.84721	0	-0.0561189	-0.998424	0	None	None
ChainingRodShaped	8777	2.47814	0.5	-52.3605	54.8141	0	-0.0996184	-0.995026	0	8778	8524
ChainingRodShaped	7543	3.27598	0.5	50.0961	18.8738	0	0.252078	0.967707	0	None	None
ChainingRodShaped	5950	3.54404	0.5	-18.7867	20.8034	0	-0.209181	-0.977877	0	9449	5949
ChainingRodShaped	8175	3.07532	0.5	-39.0506	94.9423	0	0.291333	0.956622	0	8176	9314
ChainingRodShaped	5954	4.67593	0.5	-1.94633	68.1652	0	0.304232	-0.952598	0	None	None
ChainingRodShaped	8439	2.5799	0.5	45.963	5.92421	0	-0.206996	0.978342	0	8440	5955
ChainingRodShaped	7759	3.48877	0.5	27.1383	46.2408	0	0.160799	-0.986987	0	None	None
ChainingRodShaped	7699	4.27157	0.5	42.5997	19.0729	0	-0.179777	0.983707	0	None	None
ChainingRodShaped	8329	2.97475	0.5	10.3234	18.0115	0	0.935762	-0.352633	0	None	None
ChainingRodShaped	7665	4.68912	0.5	3.56282	59.7858	0	0.274978	-0.961451	0	None	None
ChainingRodShaped	5966	4.58065	0.5	-49.768	-0.0675522	0	-0.960259	0.279112	0	None	None
ChainingRodShaped	9151	2.42551	0.5	5.86554	82.3914	0	-0.630758	-0.77598	0	None	None
ChainingRodShaped	8619	2.79611	0.5	-20.9772	38.382	0	0.157613	-0.987501	0	None	None
ChainingRodShaped	5972	4.5131	0.5	-33.7627	22.4998	0	0.110825	0.99384	0	None	None
ChainingRodShaped	7647	3.04557	0.5	-43.6617	18.3803	0	0.456262	0.889845	0	None	None
ChainingRodShaped	8923	2.65232	0.5	46.216	53.0951	0	-0.258539	0.966001	0	None	None
ChainingRodShaped	8845	2.56341	0.5	44.0309	5.05766	0	-0.313277	0.949662	0	None	None
ChainingRodShaped	9093	2.21699	0.5	36.7579	87.7031	0	-0.999423	-0.0339767	0	None	None
ChainingRodShaped	7587	2.95791	0.5	-16.0973	80.4154	0	-0.258749	0.965944	0	None	None
ChainingRodShaped	9165	2.11691	0.5	-46.1033	34.5349	0	-0.242232	-0.970218	0	9166	9222
ChainingRodShaped	7463	3.10185	0.5	5.17411	49.7903	0	0.125551	-0.992087	0	None	None
ChainingRodShaped	5988	4.63175	0.5	12.0955	74.946	0	-0.959439	-0.281916	0	5389	5987
ChainingRodShaped	9063	2.22554	0.5	-23.1708	79.2421	0	-0.118315	-0.992976	0	9064	5989
ChainingRodShaped	5992	4.36458	0.5	58.3997	72.0717	0	-0.817092	0.576508	0	8231	8284
ChainingRodShaped	5994	4.41631	0.5	36.5164	41.5476	0	0.174981	-0.984572	0	None	None
ChainingRodShaped	8111	2.84588	0.5	-6.05506	38.0481	0	-0.157002	-0.987598	0	None	None
ChainingRodShaped	7457	4.94328	0.5	-36.404	87.1805	0	-0.209188	-0.977875	0	None	None
ChainingRodShaped	6000	4.52438	0.5	-37.7417	-8.62772	0	-0.593404	0.804905	0	None	None
ChainingRodShaped	6002	3.8283	0.5	48.7945	-6.58311	0	-0.225841	0.974164	0	6109	6001
ChainingRodShaped	7537	4.40976	0.5	6.54132	56.3154	0	0.418277	-0.908319	0	None	None
ChainingRodShaped	9365	2.21744	0.5	-27.6053	32.48	0	-0.0440455	-0.99903	0	None	None
ChainingRodShaped	8821	2.81214	0.5	-47.1728	48.0065	0	0.0637605	0.997965	0	None	None
ChainingRodShaped	8137	3.36998	0.5	46.0828	1.10546	0	-0.217008	0.97617	0	None	None
ChainingRodShaped	7553	4.15261	0.5	20.7454	5.46092	0	0.80498	-0.593301	0	None	None
ChainingRodShaped	7939	3.86498	0.5	14.8489	85.5441	0	-0.846283	-0.532734	0	None	None
ChainingRodShaped	7677	4.03354	0.5	-19.7405	-23.0699	0	0.437772	-0.899086	0	None	None
ChainingRodShaped	6018	4.52209	0.5	51.9039	70.337	0	-0.48489	0.874575	0	7397	8858
ChainingRodShaped	6020	4.51011	0.5	7.02851	86.9155	0	-0.312335	-0.949972	0	None	None
ChainingRodShaped	7875	4.03319	0.5	-45.6926	9.14516	0	0.869781	0.493437	0	None	None
ChainingRodShaped	6024	4.08277	0.5	4.39826	-2.55371	0	0.995107	0.098801	0	None	None
ChainingRodShaped	8551	2.82552	0.5	23.6894	15.1418	0	0.249487	-0.968378	0	None	None
ChainingRodShaped	9103	2.3525	0.5	-37.4254	4.19209	0	-0.142849	0.989744	0	9104	6027
ChainingRodShaped	9131	2.27024	0.5	-20.0758	0.54556	0	-0.190669	-0.981654	0	None	None
ChainingRodShaped	8199	2.80375	0.5	48.621	53.1458	0	-0.240299	0.970699	0	None	None
ChainingRodShaped	9311	2.21693	0.5	13.0979	88.8701	0	0.863694	0.504017	0	None	None
ChainingRodShaped	8501	3.01638	0.5	4.35706	32.5802	0	-0.773224	-0.634133	0	None	None
ChainingRodShaped	7595	3.99541	0.5	34.1121	86.0774	0	-0.948156	-0.317806	0	None	None
ChainingRodShaped	6040	4.66264	0.5	-44.7968	66.3709	0	0.16336	0.986567	0	None	None
ChainingRodShaped	9281	2.33027	0.5	-42.1493	24.1547	0	0.412298	0.911049	0	None	None
ChainingRodShaped	8687	2.96888	0.5	-20.0226	44.4979	0	0.058999	-0.998258	0	None	None
ChainingRodShaped	6046	4.18802	0.5	47.1915	76.223	0	0.539976	-0.84168	0	None	None
ChainingRodShaped	8191	3.45782	0.5	27.88	33.5609	0	-0.34835	0.937364	0	None	None
ChainingRodShaped	8019	3.97929	0.5	42.4924	85.2183	0	-0.973508	0.228653	0	None	None
ChainingRodShaped	6052	4.82607	0.5	-7.21245	25.7147	0	-0.859608	-0.510955	0	None	None
ChainingRodShaped	6054	4.35106	0.5	17.1215	61.718	0	-0.789511	-0.613736	0	None	None
ChainingRodShaped	7831	3.37222	0.5	2.80155	18.4339	0	-0.973818	0.22733	0	None	None
ChainingRodShaped	6058	4.74771	0.5	3.82551	71.0035	0	0.39159	-0.92014	0	None	None
ChainingRodShaped	7753	3.47638	0.5	16.8713	42.1654	0	-0.260062	-0.965592	0	None	None
ChainingRodShaped	7775	4.42954	0.5	1.07541	17.9311	0	-0.971497	0.237053	0	None	None
ChainingRodShaped	9397	2.09733	0.5	59.1396	34.9089	0	0.079289	0.996852	0	None	None
ChainingRodShaped	8117	3.26776	0.5	52.5018	16.1315	0	0.0414347	0.999141	0	None	None
ChainingRodShaped	7785	2.95471	0.5	14.8612	69.2529	0	0.824738	0.565516	0	None	None
ChainingRodShaped	6070	4.00137	0.5	-48.1566	47.2259	0	0.0737416	0.997277	0	None	None
ChainingRodShaped	8427	2.90149	0.5	-6.11862	-12.9901	0	0.527227	-0.849724	0	None	None
ChainingRodShaped	7855	3.28832	0.5	11.6414	19.4322	0	0.942619	-0.33387	0	None	None
ChainingRodShaped	8005	3.2833	0.5	30.7372	35.5687	0	-0.130965	-0.991387	0	None	None
ChainingRodShaped	7655	3.04447	0.5	-8.00277	59.2353	0	-0.028355	-0.999598	0	None	None
ChainingRodShaped	9403	2.04617	0.5	34.6027	6.21141	0	0.486315	-0.873783	0	9404	8450
ChainingRodShaped	8967	2.19158	0.5	52.9893	-40.3056	0	-0.0481931	-0.998838	0	8968	6081
ChainingRodShaped	6084	4.1001	0.5	40.8993	23.2327	0	0.170499	-0.985358	0	None	None
ChainingRodShaped	6086	4.20273	0.5	-8.00726	54.7597	0	-0.0173415	-0.99985	0	None	None
ChainingRodShaped	8847	2.43344	0.5	50.6528	52.7968	0	-0.228964	0.973435	0	None	None
ChainingRodShaped	8183	3.08524	0.5	43.8865	53.7323	0	-0.320922	0.947106	0	None	None
ChainingRodShaped	6092	4.02262	0.5	-53.3435	54.7796	0	0.089998	0.995942	0	None	None
ChainingRodShaped	6094	4.55339	0.5	-58.1692	2.12764	0	-0.999999	0.0011976	0	6533	6093
ChainingRodShaped	6096	4.61583	0.5	13.0171	40.1024	0	0.260209	0.965552	0	None	None
ChainingRodShaped	7885	3.91312	0.5	-38.6425	62.9214	0	0.136518	0.990638	0	None	None
ChainingRodShaped	9429	2.1616	0.5	15.5644	81.5626	0	-0.808828	-0.588045	0	None	None
ChainingRodShaped	6102	4.31121	0.5	23.5187	6.75542	0	-0.784223	0.620479	0	None	None
ChainingRodShaped	9303	2.10236	0.5	-14.77	80.2137	0	-0.575926	0.817502	0	None	None
ChainingRodShaped	6106	4.93484	0.5	-30.8501	-7.87362	0	-0.0914311	-0.995811	0	None	None
ChainingRodShaped	6108	4.54565	0.5	-26.7283	17.2358	0	0.0707359	0.997495	0	4811	6107
ChainingRodShaped	6110	4.31233	0.5	50.9737	-16.2501	0	-0.212616	0.977136	0	6749	6109
ChainingRodShaped	6112	4.83894	0.5	-18.5783	-12.8366	0	-0.656913	-0.753966	0	7917	8784
ChainingRodShaped	6114	4.15041	0.5	-50.0675	68.0415	0	-0.247138	-0.96898	0	4784	6113
ChainingRodShaped	9085	2.50765	0.5	-4.30946	29.4867	0	0.809913	0.58655	0	None	None
ChainingRodShaped	9167	2.21163	0.5	52.5995	37.5125	0	-0.629205	-0.77724	0	None	None
ChainingRodShaped	6120	4.38304	0.5	-49.2524	55.8361	0	0.116838	0.993151	0	8517	6119
ChainingRodShaped	6122	4.77763	0.5	-47.7211	66.1596	0	0.173174	0.984891	0	6119	8420
ChainingRodShaped	6124	4.80382	0.5	29.1484	66.8721	0	-0.163327	-0.986572	0	None	None
ChainingRodShaped	6126	3.89649	0.5	-27.05	-6.87307	0	-0.00256711	0.999997	0	7051	6125
ChainingRodShaped	7679	4.54382	0.5	18.5635	82.3465	0	-0.861602	-0.507585	0	None	None
ChainingRodShaped	7659	3.86654	0.5	-22.0205	69.9016	0	0.14998	-0.988689	0	None	None
ChainingRodShaped	8071	2.90628	0.5	-20.2635	-19.6918	0	0.767339	0.641242	0	None	None
ChainingRodShaped	6134	3.39807	0.5	23.2788	67.2779	0	-0.590843	-0.806787	0	6499	6133
ChainingRodShaped	8563	2.64631	0.5	10.0197	1.79101	0	0.984639	-0.174602	0	None	None
ChainingRodShaped	7811	3.45818	0.5	-12.7454	12.7721	0	0.0183583	0.999831	0	None	None
ChainingRodShaped	8653	2.49463	0.5	-5.64429	9.0392	0	-0.735841	-0.677154	0	None	None
ChainingRodShaped	7743	4.05834	0.5	-40.329	18.1309	0	0.0266533	-0.999645	0	None	None
ChainingRodShaped	8045	3.3432	0.5	13.5885	15.6886	0	-0.836962	0.547262	0	None	None
ChainingRodShaped	7735	2.96778	0.5	60.414	71.8428	0	-0.822817	0.568307	0	None	None
ChainingRodShaped	6148	3.79	0.5	95.92	54.1561	0	0.918678	-0.395006	0	8525	6147
ChainingRodShaped	7983	3.467	0.5	-26.1707	-14.0482	0	-0.0756309	-0.997136	0	None	None
ChainingRodShaped	6152	3.76536	0.5	-49.7301	38.2809	0	0.0739682	0.997261	0	6975	8936
ChainingRodShaped	8703	2.96971	0.5	-53.8357	20.1936	0	-0.182722	-0.983165	0	None	None
ChainingRodShaped	8519	2.69517	0.5	29.0822	16.9121	0	0.413993	-0.91028	0	8520	6155
ChainingRodShaped	6158	3.47273	0.5	-31.1329	-1.34157	0	-0.0978213	-0.995204	0	6205	9502
ChainingRodShaped	8495	3.23606	0.5	-15.9078	92.142	0	0.338346	-0.941022	0	None	None
ChainingRodShaped	6162	4.15446	0.5	-44.2604	52.5367	0	-0.223974	-0.974595	0	None	None
ChainingRodShaped	7769	4.16634	0.5	-0.00305616	35.3752	0	-0.699814	-0.714325	0	None	None
ChainingRodShaped	6166	4.56288	0.5	-35.9457	105.467	0	0.273649	0.96183	0	9313	6165
ChainingRodShaped	7691	3.92849	0.5	-19.1663	33.6587	0	-0.69705	-0.717022	0	None	None
ChainingRodShaped	6170	4.43059	0.5	-5.06064	15.6405	0	0.979486	-0.201512	0	None	None
ChainingRodShaped	7733	3.24183	0.5	15.53	72.7371	0	0.997298	0.0734635	0	None	None
ChainingRodShaped	6174	4.38302	0.5	53.4174	26.3976	0	0.652798	0.757532	0	None	None
ChainingRodShaped	8975	2.50294	0.5	5.26626	31.1214	0	-0.735472	-0.677555	0	None	None
ChainingRodShaped	8129	3.91038	0.5	16.1629	57.7205	0	0.418663	0.908142	0	None	None
ChainingRodShaped	8571	2.80865	0.5	-17.4086	45.1342	0	-0.0483346	0.998831	0	None	None
ChainingRodShaped	6182	4.68094	0.5	44.3766	-16.3836	0	-0.586758	0.809762	0	7093	6181
ChainingRodShaped	6184	4.95307	0.5	41.6449	74.9851	0	0.572153	-0.820147	0	None	None
ChainingRodShaped	6186	3.33065	0.5	-45.696	82.1307	0	-0.32082	-0.94714	0	8947	6185
ChainingRodShaped	7741	3.30836	0.5	15.0674	22.76	0	0.999318	-0.0369147	0	None	None
ChainingRodShaped	7997	2.95692	0.5	-45.3125	13.194	0	0.464799	0.885416	0	None	None
ChainingRodShaped	7887	3.09871	0.5	13.3331	36.313	0	0.000732059	-1	0	None	None
ChainingRodShaped	7873	4.235	0.5	16.8989	20.1034	0	0.998671	-0.0515434	0	None	None
ChainingRodShaped	6196	4.31479	0.5	-42.0642	92.9262	0	-0.315069	-0.949069	0	6625	8948
ChainingRodShaped	8869	2.30315	0.5	-8.32082	1.02045	0	0.94144	0.337181	0	None	None
ChainingRodShaped	8051	2.85049	0.5	-15.3405	57.3822	0	-0.143077	-0.989712	0	None	None
ChainingRodShaped	6202	4.6104	0.5	3.07468	21.9536	0	0.974948	-0.222433	0	None	None
ChainingRodShaped	8217	2.84882	0.5	45.0719	36.471	0	-0.191618	0.98147	0	None	None
ChainingRodShaped	6206	3.71958	0.5	-30.2091	8.12029	0	-0.0943235	-0.995542	0	9099	6205
ChainingRodShaped	8065	4.02501	0.5	-33.4125	48.395	0	0.137418	0.990513	0	None	None
ChainingRodShaped	8607	2.56234	0.5	19.2878	81.54	0	-0.796695	-0.604382	0	None	None
ChainingRodShaped	6212	3.60894	0.5	-2.86498	3.48174	0	-0.974199	-0.225689	0	9013	6211
ChainingRodShaped	8595	2.99944	0.5	12.7397	46.8437	0	-0.358574	-0.933501	0	None	None
ChainingRodShaped	6216	3.88618	0.5	-17.022	13.9607	0	-0.00108795	-0.999999	0	None	None
ChainingRodShaped	8319	2.72221	0.5	29.5229	84.0146	0	-0.994275	-0.106849	0	None	None
ChainingRodShaped	6220	3.97667	0.5	54.5419	-12.1379	0	0.0273184	0.999627	0	5491	8800
ChainingRodShaped	6222	4.61808	0.5	29.072	87.6884	0	-0.99499	-0.0999794	0	None	None
ChainingRodShaped	7773	3.23338	0.5	38.7084	59.841	0	-0.200374	0.979719	0	None	None
ChainingRodShaped	6226	3.7908	0.5	45.8508	-76.0502	0	-0.259786	-0.965666	0	5837	8884
ChainingRodShaped	9243	2.33811	0.5	39.0729	68.6545	0	0.431857	-0.901942	0	None	None
ChainingRodShaped	6230	4.14798	0.5	50.4967	7.01617	0	-0.176707	0.984264	0	None	None
ChainingRodShaped	8101	3.40633	0.5	8.62376	32.2288	0	-0.647673	-0.761919	0	None	None
ChainingRodShaped	8925	2.33962	0.5	-52.858	8.77933	0	-0.681075	-0.732214	0	8926	8986
ChainingRodShaped	6236	4.40976	0.5	-5.20415	55.0022	0	-0.0632088	0.998	0	None	None
ChainingRodShaped	6238	4.64653	0.5	13.4714	44.1067	0	-0.407693	-0.913119	0	None	None
ChainingRodShaped	8723	2.74989	0.5	32.5136	73.3244	0	-0.816686	-0.577082	0	None	None
ChainingRodShaped	6242	4.24472	0.5	10.7914	71.4352	0	0.983225	-0.182394	0	None	None
ChainingRodShaped	7889	3.28333	0.5	-18.9643	7.08101	0	0.0736256	-0.997286	0	None	None
ChainingRodShaped	6246	4.50126	0.5	-3.0436	49.8484	0	0.373863	-0.927484	0	None	None
ChainingRodShaped	7949	3.92661	0.5	50.6239	57.0991	0	0.376823	-0.926285	0	None	None
ChainingRodShaped	6250	4.31634	0.5	-6.20499	25.3141	0	-0.855427	-0.517923	0	None	None
ChainingRodShaped	8053	2.78772	0.5	-12.9717	1.9169	0	-0.919051	-0.394139	0	None	None
ChainingRodShaped	8339	3.46404	0.5	-35.3426	77.8097	0	0.202913	0.979197	0	None	None
ChainingRodShaped	8971	2.28495	0.5	-14.9897	-10.3632	0	0.738039	0.674758	0	None	None
ChainingRodShaped	8941	2.25323	0.5	1.67643	15.9875	0	0.966579	-0.256367	0	None	None
ChainingRodShaped	8227	3.69126	0.5	-18.5048	70.1652	0	-0.331477	-0.943463	0	None	None
ChainingRodShaped	6262	3.51458	0.5	24.3869	28.721	0	0.313131	-0.94971	0	6641	6261
ChainingRodShaped	6264	4.61408	0.5	8.03058	-10.9224	0	0.256522	0.966538	0	None	None
ChainingRodShaped	7921	3.1394	0.5	-13.2754	-19.3743	0	0.665631	0.746281	0	None	None
ChainingRodShaped	8325	3.51584	0.5	33.7999	22.843	0	0.437687	-0.899128	0	None	None
ChainingRodShaped	8477	3.18292	0.5	-36.2764	30.6385	0	0.10714	0.994244	0	None	None
ChainingRodShaped	8461	2.64614	0.5	36.5953	8.38977	0	0.49101	-0.871154	0	None	None
ChainingRodShaped	6274	4.38393	0.5	39.8331	58.7742	0	-0.190574	0.981673	0	None	None
ChainingRodShaped	6276	3.91636	0.5	50.9658	45.0075	0	-0.230665	0.973033	0	None	None
ChainingRodShaped	8411	2.8533	0.5	20.1019	14.4736	0	0.350548	-0.936545	0	None	None
ChainingRodShaped	9425	2.10002	0.5	-5.19818	23.9259	0	-0.853289	-0.521439	0	None	None
ChainingRodShaped	6282	4.85685	0.5	67.2304	35.9287	0	-0.606641	-0.794976	0	7249	6281
ChainingRodShaped	8507	2.70057	0.5	-42.4992	6.87922	0	0.0561217	-0.998424	0	None	None
ChainingRodShaped	8213	2.8133	0.5	33.2594	-5.2856	0	-0.907573	0.419894	0	None	None
ChainingRodShaped	8209	3.08411	0.5	-47.7239	12.7764	0	0.503041	0.864262	0	None	None
ChainingRodShaped	6290	4.71365	0.5	-30.0387	-16.5383	0	0.276757	-0.96094	0	None	None
ChainingRodShaped	6292	4.44165	0.5	-24.3588	69.5555	0	-0.121928	-0.992539	0	5989	9422
ChainingRodShaped	7991	2.89816	0.5	5.87562	75.2754	0	-0.461247	-0.887272	0	None	None
ChainingRodShaped	8823	2.90587	0.5	51.1842	30.1559	0	-0.923471	0.383669	0	None	None
ChainingRodShaped	8859	2.37371	0.5	35.415	2.90572	0	0.499964	-0.866046	0	8860	6297
ChainingRodShaped	6300	3.40117	0.5	18.634	59.0438	0	-0.422244	-0.906482	0	6133	9158
ChainingRodShaped	6302	4.70769	0.5	-38.9373	9.47628	0	-0.0884488	0.996081	0	None	None
ChainingRodShaped	9345	2.25591	0.5	-32.805	-19.5616	0	-0.306987	0.951714	0	None	None
ChainingRodShaped	6306	4.50088	0.5	40.4781	35.5586	0	-0.189434	0.981893	0	7111	9036
ChainingRodShaped	9225	2.13094	0.5	54.1356	-34.3639	0	-0.118376	0.992969	0	9226	6307
ChainingRodShaped	8909	2.4342	0.5	-38.5713	38.1811	0	-0.271826	-0.962346	0	8910	9062
ChainingRodShaped	6312	4.62312	0.5	-11.7447	-15.8294	0	-0.673168	0.739489	0	None	None
ChainingRodShaped	8599	2.688	0.5	-0.815181	5.74974	0	0.996475	0.0838908	0	None	None
ChainingRodShaped	9031	2.52299	0.5	-11.4993	69.3587	0	0.015447	-0.999881	0	None	None
ChainingRodShaped	6318	4.06424	0.5	9.86633	72.469	0	0.984737	-0.174051	0	None	None
ChainingRodShaped	6320	4.52654	0.5	-12.4382	42.3821	0	-0.211486	-0.977381	0	7545	9436
ChainingRodShaped	6322	4.39668	0.5	-29.2867	19.5884	0	-0.0716236	-0.997432	0	5695	9100
ChainingRodShaped	8567	2.6155	0.5	-43.7005	50.6456	0	-0.214214	-0.976787	0	None	None
ChainingRodShaped	6326	3.3475	0.5	-68.964	1.42842	0	-0.996656	-0.0817167	0	6093	9006
ChainingRodShaped	9053	2.59674	0.5	25.9502	-9.70185	0	-0.842856	0.538139	0	None	None
ChainingRodShaped	8863	2.55936	0.5	56.2016	-4.74433	0	-0.102242	-0.99476	0	8864	9138
ChainingRodShaped	8375	2.80766	0.5	51.9511	66.721	0	-0.0350115	-0.999387	0	None	None
ChainingRodShaped	6334	3.7058	0.5	-20.6256	105.07	0	-0.065123	-0.997877	0	7073	9182
ChainingRodShaped	6336	4.29605	0.5	-26.1955	-0.576723	0	0.0136619	-0.999907	0	None	None
ChainingRodShaped	6338	4.84137	0.5	9.69409	-2.92638	0	0.982007	-0.188843	0	None	None
ChainingRodShaped	8133	2.78457	0.5	7.88501	40.0598	0	0.475202	0.879876	0	None	None
ChainingRodShaped	6342	3.57022	0.5	22.3997	32.2825	0	0.265039	-0.964238	0	7533	6341
ChainingRodShaped	9553	2.03726	0.5	24.6755	22.685	0	0.377681	-0.925936	0	None	None
ChainingRodShaped	8559	3.03544	0.5	32.0656	79.7196	0	0.989821	0.142318	0	None	None
ChainingRodShaped	8529	2.9948	0.5	-9.99911	-14.1294	0	-0.312131	0.950039	0	None	None
ChainingRodShaped	6350	4.84284	0.5	-17.7352	21.5911	0	-0.218967	-0.975732	0	7061	6349
ChainingRodShaped	8765	2.7794	0.5	-13.0979	53.4485	0	-0.118052	-0.993007	0	None	None
ChainingRodShaped	8055	4.03537	0.5	23.7486	74.718	0	0.916837	0.399261	0	None	None
ChainingRodShaped	8401	3.47848	0.5	-10.4321	47.6375	0	-0.205854	-0.978583	0	None	None
ChainingRodShaped	6358	4.49271	0.5	28.3451	12.2448	0	0.458193	-0.888853	0	None	None
ChainingRodShaped	6360	3.93519	0.5	11.8723	69.3818	0	0.835013	0.55023	0	None	None
ChainingRodShaped	8341	2.66913	0.5	-37.6524	-12.3913	0	-0.456624	0.88966	0	None	None
ChainingRodShaped	6364	4.88361	0.5	-34.1103	28.0484	0	-0.19624	0.980556	0	None	None
ChainingRodShaped	6366	3.68335	0.5	-51.8586	20.3888	0	0.175761	0.984433	0	5779	6365
ChainingRodShaped	9443	2.10901	0.5	28.7826	2.38807	0	0.752808	-0.65824	0	None	None
ChainingRodShaped	8149	2.7142	0.5	-22.7019	37.9093	0	0.16621	-0.98609	0	None	None
ChainingRodShaped	6372	4.89698	0.5	-27.8588	63.5614	0	0.102944	0.994687	0	None	None
ChainingRodShaped	6374	4.67474	0.5	-33.5024	13.5626	0	-0.361521	0.932364	0	None	None
ChainingRodShaped	8103	3.26848	0.5	5.06455	75.6752	0	-0.45236	-0.891835	0	None	None
ChainingRodShaped	6378	4.66324	0.5	-31.0963	33.3883	0	0.0231311	0.999732	0	None	None
ChainingRodShaped	8305	3.0566	0.5	-11.5356	-9.81552	0	0.7371	0.675783	0	None	None
ChainingRodShaped	8385	3.13462	0.5	-15.243	24.6828	0	-0.265497	-0.964112	0	None	None
ChainingRodShaped	8243	3.20378	0.5	-27.4427	59.1927	0	0.131989	0.991251	0	None	None
ChainingRodShaped	6386	3.23672	0.5	80.5557	58.8028	0	-0.913918	0.405899	0	7575	9438
ChainingRodShaped	8215	2.80978	0.5	40.3591	79.7739	0	0.991319	-0.131478	0	None	None
ChainingRodShaped	6390	4.83209	0.5	-10.6183	72.0258	0	0.0169436	-0.999856	0	None	9456
ChainingRodShaped	9513	2.02309	0.5	28.2905	30.1342	0	0.397356	-0.917664	0	9514	6391
ChainingRodShaped	9315	2.26971	0.5	54.6162	62.3034	0	0.373594	-0.927592	0	None	None
ChainingRodShaped	6396	4.32438	0.5	18.9751	31.4584	0	0.255918	-0.966699	0	None	None
ChainingRodShaped	8357	2.97891	0.5	-19.3985	48.0746	0	0.0674762	-0.997721	0	None	None
ChainingRodShaped	8497	3.0078	0.5	-39.4147	41.9254	0	0.223997	0.97459	0	None	None
ChainingRodShaped	8387	2.69382	0.5	-29.081	9.82376	0	-0.0896616	-0.995972	0	None	None
ChainingRodShaped	8107	3.28648	0.5	-12.7979	92.1913	0	0.334008	-0.94257	0	None	None
ChainingRodShaped	6406	3.45419	0.5	-2.24858	-1.10869	0	-0.945852	-0.324597	0	8557	9106
ChainingRodShaped	8321	2.65212	0.5	-48.8741	38.2422	0	0.0838749	0.996476	0	None	None
ChainingRodShaped	6410	3.99144	0.5	1.98619	71.6299	0	0.373077	-0.9278	0	None	None
ChainingRodShaped	6412	4.76577	0.5	-4.30666	72.6038	0	0.304558	-0.952494	0	7189	6411
ChainingRodShaped	6414	4.68625	0.5	-41.0178	28.7785	0	0.409003	0.912533	0	None	None
ChainingRodShaped	6416	3.94325	0.5	34.4128	-4.33417	0	-0.677665	0.735371	0	4917	6415
ChainingRodShaped	6418	4.73288	0.5	15.2939	88.0302	0	-0.853427	-0.521212	0	None	None
ChainingRodShaped	6420	3.19063	0.5	-27.1966	2.23182	0	-0.0231831	0.999731	0	6125	6419
ChainingRodShaped	6422	3.68377	0.5	-46.1287	19.7664	0	-0.436424	-0.899741	0	7225	6421
ChainingRodShaped	9479	2.06746	0.5	14.0142	1.86085	0	0.959455	-0.281863	0	None	None
ChainingRodShaped	6426	3.87465	0.5	42.5103	84.2314	0	-0.974521	0.224296	0	None	None
ChainingRodShaped	6428	3.86023	0.5	32.1901	21.931	0	0.460313	-0.887757	0	6391	6427
ChainingRodShaped	9327	2.26471	0.5	-7.03149	68.8323	0	0.00215169	-0.999998	0	None	None
ChainingRodShaped	8347	3.51336	0.5	11.8355	49.4565	0	-0.349156	-0.937065	0	None	None
ChainingRodShaped	8203	3.66108	0.5	47.8992	21.3017	0	-0.172052	0.985088	0	None	None
ChainingRodShaped	6436	4.30144	0.5	57.2431	16.5236	0	0.175248	0.984524	0	None	None
ChainingRodShaped	6438	4.48415	0.5	37.8561	44.0195	0	0.19925	-0.979949	0	None	None
ChainingRodShaped	6440	3.90726	0.5	42.3962	48.822	0	-0.241455	0.970412	0	None	None
ChainingRodShaped	8583	2.56434	0.5	24.5467	93.5112	0	-0.940361	0.340178	0	None	None
ChainingRodShaped	6444	4.29769	0.5	48.0217	9.96158	0	-0.175586	0.984464	0	None	None
ChainingRodShaped	9383	2.09361	0.5	-29.897	-25.5614	0	-0.283844	0.958871	0	9384	6445
ChainingRodShaped	8295	3.43915	0.5	41.3078	45.4	0	-0.222277	0.974984	0	None	None
ChainingRodShaped	8151	3.82879	0.5	-31.5182	14.6536	0	0.0852312	0.996361	0	None	None
ChainingRodShaped	6452	4.15919	0.5	-44.9031	33.6955	0	-0.0296869	0.999559	0	None	None
ChainingRodShaped	6454	3.69293	0.5	9.74006	62.141	0	0.520398	-0.853924	0	None	None
ChainingRodShaped	6456	4.90433	0.5	-4.82881	65.7397	0	-0.312289	0.949987	0	None	None
ChainingRodShaped	8473	2.85353	0.5	47.3944	68.7705	0	0.465729	-0.884927	0	None	None
ChainingRodShaped	6460	4.02048	0.5	-28.5254	50.8448	0	0.13561	0.990762	0	None	None
ChainingRodShaped	6462	3.738	0.5	56.46	-37.146	0	-0.13037	0.991465	0	None	9532
ChainingRodShaped	8219	3.57067	0.5	-41.5965	7.77917	0	0.049139	-0.998792	0	None	None
ChainingRodShaped	9057	2.45244	0.5	23.8905	62.0594	0	-0.162407	-0.986724	0	None	None
ChainingRodShaped	8697	2.92713	0.5	-6.3279	94.2652	0	-0.0364574	-0.999335	0	None	None
ChainingRodShaped	8541	3.17104	0.5	56.1869	28.4957	0	0.0909162	0.995859	0	None	None
ChainingRodShaped	9233	2.30975	0.5	-35.2068	12.7519	0	0.44052	-0.897743	0	None	None
ChainingRodShaped	8435	2.69727	0.5	28.269	50.8078	0	0.116369	-0.993206	0	None	None
ChainingRodShaped	9265	2.32565	0.5	-10.6099	4.78397	0	0.932064	0.362293	0	None	None
ChainingRodShaped	6478	4.14642	0.5	-19.8267	61.4003	0	0.100893	-0.994897	0	None	None
ChainingRodShaped	9549	2.04044	0.5	-14.4204	57.6157	0	-0.133183	-0.991092	0	None	None
ChainingRodShaped	6482	3.79432	0.5	25.7797	44.3366	0	0.18942	-0.981896	0	None	None
ChainingRodShaped	9135	2.40816	0.5	-4.664	-3.04585	0	0.903597	0.428383	0	None	None
ChainingRodShaped	6486	4.77841	0.5	3.99868	31.294	0	-0.766847	-0.64183	0	6865	9324
ChainingRodShaped	6488	3.78144	0.5	-15.4547	40.566	0	-0.252431	-0.967615	0	None	None
ChainingRodShaped	8905	2.26896	0.5	-19.8759	-11.5559	0	0.671888	0.740653	0	None	None
ChainingRodShaped	6492	3.90169	0.5	-7.51559	35.7796	0	-0.246089	-0.969247	0	None	None
ChainingRodShaped	9091	2.35458	0.5	-37.2616	-1.85748	0	0.228059	-0.973647	0	None	None
ChainingRodShaped	8993	2.53053	0.5	61.1157	38.7308	0	-0.0490873	0.998794	0	None	None
ChainingRodShaped	6498	3.98322	0.5	16.6736	20.949	0	0.998381	-0.0568763	0	None	None
ChainingRodShaped	6500	3.56305	0.5	29.916	74.587	0	-0.713747	-0.700404	0	None	6499
ChainingRodShaped	8513	2.69972	0.5	42.4522	65.8424	0	-0.520703	0.853738	0	None	None
ChainingRodShaped	9493	2.07202	0.5	19.6144	32.4222	0	0.26548	-0.964116	0	None	None
ChainingRodShaped	9229	2.39763	0.5	20.2829	33.2681	0	0.275127	-0.961408	0	None	None
ChainingRodShaped	6508	3.6807	0.5	-36.9914	8.3201	0	-0.104141	0.994563	0	7591	9228
ChainingRodShaped	6510	3.76474	0.5	32.8838	90.3668	0	0.894625	-0.446817	0	None	None
ChainingRodShaped	8309	2.71172	0.5	12.8056	-2.61112	0	0.963852	-0.266439	0	None	None
ChainingRodShaped	9569	2.01442	0.5	10.9426	-1.22039	0	0.989308	-0.145843	0	None	None
ChainingRodShaped	6516	4.74088	0.5	22.1781	62.7977	0	-0.1722	-0.985062	0	None	6515
ChainingRodShaped	6518	4.52986	0.5	22.8342	37.9109	0	0.203869	-0.978998	0	None	None
ChainingRodShaped	6520	4.835	0.5	-45.067	87.0956	0	-0.318062	-0.94807	0	6769	6519
ChainingRodShaped	6522	4.61213	0.5	-54.8176	34.0046	0	0.0838617	0.996477	0	None	None
ChainingRodShaped	6524	4.38345	0.5	-24.3772	-8.71798	0	-0.159712	-0.987164	0	7307	6523
ChainingRodShaped	8241	2.93517	0.5	57.5072	45.9496	0	-0.553347	-0.832951	0	None	None
ChainingRodShaped	9267	2.26461	0.5	34.0335	38.1929	0	0.0934188	-0.995627	0	None	None
ChainingRodShaped	9561	2.01863	0.5	41.1982	10.7094	0	-0.148368	0.988932	0	None	None
ChainingRodShaped	8333	2.89676	0.5	6.28792	6.004	0	0.899488	-0.436946	0	None	None
ChainingRodShaped	6534	4.49793	0.5	-47.1185	0.139754	0	-0.926643	0.375942	0	6679	6533
ChainingRodShaped	6536	3.79105	0.5	-55.327	9.21281	0	0.242207	0.970225	0	None	6535
ChainingRodShaped	8651	2.9101	0.5	-11.7509	98.0525	0	0.330861	-0.943679	0	None	None
ChainingRodShaped	8745	2.78297	0.5	-36.3653	-12.6612	0	0.394987	-0.918687	0	None	None
ChainingRodShaped	8273	3.69835	0.5	32.2144	5.69815	0	0.711825	-0.702357	0	None	None
ChainingRodShaped	9173	2.22275	0.5	13.6577	46.758	0	-0.356532	-0.934283	0	9174	6543
ChainingRodShaped	8681	2.77914	0.5	17.9017	74.941	0	0.952297	0.305174	0	None	None
ChainingRodShaped	6548	3.72326	0.5	12.5267	48.8548	0	-0.352561	-0.935789	0	None	None
ChainingRodShaped	6550	4.46079	0.5	57.2212	29.3951	0	0.100872	0.994899	0	None	None
ChainingRodShaped	6552	4.00397	0.5	2.5834	49.2483	0	0.169779	-0.985482	0	8259	9296
ChainingRodShaped	8579	2.88769	0.5	26.4098	74.846	0	0.91255	0.408966	0	None	None
ChainingRodShaped	6556	3.85095	0.5	-32.1878	61.9813	0	0.158568	0.987348	0	None	None
ChainingRodShaped	6558	3.69791	0.5	-1.2605	57.3925	0	0.270087	-0.962836	0	None	None
ChainingRodShaped	8457	2.98067	0.5	12.3372	82.5577	0	-0.740241	-0.672342	0	None	None
ChainingRodShaped	6562	4.77094	0.5	-41.3011	71.7487	0	-0.13231	-0.991208	0	None	None
ChainingRodShaped	9329	2.10937	0.5	-21.2441	8.36682	0	-0.184699	-0.982795	0	9330	6563
ChainingRodShaped	6566	4.25165	0.5	26.1678	55.4227	0	0.0745632	-0.997216	0	None	None
ChainingRodShaped	9405	2.17108	0.5	3.33741	10.4287	0	0.896899	-0.442235	0	None	None
ChainingRodShaped	6570	3.65487	0.5	17.0054	25.7244	0	-0.74619	-0.665733	0	None	None
ChainingRodShaped	8953	2.6418	0.5	-52.8507	34.7024	0	-0.0802845	-0.996772	0	None	None
ChainingRodShaped	9245	2.18405	0.5	-32.6102	40.0622	0	0.0478291	0.998856	0	None	None
ChainingRodShaped	6576	3.7064	0.5	-5.38386	87.3172	0	-0.147759	-0.989023	0	None	None
ChainingRodShaped	8543	2.87214	0.5	46.7047	42.5409	0	-0.209894	0.977724	0	None	None
ChainingRodShaped	9089	2.19218	0.5	27.1203	65.0277	0	-0.170203	-0.985409	0	None	None
ChainingRodShaped	6582	4.27561	0.5	33.5841	-6.89983	0	-0.803027	0.595943	0	None	None
ChainingRodShaped	6584	4.1648	0.5	-6.81863	91.6744	0	0.530238	-0.847849	0	None	None
ChainingRodShaped	8853	2.56905	0.5	5.21963	-13.6425	0	0.917553	0.397613	0	None	None
ChainingRodShaped	6588	4.62953	0.5	22.5462	79.2825	0	-0.945963	-0.324275	0	None	None
ChainingRodShaped	6590	4.4172	0.5	-29.3749	86.2402	0	0.257957	0.966156	0	7479	6589
ChainingRodShaped	6592	4.50801	0.5	-25.7557	58.1602	0	-0.130287	-0.991476	0	9421	6591
ChainingRodShaped	6594	4.01906	0.5	24.9306	94.3997	0	0.942085	-0.335374	0	None	None
ChainingRodShaped	8695	2.5091	0.5	-54.0025	4.31488	0	0.863359	-0.50459	0	None	None
ChainingRodShaped	6598	4.78825	0.5	-32.4394	49.0492	0	0.147348	0.989085	0	None	None
ChainingRodShaped	8533	2.5084	0.5	-42.24	58.033	0	-0.159516	-0.987195	0	None	None
ChainingRodShaped	8417	3.09967	0.5	-12.1283	39.6676	0	-0.203472	-0.979081	0	None	None
ChainingRodShaped	8415	2.7128	0.5	-38.3785	58.5758	0	0.162569	0.986697	0	None	None
ChainingRodShaped	9413	2.07839	0.5	31.6974	52.754	0	0.0396756	-0.999213	0	None	None
ChainingRodShaped	6608	3.7427	0.5	44.2317	15.1782	0	-0.171483	0.985187	0	5955	9566
ChainingRodShaped	6610	4.87888	0.5	-32.732	-10.9942	0	-0.298236	0.954492	0	9583	6609
ChainingRodShaped	6612	3.68352	0.5	0.824589	85.806	0	0.343696	-0.939081	0	None	None
ChainingRodShaped	6614	4.91028	0.5	20.9794	-4.66154	0	0.904293	-0.426912	0	None	None
ChainingRodShaped	9065	2.27825	0.5	39.8647	6.39065	0	0.486025	-0.873945	0	None	None
ChainingRodShaped	9015	2.4977	0.5	55.577	49.645	0	0.225511	-0.974241	0	None	None
ChainingRodShaped	6620	3.66033	0.5	38.9974	33.7099	0	0.206758	-0.978392	0	None	None
ChainingRodShaped	6622	4.05537	0.5	42.1499	4.11584	0	0.464309	-0.885673	0	7037	6621
ChainingRodShaped	6624	3.98098	0.5	13.9918	-11.3423	0	0.875697	0.482861	0	None	None
ChainingRodShaped	6626	3.96798	0.5	-38.6308	103.4	0	-0.308567	-0.951203	0	None	6625
ChainingRodShaped	9431	2.0588	0.5	-22.9213	33.4824	0	-0.701771	-0.712403	0	None	None
ChainingRodShaped	8875	2.37585	0.5	-42.3691	41.5334	0	0.279588	0.96012	0	None	None
ChainingRodShaped	6632	3.9058	0.5	18.558	52.1319	0	-0.345079	-0.938574	0	None	None
ChainingRodShaped	9337	2.22391	0.5	-8.49099	46.9518	0	0.10888	0.994055	0	None	None
ChainingRodShaped	8371	2.65492	0.5	23.2052	63.5	0	-0.172243	-0.985055	0	None	None
ChainingRodShaped	9021	2.26491	0.5	37.3143	42.1544	0	0.184822	-0.982772	0	None	None
ChainingRodShaped	8707	2.41927	0.5	56.36	24.306	0	0.975303	0.220873	0	None	None
ChainingRodShaped	6642	4.02273	0.5	21.9971	37.8329	0	0.196574	-0.980489	0	4994	6641
ChainingRodShaped	9339	2.23994	0.5	33.3494	15.2964	0	0.857896	-0.513824	0	None	None
ChainingRodShaped	6646	3.82219	0.5	38.1957	54.1345	0	-0.248027	0.968753	0	None	None
ChainingRodShaped	6648	4.98771	0.5	6.13152	65.6548	0	0.393786	-0.919202	0	None	None
ChainingRodShaped	8721	2.36199	0.5	3.07872	51.8044	0	0.179552	-0.983749	0	None	None
ChainingRodShaped	9101	2.42549	0.5	18.8277	42.7578	0	0.256287	0.966601	0	None	None
ChainingRodShaped	6654	4.26673	0.5	-2.11301	63.1433	0	0.306843	-0.95176	0	None	None
ChainingRodShaped	6656	4.30968	0.5	23.3068	90.738	0	-0.619288	-0.785164	0	None	None
ChainingRodShaped	8771	2.80242	0.5	-33.0104	8.09556	0	-0.0849767	-0.996383	0	None	None
ChainingRodShaped	6660	3.6619	0.5	-15.5703	48.7724	0	-0.185739	-0.982599	0	None	None
ChainingRodShaped	9183	2.38541	0.5	-40.5615	62.8968	0	-0.146305	-0.98924	0	None	None
ChainingRodShaped	8981	2.3752	0.5	-40.5799	70.016	0	-0.136785	-0.990601	0	None	None
ChainingRodShaped	9535	2.02396	0.5	6.51648	60.3854	0	0.422417	-0.906402	0	None	None
ChainingRodShaped	6668	4.649	0.5	-32.5892	34.5399	0	0.23619	0.971707	0	None	None
ChainingRodShaped	9297	2.17391	0.5	26.7029	9.88906	0	0.88355	-0.468337	0	None	None
ChainingRodShaped	6672	3.38036	0.5	45.5635	13.0782	0	0.174797	-0.984605	0	8237	9484
ChainingRodShaped	8487	2.9986	0.5	0.0580272	-3.30476	0	0.948454	0.316916	0	None	None
ChainingRodShaped	6676	3.38642	0.5	-63.1393	27.1517	0	-0.188138	-0.982143	0	7057	9410
ChainingRodShaped	6678	4.56644	0.5	-26.3636	76.2281	0	0.10749	0.994206	0	None	None
ChainingRodShaped	6680	4.42984	0.5	-38.7093	-5.81947	0	-0.668447	0.74376	0	8169	6679
ChainingRodShaped	6682	3.91685	0.5	-2.09048	8.1745	0	0.817999	0.575219	0	None	None
ChainingRodShaped	6684	3.92458	0.5	-17.397	87.8927	0	-0.34648	0.938057	0	None	None
ChainingRodShaped	6686	4.93197	0.5	2.47482	16.685	0	-0.969082	0.246739	0	5027	9546
ChainingRodShaped	6688	4.3473	0.5	-27.4795	86.7685	0	-0.08139	0.996682	0	None	None
ChainingRodShaped	6690	4.51351	0.5	5.97957	86.7191	0	-0.313671	-0.949532	0	None	None
ChainingRodShaped	6692	4.41293	0.5	52.4214	80.6523	0	-0.834768	0.550602	0	None	None
ChainingRodShaped	6694	4.18303	0.5	-4.79871	68.6526	0	0.294665	-0.955601	0	None	None
ChainingRodShaped	6696	4.67096	0.5	16.0015	42.0688	0	-0.25046	-0.968127	0	None	None
ChainingRodShaped	6698	4.49303	0.5	33.6704	11.761	0	0.483555	-0.875314	0	None	None
ChainingRodShaped	6700	4.6205	0.5	38.2459	50.1707	0	0.238323	-0.971186	0	8769	6699
ChainingRodShaped	6702	3.62632	0.5	0.740104	53.6667	0	0.311134	-0.950366	0	None	None
ChainingRodShaped	6704	4.74678	0.5	-32.416	-15.0628	0	-0.311059	0.950391	0	None	6703
ChainingRodShaped	8741	2.97009	0.5	31.7403	49.2931	0	0.113992	-0.993482	0	None	None
ChainingRodShaped	9291	2.14355	0.5	-2.46485	84.2961	0	0.395528	-0.918454	0	None	None
ChainingRodShaped	6710	4.62577	0.5	-38.8513	105.924	0	-0.310111	-0.9507	0	8085	6709
ChainingRodShaped	6712	4.20047	0.5	27.8602	78.2329	0	0.953376	0.301785	0	None	None
ChainingRodShaped	6714	4.10959	0.5	-26.7891	30.4016	0	-0.0540357	-0.998539	0	None	None
ChainingRodShaped	6716	4.49818	0.5	-16.0926	34.6459	0	-0.234899	-0.97202	0	None	None
ChainingRodShaped	6718	3.63813	0.5	-9.18441	12.3693	0	0.0183915	0.999831	0	None	None
ChainingRodShaped	9017	2.5356	0.5	46.447	34.3133	0	-0.175004	0.984568	0	None	None
ChainingRodShaped	9143	2.22495	0.5	-33.6974	71.6592	0	0.230957	0.972964	0	None	None
ChainingRodShaped	6724	3.57958	0.5	19.8295	40.5431	0	-0.145573	0.989347	0	None	None
ChainingRodShaped	6726	4.29138	0.5	32.4773	29.7596	0	0.437279	-0.899326	0	None	None
ChainingRodShaped	6728	3.0848	0.5	-24.8231	-22.6005	0	-0.411584	-0.911372	0	8783	6727
ChainingRodShaped	6730	4.62283	0.5	14.4554	0.773121	0	0.958135	-0.286318	0	None	None
ChainingRodShaped	8657	3.03493	0.5	-23.4806	49.117	0	0.340751	-0.940154	0	None	None
ChainingRodShaped	6734	3.6624	0.5	54.3851	55.7926	0	0.134474	-0.990917	0	None	None
ChainingRodShaped	6736	4.309	0.5	57.7856	59.127	0	-0.289167	0.957279	0	None	None
ChainingRodShaped	9415	2.10245	0.5	27.2718	30.3554	0	-0.406672	0.913574	0	None	None
ChainingRodShaped	8861	2.85964	0.5	-13.8072	-3.47075	0	0.902714	0.430241	0	None	None
ChainingRodShaped	8627	2.86549	0.5	-46.2307	48.1982	0	0.05833	0.998297	0	None	None
ChainingRodShaped	6744	4.15449	0.5	55.1379	-34.5448	0	0.125882	-0.992045	0	8877	6743
ChainingRodShaped	8757	2.79438	0.5	-35.466	23.1431	0	-0.16965	-0.985504	0	None	None
ChainingRodShaped	8671	3.13818	0.5	35.0362	55.527	0	0.235208	-0.971945	0	None	None
ChainingRodShaped	6750	3.62462	0.5	52.8848	-25.7881	0	-0.174412	0.984673	0	6307	6749
ChainingRodShaped	6752	3.82413	0.5	-11.9276	31.9211	0	-0.196195	-0.980565	0	4970	6751
ChainingRodShaped	6754	4.87534	0.5	-33.1461	115.564	0	0.261936	0.965085	0	6165	6753
ChainingRodShaped	8729	3.01631	0.5	12.9614	91.1364	0	-0.238203	-0.971215	0	None	None
ChainingRodShaped	6758	3.28025	0.5	-37.6112	19.0272	0	-0.00907795	0.999959	0	9227	6757
ChainingRodShaped	6760	4.39172	0.5	38.9678	54.6804	0	-0.253546	0.967323	0	None	None
ChainingRodShaped	6762	4.8703	0.5	-34.3544	43.1038	0	0.12481	0.992181	0	None	None
ChainingRodShaped	8949	2.54237	0.5	-33.1	79.0408	0	0.209825	0.977739	0	None	None
ChainingRodShaped	8959	2.6339	0.5	24.3872	70.1434	0	-0.677239	-0.735763	0	None	None
ChainingRodShaped	8989	2.61602	0.5	40.7982	43.3556	0	-0.214436	0.976738	0	None	None
ChainingRodShaped	6770	4.07134	0.5	-41.7898	96.9476	0	-0.312767	-0.94983	0	6709	6769
ChainingRodShaped	6772	3.89094	0.5	27.1261	54.548	0	0.0685578	-0.997647	0	None	None
ChainingRodShaped	9055	2.43952	0.5	-8.11616	-6.07082	0	0.841669	0.539994	0	None	None
ChainingRodShaped	6776	4.30756	0.5	-48.4673	17.2471	0	0.447355	0.894356	0	None	6775
ChainingRodShaped	6778	4.39586	0.5	11.8366	66.1786	0	0.813272	0.581884	0	None	None
ChainingRodShaped	6780	3.48339	0.5	-6.00094	-0.679055	0	0.87867	0.47743	0	None	None
ChainingRodShaped	6782	4.10238	0.5	4.96018	44.7972	0	0.129625	-0.991563	0	None	None
ChainingRodShaped	6784	4.81176	0.5	-1.84135	76.3987	0	0.27178	-0.962359	0	None	None
ChainingRodShaped	8589	2.63243	0.5	16.8469	35.0296	0	0.000811553	-1	0	None	None
ChainingRodShaped	6788	3.21769	0.5	-88.3817	1.23105	0	-0.999674	0.0255245	0	7527	6787
ChainingRodShaped	6790	4.50126	0.5	10.0422	89.1132	0	-0.788909	-0.61451	0	None	None
ChainingRodShaped	6792	4.57128	0.5	1.35708	87.0147	0	0.341195	-0.939992	0	None	None
ChainingRodShaped	6794	4.09603	0.5	22.0084	-9.216	0	-0.957717	-0.287713	0	None	None
ChainingRodShaped	9207	2.32393	0.5	38.7852	12.2767	0	-0.400358	0.916359	0	None	None
ChainingRodShaped	6798	3.57453	0.5	47.1014	9.84899	0	0.172565	-0.984998	0	None	None
ChainingRodShaped	9543	2.04308	0.5	22.0451	17.124	0	0.368346	-0.929689	0	None	None
ChainingRodShaped	9319	2.2208	0.5	-46.0046	38.6376	0	-0.264715	-0.964327	0	None	None
ChainingRodShaped	8597	2.81379	0.5	29.0511	52.5962	0	0.0486079	-0.998818	0	None	None
ChainingRodShaped	6806	4.20807	0.5	-30.42	47.403	0	-0.104052	0.994572	0	None	None
ChainingRodShaped	6808	4.45374	0.5	-25.287	-0.986085	0	0.0154315	-0.999881	0	None	None
ChainingRodShaped	8787	2.76078	0.5	-12.3646	68.0145	0	0.0254359	-0.999676	0	None	None
ChainingRodShaped	6812	3.8404	0.5	29.8134	62.4238	0	-0.370154	-0.928971	0	None	None
ChainingRodShaped	8825	2.45037	0.5	-24.2241	2.62363	0	-0.186713	-0.982414	0	None	None
ChainingRodShaped	6816	4.9292	0.5	31.6504	80.579	0	-0.989403	-0.145195	0	7893	6815
ChainingRodShaped	6818	4.80098	0.5	59.3276	17.2102	0	-0.185755	-0.982596	0	7279	6817
ChainingRodShaped	9039	2.39321	0.5	-3.36079	95.3968	0	0.0580373	-0.998314	0	None	None
ChainingRodShaped	6822	4.76956	0.5	49.4258	54.0049	0	-0.219209	0.975678	0	None	None
ChainingRodShaped	9123	2.40132	0.5	43.5219	29.4034	0	-0.192719	0.981254	0	None	None
ChainingRodShaped	6826	4.93827	0.5	-20.7356	92.3148	0	-0.115122	-0.993351	0	None	None
ChainingRodShaped	6828	4.67821	0.5	55.5303	11.3615	0	-0.398168	-0.917312	0	None	None
ChainingRodShaped	6830	4.94658	0.5	-17.0349	21.1528	0	-0.214117	-0.976808	0	None	None
ChainingRodShaped	9193	2.18736	0.5	15.0026	25.1602	0	-0.752729	-0.65833	0	None	None
ChainingRodShaped	8829	2.64203	0.5	17.7644	35.5246	0	0.0107973	-0.999942	0	None	None
ChainingRodShaped	6836	3.60351	0.5	54.0752	49.112	0	-0.135708	-0.990749	0	None	None
ChainingRodShaped	6838	4.91292	0.5	-39.8412	44.3599	0	0.170268	0.985398	0	None	None
ChainingRodShaped	9043	2.32672	0.5	-21.5406	11.6606	0	-0.187193	-0.982323	0	None	None
ChainingRodShaped	8743	2.94396	0.5	53.6881	7.45433	0	-0.0186612	0.999826	0	None	None
ChainingRodShaped	6844	4.97108	0.5	42.3716	44.8394	0	-0.221704	0.975114	0	None	None
ChainingRodShaped	6846	3.4803	0.5	33.5513	29.5971	0	0.446239	-0.894914	0	None	None
ChainingRodShaped	6848	4.54491	0.5	8.87339	-3.70225	0	0.981526	-0.191329	0	None	None
ChainingRodShaped	8663	2.55286	0.5	-26.9052	71.7464	0	0.132666	0.991161	0	None	None
ChainingRodShaped	9393	2.16703	0.5	23.4204	18.5404	0	0.377051	-0.926193	0	None	None
ChainingRodShaped	6854	4.65165	0.5	42.1867	10.4588	0	0.150289	-0.988642	0	None	None
ChainingRodShaped	9347	2.12044	0.5	-49.6529	16.9563	0	0.43839	0.898785	0	None	None
ChainingRodShaped	6858	4.08041	0.5	-5.61252	3.72569	0	-0.946686	-0.322158	0	None	None
ChainingRodShaped	8991	2.38863	0.5	-24.6388	20.0553	0	0.162601	-0.986692	0	None	None
ChainingRodShaped	6862	4.55001	0.5	1.78772	6.20173	0	-0.898569	0.438832	0	None	None
ChainingRodShaped	6864	3.95341	0.5	-3.40579	56.7832	0	0.561683	-0.827352	0	None	None
ChainingRodShaped	6866	4.70153	0.5	9.98787	38.6705	0	-0.479102	-0.87776	0	6543	6865
ChainingRodShaped	6868	4.26746	0.5	-51.8196	35.7002	0	-0.0786218	-0.996905	0	None	None
ChainingRodShaped	6870	3.26027	0.5	-36.3768	38.0165	0	0.128518	0.991707	0	7089	6869
ChainingRodShaped	6872	4.34224	0.5	34.3779	-14.4461	0	-0.794057	0.607843	0	None	None
ChainingRodShaped	8693	2.38452	0.5	22.8523	81.5664	0	-0.87827	-0.478166	0	None	None
ChainingRodShaped	9107	2.24446	0.5	3.11743	20.1596	0	0.972063	-0.234719	0	None	None
ChainingRodShaped	9285	2.12018	0.5	33.9124	15.9637	0	0.862988	-0.505224	0	None	None
ChainingRodShaped	6880	3.66395	0.5	30.4921	61.8409	0	-0.360873	-0.932615	0	None	None
ChainingRodShaped	9075	2.37592	0.5	-37.6948	56.8813	0	0.161742	0.986833	0	None	None
ChainingRodShaped	6884	3.46171	0.5	8.08053	71.3208	0	0.717878	-0.696169	0	None	None
ChainingRodShaped	6886	3.60988	0.5	-49.8784	64.7008	0	-0.188055	-0.982159	0	None	None
ChainingRodShaped	6888	4.45068	0.5	33.2402	61.7822	0	0.351995	0.936002	0	None	None
ChainingRodShaped	6890	3.13746	0.5	-17.7544	113.123	0	0.312369	-0.949961	0	8059	6889
ChainingRodShaped	9153	2.28765	0.5	-22.3648	31.6146	0	-0.817917	-0.575336	0	None	None
ChainingRodShaped	6894	3.79077	0.5	-33.729	58.3627	0	0.163341	0.98657	0	7035	6893
ChainingRodShaped	6896	4.96729	0.5	39.8117	72.8574	0	-0.556318	0.830969	0	None	None
ChainingRodShaped	8835	2.72965	0.5	-26.1801	40.5929	0	-0.133309	-0.991075	0	None	None
ChainingRodShaped	6900	3.8198	0.5	-24.6506	-16.202	0	-0.181054	-0.983473	0	7767	6899
ChainingRodShaped	6902	4.22086	0.5	-13.6327	12.4575	0	0.0260188	0.999661	0	None	None
ChainingRodShaped	6904	3.79635	0.5	-3.18793	38.9804	0	0.0344127	-0.999408	0	None	None
ChainingRodShaped	6906	4.3435	0.5	2.68237	-8.1156	0	0.99015	0.140009	0	None	None
ChainingRodShaped	6908	3.39737	0.5	33.4226	75.0919	0	-0.838282	-0.545238	0	None	None
ChainingRodShaped	6910	4.189	0.5	18.3874	6.03935	0	0.809389	-0.587273	0	None	None
ChainingRodShaped	9249	2.1595	0.5	39.3676	36.518	0	0.191512	-0.98149	0	None	None
ChainingRodShaped	6914	3.34349	0.5	-40.6687	56.0376	0	-0.172311	-0.985043	0	5665	6913
ChainingRodShaped	9495	2.07676	0.5	48.4738	15.0207	0	0.195705	0.980663	0	None	None
ChainingRodShaped	6918	3.55123	0.5	49.6995	42.0089	0	0.206238	-0.978502	0	None	None
ChainingRodShaped	6920	3.07377	0.5	59.3553	46.8598	0	-0.139693	0.990195	0	7789	6919
ChainingRodShaped	9001	2.3859	0.5	44.8858	63.8242	0	-0.556315	0.830972	0	None	None
ChainingRodShaped	6924	3.74348	0.5	35.1842	7.09026	0	0.477066	-0.878868	0	None	None
ChainingRodShaped	9019	2.50106	0.5	-8.61113	14.9177	0	0.643799	-0.765195	0	None	None
ChainingRodShaped	6928	3.38529	0.5	33.0683	81.7145	0	-0.989424	-0.145055	0	None	None
ChainingRodShaped	6930	3.88014	0.5	-11.6583	50.9608	0	-0.156886	-0.987617	0	7119	6929
ChainingRodShaped	8797	2.776	0.5	14.9963	29.0629	0	-0.568617	-0.822602	0	None	None
ChainingRodShaped	9379	2.17113	0.5	-22.5401	42.7597	0	0.136639	-0.990621	0	None	None
ChainingRodShaped	9237	2.1889	0.5	30.1583	30.3488	0	0.409026	-0.912523	0	None	None
ChainingRodShaped	6938	3.66666	0.5	29.5601	13.8658	0	0.445687	-0.895189	0	6947	6937
ChainingRodShaped	6940	3.4195	0.5	-30.1215	59.0465	0	0.146057	0.989276	0	None	None
ChainingRodShaped	6942	3.38269	0.5	49.8881	45.4975	0	0.233304	-0.972404	0	None	None
ChainingRodShaped	6944	4.95754	0.5	-7.91044	67.4967	0	-0.0078769	-0.999969	0	None	None
ChainingRodShaped	9555	2.0259	0.5	-49.2166	63.1805	0	-0.178208	-0.983993	0	None	None
ChainingRodShaped	6948	3.06618	0.5	25.6176	22.7251	0	0.368414	-0.929662	0	6341	6947
ChainingRodShaped	6950	4.34012	0.5	53.595	11.5638	0	-0.717861	-0.696187	0	None	None
ChainingRodShaped	6952	3.64577	0.5	1.94044	93.2266	0	0.974292	0.225288	0	None	None
ChainingRodShaped	6954	4.54912	0.5	-7.8759	9.41261	0	0.729055	0.684455	0	None	None
ChainingRodShaped	6956	3.39765	0.5	-35.8449	80.2309	0	0.203028	0.979173	0	None	None
ChainingRodShaped	6958	4.77942	0.5	1.78065	31.7602	0	-0.799542	-0.60061	0	None	None
ChainingRodShaped	6960	4.59205	0.5	50.5136	34.329	0	-0.288719	0.957414	0	None	None
ChainingRodShaped	6962	4.36166	0.5	33.7011	57.2469	0	0.207277	-0.978282	0	None	None
ChainingRodShaped	6964	4.50375	0.5	-5.61533	24.6799	0	-0.850209	-0.526445	0	9323	6963
ChainingRodShaped	6966	4.74054	0.5	6.26969	48.024	0	0.119262	-0.992863	0	None	None
ChainingRodShaped	8969	2.31592	0.5	34.8717	38.6054	0	0.0833802	-0.996518	0	None	None
ChainingRodShaped	6970	3.50775	0.5	53.7584	33.0585	0	0.164554	0.986368	0	None	None
ChainingRodShaped	6972	3.31451	0.5	46.76	22.3462	0	-0.181032	0.983477	0	None	None
ChainingRodShaped	6974	4.38336	0.5	-45.6626	60.9409	0	-0.14509	-0.989419	0	None	None
ChainingRodShaped	6976	3.08862	0.5	-50.571	28.9395	0	0.116542	0.993186	0	6365	6975
ChainingRodShaped	9521	2.03086	0.5	26.2939	-5.18977	0	0.803751	-0.594966	0	None	None
ChainingRodShaped	9253	2.23697	0.5	-58.902	36.1927	0	-0.16479	0.986329	0	None	None
ChainingRodShaped	9321	2.11139	0.5	-10.3318	3.93837	0	0.934578	0.355759	0	None	None
ChainingRodShaped	6984	3.9693	0.5	-0.10745	-2.41319	0	0.951586	0.307381	0	None	None
ChainingRodShaped	6986	4.40967	0.5	6.6193	9.87114	0	0.910135	-0.414311	0	None	None
ChainingRodShaped	6988	4.38674	0.5	-41.3722	90.9837	0	0.288656	0.957433	0	5219	6987
ChainingRodShaped	6990	3.72957	0.5	8.13544	-5.75098	0	0.879773	0.475394	0	None	None
ChainingRodShaped	6992	4.06087	0.5	17.0981	65.265	0	0.526896	-0.84993	0	None	None
ChainingRodShaped	6994	3.4783	0.5	-19.6928	11.7481	0	-0.178168	-0.984	0	6349	6993
ChainingRodShaped	6996	4.59805	0.5	-29.6292	72.3557	0	0.160269	0.987073	0	None	None
ChainingRodShaped	6998	3.64457	0.5	47.2129	71.212	0	0.449825	-0.893117	0	None	None
ChainingRodShaped	7000	4.87549	0.5	-15.8551	75.2661	0	0.945613	-0.325293	0	None	None
ChainingRodShaped	9335	2.24165	0.5	-25.2991	86.6938	0	0.0118227	0.99993	0	None	None
ChainingRodShaped	9527	2.0556	0.5	38.2054	33.1456	0	0.216458	-0.976292	0	None	None
ChainingRodShaped	7006	3.25374	0.5	-66.7137	9.45014	0	-0.215937	-0.976407	0	7923	7005
ChainingRodShaped	7008	4.321	0.5	-21.9624	100.648	0	-0.0781305	-0.996943	0	7377	7007
ChainingRodShaped	9223	2.24961	0.5	7.28015	28.8119	0	0.859204	0.511632	0	None	None
ChainingRodShaped	7012	3.60276	0.5	-38.7909	4.05343	0	-0.169656	-0.985503	0	None	None
ChainingRodShaped	9361	2.20331	0.5	-41.5123	34.8801	0	0.35842	0.93356	0	None	None
ChainingRodShaped	7016	4.0176	0.5	10.2796	31.4811	0	-0.64763	-0.761955	0	None	None
ChainingRodShaped	7018	3.39249	0.5	-18.1461	61.2499	0	0.120839	-0.992672	0	None	None
ChainingRodShaped	7020	3.29019	0.5	9.80915	10.4147	0	0.90656	-0.422078	0	None	None
ChainingRodShaped	7022	4.88072	0.5	53.4054	12.7106	0	-0.717052	-0.69702	0	None	None
ChainingRodShaped	9147	2.36008	0.5	3.61395	53.7629	0	0.264684	-0.964335	0	None	None
ChainingRodShaped	7026	4.06769	0.5	-9.81367	59.79	0	-0.0507944	-0.998709	0	7957	7025
ChainingRodShaped	7028	4.63999	0.5	-4.26344	94.4224	0	-0.0643903	0.997925	0	None	None
ChainingRodShaped	7030	4.09382	0.5	-38.3351	13.7235	0	-0.0563581	0.998411	0	6027	7029
ChainingRodShaped	7032	3.35632	0.5	-35.435	17.8811	0	0.716103	-0.697995	0	None	None
ChainingRodShaped	7034	4.27988	0.5	32.2733	-8.2354	0	0.792705	-0.609606	0	None	None
ChainingRodShaped	7036	4.66436	0.5	-35.1744	48.0177	0	0.11755	0.993067	0	6869	7035
ChainingRodShaped	7038	4.54956	0.5	36.9137	13.4314	0	0.502556	-0.864545	0	6427	7037
ChainingRodShaped	7040	4.32132	0.5	-8.01488	43.7589	0	0.126792	0.991929	0	None	None
ChainingRodShaped	7042	4.83136	0.5	-23.2337	64.2626	0	-0.108175	-0.994132	0	None	None
ChainingRodShaped	9373	2.18916	0.5	-3.14231	45.0184	0	0.194438	-0.980915	0	None	None
ChainingRodShaped	8997	2.22537	0.5	45.3218	19.8496	0	0.1843	-0.98287	0	None	None
ChainingRodShaped	7048	4.86087	0.5	-29.8822	39.6139	0	0.069129	0.997608	0	None	None
ChainingRodShaped	7050	4.68987	0.5	5.91942	55.756	0	0.409168	-0.912459	0	None	None
ChainingRodShaped	7052	3.49498	0.5	-27.1859	-16.7646	0	0.0233199	0.999728	0	None	7051
ChainingRodShaped	7054	3.715	0.5	44.7505	74.8581	0	0.822531	-0.56872	0	None	None
ChainingRodShaped	7056	4.78129	0.5	-24.0714	64.4247	0	-0.109943	-0.993938	0	None	None
ChainingRodShaped	7058	4.48796	0.5	-61.039	37.3749	0	-0.219364	-0.975643	0	8379	7057
ChainingRodShaped	7060	4.16897	0.5	-4.93598	60.0924	0	-0.264671	-0.964339	0	None	None
ChainingRodShaped	7062	3.58398	0.5	-15.1373	31.5949	0	-0.271548	-0.962425	0	9435	7061
ChainingRodShaped	7064	4.02736	0.5	22.1444	-10.1859	0	-0.957546	-0.288281	0	None	None
ChainingRodShaped	7066	3.74296	0.5	13.4842	57.941	0	0.391223	0.920296	0	None	None
ChainingRodShaped	7068	4.09129	0.5	55.6349	-0.20017	0	0.140688	0.990054	0	8799	7067
ChainingRodShaped	7070	3.80496	0.5	-7.09545	75.6366	0	0.296288	-0.955099	0	None	None
ChainingRodShaped	7072	3.91852	0.5	55.8037	17.9708	0	-0.186201	0.982512	0	None	None
ChainingRodShaped	7074	3.41102	0.5	-20.0638	115.109	0	-0.0487744	-0.99881	0	None	7073
ChainingRodShaped	9439	2.12108	0.5	-9.55952	-0.512346	0	0.911791	0.410654	0	None	None
ChainingRodShaped	7078	4.90212	0.5	17.131	75.5767	0	0.949196	0.314686	0	None	None
ChainingRodShaped	7080	3.30716	0.5	35.7925	39.3911	0	0.0326428	-0.999467	0	None	None
ChainingRodShaped	7082	4.95182	0.5	-13.3256	69.8526	0	-0.0254483	0.999676	0	None	None
ChainingRodShaped	7084	3.94584	0.5	-13.8729	80.4804	0	-0.584016	0.811742	0	None	None
ChainingRodShaped	7086	4.54237	0.5	24.1925	32.6277	0	0.270103	-0.962831	0	None	None
ChainingRodShaped	7088	4.11292	0.5	32.7988	2.61476	0	0.718632	-0.69539	0	None	None
ChainingRodShaped	7090	4.04962	0.5	-37.2532	29.5124	0	0.0756462	0.997135	0	6757	7089
ChainingRodShaped	7092	4.85514	0.5	12.6521	11.9832	0	0.886951	-0.461864	0	None	None
ChainingRodShaped	7094	3.94863	0.5	50.0262	-24.7652	0	-0.538152	0.842848	0	None	7093
ChainingRodShaped	7096	4.29562	0.5	-4.23	78.2255	0	0.299336	-0.954148	0	None	None
ChainingRodShaped	7098	3.72621	0.5	14.7228	44.8675	0	0.440042	0.897977	0	None	None
ChainingRodShaped	7100	3.47015	0.5	1.21189	71.5235	0	0.363785	-0.931483	0	None	None
ChainingRodShaped	7102	3.1357	0.5	98.6173	50.1407	0	-0.995748	-0.0921161	0	None	7101
ChainingRodShaped	7104	3.87141	0.5	-59.7738	12.9039	0	-0.501711	0.865035	0	None	None
ChainingRodShaped	9357	2.08537	0.5	7.91257	27.1481	0	-0.864732	-0.502234	0	None	None
ChainingRodShaped	7108	4.79247	0.5	32.8157	18.8531	0	-0.52551	0.850787	0	None	None
ChainingRodShaped	7110	4.23925	0.5	104.567	50.5681	0	0.926529	-0.376224	0	6147	7109
ChainingRodShaped	7112	4.34742	0.5	42.2898	25.919	0	-0.183347	0.983048	0	9565	7111
ChainingRodShaped	9325	2.20297	0.5	-10.9357	27.7819	0	0.228192	0.973616	0	None	None
ChainingRodShaped	9175	2.26846	0.5	-2.07112	14.0959	0	0.990303	-0.138927	0	None	None
ChainingRodShaped	7118	3.59231	0.5	43.9265	32.3755	0	-0.17429	0.984694	0	None	None
ChainingRodShaped	7120	4.12418	0.5	-10.6588	60.5109	0	-0.0415236	-0.999138	0	9455	7119
ChainingRodShaped	7122	3.64312	0.5	-15.8946	64.9561	0	0.441713	0.897157	0	None	None
ChainingRodShaped	7124	3.601	0.5	-17.0291	-16.7472	0	-0.902261	0.43119	0	None	None
ChainingRodShaped	7126	4.77929	0.5	32.6288	66.2406	0	0.180203	0.98363	0	None	None
ChainingRodShaped	7128	4.47498	0.5	-26.9409	56.1083	0	-0.131751	-0.991283	0	7857	7127
ChainingRodShaped	7130	4.81637	0.5	43.171	49.5211	0	-0.234636	0.972083	0	None	None
ChainingRodShaped	7132	4.50903	0.5	-37.1348	39.2263	0	0.127347	0.991858	0	7687	7131
ChainingRodShaped	7134	4.40451	0.5	27.6787	2.16015	0	-0.755024	0.655698	0	6415	7133
ChainingRodShaped	7136	4.29922	0.5	-4.92305	77.484	0	0.302082	-0.953282	0	None	None
ChainingRodShaped	9119	2.31199	0.5	-56.3141	39.2991	0	0.0570327	0.998372	0	None	None
ChainingRodShaped	7140	3.72069	0.5	2.7297	-12.6064	0	0.887902	0.460033	0	None	None
ChainingRodShaped	7142	4.9012	0.5	19.3412	95.8394	0	-0.972195	0.234171	0	None	None
ChainingRodShaped	7144	4.31908	0.5	-23.0329	26.3195	0	-0.286797	-0.957991	0	None	None
ChainingRodShaped	7146	4.81586	0.5	25.8158	49.3478	0	0.12119	-0.992629	0	None	None
ChainingRodShaped	7148	4.86515	0.5	52.7096	27.002	0	0.655714	0.755009	0	None	None
ChainingRodShaped	7150	4.50549	0.5	-45.4971	18.9221	0	0.44318	0.896433	0	None	None
ChainingRodShaped	7152	3.35908	0.5	-2.96684	-12.3937	0	0.948268	-0.31747	0	None	None
ChainingRodShaped	7154	4.36321	0.5	58.4146	17.6111	0	0.172613	0.98499	0	7287	7153
ChainingRodShaped	7156	4.77781	0.5	-58.3807	20.8947	0	-0.112637	0.993636	0	None	None
ChainingRodShaped	7158	4.8721	0.5	42.8431	74.8719	0	0.573726	-0.819047	0	None	None
ChainingRodShaped	9239	2.39423	0.5	14.2753	30.6383	0	-0.0288447	-0.999584	0	None	None
ChainingRodShaped	7162	3.31837	0.5	54.2495	68.0646	0	-0.432855	0.901464	0	None	None
ChainingRodShaped	9491	2.04296	0.5	3.93993	8.13693	0	0.903749	-0.428063	0	None	None
ChainingRodShaped	9139	2.3351	0.5	-1.86942	32.3911	0	0.79747	0.603359	0	None	None
ChainingRodShaped	9115	2.47533	0.5	-16.5165	70.2506	0	-0.350296	-0.936639	0	None	None
ChainingRodShaped	9541	2.0234	0.5	19.7026	89.6768	0	-0.795871	-0.605466	0	None	None
ChainingRodShaped	9169	2.38794	0.5	8.15761	26.2399	0	-0.859904	-0.510456	0	None	None
ChainingRodShaped	7174	4.26589	0.5	-28.9915	65.866	0	-0.087549	0.99616	0	None	None
ChainingRodShaped	7176	4.69187	0.5	44.7953	32.6911	0	-0.171673	0.985154	0	None	None
ChainingRodShaped	9309	2.10344	0.5	-35.2598	73.1402	0	0.126662	0.991946	0	None	None
ChainingRodShaped	9395	2.18949	0.5	-24.7402	81.9955	0	0.118987	0.992896	0	None	None
ChainingRodShaped	7182	3.46396	0.5	13.2413	-12.9814	0	-0.850186	-0.526483	0	None	None
ChainingRodShaped	7184	4.18089	0.5	-43.4379	0.760078	0	-0.410728	0.911758	0	None	None
ChainingRodShaped	7186	4.27271	0.5	-15.6856	19.2096	0	-0.1359	-0.990723	0	None	None
ChainingRodShaped	9567	2.0146	0.5	2.62782	24.8255	0	-0.848963	-0.528452	0	None	None
ChainingRodShaped	7190	3.60475	0.5	-7.34866	82.1226	0	0.310578	-0.950548	0	8079	7189
ChainingRodShaped	7192	4.7503	0.5	-31.7236	21.5031	0	0.317736	0.948179	0	None	None
ChainingRodShaped	9563	2.00731	0.5	9.23993	12.6229	0	0.921995	-0.387201	0	None	None
ChainingRodShaped	7196	4.59828	0.5	49.3745	-0.549875	0	0.238014	-0.971262	0	None	None
ChainingRodShaped	7198	4.8782	0.5	-7.36623	88.0811	0	0.313684	-0.949527	0	None	None
ChainingRodShaped	9359	2.23138	0.5	-1.51177	-8.99731	0	0.927708	0.373307	0	None	None
ChainingRodShaped	7202	4.3499	0.5	50.0605	0.607637	0	-0.247712	0.968834	0	None	None
ChainingRodShaped	7204	3.57381	0.5	-29.354	2.82257	0	-0.312482	-0.949924	0	None	None
ChainingRodShaped	7206	3.09475	0.5	52.5569	-18.8716	0	0.203312	-0.979114	0	5505	7205
ChainingRodShaped	7208	3.64228	0.5	-33.4942	81.7805	0	0.22518	0.974317	0	None	None
ChainingRodShaped	9519	2.06243	0.5	19.8591	69.6141	0	0.885391	0.464846	0	None	None
ChainingRodShaped	9247	2.20102	0.5	25.6206	61.3432	0	-0.163517	-0.986541	0	None	None
ChainingRodShaped	7214	4.33009	0.5	-30.8778	75.69	0	0.191892	0.981416	0	8049	7213
ChainingRodShaped	7216	4.82539	0.5	53.549	19.7002	0	0.0209489	0.999781	0	None	None
ChainingRodShaped	7218	3.34203	0.5	48.641	22.2799	0	-0.162191	0.986759	0	None	None
ChainingRodShaped	7220	4.41238	0.5	49.4377	23.1541	0	-0.152315	0.988332	0	None	None
ChainingRodShaped	7222	3.39173	0.5	7.09813	94.2897	0	0.998623	-0.0524652	0	None	None
ChainingRodShaped	7224	3.54674	0.5	26.3624	-6.49932	0	-0.855168	0.51835	0	9353	7223
ChainingRodShaped	7226	3.53887	0.5	-42.1668	28.3974	0	-0.398547	-0.917148	0	9061	7225
ChainingRodShaped	7228	4.57054	0.5	-30.9067	88.1124	0	0.252428	0.967616	0	None	None
ChainingRodShaped	9257	2.35112	0.5	-21.2157	22.2631	0	-0.136695	-0.990613	0	None	None
ChainingRodShaped	7232	4.02171	0.5	41.689	61.4758	0	-0.0294552	-0.999566	0	None	None
ChainingRodShaped	7234	4.44439	0.5	43.1579	68.7311	0	0.442181	-0.896926	0	None	None
ChainingRodShaped	9389	2.08076	0.5	40.3384	68.1506	0	0.440857	-0.897577	0	None	None
ChainingRodShaped	9255	2.3175	0.5	0.425147	95.6873	0	-0.861559	0.507657	0	None	None
ChainingRodShaped	7240	3.13622	0.5	-48.4401	24.8848	0	-0.248626	-0.968599	0	9221	7239
ChainingRodShaped	9211	2.27772	0.5	12.2713	-7.83367	0	-0.872235	-0.489087	0	None	None
ChainingRodShaped	9349	2.1823	0.5	-13.6872	65.4787	0	0.459354	0.888254	0	None	None
ChainingRodShaped	7246	3.88154	0.5	-48.1802	30.1338	0	-0.227991	-0.973663	0	None	None
ChainingRodShaped	7248	4.21256	0.5	-21.552	30.0662	0	-0.829256	-0.55887	0	None	None
ChainingRodShaped	7250	3.9169	0.5	74.5348	43.024	0	-0.819186	-0.573528	0	8047	7249
ChainingRodShaped	7252	4.7585	0.5	-5.18533	72.6253	0	0.305818	-0.95209	0	None	None
ChainingRodShaped	7254	3.32693	0.5	-25.4319	47.0901	0	0.438394	-0.898783	0	None	None
ChainingRodShaped	7256	4.48009	0.5	-12.2129	87.7949	0	-0.305699	0.952128	0	None	None
ChainingRodShaped	7258	3.94931	0.5	-9.79616	18.4505	0	0.979476	-0.201559	0	None	None
ChainingRodShaped	7260	4.34629	0.5	-1.06843	80.343	0	0.314365	-0.949302	0	None	None
ChainingRodShaped	9343	2.09656	0.5	-13.6118	27.7301	0	-0.208576	-0.978006	0	None	None
ChainingRodShaped	7264	3.20044	0.5	39.6377	64.1772	0	0.200217	-0.979752	0	None	None
ChainingRodShaped	7266	3.6897	0.5	-57.0959	18.6426	0	0.211588	0.977359	0	None	None
ChainingRodShaped	7268	4.7914	0.5	-55.6084	43.7137	0	0.295458	0.955356	0	None	None
ChainingRodShaped	7270	3.79868	0.5	53.3764	60.3288	0	0.392072	-0.919935	0	None	None
ChainingRodShaped	7272	4.21357	0.5	-12.4928	51.2533	0	-0.166596	-0.986025	0	None	None
ChainingRodShaped	7274	3.33562	0.5	-40.5728	79.6995	0	-0.991949	-0.126636	0	None	None
ChainingRodShaped	7276	4.42061	0.5	18.6344	-7.2241	0	-0.965916	-0.258857	0	None	None
ChainingRodShaped	9571	2.00655	0.5	46.936	79.9501	0	-0.936164	0.351564	0	None	None
ChainingRodShaped	7280	3.61514	0.5	61.8174	26.3452	0	-0.362662	-0.931921	0	6281	7279
ChainingRodShaped	7282	3.72655	0.5	57.6179	6.66925	0	-0.14165	-0.989917	0	6817	7281
ChainingRodShaped	7284	4.18382	0.5	-60.6999	30.1509	0	-0.124701	0.992194	0	None	None
ChainingRodShaped	7286	3.52223	0.5	-14.6449	30.2331	0	-0.250086	-0.968224	0	None	None
ChainingRodShaped	7288	3.97956	0.5	56.9297	8.65981	0	0.150736	0.988574	0	7067	7287
ChainingRodShaped	7290	4.55933	0.5	-21.0762	-19.1316	0	0.767686	0.640826	0	None	None
ChainingRodShaped	9525	2.02574	0.5	-21.5522	77.0928	0	-0.130418	-0.991459	0	None	None
ChainingRodShaped	7294	3.37362	0.5	51.8194	59.1555	0	0.397369	-0.917659	0	None	None
ChainingRodShaped	7296	4.79622	0.5	60.7636	43.3586	0	-0.103928	0.994585	0	None	None
ChainingRodShaped	7298	4.75321	0.5	15.2574	92.3402	0	-0.183188	-0.983078	0	None	None
ChainingRodShaped	7300	4.77324	0.5	-1.73351	87.2664	0	0.377012	-0.926208	0	None	None
ChainingRodShaped	7302	4.50644	0.5	28.3464	67.1003	0	-0.160334	-0.987063	0	None	None
ChainingRodShaped	7304	2.92247	0.5	-27.1626	47.8531	0	-0.137738	-0.990469	0	6591	7303
ChainingRodShaped	7306	4.2058	0.5	-3.2256	24.0962	0	-0.848599	-0.529037	0	None	None
ChainingRodShaped	7308	3.52514	0.5	-22.8327	0.20135	0	-0.186723	-0.982413	0	6563	7307
ChainingRodShaped	7310	3.54201	0.5	-16.9888	53.8674	0	0.327594	0.944818	0	None	None
ChainingRodShaped	7312	3.38111	0.5	-44.3537	25.7695	0	0.419249	0.907871	0	6775	7311
ChainingRodShaped	7314	4.23894	0.5	31.0836	61.0475	0	-0.35156	-0.936165	0	None	None
ChainingRodShaped	9573	2.01002	0.5	-12.0397	26.9855	0	0.208622	0.977996	0	None	None
ChainingRodShaped	7318	3.89805	0.5	1.93648	75.9134	0	0.28689	-0.957964	0	None	None
ChainingRodShaped	7320	3.27299	0.5	24.7617	10.4971	0	0.201312	-0.979527	0	None	None
ChainingRodShaped	7322	3.86137	0.5	-6.32365	11.8632	0	0.999012	-0.0444413	0	None	None
ChainingRodShaped	7324	4.21393	0.5	-11.505	38.4312	0	-0.193694	-0.981062	0	None	None
ChainingRodShaped	7326	4.78574	0.5	47.5667	42.9334	0	-0.21151	0.977376	0	None	None
ChainingRodShaped	7328	2.9134	0.5	3.91302	38.7863	0	0.0987535	-0.995112	0	9295	7327
ChainingRodShaped	7330	3.32373	0.5	-22.8263	54.5188	0	0.142471	-0.989799	0	None	None
ChainingRodShaped	7332	4.05602	0.5	-18.9473	50.5628	0	0.332047	-0.943263	0	None	None
ChainingRodShaped	7334	3.42696	0.5	56.5215	22.2267	0	0.601567	0.798823	0	None	None
ChainingRodShaped	7336	3.15578	0.5	58.2751	75.7905	0	-0.833265	0.552874	0	None	None
ChainingRodShaped	7338	3.77326	0.5	-53.1692	18.6393	0	0.196636	0.980476	0	6535	7337
ChainingRodShaped	9499	2.07002	0.5	-26.8485	43.0155	0	-0.112806	-0.993617	0	None	None
ChainingRodShaped	7342	3.59812	0.5	-32.6364	25.0521	0	0.120777	0.99268	0	None	None
ChainingRodShaped	7344	4.13132	0.5	-30.6394	26.7354	0	0.0656041	0.997846	0	None	None
ChainingRodShaped	7346	3.61807	0.5	50.1661	4.04455	0	-0.219713	0.975565	0	None	None
ChainingRodShaped	7348	3.93318	0.5	49.6879	80.8784	0	-0.920095	0.391694	0	None	None
ChainingRodShaped	7350	3.2194	0.5	-57.6077	42.3883	0	-0.275247	0.961374	0	None	None
ChainingRodShaped	7352	4.56658	0.5	-20.6728	61.7016	0	0.0909491	-0.995856	0	None	None
ChainingRodShaped	7354	4.50973	0.5	-17.566	55.5293	0	0.208163	0.978094	0	None	None
ChainingRodShaped	7356	4.26706	0.5	30.1278	73.5474	0	-0.69065	-0.723189	0	None	None
ChainingRodShaped	7358	4.12866	0.5	-44.15	36.9238	0	-0.0196771	0.999806	0	None	None
ChainingRodShaped	7360	3.53725	0.5	60.841	50.2066	0	-0.152828	0.988253	0	None	None
ChainingRodShaped	7362	4.9923	0.5	16.5847	30.6261	0	0.228489	-0.973546	0	None	None
ChainingRodShaped	7364	4.54353	0.5	-31.3688	61.4818	0	0.168091	0.985772	0	None	None
ChainingRodShaped	7366	4.75923	0.5	19.6533	11.8782	0	0.785072	-0.619404	0	None	None
ChainingRodShaped	7368	4.61229	0.5	9.70605	63.7869	0	0.591859	-0.806042	0	None	None
ChainingRodShaped	9497	2.07825	0.5	19.3781	58.6352	0	-0.413042	-0.910712	0	None	None
ChainingRodShaped	7372	3.41655	0.5	-17.5617	0.257224	0	-0.894223	0.447622	0	None	None
ChainingRodShaped	7374	3.25984	0.5	10.1566	79.1469	0	-0.632434	-0.774614	0	None	None
ChainingRodShaped	7376	4.93345	0.5	12.5795	58.0035	0	0.383655	0.923476	0	None	None
ChainingRodShaped	7378	3.27835	0.5	-21.3179	110.195	0	-0.0569223	-0.998379	0	8499	7377
ChainingRodShaped	7380	4.95206	0.5	38.7031	27.506	0	0.375977	-0.926629	0	None	None
ChainingRodShaped	7382	4.11631	0.5	2.34269	-11.7031	0	0.888103	0.459645	0	None	None
ChainingRodShaped	7384	3.34699	0.5	-54.8943	58.0762	0	-0.328765	-0.944412	0	7947	7383
ChainingRodShaped	7386	3.72146	0.5	-28.5048	-26.4179	0	-0.223954	0.9746	0	None	7385
ChainingRodShaped	9575	2.0056	0.5	32.6785	72.4111	0	-0.828037	-0.560674	0	None	None
ChainingRodShaped	7390	3.25193	0.5	8.37163	-13.5673	0	0.679066	0.734077	0	None	None
ChainingRodShaped	7392	3.38089	0.5	-18.3655	79.9969	0	-0.369816	-0.929105	0	None	None
ChainingRodShaped	9447	2.13154	0.5	15.756	17.5701	0	0.920949	0.389682	0	None	None
ChainingRodShaped	7396	3.66256	0.5	-2.24477	44.8618	0	-0.227459	0.973788	0	None	None
ChainingRodShaped	7398	3.32025	0.5	55.6757	62.283	0	-0.35215	0.935943	0	8633	7397
ChainingRodShaped	7400	3.55046	0.5	-21.3025	-11.5677	0	0.730293	0.683134	0	None	None
ChainingRodShaped	7402	4.16152	0.5	-56.6099	27.09	0	0.129933	0.991523	0	None	None
ChainingRodShaped	7404	3.90437	0.5	19.4553	94.8063	0	-0.97216	0.234318	0	None	None
ChainingRodShaped	7406	3.86373	0.5	42.698	-16.2028	0	-0.721015	0.69292	0	None	7405
ChainingRodShaped	7408	4.23269	0.5	-22.4428	11.7426	0	-0.184294	-0.982871	0	None	None
ChainingRodShaped	7410	2.94764	0.5	-31.0359	-37.0978	0	-0.399996	-0.916517	0	8115	7409
ChainingRodShaped	7412	4.5845	0.5	-4.57658	43.7737	0	-0.179254	0.983803	0	None	None
ChainingRodShaped	7414	3.27518	0.5	8.58083	43.7286	0	0.390233	0.920716	0	None	None
ChainingRodShaped	7416	3.71605	0.5	36.8359	64.3467	0	-0.210605	0.977571	0	None	None
ChainingRodShaped	7418	4.76351	0.5	-37.0809	70.6948	0	-0.0337433	0.999431	0	None	None
ChainingRodShaped	7420	4.14274	0.5	1.86816	49.0357	0	0.179666	-0.983728	0	None	None
ChainingRodShaped	7422	4.84246	0.5	-33.6639	-0.84737	0	-0.212437	0.977175	0	None	None
ChainingRodShaped	7424	2.74724	0.5	-44.5984	75.9709	0	0.251704	0.967804	0	8609	7423
ChainingRodShaped	7426	3.66888	0.5	-11.2998	-20.1522	0	0.968172	0.250286	0	None	None
ChainingRodShaped	7428	3.58394	0.5	-47.0903	26.2451	0	0.232985	0.97248	0	None	None
ChainingRodShaped	7430	3.61966	0.5	14.8088	3.55374	0	0.941603	-0.336724	0	None	None
ChainingRodShaped	7432	3.40849	0.5	30.4836	41.7025	0	0.854633	-0.519232	0	None	None
ChainingRodShaped	7434	3.53923	0.5	-38.0987	73.7223	0	-0.171051	-0.985262	0	5715	7433
ChainingRodShaped	7436	3.45743	0.5	0.562848	71.0863	0	0.354375	-0.935103	0	None	None
ChainingRodShaped	7438	3.19802	0.5	-10.8617	78.0408	0	-0.0346995	0.999398	0	None	None
ChainingRodShaped	7440	4.34109	0.5	23.7072	41.6979	0	-0.218809	0.975768	0	None	None
ChainingRodShaped	7442	4.75779	0.5	-54.6462	51.1017	0	0.0890107	0.996031	0	None	None
ChainingRodShaped	7444	3.10696	0.5	53.2284	9.87423	0	-0.709696	-0.704508	0	None	None
ChainingRodShaped	7446	3.71965	0.5	41.4815	35.2415	0	0.185738	-0.982599	0	5574	7445
ChainingRodShaped	7448	3.04282	0.5	45.0176	5.11731	0	-0.306821	0.951767	0	None	None
ChainingRodShaped	7450	3.74841	0.5	-10.1419	82.6299	0	-0.0697329	0.997566	0	None	None
ChainingRodShaped	7452	3.67529	0.5	-3.06463	20.6745	0	0.980714	-0.195451	0	None	None
ChainingRodShaped	7454	3.15797	0.5	36.2555	28.6366	0	0.262428	-0.964951	0	None	None
ChainingRodShaped	7456	3.57352	0.5	-21.9909	22.8133	0	-0.126688	-0.991943	0	None	None
ChainingRodShaped	7458	4.61231	0.5	-38.088	84.0115	0	-0.204517	-0.978863	0	None	None
ChainingRodShaped	7460	3.59658	0.5	-27.0099	81.0892	0	-0.415928	0.909397	0	None	None
ChainingRodShaped	7462	3.11819	0.5	-27.9866	-5.8869	0	-0.0690675	-0.997612	0	None	None
ChainingRodShaped	7464	3.0738	0.5	4.58035	53.7425	0	0.259186	-0.965827	0	None	None
ChainingRodShaped	7466	3.57283	0.5	-1.68393	-8.03466	0	0.931395	0.364011	0	None	None
ChainingRodShaped	7468	3.71874	0.5	44.4384	-4.85926	0	-0.436311	0.899796	0	None	None
ChainingRodShaped	7470	3.77757	0.5	24.5363	34.8407	0	-0.275144	0.961403	0	None	None
ChainingRodShaped	7472	3.37612	0.5	-8.55023	-10.3762	0	0.0482428	-0.998836	0	None	None
ChainingRodShaped	7474	3.9011	0.5	27.6743	27.1441	0	0.40421	-0.914666	0	None	None
ChainingRodShaped	7476	3.85793	0.5	8.1822	47.2106	0	0.371745	0.928335	0	None	None
ChainingRodShaped	7478	4.8617	0.5	12.3349	53.1495	0	0.405745	0.913987	0	None	None
ChainingRodShaped	7480	4.00389	0.5	-31.6614	76.5746	0	0.211045	0.977476	0	5787	7479
ChainingRodShaped	7482	4.04598	0.5	-47.171	7.18856	0	-0.866108	-0.499857	0	None	None
ChainingRodShaped	7484	4.32193	0.5	-20.8483	44.2299	0	0.068901	-0.997624	0	None	None
ChainingRodShaped	7486	3.49478	0.5	-2.27051	22.6805	0	0.841314	0.540546	0	None	None
ChainingRodShaped	7488	3.25098	0.5	10.9318	26.7021	0	-0.89385	-0.448366	0	None	None
ChainingRodShaped	7490	4.83575	0.5	-26.0137	15.2999	0	-0.0463569	-0.998925	0	None	None
ChainingRodShaped	7492	3.26659	0.5	-42.2717	71.6532	0	-0.122388	-0.992482	0	None	None
ChainingRodShaped	7494	4.17305	0.5	46.3248	39.7307	0	-0.200108	0.979774	0	None	None
ChainingRodShaped	7496	4.0795	0.5	-18.1782	66.3954	0	-0.434627	-0.900611	0	None	None
ChainingRodShaped	7498	4.80553	0.5	12.7157	80.3789	0	-0.739366	-0.673304	0	None	None
ChainingRodShaped	7500	3.30247	0.5	24.3664	47.358	0	-0.141037	0.990004	0	None	None
ChainingRodShaped	7502	2.84016	0.5	29.0414	93.9568	0	0.936549	-0.350536	0	7727	7501
ChainingRodShaped	7504	3.81334	0.5	36.6467	15.5825	0	-0.491315	0.870982	0	None	None
ChainingRodShaped	7506	3.96746	0.5	33.0186	39.3124	0	0.103335	-0.994647	0	None	None
ChainingRodShaped	7508	4.4493	0.5	-10.3184	35.4259	0	0.206134	0.978524	0	None	None
ChainingRodShaped	7510	4.50865	0.5	-3.03918	60.3898	0	0.288781	-0.957395	0	None	None
ChainingRodShaped	7512	3.18576	0.5	57.1203	75.3687	0	-0.831288	0.555843	0	None	None
ChainingRodShaped	7514	4.03196	0.5	-29.5177	-3.87807	0	-0.093973	-0.995575	0	None	None
ChainingRodShaped	7516	4.32118	0.5	-29.9134	50.6995	0	-0.113986	0.993482	0	None	None
ChainingRodShaped	7518	3.77256	0.5	-51.0962	15.9681	0	-0.306075	-0.952007	0	7239	7517
ChainingRodShaped	7520	3.59307	0.5	36.6294	88.6732	0	-0.999033	-0.0439735	0	None	None
ChainingRodShaped	7522	3.30415	0.5	-18.5428	88.2498	0	0.337089	-0.941473	0	None	None
ChainingRodShaped	7524	3.00145	0.5	5.11729	65.8481	0	0.384581	-0.923091	0	None	None
ChainingRodShaped	7526	4.85258	0.5	-36.3657	65.6942	0	0.114606	0.993411	0	None	None
ChainingRodShaped	7528	2.90934	0.5	-79.5616	1.06948	0	-0.999979	0.00653184	0	9005	7527
ChainingRodShaped	7530	3.8866	0.5	1.51266	63.3377	0	0.329281	-0.944232	0	None	None
ChainingRodShaped	7532	4.90247	0.5	-1.91434	80.0214	0	0.304867	-0.952395	0	None	None
ChainingRodShaped	7534	3.23469	0.5	20.6055	40.7068	0	0.15541	-0.98785	0	None	7533
ChainingRodShaped	7536	3.73123	0.5	20.6964	28.7472	0	0.299744	-0.95402	0	None	None
ChainingRodShaped	7538	4.03254	0.5	4.7773	62.0561	0	0.347023	-0.937857	0	None	None
ChainingRodShaped	7540	3.9865	0.5	-31.6633	54.3305	0	0.147802	0.989017	0	None	None
ChainingRodShaped	7542	4.73832	0.5	44.1306	49.4404	0	-0.229652	0.973273	0	None	None
ChainingRodShaped	7544	4.41402	0.5	50.5436	14.6689	0	0.0453788	0.99897	0	None	None
ChainingRodShaped	7546	2.95073	0.5	-10.7904	50.8505	0	-0.153498	-0.988149	0	7025	7545
ChainingRodShaped	7548	3.13124	0.5	52.1448	-48.6333	0	-0.142744	-0.98976	0	6081	7547
ChainingRodShaped	7550	3.90924	0.5	-26.147	70.3452	0	0.122754	0.992437	0	None	None
ChainingRodShaped	7552	3.54863	0.5	-35.775	57.1269	0	0.154193	0.988041	0	5771	7551
ChainingRodShaped	7554	4.70106	0.5	16.4586	8.57272	0	0.826746	-0.562576	0	None	None
ChainingRodShaped	7556	3.97345	0.5	18.2211	-2.43562	0	-0.928994	0.370096	0	7223	7555
ChainingRodShaped	7558	4.43676	0.5	17.7015	61.1913	0	-0.783351	-0.62158	0	None	None
ChainingRodShaped	7560	3.82022	0.5	47.8733	57.3172	0	-0.1227	0.992444	0	None	None
ChainingRodShaped	7562	3.20533	0.5	46.141	-4.03246	0	0.424082	-0.905624	0	6621	7561
ChainingRodShaped	7564	3.1432	0.5	56.1976	74.802	0	-0.830128	0.557573	0	None	None
ChainingRodShaped	7566	3.61859	0.5	-1.45026	24.2592	0	-0.843269	-0.537491	0	None	None
ChainingRodShaped	7568	4.70179	0.5	-5.53185	49.1193	0	0.372443	-0.928055	0	None	None
ChainingRodShaped	7570	3.10598	0.5	-16.505	65.7134	0	0.432742	0.901518	0	None	None
ChainingRodShaped	7572	3.40935	0.5	-32.8184	-6.32258	0	0.0371625	-0.999309	0	None	None
ChainingRodShaped	7574	3.15276	0.5	-3.02631	77.367	0	0.281405	-0.959589	0	None	None
ChainingRodShaped	7576	3.94381	0.5	88.5714	55.5248	0	-0.934437	0.356128	0	7613	7575
ChainingRodShaped	7578	3.04443	0.5	14.9948	12.6431	0	-0.879172	0.476505	0	None	None
ChainingRodShaped	7580	3.07782	0.5	-36.6885	21.5323	0	-0.035426	-0.999372	0	None	None
ChainingRodShaped	7582	3.90153	0.5	21.518	79.8955	0	-0.944418	-0.328748	0	None	None
ChainingRodShaped	7584	3.9114	0.5	-44.199	71.6783	0	0.102514	0.994732	0	None	None
ChainingRodShaped	7586	2.72689	0.5	72.1606	67.378	0	0.817959	-0.575276	0	7737	7585
ChainingRodShaped	7588	3.5389	0.5	-14.3775	77.5244	0	-0.946709	0.322091	0	None	None
ChainingRodShaped	7590	4.14177	0.5	-5.62687	35.7502	0	-0.321996	-0.946741	0	None	None
ChainingRodShaped	7592	3.1953	0.5	-35.6241	-0.485465	0	-0.212294	0.977206	0	6609	7591
ChainingRodShaped	7594	4.50479	0.5	-14.0186	76.4655	0	-0.947154	0.320778	0	None	None
ChainingRodShaped	7596	3.49415	0.5	37.8283	85.6994	0	-0.999891	0.0147887	0	None	None
ChainingRodShaped	7598	4.67966	0.5	-50.0821	25.5075	0	0.194866	0.98083	0	None	None
ChainingRodShaped	7600	3.13311	0.5	23.5022	20.8198	0	0.374277	-0.927317	0	None	None
ChainingRodShaped	7602	3.29072	0.5	-22.7804	74.6943	0	-0.112595	-0.993641	0	None	None
ChainingRodShaped	7604	4.60965	0.5	34.2141	24.0709	0	0.428671	-0.903461	0	None	None
ChainingRodShaped	7606	4.70429	0.5	-51.1436	45.6602	0	-0.0687947	-0.997631	0	None	None
ChainingRodShaped	7608	4.3585	0.5	2.93331	-6.24457	0	0.929819	0.368018	0	None	None
ChainingRodShaped	7610	4.32595	0.5	-59.6011	26.6896	0	0.0972168	0.995263	0	None	None
ChainingRodShaped	7612	3.65359	0.5	7.9762	22.5234	0	0.957536	-0.288314	0	None	None
ChainingRodShaped	7614	3.93538	0.5	97.4342	52.246	0	-0.939189	0.343402	0	5510	7613
ChainingRodShaped	7616	4.05593	0.5	-6.79167	77.6982	0	-0.291825	0.956472	0	None	None
ChainingRodShaped	7618	3.97847	0.5	-37.5252	81.8615	0	-0.204247	-0.978919	0	None	None
ChainingRodShaped	7620	2.95884	0.5	28.9572	88.6198	0	-0.995115	-0.0987257	0	None	None
ChainingRodShaped	7622	3.08275	0.5	-61.5327	3.63389	0	-0.961218	-0.27579	0	8985	7621
ChainingRodShaped	7624	3.53932	0.5	3.68177	87.9562	0	0.665962	0.745986	0	None	None
ChainingRodShaped	7626	4.2623	0.5	-31.4841	27.4285	0	0.0635258	0.99798	0	None	None
ChainingRodShaped	7628	4.64759	0.5	-17.8847	92.1415	0	0.321963	-0.946752	0	None	None
ChainingRodShaped	7630	2.98877	0.5	30.1214	91.0638	0	-0.2859	-0.958259	0	None	None
ChainingRodShaped	7632	4.17044	0.5	41.6639	24.145	0	-0.175034	0.984562	0	None	None
ChainingRodShaped	7634	4.42255	0.5	-47.7992	35.0247	0	0.251655	0.967817	0	None	None
ChainingRodShaped	7636	2.99175	0.5	14.0267	5.82655	0	0.932352	-0.361553	0	None	None
ChainingRodShaped	7638	3.17494	0.5	-27.785	28.854	0	-0.0519931	-0.998647	0	None	None
ChainingRodShaped	7640	3.65198	0.5	-16.3648	-13.138	0	0.671842	0.740694	0	None	None
ChainingRodShaped	7642	2.94888	0.5	30.9942	14.9216	0	0.462252	-0.886749	0	None	None
ChainingRodShaped	7644	3.76288	0.5	-9.94525	77.966	0	0.0416772	-0.999131	0	None	7643
ChainingRodShaped	7646	3.88244	0.5	20.5728	7.89469	0	-0.800455	0.599393	0	7133	7645
ChainingRodShaped	7648	3.9512	0.5	-45.7232	14.4312	0	0.461026	0.887386	0	None	None
ChainingRodShaped	7650	2.93544	0.5	14.3237	-8.90162	0	-0.894275	-0.447519	0	None	None
ChainingRodShaped	7652	3.80674	0.5	-37.2789	53.5626	0	0.155494	0.987837	0	None	None
ChainingRodShaped	7654	3.62475	0.5	-3.57982	32.1826	0	0.791393	0.611307	0	None	None
ChainingRodShaped	7656	3.5087	0.5	-6.74634	62.9462	0	-0.275761	-0.961226	0	None	None
ChainingRodShaped	7658	3.48321	0.5	20.86	52.6238	0	-0.0668614	-0.997762	0	6515	7657
ChainingRodShaped	7660	3.5906	0.5	-20.9089	74.1235	0	-0.635647	-0.77198	0	None	None
ChainingRodShaped	7662	4.35525	0.5	35.3866	25.5696	0	0.774926	-0.632052	0	None	None
ChainingRodShaped	7664	2.98537	0.5	38.5941	76.1203	0	0.604663	-0.796482	0	None	None
ChainingRodShaped	7666	4.00613	0.5	1.91634	64.735	0	0.338711	-0.940891	0	None	None
ChainingRodShaped	7668	4.63567	0.5	41.0365	-2.83238	0	0.541115	-0.840948	0	None	None
ChainingRodShaped	7670	3.19683	0.5	-5.56086	-6.75869	0	0.838902	0.544283	0	None	None
ChainingRodShaped	7672	3.172	0.5	-18.0787	37.5173	0	-0.205682	-0.978619	0	None	None
ChainingRodShaped	7674	3.04538	0.5	-15.262	-15.5622	0	-0.910695	0.413079	0	None	None
ChainingRodShaped	7676	4.13896	0.5	-25.1672	51.8872	0	0.143688	-0.989623	0	None	None
ChainingRodShaped	7678	4.23857	0.5	-21.7123	-24.0646	0	0.168357	0.985726	0	None	None
ChainingRodShaped	7680	4.19673	0.5	23.1775	84.964	0	-0.875785	-0.482701	0	None	None
ChainingRodShaped	7682	3.26598	0.5	55.1717	-26.7244	0	-0.104142	0.994562	0	9531	7681
ChainingRodShaped	7684	3.1626	0.5	52.8068	33.2179	0	0.15976	0.987156	0	None	None
ChainingRodShaped	7686	3.79176	0.5	45.8158	22.417	0	-0.180553	0.983565	0	None	None
ChainingRodShaped	7688	3.48797	0.5	-38.087	30.3491	0	0.0843901	0.996433	0	9073	7687
ChainingRodShaped	7690	4.5082	0.5	-16.3017	49.5729	0	0.175912	0.984406	0	None	None
ChainingRodShaped	7692	3.24904	0.5	-17.1756	37.5263	0	-0.215441	-0.976517	0	None	None
ChainingRodShaped	7694	2.68683	0.5	-47.5002	61.7112	0	0.148914	0.98885	0	5583	7693
ChainingRodShaped	7696	4.16692	0.5	12.4621	34.0086	0	0.0107406	-0.999942	0	None	None
ChainingRodShaped	7698	3.39274	0.5	-51.1197	32.7739	0	0.0913627	0.995818	0	5062	7697
ChainingRodShaped	7700	3.60818	0.5	43.4613	14.2992	0	-0.16769	0.98584	0	None	None
ChainingRodShaped	7702	3.55683	0.5	-22.6011	-9.2684	0	0.140059	0.990143	0	None	None
ChainingRodShaped	7704	3.33279	0.5	-39.4311	77.2674	0	-0.200374	-0.979719	0	None	None
ChainingRodShaped	7706	2.99622	0.5	13.3661	32.2954	0	0.00941723	-0.999956	0	None	None
ChainingRodShaped	7708	4.56124	0.5	26.4045	38.2297	0	-0.270782	0.962641	0	None	None
ChainingRodShaped	7710	3.80007	0.5	-26.7584	95.481	0	0.281678	0.959509	0	6589	7709
ChainingRodShaped	7712	3.59388	0.5	35.7164	-9.83177	0	-0.763348	0.645987	0	7405	7711
ChainingRodShaped	7714	2.92603	0.5	8.29418	45.2325	0	0.380993	0.924578	0	None	None
ChainingRodShaped	7716	3.5359	0.5	-14.2492	17.5856	0	-0.0819323	-0.996638	0	5468	7715
ChainingRodShaped	7718	4.05653	0.5	12.0769	58.9193	0	0.374413	0.927262	0	None	None
ChainingRodShaped	7720	3.33171	0.5	-4.41898	91.1873	0	-0.874635	0.484781	0	None	None
ChainingRodShaped	7722	3.51168	0.5	-1.67325	1.96188	0	0.972105	0.234546	0	None	None
ChainingRodShaped	7724	4.36722	0.5	-17.1896	-23.0575	0	0.894454	-0.44716	0	None	None
ChainingRodShaped	7726	3.00578	0.5	-31.7068	80.8318	0	0.222119	0.97502	0	None	None
ChainingRodShaped	7728	3.52088	0.5	21.4843	96.6162	0	0.947936	-0.318461	0	5512	7727
ChainingRodShaped	7730	3.32412	0.5	-20.7395	-5.79638	0	0.892222	0.451597	0	None	None
ChainingRodShaped	7732	2.97235	0.5	46.3968	-12.763	0	0.522904	-0.852392	0	5315	7731
ChainingRodShaped	7734	4.0739	0.5	13.4895	71.7643	0	0.727642	-0.685957	0	None	None
ChainingRodShaped	7736	4.54297	0.5	64.3179	69.1584	0	-0.826998	0.562205	0	None	None
ChainingRodShaped	7738	3.386	0.5	66.0247	71.8789	0	0.797569	-0.603228	0	9385	7737
ChainingRodShaped	7740	4.03382	0.5	-15.5017	9.54674	0	-0.0162581	-0.999868	0	None	None
ChainingRodShaped	7742	4.0618	0.5	10.4948	23.6267	0	0.953046	-0.302825	0	None	None
ChainingRodShaped	7744	3.23162	0.5	-40.1933	22.6922	0	-0.0419005	-0.999122	0	None	None
ChainingRodShaped	7746	2.61625	0.5	-39.5042	38.0983	0	0.280759	0.959778	0	5026	7745
ChainingRodShaped	7748	3.28795	0.5	1.95204	10.116	0	0.902657	-0.43036	0	None	None
ChainingRodShaped	7750	2.95631	0.5	-28.0269	11.1488	0	-0.0663222	-0.997798	0	None	None
ChainingRodShaped	7752	4.52031	0.5	-41.4146	-4.62145	0	-0.747988	0.663713	0	None	None
ChainingRodShaped	7754	3.08219	0.5	17.46	46.2447	0	0.0115554	-0.999933	0	None	None
ChainingRodShaped	7756	3.45182	0.5	43.8883	69.372	0	0.444422	-0.895818	0	None	None
ChainingRodShaped	7758	4.05197	0.5	-27.4389	-31.2732	0	0.390508	0.920599	0	None	None
ChainingRodShaped	7760	3.52275	0.5	26.5504	50.6187	0	0.117288	-0.993098	0	None	None
ChainingRodShaped	7762	2.74015	0.5	55.2352	-45.0762	0	-0.0933424	0.995634	0	5790	7761
ChainingRodShaped	7764	2.84482	0.5	30.1325	-10.1118	0	0.821534	-0.57016	0	None	None
ChainingRodShaped	7766	4.51074	0.5	-20.4991	21.3434	0	-0.18959	-0.981863	0	None	None
ChainingRodShaped	7768	2.65535	0.5	-23.347	-8.18307	0	-0.149953	-0.988693	0	5276	7767
ChainingRodShaped	7770	4.04825	0.5	1.52748	34.3957	0	-0.951914	-0.306367	0	None	None
ChainingRodShaped	7772	4.12315	0.5	19.825	50.7249	0	-0.0221835	0.999754	0	None	None
ChainingRodShaped	7774	4.10606	0.5	39.6824	55.3721	0	-0.263213	0.964738	0	None	None
ChainingRodShaped	7776	4.46019	0.5	6.20894	16.5466	0	-0.95156	0.307462	0	None	None
ChainingRodShaped	7778	4.31466	0.5	-9.82769	92.3988	0	0.34092	-0.940092	0	None	None
ChainingRodShaped	7780	4.32564	0.5	-0.283351	80.844	0	0.323846	-0.94611	0	None	None
ChainingRodShaped	7782	4.36073	0.5	-11.0515	-11.9449	0	0.72103	0.692903	0	None	None
ChainingRodShaped	7784	3.67353	0.5	-84.6111	2.41767	0	-0.998536	0.0540909	0	8281	7783
ChainingRodShaped	7786	4.05288	0.5	11.1762	66.7569	0	0.819049	0.573723	0	None	None
ChainingRodShaped	7788	3.9305	0.5	24.0674	7.41143	0	0.785059	-0.619421	0	None	None
ChainingRodShaped	7790	2.68407	0.5	60.1019	39.2418	0	-0.0507852	0.99871	0	5499	7789
ChainingRodShaped	7792	2.97586	0.5	-39.2475	26.8696	0	-0.0525898	-0.998616	0	None	None
ChainingRodShaped	7794	4.06962	0.5	37.7652	64.3509	0	-0.206007	0.978551	0	None	None
ChainingRodShaped	7796	3.40308	0.5	12.3764	3.23289	0	-0.973863	0.227138	0	5857	7795
ChainingRodShaped	7798	3.41003	0.5	2.14818	33.1355	0	-0.801723	-0.597696	0	None	None
ChainingRodShaped	7800	3.06934	0.5	42.6779	86.1691	0	-0.972263	0.23389	0	None	None
ChainingRodShaped	7802	3.59118	0.5	-38.6682	99.8646	0	0.293293	0.956023	0	6987	7801
ChainingRodShaped	7804	4.01545	0.5	6.36773	29.2918	0	-0.864252	-0.50306	0	None	None
ChainingRodShaped	7806	2.73064	0.5	90.0813	49.0965	0	-0.98552	-0.169557	0	7101	7805
ChainingRodShaped	7808	3.45235	0.5	1.14265	48.7969	0	0.189613	-0.981859	0	None	None
ChainingRodShaped	7810	3.29352	0.5	-53.1997	43.5966	0	-0.0595581	-0.998225	0	8523	7809
ChainingRodShaped	7812	3.91288	0.5	-13.3014	8.24138	0	0.253623	0.967303	0	None	None
ChainingRodShaped	7814	2.67373	0.5	48.0773	78.4298	0	-0.911744	0.410758	0	8283	7813
ChainingRodShaped	7816	3.7603	0.5	49.0613	71.7984	0	0.446766	-0.894651	0	None	None
ChainingRodShaped	7818	3.58877	0.5	-20.2823	-8.13647	0	0.743805	0.668397	0	None	None
ChainingRodShaped	7820	4.20157	0.5	23.0327	72.3321	0	0.884481	0.466576	0	None	None
ChainingRodShaped	7822	4.38223	0.5	-14.899	19.3462	0	-0.126089	-0.992019	0	None	None
ChainingRodShaped	7824	4.11888	0.5	-2.64846	53.2244	0	0.372688	-0.927957	0	None	None
ChainingRodShaped	7826	3.44934	0.5	-46.1913	63.8123	0	0.15792	0.987452	0	None	None
ChainingRodShaped	7828	3.84902	0.5	39.5951	1.23548	0	0.518955	-0.854802	0	None	None
ChainingRodShaped	7830	2.94458	0.5	32.2753	86.9469	0	-0.999939	-0.0110345	0	None	None
ChainingRodShaped	7832	3.34057	0.5	6.83766	17.2743	0	-0.9529	0.303284	0	None	None
ChainingRodShaped	7834	3.06698	0.5	-23.7974	90.9811	0	0.0909843	0.995852	0	None	None
ChainingRodShaped	7836	2.85308	0.5	-20.026	5.4123	0	-0.175137	-0.984544	0	None	None
ChainingRodShaped	7838	2.9923	0.5	-8.13898	18.9667	0	-0.981459	0.191673	0	9545	7837
ChainingRodShaped	7840	4.20389	0.5	38.531	16.1578	0	-0.186357	0.982482	0	None	None
ChainingRodShaped	7842	4.25987	0.5	18.2255	47.2551	0	0.0215535	-0.999768	0	None	None
ChainingRodShaped	7844	4.15144	0.5	51.541	15.5328	0	0.0514206	0.998677	0	None	None
ChainingRodShaped	7846	4.31606	0.5	6.89687	57.441	0	0.427334	-0.904094	0	None	None
ChainingRodShaped	7848	3.38877	0.5	-13.4161	-6.47316	0	0.788363	0.61521	0	None	None
ChainingRodShaped	7850	3.79923	0.5	20.1333	-7.77102	0	-0.963277	-0.26851	0	None	None
ChainingRodShaped	7852	4.37685	0.5	55.3925	4.52827	0	-0.132936	-0.991125	0	None	None
ChainingRodShaped	7854	3.05761	0.5	-0.42128	63.6415	0	0.320018	-0.947412	0	None	None
ChainingRodShaped	7856	2.96891	0.5	7.68968	20.7166	0	0.955462	-0.295116	0	None	None
ChainingRodShaped	7858	2.75494	0.5	-25.8776	64.6326	0	-0.120243	-0.992745	0	8293	7857
ChainingRodShaped	7860	3.85646	0.5	-3.17927	-10.568	0	0.974748	0.223308	0	None	None
ChainingRodShaped	7862	4.27504	0.5	-18.1312	11.5019	0	-0.158419	-0.987372	0	None	None
ChainingRodShaped	7864	3.35061	0.5	44.2438	40.4272	0	-0.204889	0.978785	0	None	None
ChainingRodShaped	7866	4.29122	0.5	9.47089	23.015	0	0.95461	-0.29786	0	None	None
ChainingRodShaped	7868	4.11408	0.5	-20.8682	56.5223	0	-0.174056	-0.984736	0	None	None
ChainingRodShaped	7870	3.30122	0.5	18.7687	67.0809	0	0.527265	0.849701	0	None	None
ChainingRodShaped	7872	3.77178	0.5	2.72456	3.02899	0	0.975825	0.218554	0	None	None
ChainingRodShaped	7874	3.79526	0.5	13.3776	19.7817	0	0.945913	-0.324419	0	None	None
ChainingRodShaped	7876	3.37901	0.5	-49.7608	6.80711	0	0.871062	0.491172	0	None	None
ChainingRodShaped	7878	3.40581	0.5	35.8265	64.6259	0	-0.211892	0.977293	0	None	None
ChainingRodShaped	7880	3.85017	0.5	-8.71681	38.859	0	0.149374	0.988781	0	None	None
ChainingRodShaped	7882	2.81023	0.5	-9.35047	84.4038	0	0.0679725	-0.997687	0	None	7881
ChainingRodShaped	7884	3.17093	0.5	31.9154	44.0325	0	0.786163	0.618019	0	None	None
ChainingRodShaped	7886	4.02958	0.5	-39.3947	58.098	0	0.162452	0.986716	0	None	None
ChainingRodShaped	7888	3.62821	0.5	14.1604	41.2125	0	-0.269842	-0.962905	0	None	None
ChainingRodShaped	7890	3.99467	0.5	-18.9313	11.5621	0	-0.16832	-0.985732	0	None	None
ChainingRodShaped	7892	3.18551	0.5	-58.0834	14.3341	0	0.23348	0.972362	0	None	None
ChainingRodShaped	7894	3.24574	0.5	40.0894	80.7302	0	-0.989958	0.141358	0	7813	7893
ChainingRodShaped	7896	4.04004	0.5	-7.11224	26.7484	0	-0.855351	-0.518049	0	None	None
ChainingRodShaped	7898	3.91953	0.5	39.1768	5.70186	0	0.484887	-0.874577	0	None	None
ChainingRodShaped	7900	3.88648	0.5	11.113	42.8678	0	-0.401918	-0.915676	0	None	None
ChainingRodShaped	7902	4.20419	0.5	59.1231	39.0386	0	-0.0440764	0.999028	0	None	None
ChainingRodShaped	7904	3.0082	0.5	-11.8192	14.9725	0	0.00835546	0.999965	0	None	None
ChainingRodShaped	7906	4.00075	0.5	6.63383	20.1036	0	0.956214	-0.292669	0	None	None
ChainingRodShaped	7908	3.66352	0.5	21.5298	48.3211	0	-0.0416638	0.999132	0	None	None
ChainingRodShaped	7910	2.82063	0.5	-40.6651	27.361	0	0.41665	0.909067	0	None	None
ChainingRodShaped	7912	3.96522	0.5	27.6184	25.0328	0	0.395047	-0.918661	0	None	None
ChainingRodShaped	7914	3.88483	0.5	-5.6093	-11.9792	0	0.529694	-0.848189	0	None	None
ChainingRodShaped	7916	3.13285	0.5	-55.6849	35.0282	0	0.0938202	0.995589	0	None	None
ChainingRodShaped	7918	3.59064	0.5	-11.5809	-6.19883	0	-0.793428	-0.608665	0	9105	7917
ChainingRodShaped	7920	3.83642	0.5	15.8886	61.8301	0	0.783347	0.621584	0	None	None
ChainingRodShaped	7922	3.07451	0.5	-16.9221	-19.9276	0	0.89791	-0.440179	0	None	None
ChainingRodShaped	7924	3.10109	0.5	-65.087	17.1275	0	-0.198217	-0.980158	0	9409	7923
ChainingRodShaped	7926	3.05672	0.5	-31.3417	6.12155	0	-0.0920788	-0.995752	0	8749	7925
ChainingRodShaped	7928	4.22923	0.5	-51.5007	53.357	0	-0.0972503	-0.99526	0	None	None
ChainingRodShaped	7930	4.19933	0.5	-20.3624	70.4313	0	0.155791	-0.98779	0	None	None
ChainingRodShaped	7932	3.83665	0.5	47.7736	64.5948	0	0.556431	-0.830894	0	None	None
ChainingRodShaped	7934	3.17884	0.5	-28.1508	77.2486	0	0.0923387	0.995728	0	None	None
ChainingRodShaped	7936	3.57651	0.5	-2.7236	34.5996	0	0.587674	0.809098	0	None	None
ChainingRodShaped	7938	2.98733	0.5	-55.4062	28.712	0	0.131085	0.991371	0	None	None
ChainingRodShaped	7940	3.13662	0.5	18.6394	87.8223	0	-0.864573	-0.502508	0	None	None
ChainingRodShaped	7942	3.66798	0.5	-31.3693	44.5518	0	0.103562	0.994623	0	None	None
ChainingRodShaped	7944	3.64095	0.5	30.1662	39.7226	0	0.468826	-0.88329	0	None	None
ChainingRodShaped	7946	3.07085	0.5	5.69706	45.7787	0	0.129203	-0.991618	0	None	None
ChainingRodShaped	7948	3.51772	0.5	-52.1945	65.8549	0	-0.325372	-0.945586	0	8271	7947
ChainingRodShaped	7950	4.06119	0.5	48.4852	61.5632	0	0.473282	-0.880911	0	None	None
ChainingRodShaped	7952	2.76495	0.5	-23.3457	86.0549	0	-0.107716	-0.994182	0	5676	7951
ChainingRodShaped	7954	3.44384	0.5	38.1634	46.5812	0	-0.22566	0.974206	0	9035	7953
ChainingRodShaped	7956	4.11966	0.5	7.66306	64.3447	0	0.384562	-0.923099	0	None	None
ChainingRodShaped	7958	3.42641	0.5	-9.67844	69.0028	0	0.0143853	-0.999897	0	7643	7957
ChainingRodShaped	7960	3.27301	0.5	-47.3713	-1.97683	0	-0.920354	0.391087	0	None	None
ChainingRodShaped	7962	3.15239	0.5	22.4413	1.78407	0	-0.775645	0.631169	0	None	None
ChainingRodShaped	7964	3.2678	0.5	-16.4901	1.65677	0	-0.887326	0.461142	0	None	None
ChainingRodShaped	7966	2.83888	0.5	-9.36719	26.8938	0	-0.247671	-0.968844	0	None	None
ChainingRodShaped	7968	4.03441	0.5	31.1134	-3.44547	0	-0.936868	0.349683	0	None	None
ChainingRodShaped	7970	3.7432	0.5	61.8597	72.0412	0	-0.824855	0.565344	0	None	None
ChainingRodShaped	7972	3.74531	0.5	17.7545	23.5764	0	-0.0467038	-0.998909	0	None	None
ChainingRodShaped	7974	4.02359	0.5	-7.39779	8.6699	0	-0.735718	-0.677288	0	None	None
ChainingRodShaped	7976	3.98322	0.5	-28.8511	-6.01047	0	-0.0790852	-0.996868	0	None	None
ChainingRodShaped	7978	3.972	0.5	-46.849	23.2996	0	0.295369	0.955383	0	None	None
ChainingRodShaped	7980	3.2352	0.5	-47.3366	9.26171	0	0.875217	0.48373	0	None	None
ChainingRodShaped	7982	3.26672	0.5	-12.2404	5.08459	0	0.922612	0.385728	0	None	None
ChainingRodShaped	7984	3.81361	0.5	-25.4448	-9.52643	0	-0.169562	-0.985519	0	None	None
ChainingRodShaped	7986	2.85918	0.5	-32.6923	-23.1479	0	-0.305391	0.952227	0	None	None
ChainingRodShaped	7988	3.97802	0.5	24.5916	2.3455	0	0.763868	-0.645372	0	None	None
ChainingRodShaped	7990	4.12678	0.5	-4.50789	-8.31009	0	0.834742	0.550642	0	None	None
ChainingRodShaped	7992	2.95349	0.5	7.52465	78.7061	0	-0.598771	-0.80092	0	None	None
ChainingRodShaped	7994	3.46787	0.5	-1.47731	45.2124	0	0.237161	-0.97147	0	None	None
ChainingRodShaped	7996	3.97011	0.5	-21.9429	61.6349	0	0.267046	-0.963684	0	None	None
ChainingRodShaped	7998	3.77571	0.5	-48.2439	10.4099	0	0.67801	0.735053	0	None	None
ChainingRodShaped	8000	3.37743	0.5	-13.6866	49.5515	0	-0.187269	-0.982309	0	None	None
ChainingRodShaped	8002	3.33119	0.5	39.5307	66.6495	0	-0.955531	0.294892	0	None	None
ChainingRodShaped	8004	3.88254	0.5	52.8889	47.3872	0	-0.111421	-0.993773	0	None	None
ChainingRodShaped	8006	3.45401	0.5	31.5119	39.0789	0	0.476741	-0.879044	0	None	None
ChainingRodShaped	8008	3.84772	0.5	-43.9997	13.6711	0	0.471575	0.881826	0	None	None
ChainingRodShaped	8010	3.35447	0.5	6.46762	80.2112	0	-0.594628	-0.804001	0	None	None
ChainingRodShaped	8012	3.63576	0.5	24.6853	88.5211	0	-0.999237	0.0390584	0	None	None
ChainingRodShaped	8014	4.05183	0.5	11.5754	53.4459	0	0.414881	0.909875	0	None	None
ChainingRodShaped	8016	2.85757	0.5	-61.6371	23.3166	0	-0.119891	0.992787	0	None	None
ChainingRodShaped	8018	3.97181	0.5	14.3326	79.3685	0	-0.768073	-0.640362	0	None	None
ChainingRodShaped	8020	2.72419	0.5	46.4993	84.4429	0	-0.858146	0.513406	0	None	None
ChainingRodShaped	8022	3.32899	0.5	-12.479	97.1472	0	0.325569	-0.945518	0	8211	8021
ChainingRodShaped	8024	3.35108	0.5	36.0016	82.9016	0	-0.999898	0.0142507	0	None	None
ChainingRodShaped	8026	3.23512	0.5	-27.5086	19.0843	0	-0.0619078	-0.998082	0	None	None
ChainingRodShaped	8028	4.06326	0.5	-21.7678	27.384	0	-0.296349	-0.95508	0	None	None
ChainingRodShaped	8030	2.76096	0.5	22.892	51.5229	0	0.122298	-0.992493	0	None	8029
ChainingRodShaped	8032	3.35819	0.5	4.40181	42.4449	0	0.108704	-0.994074	0	None	None
ChainingRodShaped	8034	2.75153	0.5	30.6743	1.97332	0	0.752771	-0.658282	0	None	None
ChainingRodShaped	8036	4.07538	0.5	-29.576	56.5126	0	0.136209	0.99068	0	None	None
ChainingRodShaped	8038	2.99752	0.5	24.5377	53.3147	0	0.061153	-0.998128	0	None	None
ChainingRodShaped	8040	3.03466	0.5	-48.9485	49.1511	0	0.082755	0.99657	0	8935	8039
ChainingRodShaped	8042	3.58386	0.5	-6.55814	13.3271	0	0.96566	0.259808	0	None	None
ChainingRodShaped	8044	3.58435	0.5	-50.4015	54.4502	0	-0.107213	-0.994236	0	None	None
ChainingRodShaped	8046	3.68476	0.5	15.9388	14.7833	0	-0.137902	0.990446	0	None	None
ChainingRodShaped	8048	3.23367	0.5	82.2458	47.046	0	-0.939701	-0.341998	0	7805	8047
ChainingRodShaped	8050	2.95168	0.5	-32.3499	66.9345	0	0.147161	0.989113	0	6893	8049
ChainingRodShaped	8052	3.64966	0.5	-14.1747	61.2623	0	-0.526428	-0.85022	0	None	None
ChainingRodShaped	8054	3.29205	0.5	-9.29779	3.37709	0	-0.938061	-0.34647	0	None	None
ChainingRodShaped	8056	3.13375	0.5	19.6268	73.2155	0	0.997395	0.0721348	0	None	None
ChainingRodShaped	8058	2.75758	0.5	-52.1273	45.2328	0	-0.0674327	-0.997724	0	None	None
ChainingRodShaped	8060	2.91211	0.5	-20.3992	120.858	0	0.335966	-0.941874	0	8569	8059
ChainingRodShaped	8062	3.19678	0.5	29.7079	84.9573	0	-0.995153	-0.0983405	0	None	None
ChainingRodShaped	8064	3.81501	0.5	52.4305	42.9061	0	0.220921	-0.975292	0	None	None
ChainingRodShaped	8066	3.87444	0.5	-33.2843	43.8281	0	0.123451	0.992351	0	None	None
ChainingRodShaped	8068	2.5609	0.5	-28.2264	46.8157	0	-0.129375	-0.991596	0	7127	8067
ChainingRodShaped	8070	3.47568	0.5	18.3761	38.9764	0	0.125549	-0.992087	0	None	None
ChainingRodShaped	8072	3.91802	0.5	-22.8886	-23.0517	0	0.401016	0.916071	0	None	None
ChainingRodShaped	8074	3.75012	0.5	-33.6557	53.1377	0	0.138632	0.990344	0	None	None
ChainingRodShaped	8076	2.76527	0.5	-14.3134	84.9255	0	-0.318863	0.947801	0	None	None
ChainingRodShaped	8078	3.44775	0.5	-28.1736	68.374	0	0.037006	0.999315	0	None	None
ChainingRodShaped	8080	2.53171	0.5	-9.76703	89.3621	0	0.326494	-0.945199	0	8021	8079
ChainingRodShaped	8082	3.28059	0.5	-26.0361	-18.1715	0	-0.194808	-0.980841	0	None	None
ChainingRodShaped	8084	2.76195	0.5	16.2901	79.7385	0	-0.77444	-0.632648	0	None	None
ChainingRodShaped	8086	2.83206	0.5	-36.0817	114.42	0	-0.309829	-0.950792	0	None	8085
ChainingRodShaped	8088	2.89685	0.5	38.0905	22.0677	0	0.30943	-0.950922	0	None	None
ChainingRodShaped	8090	2.70737	0.5	1.36811	30.3347	0	-0.796204	-0.605028	0	None	None
ChainingRodShaped	8092	3.37001	0.5	-6.17966	55.95	0	0.0532333	-0.998582	0	None	None
ChainingRodShaped	8094	2.749	0.5	5.97677	18.4993	0	0.950198	-0.311647	0	None	None
ChainingRodShaped	8096	3.95714	0.5	15.7067	18.4761	0	0.922641	0.38566	0	None	None
ChainingRodShaped	8098	3.70068	0.5	-6.10829	1.16849	0	0.868919	0.494954	0	None	None
ChainingRodShaped	8100	2.85867	0.5	24.6642	-0.681813	0	-0.903234	0.429148	0	None	None
ChainingRodShaped	8102	3.33523	0.5	11.2088	35.6184	0	-0.489076	-0.872241	0	None	None
ChainingRodShaped	8104	3.28194	0.5	6.93621	79.3831	0	-0.599907	-0.80007	0	None	None
ChainingRodShaped	8106	3.87737	0.5	-18.1046	30.7049	0	-0.278816	-0.960345	0	None	None
ChainingRodShaped	8108	2.8371	0.5	-14.453	93.4274	0	-0.29018	-0.956972	0	None	None
ChainingRodShaped	8110	3.81965	0.5	-58.6886	26.0923	0	0.0986486	0.995122	0	None	None
ChainingRodShaped	8112	3.33129	0.5	-6.00255	42.0562	0	0.151963	-0.988386	0	None	None
ChainingRodShaped	8114	3.39757	0.5	54.4626	4.41335	0	-0.123026	-0.992403	0	None	None
ChainingRodShaped	8116	2.54925	0.5	-28.0583	-30.1932	0	-0.389747	-0.920922	0	6727	8115
ChainingRodShaped	8118	2.8471	0.5	54.7327	15.6759	0	-0.895735	0.444588	0	None	None
ChainingRodShaped	8120	3.30956	0.5	29.8439	85.883	0	-0.995605	-0.0936568	0	None	None
ChainingRodShaped	8122	2.85511	0.5	-9.07978	50.3553	0	-0.0641389	-0.997941	0	8153	8121
ChainingRodShaped	8124	3.68066	0.5	-20.5287	-9.60145	0	0.737091	0.675794	0	None	None
ChainingRodShaped	8126	3.69197	0.5	-3.75689	84.911	0	0.432978	-0.901405	0	None	None
ChainingRodShaped	8128	2.91484	0.5	25.5978	76.4884	0	0.937256	0.348642	0	None	None
ChainingRodShaped	8130	3.93054	0.5	14.2432	53.2741	0	0.387457	0.921888	0	None	None
ChainingRodShaped	8132	3.15789	0.5	-53.7255	35.7455	0	-0.0786312	-0.996904	0	7809	8131
ChainingRodShaped	8134	2.84203	0.5	5.98516	36.8737	0	0.60896	0.793201	0	None	None
ChainingRodShaped	8136	3.10607	0.5	14.4208	-4.09707	0	0.954924	-0.296851	0	None	None
ChainingRodShaped	8138	3.56987	0.5	46.3591	-2.28675	0	-0.453136	0.891442	0	None	None
ChainingRodShaped	8140	3.68089	0.5	27.4845	1.11496	0	0.75738	-0.652974	0	None	None
ChainingRodShaped	8142	2.77219	0.5	47.2552	14.3563	0	-0.164954	0.986301	0	None	None
ChainingRodShaped	8144	3.20346	0.5	-43.4223	16.7675	0	0.462419	0.886662	0	None	None
ChainingRodShaped	8146	2.80408	0.5	50.7555	-56.4439	0	-0.204586	-0.978849	0	7547	8145
ChainingRodShaped	8148	3.77495	0.5	-11.5523	-17.481	0	-0.673633	0.739066	0	None	None
ChainingRodShaped	8150	3.6989	0.5	-23.3386	42.0338	0	0.146469	-0.989215	0	None	None
ChainingRodShaped	8152	3.71531	0.5	-31.8965	9.95951	0	0.0949346	0.995484	0	None	None
ChainingRodShaped	8154	2.84141	0.5	-8.90443	57.9904	0	-0.00933676	-0.999956	0	5767	8153
ChainingRodShaped	8156	2.48524	0.5	-13.5185	41.3583	0	-0.221152	-0.975239	0	6929	8155
ChainingRodShaped	8158	3.72984	0.5	5.9968	81.0472	0	-0.590492	-0.807044	0	None	None
ChainingRodShaped	8160	3.78631	0.5	-11.0225	10.6061	0	0.0383914	0.999263	0	None	None
ChainingRodShaped	8162	2.72963	0.5	8.50584	39.4265	0	-0.477803	-0.878467	0	None	None
ChainingRodShaped	8164	2.91724	0.5	-24.0713	41.1403	0	0.141859	-0.989887	0	None	None
ChainingRodShaped	8166	2.7289	0.5	-14.5914	9.55501	0	-0.0155786	-0.999879	0	7715	8165
ChainingRodShaped	8168	2.88432	0.5	-15.4061	33.9707	0	-0.261906	-0.965093	0	8155	8167
ChainingRodShaped	8170	2.68399	0.5	-34.3899	-12.3681	0	-0.404176	0.914681	0	5832	8169
ChainingRodShaped	8172	3.68165	0.5	10.415	11.1088	0	0.906666	-0.42185	0	None	None
ChainingRodShaped	8174	2.66169	0.5	21.2134	16.8103	0	0.359102	-0.933298	0	None	None
ChainingRodShaped	8176	3.23907	0.5	-40.2519	91.0051	0	0.292201	0.956357	0	8801	8175
ChainingRodShaped	8178	3.41444	0.5	1.87046	41.4931	0	0.141285	-0.989969	0	None	None
ChainingRodShaped	8180	3.49794	0.5	-43.0721	42.2725	0	0.289104	0.957298	0	None	None
ChainingRodShaped	8182	2.89779	0.5	-8.44632	31.5717	0	-0.203421	-0.979091	0	None	None
ChainingRodShaped	8184	2.93051	0.5	45.2639	52.6633	0	-0.311438	0.950267	0	None	None
ChainingRodShaped	8186	3.00131	0.5	7.7699	48.4085	0	0.362387	0.932028	0	None	None
ChainingRodShaped	8188	3.60761	0.5	-30.8726	38.488	0	0.0591483	0.998249	0	None	None
ChainingRodShaped	8190	3.05388	0.5	-35.387	87.2189	0	-0.208355	-0.978053	0	None	8189
ChainingRodShaped	8192	2.98814	0.5	29.4378	29.7572	0	-0.408192	0.912896	0	None	None
ChainingRodShaped	8194	3.10394	0.5	-0.472115	14.6977	0	0.976035	-0.217614	0	None	None
ChainingRodShaped	8196	3.47579	0.5	-54.4507	38.974	0	0.0718845	0.997413	0	None	None
ChainingRodShaped	8198	3.14761	0.5	-45.2167	77.607	0	0.254702	0.96702	0	8419	8197
ChainingRodShaped	8200	3.62109	0.5	49.3573	49.3809	0	-0.468524	0.883451	0	None	None
ChainingRodShaped	8202	3.7681	0.5	30.5673	69.9452	0	-0.155048	-0.987907	0	None	None
ChainingRodShaped	8204	3.02394	0.5	49.0143	18.4297	0	0.260444	0.965489	0	None	None
ChainingRodShaped	8206	2.81018	0.5	-40.7031	8.2749	0	0.0591135	-0.998251	0	None	None
ChainingRodShaped	8208	3.58436	0.5	-0.998696	15.7085	0	0.975472	-0.220123	0	None	None
ChainingRodShaped	8210	3.66192	0.5	-51.9845	7.79484	0	0.849601	0.527426	0	None	None
ChainingRodShaped	8212	3.26311	0.5	-15.1494	105.124	0	0.310247	-0.950656	0	6889	8211
ChainingRodShaped	8214	3.02905	0.5	36.1695	-7.73094	0	-0.651579	0.75858	0	None	None
ChainingRodShaped	8216	3.49287	0.5	36.2641	80.0834	0	0.999949	0.010103	0	None	None
ChainingRodShaped	8218	2.6387	0.5	45.7224	32.839	0	-0.166587	0.986027	0	None	None
ChainingRodShaped	8220	3.13443	0.5	-41.8689	12.06	0	0.0689352	-0.997621	0	None	None
ChainingRodShaped	8222	3.39246	0.5	-12.1961	102.494	0	0.322727	-0.946492	0	None	None
ChainingRodShaped	8224	3.22226	0.5	-17.0167	-18.814	0	0.895958	-0.444138	0	None	None
ChainingRodShaped	8226	3.0145	0.5	-25.768	135.35	0	0.352048	-0.935982	0	None	8225
ChainingRodShaped	8228	2.84673	0.5	-17.7158	73.4122	0	-0.72458	-0.689191	0	None	None
ChainingRodShaped	8230	3.72961	0.5	30.1847	32.5063	0	0.39986	-0.916576	0	None	None
ChainingRodShaped	8232	2.74747	0.5	65.1238	67.4119	0	-0.831571	0.555419	0	8429	8231
ChainingRodShaped	8234	2.99719	0.5	-38.6106	-0.115737	0	0.175613	-0.984459	0	None	None
ChainingRodShaped	8236	3.25236	0.5	16.5026	-3.78842	0	0.931581	-0.363533	0	None	None
ChainingRodShaped	8238	2.96328	0.5	44.1266	21.1019	0	0.181988	-0.983301	0	5658	8237
ChainingRodShaped	8240	2.65492	0.5	54.6048	32.2305	0	0.169598	0.985513	0	None	None
ChainingRodShaped	8242	3.53592	0.5	57.6127	50.0203	0	0.147533	-0.989057	0	None	None
ChainingRodShaped	8244	2.91596	0.5	-27.9325	55.2062	0	0.12461	0.992206	0	None	None
ChainingRodShaped	8246	2.62509	0.5	-40.7485	-2.24738	0	-0.660994	0.750392	0	None	None
ChainingRodShaped	8248	3.43251	0.5	7.84102	32.5764	0	-0.640035	-0.768346	0	None	None
ChainingRodShaped	8250	2.93631	0.5	35.2515	35.3965	0	-0.239211	-0.970968	0	None	None
ChainingRodShaped	8252	2.90942	0.5	-12.0925	59.2911	0	0.368042	-0.929809	0	None	None
ChainingRodShaped	8254	3.39934	0.5	-39.8933	-9.09237	0	-0.618432	0.785839	0	None	None
ChainingRodShaped	8256	3.06373	0.5	13.9927	14.3519	0	-0.831453	0.555596	0	None	None
ChainingRodShaped	8258	2.71741	0.5	25.9704	83.168	0	-0.962297	-0.272001	0	None	None
ChainingRodShaped	8260	2.90843	0.5	0.719757	57.0298	0	0.283477	-0.958979	0	8451	8259
ChainingRodShaped	8262	3.03993	0.5	3.80399	1.25091	0	0.990683	0.136191	0	None	None
ChainingRodShaped	8264	3.7135	0.5	-23.9008	55.5472	0	0.152362	-0.988325	0	None	None
ChainingRodShaped	8266	3.09451	0.5	57.8439	42.9619	0	-0.563449	-0.826151	0	None	None
ChainingRodShaped	8268	2.52125	0.5	49.8655	-6.83845	0	0.228166	-0.973622	0	5653	8267
ChainingRodShaped	8270	3.41036	0.5	51.9978	56.2638	0	0.379718	-0.925102	0	None	None
ChainingRodShaped	8272	2.45035	0.5	-49.699	73.2189	0	-0.316484	-0.948598	0	4462	8271
ChainingRodShaped	8274	3.25344	0.5	31.5488	8.16049	0	0.475296	-0.879826	0	None	None
ChainingRodShaped	8276	2.92177	0.5	19.5707	26.2631	0	0.300654	-0.953733	0	None	None
ChainingRodShaped	8278	3.11523	0.5	-11.4453	65.6095	0	0.00865099	-0.999963	0	None	None
ChainingRodShaped	8280	3.14505	0.5	-40.3954	46.7201	0	0.160406	0.987051	0	None	None
ChainingRodShaped	8282	2.93745	0.5	-76.316	2.11321	0	-0.99992	0.0126224	0	9041	8281
ChainingRodShaped	8284	3.1125	0.5	54.5527	74.7237	0	-0.831789	0.555092	0	5992	8283
ChainingRodShaped	8286	3.46755	0.5	-46.8127	56.2457	0	0.441963	0.897033	0	None	None
ChainingRodShaped	8288	2.75854	0.5	31.7511	88.8628	0	0.719648	-0.694339	0	None	None
ChainingRodShaped	8290	3.47276	0.5	5.26656	71.7362	0	0.410051	-0.912063	0	None	None
ChainingRodShaped	8292	2.77425	0.5	-17.2915	48.8111	0	0.185746	0.982598	0	None	None
ChainingRodShaped	8294	2.61981	0.5	-25.0439	71.6456	0	-0.118013	-0.993012	0	8805	8293
ChainingRodShaped	8296	3.48736	0.5	42.2087	41.1362	0	-0.198165	0.980169	0	None	None
ChainingRodShaped	8298	3.42808	0.5	-55.4273	17.1942	0	-0.21153	-0.977372	0	None	None
ChainingRodShaped	8300	3.05953	0.5	-34.6276	22.5358	0	0.120766	0.992681	0	None	None
ChainingRodShaped	8302	2.87782	0.5	-7.84232	-15.7867	0	0.653724	-0.756733	0	None	None
ChainingRodShaped	8304	3.29048	0.5	9.01751	92.2192	0	0.984314	0.176423	0	None	None
ChainingRodShaped	8306	2.94574	0.5	-14.3867	-12.4746	0	0.717389	0.696673	0	None	None
ChainingRodShaped	8308	3.23341	0.5	5.43642	22.295	0	0.972676	-0.232166	0	None	None
ChainingRodShaped	8310	3.14246	0.5	9.05594	-1.86593	0	0.983845	-0.179023	0	None	None
ChainingRodShaped	8312	3.47342	0.5	50.3617	23.4263	0	-0.157706	0.987486	0	None	None
ChainingRodShaped	8314	3.3725	0.5	40.3664	-18.0618	0	0.75445	-0.656358	0	None	None
ChainingRodShaped	8316	2.75064	0.5	49.2327	67.5739	0	0.555461	-0.831543	0	None	None
ChainingRodShaped	8318	2.70889	0.5	-26.0705	26.7301	0	0.0586265	0.99828	0	6107	8317
ChainingRodShaped	8320	3.2727	0.5	33.3763	84.8376	0	-0.950655	-0.310249	0	None	None
ChainingRodShaped	8322	3.38635	0.5	-48.867	34.4951	0	0.241947	0.970289	0	None	None
ChainingRodShaped	8324	2.9653	0.5	18.0175	74.092	0	0.955306	0.295619	0	None	None
ChainingRodShaped	8326	3.62526	0.5	31.7996	26.8969	0	0.436209	-0.899846	0	None	None
ChainingRodShaped	8328	3.05257	0.5	28.6736	-4.44523	0	-0.821082	0.57081	0	7711	8327
ChainingRodShaped	8330	2.96858	0.5	6.56155	19.2258	0	0.953265	-0.302137	0	None	None
ChainingRodShaped	8332	2.81726	0.5	-1.08597	19.3517	0	-0.973814	0.227348	0	None	None
ChainingRodShaped	8334	3.19588	0.5	2.68485	7.75134	0	0.902639	-0.430398	0	None	None
ChainingRodShaped	8336	2.55418	0.5	-28.4829	33.348	0	-0.0467309	-0.998908	0	4803	8335
ChainingRodShaped	8338	3.00053	0.5	49.5276	34.1654	0	-0.273068	0.961995	0	None	None
ChainingRodShaped	8340	3.309	0.5	-36.0821	73.5479	0	0.116698	0.993167	0	None	None
ChainingRodShaped	8342	3.56215	0.5	-36.02	-16.1343	0	-0.35118	0.936308	0	None	None
ChainingRodShaped	8344	2.5826	0.5	-25.167	14.7665	0	-0.0564019	-0.998408	0	None	None
ChainingRodShaped	8346	2.79957	0.5	43.4692	8.59691	0	-0.17058	0.985344	0	None	None
ChainingRodShaped	8348	3.48876	0.5	13.4403	53.5577	0	-0.396594	-0.917994	0	None	None
ChainingRodShaped	8350	3.34097	0.5	-3.88854	89.0435	0	0.587563	-0.809178	0	None	None
ChainingRodShaped	8352	2.81766	0.5	33.1188	78.958	0	0.991192	0.132436	0	None	None
ChainingRodShaped	8354	2.85031	0.5	-32.8314	52.7045	0	0.148517	0.98891	0	None	None
ChainingRodShaped	8356	2.58777	0.5	10.0399	67.0713	0	0.824737	0.565516	0	None	None
ChainingRodShaped	8358	3.36371	0.5	-20.4189	52.0108	0	0.250286	-0.968172	0	None	None
ChainingRodShaped	8360	2.50484	0.5	45.8742	-15.1616	0	0.479491	-0.877547	0	4865	8359
ChainingRodShaped	8362	3.09726	0.5	12.3226	64.4905	0	-0.801447	-0.598066	0	None	None
ChainingRodShaped	8364	2.51543	0.5	-11.3939	0.648778	0	-0.919808	-0.39237	0	6211	8363
ChainingRodShaped	8366	2.88217	0.5	10.8328	24.4497	0	0.954212	-0.299132	0	None	None
ChainingRodShaped	8368	2.74405	0.5	9.0768	6.81514	0	0.920577	-0.39056	0	None	None
ChainingRodShaped	8370	2.84603	0.5	23.3665	58.5773	0	-0.143474	-0.989654	0	None	None
ChainingRodShaped	8372	2.93333	0.5	24.0793	66.9523	0	-0.58281	-0.812608	0	None	None
ChainingRodShaped	8374	2.80983	0.5	39.6321	76.2274	0	0.596641	-0.802508	0	None	None
ChainingRodShaped	8376	3.13763	0.5	50.8307	70.3921	0	0.476133	-0.879373	0	None	None
ChainingRodShaped	8378	2.6524	0.5	28.0181	14.9007	0	0.451556	-0.892243	0	None	None
ChainingRodShaped	8380	2.65298	0.5	-59.1323	44.9806	0	-0.272488	-0.962159	0	9547	8379
ChainingRodShaped	8382	2.8859	0.5	-43.4787	7.82947	0	0.0661362	-0.997811	0	None	None
ChainingRodShaped	8384	2.74551	0.5	47.1195	55.8475	0	0.132629	-0.991166	0	None	None
ChainingRodShaped	8386	3.15656	0.5	-14.2529	28.6622	0	-0.218526	-0.975831	0	None	None
ChainingRodShaped	8388	2.82272	0.5	-28.8106	13.4602	0	-0.0753725	-0.997155	0	None	None
ChainingRodShaped	8390	2.58853	0.5	43.7521	81.925	0	-0.961151	0.276023	0	None	None
ChainingRodShaped	8392	3.00568	0.5	21.5682	32.0186	0	0.265557	-0.964095	0	None	None
ChainingRodShaped	8394	2.59241	0.5	-39.0946	73.5898	0	-0.161188	-0.986924	0	None	None
ChainingRodShaped	8396	2.77261	0.5	23.7566	-10.728	0	-0.956863	-0.29054	0	None	None
ChainingRodShaped	8398	2.83059	0.5	-9.00954	95.8525	0	0.947466	-0.319856	0	None	None
ChainingRodShaped	8400	2.54447	0.5	47.1436	25.3047	0	-0.199274	0.979944	0	None	None
ChainingRodShaped	8402	2.6175	0.5	-9.84379	51.5091	0	-0.0786112	-0.996905	0	None	None
ChainingRodShaped	8404	2.53422	0.5	-43.3874	2.98456	0	-0.401593	0.915818	0	None	None
ChainingRodShaped	8406	2.52914	0.5	17.0819	0.90917	0	0.941607	-0.336713	0	None	None
ChainingRodShaped	8408	2.94749	0.5	-93.0257	2.92922	0	-0.997866	0.065297	0	7783	8407
ChainingRodShaped	8410	3.16962	0.5	-49.9601	10.9495	0	0.557049	0.83048	0	None	None
ChainingRodShaped	8412	2.64634	0.5	18.9118	17.8973	0	0.340313	-0.940312	0	None	None
ChainingRodShaped	8414	3.30864	0.5	18.1705	-9.42877	0	0.942361	0.334597	0	None	None
ChainingRodShaped	8416	3.15988	0.5	-38.9973	54.7378	0	0.166559	0.986031	0	None	None
ChainingRodShaped	8418	3.02644	0.5	-11.3444	43.5368	0	-0.170373	-0.98538	0	None	None
ChainingRodShaped	8420	2.45059	0.5	-46.8745	70.663	0	0.204265	0.978916	0	6122	8419
ChainingRodShaped	8422	3.25211	0.5	12.7708	79.2717	0	-0.746067	-0.665871	0	None	None
ChainingRodShaped	8424	2.80713	0.5	-53.1941	31.0614	0	-0.0972661	-0.995258	0	None	None
ChainingRodShaped	8426	2.87644	0.5	-41.3249	3.60582	0	0.200695	-0.979654	0	None	None
ChainingRodShaped	8428	2.96678	0.5	-7.65981	-9.61203	0	0.0582287	-0.998303	0	None	None
ChainingRodShaped	8430	2.95581	0.5	71.5688	63.3808	0	-0.864405	0.502796	0	9437	8429
ChainingRodShaped	8432	3.2617	0.5	-13.6654	85.9318	0	0.309355	-0.950947	0	None	None
ChainingRodShaped	8434	2.7846	0.5	-25.5019	7.58906	0	-0.0660856	-0.997814	0	None	None
ChainingRodShaped	8436	3.10104	0.5	28.0198	54.6049	0	0.058564	-0.998284	0	None	None
ChainingRodShaped	8438	2.5607	0.5	-24.3954	59.8246	0	0.0692666	-0.997598	0	None	None
ChainingRodShaped	8440	2.57441	0.5	46.7176	2.4865	0	-0.221024	0.975268	0	6001	8439
ChainingRodShaped	8442	2.96273	0.5	0.473372	63.7095	0	0.319865	-0.947463	0	None	None
ChainingRodShaped	8444	3.08442	0.5	-35.4478	30.3129	0	0.11709	0.993121	0	None	None
ChainingRodShaped	8446	3.19067	0.5	24.4434	86.7454	0	-0.874068	-0.485804	0	None	None
ChainingRodShaped	8448	3.37721	0.5	4.87337	82.5804	0	-0.638542	-0.769587	0	None	None
ChainingRodShaped	8450	2.63876	0.5	36.1951	3.3994	0	0.498198	-0.867063	0	9403	8449
ChainingRodShaped	8452	2.92161	0.5	-1.49543	64.0339	0	0.31666	-0.948539	0	6411	8451
ChainingRodShaped	8454	2.79355	0.5	47.5943	-23.3146	0	-0.726916	0.686726	0	None	8453
ChainingRodShaped	8456	3.30656	0.5	-41.1105	59.1407	0	-0.153392	-0.988165	0	None	None
ChainingRodShaped	8458	2.56917	0.5	15.3256	84.7486	0	-0.848372	-0.529401	0	None	None
ChainingRodShaped	8460	3.04494	0.5	14.9695	41.2128	0	-0.260208	-0.965552	0	None	None
ChainingRodShaped	8462	2.86883	0.5	34.7765	11.6241	0	0.492294	-0.870429	0	None	None
ChainingRodShaped	8464	3.34083	0.5	34.0975	49.3925	0	0.191456	0.981501	0	None	None
ChainingRodShaped	8466	2.59229	0.5	-46.4842	51.5825	0	0.259726	0.965682	0	None	None
ChainingRodShaped	8468	3.35817	0.5	30.3943	17.4229	0	0.644877	-0.764286	0	None	None
ChainingRodShaped	8470	3.05291	0.5	56.8341	48.5436	0	0.149534	-0.988757	0	None	None
ChainingRodShaped	8472	2.65874	0.5	-35.3155	-5.66602	0	-0.265363	0.964149	0	6703	8471
ChainingRodShaped	8474	3.03293	0.5	45.6184	72.252	0	0.456524	-0.889711	0	None	None
ChainingRodShaped	8476	3.12923	0.5	47.8826	66.1182	0	0.56036	-0.828249	0	None	None
ChainingRodShaped	8478	2.53699	0.5	-36.5089	26.8555	0	0.149263	0.988798	0	None	None
ChainingRodShaped	8480	3.16001	0.5	-22.372	67.2866	0	0.823868	-0.566781	0	None	None
ChainingRodShaped	8482	3.10406	0.5	37.1743	-15.3718	0	0.776637	-0.629949	0	None	None
ChainingRodShaped	8484	2.75175	0.5	31.2666	0.162223	0	0.727489	-0.686119	0	None	None
ChainingRodShaped	8486	2.64943	0.5	-55.3993	22.3556	0	-0.173466	-0.98484	0	9419	8485
ChainingRodShaped	8488	2.91265	0.5	-3.55659	-4.56917	0	0.905203	0.424979	0	None	None
ChainingRodShaped	8490	2.59788	0.5	22.6275	59.9628	0	-0.148983	-0.98884	0	None	None
ChainingRodShaped	8492	2.99621	0.5	-3.39913	18.9565	0	-0.980716	0.195438	0	None	None
ChainingRodShaped	8494	3.34709	0.5	40.8806	83.5169	0	-0.988155	0.153458	0	None	None
ChainingRodShaped	8496	2.59295	0.5	-16.3627	94.6499	0	0.996126	0.0879375	0	None	None
ChainingRodShaped	8498	2.8895	0.5	-40.3646	38.1893	0	0.271267	0.962504	0	None	None
ChainingRodShaped	8500	2.71102	0.5	-20.913	117.813	0	-0.0510194	-0.998698	0	None	8499
ChainingRodShaped	8502	2.8977	0.5	6.94702	35.4001	0	-0.616613	-0.787266	0	None	None
ChainingRodShaped	8504	2.69116	0.5	-37.7966	62.1553	0	0.146403	0.989225	0	None	None
ChainingRodShaped	8506	2.85747	0.5	0.349851	45.055	0	0.256405	-0.966569	0	None	None
ChainingRodShaped	8508	2.8109	0.5	-42.6946	10.6079	0	0.0589623	-0.99826	0	None	None
ChainingRodShaped	8510	2.95854	0.5	49.9154	56.3046	0	-0.375251	0.926923	0	None	None
ChainingRodShaped	8512	2.50947	0.5	-11.8272	81.4016	0	0.0876784	-0.996149	0	None	None
ChainingRodShaped	8514	2.90693	0.5	44.5169	62.6969	0	-0.551923	0.833895	0	None	None
ChainingRodShaped	8516	2.47704	0.5	-8.8093	70.0168	0	0.0172848	-0.999851	0	9033	8515
ChainingRodShaped	8518	2.77225	0.5	-50.0142	47.9939	0	0.0759605	0.997111	0	8573	8517
ChainingRodShaped	8520	2.62507	0.5	27.6525	20.1596	0	0.391863	-0.920024	0	6261	8519
ChainingRodShaped	8522	3.30649	0.5	-40.8197	49.9844	0	0.175316	0.984512	0	None	None
ChainingRodShaped	8524	2.9017	0.5	-52.6855	51.18	0	-0.0800062	-0.996794	0	8777	8523
ChainingRodShaped	8526	2.69034	0.5	88.6601	57.4742	0	0.897236	-0.441551	0	9069	8525
ChainingRodShaped	8528	2.75307	0.5	-28.2667	21.0912	0	-0.0719229	-0.99741	0	None	None
ChainingRodShaped	8530	2.97654	0.5	-7.81715	-17.3173	0	-0.653496	0.75693	0	None	None
ChainingRodShaped	8532	2.47282	0.5	4.82367	5.71553	0	-0.895066	0.445934	0	None	None
ChainingRodShaped	8534	3.20328	0.5	-41.6869	61.7737	0	-0.147142	-0.989115	0	None	None
ChainingRodShaped	8536	3.05251	0.5	26.8194	40.1298	0	0.268634	-0.963242	0	None	None
ChainingRodShaped	8538	3.12936	0.5	-6.9744	46.1139	0	-0.371277	0.928522	0	None	None
ChainingRodShaped	8540	2.99143	0.5	-57.0403	46.1172	0	0.220168	0.975462	0	None	None
ChainingRodShaped	8542	2.65277	0.5	54.7372	25.0536	0	0.643775	0.765215	0	None	None
ChainingRodShaped	8544	2.54369	0.5	47.4435	38.952	0	-0.202265	0.979331	0	None	None
ChainingRodShaped	8546	2.85415	0.5	-12.4449	7.93624	0	0.299003	0.954252	0	None	None
ChainingRodShaped	8548	2.55163	0.5	16.0729	71.9153	0	0.996514	0.0834273	0	None	None
ChainingRodShaped	8550	2.74861	0.5	-25.7062	34.2258	0	0.0465895	0.998914	0	8317	8549
ChainingRodShaped	8552	3.15826	0.5	22.3487	18.8001	0	0.374274	-0.927318	0	None	None
ChainingRodShaped	8554	2.69413	0.5	40.7647	77.892	0	0.99375	-0.111633	0	None	None
ChainingRodShaped	8556	2.92944	0.5	-30.3574	31.1768	0	0.041962	0.999119	0	None	None
ChainingRodShaped	8558	2.83392	0.5	4.95838	0.295963	0	-0.999582	-0.028911	0	5233	8557
ChainingRodShaped	8560	2.82411	0.5	27.4638	78.949	0	0.956351	0.292221	0	None	None
ChainingRodShaped	8562	2.72309	0.5	-42.6282	51.0674	0	-0.216259	-0.976336	0	None	None
ChainingRodShaped	8564	3.2878	0.5	6.16865	2.30721	0	0.993938	-0.109939	0	None	None
ChainingRodShaped	8566	2.67216	0.5	32.0745	2.00898	0	0.725542	-0.688178	0	None	None
ChainingRodShaped	8568	3.12156	0.5	-42.8909	54.3523	0	-0.197377	-0.980328	0	None	None
ChainingRodShaped	8570	2.73735	0.5	-22.9904	127.943	0	0.349222	-0.93704	0	8225	8569
ChainingRodShaped	8572	2.98991	0.5	-17.8577	41.3628	0	0.228806	0.973472	0	None	None
ChainingRodShaped	8574	2.55395	0.5	-50.5102	40.7528	0	0.0648578	0.997895	0	7697	8573
ChainingRodShaped	8576	2.97543	0.5	-7.77235	15.3336	0	-0.636147	0.771568	0	None	None
ChainingRodShaped	8578	3.06944	0.5	27.1787	12.5866	0	0.464982	-0.88532	0	None	None
ChainingRodShaped	8580	2.43434	0.5	23.0989	73.3825	0	0.889113	0.457688	0	None	None
ChainingRodShaped	8582	2.52061	0.5	3.68737	89.3906	0	0.673387	0.739291	0	None	None
ChainingRodShaped	8584	3.09204	0.5	27.91	92.2792	0	-0.999818	0.0191038	0	None	None
ChainingRodShaped	8586	3.11377	0.5	36.7353	-4.17305	0	0.679226	-0.733929	0	None	None
ChainingRodShaped	8588	2.69491	0.5	12.0877	5.23734	0	0.991285	-0.131736	0	None	None
ChainingRodShaped	8590	2.44959	0.5	16.7151	38.424	0	0.105814	-0.994386	0	None	None
ChainingRodShaped	8592	3.21924	0.5	25.909	33.6081	0	-0.317436	0.94828	0	None	None
ChainingRodShaped	8594	2.5871	0.5	-34.1452	9.31426	0	0.14038	-0.990098	0	None	None
ChainingRodShaped	8596	2.92631	0.5	14.0994	50.4622	0	-0.349326	-0.937001	0	None	None
ChainingRodShaped	8598	2.95355	0.5	28.8714	56.4619	0	0.0485742	-0.99882	0	None	None
ChainingRodShaped	8600	2.66931	0.5	-5.63347	4.68047	0	0.945058	0.326904	0	None	None
ChainingRodShaped	8602	3.18822	0.5	-34.4481	81.9964	0	0.222273	0.974984	0	None	None
ChainingRodShaped	8604	2.89563	0.5	-43.862	-3.91347	0	0.805313	-0.592849	0	None	None
ChainingRodShaped	8606	2.82217	0.5	-33.0069	14.7775	0	-0.352174	0.935935	0	None	None
ChainingRodShaped	8608	3.11826	0.5	22.484	83.5181	0	-0.873695	-0.486474	0	None	None
ChainingRodShaped	8610	2.3304	0.5	-46.2191	69.0258	0	0.199214	0.979956	0	7693	8609
ChainingRodShaped	8612	3.17739	0.5	-13.3115	-12.7754	0	0.720962	0.692974	0	None	None
ChainingRodShaped	8614	3.0515	0.5	-42.7812	60.8692	0	-0.137549	-0.990495	0	None	None
ChainingRodShaped	8616	2.71614	0.5	11.6671	39.924	0	-0.492404	-0.870367	0	None	None
ChainingRodShaped	8618	2.62911	0.5	-20.3871	86.9055	0	-0.124576	-0.99221	0	None	None
ChainingRodShaped	8620	2.93686	0.5	-21.5453	42.1103	0	0.126721	-0.991938	0	None	None
ChainingRodShaped	8622	2.71316	0.5	29.1838	49.0773	0	-0.37378	-0.927517	0	None	None
ChainingRodShaped	8624	2.68592	0.5	27.7334	76.2986	0	0.947555	0.319594	0	None	None
ChainingRodShaped	8626	2.70398	0.5	29.9282	8.11904	0	0.0400736	-0.999197	0	None	None
ChainingRodShaped	8628	2.7228	0.5	-46.4787	44.4521	0	0.0610838	0.998133	0	None	None
ChainingRodShaped	8630	3.16163	0.5	-8.57954	92.6448	0	0.520341	-0.853959	0	None	None
ChainingRodShaped	8632	2.75791	0.5	42.0526	-18.2153	0	-0.74829	0.663372	0	8453	8631
ChainingRodShaped	8634	2.78437	0.5	57.7848	55.3494	0	-0.228722	0.973492	0	6919	8633
ChainingRodShaped	8636	3.13915	0.5	-13.5182	57.7945	0	-0.123215	-0.99238	0	None	None
ChainingRodShaped	8638	2.62156	0.5	-45.29	48.3834	0	-0.0654423	-0.997856	0	None	None
ChainingRodShaped	8640	2.39858	0.5	-35.9759	7.60445	0	0.114079	-0.993472	0	None	None
ChainingRodShaped	8642	2.86857	0.5	25.0957	57.9312	0	-0.146362	-0.989231	0	None	None
ChainingRodShaped	8644	2.69757	0.5	-35.9364	34.5202	0	0.0954028	0.995439	0	None	None
ChainingRodShaped	8646	2.73431	0.5	-35.8699	12.0859	0	0.449469	-0.893296	0	None	None
ChainingRodShaped	8648	2.52677	0.5	25.2214	39.1459	0	0.255291	-0.966864	0	5833	8647
ChainingRodShaped	8650	2.49453	0.5	-0.46367	44.7393	0	0.246758	-0.969077	0	None	None
ChainingRodShaped	8652	2.82258	0.5	-12.9804	101.709	0	0.319292	-0.947656	0	None	None
ChainingRodShaped	8654	3.07172	0.5	-1.54339	10.697	0	-0.829348	-0.558732	0	None	None
ChainingRodShaped	8656	3.04043	0.5	45.8492	46.3275	0	-0.223495	0.974705	0	None	None
ChainingRodShaped	8658	2.87772	0.5	-24.4066	52.8474	0	0.153553	-0.98814	0	None	None
ChainingRodShaped	8660	2.41102	0.5	-16.3973	73.388	0	-0.73144	-0.681906	0	None	None
ChainingRodShaped	8662	3.04584	0.5	-43.9623	32.3951	0	-0.0109308	0.99994	0	None	None
ChainingRodShaped	8664	2.6343	0.5	-27.3186	68.2399	0	0.0469883	0.998895	0	None	None
ChainingRodShaped	8666	2.66158	0.5	16.8353	48.3152	0	-0.373985	-0.927435	0	None	None
ChainingRodShaped	8668	2.93233	0.5	40.7009	63.8826	0	0.104153	-0.994561	0	None	None
ChainingRodShaped	8670	2.53072	0.5	-43.7547	60.7083	0	-0.133573	-0.991039	0	None	None
ChainingRodShaped	8672	2.90261	0.5	34.1761	59.4072	0	0.206314	-0.978486	0	None	None
ChainingRodShaped	8674	2.76606	0.5	-19.9789	90.5373	0	0.110659	0.993858	0	None	None
ChainingRodShaped	8676	3.10536	0.5	32.5773	52.5898	0	0.0296413	-0.999561	0	None	None
ChainingRodShaped	8678	2.90937	0.5	2.52524	11.8906	0	0.901274	-0.433249	0	None	None
ChainingRodShaped	8680	3.09375	0.5	-16.5551	44.8781	0	0.0382849	-0.999267	0	None	None
ChainingRodShaped	8682	2.65098	0.5	14.4384	73.7194	0	0.968701	0.248232	0	None	None
ChainingRodShaped	8684	2.44814	0.5	4.81846	15.1394	0	0.964044	-0.265742	0	None	None
ChainingRodShaped	8686	2.98034	0.5	28.4418	62.0483	0	-0.165618	-0.98619	0	None	None
ChainingRodShaped	8688	2.55485	0.5	-20.2779	48.2214	0	0.0638755	-0.997958	0	None	None
ChainingRodShaped	8690	2.59699	0.5	-34.8977	0.506957	0	0.212502	-0.977161	0	None	None
ChainingRodShaped	8692	2.44492	0.5	-29.7087	27.2675	0	-0.054066	-0.998537	0	9011	8691
ChainingRodShaped	8694	3.09634	0.5	26.3048	82.322	0	-0.964979	-0.262327	0	None	None
ChainingRodShaped	8696	2.67656	0.5	-57.2496	4.2258	0	0.896693	0.442653	0	None	None
ChainingRodShaped	8698	2.77861	0.5	-8.27288	96.9593	0	0.833019	-0.553245	0	None	None
ChainingRodShaped	8700	3.03993	0.5	-24.2669	-2.61903	0	-0.11957	-0.992826	0	None	None
ChainingRodShaped	8702	2.36972	0.5	-4.54252	8.83336	0	0.729006	0.684507	0	None	None
ChainingRodShaped	8704	2.87243	0.5	-53.1695	24.0083	0	-0.16303	-0.986621	0	None	None
ChainingRodShaped	8706	2.82567	0.5	-33.9095	-16.2398	0	-0.331038	0.943618	0	None	None
ChainingRodShaped	8708	2.86196	0.5	54.5187	23.0884	0	0.999983	-0.00586567	0	None	None
ChainingRodShaped	8710	2.98939	0.5	42.8927	32.8919	0	-0.175905	0.984407	0	None	None
ChainingRodShaped	8712	2.37642	0.5	-27.0015	26.2421	0	-0.0619814	-0.998077	0	None	None
ChainingRodShaped	8714	2.48708	0.5	-3.62048	28.9109	0	0.815337	0.578986	0	None	None
ChainingRodShaped	8716	2.64388	0.5	25.9678	30.9797	0	0.473176	-0.880968	0	None	None
ChainingRodShaped	8718	3.00813	0.5	-17.5422	3.93019	0	0.754625	0.656156	0	None	None
ChainingRodShaped	8720	2.80975	0.5	-2.63515	91.9526	0	0.410092	-0.912044	0	None	None
ChainingRodShaped	8722	2.80794	0.5	2.208	55.1733	0	0.273872	-0.961766	0	None	None
ChainingRodShaped	8724	2.42457	0.5	35.3727	75.2876	0	-0.833624	-0.552332	0	None	None
ChainingRodShaped	8726	2.798	0.5	-29.5928	89.2268	0	0.259675	0.965696	0	None	None
ChainingRodShaped	8728	2.36913	0.5	-15.4535	44.9179	0	-0.174617	-0.984636	0	None	None
ChainingRodShaped	8730	2.81314	0.5	13.7578	94.9371	0	-0.189547	-0.981872	0	None	None
ChainingRodShaped	8732	2.43386	0.5	-53.4425	5.87031	0	0.999452	0.0331132	0	None	None
ChainingRodShaped	8734	2.71997	0.5	-38.6623	45.6142	0	0.174119	0.984725	0	None	None
ChainingRodShaped	8736	2.94978	0.5	49.6894	11.4501	0	-0.173902	0.984763	0	None	None
ChainingRodShaped	8738	2.42566	0.5	31.8167	60.4844	0	0.342643	0.939466	0	None	None
ChainingRodShaped	8740	2.68429	0.5	-39.3959	17.7414	0	0.0166501	-0.999861	0	None	None
ChainingRodShaped	8742	2.38297	0.5	30.8235	52.6783	0	0.049566	-0.998771	0	None	None
ChainingRodShaped	8744	2.80203	0.5	53.4517	3.59297	0	0.113079	0.993586	0	None	None
ChainingRodShaped	8746	2.82041	0.5	-38.3133	-9.49487	0	0.598167	-0.801371	0	None	None
ChainingRodShaped	8748	2.86573	0.5	24.7227	15.3869	0	0.361792	-0.932259	0	None	None
ChainingRodShaped	8750	2.39446	0.5	-30.6856	13.4787	0	-0.0851012	-0.996372	0	8767	8749
ChainingRodShaped	8752	2.90269	0.5	7.1362	71.0541	0	0.711498	-0.702688	0	None	None
ChainingRodShaped	8754	2.52558	0.5	5.03193	55.5681	0	0.400028	-0.916503	0	None	None
ChainingRodShaped	8756	2.82654	0.5	40.001	46.8873	0	-0.222916	0.974838	0	None	None
ChainingRodShaped	8758	2.98679	0.5	-35.9377	25.3709	0	-0.179511	-0.983756	0	None	None
ChainingRodShaped	8760	2.35532	0.5	25.17	19.127	0	0.391359	-0.920238	0	None	None
ChainingRodShaped	8762	2.54649	0.5	-42.1527	21.7834	0	0.34692	0.937895	0	None	None
ChainingRodShaped	8764	2.47293	0.5	21.2831	87.1592	0	-0.872166	-0.48921	0	None	None
ChainingRodShaped	8766	2.78054	0.5	-12.7793	57.1275	0	-0.110642	-0.99386	0	None	None
ChainingRodShaped	8768	2.48042	0.5	-30.1235	20.323	0	-0.0750041	-0.997183	0	8691	8767
ChainingRodShaped	8770	2.68773	0.5	36.3153	58.1522	0	0.223541	-0.974695	0	5745	8769
ChainingRodShaped	8772	2.74784	0.5	-33.7142	11.6181	0	0.370816	-0.928706	0	None	None
ChainingRodShaped	8774	2.4482	0.5	38.9753	22.4714	0	0.299907	-0.953969	0	None	None
ChainingRodShaped	8776	2.68829	0.5	-3.50457	64.5313	0	0.316366	-0.948637	0	None	None
ChainingRodShaped	8778	2.46531	0.5	-51.9628	58.2218	0	-0.132823	-0.99114	0	6113	8777
ChainingRodShaped	8780	2.36786	0.5	45.3414	55.9419	0	-0.796324	0.604871	0	None	None
ChainingRodShaped	8782	2.82861	0.5	-2.49831	36.3524	0	-0.595756	-0.803165	0	None	None
ChainingRodShaped	8784	2.28242	0.5	-21.3985	-16.3513	0	-0.567714	-0.823226	0	6112	8783
ChainingRodShaped	8786	2.96081	0.5	18.2987	53.7941	0	0.382627	0.923903	0	None	None
ChainingRodShaped	8788	2.70077	0.5	-12.4719	71.6757	0	0.0154526	-0.999881	0	None	None
ChainingRodShaped	8790	2.63958	0.5	-13.3895	88.3864	0	0.284457	-0.958689	0	None	None
ChainingRodShaped	8792	2.6722	0.5	-52.2213	31.3068	0	-0.0977404	-0.995212	0	None	None
ChainingRodShaped	8794	2.41878	0.5	50.2184	79.5938	0	-0.9174	0.397967	0	None	None
ChainingRodShaped	8796	2.46166	0.5	-22.1046	30.7497	0	-0.823616	-0.567148	0	None	None
ChainingRodShaped	8798	2.42532	0.5	15.2045	32.2279	0	0.0639462	-0.997953	0	None	None
ChainingRodShaped	8800	2.63401	0.5	54.7472	-7.88294	0	0.0765336	0.997067	0	6220	8799
ChainingRodShaped	8802	2.65806	0.5	-42.297	84.2109	0	0.282062	0.959396	0	7423	8801
ChainingRodShaped	8804	2.68144	0.5	18.0869	-1.43687	0	0.932632	-0.36083	0	None	None
ChainingRodShaped	8806	2.40006	0.5	-24.251	78.25	0	-0.119981	-0.992776	0	7951	8805
ChainingRodShaped	8808	2.44412	0.5	-5.31607	43.1658	0	0.169381	-0.985551	0	None	None
ChainingRodShaped	8810	2.79077	0.5	-9.70366	2.28696	0	-0.941477	-0.337077	0	None	None
ChainingRodShaped	8812	2.60189	0.5	-23.9799	47.827	0	0.331313	-0.943521	0	None	None
ChainingRodShaped	8814	2.60565	0.5	20.1658	17.0324	0	0.349722	-0.936854	0	None	None
ChainingRodShaped	8816	2.39725	0.5	-42.6998	67.8975	0	-0.144944	-0.98944	0	None	None
ChainingRodShaped	8818	2.87707	0.5	-24.4551	11.1221	0	-0.0962978	-0.995353	0	None	None
ChainingRodShaped	8820	2.44046	0.5	-19.586	40.8655	0	0.146467	-0.989216	0	None	None
ChainingRodShaped	8822	2.61893	0.5	-47.4129	44.3259	0	0.0666137	0.997779	0	None	None
ChainingRodShaped	8824	2.87273	0.5	52.4643	28.1452	0	0.663225	0.74842	0	None	None
ChainingRodShaped	8826	2.32403	0.5	-23.6046	5.11795	0	-0.859462	-0.5112	0	None	None
ChainingRodShaped	8828	2.43261	0.5	50.0296	-19.6909	0	0.386915	-0.922115	0	7731	8827
ChainingRodShaped	8830	2.77976	0.5	17.5046	39.1174	0	0.115763	-0.993277	0	None	None
ChainingRodShaped	8832	2.67065	0.5	-6.783	39.9012	0	-0.0891813	-0.996015	0	None	None
ChainingRodShaped	8834	2.37437	0.5	3.97444	82.8591	0	-0.646176	-0.763188	0	None	None
ChainingRodShaped	8836	2.83035	0.5	-25.8276	44.233	0	-0.122828	-0.992428	0	None	None
ChainingRodShaped	8838	2.34165	0.5	35.8799	91.1548	0	0.911283	-0.41178	0	7501	8837
ChainingRodShaped	8840	2.4731	0.5	4.38785	-6.72189	0	0.947892	0.318592	0	None	None
ChainingRodShaped	8842	2.74263	0.5	-18.4967	82.0203	0	-0.393662	-0.919255	0	None	None
ChainingRodShaped	8844	2.64343	0.5	-8.59718	35.0263	0	-0.23031	-0.973117	0	None	None
ChainingRodShaped	8846	2.78703	0.5	45.0004	1.58327	0	-0.152261	0.98834	0	None	None
ChainingRodShaped	8848	2.51423	0.5	51.4387	49.555	0	-0.478475	0.878101	0	None	None
ChainingRodShaped	8850	2.84602	0.5	10.7361	-7.59252	0	0.871175	0.490973	0	None	None
ChainingRodShaped	8852	2.37393	0.5	51.9778	-26.0262	0	0.198188	-0.980164	0	8827	8851
ChainingRodShaped	8854	2.71738	0.5	3.81785	-13.1546	0	0.888304	0.459256	0	None	None
ChainingRodShaped	8856	2.82114	0.5	-6.37978	-1.8521	0	0.883413	0.468595	0	None	None
ChainingRodShaped	8858	2.355	0.5	49.6888	74.1289	0	-0.535131	0.844769	0	6018	8857
ChainingRodShaped	8860	2.25474	0.5	33.8083	5.7556	0	0.48219	-0.876067	0	6937	8859
ChainingRodShaped	8862	2.85669	0.5	-17.2486	-5.07761	0	0.905402	0.424556	0	None	None
ChainingRodShaped	8864	2.41416	0.5	56.5778	-1.2925	0	-0.114816	-0.993387	0	7281	8863
ChainingRodShaped	8866	2.53658	0.5	-51.8339	4.96467	0	0.99907	0.0431066	0	None	None
ChainingRodShaped	8868	2.36876	0.5	-7.52701	5.92794	0	0.942038	0.335506	0	None	None
ChainingRodShaped	8870	2.34843	0.5	-11.2986	-0.286318	0	0.915861	0.401495	0	None	None
ChainingRodShaped	8872	2.57292	0.5	52.2627	19.7858	0	0.243393	0.969928	0	None	None
ChainingRodShaped	8874	2.53861	0.5	-6.13674	62.0314	0	-0.268506	-0.963278	0	None	None
ChainingRodShaped	8876	2.74601	0.5	-42.5126	38.0898	0	-0.0303375	0.99954	0	None	None
ChainingRodShaped	8878	2.29703	0.5	54.0935	-27.079	0	0.15994	-0.987127	0	7205	8877
ChainingRodShaped	8880	2.44934	0.5	-39.6251	0.0958308	0	0.175004	-0.984568	0	None	None
ChainingRodShaped	8882	2.72891	0.5	19.1701	65.9839	0	0.518759	0.85492	0	None	None
ChainingRodShaped	8884	2.44056	0.5	44.7838	-80.0112	0	-0.260544	-0.965462	0	6226	8883
ChainingRodShaped	8886	2.59661	0.5	6.24931	11.9319	0	0.918239	-0.396027	0	None	None
ChainingRodShaped	8888	2.83061	0.5	-0.543729	71.8608	0	0.340757	-0.940151	0	None	None
ChainingRodShaped	8890	2.56976	0.5	15.5174	68.6528	0	0.824352	0.566077	0	None	None
ChainingRodShaped	8892	2.4143	0.5	-22.0753	8.38223	0	-0.174854	-0.984594	0	None	None
ChainingRodShaped	8894	2.30311	0.5	57.8706	33.6757	0	0.191209	0.981549	0	None	None
ChainingRodShaped	8896	2.38426	0.5	11.5388	85.5692	0	-0.780205	-0.625524	0	None	None
ChainingRodShaped	8898	2.79462	0.5	36.5279	32.8183	0	-0.208544	-0.978013	0	None	None
ChainingRodShaped	8900	2.79583	0.5	18.1323	77.8373	0	-0.949027	-0.315193	0	None	None
ChainingRodShaped	8902	2.36853	0.5	-21.4521	94.879	0	-0.0976518	-0.995221	0	9181	8901
ChainingRodShaped	8904	2.53376	0.5	18.2028	17.1778	0	0.330953	-0.943647	0	None	None
ChainingRodShaped	8906	2.57657	0.5	-22.1383	-13.6742	0	0.96855	0.248817	0	None	None
ChainingRodShaped	8908	2.69693	0.5	11.2591	0.598251	0	0.986336	-0.164744	0	None	None
ChainingRodShaped	8910	2.54137	0.5	-37.7198	41.5436	0	-0.221391	-0.975185	0	None	8909
ChainingRodShaped	8912	2.6459	0.5	-2.33233	0.876109	0	0.969703	0.244286	0	None	None
ChainingRodShaped	8914	2.78401	0.5	27.6347	62.5197	0	-0.166141	-0.986102	0	None	None
ChainingRodShaped	8916	2.36584	0.5	-17.7502	-2.28943	0	-0.899624	-0.436665	0	8363	8915
ChainingRodShaped	8918	2.31112	0.5	44.0896	71.1388	0	0.441072	-0.897472	0	None	None
ChainingRodShaped	8920	2.46497	0.5	-6.94229	34.5539	0	-0.255745	-0.966744	0	None	None
ChainingRodShaped	8922	2.67383	0.5	-24.2911	36.1735	0	0.251994	-0.967729	0	None	None
ChainingRodShaped	8924	2.30481	0.5	46.9177	49.7814	0	-0.243099	0.970001	0	None	None
ChainingRodShaped	8926	2.44164	0.5	-50.7668	11.3997	0	-0.566328	-0.82418	0	6421	8925
ChainingRodShaped	8928	2.33304	0.5	9.54988	-7.1503	0	0.874952	0.484209	0	None	None
ChainingRodShaped	8930	2.7207	0.5	-25.0302	30.1826	0	-0.0347463	-0.999396	0	None	None
ChainingRodShaped	8932	2.45621	0.5	-32.7665	0.469097	0	0.0555843	0.998454	0	None	None
ChainingRodShaped	8934	2.74157	0.5	-34.9865	-16.1032	0	0.340454	-0.940261	0	None	None
ChainingRodShaped	8936	2.46075	0.5	-49.442	42.3366	0	0.0666148	0.997779	0	6152	8935
ChainingRodShaped	8938	2.43159	0.5	-19.1793	44.4497	0	0.0489606	-0.998801	0	None	None
ChainingRodShaped	8940	2.53048	0.5	-51.648	3.33237	0	0.847493	0.530807	0	None	None
ChainingRodShaped	8942	2.56541	0.5	-1.49686	16.7209	0	0.97663	-0.214925	0	None	None
ChainingRodShaped	8944	2.38809	0.5	35.7909	7.92164	0	0.483972	-0.875083	0	None	None
ChainingRodShaped	8946	2.38928	0.5	59.852	27.0888	0	0.107088	0.99425	0	7153	8945
ChainingRodShaped	8948	2.20288	0.5	-43.4059	88.9032	0	-0.318504	-0.947922	0	6196	8947
ChainingRodShaped	8950	2.67868	0.5	-33.8517	75.5632	0	0.215593	0.976483	0	None	None
ChainingRodShaped	8952	2.28345	0.5	53.5221	37.1706	0	-0.621397	-0.783496	0	None	None
ChainingRodShaped	8954	2.31813	0.5	-52.5908	38.1037	0	-0.0686468	-0.997641	0	None	None
ChainingRodShaped	8956	2.37614	0.5	32.0639	43.0287	0	0.792272	0.610168	0	None	None
ChainingRodShaped	8958	2.65166	0.5	21.5705	5.97686	0	0.800587	-0.599216	0	None	None
ChainingRodShaped	8960	2.28954	0.5	26.7312	72.6172	0	-0.686771	-0.726874	0	None	None
ChainingRodShaped	8962	2.45223	0.5	-21.2514	87.6771	0	-0.120158	-0.992755	0	None	None
ChainingRodShaped	8964	2.65305	0.5	30.8032	-11.7937	0	-0.815741	0.578417	0	None	None
ChainingRodShaped	8966	2.41944	0.5	18.6705	24.7828	0	-0.0427885	-0.999084	0	None	None
ChainingRodShaped	8968	2.26241	0.5	53.051	-37.156	0	0.00855703	-0.999963	0	5853	8967
ChainingRodShaped	8970	2.58361	0.5	35.0493	41.9372	0	-0.194043	-0.980993	0	None	None
ChainingRodShaped	8972	2.56154	0.5	-17.3	-12.7815	0	0.664423	0.747357	0	None	None
ChainingRodShaped	8974	2.32133	0.5	-1.93579	92.8714	0	0.371757	-0.92833	0	None	None
ChainingRodShaped	8976	2.46654	0.5	7.58222	33.5754	0	-0.632315	-0.774711	0	None	None
ChainingRodShaped	8978	2.35847	0.5	1.63372	80.8601	0	0.460131	0.887851	0	None	None
ChainingRodShaped	8980	2.31224	0.5	-5.16834	34.4462	0	-0.331459	-0.94347	0	None	None
ChainingRodShaped	8982	2.56039	0.5	-40.1017	73.4193	0	-0.142215	-0.989836	0	None	None
ChainingRodShaped	8984	2.51893	0.5	11.9125	84.6755	0	-0.776372	-0.630275	0	None	None
ChainingRodShaped	8986	2.30377	0.5	-55.3013	6.59339	0	-0.804584	-0.593839	0	8925	8985
ChainingRodShaped	8988	2.62344	0.5	8.01415	61.3532	0	0.42231	-0.906451	0	None	None
ChainingRodShaped	8990	2.26756	0.5	41.4604	40.1407	0	-0.200276	0.979739	0	None	None
ChainingRodShaped	8992	2.38254	0.5	-25.388	23.1362	0	-0.0618968	-0.998083	0	None	None
ChainingRodShaped	8994	2.41846	0.5	61.1823	35.2717	0	-0.000366135	1	0	None	None
ChainingRodShaped	8996	2.45087	0.5	-39.833	9.073	0	0.0784903	-0.996915	0	None	None
ChainingRodShaped	8998	2.26473	0.5	44.7603	22.9621	0	0.179016	-0.983846	0	None	None
ChainingRodShaped	9000	2.2398	0.5	25.3011	28.4485	0	0.322657	-0.946516	0	None	None
ChainingRodShaped	9002	2.31964	0.5	46.6527	61.0643	0	-0.513039	0.858365	0	None	None
ChainingRodShaped	9004	2.35005	0.5	38.5605	30.226	0	0.426813	-0.90434	0	None	None
ChainingRodShaped	9006	2.31683	0.5	-72.7553	1.17809	0	-0.998991	-0.0449205	0	6326	9005
ChainingRodShaped	9008	2.59027	0.5	34.6894	52.989	0	0.244913	-0.969545	0	None	None
ChainingRodShaped	9010	2.24527	0.5	-12.6285	-8.23221	0	0.761513	0.648149	0	None	None
ChainingRodShaped	9012	2.39768	0.5	-29.3446	34.0532	0	-0.0559812	-0.998432	0	5871	9011
ChainingRodShaped	9014	2.28997	0.5	4.08985	4.31079	0	-0.999977	0.00674638	0	7795	9013
ChainingRodShaped	9016	2.37179	0.5	55.2411	52.8512	0	-0.330436	-0.943828	0	None	None
ChainingRodShaped	9018	2.47052	0.5	47.0247	30.9337	0	-0.173039	0.984915	0	None	None
ChainingRodShaped	9020	2.2784	0.5	-10.6775	17.0446	0	0.975255	-0.221081	0	None	None
ChainingRodShaped	9022	2.34324	0.5	36.7555	45.3356	0	0.189366	-0.981906	0	None	None
ChainingRodShaped	9024	2.32664	0.5	15.4056	83.7058	0	-0.8447	-0.535239	0	None	None
ChainingRodShaped	9026	2.25604	0.5	-16.2106	21.1553	0	-0.204301	-0.978908	0	None	None
ChainingRodShaped	9028	2.33408	0.5	-34.7723	36.5726	0	0.205997	0.978553	0	None	None
ChainingRodShaped	9030	2.35281	0.5	5.32724	25.5428	0	-0.85461	-0.519271	0	None	None
ChainingRodShaped	9032	2.22562	0.5	-11.5398	72.6651	0	0.00694589	-0.999976	0	None	None
ChainingRodShaped	9034	2.16598	0.5	-8.97308	76.6225	0	0.0320431	-0.999486	0	7881	9033
ChainingRodShaped	9036	2.20935	0.5	39.6442	39.7767	0	-0.201544	0.979479	0	6306	9035
ChainingRodShaped	9038	2.34765	0.5	-57.4292	38.8118	0	-0.15938	0.987217	0	None	None
ChainingRodShaped	9040	2.38878	0.5	-3.43528	97.6265	0	0.945299	-0.326204	0	None	None
ChainingRodShaped	9042	2.2278	0.5	-69.6018	2.27578	0	-0.997426	-0.0717044	0	7621	9041
ChainingRodShaped	9044	2.51276	0.5	-20.8708	14.954	0	-0.197865	-0.980229	0	None	None
ChainingRodShaped	9046	2.29692	0.5	2.69933	29.0871	0	-0.786999	-0.616954	0	None	None
ChainingRodShaped	9048	2.34433	0.5	56.9828	25.9428	0	0.769978	0.63807	0	None	None
ChainingRodShaped	9050	2.51217	0.5	-30.8665	70.6379	0	0.168655	0.985675	0	None	None
ChainingRodShaped	9052	2.49634	0.5	-1.68397	53.1394	0	0.363336	-0.931658	0	None	None
ChainingRodShaped	9054	2.50231	0.5	28.8799	-11.6584	0	-0.82104	0.57087	0	None	None
ChainingRodShaped	9056	2.22719	0.5	-10.7617	-7.90558	0	0.786623	0.617434	0	None	None
ChainingRodShaped	9058	2.35503	0.5	24.4638	65.2907	0	-0.196541	-0.980496	0	None	None
ChainingRodShaped	9060	2.41621	0.5	-18.5393	77.2645	0	-0.483171	-0.875526	0	None	None
ChainingRodShaped	9062	2.27821	0.5	-39.5743	35.0019	0	-0.33006	-0.94396	0	8909	9061
ChainingRodShaped	9064	2.28199	0.5	-22.8004	82.4297	0	-0.112863	-0.993611	0	4689	9063
ChainingRodShaped	9066	2.311	0.5	38.2674	9.21872	0	0.48634	-0.87377	0	None	None
ChainingRodShaped	9068	2.32286	0.5	-16.4049	10.1624	0	-0.0262629	-0.999655	0	None	None
ChainingRodShaped	9070	2.32042	0.5	82.7285	60.6247	0	0.866921	-0.498446	0	5301	9069
ChainingRodShaped	9072	2.51429	0.5	26.665	67.7114	0	-0.170203	-0.985409	0	None	None
ChainingRodShaped	9074	2.25585	0.5	-38.473	23.1668	0	0.0238222	0.999716	0	7029	9073
ChainingRodShaped	9076	2.47761	0.5	-38.2304	53.5596	0	0.159774	0.987154	0	None	None
ChainingRodShaped	9078	2.48301	0.5	21.1967	93.2924	0	-0.957669	-0.287871	0	None	None
ChainingRodShaped	9080	2.45672	0.5	20.1867	27.3471	0	0.305864	-0.952075	0	None	None
ChainingRodShaped	9082	2.34501	0.5	-10.1826	31.6715	0	0.198768	0.980047	0	None	None
ChainingRodShaped	9084	2.39166	0.5	54.803	17.695	0	-0.250563	0.9681	0	None	None
ChainingRodShaped	9086	2.50143	0.5	-7.26672	27.6771	0	0.860474	0.509494	0	None	None
ChainingRodShaped	9088	2.44149	0.5	29.5253	58.6623	0	0.469424	-0.882973	0	None	None
ChainingRodShaped	9090	2.25802	0.5	27.6264	68.187	0	-0.160339	-0.987062	0	None	None
ChainingRodShaped	9092	2.35111	0.5	-37.8996	1.39851	0	0.178121	-0.984009	0	None	None
ChainingRodShaped	9094	2.25239	0.5	39.9564	87.6048	0	-0.995969	0.089703	0	None	None
ChainingRodShaped	9096	2.51172	0.5	-16.8593	84.8851	0	0.708466	-0.705745	0	None	None
ChainingRodShaped	9098	2.34818	0.5	-44.5753	61.7959	0	-0.13996	-0.990157	0	None	None
ChainingRodShaped	9100	2.27888	0.5	-29.6012	15.2941	0	-0.0753676	-0.997156	0	6322	9099
ChainingRodShaped	9102	2.27375	0.5	19.1312	39.6098	0	-0.135516	0.990775	0	None	None
ChainingRodShaped	9104	2.18329	0.5	-36.8905	0.992851	0	-0.187963	0.982176	0	8471	9103
ChainingRodShaped	9106	2.19266	0.5	-5.73453	-2.50947	0	-0.899001	-0.437947	0	6406	9105
ChainingRodShaped	9108	2.36729	0.5	-0.0628265	20.9405	0	0.972077	-0.234661	0	None	None
ChainingRodShaped	9110	2.26639	0.5	32.9453	83.7321	0	-0.953708	-0.300735	0	None	None
ChainingRodShaped	9112	2.23709	0.5	-7.80815	75.0854	0	0.286778	-0.957997	0	None	None
ChainingRodShaped	9114	2.50544	0.5	-27.0089	62.9657	0	0.110307	0.993898	0	None	None
ChainingRodShaped	9116	2.19103	0.5	-15.3863	73.0785	0	-0.738197	-0.674585	0	None	None
ChainingRodShaped	9118	2.35909	0.5	44.003	37.0503	0	-0.181787	0.983338	0	None	None
ChainingRodShaped	9120	2.18054	0.5	-56.5436	36.0664	0	0.103777	0.994601	0	None	None
ChainingRodShaped	9122	2.49166	0.5	-16.425	68.0376	0	-0.405327	-0.914172	0	None	None
ChainingRodShaped	9124	2.4043	0.5	44.129	26.1474	0	-0.183718	0.982979	0	None	None
ChainingRodShaped	9126	2.22595	0.5	28.8533	-6.88408	0	0.831723	-0.555191	0	None	None
ChainingRodShaped	9128	2.25904	0.5	45.8585	16.731	0	0.175913	-0.984406	0	None	None
ChainingRodShaped	9130	2.24777	0.5	30.3314	47.2231	0	-0.559088	-0.829108	0	None	None
ChainingRodShaped	9132	2.17048	0.5	-19.4336	3.61848	0	-0.18498	-0.982742	0	None	None
ChainingRodShaped	9134	2.49936	0.5	-16.174	57.8436	0	0.152978	0.98823	0	None	None
ChainingRodShaped	9136	2.17547	0.5	-7.50069	-4.51533	0	0.846405	0.53254	0	None	None
ChainingRodShaped	9138	2.26667	0.5	55.8692	-8.13186	0	-0.0928245	-0.995682	0	8863	9137
ChainingRodShaped	9140	2.30818	0.5	-4.4092	30.4524	0	0.803966	0.594676	0	None	None
ChainingRodShaped	9142	2.26188	0.5	-50.5628	60.8627	0	-0.17291	-0.984938	0	None	None
ChainingRodShaped	9144	2.36095	0.5	-34.4636	68.5068	0	0.237747	0.971327	0	None	None
ChainingRodShaped	9146	2.4073	0.5	-18.3704	74.071	0	-0.725484	-0.68824	0	None	None
ChainingRodShaped	9148	2.1654	0.5	2.68624	56.7469	0	0.283281	-0.959037	0	None	None
ChainingRodShaped	9150	2.48367	0.5	-18.8962	57.7122	0	-0.188628	-0.982049	0	None	None
ChainingRodShaped	9152	2.42929	0.5	7.95096	84.9772	0	-0.740918	-0.671596	0	None	None
ChainingRodShaped	9154	2.16493	0.5	-18.789	32.8765	0	-0.701441	-0.712728	0	None	None
ChainingRodShaped	9156	2.44725	0.5	26.9266	8.79538	0	0.878815	-0.477162	0	None	None
ChainingRodShaped	9158	2.32631	0.5	17.087	55.5668	0	-0.385628	-0.922654	0	6300	9157
ChainingRodShaped	9160	2.2825	0.5	30.1728	-4.35586	0	-0.824131	0.566399	0	None	None
ChainingRodShaped	9162	2.35762	0.5	35.5451	12.1577	0	0.490583	-0.871394	0	None	None
ChainingRodShaped	9164	2.40079	0.5	36.1201	-4.83836	0	0.676919	-0.736057	0	None	None
ChainingRodShaped	9166	2.29723	0.5	-45.3084	37.6287	0	-0.25506	-0.966925	0	5843	9165
ChainingRodShaped	9168	2.17383	0.5	54.5014	40.0552	0	-0.602627	-0.798023	0	None	None
ChainingRodShaped	9170	2.178	0.5	10.9454	27.7521	0	-0.889435	-0.457062	0	None	None
ChainingRodShaped	9172	2.17707	0.5	49.1116	-63.6266	0	-0.239698	-0.970847	0	8145	9171
ChainingRodShaped	9174	2.20571	0.5	14.7809	49.7166	0	-0.354281	-0.935139	0	9157	9173
ChainingRodShaped	9176	2.29373	0.5	-5.19953	14.7605	0	0.979457	-0.201653	0	None	None
ChainingRodShaped	9178	2.16638	0.5	-41.6953	15.9689	0	-0.440932	-0.897541	0	None	None
ChainingRodShaped	9180	2.23627	0.5	-7.09365	65.6809	0	-0.0202843	-0.999794	0	None	None
ChainingRodShaped	9182	2.13615	0.5	-20.8968	101.189	0	-0.0766098	-0.997061	0	6334	9181
ChainingRodShaped	9184	2.231	0.5	-40.1256	66.1015	0	-0.135017	-0.990843	0	None	None
ChainingRodShaped	9186	2.19182	0.5	-13.7651	95.7809	0	0.842283	-0.539036	0	None	None
ChainingRodShaped	9188	2.42743	0.5	-6.23263	97.9522	0	-0.831297	0.555829	0	None	None
ChainingRodShaped	9190	2.25401	0.5	-58.3732	9.31713	0	-0.265518	-0.964106	0	9261	9189
ChainingRodShaped	9192	2.18942	0.5	-35.8805	17.0759	0	0.723019	-0.690828	0	None	None
ChainingRodShaped	9194	2.2196	0.5	17.3716	27.1799	0	-0.752789	-0.658262	0	None	None
ChainingRodShaped	9196	2.20257	0.5	-18.8802	-21.1207	0	0.897238	-0.441548	0	None	None
ChainingRodShaped	9198	2.39857	0.5	-29.0431	70.1348	0	0.150381	0.988628	0	None	None
ChainingRodShaped	9200	2.38229	0.5	12.8151	7.30333	0	0.976235	-0.216713	0	None	None
ChainingRodShaped	9202	2.37069	0.5	34.6932	61.5792	0	0.209425	-0.977825	0	None	None
ChainingRodShaped	9204	2.23064	0.5	-26.2041	88.0678	0	0.295599	0.955312	0	None	None
ChainingRodShaped	9206	2.317	0.5	-25.4849	83.4745	0	0.103718	0.994607	0	None	None
ChainingRodShaped	9208	2.17616	0.5	40.3173	10.2413	0	-0.138475	0.990366	0	None	None
ChainingRodShaped	9210	2.35842	0.5	8.09322	57.8407	0	0.692386	-0.721527	0	None	None
ChainingRodShaped	9212	2.34336	0.5	15.1755	-6.2934	0	-0.887891	-0.460054	0	None	None
ChainingRodShaped	9214	2.16995	0.5	18.9284	84.7414	0	-0.867446	-0.497531	0	None	None
ChainingRodShaped	9216	2.41763	0.5	3.50479	62.9874	0	0.337697	-0.941255	0	None	None
ChainingRodShaped	9218	2.15455	0.5	10.7589	86.1324	0	-0.786387	-0.617734	0	None	None
ChainingRodShaped	9220	2.36145	0.5	15.3554	28.0803	0	-0.576883	-0.816827	0	None	None
ChainingRodShaped	9222	2.14727	0.5	-46.8394	31.5007	0	-0.229175	-0.973385	0	9165	9221
ChainingRodShaped	9224	2.21692	0.5	4.60957	27.1348	0	0.843989	0.53636	0	None	None
ChainingRodShaped	9226	2.25965	0.5	54.4899	-37.5137	0	-0.105647	0.994404	0	7761	9225
ChainingRodShaped	9228	2.26567	0.5	-37.3454	12.233	0	-0.0697674	0.997563	0	6508	9227
ChainingRodShaped	9230	2.22553	0.5	19.6266	36.4447	0	0.185761	-0.982595	0	None	None
ChainingRodShaped	9232	2.25973	0.5	30.9315	26.5687	0	0.429804	-0.902922	0	None	None
ChainingRodShaped	9234	2.19985	0.5	-36.6099	15.3901	0	0.0536248	-0.998561	0	None	None
ChainingRodShaped	9236	2.37781	0.5	3.9298	72.7964	0	0.400836	-0.91615	0	None	None
ChainingRodShaped	9238	2.30007	0.5	28.9167	33.2519	0	0.357773	-0.933808	0	None	None
ChainingRodShaped	9240	2.20932	0.5	14.2278	33.774	0	0.0194436	-0.999811	0	None	None
ChainingRodShaped	9242	2.2911	0.5	37.2587	57.9265	0	-0.213791	0.976879	0	None	None
ChainingRodShaped	9244	2.22355	0.5	37.6246	71.5564	0	0.431777	-0.90198	0	None	None
ChainingRodShaped	9246	2.35855	0.5	-33.7121	37.3299	0	0.215794	0.976439	0	None	None
ChainingRodShaped	9248	2.19806	0.5	26.1154	64.4531	0	-0.166122	-0.986105	0	None	None
ChainingRodShaped	9250	2.36716	0.5	38.7202	39.692	0	0.201951	-0.979396	0	None	None
ChainingRodShaped	9252	2.28485	0.5	33.248	70.8142	0	0.828069	0.560627	0	None	None
ChainingRodShaped	9254	2.16492	0.5	-59.1411	33.2447	0	-0.142488	0.989797	0	None	None
ChainingRodShaped	9256	2.33009	0.5	3.31792	94.5757	0	-0.992206	-0.124605	0	None	None
ChainingRodShaped	9258	2.23046	0.5	-20.5541	25.3611	0	-0.279498	-0.960146	0	None	None
ChainingRodShaped	9260	2.23719	0.5	-53.928	47.4343	0	0.0561073	0.998425	0	None	None
ChainingRodShaped	9262	2.24661	0.5	-56.814	15.4303	0	-0.226149	-0.974093	0	8485	9261
ChainingRodShaped	9264	2.29558	0.5	52.7577	6.84659	0	0.0286567	-0.999589	0	None	None
ChainingRodShaped	9266	2.12985	0.5	-13.5523	3.58814	0	0.926401	0.376539	0	None	None
ChainingRodShaped	9268	2.32338	0.5	34.0299	41.3556	0	-0.188644	-0.982045	0	None	None
ChainingRodShaped	9270	2.22048	0.5	51.5172	46.8001	0	-0.222661	0.974896	0	None	None
ChainingRodShaped	9272	2.11986	0.5	9.27604	43.1129	0	0.399326	0.916809	0	None	None
ChainingRodShaped	9274	2.30409	0.5	-17.0483	-5.96948	0	0.909616	0.415449	0	None	None
ChainingRodShaped	9276	2.16708	0.5	-29.3739	76.6375	0	-0.133116	0.991101	0	None	None
ChainingRodShaped	9278	2.30159	0.5	13.8957	-1.91777	0	0.962164	-0.272472	0	None	None
ChainingRodShaped	9280	2.31507	0.5	44.8484	42.1777	0	-0.201893	0.979408	0	None	None
ChainingRodShaped	9282	2.21266	0.5	-43.3832	21.1962	0	0.37619	0.926542	0	None	None
ChainingRodShaped	9284	2.27349	0.5	53.4142	55.9179	0	0.144367	-0.989524	0	None	None
ChainingRodShaped	9286	2.31435	0.5	31.9822	18.2861	0	0.629386	-0.777093	0	None	None
ChainingRodShaped	9288	2.19103	0.5	22.071	67.1409	0	-0.58275	-0.812652	0	None	None
ChainingRodShaped	9290	2.32377	0.5	29.9504	52.3356	0	0.054823	-0.998496	0	None	None
ChainingRodShaped	9292	2.13636	0.5	-3.80218	87.0895	0	0.470261	-0.882527	0	None	None
ChainingRodShaped	9294	2.21435	0.5	21.3474	76.7617	0	0.899739	0.436429	0	None	None
ChainingRodShaped	9296	2.21703	0.5	3.18916	45.2945	0	0.125042	-0.992151	0	6552	9295
ChainingRodShaped	9298	2.27816	0.5	25.3388	12.2606	0	0.479747	-0.877407	0	None	None
ChainingRodShaped	9300	2.24176	0.5	37.1145	3.65833	0	0.494401	-0.869234	0	None	None
ChainingRodShaped	9302	2.15651	0.5	15.9367	89.5543	0	-0.853813	-0.52058	0	None	None
ChainingRodShaped	9304	2.20279	0.5	-13.7757	78.272	0	-0.946667	0.322214	0	None	None
ChainingRodShaped	9306	2.18549	0.5	-28.3218	3.19418	0	-0.303006	-0.952989	0	None	None
ChainingRodShaped	9308	2.20351	0.5	-36.1618	47.6745	0	0.11208	0.993699	0	7131	9307
ChainingRodShaped	9310	2.16702	0.5	-35.9068	70.123	0	0.220091	0.975479	0	None	None
ChainingRodShaped	9312	2.26811	0.5	10.4677	87.0834	0	0.792403	0.609997	0	None	None
ChainingRodShaped	9314	2.17417	0.5	-38.0119	98.375	0	0.287293	0.957843	0	8175	9313
ChainingRodShaped	9316	2.28175	0.5	53.3717	65.3089	0	0.41075	-0.911748	0	None	None
ChainingRodShaped	9318	2.25755	0.5	-4.81031	83.8986	0	0.0436543	-0.999047	0	None	None
ChainingRodShaped	9320	2.13133	0.5	-45.1643	41.6223	0	-0.275999	-0.961158	0	None	None
ChainingRodShaped	9322	2.10326	0.5	-13.2006	2.77982	0	0.922747	0.385407	0	None	None
ChainingRodShaped	9324	2.17482	0.5	0.530398	28.5926	0	-0.825337	-0.56464	0	6486	9323
ChainingRodShaped	9326	2.20487	0.5	-11.6211	24.7492	0	0.22811	0.973635	0	None	None
ChainingRodShaped	9328	2.25456	0.5	-7.07623	71.9949	0	0.022116	-0.999755	0	None	None
ChainingRodShaped	9330	2.17154	0.5	-20.6676	11.423	0	-0.186272	-0.982498	0	5949	9329
ChainingRodShaped	9332	2.09923	0.5	55.3356	29.9785	0	0.0561313	0.998423	0	None	None
ChainingRodShaped	9334	2.09219	0.5	-18.5132	26.106	0	-0.260317	-0.965523	0	None	None
ChainingRodShaped	9336	2.09945	0.5	-26.319	85.0228	0	0.0368914	0.999319	0	None	None
ChainingRodShaped	9338	2.12176	0.5	-8.84366	43.9523	0	0.13679	0.9906	0	None	None
ChainingRodShaped	9340	2.10764	0.5	31.4146	17.5834	0	0.63716	-0.770731	0	None	None
ChainingRodShaped	9342	2.10103	0.5	32.7107	46.0661	0	0.586029	0.81029	0	None	None
ChainingRodShaped	9344	2.23968	0.5	-13.0349	30.6597	0	-0.186368	-0.98248	0	None	None
ChainingRodShaped	9346	2.18754	0.5	-31.8276	-22.614	0	-0.30355	0.952815	0	None	None
ChainingRodShaped	9348	2.16882	0.5	-50.6372	13.9873	0	0.252322	0.967643	0	None	None
ChainingRodShaped	9350	2.15099	0.5	-15.1239	62.7916	0	0.509347	0.860561	0	None	None
ChainingRodShaped	9352	2.19133	0.5	-2.79697	6.24317	0	0.658141	0.752894	0	None	None
ChainingRodShaped	9354	2.13092	0.5	32.0993	-10.2884	0	-0.814454	0.580228	0	9557	9353
ChainingRodShaped	9356	2.23978	0.5	-33.3341	28.5108	0	-0.18654	0.982447	0	None	None
ChainingRodShaped	9358	2.13638	0.5	10.4824	28.5621	0	-0.884832	-0.465909	0	None	None
ChainingRodShaped	9360	2.08263	0.5	-4.52192	-9.88851	0	0.972466	0.233044	0	None	None
ChainingRodShaped	9362	2.12333	0.5	-42.6303	31.9795	0	0.375956	0.926638	0	None	None
ChainingRodShaped	9364	2.16721	0.5	50.7014	41.8436	0	0.206081	-0.978535	0	None	None
ChainingRodShaped	9366	2.09631	0.5	-27.4547	35.5639	0	-0.0411979	-0.999151	0	None	None
ChainingRodShaped	9368	2.17215	0.5	16.3856	9.72589	0	0.832302	-0.554322	0	None	None
ChainingRodShaped	9370	2.18883	0.5	47.6609	72.4572	0	0.444633	-0.895713	0	None	None
ChainingRodShaped	9372	2.12993	0.5	35.4961	0.740975	0	0.416557	-0.909109	0	None	None
ChainingRodShaped	9374	2.19831	0.5	-4.10642	47.9399	0	0.372305	-0.92811	0	None	None
ChainingRodShaped	9376	2.15719	0.5	26.7317	7.53153	0	0.707219	-0.706995	0	None	None
ChainingRodShaped	9378	2.08193	0.5	26.4976	45.0441	0	0.179531	-0.983752	0	None	None
ChainingRodShaped	9380	2.10131	0.5	-22.6696	45.7725	0	0.0653483	-0.997863	0	None	None
ChainingRodShaped	9382	2.19708	0.5	22.8728	24.9932	0	0.340142	-0.940374	0	None	None
ChainingRodShaped	9384	2.06315	0.5	-29.0418	-28.5023	0	-0.275071	0.961424	0	None	9383
ChainingRodShaped	9386	2.09166	0.5	60.6459	75.9472	0	0.800632	-0.599156	0	5859	9385
ChainingRodShaped	9388	2.0827	0.5	-20.8783	-17.7327	0	0.76125	0.648458	0	None	None
ChainingRodShaped	9390	2.14627	0.5	39.0364	70.8816	0	0.53945	-0.842018	0	None	None
ChainingRodShaped	9392	2.1566	0.5	-10.0556	14.0262	0	-0.0283986	-0.999597	0	None	None
ChainingRodShaped	9394	2.15345	0.5	22.3227	21.389	0	0.365039	-0.930992	0	None	None
ChainingRodShaped	9396	2.15814	0.5	-25.1199	78.8398	0	0.127348	0.991858	0	None	None
ChainingRodShaped	9398	2.19183	0.5	58.5335	31.8598	0	0.183405	0.983038	0	None	None
ChainingRodShaped	9400	2.06488	0.5	-22.1053	51.0205	0	0.233013	-0.972474	0	None	None
ChainingRodShaped	9402	2.17951	0.5	40.2807	78.8654	0	0.99259	-0.121513	0	None	None
ChainingRodShaped	9404	2.09786	0.5	33.1788	8.80693	0	0.475265	-0.879843	0	6155	9403
ChainingRodShaped	9406	2.10097	0.5	0.70453	11.9167	0	0.792731	-0.609571	0	None	None
ChainingRodShaped	9408	2.11022	0.5	16.7546	94.6398	0	0.372262	-0.928128	0	None	None
ChainingRodShaped	9410	2.06781	0.5	-63.8288	23.5442	0	-0.187387	-0.982286	0	6676	9409
ChainingRodShaped	9412	2.12983	0.5	11.1654	45.2602	0	-0.377097	-0.926174	0	None	None
ChainingRodShaped	9414	2.1816	0.5	31.8393	55.8378	0	-0.0506204	-0.998718	0	None	None
ChainingRodShaped	9416	2.1403	0.5	28.465	27.5586	0	-0.4133	0.910595	0	None	None
ChainingRodShaped	9418	2.11769	0.5	21.1324	75.6157	0	0.905539	0.424263	0	None	None
ChainingRodShaped	9420	2.05669	0.5	-54.4358	28.6789	0	-0.126138	-0.992013	0	8131	9419
ChainingRodShaped	9422	2.10238	0.5	-24.8648	65.3625	0	-0.116057	-0.993243	0	6292	9421
ChainingRodShaped	9424	2.16094	0.5	41.6481	19.2455	0	0.18027	-0.983617	0	None	None
ChainingRodShaped	9426	2.14336	0.5	-2.60717	25.4812	0	-0.848019	-0.529965	0	None	None
ChainingRodShaped	9428	2.11808	0.5	19.1171	45.9608	0	-0.0316146	0.9995	0	None	None
ChainingRodShaped	9430	2.06832	0.5	18.1209	83.176	0	-0.862424	-0.506187	0	None	None
ChainingRodShaped	9432	2.13517	0.5	-20.7912	35.6417	0	-0.701785	-0.712389	0	None	None
ChainingRodShaped	9434	2.07777	0.5	39.7118	-2.47678	0	0.530406	-0.847744	0	8449	9433
ChainingRodShaped	9436	2.03665	0.5	-13.3725	38.2163	0	-0.232739	-0.972539	0	6320	9435
ChainingRodShaped	9438	2.07217	0.5	77.2821	60.3147	0	-0.899064	0.437817	0	6386	9437
ChainingRodShaped	9440	2.12105	0.5	-12.3733	-1.76753	0	0.907821	0.419358	0	None	None
ChainingRodShaped	9442	2.06383	0.5	44.3236	55.5862	0	-0.790211	0.612835	0	None	None
ChainingRodShaped	9444	2.11536	0.5	26.746	4.58218	0	0.579756	-0.81479	0	None	None
ChainingRodShaped	9446	2.05534	0.5	-14.3388	41.5534	0	-0.231083	-0.972934	0	None	None
ChainingRodShaped	9448	2.05502	0.5	13.9752	16.5176	0	0.842406	-0.538843	0	None	None
ChainingRodShaped	9450	2.03768	0.5	-17.2216	27.3878	0	-0.259327	-0.965789	0	8167	9449
ChainingRodShaped	9452	2.0903	0.5	-41.8234	67.3782	0	-0.153267	-0.988185	0	None	None
ChainingRodShaped	9454	2.11487	0.5	-56.5067	44.0727	0	0.285889	0.958263	0	None	None
ChainingRodShaped	9456	2.05066	0.5	-10.5526	67.6125	0	0.010479	-0.999945	0	6390	9455
ChainingRodShaped	9458	2.07181	0.5	-48.0171	38.2835	0	0.0939823	0.995574	0	None	None
ChainingRodShaped	9460	2.05046	0.5	48.8743	45.7033	0	-0.224655	0.974438	0	None	None
ChainingRodShaped	9462	2.0555	0.5	17.1804	88.0624	0	-0.858597	-0.512652	0	None	None
ChainingRodShaped	9464	2.06662	0.5	18.1688	55.8857	0	-0.380045	-0.924968	0	None	None
ChainingRodShaped	9466	2.09439	0.5	55.5632	43.0391	0	-0.553354	-0.832946	0	None	None
ChainingRodShaped	9468	2.04038	0.5	-17.3226	10.0457	0	-0.0362861	-0.999341	0	None	None
ChainingRodShaped	9470	2.04445	0.5	35.4395	31.9369	0	-0.190206	-0.981744	0	None	None
ChainingRodShaped	9472	2.1053	0.5	43.4644	60.5348	0	0.826573	-0.56283	0	None	None
ChainingRodShaped	9474	2.06668	0.5	-9.63813	23.1492	0	-0.840359	-0.542031	0	None	None
ChainingRodShaped	9476	2.09028	0.5	-9.17476	-17.2504	0	-0.654902	0.755714	0	None	None
ChainingRodShaped	9478	2.0864	0.5	-26.4543	37.3216	0	-0.0350629	-0.999385	0	None	None
ChainingRodShaped	9480	2.08748	0.5	11.1168	2.57993	0	0.976089	-0.217373	0	None	None
ChainingRodShaped	9482	2.03687	0.5	-13.1781	47.3178	0	-0.192094	-0.981377	0	None	None
ChainingRodShaped	9484	2.03457	0.5	46.2172	9.4782	0	0.184408	-0.98285	0	6672	9483
ChainingRodShaped	9486	2.0709	0.5	21.7335	-1.56142	0	0.755972	-0.654604	0	None	None
ChainingRodShaped	9488	2.07913	0.5	9.83642	80.177	0	-0.640119	-0.768276	0	None	None
ChainingRodShaped	9490	2.09861	0.5	49.4928	38.4559	0	-0.211091	0.977466	0	None	None
ChainingRodShaped	9492	2.09271	0.5	1.24154	9.44222	0	0.906894	-0.421358	0	None	None
ChainingRodShaped	9494	2.0859	0.5	18.8449	35.3148	0	0.148875	-0.988856	0	None	None
ChainingRodShaped	9496	2.09075	0.5	48.6248	12.0523	0	-0.165735	0.98617	0	None	None
ChainingRodShaped	9498	2.05204	0.5	20.8743	60.8019	0	-0.162654	-0.986683	0	None	None
ChainingRodShaped	9500	2.07099	0.5	-26.5058	45.9781	0	-0.13273	-0.991152	0	None	None
ChainingRodShaped	9502	2.04073	0.5	-31.5079	-5.06038	0	-0.103775	-0.994601	0	6158	9501
ChainingRodShaped	9504	2.08241	0.5	39.6772	81.7617	0	-0.989424	0.145051	0	None	None
ChainingRodShaped	9506	2.0682	0.5	42.6812	6.19665	0	-0.0115517	-0.999933	0	None	None
ChainingRodShaped	9508	2.06919	0.5	-52.8895	58.7635	0	0.1329	0.991129	0	None	None
ChainingRodShaped	9510	2.02625	0.5	15.9315	37.96	0	0.0957451	-0.995406	0	None	None
ChainingRodShaped	9512	2.05771	0.5	53.4468	30.2589	0	-0.910472	0.41357	0	None	None
ChainingRodShaped	9514	2.04755	0.5	27.1634	32.9134	0	0.352892	-0.935664	0	8647	9513
ChainingRodShaped	9516	2.04911	0.5	24.8331	-6.71007	0	0.854147	-0.520031	0	None	None
ChainingRodShaped	9518	2.07001	0.5	35.5903	26.5732	0	0.778312	-0.627878	0	None	None
ChainingRodShaped	9520	2.05759	0.5	17.8694	67.4997	0	0.501292	0.865278	0	None	None
ChainingRodShaped	9522	2.02462	0.5	23.8078	-3.70901	0	0.755019	-0.655703	0	None	None
ChainingRodShaped	9524	2.05714	0.5	29.48	81.1756	0	-0.987901	-0.155087	0	None	None
ChainingRodShaped	9526	2.04307	0.5	-21.1796	80.0458	0	-0.11054	-0.993872	0	None	None
ChainingRodShaped	9528	2.04231	0.5	37.4455	35.9309	0	-0.0120922	-0.999927	0	None	None
ChainingRodShaped	9530	2.04504	0.5	-2.56017	42.0657	0	0.174645	-0.984631	0	None	None
ChainingRodShaped	9532	2.02644	0.5	55.9562	-33.3056	0	-0.129363	0.991597	0	6462	9531
ChainingRodShaped	9534	2.02135	0.5	48.6803	32.9208	0	-0.0990576	0.995082	0	None	None
ChainingRodShaped	9536	2.0517	0.5	5.3355	62.9969	0	0.356357	-0.93435	0	None	None
ChainingRodShaped	9538	2.03626	0.5	38.2136	5.51596	0	0.490578	-0.871397	0	None	None
ChainingRodShaped	9540	2.03087	0.5	41.0367	68.8389	0	-0.444033	0.89601	0	None	None
ChainingRodShaped	9542	2.02928	0.5	21.7305	91.8427	0	-0.625309	-0.780377	0	None	None
ChainingRodShaped	9544	2.02759	0.5	20.948	19.8831	0	0.364938	-0.931032	0	None	None
ChainingRodShaped	9546	2.02659	0.5	-1.82903	17.7119	0	-0.978727	0.205166	0	6686	9545
ChainingRodShaped	9548	2.01807	0.5	-57.3208	50.9352	0	-0.309344	-0.95095	0	7383	9547
ChainingRodShaped	9550	2.02654	0.5	-13.7233	60.4255	0	-0.517881	-0.855453	0	None	None
ChainingRodShaped	9552	2.02469	0.5	12.4135	63.4458	0	0.786402	0.617715	0	None	None
ChainingRodShaped	9554	2.02584	0.5	23.6668	25.425	0	0.331996	-0.943281	0	None	None
ChainingRodShaped	9556	2.02811	0.5	-48.6764	66.1448	0	-0.178165	-0.984001	0	None	None
ChainingRodShaped	9558	2.01387	0.5	36.925	-13.9005	0	-0.784165	0.620552	0	8631	9557
ChainingRodShaped	9560	2.02552	0.5	-48.6825	19.7826	0	0.457902	0.889002	0	None	None
ChainingRodShaped	9562	2.01626	0.5	41.5617	7.7401	0	-0.159477	0.987202	0	None	None
ChainingRodShaped	9564	2.01506	0.5	6.55883	13.6393	0	0.925998	-0.377528	0	None	None
ChainingRodShaped	9566	2.00903	0.5	43.5674	18.9472	0	-0.176491	0.984302	0	6608	9565
ChainingRodShaped	9568	2.01857	0.5	5.2855	26.5348	0	-0.849397	-0.527754	0	None	None
ChainingRodShaped	9570	2.01613	0.5	8.08203	-0.75432	0	0.986901	-0.161327	0	None	None
ChainingRodShaped	9572	2.00772	0.5	49.6398	78.7893	0	-0.914433	0.404737	0	None	None
ChainingRodShaped	9574	2.0142	0.5	-12.596	24.1062	0	0.208561	0.978009	0	None	None
ChainingRodShaped	9576	2.01167	0.5	35.2549	74.1499	0	-0.839215	-0.5438	0	None	None
ChainingRodShaped	9578	2.00508	0.5	40.9882	17.6001	0	0.174107	-0.984727	0	None	None
ChainingRodShaped	9580	2.00091	0.5	-29.48	43.9583	0	0.11191	0.993718	0	None	None
ChainingRodShaped	9582	2.0004	0.5	41.3528	3.69416	0	0.473099	-0.88101	0	None	None
ChainingRodShaped	9584	2.00013	0.5	-30.5796	-18.076	0	-0.267115	0.963665	0	7385	9583
