cell_type	cell_id	length	radius	pos_x	pos_y	pos_z	ori_x	ori_y	ori_z	lower_link	upper_link
ChainingRodShaped	2482	3.90865	0.5	48.463	9.82966	0	0.346746	0.937959	0	None	None
ChainingRodShaped	2024	3.36372	0.5	24.7156	-86.3535	0	0.319587	-0.947557	0	2025	None
ChainingRodShaped	2892	3.32316	0.5	-51.5787	64.9608	0	-0.427635	-0.903951	0	2893	1175
ChainingRodShaped	4410	2.25637	0.5	51.886	20.9672	0	0.799283	0.600955	0	None	None
ChainingRodShaped	4226	2.24818	0.5	53.276	34.2246	0	-0.310469	0.950584	0	None	None
ChainingRodShaped	3982	2.82708	0.5	52.9616	37.6326	0	-0.19521	-0.980761	0	None	None
ChainingRodShaped	1558	4.91603	0.5	-20.9026	-10.8883	0	0.80447	-0.593993	0	1559	809
ChainingRodShaped	1680	4.49853	0.5	16.2023	3.12246	0	-0.151501	-0.988457	0	None	None
ChainingRodShaped	1794	4.78145	0.5	51.3463	26.0599	0	0.999817	-0.0191505	0	None	None
ChainingRodShaped	4474	2.1005	0.5	28.7292	-0.00363943	0	0.116141	-0.993233	0	None	None
ChainingRodShaped	4582	2.00203	0.5	-19.2074	103.452	0	-0.63531	-0.772257	0	4583	1943
ChainingRodShaped	2850	4.628	0.5	37.3031	51.8365	0	-0.716905	-0.697171	0	None	None
ChainingRodShaped	4426	2.1206	0.5	52.0319	38.026	0	-0.196416	-0.980521	0	None	None
ChainingRodShaped	4370	2.28751	0.5	-1.7167	21.9019	0	0.749488	-0.662018	0	None	None
ChainingRodShaped	1646	4.89876	0.5	-53.5065	25.2457	0	0.321652	-0.946858	0	1647	2775
ChainingRodShaped	3800	3.17009	0.5	37.3294	4.64791	0	0.611197	-0.791478	0	None	None
ChainingRodShaped	3584	2.7162	0.5	-50.4419	51.0519	0	0.0825638	0.996586	0	None	None
ChainingRodShaped	3514	3.12972	0.5	26.7274	8.07788	0	-0.843687	-0.536836	0	None	None
ChainingRodShaped	2848	3.52711	0.5	13.3029	-54.239	0	0.382804	-0.92383	0	2849	3151
ChainingRodShaped	2746	3.9234	0.5	45.7173	20.8347	0	-0.1509	-0.988549	0	None	None
ChainingRodShaped	3640	2.83164	0.5	42.164	68.3593	0	0.933861	-0.357635	0	None	None
ChainingRodShaped	4418	2.08919	0.5	5.45831	27.1465	0	-0.11442	-0.993432	0	None	None
ChainingRodShaped	3412	2.95377	0.5	-13.4058	9.69241	0	-0.370164	-0.928966	0	None	None
ChainingRodShaped	4488	2.06754	0.5	-29.4421	40.0247	0	-0.998677	-0.0514213	0	None	None
ChainingRodShaped	2992	3.46422	0.5	44.7938	60.9175	0	-0.902971	-0.429701	0	None	None
ChainingRodShaped	2838	3.85261	0.5	-31.6787	5.18188	0	-0.751773	-0.659422	0	None	None
ChainingRodShaped	2212	4.00149	0.5	35.1982	73.2997	0	0.344695	0.938715	0	None	None
ChainingRodShaped	2806	4.90193	0.5	16.2203	-10.4569	0	0.97524	0.221149	0	None	None
ChainingRodShaped	3178	3.37007	0.5	-13.4653	20.4833	0	0.521359	-0.853337	0	None	None
ChainingRodShaped	2626	3.97889	0.5	20.642	21.1119	0	0.835494	-0.5495	0	None	None
ChainingRodShaped	3540	3.61924	0.5	-30.7444	17.7614	0	-0.997446	-0.071429	0	None	None
ChainingRodShaped	2586	4.95703	0.5	-29.5174	32.5831	0	0.738741	-0.67399	0	None	None
ChainingRodShaped	3212	3.90157	0.5	-23.2749	28.9232	0	0.693622	-0.720339	0	None	None
ChainingRodShaped	2106	4.7852	0.5	-14.8009	31.0131	0	-0.219349	-0.975647	0	None	None
ChainingRodShaped	3404	3.36185	0.5	27.9804	79.0331	0	0.961903	0.273392	0	None	None
ChainingRodShaped	2242	3.54919	0.5	1.08706	135.415	0	-0.457196	-0.889366	0	2243	4065
ChainingRodShaped	3870	3.12845	0.5	19.5566	6.90169	0	-0.156835	-0.987625	0	None	None
ChainingRodShaped	4546	2.02561	0.5	35.352	41.3748	0	0.441384	-0.897318	0	None	None
ChainingRodShaped	1900	3.7004	0.5	-44.1091	76.4351	0	-0.634607	-0.772835	0	1901	951
ChainingRodShaped	4350	2.13637	0.5	30.1005	2.55873	0	0.12873	-0.99168	0	None	None
ChainingRodShaped	3606	3.16183	0.5	13.7556	-12.492	0	0.925319	-0.379189	0	None	None
ChainingRodShaped	2980	3.3482	0.5	23.7751	8.04907	0	-0.514252	-0.857639	0	None	None
ChainingRodShaped	3644	3.26136	0.5	-49.3559	47.482	0	-0.281025	0.9597	0	None	None
ChainingRodShaped	1464	4.713	0.5	-4.93324	47.7434	0	0.715806	-0.6983	0	None	None
ChainingRodShaped	4142	2.28222	0.5	22.4279	69.7057	0	0.909401	0.415921	0	None	None
ChainingRodShaped	1904	4.20144	0.5	-14.4873	9.42492	0	-0.379432	-0.92522	0	None	None
ChainingRodShaped	2382	4.32132	0.5	3.56738	80.7529	0	0.627738	-0.778425	0	None	None
ChainingRodShaped	1588	4.90291	0.5	-1.61772	-28.2317	0	0.645086	-0.76411	0	1589	4541
ChainingRodShaped	2790	4.04873	0.5	48.8567	55.8808	0	0.999922	0.0124541	0	None	None
ChainingRodShaped	2674	3.51369	0.5	25.8917	0.825814	0	0.998362	0.0572052	0	None	None
ChainingRodShaped	2318	2.98464	0.5	-56.5033	45.811	0	-0.0552859	-0.998471	0	2319	825
ChainingRodShaped	3210	4.17341	0.5	41.8048	12.9305	0	0.0125911	-0.999921	0	None	None
ChainingRodShaped	3574	3.26861	0.5	-13.5284	61.9853	0	-0.595324	-0.803486	0	None	None
ChainingRodShaped	3848	2.52704	0.5	-3.48258	-0.374928	0	0.834649	0.550782	0	None	None
ChainingRodShaped	1856	4.57157	0.5	-24.2587	49.6328	0	0.663885	-0.747835	0	None	None
ChainingRodShaped	4526	2.03428	0.5	31.4672	56.5185	0	0.880446	-0.474146	0	None	None
ChainingRodShaped	1790	3.66915	0.5	-39.9874	4.62743	0	0.712736	-0.701433	0	1791	2117
ChainingRodShaped	3840	2.43576	0.5	10.1882	19.2195	0	0.91338	0.407108	0	None	None
ChainingRodShaped	2322	4.79118	0.5	-25.6154	48.5059	0	0.664791	-0.74703	0	None	None
ChainingRodShaped	2858	4.68698	0.5	-6.06549	31.8951	0	-0.596482	-0.802626	0	None	None
ChainingRodShaped	3282	3.52301	0.5	-27.2343	45.0033	0	0.657384	-0.753556	0	None	None
ChainingRodShaped	1844	4.88164	0.5	32.9939	75.5786	0	0.334232	0.942491	0	None	None
ChainingRodShaped	2332	4.76259	0.5	-4.5819	28.4393	0	-0.984451	-0.175659	0	None	None
ChainingRodShaped	4128	2.56878	0.5	45.9977	40.12	0	0.610258	0.792203	0	None	None
ChainingRodShaped	3124	4.28034	0.5	20.6553	22.0498	0	0.840913	-0.54117	0	None	None
ChainingRodShaped	2718	3.99133	0.5	-24.0345	21.432	0	-0.98031	-0.197465	0	None	None
ChainingRodShaped	2822	4.25229	0.5	37.4364	-2.61429	0	0.826777	0.56253	0	None	None
ChainingRodShaped	3422	3.50103	0.5	-24.9328	46.3611	0	0.657281	-0.753646	0	None	None
ChainingRodShaped	3078	4.75271	0.5	16.1082	9.01684	0	-0.14512	-0.989414	0	None	None
ChainingRodShaped	2882	4.88578	0.5	18.5561	77.3475	0	-0.608348	-0.79367	0	None	None
ChainingRodShaped	1974	4.14185	0.5	5.3708	9.36753	0	0.707048	0.707165	0	None	None
ChainingRodShaped	2950	4.00208	0.5	35.5068	43.1902	0	0.440974	-0.89752	0	None	None
ChainingRodShaped	3264	4.33027	0.5	-10.8223	12.7699	0	-0.530371	-0.847766	0	None	None
ChainingRodShaped	2402	4.18625	0.5	-31.6235	65.4882	0	-0.903778	-0.428002	0	None	None
ChainingRodShaped	4124	2.41972	0.5	22.3835	31.1677	0	0.289794	-0.957089	0	None	None
ChainingRodShaped	3444	3.38846	0.5	29.2082	78.1727	0	0.877324	0.479898	0	None	None
ChainingRodShaped	2518	4.59146	0.5	36.9747	46.6016	0	0.0187131	-0.999825	0	None	None
ChainingRodShaped	2608	3.98459	0.5	12.4439	16.3207	0	0.928938	0.370235	0	None	None
ChainingRodShaped	2580	4.7392	0.5	-33.3473	42.103	0	-0.299352	-0.954143	0	None	None
ChainingRodShaped	3182	3.34714	0.5	7.47888	-9.17986	0	0.89636	-0.443327	0	None	None
ChainingRodShaped	3924	2.68956	0.5	40.204	13.7624	0	0.494076	-0.869419	0	None	None
ChainingRodShaped	2462	4.0599	0.5	34.5029	30.6595	0	0.939342	-0.342982	0	None	None
ChainingRodShaped	3944	2.7052	0.5	-28.5501	9.46154	0	-0.729117	-0.68439	0	None	None
ChainingRodShaped	4502	2.06774	0.5	30.1646	69.5212	0	0.859618	0.510937	0	None	None
ChainingRodShaped	2940	4.73753	0.5	19.1851	51.912	0	0.997922	0.0644364	0	None	None
ChainingRodShaped	4036	2.6105	0.5	-21.4521	82.2053	0	-0.241945	0.97029	0	None	None
ChainingRodShaped	2524	3.76057	0.5	12.4034	42.7394	0	0.857673	0.514196	0	None	None
ChainingRodShaped	4178	2.37599	0.5	26.082	4.14337	0	0.946909	-0.321502	0	None	None
ChainingRodShaped	2528	4.0125	0.5	-22.6216	89.7243	0	-0.757651	-0.65266	0	None	None
ChainingRodShaped	3494	3.83103	0.5	-43.2788	70.4697	0	-0.98871	-0.149844	0	None	None
ChainingRodShaped	4214	2.38489	0.5	20.3583	4.78685	0	-0.935367	-0.35368	0	None	None
ChainingRodShaped	3952	2.83235	0.5	4.8736	20.0316	0	0.978668	0.205446	0	None	None
ChainingRodShaped	3448	3.7979	0.5	43.4037	4.26002	0	0.929374	0.36914	0	None	None
ChainingRodShaped	4026	2.52611	0.5	-28.2209	42.7473	0	-0.788819	-0.614625	0	None	None
ChainingRodShaped	2028	3.1629	0.5	-6.60366	121.516	0	-0.516711	-0.85616	0	2029	1459
ChainingRodShaped	3828	2.5933	0.5	-47.1717	40.3588	0	-0.17976	-0.983711	0	None	None
ChainingRodShaped	3248	4.36526	0.5	29.7489	75.0696	0	0.740711	0.671823	0	None	None
ChainingRodShaped	2552	4.29462	0.5	-4.65225	30.8446	0	-0.582034	-0.813164	0	None	None
ChainingRodShaped	3330	3.77921	0.5	26.0571	45.6221	0	0.150986	-0.988536	0	None	None
ChainingRodShaped	3470	3.49639	0.5	-5.19236	45.5482	0	0.702493	-0.711691	0	None	None
ChainingRodShaped	4522	2.05728	0.5	48.8216	64.0403	0	0.844591	0.535412	0	None	None
ChainingRodShaped	4146	2.48557	0.5	27.0732	68.8983	0	0.884368	0.466791	0	None	None
ChainingRodShaped	3466	3.86232	0.5	11.5554	30.6198	0	-0.763222	-0.646137	0	None	None
ChainingRodShaped	3636	3.07972	0.5	-49.566	36.995	0	-0.945023	0.327004	0	None	None
ChainingRodShaped	1690	3.65328	0.5	19.1695	-70.0231	0	0.327038	-0.945011	0	1691	3499
ChainingRodShaped	3430	2.93496	0.5	-22.1197	29.0186	0	0.686402	-0.727223	0	None	None
ChainingRodShaped	1518	4.9414	0.5	-32.8746	88.5542	0	-0.698557	-0.715554	0	1519	485
ChainingRodShaped	3410	2.83378	0.5	11.3755	58.752	0	0.906424	0.422369	0	None	None
ChainingRodShaped	2668	3.29463	0.5	-4.80178	-4.94336	0	0.248902	0.968529	0	None	None
ChainingRodShaped	2256	3.78862	0.5	-15.3954	-7.20598	0	0.267581	0.963535	0	None	None
ChainingRodShaped	2846	3.90521	0.5	9.38044	12.184	0	0.91637	0.400333	0	None	None
ChainingRodShaped	3922	3.05992	0.5	-35.8824	21.6077	0	-0.960644	-0.277782	0	None	None
ChainingRodShaped	2828	3.55847	0.5	-1.7282	20.6942	0	0.750238	-0.661168	0	None	None
ChainingRodShaped	3236	3.30347	0.5	49.7407	59.235	0	0.771808	-0.635856	0	None	None
ChainingRodShaped	3486	2.71097	0.5	-32.1446	62.6073	0	0.610287	-0.79218	0	None	None
ChainingRodShaped	3650	3.25413	0.5	44.2868	40.9617	0	0.62405	0.781384	0	None	None
ChainingRodShaped	2250	3.96498	0.5	-21.217	34.694	0	-0.659196	-0.751971	0	None	None
ChainingRodShaped	1876	4.342	0.5	42.6553	19.6892	0	-0.123777	-0.99231	0	None	None
ChainingRodShaped	3712	3.35054	0.5	17.6109	83.3235	0	0.936891	0.349621	0	None	None
ChainingRodShaped	3826	2.44932	0.5	23.5713	87.7823	0	0.881477	0.472226	0	None	None
ChainingRodShaped	4060	2.42843	0.5	-24.0416	27.6171	0	0.946362	-0.323108	0	None	None
ChainingRodShaped	3364	3.50426	0.5	-4.71811	13.9479	0	0.988883	0.148693	0	None	None
ChainingRodShaped	2604	3.8759	0.5	-24.058	32.1814	0	0.759849	-0.6501	0	None	None
ChainingRodShaped	3472	3.00641	0.5	25.6979	-5.5169	0	0.982717	-0.185112	0	None	None
ChainingRodShaped	2578	4.80536	0.5	46.0846	49.7281	0	0.919815	0.392351	0	None	None
ChainingRodShaped	4244	2.41529	0.5	-28.6344	40.9825	0	-0.999143	-0.0414023	0	None	None
ChainingRodShaped	3408	3.95138	0.5	-20.57	60.3593	0	-0.370858	-0.92869	0	None	None
ChainingRodShaped	2150	4.72813	0.5	49.0643	17.9275	0	0.813227	0.581946	0	None	None
ChainingRodShaped	2366	4.18979	0.5	-34.9162	36.9132	0	-0.283753	-0.958897	0	None	None
ChainingRodShaped	3676	2.8199	0.5	7.89833	62.2165	0	0.952123	0.305714	0	None	None
ChainingRodShaped	3970	2.91064	0.5	-20.437	6.37304	0	-0.254458	-0.967084	0	None	None
ChainingRodShaped	3816	3.27428	0.5	12.6281	92.5495	0	0.800057	-0.599924	0	None	None
ChainingRodShaped	3770	2.56949	0.5	2.41233	-9.34541	0	0.939976	0.341239	0	None	None
ChainingRodShaped	3802	2.83898	0.5	44.5427	19.4569	0	-0.141008	-0.990008	0	None	None
ChainingRodShaped	4094	2.35271	0.5	-37.258	30.5116	0	0.648584	-0.761143	0	None	None
ChainingRodShaped	3690	2.75704	0.5	-5.93118	26.3958	0	-0.987203	-0.159468	0	None	None
ChainingRodShaped	1498	4.67411	0.5	5.1067	-37.7204	0	0.508724	-0.86093	0	4540	2057
ChainingRodShaped	4190	2.36508	0.5	-37.0071	66.9787	0	-0.983103	0.183053	0	None	None
ChainingRodShaped	3260	3.28755	0.5	52.726	43.0714	0	0.997424	-0.0717273	0	None	None
ChainingRodShaped	4012	2.91875	0.5	31.0972	55.6561	0	-0.877223	0.480083	0	None	None
ChainingRodShaped	3962	2.71534	0.5	10.8107	-8.12621	0	0.310117	-0.950698	0	None	None
ChainingRodShaped	4430	2.20391	0.5	38.1253	80.8561	0	0.418142	-0.908382	0	None	None
ChainingRodShaped	4132	2.48029	0.5	42.3985	66.165	0	0.928238	-0.371986	0	None	None
ChainingRodShaped	3384	3.59299	0.5	14.9648	75.3646	0	-0.50325	-0.864141	0	None	None
ChainingRodShaped	4564	2.01775	0.5	7.90323	21.2613	0	0.995953	0.0898734	0	None	None
ChainingRodShaped	4164	2.29627	0.5	-34.9532	82.8869	0	-0.585129	0.81094	0	None	None
ChainingRodShaped	3542	3.32636	0.5	-21.5948	60.3182	0	-0.380126	-0.924935	0	None	None
ChainingRodShaped	3630	3.57338	0.5	-34.3151	66.3955	0	-0.933437	-0.358741	0	None	None
ChainingRodShaped	3764	2.54341	0.5	-46.287	11.5705	0	0.617387	-0.78666	0	3765	1791
ChainingRodShaped	744	4.43197	0.5	-29.54	-4.3945	0	0.789525	-0.613718	0	2116	1559
ChainingRodShaped	2776	4.76618	0.5	26.9095	65.7118	0	0.878589	0.477578	0	None	None
ChainingRodShaped	3188	4.26674	0.5	48.0085	11.7554	0	0.570568	0.82125	0	None	None
ChainingRodShaped	2812	4.25621	0.5	18.769	85.9582	0	0.97683	-0.214016	0	None	None
ChainingRodShaped	3152	4.16223	0.5	13.0305	1.20446	0	0.282293	-0.959328	0	None	None
ChainingRodShaped	4310	2.26371	0.5	-19.8925	1.79984	0	-0.927457	-0.37393	0	None	None
ChainingRodShaped	3132	3.63311	0.5	5.37528	65.9793	0	-0.105144	-0.994457	0	None	None
ChainingRodShaped	3744	3.24766	0.5	-39.6995	46.6652	0	0.75735	-0.653009	0	None	None
ChainingRodShaped	4322	2.26521	0.5	-10.3546	64.8943	0	-0.603244	-0.797557	0	None	None
ChainingRodShaped	3502	3.62437	0.5	17.9439	31.3358	0	0.467163	-0.884171	0	None	None
ChainingRodShaped	3238	3.71327	0.5	-40.1844	24.9986	0	-0.601149	0.799137	0	None	None
ChainingRodShaped	2438	3.57928	0.5	-13.7396	41.0864	0	0.351342	0.936247	0	None	None
ChainingRodShaped	4186	2.42089	0.5	22.1853	-8.48633	0	0.975265	-0.221039	0	None	None
ChainingRodShaped	2906	4.91573	0.5	10.1299	31.6217	0	-0.727155	-0.686473	0	None	None
ChainingRodShaped	1736	4.34202	0.5	-35.6641	17.9187	0	0.993069	-0.117532	0	None	None
ChainingRodShaped	3142	3.50819	0.5	20.6667	23.032	0	0.846245	-0.532795	0	None	None
ChainingRodShaped	1998	4.47554	0.5	-8.89442	-20.5879	0	0.732669	-0.680585	0	1999	1589
ChainingRodShaped	824	4.30036	0.5	-55.9992	35.5675	0	0.139591	-0.990209	0	825	1647
ChainingRodShaped	4354	2.33952	0.5	17.664	6.80106	0	-0.15684	-0.987624	0	None	None
ChainingRodShaped	3484	3.53465	0.5	-27.6091	-4.6435	0	0.787179	-0.616725	0	None	None
ChainingRodShaped	3118	4.66248	0.5	-34.5923	10.0079	0	0.99859	-0.0530861	0	None	None
ChainingRodShaped	3160	3.25414	0.5	-8.38712	64.5915	0	-0.951529	-0.307559	0	None	None
ChainingRodShaped	3298	3.36215	0.5	-45.8346	36.1457	0	-0.855469	0.517854	0	None	None
ChainingRodShaped	3732	2.52584	0.5	0.957657	45.9568	0	0.870003	-0.493046	0	None	None
ChainingRodShaped	2868	3.41752	0.5	47.9971	33.3139	0	-0.325175	-0.945654	0	None	None
ChainingRodShaped	2018	4.17114	0.5	-32.3643	53.5273	0	0.69764	-0.716449	0	None	None
ChainingRodShaped	2144	4.17567	0.5	15.6712	32.5042	0	-0.603185	-0.797601	0	None	None
ChainingRodShaped	3580	2.83705	0.5	18.2093	85.0904	0	0.978153	-0.207886	0	None	None
ChainingRodShaped	2602	3.94248	0.5	-12.8589	32.1277	0	-0.238809	-0.971067	0	None	None
ChainingRodShaped	2112	4.13078	0.5	42.0696	8.36848	0	0.815028	-0.579422	0	None	None
ChainingRodShaped	3862	2.79156	0.5	21.1664	25.7856	0	0.23619	-0.971707	0	None	None
ChainingRodShaped	2942	3.24617	0.5	10.2466	30.5914	0	-0.733975	-0.679177	0	None	None
ChainingRodShaped	2760	4.87	0.5	-28.7229	5.30567	0	-0.943877	-0.330298	0	None	None
ChainingRodShaped	3704	3.47247	0.5	27.7159	86.5489	0	0.985359	-0.170489	0	None	None
ChainingRodShaped	3038	4.60296	0.5	-23.8107	33.0388	0	0.766314	-0.642466	0	None	None
ChainingRodShaped	2210	3.84152	0.5	-45.62	37.4293	0	-0.932849	0.360269	0	None	None
ChainingRodShaped	3382	3.39089	0.5	12.2175	35.1123	0	-0.614931	-0.788581	0	None	None
ChainingRodShaped	4518	2.04461	0.5	34.746	24.3573	0	0.982568	0.185901	0	None	None
ChainingRodShaped	2926	3.82435	0.5	-12.1095	31.6882	0	-0.24623	-0.969212	0	None	None
ChainingRodShaped	2978	4.56705	0.5	40.784	20.8663	0	0.350715	-0.936482	0	None	None
ChainingRodShaped	3154	3.27093	0.5	19.3659	52.8035	0	0.997229	0.0743957	0	None	None
ChainingRodShaped	2836	4.67599	0.5	3.38391	91.3183	0	0.96703	-0.254662	0	None	None
ChainingRodShaped	4112	2.4203	0.5	-5.58989	27.3557	0	-0.986151	-0.165853	0	None	None
ChainingRodShaped	3140	4.26819	0.5	-13.5355	18.9177	0	-0.529892	0.848065	0	None	None
ChainingRodShaped	2494	4.30212	0.5	20.9847	9.47983	0	-0.197276	-0.980348	0	None	None
ChainingRodShaped	2012	4.78746	0.5	25.7654	2.69359	0	0.997444	0.0714529	0	None	None
ChainingRodShaped	4394	2.20004	0.5	-16.9655	86.8536	0	-0.981425	0.191848	0	None	None
ChainingRodShaped	4098	2.80539	0.5	-25.4566	2.26516	0	0.069064	-0.997612	0	None	None
ChainingRodShaped	3418	4.02561	0.5	49.5799	58.0237	0	0.804671	-0.593721	0	None	None
ChainingRodShaped	2260	3.99914	0.5	6.34223	71.3793	0	0.504488	-0.863418	0	None	None
ChainingRodShaped	3702	2.59336	0.5	4.77612	142.704	0	-0.446702	-0.894683	0	3703	2243
ChainingRodShaped	4536	2.03686	0.5	11.7489	17.9447	0	0.921347	0.38874	0	None	None
ChainingRodShaped	1692	4.91801	0.5	-35.8176	47.0459	0	0.761546	-0.648111	0	None	None
ChainingRodShaped	4138	2.60393	0.5	45.2794	40.7145	0	0.618126	0.786079	0	None	None
ChainingRodShaped	2142	4.33585	0.5	-20.0328	10.4971	0	-0.349989	-0.936754	0	None	None
ChainingRodShaped	4010	2.57165	0.5	-5.55674	49.4677	0	0.722837	-0.691018	0	None	None
ChainingRodShaped	2990	3.97048	0.5	26.3728	35.0653	0	0.0434088	-0.999057	0	None	None
ChainingRodShaped	3786	3.1155	0.5	52.4852	22.8678	0	0.729057	0.684453	0	None	None
ChainingRodShaped	3938	3.05913	0.5	-38.4096	30.414	0	0.640959	-0.767575	0	None	None
ChainingRodShaped	3958	2.57794	0.5	-14.3912	4.86821	0	-0.857689	-0.514169	0	None	None
ChainingRodShaped	3060	4.14786	0.5	35.0052	49.5211	0	0.503509	-0.86399	0	None	None
ChainingRodShaped	2896	4.1566	0.5	-18.8114	55.5437	0	0.99846	-0.0554691	0	None	None
ChainingRodShaped	3062	4.54149	0.5	-41.3708	61.1611	0	0.839095	-0.543985	0	None	None
ChainingRodShaped	3246	3.14878	0.5	1.37732	5.70665	0	0.763571	-0.645724	0	None	None
ChainingRodShaped	2682	4.43746	0.5	-22.2696	61.1345	0	-0.389067	-0.921209	0	None	None
ChainingRodShaped	3332	3.29229	0.5	6.45099	2.21573	0	0.676746	0.736217	0	None	None
ChainingRodShaped	4220	2.52832	0.5	52.383	49.878	0	0.904817	0.4258	0	None	None
ChainingRodShaped	3654	2.82236	0.5	40.0627	69.6215	0	-0.3202	-0.94735	0	None	None
ChainingRodShaped	4166	2.45183	0.5	-17.0193	63.2164	0	-0.665592	-0.746316	0	None	None
ChainingRodShaped	2442	3.9864	0.5	5.39044	22.6644	0	0.984422	0.175821	0	None	None
ChainingRodShaped	2810	4.84042	0.5	10.5867	-0.400093	0	0.271182	-0.962528	0	None	None
ChainingRodShaped	2686	3.55911	0.5	-12.6939	68.1076	0	-0.991553	-0.129699	0	None	None
ChainingRodShaped	3442	2.7574	0.5	-36.2376	63.3058	0	0.609575	-0.792729	0	None	None
ChainingRodShaped	2286	4.64955	0.5	-19.7346	53.8809	0	0.998508	-0.0546022	0	None	None
ChainingRodShaped	3294	3.54361	0.5	7.15567	-10.1195	0	0.895532	-0.444997	0	None	None
ChainingRodShaped	4106	2.36688	0.5	-21.7689	36.5621	0	-0.674082	-0.738657	0	None	None
ChainingRodShaped	2590	4.85666	0.5	34.0279	41.9827	0	0.450322	-0.892866	0	None	None
ChainingRodShaped	4378	2.13538	0.5	-6.51548	29.7911	0	-0.588444	-0.808538	0	None	None
ChainingRodShaped	4490	2.095	0.5	-28.4653	45.0552	0	0.649852	-0.760061	0	None	None
ChainingRodShaped	2186	4.15129	0.5	26.1356	71.5993	0	0.882898	0.469565	0	None	None
ChainingRodShaped	3138	3.44959	0.5	-44.4976	63.6127	0	0.176868	-0.984235	0	None	None
ChainingRodShaped	2086	4.68269	0.5	-22.4473	78.3387	0	-0.233531	0.972349	0	None	None
ChainingRodShaped	1174	4.46139	0.5	-54.906	55.6222	0	-0.249555	-0.968361	0	1175	2319
ChainingRodShaped	2078	4.76607	0.5	-43.1695	60.101	0	0.840244	-0.542209	0	None	None
ChainingRodShaped	3672	3.10185	0.5	34.9527	79.8464	0	0.763356	0.645979	0	None	None
ChainingRodShaped	3096	3.14742	0.5	-33.6347	73.4619	0	-0.999131	-0.0416752	0	None	None
ChainingRodShaped	4374	2.11359	0.5	34.5423	15.8041	0	0.298807	0.954314	0	None	None
ChainingRodShaped	3438	2.90317	0.5	35.1052	59.6772	0	0.164413	-0.986392	0	None	None
ChainingRodShaped	3706	3.40242	0.5	26.851	21.4149	0	0.627284	-0.77879	0	None	None
ChainingRodShaped	1494	4.81659	0.5	31.3991	16.6987	0	0.337516	-0.94132	0	None	None
ChainingRodShaped	1908	4.6966	0.5	-30.1517	84.6707	0	-0.423135	-0.906067	0	None	None
ChainingRodShaped	4300	2.23771	0.5	-8.37287	91.2701	0	0.643371	0.765554	0	None	None
ChainingRodShaped	485	4.84553	0.5	-36.9446	84.3584	0	-0.693739	-0.720226	0	1518	1901
ChainingRodShaped	4408	2.23541	0.5	-3.57022	19.9728	0	0.762543	-0.646938	0	None	None
ChainingRodShaped	2424	3.75485	0.5	7.65662	7.82128	0	0.653566	0.75687	0	None	None
ChainingRodShaped	3972	2.98587	0.5	33.8146	31.8819	0	0.942727	-0.333566	0	None	None
ChainingRodShaped	4210	2.47699	0.5	-43.5935	53.1584	0	0.532957	-0.846143	0	None	None
ChainingRodShaped	3000	4.74702	0.5	-31.2558	59.5586	0	0.55014	-0.835072	0	None	None
ChainingRodShaped	3162	4.45705	0.5	-8.19782	-0.230459	0	0.798455	0.602054	0	None	None
ChainingRodShaped	3156	3.50491	0.5	11.6462	84.0447	0	0.966532	0.256546	0	None	None
ChainingRodShaped	3796	2.4896	0.5	-22.6051	26.3812	0	0.978818	0.204732	0	None	None
ChainingRodShaped	3424	3.48521	0.5	-4.21493	38.3472	0	0.717198	-0.696869	0	None	None
ChainingRodShaped	4188	2.37673	0.5	-22.7658	25.4175	0	0.98083	0.194868	0	None	None
ChainingRodShaped	1568	4.51515	0.5	-31.0043	74.3016	0	-0.987851	0.155405	0	None	None
ChainingRodShaped	2952	4.01695	0.5	1.01705	44.9252	0	0.867474	-0.497483	0	None	None
ChainingRodShaped	3762	2.53828	0.5	27.6152	34.3594	0	0.323006	-0.946397	0	None	None
ChainingRodShaped	3302	3.42954	0.5	19.7121	-2.65979	0	0.813626	0.581389	0	None	None
ChainingRodShaped	2966	4.15006	0.5	13.7037	75.0371	0	-0.511865	-0.859066	0	None	None
ChainingRodShaped	3052	4.11445	0.5	11.5571	56.8468	0	-0.908875	-0.417069	0	None	None
ChainingRodShaped	3996	2.73544	0.5	-28.1369	11.4028	0	0.995791	-0.0916559	0	None	None
ChainingRodShaped	2934	4.90782	0.5	2.43154	40.5953	0	0.734032	-0.679115	0	None	None
ChainingRodShaped	1746	4.89735	0.5	1.50379	55.539	0	-0.992384	-0.123183	0	None	None
ChainingRodShaped	3402	4.07837	0.5	15.8447	49.9488	0	0.99619	0.0872133	0	None	None
ChainingRodShaped	2130	4.24976	0.5	13.1107	37.904	0	-0.554518	-0.832172	0	None	None
ChainingRodShaped	1458	4.17667	0.5	-12.0348	113.099	0	-0.565919	-0.824461	0	1459	1959
ChainingRodShaped	4452	2.16983	0.5	15.869	63.2966	0	0.857639	0.514253	0	None	None
ChainingRodShaped	3042	4.74424	0.5	-30.2556	26.6503	0	0.844239	-0.535967	0	None	None
ChainingRodShaped	3498	2.49053	0.5	21.6978	-77.4146	0	0.320749	-0.947164	0	3499	2025
ChainingRodShaped	4500	2.10467	0.5	35.8973	36.6419	0	0.48341	-0.875394	0	None	None
ChainingRodShaped	3570	3.27034	0.5	23.4636	3.44343	0	0.998109	0.0614718	0	None	None
ChainingRodShaped	1890	4.26843	0.5	-22.9318	-8.15003	0	0.78633	-0.617806	0	None	None
ChainingRodShaped	3336	3.2591	0.5	32.0618	17.5586	0	0.339473	-0.940616	0	None	None
ChainingRodShaped	3396	3.46032	0.5	11.2146	90.4324	0	0.193236	0.981152	0	None	None
ChainingRodShaped	3460	3.94999	0.5	5.56444	81.2958	0	0.654416	-0.756135	0	None	None
ChainingRodShaped	2844	3.93458	0.5	-0.381835	48.1773	0	0.743228	-0.669038	0	None	None
ChainingRodShaped	2972	4.87281	0.5	15.6911	48.1728	0	0.994252	0.107067	0	None	None
ChainingRodShaped	2454	3.61931	0.5	-23.8215	83.4285	0	-0.398199	-0.917299	0	None	None
ChainingRodShaped	2730	3.51023	0.5	-36.1384	12.0081	0	0.998707	-0.0508337	0	None	None
ChainingRodShaped	1766	4.44149	0.5	48.091	44.434	0	0.939168	0.343459	0	None	None
ChainingRodShaped	2224	4.9727	0.5	-2.11817	59.3697	0	0.533682	-0.845685	0	None	None
ChainingRodShaped	3664	3.42084	0.5	3.5275	16.138	0	0.894642	0.446783	0	None	None
ChainingRodShaped	1942	4.71506	0.5	-25.0296	96.805	0	-0.675342	-0.737505	0	1943	1519
ChainingRodShaped	2522	3.56708	0.5	-8.31987	38.8482	0	0.667714	-0.744418	0	None	None
ChainingRodShaped	3844	3.0535	0.5	-36.61	20.4271	0	-0.963371	-0.268174	0	None	None
ChainingRodShaped	3360	3.44121	0.5	-28.3795	81.7467	0	0.120543	-0.992708	0	None	None
ChainingRodShaped	3174	2.89156	0.5	28.1641	-3.10212	0	0.678578	-0.734528	0	None	None
ChainingRodShaped	4168	2.28451	0.5	-37.919	36.5167	0	-0.288529	-0.957471	0	None	None
ChainingRodShaped	3808	2.75171	0.5	2.75787	12.923	0	-0.973267	-0.229676	0	None	None
ChainingRodShaped	3622	2.66185	0.5	18.0554	58.5286	0	-0.852951	-0.521991	0	None	None
ChainingRodShaped	2954	4.7697	0.5	-3.88831	65.4874	0	-0.916082	-0.40099	0	None	None
ChainingRodShaped	2656	4.46212	0.5	5.00968	48.8536	0	0.898471	-0.439032	0	None	None
ChainingRodShaped	2640	4.40957	0.5	7.08912	71.77	0	0.51307	-0.858347	0	None	None
ChainingRodShaped	3016	3.86445	0.5	-4.27731	66.2677	0	-0.912046	-0.410089	0	None	None
ChainingRodShaped	1996	4.15491	0.5	16.779	58.7321	0	-0.851162	-0.524903	0	None	None
ChainingRodShaped	3054	3.35595	0.5	-3.96173	-6.54406	0	-0.629917	-0.776662	0	None	None
ChainingRodShaped	3670	3.03845	0.5	-16.0282	5.21835	0	-0.512769	-0.858527	0	None	None
ChainingRodShaped	1966	4.31432	0.5	-41.6755	51.5907	0	0.395424	-0.918499	0	None	None
ChainingRodShaped	3660	3.42661	0.5	36.2913	43.6551	0	0.439167	-0.898405	0	None	None
ChainingRodShaped	2986	4.96799	0.5	-12.8142	26.9016	0	0.256952	-0.966424	0	None	None
ChainingRodShaped	3752	2.85807	0.5	18.5139	17.3091	0	0.788737	-0.614731	0	None	None
ChainingRodShaped	3394	3.20637	0.5	21.9712	25.9189	0	0.226552	-0.973999	0	None	None
ChainingRodShaped	4028	2.726	0.5	-42.3403	32.2572	0	-0.628273	0.777993	0	None	None
ChainingRodShaped	4062	2.35046	0.5	9.89131	25.8323	0	0.993063	0.117586	0	None	None
ChainingRodShaped	3240	4.27675	0.5	-11.8177	-8.95837	0	0.689411	0.72437	0	None	None
ChainingRodShaped	3366	3.72951	0.5	-19.1521	18.3462	0	0.999797	-0.020133	0	None	None
ChainingRodShaped	2878	4.5319	0.5	10.0726	24.1006	0	0.995214	0.0977162	0	None	None
ChainingRodShaped	2452	4.13875	0.5	-25.7362	41.9449	0	-0.999909	-0.0134687	0	None	None
ChainingRodShaped	2956	4.34006	0.5	5.43863	71.265	0	0.495782	-0.868447	0	None	None
ChainingRodShaped	4006	2.51037	0.5	35.5918	21.3645	0	-0.318816	0.947817	0	None	None
ChainingRodShaped	4150	2.37985	0.5	49.9431	30.0681	0	0.99604	-0.0889092	0	None	None
ChainingRodShaped	4182	2.2983	0.5	-4.45402	8.58875	0	0.791019	0.611791	0	None	None
ChainingRodShaped	3324	3.11893	0.5	15.509	46.4251	0	0.994371	0.105954	0	None	None
ChainingRodShaped	1332	4.94207	0.5	-28.4151	22.6968	0	0.994486	0.104871	0	None	None
ChainingRodShaped	2096	4.75946	0.5	-4.61525	25.7151	0	-0.987123	-0.15996	0	None	None
ChainingRodShaped	2388	3.56588	0.5	39.6388	28.8206	0	-0.475606	-0.879659	0	None	None
ChainingRodShaped	3860	2.9754	0.5	5.41045	82.9259	0	0.646827	-0.762636	0	None	None
ChainingRodShaped	3900	2.46928	0.5	14.2137	64.9443	0	0.957481	0.288497	0	None	None
ChainingRodShaped	3450	2.90503	0.5	-26.5826	23.8451	0	0.993388	0.114806	0	None	None
ChainingRodShaped	2800	3.3549	0.5	-5.34548	8.99748	0	0.784824	0.619719	0	None	None
ChainingRodShaped	3936	3.0658	0.5	16.4844	49.1329	0	0.995272	0.0971242	0	None	None
ChainingRodShaped	3110	3.35467	0.5	-17.6141	-0.281131	0	0.923669	0.383191	0	None	None
ChainingRodShaped	3344	4.20769	0.5	51.1346	31.6854	0	0.555424	-0.831568	0	None	None
ChainingRodShaped	4046	2.72362	0.5	10.8772	79.0184	0	0.53446	0.845194	0	None	None
ChainingRodShaped	3262	4.36242	0.5	-15.7855	19.2342	0	-0.529917	0.84805	0	None	None
ChainingRodShaped	4050	2.46977	0.5	-4.85804	79.6809	0	0.998801	0.0489455	0	None	None
ChainingRodShaped	3082	3.35988	0.5	42.6638	24.4438	0	0.0113322	-0.999936	0	None	None
ChainingRodShaped	3520	3.47485	0.5	29.3046	77.1396	0	0.873098	0.487545	0	None	None
ChainingRodShaped	4122	2.42359	0.5	-12.9211	23.9661	0	0.266633	-0.963798	0	None	None
ChainingRodShaped	2236	4.10254	0.5	-23.9134	14.9635	0	0.984523	0.175254	0	None	None
ChainingRodShaped	1940	4.90368	0.5	1.17594	94.2885	0	0.919052	-0.394136	0	None	None
ChainingRodShaped	3068	3.91625	0.5	-16.7556	45.1536	0	0.1051	-0.994462	0	None	None
ChainingRodShaped	2974	4.69737	0.5	45.298	60.0995	0	0.904462	0.426554	0	None	None
ChainingRodShaped	4338	2.25443	0.5	-6.15116	66.3874	0	-0.896461	-0.443123	0	None	None
ChainingRodShaped	3794	2.96499	0.5	-5.65465	85.3567	0	0.549981	0.835177	0	None	None
ChainingRodShaped	2432	4.48664	0.5	-33.5425	18.7354	0	-0.998771	0.0495614	0	None	None
ChainingRodShaped	3488	3.548	0.5	-22.5352	72.6834	0	0.146846	-0.989159	0	None	None
ChainingRodShaped	3666	2.70249	0.5	-19.3844	16.592	0	0.999429	-0.0337997	0	None	None
ChainingRodShaped	1528	4.65998	0.5	41.8564	48.962	0	-0.918977	-0.394311	0	None	None
ChainingRodShaped	3476	3.44518	0.5	-32.6545	52.6107	0	0.70909	-0.705118	0	None	None
ChainingRodShaped	3414	3.92574	0.5	35.3588	3.10488	0	0.244239	0.969715	0	None	None
ChainingRodShaped	1640	4.82709	0.5	10.2666	39.803	0	0.733256	0.679953	0	None	None
ChainingRodShaped	3150	2.49585	0.5	16.0482	-61.2397	0	0.346791	-0.937943	0	3151	1691
ChainingRodShaped	3406	2.90629	0.5	13.5938	2.50575	0	0.272677	-0.962106	0	None	None
ChainingRodShaped	4302	2.23634	0.5	13.0283	70.3966	0	0.448373	-0.893846	0	None	None
ChainingRodShaped	3612	3.60874	0.5	-3.29648	5.35022	0	0.837348	0.54667	0	None	None
ChainingRodShaped	2016	4.01112	0.5	17.2494	90.2549	0	0.978125	-0.208016	0	None	None
ChainingRodShaped	1894	4.92396	0.5	30.8865	57.8871	0	0.884885	-0.46581	0	None	None
ChainingRodShaped	1874	4.39478	0.5	32.2452	39.4549	0	0.44856	-0.893753	0	None	None
ChainingRodShaped	3716	3.10047	0.5	15.7671	-1.42827	0	0.267466	-0.963567	0	None	None
ChainingRodShaped	2818	3.47553	0.5	-31.0383	85.0617	0	-0.424144	-0.905595	0	None	None
ChainingRodShaped	2264	4.25355	0.5	-18.2076	60.8396	0	-0.769001	-0.639247	0	None	None
ChainingRodShaped	2036	4.67783	0.5	-47.8689	24.6509	0	0.379919	-0.92502	0	None	None
ChainingRodShaped	3834	2.82973	0.5	-37.0658	71.9859	0	-0.697682	-0.716408	0	None	None
ChainingRodShaped	3266	3.71778	0.5	-19.3018	17.4796	0	0.999715	-0.0238645	0	None	None
ChainingRodShaped	2040	4.09835	0.5	-31.0424	37.0855	0	-0.299057	-0.954235	0	None	None
ChainingRodShaped	2300	4.02195	0.5	-22.4	68.7046	0	0.853516	0.521067	0	None	None
ChainingRodShaped	4320	2.19979	0.5	-23.8448	81.0104	0	-0.407365	-0.913265	0	None	None
ChainingRodShaped	2594	4.95411	0.5	26.7303	16.3654	0	0.307589	-0.951519	0	None	None
ChainingRodShaped	3300	3.93744	0.5	3.51046	35.9566	0	-0.745685	-0.666298	0	None	None
ChainingRodShaped	2556	3.9536	0.5	33.5763	25.9633	0	0.983244	0.182294	0	None	None
ChainingRodShaped	3638	3.4686	0.5	46.5516	56.9316	0	0.719795	0.694187	0	None	None
ChainingRodShaped	3482	3.46251	0.5	34.9179	9.66149	0	0.134069	0.990972	0	None	None
ChainingRodShaped	3186	4.14648	0.5	9.69813	20.8354	0	0.636439	0.771327	0	None	None
ChainingRodShaped	4044	2.79241	0.5	-13.6296	50.9922	0	0.65702	-0.753873	0	None	None
ChainingRodShaped	4268	2.20483	0.5	-9.17796	19.8699	0	0.391829	-0.920038	0	None	None
ChainingRodShaped	3172	4.57952	0.5	29.6635	82.7604	0	0.931293	0.36427	0	None	None
ChainingRodShaped	3774	2.50678	0.5	-8.87616	33.8946	0	-0.808384	-0.588656	0	None	None
ChainingRodShaped	2390	4.3223	0.5	42.4888	6.88704	0	0.815255	-0.579102	0	None	None
ChainingRodShaped	2576	4.84695	0.5	-12.7942	72.6007	0	0.776466	-0.630159	0	None	None
ChainingRodShaped	3906	2.96057	0.5	-33.7375	51.2618	0	0.73278	-0.680466	0	None	None
ChainingRodShaped	1928	4.24429	0.5	9.34234	13.1064	0	0.917517	0.397696	0	None	None
ChainingRodShaped	3714	3.40907	0.5	1.127	-1.59693	0	0.169484	-0.985533	0	None	None
ChainingRodShaped	2116	3.21975	0.5	-33.2616	-1.42345	0	0.770818	-0.637055	0	2117	744
ChainingRodShaped	3590	3.65554	0.5	34.6752	13.0323	0	0.295241	0.955423	0	None	None
ChainingRodShaped	4082	2.42738	0.5	40.2282	58.7208	0	0.128217	-0.991746	0	None	None
ChainingRodShaped	3462	3.91174	0.5	18.4925	67.2171	0	0.95033	0.311243	0	None	None
ChainingRodShaped	3836	3.03407	0.5	-23.2602	51.176	0	0.632661	-0.774429	0	None	None
ChainingRodShaped	2724	4.46157	0.5	-36.9182	4.90576	0	0.469705	-0.882823	0	None	None
ChainingRodShaped	2600	3.54001	0.5	-25.4987	29.8849	0	0.713232	-0.700928	0	None	None
ChainingRodShaped	4008	2.8541	0.5	-27.0424	57.4308	0	0.303603	-0.952799	0	None	None
ChainingRodShaped	2354	4.17875	0.5	-47.7558	61.5758	0	-0.114096	-0.99347	0	None	None
ChainingRodShaped	3974	2.98134	0.5	-7.91073	21.3528	0	0.429143	-0.903236	0	None	None
ChainingRodShaped	2082	4.47673	0.5	14.7039	32.6235	0	-0.600077	-0.799942	0	None	None
ChainingRodShaped	3602	3.48277	0.5	29.0677	47.15	0	0.503979	-0.863716	0	None	None
ChainingRodShaped	2872	4.75332	0.5	11.564	71.2251	0	0.457274	-0.889326	0	None	None
ChainingRodShaped	3508	3.10328	0.5	-42.5036	73.4666	0	-0.991784	-0.127921	0	None	None
ChainingRodShaped	3778	2.82881	0.5	35.854	55.9477	0	0.20701	-0.978339	0	None	None
ChainingRodShaped	4326	2.15646	0.5	-21.9456	22.7586	0	-0.983097	-0.183083	0	None	None
ChainingRodShaped	3076	3.12966	0.5	-11.4496	0.846932	0	0.772767	0.63469	0	None	None
ChainingRodShaped	3888	3.15573	0.5	-7.71416	94.2722	0	0.922734	-0.385437	0	None	None
ChainingRodShaped	3214	3.6115	0.5	-49.0811	40.7877	0	0.166663	0.986014	0	None	None
ChainingRodShaped	1970	4.22041	0.5	50.1579	15.3418	0	0.0305643	-0.999533	0	None	None
ChainingRodShaped	2710	4.44119	0.5	-26.4749	45.4521	0	0.658371	-0.752694	0	None	None
ChainingRodShaped	2056	3.19977	0.5	9.86933	-46.562	0	0.436862	-0.899528	0	2057	2849
ChainingRodShaped	3168	3.54515	0.5	35.3511	76.5153	0	0.33529	0.942115	0	None	None
ChainingRodShaped	4064	2.29644	0.5	-2.21766	129.156	0	-0.480014	-0.877261	0	4065	2029
ChainingRodShaped	3040	3.55373	0.5	-46.0057	52.1912	0	0.783619	-0.621242	0	None	None
ChainingRodShaped	2672	4.93389	0.5	15.8016	-9.56741	0	0.975138	0.221597	0	None	None
ChainingRodShaped	3228	3.86329	0.5	38.8963	2.57685	0	0.945631	0.325241	0	None	None
ChainingRodShaped	2994	3.17996	0.5	-10.5181	51.5594	0	0.674743	-0.738053	0	None	None
ChainingRodShaped	2066	4.8492	0.5	11.7709	62.4367	0	0.95838	0.285494	0	None	None
ChainingRodShaped	3072	4.32216	0.5	45.5354	46.4271	0	0.929102	0.369822	0	None	None
ChainingRodShaped	2912	4.40471	0.5	18.4609	87.0039	0	0.97756	-0.210655	0	None	None
ChainingRodShaped	4058	2.78541	0.5	10.63	-10.177	0	0.70961	-0.704595	0	None	None
ChainingRodShaped	809	4.49315	0.5	-16.3953	-14.2802	0	0.79285	-0.609417	0	1558	1999
ChainingRodShaped	2500	4.71506	0.5	13.4411	-6.71264	0	0.305249	-0.952272	0	None	None
ChainingRodShaped	3746	3.13843	0.5	23.7832	16.4852	0	0.837797	-0.545981	0	None	None
ChainingRodShaped	2904	4.92512	0.5	-3.34041	38.6975	0	0.719649	-0.694338	0	None	None
ChainingRodShaped	3682	2.56151	0.5	-26.3596	24.7908	0	0.9934	0.114698	0	None	None
ChainingRodShaped	2496	4.29218	0.5	33.7725	23.245	0	0.982519	0.186161	0	None	None
ChainingRodShaped	4206	2.64035	0.5	-10.6628	72.065	0	0.777744	-0.628582	0	None	None
ChainingRodShaped	2894	3.50182	0.5	-28.3137	8.39344	0	-0.730751	-0.682644	0	None	None
ChainingRodShaped	825	4.75459	0.5	-56.4884	41.0068	0	0.0433273	-0.999061	0	2318	824
ChainingRodShaped	2694	3.59186	0.5	-41.5513	39.7972	0	0.99563	0.0933816	0	None	None
ChainingRodShaped	3940	2.62885	0.5	-41.1532	44.9983	0	0.609353	-0.792899	0	None	None
ChainingRodShaped	4148	2.30908	0.5	21.5894	45.1906	0	-0.283985	-0.958829	0	None	None
ChainingRodShaped	2756	4.37957	0.5	17.8422	77.9306	0	-0.60406	-0.796939	0	None	None
ChainingRodShaped	2808	3.36315	0.5	41.5953	17.0203	0	0.537926	-0.842992	0	None	None
ChainingRodShaped	1410	4.81649	0.5	-3.24147	4.30002	0	0.836307	0.548261	0	None	None
ChainingRodShaped	3616	3.25601	0.5	-33.2284	47.2275	0	0.765077	-0.643939	0	None	None
ChainingRodShaped	3070	4.40452	0.5	23.7426	54.5856	0	0.901785	-0.432185	0	None	None
ChainingRodShaped	1708	4.7	0.5	34.0696	19.9887	0	-0.311323	0.950304	0	None	None
ChainingRodShaped	2468	3.82934	0.5	25.2334	28.4394	0	-0.993179	-0.116596	0	None	None
ChainingRodShaped	3334	4.09415	0.5	12.4474	44.1786	0	0.971724	0.236118	0	None	None
ChainingRodShaped	3074	2.97372	0.5	-28.449	4.38494	0	-0.94361	-0.331058	0	None	None
ChainingRodShaped	2330	3.82927	0.5	26.4805	66.4952	0	0.883314	0.468782	0	None	None
ChainingRodShaped	2736	4.73447	0.5	-11.3238	56.3663	0	0.680306	-0.732928	0	None	None
ChainingRodShaped	2632	4.10911	0.5	10.8033	70.7167	0	0.466134	-0.884714	0	None	None
ChainingRodShaped	2920	4.12762	0.5	-22.9776	49.5035	0	0.656365	-0.754443	0	None	None
ChainingRodShaped	1740	4.34479	0.5	-0.174824	0.545391	0	0.159613	-0.98718	0	None	None
ChainingRodShaped	4366	2.21457	0.5	-0.477136	38.4089	0	0.730577	-0.682831	0	None	None
ChainingRodShaped	2792	4.89115	0.5	-6.8857	-7.95107	0	0.368813	0.929504	0	None	None
ChainingRodShaped	4356	2.27245	0.5	-32.3453	57.8759	0	0.563519	-0.826103	0	None	None
ChainingRodShaped	3464	2.6785	0.5	35.0809	55.1825	0	0.199512	-0.979895	0	None	None
ChainingRodShaped	2278	3.88985	0.5	-34.3007	12.8574	0	0.998291	-0.0584308	0	None	None
ChainingRodShaped	3348	3.05962	0.5	-27.2555	-3.69368	0	0.78097	-0.624568	0	None	None
ChainingRodShaped	2450	4.2159	0.5	25.5581	-3.43231	0	0.974408	-0.224787	0	None	None
ChainingRodShaped	3810	2.98334	0.5	-14.2415	15.8237	0	0.515905	0.856646	0	None	None
ChainingRodShaped	4556	2.02564	0.5	-37.7824	62.2187	0	0.631561	-0.775326	0	None	None
ChainingRodShaped	3822	2.44299	0.5	15.4803	4.50909	0	-0.161355	-0.986896	0	None	None
ChainingRodShaped	1658	4.45284	0.5	-8.5559	57.129	0	0.381869	-0.924216	0	None	None
ChainingRodShaped	2548	3.63028	0.5	-5.5237	-2.9777	0	0.809163	0.587584	0	None	None
ChainingRodShaped	2368	4.88857	0.5	17.7032	29.9895	0	0.458284	-0.888806	0	None	None
ChainingRodShaped	3312	3.35436	0.5	-24.2264	90.9062	0	-0.758837	-0.65128	0	None	None
ChainingRodShaped	2620	3.51979	0.5	-48.6086	44.6066	0	0.553961	0.832542	0	None	None
ChainingRodShaped	1704	4.41996	0.5	32.1746	81.3475	0	0.763361	0.645972	0	None	None
ChainingRodShaped	3956	2.4616	0.5	30.4903	38.8187	0	0.448502	-0.893782	0	None	None
ChainingRodShaped	2860	4.02621	0.5	7.49608	86.008	0	0.947615	-0.319415	0	None	None
ChainingRodShaped	2720	3.51923	0.5	23.6962	75.8302	0	0.968518	0.248944	0	None	None
ChainingRodShaped	1536	4.84106	0.5	-12.8911	81.2986	0	0.75536	-0.65531	0	None	None
ChainingRodShaped	1816	4.91733	0.5	-8.19473	29.4281	0	0.218329	-0.975875	0	None	None
ChainingRodShaped	3776	3.11748	0.5	-13.2733	71.8187	0	0.782735	-0.622355	0	None	None
ChainingRodShaped	3170	4.25465	0.5	11.0868	4.83782	0	0.232689	-0.972551	0	None	None
ChainingRodShaped	2802	4.74212	0.5	0.632978	91.0364	0	0.969828	-0.243791	0	None	None
ChainingRodShaped	4498	2.08758	0.5	-20.9056	-3.89598	0	0.325803	-0.945438	0	None	None
ChainingRodShaped	3586	3.27839	0.5	25.1058	27.5758	0	-0.993042	-0.117763	0	None	None
ChainingRodShaped	1952	4.83684	0.5	-47.4677	50.8882	0	0.780667	-0.624947	0	None	None
ChainingRodShaped	3560	3.78897	0.5	14.2317	28.1375	0	0.993613	0.112841	0	None	None
ChainingRodShaped	3750	2.93361	0.5	-6.68878	57.1317	0	0.389039	-0.921221	0	None	None
ChainingRodShaped	4472	2.11396	0.5	46.8992	49.0359	0	0.92259	0.385782	0	None	None
ChainingRodShaped	3086	4.4256	0.5	37.8508	75.0302	0	-0.629601	0.776919	0	None	None
ChainingRodShaped	3030	3.3414	0.5	3.06037	87.4387	0	0.957918	-0.287043	0	None	None
ChainingRodShaped	2568	4.38272	0.5	-38.1015	32.9952	0	0.626824	-0.779161	0	None	None
ChainingRodShaped	3386	3.34947	0.5	51.9567	44.0956	0	0.997811	-0.0661273	0	None	None
ChainingRodShaped	1440	4.98771	0.5	24.0659	55.3272	0	0.906041	-0.423191	0	None	None
ChainingRodShaped	3526	3.30016	0.5	15.7067	62.1543	0	0.852429	0.522844	0	None	None
ChainingRodShaped	3242	3.87184	0.5	-8.37516	-1.56489	0	0.796259	0.604956	0	None	None
ChainingRodShaped	2842	4.34585	0.5	7.0832	58.1792	0	0.981808	0.189876	0	None	None
ChainingRodShaped	4330	2.24401	0.5	27.5124	-0.940385	0	0.650965	-0.759107	0	None	None
ChainingRodShaped	3148	3.33073	0.5	-3.653	30.7878	0	-0.578576	-0.815629	0	None	None
ChainingRodShaped	4494	2.08676	0.5	8.20131	50.2912	0	0.906506	-0.422193	0	None	None
ChainingRodShaped	4158	2.29063	0.5	-23.6079	60.3674	0	-0.398348	-0.917234	0	None	None
ChainingRodShaped	1688	4.60222	0.5	-34.917	63.1108	0	0.6153	-0.788293	0	None	None
ChainingRodShaped	2152	4.85969	0.5	29.1107	72.1028	0	0.882401	0.470498	0	None	None
ChainingRodShaped	3884	2.83042	0.5	24.1564	31.3789	0	0.308953	-0.951077	0	None	None
ChainingRodShaped	951	4.32089	0.5	-47.1053	72.4964	0	-0.578731	-0.815519	0	1900	2893
ChainingRodShaped	2820	3.22396	0.5	15.4446	47.2817	0	0.994331	0.106326	0	None	None
ChainingRodShaped	3960	2.95655	0.5	21.5085	59.7782	0	-0.937903	-0.346898	0	None	None
ChainingRodShaped	2268	4.35754	0.5	-5.57458	72.2176	0	0.997543	-0.0700585	0	None	None
ChainingRodShaped	4248	2.4892	0.5	40.9975	46.5678	0	0.921521	0.388329	0	None	None
ChainingRodShaped	2902	3.17798	0.5	-21.861	87.8731	0	-0.75653	-0.653959	0	None	None
ChainingRodShaped	2982	4.85934	0.5	-45.4023	20.3795	0	0.254246	-0.96714	0	None	None
ChainingRodShaped	3122	4.3083	0.5	-14.6154	41.183	0	0.354961	0.934881	0	None	None
ChainingRodShaped	2410	4.0218	0.5	6.01471	-0.95368	0	0.688636	0.725107	0	None	None
ChainingRodShaped	4432	2.15871	0.5	7.35761	34.8002	0	-0.728793	-0.684734	0	None	None
ChainingRodShaped	1510	4.85991	0.5	8.40764	53.8092	0	0.965779	-0.259365	0	None	None
ChainingRodShaped	2546	3.72958	0.5	25.4762	35.1468	0	0.0334224	-0.999441	0	None	None
ChainingRodShaped	3166	3.53592	0.5	-28.3269	17.0631	0	0.988371	0.152065	0	None	None
ChainingRodShaped	3986	2.51188	0.5	5.51073	12.0168	0	0.799883	0.600156	0	None	None
ChainingRodShaped	4296	2.32507	0.5	32.4492	50.322	0	0.503132	-0.86421	0	None	None
ChainingRodShaped	3310	2.9731	0.5	22.8627	18.9873	0	0.957589	-0.288138	0	None	None
ChainingRodShaped	3202	4.28643	0.5	14.0856	28.9807	0	0.992437	0.122759	0	None	None
ChainingRodShaped	2486	3.49423	0.5	-39.3479	40.8918	0	0.998447	0.0557054	0	None	None
ChainingRodShaped	3374	3.949	0.5	-7.87186	9.97277	0	-0.928067	-0.372413	0	None	None
ChainingRodShaped	2778	4.26462	0.5	-39.3943	74.5488	0	-0.459866	-0.887988	0	None	None
ChainingRodShaped	4014	2.87569	0.5	10.1	24.9785	0	0.994187	0.107663	0	None	None
ChainingRodShaped	1696	4.74416	0.5	-2.64757	39.2109	0	0.723703	-0.690112	0	None	None
ChainingRodShaped	3222	3.93381	0.5	-11.8602	79.1508	0	0.750755	-0.660581	0	None	None
ChainingRodShaped	4532	2.05221	0.5	-18.5024	67.6509	0	-0.39775	-0.917494	0	None	None
ChainingRodShaped	4458	2.09705	0.5	-42.4866	29.3873	0	-0.633255	0.773944	0	None	None
ChainingRodShaped	3454	2.68379	0.5	-1.11117	24.909	0	0.205444	-0.978669	0	None	None
ChainingRodShaped	2132	4.73671	0.5	4.31968	81.2672	0	0.635498	-0.772103	0	None	None
ChainingRodShaped	3004	3.77803	0.5	-8.47845	24.7234	0	0.398793	-0.917041	0	None	None
ChainingRodShaped	4364	2.27271	0.5	48.7708	32.2251	0	-0.212277	-0.977209	0	None	None
ChainingRodShaped	2924	4.38123	0.5	10.3311	-2.97147	0	0.268272	-0.963343	0	None	None
ChainingRodShaped	2772	3.96579	0.5	-0.118071	49.0567	0	0.746095	-0.665839	0	None	None
ChainingRodShaped	2688	3.55734	0.5	-34.9837	76.9107	0	-0.624993	0.780631	0	None	None
ChainingRodShaped	4110	2.41718	0.5	47.1855	12.9467	0	0.80215	0.597123	0	None	None
ChainingRodShaped	3850	2.63608	0.5	-14.6136	24.1184	0	0.285976	-0.958237	0	None	None
ChainingRodShaped	2426	4.02271	0.5	-4.86863	73.0561	0	0.997339	-0.0729045	0	None	None
ChainingRodShaped	3522	3.13736	0.5	3.33828	50.6684	0	0.893858	-0.44835	0	None	None
ChainingRodShaped	4038	2.76626	0.5	-13.607	15.1364	0	0.515338	0.856987	0	None	None
ChainingRodShaped	2922	3.34039	0.5	47.5278	27.9255	0	-0.994047	-0.108954	0	None	None
ChainingRodShaped	2560	3.39499	0.5	28.6565	75.3233	0	0.747399	0.664376	0	None	None
ChainingRodShaped	3512	3.39285	0.5	6.66223	5.20726	0	0.65467	0.755915	0	None	None
ChainingRodShaped	2022	3.98188	0.5	3.47027	65.1118	0	-0.109349	-0.994003	0	None	None
ChainingRodShaped	3088	4.44293	0.5	-24.866	74.3924	0	-0.065528	-0.997851	0	None	None
ChainingRodShaped	2160	4.51308	0.5	-7.97239	39.6603	0	0.675179	-0.737654	0	None	None
ChainingRodShaped	3878	2.87393	0.5	-15.8206	44.5604	0	0.0951349	-0.995464	0	None	None
ChainingRodShaped	2094	4.38052	0.5	-23.1631	69.2541	0	0.856744	0.515742	0	None	None
ChainingRodShaped	3020	4.04233	0.5	26.1306	-4.55723	0	0.974665	-0.223668	0	None	None
ChainingRodShaped	1910	4.24562	0.5	8.555	68.0244	0	-0.96368	-0.267058	0	None	None
ChainingRodShaped	4380	2.23195	0.5	-19.9999	-8.0711	0	0.752405	-0.658701	0	None	None
ChainingRodShaped	2918	3.67355	0.5	41.322	60.2638	0	-0.0445256	-0.999008	0	None	None
ChainingRodShaped	3788	3.00305	0.5	4.43754	41.2283	0	0.691727	-0.722159	0	None	None
ChainingRodShaped	3490	2.76539	0.5	-26.7487	74.2797	0	-0.054304	-0.998524	0	None	None
ChainingRodShaped	3452	3.46731	0.5	-5.99878	86.4963	0	0.541603	0.840634	0	None	None
ChainingRodShaped	4208	2.44341	0.5	-22.3481	37.2042	0	-0.681537	-0.731783	0	None	None
ChainingRodShaped	3284	3.28221	0.5	45.7023	33.1593	0	-0.124366	-0.992236	0	None	None
ChainingRodShaped	2412	3.69554	0.5	-7.22038	11.1698	0	-0.931746	-0.363111	0	None	None
ChainingRodShaped	3518	2.74211	0.5	-16.2235	56.0722	0	0.863989	-0.50351	0	None	None
ChainingRodShaped	3378	2.76234	0.5	-32.5421	32.6386	0	0.800859	-0.598853	0	None	None
ChainingRodShaped	3896	2.48027	0.5	-13.9008	35.5339	0	-0.177666	-0.984091	0	None	None
ChainingRodShaped	3012	4.6264	0.5	-29.4705	61.212	0	-0.0883845	-0.996086	0	None	None
ChainingRodShaped	3234	4.18577	0.5	13.0331	27.1336	0	0.993397	0.114732	0	None	None
ChainingRodShaped	4092	2.30256	0.5	31.8288	38.256	0	0.457214	-0.889357	0	None	None
ChainingRodShaped	3380	3.5317	0.5	-35.6339	43.2503	0	0.981757	0.190142	0	None	None
ChainingRodShaped	1652	4.492	0.5	18.4704	18.4625	0	0.785072	-0.619404	0	None	None
ChainingRodShaped	1792	4.9823	0.5	-9.84519	58.0141	0	0.376188	-0.926544	0	None	None
ChainingRodShaped	3018	3.98809	0.5	2.03518	68.0047	0	0.106648	0.994297	0	None	None
ChainingRodShaped	3980	2.4185	0.5	-37.833	59.2517	0	0.58863	-0.808402	0	None	None
ChainingRodShaped	3474	3.82424	0.5	-40.6776	21.1565	0	-0.527671	-0.849449	0	None	None
ChainingRodShaped	3678	3.27641	0.5	-4.47781	78.7386	0	0.998854	0.0478683	0	None	None
ChainingRodShaped	3432	3.37712	0.5	22.8072	18.1019	0	0.954647	-0.29774	0	None	None
ChainingRodShaped	3164	3.85471	0.5	1.49583	39.0387	0	0.736454	-0.676487	0	None	None
ChainingRodShaped	3604	3.57685	0.5	30.5478	13.5814	0	0.341743	-0.939793	0	None	None
ChainingRodShaped	3026	3.87347	0.5	14.717	59.482	0	-0.861489	-0.507776	0	None	None
ChainingRodShaped	3792	2.91594	0.5	46.6747	33.025	0	-0.15013	-0.988666	0	None	None
ChainingRodShaped	2910	4.45604	0.5	-38.8833	47.2156	0	0.759791	-0.650168	0	None	None
ChainingRodShaped	2540	4.84258	0.5	-20.5107	-0.748037	0	0.617083	-0.786898	0	None	None
ChainingRodShaped	2364	4.55993	0.5	46.744	44.9602	0	0.936312	0.35117	0	None	None
ChainingRodShaped	3008	3.03354	0.5	2.76189	-8.18344	0	0.940611	0.339486	0	None	None
ChainingRodShaped	2932	4.46257	0.5	-40.2703	63.6974	0	0.643259	-0.765649	0	None	None
ChainingRodShaped	3928	2.49796	0.5	0.383931	30.0055	0	-0.599017	-0.800736	0	None	None
ChainingRodShaped	2060	4.27638	0.5	-1.539	74.3267	0	0.550916	-0.834561	0	None	None
ChainingRodShaped	3506	2.84537	0.5	-17.5825	11.4688	0	0.422724	0.906258	0	None	None
ChainingRodShaped	3780	2.53118	0.5	-18.7116	59.2304	0	-0.768602	-0.639727	0	None	None
ChainingRodShaped	2832	3.40714	0.5	6.07815	93.1838	0	0.998101	0.0615971	0	None	None
ChainingRodShaped	3290	3.24832	0.5	37.4911	30.2128	0	0.811452	-0.584419	0	None	None
ChainingRodShaped	2706	4.77194	0.5	44.3024	51.0368	0	-0.91499	-0.403477	0	None	None
ChainingRodShaped	2232	4.77062	0.5	-11.6208	87.0747	0	-0.850557	-0.525883	0	None	None
ChainingRodShaped	3918	2.64838	0.5	43.4745	18.624	0	-0.131086	-0.991371	0	None	None
ChainingRodShaped	2502	4.52817	0.5	29.0624	21.6149	0	0.642747	-0.766079	0	None	None
ChainingRodShaped	2536	4.32259	0.5	-22.5431	88.5303	0	-0.757291	-0.653078	0	None	None
ChainingRodShaped	2996	4.51849	0.5	-5.69802	81.9193	0	0.553681	0.832729	0	None	None
ChainingRodShaped	4016	2.91495	0.5	30.2591	50.4132	0	0.501285	-0.865282	0	None	None
ChainingRodShaped	3496	3.61172	0.5	-21.0142	40.5325	0	-0.636136	-0.771577	0	None	None
ChainingRodShaped	2248	3.86029	0.5	-21.663	73.2116	0	0.13792	-0.990443	0	None	None
ChainingRodShaped	1920	4.94296	0.5	4.82025	10.0174	0	0.714109	0.700035	0	None	None
ChainingRodShaped	2176	3.82413	0.5	15.7129	72.8686	0	0.483302	0.875454	0	None	None
ChainingRodShaped	3002	3.3215	0.5	6.99346	46.9179	0	0.943542	-0.331253	0	None	None
ChainingRodShaped	3278	2.9971	0.5	24.4363	29.2052	0	-0.993603	-0.112933	0	None	None
ChainingRodShaped	4280	2.1682	0.5	18.263	16.3721	0	0.793382	-0.608724	0	None	None
ChainingRodShaped	1814	4.25991	0.5	-0.432464	60.8882	0	-0.0947184	-0.995504	0	None	None
ChainingRodShaped	3920	2.84254	0.5	11.8605	15.1497	0	0.932594	0.360928	0	None	None
ChainingRodShaped	2542	4.65227	0.5	31.5393	82.0795	0	0.759887	0.650056	0	None	None
ChainingRodShaped	4442	2.19764	0.5	28.4586	14.0111	0	0.317848	-0.948142	0	None	None
ChainingRodShaped	3594	2.80148	0.5	3.11329	33.732	0	-0.8923	-0.451444	0	None	None
ChainingRodShaped	3880	2.79604	0.5	2.5146	13.7313	0	0.969077	0.24676	0	None	None
ChainingRodShaped	3548	3.10226	0.5	24.8185	8.07491	0	-0.505631	-0.86275	0	None	None
ChainingRodShaped	2888	3.72013	0.5	-19.3426	76.7026	0	-0.142304	0.989823	0	None	None
ChainingRodShaped	3252	3.72893	0.5	23.6889	52.7064	0	0.892905	-0.450245	0	None	None
ChainingRodShaped	3100	3.49914	0.5	33.1742	-4.91799	0	0.930891	0.365297	0	None	None
ChainingRodShaped	2506	4.13317	0.5	-16.546	36.4741	0	0.599451	0.800411	0	None	None
ChainingRodShaped	4254	2.47864	0.5	-9.6161	47.7481	0	0.6579	-0.753105	0	None	None
ChainingRodShaped	2816	4.06558	0.5	-3.31044	76.9972	0	0.994641	0.103387	0	None	None
ChainingRodShaped	3194	4.29142	0.5	1.42606	14.2947	0	0.966568	0.256409	0	None	None
ChainingRodShaped	1175	4.16222	0.5	-53.3612	60.6357	0	-0.341287	-0.939959	0	2892	1174
ChainingRodShaped	2696	3.35173	0.5	-37.4443	8.2762	0	0.934758	-0.355285	0	None	None
ChainingRodShaped	2136	4.51687	0.5	-37.7995	54.268	0	0.572491	-0.819911	0	None	None
ChainingRodShaped	2582	4.90042	0.5	-17.2175	14.241	0	-0.498105	-0.867117	0	None	None
ChainingRodShaped	2422	3.78134	0.5	44.7664	53.8604	0	0.720928	0.69301	0	None	None
ChainingRodShaped	1822	4.69663	0.5	43.3362	55.1103	0	0.710388	0.70381	0	None	None
ChainingRodShaped	3492	3.03694	0.5	32.8189	7.71401	0	0.685578	0.728	0	None	None
ChainingRodShaped	2804	4.93073	0.5	-22.0435	-0.282713	0	0.612608	-0.790387	0	None	None
ChainingRodShaped	1880	4.41295	0.5	9.32083	90.7452	0	0.173579	0.98482	0	None	None
ChainingRodShaped	3946	2.46965	0.5	-17.2647	30.7394	0	0.637252	0.770656	0	None	None
ChainingRodShaped	4454	2.16053	0.5	20.4834	25.0864	0	0.246037	-0.96926	0	None	None
ChainingRodShaped	2614	4.79692	0.5	18.9049	42.2228	0	-0.312864	-0.949798	0	None	None
ChainingRodShaped	3458	3.75602	0.5	-5.96524	96.68	0	0.919593	-0.392872	0	None	None
ChainingRodShaped	3048	4.12298	0.5	12.5865	19.7759	0	-0.773226	0.634131	0	None	None
ChainingRodShaped	2562	4.11983	0.5	-16.8478	-5.29989	0	0.268034	0.963409	0	None	None
ChainingRodShaped	3756	2.81295	0.5	14.5014	45.499	0	0.993262	0.115887	0	None	None
ChainingRodShaped	2774	3.08252	0.5	-50.096	17.3425	0	0.483688	-0.87524	0	2775	3765
ChainingRodShaped	4260	2.37285	0.5	-44.4706	24.2842	0	-0.634535	0.772894	0	None	None
ChainingRodShaped	3932	2.87736	0.5	-10.8662	81.1297	0	0.550012	-0.835157	0	None	None
ChainingRodShaped	4140	2.48747	0.5	2.94148	51.8562	0	0.891569	-0.452885	0	None	None
ChainingRodShaped	3274	4.22893	0.5	23.4327	81.4921	0	0.704886	0.709321	0	None	None
ChainingRodShaped	3758	2.98615	0.5	21.3839	0.17033	0	0.973102	0.230373	0	None	None
ChainingRodShaped	3550	3.78477	0.5	26.8907	69.8564	0	0.881565	0.472063	0	None	None
ChainingRodShaped	2970	4.3664	0.5	-1.89151	18.1316	0	0.962068	-0.272809	0	None	None
ChainingRodShaped	2350	3.77841	0.5	39.3026	62.3091	0	0.600564	-0.799577	0	None	None
ChainingRodShaped	3316	3.5487	0.5	-5.04367	37.9526	0	0.717431	-0.696629	0	None	None
ChainingRodShaped	3500	3.43038	0.5	22.5925	9.5048	0	-0.541475	-0.840717	0	None	None
ChainingRodShaped	3898	2.70843	0.5	34.0881	5.71554	0	0.380756	0.924676	0	None	None
ChainingRodShaped	4470	2.06437	0.5	-17.515	44.0495	0	0.115055	-0.993359	0	None	None
ChainingRodShaped	3510	3.73173	0.5	-6.33672	5.58425	0	0.848109	0.529822	0	None	None
ChainingRodShaped	3130	4.0919	0.5	23.6924	39.6001	0	-0.0372854	-0.999305	0	None	None
ChainingRodShaped	3342	3.28683	0.5	41.7681	22.3485	0	0.036442	-0.999336	0	None	None
ChainingRodShaped	4032	2.5493	0.5	35.0492	36.2378	0	0.492134	-0.870519	0	None	None
ChainingRodShaped	4566	2.023	0.5	4.18161	40.2252	0	0.698971	-0.71515	0	None	None
ChainingRodShaped	2488	3.5053	0.5	-34.2278	15.1892	0	0.89108	-0.453846	0	None	None
ChainingRodShaped	2714	3.90166	0.5	-27.323	61.522	0	-0.263735	-0.964595	0	None	None
ChainingRodShaped	3536	2.80374	0.5	13.6781	11.1521	0	-0.142657	-0.989772	0	None	None
ChainingRodShaped	2834	4.6475	0.5	18.2247	42.7407	0	-0.322325	-0.946629	0	None	None
ChainingRodShaped	4102	2.44562	0.5	1.72474	74.3165	0	0.534896	-0.844918	0	None	None
ChainingRodShaped	4252	2.37041	0.5	-47.4403	30.9189	0	0.627041	-0.778986	0	None	None
ChainingRodShaped	4202	2.24115	0.5	-22.9457	53.6691	0	0.620932	-0.783865	0	None	None
ChainingRodShaped	3090	3.60223	0.5	-37.6511	80.3635	0	-0.962889	-0.269896	0	None	None
ChainingRodShaped	3820	2.60821	0.5	-30.3254	29.898	0	0.851632	-0.524141	0	None	None
ChainingRodShaped	3748	2.85781	0.5	18.8845	70.251	0	0.94967	0.313251	0	None	None
ChainingRodShaped	2202	3.86433	0.5	36.6072	52.4411	0	-0.719001	-0.695009	0	None	None
ChainingRodShaped	4436	2.22712	0.5	34.9555	81.1307	0	0.76396	0.645264	0	None	None
ChainingRodShaped	3772	2.96053	0.5	-32.8253	65.9363	0	-0.908013	-0.418942	0	None	None
ChainingRodShaped	4262	2.19048	0.5	4.14244	63.2159	0	-0.115043	-0.993361	0	None	None
ChainingRodShaped	3480	2.91516	0.5	7.89259	148.982	0	-0.443257	-0.896395	0	3481	3703
ChainingRodShaped	3204	2.9171	0.5	-34.2874	77.5707	0	-0.632768	0.774342	0	None	None
ChainingRodShaped	3044	4.41401	0.5	18.3617	5.162	0	-0.146954	-0.989143	0	None	None
ChainingRodShaped	2830	4.27725	0.5	-3.82037	14.9348	0	0.990324	0.138774	0	None	None
ChainingRodShaped	4348	2.2179	0.5	47.9608	25.9498	0	-0.422938	0.906159	0	None	None
ChainingRodShaped	3504	2.70149	0.5	21.929	1.26473	0	0.970752	0.240086	0	None	None
ChainingRodShaped	3136	2.91734	0.5	32.1062	69.7549	0	-0.208451	0.978033	0	None	None
ChainingRodShaped	3372	4.16569	0.5	-33.8446	22.8666	0	-0.974636	0.223795	0	None	None
ChainingRodShaped	3388	2.79738	0.5	20.5393	65.9965	0	0.948402	0.31707	0	None	None
ChainingRodShaped	3966	2.74377	0.5	-28.625	37.3127	0	-0.998784	-0.0492968	0	None	None
ChainingRodShaped	3544	3.23907	0.5	-19.6306	-4.58285	0	0.209181	-0.977877	0	None	None
ChainingRodShaped	2072	4.23116	0.5	-5.49501	89.0027	0	0.614706	0.788756	0	None	None
ChainingRodShaped	2222	4.90551	0.5	-42.6456	57.9514	0	0.998687	-0.0512235	0	None	None
ChainingRodShaped	2190	4.8449	0.5	19.4072	-8.54666	0	0.898392	-0.439194	0	None	None
ChainingRodShaped	4568	2.01151	0.5	-10.8112	33.1138	0	-0.255906	-0.966702	0	None	None
ChainingRodShaped	4266	2.18772	0.5	30.884	51.1413	0	0.503246	-0.864143	0	None	None
ChainingRodShaped	4450	2.07901	0.5	-9.3767	32.4619	0	-0.80246	-0.596705	0	None	None
ChainingRodShaped	2964	4.31476	0.5	-20.3517	45.0133	0	0.103198	-0.994661	0	None	None
ChainingRodShaped	3276	3.0401	0.5	-27.1487	64.6917	0	0.852497	0.522732	0	None	None
ChainingRodShaped	2320	4.11179	0.5	33.3305	15.01	0	0.289221	0.957262	0	None	None
ChainingRodShaped	2274	4.1943	0.5	1.07622	20.673	0	0.321576	-0.946884	0	None	None
ChainingRodShaped	2270	3.97169	0.5	-14.7955	64.5805	0	-0.595697	-0.80321	0	None	None
ChainingRodShaped	2666	4.67477	0.5	-25.3233	49.502	0	0.664418	-0.747361	0	None	None
ChainingRodShaped	2416	3.5773	0.5	40.2966	17.3432	0	0.510731	-0.85974	0	None	None
ChainingRodShaped	2492	4.58362	0.5	18.1814	88.0531	0	0.97764	-0.210286	0	None	None
ChainingRodShaped	3782	3.1455	0.5	17.2281	89.2554	0	0.977953	-0.208823	0	None	None
ChainingRodShaped	3104	4.4412	0.5	-6.49783	71.4036	0	0.996859	-0.0791912	0	None	None
ChainingRodShaped	4114	2.58744	0.5	-33.5799	31.0935	0	0.810024	-0.586397	0	None	None
ChainingRodShaped	4420	2.09718	0.5	-10.8696	88.6595	0	-0.845261	-0.534353	0	None	None
ChainingRodShaped	3268	2.9954	0.5	-7.76958	14.4595	0	-0.382611	0.92391	0	None	None
ChainingRodShaped	3114	3.00914	0.5	6.83583	1.28683	0	0.68135	0.731958	0	None	None
ChainingRodShaped	3440	3.24461	0.5	-31.7605	24.3109	0	0.842944	-0.538002	0	None	None
ChainingRodShaped	2108	4.86013	0.5	35.2094	66.473	0	0.0386911	-0.999251	0	None	None
ChainingRodShaped	3754	2.56544	0.5	7.5496	-7.09945	0	0.304433	-0.952534	0	None	None
ChainingRodShaped	2784	3.24602	0.5	41.724	2.53379	0	0.931295	0.364267	0	None	None
ChainingRodShaped	4340	2.17748	0.5	-16.7466	34.4676	0	0.499568	0.866275	0	None	None
ChainingRodShaped	3582	3.50475	0.5	-35.8959	50.7209	0	0.767964	-0.640493	0	None	None
ChainingRodShaped	4376	2.17336	0.5	38.9128	24.5967	0	0.79434	-0.607473	0	None	None
ChainingRodShaped	4496	2.04383	0.5	15.6613	68.2276	0	0.950741	0.309985	0	None	None
ChainingRodShaped	3578	3.68228	0.5	30.6671	60.948	0	-0.745265	-0.666768	0	None	None
ChainingRodShaped	4180	2.66637	0.5	52.4778	48.5824	0	0.822055	0.569408	0	None	None
ChainingRodShaped	2646	4.53363	0.5	-11.8856	69.1281	0	-0.992302	-0.123841	0	None	None
ChainingRodShaped	4324	2.27964	0.5	-45.3376	38.9991	0	-0.98068	-0.19562	0	None	None
ChainingRodShaped	4080	2.29117	0.5	8.51155	22.1922	0	0.996811	0.0798037	0	None	None
ChainingRodShaped	2670	4.81336	0.5	-25.9627	13.6627	0	0.986227	0.165399	0	None	None
ChainingRodShaped	2480	4.01855	0.5	-31.5711	86.2306	0	-0.425626	-0.904899	0	None	None
ChainingRodShaped	4162	2.48545	0.5	-5.09283	42.9207	0	0.69872	-0.715395	0	None	None
ChainingRodShaped	2396	4.47444	0.5	8.29515	-2.70264	0	0.263651	-0.964618	0	None	None
ChainingRodShaped	2234	4.1064	0.5	-21.8063	35.2636	0	-0.666683	-0.745342	0	None	None
ChainingRodShaped	2398	4.07004	0.5	13.2173	75.9906	0	-0.510259	-0.860021	0	None	None
ChainingRodShaped	2658	3.91469	0.5	20.2097	43.5747	0	-0.293531	-0.955949	0	None	None
ChainingRodShaped	4508	2.07688	0.5	-9.89246	45.4918	0	0.719997	-0.693978	0	None	None
ChainingRodShaped	4250	2.44511	0.5	9.04211	51.3012	0	0.997873	-0.0651946	0	None	None
ChainingRodShaped	3564	3.49786	0.5	30.9287	62.467	0	0.738546	0.674203	0	None	None
ChainingRodShaped	4086	2.55876	0.5	-20.8371	66.7327	0	-0.409012	-0.912529	0	None	None
ChainingRodShaped	2336	4.20203	0.5	-14.0975	71.3017	0	-0.788924	0.614491	0	None	None
ChainingRodShaped	4156	2.36505	0.5	46.5632	17.3282	0	0.807369	0.590048	0	None	None
ChainingRodShaped	2598	4.24884	0.5	21.6895	42.3413	0	-0.282661	-0.95922	0	None	None
ChainingRodShaped	3296	3.82726	0.5	29.6052	47.9689	0	0.507966	-0.861377	0	None	None
ChainingRodShaped	2460	3.58161	0.5	-21.1984	44.9573	0	0.0932429	-0.995643	0	None	None
ChainingRodShaped	4258	2.18094	0.5	-32.0735	7.41043	0	-0.70799	-0.706222	0	None	None
ChainingRodShaped	2660	3.25889	0.5	35.5616	32.2859	0	0.945873	-0.324538	0	None	None
ChainingRodShaped	4130	2.46394	0.5	-25.902	72.9119	0	-0.0642773	-0.997932	0	None	None
ChainingRodShaped	2584	3.5039	0.5	24.7361	85.0279	0	-0.899687	-0.436536	0	None	None
ChainingRodShaped	4212	2.36529	0.5	-23.9438	-2.59336	0	0.710214	-0.703985	0	None	None
ChainingRodShaped	4242	2.42634	0.5	4.50352	26.3722	0	-0.124425	-0.992229	0	None	None
ChainingRodShaped	3106	3.99349	0.5	38.7971	8.59297	0	0.440308	-0.897847	0	None	None
ChainingRodShaped	3478	2.93383	0.5	27.1613	44.2059	0	0.141108	-0.989994	0	None	None
ChainingRodShaped	3730	3.30263	0.5	-48.445	66.4602	0	-0.194978	-0.980808	0	None	None
ChainingRodShaped	3784	3.11347	0.5	41.8663	6.12879	0	0.810304	-0.58601	0	None	None
ChainingRodShaped	4480	2.1048	0.5	-6.91663	1.89459	0	0.826104	0.563517	0	None	None
ChainingRodShaped	2588	4.79872	0.5	0.56153	80.2135	0	0.604109	-0.796901	0	None	None
ChainingRodShaped	3322	3.19694	0.5	-8.47152	63.6707	0	0.951776	0.306793	0	None	None
ChainingRodShaped	4570	2.01494	0.5	8.29689	86.7472	0	0.946804	-0.32181	0	None	None
ChainingRodShaped	3098	3.66778	0.5	-0.541642	90.267	0	0.981236	-0.192813	0	None	None
ChainingRodShaped	2870	3.45677	0.5	34.4325	3.4021	0	0.244893	0.96955	0	None	None
ChainingRodShaped	3126	3.63135	0.5	4.50067	35.7885	0	-0.752321	-0.658796	0	None	None
ChainingRodShaped	2310	4.00309	0.5	-35.178	14.6299	0	0.893155	-0.449748	0	None	None
ChainingRodShaped	2572	4.88718	0.5	-9.38248	22.4584	0	0.420064	-0.907494	0	None	None
ChainingRodShaped	4194	2.40476	0.5	-8.35473	-7.00809	0	0.861293	0.508109	0	None	None
ChainingRodShaped	4136	2.29324	0.5	16.2989	83.8616	0	0.933741	0.35795	0	None	None
ChainingRodShaped	3280	4.11818	0.5	-43.1742	43.1207	0	-0.436754	-0.899581	0	None	None
ChainingRodShaped	2890	3.38237	0.5	-33.6009	1.71489	0	0.207251	-0.978288	0	None	None
ChainingRodShaped	2408	4.59916	0.5	18.5207	-2.38985	0	0.807769	0.589499	0	None	None
ChainingRodShaped	4230	2.3877	0.5	38.9412	41.6969	0	0.587935	0.808908	0	None	None
ChainingRodShaped	2508	4.34344	0.5	18.989	57.1841	0	0.993768	0.111472	0	None	None
ChainingRodShaped	4030	2.53523	0.5	-5.23191	84.3203	0	0.555613	0.831441	0	None	None
ChainingRodShaped	4116	2.5977	0.5	33.2459	28.8095	0	-0.997795	0.0663748	0	None	None
ChainingRodShaped	1447	4.99332	0.5	2.5863	64.601	0	-0.102374	-0.994746	0	None	None
ChainingRodShaped	2316	4.74131	0.5	-34.8862	3.09349	0	0.202576	-0.979267	0	None	None
ChainingRodShaped	3916	2.72354	0.5	-23.4824	19.6954	0	-0.979734	-0.200301	0	None	None
ChainingRodShaped	2288	4.81994	0.5	24.6221	40.762	0	-0.0451946	-0.998978	0	None	None
ChainingRodShaped	2308	4.70934	0.5	-44.6362	21.8568	0	0.367451	-0.930043	0	None	None
ChainingRodShaped	3824	2.86723	0.5	14.5265	10.6918	0	-0.138664	-0.990339	0	None	None
ChainingRodShaped	1459	4.42802	0.5	-9.12567	117.483	0	-0.540486	-0.841353	0	2028	1458
ChainingRodShaped	3056	3.50548	0.5	24.1142	66.4304	0	0.916599	0.399807	0	None	None
ChainingRodShaped	2898	3.59775	0.5	-32.5697	55.1091	0	0.654883	-0.75573	0	None	None
ChainingRodShaped	4290	2.16335	0.5	-8.21099	50.6592	0	0.767368	-0.641207	0	None	None
ChainingRodShaped	3620	3.49014	0.5	-33.6734	46.4137	0	0.759229	-0.650824	0	None	None
ChainingRodShaped	4460	2.13803	0.5	-26.062	59.3363	0	-0.283006	-0.959118	0	None	None
ChainingRodShaped	4560	2.01356	0.5	-17.1339	90.2962	0	-0.992995	-0.118158	0	None	None
ChainingRodShaped	2362	4.83426	0.5	18.4465	56.2955	0	0.994835	0.101505	0	None	None
ChainingRodShaped	2434	3.65318	0.5	25.0713	77.2064	0	0.963015	0.26945	0	None	None
ChainingRodShaped	2276	4.46631	0.5	36.2965	53.4155	0	-0.720803	-0.69314	0	None	None
ChainingRodShaped	2654	4.94296	0.5	-40.8931	28.9457	0	-0.63147	0.7754	0	None	None
ChainingRodShaped	3254	3.74458	0.5	39.4449	43.6489	0	0.868741	0.495267	0	None	None
ChainingRodShaped	4554	2.02477	0.5	24.8685	53.0815	0	0.897414	-0.441189	0	None	None
ChainingRodShaped	2606	3.91878	0.5	20.7855	61.3123	0	-0.944684	-0.327983	0	None	None
ChainingRodShaped	3190	3.99709	0.5	-11.3783	92.9237	0	0.841049	0.540959	0	None	None
ChainingRodShaped	1489	4.83877	0.5	-7.34218	52.3119	0	0.732124	-0.681171	0	None	None
ChainingRodShaped	3208	2.85054	0.5	-7.98863	67.3502	0	-0.857714	-0.514127	0	None	None
ChainingRodShaped	2554	4.90103	0.5	41.8838	9.64912	0	-0.820781	0.571243	0	None	None
ChainingRodShaped	1495	4.8552	0.5	26.9213	25.0986	0	0.768123	-0.640303	0	None	None
ChainingRodShaped	2998	3.56057	0.5	19.6105	33.5997	0	-0.0843117	-0.996439	0	None	None
ChainingRodShaped	4540	2.01282	0.5	2.85914	-34.0683	0	0.553073	-0.833133	0	4541	1498
ChainingRodShaped	3022	4.12747	0.5	6.5317	29.2052	0	-0.102367	-0.994747	0	None	None
ChainingRodShaped	4004	2.48156	0.5	-46.7016	56.5551	0	0.992983	0.11826	0	None	None
ChainingRodShaped	3600	3.2021	0.5	13.5097	-3.72045	0	0.277401	-0.960754	0	None	None
ChainingRodShaped	2648	4.49241	0.5	28.9042	39.986	0	0.439577	-0.898205	0	None	None
ChainingRodShaped	4504	2.05404	0.5	4.83308	5.86703	0	0.62597	0.779847	0	None	None
ChainingRodShaped	4176	2.43676	0.5	13.1396	56.6046	0	0.907009	0.421111	0	None	None
ChainingRodShaped	4218	2.56009	0.5	29.5118	49.9352	0	0.500623	-0.865665	0	None	None
ChainingRodShaped	2968	4.5018	0.5	-6.64062	89.0219	0	0.622557	0.782574	0	None	None
ChainingRodShaped	2948	3.93545	0.5	36.0943	67.2404	0	0.046486	-0.998919	0	None	None
ChainingRodShaped	1519	4.66327	0.5	-28.8804	92.6881	0	-0.690802	-0.723044	0	1942	1518
ChainingRodShaped	2884	3.17097	0.5	12.7573	83.3725	0	0.969046	0.246881	0	None	None
ChainingRodShaped	3866	2.51405	0.5	-8.28693	74.841	0	0.772331	-0.63522	0	None	None
ChainingRodShaped	2758	3.32082	0.5	-14.5562	89.3963	0	-0.999669	0.0257419	0	None	None
ChainingRodShaped	3766	2.55095	0.5	-38.5471	24.5428	0	-0.452653	0.891687	0	None	None
ChainingRodShaped	2534	4.4221	0.5	46.9388	51.1282	0	-0.91943	-0.393255	0	None	None
ChainingRodShaped	2698	4.13284	0.5	-15.2873	41.8195	0	0.364255	0.931299	0	None	None
ChainingRodShaped	3328	3.65191	0.5	-2.26848	19.9992	0	0.755993	-0.65458	0	None	None
ChainingRodShaped	4514	2.08653	0.5	-17.5046	27.3177	0	0.382763	0.923847	0	None	None
ChainingRodShaped	4104	2.48394	0.5	-16.5464	83.9274	0	0.977304	-0.211842	0	None	None
ChainingRodShaped	2458	4.81607	0.5	-33.6168	52.348	0	0.725957	-0.68774	0	None	None
ChainingRodShaped	2944	3.43443	0.5	-30.5206	78.2927	0	0.573778	-0.819011	0	None	None
ChainingRodShaped	3010	3.77019	0.5	-17.6051	79.1781	0	0.755448	-0.655209	0	None	None
ChainingRodShaped	1545	4.72715	0.5	-16.8431	69.247	0	-0.388564	-0.921422	0	None	None
ChainingRodShaped	4076	2.81026	0.5	4.95751	58.6922	0	0.987804	0.155705	0	None	None
ChainingRodShaped	3720	3.06671	0.5	30.548	31.108	0	0.955701	-0.294338	0	None	None
ChainingRodShaped	3036	4.23032	0.5	47.5229	28.8703	0	-0.993592	-0.113025	0	None	None
ChainingRodShaped	2470	4.58545	0.5	-9.90983	38.2278	0	-0.652686	0.757629	0	None	None
ChainingRodShaped	4134	2.26233	0.5	44.3599	42.5341	0	0.660941	0.750438	0	None	None
ChainingRodShaped	2690	3.60629	0.5	-10.8658	45.2918	0	0.726942	-0.686699	0	None	None
ChainingRodShaped	1559	4.2503	0.5	-25.3424	-7.59327	0	0.801244	-0.598338	0	744	1558
ChainingRodShaped	4308	2.234	0.5	-47.705	54.8661	0	0.732283	-0.681001	0	None	None
ChainingRodShaped	3032	3.43359	0.5	4.84399	76.1029	0	0.542363	-0.840144	0	None	None
ChainingRodShaped	4422	2.20969	0.5	-2.23719	57.8944	0	0.540672	-0.841234	0	None	None
ChainingRodShaped	3314	3.77084	0.5	-32.8411	56.9683	0	0.571719	-0.820449	0	None	None
ChainingRodShaped	3080	4.02327	0.5	-28.2448	75.7553	0	0.261581	-0.965181	0	None	None
ChainingRodShaped	2768	4.40005	0.5	-15.5598	78.6355	0	0.757326	-0.653037	0	None	None
ChainingRodShaped	4154	2.54936	0.5	40.7057	35.7752	0	0.757937	0.652328	0	None	None
ChainingRodShaped	3950	2.69168	0.5	-45.0372	31.036	0	-0.619769	0.784784	0	None	None
ChainingRodShaped	2740	4.07362	0.5	8.35146	41.8935	0	0.911838	-0.410551	0	None	None
ChainingRodShaped	1579	4.84157	0.5	-33.4535	82.4866	0	0.580146	-0.814512	0	None	None
ChainingRodShaped	3894	2.53588	0.5	-17.4902	29.1778	0	0.644828	0.764327	0	None	None
ChainingRodShaped	4392	2.23465	0.5	-15.649	57.3186	0	0.995077	-0.0991089	0	None	None
ChainingRodShaped	4528	2.02767	0.5	38.9423	66.4921	0	-0.928233	0.371998	0	None	None
ChainingRodShaped	1587	4.88901	0.5	20.4922	82.5148	0	-0.683289	-0.730148	0	None	None
ChainingRodShaped	1589	3.99505	0.5	-5.20695	-24.2143	0	0.690654	-0.723185	0	1998	1588
ChainingRodShaped	2634	4.48617	0.5	15.9059	38.1889	0	-0.291194	-0.956664	0	None	None
ChainingRodShaped	3134	4.16439	0.5	23.0333	32.0136	0	0.299425	-0.95412	0	None	None
ChainingRodShaped	3614	2.65753	0.5	-5.19485	56.1538	0	0.514113	-0.857722	0	None	None
ChainingRodShaped	3890	3.01088	0.5	52.6004	31.2349	0	0.55726	-0.830338	0	None	None
ChainingRodShaped	4246	2.23709	0.5	11.6963	10.001	0	-0.132831	-0.991139	0	None	None
ChainingRodShaped	4174	2.29691	0.5	9.45194	75.9949	0	-0.0606251	-0.998161	0	None	None
ChainingRodShaped	2734	3.92002	0.5	-20.2845	33.8117	0	0.784846	0.619691	0	None	None
ChainingRodShaped	2700	3.56839	0.5	-36.6351	68.8123	0	-0.98103	0.193857	0	None	None
ChainingRodShaped	1607	4.59721	0.5	-31.9303	37.2603	0	-0.289512	-0.957174	0	None	None
ChainingRodShaped	4346	2.33492	0.5	26.9943	60.2395	0	-0.558205	-0.829703	0	None	None
ChainingRodShaped	2564	3.62471	0.5	-13.9433	2.50981	0	0.745916	0.66604	0	None	None
ChainingRodShaped	3882	3.17326	0.5	10.8865	65.8235	0	0.962854	0.270021	0	None	None
ChainingRodShaped	1615	4.57375	0.5	3.90679	45.3534	0	0.865996	-0.500051	0	None	None
ChainingRodShaped	3066	3.82301	0.5	10.2702	4.2978	0	0.24239	-0.970179	0	None	None
ChainingRodShaped	4558	2.01647	0.5	-24.2021	66.5214	0	-0.848	-0.529996	0	None	None
ChainingRodShaped	2726	3.74764	0.5	-36.858	44.8927	0	0.988929	0.148393	0	None	None
ChainingRodShaped	1623	4.86317	0.5	-15.0437	10.4031	0	0.387591	0.921831	0	None	None
ChainingRodShaped	2630	3.96374	0.5	-4.4493	-8.70139	0	0.957987	0.286811	0	None	None
ChainingRodShaped	4406	2.2196	0.5	-24.0714	10.4211	0	-0.327903	-0.944711	0	None	None
ChainingRodShaped	2544	4.35558	0.5	-30.1107	82.4938	0	-0.414052	-0.910253	0	None	None
ChainingRodShaped	3226	3.64015	0.5	-17.0196	7.89925	0	0.331779	0.943357	0	None	None
ChainingRodShaped	3392	4.04639	0.5	39.4282	57.5513	0	0.133072	-0.991106	0	None	None
ChainingRodShaped	2754	4.09737	0.5	-32.7979	37.5189	0	-0.283758	-0.958896	0	None	None
ChainingRodShaped	3006	3.96634	0.5	-19.3043	-9.9536	0	0.745774	-0.666199	0	None	None
ChainingRodShaped	2538	3.74926	0.5	-23.6743	57.4069	0	0.948698	-0.316185	0	None	None
ChainingRodShaped	3196	4.01972	0.5	7.77967	41.2719	0	0.907696	-0.419627	0	None	None
ChainingRodShaped	3646	3.35588	0.5	18.5695	62.4621	0	0.94567	0.325129	0	None	None
ChainingRodShaped	3058	3.81361	0.5	26.0307	48.7802	0	0.522917	-0.852384	0	None	None
ChainingRodShaped	1647	4.16437	0.5	-55.0394	30.4912	0	0.232751	-0.972536	0	824	1646
ChainingRodShaped	2684	3.37751	0.5	2.28945	39.5175	0	0.735204	-0.677846	0	None	None
ChainingRodShaped	3116	4.03993	0.5	-40.0532	77.6421	0	-0.961652	-0.274273	0	None	None
ChainingRodShaped	1653	4.67102	0.5	14.1795	21.9318	0	0.778247	-0.627958	0	None	None
ChainingRodShaped	4204	2.53727	0.5	-46.6587	34.8144	0	-0.576462	0.817124	0	None	None
ChainingRodShaped	4288	2.29134	0.5	44.6674	32.5461	0	-0.114421	-0.993432	0	None	None
ChainingRodShaped	3094	2.93774	0.5	-10.2417	61.0304	0	0.766419	-0.642341	0	None	None
ChainingRodShaped	3292	3.32418	0.5	35.2081	47.3841	0	0.51212	-0.858914	0	None	None
ChainingRodShaped	3320	4.27261	0.5	0.0640596	66.035	0	0.113002	0.993595	0	None	None
ChainingRodShaped	2722	3.38008	0.5	-14.1524	0.967727	0	0.711693	0.70249	0	None	None
ChainingRodShaped	4024	2.80111	0.5	3.47916	25.3799	0	-0.134316	-0.990939	0	None	None
ChainingRodShaped	4040	2.5001	0.5	-25.913	84.9638	0	-0.802755	-0.596309	0	None	None
ChainingRodShaped	1671	4.78271	0.5	19.4971	82.8218	0	-0.67688	-0.736094	0	None	None
ChainingRodShaped	2636	4.60828	0.5	-0.77032	10.119	0	1	0.000901635	0	None	None
ChainingRodShaped	2988	4.4962	0.5	-6.97198	55.5579	0	0.391103	-0.920347	0	None	None
ChainingRodShaped	4512	2.07415	0.5	-18.2688	43.0667	0	0.203784	-0.979016	0	None	None
ChainingRodShaped	2880	4.78606	0.5	-45.7877	64.6921	0	0.230522	-0.973067	0	None	None
ChainingRodShaped	4088	2.46752	0.5	16.8248	7.53169	0	-0.150052	-0.988678	0	None	None
ChainingRodShaped	3876	3.17189	0.5	38.9363	75.2433	0	0.632341	-0.77469	0	None	None
ChainingRodShaped	4096	2.5299	0.5	-22.8381	18.891	0	-0.981683	-0.190519	0	None	None
ChainingRodShaped	1687	4.74881	0.5	-14.5372	-7.69839	0	0.268465	0.963289	0	None	None
ChainingRodShaped	4544	2.02683	0.5	-38.6331	68.2417	0	-0.981223	0.192878	0	None	None
ChainingRodShaped	1691	4.30361	0.5	17.5299	-65.3479	0	0.334423	-0.942423	0	3150	1690
ChainingRodShaped	2914	3.45835	0.5	-37.2865	47.0737	0	0.76625	-0.642542	0	None	None
ChainingRodShaped	3034	3.87361	0.5	34.7827	33.5014	0	0.942576	-0.333991	0	None	None
ChainingRodShaped	4052	2.55766	0.5	-5.82908	42.4136	0	0.692475	-0.721441	0	None	None
ChainingRodShaped	2610	3.91813	0.5	11.8624	17.0149	0	0.925189	0.379507	0	None	None
ChainingRodShaped	2766	4.47381	0.5	32.2052	36.3415	0	0.946701	-0.322114	0	None	None
ChainingRodShaped	3200	3.12248	0.5	-33.2813	39.1966	0	-0.274141	-0.96169	0	None	None
ChainingRodShaped	4020	2.60846	0.5	27.5931	79.9271	0	0.959359	0.282188	0	None	None
ChainingRodShaped	1707	4.9116	0.5	-44.387	16.4772	0	-0.38495	-0.922937	0	None	None
ChainingRodShaped	3340	3.29505	0.5	34.7667	20.8562	0	-0.317417	0.948286	0	None	None
ChainingRodShaped	3230	2.94812	0.5	7.0823	4.30668	0	0.6591	0.752055	0	None	None
ChainingRodShaped	2874	4.8908	0.5	-12.6415	-2.84695	0	0.708258	0.705954	0	None	None
ChainingRodShaped	3092	4.04779	0.5	-22.4754	9.30655	0	-0.338879	-0.94083	0	None	None
ChainingRodShaped	2764	4.2573	0.5	-25.1991	45.3313	0	0.659942	-0.751316	0	None	None
ChainingRodShaped	3400	4.12799	0.5	1.97436	79.8446	0	0.612031	-0.790834	0	None	None
ChainingRodShaped	2984	4.14344	0.5	7.3549	45.9033	0	0.946813	-0.321786	0	None	None
ChainingRodShaped	1723	4.30665	0.5	-18.2525	86.1659	0	-0.97946	0.201639	0	None	None
ChainingRodShaped	3224	3.18649	0.5	6.41736	35.1223	0	-0.735001	-0.678066	0	None	None
ChainingRodShaped	4070	2.55242	0.5	3.82241	-5.77982	0	0.936145	0.351615	0	None	None
ChainingRodShaped	3308	4.31235	0.5	-4.022	55.8601	0	0.531879	-0.84682	0	None	None
ChainingRodShaped	1731	4.33992	0.5	-39.2998	53.1625	0	0.558354	-0.829603	0	None	None
ChainingRodShaped	1733	4.82935	0.5	12.8779	77.2158	0	-0.509071	-0.860725	0	None	None
ChainingRodShaped	2886	4.40285	0.5	-23.2609	9.89876	0	-0.337314	-0.941392	0	None	None
ChainingRodShaped	4314	2.14228	0.5	-42.6352	19.366	0	0.329296	-0.944227	0	None	None
ChainingRodShaped	4572	2.01163	0.5	10.2408	61.0872	0	0.941994	0.33563	0	None	None
ChainingRodShaped	3686	2.57316	0.5	-1.71284	3.07208	0	0.831463	0.55558	0	None	None
ChainingRodShaped	3532	2.93946	0.5	27.6221	21.9128	0	0.635027	-0.77249	0	None	None
ChainingRodShaped	1745	4.90717	0.5	15.6425	24.3851	0	0.610128	-0.792303	0	None	None
ChainingRodShaped	3350	2.96522	0.5	6.39127	56.1771	0	-0.990332	-0.13872	0	None	None
ChainingRodShaped	1749	4.53266	0.5	-28.4848	34.6582	0	0.931807	-0.362954	0	None	None
ChainingRodShaped	4278	2.33743	0.5	-33.224	26.3713	0	0.832821	-0.553542	0	None	None
ChainingRodShaped	3014	3.98021	0.5	-3.04615	1.03693	0	0.836278	0.548305	0	None	None
ChainingRodShaped	3144	3.25264	0.5	-13.0485	77.6996	0	0.753636	-0.657292	0	None	None
ChainingRodShaped	1757	4.95002	0.5	-37.4297	9.31881	0	0.934754	-0.355296	0	None	None
ChainingRodShaped	1759	4.39133	0.5	14.4759	24.4831	0	0.618016	-0.786165	0	None	None
ChainingRodShaped	3102	3.24302	0.5	38.5782	26.1412	0	0.758501	-0.651672	0	None	None
ChainingRodShaped	1763	4.58011	0.5	28.3323	10.1904	0	-0.843694	-0.536824	0	None	None
ChainingRodShaped	2780	4.7971	0.5	8.73789	33.7972	0	-0.714991	-0.699134	0	None	None
ChainingRodShaped	4372	2.25901	0.5	43.167	42.66	0	0.610208	0.792241	0	None	None
ChainingRodShaped	2976	3.70834	0.5	8.81126	80.7288	0	0.977822	-0.209438	0	None	None
ChainingRodShaped	4520	2.05255	0.5	32.6628	18.5556	0	0.330037	-0.943968	0	None	None
ChainingRodShaped	3530	3.50058	0.5	-16.9494	23.4386	0	-0.374017	0.927422	0	None	None
ChainingRodShaped	1775	4.77858	0.5	49.5901	53.3091	0	-0.915451	-0.40243	0	None	None
ChainingRodShaped	3390	3.85553	0.5	12.7787	11.2623	0	-0.140579	-0.990069	0	None	None
ChainingRodShaped	4486	2.08674	0.5	-9.53056	-3.80422	0	0.722788	0.69107	0	None	None
ChainingRodShaped	3846	3.09111	0.5	15.2855	74.0194	0	0.489513	0.871996	0	None	None
ChainingRodShaped	2862	4.97967	0.5	-10.391	82.0864	0	0.54609	-0.837727	0	None	None
ChainingRodShaped	2702	4.42508	0.5	-42.9158	12.4864	0	0.945	-0.327072	0	None	None
ChainingRodShaped	2770	4.0809	0.5	16.9553	20.7879	0	0.791233	-0.611515	0	None	None
ChainingRodShaped	1789	4.44595	0.5	40.1223	65	0	0.924067	-0.382232	0	None	None
ChainingRodShaped	1791	4.40229	0.5	-43.4205	8.22202	0	0.670998	-0.741459	0	3764	1790
ChainingRodShaped	3338	2.99019	0.5	-11.2353	57.5108	0	0.676689	-0.736269	0	None	None
ChainingRodShaped	3596	2.93538	0.5	50.8577	25.0975	0	0.999718	-0.0237548	0	None	None
ChainingRodShaped	2852	3.26106	0.5	45.4467	65.0044	0	-0.0713231	-0.997453	0	None	None
ChainingRodShaped	2826	4.27816	0.5	-17.9408	8.04022	0	0.333623	0.942707	0	None	None
ChainingRodShaped	1801	4.8179	0.5	-1.8963	-1.27394	0	-0.268224	-0.963357	0	None	None
ChainingRodShaped	1803	4.55694	0.5	44.4693	27.1895	0	0.000284917	-1	0	None	None
ChainingRodShaped	3112	3.3057	0.5	-9.79699	49.3532	0	0.652422	-0.757856	0	None	None
ChainingRodShaped	2750	4.98384	0.5	-43.2679	71.4357	0	-0.990059	-0.140651	0	None	None
ChainingRodShaped	3046	3.28177	0.5	0.553551	19.4564	0	0.312082	-0.950055	0	None	None
ChainingRodShaped	3910	2.70184	0.5	-1.68037	4.22652	0	0.830783	0.556597	0	None	None
ChainingRodShaped	2946	4.54597	0.5	-21.3166	9.74621	0	-0.341146	-0.94001	0	None	None
ChainingRodShaped	2854	4.45116	0.5	0.573692	62.115	0	-0.103394	-0.99464	0	None	None
ChainingRodShaped	4170	2.39949	0.5	-6.91574	32.2748	0	-0.588453	-0.808531	0	None	None
ChainingRodShaped	1819	4.74492	0.5	-9.4941	6.91842	0	-0.829306	-0.558794	0	None	None
ChainingRodShaped	3352	4.23796	0.5	-44.9657	46.3074	0	0.751732	-0.659469	0	None	None
ChainingRodShaped	2752	4.65305	0.5	39.2973	51.172	0	0.72045	0.693507	0	None	None
ChainingRodShaped	2744	4.86376	0.5	24.8421	-7.0677	0	0.975188	-0.22138	0	None	None
ChainingRodShaped	1827	4.43547	0.5	-12.7394	64.565	0	-0.587241	-0.809412	0	None	None
ChainingRodShaped	1829	4.67299	0.5	2.91437	27.846	0	-0.124391	-0.992233	0	None	None
ChainingRodShaped	4360	2.14416	0.5	-30.5277	19.6666	0	-0.995187	-0.097998	0	None	None
ChainingRodShaped	1833	4.86135	0.5	-17.5034	85.078	0	0.979017	-0.203778	0	None	None
ChainingRodShaped	3270	3.39485	0.5	-44.4589	25.7772	0	0.642225	-0.766516	0	None	None
ChainingRodShaped	1837	4.6133	0.5	-38.222	17.3204	0	0.986364	-0.16458	0	None	None
ChainingRodShaped	3456	3.24329	0.5	23.2528	63.1308	0	-0.946758	-0.321947	0	None	None
ChainingRodShaped	2798	3.19606	0.5	-0.451975	80.0693	0	0.596157	-0.802868	0	None	None
ChainingRodShaped	2962	3.25824	0.5	4.74279	31.8098	0	-0.898115	-0.439761	0	None	None
ChainingRodShaped	3710	2.85636	0.5	32.4057	76.74	0	0.329446	0.944174	0	None	None
ChainingRodShaped	2864	4.98655	0.5	-26.7181	-1.61912	0	0.790614	-0.612315	0	None	None
ChainingRodShaped	3304	3.13536	0.5	-10.9155	8.30364	0	-0.242975	-0.970032	0	None	None
ChainingRodShaped	3064	3.38966	0.5	-3.80454	42.842	0	0.705814	-0.708398	0	None	None
ChainingRodShaped	3468	3.06143	0.5	-32.5439	69.2297	0	-0.897942	-0.440113	0	None	None
ChainingRodShaped	3434	4.06999	0.5	3.36043	-6.94101	0	0.939616	0.34223	0	None	None
ChainingRodShaped	3886	2.88569	0.5	-27.1756	53.174	0	0.606202	-0.795311	0	None	None
ChainingRodShaped	3534	2.90823	0.5	-4.77144	15.7289	0	0.988887	0.148667	0	None	None
ChainingRodShaped	3180	3.15526	0.5	1.56196	11.0071	0	-0.999993	-0.00382023	0	None	None
ChainingRodShaped	1863	4.55394	0.5	6.98473	49.941	0	0.90223	-0.431255	0	None	None
ChainingRodShaped	1865	4.1753	0.5	-0.0764383	30.7564	0	-0.60711	-0.794618	0	None	None
ChainingRodShaped	4578	2.00707	0.5	0.0201755	93.4147	0	0.843756	-0.536727	0	None	None
ChainingRodShaped	3874	3.05646	0.5	36.216	2.54277	0	0.242008	0.970274	0	None	None
ChainingRodShaped	3206	4.38916	0.5	-10.7041	0.240478	0	0.779079	0.626926	0	None	None
ChainingRodShaped	3694	2.7096	0.5	-10.5845	54.2814	0	0.672908	-0.739726	0	None	None
ChainingRodShaped	2936	4.97471	0.5	29.5944	44.4687	0	0.488399	-0.872621	0	None	None
ChainingRodShaped	1877	4.97666	0.5	43.5629	26.9302	0	0.00131023	-0.999999	0	None	None
ChainingRodShaped	1879	4.24095	0.5	16.5703	42.8244	0	-0.355624	-0.934629	0	None	None
ChainingRodShaped	3674	2.85777	0.5	7.73383	87.9622	0	0.944857	-0.327482	0	None	None
ChainingRodShaped	3608	3.06874	0.5	-10.7329	44.0718	0	0.733763	-0.679406	0	None	None
ChainingRodShaped	1885	4.81266	0.5	14.0832	53.2586	0	0.996516	0.083402	0	None	None
ChainingRodShaped	3556	2.62246	0.5	22.6268	27.0819	0	0.236194	-0.971706	0	None	None
ChainingRodShaped	3216	4.33158	0.5	47.4245	14.3329	0	0.80544	0.592677	0	None	None
ChainingRodShaped	3176	3.34845	0.5	-27.4306	-2.29387	0	0.787866	-0.615847	0	None	None
ChainingRodShaped	3346	4.22237	0.5	-47.5235	32.7109	0	0.591138	-0.80657	0	None	None
ChainingRodShaped	3318	2.98029	0.5	29.6581	62.5423	0	-0.745271	-0.666762	0	None	None
ChainingRodShaped	4574	2.00806	0.5	32.0537	12.2413	0	0.350893	-0.936415	0	None	None
ChainingRodShaped	4584	2.00392	0.5	-32.7828	49.2137	0	0.777855	-0.628444	0	None	None
ChainingRodShaped	1901	4.52849	0.5	-40.7944	80.2513	0	-0.673071	-0.739578	0	485	1900
ChainingRodShaped	4270	2.19386	0.5	52.8787	45.0125	0	0.998128	-0.0611677	0	None	None
ChainingRodShaped	3232	3.77663	0.5	-12.3031	13.8108	0	-0.515518	-0.856879	0	None	None
ChainingRodShaped	2900	4.18332	0.5	3.06351	70.2572	0	0.469556	-0.882903	0	None	None
ChainingRodShaped	3632	2.89428	0.5	-27.0143	87.7025	0	-0.810674	-0.585498	0	None	None
ChainingRodShaped	3158	3.87547	0.5	9.53447	71.1992	0	0.474972	-0.880001	0	None	None
ChainingRodShaped	3652	2.68346	0.5	31.3194	-3.39024	0	0.967876	0.251428	0	None	None
ChainingRodShaped	4456	2.17664	0.5	-42.9163	50.8675	0	0.773631	-0.633636	0	None	None
ChainingRodShaped	4144	2.37561	0.5	0.722569	72.4957	0	0.534884	-0.844925	0	None	None
ChainingRodShaped	3028	4.61047	0.5	40.564	28.5963	0	-0.481971	-0.876187	0	None	None
ChainingRodShaped	3568	3.27988	0.5	1.95938	7.73442	0	0.916718	-0.399536	0	None	None
ChainingRodShaped	1923	4.43211	0.5	-3.89725	77.8044	0	0.995626	0.0934319	0	None	None
ChainingRodShaped	3426	3.97458	0.5	-36.5539	69.7315	0	-0.981674	0.19057	0	None	None
ChainingRodShaped	3258	3.39167	0.5	54.2077	27.0025	0	0.999935	-0.0114131	0	None	None
ChainingRodShaped	3760	2.74122	0.5	6.71376	9.42527	0	0.656917	0.753963	0	None	None
ChainingRodShaped	3728	2.78815	0.5	16.3541	13.7456	0	0.632227	0.774784	0	None	None
ChainingRodShaped	4298	2.23874	0.5	-4.40231	45.9881	0	0.708801	-0.705409	0	None	None
ChainingRodShaped	1935	4.84879	0.5	7.86035	72.1299	0	0.52162	-0.853178	0	None	None
ChainingRodShaped	4304	2.35567	0.5	42.9823	56.0972	0	0.713932	0.700215	0	None	None
ChainingRodShaped	3740	3.00434	0.5	-0.153186	50.2143	0	0.752734	-0.658325	0	None	None
ChainingRodShaped	1941	4.35776	0.5	-5.42851	95.3836	0	0.919097	-0.394032	0	None	None
ChainingRodShaped	1943	3.57445	0.5	-21.6316	100.602	0	-0.656116	-0.75466	0	4582	1942
ChainingRodShaped	3362	3.38523	0.5	18.8837	26.0407	0	0.525834	-0.850587	0	None	None
ChainingRodShaped	1947	4.20342	0.5	14.9176	-1.83399	0	0.274254	-0.961657	0	None	None
ChainingRodShaped	4466	2.17406	0.5	25.2642	58.6577	0	-0.929389	0.369102	0	None	None
ChainingRodShaped	3610	2.73851	0.5	-34.7173	30.7493	0	0.81584	-0.578278	0	None	None
ChainingRodShaped	3024	4.35428	0.5	-48.8615	53.2466	0	0.777368	-0.629046	0	None	None
ChainingRodShaped	1955	4.45991	0.5	13.6132	6.63847	0	0.171077	-0.985258	0	None	None
ChainingRodShaped	3992	2.36755	0.5	29.6401	13.4274	0	0.343406	-0.939187	0	None	None
ChainingRodShaped	1959	4.06819	0.5	-14.9713	108.955	0	-0.590511	-0.80703	0	1458	4583
ChainingRodShaped	3872	2.66949	0.5	-28.3224	38.2374	0	-0.999149	-0.0412364	0	None	None
ChainingRodShaped	1963	4.1024	0.5	-33.7899	27.8558	0	0.827242	-0.561846	0	None	None
ChainingRodShaped	1965	4.2442	0.5	-44.7605	49.9263	0	0.773629	-0.633638	0	None	None
ChainingRodShaped	1967	4.79793	0.5	-43.5194	54.9996	0	0.956618	-0.291344	0	None	None
ChainingRodShaped	1969	4.07787	0.5	-28.3667	35.5921	0	0.928136	-0.372242	0	None	None
ChainingRodShaped	3256	3.64836	0.5	47.5863	15.6588	0	0.807367	0.59005	0	None	None
ChainingRodShaped	3084	4.71762	0.5	33.2549	25.0017	0	0.98223	0.187679	0	None	None
ChainingRodShaped	3926	2.47575	0.5	1.86334	6.84964	0	0.912682	-0.408671	0	None	None
ChainingRodShaped	4126	2.28941	0.5	-27.2899	69.8979	0	-0.872277	-0.489012	0	None	None
ChainingRodShaped	3398	2.79471	0.5	10.43	64.7669	0	0.960834	0.277124	0	None	None
ChainingRodShaped	3368	4.14537	0.5	7.37973	29.3313	0	-0.0976777	-0.995218	0	None	None
ChainingRodShaped	3806	2.71239	0.5	-27.9251	16.1894	0	0.987796	0.155756	0	None	None
ChainingRodShaped	4538	2.03802	0.5	20.3051	12.9026	0	-0.645439	-0.763812	0	None	None
ChainingRodShaped	3120	3.11899	0.5	5.55437	16.1638	0	-0.902932	-0.429783	0	None	None
ChainingRodShaped	3306	2.93296	0.5	37.9624	20.2446	0	0.309738	-0.950822	0	None	None
ChainingRodShaped	4384	2.20116	0.5	15.1298	41.5697	0	-0.364905	-0.931045	0	None	None
ChainingRodShaped	3818	2.77817	0.5	11.1001	67.7853	0	0.961778	0.27383	0	None	None
ChainingRodShaped	3624	2.84497	0.5	-4.73742	68.0903	0	-0.912183	-0.409784	0	None	None
ChainingRodShaped	4090	2.703	0.5	21.0083	60.4942	0	-0.941353	-0.337424	0	None	None
ChainingRodShaped	1999	3.44745	0.5	-12.5601	-17.3401	0	0.767312	-0.641274	0	809	1998
ChainingRodShaped	3358	4.25025	0.5	19.7771	-3.74217	0	0.819393	0.573232	0	None	None
ChainingRodShaped	3736	3.38302	0.5	24.2431	80.9527	0	0.699273	0.714855	0	None	None
ChainingRodShaped	3198	3.63957	0.5	33.207	73.4425	0	0.34364	0.939102	0	None	None
ChainingRodShaped	2007	4.26014	0.5	18.3315	66.2391	0	0.950313	0.311297	0	None	None
ChainingRodShaped	3814	2.47899	0.5	32.2823	9.79558	0	0.680965	0.732316	0	None	None
ChainingRodShaped	2011	4.61342	0.5	38.0892	39.0445	0	0.611325	0.79138	0	None	None
ChainingRodShaped	3948	2.53853	0.5	21.2153	2.06877	0	0.962212	0.272302	0	None	None
ChainingRodShaped	4312	2.17832	0.5	-28.2847	21.7814	0	-0.993497	-0.113858	0	None	None
ChainingRodShaped	3050	3.69073	0.5	8.58469	92.1849	0	0.168248	0.985745	0	None	None
ChainingRodShaped	3868	3.17053	0.5	-35.2434	57.0816	0	0.56184	-0.827246	0	None	None
ChainingRodShaped	2021	4.21453	0.5	43.8382	33.6857	0	-0.104492	-0.994526	0	None	None
ChainingRodShaped	2023	4.49942	0.5	3.90573	70.4995	0	0.478353	-0.878168	0	None	None
ChainingRodShaped	2025	4.52668	0.5	23.1368	-81.6736	0	0.319723	-0.947511	0	3498	2024
ChainingRodShaped	3192	3.65482	0.5	10.3453	52.2293	0	0.999837	-0.018039	0	None	None
ChainingRodShaped	2029	4.14987	0.5	-4.26966	125.503	0	-0.495926	-0.868365	0	4064	2028
ChainingRodShaped	2031	4.07259	0.5	-40.801	12.7937	0	0.946727	-0.322037	0	None	None
ChainingRodShaped	3108	4.50648	0.5	2.456	36.1043	0	-0.738978	-0.673729	0	None	None
ChainingRodShaped	2035	3.98269	0.5	-16.9495	-2.54887	0	0.393603	0.919281	0	None	None
ChainingRodShaped	3218	4.10356	0.5	-47.189	27.5197	0	0.63675	-0.77107	0	None	None
ChainingRodShaped	3998	2.43173	0.5	-26.5984	15.4464	0	0.987535	0.157397	0	None	None
ChainingRodShaped	3146	3.89282	0.5	-27.5315	39.177	0	-0.999116	-0.0420493	0	None	None
ChainingRodShaped	2043	4.05598	0.5	16.6535	37.7181	0	-0.28327	-0.95904	0	None	None
ChainingRodShaped	3250	3.84392	0.5	22.4635	13.9727	0	-0.662378	-0.74917	0	None	None
ChainingRodShaped	3184	3.85602	0.5	21.9018	38.481	0	-0.0504051	-0.998729	0	None	None
ChainingRodShaped	3698	3.20431	0.5	23.4688	58.385	0	-0.918372	0.395718	0	None	None
ChainingRodShaped	3428	3.26844	0.5	22.301	73.5829	0	0.996614	0.0822285	0	None	None
ChainingRodShaped	3354	3.58855	0.5	-12.6993	93.2494	0	0.848455	0.529267	0	None	None
ChainingRodShaped	2055	4.90045	0.5	-39.5261	37.6237	0	-0.297261	-0.954796	0	None	None
ChainingRodShaped	2057	4.20759	0.5	7.74931	-42.417	0	0.470208	-0.882555	0	1498	2056
ChainingRodShaped	3220	3.00056	0.5	-38.4449	56.8557	0	0.559572	-0.828782	0	None	None
ChainingRodShaped	3128	3.5152	0.5	-3.82358	74.2347	0	0.938328	-0.345746	0	None	None
ChainingRodShaped	3272	4.03571	0.5	-14.2973	25.8656	0	0.276349	-0.961057	0	None	None
ChainingRodShaped	3618	2.6936	0.5	39.579	76.0063	0	0.630849	-0.775906	0	None	None
ChainingRodShaped	3416	3.1227	0.5	7.07243	60.9721	0	0.945029	0.326987	0	None	None
ChainingRodShaped	2069	4.15919	0.5	36.5087	57.366	0	0.200101	-0.979775	0	None	None
ChainingRodShaped	3356	3.57887	0.5	3.90604	56.7396	0	0.99186	0.127331	0	None	None
ChainingRodShaped	3446	3.43135	0.5	-8.71893	84.0764	0	0.570044	0.821614	0	None	None
ChainingRodShaped	3420	3.16909	0.5	15.8109	50.7923	0	0.996483	0.0837989	0	None	None
ChainingRodShaped	2077	3.98566	0.5	18.7961	33.7556	0	-0.0743702	-0.997231	0	None	None
ChainingRodShaped	4516	2.0591	0.5	-46.0057	60.8813	0	0.558081	-0.829786	0	None	None
ChainingRodShaped	3524	3.81599	0.5	-9.51239	18.4293	0	0.382598	-0.923915	0	None	None
ChainingRodShaped	2083	4.12932	0.5	17.3419	37.0659	0	-0.277269	-0.960792	0	None	None
ChainingRodShaped	3722	3.42755	0.5	22.4696	74.4901	0	0.995741	0.0921952	0	None	None
ChainingRodShaped	2087	4.79129	0.5	-20.7112	73.136	0	-0.129294	0.991606	0	None	None
ChainingRodShaped	3538	3.20105	0.5	-4.57001	50.9579	0	0.727865	-0.68572	0	None	None
ChainingRodShaped	4042	2.63235	0.5	9.11813	47.9744	0	0.941538	0.336906	0	None	None
ChainingRodShaped	3626	3.3911	0.5	6.81316	45.1688	0	0.949561	-0.313583	0	None	None
ChainingRodShaped	3692	3.46957	0.5	-27.3469	66.7326	0	0.85845	0.512897	0	None	None
ChainingRodShaped	3376	4.05253	0.5	1.14246	29.6498	0	-0.591028	-0.806651	0	None	None
ChainingRodShaped	3286	3.17963	0.5	-4.22432	5.79196	0	0.842761	0.538287	0	None	None
ChainingRodShaped	3244	4.06675	0.5	-42.092	36.071	0	0.359012	0.933333	0	None	None
ChainingRodShaped	2103	4.84772	0.5	-16.1463	23.7455	0	-0.383252	0.923644	0	None	None
ChainingRodShaped	4192	2.55456	0.5	-0.390002	86.1288	0	0.839877	-0.542776	0	None	None
ChainingRodShaped	2107	4.56058	0.5	-17.3035	31.9682	0	0.629442	0.777047	0	None	None
ChainingRodShaped	4438	2.11379	0.5	35.4065	70.8697	0	-0.2894	-0.957208	0	None	None
ChainingRodShaped	3658	2.97656	0.5	46.9581	36.8906	0	-0.147055	-0.989128	0	None	None
ChainingRodShaped	2113	4.84407	0.5	38.0456	13.8566	0	0.488436	-0.8726	0	None	None
ChainingRodShaped	3984	2.68573	0.5	30.8934	0.739315	0	0.913494	0.406853	0	None	None
ChainingRodShaped	2117	3.7332	0.5	-36.6048	1.45631	0	0.745567	-0.666431	0	1790	2116
ChainingRodShaped	4476	2.16098	0.5	33.513	29.7327	0	-0.997169	0.0751964	0	None	None
ChainingRodShaped	3902	3.10763	0.5	21.2034	71.6877	0	0.998059	0.0622761	0	None	None
ChainingRodShaped	3642	2.91023	0.5	-0.501734	44.2645	0	0.694615	-0.719382	0	None	None
ChainingRodShaped	2125	4.8556	0.5	-7.71748	35.9053	0	-0.804867	-0.593455	0	None	None
ChainingRodShaped	3668	2.91248	0.5	-24.4838	1.67449	0	0.0764597	-0.997073	0	None	None
ChainingRodShaped	4100	2.47579	0.5	-29.906	52.1516	0	0.613281	-0.789865	0	None	None
ChainingRodShaped	2131	4.32777	0.5	14.6408	42.7151	0	-0.374178	-0.927357	0	None	None
ChainingRodShaped	3684	3.11686	0.5	0.689771	84.4258	0	0.887847	-0.460138	0	None	None
ChainingRodShaped	2135	4.50324	0.5	12.3074	63.4639	0	0.960319	0.278902	0	None	None
ChainingRodShaped	2137	4.9579	0.5	-42.1236	57.0048	0	0.998848	-0.047988	0	None	None
ChainingRodShaped	2139	4.36596	0.5	1.59301	1.29238	0	0.169123	-0.985595	0	None	None
ChainingRodShaped	3738	3.1036	0.5	42.0842	73.614	0	0.161568	-0.986862	0	None	None
ChainingRodShaped	2143	4.3094	0.5	-17.6888	15.2184	0	-0.502927	-0.864329	0	None	None
ChainingRodShaped	2145	3.82264	0.5	18.7813	38.9693	0	-0.286873	-0.957969	0	None	None
ChainingRodShaped	3288	2.81532	0.5	-48.4238	49.1882	0	-0.784138	0.620586	0	None	None
ChainingRodShaped	2149	3.90707	0.5	31.372	43.1246	0	0.482014	-0.876163	0	None	None
ChainingRodShaped	2151	4.52056	0.5	44.5552	14.6127	0	0.795286	0.606235	0	None	None
ChainingRodShaped	4318	2.26814	0.5	25.1263	69.9949	0	0.886183	0.463335	0	None	None
ChainingRodShaped	4368	2.29422	0.5	-36.0951	71.607	0	-0.704801	-0.709405	0	None	None
ChainingRodShaped	4444	2.14725	0.5	-24.388	92.0691	0	-0.759142	-0.650925	0	None	None
ChainingRodShaped	2159	4.29646	0.5	1.86673	53.3874	0	0.887004	-0.461761	0	None	None
ChainingRodShaped	4274	2.19149	0.5	-10.9744	43.1104	0	0.740554	-0.671997	0	None	None
ChainingRodShaped	3680	3.12564	0.5	37.6636	5.75319	0	0.619084	-0.785325	0	None	None
ChainingRodShaped	4074	2.69199	0.5	-17.0793	66.3435	0	-0.397678	-0.917525	0	None	None
ChainingRodShaped	4222	2.4459	0.5	8.19398	84.7654	0	0.947148	-0.320797	0	None	None
ChainingRodShaped	3804	3.2349	0.5	25.7012	16.6499	0	0.315367	-0.94897	0	None	None
ChainingRodShaped	4552	2.01829	0.5	7.99484	-5.24796	0	0.263383	-0.964691	0	None	None
ChainingRodShaped	3968	2.95662	0.5	-50.0862	40.7634	0	0.160749	0.986995	0	None	None
ChainingRodShaped	3326	3.59803	0.5	-14.4369	88.0405	0	0.976709	0.21457	0	None	None
ChainingRodShaped	2177	4.6208	0.5	16.6094	70.4622	0	0.952752	0.30375	0	None	None
ChainingRodShaped	3696	3.16178	0.5	33.8209	61.2872	0	-0.616351	-0.787471	0	None	None
ChainingRodShaped	3370	3.41506	0.5	-11.1544	16.7975	0	0.551273	-0.834325	0	None	None
ChainingRodShaped	2183	4.68432	0.5	-20.184	54.7617	0	0.998214	-0.0597473	0	None	None
ChainingRodShaped	2185	4.25038	0.5	-20.5827	3.70014	0	0.628251	0.778011	0	None	None
ChainingRodShaped	4172	2.297	0.5	21.6819	70.3592	0	0.90518	0.425027	0	None	None
ChainingRodShaped	3726	3.34887	0.5	53.9549	46.3954	0	0.692255	-0.721653	0	None	None
ChainingRodShaped	4388	2.1347	0.5	18.8625	-10.8648	0	0.97298	0.23089	0	None	None
ChainingRodShaped	2193	4.13709	0.5	-24.0852	64.4099	0	-0.845959	-0.533247	0	None	None
ChainingRodShaped	2195	4.97725	0.5	51.3485	39.6106	0	-0.196055	-0.980593	0	None	None
ChainingRodShaped	2197	4.27699	0.5	-44.306	28.5877	0	0.63044	-0.776238	0	None	None
ChainingRodShaped	3634	3.24729	0.5	-11.6841	9.99047	0	-0.674194	-0.738554	0	None	None
ChainingRodShaped	3708	3.41554	0.5	-35.7342	37.3274	0	-0.28365	-0.958928	0	None	None
ChainingRodShaped	3994	2.56987	0.5	38.6963	55.9158	0	0.142968	-0.989727	0	None	None
ChainingRodShaped	2205	4.65844	0.5	-22.044	44.8814	0	0.0833075	-0.996524	0	None	None
ChainingRodShaped	3598	3.50018	0.5	-36.9122	36.5916	0	-0.286183	-0.958175	0	None	None
ChainingRodShaped	4240	2.27466	0.5	-34.9002	26.3321	0	0.842936	-0.538014	0	None	None
ChainingRodShaped	2211	4.04687	0.5	-43.103	35.9848	0	0.353484	0.935441	0	None	None
ChainingRodShaped	3854	3.00119	0.5	33.3578	67.7559	0	-0.0552477	0.998473	0	None	None
ChainingRodShaped	2215	4.1622	0.5	-10.8441	29.207	0	0.227874	-0.973691	0	None	None
ChainingRodShaped	3572	2.68792	0.5	38.6655	35.2499	0	0.759217	0.650837	0	None	None
ChainingRodShaped	4562	2.02359	0.5	20.5889	34.0391	0	-0.0743785	-0.99723	0	None	None
ChainingRodShaped	3436	3.73285	0.5	-38.7059	64.8626	0	0.635991	-0.771696	0	None	None
ChainingRodShaped	2223	4.1451	0.5	-45.0341	59.0137	0	0.998125	-0.0612104	0	None	None
ChainingRodShaped	3562	3.18092	0.5	-2.04825	62.7935	0	-0.0888055	-0.996049	0	None	None
ChainingRodShaped	3978	2.53202	0.5	-1.90226	34.1614	0	-0.701038	-0.713124	0	None	None
ChainingRodShaped	4328	2.32984	0.5	-0.199183	87.1769	0	0.850297	-0.526303	0	None	None
ChainingRodShaped	2231	3.83689	0.5	-28.8167	20.7813	0	-0.992473	-0.122464	0	None	None
ChainingRodShaped	2233	4.02919	0.5	-8.00488	88.7893	0	-0.627933	-0.778267	0	None	None
ChainingRodShaped	4334	2.36266	0.5	-19.2569	38.5378	0	-0.630703	-0.776024	0	None	None
ChainingRodShaped	4382	2.17282	0.5	-27.9753	14.2643	0	0.985913	0.167261	0	None	None
ChainingRodShaped	3656	2.66823	0.5	-24.6737	78.5363	0	0.425292	-0.905056	0	None	None
ChainingRodShaped	3588	3.55907	0.5	24.2431	87.0199	0	0.882443	0.470418	0	None	None
ChainingRodShaped	2243	3.1357	0.5	3.04935	139.266	0	-0.450696	-0.892677	0	3702	2242
ChainingRodShaped	2245	3.77005	0.5	-1.24274	70.3931	0	-0.711701	-0.702482	0	None	None
ChainingRodShaped	3724	3.34633	0.5	-16.0295	65.7864	0	-0.611639	-0.791137	0	None	None
ChainingRodShaped	2249	3.70413	0.5	-23.1735	77.4764	0	0.243225	-0.96997	0	None	None
ChainingRodShaped	4084	2.86268	0.5	-18.491	38.1095	0	-0.623009	-0.782215	0	None	None
ChainingRodShaped	2253	4.56662	0.5	-13.5872	0.230544	0	0.715169	0.698951	0	None	None
ChainingRodShaped	4022	2.94587	0.5	19.3858	38.0376	0	-0.287562	-0.957762	0	None	None
ChainingRodShaped	3528	2.95855	0.5	-20.3476	-6.50021	0	0.75117	-0.660108	0	None	None
ChainingRodShaped	4198	2.22965	0.5	31.1028	60.0521	0	-0.744712	-0.667386	0	None	None
ChainingRodShaped	2261	3.91522	0.5	2.99041	75.6934	0	0.525458	-0.85082	0	None	None
ChainingRodShaped	2263	4.73285	0.5	34.228	68.1883	0	0.0452701	-0.998975	0	None	None
ChainingRodShaped	2265	4.29957	0.5	-13.818	64.5113	0	-0.590669	-0.806914	0	None	None
ChainingRodShaped	3576	3.41831	0.5	-19.6381	46.7224	0	0.100161	-0.994971	0	None	None
ChainingRodShaped	4066	2.74811	0.5	-9.65464	73.5936	0	0.7669	-0.641767	0	None	None
ChainingRodShaped	2271	4.06443	0.5	-11.2159	67.3842	0	-0.990209	-0.139594	0	None	None
ChainingRodShaped	2273	4.13429	0.5	-42.1788	56.0746	0	0.998645	-0.0520381	0	None	None
ChainingRodShaped	4000	2.91812	0.5	-0.20113	24.9706	0	0.215193	-0.976572	0	None	None
ChainingRodShaped	4152	2.72878	0.5	37.4946	57.2337	0	0.190296	-0.981727	0	None	None
ChainingRodShaped	3798	3.02655	0.5	-38.4213	14.1019	0	0.89663	-0.44278	0	None	None
ChainingRodShaped	2281	4.96762	0.5	43.0014	46.3815	0	0.925356	0.3791	0	None	None
ChainingRodShaped	3554	2.93682	0.5	-3.08111	55.9128	0	0.540296	-0.841475	0	None	None
ChainingRodShaped	3688	2.9128	0.5	-3.60541	17.0131	0	0.969133	0.24654	0	None	None
ChainingRodShaped	2287	4.96514	0.5	-23.814	53.2854	0	0.624872	-0.780728	0	None	None
ChainingRodShaped	2289	4.20406	0.5	25.2315	45.3528	0	0.158547	-0.987351	0	None	None
ChainingRodShaped	3934	2.89561	0.5	-24.0115	20.5139	0	-0.979529	-0.201305	0	None	None
ChainingRodShaped	2293	4.87115	0.5	45.2656	17.5604	0	0.803365	0.595487	0	None	None
ChainingRodShaped	2295	4.02719	0.5	31.2043	-1.18251	0	0.627487	0.778627	0	None	None
ChainingRodShaped	3546	3.37179	0.5	6.84891	19.6974	0	0.89414	0.447787	0	None	None
ChainingRodShaped	2299	4.39761	0.5	-20.1896	27.9716	0	0.215393	0.976527	0	None	None
ChainingRodShaped	3566	3.33683	0.5	-26.3656	66.2716	0	0.853267	0.521475	0	None	None
ChainingRodShaped	3558	3.35624	0.5	-37.9976	41.8885	0	0.997839	0.065701	0	None	None
ChainingRodShaped	4256	2.5312	0.5	-30.4317	45.887	0	0.683956	-0.729523	0	None	None
ChainingRodShaped	4118	2.71538	0.5	30.7625	6.77229	0	0.0491859	0.99879	0	None	None
ChainingRodShaped	2309	4.07166	0.5	-42.0645	24.3223	0	0.586832	-0.809709	0	None	None
ChainingRodShaped	3516	3.62601	0.5	-37.4768	14.71	0	0.896463	-0.443119	0	None	None
ChainingRodShaped	2313	3.7671	0.5	6.80982	62.7992	0	0.955135	0.296171	0	None	None
ChainingRodShaped	2315	4.83958	0.5	-32.4363	10.8338	0	0.998277	-0.0586848	0	None	None
ChainingRodShaped	4468	2.08203	0.5	-33.9467	6.86716	0	-0.696072	-0.717972	0	None	None
ChainingRodShaped	2319	4.35891	0.5	-55.9874	50.3886	0	-0.153748	-0.98811	0	1174	2318
ChainingRodShaped	2321	4.38604	0.5	29.1335	8.52181	0	0.841666	0.539998	0	None	None
ChainingRodShaped	3718	2.74577	0.5	-28.6809	52.1029	0	0.621144	-0.783696	0	None	None
ChainingRodShaped	2325	4.76299	0.5	-28.4882	30.2627	0	0.928186	-0.372117	0	None	None
ChainingRodShaped	3628	2.83991	0.5	23.5294	9.35209	0	-0.533038	-0.846091	0	None	None
ChainingRodShaped	3552	3.1463	0.5	40.4698	51.0279	0	0.725998	0.687697	0	None	None
ChainingRodShaped	4034	2.60276	0.5	22.651	64.8183	0	0.940467	0.339886	0	None	None
ChainingRodShaped	3954	2.89976	0.5	-2.28302	30.1928	0	-0.865135	-0.50154	0	None	None
ChainingRodShaped	2335	3.81347	0.5	17.0626	2.82227	0	-0.15347	-0.988153	0	None	None
ChainingRodShaped	2337	4.6775	0.5	-9.16871	70.3526	0	-0.99349	-0.11392	0	None	None
ChainingRodShaped	4404	2.17987	0.5	11.7156	38.9108	0	-0.544208	-0.838951	0	None	None
ChainingRodShaped	2341	4.62629	0.5	-5.16348	63.2355	0	-0.99773	-0.0673381	0	None	None
ChainingRodShaped	2343	3.796	0.5	2.77547	53.822	0	0.891567	-0.452888	0	None	None
ChainingRodShaped	2345	3.64781	0.5	10.2091	86.536	0	-0.152715	0.98827	0	None	None
ChainingRodShaped	2347	3.62359	0.5	-27.8895	57.1954	0	0.312184	-0.950022	0	None	None
ChainingRodShaped	2349	4.75918	0.5	4.52248	71.1549	0	0.487115	-0.873338	0	None	None
ChainingRodShaped	3988	2.68341	0.5	37.0486	66.8845	0	0.0480637	-0.998844	0	None	None
ChainingRodShaped	3904	2.78659	0.5	-22.2126	81.2991	0	-0.243851	0.969813	0	None	None
ChainingRodShaped	3592	2.94059	0.5	-48.6375	62.4376	0	-0.110757	-0.993848	0	None	None
ChainingRodShaped	3964	2.5379	0.5	7.58243	55.4383	0	0.991674	0.128774	0	None	None
ChainingRodShaped	2359	4.55344	0.5	-25.4184	69.8797	0	-0.873995	-0.485935	0	None	None
ChainingRodShaped	4018	2.71697	0.5	-37.1941	26.7411	0	-0.803147	0.595781	0	None	None
ChainingRodShaped	3700	3.15175	0.5	14.6877	54.9855	0	0.994271	0.106887	0	None	None
ChainingRodShaped	3812	2.73444	0.5	42.6471	43.5586	0	0.602263	0.798298	0	None	None
ChainingRodShaped	2367	4.13587	0.5	-31.931	43.5247	0	-0.308876	-0.951102	0	None	None
ChainingRodShaped	2369	4.17474	0.5	13.6468	29.8021	0	0.991161	0.132662	0	None	None
ChainingRodShaped	2371	4.42388	0.5	-28.7677	70.1431	0	-0.877117	-0.480277	0	None	None
ChainingRodShaped	3648	2.63269	0.5	-13.0566	35.3484	0	-0.177092	-0.984194	0	None	None
ChainingRodShaped	3830	2.64764	0.5	-13.6765	79.4913	0	0.75731	-0.653056	0	None	None
ChainingRodShaped	3734	3.21601	0.5	-43.8438	74.6854	0	-0.770076	-0.637952	0	None	None
ChainingRodShaped	2379	4.38206	0.5	48.2267	48.5466	0	0.925439	0.378896	0	None	None
ChainingRodShaped	2381	3.98418	0.5	-17.9428	50.8985	0	-0.0560592	-0.998427	0	None	None
ChainingRodShaped	4048	2.52886	0.5	0.280073	83.5984	0	0.883194	-0.469008	0	None	None
ChainingRodShaped	2385	4.07617	0.5	48.5783	40.6027	0	-0.211001	-0.977486	0	None	None
ChainingRodShaped	3662	3.43204	0.5	-28.3586	26.5599	0	0.84122	-0.540693	0	None	None
ChainingRodShaped	3742	2.83953	0.5	39.9992	31.2744	0	-0.66845	-0.743757	0	None	None
ChainingRodShaped	3942	2.68425	0.5	39.2807	9.72625	0	0.431322	-0.902198	0	None	None
ChainingRodShaped	4276	2.22086	0.5	-16.2178	47.9774	0	0.167884	-0.985807	0	None	None
ChainingRodShaped	3930	2.5817	0.5	32.8303	27.0077	0	0.998924	-0.0463778	0	None	None
ChainingRodShaped	3892	2.45536	0.5	3.63131	-4.86267	0	0.932583	0.360955	0	None	None
ChainingRodShaped	2399	4.839	0.5	16.2329	80.4594	0	-0.614996	-0.78853	0	None	None
ChainingRodShaped	4412	2.2167	0.5	24.636	33.1524	0	0.161791	-0.986825	0	None	None
ChainingRodShaped	3976	2.40606	0.5	-27.837	67.4757	0	-0.863535	-0.504289	0	None	None
ChainingRodShaped	4534	2.05021	0.5	-28.4352	27.6906	0	0.835738	-0.549128	0	None	None
ChainingRodShaped	3908	3.05629	0.5	-42.3259	64.0727	0	0.289454	-0.957192	0	None	None
ChainingRodShaped	2409	4.11624	0.5	14.4638	-3.67969	0	0.27314	-0.961974	0	None	None
ChainingRodShaped	3790	2.54727	0.5	4.30965	-3.55281	0	0.928917	0.370287	0	None	None
ChainingRodShaped	2413	3.98366	0.5	-1.22242	11.9177	0	-0.999915	-0.0130184	0	None	None
ChainingRodShaped	3842	3.04944	0.5	26.7919	19.958	0	0.627404	-0.778694	0	None	None
ChainingRodShaped	2417	4.73347	0.5	38.3952	22.0717	0	0.301057	-0.953606	0	None	None
ChainingRodShaped	3768	3.04501	0.5	-12.8658	55.4567	0	0.665483	-0.746413	0	None	None
ChainingRodShaped	3852	2.83578	0.5	-47.2641	58.1488	0	0.927356	-0.374181	0	None	None
ChainingRodShaped	2423	4.12624	0.5	41.2071	50.458	0	0.730918	0.682465	0	None	None
ChainingRodShaped	2425	4.55099	0.5	4.33213	3.91909	0	0.662193	0.749334	0	None	None
ChainingRodShaped	2427	4.23821	0.5	-9.47828	74.6554	0	0.765944	-0.642907	0	None	None
ChainingRodShaped	2429	4.0154	0.5	-22.3116	24.5856	0	0.982725	0.185069	0	None	None
ChainingRodShaped	4072	2.38875	0.5	37.8787	8.32038	0	0.432681	-0.901547	0	None	None
ChainingRodShaped	2433	4.64936	0.5	-28.0538	19.0053	0	-0.991904	-0.126993	0	None	None
ChainingRodShaped	2435	4.02395	0.5	20.4151	76.0784	0	0.979271	0.202555	0	None	None
ChainingRodShaped	2437	3.62451	0.5	-16.9949	73.8871	0	0.214914	-0.976633	0	None	None
ChainingRodShaped	4234	2.34995	0.5	-14.4897	37.3452	0	0.116754	0.993161	0	None	None
ChainingRodShaped	4400	2.10721	0.5	13.0726	21.6689	0	0.774755	-0.632262	0	None	None
ChainingRodShaped	4056	2.3276	0.5	2.64592	21.6081	0	0.340423	-0.940272	0	None	None
ChainingRodShaped	4424	2.13898	0.5	25.9154	55.4498	0	0.901788	-0.432178	0	None	None
ChainingRodShaped	4200	2.63336	0.5	19.1468	12.8835	0	-0.637799	-0.770203	0	None	None
ChainingRodShaped	2449	4.0684	0.5	9.29172	81.5439	0	0.975681	-0.219195	0	None	None
ChainingRodShaped	4542	2.03146	0.5	21.7022	-3.56401	0	0.816021	0.578022	0	None	None
ChainingRodShaped	4510	2.09001	0.5	-22.8238	43.0698	0	0.0811741	-0.9967	0	None	None
ChainingRodShaped	3832	2.44944	0.5	-21.7138	86.738	0	-0.761006	-0.648745	0	None	None
ChainingRodShaped	3864	2.47716	0.5	-28.0744	2.22164	0	0.549682	-0.835374	0	None	None
ChainingRodShaped	4342	2.22183	0.5	-36.5082	55.6852	0	0.567832	-0.823144	0	None	None
ChainingRodShaped	2461	3.49341	0.5	-21.3782	51.2306	0	-0.0492816	-0.998785	0	None	None
ChainingRodShaped	4068	2.47477	0.5	30.5734	32.0665	0	0.952168	-0.305575	0	None	None
ChainingRodShaped	2465	4.44299	0.5	-11.9357	26.788	0	0.247319	-0.968934	0	None	None
ChainingRodShaped	2467	3.62735	0.5	-1.41579	44.0441	0	0.7017	-0.712473	0	None	None
ChainingRodShaped	2469	4.68019	0.5	29.1525	29.7264	0	-0.997336	-0.0729396	0	None	None
ChainingRodShaped	3838	3.22245	0.5	-8.87722	38.2635	0	0.660248	-0.751048	0	None	None
ChainingRodShaped	4478	2.11174	0.5	46.9208	23.091	0	0.220594	-0.975366	0	None	None
ChainingRodShaped	2475	4.79069	0.5	-38.9488	18.9291	0	-0.984807	-0.173653	0	None	None
ChainingRodShaped	2477	4.81237	0.5	38.9463	14.0891	0	-0.492984	0.870038	0	None	None
ChainingRodShaped	3858	2.88684	0.5	-26.9204	78.0315	0	0.243238	-0.969967	0	None	None
ChainingRodShaped	2481	3.84283	0.5	-27.9787	89.6174	0	-0.886597	-0.462542	0	None	None
ChainingRodShaped	3914	2.73488	0.5	46.7427	7.53267	0	0.114973	0.993369	0	None	None
ChainingRodShaped	3856	2.69673	0.5	-8.32396	26.4791	0	0.353363	-0.935486	0	None	None
ChainingRodShaped	2487	4.3236	0.5	-44.7758	42.2934	0	-0.221568	-0.975145	0	None	None
ChainingRodShaped	4216	2.2114	0.5	-38.6963	16.423	0	0.987262	-0.159102	0	None	None
ChainingRodShaped	2491	3.82001	0.5	8.66291	-0.50359	0	0.264724	-0.964324	0	None	None
ChainingRodShaped	2493	4.0758	0.5	13.7997	89.0499	0	0.768144	-0.640277	0	None	None
ChainingRodShaped	4160	2.27192	0.5	22.6284	11.2041	0	-0.541826	-0.840491	0	None	None
ChainingRodShaped	2497	4.37551	0.5	33.1342	19.9787	0	-0.320587	0.947219	0	None	None
ChainingRodShaped	4506	2.05297	0.5	8.99795	78.8396	0	0.910993	0.412422	0	None	None
ChainingRodShaped	4362	2.22414	0.5	12.1615	-2.49724	0	0.280795	-0.959768	0	None	None
ChainingRodShaped	2503	4.04139	0.5	25.3633	25.2546	0	0.774481	-0.632597	0	None	None
ChainingRodShaped	2505	3.77518	0.5	36.7396	20.9331	0	0.319238	-0.947675	0	None	None
ChainingRodShaped	2507	4.95904	0.5	-19.8091	31.4843	0	0.628937	0.777456	0	None	None
ChainingRodShaped	4428	2.12688	0.5	15.0226	56.4945	0	0.826296	0.563237	0	None	None
ChainingRodShaped	4120	2.47813	0.5	-25.5934	-0.0844365	0	0.801675	-0.597759	0	None	None
ChainingRodShaped	2513	4.88193	0.5	50.4148	39.8529	0	-0.194549	-0.980893	0	None	None
ChainingRodShaped	2515	4.01547	0.5	46.2311	45.7317	0	0.932759	0.3605	0	None	None
ChainingRodShaped	4548	2.02063	0.5	-1.41045	14.2694	0	0.830625	0.556832	0	None	None
ChainingRodShaped	2519	4.14958	0.5	37.6386	50.8783	0	-0.719682	-0.694304	0	None	None
ChainingRodShaped	4306	2.33979	0.5	32.2811	35.3512	0	0.946239	-0.323469	0	None	None
ChainingRodShaped	3912	2.44028	0.5	-11.3206	42.2641	0	0.747131	-0.664676	0	None	None
ChainingRodShaped	2525	3.62345	0.5	8.25636	42.8232	0	0.915874	-0.401465	0	None	None
ChainingRodShaped	2527	3.69478	0.5	-40.6345	37.2071	0	-0.304443	-0.952531	0	None	None
ChainingRodShaped	4316	2.33396	0.5	-19.8479	92.7773	0	-0.576969	-0.816766	0	None	None
ChainingRodShaped	2531	4.28462	0.5	14.0472	80.4035	0	-0.855182	-0.518327	0	None	None
ChainingRodShaped	4002	2.55149	0.5	26.568	56.1354	0	0.902731	-0.430206	0	None	None
ChainingRodShaped	2535	4.59254	0.5	51.3205	51.9226	0	-0.922377	-0.38629	0	None	None
ChainingRodShaped	4054	2.37019	0.5	-19.5127	91.5636	0	-0.584193	-0.811615	0	None	None
ChainingRodShaped	4228	2.45154	0.5	-24.8085	60.0643	0	-0.385621	-0.922657	0	None	None
ChainingRodShaped	4332	2.2559	0.5	-22.4126	3.32784	0	-0.340996	-0.940065	0	None	None
ChainingRodShaped	2543	4.84915	0.5	27.0163	80.7645	0	0.956491	0.291763	0	None	None
ChainingRodShaped	2545	4.54429	0.5	-26.8454	86.6315	0	-0.807946	-0.589256	0	None	None
ChainingRodShaped	2547	3.78763	0.5	25.4509	39.8849	0	-0.0375261	-0.999296	0	None	None
ChainingRodShaped	4294	2.26803	0.5	-9.23284	-4.85623	0	0.723066	0.690779	0	None	None
ChainingRodShaped	4184	2.48255	0.5	2.05402	20.5813	0	0.330991	-0.943634	0	None	None
ChainingRodShaped	4238	2.41575	0.5	-1.15074	33.6999	0	-0.693855	-0.720114	0	None	None
ChainingRodShaped	4292	2.19952	0.5	44.7921	7.65588	0	-0.118867	-0.99291	0	None	None
ChainingRodShaped	2557	3.86193	0.5	29.1665	26.6588	0	0.773549	-0.633737	0	None	None
ChainingRodShaped	2559	3.45918	0.5	-10.9962	47.9727	0	0.665375	-0.746509	0	None	None
ChainingRodShaped	2561	3.79835	0.5	22.4862	72.6892	0	0.997387	0.0722438	0	None	None
ChainingRodShaped	4344	2.1339	0.5	-18.345	-6.15635	0	-0.0176422	0.999844	0	None	None
ChainingRodShaped	2565	4.04668	0.5	-18.1957	1.44477	0	0.931143	0.364654	0	None	None
ChainingRodShaped	2567	3.62405	0.5	28.4079	44.8123	0	0.480319	-0.877094	0	None	None
ChainingRodShaped	2569	4.04086	0.5	-38.5043	37.8588	0	-0.287702	-0.95772	0	None	None
ChainingRodShaped	4402	2.23613	0.5	39.8506	37.4321	0	0.777863	0.628434	0	None	None
ChainingRodShaped	2573	4.0423	0.5	-11.2789	27.4887	0	0.237597	-0.971364	0	None	None
ChainingRodShaped	2575	4.801	0.5	-19.897	74.2437	0	0.132389	-0.991198	0	None	None
ChainingRodShaped	3990	2.39766	0.5	-16.063	76.6078	0	0.746867	-0.664974	0	None	None
ChainingRodShaped	2579	3.52772	0.5	41.3532	47.7366	0	0.919818	0.392346	0	None	None
ChainingRodShaped	4108	2.58387	0.5	-34.8303	44.3237	0	0.983602	0.180353	0	None	None
ChainingRodShaped	2583	4.39439	0.5	-16.7002	19.0737	0	0.521424	-0.853298	0	None	None
ChainingRodShaped	2585	4.05412	0.5	25.4553	84.2973	0	-0.900712	-0.434417	0	None	None
ChainingRodShaped	2587	4.75666	0.5	-31.7578	33.2058	0	0.79483	-0.606832	0	None	None
ChainingRodShaped	4078	2.66151	0.5	-1.71011	80.262	0	0.6041	-0.796908	0	None	None
ChainingRodShaped	2591	3.48579	0.5	31.5439	46.4863	0	0.499459	-0.866338	0	None	None
ChainingRodShaped	4358	2.31205	0.5	-32.7047	70.1891	0	-0.893505	-0.449053	0	None	None
ChainingRodShaped	4224	2.55771	0.5	25.0476	20.6082	0	0.647405	-0.762146	0	None	None
ChainingRodShaped	2597	4.91481	0.5	23.9332	-1.13712	0	0.98843	-0.151676	0	None	None
ChainingRodShaped	2599	4.04985	0.5	22.8518	46.074	0	0.156815	-0.987628	0	None	None
ChainingRodShaped	2601	3.58557	0.5	-28.7393	33.0475	0	0.731953	-0.681356	0	None	None
ChainingRodShaped	2603	3.89461	0.5	-11.9103	36.865	0	-0.167216	-0.98592	0	None	None
ChainingRodShaped	2605	4.61912	0.5	-25.8005	35.5124	0	0.918071	-0.396416	0	None	None
ChainingRodShaped	2607	4.37891	0.5	25.6263	62.9834	0	-0.943501	-0.33137	0	None	None
ChainingRodShaped	2609	4.95655	0.5	7.46409	14.1857	0	0.909398	0.415928	0	None	None
ChainingRodShaped	2611	4.92107	0.5	7.00048	14.8958	0	0.908973	0.416854	0	None	None
ChainingRodShaped	4286	2.43771	0.5	-20.5259	65.1428	0	-0.401627	-0.915803	0	None	None
ChainingRodShaped	4196	2.37927	0.5	19.8348	46.6001	0	0.00651694	-0.999979	0	None	None
ChainingRodShaped	2617	4.40147	0.5	19.5042	14.7277	0	-0.639642	-0.768673	0	None	None
ChainingRodShaped	2619	4.06544	0.5	-14.6122	53.3913	0	0.675925	-0.736971	0	None	None
ChainingRodShaped	4550	2.02771	0.5	-47.7756	43.1117	0	0.0303781	0.999538	0	None	None
ChainingRodShaped	2623	4.0357	0.5	45.6208	30.5614	0	0.995652	0.0931554	0	None	None
ChainingRodShaped	2625	4.93084	0.5	-32.2826	79.1482	0	-0.571972	0.820273	0	None	None
ChainingRodShaped	2627	4.90101	0.5	16.6427	24.5248	0	0.602178	-0.798362	0	None	None
ChainingRodShaped	2629	3.60745	0.5	31.0836	54.6144	0	0.877079	-0.480346	0	None	None
ChainingRodShaped	2631	3.92046	0.5	-3.31709	-2.96543	0	-0.258574	-0.965991	0	None	None
ChainingRodShaped	2633	3.51446	0.5	8.37908	74.7122	0	0.636167	-0.771551	0	None	None
ChainingRodShaped	4284	2.37998	0.5	17.2499	42.3883	0	-0.346071	-0.938208	0	None	None
ChainingRodShaped	4482	2.07465	0.5	-6.4848	9.57997	0	0.924288	0.381696	0	None	None
ChainingRodShaped	2639	4.21701	0.5	15.3075	67.1599	0	0.951533	0.307547	0	None	None
ChainingRodShaped	2641	3.29245	0.5	4.18804	75.466	0	0.53395	-0.845516	0	None	None
ChainingRodShaped	4236	2.57345	0.5	41.443	35.2348	0	0.754257	0.656579	0	None	None
ChainingRodShaped	2645	3.48962	0.5	-14.1331	76.1489	0	0.75348	-0.657471	0	None	None
ChainingRodShaped	2647	3.72727	0.5	-6.85721	69.7939	0	-0.992297	-0.123882	0	None	None
ChainingRodShaped	2649	4.58518	0.5	22.6959	49.3438	0	0.553987	-0.832526	0	None	None
ChainingRodShaped	2651	4.10673	0.5	29.8714	66.1305	0	0.0642927	-0.997931	0	None	None
ChainingRodShaped	2653	4.73446	0.5	39.4513	70.8435	0	-0.317087	-0.948397	0	None	None
ChainingRodShaped	2655	4.59695	0.5	-37.475	24.4855	0	-0.444726	0.895667	0	None	None
ChainingRodShaped	2657	3.60411	0.5	0.597477	51.1221	0	0.881814	-0.471597	0	None	None
ChainingRodShaped	2659	4.68575	0.5	20.6923	48.7104	0	0.0769725	-0.997033	0	None	None
ChainingRodShaped	2661	4.88216	0.5	30.7927	33.9246	0	0.94587	-0.324545	0	None	None
ChainingRodShaped	2663	4.59627	0.5	2.82898	59.2716	0	0.988879	0.148724	0	None	None
ChainingRodShaped	2665	3.32293	0.5	12.8976	20.6463	0	0.771283	-0.636493	0	None	None
ChainingRodShaped	4446	2.11678	0.5	-28.0949	52.8558	0	0.613296	-0.789854	0	None	None
ChainingRodShaped	4386	2.14334	0.5	-6.41677	-4.79343	0	0.801996	0.597329	0	None	None
ChainingRodShaped	2671	4.99918	0.5	-28.9322	12.4327	0	0.995673	-0.092929	0	None	None
ChainingRodShaped	4232	2.51334	0.5	12.82	-7.95486	0	0.306416	-0.951898	0	None	None
ChainingRodShaped	2675	4.11754	0.5	26.227	1.79355	0	0.99774	0.0671876	0	None	None
ChainingRodShaped	2677	3.56228	0.5	20.7059	3.92932	0	0.938851	0.344325	0	None	None
ChainingRodShaped	2679	3.80091	0.5	-4.0639	35.731	0	-0.948045	-0.318137	0	None	None
ChainingRodShaped	2681	4.53594	0.5	-10.3693	4.05524	0	0.824625	0.565679	0	None	None
ChainingRodShaped	2683	3.42343	0.5	-19.9288	64.2641	0	-0.399179	-0.916873	0	None	None
ChainingRodShaped	2685	3.82051	0.5	-1.98033	42.2885	0	0.712867	-0.701299	0	None	None
ChainingRodShaped	4272	2.2244	0.5	-8.86792	68.5696	0	-0.992468	-0.122508	0	None	None
ChainingRodShaped	2689	3.98408	0.5	-30.9551	75.2288	0	-0.986631	0.162972	0	None	None
ChainingRodShaped	2691	3.62775	0.5	-13.951	48.6926	0	0.642402	-0.766368	0	None	None
ChainingRodShaped	4448	2.15154	0.5	33.045	41.9318	0	0.459222	-0.888322	0	None	None
ChainingRodShaped	4282	2.24165	0.5	-46.0742	40.8756	0	-0.211801	-0.977313	0	None	None
ChainingRodShaped	4492	2.08575	0.5	-39.2671	7.26617	0	0.447982	-0.894042	0	None	None
ChainingRodShaped	2699	4.65946	0.5	-18.0235	37.3062	0	0.615316	0.78828	0	None	None
ChainingRodShaped	2701	4.38163	0.5	-32.5656	71.3136	0	-0.890094	-0.455777	0	None	None
ChainingRodShaped	4396	2.25158	0.5	-45.7287	17.4261	0	0.185089	-0.982722	0	None	None
ChainingRodShaped	2705	3.90635	0.5	-22.6407	57.9576	0	0.954092	-0.299513	0	None	None
ChainingRodShaped	2707	4.71774	0.5	48.7109	53.9601	0	-0.911381	-0.411564	0	None	None
ChainingRodShaped	2709	4.68404	0.5	28.0495	25.2757	0	0.766295	-0.642489	0	None	None
ChainingRodShaped	2711	3.43205	0.5	-29.7696	49.0935	0	0.694329	-0.719658	0	None	None
ChainingRodShaped	2713	4.70158	0.5	-22.755	40.9378	0	-0.840071	-0.542476	0	None	None
ChainingRodShaped	4264	2.39473	0.5	-25.2433	64.7597	0	-0.851253	-0.524756	0	None	None
ChainingRodShaped	2717	4.20303	0.5	18.1954	54.4815	0	0.995545	0.0942882	0	None	None
ChainingRodShaped	2719	3.80439	0.5	-19.2541	21.9225	0	-0.999997	0.00240089	0	None	None
ChainingRodShaped	2721	3.51136	0.5	19.3129	74.928	0	0.977199	0.212326	0	None	None
ChainingRodShaped	2723	3.73732	0.5	-18.0005	0.545453	0	0.927457	0.373931	0	None	None
ChainingRodShaped	2725	4.43031	0.5	-34.7639	7.4158	0	-0.703213	-0.710979	0	None	None
ChainingRodShaped	2727	4.41451	0.5	-40.9938	46.2824	0	0.617278	-0.786745	0	None	None
ChainingRodShaped	2729	3.9662	0.5	26.8575	5.8096	0	0.952306	-0.305145	0	None	None
ChainingRodShaped	2731	3.61236	0.5	-40.0328	13.5516	0	0.948596	-0.316491	0	None	None
ChainingRodShaped	2733	4.72795	0.5	25.8978	5.15853	0	0.950066	-0.312048	0	None	None
ChainingRodShaped	4414	2.22643	0.5	-19.3615	33.511	0	0.778648	0.627461	0	None	None
ChainingRodShaped	2737	3.81297	0.5	-15.3335	59.0572	0	0.994482	-0.104908	0	None	None
ChainingRodShaped	2739	3.74315	0.5	-10.895	92.0853	0	-0.839127	-0.543936	0	None	None
ChainingRodShaped	2741	3.29091	0.5	4.29075	44.088	0	0.860945	-0.508697	0	None	None
ChainingRodShaped	2743	4.11163	0.5	-13.8493	3.82796	0	-0.752543	-0.658543	0	None	None
ChainingRodShaped	2745	3.78088	0.5	23.2484	-7.71365	0	-0.975169	0.221464	0	None	None
ChainingRodShaped	2747	3.8597	0.5	47.3132	25.0836	0	0.420223	-0.907421	0	None	None
ChainingRodShaped	2749	4.48452	0.5	47.8863	21.4362	0	0.618426	0.785843	0	None	None
ChainingRodShaped	2751	4.23323	0.5	-39.5424	72.1579	0	-0.465168	-0.885222	0	None	None
ChainingRodShaped	2753	3.28226	0.5	37.8846	46.7814	0	-0.0287251	0.999587	0	None	None
ChainingRodShaped	2755	4.21064	0.5	-30.0349	42.4251	0	-0.497195	-0.867639	0	None	None
ChainingRodShaped	2757	4.18212	0.5	21.2141	81.9196	0	-0.690557	-0.723278	0	None	None
ChainingRodShaped	4352	2.34304	0.5	-11.2582	90.692	0	-0.835595	-0.549346	0	None	None
ChainingRodShaped	2761	3.22695	0.5	-26.1454	7.61189	0	-0.821267	-0.570544	0	None	None
ChainingRodShaped	2763	3.52267	0.5	38.4994	37.4927	0	0.784101	0.620633	0	None	None
ChainingRodShaped	2765	4.91927	0.5	-28.8314	49.4171	0	0.687087	-0.726575	0	None	None
ChainingRodShaped	2767	4.46372	0.5	28.2193	39.4367	0	0.430588	-0.902548	0	None	None
ChainingRodShaped	2769	3.34113	0.5	-18.9017	82.0482	0	0.572024	-0.820237	0	None	None
ChainingRodShaped	2771	4.28143	0.5	13.3674	24.4092	0	0.619714	-0.784828	0	None	None
ChainingRodShaped	4336	2.18071	0.5	-2.98115	51.7942	0	0.717402	-0.696659	0	None	None
ChainingRodShaped	2775	2.75959	0.5	-51.8181	20.792	0	0.405383	-0.914147	0	1646	2774
ChainingRodShaped	2777	3.189	0.5	22.5123	63.8093	0	0.943504	0.331362	0	None	None
ChainingRodShaped	2779	3.934	0.5	-37.4267	76.5604	0	-0.191826	-0.981429	0	None	None
ChainingRodShaped	2781	4.45403	0.5	12.1966	38.068	0	-0.552483	-0.833524	0	None	None
ChainingRodShaped	2783	3.18037	0.5	-14.2272	50.3565	0	0.650018	-0.759919	0	None	None
ChainingRodShaped	2785	4.22778	0.5	38.0772	-0.0811724	0	0.568111	0.822952	0	None	None
ChainingRodShaped	2787	4.33329	0.5	33.1636	80.9011	0	0.762621	0.646845	0	None	None
ChainingRodShaped	2789	4.81824	0.5	9.495	59.9444	0	0.938577	0.34507	0	None	None
ChainingRodShaped	2791	4.19702	0.5	45.6835	53.4396	0	0.72659	0.687071	0	None	None
ChainingRodShaped	2793	4.84219	0.5	-9.63166	-9.58488	0	0.709716	0.704488	0	None	None
ChainingRodShaped	4464	2.17944	0.5	-20.9487	23.8944	0	0.984527	0.175236	0	None	None
ChainingRodShaped	2797	4.96502	0.5	-18.7875	50.4318	0	-0.0460171	-0.998941	0	None	None
ChainingRodShaped	2799	4.27192	0.5	-3.07647	80.5826	0	0.612026	-0.790838	0	None	None
ChainingRodShaped	4416	2.19474	0.5	-8.24048	6.63387	0	0.834847	0.550481	0	None	None
ChainingRodShaped	2803	4.76818	0.5	-4.52427	92.6105	0	0.998294	-0.0583937	0	None	None
ChainingRodShaped	2805	4.25137	0.5	-22.9344	4.66114	0	-0.325786	-0.945443	0	None	None
ChainingRodShaped	4484	2.11924	0.5	12.3526	-9.9352	0	0.234292	-0.972166	0	None	None
ChainingRodShaped	2809	4.28444	0.5	39.5816	21.3496	0	0.311004	-0.950409	0	None	None
ChainingRodShaped	2811	4.69124	0.5	9.09959	5.11741	0	0.25209	-0.967704	0	None	None
ChainingRodShaped	4398	2.10557	0.5	15.1971	85.4479	0	0.791262	-0.611477	0	None	None
ChainingRodShaped	2815	4.40829	0.5	-5.57221	94.3969	0	0.918834	-0.394644	0	None	None
ChainingRodShaped	2817	4.60738	0.5	-5.15009	75.6536	0	0.941738	-0.336346	0	None	None
ChainingRodShaped	2819	3.92765	0.5	-28.1135	88.4415	0	-0.885696	-0.464265	0	None	None
ChainingRodShaped	2821	3.53573	0.5	11.1772	46.6272	0	0.96881	0.247805	0	None	None
ChainingRodShaped	2823	4.13677	0.5	32.9791	-3.93834	0	0.931194	0.364523	0	None	None
ChainingRodShaped	2825	3.98463	0.5	-17.9339	74.0155	0	0.201901	-0.979406	0	None	None
ChainingRodShaped	2827	3.45552	0.5	-19.1473	3.98709	0	0.631258	0.775573	0	None	None
ChainingRodShaped	2829	3.14477	0.5	-4.97163	23.5178	0	0.754501	-0.656299	0	None	None
ChainingRodShaped	2831	3.34706	0.5	-7.31324	17.8532	0	0.382605	-0.923912	0	None	None
ChainingRodShaped	2833	3.49612	0.5	3.52494	92.284	0	0.966522	-0.256585	0	None	None
ChainingRodShaped	4390	2.10261	0.5	18.9338	46.891	0	0.0164821	-0.999864	0	None	None
ChainingRodShaped	2837	3.30427	0.5	-1.23641	93.0406	0	0.846742	-0.532003	0	None	None
ChainingRodShaped	2839	4.00855	0.5	-27.8195	7.57998	0	-0.732788	-0.680457	0	None	None
ChainingRodShaped	2841	3.55572	0.5	26.4605	61.0698	0	-0.549854	-0.835261	0	None	None
ChainingRodShaped	2843	3.87312	0.5	2.08514	57.409	0	0.991838	0.127507	0	None	None
ChainingRodShaped	2845	4.06856	0.5	-3.95951	51.5237	0	0.724305	-0.68948	0	None	None
ChainingRodShaped	2847	4.95454	0.5	7.65696	9.23363	0	0.649283	0.760547	0	None	None
ChainingRodShaped	2849	3.13451	0.5	11.6104	-50.2983	0	0.407658	-0.913134	0	2056	2848
ChainingRodShaped	4524	2.04463	0.5	40.3675	54.8355	0	-0.710487	-0.70371	0	None	None
ChainingRodShaped	2853	3.47002	0.5	42.1432	67.3137	0	0.931913	-0.362682	0	None	None
ChainingRodShaped	2855	3.4316	0.5	1.06203	67.1916	0	-0.103101	-0.994671	0	None	None
ChainingRodShaped	2857	3.38524	0.5	3.82853	89.1862	0	0.962353	-0.271801	0	None	None
ChainingRodShaped	2859	4.37259	0.5	-1.83612	35.4434	0	-0.708189	-0.706023	0	None	None
ChainingRodShaped	2861	3.46802	0.5	1.90506	88.7251	0	0.965024	-0.262162	0	None	None
ChainingRodShaped	2863	4.15446	0.5	-13.6937	84.5447	0	0.726928	-0.686714	0	None	None
ChainingRodShaped	2865	4.12895	0.5	-30.1007	1.81215	0	0.87106	-0.491177	0	None	None
ChainingRodShaped	2867	3.13883	0.5	-4.62215	62.4007	0	0.998353	0.05737	0	None	None
ChainingRodShaped	2869	3.35529	0.5	48.9854	37.5362	0	-0.166786	-0.985993	0	None	None
ChainingRodShaped	2871	4.0168	0.5	32.7519	-0.803619	0	0.63198	0.774985	0	None	None
ChainingRodShaped	2873	4.90546	0.5	11.3045	76.3063	0	-0.517652	-0.855591	0	None	None
ChainingRodShaped	2875	3.74638	0.5	-16.4076	-7.27924	0	0.271186	0.962527	0	None	None
ChainingRodShaped	4434	2.10706	0.5	-13.6055	-7.98235	0	0.258815	0.965927	0	None	None
ChainingRodShaped	2879	3.96299	0.5	4.9847	23.4304	0	0.986132	0.165962	0	None	None
ChainingRodShaped	2881	3.4555	0.5	-43.0707	72.4256	0	-0.991009	-0.133792	0	None	None
ChainingRodShaped	2883	3.51427	0.5	21.9035	81.2993	0	-0.697752	-0.716339	0	None	None
ChainingRodShaped	4440	2.21132	0.5	10.2823	82.2734	0	0.973442	-0.228935	0	None	None
ChainingRodShaped	2887	3.31983	0.5	-21.3652	14.2707	0	-0.47774	-0.878501	0	None	None
ChainingRodShaped	2889	3.93363	0.5	-18.6384	72.0273	0	-0.121094	0.992641	0	None	None
ChainingRodShaped	4462	2.11943	0.5	-33.334	5.03388	0	-0.75833	-0.65187	0	None	None
ChainingRodShaped	2893	3.07853	0.5	-49.6475	68.6194	0	-0.507292	-0.861774	0	951	2892
ChainingRodShaped	2895	3.89707	0.5	-24.8274	11.1374	0	-0.318442	-0.947942	0	None	None
ChainingRodShaped	2897	4.64616	0.5	-23.9255	56.6042	0	0.945486	-0.325663	0	None	None
ChainingRodShaped	2899	4.0957	0.5	-35.3936	58.9753	0	0.570089	-0.821583	0	None	None
ChainingRodShaped	2901	3.89612	0.5	0.48524	74.5556	0	0.5433	-0.839539	0	None	None
ChainingRodShaped	2903	3.38704	0.5	-18.8358	90.8483	0	-0.585803	-0.810453	0	None	None
ChainingRodShaped	2905	4.12735	0.5	-7.17208	42.5421	0	0.69182	-0.72207	0	None	None
ChainingRodShaped	2907	3.47445	0.5	13.5317	35.4405	0	-0.607035	-0.794675	0	None	None
ChainingRodShaped	2909	4.96504	0.5	8.58451	66.1122	0	0.961447	0.27499	0	None	None
ChainingRodShaped	2911	3.71292	0.5	-40.2737	50.7008	0	0.404584	-0.914501	0	None	None
ChainingRodShaped	4576	2.00876	0.5	15.0143	86.7859	0	0.780456	-0.625211	0	None	None
ChainingRodShaped	4530	2.02724	0.5	-38.9501	50.0339	0	0.404012	-0.914754	0	None	None
ChainingRodShaped	2917	4.31406	0.5	44.388	63.8856	0	-0.0697473	-0.997565	0	None	None
ChainingRodShaped	2919	3.86915	0.5	39.6635	64.1794	0	0.920199	-0.39145	0	None	None
ChainingRodShaped	2921	3.48864	0.5	-26.0241	53.1641	0	0.614124	-0.78921	0	None	None
ChainingRodShaped	2923	4.0905	0.5	52.2088	28.0086	0	-0.99995	0.0100337	0	None	None
ChainingRodShaped	2925	4.4106	0.5	8.90041	2.19389	0	0.261545	-0.965191	0	None	None
ChainingRodShaped	2927	3.62609	0.5	-11.1339	36.1948	0	-0.163235	-0.986587	0	None	None
ChainingRodShaped	2929	3.4168	0.5	29.7876	18.4725	0	0.346916	-0.937896	0	None	None
ChainingRodShaped	2931	3.9069	0.5	0.543487	5.31432	0	0.757072	-0.653331	0	None	None
ChainingRodShaped	2933	3.41243	0.5	-42.6805	67.8833	0	0.339724	-0.940525	0	None	None
ChainingRodShaped	2935	4.61344	0.5	-1.34806	42.8608	0	0.708852	-0.705357	0	None	None
ChainingRodShaped	2937	4.00331	0.5	26.7984	49.2008	0	0.514394	-0.857554	0	None	None
ChainingRodShaped	2939	3.13741	0.5	43.3492	62.8189	0	0.0597707	0.998212	0	None	None
ChainingRodShaped	2941	4.84629	0.5	13.5471	51.472	0	0.995595	0.0937616	0	None	None
ChainingRodShaped	2943	3.89839	0.5	13.4043	33.834	0	-0.614924	-0.788587	0	None	None
ChainingRodShaped	2945	3.48041	0.5	-32.6132	82.9678	0	0.574509	-0.818498	0	None	None
ChainingRodShaped	2947	3.31321	0.5	-19.3575	14.1921	0	-0.494278	-0.869304	0	None	None
ChainingRodShaped	2949	3.92847	0.5	36.8228	72.0311	0	-0.321681	-0.946848	0	None	None
ChainingRodShaped	2951	4.17705	0.5	32.9859	47.5567	0	0.506201	-0.862415	0	None	None
ChainingRodShaped	4580	2.00378	0.5	-2.01657	47.3186	0	0.729682	-0.683787	0	None	None
ChainingRodShaped	2955	4.79787	0.5	0.0236268	69.0879	0	-0.725609	-0.688107	0	None	None
ChainingRodShaped	2957	4.36354	0.5	1.77135	75.9556	0	0.526373	-0.850254	0	None	None
ChainingRodShaped	2959	3.17374	0.5	32.2768	46.9955	0	0.501079	-0.865401	0	None	None
ChainingRodShaped	2961	3.29091	0.5	-41.5689	67.606	0	0.342011	-0.939696	0	None	None
ChainingRodShaped	2963	4.27588	0.5	8.48803	34.666	0	-0.721911	-0.691986	0	None	None
ChainingRodShaped	2965	4.92015	0.5	-20.561	50.5387	0	-0.0592396	-0.998244	0	None	None
ChainingRodShaped	2967	3.36572	0.5	16.2636	78.9763	0	-0.612784	-0.79025	0	None	None
ChainingRodShaped	2969	4.46264	0.5	-9.3716	86.2325	0	0.99559	0.0938101	0	None	None
ChainingRodShaped	2971	3.43641	0.5	-5.81947	20.6551	0	0.747963	-0.66374	0	None	None
ChainingRodShaped	2973	3.28634	0.5	10.7523	47.4383	0	0.971239	0.238108	0	None	None
ChainingRodShaped	2975	3.98824	0.5	42.3094	61.2225	0	-0.0497808	-0.99876	0	None	None
ChainingRodShaped	2977	4.66961	0.5	6.88149	78.8699	0	0.914415	0.404779	0	None	None
ChainingRodShaped	2979	3.63993	0.5	40.773	25.3128	0	-0.00535548	-0.999986	0	None	None
ChainingRodShaped	2981	3.55206	0.5	26.6725	11.2955	0	-0.832782	-0.553601	0	None	None
ChainingRodShaped	2983	3.01132	0.5	-46.9631	25.0284	0	0.381817	-0.924238	0	None	None
ChainingRodShaped	2985	3.32051	0.5	3.13622	47.8254	0	0.881417	-0.472339	0	None	None
ChainingRodShaped	2987	4.17606	0.5	-13.9477	31.1674	0	-0.229051	-0.973415	0	None	None
ChainingRodShaped	2989	4.42517	0.5	-8.22534	60.6289	0	0.0422991	-0.999105	0	None	None
ChainingRodShaped	2991	4.89036	0.5	26.3331	40.3915	0	-0.0275348	-0.999621	0	None	None
ChainingRodShaped	2993	4.45731	0.5	49.1973	60.9426	0	-0.777999	0.628266	0	None	None
ChainingRodShaped	2995	3.86136	0.5	-13.4902	54.8678	0	0.661128	-0.750274	0	None	None
ChainingRodShaped	2997	3.26568	0.5	-8.60725	79.0641	0	0.999506	0.0314429	0	None	None
ChainingRodShaped	2999	3.32374	0.5	20.2289	37.8636	0	-0.278822	-0.960343	0	None	None
ChainingRodShaped	3001	3.67577	0.5	-31.9678	58.9828	0	0.555232	-0.831696	0	None	None
ChainingRodShaped	3003	3.15719	0.5	3.26256	48.6995	0	0.886126	-0.463445	0	None	None
ChainingRodShaped	3005	3.6509	0.5	-9.97133	29.1197	0	0.218118	-0.975922	0	None	None
ChainingRodShaped	3007	4.64358	0.5	-23.3645	-6.55659	0	0.782493	-0.622659	0	None	None
ChainingRodShaped	3009	3.32441	0.5	-1.49802	-7.70576	0	0.795645	-0.605764	0	None	None
ChainingRodShaped	3011	4.7617	0.5	-20.3835	81.7753	0	0.251627	-0.967824	0	None	None
ChainingRodShaped	3013	3.46972	0.5	-28.2647	61.5152	0	-0.254103	-0.967177	0	None	None
ChainingRodShaped	3015	3.17107	0.5	-6.76643	-1.53277	0	0.802274	0.596956	0	None	None
ChainingRodShaped	3017	3.02181	0.5	-0.496979	69.8482	0	-0.718712	-0.695308	0	None	None
ChainingRodShaped	3019	4.46279	0.5	1.5214	62.9067	0	0.109669	0.993968	0	None	None
ChainingRodShaped	3021	4.51514	0.5	21.2038	-5.08842	0	0.821573	0.570103	0	None	None
ChainingRodShaped	3023	4.5136	0.5	9.77909	33.7175	0	-0.707952	-0.70626	0	None	None
ChainingRodShaped	3025	3.75877	0.5	-51.5598	54.6217	0	0.169887	-0.985464	0	None	None
ChainingRodShaped	3027	3.85651	0.5	18.9803	61.6707	0	-0.946522	-0.32264	0	None	None
ChainingRodShaped	3029	3.04081	0.5	42.9413	33.9152	0	-0.114015	-0.993479	0	None	None
ChainingRodShaped	3031	3.1507	0.5	-0.853909	88.7313	0	0.84499	-0.534782	0	None	None
ChainingRodShaped	3033	4.41434	0.5	2.75513	80.3214	0	0.619925	-0.784661	0	None	None
ChainingRodShaped	3035	4.24987	0.5	30.0526	35.1492	0	0.942957	-0.332916	0	None	None
ChainingRodShaped	3037	3.28397	0.5	52.2302	28.9772	0	-0.999975	0.00703573	0	None	None
ChainingRodShaped	3039	3.43221	0.5	-24.9816	36.1012	0	0.914079	-0.405536	0	None	None
ChainingRodShaped	3041	3.89324	0.5	-49.5254	55.2748	0	0.712506	-0.701666	0	None	None
ChainingRodShaped	3043	3.56267	0.5	-34.5337	29.4692	0	0.821582	-0.570091	0	None	None
ChainingRodShaped	3045	2.99845	0.5	19.1258	9.74433	0	-0.220897	-0.975297	0	None	None
ChainingRodShaped	3047	4.74191	0.5	-2.05842	23.4255	0	0.756063	-0.654499	0	None	None
ChainingRodShaped	3049	3.85069	0.5	16.3387	16.7017	0	-0.787257	0.616626	0	None	None
ChainingRodShaped	3051	3.81707	0.5	7.06615	90.5508	0	0.495494	-0.868611	0	None	None
ChainingRodShaped	3053	4.3388	0.5	16.0973	59.2892	0	-0.856368	-0.516366	0	None	None
ChainingRodShaped	3055	4.10208	0.5	-1.41926	-3.00293	0	-0.269844	-0.962904	0	None	None
ChainingRodShaped	3057	4.1215	0.5	19.6617	64.7468	0	0.947205	0.320628	0	None	None
ChainingRodShaped	3059	3.23272	0.5	23.339	52.0133	0	0.888364	-0.45914	0	None	None
ChainingRodShaped	3061	3.47878	0.5	33.5179	53.9701	0	0.179872	-0.98369	0	None	None
ChainingRodShaped	3063	3.89473	0.5	-43.7469	65.1997	0	0.323693	-0.946162	0	None	None
ChainingRodShaped	3065	3.72676	0.5	-6.85696	46.07	0	0.695331	-0.71869	0	None	None
ChainingRodShaped	3067	4.62939	0.5	9.853	9.30287	0	-0.144956	-0.989438	0	None	None
ChainingRodShaped	3069	3.74197	0.5	-17.123	50.6114	0	-0.065955	-0.997823	0	None	None
ChainingRodShaped	3071	3.72116	0.5	19.0248	55.469	0	0.994813	0.101718	0	None	None
ChainingRodShaped	3073	4.41211	0.5	41.3598	43.4204	0	0.596006	0.80298	0	None	None
ChainingRodShaped	3075	4.27546	0.5	-25.7365	5.43283	0	-0.4165	-0.909136	0	None	None
ChainingRodShaped	3077	2.99391	0.5	-14.3769	-1.87507	0	0.708144	0.706068	0	None	None
ChainingRodShaped	3079	3.51775	0.5	17.4328	13.6483	0	-0.639952	-0.768415	0	None	None
ChainingRodShaped	3081	3.54418	0.5	-29.3799	80.1615	0	-0.0217031	-0.999764	0	None	None
ChainingRodShaped	3083	4.37452	0.5	42.6438	29.2608	0	-0.00816621	-0.999967	0	None	None
ChainingRodShaped	3085	3.63515	0.5	28.6716	25.8982	0	0.768041	-0.6404	0	None	None
ChainingRodShaped	3087	3.75907	0.5	38.3583	70.6022	0	0.314872	0.949134	0	None	None
ChainingRodShaped	3089	3.97556	0.5	-26.257	80.2333	0	0.131456	-0.991322	0	None	None
ChainingRodShaped	3091	4.12433	0.5	-33.7739	78.7065	0	-0.758896	0.651211	0	None	None
ChainingRodShaped	3093	4.05785	0.5	-20.5434	13.8922	0	-0.485555	-0.874206	0	None	None
ChainingRodShaped	3095	4.41433	0.5	-11.509	60.052	0	0.385439	-0.922734	0	None	None
ChainingRodShaped	3097	3.41384	0.5	-29.4485	73.1092	0	-0.989355	0.145521	0	None	None
ChainingRodShaped	3099	4.12299	0.5	-4.68978	91.6706	0	0.998327	-0.0578259	0	None	None
ChainingRodShaped	3101	3.99708	0.5	29.1711	-6.99083	0	0.694483	0.719509	0	None	None
ChainingRodShaped	3103	4.50884	0.5	32.5002	27.9117	0	0.998408	-0.0564007	0	None	None
ChainingRodShaped	3105	3.43903	0.5	-10.7444	73.3116	0	0.773269	-0.634078	0	None	None
ChainingRodShaped	3107	2.98723	0.5	36.6786	12.4699	0	0.521791	-0.853073	0	None	None
ChainingRodShaped	3109	3.34595	0.5	6.02332	39.3751	0	-0.722648	-0.691216	0	None	None
ChainingRodShaped	3111	3.21303	0.5	-18.0376	-2.6958	0	0.397411	0.917641	0	None	None
ChainingRodShaped	3113	4.54677	0.5	-13.0051	52.9535	0	0.668522	-0.743692	0	None	None
ChainingRodShaped	3115	3.9907	0.5	3.75517	-1.96393	0	0.688331	0.725397	0	None	None
ChainingRodShaped	3117	4.30866	0.5	-38.3409	79.1458	0	-0.963187	-0.268832	0	None	None
ChainingRodShaped	3119	4.20848	0.5	-37.9192	11.1204	0	0.999166	-0.0408438	0	None	None
ChainingRodShaped	3121	4.62372	0.5	9.915	18.135	0	-0.917406	-0.397952	0	None	None
ChainingRodShaped	3123	3.49218	0.5	-17.1009	37.1317	0	0.607428	0.794375	0	None	None
ChainingRodShaped	3125	4.08373	0.5	17.0996	25.5999	0	0.542715	-0.839917	0	None	None
ChainingRodShaped	3127	3.15788	0.5	7.71978	38.6731	0	-0.734718	-0.678373	0	None	None
ChainingRodShaped	3129	3.744	0.5	-7.28401	75.1936	0	0.776367	-0.630281	0	None	None
ChainingRodShaped	3131	4.21041	0.5	24.0001	44.5373	0	-0.061361	-0.998116	0	None	None
ChainingRodShaped	3133	3.33425	0.5	7.92463	68.7918	0	-0.965741	-0.259507	0	None	None
ChainingRodShaped	3135	3.3362	0.5	22.6915	36.5741	0	-0.0472777	-0.998882	0	None	None
ChainingRodShaped	3137	4.17625	0.5	31.5973	66.5751	0	-0.0842168	0.996447	0	None	None
ChainingRodShaped	3139	4.27706	0.5	-45.7036	68.249	0	0.272189	-0.962244	0	None	None
ChainingRodShaped	3141	3.04684	0.5	-12.7106	14.8828	0	0.514484	0.8575	0	None	None
ChainingRodShaped	3143	3.07103	0.5	17.6383	26.3715	0	0.534273	-0.845312	0	None	None
ChainingRodShaped	3145	2.94795	0.5	-16.1265	80.3378	0	0.763814	-0.645436	0	None	None
ChainingRodShaped	3147	4.58511	0.5	-24.3164	38.9373	0	-0.835579	-0.54937	0	None	None
ChainingRodShaped	3149	3.78824	0.5	-1.09286	32.5018	0	-0.684589	-0.728929	0	None	None
ChainingRodShaped	3151	2.5824	0.5	14.8049	-57.964	0	0.36287	-0.93184	0	2848	3150
ChainingRodShaped	3153	3.97732	0.5	11.8377	6.034	0	0.18879	-0.982017	0	None	None
ChainingRodShaped	3155	3.75182	0.5	14.9463	52.4839	0	0.995634	0.0933408	0	None	None
ChainingRodShaped	3157	4.56374	0.5	6.85801	84.2179	0	0.945433	-0.325816	0	None	None
ChainingRodShaped	3159	3.56086	0.5	6.95758	75.0331	0	0.643844	-0.765157	0	None	None
ChainingRodShaped	3161	3.6243	0.5	-3.45481	64.7625	0	-0.920062	-0.391772	0	None	None
ChainingRodShaped	3163	3.53966	0.5	-11.9454	-3.47928	0	0.701168	0.712996	0	None	None
ChainingRodShaped	3165	4.06946	0.5	-0.479093	39.6413	0	0.729652	-0.683818	0	None	None
ChainingRodShaped	3167	4.02041	0.5	-33.0183	16.721	0	0.99994	0.0109782	0	None	None
ChainingRodShaped	3169	4.00451	0.5	33.699	72.0663	0	0.353018	0.935617	0	None	None
ChainingRodShaped	3171	4.064	0.5	10.7829	9.85817	0	-0.135082	-0.990834	0	None	None
ChainingRodShaped	3173	3.50401	0.5	27.0629	82.9977	0	-0.526013	-0.850476	0	None	None
ChainingRodShaped	3175	4.27881	0.5	24.2058	-2.12595	0	0.986865	-0.161548	0	None	None
ChainingRodShaped	3177	4.39327	0.5	-31.1234	0.857922	0	0.742686	-0.66964	0	None	None
ChainingRodShaped	3179	3.7973	0.5	-15.9198	25.2306	0	0.374018	-0.927421	0	None	None
ChainingRodShaped	3181	2.8961	0.5	3.15789	12.1499	0	-0.97551	-0.219953	0	None	None
ChainingRodShaped	3183	3.76141	0.5	6.16639	-5.85937	0	0.257213	-0.966355	0	None	None
ChainingRodShaped	3185	3.98861	0.5	22.8554	41.168	0	-0.0367041	-0.999326	0	None	None
ChainingRodShaped	3187	2.97027	0.5	5.97435	18.3349	0	0.907064	0.420992	0	None	None
ChainingRodShaped	3189	3.47688	0.5	45.7775	7.71698	0	0.116358	0.993207	0	None	None
ChainingRodShaped	3191	3.36496	0.5	-15.5657	91.355	0	0.999796	-0.0202081	0	None	None
ChainingRodShaped	3193	3.72342	0.5	6.16249	53.5172	0	0.963142	-0.268995	0	None	None
ChainingRodShaped	3195	3.88612	0.5	-0.697507	15.7908	0	0.943797	-0.330525	0	None	None
ChainingRodShaped	3197	3.80237	0.5	4.84118	42.0867	0	0.684448	-0.729062	0	None	None
ChainingRodShaped	3199	3.67914	0.5	30.3837	71.1673	0	0.73728	0.675587	0	None	None
ChainingRodShaped	3201	4.53607	0.5	-31.2961	42.5471	0	-0.318372	-0.947966	0	None	None
ChainingRodShaped	3203	2.97014	0.5	9.58926	28.4865	0	0.992141	0.125129	0	None	None
ChainingRodShaped	3205	3.1799	0.5	-30.8347	76.1526	0	-0.985696	0.168535	0	None	None
ChainingRodShaped	3207	3.82321	0.5	-14.3347	-3.20049	0	0.703392	0.710802	0	None	None
ChainingRodShaped	3209	3.68407	0.5	-2.81439	71.3833	0	-0.697513	-0.716573	0	None	None
ChainingRodShaped	3211	4.03481	0.5	39.8573	16.2723	0	0.502104	-0.864807	0	None	None
ChainingRodShaped	3213	3.35015	0.5	-26.5393	32.1729	0	0.725103	-0.688641	0	None	None
ChainingRodShaped	3215	4.38094	0.5	-50.1883	38.2373	0	-0.941705	0.33644	0	None	None
ChainingRodShaped	3217	3.1328	0.5	43.7689	11.3868	0	0.726539	0.687126	0	None	None
ChainingRodShaped	3219	4.49383	0.5	-47.5989	29.5606	0	0.633332	-0.77388	0	None	None
ChainingRodShaped	3221	4.41949	0.5	-41.5919	60.1661	0	0.834779	-0.550586	0	None	None
ChainingRodShaped	3223	3.18093	0.5	-15.2946	82.0383	0	0.789414	-0.613861	0	None	None
ChainingRodShaped	3225	3.81613	0.5	9.6778	38.1224	0	-0.726431	-0.687239	0	None	None
ChainingRodShaped	3227	3.98606	0.5	-17.0818	5.23299	0	0.504174	0.863602	0	None	None
ChainingRodShaped	3229	4.2138	0.5	36.5586	-0.575241	0	0.568949	0.822373	0	None	None
ChainingRodShaped	3231	3.83391	0.5	4.14588	1.1084	0	0.684064	0.729422	0	None	None
ChainingRodShaped	3233	4.05773	0.5	-12.468	20.6246	0	0.485022	-0.874502	0	None	None
ChainingRodShaped	3235	3.88518	0.5	8.15963	26.4842	0	0.990895	0.134637	0	None	None
ChainingRodShaped	3237	4.0592	0.5	45.691	59.2321	0	0.906015	0.423245	0	None	None
ChainingRodShaped	3239	3.61255	0.5	-39.5746	21.1509	0	0.533495	0.845803	0	None	None
ChainingRodShaped	3241	3.34561	0.5	-15.9038	-11.4964	0	0.281669	-0.959512	0	None	None
ChainingRodShaped	3243	3.61435	0.5	-11.8158	-4.72903	0	0.695582	0.718447	0	None	None
ChainingRodShaped	3245	3.13394	0.5	-40.0143	30.8926	0	-0.623314	0.781972	0	None	None
ChainingRodShaped	3247	4.38212	0.5	-2.32212	7.52053	0	0.999523	0.0308796	0	None	None
ChainingRodShaped	3249	4.24004	0.5	25.4064	72.2551	0	0.882187	0.470898	0	None	None
ChainingRodShaped	3251	3.35205	0.5	23.3556	13.6221	0	-0.669849	-0.742497	0	None	None
ChainingRodShaped	3253	3.70046	0.5	19.2769	53.6809	0	0.996437	0.0843373	0	None	None
ChainingRodShaped	3255	3.76397	0.5	36.7769	40.3104	0	0.614503	0.788914	0	None	None
ChainingRodShaped	3257	3.22019	0.5	44.0535	13.0137	0	0.789184	0.614157	0	None	None
ChainingRodShaped	3259	3.02961	0.5	50.0144	27.0529	0	0.999936	-0.0112947	0	None	None
ChainingRodShaped	3261	3.17257	0.5	49.7917	41.6884	0	0.201219	0.979546	0	None	None
ChainingRodShaped	3263	3.39672	0.5	-15.7472	15.0516	0	0.506763	0.862085	0	None	None
ChainingRodShaped	3265	3.35954	0.5	-9.98328	16.68	0	0.55437	-0.83227	0	None	None
ChainingRodShaped	3267	3.71118	0.5	-23.8397	16.8555	0	0.98512	0.17187	0	None	None
ChainingRodShaped	3269	3.69556	0.5	-6.46504	12.3931	0	-0.935323	-0.353795	0	None	None
ChainingRodShaped	3271	3.345	0.5	-45.0083	27.9453	0	0.634532	-0.772897	0	None	None
ChainingRodShaped	3273	3.62802	0.5	-15.5577	31.3696	0	-0.209546	-0.977799	0	None	None
ChainingRodShaped	3275	3.16477	0.5	20.277	78.0563	0	0.616258	0.787544	0	None	None
ChainingRodShaped	3277	3.24162	0.5	-30.3356	61.5326	0	0.0784198	0.99692	0	None	None
ChainingRodShaped	3279	3.38554	0.5	27.2207	30.4586	0	-0.996556	-0.0829277	0	None	None
ChainingRodShaped	3281	4.30338	0.5	-44.4913	47.1553	0	0.752473	-0.658623	0	None	None
ChainingRodShaped	3283	3.97655	0.5	-30.3922	48.4028	0	0.711728	-0.702455	0	None	None
ChainingRodShaped	3285	3.25602	0.5	46.107	37.3764	0	-0.13717	-0.990548	0	None	None
ChainingRodShaped	3287	3.77778	0.5	-7.94063	3.4559	0	0.832872	0.553465	0	None	None
ChainingRodShaped	3289	3.42512	0.5	-47.1546	46.9126	0	-0.770993	0.636843	0	None	None
ChainingRodShaped	3291	3.71914	0.5	39.5863	32.1599	0	-0.675876	-0.737015	0	None	None
ChainingRodShaped	3293	4.10164	0.5	32.8725	51.3957	0	0.4981	-0.86712	0	None	None
ChainingRodShaped	3295	2.80097	0.5	4.89601	-8.46867	0	-0.423794	-0.905759	0	None	None
ChainingRodShaped	3297	3.29973	0.5	27.3454	51.8126	0	0.497148	-0.867666	0	None	None
ChainingRodShaped	3299	3.95911	0.5	-44.2794	33.1864	0	-0.603958	0.797016	0	None	None
ChainingRodShaped	3301	3.32392	0.5	6.86435	39.0225	0	-0.728863	-0.68466	0	None	None
ChainingRodShaped	3303	3.50277	0.5	15.8623	-6.0931	0	0.598071	0.801443	0	None	None
ChainingRodShaped	3305	3.3318	0.5	-9.12682	11.9724	0	-0.494538	-0.869156	0	None	None
ChainingRodShaped	3307	3.17156	0.5	36.8268	24.052	0	0.235397	-0.971899	0	None	None
ChainingRodShaped	3309	2.95001	0.5	-5.40485	60.0091	0	0.0649539	-0.997888	0	None	None
ChainingRodShaped	3311	2.83211	0.5	19.5522	20.8447	0	0.81242	-0.583073	0	None	None
ChainingRodShaped	3313	2.90574	0.5	-20.7166	93.2427	0	-0.57374	-0.819038	0	None	None
ChainingRodShaped	3315	4.26113	0.5	-35.6793	60.9919	0	0.585781	-0.810469	0	None	None
ChainingRodShaped	3317	3.36576	0.5	-8.08103	41.0115	0	0.682514	-0.730872	0	None	None
ChainingRodShaped	3319	4.14592	0.5	30.714	66.5521	0	0.0742874	-0.997237	0	None	None
ChainingRodShaped	3321	3.71066	0.5	-1.23716	61.7526	0	0.089109	0.996022	0	None	None
ChainingRodShaped	3323	3.19904	0.5	-10.3638	62.2586	0	0.772792	-0.634659	0	None	None
ChainingRodShaped	3325	2.83368	0.5	11.6213	45.8343	0	0.966294	0.25744	0	None	None
ChainingRodShaped	3327	3.49111	0.5	-18.1561	88.0034	0	0.951059	0.309009	0	None	None
ChainingRodShaped	3329	3.90167	0.5	-5.85164	23.11	0	0.749531	-0.66197	0	None	None
ChainingRodShaped	3331	3.78264	0.5	23.3576	49.8522	0	0.545603	-0.838044	0	None	None
ChainingRodShaped	3333	3.46148	0.5	3.4453	-0.936567	0	0.691335	0.722534	0	None	None
ChainingRodShaped	3335	4.11805	0.5	8.69941	43.5131	0	0.919849	-0.392273	0	None	None
ChainingRodShaped	3337	3.48711	0.5	30.4115	21.4115	0	0.635057	-0.772466	0	None	None
ChainingRodShaped	3339	4.26728	0.5	-14.3944	59.8069	0	0.994879	-0.101071	0	None	None
ChainingRodShaped	3341	3.86368	0.5	35.8852	16.5363	0	-0.145021	0.989429	0	None	None
ChainingRodShaped	3343	3.82797	0.5	41.705	26.8564	0	0.00133129	-0.999999	0	None	None
ChainingRodShaped	3345	2.92921	0.5	50.9704	34.7516	0	0.173478	-0.984838	0	None	None
ChainingRodShaped	3347	3.11119	0.5	-50.8674	35.8879	0	0.999893	-0.0146358	0	None	None
ChainingRodShaped	3349	4.16453	0.5	-30.7851	-0.755289	0	0.745368	-0.666654	0	None	None
ChainingRodShaped	3351	3.65872	0.5	10.5063	57.3215	0	-0.90556	-0.424219	0	None	None
ChainingRodShaped	3353	3.10026	0.5	-48.0848	50.15	0	0.782937	-0.622102	0	None	None
ChainingRodShaped	3355	3.90473	0.5	-14.9088	94.2441	0	-0.155123	-0.987895	0	None	None
ChainingRodShaped	3357	3.49538	0.5	-0.435229	56.1985	0	0.993063	0.117584	0	None	None
ChainingRodShaped	3359	3.83149	0.5	16.2428	-7.18793	0	0.594516	0.804084	0	None	None
ChainingRodShaped	3361	3.98767	0.5	-26.6665	85.575	0	-0.802015	-0.597303	0	None	None
ChainingRodShaped	3363	3.65689	0.5	16.8136	29.8923	0	0.449391	-0.893335	0	None	None
ChainingRodShaped	3365	3.79532	0.5	-7.58581	16.2683	0	0.391814	-0.920045	0	None	None
ChainingRodShaped	3367	3.80806	0.5	-23.7855	17.7878	0	0.983541	0.180687	0	None	None
ChainingRodShaped	3369	2.86314	0.5	9.47822	32.1681	0	-0.720215	-0.693751	0	None	None
ChainingRodShaped	3371	3.52336	0.5	-11.4115	20.4369	0	0.476207	-0.879333	0	None	None
ChainingRodShaped	3373	3.32547	0.5	-31.9632	21.5099	0	-0.999979	0.00655646	0	None	None
ChainingRodShaped	3375	4.14973	0.5	-3.05127	10.986	0	-0.99994	-0.0109198	0	None	None
ChainingRodShaped	3377	3.44291	0.5	4.51324	32.6012	0	-0.893689	-0.448687	0	None	None
ChainingRodShaped	3379	3.29762	0.5	-34.4594	35.2538	0	-0.293338	-0.956009	0	None	None
ChainingRodShaped	3381	4.04806	0.5	-40.3562	42.6437	0	0.997132	0.0756756	0	None	None
ChainingRodShaped	3383	3.32165	0.5	14.6296	38.595	0	-0.546179	-0.837668	0	None	None
ChainingRodShaped	3385	2.88911	0.5	17.3374	78.8245	0	-0.606638	-0.794978	0	None	None
ChainingRodShaped	3387	3.41404	0.5	47.7515	43.2922	0	0.940514	0.339756	0	None	None
ChainingRodShaped	3389	3.07917	0.5	16.8347	64.7893	0	0.948887	0.315616	0	None	None
ChainingRodShaped	3391	3.01169	0.5	14.1347	15.3221	0	-0.61323	-0.789904	0	None	None
ChainingRodShaped	3393	2.81488	0.5	41.5517	57.3514	0	-0.711733	-0.70245	0	None	None
ChainingRodShaped	3395	3.94087	0.5	20.852	30.2307	0	0.270655	-0.962676	0	None	None
ChainingRodShaped	3397	2.83882	0.5	11.2096	86.3745	0	-0.159392	0.987215	0	None	None
ChainingRodShaped	3399	3.32404	0.5	6.62716	63.6542	0	0.95577	0.294116	0	None	None
ChainingRodShaped	3401	3.60723	0.5	-1.05718	83.2773	0	0.878463	-0.477811	0	None	None
ChainingRodShaped	3403	2.95705	0.5	11.4073	49.4927	0	0.994235	0.107219	0	None	None
ChainingRodShaped	3405	3.38758	0.5	23.8012	77.8452	0	0.96566	0.259809	0	None	None
ChainingRodShaped	3407	3.58917	0.5	12.6748	6.61796	0	0.178968	-0.983855	0	None	None
ChainingRodShaped	3409	3.6208	0.5	-18.6996	62.5735	0	-0.402816	-0.915281	0	None	None
ChainingRodShaped	3411	2.97677	0.5	7.92724	57.425	0	0.979859	0.199689	0	None	None
ChainingRodShaped	3413	3.02601	0.5	-11.5655	13.2863	0	-0.522839	-0.852431	0	None	None
ChainingRodShaped	3415	3.03826	0.5	33.8733	-0.946469	0	0.624198	0.781266	0	None	None
ChainingRodShaped	3417	3.42341	0.5	2.97301	60.127	0	0.987343	0.158601	0	None	None
ChainingRodShaped	3419	2.79989	0.5	45.7762	58.1936	0	0.908512	0.417859	0	None	None
ChainingRodShaped	3421	3.19364	0.5	11.6327	50.3934	0	0.995257	0.0972807	0	None	None
ChainingRodShaped	3423	2.84123	0.5	-27.6235	49.4209	0	0.679769	-0.733426	0	None	None
ChainingRodShaped	3425	3.58267	0.5	-7.4023	41.5429	0	0.687841	-0.725861	0	None	None
ChainingRodShaped	3427	3.88921	0.5	-33.8729	71.6886	0	-0.886206	-0.463292	0	None	None
ChainingRodShaped	3429	3.46611	0.5	18.1248	72.7502	0	0.972725	0.231959	0	None	None
ChainingRodShaped	3431	3.28811	0.5	-24.9531	31.8612	0	0.753311	-0.657664	0	None	None
ChainingRodShaped	3433	3.9083	0.5	18.8854	20.363	0	0.806494	-0.591242	0	None	None
ChainingRodShaped	3435	3.50686	0.5	-0.820665	-6.99725	0	0.795493	-0.605962	0	None	None
ChainingRodShaped	3437	2.88823	0.5	-40.8806	68.4444	0	0.332607	-0.943066	0	None	None
ChainingRodShaped	3439	4.04588	0.5	36.6406	62.264	0	-0.323358	-0.946277	0	None	None
ChainingRodShaped	3441	3.98601	0.5	-33.5935	24.3949	0	0.848274	-0.529557	0	None	None
ChainingRodShaped	3443	2.99446	0.5	-38.6113	66.2825	0	0.628242	-0.778018	0	None	None
ChainingRodShaped	3445	3.57459	0.5	25.8926	75.3288	0	0.596945	0.802282	0	None	None
ChainingRodShaped	3447	3.80036	0.5	-11.0208	85.1254	0	0.999922	0.0124882	0	None	None
ChainingRodShaped	3449	3.00709	0.5	40.6349	4.25001	0	0.938692	0.344756	0	None	None
ChainingRodShaped	3451	3.08278	0.5	-30.1859	24.3956	0	0.837514	-0.546417	0	None	None
ChainingRodShaped	3453	2.89946	0.5	-8.28463	83.0475	0	0.571526	0.820584	0	None	None
ChainingRodShaped	3455	3.26715	0.5	1.22878	28.3311	0	-0.584062	-0.811709	0	None	None
ChainingRodShaped	3457	3.45193	0.5	27.2306	64.8163	0	-0.880963	-0.473185	0	None	None
ChainingRodShaped	3459	2.82689	0.5	-10.0744	96.0134	0	0.989298	-0.145912	0	None	None
ChainingRodShaped	3461	3.37668	0.5	2.57035	84.6999	0	0.683633	-0.729825	0	None	None
ChainingRodShaped	3463	3.26424	0.5	14.2048	65.8589	0	0.954554	0.298039	0	None	None
ChainingRodShaped	3465	2.94424	0.5	32.4833	58.1018	0	0.881933	-0.471375	0	None	None
ChainingRodShaped	3467	3.18195	0.5	14.521	33.8406	0	-0.607087	-0.794635	0	None	None
ChainingRodShaped	3469	3.52904	0.5	-28.7626	71.1879	0	-0.879094	-0.476649	0	None	None
ChainingRodShaped	3471	2.85016	0.5	-7.97048	48.5621	0	0.66062	-0.75072	0	None	None
ChainingRodShaped	3473	3.75475	0.5	21.8633	-5.78454	0	0.821668	0.569967	0	None	None
ChainingRodShaped	3475	3.3564	0.5	-41.2819	24.8802	0	0.593132	-0.805106	0	None	None
ChainingRodShaped	3477	3.65207	0.5	-35.5928	55.9772	0	0.569015	-0.822327	0	None	None
ChainingRodShaped	3479	2.86116	0.5	24.5531	49.537	0	0.537123	-0.843504	0	None	None
ChainingRodShaped	3481	2.82942	0.5	9.606	152.448	0	-0.442979	-0.896532	0	None	3480
ChainingRodShaped	3483	2.92574	0.5	33.269	6.14732	0	0.390005	0.920813	0	None	None
ChainingRodShaped	3485	3.52583	0.5	-31.1083	-1.77904	0	0.747043	-0.664776	0	None	None
ChainingRodShaped	3487	3.47328	0.5	-34.1572	63.6713	0	0.608625	-0.793458	0	None	None
ChainingRodShaped	3489	3.84178	0.5	-23.9433	74.5395	0	-0.0617442	-0.998092	0	None	None
ChainingRodShaped	3491	2.92165	0.5	-27.7906	77.6606	0	0.252924	-0.967486	0	None	None
ChainingRodShaped	3493	3.45353	0.5	31.8471	3.95322	0	-0.110762	0.993847	0	None	None
ChainingRodShaped	3495	3.43101	0.5	-39.1586	70.8763	0	-0.469	-0.883198	0	None	None
ChainingRodShaped	3497	3.4084	0.5	-19.0131	42.4709	0	0.213561	-0.97693	0	None	None
ChainingRodShaped	3499	2.77658	0.5	20.5336	-73.9901	0	0.32295	-0.946416	0	1690	3498
ChainingRodShaped	3501	3.41134	0.5	25.2702	12.9392	0	-0.689137	-0.724631	0	None	None
ChainingRodShaped	3503	2.91648	0.5	17.9691	34.7759	0	-0.0643943	-0.997925	0	None	None
ChainingRodShaped	3505	3.77027	0.5	18.1987	-0.297534	0	0.795818	0.605536	0	None	None
ChainingRodShaped	3507	3.27258	0.5	-19.0202	7.76704	0	0.327825	0.944738	0	None	None
ChainingRodShaped	3509	2.67053	0.5	-39.892	75.6932	0	-0.468721	-0.883346	0	None	None
ChainingRodShaped	3511	2.9871	0.5	-9.93501	3.22178	0	0.827287	0.56178	0	None	None
ChainingRodShaped	3513	3.32685	0.5	3.77354	2.00905	0	0.676745	0.736218	0	None	None
ChainingRodShaped	3515	3.13502	0.5	30.181	10.2395	0	-0.849018	-0.528365	0	None	None
ChainingRodShaped	3517	2.84983	0.5	-41.5782	16.0822	0	0.950469	-0.310819	0	None	None
ChainingRodShaped	3519	2.7409	0.5	-19.6314	56.4556	0	0.998965	-0.0454933	0	None	None
ChainingRodShaped	3521	2.64781	0.5	26.4098	74.4652	0	0.604939	0.796272	0	None	None
ChainingRodShaped	3523	3.71768	0.5	-0.49663	52.6634	0	0.886479	-0.462768	0	None	None
ChainingRodShaped	3525	2.94234	0.5	-11.2951	22.306	0	0.41874	-0.908106	0	None	None
ChainingRodShaped	3527	3.86785	0.5	11.7589	59.9298	0	0.90352	0.428547	0	None	None
ChainingRodShaped	3529	3.70796	0.5	-23.5245	-4.30684	0	0.987908	-0.15504	0	None	None
ChainingRodShaped	3531	3.76704	0.5	-14.9143	19.4432	0	-0.538343	0.842726	0	None	None
ChainingRodShaped	3533	2.80978	0.5	24.8695	24.5512	0	0.770211	-0.637789	0	None	None
ChainingRodShaped	3535	2.79298	0.5	-6.37796	17.8484	0	0.373308	-0.927708	0	None	None
ChainingRodShaped	3537	3.15411	0.5	14.8531	14.737	0	-0.616588	-0.787286	0	None	None
ChainingRodShaped	3539	3.10455	0.5	-7.5999	53.7346	0	0.728914	-0.684605	0	None	None
ChainingRodShaped	3541	3.01002	0.5	-26.5162	18.2835	0	-0.990585	-0.136901	0	None	None
ChainingRodShaped	3543	3.35929	0.5	-18.8043	64.6165	0	-0.393636	-0.919267	0	None	None
ChainingRodShaped	3545	2.61416	0.5	-22.6157	-1.0651	0	0.62048	-0.784223	0	None	None
ChainingRodShaped	3547	3.66266	0.5	3.2619	17.6709	0	0.682203	0.731163	0	None	None
ChainingRodShaped	3549	3.49554	0.5	27.7824	10.9328	0	-0.83828	-0.545241	0	None	None
ChainingRodShaped	3551	3.38476	0.5	22.8061	67.8807	0	0.917532	0.397662	0	None	None
ChainingRodShaped	3553	3.76421	0.5	38.7815	47.357	0	-0.0386903	0.999251	0	None	None
ChainingRodShaped	3555	3.46893	0.5	-3.55132	58.2564	0	0.548673	-0.836037	0	None	None
ChainingRodShaped	3557	3.1369	0.5	21.5909	30.7696	0	0.280301	-0.959912	0	None	None
ChainingRodShaped	3559	2.70097	0.5	-42.8732	40.9082	0	0.876478	0.481441	0	None	None
ChainingRodShaped	3561	3.22206	0.5	9.77286	27.6274	0	0.991164	0.132643	0	None	None
ChainingRodShaped	3563	2.65168	0.5	-0.836729	65.8512	0	-0.114078	-0.993472	0	None	None
ChainingRodShaped	3565	2.73034	0.5	27.9986	59.7233	0	0.689491	0.724294	0	None	None
ChainingRodShaped	3567	3.33258	0.5	-30.1046	64.1845	0	0.900979	0.433862	0	None	None
ChainingRodShaped	3569	3.08126	0.5	-1.04806	9.27013	0	0.99994	0.010911	0	None	None
ChainingRodShaped	3571	3.26205	0.5	19.4103	2.45991	0	0.940615	0.339476	0	None	None
ChainingRodShaped	3573	2.99868	0.5	35.6821	34.123	0	0.939185	-0.343412	0	None	None
ChainingRodShaped	3575	3.24342	0.5	-11.088	65.3739	0	-0.59528	-0.803518	0	None	None
ChainingRodShaped	3577	3.64949	0.5	-19.6381	51.1432	0	-0.0522836	-0.998632	0	None	None
ChainingRodShaped	3579	2.69049	0.5	33.5143	63.8491	0	-0.61635	-0.787472	0	None	None
ChainingRodShaped	3581	3.57169	0.5	13.5854	85.4864	0	0.797338	-0.603533	0	None	None
ChainingRodShaped	3583	3.17809	0.5	-38.6759	53.9016	0	0.565228	-0.824935	0	None	None
ChainingRodShaped	3585	2.87816	0.5	-50.3462	47.345	0	-0.280925	0.95973	0	None	None
ChainingRodShaped	3587	2.86531	0.5	29.5414	28.8681	0	-0.997231	-0.0743708	0	None	None
ChainingRodShaped	3589	3.12884	0.5	21.5754	86.7698	0	-0.182434	0.983218	0	None	None
ChainingRodShaped	3591	3.35513	0.5	32.8964	9.11471	0	0.686269	0.727348	0	None	None
ChainingRodShaped	3593	3.62328	0.5	-47.4437	66.4334	0	-0.193308	-0.981138	0	None	None
ChainingRodShaped	3595	3.70251	0.5	6.40484	36.2864	0	-0.741749	-0.670678	0	None	None
ChainingRodShaped	3597	2.67359	0.5	50.294	22.3755	0	0.805858	0.592109	0	None	None
ChainingRodShaped	3599	3.48844	0.5	-35.6762	40.789	0	-0.296972	-0.954886	0	None	None
ChainingRodShaped	3601	3.2339	0.5	12.338	0.310712	0	0.284257	-0.958748	0	None	None
ChainingRodShaped	3603	2.73175	0.5	26.9814	50.6469	0	0.505796	-0.862653	0	None	None
ChainingRodShaped	3605	3.46914	0.5	29.0941	17.7949	0	0.338868	-0.940834	0	None	None
ChainingRodShaped	3607	2.82014	0.5	10.66	-11.6202	0	0.695771	-0.718264	0	None	None
ChainingRodShaped	3609	3.32518	0.5	-13.6028	46.9248	0	0.61469	-0.788769	0	None	None
ChainingRodShaped	3611	2.68129	0.5	-37.2772	33.3831	0	0.634605	-0.772836	0	None	None
ChainingRodShaped	3613	3.22282	0.5	-6.92028	3.02416	0	0.830472	0.55706	0	None	None
ChainingRodShaped	3615	3.08202	0.5	-6.30407	59.8363	0	0.0684931	-0.997652	0	None	None
ChainingRodShaped	3617	2.7883	0.5	-36.2571	49.8461	0	0.761535	-0.648123	0	None	None
ChainingRodShaped	3619	3.00973	0.5	37.6319	79.2644	0	0.340929	-0.940089	0	None	None
ChainingRodShaped	3621	3.07299	0.5	-36.8808	49.1892	0	0.755037	-0.655682	0	None	None
ChainingRodShaped	3623	2.55918	0.5	19.9744	58.241	0	-0.978794	-0.204848	0	None	None
ChainingRodShaped	3625	3.18602	0.5	-2.18028	70.7442	0	-0.704659	-0.709546	0	None	None
ChainingRodShaped	3627	2.61791	0.5	3.29158	46.7382	0	0.876635	-0.481156	0	None	None
ChainingRodShaped	3629	3.28209	0.5	26.3176	12.1826	0	-0.830855	-0.55649	0	None	None
ChainingRodShaped	3631	3.10834	0.5	-30.4515	68.1653	0	-0.881874	-0.471485	0	None	None
ChainingRodShaped	3633	3.61513	0.5	-23.5951	90.1608	0	-0.757721	-0.652579	0	None	None
ChainingRodShaped	3635	2.77032	0.5	-9.47453	13.2091	0	-0.521849	-0.853038	0	None	None
ChainingRodShaped	3637	3.34169	0.5	-47.4125	34.2117	0	-0.584604	0.811319	0	None	None
ChainingRodShaped	3639	3.25306	0.5	43.4568	53.9017	0	0.713966	0.70018	0	None	None
ChainingRodShaped	3641	2.58697	0.5	42.2549	70.4808	0	-0.846383	-0.532574	0	None	None
ChainingRodShaped	3643	2.73082	0.5	-2.97143	46.9894	0	0.722737	-0.691123	0	None	None
ChainingRodShaped	3645	3.54744	0.5	-50.4437	43.6322	0	0.555966	0.831205	0	None	None
ChainingRodShaped	3647	3.36811	0.5	14.8531	60.5648	0	0.85645	0.51623	0	None	None
ChainingRodShaped	3649	3.20655	0.5	-12.4426	39.1312	0	-0.177101	-0.984193	0	None	None
ChainingRodShaped	3651	3.24993	0.5	41.6796	37.7603	0	0.771527	0.636197	0	None	None
ChainingRodShaped	3653	3.20002	0.5	28.8299	-5.70133	0	0.775111	0.631826	0	None	None
ChainingRodShaped	3655	3.02744	0.5	41.2433	72.6556	0	0.157525	-0.987515	0	None	None
ChainingRodShaped	3657	3.30416	0.5	-25.5565	82.2896	0	0.128865	-0.991662	0	None	None
ChainingRodShaped	3659	3.15573	0.5	47.6594	40.8382	0	-0.219176	-0.975685	0	None	None
ChainingRodShaped	3661	2.95136	0.5	34.2437	47.2124	0	0.505275	-0.862958	0	None	None
ChainingRodShaped	3663	2.63879	0.5	-31.7324	28.6909	0	0.840995	-0.541043	0	None	None
ChainingRodShaped	3665	2.71668	0.5	-0.107208	16.5022	0	0.940439	-0.339962	0	None	None
ChainingRodShaped	3667	2.83885	0.5	-23.0426	16.0564	0	0.98522	0.171294	0	None	None
ChainingRodShaped	3669	2.61125	0.5	-23.7072	5.20698	0	-0.335262	-0.942125	0	None	None
ChainingRodShaped	3671	2.9309	0.5	-13.1469	7.64218	0	-0.901491	-0.432798	0	None	None
ChainingRodShaped	3673	2.66842	0.5	34.6219	77.3224	0	0.328582	0.944475	0	None	None
ChainingRodShaped	3675	2.91411	0.5	5.25106	89.7796	0	0.959588	-0.28141	0	None	None
ChainingRodShaped	3677	3.52473	0.5	3.957	61.1919	0	0.988881	0.14871	0	None	None
ChainingRodShaped	3679	2.63384	0.5	-8.31917	77.2845	0	0.999612	0.0278642	0	None	None
ChainingRodShaped	3681	2.53431	0.5	36.5022	9.00612	0	0.441659	-0.897183	0	None	None
ChainingRodShaped	3683	3.14841	0.5	-29.9259	25.3376	0	0.842179	-0.539199	0	None	None
ChainingRodShaped	3685	3.24698	0.5	-2.86981	86.5491	0	0.851696	-0.524036	0	None	None
ChainingRodShaped	3687	3.03706	0.5	-4.82895	0.996579	0	0.836977	0.547237	0	None	None
ChainingRodShaped	3689	2.95011	0.5	-5.37159	18.8505	0	0.67332	-0.739351	0	None	None
ChainingRodShaped	3691	3.20484	0.5	-2.15815	27.0563	0	-0.985476	-0.169815	0	None	None
ChainingRodShaped	3693	2.79017	0.5	-30.927	64.8054	0	0.90253	0.430626	0	None	None
ChainingRodShaped	3695	2.74862	0.5	-13.0656	56.9763	0	0.672943	-0.739694	0	None	None
ChainingRodShaped	3697	2.61798	0.5	35.9469	63.0723	0	-0.320444	-0.947268	0	None	None
ChainingRodShaped	3699	3.33925	0.5	27.2862	56.752	0	-0.898424	0.439129	0	None	None
ChainingRodShaped	3701	3.36306	0.5	13.1377	54.0281	0	0.995635	0.0933347	0	None	None
ChainingRodShaped	3703	2.27852	0.5	6.30103	145.768	0	-0.4444	-0.895828	0	3480	3702
ChainingRodShaped	3705	2.61398	0.5	23.9949	85.7513	0	0.89545	0.445162	0	None	None
ChainingRodShaped	3707	2.52176	0.5	24.081	24.0653	0	0.765572	-0.64335	0	None	None
ChainingRodShaped	3709	2.85508	0.5	-34.5748	41.2277	0	-0.2971	-0.954846	0	None	None
ChainingRodShaped	3711	3.13099	0.5	30.2057	73.7467	0	0.877651	0.479301	0	None	None
ChainingRodShaped	3713	3.24808	0.5	13.8537	81.3861	0	0.85707	0.515201	0	None	None
ChainingRodShaped	3715	3.45146	0.5	0.449792	2.69991	0	0.159241	-0.98724	0	None	None
ChainingRodShaped	3717	2.71364	0.5	14.601	2.25595	0	0.263036	-0.964786	0	None	None
ChainingRodShaped	3719	2.69506	0.5	-29.9995	55.4089	0	0.294023	-0.955798	0	None	None
ChainingRodShaped	3721	2.93008	0.5	26.6818	31.3034	0	0.997335	0.0729531	0	None	None
ChainingRodShaped	3723	2.61975	0.5	18.4682	73.7876	0	0.975023	0.222102	0	None	None
ChainingRodShaped	3725	3.11981	0.5	-15.0477	69.0024	0	-0.406916	-0.913466	0	None	None
ChainingRodShaped	3727	3.05641	0.5	51.6096	46.6387	0	0.904997	-0.425419	0	None	None
ChainingRodShaped	3729	3.43486	0.5	15.3598	9.9925	0	0.135215	0.990816	0	None	None
ChainingRodShaped	3731	2.96428	0.5	-46.9965	70.9705	0	-0.576509	-0.817091	0	None	None
ChainingRodShaped	3733	2.79807	0.5	-1.70846	48.2561	0	0.736487	-0.676451	0	None	None
ChainingRodShaped	3735	2.673	0.5	-41.4979	75.4595	0	-0.670597	-0.741822	0	None	None
ChainingRodShaped	3737	2.61386	0.5	21.5022	78.0983	0	0.624094	0.78135	0	None	None
ChainingRodShaped	3739	2.9712	0.5	39.9202	77.1945	0	0.615345	-0.788258	0	None	None
ChainingRodShaped	3741	3.12726	0.5	-3.01179	53.052	0	0.710349	-0.70385	0	None	None
ChainingRodShaped	3743	3.18454	0.5	41.9352	33.0953	0	-0.12395	-0.992288	0	None	None
ChainingRodShaped	3745	3.07566	0.5	-42.6956	49.4787	0	0.77993	-0.625867	0	None	None
ChainingRodShaped	3747	2.79953	0.5	20.4208	18.065	0	0.785554	-0.618793	0	None	None
ChainingRodShaped	3749	3.43108	0.5	14.9799	68.958	0	0.949859	0.312678	0	None	None
ChainingRodShaped	3751	2.83071	0.5	-7.28679	60.7813	0	0.052287	-0.998632	0	None	None
ChainingRodShaped	3753	2.50643	0.5	15.6292	19.5815	0	0.778807	-0.627263	0	None	None
ChainingRodShaped	3755	2.89826	0.5	6.56249	-3.53732	0	0.248081	-0.968739	0	None	None
ChainingRodShaped	3757	3.19519	0.5	10.7541	44.6542	0	0.969301	0.245879	0	None	None
ChainingRodShaped	3759	2.48023	0.5	18.1435	-1.50631	0	0.801835	0.597545	0	None	None
ChainingRodShaped	3761	3.00841	0.5	4.2258	6.5186	0	0.618088	0.786109	0	None	None
ChainingRodShaped	3763	3.2252	0.5	27.2113	38.0775	0	0.0297816	-0.999556	0	None	None
ChainingRodShaped	3765	2.23925	0.5	-48.2427	14.2613	0	0.554488	-0.832192	0	2774	3764
ChainingRodShaped	3767	3.20353	0.5	-38.4494	21.1838	0	0.539409	0.842044	0	None	None
ChainingRodShaped	3769	3.29173	0.5	-16.5397	58.3134	0	0.994039	-0.109026	0	None	None
ChainingRodShaped	3771	3.39641	0.5	-0.424096	-9.77278	0	0.793455	-0.608629	0	None	None
ChainingRodShaped	3773	2.51843	0.5	-29.3837	67.6844	0	-0.877114	-0.480283	0	None	None
ChainingRodShaped	3775	2.53722	0.5	-6.11429	35.9878	0	-0.810755	-0.585385	0	None	None
ChainingRodShaped	3777	2.81368	0.5	-15.9045	74.5909	0	0.447259	-0.894405	0	None	None
ChainingRodShaped	3779	2.86853	0.5	33.1465	58.8117	0	0.882341	-0.470611	0	None	None
ChainingRodShaped	3781	2.71343	0.5	-15.8363	61.3508	0	-0.881184	-0.472774	0	None	None
ChainingRodShaped	3783	2.97875	0.5	13.5696	90.515	0	0.768047	-0.640394	0	None	None
ChainingRodShaped	3785	2.58557	0.5	39.6633	5.81209	0	0.936525	-0.350601	0	None	None
ChainingRodShaped	3787	3.10016	0.5	49.1962	20.4904	0	0.88546	0.464715	0	None	None
ChainingRodShaped	3789	2.77907	0.5	1.58544	43.7177	0	0.858407	-0.512969	0	None	None
ChainingRodShaped	3791	3.02963	0.5	0.789712	-4.09457	0	0.979042	-0.203657	0	None	None
ChainingRodShaped	3793	2.53877	0.5	47.8249	36.3865	0	-0.156948	-0.987607	0	None	None
ChainingRodShaped	3795	2.73801	0.5	-7.76445	82.156	0	0.568612	0.822606	0	None	None
ChainingRodShaped	3797	2.5407	0.5	-25.6989	27.2144	0	0.928367	-0.371666	0	None	None
ChainingRodShaped	3799	3.07308	0.5	-42.1925	15.2634	0	0.951714	-0.306987	0	None	None
ChainingRodShaped	3801	2.76253	0.5	35.5552	7.23146	0	-0.107295	-0.994227	0	None	None
ChainingRodShaped	3803	3.03845	0.5	45.1415	23.2999	0	-0.164521	-0.986374	0	None	None
ChainingRodShaped	3805	3.11973	0.5	24.0572	20.3214	0	0.642826	-0.766012	0	None	None
ChainingRodShaped	3807	3.30233	0.5	-31.8335	15.8134	0	1	0.000983501	0	None	None
ChainingRodShaped	3809	2.64887	0.5	5.91686	15.3649	0	-0.905969	-0.423343	0	None	None
ChainingRodShaped	3811	3.27244	0.5	-16.1399	12.3119	0	0.408278	0.912858	0	None	None
ChainingRodShaped	3813	3.17118	0.5	40.2798	40.4584	0	0.619212	0.785224	0	None	None
ChainingRodShaped	3815	2.61877	0.5	28.7964	7.21676	0	0.839192	0.543836	0	None	None
ChainingRodShaped	3817	3.08221	0.5	10.311	90.8254	0	0.183418	0.983035	0	None	None
ChainingRodShaped	3819	2.57525	0.5	7.60105	66.7913	0	0.962224	0.272258	0	None	None
ChainingRodShaped	3821	2.92204	0.5	-33.2942	32.0424	0	0.806818	-0.5908	0	None	None
ChainingRodShaped	3823	2.82603	0.5	14.4723	6.93888	0	0.179397	-0.983777	0	None	None
ChainingRodShaped	3825	2.5377	0.5	15.6855	14.3463	0	-0.62448	-0.781041	0	None	None
ChainingRodShaped	3827	2.54448	0.5	20.9047	89.2122	0	0.92515	0.379601	0	None	None
ChainingRodShaped	3829	2.92798	0.5	-46.7477	43.9958	0	0.0918498	-0.995773	0	None	None
ChainingRodShaped	3831	3.25057	0.5	-16.6989	81.9754	0	0.783228	-0.621735	0	None	None
ChainingRodShaped	3833	2.8047	0.5	-18.5021	88.8878	0	-0.949427	-0.313989	0	None	None
ChainingRodShaped	3835	3.09229	0.5	-36.6969	75.3258	0	-0.194039	-0.980994	0	None	None
ChainingRodShaped	3837	2.69031	0.5	-25.6106	54.1045	0	0.617022	-0.786946	0	None	None
ChainingRodShaped	3839	2.55786	0.5	-11.4087	41.1824	0	0.753739	-0.657174	0	None	None
ChainingRodShaped	3841	2.58667	0.5	7.01948	17.83	0	0.911228	0.411903	0	None	None
ChainingRodShaped	3843	3.03734	0.5	24.1641	22.8327	0	0.771961	-0.63567	0	None	None
ChainingRodShaped	3845	2.88505	0.5	-34.0007	19.6951	0	-0.999064	0.0432622	0	None	None
ChainingRodShaped	3847	2.50162	0.5	13.7462	71.787	0	-0.169528	0.985525	0	None	None
ChainingRodShaped	3849	2.98274	0.5	-6.51185	-2.52191	0	0.806374	0.591406	0	None	None
ChainingRodShaped	3851	2.93948	0.5	-15.8852	27.5683	0	0.383254	-0.923643	0	None	None
ChainingRodShaped	3853	2.85356	0.5	-49.7255	60.6521	0	0.249677	-0.968329	0	None	None
ChainingRodShaped	3855	2.97246	0.5	32.5859	65.906	0	-0.0941798	0.995555	0	None	None
ChainingRodShaped	3857	2.5422	0.5	-9.2272	29.9294	0	0.217849	-0.975982	0	None	None
ChainingRodShaped	3859	3.21226	0.5	-27.448	81.9872	0	0.121542	-0.992586	0	None	None
ChainingRodShaped	3861	3.04014	0.5	2.74346	85.827	0	0.69092	-0.722932	0	None	None
ChainingRodShaped	3863	3.10791	0.5	20.1305	29.4808	0	0.2803	-0.959913	0	None	None
ChainingRodShaped	3865	2.63524	0.5	-30.5882	3.18084	0	0.875064	-0.484007	0	None	None
ChainingRodShaped	3867	2.60824	0.5	-10.954	77.1333	0	0.757326	-0.653037	0	None	None
ChainingRodShaped	3869	2.64099	0.5	-37.4213	60.2331	0	0.596609	-0.802532	0	None	None
ChainingRodShaped	3871	2.56914	0.5	20.2905	10.58	0	-0.207064	-0.978327	0	None	None
ChainingRodShaped	3873	2.64447	0.5	-24.1842	38.0526	0	-0.830003	-0.557759	0	None	None
ChainingRodShaped	3875	2.97555	0.5	34.9978	-1.13849	0	0.577148	0.81664	0	None	None
ChainingRodShaped	3877	2.74175	0.5	36.8621	78.5123	0	0.340549	-0.940227	0	None	None
ChainingRodShaped	3879	3.11159	0.5	-15.3321	47.738	0	0.17767	-0.98409	0	None	None
ChainingRodShaped	3881	2.69163	0.5	-0.942864	12.8192	0	0.999736	0.0229734	0	None	None
ChainingRodShaped	3883	2.45028	0.5	7.29978	64.7966	0	0.958664	0.284539	0	None	None
ChainingRodShaped	3885	3.18362	0.5	23.564	35.092	0	-0.0407391	-0.99917	0	None	None
ChainingRodShaped	3887	3.09291	0.5	-28.6342	56.7044	0	0.313012	-0.949749	0	None	None
ChainingRodShaped	3889	2.48922	0.5	-11.3783	95.2052	0	0.98983	-0.142258	0	None	None
ChainingRodShaped	3891	2.92297	0.5	52.0822	34.6052	0	0.243455	-0.969912	0	None	None
ChainingRodShaped	3893	2.4541	0.5	0.310752	-4.98938	0	0.977425	-0.211282	0	None	None
ChainingRodShaped	3895	2.56536	0.5	-18.9868	26.133	0	0.37316	0.927767	0	None	None
ChainingRodShaped	3897	3.19393	0.5	-13.2597	39.2783	0	-0.18686	-0.982386	0	None	None
ChainingRodShaped	3899	2.74957	0.5	32.9657	2.49102	0	-0.100819	0.994905	0	None	None
ChainingRodShaped	3901	2.66592	0.5	10.8173	63.9557	0	0.959258	0.282533	0	None	None
ChainingRodShaped	3903	2.54529	0.5	17.089	71.5328	0	0.955757	0.294156	0	None	None
ChainingRodShaped	3905	2.59825	0.5	-21.3911	77.7387	0	-0.223753	0.974646	0	None	None
ChainingRodShaped	3907	2.50634	0.5	-36.3505	53.8005	0	0.575805	-0.817587	0	None	None
ChainingRodShaped	3909	3.12153	0.5	-43.6938	67.8783	0	0.345934	-0.938259	0	None	None
ChainingRodShaped	3911	2.4016	0.5	-4.59709	2.27582	0	0.84077	0.541393	0	None	None
ChainingRodShaped	3913	2.53734	0.5	-13.9568	44.4726	0	0.779837	-0.625983	0	None	None
ChainingRodShaped	3915	2.45986	0.5	45.2899	3.95455	0	0.925636	0.378414	0	None	None
ChainingRodShaped	3917	2.82811	0.5	-19.8203	20.1131	0	-1	0.000139788	0	None	None
ChainingRodShaped	3919	2.91701	0.5	44.0025	22.337	0	-0.162774	-0.986663	0	None	None
ChainingRodShaped	3921	2.49244	0.5	8.52461	13.7076	0	0.91351	0.406817	0	None	None
ChainingRodShaped	3923	2.58281	0.5	-32.9398	20.5861	0	-0.999447	0.0332641	0	None	None
ChainingRodShaped	3925	2.832	0.5	38.3581	17.0079	0	0.501658	-0.865066	0	None	None
ChainingRodShaped	3927	2.45049	0.5	-1.94119	8.3932	0	0.999782	0.0208655	0	None	None
ChainingRodShaped	3929	2.62968	0.5	3.29734	32.8968	0	-0.889168	-0.457581	0	None	None
ChainingRodShaped	3931	2.62257	0.5	29.9994	27.1078	0	0.779858	-0.625956	0	None	None
ChainingRodShaped	3933	2.51485	0.5	-13.498	83.0683	0	0.733753	-0.679416	0	None	None
ChainingRodShaped	3935	2.90119	0.5	-20.2157	21.0113	0	-0.999971	-0.00757191	0	None	None
ChainingRodShaped	3937	2.87594	0.5	12.6515	48.7382	0	0.99313	0.117019	0	None	None
ChainingRodShaped	3939	2.9487	0.5	-40.8092	33.4625	0	0.611095	-0.791557	0	None	None
ChainingRodShaped	3941	3.01303	0.5	-43.7161	47.7581	0	0.75124	-0.660029	0	None	None
ChainingRodShaped	3943	2.62539	0.5	37.5353	12.8797	0	0.497133	-0.867675	0	None	None
ChainingRodShaped	3945	2.91026	0.5	-25.7171	11.4251	0	-0.319643	-0.947538	0	None	None
ChainingRodShaped	3947	2.49443	0.5	-19.3067	28.0788	0	0.225231	0.974305	0	None	None
ChainingRodShaped	3949	2.5001	0.5	17.5077	0.354904	0	0.796944	0.604053	0	None	None
ChainingRodShaped	3951	2.66116	0.5	-42.7696	28.2132	0	-0.629631	0.776894	0	None	None
ChainingRodShaped	3953	2.7158	0.5	2.29315	17.9035	0	0.689501	0.724285	0	None	None
ChainingRodShaped	3955	3.04404	0.5	0.416956	32.8388	0	-0.677259	-0.735745	0	None	None
ChainingRodShaped	3957	2.97163	0.5	28.8387	42.1089	0	0.448535	-0.893765	0	None	None
ChainingRodShaped	3959	2.42615	0.5	-13.3243	6.51739	0	-0.905503	-0.424339	0	None	None
ChainingRodShaped	3961	2.76628	0.5	24.3332	60.2592	0	-0.806818	-0.5908	0	None	None
ChainingRodShaped	3963	2.72284	0.5	9.80221	-4.58776	0	0.267776	-0.963481	0	None	None
ChainingRodShaped	3965	2.58073	0.5	4.10828	54.9321	0	0.993542	0.113466	0	None	None
ChainingRodShaped	3967	2.41037	0.5	-23.4772	37.5508	0	-0.824373	-0.566046	0	None	None
ChainingRodShaped	3969	2.37764	0.5	-52.5528	37.803	0	-0.640025	0.768354	0	None	None
ChainingRodShaped	3971	2.69951	0.5	-19.2466	9.95034	0	-0.344602	-0.938749	0	None	None
ChainingRodShaped	3973	2.7107	0.5	30.1961	33.1592	0	0.949062	-0.315089	0	None	None
ChainingRodShaped	3975	3.04577	0.5	-9.50837	24.9141	0	0.392533	-0.919738	0	None	None
ChainingRodShaped	3977	2.73744	0.5	-24.7722	69.2817	0	-0.868955	-0.494891	0	None	None
ChainingRodShaped	3979	2.8214	0.5	0.643098	36.685	0	-0.725383	-0.688345	0	None	None
ChainingRodShaped	3981	3.02731	0.5	-40.1521	62.0914	0	0.635572	-0.772042	0	None	None
ChainingRodShaped	3983	2.43691	0.5	54.0824	41.0111	0	-0.537737	-0.843112	0	None	None
ChainingRodShaped	3985	2.58294	0.5	29.737	-1.47787	0	0.624255	0.781221	0	None	None
ChainingRodShaped	3987	2.98644	0.5	2.70921	9.71572	0	0.864312	0.502956	0	None	None
ChainingRodShaped	3989	2.83597	0.5	37.3827	70.6782	0	-0.312201	-0.950016	0	None	None
ChainingRodShaped	3991	2.90557	0.5	-18.232	77.8401	0	0.460342	-0.887742	0	None	None
ChainingRodShaped	3993	2.68594	0.5	28.5367	16.6777	0	0.329446	-0.944174	0	None	None
ChainingRodShaped	3995	2.57321	0.5	38.231	59.3916	0	0.0480362	-0.998846	0	None	None
ChainingRodShaped	3997	2.97664	0.5	-31.9378	11.7478	0	0.997657	-0.0684109	0	None	None
ChainingRodShaped	3999	2.97484	0.5	-30.236	14.8487	0	0.988212	0.15309	0	None	None
ChainingRodShaped	4001	2.98649	0.5	1.34118	27.1178	0	-0.575888	-0.817529	0	None	None
ChainingRodShaped	4003	2.71124	0.5	23.2943	57.5264	0	0.914351	-0.404922	0	None	None
ChainingRodShaped	4005	2.83348	0.5	-49.4817	58.1298	0	0.813491	-0.581577	0	None	None
ChainingRodShaped	4007	2.4942	0.5	36.6973	18.0776	0	-0.326108	0.945333	0	None	None
ChainingRodShaped	4009	2.80568	0.5	-26.5265	60.9887	0	-0.273407	-0.961898	0	None	None
ChainingRodShaped	4011	2.53763	0.5	-8.1034	51.7929	0	0.738898	-0.673817	0	None	None
ChainingRodShaped	4013	2.69081	0.5	34.3254	54.4458	0	-0.189752	0.981832	0	None	None
ChainingRodShaped	4015	2.87114	0.5	5.72966	24.3877	0	0.988004	0.154426	0	None	None
ChainingRodShaped	4017	2.61574	0.5	28.4289	53.5697	0	0.509913	-0.860226	0	None	None
ChainingRodShaped	4019	2.49226	0.5	-35.7246	24.614	0	-0.861772	0.507295	0	None	None
ChainingRodShaped	4021	2.36894	0.5	24.2828	78.96	0	0.965551	0.260213	0	None	None
ChainingRodShaped	4023	3.00493	0.5	20.5885	41.7467	0	-0.28395	-0.958839	0	None	None
ChainingRodShaped	4025	2.98546	0.5	3.95146	29.1388	0	-0.133978	-0.990984	0	None	None
ChainingRodShaped	4027	2.84187	0.5	-25.1857	42.8185	0	-0.9999	-0.0141199	0	None	None
ChainingRodShaped	4029	2.95676	0.5	-39.9642	29.2777	0	-0.623681	0.781679	0	None	None
ChainingRodShaped	4031	2.89486	0.5	-7.26407	81.2424	0	0.560375	0.828239	0	None	None
ChainingRodShaped	4033	2.68619	0.5	33.3008	39.3452	0	0.445288	-0.895387	0	None	None
ChainingRodShaped	4035	2.59807	0.5	19.272	63.665	0	0.946947	0.32139	0	None	None
ChainingRodShaped	4037	2.57886	0.5	-20.656	78.7825	0	-0.204546	0.978857	0	None	None
ChainingRodShaped	4039	2.95551	0.5	-15.4047	11.8086	0	0.399123	0.916897	0	None	None
ChainingRodShaped	4041	2.72155	0.5	-24.2393	84.8543	0	-0.393216	-0.919446	0	None	None
ChainingRodShaped	4043	2.66848	0.5	6.76698	49.0448	0	0.906472	-0.422265	0	None	None
ChainingRodShaped	4045	2.54762	0.5	-16.0553	53.5935	0	0.670953	-0.7415	0	None	None
ChainingRodShaped	4047	2.79569	0.5	7.95949	77.3724	0	0.908099	0.418757	0	None	None
ChainingRodShaped	4049	2.45579	0.5	-2.72145	85.336	0	0.854916	-0.518767	0	None	None
ChainingRodShaped	4051	2.62768	0.5	-8.21125	78.1804	0	0.99977	0.0214613	0	None	None
ChainingRodShaped	4053	2.78569	0.5	-8.27722	45.0334	0	0.698998	-0.715124	0	None	None
ChainingRodShaped	4055	2.34623	0.5	-17.1223	93.5398	0	-0.983847	-0.179011	0	None	None
ChainingRodShaped	4057	2.45263	0.5	1.87629	24.804	0	0.19824	-0.980153	0	None	None
ChainingRodShaped	4059	2.49882	0.5	9.4285	-7.00711	0	0.231873	-0.972746	0	None	None
ChainingRodShaped	4061	2.45782	0.5	-27.1705	28.7902	0	0.931869	-0.362794	0	None	None
ChainingRodShaped	4063	2.42477	0.5	6.54618	25.3608	0	0.989513	0.144445	0	None	None
ChainingRodShaped	4065	2.21335	0.5	-0.69045	131.996	0	-0.467182	-0.884161	0	2242	4064
ChainingRodShaped	4067	2.31289	0.5	-12.3087	75.8047	0	0.760023	-0.649896	0	None	None
ChainingRodShaped	4069	2.84762	0.5	27.0995	32.2221	0	0.998014	0.0629935	0	None	None
ChainingRodShaped	4071	2.62281	0.5	0.369502	-6.00314	0	0.975264	-0.221043	0	None	None
ChainingRodShaped	4073	2.71366	0.5	36.2338	11.4245	0	0.527389	-0.849624	0	None	None
ChainingRodShaped	4075	2.69935	0.5	-15.6932	69.7172	0	-0.397731	-0.917502	0	None	None
ChainingRodShaped	4077	2.8815	0.5	1.25844	58.1739	0	0.990516	0.137396	0	None	None
ChainingRodShaped	4079	2.8208	0.5	-3.40155	83.465	0	0.252648	-0.967558	0	None	None
ChainingRodShaped	4081	2.74579	0.5	5.05478	21.7474	0	0.982621	0.185625	0	None	None
ChainingRodShaped	4083	2.53062	0.5	38.6217	61.6484	0	0.595855	-0.803092	0	None	None
ChainingRodShaped	4085	2.43394	0.5	-16.5177	41.1289	0	-0.373557	-0.927607	0	None	None
ChainingRodShaped	4087	2.30123	0.5	-19.6764	69.8579	0	-0.236235	-0.971696	0	None	None
ChainingRodShaped	4089	2.58787	0.5	17.3146	10.9774	0	-0.12086	-0.99267	0	None	None
ChainingRodShaped	4091	2.6189	0.5	24.5125	61.6403	0	-0.940142	-0.340782	0	None	None
ChainingRodShaped	4093	2.57766	0.5	30.2931	41.2714	0	0.457433	-0.889244	0	None	None
ChainingRodShaped	4095	2.76071	0.5	-39.4771	33.2404	0	0.618993	-0.785396	0	None	None
ChainingRodShaped	4097	2.7179	0.5	-19.2715	19.2275	0	-0.999948	0.0101917	0	None	None
ChainingRodShaped	4099	2.62286	0.5	-24.5239	5.6366	0	-0.344628	-0.938739	0	None	None
ChainingRodShaped	4101	2.30827	0.5	-30.8054	55.12	0	0.284508	-0.958674	0	None	None
ChainingRodShaped	4103	2.51201	0.5	-0.118212	77.2114	0	0.5327	-0.846304	0	None	None
ChainingRodShaped	4105	2.5473	0.5	-19.6818	84.3901	0	0.858045	-0.513575	0	None	None
ChainingRodShaped	4107	2.35649	0.5	-19.8613	39.1679	0	-0.63844	-0.769672	0	None	None
ChainingRodShaped	4109	2.46993	0.5	-38.254	43.7723	0	0.990418	0.138101	0	None	None
ChainingRodShaped	4111	2.73718	0.5	44.443	10.69	0	0.724829	0.688928	0	None	None
ChainingRodShaped	4113	2.65882	0.5	-2.22161	27.9471	0	-0.983725	-0.179683	0	None	None
ChainingRodShaped	4115	2.69155	0.5	-35.9433	33.5796	0	0.418594	-0.908173	0	None	None
ChainingRodShaped	4117	2.72315	0.5	36.8369	28.1812	0	-0.996238	0.0866596	0	None	None
ChainingRodShaped	4119	2.48493	0.5	30.9777	3.20909	0	-0.120696	0.99269	0	None	None
ChainingRodShaped	4121	2.27204	0.5	-27.172	2.61247	0	0.556989	-0.83052	0	None	None
ChainingRodShaped	4123	2.39214	0.5	-13.7778	27.1812	0	0.266641	-0.963796	0	None	None
ChainingRodShaped	4125	2.49523	0.5	21.545	34.3951	0	-0.0644507	-0.997921	0	None	None
ChainingRodShaped	4127	2.42903	0.5	-24.4133	71.4389	0	-0.878828	-0.477139	0	None	None
ChainingRodShaped	4129	2.45207	0.5	44.1826	37.3335	0	0.744288	0.667858	0	None	None
ChainingRodShaped	4131	2.28279	0.5	-25.67	76.243	0	-0.0754823	-0.997147	0	None	None
ChainingRodShaped	4133	2.56159	0.5	39.153	67.4128	0	0.931918	-0.362668	0	None	None
ChainingRodShaped	4135	2.77651	0.5	42.2214	39.8582	0	0.604234	0.796807	0	None	None
ChainingRodShaped	4137	2.67862	0.5	13.31	82.1632	0	0.86178	0.507282	0	None	None
ChainingRodShaped	4139	2.45405	0.5	43.3935	37.9256	0	0.746998	0.664826	0	None	None
ChainingRodShaped	4141	2.7571	0.5	-0.239837	53.5237	0	0.882353	-0.470588	0	None	None
ChainingRodShaped	4143	2.43918	0.5	19.3691	68.4757	0	0.94841	0.317047	0	None	None
ChainingRodShaped	4145	2.50606	0.5	-1.06991	75.2621	0	0.551694	-0.834046	0	None	None
ChainingRodShaped	4147	2.61122	0.5	23.9263	67.3576	0	0.915658	0.401958	0	None	None
ChainingRodShaped	4149	2.36682	0.5	21.6023	48.3728	0	0.0868861	-0.996218	0	None	None
ChainingRodShaped	4151	2.46348	0.5	46.6346	29.7137	0	0.994672	0.103088	0	None	None
ChainingRodShaped	4153	2.25262	0.5	37.222	60.6022	0	-0.170479	-0.985361	0	None	None
ChainingRodShaped	4155	2.28168	0.5	38.2667	33.4784	0	0.666469	0.745533	0	None	None
ChainingRodShaped	4157	2.62632	0.5	43.79	15.2507	0	0.797041	0.603926	0	None	None
ChainingRodShaped	4159	2.70759	0.5	-22.2682	63.5177	0	-0.398266	-0.91727	0	None	None
ChainingRodShaped	4161	2.3229	0.5	24.6813	13.6908	0	-0.677231	-0.735771	0	None	None
ChainingRodShaped	4163	2.27218	0.5	-7.36626	45.347	0	0.695408	-0.718615	0	None	None
ChainingRodShaped	4165	2.70919	0.5	-35.1432	81.4607	0	-0.620739	0.784017	0	None	None
ChainingRodShaped	4167	2.48026	0.5	-14.894	65.8859	0	-0.603629	-0.797265	0	None	None
ChainingRodShaped	4169	2.53672	0.5	-36.957	39.782	0	-0.287414	-0.957806	0	None	None
ChainingRodShaped	4171	2.58037	0.5	-4.76008	34.5981	0	-0.947425	-0.319977	0	None	None
ChainingRodShaped	4173	2.39856	0.5	18.6573	69.2064	0	0.948474	0.316854	0	None	None
ChainingRodShaped	4175	2.32401	0.5	11.0155	77.5489	0	-0.525969	-0.850504	0	None	None
ChainingRodShaped	4177	2.54831	0.5	10.0226	55.1442	0	0.904663	0.426127	0	None	None
ChainingRodShaped	4179	2.45243	0.5	23.0333	5.21112	0	0.777545	-0.628827	0	None	None
ChainingRodShaped	4181	2.44104	0.5	49.5666	48.0565	0	0.925195	0.379492	0	None	None
ChainingRodShaped	4183	2.27979	0.5	-6.74778	6.45136	0	0.847002	0.53159	0	None	None
ChainingRodShaped	4185	2.49889	0.5	1.08933	23.8467	0	0.208033	-0.978122	0	None	None
ChainingRodShaped	4187	2.56048	0.5	18.9616	-7.25555	0	0.895788	-0.444482	0	None	None
ChainingRodShaped	4189	2.3039	0.5	-25.7335	26.215	0	0.9246	-0.380939	0	None	None
ChainingRodShaped	4191	2.38739	0.5	-32.6499	68.1316	0	-0.902295	-0.43112	0	None	None
ChainingRodShaped	4193	2.63679	0.5	-3.39417	88.0288	0	0.84364	-0.53691	0	None	None
ChainingRodShaped	4195	2.58427	0.5	-10.8407	-9.36059	0	0.693861	0.720109	0	None	None
ChainingRodShaped	4197	2.34243	0.5	19.7207	49.8635	0	0.0868561	-0.996221	0	None	None
ChainingRodShaped	4199	2.34801	0.5	33.4534	62.2999	0	-0.624186	-0.781275	0	None	None
ChainingRodShaped	4201	2.54304	0.5	21.3727	15.5264	0	-0.647303	-0.762233	0	None	None
ChainingRodShaped	4203	2.52302	0.5	-24.4938	55.8495	0	0.942797	-0.333367	0	None	None
ChainingRodShaped	4205	2.62419	0.5	-44.5539	31.9732	0	-0.6119	0.790935	0	None	None
ChainingRodShaped	4207	2.6424	0.5	-13.4548	74.3166	0	0.770137	-0.637878	0	None	None
ChainingRodShaped	4209	2.34727	0.5	-20.3934	39.9061	0	-0.639102	-0.769122	0	None	None
ChainingRodShaped	4211	2.24699	0.5	-46.0829	54.732	0	0.772565	-0.634936	0	None	None
ChainingRodShaped	4213	2.41415	0.5	-26.5702	-0.527254	0	0.795658	-0.605746	0	None	None
ChainingRodShaped	4215	2.44524	0.5	21.2961	6.5783	0	-0.782186	-0.623046	0	None	None
ChainingRodShaped	4217	2.26589	0.5	-41.8148	17.1582	0	0.947308	-0.320325	0	None	None
ChainingRodShaped	4219	2.30193	0.5	27.7847	52.8751	0	0.505676	-0.862723	0	None	None
ChainingRodShaped	4221	2.52905	0.5	49.962	50.3044	0	0.926194	0.377046	0	None	None
ChainingRodShaped	4223	2.41696	0.5	4.94876	85.8443	0	0.950762	-0.309923	0	None	None
ChainingRodShaped	4225	2.39725	0.5	22.5602	22.8861	0	0.840868	-0.54124	0	None	None
ChainingRodShaped	4227	2.41997	0.5	53.6846	31.3845	0	-0.559571	0.828782	0	None	None
ChainingRodShaped	4229	2.25247	0.5	-23.4376	63.0402	0	-0.4075	-0.913205	0	None	None
ChainingRodShaped	4231	2.36448	0.5	36.9253	39.0231	0	0.614115	0.789217	0	None	None
ChainingRodShaped	4233	2.26679	0.5	11.8139	-4.75536	0	0.277894	-0.960612	0	None	None
ChainingRodShaped	4235	2.52231	0.5	-15.2465	35.221	0	-0.217621	0.976033	0	None	None
ChainingRodShaped	4237	2.52733	0.5	38.9088	32.798	0	0.670531	0.741881	0	None	None
ChainingRodShaped	4239	2.5778	0.5	1.29452	36.1645	0	-0.732241	-0.681046	0	None	None
ChainingRodShaped	4241	2.26839	0.5	-37.5519	28.1809	0	0.797142	-0.603791	0	None	None
ChainingRodShaped	4243	2.34586	0.5	4.8683	29.7274	0	-0.124	-0.992282	0	None	None
ChainingRodShaped	4245	2.41563	0.5	-25.301	41.089	0	-0.999724	-0.0235112	0	None	None
ChainingRodShaped	4247	2.42662	0.5	12.1407	13.1981	0	-0.149153	-0.988814	0	None	None
ChainingRodShaped	4249	2.4486	0.5	38.8045	44.3571	0	0.863743	0.503933	0	None	None
ChainingRodShaped	4251	2.36469	0.5	6.46042	52.5147	0	0.965784	-0.259349	0	None	None
ChainingRodShaped	4253	2.39233	0.5	-49.4197	33.6348	0	0.584625	-0.811304	0	None	None
ChainingRodShaped	4255	2.43453	0.5	-11.8293	50.3159	0	0.65887	-0.752257	0	None	None
ChainingRodShaped	4257	2.42833	0.5	-32.9359	48.1676	0	0.771492	-0.63624	0	None	None
ChainingRodShaped	4259	2.41638	0.5	-29.7106	9.67301	0	-0.725699	-0.688013	0	None	None
ChainingRodShaped	4261	2.42069	0.5	-42.1462	22.6786	0	-0.542702	0.839925	0	None	None
ChainingRodShaped	4263	2.45015	0.5	4.51657	66.4342	0	-0.0994378	-0.995044	0	None	None
ChainingRodShaped	4265	2.18632	0.5	-22.5528	66.4966	0	-0.842633	-0.538489	0	None	None
ChainingRodShaped	4267	2.48763	0.5	29.2303	54.0099	0	0.502097	-0.864811	0	None	None
ChainingRodShaped	4269	2.34185	0.5	-10.5109	22.7538	0	0.418857	-0.908052	0	None	None
ChainingRodShaped	4271	2.33487	0.5	50.0758	46.2911	0	0.906843	-0.421468	0	None	None
ChainingRodShaped	4273	2.40443	0.5	-5.64036	69.0714	0	-0.99349	-0.113922	0	None	None
ChainingRodShaped	4275	2.16995	0.5	-13.3599	45.13	0	0.773526	-0.633764	0	None	None
ChainingRodShaped	4277	2.3019	0.5	-16.1864	51.1483	0	-0.0559971	-0.998431	0	None	None
ChainingRodShaped	4279	2.17961	0.5	-35.8305	28.0908	0	0.822896	-0.568192	0	None	None
ChainingRodShaped	4281	2.26647	0.5	15.7828	18.2912	0	0.78105	-0.624469	0	None	None
ChainingRodShaped	4283	2.29947	0.5	-45.3868	44.0372	0	-0.229197	-0.97338	0	None	None
ChainingRodShaped	4285	2.31005	0.5	18.0477	46.356	0	0.0340185	-0.999421	0	None	None
ChainingRodShaped	4287	2.25227	0.5	-19.2315	68.1837	0	-0.393011	-0.919534	0	None	None
ChainingRodShaped	4289	2.28671	0.5	44.9907	35.7638	0	-0.0945382	-0.995521	0	None	None
ChainingRodShaped	4291	2.30375	0.5	-10.4644	52.8178	0	0.680251	-0.732979	0	None	None
ChainingRodShaped	4293	2.24226	0.5	45.6632	10.5008	0	-0.725168	-0.688572	0	None	None
ChainingRodShaped	4295	2.29861	0.5	-11.4951	-7.20446	0	0.69662	0.717441	0	None	None
ChainingRodShaped	4297	2.22679	0.5	30.8214	53.1085	0	0.510715	-0.85975	0	None	None
ChainingRodShaped	4299	2.28241	0.5	-6.61468	48.2851	0	0.70885	-0.705359	0	None	None
ChainingRodShaped	4301	2.30858	0.5	-11.0039	89.7062	0	0.839867	0.542792	0	None	None
ChainingRodShaped	4303	2.38682	0.5	11.6194	73.2492	0	0.42027	-0.907399	0	None	None
ChainingRodShaped	4305	2.27318	0.5	40.6418	53.7906	0	0.717292	0.696773	0	None	None
ChainingRodShaped	4307	2.22645	0.5	29.2336	36.4125	0	0.939586	-0.342314	0	None	None
ChainingRodShaped	4309	2.1468	0.5	-49.8047	57.1436	0	0.814487	-0.580182	0	None	None
ChainingRodShaped	4311	2.19182	0.5	-16.9047	2.9246	0	-0.934752	-0.3553	0	None	None
ChainingRodShaped	4313	2.35075	0.5	-25.1042	22.1495	0	-0.982226	-0.1877	0	None	None
ChainingRodShaped	4315	2.28721	0.5	-42.8724	21.6075	0	0.733675	-0.6795	0	None	None
ChainingRodShaped	4317	2.23709	0.5	-17.2717	94.5193	0	-0.983726	-0.179673	0	None	None
ChainingRodShaped	4319	2.28523	0.5	22.2436	68.6311	0	0.913516	0.406804	0	None	None
ChainingRodShaped	4321	2.40305	0.5	-22.134	84.6325	0	-0.5132	-0.858269	0	None	None
ChainingRodShaped	4323	2.21894	0.5	-7.79433	66.4479	0	-0.852515	-0.522703	0	None	None
ChainingRodShaped	4325	2.31586	0.5	-42.2524	38.8083	0	-0.994649	-0.103312	0	None	None
ChainingRodShaped	4327	2.25079	0.5	-18.8332	22.8215	0	-0.999996	-0.0029037	0	None	None
ChainingRodShaped	4329	2.37311	0.5	-2.94746	88.8942	0	0.843904	-0.536494	0	None	None
ChainingRodShaped	4331	2.37102	0.5	24.718	-0.30139	0	0.989898	-0.141781	0	None	None
ChainingRodShaped	4333	2.34495	0.5	-21.3824	6.41958	0	-0.258619	-0.965979	0	None	None
ChainingRodShaped	4335	2.25474	0.5	-17.4423	41.1793	0	-0.382829	-0.923819	0	None	None
ChainingRodShaped	4337	2.30054	0.5	-5.08374	54.064	0	0.580508	-0.814255	0	None	None
ChainingRodShaped	4339	2.16252	0.5	-3.2982	67.7215	0	-0.911441	-0.411431	0	None	None
ChainingRodShaped	4341	2.35024	0.5	-18.486	31.8125	0	0.630857	0.775899	0	None	None
ChainingRodShaped	4343	2.17016	0.5	-38.242	58.2806	0	0.580435	-0.814307	0	None	None
ChainingRodShaped	4345	2.33166	0.5	-17.8937	-9.25769	0	-0.406743	0.913543	0	None	None
ChainingRodShaped	4347	2.17658	0.5	28.6914	63.6643	0	-0.296595	-0.955003	0	None	None
ChainingRodShaped	4349	2.15375	0.5	50.0829	24.1413	0	-0.999767	0.0215816	0	None	None
ChainingRodShaped	4351	2.23584	0.5	29.744	5.64709	0	-0.053297	-0.998579	0	None	None
ChainingRodShaped	4353	2.29429	0.5	-8.62536	92.4401	0	-0.64939	-0.760456	0	None	None
ChainingRodShaped	4355	2.18957	0.5	18.1999	9.92369	0	-0.224867	-0.97439	0	None	None
ChainingRodShaped	4357	2.33175	0.5	-34.1704	60.5247	0	0.57865	-0.815576	0	None	None
ChainingRodShaped	4359	2.18823	0.5	-29.8749	71.6182	0	-0.883831	-0.467807	0	None	None
ChainingRodShaped	4361	2.14782	0.5	-27.4493	20.0151	0	-0.991826	-0.127595	0	None	None
ChainingRodShaped	4363	2.15103	0.5	11.2989	0.525029	0	0.277792	-0.960641	0	None	None
ChainingRodShaped	4365	2.3239	0.5	49.6059	35.3677	0	-0.16538	-0.98623	0	None	None
ChainingRodShaped	4367	2.27846	0.5	-2.78636	40.5679	0	0.722767	-0.691092	0	None	None
ChainingRodShaped	4369	2.28192	0.5	-35.7832	75.0547	0	-0.187132	-0.982335	0	None	None
ChainingRodShaped	4371	2.28022	0.5	-4.13921	23.9959	0	0.758503	-0.65167	0	None	None
ChainingRodShaped	4373	2.17683	0.5	41.2259	40.1227	0	0.61134	0.791368	0	None	None
ChainingRodShaped	4375	2.30859	0.5	33.6228	12.7651	0	0.29877	0.954325	0	None	None
ChainingRodShaped	4377	2.17181	0.5	36.5747	26.6551	0	0.764981	-0.644052	0	None	None
ChainingRodShaped	4379	2.25461	0.5	-4.66441	32.3217	0	-0.590074	-0.80735	0	None	None
ChainingRodShaped	4381	2.25662	0.5	-22.4799	-6.00899	0	0.785283	-0.619137	0	None	None
ChainingRodShaped	4383	2.18358	0.5	-30.9156	13.586	0	0.996847	-0.0793495	0	None	None
ChainingRodShaped	4385	2.12887	0.5	16.3368	44.4834	0	-0.364973	-0.931018	0	None	None
ChainingRodShaped	4387	2.12848	0.5	-8.95262	-5.92265	0	0.716122	0.697975	0	None	None
ChainingRodShaped	4389	2.24631	0.5	15.7611	-11.565	0	0.976484	0.21559	0	None	None
ChainingRodShaped	4391	2.12994	0.5	18.8412	49.9177	0	0.0969117	-0.995293	0	None	None
ChainingRodShaped	4393	2.23778	0.5	-18.7846	57.5092	0	0.998001	0.0631937	0	None	None
ChainingRodShaped	4395	2.21346	0.5	-13.8812	87.1848	0	-0.973197	-0.229973	0	None	None
ChainingRodShaped	4397	2.11686	0.5	-46.4583	20.5099	0	0.254196	-0.967153	0	None	None
ChainingRodShaped	4399	2.20551	0.5	12.7417	87.3916	0	0.768242	-0.640159	0	None	None
ChainingRodShaped	4401	2.20948	0.5	10.2785	23.2432	0	0.996045	0.0888541	0	None	None
ChainingRodShaped	4403	2.20367	0.5	37.4526	35.4361	0	0.765682	0.643219	0	None	None
ChainingRodShaped	4405	2.14578	0.5	13.186	41.5633	0	-0.437224	-0.899352	0	None	None
ChainingRodShaped	4407	2.24102	0.5	-22.9085	13.3367	0	-0.468939	-0.883231	0	None	None
ChainingRodShaped	4409	2.27504	0.5	-5.98657	22.0265	0	0.747592	-0.664159	0	None	None
ChainingRodShaped	4411	2.22437	0.5	49.1328	19.3099	0	0.866231	0.499643	0	None	None
ChainingRodShaped	4413	2.25962	0.5	24.5564	36.2908	0	0.023394	-0.999726	0	None	None
ChainingRodShaped	4415	2.21909	0.5	-21.2774	31.0873	0	0.621156	0.783687	0	None	None
ChainingRodShaped	4417	2.18205	0.5	-10.8678	4.85477	0	0.830246	0.557397	0	None	None
ChainingRodShaped	4419	2.20879	0.5	5.77665	30.2416	0	-0.112302	-0.993674	0	None	None
ChainingRodShaped	4421	2.23303	0.5	-8.25945	89.9478	0	-0.635689	-0.771945	0	None	None
ChainingRodShaped	4423	2.223	0.5	-3.94186	60.5542	0	0.542124	-0.840299	0	None	None
ChainingRodShaped	4425	2.23963	0.5	23.0661	56.7126	0	0.910251	-0.414058	0	None	None
ChainingRodShaped	4427	2.09993	0.5	52.6437	41.0568	0	-0.202277	-0.979328	0	None	None
ChainingRodShaped	4429	2.10776	0.5	12.2507	55.2544	0	0.895039	0.445988	0	None	None
ChainingRodShaped	4431	2.15458	0.5	35.6743	82.9941	0	0.90906	-0.416666	0	None	None
ChainingRodShaped	4433	2.09953	0.5	9.6034	36.8553	0	-0.728873	-0.684649	0	None	None
ChainingRodShaped	4435	2.13644	0.5	-14.4338	-10.9632	0	0.274955	0.961457	0	None	None
ChainingRodShaped	4437	2.18593	0.5	32.5329	79.0745	0	0.756857	0.65358	0	None	None
ChainingRodShaped	4439	2.19837	0.5	36.4069	73.8097	0	-0.335296	-0.942113	0	None	None
ChainingRodShaped	4441	2.16203	0.5	7.23787	83.0854	0	0.946606	-0.322392	0	None	None
ChainingRodShaped	4443	2.12729	0.5	27.4741	17.0016	0	0.317081	-0.948399	0	None	None
ChainingRodShaped	4445	2.20155	0.5	-21.6532	93.6273	0	-0.573193	-0.81942	0	None	None
ChainingRodShaped	4447	2.19517	0.5	-29.2018	55.7135	0	0.303452	-0.952847	0	None	None
ChainingRodShaped	4449	2.18693	0.5	31.573	44.6089	0	0.490801	-0.871272	0	None	None
ChainingRodShaped	4451	2.17979	0.5	-7.42258	33.3439	0	-0.464128	-0.885768	0	None	None
ChainingRodShaped	4453	2.11385	0.5	13.1423	61.9124	0	0.955478	0.295061	0	None	None
ChainingRodShaped	4455	2.14677	0.5	19.6363	28.0133	0	0.270641	-0.96268	0	None	None
ChainingRodShaped	4457	2.09856	0.5	-45.2877	52.8648	0	0.789794	-0.613372	0	None	None
ChainingRodShaped	4459	2.09935	0.5	-40.557	27.0322	0	-0.623691	0.781671	0	None	None
ChainingRodShaped	4461	2.18609	0.5	-24.9096	62.1963	0	-0.481777	-0.876294	0	None	None
ChainingRodShaped	4463	2.15309	0.5	-31.0176	7.1209	0	-0.704137	-0.710064	0	None	None
ChainingRodShaped	4465	2.15151	0.5	-23.9852	23.3149	0	0.980827	0.194883	0	None	None
ChainingRodShaped	4467	2.1021	0.5	28.079	57.3385	0	-0.893997	0.448073	0	None	None
ChainingRodShaped	4469	2.12459	0.5	-31.7641	9.04311	0	-0.717283	-0.696782	0	None	None
ChainingRodShaped	4471	2.0839	0.5	-17.8346	46.9914	0	0.0951364	-0.995464	0	None	None
ChainingRodShaped	4473	2.11015	0.5	44.0399	47.8274	0	0.923688	0.383146	0	None	None
ChainingRodShaped	4475	2.15036	0.5	29.1131	2.82564	0	0.138653	-0.990341	0	None	None
ChainingRodShaped	4477	2.10756	0.5	36.495	29.1031	0	-0.996573	0.0827122	0	None	None
ChainingRodShaped	4479	2.08775	0.5	45.8682	25.9521	0	0.429272	-0.903175	0	None	None
ChainingRodShaped	4481	2.07659	0.5	-9.35507	0.105141	0	0.785315	0.619096	0	None	None
ChainingRodShaped	4483	2.10502	0.5	-9.2194	8.22212	0	0.834846	0.550484	0	None	None
ChainingRodShaped	4485	2.08165	0.5	11.4747	-6.99965	0	0.312195	-0.950018	0	None	None
ChainingRodShaped	4487	2.10442	0.5	-11.6703	-5.98256	0	0.692102	0.7218	0	None	None
ChainingRodShaped	4489	2.12659	0.5	-26.4273	40.1602	0	-0.998645	-0.0520351	0	None	None
ChainingRodShaped	4491	2.08658	0.5	-30.5223	47.2675	0	0.704684	-0.709521	0	None	None
ChainingRodShaped	4493	2.12748	0.5	-40.762	9.97929	0	0.522968	-0.852352	0	None	None
ChainingRodShaped	4495	2.08542	0.5	5.66719	51.7381	0	0.964709	-0.26332	0	None	None
ChainingRodShaped	4497	2.06795	0.5	12.8565	67.3351	0	0.960202	0.279307	0	None	None
ChainingRodShaped	4499	2.08827	0.5	-23.0404	-2.03512	0	0.633203	-0.773986	0	None	None
ChainingRodShaped	4501	2.11866	0.5	34.3826	39.2209	0	0.441217	-0.8974	0	None	None
ChainingRodShaped	4503	2.10308	0.5	27.4905	68.068	0	0.887952	0.459936	0	None	None
ChainingRodShaped	4505	2.07746	0.5	2.89346	3.62924	0	0.654652	0.75593	0	None	None
ChainingRodShaped	4507	2.09046	0.5	6.22879	77.5937	0	0.912236	0.409664	0	None	None
ChainingRodShaped	4509	2.0367	0.5	-11.9139	47.6645	0	0.657891	-0.753114	0	None	None
ChainingRodShaped	4511	2.05879	0.5	-23.0124	46.0492	0	0.0932918	-0.995639	0	None	None
ChainingRodShaped	4513	2.0372	0.5	-18.6628	46.0215	0	0.0974167	-0.995244	0	None	None
ChainingRodShaped	4515	2.04824	0.5	-18.6586	24.6284	0	0.363827	0.931466	0	None	None
ChainingRodShaped	4517	2.05563	0.5	-46.5469	63.708	0	0.225665	-0.974205	0	None	None
ChainingRodShaped	4519	2.05865	0.5	31.7924	23.8069	0	0.983912	0.178651	0	None	None
ChainingRodShaped	4521	2.02838	0.5	31.1429	21.9537	0	0.628059	-0.778166	0	None	None
ChainingRodShaped	4523	2.04739	0.5	46.1235	62.7111	0	0.865234	0.501368	0	None	None
ChainingRodShaped	4525	2.06358	0.5	42.5	56.9533	0	-0.714165	-0.699978	0	None	None
ChainingRodShaped	4527	2.02517	0.5	28.8783	57.9196	0	0.889466	-0.457002	0	None	None
ChainingRodShaped	4529	2.05751	0.5	41.7458	65.3812	0	-0.926598	0.376054	0	None	None
ChainingRodShaped	4531	2.02382	0.5	-40.1187	52.7021	0	0.560511	-0.828147	0	None	None
ChainingRodShaped	4533	2.03615	0.5	-17.3478	70.3489	0	-0.37935	-0.925253	0	None	None
ChainingRodShaped	4535	2.05454	0.5	-30.9457	29.2376	0	0.846335	-0.532652	0	None	None
ChainingRodShaped	4537	2.05112	0.5	8.94905	16.7592	0	0.913411	0.407037	0	None	None
ChainingRodShaped	4539	2.02047	0.5	22.2658	15.1475	0	-0.65489	-0.755724	0	None	None
ChainingRodShaped	4541	2.01685	0.5	1.15446	-31.6505	0	0.59904	-0.800719	0	1588	4540
ChainingRodShaped	4543	2.01805	0.5	19.2314	-5.29028	0	0.819128	0.573611	0	None	None
ChainingRodShaped	4545	2.01974	0.5	-35.679	67.6606	0	-0.981222	0.19288	0	None	None
ChainingRodShaped	4547	2.01819	0.5	34.0523	44.0138	0	0.448817	-0.893624	0	None	None
ChainingRodShaped	4549	2.03039	0.5	-3.83681	12.587	0	0.735584	0.677433	0	None	None
ChainingRodShaped	4551	2.02813	0.5	-48.2015	40.1301	0	0.17218	0.985065	0	None	None
ChainingRodShaped	4553	2.03044	0.5	7.22124	-2.33971	0	0.257758	-0.96621	0	None	None
ChainingRodShaped	4555	2.03325	0.5	22.1832	54.3656	0	0.904463	-0.426552	0	None	None
ChainingRodShaped	4557	2.03225	0.5	-39.7001	64.5371	0	0.63948	-0.768808	0	None	None
ChainingRodShaped	4559	2.01373	0.5	-21.7031	68.1004	0	-0.848274	-0.529557	0	None	None
ChainingRodShaped	4561	2.02273	0.5	-14.1586	90.3574	0	-0.999876	0.0157472	0	None	None
ChainingRodShaped	4563	2.01643	0.5	20.8035	36.9351	0	-0.269151	-0.963098	0	None	None
ChainingRodShaped	4565	2.01276	0.5	4.96031	20.8925	0	0.980708	0.19548	0	None	None
ChainingRodShaped	4567	2.00823	0.5	2.06033	42.1825	0	0.740812	-0.671712	0	None	None
ChainingRodShaped	4569	2.01659	0.5	-10.225	36.0181	0	-0.167437	-0.985883	0	None	None
ChainingRodShaped	4571	2.01503	0.5	5.47068	87.698	0	0.953237	-0.302224	0	None	None
ChainingRodShaped	4573	2.00884	0.5	7.42129	60.1424	0	0.941989	0.335644	0	None	None
ChainingRodShaped	4575	2.00708	0.5	31.013	15.0182	0	0.346197	-0.938162	0	None	None
ChainingRodShaped	4577	2.0101	0.5	12.7336	88.6737	0	0.765438	-0.64351	0	None	None
ChainingRodShaped	4579	2.00932	0.5	-2.47976	95.0555	0	0.810376	-0.58591	0	None	None
ChainingRodShaped	4581	2.00808	0.5	-4.15302	49.3513	0	0.729551	-0.683926	0	None	None
ChainingRodShaped	4583	2.00136	0.5	-17.3616	105.76	0	-0.613442	-0.78974	0	1959	4582
ChainingRodShaped	4585	2.00357	0.5	-35.0041	51.1587	0	0.761516	-0.648146	0	None	None
