cell_type	cell_id	length	radius	pos_x	pos_y	pos_z	ori_x	ori_y	ori_z	lower_link	upper_link
ChainingRodShaped	8276	4.77362	0.5	14.8036	-43.2696	0	0.696902	0.717167	0	None	None
ChainingRodShaped	17254	2.39136	0.5	-303.033	41.9941	0	-0.520867	0.853638	0	17255	None
ChainingRodShaped	9210	4.64993	0.5	15.1069	161.428	0	0.119709	0.992809	0	9211	15841
ChainingRodShaped	14266	3.66448	0.5	62.4515	11.2345	0	-0.776979	-0.629526	0	None	None
ChainingRodShaped	17078	2.66706	0.5	43.9049	-27.9485	0	-0.196471	-0.98051	0	None	None
ChainingRodShaped	8948	4.88589	0.5	69.12	-4.15219	0	-0.731396	-0.681953	0	8949	16193
ChainingRodShaped	16768	2.57775	0.5	34.0081	-40.476	0	0.823444	-0.567398	0	None	None
ChainingRodShaped	10380	4.81559	0.5	64.648	41.6467	0	0.849019	-0.528362	0	None	None
ChainingRodShaped	15318	3.07197	0.5	-8.89669	26.0029	0	0.70042	0.713731	0	None	None
ChainingRodShaped	11612	3.28323	0.5	-113.739	-17.4212	0	0.571142	-0.820852	0	11613	6955
ChainingRodShaped	17882	2.52844	0.5	40.2121	96.5827	0	0.588655	-0.808384	0	None	None
ChainingRodShaped	16016	2.69961	0.5	63.1799	68.5017	0	0.341208	-0.939988	0	16017	12265
ChainingRodShaped	13360	3.76789	0.5	-116.285	11.6321	0	-0.63897	0.769232	0	None	None
ChainingRodShaped	15838	2.79734	0.5	67.1802	27.6267	0	0.992923	0.118759	0	None	None
ChainingRodShaped	14796	3.2921	0.5	0.664846	152.065	0	-0.810666	0.585509	0	14797	19349
ChainingRodShaped	16862	2.47794	0.5	40.8826	7.06208	0	-0.750068	-0.66136	0	None	None
ChainingRodShaped	16400	3.30033	0.5	48.228	86.3515	0	0.539381	-0.842062	0	None	None
ChainingRodShaped	16358	2.8231	0.5	-144.129	127.007	0	-0.660925	0.750452	0	16359	16753
ChainingRodShaped	12236	4.51271	0.5	-30.6078	55.5248	0	0.346114	-0.938193	0	None	None
ChainingRodShaped	14560	3.34059	0.5	4.42323	-12.2175	0	0.99858	-0.0532669	0	None	None
ChainingRodShaped	11536	3.62244	0.5	-1.20585	33.2107	0	0.920465	0.390825	0	None	None
ChainingRodShaped	14604	3.76557	0.5	2.46585	43.7186	0	0.999301	0.0373805	0	None	None
ChainingRodShaped	14936	3.79072	0.5	31.6093	32.8983	0	0.160629	0.987015	0	None	None
ChainingRodShaped	12440	4.56043	0.5	3.07715	6.19145	0	-0.695321	-0.718699	0	None	None
ChainingRodShaped	18520	2.34353	0.5	42.6667	-58.0921	0	-0.630742	0.775993	0	18521	9961
ChainingRodShaped	12656	4.09002	0.5	-19.959	15.2565	0	0.820395	0.571797	0	None	None
ChainingRodShaped	12372	3.23435	0.5	-184.874	-78.9219	0	0.384724	0.923032	0	12373	17339
ChainingRodShaped	16048	2.81672	0.5	3.49085	113.844	0	-0.956345	0.292242	0	16049	14431
ChainingRodShaped	12088	4.70163	0.5	-14.5041	21.0938	0	0.711142	0.703049	0	None	None
ChainingRodShaped	15868	3.35104	0.5	-27.091	55.2265	0	0.392898	-0.919582	0	None	None
ChainingRodShaped	14998	2.6957	0.5	128.909	199.336	0	-0.998912	-0.0466397	0	14999	12075
ChainingRodShaped	13874	4.32583	0.5	24.4622	-46.8776	0	-0.74791	-0.663801	0	None	None
ChainingRodShaped	16964	2.49383	0.5	60.183	7.32481	0	-0.843335	-0.537388	0	16965	15601
ChainingRodShaped	15852	2.73879	0.5	41.1808	38.6725	0	0.340261	-0.940331	0	None	None
ChainingRodShaped	17954	2.39233	0.5	-9.93308	36.1979	0	0.908774	0.417289	0	None	None
ChainingRodShaped	17800	2.51616	0.5	-48.2003	-20.7364	0	-0.995903	-0.0904251	0	None	None
ChainingRodShaped	15872	3.45124	0.5	-111.142	13.715	0	-0.466786	0.884371	0	None	None
ChainingRodShaped	8384	4.97384	0.5	-107.062	-11.9177	0	-0.705259	0.70895	0	None	None
ChainingRodShaped	13322	3.55284	0.5	14.1945	35.0395	0	0.169207	0.985581	0	None	None
ChainingRodShaped	12484	3.7229	0.5	-98.6634	89.4442	0	0.895332	0.4454	0	None	None
ChainingRodShaped	5938	4.98388	0.5	-53.3014	15.7214	0	-0.144344	-0.989528	0	None	None
ChainingRodShaped	16824	2.41263	0.5	-62.9939	-8.95848	0	-0.288373	-0.957518	0	None	None
ChainingRodShaped	18142	2.21656	0.5	58.8965	68.8589	0	0.994469	-0.105027	0	None	None
ChainingRodShaped	13888	3.66587	0.5	88.7617	34.1249	0	-0.81346	-0.58162	0	13889	13281
ChainingRodShaped	8808	4.34383	0.5	26.6129	44.5086	0	0.148923	0.988849	0	None	None
ChainingRodShaped	14112	3.864	0.5	-47.798	73.4066	0	0.962276	0.272075	0	None	None
ChainingRodShaped	16030	2.6548	0.5	41.9311	14.7246	0	0.465456	-0.885071	0	None	None
ChainingRodShaped	12072	3.54353	0.5	76.8194	31.6101	0	0.91711	-0.398635	0	12073	11995
ChainingRodShaped	18410	2.23165	0.5	-41.9034	16.1912	0	0.999192	-0.0401883	0	None	None
ChainingRodShaped	12758	3.25298	0.5	-82.8669	138.856	0	0.956969	0.29019	0	12759	6729
ChainingRodShaped	10280	4.58557	0.5	-27.5261	54.5111	0	0.383637	-0.923484	0	None	None
ChainingRodShaped	13034	2.99972	0.5	178.185	6.9106	0	-0.798324	0.602228	0	13035	18217
ChainingRodShaped	15164	3.23274	0.5	-15.1682	-40.4408	0	0.878352	0.478014	0	None	None
ChainingRodShaped	11488	4.42028	0.5	-21.2165	-94.0497	0	-0.680127	0.733094	0	11489	9667
ChainingRodShaped	15980	3.43024	0.5	11.6218	-39.0679	0	0.6957	0.718332	0	None	None
ChainingRodShaped	10024	4.13841	0.5	-135.044	71.2878	0	0.470083	-0.882622	0	10025	13411
ChainingRodShaped	9492	3.99543	0.5	105.834	228.686	0	-0.911669	0.410926	0	18758	16191
ChainingRodShaped	11748	3.45165	0.5	-99.5495	-18.3416	0	-0.897458	0.441099	0	11749	7773
ChainingRodShaped	19130	2.12097	0.5	-94.8565	92.5408	0	0.632033	0.774942	0	None	None
ChainingRodShaped	14864	3.38564	0.5	53.5796	-18.8594	0	0.623755	0.78162	0	None	None
ChainingRodShaped	16608	2.54855	0.5	-171.045	-30.3814	0	-0.989273	0.146078	0	16609	14091
ChainingRodShaped	13218	2.98923	0.5	21.5455	-107.375	0	-0.258939	0.965894	0	13219	18863
ChainingRodShaped	14054	3.6004	0.5	-39.2792	-22.0098	0	-0.999503	-0.0315156	0	None	None
ChainingRodShaped	8158	4.98981	0.5	-39.9304	20.0063	0	0.999315	-0.037013	0	None	None
ChainingRodShaped	18008	2.56501	0.5	-59.9835	46.569	0	0.018859	0.999822	0	None	None
ChainingRodShaped	18106	2.49925	0.5	-44.8822	60.3803	0	0.00275846	-0.999996	0	None	None
ChainingRodShaped	16828	2.49412	0.5	-121.415	31.3727	0	0.952384	0.304901	0	None	None
ChainingRodShaped	8514	4.80539	0.5	-11.0156	98.9348	0	0.20418	0.978933	0	None	None
ChainingRodShaped	17596	2.57172	0.5	-35.9467	7.88957	0	0.149452	0.988769	0	None	None
ChainingRodShaped	10548	4.32846	0.5	16.8052	92.2391	0	0.999938	0.0110918	0	None	None
ChainingRodShaped	16450	3.2242	0.5	-25.069	35.3849	0	-0.523289	0.852155	0	None	None
ChainingRodShaped	8308	4.15039	0.5	59.5402	32.4058	0	0.0041755	0.999991	0	None	None
ChainingRodShaped	18378	2.42925	0.5	-57.5892	5.49902	0	-0.0582237	0.998304	0	None	None
ChainingRodShaped	8712	4.06299	0.5	134.288	82.5427	0	-0.95298	0.303034	0	16248	17305
ChainingRodShaped	9708	3.96873	0.5	0.212249	107.647	0	-0.995233	-0.0975245	0	None	None
ChainingRodShaped	7074	4.16305	0.5	83.4868	96.1187	0	-0.956057	0.293182	0	17164	6717
ChainingRodShaped	14078	2.93793	0.5	-84.2072	-9.15062	0	-0.393849	0.919175	0	None	None
ChainingRodShaped	12488	4.71696	0.5	-63.5654	69.4273	0	-0.80888	-0.587974	0	None	None
ChainingRodShaped	10224	4.00217	0.5	-110.413	-14.9391	0	-0.702599	0.711586	0	None	None
ChainingRodShaped	10314	3.81289	0.5	62.075	31.9423	0	0.228389	-0.97357	0	None	None
ChainingRodShaped	15284	2.7982	0.5	-40.3951	-8.81939	0	0.346894	-0.937904	0	None	None
ChainingRodShaped	13082	4.84687	0.5	0.174794	98.3852	0	0.443701	0.896175	0	None	None
ChainingRodShaped	19222	2.1154	0.5	-20.8524	60.9536	0	0.935614	0.353023	0	None	None
ChainingRodShaped	19116	2.1953	0.5	49.2741	25.9632	0	0.491112	-0.871096	0	None	None
ChainingRodShaped	11566	3.59994	0.5	-30.7248	-10.3743	0	0.613625	-0.789598	0	None	None
ChainingRodShaped	18280	2.56772	0.5	-25.5392	-62.9118	0	-0.997428	-0.0716803	0	None	None
ChainingRodShaped	11568	4.23382	0.5	37.8996	-1.5559	0	0.945958	0.32429	0	None	None
ChainingRodShaped	14216	3.14794	0.5	-155.187	175.626	0	-0.992782	-0.119932	0	14217	9383
ChainingRodShaped	6762	4.97342	0.5	123.461	102.147	0	0.411738	0.911302	0	14556	10191
ChainingRodShaped	16056	2.51038	0.5	-88.2573	29.5996	0	-0.823322	-0.567574	0	None	None
ChainingRodShaped	9786	4.00055	0.5	45.0505	14.1069	0	0.456574	-0.889685	0	None	None
ChainingRodShaped	13810	3.80023	0.5	-93.6716	92.669	0	0.629258	0.777196	0	None	None
ChainingRodShaped	11752	4.54327	0.5	-78.6789	30.9377	0	0.874874	0.48435	0	None	None
ChainingRodShaped	18466	2.43892	0.5	-6.30702	-53.2106	0	-0.163436	-0.986554	0	None	None
ChainingRodShaped	11130	3.65837	0.5	13.3687	162.849	0	-0.272789	-0.962074	0	11131	12235
ChainingRodShaped	14084	3.20806	0.5	-12.2827	27.1341	0	-0.734032	-0.679115	0	None	None
ChainingRodShaped	14930	3.46168	0.5	-37.1581	58.9749	0	0.29084	0.956772	0	None	None
ChainingRodShaped	9228	3.96114	0.5	-109.535	-149.248	0	-0.86977	-0.493458	0	9229	7303
ChainingRodShaped	18566	2.163	0.5	35.9876	-33.0812	0	0.920571	0.390575	0	None	None
ChainingRodShaped	15886	3.01819	0.5	14.941	-15.7509	0	-0.998132	-0.0611013	0	None	None
ChainingRodShaped	9688	4.75957	0.5	-20.0031	86.5418	0	0.109896	-0.993943	0	None	None
ChainingRodShaped	8136	4.11421	0.5	-231.354	-27.4329	0	-0.539536	-0.841963	0	16378	5469
ChainingRodShaped	17794	2.51755	0.5	117.036	111.445	0	0.378571	0.925572	0	17795	14687
ChainingRodShaped	7318	4.87456	0.5	-129.435	-63.3479	0	0.999763	0.021777	0	16216	17129
ChainingRodShaped	12542	3.23832	0.5	-133.024	41.6037	0	0.666854	0.745188	0	12543	13831
ChainingRodShaped	18042	2.29198	0.5	150.061	-56.62	0	0.221981	-0.975051	0	18043	12683
ChainingRodShaped	8452	4.50214	0.5	-88.7934	52.4226	0	0.0220719	-0.999756	0	None	None
ChainingRodShaped	18048	2.22554	0.5	66.3145	28.4778	0	0.994061	0.108826	0	None	None
ChainingRodShaped	13298	4.08426	0.5	-17.5797	212.543	0	-0.73649	-0.676448	0	13299	12459
ChainingRodShaped	7690	4.28694	0.5	204.179	165.29	0	0.442868	-0.896587	0	14050	15115
ChainingRodShaped	12312	4.91239	0.5	-61.4819	61.3099	0	0.856423	0.516275	0	None	None
ChainingRodShaped	12868	4.69195	0.5	-105.018	-2.88454	0	-0.592706	-0.805419	0	None	None
ChainingRodShaped	10862	3.77018	0.5	-11.6818	26.8335	0	-0.727164	-0.686463	0	None	None
ChainingRodShaped	19144	2.12868	0.5	38.9539	69.8261	0	0.999965	0.00841328	0	None	None
ChainingRodShaped	19774	2.00086	0.5	64.8343	0.650938	0	-0.871146	0.491024	0	None	None
ChainingRodShaped	8018	4.78341	0.5	80.8587	5.65586	0	0.883715	0.468025	0	16266	12165
ChainingRodShaped	13424	4.29437	0.5	55.3582	-8.1146	0	0.781639	0.623731	0	None	None
ChainingRodShaped	16958	2.73017	0.5	-28.8712	52.4948	0	0.999675	0.0254854	0	None	None
ChainingRodShaped	9964	3.65838	0.5	8.05413	-8.40479	0	-0.999691	0.0248683	0	9965	11499
ChainingRodShaped	11826	4.87422	0.5	-19.4477	-63.6516	0	0.968655	0.24841	0	11827	17869
ChainingRodShaped	8730	4.79203	0.5	9.54881	34.4451	0	0.955961	0.293493	0	None	None
ChainingRodShaped	8780	4.4753	0.5	-125.974	37.7458	0	0.989868	0.141992	0	None	None
ChainingRodShaped	19066	2.17274	0.5	-60.4426	-49.9142	0	-0.540982	-0.841034	0	None	None
ChainingRodShaped	14034	2.86547	0.5	-35.4464	-17.5486	0	-0.770345	-0.637627	0	None	None
ChainingRodShaped	11326	4.77547	0.5	-157.685	-23.9991	0	0.6653	0.746577	0	11327	18153
ChainingRodShaped	13940	3.52289	0.5	0.0445738	3.15375	0	-0.985477	0.169811	0	None	None
ChainingRodShaped	12252	3.35168	0.5	2.11145	25.5509	0	-0.477597	-0.878579	0	None	None
ChainingRodShaped	8566	4.58585	0.5	-108.208	29.2911	0	-0.26519	-0.964196	0	None	None
ChainingRodShaped	8594	4.74838	0.5	39.3661	71.4805	0	0.999782	0.0208673	0	None	None
ChainingRodShaped	19134	2.16107	0.5	20.8491	31.8774	0	-0.446763	-0.894653	0	None	None
ChainingRodShaped	11890	3.25673	0.5	10.829	111.558	0	0.997537	-0.0701392	0	11891	19597
ChainingRodShaped	11292	3.44292	0.5	-88.1146	92.1384	0	-0.404298	-0.914627	0	None	None
ChainingRodShaped	8522	4.85342	0.5	-16.3749	-50.0179	0	0.984926	0.172974	0	None	None
ChainingRodShaped	14988	3.55479	0.5	2.14199	95.0096	0	-0.462913	-0.886404	0	None	None
ChainingRodShaped	16280	2.93624	0.5	-41.5711	16.9069	0	0.99895	-0.045819	0	None	None
ChainingRodShaped	6768	4.65871	0.5	-75.4326	-26.5113	0	0.987865	-0.155315	0	None	None
ChainingRodShaped	17846	2.40555	0.5	-15.5241	2.29597	0	-0.936744	0.350016	0	None	None
ChainingRodShaped	16616	2.88334	0.5	-28.7672	93.5679	0	0.852787	-0.522259	0	None	None
ChainingRodShaped	8860	4.31852	0.5	44.2812	88.4246	0	0.63133	-0.775515	0	None	None
ChainingRodShaped	9024	4.92736	0.5	-12.0616	52.4695	0	0.704514	0.70969	0	None	None
ChainingRodShaped	12788	4.40557	0.5	-43.6846	-31.9825	0	-0.774709	0.632318	0	None	None
ChainingRodShaped	10900	4.27769	0.5	-7.8651	57.8837	0	-0.94105	0.338268	0	None	None
ChainingRodShaped	14878	3.05237	0.5	30.5317	89.1898	0	0.63605	0.771648	0	None	None
ChainingRodShaped	17142	2.5665	0.5	-3.44815	99.9656	0	0.206005	-0.978551	0	None	None
ChainingRodShaped	13414	3.92476	0.5	208.98	95.0436	0	0.410439	-0.911888	0	13415	12249
ChainingRodShaped	10584	3.84145	0.5	-6.01881	114.11	0	-0.682372	0.731005	0	None	None
ChainingRodShaped	8576	4.46015	0.5	39.0208	22.6601	0	0.511519	-0.859272	0	None	None
ChainingRodShaped	19004	2.10021	0.5	-3.62404	-37.9231	0	0.778117	0.628119	0	None	None
ChainingRodShaped	19120	2.22241	0.5	62.3688	37.3927	0	0.304169	-0.952618	0	None	None
ChainingRodShaped	12956	4.28425	0.5	-79.5658	-8.74022	0	-0.645453	0.7638	0	None	None
ChainingRodShaped	14840	3.61661	0.5	-9.93086	-21.7923	0	0.200018	0.979792	0	None	None
ChainingRodShaped	11756	3.50901	0.5	16.6521	-29.6758	0	0.525411	0.850849	0	None	None
ChainingRodShaped	15818	3.51124	0.5	-68.9288	57.3497	0	-0.562328	-0.826914	0	None	None
ChainingRodShaped	19678	2.02555	0.5	20.2277	-36.8449	0	-0.471286	-0.881981	0	None	None
ChainingRodShaped	13974	3.01407	0.5	82.7702	-86.3789	0	0.320662	-0.947194	0	13975	8275
ChainingRodShaped	9884	3.7447	0.5	-34.9771	23.476	0	0.906301	0.422632	0	None	None
ChainingRodShaped	10620	4.68791	0.5	-41.9614	58.5727	0	-0.100624	-0.994924	0	None	None
ChainingRodShaped	16854	2.63129	0.5	-60.9547	-4.84219	0	-0.190687	-0.981651	0	None	None
ChainingRodShaped	9466	3.98041	0.5	-63.5999	-1.67984	0	-0.196795	-0.980445	0	None	None
ChainingRodShaped	18704	2.3797	0.5	-114.783	22.2842	0	-0.722414	0.69146	0	None	None
ChainingRodShaped	7836	4.2589	0.5	-102.929	-0.335568	0	0.151384	-0.988475	0	None	None
ChainingRodShaped	14468	4.23016	0.5	50.5134	28.9398	0	0.477109	-0.878844	0	None	None
ChainingRodShaped	13936	4.27882	0.5	-41.0154	-53.8198	0	-0.320066	-0.947395	0	None	None
ChainingRodShaped	11122	4.76955	0.5	-119.178	14.6444	0	-0.97484	0.222904	0	None	None
ChainingRodShaped	14528	2.62147	0.5	138.278	53.6661	0	-0.0914389	-0.995811	0	14529	14137
ChainingRodShaped	16780	2.89751	0.5	4.30588	-22.8562	0	-0.888957	0.45799	0	None	None
ChainingRodShaped	19626	2.03516	0.5	52.9469	-13.252	0	0.7823	0.622902	0	None	None
ChainingRodShaped	15814	3.20602	0.5	38.5853	39.7715	0	0.215675	-0.976465	0	None	None
ChainingRodShaped	13290	3.39147	0.5	7.18745	54.0831	0	0.430041	0.902809	0	None	None
ChainingRodShaped	12018	3.53414	0.5	-59.8126	-18.1469	0	-0.999214	0.0396359	0	None	None
ChainingRodShaped	7418	4.76241	0.5	-59.7536	81.9228	0	0.885965	-0.463751	0	None	None
ChainingRodShaped	12394	3.69438	0.5	98.4354	51.979	0	0.351174	0.93631	0	12395	9723
ChainingRodShaped	19158	2.1798	0.5	-87.12	32.2453	0	-0.386856	-0.92214	0	None	None
ChainingRodShaped	16110	2.83713	0.5	-92.8153	14.2838	0	0.202251	-0.979334	0	None	None
ChainingRodShaped	15440	2.60197	0.5	38.0883	103.388	0	-0.483029	0.875605	0	15441	13129
ChainingRodShaped	16480	2.68119	0.5	97.8733	11.3057	0	0.904495	0.426484	0	16481	18093
ChainingRodShaped	18028	2.21214	0.5	-77.6391	191.666	0	-0.980293	0.197551	0	18029	15015
ChainingRodShaped	12856	3.51575	0.5	-8.03694	25.884	0	0.693207	0.720739	0	None	None
ChainingRodShaped	12718	4.45463	0.5	-27.5716	39.3879	0	-0.523239	0.852186	0	None	None
ChainingRodShaped	17732	2.38242	0.5	-1.83526	-54.2429	0	-0.334082	-0.942544	0	None	None
ChainingRodShaped	11720	4.67219	0.5	-12.3653	17.6916	0	0.746386	0.665513	0	None	None
ChainingRodShaped	12326	4.07736	0.5	-34.4628	64.8542	0	-0.984122	-0.177494	0	None	None
ChainingRodShaped	15084	2.90404	0.5	56.8858	138.982	0	-0.311345	-0.950297	0	15085	13615
ChainingRodShaped	8540	4.0755	0.5	-41.2259	40.091	0	0.616753	-0.787157	0	None	None
ChainingRodShaped	8986	3.9692	0.5	-187.091	107.063	0	0.459786	-0.88803	0	8987	14131
ChainingRodShaped	11722	4.13442	0.5	-69.1354	97.3971	0	0.91308	0.40778	0	None	None
ChainingRodShaped	11922	4.81897	0.5	-109.003	75.1332	0	-0.740397	-0.67217	0	None	None
ChainingRodShaped	19664	2.0202	0.5	51.3746	217.466	0	-0.9997	-0.0244951	0	19665	13127
ChainingRodShaped	17236	2.63963	0.5	-65.5902	-49.8184	0	-0.399494	-0.916736	0	None	None
ChainingRodShaped	11402	3.54698	0.5	-42.9964	25.6942	0	0.276473	-0.961022	0	None	None
ChainingRodShaped	7934	4.80304	0.5	14.2515	14.933	0	0.606527	-0.795063	0	None	None
ChainingRodShaped	8670	4.74755	0.5	4.54997	-2.94643	0	-0.999728	-0.0233387	0	None	None
ChainingRodShaped	12550	4.35024	0.5	34.5885	11.0954	0	0.176168	0.98436	0	None	None
ChainingRodShaped	10802	4.87237	0.5	-100.095	14.0119	0	0.240636	-0.970615	0	None	None
ChainingRodShaped	11952	3.86966	0.5	-65.1712	55.1706	0	0.7388	0.673925	0	None	None
ChainingRodShaped	8372	3.92375	0.5	105.858	14.4192	0	-0.859932	-0.510409	0	8373	12391
ChainingRodShaped	12808	3.63814	0.5	-275.89	-12.9754	0	-0.38634	0.922357	0	12809	17265
ChainingRodShaped	16336	3.1077	0.5	-172.68	1.40775	0	-0.997169	0.0751947	0	16337	14705
ChainingRodShaped	14114	4.19706	0.5	30.3246	103.6	0	0.928724	0.370772	0	None	None
ChainingRodShaped	8190	4.06668	0.5	-136.14	117.719	0	0.528352	-0.849026	0	15554	8067
ChainingRodShaped	17292	2.56412	0.5	-74.1784	9.67266	0	0.826238	0.563322	0	None	None
ChainingRodShaped	18176	2.50061	0.5	-84.5324	32.7456	0	-0.8284	-0.560137	0	None	None
ChainingRodShaped	8248	4.76286	0.5	-56.6697	-34.8987	0	0.999967	-0.00810608	0	None	None
ChainingRodShaped	11378	3.4572	0.5	41.714	39.274	0	0.330982	-0.943637	0	None	None
ChainingRodShaped	6602	4.73865	0.5	-79.8895	-72.4891	0	-0.894582	-0.446905	0	16404	6909
ChainingRodShaped	18930	2.1933	0.5	-107.824	27.4665	0	-0.266748	-0.963766	0	None	None
ChainingRodShaped	9016	3.95601	0.5	-37.2726	-46.6233	0	-0.650391	-0.7596	0	None	None
ChainingRodShaped	16814	2.88964	0.5	17.8176	91.3643	0	0.995552	0.0942133	0	None	None
ChainingRodShaped	10928	4.7888	0.5	-25.1004	3.81632	0	-0.304049	-0.952656	0	None	None
ChainingRodShaped	17358	2.28625	0.5	53.5459	81.7945	0	0.610803	-0.791782	0	17359	19071
ChainingRodShaped	12564	3.55356	0.5	-75.4737	72.4571	0	0.985809	-0.167871	0	None	None
ChainingRodShaped	16726	2.93825	0.5	20.5749	63.9877	0	0.94674	-0.321998	0	None	None
ChainingRodShaped	12854	3.29512	0.5	-1.04452	147.718	0	0.965112	-0.261839	0	12855	13931
ChainingRodShaped	11888	4.62693	0.5	-20.8092	80.1671	0	0.789601	-0.613621	0	None	None
ChainingRodShaped	18186	2.48756	0.5	-25.1931	77.9909	0	0.825534	-0.564353	0	None	None
ChainingRodShaped	19758	2.00388	0.5	-71.9889	60.3525	0	-0.534631	-0.845086	0	None	None
ChainingRodShaped	16396	2.9214	0.5	-52.4228	-59.821	0	-0.398829	-0.917026	0	None	None
ChainingRodShaped	19292	2.08747	0.5	42.7159	-34.101	0	0.608318	0.793693	0	19293	13951
ChainingRodShaped	15056	2.98679	0.5	57.5414	113.974	0	-0.793675	0.608342	0	15057	15033
ChainingRodShaped	13552	3.07149	0.5	-184.705	34.0932	0	-0.789604	-0.613616	0	13553	9207
ChainingRodShaped	7272	4.5212	0.5	32.2417	54.0765	0	-0.292859	-0.956156	0	None	None
ChainingRodShaped	14748	3.0448	0.5	16.5029	83.8479	0	-0.999697	0.0246135	0	None	None
ChainingRodShaped	17598	2.45463	0.5	-71.3114	-25.3475	0	-0.994329	0.106344	0	17599	5837
ChainingRodShaped	11082	3.52125	0.5	187.161	245.44	0	-0.399822	-0.916593	0	11083	11833
ChainingRodShaped	12294	4.64165	0.5	-57.9257	-33.1497	0	-0.999801	0.0199638	0	None	None
ChainingRodShaped	18852	2.14369	0.5	106.081	176.905	0	0.247313	0.968936	0	18853	6787
ChainingRodShaped	13038	3.83797	0.5	-11.7674	99.1334	0	0.213953	0.976844	0	None	None
ChainingRodShaped	12578	4.74124	0.5	-61.9412	-54.8434	0	-0.640893	-0.76763	0	None	None
ChainingRodShaped	6608	4.68757	0.5	-28.7273	106.135	0	-0.550685	0.834713	0	None	None
ChainingRodShaped	14646	3.00032	0.5	-5.8623	25.4324	0	0.438561	0.898701	0	None	None
ChainingRodShaped	17460	2.52066	0.5	4.37693	102.344	0	0.881543	0.472103	0	None	None
ChainingRodShaped	7616	4.7703	0.5	-80.364	-67.6558	0	0.969438	-0.245337	0	18692	19567
ChainingRodShaped	13680	3.47804	0.5	-24.5393	99.4056	0	0.999453	0.0330668	0	None	None
ChainingRodShaped	10434	3.60472	0.5	18.0986	7.07388	0	0.77923	-0.626738	0	None	None
ChainingRodShaped	8350	4.6595	0.5	-30.3178	-9.74779	0	0.61799	-0.786186	0	None	None
ChainingRodShaped	13426	3.69129	0.5	-16.7829	114.035	0	0.910055	-0.414487	0	None	None
ChainingRodShaped	16168	3.06382	0.5	110.281	-111.282	0	-0.999887	-0.0150489	0	16169	15309
ChainingRodShaped	8790	4.85229	0.5	-13.9203	12.6436	0	-0.798289	-0.602275	0	None	None
ChainingRodShaped	12896	3.89104	0.5	147.568	150.823	0	-0.0979646	0.99519	0	12897	6543
ChainingRodShaped	17898	2.45215	0.5	-66.1267	59.7661	0	-0.77314	-0.634236	0	None	None
ChainingRodShaped	14094	2.99156	0.5	43.1195	75.4915	0	0.976552	-0.215281	0	None	None
ChainingRodShaped	14648	3.50903	0.5	-9.77493	-4.90572	0	-0.982898	-0.18415	0	None	None
ChainingRodShaped	11730	3.61295	0.5	-76.7482	59.4023	0	-0.439503	-0.898241	0	None	None
ChainingRodShaped	12328	3.1287	0.5	-86.2301	100.525	0	-0.609488	-0.792795	0	None	None
ChainingRodShaped	18076	2.38094	0.5	-108.617	-26.3257	0	-0.537758	0.843099	0	18077	8363
ChainingRodShaped	16554	2.77781	0.5	-47.8616	-60.843	0	0.883117	-0.469152	0	None	None
ChainingRodShaped	15634	2.62633	0.5	-30.4414	121.426	0	0.328754	0.944416	0	None	None
ChainingRodShaped	9718	4.11607	0.5	41.7709	3.99104	0	0.974141	0.22594	0	None	None
ChainingRodShaped	10248	3.62388	0.5	-53.3354	-9.23943	0	-0.996803	-0.0798971	0	None	None
ChainingRodShaped	8658	4.9662	0.5	44.7831	-7.80709	0	0.665314	0.746563	0	None	None
ChainingRodShaped	14314	3.3389	0.5	-60.4422	23.3949	0	0.866527	0.49913	0	None	None
ChainingRodShaped	9702	4.75416	0.5	-112.36	78.7232	0	0.221056	0.975261	0	9703	17721
ChainingRodShaped	14180	2.84847	0.5	19.7402	35.0309	0	-0.0322517	-0.99948	0	None	None
ChainingRodShaped	11346	4.75583	0.5	8.15402	78.932	0	-0.989713	-0.14307	0	None	None
ChainingRodShaped	11168	4.5965	0.5	-34.3517	125.466	0	-0.870179	0.492736	0	None	None
ChainingRodShaped	13644	4.54333	0.5	-85.5329	33.9295	0	-0.387784	-0.92175	0	None	None
ChainingRodShaped	14152	3.52614	0.5	22.3573	-88.1413	0	-0.202038	-0.979378	0	14153	9569
ChainingRodShaped	13018	3.26465	0.5	32.1312	-41.3645	0	0.811923	-0.583764	0	None	None
ChainingRodShaped	11520	4.10763	0.5	-8.87601	-56.1716	0	-0.720181	-0.693787	0	None	None
ChainingRodShaped	16054	2.77412	0.5	17.2931	-30.1939	0	0.533834	0.845589	0	None	None
ChainingRodShaped	14448	3.46781	0.5	10.8743	-15.834	0	-0.978455	0.206462	0	None	None
ChainingRodShaped	9434	4.90775	0.5	-0.644441	-25.4071	0	0.900418	-0.435026	0	None	None
ChainingRodShaped	12994	4.71214	0.5	-17.9527	49.7469	0	0.838666	-0.544646	0	None	None
ChainingRodShaped	16464	3.24196	0.5	-60.9851	16.3554	0	-0.149726	-0.988728	0	None	None
ChainingRodShaped	16676	2.92943	0.5	9.09422	18.8359	0	0.619666	-0.784865	0	None	None
ChainingRodShaped	12698	3.29009	0.5	-31.1171	15.301	0	0.0351728	0.999381	0	None	None
ChainingRodShaped	14690	3.68288	0.5	-31.6265	120.882	0	0.332988	0.942931	0	None	None
ChainingRodShaped	12064	3.53695	0.5	-79.072	56.1118	0	-0.0804222	-0.996761	0	None	None
ChainingRodShaped	11894	3.56322	0.5	-64.6672	-24.0143	0	-0.999991	0.00428297	0	None	None
ChainingRodShaped	13178	4.20795	0.5	-79.9616	4.78559	0	0.817938	0.575306	0	None	None
ChainingRodShaped	10796	3.92727	0.5	-84.9691	58.8496	0	-0.152553	-0.988295	0	None	None
ChainingRodShaped	17418	2.48729	0.5	8.96447	-29.0023	0	-0.746633	-0.665236	0	None	None
ChainingRodShaped	14442	3.43467	0.5	-79.314	1.21846	0	-0.818736	-0.57417	0	None	None
ChainingRodShaped	8226	4.46988	0.5	-41.9787	17.593	0	0.99931	-0.0371517	0	None	None
ChainingRodShaped	11656	3.43453	0.5	40.9729	79.6789	0	-0.895222	0.44562	0	None	None
ChainingRodShaped	10594	4.64184	0.5	-93.5479	42.3392	0	-0.194421	-0.980918	0	None	None
ChainingRodShaped	7440	4.92549	0.5	-56.4948	56.4033	0	0.691373	0.722498	0	None	None
ChainingRodShaped	11404	3.17513	0.5	219.934	22.3372	0	-0.393807	-0.919193	0	11405	9657
ChainingRodShaped	16530	2.96355	0.5	-170.997	-129.847	0	-0.681827	0.731514	0	16531	16307
ChainingRodShaped	15112	3.87491	0.5	-94.5872	8.5122	0	0.360785	-0.932649	0	None	None
ChainingRodShaped	14700	3.55473	0.5	37.8169	-46.0535	0	-0.160539	-0.98703	0	14701	19325
ChainingRodShaped	14508	4.03491	0.5	-54.0197	-4.88786	0	-0.992751	0.120191	0	None	None
ChainingRodShaped	10856	4.22947	0.5	35.0439	46.3698	0	0.768335	-0.640048	0	None	None
ChainingRodShaped	15966	3.30407	0.5	-37.6438	-11.9683	0	0.379198	-0.925316	0	None	None
ChainingRodShaped	7866	4.33831	0.5	-18.7452	-18.9835	0	0.635392	0.77219	0	None	None
ChainingRodShaped	14594	3.60855	0.5	24.6377	-39.0919	0	-0.821302	-0.570493	0	None	None
ChainingRodShaped	19592	2.05597	0.5	-23.0663	10.9474	0	-0.0316456	-0.999499	0	None	None
ChainingRodShaped	12852	4.1513	0.5	41.8111	30.3875	0	0.569914	-0.821705	0	None	None
ChainingRodShaped	14476	3.736	0.5	119.788	124.659	0	0.0814429	-0.996678	0	14477	12013
ChainingRodShaped	10786	3.80282	0.5	-26.3668	-9.11491	0	-0.830727	-0.55668	0	None	None
ChainingRodShaped	9974	3.83953	0.5	-87.2326	48.1524	0	0.022067	-0.999756	0	None	None
ChainingRodShaped	11088	4.28247	0.5	45.4721	40.6631	0	0.301202	-0.95356	0	None	None
ChainingRodShaped	9344	4.16302	0.5	-24.8344	-19.7128	0	0.806178	0.591673	0	None	None
ChainingRodShaped	16286	2.4602	0.5	108.626	50.1119	0	-0.954532	-0.298109	0	16287	11845
ChainingRodShaped	15072	3.22162	0.5	109.316	69.9405	0	0.685267	0.728292	0	15073	12905
ChainingRodShaped	9388	4.75832	0.5	-70.8248	142.38	0	-0.500241	0.865886	0	9389	15845
ChainingRodShaped	15016	3.98725	0.5	-44.6392	81.5935	0	0.998644	-0.0520576	0	None	None
ChainingRodShaped	9226	4.03998	0.5	18.7601	201.437	0	0.78438	-0.620281	0	9227	7315
ChainingRodShaped	19338	2.15877	0.5	-39.185	41.2021	0	0.597549	-0.801833	0	None	None
ChainingRodShaped	10996	4.31873	0.5	-21.4203	81.6148	0	0.788325	-0.615258	0	None	None
ChainingRodShaped	15514	2.86154	0.5	-16.943	105.601	0	-0.530631	0.847603	0	None	None
ChainingRodShaped	17332	2.68663	0.5	-100.666	28.0388	0	-0.750425	-0.660955	0	None	None
ChainingRodShaped	15274	2.95765	0.5	-78.5617	-2.09964	0	-0.857273	-0.514862	0	None	None
ChainingRodShaped	10500	4.5855	0.5	43.3105	5.9866	0	0.998698	-0.0510098	0	None	None
ChainingRodShaped	16688	3.13399	0.5	40.7424	72.5769	0	0.975648	-0.219342	0	None	None
ChainingRodShaped	10290	4.06169	0.5	-58.3491	-3.64575	0	0.170679	0.985327	0	None	None
ChainingRodShaped	11962	3.97812	0.5	25.8416	133.192	0	-0.509294	0.860593	0	11963	10419
ChainingRodShaped	15180	3.04431	0.5	67.7425	106.1	0	0.766579	-0.64215	0	15181	17731
ChainingRodShaped	16380	2.8043	0.5	-79.1645	-1.56091	0	-0.852068	-0.523431	0	None	None
ChainingRodShaped	7966	4.18079	0.5	156.515	128.887	0	0.974602	-0.223943	0	17470	8375
ChainingRodShaped	16454	2.62699	0.5	59.0915	37.5141	0	0.907313	0.420456	0	None	None
ChainingRodShaped	10292	4.72153	0.5	-116.98	6.21773	0	-0.181352	0.983418	0	None	None
ChainingRodShaped	17392	2.47165	0.5	28.7853	101.969	0	0.916118	0.400909	0	None	None
ChainingRodShaped	12902	4.73882	0.5	-125.725	29.7285	0	0.848533	0.529142	0	None	None
ChainingRodShaped	14426	3.74993	0.5	103.237	62.3492	0	-0.370955	-0.928651	0	14427	7599
ChainingRodShaped	12188	3.66075	0.5	71.5832	30.3157	0	-0.999179	0.0405087	0	None	None
ChainingRodShaped	19472	2.04535	0.5	56.3908	-123.867	0	-0.991379	-0.131022	0	19473	15693
ChainingRodShaped	16098	2.86559	0.5	51.1308	-9.15331	0	0.78968	0.613518	0	None	None
ChainingRodShaped	16138	2.43985	0.5	-211.733	16.1824	0	-0.995068	-0.0991977	0	16139	9251
ChainingRodShaped	12928	3.58765	0.5	-3.65319	-53.885	0	-0.188506	-0.982072	0	None	None
ChainingRodShaped	19424	2.09791	0.5	15.244	43.9358	0	0.216852	0.976204	0	None	None
ChainingRodShaped	12596	4.76784	0.5	-45.8309	26.9982	0	-0.0398185	-0.999207	0	None	None
ChainingRodShaped	16622	2.88823	0.5	-32.2219	43.2646	0	-0.523743	0.851877	0	None	None
ChainingRodShaped	15042	2.90353	0.5	76.4923	19.5685	0	0.766113	0.642705	0	None	None
ChainingRodShaped	8784	4.72824	0.5	-10.1675	25.7052	0	-0.707379	-0.706835	0	None	None
ChainingRodShaped	16542	2.69898	0.5	42.8302	186.394	0	0.991874	-0.127228	0	16543	11991
ChainingRodShaped	12392	4.92842	0.5	-126.376	50.066	0	-0.483332	-0.875437	0	None	None
ChainingRodShaped	13566	4.515	0.5	-21.4888	75.6251	0	0.829898	-0.557915	0	None	None
ChainingRodShaped	18662	2.33712	0.5	-13.0137	-28.9329	0	-0.421888	0.906648	0	None	None
ChainingRodShaped	14874	3.17493	0.5	-49.3542	105.29	0	-0.965689	-0.259702	0	None	None
ChainingRodShaped	11450	3.67673	0.5	-26.2244	-18.3921	0	0.788281	0.615315	0	None	None
ChainingRodShaped	17286	2.90957	0.5	6.92634	85.9853	0	0.741574	0.670871	0	None	None
ChainingRodShaped	9994	4.11588	0.5	17.8992	6.37807	0	0.782882	-0.622171	0	None	None
ChainingRodShaped	14212	3.05053	0.5	5.76226	-49.3187	0	-0.021447	0.99977	0	None	None
ChainingRodShaped	17944	2.26248	0.5	-72.5786	42.8743	0	0.108674	-0.994077	0	None	None
ChainingRodShaped	13044	3.90848	0.5	45.1032	17.6664	0	0.421674	-0.906747	0	None	None
ChainingRodShaped	7984	4.535	0.5	-31.0995	127.443	0	0.983431	-0.181285	0	15830	10049
ChainingRodShaped	14848	3.21165	0.5	-13.237	60.0649	0	-0.168971	0.985621	0	None	None
ChainingRodShaped	12442	3.75752	0.5	56.3987	-19.9353	0	0.627155	0.778894	0	12443	13949
ChainingRodShaped	8210	4.54821	0.5	-27.368	80.5346	0	0.819856	-0.57257	0	None	None
ChainingRodShaped	18470	2.26813	0.5	-10.298	-4.3064	0	-0.983151	-0.182795	0	None	None
ChainingRodShaped	15340	2.96344	0.5	-51.6676	-45.1352	0	-0.620437	-0.784256	0	None	None
ChainingRodShaped	16026	3.35665	0.5	-65.9462	90.1646	0	0.895312	-0.445439	0	None	None
ChainingRodShaped	12860	3.43784	0.5	-123.603	12.2379	0	-0.616847	0.787083	0	12861	18065
ChainingRodShaped	16326	3.38685	0.5	-41.1982	63.4031	0	-0.349128	-0.937075	0	None	None
ChainingRodShaped	12110	3.32531	0.5	60.6729	56.1789	0	-0.130071	-0.991505	0	None	None
ChainingRodShaped	10184	4.12771	0.5	-69.6603	24.3178	0	0.880854	0.473388	0	None	None
ChainingRodShaped	15150	3.74198	0.5	-21.9518	26.9622	0	0.839465	-0.543414	0	None	None
ChainingRodShaped	17412	2.50682	0.5	-12.584	-48.0893	0	0.835206	0.549937	0	None	None
ChainingRodShaped	19178	2.17831	0.5	-94.7723	-38.2441	0	0.806405	0.591364	0	None	None
ChainingRodShaped	9448	3.89626	0.5	-92.0289	-116.911	0	0.012404	-0.999923	0	16322	17515
ChainingRodShaped	17628	2.43415	0.5	39.4719	67.7263	0	0.321443	0.946929	0	None	None
ChainingRodShaped	18912	2.21872	0.5	33.6066	110.622	0	0.371241	-0.928537	0	18913	13143
ChainingRodShaped	18850	2.1193	0.5	3.47041	95.7668	0	-0.454073	-0.890964	0	None	None
ChainingRodShaped	12662	4.4901	0.5	-103.156	32.333	0	-0.805544	-0.592536	0	None	None
ChainingRodShaped	15356	3.62435	0.5	-117.142	-0.930428	0	0.449229	-0.893416	0	None	None
ChainingRodShaped	9904	4.50535	0.5	-100.512	80.4397	0	0.00884324	0.999961	0	None	None
ChainingRodShaped	14644	2.74802	0.5	-36.8776	-39.9774	0	0.691586	0.722294	0	None	None
ChainingRodShaped	9612	4.3602	0.5	-29.0993	-23.5032	0	0.81136	0.584547	0	None	None
ChainingRodShaped	11228	3.55719	0.5	-90.1143	26.1767	0	-0.799536	-0.600618	0	None	None
ChainingRodShaped	18174	2.20645	0.5	24.3403	117.92	0	-0.53813	-0.842862	0	18175	19513
ChainingRodShaped	15120	3.20049	0.5	-124.424	7.27905	0	-0.440143	0.897927	0	None	None
ChainingRodShaped	14940	3.12996	0.5	-189.882	23.9823	0	0.216495	0.976284	0	14941	14367
ChainingRodShaped	16290	2.64202	0.5	-9.9386	100.075	0	0.202326	0.979318	0	None	None
ChainingRodShaped	7704	4.39214	0.5	-68.4541	31.5515	0	0.864474	0.502678	0	None	None
ChainingRodShaped	12462	3.69664	0.5	59.1311	-7.39207	0	-0.781973	-0.623312	0	None	None
ChainingRodShaped	12016	4.83633	0.5	52.2963	1.58341	0	0.921895	0.387439	0	None	None
ChainingRodShaped	19018	2.13523	0.5	66.4623	52.176	0	-0.215154	0.97658	0	19019	13287
ChainingRodShaped	16188	3.3764	0.5	-77.246	61.6559	0	-0.416986	-0.908913	0	None	None
ChainingRodShaped	16196	2.73727	0.5	-50.9114	-45.4835	0	-0.628381	-0.777906	0	None	None
ChainingRodShaped	12240	3.14902	0.5	-77.3967	59.8056	0	-0.432293	-0.901733	0	None	None
ChainingRodShaped	13778	4.1118	0.5	-0.137028	9.73711	0	-0.898769	-0.438422	0	None	None
ChainingRodShaped	11002	4.17521	0.5	-52.6565	-31.8414	0	-0.682668	0.730729	0	None	None
ChainingRodShaped	11360	3.97394	0.5	-53.3316	-26.1851	0	0.989804	0.142436	0	None	None
ChainingRodShaped	16366	2.51811	0.5	-180.446	139.538	0	-0.893304	-0.449453	0	16367	8831
ChainingRodShaped	7784	4.57853	0.5	-100.783	18.5454	0	0.698456	-0.715653	0	None	None
ChainingRodShaped	13816	3.84826	0.5	-35.2706	52.8378	0	0.186556	0.982444	0	None	None
ChainingRodShaped	17388	2.34669	0.5	15.6619	49.1829	0	0.236837	0.971549	0	None	None
ChainingRodShaped	7708	4.21942	0.5	-143.52	45.1545	0	-0.887135	-0.46151	0	16908	19265
ChainingRodShaped	12652	3.92552	0.5	24.8321	8.01843	0	-0.0905819	0.995889	0	None	None
ChainingRodShaped	18766	2.29215	0.5	-37.1703	12.5923	0	0.785134	0.619326	0	None	None
ChainingRodShaped	9796	4.09075	0.5	40.4334	73.5085	0	0.973402	-0.229105	0	None	None
ChainingRodShaped	9958	3.40428	0.5	100.77	13.944	0	-0.892898	-0.450258	0	9959	8097
ChainingRodShaped	16076	2.72521	0.5	3.88256	-19.9872	0	0.872576	-0.488478	0	None	None
ChainingRodShaped	9996	4.12597	0.5	37.1106	-31.676	0	0.924425	0.381364	0	None	None
ChainingRodShaped	15510	3.70414	0.5	29.1009	-7.57209	0	0.981887	-0.189468	0	None	None
ChainingRodShaped	13648	3.90514	0.5	-80.0785	-18.9457	0	-0.973174	0.23007	0	None	None
ChainingRodShaped	10816	3.30115	0.5	140.41	-91.8472	0	-0.586531	-0.809927	0	10817	7791
ChainingRodShaped	10226	3.95964	0.5	-80.0547	37.7057	0	-0.356396	-0.934335	0	None	None
ChainingRodShaped	14658	3.59109	0.5	-87.9796	53.6308	0	0.0120218	-0.999928	0	None	None
ChainingRodShaped	12870	3.62359	0.5	-26.5287	111.06	0	-0.88488	0.46582	0	None	None
ChainingRodShaped	11872	4.97784	0.5	-8.15978	1.86891	0	0.962379	-0.271711	0	None	None
ChainingRodShaped	7456	4.96534	0.5	138.065	41.6679	0	0.717971	0.696073	0	13664	14801
ChainingRodShaped	18778	2.12852	0.5	-41.9138	-19.4775	0	-0.999827	0.018622	0	None	None
ChainingRodShaped	12038	4.16592	0.5	16.7717	59.9273	0	0.486489	0.873687	0	None	None
ChainingRodShaped	12710	3.36616	0.5	28.1873	41.2603	0	-0.264087	0.964499	0	None	None
ChainingRodShaped	7710	4.56937	0.5	35.2951	97.1421	0	0.408426	0.912791	0	None	None
ChainingRodShaped	8212	4.44071	0.5	13.5482	-22.734	0	0.910881	-0.41267	0	None	None
ChainingRodShaped	9912	3.72436	0.5	41.7311	45.2839	0	0.0682342	-0.997669	0	None	None
ChainingRodShaped	13306	3.21927	0.5	23.512	133.594	0	-0.549747	0.835331	0	13307	18447
ChainingRodShaped	11744	3.84338	0.5	-14.0272	-59.7061	0	-0.753938	-0.656945	0	None	None
ChainingRodShaped	17680	2.72709	0.5	6.00101	40.1952	0	0.998972	0.0453208	0	None	None
ChainingRodShaped	9272	4.98347	0.5	-62.9559	-1.98219	0	-0.186933	-0.982373	0	None	None
ChainingRodShaped	11480	4.63372	0.5	-28.0113	38.8474	0	-0.527691	0.849436	0	None	None
ChainingRodShaped	13564	4.04294	0.5	16.0611	61.859	0	0.503889	0.863768	0	None	None
ChainingRodShaped	11040	3.222	0.5	120.117	-32.8939	0	0.982374	-0.186924	0	11041	16917
ChainingRodShaped	13196	3.85649	0.5	-25.3938	-16.6062	0	-0.724647	-0.689121	0	13197	9033
ChainingRodShaped	9554	4.08316	0.5	-15.6425	119.883	0	0.892345	-0.451354	0	None	None
ChainingRodShaped	12046	4.48018	0.5	-86.5192	-26.9495	0	0.967219	-0.253944	0	None	None
ChainingRodShaped	12354	3.8089	0.5	-190.031	-10.6602	0	0.36714	-0.930166	0	12355	16865
ChainingRodShaped	14274	3.30474	0.5	-101.586	13.4075	0	0.221311	-0.975203	0	None	None
ChainingRodShaped	12528	4.06826	0.5	-48.5741	-68.6688	0	0.999343	0.0362389	0	12529	13737
ChainingRodShaped	17352	2.9439	0.5	-17.1803	22.3056	0	0.839579	-0.543237	0	None	None
ChainingRodShaped	13654	3.13998	0.5	-50.3154	87.6028	0	0.860395	-0.509627	0	None	None
ChainingRodShaped	8864	4.57546	0.5	-35.7882	78.3946	0	0.963903	-0.266255	0	None	None
ChainingRodShaped	10558	4.62778	0.5	-104.583	96.3939	0	0.970304	0.241889	0	10559	9095
ChainingRodShaped	11692	4.06952	0.5	-93.9646	8.81173	0	0.354341	-0.935116	0	None	None
ChainingRodShaped	13228	3.43376	0.5	-49.4335	25.9995	0	-0.0430587	-0.999073	0	None	None
ChainingRodShaped	10540	4.86911	0.5	-47.6082	-72.2169	0	-0.947399	0.320054	0	19100	12515
ChainingRodShaped	14446	2.87926	0.5	-42.7895	-31.653	0	-0.771147	0.636658	0	None	None
ChainingRodShaped	18020	2.59451	0.5	-29.1361	61.5292	0	-0.99957	0.0293208	0	None	None
ChainingRodShaped	11546	4.74971	0.5	-64.0266	62.3352	0	-0.793335	-0.608785	0	None	None
ChainingRodShaped	6780	4.74246	0.5	45.7761	36.8618	0	0.291654	-0.956524	0	None	None
ChainingRodShaped	9082	3.89879	0.5	195.902	125.432	0	-0.901544	-0.432688	0	16794	10421
ChainingRodShaped	13012	4.24152	0.5	-65.0636	6.1998	0	0.315875	0.948801	0	None	None
ChainingRodShaped	15292	3.12785	0.5	-28.4063	60.1549	0	-0.999963	0.00865666	0	None	None
ChainingRodShaped	7150	4.57159	0.5	7.37265	78.1661	0	-0.98823	-0.152976	0	None	None
ChainingRodShaped	14786	3.08061	0.5	-13.8558	103.102	0	-0.789513	0.613733	0	None	None
ChainingRodShaped	13212	3.65123	0.5	-11.6729	-45.563	0	0.846039	0.53312	0	None	None
ChainingRodShaped	8002	4.52822	0.5	138.882	39.2225	0	-0.906653	-0.421878	0	14806	19449
ChainingRodShaped	15250	2.92041	0.5	18.8829	-19.6106	0	-0.98402	-0.178058	0	None	None
ChainingRodShaped	7998	4.35251	0.5	-133.956	15.8921	0	0.864326	-0.502932	0	17278	18419
ChainingRodShaped	16416	3.15021	0.5	0.00027971	84.9503	0	0.854311	0.519762	0	None	None
ChainingRodShaped	15946	3.20808	0.5	23.0933	40.2538	0	0.217572	-0.976044	0	None	None
ChainingRodShaped	13604	3.98002	0.5	-13.2371	2.96295	0	0.576347	-0.817205	0	None	None
ChainingRodShaped	12818	3.32681	0.5	-99.5926	15.1339	0	0.250367	-0.968151	0	None	None
ChainingRodShaped	14652	3.41514	0.5	-27.9389	162.337	0	0.59631	-0.802754	0	14653	9179
ChainingRodShaped	6352	4.92678	0.5	-82.5241	11.9092	0	0.837282	0.546771	0	None	None
ChainingRodShaped	12322	4.89619	0.5	-36.1707	39.1104	0	0.450889	-0.89258	0	None	None
ChainingRodShaped	17394	2.40513	0.5	-102.695	11.4134	0	0.20123	-0.979544	0	None	None
ChainingRodShaped	16750	2.84968	0.5	-57.0935	-38.3056	0	0.999881	0.0154314	0	None	None
ChainingRodShaped	17038	2.4015	0.5	12.5417	89.5861	0	0.983544	0.180671	0	None	None
ChainingRodShaped	11438	4.14643	0.5	-61.6279	-3.90664	0	-0.181335	-0.983421	0	None	None
ChainingRodShaped	15370	3.61975	0.5	-103.959	95.6119	0	-0.969924	-0.243408	0	None	None
ChainingRodShaped	13326	2.99329	0.5	-36.5864	56.1685	0	0.290647	0.95683	0	None	None
ChainingRodShaped	12388	3.57851	0.5	-54.7623	80.3633	0	0.911221	-0.411918	0	None	None
ChainingRodShaped	13186	4.60894	0.5	32.2912	96.7647	0	0.395562	0.918439	0	None	None
ChainingRodShaped	14444	3.05824	0.5	-52.5283	95.9082	0	-0.738963	-0.673746	0	None	None
ChainingRodShaped	12080	4.18548	0.5	-6.03227	-6.87977	0	-0.999989	0.00472215	0	None	None
ChainingRodShaped	13108	4.00957	0.5	24.9759	74.3475	0	-0.983987	0.178239	0	None	None
ChainingRodShaped	18780	2.25254	0.5	-16.2936	22.6517	0	0.834388	-0.551178	0	None	None
ChainingRodShaped	17618	2.45512	0.5	-77.0266	-23.6693	0	-0.987204	0.159464	0	None	None
ChainingRodShaped	10730	4.1899	0.5	-46.0405	-17.8314	0	-0.983665	-0.180007	0	None	None
ChainingRodShaped	14124	4.23843	0.5	-4.98959	-32.5308	0	0.0707777	0.997492	0	None	None
ChainingRodShaped	13532	3.83126	0.5	-69.1255	82.9698	0	0.993574	-0.113183	0	None	None
ChainingRodShaped	19228	2.07972	0.5	7.15203	64.2835	0	0.538455	0.842654	0	None	None
ChainingRodShaped	15672	3.01446	0.5	-33.8042	117.841	0	0.982963	0.183805	0	None	None
ChainingRodShaped	11142	4.55086	0.5	31.1264	62.961	0	0.873967	0.485985	0	None	None
ChainingRodShaped	13068	4.78721	0.5	1.08915	-11.3597	0	0.999707	0.0242043	0	None	None
ChainingRodShaped	12672	3.42847	0.5	183.373	200.034	0	0.331469	-0.943466	0	12673	11225
ChainingRodShaped	7732	4.69349	0.5	-17.6249	24.3279	0	0.828713	-0.559674	0	None	None
ChainingRodShaped	18370	2.26273	0.5	-11.8144	-41.3674	0	0.863584	0.504204	0	None	None
ChainingRodShaped	7448	4.38678	0.5	-144.178	-16.6035	0	-0.799917	-0.600111	0	12958	12775
ChainingRodShaped	18504	2.22999	0.5	-36.9558	79.4343	0	0.961172	-0.27595	0	None	None
ChainingRodShaped	14960	3.82494	0.5	-11.2201	107.746	0	-0.706028	0.708184	0	None	None
ChainingRodShaped	17976	2.31723	0.5	22.7948	-6.2948	0	-0.941548	-0.336879	0	17977	16953
ChainingRodShaped	13396	4.60584	0.5	65.6055	14.9713	0	-0.74536	-0.666663	0	None	None
ChainingRodShaped	15346	3.05345	0.5	-168.877	-64.1516	0	0.94018	0.340679	0	15347	18555
ChainingRodShaped	11934	4.15925	0.5	-17.0957	77.4846	0	0.33303	-0.942916	0	None	None
ChainingRodShaped	6838	4.377	0.5	222.382	54.0109	0	0.175175	-0.984537	0	11966	12521
ChainingRodShaped	17102	2.74859	0.5	-12.5859	3.09141	0	0.56818	-0.822904	0	None	None
ChainingRodShaped	11860	4.2054	0.5	39.9242	31.0048	0	0.39456	-0.91887	0	None	None
ChainingRodShaped	11636	4.15321	0.5	17.5836	97.4176	0	0.999999	0.0011628	0	None	None
ChainingRodShaped	16682	2.85866	0.5	-78.369	95.6743	0	-0.834981	-0.550279	0	None	None
ChainingRodShaped	17502	2.52985	0.5	-95.7734	-55.0872	0	0.480652	-0.876911	0	17503	10799
ChainingRodShaped	10090	4.65897	0.5	-68.137	30.9638	0	0.868397	0.495869	0	None	None
ChainingRodShaped	6790	4.8524	0.5	-29.5223	-4.9295	0	-0.600199	0.799851	0	None	None
ChainingRodShaped	10026	3.66863	0.5	-47.4716	-8.08752	0	-0.998335	-0.0576786	0	None	None
ChainingRodShaped	11640	4.50755	0.5	-109.62	23.2875	0	0.729413	-0.684074	0	None	None
ChainingRodShaped	14504	3.52861	0.5	63.4389	33.6941	0	0.249288	-0.968429	0	None	None
ChainingRodShaped	18838	2.30562	0.5	-92.2146	15.0207	0	0.192534	-0.98129	0	None	None
ChainingRodShaped	10186	4.65415	0.5	-36.3663	48.1014	0	0.458477	0.888707	0	None	None
ChainingRodShaped	12540	3.57352	0.5	-82.4466	68.1729	0	0.976886	-0.213763	0	None	None
ChainingRodShaped	9800	4.83855	0.5	-37.3763	-62.5579	0	0.949105	-0.31496	0	None	None
ChainingRodShaped	12598	4.07686	0.5	-65.868	46.5495	0	-0.0339003	0.999425	0	None	None
ChainingRodShaped	14920	3.83901	0.5	-36.3745	-17.5237	0	-0.764089	-0.645111	0	None	None
ChainingRodShaped	13070	3.589	0.5	-60.3429	114.257	0	0.997989	-0.063389	0	None	None
ChainingRodShaped	18476	2.45691	0.5	-50.8646	-10.6618	0	0.997739	0.0672073	0	None	None
ChainingRodShaped	13906	4.1454	0.5	-7.57076	-57.5211	0	-0.720178	-0.693789	0	None	None
ChainingRodShaped	15616	3.27734	0.5	16.0454	68.3032	0	0.985932	-0.16715	0	None	None
ChainingRodShaped	16808	2.66939	0.5	21.7145	-62.7269	0	-0.0917449	0.995783	0	16809	11603
ChainingRodShaped	17686	2.32217	0.5	-90.9832	70.266	0	0.727631	0.685969	0	None	None
ChainingRodShaped	9982	3.92162	0.5	50.1211	-16.5119	0	0.824552	0.565786	0	None	None
ChainingRodShaped	7646	4.67736	0.5	25.4893	45.4868	0	0.12937	0.991596	0	None	None
ChainingRodShaped	10196	4.68582	0.5	16.7918	73.8822	0	0.986582	-0.163268	0	None	None
ChainingRodShaped	19382	2.09877	0.5	-34.4512	25.2009	0	0.913104	0.407726	0	None	None
ChainingRodShaped	10758	3.96737	0.5	84.472	-87.4082	0	-0.389065	0.92121	0	10759	17627
ChainingRodShaped	18978	2.10557	0.5	-68.2153	-55.2006	0	0.105735	-0.994394	0	None	None
ChainingRodShaped	15798	2.66998	0.5	-103.989	94.218	0	-0.997303	0.0733921	0	None	None
ChainingRodShaped	10496	4.77031	0.5	-71.759	99.7583	0	-0.847767	-0.530369	0	None	None
ChainingRodShaped	13056	3.99466	0.5	-30.2777	76.0539	0	0.978221	-0.207568	0	None	None
ChainingRodShaped	13868	3.06276	0.5	39.1017	111.423	0	-0.317938	-0.948111	0	13869	16485
ChainingRodShaped	10940	3.75744	0.5	56.3941	56.0431	0	0.355713	-0.934595	0	None	None
ChainingRodShaped	19612	2.04232	0.5	37.4503	7.42961	0	0.419958	-0.907544	0	None	None
ChainingRodShaped	10998	4.98187	0.5	-92.4622	67.8598	0	0.781452	0.623966	0	None	None
ChainingRodShaped	9010	4.17382	0.5	59.9682	-9.06999	0	0.787117	0.616804	0	None	None
ChainingRodShaped	11092	4.70462	0.5	-13.5093	182.579	0	0.107396	0.994216	0	11093	16037
ChainingRodShaped	10536	3.97301	0.5	-125.908	44.735	0	-0.852549	0.522647	0	None	None
ChainingRodShaped	17958	2.59246	0.5	61.1651	31.1132	0	-0.0159143	0.999873	0	None	None
ChainingRodShaped	9384	3.92054	0.5	-107.734	181.031	0	-0.904424	-0.426634	0	17756	7811
ChainingRodShaped	17386	2.90578	0.5	-91.7605	24.2266	0	-0.951605	-0.307324	0	None	None
ChainingRodShaped	12206	3.61223	0.5	32.7658	28.0843	0	-0.0848791	0.996391	0	None	None
ChainingRodShaped	15298	3.23884	0.5	-27.168	49.3596	0	0.812047	0.583592	0	None	None
ChainingRodShaped	15516	3.27257	0.5	-80.8959	-4.58698	0	-0.0142478	0.999898	0	None	None
ChainingRodShaped	11710	3.37225	0.5	14.136	-51.601	0	0.670488	-0.74192	0	None	None
ChainingRodShaped	15934	3.27579	0.5	-30.6284	6.03211	0	-0.0416528	0.999132	0	None	None
ChainingRodShaped	16438	2.95958	0.5	-118.007	12.3696	0	-0.594901	0.803799	0	None	None
ChainingRodShaped	7868	4.78723	0.5	29.8771	51.0676	0	-0.273544	-0.96186	0	None	None
ChainingRodShaped	14584	3.40129	0.5	-121.285	98.5272	0	-0.780241	0.62548	0	14585	7525
ChainingRodShaped	13268	4.07936	0.5	-28.4405	115.701	0	0.825059	0.565046	0	None	None
ChainingRodShaped	12970	4.07376	0.5	-61.4324	76.2759	0	0.890548	-0.45489	0	None	None
ChainingRodShaped	16090	2.73966	0.5	-73.5107	36.2182	0	-0.630893	-0.77587	0	None	None
ChainingRodShaped	19684	2.02414	0.5	-8.29749	-21.7286	0	0.195489	0.980706	0	None	None
ChainingRodShaped	13520	3.66415	0.5	70.9	6.76132	0	0.261693	0.965151	0	None	None
ChainingRodShaped	14230	2.79059	0.5	-23.3059	44.2478	0	0.592117	-0.805852	0	None	None
ChainingRodShaped	9012	4.90794	0.5	69.4568	11.4849	0	0.589187	0.807997	0	None	None
ChainingRodShaped	17992	2.64995	0.5	14.7292	-37.1786	0	0.725142	0.688599	0	None	None
ChainingRodShaped	9186	3.75771	0.5	-27.0547	127.571	0	-0.967873	0.25144	0	16032	16227
ChainingRodShaped	15196	3.80936	0.5	-9.8269	-29.6326	0	-0.999961	0.00884663	0	None	None
ChainingRodShaped	8434	4.18386	0.5	3.49192	-28.6659	0	0.751601	-0.659618	0	None	None
ChainingRodShaped	17342	2.67671	0.5	46.11	17.4215	0	0.427439	-0.904044	0	None	None
ChainingRodShaped	7270	4.89229	0.5	39.9548	22.5048	0	0.505054	-0.863088	0	None	None
ChainingRodShaped	14046	3.96525	0.5	-67.4475	5.97964	0	-0.314243	-0.949343	0	None	None
ChainingRodShaped	6796	4.60778	0.5	-104.866	9.44201	0	-0.262277	0.964993	0	None	None
ChainingRodShaped	13672	4.25197	0.5	69.7649	32.21	0	0.999046	0.043667	0	None	None
ChainingRodShaped	10222	4.047	0.5	-98.7428	24.9806	0	0.606485	-0.795095	0	None	None
ChainingRodShaped	11464	3.31757	0.5	-87.0519	66.6308	0	0.993525	-0.113612	0	None	None
ChainingRodShaped	15472	2.77189	0.5	-31.8448	15.4246	0	0.0253198	0.999679	0	None	None
ChainingRodShaped	13576	2.97553	0.5	-26.2374	-9.89026	0	-0.825279	-0.564725	0	None	None
ChainingRodShaped	12832	3.08502	0.5	7.40365	224.342	0	-0.997231	-0.074366	0	12833	7735
ChainingRodShaped	11116	4.32296	0.5	-31.719	-61.1256	0	-0.797282	-0.603606	0	None	None
ChainingRodShaped	18592	2.32111	0.5	-164.948	142.556	0	0.814776	-0.579776	0	18593	18707
ChainingRodShaped	14826	3.51646	0.5	107.467	155.43	0	-0.311166	0.950356	0	14827	11195
ChainingRodShaped	11220	4.87685	0.5	8.65614	99.1449	0	-0.951199	-0.30858	0	None	None
ChainingRodShaped	13214	3.262	0.5	39.1781	70.6579	0	0.999833	0.0183007	0	None	None
ChainingRodShaped	8106	4.4887	0.5	11.1701	30.2	0	-0.910826	-0.41279	0	None	None
ChainingRodShaped	19450	2.06527	0.5	-70.3413	-26.3468	0	0.994896	-0.100906	0	None	None
ChainingRodShaped	11496	3.4308	0.5	116.875	208.11	0	0.0422919	0.999105	0	11497	5211
ChainingRodShaped	19616	2.04266	0.5	-62.4194	96.3202	0	-0.677914	-0.735142	0	None	None
ChainingRodShaped	15386	3.24864	0.5	13.5447	42.1011	0	0.236781	0.971563	0	None	None
ChainingRodShaped	16718	2.98872	0.5	28.9575	41.11	0	-0.274012	0.961726	0	None	None
ChainingRodShaped	18720	2.26235	0.5	-64.5071	48.592	0	-0.0139199	0.999903	0	None	None
ChainingRodShaped	17478	2.39572	0.5	5.02886	1.72295	0	0.470035	0.882648	0	None	None
ChainingRodShaped	12792	4.25426	0.5	-47.1185	92.6073	0	0.886539	-0.462654	0	None	None
ChainingRodShaped	13550	3.8339	0.5	-98.7384	-9.56504	0	0.973548	0.228482	0	None	None
ChainingRodShaped	12112	3.511	0.5	-58.6709	9.58266	0	0.108831	-0.99406	0	None	None
ChainingRodShaped	15102	3.8574	0.5	41.4856	68.8312	0	-0.265615	-0.964079	0	None	None
ChainingRodShaped	9524	4.6137	0.5	93.5234	36.1101	0	-0.648484	-0.761229	0	17492	13043
ChainingRodShaped	6582	4.93004	0.5	-74.3	51.2349	0	-0.0294888	-0.999565	0	None	None
ChainingRodShaped	18858	2.23933	0.5	191.747	116.704	0	0.854812	-0.518939	0	18859	9297
ChainingRodShaped	9468	4.52266	0.5	-14.0393	-18.7227	0	-0.0088769	0.999961	0	None	None
ChainingRodShaped	17778	2.27708	0.5	-161.614	88.8917	0	0.949144	-0.314844	0	17779	10447
ChainingRodShaped	8262	4.76008	0.5	12.4922	76.869	0	0.983195	0.182558	0	None	None
ChainingRodShaped	16124	2.71053	0.5	-8.82873	-16.8245	0	-0.891331	0.453353	0	None	None
ChainingRodShaped	15060	3.28939	0.5	0.41799	100.963	0	0.364765	0.9311	0	None	None
ChainingRodShaped	15444	3.69509	0.5	-15.6172	84.0839	0	-0.308742	0.951146	0	None	None
ChainingRodShaped	10892	4.27804	0.5	-53.2368	-32.2829	0	-0.675377	0.737473	0	None	None
ChainingRodShaped	16212	2.58037	0.5	-119.983	43.0829	0	-0.9552	-0.295961	0	None	None
ChainingRodShaped	12000	4.24406	0.5	-17.5052	8.97246	0	-0.762262	-0.647269	0	None	None
ChainingRodShaped	12030	4.03311	0.5	52.1726	-23.6249	0	-0.62839	-0.777899	0	12031	19221
ChainingRodShaped	15890	2.97631	0.5	29.8965	71.346	0	0.997857	-0.0654394	0	None	None
ChainingRodShaped	15618	3.3144	0.5	-100.581	-6.59141	0	0.51433	-0.857593	0	None	None
ChainingRodShaped	12090	3.27117	0.5	52.0469	-11.7509	0	0.782238	0.62298	0	None	None
ChainingRodShaped	15892	3.05074	0.5	-10.6021	-3.667	0	-0.983388	-0.181514	0	None	None
ChainingRodShaped	10688	4.59623	0.5	-288.468	16.6848	0	-0.450408	0.892823	0	10689	10257
ChainingRodShaped	17022	2.8313	0.5	-36.0403	67.063	0	-0.959404	-0.282037	0	None	None
ChainingRodShaped	17282	2.38527	0.5	107.419	175.935	0	-0.116231	-0.993222	0	17283	11133
ChainingRodShaped	14414	3.5766	0.5	-47.5333	51.2974	0	0.555754	-0.831347	0	None	None
ChainingRodShaped	17472	2.89524	0.5	-19.0135	101.642	0	0.741923	0.670485	0	None	None
ChainingRodShaped	16064	2.74133	0.5	-56.7701	111.444	0	0.999602	-0.0282182	0	None	None
ChainingRodShaped	9558	4.9096	0.5	-85.0724	89.6522	0	-0.22349	-0.974706	0	None	None
ChainingRodShaped	14852	2.73637	0.5	49.8339	38.5465	0	0.110144	-0.993916	0	None	None
ChainingRodShaped	10162	4.49722	0.5	72.2255	42.8755	0	0.647601	-0.761979	0	17656	17083
ChainingRodShaped	14284	4.11725	0.5	-45.3233	5.28403	0	0.815764	0.578385	0	None	None
ChainingRodShaped	8920	4.65947	0.5	-67.1375	-51.0774	0	-0.385603	-0.922665	0	None	None
ChainingRodShaped	19368	2.07652	0.5	31.0519	34.0978	0	0.170229	0.985404	0	None	None
ChainingRodShaped	11900	4.76124	0.5	-55.1184	86.1082	0	0.880238	-0.474533	0	None	None
ChainingRodShaped	13114	3.95931	0.5	-14.9495	79.7205	0	-0.319348	0.947638	0	None	None
ChainingRodShaped	13076	4.70874	0.5	46.2651	40.6554	0	0.29271	-0.956201	0	None	None
ChainingRodShaped	13048	3.55095	0.5	-24.0723	8.49086	0	0.14918	-0.98881	0	None	None
ChainingRodShaped	10286	4.04666	0.5	-84.335	78.1164	0	0.969335	-0.245741	0	None	None
ChainingRodShaped	18434	2.31258	0.5	4.92954	-17.9578	0	0.857614	-0.514294	0	None	None
ChainingRodShaped	11430	3.05634	0.5	-156.971	-142.219	0	-0.815574	0.578653	0	11431	18799
ChainingRodShaped	14184	3.33629	0.5	-22.0519	75.1305	0	0.827623	-0.561284	0	None	None
ChainingRodShaped	8612	4.7797	0.5	-81.0415	92.2138	0	-0.255128	-0.966907	0	None	None
ChainingRodShaped	18080	2.25574	0.5	51.4144	29.1617	0	0.468294	-0.883573	0	None	None
ChainingRodShaped	11104	4.29246	0.5	6.85029	7.51284	0	-0.497355	0.867547	0	None	None
ChainingRodShaped	16678	2.47375	0.5	-16.7045	-13.6395	0	-0.317272	0.948335	0	None	None
ChainingRodShaped	15896	3.38725	0.5	10.3009	-6.80525	0	-0.999551	0.0299667	0	None	None
ChainingRodShaped	17242	2.64539	0.5	-91.4145	53.9164	0	-0.0224352	0.999748	0	None	None
ChainingRodShaped	17506	2.33821	0.5	30.8492	83.9539	0	-0.356371	-0.934345	0	None	None
ChainingRodShaped	18074	2.25782	0.5	-50.3012	129.513	0	0.990948	-0.134244	0	18075	15779
ChainingRodShaped	17108	2.8138	0.5	-81.3077	-9.13832	0	-0.630146	0.776477	0	None	None
ChainingRodShaped	7600	3.94629	0.5	23.118	135.729	0	0.577438	-0.816435	0	7601	12277
ChainingRodShaped	18642	2.33024	0.5	38.4175	7.28809	0	0.410854	-0.911701	0	None	None
ChainingRodShaped	12912	3.80168	0.5	114.537	23.8854	0	0.750056	0.661374	0	12913	6567
ChainingRodShaped	15422	3.69361	0.5	-107.536	-7.47343	0	-0.710653	0.703542	0	None	None
ChainingRodShaped	9698	3.96837	0.5	-95.1328	-133.711	0	-0.373845	-0.927491	0	9699	18601
ChainingRodShaped	11690	4.81187	0.5	-61.1853	22.212	0	0.861479	0.507792	0	None	None
ChainingRodShaped	14600	3.152	0.5	-110.957	29.3533	0	-0.432608	0.901582	0	None	None
ChainingRodShaped	14712	3.72311	0.5	-78.3845	-31.1856	0	0.380086	-0.924951	0	None	None
ChainingRodShaped	13560	3.96295	0.5	15.8996	51.4749	0	0.57272	0.819751	0	None	None
ChainingRodShaped	16152	2.93688	0.5	55.4772	123.214	0	0.230846	-0.97299	0	16153	15727
ChainingRodShaped	17252	2.46405	0.5	-50.2967	19.8254	0	-0.293345	0.956007	0	None	None
ChainingRodShaped	16550	2.76328	0.5	30.7477	-44.29	0	0.820277	0.571966	0	None	None
ChainingRodShaped	13100	3.94944	0.5	-26.9829	13.7301	0	-0.121489	-0.992593	0	None	None
ChainingRodShaped	14408	3.63322	0.5	-107.155	62.4602	0	-0.993739	0.111727	0	None	None
ChainingRodShaped	8138	4.63918	0.5	-78.2684	96.7272	0	-0.840469	-0.54186	0	None	None
ChainingRodShaped	12334	3.87167	0.5	-72.5611	-17.1552	0	-0.975589	0.219606	0	None	None
ChainingRodShaped	18914	2.32407	0.5	4.72552	-1.75999	0	0.966725	-0.255818	0	None	None
ChainingRodShaped	15192	3.15322	0.5	-100.736	-29.0045	0	0.507611	-0.861586	0	None	None
ChainingRodShaped	17454	2.54056	0.5	-82.7646	-26.0951	0	0.978662	-0.205478	0	None	None
ChainingRodShaped	7054	4.82668	0.5	106.59	71.621	0	0.475778	0.879565	0	7055	9873
ChainingRodShaped	15674	3.17901	0.5	-38.0963	-34.4269	0	-0.283241	0.959049	0	None	None
ChainingRodShaped	10478	3.51083	0.5	2.73806	88.421	0	0.715741	0.698365	0	None	None
ChainingRodShaped	15402	3.39771	0.5	63.0127	158.069	0	-0.160102	-0.9871	0	15403	9401
ChainingRodShaped	16522	2.46353	0.5	-40.3152	2.56148	0	0.767601	0.640928	0	None	None
ChainingRodShaped	10748	4.91833	0.5	-86.3912	-26.1521	0	0.969697	-0.244309	0	None	None
ChainingRodShaped	11388	4.86491	0.5	-76.7466	-34.9271	0	-0.569537	-0.821965	0	None	None
ChainingRodShaped	13622	3.34253	0.5	44.3152	-15.0551	0	0.875306	0.483569	0	None	None
ChainingRodShaped	12800	4.89702	0.5	-12.2165	32.9162	0	0.579964	0.814642	0	None	None
ChainingRodShaped	18710	2.14157	0.5	94.5881	96.0472	0	0.994946	0.100407	0	18711	15817
ChainingRodShaped	12198	4.538	0.5	12.3918	97.7729	0	0.996278	-0.0861972	0	None	None
ChainingRodShaped	17376	2.71025	0.5	1.3238	8.83715	0	-0.898717	-0.43853	0	None	None
ChainingRodShaped	9190	3.56675	0.5	110.415	101.474	0	-0.78633	-0.617806	0	9191	10703
ChainingRodShaped	9950	3.97624	0.5	43.9281	72.3534	0	0.222669	0.974894	0	None	None
ChainingRodShaped	7014	4.87158	0.5	-95.9432	52.7047	0	0.709808	-0.704396	0	None	None
ChainingRodShaped	12256	3.88895	0.5	-83.8405	-44.3774	0	0.780641	-0.624979	0	None	None
ChainingRodShaped	7542	4.46283	0.5	57.3724	77.9843	0	-0.536098	0.844156	0	12972	12041
ChainingRodShaped	7278	4.54485	0.5	13.5768	110.625	0	0.99851	0.054561	0	None	None
ChainingRodShaped	10114	4.31711	0.5	-18.8167	74.7007	0	0.824239	-0.566243	0	None	None
ChainingRodShaped	9740	3.99543	0.5	-121.608	-0.54257	0	0.405293	-0.914187	0	None	None
ChainingRodShaped	7680	4.4037	0.5	-93.2217	-93.8001	0	-0.0615315	-0.998105	0	14172	19075
ChainingRodShaped	11742	3.94155	0.5	-14.3715	73.5124	0	0.304875	-0.952392	0	None	None
ChainingRodShaped	16362	3.03975	0.5	62.2022	-9.97907	0	0.654455	0.756101	0	16363	14513
ChainingRodShaped	11796	3.61193	0.5	64.2286	-2.10332	0	0.179279	0.983798	0	None	None
ChainingRodShaped	12092	3.441	0.5	25.1818	79.6452	0	0.975499	-0.220005	0	None	None
ChainingRodShaped	6436	4.92612	0.5	-9.24014	-15.7629	0	-0.895808	0.444442	0	None	None
ChainingRodShaped	11954	3.6334	0.5	15.4316	62.2246	0	0.508098	0.861299	0	None	None
ChainingRodShaped	16096	2.9958	0.5	42.9412	49.6315	0	-0.969484	-0.245156	0	None	None
ChainingRodShaped	9268	4.88488	0.5	-69.1482	-46.0384	0	0.334723	0.942317	0	None	None
ChainingRodShaped	15094	3.70107	0.5	-2.01104	68.3023	0	0.207322	0.978273	0	None	None
ChainingRodShaped	11970	4.28938	0.5	-14.5883	12.865	0	0.7922	0.610262	0	None	None
ChainingRodShaped	11244	4.28118	0.5	-47.4632	13.4523	0	-0.976538	0.215347	0	None	None
ChainingRodShaped	19712	2.01087	0.5	-60.3713	5.49462	0	0.0713682	-0.99745	0	None	None
ChainingRodShaped	12954	3.86499	0.5	-97.7446	68.2308	0	-0.84852	-0.529163	0	None	None
ChainingRodShaped	18232	2.22253	0.5	-58.607	90.982	0	0.788731	-0.614738	0	None	None
ChainingRodShaped	19572	2.04934	0.5	45.2606	-8.58953	0	0.667204	0.744875	0	None	None
ChainingRodShaped	19104	2.15611	0.5	-84.5449	88.2269	0	-0.227298	-0.973825	0	None	None
ChainingRodShaped	10574	3.50032	0.5	-23.4042	73.402	0	0.832285	-0.554348	0	None	None
ChainingRodShaped	11240	4.75438	0.5	-185.786	-20.4806	0	-0.598588	0.801057	0	11241	11447
ChainingRodShaped	9920	3.93389	0.5	-75.6076	37.1358	0	-0.631666	-0.775241	0	None	None
ChainingRodShaped	15712	3.06832	0.5	-60.5505	126.005	0	0.852429	0.522844	0	None	None
ChainingRodShaped	19028	2.27949	0.5	-111.579	69.604	0	0.101498	-0.994836	0	None	None
ChainingRodShaped	12140	3.50642	0.5	-64.6816	2.59817	0	0.316846	0.948477	0	None	None
ChainingRodShaped	18746	2.20673	0.5	7.83642	105.356	0	0.989604	-0.143821	0	None	None
ChainingRodShaped	9370	4.18711	0.5	-16.4686	84.483	0	0.299139	-0.95421	0	None	None
ChainingRodShaped	13876	4.3645	0.5	-15.3204	-13.7201	0	-0.320918	0.947107	0	None	None
ChainingRodShaped	15898	2.73322	0.5	37.0795	67.3339	0	1	-0.000795607	0	None	None
ChainingRodShaped	12960	4.71009	0.5	-113.113	42.7663	0	-0.910472	-0.413571	0	None	None
ChainingRodShaped	15338	3.33766	0.5	19.466	-9.00657	0	0.969093	0.246695	0	None	None
ChainingRodShaped	14068	4.32953	0.5	-52.6931	-37.8441	0	-0.987114	-0.160018	0	None	None
ChainingRodShaped	19328	2.09105	0.5	50.631	1.84404	0	0.92575	0.378137	0	None	None
ChainingRodShaped	15062	3.31243	0.5	-101.471	83.873	0	-0.0208575	0.999782	0	None	None
ChainingRodShaped	9122	4.36754	0.5	-53.6813	46.1311	0	0.551813	-0.833968	0	None	None
ChainingRodShaped	14402	3.70233	0.5	1.98551	98.3207	0	0.46158	0.887099	0	None	None
ChainingRodShaped	19518	2.04226	0.5	-6.45229	72.2451	0	0.258485	0.966015	0	None	None
ChainingRodShaped	12232	3.84701	0.5	6.42611	75.7239	0	0.986544	0.163497	0	None	None
ChainingRodShaped	7368	4.87806	0.5	4.81913	-58.0138	0	0.995633	0.093353	0	15426	14559
ChainingRodShaped	10970	3.64095	0.5	-152.003	11.7909	0	-0.754779	-0.655979	0	10971	15355
ChainingRodShaped	17340	2.38472	0.5	135.022	122.796	0	0.704063	0.710138	0	17341	8241
ChainingRodShaped	13804	4.06758	0.5	-20.0003	98.4143	0	0.744944	0.667127	0	None	None
ChainingRodShaped	13764	4.14679	0.5	-66.9259	70.0387	0	-0.797063	-0.603897	0	None	None
ChainingRodShaped	13080	4.4999	0.5	55.1185	26.7956	0	0.453279	0.891369	0	None	None
ChainingRodShaped	10726	3.52378	0.5	-103.32	44.0159	0	-0.998106	0.0615158	0	None	None
ChainingRodShaped	15584	3.57722	0.5	-20.2957	18.1538	0	0.849421	-0.527716	0	None	None
ChainingRodShaped	10402	4.70329	0.5	-27.674	-48.7116	0	0.979699	0.200472	0	None	None
ChainingRodShaped	14766	3.15704	0.5	14.8203	11.8777	0	0.590597	-0.806966	0	None	None
ChainingRodShaped	12772	4.70995	0.5	-20.3931	118.232	0	0.780567	-0.625072	0	None	None
ChainingRodShaped	11976	4.80964	0.5	15.1319	94.9416	0	0.994248	-0.107101	0	None	None
ChainingRodShaped	11984	4.74488	0.5	-41.1294	115.457	0	-0.169893	0.985463	0	None	None
ChainingRodShaped	12490	4.43267	0.5	-161.229	139.077	0	-0.908893	0.417029	0	12491	19431
ChainingRodShaped	19284	2.17323	0.5	56.2893	33.6691	0	0.461378	0.887204	0	None	None
ChainingRodShaped	16526	2.93645	0.5	-61.0008	-26.3193	0	0.997475	0.0710158	0	None	None
ChainingRodShaped	9480	4.67112	0.5	4.48133	17.0103	0	-0.646292	-0.76309	0	None	None
ChainingRodShaped	12130	4.47263	0.5	-109.243	24.0185	0	0.725547	-0.688172	0	None	None
ChainingRodShaped	8354	4.1481	0.5	0.493722	18.9948	0	-0.351019	-0.936368	0	None	None
ChainingRodShaped	10898	4.98395	0.5	-9.40401	98.6219	0	-0.201185	-0.979553	0	None	None
ChainingRodShaped	10772	4.8507	0.5	-58.0144	9.88808	0	0.108442	-0.994103	0	None	None
ChainingRodShaped	15948	2.7937	0.5	43.1897	76.3452	0	0.978038	-0.208426	0	None	None
ChainingRodShaped	13732	2.76019	0.5	-67.0098	168.032	0	0.361214	0.932483	0	13733	18893
ChainingRodShaped	16434	2.80056	0.5	45.7042	-5.28301	0	0.964678	0.263432	0	None	None
ChainingRodShaped	13230	3.09645	0.5	18.067	90.5938	0	0.994539	0.104369	0	None	None
ChainingRodShaped	11352	3.15241	0.5	87.4072	-11.4605	0	0.215769	-0.976445	0	11353	8381
ChainingRodShaped	14418	2.94171	0.5	-64.546	57.4516	0	-0.752496	-0.658596	0	None	None
ChainingRodShaped	10338	4.27302	0.5	13.6379	84.6233	0	-0.755767	-0.654841	0	None	None
ChainingRodShaped	5906	4.8154	0.5	15.7938	141.702	0	-0.791157	0.611614	0	18446	10205
ChainingRodShaped	15494	3.10651	0.5	-101.472	65.8452	0	-0.745415	-0.666601	0	None	None
ChainingRodShaped	11276	4.19416	0.5	-74.9936	-47.4548	0	0.977235	-0.212158	0	None	None
ChainingRodShaped	9954	4.73354	0.5	-21.3363	-14.9537	0	0.718251	0.695784	0	None	None
ChainingRodShaped	13912	3.2988	0.5	43.9104	37.3057	0	0.283938	-0.958843	0	None	None
ChainingRodShaped	10150	3.79664	0.5	198.381	267.741	0	-0.479698	-0.877434	0	10151	18989
ChainingRodShaped	18630	2.33551	0.5	-29.3807	-39.3537	0	-0.292184	-0.956362	0	None	None
ChainingRodShaped	10100	3.72363	0.5	-64.368	-39.7692	0	0.99446	-0.105111	0	None	None
ChainingRodShaped	15990	3.12407	0.5	8.36415	106.02	0	0.988113	-0.153732	0	None	None
ChainingRodShaped	14306	4.1058	0.5	-73.6382	78.0227	0	0.981444	-0.191751	0	None	None
ChainingRodShaped	10600	3.89406	0.5	-105.387	-51.7812	0	0.549764	0.83532	0	10601	15407
ChainingRodShaped	17536	2.65113	0.5	46.6993	-62.6346	0	0.869017	-0.494782	0	17537	16603
ChainingRodShaped	8032	4.6455	0.5	22.1807	41.0741	0	0.211902	-0.977291	0	None	None
ChainingRodShaped	11306	3.85786	0.5	-14.69	-29.224	0	-0.421814	0.906682	0	None	None
ChainingRodShaped	16318	3.21924	0.5	-43.3512	-22.9377	0	-0.994953	-0.100347	0	None	None
ChainingRodShaped	19388	2.07205	0.5	1.77127	56.4461	0	0.431884	0.901929	0	None	None
ChainingRodShaped	15384	3.5618	0.5	-113.619	22.3771	0	-0.729302	0.684192	0	None	None
ChainingRodShaped	9668	4.43922	0.5	-72.8585	85.9486	0	0.993917	-0.110131	0	None	None
ChainingRodShaped	10588	3.70801	0.5	-94.5511	79.2011	0	0.995505	0.0947117	0	None	None
ChainingRodShaped	14190	3.68053	0.5	-48.2398	25.9977	0	-0.0235988	-0.999722	0	None	None
ChainingRodShaped	13772	3.21685	0.5	-2.26568	44.1408	0	0.921115	0.38929	0	None	None
ChainingRodShaped	15762	3.25743	0.5	3.27513	30.9804	0	0.951717	0.306977	0	None	None
ChainingRodShaped	13938	4.30117	0.5	-62.5972	-14.8191	0	-0.998099	0.0616325	0	None	None
ChainingRodShaped	17988	2.26659	0.5	-104.784	0.329007	0	0.151329	-0.988483	0	None	None
ChainingRodShaped	16408	2.41329	0.5	129.991	72.9926	0	0.811446	-0.584428	0	16409	7769
ChainingRodShaped	10200	4.84519	0.5	-59.618	50.4719	0	0.80543	0.592691	0	None	None
ChainingRodShaped	8314	4.47624	0.5	54.285	58.8185	0	0.995358	-0.0962427	0	None	None
ChainingRodShaped	7818	4.6881	0.5	172.881	124.536	0	-0.956529	0.291637	0	14822	11477
ChainingRodShaped	11780	4.14131	0.5	-76.8617	-17.1447	0	-0.777686	-0.628653	0	None	None
ChainingRodShaped	11124	3.63317	0.5	-125.116	24.9199	0	-0.81687	0.576822	0	None	None
ChainingRodShaped	14134	3.87047	0.5	37.9486	-7.70506	0	0.713589	0.700564	0	None	None
ChainingRodShaped	14088	3.67808	0.5	119.36	25.0435	0	0.771638	0.636062	0	14089	18285
ChainingRodShaped	16086	2.62081	0.5	4.23087	-33.3986	0	0.623785	-0.781596	0	None	None
ChainingRodShaped	16372	3.05194	0.5	-59.83	-29.7326	0	0.999937	0.011245	0	None	None
ChainingRodShaped	15718	3.52177	0.5	-12.4212	-47.0232	0	0.840664	0.541557	0	None	None
ChainingRodShaped	11494	3.28565	0.5	-97.3224	38.9897	0	0.904345	-0.426802	0	None	None
ChainingRodShaped	14382	3.37576	0.5	19.8482	136.805	0	0.678918	-0.734214	0	14383	12239
ChainingRodShaped	16618	2.55437	0.5	-0.272372	-33.0345	0	-0.194287	0.980945	0	None	None
ChainingRodShaped	13276	3.90896	0.5	32.6018	48.0246	0	-0.50127	-0.865291	0	None	None
ChainingRodShaped	17578	2.53292	0.5	-30.9814	194.618	0	-0.382717	-0.923866	0	17579	15199
ChainingRodShaped	8534	4.05851	0.5	-18.5742	75.2814	0	0.818594	-0.574372	0	None	None
ChainingRodShaped	8006	4.9122	0.5	-29.1005	13.355	0	0.0617445	0.998092	0	None	None
ChainingRodShaped	15594	3.2737	0.5	-91.1221	38.5049	0	-0.422217	-0.906495	0	None	None
ChainingRodShaped	13612	3.60377	0.5	-166.375	37.8335	0	0.992251	-0.124253	0	13613	15453
ChainingRodShaped	14208	2.9769	0.5	147.455	56.1315	0	0.253529	0.967328	0	14209	7013
ChainingRodShaped	7760	4.71408	0.5	-39.9574	5.56835	0	0.785776	0.618511	0	None	None
ChainingRodShaped	14996	3.19434	0.5	-71.8662	16.6678	0	0.889248	0.457426	0	None	None
ChainingRodShaped	14750	3.44835	0.5	-85.5856	54.3612	0	0.0269206	-0.999638	0	None	None
ChainingRodShaped	18134	2.49912	0.5	-22.6909	21.919	0	0.833732	-0.55217	0	None	None
ChainingRodShaped	15502	3.61479	0.5	-27.9151	92.0868	0	0.996417	-0.0845756	0	None	None
ChainingRodShaped	19490	2.06623	0.5	118.466	25.5773	0	-0.773046	-0.63435	0	19491	18653
ChainingRodShaped	15764	3.06591	0.5	38.199	22.7254	0	0.520057	-0.854132	0	None	None
ChainingRodShaped	12782	3.0663	0.5	6.84936	-106.74	0	-0.982854	-0.184386	0	12783	11531
ChainingRodShaped	16812	2.79807	0.5	75.7411	224.775	0	-0.904118	-0.427284	0	16813	17591
ChainingRodShaped	6862	4.61851	0.5	-96.6054	63.2947	0	0.864699	0.502291	0	None	None
ChainingRodShaped	11682	4.185	0.5	-12.5493	8.15001	0	-0.970344	0.241727	0	None	None
ChainingRodShaped	14760	3.50854	0.5	-120.418	62.0428	0	0.535545	0.844506	0	14761	13953
ChainingRodShaped	14166	2.98375	0.5	-70.5652	16.6673	0	0.8846	0.466351	0	None	None
ChainingRodShaped	12924	4.82745	0.5	34.9608	45.5518	0	0.774719	-0.632305	0	None	None
ChainingRodShaped	5966	4.96539	0.5	-91.8676	19.7256	0	0.301739	-0.95339	0	None	None
ChainingRodShaped	14300	3.25415	0.5	24.3083	79.0137	0	0.975804	-0.218649	0	None	None
ChainingRodShaped	19408	2.11614	0.5	-71.7649	98.7549	0	-0.842367	-0.538905	0	None	None
ChainingRodShaped	10836	4.53506	0.5	5.1272	52.8823	0	0.411914	0.911223	0	None	None
ChainingRodShaped	12982	3.41215	0.5	-39.4403	31.5947	0	0.30055	-0.953766	0	None	None
ChainingRodShaped	12968	4.27414	0.5	6.09018	58.1207	0	0.477427	0.878671	0	None	None
ChainingRodShaped	19252	2.09347	0.5	-52.7097	-43.7584	0	-0.604616	-0.796517	0	None	None
ChainingRodShaped	15160	3.24984	0.5	18.2326	110.529	0	0.954748	0.297415	0	None	None
ChainingRodShaped	15122	3.32513	0.5	50.2449	34.6136	0	0.110369	-0.993891	0	None	None
ChainingRodShaped	15768	2.87792	0.5	46.7518	20.1319	0	0.381091	-0.924537	0	None	None
ChainingRodShaped	13052	3.99491	0.5	-72.6073	27.7045	0	0.898292	0.439399	0	None	None
ChainingRodShaped	13844	3.84026	0.5	-21.551	83.4985	0	0.775923	-0.630828	0	None	None
ChainingRodShaped	14916	3.68542	0.5	-90.9385	0.570348	0	0.714221	0.69992	0	None	None
ChainingRodShaped	19432	2.07035	0.5	-39.7625	39.4848	0	0.608984	-0.793183	0	None	None
ChainingRodShaped	13646	4.07933	0.5	-47.5125	56.0948	0	-0.020876	-0.999782	0	None	None
ChainingRodShaped	15208	3.67569	0.5	29.6383	-32.0008	0	0.754212	-0.656631	0	None	None
ChainingRodShaped	12228	4.69917	0.5	-111.805	34.6497	0	0.998291	0.0584327	0	None	None
ChainingRodShaped	11738	3.85405	0.5	-151.333	7.67765	0	0.335312	0.942107	0	11739	9805
ChainingRodShaped	10992	4.92557	0.5	80.2814	-107.26	0	-0.498873	-0.866675	0	10993	13891
ChainingRodShaped	17328	2.86065	0.5	-30.1934	33.6434	0	0.991262	-0.131911	0	None	None
ChainingRodShaped	19190	2.14537	0.5	-38.6273	-50.9831	0	-0.637104	-0.770778	0	None	None
ChainingRodShaped	8824	4.65879	0.5	31.1102	9.30063	0	-0.215295	-0.976549	0	None	None
ChainingRodShaped	15000	3.60744	0.5	-110.291	53.5313	0	0.980045	0.198777	0	None	None
ChainingRodShaped	15706	3.29816	0.5	55.8465	14.9713	0	0.686604	0.727032	0	None	None
ChainingRodShaped	15826	2.49951	0.5	73.7515	34.6836	0	-0.724032	0.689766	0	15827	5729
ChainingRodShaped	8966	3.95806	0.5	-67.866	-69.6331	0	-0.999439	-0.0334778	0	8967	16405
ChainingRodShaped	13592	2.77017	0.5	43.7378	-35.7	0	0.597056	0.8022	0	13593	8795
ChainingRodShaped	13808	4.05724	0.5	-115.456	21.0664	0	-0.500577	0.865692	0	None	None
ChainingRodShaped	14978	3.32121	0.5	-226.405	-3.5868	0	-0.10326	-0.994654	0	14979	16653
ChainingRodShaped	7862	4.4133	0.5	-12.6377	120.413	0	0.877585	-0.479421	0	7863	16475
ChainingRodShaped	17480	2.32672	0.5	-44.911	-56.7706	0	-0.298128	-0.954526	0	None	None
ChainingRodShaped	17858	2.31374	0.5	-71.0208	32.5798	0	0.860182	0.509987	0	None	None
ChainingRodShaped	7310	4.64905	0.5	4.14731	-31.8921	0	0.631604	-0.775291	0	None	None
ChainingRodShaped	8024	4.98833	0.5	-18.6392	76.0885	0	0.812776	-0.582577	0	None	None
ChainingRodShaped	10250	4.147	0.5	-16.5037	-0.213999	0	0.925943	-0.377663	0	None	None
ChainingRodShaped	12148	3.70728	0.5	-26.6817	-8.57015	0	-0.836274	-0.548312	0	None	None
ChainingRodShaped	13686	3.98464	0.5	58.3599	59.7994	0	-0.108715	-0.994073	0	None	None
ChainingRodShaped	15124	3.15664	0.5	-95.1325	100.347	0	-0.754893	-0.655848	0	None	None
ChainingRodShaped	8636	4.04911	0.5	-64.3772	82.5295	0	-0.990307	0.138897	0	None	None
ChainingRodShaped	19618	2.03121	0.5	-61.8756	31.7751	0	0.857213	0.514962	0	None	None
ChainingRodShaped	12102	4.25076	0.5	-86.7714	81.36	0	-0.965451	0.260584	0	None	None
ChainingRodShaped	17802	2.72975	0.5	-24.9108	55.6461	0	-0.716485	0.697602	0	None	None
ChainingRodShaped	12262	4.893	0.5	57.4041	59.1395	0	-0.113236	-0.993568	0	None	None
ChainingRodShaped	6062	4.86667	0.5	39.6304	92.8527	0	0.6139	-0.789384	0	None	None
ChainingRodShaped	19650	2.0371	0.5	-36.0685	-18.9786	0	-0.776739	-0.629823	0	None	None
ChainingRodShaped	16364	3.15173	0.5	-12.5831	77.0916	0	-0.292082	0.956393	0	None	None
ChainingRodShaped	16136	3.01212	0.5	-49.9318	44.4324	0	0.572925	-0.819608	0	None	None
ChainingRodShaped	17780	2.76239	0.5	-82.4938	58.3752	0	-0.0756436	-0.997135	0	None	None
ChainingRodShaped	14066	4.14506	0.5	15.4645	-41.2958	0	0.697378	0.716704	0	None	None
ChainingRodShaped	18684	2.26098	0.5	-33.8388	4.04813	0	-0.10958	-0.993978	0	None	None
ChainingRodShaped	12726	3.98131	0.5	28.5399	63.6253	0	0.996791	-0.0800453	0	None	None
ChainingRodShaped	12444	4.04334	0.5	17.1117	-32.0196	0	0.542238	0.840225	0	None	None
ChainingRodShaped	7426	4.44448	0.5	-19.6021	18.4307	0	0.844259	-0.535935	0	None	None
ChainingRodShaped	16132	2.65765	0.5	-61.3708	102.28	0	-0.854724	-0.519082	0	None	None
ChainingRodShaped	15578	2.58503	0.5	-1.87957	-38.625	0	0.691334	0.722536	0	None	None
ChainingRodShaped	9378	4.2618	0.5	-181.509	-115.033	0	-0.458309	0.888793	0	16288	11675
ChainingRodShaped	6066	4.9265	0.5	-89.5146	64.4376	0	0.80822	0.588881	0	None	None
ChainingRodShaped	19202	2.20932	0.5	-49.65	111.627	0	0.439962	-0.898017	0	None	None
ChainingRodShaped	16572	2.67415	0.5	122.375	26.2722	0	-0.755178	-0.65552	0	16573	8527
ChainingRodShaped	11030	3.72195	0.5	-11.2362	26.3859	0	-0.720426	-0.693532	0	None	None
ChainingRodShaped	15428	3.46874	0.5	49.7484	3.35013	0	-0.96238	-0.271707	0	None	None
ChainingRodShaped	19248	2.15925	0.5	-102.519	-15.7147	0	-0.86159	0.507604	0	None	None
ChainingRodShaped	14576	3.73127	0.5	63.051	62.4684	0	0.265966	-0.963983	0	14577	14013
ChainingRodShaped	11304	3.97592	0.5	25.3867	-13.4068	0	0.984925	-0.17298	0	None	None
ChainingRodShaped	15194	3.12406	0.5	-72.8943	81.7554	0	-0.988221	0.153034	0	None	None
ChainingRodShaped	14074	4.00381	0.5	25.8723	31.6185	0	0.257052	0.966397	0	None	None
ChainingRodShaped	18826	2.23842	0.5	11.0666	9.77096	0	-0.587094	0.809519	0	None	None
ChainingRodShaped	12646	4.43817	0.5	33.1438	109.217	0	0.367353	-0.930082	0	None	None
ChainingRodShaped	13694	3.39879	0.5	70.2982	9.35572	0	0.592201	0.80579	0	None	None
ChainingRodShaped	11004	4.15715	0.5	-47.2062	126.585	0	-0.981897	0.189413	0	None	None
ChainingRodShaped	12286	4.35564	0.5	-67.8158	74.5732	0	0.988282	-0.152642	0	None	None
ChainingRodShaped	14778	2.91825	0.5	78.8036	2.0619	0	0.85006	0.526686	0	14779	13597
ChainingRodShaped	17902	2.34658	0.5	-84.5741	51.6226	0	0.0719254	-0.99741	0	None	None
ChainingRodShaped	18514	2.38045	0.5	-41.3176	50.9556	0	0.613449	-0.789734	0	None	None
ChainingRodShaped	17430	2.70172	0.5	-121.928	45.287	0	-0.957786	-0.287481	0	None	None
ChainingRodShaped	7402	4.5599	0.5	-62.6751	89.0641	0	0.803257	-0.595632	0	None	None
ChainingRodShaped	17616	2.55732	0.5	-111.849	56.8027	0	0.746034	-0.665907	0	None	None
ChainingRodShaped	16250	3.13675	0.5	21.1741	74.1954	0	0.980041	-0.198794	0	None	None
ChainingRodShaped	16948	2.92292	0.5	-0.43552	18.6142	0	-0.34281	-0.939405	0	None	None
ChainingRodShaped	10876	4.13301	0.5	44.1022	6.79683	0	-0.99851	0.0545627	0	None	None
ChainingRodShaped	14168	2.83601	0.5	-62.591	29.6211	0	0.876968	0.480549	0	None	None
ChainingRodShaped	16294	2.8496	0.5	49.249	-2.46865	0	0.722946	0.690905	0	None	None
ChainingRodShaped	8436	4.68382	0.5	-35.5811	-40.9913	0	-0.676914	-0.736062	0	None	None
ChainingRodShaped	11484	4.678	0.5	-50.4942	-20.1617	0	-0.990433	-0.137993	0	None	None
ChainingRodShaped	14650	3.59248	0.5	-54.3506	33.9879	0	0.985986	-0.166831	0	None	None
ChainingRodShaped	6474	4.78414	0.5	-194.549	14.6093	0	-0.0812907	-0.99669	0	6475	14795
ChainingRodShaped	16308	2.6831	0.5	-101.191	-32.1453	0	0.442624	-0.896707	0	None	None
ChainingRodShaped	18654	2.36912	0.5	-55.9539	-34.0975	0	0.999836	-0.0180997	0	None	None
ChainingRodShaped	13490	3.059	0.5	16.9403	93.0346	0	1	0.000994971	0	None	None
ChainingRodShaped	18034	2.39147	0.5	-112.121	55.931	0	0.752661	-0.658408	0	None	None
ChainingRodShaped	11420	3.1667	0.5	-122.423	-1.48947	0	0.410491	-0.911865	0	11421	12559
ChainingRodShaped	19184	2.20721	0.5	9.45553	-36.0584	0	-0.0859321	-0.996301	0	None	None
ChainingRodShaped	13792	3.01888	0.5	-53.9418	44.5952	0	0.665413	-0.746475	0	None	None
ChainingRodShaped	17260	2.45733	0.5	-41.5116	110.769	0	-0.0470049	0.998895	0	None	None
ChainingRodShaped	18602	2.2257	0.5	34.0846	-17.9292	0	0.762762	0.646679	0	None	None
ChainingRodShaped	18230	2.20088	0.5	-63.3719	-13.9948	0	-0.99946	0.0328464	0	None	None
ChainingRodShaped	5738	4.50096	0.5	214.468	81.5086	0	0.351511	-0.936184	0	12248	19309
ChainingRodShaped	12546	3.24524	0.5	-13.8571	40.433	0	0.764588	0.64452	0	None	None
ChainingRodShaped	12280	3.34207	0.5	-27.7718	91.266	0	0.997204	-0.0747236	0	None	None
ChainingRodShaped	10852	4.72768	0.5	-46.8521	-4.92144	0	0.413978	-0.910287	0	None	None
ChainingRodShaped	11552	4.77732	0.5	-53.2607	-23.6648	0	-0.99297	-0.118365	0	None	None
ChainingRodShaped	9280	4.28439	0.5	68.8056	-69.7898	0	-0.900355	0.435156	0	9281	7875
ChainingRodShaped	8684	4.11383	0.5	-45.0817	103.029	0	-0.321567	-0.946887	0	None	None
ChainingRodShaped	19704	2.01252	0.5	10.3829	-24.8917	0	0.920324	-0.391157	0	None	None
ChainingRodShaped	17706	2.44937	0.5	52.4119	-3.60848	0	0.755797	0.654806	0	None	None
ChainingRodShaped	11870	4.41825	0.5	-61.775	61.9034	0	0.861489	0.507776	0	None	None
ChainingRodShaped	12592	3.28919	0.5	48.8335	23.3845	0	0.00815148	-0.999967	0	None	None
ChainingRodShaped	11918	3.9094	0.5	-56.2538	6.29932	0	-0.0529161	0.998599	0	None	None
ChainingRodShaped	6698	4.63506	0.5	33.6248	75.5245	0	0.941063	-0.338231	0	None	None
ChainingRodShaped	14982	3.66019	0.5	-6.10426	41.4261	0	0.875731	0.482799	0	None	None
ChainingRodShaped	7978	4.28053	0.5	-10.6223	-21.6991	0	0.190234	0.981739	0	None	None
ChainingRodShaped	7344	4.39212	0.5	148.47	175.552	0	-0.00721612	0.999974	0	7345	11735
ChainingRodShaped	18604	2.44096	0.5	-57.9784	63.9842	0	-0.861675	-0.50746	0	None	None
ChainingRodShaped	14550	2.82178	0.5	-86.8003	110.402	0	-0.94675	-0.321971	0	None	None
ChainingRodShaped	13982	4.07701	0.5	27.6134	40.8877	0	-0.254586	0.96705	0	None	None
ChainingRodShaped	9472	4.66197	0.5	-6.91462	36.0686	0	0.917007	0.398872	0	None	None
ChainingRodShaped	15086	2.86203	0.5	59.2668	-12.1208	0	0.657712	0.753269	0	None	None
ChainingRodShaped	13636	3.49262	0.5	-68.0692	10.2663	0	0.851115	0.524979	0	None	None
ChainingRodShaped	10254	3.84898	0.5	-8.06801	14.8698	0	-0.632243	0.77477	0	None	None
ChainingRodShaped	13078	3.55353	0.5	-40.3954	19.5143	0	0.999622	-0.0274924	0	None	None
ChainingRodShaped	18998	2.11931	0.5	-90.9604	42.0161	0	-0.201343	-0.979521	0	None	None
ChainingRodShaped	11138	3.23822	0.5	-260.285	-34.3861	0	-0.852964	0.52197	0	11139	11931
ChainingRodShaped	11286	4.34752	0.5	7.00948	10.5182	0	-0.511053	0.859549	0	None	None
ChainingRodShaped	14346	4.10088	0.5	-27.8577	117.208	0	-0.810275	-0.586049	0	None	None
ChainingRodShaped	17866	2.20518	0.5	27.0781	-48.2154	0	0.755932	0.65465	0	17867	7775
ChainingRodShaped	18712	2.17282	0.5	-15.7557	115.993	0	-0.753802	0.657101	0	None	None
ChainingRodShaped	6900	4.15562	0.5	207.782	142.603	0	-0.165069	-0.986282	0	11868	9431
ChainingRodShaped	13822	3.3373	0.5	-89.9717	116.427	0	-0.0722485	0.997387	0	13823	9811
ChainingRodShaped	19238	2.06644	0.5	-1.15438	62.7476	0	0.441852	0.897088	0	None	None
ChainingRodShaped	13848	3.26807	0.5	-113.962	41.455	0	0.906304	0.422627	0	None	None
ChainingRodShaped	11248	3.10091	0.5	192.091	183.797	0	0.568449	-0.822718	0	11249	12821
ChainingRodShaped	14514	4.18384	0.5	-30.9694	28.3024	0	0.979433	-0.201772	0	None	None
ChainingRodShaped	17550	2.31916	0.5	-109.015	-11.3389	0	-0.675913	0.736981	0	17551	12467
ChainingRodShaped	10614	4.16393	0.5	-23.6177	-54.8903	0	0.510985	0.859589	0	None	None
ChainingRodShaped	15676	3.34258	0.5	68.1601	39.6091	0	0.468804	-0.883302	0	None	None
ChainingRodShaped	16720	2.66557	0.5	-84.9956	-3.69222	0	-0.780572	-0.625065	0	None	None
ChainingRodShaped	9406	3.84094	0.5	-81.0902	37.1326	0	-0.365819	-0.930686	0	None	None
ChainingRodShaped	11792	4.68643	0.5	25.4437	-37.5193	0	-0.826963	-0.562256	0	None	None
ChainingRodShaped	16704	2.65171	0.5	-14.7893	-41.1815	0	0.873535	0.48676	0	None	None
ChainingRodShaped	12260	3.45453	0.5	-13.981	-28.7934	0	-0.41278	0.910831	0	None	None
ChainingRodShaped	13304	3.21259	0.5	-103.979	-17.9155	0	0.860519	-0.509418	0	None	None
ChainingRodShaped	19210	2.12212	0.5	15.9714	46.8716	0	-0.236904	-0.971533	0	None	None
ChainingRodShaped	14656	3.83977	0.5	-63.4065	106.159	0	-0.859242	-0.511569	0	None	None
ChainingRodShaped	17324	2.67774	0.5	76.7858	27.95	0	-0.341211	-0.939987	0	None	None
ChainingRodShaped	12816	3.82191	0.5	-98.1232	90.6372	0	0.899741	0.436424	0	None	None
ChainingRodShaped	17188	2.4057	0.5	-65.5861	12.5526	0	0.862912	0.505354	0	None	None
ChainingRodShaped	11670	4.65226	0.5	30.5702	38.2521	0	-0.181738	0.983347	0	None	None
ChainingRodShaped	14116	3.30645	0.5	-29.6	-31.9483	0	-0.774466	-0.632616	0	None	None
ChainingRodShaped	8592	4.68401	0.5	42.828	18.779	0	0.418655	-0.908145	0	None	None
ChainingRodShaped	19080	2.13421	0.5	-97.1771	-8.28322	0	0.971207	0.238237	0	None	None
ChainingRodShaped	14148	3.60863	0.5	30.8927	52.1722	0	-0.283268	-0.959041	0	None	None
ChainingRodShaped	13574	3.7804	0.5	-98.4903	-12.0059	0	-0.966246	-0.25762	0	None	None
ChainingRodShaped	10616	4.07881	0.5	-104.583	70.8517	0	0.0153207	-0.999883	0	None	None
ChainingRodShaped	10668	3.79983	0.5	-72.467	108.55	0	-0.872983	-0.48775	0	None	None
ChainingRodShaped	15626	3.56596	0.5	-39.5708	29.2466	0	0.305753	-0.952111	0	None	None
ChainingRodShaped	15680	2.86531	0.5	-71.6142	-50.9959	0	0.987697	-0.156382	0	None	None
ChainingRodShaped	18678	2.18991	0.5	29.7494	19.4525	0	0.246954	0.969027	0	None	None
ChainingRodShaped	14736	3.65041	0.5	-46.2749	-46.6501	0	0.619266	0.785182	0	None	None
ChainingRodShaped	12414	4.73667	0.5	-3.83616	76.0903	0	0.000294755	1	0	None	None
ChainingRodShaped	12562	3.21805	0.5	-109.885	52.7144	0	0.981976	0.189006	0	None	None
ChainingRodShaped	16826	3.16046	0.5	52.0465	39.8646	0	-0.907791	-0.419423	0	None	None
ChainingRodShaped	11112	4.9677	0.5	58.2492	-0.261633	0	0.522934	0.852373	0	None	None
ChainingRodShaped	12368	4.5466	0.5	99.8503	49.7183	0	0.328427	0.944529	0	12369	9139
ChainingRodShaped	12886	4.44934	0.5	-17.9332	30.9993	0	0.893421	-0.449219	0	None	None
ChainingRodShaped	17144	2.83258	0.5	28.9734	20.979	0	0.940398	0.340075	0	None	None
ChainingRodShaped	6162	4.94964	0.5	50.4417	88.577	0	0.655487	-0.755206	0	13278	16907
ChainingRodShaped	13296	3.36385	0.5	-90.857	77.1799	0	0.978011	-0.208552	0	None	None
ChainingRodShaped	14670	2.94698	0.5	-116.997	-15.8867	0	-0.759459	0.650555	0	14671	13051
ChainingRodShaped	12660	4.76456	0.5	-120.012	30.9403	0	0.949282	0.314426	0	None	None
ChainingRodShaped	11876	3.95443	0.5	17.2682	59.3437	0	0.479151	0.877732	0	None	None
ChainingRodShaped	13122	4.47625	0.5	-44.6295	82.3267	0	0.998077	-0.0619893	0	None	None
ChainingRodShaped	10506	4.54087	0.5	-59.1562	68.846	0	-0.881272	-0.47261	0	None	None
ChainingRodShaped	18624	2.17318	0.5	60.4665	34.5421	0	-0.27543	0.961321	0	None	None
ChainingRodShaped	18058	2.62235	0.5	3.90446	62.103	0	0.521502	0.85325	0	None	None
ChainingRodShaped	17570	2.43552	0.5	19.3689	15.5624	0	-0.220889	0.975299	0	None	None
ChainingRodShaped	14320	3.99056	0.5	-37.506	11.5095	0	0.791059	0.611739	0	None	None
ChainingRodShaped	11018	3.42874	0.5	-25.9129	-13.1482	0	-0.798063	-0.602574	0	None	None
ChainingRodShaped	15876	2.91292	0.5	-29.9918	75.1762	0	0.980265	-0.197689	0	None	None
ChainingRodShaped	16722	2.42778	0.5	-173.893	162.334	0	-0.184534	-0.982826	0	16723	8297
ChainingRodShaped	6216	4.28324	0.5	182.26	231.87	0	-0.263891	-0.964553	0	11832	11137
ChainingRodShaped	12320	3.78337	0.5	-107.439	9.57635	0	0.149457	0.988768	0	None	None
ChainingRodShaped	14500	3.40153	0.5	-28.5825	107.358	0	-0.559031	0.829147	0	None	None
ChainingRodShaped	16788	2.33134	0.5	-129.151	107.261	0	0.631959	-0.775002	0	16789	12121
ChainingRodShaped	9222	4.4907	0.5	42.8418	10.2326	0	-0.990943	0.13428	0	None	None
ChainingRodShaped	17842	2.50847	0.5	-77.9357	16.7271	0	0.852799	0.522239	0	None	None
ChainingRodShaped	7024	4.33189	0.5	20.3935	176.566	0	-0.537865	-0.843031	0	16194	6451
ChainingRodShaped	11400	3.47623	0.5	42.8596	88.7245	0	-0.623637	0.781714	0	None	None
ChainingRodShaped	14742	2.96699	0.5	-102.598	28.3874	0	-0.737009	-0.675883	0	None	None
ChainingRodShaped	15748	2.86348	0.5	35.4568	219.522	0	-0.969226	0.246174	0	15749	5889
ChainingRodShaped	15420	3.54809	0.5	-6.49212	22.2267	0	0.723965	0.689837	0	None	None
ChainingRodShaped	15732	2.82095	0.5	-52.6982	-62.8511	0	-0.955844	-0.293875	0	None	None
ChainingRodShaped	12612	3.72165	0.5	6.62399	92.4409	0	0.860275	0.50983	0	None	None
ChainingRodShaped	9880	3.98239	0.5	-64.13	87.1238	0	0.812655	-0.582745	0	None	None
ChainingRodShaped	10352	4.08057	0.5	-12.502	99.4089	0	0.223698	0.974659	0	None	None
ChainingRodShaped	18304	2.17534	0.5	-188.564	131.579	0	-0.426741	-0.904374	0	18305	6099
ChainingRodShaped	16904	2.77991	0.5	-36.0709	67.7668	0	-0.962082	-0.27276	0	None	None
ChainingRodShaped	10660	3.98415	0.5	-61.4204	105.282	0	-0.864955	-0.50185	0	None	None
ChainingRodShaped	14880	2.89311	0.5	-51.2821	80.1059	0	0.995994	-0.0894252	0	None	None
ChainingRodShaped	17054	2.90376	0.5	58.8202	51.5748	0	0.0538846	-0.998547	0	None	None
ChainingRodShaped	17360	2.63858	0.5	-40.6896	52.9524	0	-0.230845	-0.97299	0	None	None
ChainingRodShaped	14436	4.12197	0.5	-91.286	-9.65235	0	-0.952852	-0.303437	0	None	None
ChainingRodShaped	9440	4.44149	0.5	-38.427	7.56775	0	0.791953	0.610582	0	None	None
ChainingRodShaped	9292	3.98118	0.5	204.957	5.07907	0	-0.875388	-0.483422	0	17830	19543
ChainingRodShaped	12362	3.72322	0.5	-79.5874	31.2178	0	0.869979	0.493089	0	None	None
ChainingRodShaped	13896	2.94675	0.5	79.6624	23.4634	0	-0.775963	-0.630778	0	13897	12813
ChainingRodShaped	12180	4.30018	0.5	-135.164	53.3306	0	-0.45807	-0.888916	0	12181	16909
ChainingRodShaped	14200	3.63325	0.5	113.358	194.694	0	0.391763	0.920066	0	14201	6553
ChainingRodShaped	10328	4.10783	0.5	-84.4638	95.6413	0	0.249439	0.96839	0	None	None
ChainingRodShaped	17168	2.88877	0.5	-107.815	-18.7407	0	-0.706671	0.707543	0	None	None
ChainingRodShaped	12658	3.31652	0.5	-22.5256	74.5703	0	0.828065	-0.560633	0	None	None
ChainingRodShaped	17500	2.68085	0.5	-35.6392	66.4678	0	-0.956506	-0.291714	0	None	None
ChainingRodShaped	11448	4.45782	0.5	-18.6025	93.5653	0	0.238951	-0.971032	0	None	None
ChainingRodShaped	19504	2.06109	0.5	-48.9091	92.1268	0	0.999894	-0.0145678	0	None	None
ChainingRodShaped	14488	3.74434	0.5	11.302	-2.90797	0	0.825546	-0.564334	0	None	None
ChainingRodShaped	18372	2.24513	0.5	-18.8309	-34.0552	0	0.482832	-0.875713	0	None	None
ChainingRodShaped	19456	2.05317	0.5	-64.6759	63.8937	0	-0.787189	-0.616711	0	None	None
ChainingRodShaped	17210	2.61372	0.5	-25.7316	116.309	0	0.869647	0.493674	0	None	None
ChainingRodShaped	9416	3.79448	0.5	-101.529	-39.3403	0	0.317021	-0.948419	0	16422	13725
ChainingRodShaped	16890	2.38386	0.5	-68.7118	66.6192	0	-0.790678	-0.612233	0	None	None
ChainingRodShaped	16172	2.68613	0.5	-51.9621	-11.5919	0	0.997529	0.0702523	0	None	None
ChainingRodShaped	12884	4.8716	0.5	32.1111	92.5444	0	0.628261	0.778003	0	None	None
ChainingRodShaped	17336	2.4124	0.5	22.0858	-5.6623	0	-0.94499	-0.3271	0	None	None
ChainingRodShaped	15962	2.79714	0.5	-78.7721	17.1179	0	0.847566	0.530691	0	None	None
ChainingRodShaped	15900	3.11141	0.5	-4.52195	78.3505	0	-0.00976182	0.999952	0	None	None
ChainingRodShaped	14338	3.54388	0.5	7.96314	-1.67484	0	0.838954	-0.544202	0	None	None
ChainingRodShaped	7924	4.63748	0.5	-76.6968	105.3	0	-0.983579	-0.180478	0	None	None
ChainingRodShaped	17284	2.45811	0.5	-48.2915	89.842	0	0.999485	-0.0320992	0	None	None
ChainingRodShaped	12786	3.49568	0.5	-1.37745	-31.4046	0	0.777532	0.628844	0	None	None
ChainingRodShaped	18376	2.14162	0.5	113.767	145.469	0	0.378223	-0.925714	0	18377	8199
ChainingRodShaped	11812	4.69214	0.5	-5.6388	95.3726	0	0.159655	-0.987173	0	None	None
ChainingRodShaped	17356	2.63783	0.5	6.38884	10.1512	0	-0.502463	0.864599	0	None	None
ChainingRodShaped	9062	4.5609	0.5	19.7651	173.826	0	0.532405	0.84649	0	15840	17957
ChainingRodShaped	11646	4.96474	0.5	68.8212	103.999	0	-0.781871	0.62344	0	11647	8557
ChainingRodShaped	11910	3.25584	0.5	-71.4864	-41.4051	0	0.621633	-0.783308	0	None	None
ChainingRodShaped	10950	4.74545	0.5	-75.642	-38.6937	0	0.87629	0.481783	0	None	None
ChainingRodShaped	7714	4.5633	0.5	-69.2763	-37.6231	0	0.777709	0.628625	0	None	None
ChainingRodShaped	14026	3.47795	0.5	-13.578	-36.7202	0	0.872872	0.487949	0	None	None
ChainingRodShaped	12190	3.57922	0.5	-16.9933	-31.9831	0	-0.456337	0.889807	0	None	None
ChainingRodShaped	12566	4.03988	0.5	-38.273	-12.2758	0	0.378615	-0.925554	0	None	None
ChainingRodShaped	17560	2.36662	0.5	-81.9248	-20.242	0	-0.97757	0.210611	0	None	None
ChainingRodShaped	13744	3.44496	0.5	26.7456	-24.9754	0	-0.239787	0.970826	0	None	None
ChainingRodShaped	17182	2.49086	0.5	-60.2508	21.9766	0	0.856474	0.516191	0	None	None
ChainingRodShaped	5740	4.76375	0.5	-153.351	-62.1804	0	0.999685	-0.0250846	0	9814	9333
ChainingRodShaped	12584	3.49567	0.5	15.7221	-12.7654	0	0.998881	0.0472931	0	None	None
ChainingRodShaped	15474	2.77248	0.5	40.5168	78.9932	0	-0.89969	0.436529	0	None	None
ChainingRodShaped	15792	2.86363	0.5	-54.9241	-29.6854	0	0.789117	0.614243	0	None	None
ChainingRodShaped	7540	4.35908	0.5	20.1084	87.5977	0	0.97019	0.242344	0	None	None
ChainingRodShaped	7740	4.8188	0.5	-97.6318	-10.1814	0	-0.971221	-0.23818	0	None	None
ChainingRodShaped	19088	2.09932	0.5	-71.1823	-48.5137	0	0.734407	-0.678709	0	None	None
ChainingRodShaped	8886	4.48991	0.5	-91.9773	-37.1549	0	-0.0899097	-0.99595	0	None	None
ChainingRodShaped	15364	3.40154	0.5	13.8057	17.487	0	0.622248	-0.78282	0	None	None
ChainingRodShaped	8096	4.18305	0.5	91.2918	9.50746	0	-0.91165	-0.410968	0	8097	6429
ChainingRodShaped	18102	2.42325	0.5	29.1043	111.984	0	0.497056	0.867719	0	None	None
ChainingRodShaped	12538	4.41669	0.5	-110.556	38.9855	0	0.993111	0.117179	0	None	None
ChainingRodShaped	15244	3.83564	0.5	-62.3226	18.9336	0	0.845167	0.534503	0	None	None
ChainingRodShaped	17106	2.40863	0.5	7.23324	-34.426	0	0.587686	-0.809089	0	None	None
ChainingRodShaped	15606	2.84965	0.5	-64.2915	-1.63549	0	-0.206614	-0.978423	0	None	None
ChainingRodShaped	17662	2.30083	0.5	-43.9135	-56.7368	0	-0.306381	-0.951909	0	None	None
ChainingRodShaped	6512	4.73664	0.5	42.5312	56.2313	0	0.9416	-0.336734	0	None	None
ChainingRodShaped	8802	4.06925	0.5	-80.103	8.64512	0	0.827338	0.561704	0	None	None
ChainingRodShaped	17644	2.75064	0.5	-55.148	35.5122	0	0.987965	-0.154675	0	None	None
ChainingRodShaped	10716	4.31442	0.5	32.1614	-27.4479	0	-0.946292	0.323312	0	None	None
ChainingRodShaped	12920	4.25478	0.5	-23.1966	46.6067	0	0.39075	-0.920497	0	None	None
ChainingRodShaped	7230	3.92043	0.5	143.128	-43.9333	0	0.676933	-0.736045	0	18980	16305
ChainingRodShaped	8828	4.98906	0.5	-53.3524	96.1015	0	-0.732323	-0.680957	0	None	None
ChainingRodShaped	16516	2.9942	0.5	-38.3746	85.026	0	0.996406	-0.0847008	0	None	None
ChainingRodShaped	17268	2.95734	0.5	-58.6671	57.7474	0	0.664923	0.746912	0	None	None
ChainingRodShaped	8192	4.67727	0.5	162.912	30.4827	0	-0.517667	0.855582	0	14076	12225
ChainingRodShaped	13272	3.17208	0.5	-79.5542	-46.4694	0	0.977261	-0.212038	0	None	None
ChainingRodShaped	17064	2.68553	0.5	-29.9659	112.98	0	-0.687698	0.725996	0	None	None
ChainingRodShaped	10830	4.23325	0.5	-67.7667	-18.2512	0	-0.990101	0.140354	0	None	None
ChainingRodShaped	8766	4.26324	0.5	-30.727	43.3785	0	-0.52722	0.849729	0	None	None
ChainingRodShaped	18734	2.34752	0.5	47.2408	-1.49041	0	0.960184	0.279367	0	None	None
ChainingRodShaped	19628	2.02172	0.5	-73.7196	-7.03357	0	0.998079	0.0619463	0	None	None
ChainingRodShaped	17878	2.7185	0.5	-31.2172	19.254	0	0.704441	0.709763	0	None	None
ChainingRodShaped	15908	3.45633	0.5	36.6471	-3.44875	0	0.747722	0.664012	0	None	None
ChainingRodShaped	19510	2.03372	0.5	-77.9992	67.7266	0	0.396834	0.917891	0	None	None
ChainingRodShaped	12284	3.0963	0.5	-175.923	95.1444	0	0.848876	-0.528593	0	12285	12643
ChainingRodShaped	10284	4.45378	0.5	-11.1366	49.3326	0	0.885155	0.465296	0	None	None
ChainingRodShaped	10618	4.60372	0.5	4.39168	13.7454	0	-0.667722	-0.744411	0	None	None
ChainingRodShaped	12548	4.03689	0.5	33.7499	6.64993	0	0.879473	0.475949	0	None	None
ChainingRodShaped	15670	3.25295	0.5	-38.3324	31.8091	0	0.319568	-0.947563	0	None	None
ChainingRodShaped	15882	2.45575	0.5	45.0519	91.8908	0	0.641009	-0.767534	0	15883	17335
ChainingRodShaped	5836	4.58834	0.5	-81.2421	-23.75	0	-0.980342	0.197306	0	5837	12503
ChainingRodShaped	10894	3.69925	0.5	-106.932	91.7276	0	-0.997054	0.0767014	0	None	None
ChainingRodShaped	17030	2.86615	0.5	-30.314	-28.5865	0	0.91742	-0.397921	0	None	None
ChainingRodShaped	10538	4.76552	0.5	-58.7905	56.6517	0	0.672289	0.740289	0	None	None
ChainingRodShaped	15638	2.81812	0.5	-95.8447	73.1952	0	0.409415	-0.912348	0	None	None
ChainingRodShaped	15034	3.34489	0.5	23.3483	44.7672	0	-0.0998453	-0.995003	0	None	None
ChainingRodShaped	10936	3.46969	0.5	66.5717	9.82537	0	0.775605	0.631218	0	None	None
ChainingRodShaped	11982	3.75209	0.5	25.9821	-25.1227	0	-0.237687	0.971342	0	None	None
ChainingRodShaped	16482	2.58498	0.5	-53.8099	-0.0404031	0	0.0734347	-0.9973	0	None	None
ChainingRodShaped	13354	3.81736	0.5	-2.12951	-1.90154	0	0.997224	-0.0744575	0	None	None
ChainingRodShaped	11942	3.94829	0.5	37.3808	1.75082	0	-0.94975	-0.313011	0	None	None
ChainingRodShaped	12002	3.5917	0.5	-37.245	93.6162	0	0.927914	-0.372793	0	None	None
ChainingRodShaped	8348	4.60509	0.5	-164.958	40.7226	0	-0.992889	-0.119048	0	8349	8815
ChainingRodShaped	14784	4.05047	0.5	-25.8467	74.1247	0	0.837827	-0.545936	0	None	None
ChainingRodShaped	9676	4.27627	0.5	-90.2076	76.2131	0	0.978399	-0.206725	0	None	None
ChainingRodShaped	11810	3.8205	0.5	98.8889	14.1357	0	0.899947	0.436	0	11811	10401
ChainingRodShaped	19732	2.01043	0.5	-48.8694	47.7162	0	0.560026	-0.828475	0	None	None
ChainingRodShaped	11980	3.16458	0.5	-3.33849	200.861	0	0.816428	0.577447	0	11981	6565
ChainingRodShaped	11916	4.68773	0.5	-65.9976	122.255	0	0.144719	0.989473	0	None	None
ChainingRodShaped	6586	4.80345	0.5	-26.3218	-10.8278	0	-0.819503	-0.573076	0	None	None
ChainingRodShaped	13508	4.19622	0.5	-51.1132	17.0792	0	0.114755	0.993394	0	None	None
ChainingRodShaped	12416	4.56769	0.5	-6.17374	-9.81192	0	0.999999	-0.00135336	0	None	None
ChainingRodShaped	14238	4.33611	0.5	-34.9711	-4.9409	0	-0.172645	-0.984984	0	None	None
ChainingRodShaped	12628	3.51735	0.5	-23.021	74.0203	0	0.830557	-0.556934	0	None	None
ChainingRodShaped	18420	2.23357	0.5	-32.6681	78.0207	0	0.692286	-0.721623	0	None	None
ChainingRodShaped	14942	3.36406	0.5	-109.798	51.845	0	0.983008	0.183561	0	None	None
ChainingRodShaped	12826	4.28787	0.5	-40.1888	18.9999	0	0.999847	-0.0175029	0	None	None
ChainingRodShaped	6502	4.92835	0.5	14.6667	15.3169	0	0.614448	-0.788958	0	None	None
ChainingRodShaped	6530	4.79967	0.5	-71.6825	63.3143	0	-0.563112	-0.82638	0	None	None
ChainingRodShaped	15796	3.16107	0.5	20.6845	75.0959	0	0.980219	-0.197917	0	None	None
ChainingRodShaped	12186	4.75474	0.5	-60.0279	118.358	0	0.188058	-0.982158	0	None	None
ChainingRodShaped	9588	4.22104	0.5	-73.6983	45.7825	0	0.0782928	-0.99693	0	None	None
ChainingRodShaped	14318	3.64664	0.5	34.2801	101.449	0	0.399733	0.916632	0	None	None
ChainingRodShaped	15306	3.27343	0.5	0.421236	63.8949	0	0.491148	0.871076	0	None	None
ChainingRodShaped	8554	4.53933	0.5	-60.7945	24.748	0	0.895849	0.444358	0	None	None
ChainingRodShaped	11344	3.85263	0.5	-20.0226	-41.9808	0	0.981119	0.193404	0	None	None
ChainingRodShaped	7004	4.77219	0.5	-25.6671	101.991	0	0.980016	0.198917	0	None	None
ChainingRodShaped	10234	4.59798	0.5	37.1786	-33.7253	0	-0.651145	-0.758953	0	None	None
ChainingRodShaped	13234	3.96882	0.5	10.3669	8.22204	0	-0.570833	0.821066	0	None	None
ChainingRodShaped	7466	4.56035	0.5	5.67835	72.7839	0	0.539341	0.842088	0	None	None
ChainingRodShaped	12478	3.07871	0.5	45.0351	1.30084	0	-0.969802	-0.243895	0	12479	17241
ChainingRodShaped	18016	2.28099	0.5	-50.5377	-9.83266	0	0.998144	0.0608982	0	None	None
ChainingRodShaped	5820	4.42192	0.5	33.1687	114.749	0	-0.327081	0.944996	0	13128	10533
ChainingRodShaped	13700	3.11566	0.5	-37.5474	86.5492	0	0.996331	-0.0855868	0	None	None
ChainingRodShaped	18290	2.30163	0.5	-85.4299	73.5516	0	-0.980351	0.19726	0	None	None
ChainingRodShaped	18824	2.22105	0.5	-28.4327	-41.4324	0	-0.393519	-0.919316	0	None	None
ChainingRodShaped	18214	2.5582	0.5	-8.86337	-17.6759	0	-0.886748	0.462254	0	None	None
ChainingRodShaped	7176	4.13002	0.5	117.452	90.0776	0	0.486998	0.873403	0	18596	14557
ChainingRodShaped	14856	2.7101	0.5	31.7836	8.70448	0	-0.205602	-0.978636	0	None	None
ChainingRodShaped	13962	4.36978	0.5	-23.7667	46.6664	0	0.399897	-0.91656	0	None	None
ChainingRodShaped	10994	3.84476	0.5	-45.3959	-43.0784	0	0.70722	0.706993	0	None	None
ChainingRodShaped	11200	4.23894	0.5	10.1894	83.774	0	-0.747884	-0.663829	0	None	None
ChainingRodShaped	15138	3.40434	0.5	-45.2816	15.0736	0	0.976188	-0.216924	0	None	None
ChainingRodShaped	14036	3.11767	0.5	113.94	140.548	0	-0.417828	0.908526	0	14037	14263
ChainingRodShaped	10834	3.23294	0.5	23.8268	-85.5041	0	0.162205	0.986757	0	10835	17301
ChainingRodShaped	16376	2.48047	0.5	29.0217	-42.3288	0	0.999952	0.00981893	0	None	None
ChainingRodShaped	12790	2.86912	0.5	59.2214	176.545	0	0.558058	-0.829802	0	12791	11665
ChainingRodShaped	8872	4.62724	0.5	-57.1551	1.33222	0	-0.396293	-0.918124	0	None	None
ChainingRodShaped	17818	2.39075	0.5	0.0278173	-8.91901	0	0.999936	0.0113056	0	None	None
ChainingRodShaped	11974	4.2983	0.5	31.3234	38.1162	0	-0.177867	0.984055	0	None	None
ChainingRodShaped	15984	3.24905	0.5	-35.0312	44.0746	0	-0.515581	0.856841	0	None	None
ChainingRodShaped	14654	3.23532	0.5	-94.1189	21.4273	0	0.320666	-0.947192	0	None	None
ChainingRodShaped	10266	4.14606	0.5	-96.5552	39.4234	0	0.908646	-0.417567	0	None	None
ChainingRodShaped	13206	4.16814	0.5	113.938	77.8975	0	-0.774175	-0.632971	0	13207	10117
ChainingRodShaped	17614	2.51712	0.5	-66.666	33.7101	0	0.792605	0.609735	0	None	None
ChainingRodShaped	12900	4.05214	0.5	30.0083	-118.597	0	-0.850487	0.525997	0	12901	19085
ChainingRodShaped	11924	3.5776	0.5	-53.323	-48.8674	0	0.364787	0.931091	0	None	None
ChainingRodShaped	16956	3.03273	0.5	-2.54566	37.8416	0	-0.933499	-0.35858	0	None	None
ChainingRodShaped	12374	3.96114	0.5	-35.4085	110.387	0	0.0165277	0.999863	0	None	None
ChainingRodShaped	12304	3.38572	0.5	19.4985	-40.3099	0	-0.20262	-0.979257	0	None	None
ChainingRodShaped	7342	4.64553	0.5	-12.8949	-1.34524	0	0.983429	0.181295	0	None	None
ChainingRodShaped	14438	2.87108	0.5	-130.623	107.49	0	-0.617543	0.786537	0	14439	7083
ChainingRodShaped	9216	3.67516	0.5	-63.7749	133.87	0	0.885605	-0.464439	0	9217	14971
ChainingRodShaped	12338	3.6562	0.5	32.6839	83.3029	0	-0.151491	-0.988459	0	None	None
ChainingRodShaped	15650	3.62824	0.5	-62.6141	-30.5442	0	0.999688	-0.0249741	0	None	None
ChainingRodShaped	16992	2.52304	0.5	-22.8466	37.788	0	0.532012	-0.846737	0	None	None
ChainingRodShaped	17934	2.28919	0.5	24.7629	107.423	0	0.716051	0.698048	0	None	None
ChainingRodShaped	6420	4.97758	0.5	-8.51987	-41.624	0	0.524627	0.851332	0	None	None
ChainingRodShaped	9858	4.9208	0.5	-33.9276	52.5113	0	0.1026	-0.994723	0	None	None
ChainingRodShaped	7730	4.97788	0.5	7.07003	-32.8016	0	0.595749	-0.80317	0	None	None
ChainingRodShaped	12722	4.32085	0.5	-16.7482	12.0592	0	0.798256	0.602318	0	None	None
ChainingRodShaped	8690	4.07357	0.5	-75.1331	69.5785	0	0.543826	0.839198	0	None	None
ChainingRodShaped	16158	2.57902	0.5	47.6871	36.5328	0	0.140196	-0.990124	0	None	None
ChainingRodShaped	13066	4.77559	0.5	38.9551	89.3745	0	-0.626436	0.779473	0	None	None
ChainingRodShaped	16714	2.44101	0.5	-74.8033	103.866	0	-0.985591	-0.169148	0	None	None
ChainingRodShaped	19320	2.06788	0.5	16.7626	95.6243	0	0.995274	-0.097105	0	None	None
ChainingRodShaped	14176	4.20665	0.5	49.2164	27.8957	0	0.482406	-0.875948	0	None	None
ChainingRodShaped	13886	3.86348	0.5	-65.8168	104.406	0	-0.962377	0.271718	0	None	None
ChainingRodShaped	18976	2.11682	0.5	-94.7587	86.1182	0	-0.63037	-0.776294	0	None	None
ChainingRodShaped	5674	4.61682	0.5	-155.677	137.275	0	0.876222	-0.481908	0	18706	17403
ChainingRodShaped	13090	4.44423	0.5	-4.75554	115.113	0	0.884601	-0.466349	0	None	None
ChainingRodShaped	10172	3.85631	0.5	-101.125	-142.843	0	-0.705842	-0.708369	0	18600	9229
ChainingRodShaped	13428	3.74975	0.5	20.1716	71.1148	0	0.986571	-0.163333	0	None	None
ChainingRodShaped	7486	4.37116	0.5	-112.837	-15.5696	0	0.531848	-0.84684	0	None	None
ChainingRodShaped	18716	2.35855	0.5	-118.271	28.7925	0	-0.939398	-0.342829	0	None	None
ChainingRodShaped	13088	4.3585	0.5	20.5075	-34.5858	0	-0.505369	-0.862903	0	None	None
ChainingRodShaped	12358	3.02422	0.5	-97.831	186.307	0	-0.872054	-0.489409	0	12359	17757
ChainingRodShaped	19152	2.12071	0.5	10.9028	64.5292	0	0.61222	0.790687	0	None	None
ChainingRodShaped	13500	2.94392	0.5	-120.955	176.495	0	-0.98155	-0.191205	0	13501	6741
ChainingRodShaped	14014	4.02479	0.5	-8.30267	1.19187	0	0.965017	-0.262188	0	None	None
ChainingRodShaped	18920	2.18532	0.5	-39.5062	60.7347	0	-0.3236	-0.946194	0	None	None
ChainingRodShaped	16996	3.02959	0.5	-18.7665	100.698	0	0.738246	0.674532	0	None	None
ChainingRodShaped	13204	4.23505	0.5	-86.2902	-24.382	0	0.973479	-0.228778	0	None	None
ChainingRodShaped	11540	3.64457	0.5	-109.002	51.1116	0	0.981676	0.190558	0	None	None
ChainingRodShaped	15054	2.76807	0.5	-34.3523	115.65	0	0.944892	0.327384	0	None	None
ChainingRodShaped	17692	2.43781	0.5	-145.696	82.47	0	0.846066	-0.533079	0	17693	5835
ChainingRodShaped	12076	3.62335	0.5	24.7543	83.1151	0	-0.97619	0.216916	0	None	None
ChainingRodShaped	10886	3.42203	0.5	-6.19637	42.8996	0	0.875721	0.482817	0	None	None
ChainingRodShaped	12438	4.19473	0.5	10.7558	-13.7792	0	0.999591	0.0286002	0	None	None
ChainingRodShaped	12744	4.52507	0.5	-45.1535	32.0116	0	0.378238	-0.925709	0	None	None
ChainingRodShaped	13422	4.44551	0.5	-53.207	30.5837	0	0.972757	-0.231828	0	None	None
ChainingRodShaped	17918	2.48068	0.5	-44.3859	-23.7663	0	-0.998904	-0.0468123	0	17919	16331
ChainingRodShaped	8962	4.78982	0.5	-53.3063	131.166	0	-0.978751	0.205051	0	8963	10029
ChainingRodShaped	12114	3.34486	0.5	2.92103	42.2536	0	0.999847	0.0175099	0	None	None
ChainingRodShaped	9658	4.42013	0.5	-91.7143	62.1539	0	0.905269	0.424839	0	None	None
ChainingRodShaped	7852	3.99619	0.5	178.995	121.758	0	0.962052	-0.272865	0	19648	17723
ChainingRodShaped	17678	2.34039	0.5	67.239	53.0805	0	0.238456	-0.971153	0	17679	17657
ChainingRodShaped	12222	3.20722	0.5	18.9785	40.0082	0	-0.166252	-0.986083	0	None	None
ChainingRodShaped	9522	4.52769	0.5	-26.0442	-46.612	0	0.97916	0.203092	0	None	None
ChainingRodShaped	16274	3.0026	0.5	22.0771	71.6615	0	-0.985535	0.169473	0	None	None
ChainingRodShaped	13624	4.15756	0.5	-101.614	61.5314	0	0.860242	0.509885	0	None	None
ChainingRodShaped	13926	2.85351	0.5	-69.2746	58.174	0	-0.553993	-0.832522	0	None	None
ChainingRodShaped	14108	3.18263	0.5	-2.98237	22.699	0	0.319764	0.947497	0	None	None
ChainingRodShaped	16082	2.63554	0.5	-135.078	19.3818	0	-0.99529	0.0969391	0	16083	13349
ChainingRodShaped	13134	4.69482	0.5	26.1999	72.6309	0	0.987352	-0.158546	0	None	None
ChainingRodShaped	14056	3.68345	0.5	-140.054	-151.397	0	-0.937704	0.347436	0	14057	12231
ChainingRodShaped	13238	3.75138	0.5	-37.9796	109.204	0	0.0103565	-0.999946	0	None	None
ChainingRodShaped	17648	2.45485	0.5	-59.5776	-50.2237	0	-0.549401	-0.835559	0	None	None
ChainingRodShaped	11766	3.83202	0.5	-16.606	-50.916	0	0.983249	0.182267	0	None	None
ChainingRodShaped	17494	2.60354	0.5	1.20206	78.7188	0	0.127681	0.991815	0	None	None
ChainingRodShaped	17424	2.38684	0.5	36.4457	25.9068	0	0.633184	-0.774002	0	None	None
ChainingRodShaped	13092	3.07665	0.5	55.0229	54.7323	0	0.355726	-0.93459	0	None	None
ChainingRodShaped	18890	2.17769	0.5	89.9862	39.7333	0	0.849502	0.527585	0	18891	17171
ChainingRodShaped	17076	2.83058	0.5	99.0028	50.3133	0	-0.325498	-0.945543	0	17077	18861
ChainingRodShaped	16156	2.92149	0.5	61.4023	46.3126	0	-0.923527	-0.383533	0	None	None
ChainingRodShaped	15408	3.47993	0.5	-75.2952	100.391	0	-0.302273	-0.953222	0	None	None
ChainingRodShaped	14938	2.73795	0.5	64.4514	48.6189	0	0.243925	-0.969794	0	None	None
ChainingRodShaped	12654	3.08202	0.5	6.26657	-46.9731	0	-0.401411	0.915898	0	None	None
ChainingRodShaped	7366	4.62274	0.5	-5.89429	109.889	0	0.671462	-0.741039	0	None	None
ChainingRodShaped	11194	4.00787	0.5	105.46	164.693	0	-0.106425	0.994321	0	11195	9851
ChainingRodShaped	10696	4.57581	0.5	-77.2173	-3.06827	0	-0.857336	-0.514757	0	None	None
ChainingRodShaped	19290	2.15817	0.5	-20.5724	-46.3859	0	0.98062	0.19592	0	None	None
ChainingRodShaped	17172	2.34462	0.5	-14.8237	111.634	0	-0.675118	0.73771	0	None	None
ChainingRodShaped	19242	2.10572	0.5	-104.76	25.9477	0	-0.273603	-0.961843	0	None	None
ChainingRodShaped	9220	3.79753	0.5	94.3638	-104.302	0	-0.71129	0.702899	0	9221	11029
ChainingRodShaped	18350	2.21373	0.5	-94.9588	5.64779	0	0.389597	-0.920986	0	None	None
ChainingRodShaped	12918	2.9361	0.5	149.828	-72.355	0	-0.222323	-0.974973	0	12919	15751
ChainingRodShaped	12204	4.95893	0.5	27.8151	95.1552	0	0.843303	-0.537438	0	None	None
ChainingRodShaped	18018	2.48632	0.5	-2.794	26.9792	0	0.418944	0.908012	0	None	None
ChainingRodShaped	14804	2.74031	0.5	56.884	39.1996	0	0.91948	0.393136	0	None	None
ChainingRodShaped	8036	4.59481	0.5	-7.47531	118.7	0	-0.878404	0.477919	0	14430	12839
ChainingRodShaped	18906	2.3265	0.5	14.3207	65.9641	0	0.235604	0.971849	0	None	None
ChainingRodShaped	8922	4.74095	0.5	-17.4463	63.2552	0	0.63481	0.772668	0	None	None
ChainingRodShaped	13170	3.99383	0.5	-39.0344	59.9798	0	-0.314025	-0.949415	0	None	None
ChainingRodShaped	6930	4.9636	0.5	40.1984	67.4611	0	0.317575	0.948233	0	None	None
ChainingRodShaped	13990	4.13509	0.5	-112.614	8.96406	0	0.386536	-0.922274	0	None	None
ChainingRodShaped	11174	4.47362	0.5	12.7029	76.2401	0	0.981343	0.192266	0	None	None
ChainingRodShaped	16282	2.60035	0.5	-25.8582	-22.1811	0	0.817638	0.575732	0	None	None
ChainingRodShaped	10122	3.86812	0.5	23.3833	111.688	0	0.528833	0.848726	0	None	None
ChainingRodShaped	18462	2.45224	0.5	-93.0357	11.3539	0	0.183716	-0.982979	0	None	None
ChainingRodShaped	15028	3.63656	0.5	-9.24495	67.2888	0	0.257253	0.966344	0	None	None
ChainingRodShaped	15702	3.2276	0.5	-74.044	30.1642	0	0.900463	0.434933	0	None	None
ChainingRodShaped	8466	4.03119	0.5	-38.739	43.7059	0	0.572924	-0.819608	0	None	None
ChainingRodShaped	13118	3.208	0.5	-88.7819	34.3938	0	-0.412219	-0.911085	0	None	None
ChainingRodShaped	15254	3.31992	0.5	33.1641	-21.6127	0	-0.481077	-0.876678	0	None	None
ChainingRodShaped	18544	2.19528	0.5	-9.05358	-21.4242	0	0.200091	0.979777	0	None	None
ChainingRodShaped	17344	2.3556	0.5	-119.436	-0.601635	0	0.441663	-0.897181	0	None	None
ChainingRodShaped	18454	2.39577	0.5	-7.33183	75.5483	0	-0.0495603	-0.998771	0	None	None
ChainingRodShaped	10700	3.76222	0.5	7.53781	71.6412	0	-0.567032	-0.823696	0	None	None
ChainingRodShaped	16580	2.52384	0.5	21.014	-2.68579	0	-0.95731	-0.289063	0	None	None
ChainingRodShaped	11380	4.23382	0.5	-80.1466	-40.9616	0	0.850191	-0.526474	0	None	None
ChainingRodShaped	12430	3.2435	0.5	-0.447081	85.5509	0	0.855706	0.517462	0	None	None
ChainingRodShaped	16632	2.63019	0.5	-7.44579	35.062	0	0.91688	0.399164	0	None	None
ChainingRodShaped	11768	4.00248	0.5	26.6235	-12.0776	0	0.985159	-0.171643	0	None	None
ChainingRodShaped	13136	3.51877	0.5	6.42558	82.0558	0	-0.120529	-0.99271	0	None	None
ChainingRodShaped	16966	2.60661	0.5	20.2079	63.3044	0	0.949076	-0.315048	0	None	None
ChainingRodShaped	14682	4.07951	0.5	-30.0619	6.68323	0	-0.0518292	0.998656	0	None	None
ChainingRodShaped	13004	4.7292	0.5	31.1142	18.6179	0	-0.261033	-0.96533	0	None	None
ChainingRodShaped	16878	2.7884	0.5	-52.1435	-51.1009	0	0.604815	0.796366	0	None	None
ChainingRodShaped	16492	3.17138	0.5	-118.734	54.9074	0	-0.999705	0.0242977	0	None	None
ChainingRodShaped	12270	4.37874	0.5	-94.3467	42.5449	0	-0.198916	-0.980017	0	None	None
ChainingRodShaped	13674	3.91618	0.5	-176.129	-27.538	0	0.893142	-0.449774	0	13675	10885
ChainingRodShaped	17740	2.57685	0.5	-68.885	67.5037	0	-0.796678	-0.604403	0	None	None
ChainingRodShaped	15700	2.66101	0.5	-194.904	1.58308	0	-0.298551	0.954394	0	15701	16817
ChainingRodShaped	10882	4.35224	0.5	-18.5644	-2.70603	0	-0.829821	-0.558029	0	None	None
ChainingRodShaped	14206	3.07759	0.5	-11.4864	69.0837	0	0.218612	0.975812	0	None	None
ChainingRodShaped	16020	3.37062	0.5	57.141	28.8503	0	0.373163	0.927766	0	None	None
ChainingRodShaped	12746	3.07125	0.5	-54.609	123.869	0	0.28964	-0.957136	0	None	None
ChainingRodShaped	12116	4.31335	0.5	-69.7585	25.0566	0	0.883172	0.46905	0	None	None
ChainingRodShaped	13442	3.60635	0.5	91.0055	3.0424	0	-0.62392	-0.781489	0	13443	14679
ChainingRodShaped	18736	2.29553	0.5	18.8823	-62.3413	0	0.636916	-0.770933	0	18737	18169
ChainingRodShaped	15316	2.5818	0.5	67.0172	-70.0702	0	0.915764	-0.401717	0	15317	15501
ChainingRodShaped	18456	2.46018	0.5	16.9734	-26.4872	0	0.11514	0.993349	0	None	None
ChainingRodShaped	13216	4.30487	0.5	-34.3686	26.6878	0	0.921013	0.389531	0	None	None
ChainingRodShaped	13242	3.33338	0.5	-59.7495	80.3288	0	-0.895058	0.44595	0	None	None
ChainingRodShaped	9234	4.05336	0.5	-112.095	58.1359	0	0.739317	-0.673357	0	None	None
ChainingRodShaped	11642	4.83695	0.5	-118.514	-0.311236	0	-0.442677	0.896681	0	None	None
ChainingRodShaped	16296	2.93571	0.5	-52.0145	8.20648	0	0.187703	-0.982226	0	None	None
ChainingRodShaped	12396	3.25418	0.5	54.3279	79.1245	0	0.593658	-0.804718	0	None	None
ChainingRodShaped	16024	3.04644	0.5	-89.4828	50.6499	0	0.0322588	-0.99948	0	None	None
ChainingRodShaped	18700	2.18899	0.5	16.3522	26.5714	0	-0.808136	-0.588995	0	None	None
ChainingRodShaped	15026	2.88386	0.5	-83.3315	39.4207	0	-0.0361941	-0.999345	0	None	None
ChainingRodShaped	19352	2.08555	0.5	21.5985	-10.92	0	0.974689	0.223565	0	None	None
ChainingRodShaped	14910	3.80045	0.5	-68.8644	80.5417	0	0.990542	-0.137207	0	None	None
ChainingRodShaped	13104	3.78024	0.5	-2.19889	-2.57823	0	-0.997914	0.0645581	0	None	None
ChainingRodShaped	14214	4.26021	0.5	-50.4305	88.5053	0	0.855251	-0.518214	0	None	None
ChainingRodShaped	9040	4.15431	0.5	-63.8461	42.0133	0	0.0406389	0.999174	0	None	None
ChainingRodShaped	13450	3.90907	0.5	147.277	69.5646	0	-0.288668	0.957429	0	13451	17769
ChainingRodShaped	6918	4.96896	0.5	-46.4572	104.226	0	-0.302612	-0.953114	0	None	None
ChainingRodShaped	18342	2.45274	0.5	50.1706	55.0806	0	0.977766	-0.209698	0	None	None
ChainingRodShaped	12124	4.64609	0.5	-108.286	50.3841	0	0.981486	0.191534	0	None	None
ChainingRodShaped	9882	4.85772	0.5	8.01259	110.971	0	0.989611	-0.143769	0	None	None
ChainingRodShaped	16648	2.7785	0.5	-70.5201	-32.3613	0	0.994032	-0.109091	0	None	None
ChainingRodShaped	8552	4.03402	0.5	-35.9625	-40.265	0	-0.684268	-0.729231	0	None	None
ChainingRodShaped	15142	2.86795	0.5	127.555	-104.954	0	-0.820715	-0.571338	0	15143	12545
ChainingRodShaped	15184	3.64537	0.5	49.7637	54.2531	0	0.979817	-0.199898	0	None	None
ChainingRodShaped	18236	2.49864	0.5	4.44619	64.5065	0	0.530227	0.847855	0	None	None
ChainingRodShaped	14986	2.86907	0.5	-16.9851	-8.11517	0	-0.902912	-0.429825	0	None	None
ChainingRodShaped	16852	2.53814	0.5	16.6297	-46.9308	0	-0.785441	0.618936	0	None	None
ChainingRodShaped	9324	3.89059	0.5	17.1153	143.636	0	0.58776	-0.809035	0	18124	7601
ChainingRodShaped	19032	2.11362	0.5	47.8289	22.0195	0	0.362423	-0.932014	0	None	None
ChainingRodShaped	16178	2.90835	0.5	-27.2887	1.51492	0	-0.285023	-0.958521	0	None	None
ChainingRodShaped	10570	3.92909	0.5	-40.4434	84.3715	0	0.996927	-0.0783314	0	None	None
ChainingRodShaped	18608	2.29626	0.5	21.7072	111.833	0	0.876324	0.481723	0	None	None
ChainingRodShaped	10788	3.53403	0.5	-24.3056	87.5944	0	0.789085	-0.614284	0	None	None
ChainingRodShaped	11426	4.69313	0.5	53.3417	54.1319	0	0.318619	-0.947883	0	None	None
ChainingRodShaped	18866	2.20901	0.5	200.232	109.688	0	0.654409	-0.756141	0	18867	13037
ChainingRodShaped	10424	4.71635	0.5	-8.01274	24.9033	0	0.687902	0.725804	0	None	None
ChainingRodShaped	9828	4.47255	0.5	66.5732	30.3345	0	-0.998885	-0.0472165	0	None	None
ChainingRodShaped	19272	2.16852	0.5	-77.3926	-12.7986	0	-0.789099	-0.614266	0	None	None
ChainingRodShaped	15332	3.3863	0.5	49.2768	-1.3762	0	0.729758	0.683705	0	None	None
ChainingRodShaped	12100	3.95211	0.5	-62.6431	17.8489	0	0.840083	0.542458	0	None	None
ChainingRodShaped	11784	3.26069	0.5	-122.606	35.5467	0	-0.986701	-0.162544	0	None	None
ChainingRodShaped	7650	4.31237	0.5	14.11	-25.401	0	0.959616	-0.281312	0	None	None
ChainingRodShaped	9052	4.93427	0.5	-75.6492	-23.041	0	-0.986273	0.165123	0	None	None
ChainingRodShaped	12616	4.78219	0.5	-83.3925	89.4446	0	-0.23578	-0.971806	0	None	None
ChainingRodShaped	18680	2.18882	0.5	-22.9846	21.3368	0	0.839324	-0.543631	0	None	None
ChainingRodShaped	6074	4.69257	0.5	95.6066	95.189	0	-0.989079	-0.14739	0	10702	17165
ChainingRodShaped	17448	2.44711	0.5	3.7023	-34.1698	0	0.616005	-0.787742	0	None	None
ChainingRodShaped	13376	3.29939	0.5	-44.978	4.10636	0	0.80401	0.594615	0	None	None
ChainingRodShaped	9232	4.17362	0.5	54.7232	62.2545	0	0.984784	-0.173783	0	None	None
ChainingRodShaped	15282	2.6667	0.5	-157.703	-27.1389	0	-0.850441	-0.52607	0	15283	15431
ChainingRodShaped	18764	2.17301	0.5	-5.32108	89.9601	0	-0.737959	-0.674845	0	None	None
ChainingRodShaped	12740	4.02796	0.5	-76.3683	-38.1203	0	0.877348	0.479854	0	None	None
ChainingRodShaped	12246	3.42291	0.5	4.78024	50.1806	0	0.363338	0.931657	0	None	None
ChainingRodShaped	13190	4.53157	0.5	-50.6582	47.1861	0	0.536552	-0.843868	0	None	None
ChainingRodShaped	14868	2.84267	0.5	4.53384	20.7482	0	0.640381	0.768058	0	None	None
ChainingRodShaped	16782	2.77018	0.5	-34.5521	3.855	0	-0.119243	-0.992865	0	None	None
ChainingRodShaped	19710	2.02451	0.5	-89.6741	98.2874	0	0.916391	0.400285	0	None	None
ChainingRodShaped	12996	3.69951	0.5	-23.3831	42.2316	0	0.575836	-0.817565	0	None	None
ChainingRodShaped	18112	2.26099	0.5	-54.4276	46.2342	0	0.560098	-0.828426	0	None	None
ChainingRodShaped	13032	3.48338	0.5	-21.575	82.6443	0	0.782104	-0.623147	0	None	None
ChainingRodShaped	9932	3.79594	0.5	-96.0055	54.999	0	0.707945	-0.706267	0	None	None
ChainingRodShaped	12172	4.44177	0.5	-10.6646	26.0716	0	-0.713537	-0.700617	0	None	None
ChainingRodShaped	19122	2.15959	0.5	63.4663	-0.820865	0	0.140118	0.990135	0	None	None
ChainingRodShaped	14774	2.95043	0.5	47.3717	10.3841	0	-0.921412	-0.388587	0	None	None
ChainingRodShaped	13960	3.10281	0.5	-15.1148	67.0966	0	0.683265	0.730171	0	None	None
ChainingRodShaped	17314	2.54105	0.5	-68.3598	75.4281	0	0.9867	-0.162552	0	None	None
ChainingRodShaped	13474	4.04462	0.5	-73.7965	56.8975	0	-0.450453	-0.8928	0	None	None
ChainingRodShaped	13334	4.63386	0.5	67.0402	19.5256	0	-0.527661	-0.849455	0	None	None
ChainingRodShaped	8694	4.16376	0.5	-30.2118	-52.9714	0	0.950988	0.309228	0	None	None
ChainingRodShaped	15786	2.93795	0.5	11.3479	68.2912	0	0.508571	0.86102	0	None	None
ChainingRodShaped	18634	2.20982	0.5	-34.6221	126.685	0	-0.873992	0.48594	0	None	None
ChainingRodShaped	12770	4.46001	0.5	17.7861	-34.059	0	0.525438	0.850832	0	None	None
ChainingRodShaped	19096	2.15623	0.5	6.77659	-45.9774	0	-0.395407	0.918506	0	None	None
ChainingRodShaped	19182	2.07486	0.5	-25.9689	-0.440631	0	-0.800589	-0.599213	0	None	None
ChainingRodShaped	12864	4.70165	0.5	-35.6946	83.2087	0	0.996081	-0.0884434	0	None	None
ChainingRodShaped	16630	2.93812	0.5	-2.34738	52.4884	0	0.789691	0.613505	0	None	None
ChainingRodShaped	16634	2.5769	0.5	-2.81769	18.2589	0	-0.324241	-0.945974	0	None	None
ChainingRodShaped	7554	4.794	0.5	-34.8175	24.2934	0	0.909067	0.416651	0	None	None
ChainingRodShaped	19418	2.07129	0.5	-5.00238	53.1437	0	0.793527	0.608535	0	None	None
ChainingRodShaped	13512	3.88021	0.5	18.9792	35.1268	0	-0.0223902	-0.999749	0	None	None
ChainingRodShaped	9508	4.84991	0.5	-87.5326	6.29768	0	0.825748	0.56404	0	None	None
ChainingRodShaped	12158	4.21954	0.5	-97.9786	5.48649	0	-0.370973	0.928643	0	None	None
ChainingRodShaped	12514	3.49523	0.5	-57.4427	-69.9683	0	-0.993486	0.113959	0	12515	8967
ChainingRodShaped	9862	4.55579	0.5	16.0107	112.913	0	-0.983474	-0.181051	0	19512	7969
ChainingRodShaped	10148	3.99303	0.5	-87.0405	5.75062	0	0.823784	0.566903	0	None	None
ChainingRodShaped	18302	2.44269	0.5	14.4285	104.016	0	-0.940065	-0.340996	0	None	None
ChainingRodShaped	19748	2.00812	0.5	-55.8787	79.246	0	-0.91931	0.393534	0	None	None
ChainingRodShaped	7634	4.49808	0.5	-42.4019	-39.1929	0	0.742007	0.670392	0	None	None
ChainingRodShaped	9402	4.81015	0.5	-13.5489	-101.207	0	-0.785861	0.618403	0	18352	11489
ChainingRodShaped	13910	3.30874	0.5	-103.152	56.0026	0	0.998596	-0.0529632	0	None	None
ChainingRodShaped	16646	2.56743	0.5	-56.3287	-18.767	0	-0.985787	-0.167998	0	None	None
ChainingRodShaped	14580	3.2418	0.5	-47.5418	124.109	0	-0.560584	0.828097	0	None	None
ChainingRodShaped	11560	4.75494	0.5	17.951	28.7601	0	-0.806729	-0.590922	0	None	None
ChainingRodShaped	14268	3.40054	0.5	-50.5519	34.5572	0	0.528961	-0.848646	0	None	None
ChainingRodShaped	17704	2.612	0.5	-67.4078	8.76016	0	0.304868	0.952394	0	None	None
ChainingRodShaped	15252	2.95626	0.5	52.538	-21.6322	0	0.631169	0.775645	0	15253	15247
ChainingRodShaped	12410	3.78345	0.5	-66.252	83.5102	0	0.99164	-0.129035	0	None	None
ChainingRodShaped	13656	4.39994	0.5	-59.3953	76.1171	0	0.893594	-0.448877	0	None	None
ChainingRodShaped	12724	4.3041	0.5	36.3214	34.4518	0	-0.0242883	-0.999705	0	None	None
ChainingRodShaped	13150	3.4339	0.5	63.4125	-7.18592	0	0.668359	0.743839	0	None	None
ChainingRodShaped	10968	3.52192	0.5	-33.9429	87.3454	0	0.992233	-0.124393	0	None	None
ChainingRodShaped	14672	3.08757	0.5	60.4943	18.747	0	-0.667707	-0.744424	0	None	None
ChainingRodShaped	19744	2.006	0.5	223.677	37.9602	0	-0.0619014	-0.998082	0	19745	15911
ChainingRodShaped	16014	2.62265	0.5	8.56579	35.6172	0	0.959886	0.280391	0	None	None
ChainingRodShaped	19582	2.05002	0.5	-100.018	4.30284	0	0.343271	-0.939237	0	None	None
ChainingRodShaped	16972	3.0067	0.5	57.5325	1.84991	0	0.505776	0.862665	0	None	None
ChainingRodShaped	17916	2.35791	0.5	-62.7721	85.1389	0	0.825969	-0.563716	0	None	None
ChainingRodShaped	14562	2.8988	0.5	104.753	-29.5036	0	0.945684	-0.325089	0	14563	18677
ChainingRodShaped	12506	3.79075	0.5	-77.6716	-4.23815	0	-0.852103	-0.523374	0	None	None
ChainingRodShaped	8352	4.28457	0.5	-118.177	40.8263	0	0.951539	0.307529	0	None	None
ChainingRodShaped	8570	4.79148	0.5	-44.7772	-14.3569	0	0.998807	0.0488308	0	None	None
ChainingRodShaped	8214	4.74173	0.5	-96.0903	-26.1189	0	0.313505	0.949587	0	None	None
ChainingRodShaped	11516	3.19574	0.5	113.84	221.706	0	-0.508848	0.860857	0	11517	18759
ChainingRodShaped	11580	3.93593	0.5	26.1672	66.8935	0	0.991539	-0.129809	0	None	None
ChainingRodShaped	18068	2.63631	0.5	-16.7798	-51.8453	0	0.983177	0.182657	0	None	None
ChainingRodShaped	11818	4.36298	0.5	37.0136	34.6792	0	-0.0143746	-0.999897	0	None	None
ChainingRodShaped	15342	2.67597	0.5	-62.6246	15.6283	0	0.136508	0.990639	0	None	None
ChainingRodShaped	15442	3.32226	0.5	-67.8246	73.8673	0	0.989758	-0.142756	0	None	None
ChainingRodShaped	17468	2.57401	0.5	25.5523	-17.2727	0	0.992365	-0.123335	0	None	None
ChainingRodShaped	14540	3.5054	0.5	-78.0906	74.4997	0	0.994431	-0.105391	0	None	None
ChainingRodShaped	11288	3.67965	0.5	-67.0449	182.563	0	-0.385328	0.92278	0	11289	13487
ChainingRodShaped	15108	2.74209	0.5	-59.1022	58.2276	0	0.657213	0.753705	0	None	None
ChainingRodShaped	17508	2.40183	0.5	-29.0466	60.8367	0	-0.999822	0.0188723	0	None	None
ChainingRodShaped	16520	2.80558	0.5	4.35187	73.6132	0	0.553941	0.832556	0	None	None
ChainingRodShaped	11296	4.53234	0.5	-87.2032	105.588	0	-0.589367	-0.807866	0	None	None
ChainingRodShaped	19036	2.09449	0.5	56.1733	20.6466	0	0.683619	0.729839	0	None	None
ChainingRodShaped	13978	4.27005	0.5	-122.009	52.424	0	-0.483175	-0.875524	0	None	None
ChainingRodShaped	7336	4.47484	0.5	-8.98347	-33.1364	0	-0.655293	0.755375	0	None	None
ChainingRodShaped	12650	3.6092	0.5	-95.2167	42.5673	0	-0.204244	-0.97892	0	None	None
ChainingRodShaped	12408	4.593	0.5	-91.2301	20.1106	0	0.303435	-0.952852	0	None	None
ChainingRodShaped	13448	3.13178	0.5	-64.905	-38.8249	0	0.994096	-0.108504	0	None	None
ChainingRodShaped	7876	4.7908	0.5	-184.394	7.37283	0	-0.68745	0.726232	0	14704	11817
ChainingRodShaped	5732	4.7341	0.5	47.6369	90.3368	0	-0.655123	0.755523	0	12040	14147
ChainingRodShaped	18344	2.32316	0.5	26.7867	18.6819	0	0.940427	0.339997	0	None	None
ChainingRodShaped	15684	2.56031	0.5	-102.515	47.291	0	0.97952	0.201345	0	None	None
ChainingRodShaped	17586	2.82903	0.5	46.523	-18.9463	0	0.824545	0.565796	0	None	None
ChainingRodShaped	11058	4.11388	0.5	62.2709	14.2282	0	-0.495952	-0.86835	0	None	None
ChainingRodShaped	13546	3.16807	0.5	-80.5209	100.817	0	0.791641	0.610986	0	None	None
ChainingRodShaped	13344	4.76969	0.5	-10.7252	103.674	0	0.726942	-0.686699	0	None	None
ChainingRodShaped	15176	3.52376	0.5	-106.044	64.6801	0	-0.680306	-0.732929	0	None	None
ChainingRodShaped	9780	4.02056	0.5	-35.2822	-30.7314	0	0.980647	-0.195786	0	None	None
ChainingRodShaped	18794	2.24174	0.5	-44.4261	-49.7898	0	-0.61913	-0.785288	0	None	None
ChainingRodShaped	15118	2.92047	0.5	27.4431	18.2053	0	0.936828	0.349789	0	None	None
ChainingRodShaped	13866	3.64184	0.5	24.592	35.8808	0	-0.229111	-0.9734	0	None	None
ChainingRodShaped	7706	4.68006	0.5	-26.3894	113.897	0	-0.866151	-0.499782	0	None	None
ChainingRodShaped	13976	3.91804	0.5	21.0052	4.30814	0	0.0334774	-0.999439	0	None	None
ChainingRodShaped	9304	4.42945	0.5	15.8518	150.903	0	-0.260125	0.965575	0	17166	9211
ChainingRodShaped	11206	3.56534	0.5	-12.3171	-8.04102	0	-0.983372	-0.181604	0	11207	15575
ChainingRodShaped	9118	3.54489	0.5	-9.01798	150.018	0	0.951576	-0.307414	0	9119	12855
ChainingRodShaped	18874	2.30044	0.5	-45.7108	74.6629	0	0.971421	0.237364	0	None	None
ChainingRodShaped	12714	4.43468	0.5	-94.1041	-30.8954	0	0.412239	0.911076	0	None	None
ChainingRodShaped	8706	4.08954	0.5	-11.7182	79.1345	0	-0.315312	0.948988	0	None	None
ChainingRodShaped	19754	2.00753	0.5	4.45559	37.4225	0	0.996347	0.0853995	0	None	None
ChainingRodShaped	10258	4.59494	0.5	-80.914	2.12957	0	0.818773	0.574117	0	None	None
ChainingRodShaped	13814	4.05876	0.5	29.9929	100.471	0	0.429004	0.903303	0	None	None
ChainingRodShaped	5918	4.44658	0.5	29.6437	122.143	0	0.319907	-0.947449	0	12276	7123
ChainingRodShaped	18506	2.45482	0.5	-54.5632	-32.0016	0	-0.682703	0.730696	0	None	None
ChainingRodShaped	9080	4.33534	0.5	-108.305	2.70187	0	0.0815909	0.996666	0	None	None
ChainingRodShaped	16724	3.00162	0.5	-21.5984	111.79	0	-0.972546	0.23271	0	None	None
ChainingRodShaped	18698	2.38292	0.5	4.4397	-0.0858185	0	0.977739	-0.209827	0	None	None
ChainingRodShaped	15556	2.74276	0.5	-54.1238	28.2204	0	0.97607	0.217455	0	None	None
ChainingRodShaped	19598	2.06434	0.5	-33.4337	-30.3081	0	0.982568	-0.185903	0	None	None
ChainingRodShaped	19010	2.14712	0.5	-13.9859	-58.4176	0	-0.747329	-0.664455	0	None	None
ChainingRodShaped	17894	2.41821	0.5	-4.12848	221.718	0	-0.922559	-0.385857	0	17895	15449
ChainingRodShaped	10518	4.23778	0.5	14.2639	17.9477	0	0.630025	-0.776575	0	None	None
ChainingRodShaped	17436	2.31152	0.5	-42.1721	15.4751	0	0.999537	-0.0304288	0	None	None
ChainingRodShaped	10842	4.3571	0.5	48.395	70.5651	0	0.0403986	0.999184	0	None	None
ChainingRodShaped	18726	2.30874	0.5	-94.6526	-21.2415	0	0.948228	-0.31759	0	None	None
ChainingRodShaped	17192	2.79395	0.5	-51.0905	-17.0686	0	-0.987433	-0.158039	0	None	None
ChainingRodShaped	16038	3.1335	0.5	-65.1683	96.9106	0	0.830302	-0.557313	0	None	None
ChainingRodShaped	8288	4.43985	0.5	-36.8812	-9.88723	0	-0.372266	0.928126	0	None	None
ChainingRodShaped	14354	3.70902	0.5	9.87756	-19.7517	0	0.780748	-0.624846	0	None	None
ChainingRodShaped	15942	3.34748	0.5	-95.3468	4.66049	0	0.398573	-0.917137	0	None	None
ChainingRodShaped	16230	2.71546	0.5	-77.4763	36.2369	0	-0.354782	-0.934949	0	None	None
ChainingRodShaped	18924	2.31817	0.5	-18.6529	-8.12685	0	-0.829378	-0.558687	0	None	None
ChainingRodShaped	16560	2.53792	0.5	-61.7773	-57.933	0	-0.428471	-0.903556	0	None	None
ChainingRodShaped	7906	4.90351	0.5	-95.8322	-28.1425	0	0.351834	0.936062	0	None	None
ChainingRodShaped	10984	3.44057	0.5	-48.8313	-62.9996	0	-0.999999	-0.00119724	0	None	None
ChainingRodShaped	17928	2.51856	0.5	-63.9883	37.1011	0	0.749302	0.662229	0	None	None
ChainingRodShaped	13366	3.39586	0.5	-64.5898	-58.1426	0	-0.0876074	-0.996155	0	None	None
ChainingRodShaped	14422	3.90199	0.5	-91.679	102.414	0	-0.564139	-0.82568	0	None	None
ChainingRodShaped	13572	4.54808	0.5	-32.8568	-1.52333	0	-0.131373	-0.991333	0	None	None
ChainingRodShaped	9184	4.60249	0.5	-24.8616	20.4074	0	0.855364	-0.518027	0	None	None
ChainingRodShaped	13510	4.03301	0.5	-33.0714	-52.9906	0	0.926216	0.376994	0	None	None
ChainingRodShaped	16150	2.71265	0.5	-75.971	79.3847	0	0.98093	-0.194362	0	None	None
ChainingRodShaped	7778	4.30661	0.5	-105.028	12.3781	0	0.680529	-0.732721	0	None	None
ChainingRodShaped	17798	2.51895	0.5	42.7062	77.3056	0	0.975918	-0.218138	0	None	None
ChainingRodShaped	18950	2.20847	0.5	6.67819	32.6676	0	0.954776	0.297325	0	None	None
ChainingRodShaped	12620	3.51666	0.5	-100.501	24.8591	0	0.590365	-0.807136	0	None	None
ChainingRodShaped	17034	2.61346	0.5	-88.0316	34.2053	0	-0.403045	-0.91518	0	None	None
ChainingRodShaped	19058	2.14427	0.5	35.3091	-25.7399	0	-0.768739	-0.639562	0	None	None
ChainingRodShaped	17426	2.29814	0.5	-72.1183	156.625	0	0.338341	0.941024	0	17427	7959
ChainingRodShaped	14102	3.38744	0.5	1.48308	113.477	0	0.945033	-0.326976	0	14103	11891
ChainingRodShaped	18942	2.22849	0.5	-12.8052	80.1486	0	-0.324798	0.945783	0	None	None
ChainingRodShaped	19344	2.12548	0.5	60.6956	42.246	0	0.94536	0.326029	0	None	None
ChainingRodShaped	14420	3.85596	0.5	24.9953	19.5971	0	0.940422	0.340008	0	None	None
ChainingRodShaped	13174	4.17487	0.5	-14.9576	-6.10076	0	-0.992238	-0.12435	0	None	None
ChainingRodShaped	14170	3.49952	0.5	-47.3685	104.103	0	-0.312079	-0.950056	0	None	None
ChainingRodShaped	14040	3.09984	0.5	132.002	38.7429	0	-0.600682	-0.799488	0	14041	18223
ChainingRodShaped	14250	3.50985	0.5	-22.7377	-59.2047	0	-0.451511	-0.892266	0	None	None
ChainingRodShaped	8816	4.31947	0.5	-1.17398	40.602	0	0.922388	0.386265	0	None	None
ChainingRodShaped	15758	2.63464	0.5	52.4719	15.3308	0	0.688528	0.72521	0	None	None
ChainingRodShaped	10080	3.75068	0.5	-8.90701	13.9971	0	-0.64752	0.762048	0	None	None
ChainingRodShaped	12500	3.12707	0.5	-21.2577	9.39985	0	0.778688	0.627412	0	None	None
ChainingRodShaped	17006	3.07869	0.5	-5.76263	10.7225	0	-0.943406	-0.33164	0	None	None
ChainingRodShaped	11938	4.84258	0.5	-31.5875	27.909	0	0.981403	-0.191958	0	None	None
ChainingRodShaped	18572	2.29127	0.5	-28.1022	69.348	0	-0.990813	0.135236	0	None	None
ChainingRodShaped	13412	4.11625	0.5	-45.1425	-24.5887	0	0.998454	0.055586	0	None	None
ChainingRodShaped	10062	3.77777	0.5	-44.4582	98.9985	0	0.694873	0.719133	0	None	None
ChainingRodShaped	16448	3.29006	0.5	-18.1994	-16.0999	0	0.690018	0.723792	0	None	None
ChainingRodShaped	11590	4.2876	0.5	-4.95201	52.2706	0	0.798491	0.602007	0	None	None
ChainingRodShaped	15300	3.09522	0.5	-42.5108	53.8819	0	0.59281	-0.805343	0	None	None
ChainingRodShaped	14728	3.91764	0.5	17.7427	40.2207	0	-0.185589	-0.982628	0	None	None
ChainingRodShaped	17890	2.65947	0.5	-57.8241	45.1772	0	0.00567804	0.999984	0	None	None
ChainingRodShaped	13502	4.72439	0.5	-106.505	4.87732	0	-0.199	0.98	0	None	None
ChainingRodShaped	11906	4.6604	0.5	-20.6474	114.045	0	0.775592	-0.631235	0	None	None
ChainingRodShaped	15076	3.75731	0.5	-73.6749	70.4813	0	0.552091	0.833784	0	None	None
ChainingRodShaped	10670	4.5509	0.5	-20.8457	104.395	0	0.75673	0.653727	0	None	None
ChainingRodShaped	13850	3.67427	0.5	-58.2696	102.17	0	-0.850918	-0.525299	0	None	None
ChainingRodShaped	12986	3.09545	0.5	-242.463	-36.7811	0	-0.945639	-0.32522	0	12987	11755
ChainingRodShaped	16120	2.79954	0.5	-9.33769	5.70411	0	-0.959703	0.281016	0	None	None
ChainingRodShaped	8080	4.53231	0.5	-182.698	34.1242	0	0.818646	0.574298	0	14366	16165
ChainingRodShaped	11732	3.41394	0.5	-51.7712	-26.8035	0	0.988684	0.150014	0	None	None
ChainingRodShaped	19720	2.01843	0.5	29.5946	95.0842	0	0.844731	-0.535191	0	None	None
ChainingRodShaped	13580	3.30452	0.5	-24.7527	8.61477	0	0.145884	-0.989302	0	None	None
ChainingRodShaped	10972	4.49185	0.5	-91.4628	96.4982	0	0.912954	0.408063	0	None	None
ChainingRodShaped	10210	4.4041	0.5	9.24336	-23.4884	0	0.916365	-0.400344	0	None	None
ChainingRodShaped	11864	4.31302	0.5	-78.8254	17.9553	0	0.842179	0.539198	0	None	None
ChainingRodShaped	12048	4.1695	0.5	147.938	165.489	0	0.0917146	0.995785	0	12049	7345
ChainingRodShaped	9836	4.31837	0.5	37.3866	-29.1043	0	0.995528	0.0944626	0	None	None
ChainingRodShaped	18374	2.26321	0.5	-8.3979	-50.2063	0	0.495648	0.868523	0	None	None
ChainingRodShaped	10300	4.15202	0.5	10.9657	57.7451	0	0.502395	0.864638	0	None	None
ChainingRodShaped	8676	4.55297	0.5	-26.8366	-42.0752	0	-0.382568	-0.923927	0	None	None
ChainingRodShaped	8838	4.53768	0.5	-40.6462	102.828	0	-0.31635	-0.948643	0	None	None
ChainingRodShaped	19340	2.08975	0.5	-43.0601	34.1422	0	0.358498	-0.933531	0	None	None
ChainingRodShaped	9942	4.64864	0.5	-37.2953	-77.6882	0	-0.798525	0.601961	0	19460	19101
ChainingRodShaped	19062	2.11114	0.5	-4.44438	5.01089	0	-0.992586	0.121542	0	None	None
ChainingRodShaped	15040	3.06651	0.5	40.5645	7.84974	0	-0.743465	-0.668775	0	None	None
ChainingRodShaped	11930	3.53103	0.5	-266.972	-28.5684	0	-0.650165	0.759793	0	11931	12361
ChainingRodShaped	8526	4.96337	0.5	114.835	20.2759	0	-0.808336	-0.588721	0	8527	8373
ChainingRodShaped	19738	2.01412	0.5	-52.6025	50.8229	0	0.329158	-0.944275	0	None	None
ChainingRodShaped	11398	4.61462	0.5	-82.0526	36.7423	0	-0.374988	-0.92703	0	None	None
ChainingRodShaped	11074	3.90356	0.5	-98.3732	-14.0595	0	-0.999949	0.0100922	0	None	None
ChainingRodShaped	16660	2.47574	0.5	-34.4581	46.0279	0	-0.515629	0.856812	0	None	None
ChainingRodShaped	14330	2.78522	0.5	-114.489	33.6192	0	0.998012	0.0630261	0	None	None
ChainingRodShaped	9060	4.04231	0.5	28.7233	12.5626	0	0.237776	0.97132	0	None	None
ChainingRodShaped	18656	2.19618	0.5	17.0143	79.9855	0	-0.999974	-0.0072575	0	None	None
ChainingRodShaped	13892	3.56872	0.5	-74.671	-21.6706	0	-0.982859	0.184358	0	None	None
ChainingRodShaped	17718	2.71305	0.5	-14.2005	-53.6812	0	0.751162	0.660118	0	None	None
ChainingRodShaped	13288	3.51961	0.5	7.93042	29.5647	0	-0.938082	-0.346414	0	None	None
ChainingRodShaped	18264	2.5309	0.5	-85.7129	112.08	0	-0.853075	0.521788	0	None	None
ChainingRodShaped	5972	4.88582	0.5	-103.389	-6.27157	0	0.910326	-0.413892	0	None	None
ChainingRodShaped	15944	2.75858	0.5	-99.9445	73.5965	0	-0.417376	0.908734	0	None	None
ChainingRodShaped	16222	3.06922	0.5	-89.9767	-81.6111	0	-0.487878	-0.872912	0	16223	14173
ChainingRodShaped	19454	2.03516	0.5	-10.6247	164.531	0	-0.441022	0.897496	0	19455	12989
ChainingRodShaped	16042	2.72022	0.5	-128.548	31.9983	0	-0.991242	-0.13206	0	None	None
ChainingRodShaped	8220	4.45795	0.5	-15.1633	18.6559	0	0.724294	0.689491	0	None	None
ChainingRodShaped	15658	3.27869	0.5	-12.2279	-14.6852	0	-0.338558	0.940946	0	None	None
ChainingRodShaped	15012	3.72876	0.5	-69.1697	55.6963	0	0.554143	0.832421	0	None	None
ChainingRodShaped	16840	2.95876	0.5	63.8848	11.1795	0	-0.783235	-0.621726	0	None	None
ChainingRodShaped	11350	3.86425	0.5	-107.46	44.5628	0	-0.986781	-0.162058	0	None	None
ChainingRodShaped	19690	2.01916	0.5	-123.927	14.0735	0	0.67645	-0.736488	0	None	None
ChainingRodShaped	12150	3.68138	0.5	-49.0438	33.3936	0	0.424347	-0.9055	0	None	None
ChainingRodShaped	11588	4.33741	0.5	-14.788	-13.5007	0	-0.330285	0.943881	0	None	None
ChainingRodShaped	12614	4.17793	0.5	113.501	190.586	0	-0.611096	-0.791556	0	12615	13505
ChainingRodShaped	12134	4.12677	0.5	54.4844	-4.22283	0	0.768506	0.639843	0	None	None
ChainingRodShaped	19002	2.26074	0.5	-22.9133	94.3204	0	-0.283662	0.958924	0	None	None
ChainingRodShaped	13266	3.90269	0.5	9.34411	-48.401	0	-0.653455	0.756965	0	None	None
ChainingRodShaped	14818	3.89284	0.5	-94.7039	84.1511	0	-0.389679	-0.920951	0	None	None
ChainingRodShaped	16134	3.19807	0.5	-72.2966	17.1276	0	0.893903	0.448259	0	None	None
ChainingRodShaped	19170	2.20087	0.5	9.08339	49.2583	0	0.368513	0.929623	0	None	None
ChainingRodShaped	9890	3.73436	0.5	29.911	106.013	0	0.955562	-0.294791	0	None	None
ChainingRodShaped	15570	3.26967	0.5	32.9779	45.3111	0	0.975454	-0.220205	0	None	None
ChainingRodShaped	13254	4.44139	0.5	-12.9083	7.58773	0	-0.967935	0.251202	0	None	None
ChainingRodShaped	10918	3.98189	0.5	1.30022	82.8409	0	0.0927898	0.995686	0	None	None
ChainingRodShaped	13332	3.18268	0.5	67.3352	44.7471	0	0.277315	-0.960779	0	13333	14039
ChainingRodShaped	12210	3.14697	0.5	4.85639	-26.605	0	0.826295	-0.563237	0	None	None
ChainingRodShaped	14696	3.94904	0.5	-23.5044	8.93742	0	0.14815	-0.988965	0	None	None
ChainingRodShaped	15414	3.34172	0.5	-117.852	53.7648	0	-0.973856	-0.227168	0	None	None
ChainingRodShaped	17652	2.66657	0.5	-44.1776	88.9143	0	0.958395	-0.285445	0	None	None
ChainingRodShaped	14720	3.56639	0.5	49.7263	59.7633	0	0.864264	-0.503038	0	None	None
ChainingRodShaped	14048	3.45401	0.5	-82.4885	89.9429	0	-0.245439	-0.969412	0	None	None
ChainingRodShaped	12824	4.41647	0.5	-37.021	56.8251	0	0.281264	0.95963	0	None	None
ChainingRodShaped	16774	2.48891	0.5	-39.3018	42.4578	0	0.589549	-0.807732	0	None	None
ChainingRodShaped	8542	4.06788	0.5	-127.348	22.8836	0	-0.699878	-0.714262	0	None	None
ChainingRodShaped	8520	4.56587	0.5	-82.242	116.453	0	-0.8325	-0.554025	0	None	None
ChainingRodShaped	14754	4.07556	0.5	-97.5763	91.8693	0	0.896958	0.442116	0	None	None
ChainingRodShaped	19346	2.11131	0.5	-109.359	72.7085	0	-0.501036	-0.865426	0	None	None
ChainingRodShaped	9840	4.56227	0.5	37.2242	-0.0844116	0	-0.949713	-0.31312	0	None	None
ChainingRodShaped	10040	4.72747	0.5	-59.8689	90.9075	0	0.792701	-0.609611	0	None	None
ChainingRodShaped	17000	3.08525	0.5	61.9392	45.5941	0	-0.925972	-0.377592	0	None	None
ChainingRodShaped	13890	2.962	0.5	74.5093	-114.922	0	-0.71103	-0.703162	0	13891	14429
ChainingRodShaped	17302	2.61641	0.5	-38.6072	5.77599	0	0.779692	0.626163	0	None	None
ChainingRodShaped	8062	4.1787	0.5	-102.901	-40.3721	0	-0.136089	0.990697	0	15406	14633
ChainingRodShaped	17100	2.63558	0.5	-84.0596	56.3864	0	0.045436	-0.998967	0	None	None
ChainingRodShaped	13008	3.15446	0.5	-18.7144	67.2973	0	-0.625037	-0.780595	0	None	None
ChainingRodShaped	9960	3.65536	0.5	39.006	-49.395	0	-0.138684	0.990337	0	9961	18687
ChainingRodShaped	16736	3.174	0.5	17.1355	57.1162	0	0.310876	0.950451	0	None	None
ChainingRodShaped	8990	3.89385	0.5	9.13784	42.5477	0	0.622969	0.782246	0	None	None
ChainingRodShaped	13786	4.52712	0.5	-59.7092	63.886	0	-0.866569	-0.499058	0	None	None
ChainingRodShaped	19502	2.08842	0.5	58.49	-4.44575	0	0.776547	0.630059	0	None	None
ChainingRodShaped	19180	2.14734	0.5	-118.271	11.2036	0	-0.586853	0.809694	0	None	None
ChainingRodShaped	9442	4.36655	0.5	-77.8453	41.5448	0	0.0590789	-0.998253	0	None	None
ChainingRodShaped	16902	2.70057	0.5	-192.851	-2.1132	0	0.26193	-0.965087	0	16903	12355
ChainingRodShaped	17058	2.47523	0.5	-11.9519	82.1422	0	-0.379146	0.925337	0	None	None
ChainingRodShaped	12364	3.3704	0.5	-50.7168	105.889	0	-0.840566	-0.541709	0	None	None
ChainingRodShaped	13022	3.43967	0.5	-43.4365	0.507907	0	0.883837	0.467796	0	None	None
ChainingRodShaped	18136	2.52302	0.5	-79.4082	7.18555	0	0.824372	0.566049	0	None	None
ChainingRodShaped	12796	3.40059	0.5	43.43	86.5367	0	-0.611917	0.790922	0	None	None
ChainingRodShaped	10194	4.16662	0.5	-44.0128	98.3568	0	0.687745	0.725952	0	None	None
ChainingRodShaped	9348	4.87163	0.5	-43.2825	36.8032	0	0.619291	-0.785162	0	None	None
ChainingRodShaped	13638	2.98715	0.5	34.6892	-16.365	0	0.75623	0.654306	0	None	None
ChainingRodShaped	10638	3.92067	0.5	-64.9434	-1.39476	0	-0.216476	-0.976288	0	None	None
ChainingRodShaped	13650	3.42916	0.5	31.4342	88.9736	0	0.628327	0.777949	0	None	None
ChainingRodShaped	14308	4.12239	0.5	-81.6428	54.7477	0	0.0445812	-0.999006	0	None	None
ChainingRodShaped	13618	3.58125	0.5	-67.045	89.8687	0	0.899713	-0.436482	0	None	None
ChainingRodShaped	10578	4.32261	0.5	-62.1289	56.6221	0	0.832482	0.554052	0	None	None
ChainingRodShaped	14948	2.90647	0.5	-125.424	36.9342	0	0.98976	0.142739	0	None	None
ChainingRodShaped	16830	3.08262	0.5	53.4701	57.1407	0	0.998966	-0.0454632	0	None	None
ChainingRodShaped	12930	3.91423	0.5	27.2564	19.5545	0	0.943732	0.330711	0	None	None
ChainingRodShaped	17738	2.4559	0.5	-192.516	24.1555	0	-0.375424	-0.926853	0	17739	6475
ChainingRodShaped	16346	3.09876	0.5	-83.2288	-6.03016	0	-0.0216419	0.999766	0	None	None
ChainingRodShaped	10156	3.86747	0.5	-49.9947	60.1185	0	0.171119	-0.98525	0	None	None
ChainingRodShaped	13404	4.58923	0.5	-32.6883	20.4014	0	0.682762	0.730641	0	None	None
ChainingRodShaped	9412	4.72292	0.5	-79.2265	21.5041	0	0.842525	0.538658	0	None	None
ChainingRodShaped	15612	3.61467	0.5	-44.2219	115.119	0	0.868111	-0.49637	0	None	None
ChainingRodShaped	15708	2.52025	0.5	122.289	35.1023	0	0.248782	0.968559	0	15709	10077
ChainingRodShaped	16402	2.5616	0.5	-90.3676	-30.229	0	0.921377	-0.38867	0	None	None
ChainingRodShaped	17658	2.73371	0.5	-80.3112	-47.2668	0	0.976824	-0.214044	0	None	None
ChainingRodShaped	14674	3.22088	0.5	21.8782	-3.28839	0	-0.954369	-0.298631	0	None	None
ChainingRodShaped	15800	3.32496	0.5	-34.9791	-13.2927	0	0.629199	0.777244	0	None	None
ChainingRodShaped	9342	4.73701	0.5	26.0169	44.8015	0	0.139324	0.990247	0	None	None
ChainingRodShaped	11570	3.56661	0.5	-33.0195	-40.5218	0	-0.662142	-0.749378	0	None	None
ChainingRodShaped	14756	3.45804	0.5	-26.5766	80.8747	0	0.816787	-0.57694	0	None	None
ChainingRodShaped	11300	4.9448	0.5	-58.7161	51.7989	0	0.799497	0.600671	0	None	None
ChainingRodShaped	7434	4.39858	0.5	45.9197	4.09573	0	-0.973445	-0.22892	0	None	None
ChainingRodShaped	17228	2.37901	0.5	26.4839	51.0846	0	-0.291758	-0.956492	0	None	None
ChainingRodShaped	14434	3.56089	0.5	11.4482	32.9838	0	0.94671	0.322088	0	None	None
ChainingRodShaped	7570	4.48838	0.5	-124.232	41.775	0	-0.959328	-0.282294	0	None	None
ChainingRodShaped	15052	3.45438	0.5	24.5113	86.275	0	0.984076	-0.177748	0	None	None
ChainingRodShaped	12318	3.57022	0.5	16.2575	83.0803	0	-0.999676	0.0254441	0	None	None
ChainingRodShaped	12820	3.22029	0.5	197.524	176.163	0	0.577842	-0.816149	0	12821	14051
ChainingRodShaped	14772	3.77477	0.5	-5.20215	48.5483	0	0.874003	0.485921	0	None	None
ChainingRodShaped	18532	2.39111	0.5	-7.66612	87.8256	0	0.0862829	-0.996271	0	None	None
ChainingRodShaped	17674	2.79401	0.5	-68.3883	112.304	0	-0.998367	-0.0571189	0	None	None
ChainingRodShaped	18436	2.34589	0.5	202.539	275.316	0	-0.482124	-0.876103	0	18437	10151
ChainingRodShaped	19042	2.15806	0.5	-15.7206	90.0266	0	-0.090019	0.99594	0	None	None
ChainingRodShaped	11632	3.52628	0.5	-149.546	34.8594	0	0.998672	-0.0515224	0	11633	12461
ChainingRodShaped	18886	2.21724	0.5	-73.3008	-38.4431	0	0.881073	0.472981	0	None	None
ChainingRodShaped	14628	3.14582	0.5	-46.4197	67.5393	0	-0.976575	-0.21518	0	None	None
ChainingRodShaped	15662	2.69516	0.5	-115.64	26.1583	0	0.911135	0.412108	0	None	None
ChainingRodShaped	19356	2.09788	0.5	12.2334	-7.67528	0	-0.999573	-0.0292346	0	None	None
ChainingRodShaped	18936	2.30691	0.5	-35.3213	10.6931	0	0.795413	0.606068	0	None	None
ChainingRodShaped	13966	2.93893	0.5	-72.3272	27.0477	0	0.89386	0.448345	0	None	None
ChainingRodShaped	7394	4.87188	0.5	64.5392	-10.257	0	0.670152	0.742223	0	13948	10591
ChainingRodShaped	11836	3.6592	0.5	-47.7254	-27.0825	0	0.996817	0.0797238	0	None	None
ChainingRodShaped	9696	4.38515	0.5	-7.88402	-60.5533	0	0.96416	0.265321	0	17868	15427
ChainingRodShaped	17148	2.80092	0.5	58.4956	17.8893	0	-0.673672	-0.739031	0	None	None
ChainingRodShaped	9246	4.32483	0.5	-98.1955	38.6284	0	0.900019	-0.435851	0	None	None
ChainingRodShaped	19318	2.0713	0.5	-78.7648	-49.583	0	0.975167	-0.221469	0	None	None
ChainingRodShaped	18996	2.26145	0.5	-59.7637	61.5054	0	0.851201	0.52484	0	None	None
ChainingRodShaped	11216	4.71543	0.5	-14.9048	21.4355	0	0.718099	0.695941	0	None	None
ChainingRodShaped	7126	4.72437	0.5	44.743	25.8675	0	0.5015	-0.865157	0	None	None
ChainingRodShaped	14590	3.42943	0.5	191.475	254.625	0	-0.445681	-0.895192	0	14591	11083
ChainingRodShaped	11252	4.89412	0.5	-114.674	96.6672	0	0.957028	-0.289994	0	11253	10559
ChainingRodShaped	10814	4.96362	0.5	-84.8869	-35.1879	0	0.357497	-0.933914	0	None	None
ChainingRodShaped	8164	4.30507	0.5	-280.13	-2.25014	0	-0.362383	0.932029	0	17264	12163
ChainingRodShaped	15484	3.12516	0.5	11.0659	-1.98819	0	0.819778	-0.572681	0	None	None
ChainingRodShaped	12812	3.22667	0.5	72.8206	17.7035	0	-0.751401	-0.659846	0	12813	12785
ChainingRodShaped	14972	3.91437	0.5	-41.2113	72.4358	0	-0.975278	-0.22098	0	None	None
ChainingRodShaped	16256	2.7812	0.5	10.5583	83.1101	0	-0.753212	-0.657778	0	None	None
ChainingRodShaped	14000	3.63928	0.5	-113.408	5.5963	0	-0.179615	0.983737	0	None	None
ChainingRodShaped	16570	2.48511	0.5	-60.0781	24.3788	0	0.891298	0.453419	0	None	None
ChainingRodShaped	17202	2.40384	0.5	-96.549	44.8844	0	0.120987	-0.992654	0	None	None
ChainingRodShaped	15140	3.16177	0.5	-79.5282	8.09816	0	0.826195	0.563384	0	None	None
ChainingRodShaped	7990	4.72362	0.5	-39.8642	53.6054	0	-0.240599	-0.970625	0	None	None
ChainingRodShaped	17310	2.63269	0.5	31.8557	48.345	0	-0.492461	-0.870334	0	None	None
ChainingRodShaped	14174	3.84575	0.5	2.29349	-5.87937	0	-0.999083	0.042814	0	None	None
ChainingRodShaped	16514	2.97596	0.5	-36.2765	109.973	0	0.0231011	0.999733	0	None	None
ChainingRodShaped	15462	3.37031	0.5	40.1792	-34.3723	0	0.619152	0.785271	0	None	None
ChainingRodShaped	10646	4.3687	0.5	-72.5282	56.2622	0	-0.467898	-0.883783	0	None	None
ChainingRodShaped	11382	3.75648	0.5	-190.29	116.82	0	0.145952	-0.989292	0	11383	8987
ChainingRodShaped	13946	3.87981	0.5	-65.7413	-21.7824	0	-0.995789	0.0916711	0	None	None
ChainingRodShaped	8296	4.54333	0.5	-172.729	152.894	0	0.357425	-0.933942	0	8297	7701
ChainingRodShaped	12526	4.26093	0.5	-123.691	15.0214	0	0.68379	-0.729679	0	None	None
ChainingRodShaped	13300	3.94796	0.5	-47.1862	-57.8926	0	-0.297534	-0.954711	0	None	None
ChainingRodShaped	10450	4.36668	0.5	-38.6372	-4.11161	0	0.20725	0.978288	0	None	None
ChainingRodShaped	19176	2.1284	0.5	-104.212	36.7125	0	0.989657	-0.143451	0	None	None
ChainingRodShaped	19398	2.13371	0.5	27.4788	112.044	0	-0.844939	-0.534863	0	None	None
ChainingRodShaped	14790	3.15023	0.5	-20.0578	-38.793	0	0.371505	-0.928431	0	None	None
ChainingRodShaped	15730	3.22733	0.5	-33.3574	-35.6805	0	-0.374807	-0.927103	0	None	None
ChainingRodShaped	15394	2.55012	0.5	-33.8427	179.436	0	0.0454136	-0.998968	0	15395	11387
ChainingRodShaped	9966	4.65088	0.5	-6.72439	-26.6005	0	0.323244	0.946316	0	None	None
ChainingRodShaped	8000	4.43814	0.5	70.3174	-1.61474	0	0.744462	0.667664	0	14512	16267
ChainingRodShaped	17788	2.36557	0.5	-102.249	-34.5231	0	0.373731	-0.927537	0	None	None
ChainingRodShaped	15614	2.60891	0.5	-31.5149	77.8946	0	0.699442	-0.714689	0	None	None
ChainingRodShaped	16002	3.52025	0.5	-94.2608	63.7466	0	0.85962	0.510934	0	None	None
ChainingRodShaped	10294	3.89433	0.5	41.5624	-28.8138	0	0.372546	0.928014	0	None	None
ChainingRodShaped	16360	2.57591	0.5	-37.1401	82.6711	0	0.996936	-0.078226	0	None	None
ChainingRodShaped	14282	2.79688	0.5	-34.9479	98.6186	0	-0.317988	-0.948095	0	None	None
ChainingRodShaped	13374	2.93379	0.5	-4.64508	-47.0323	0	-0.45961	-0.888121	0	None	None
ChainingRodShaped	10376	4.04656	0.5	-74.313	-13.5383	0	0.802192	0.597067	0	None	None
ChainingRodShaped	9376	4.16245	0.5	-0.828652	-9.76881	0	0.999774	0.0212808	0	None	None
ChainingRodShaped	17980	2.32844	0.5	-18.7172	28.6229	0	-0.932172	0.362015	0	None	None
ChainingRodShaped	13544	3.18311	0.5	0.963468	37.9606	0	-0.990947	-0.134256	0	None	None
ChainingRodShaped	16888	3.0275	0.5	-8.15269	66.1489	0	0.276602	0.960985	0	None	None
ChainingRodShaped	18170	2.21721	0.5	-52.5779	29.1631	0	0.970247	-0.242115	0	None	None
ChainingRodShaped	16394	2.59526	0.5	-83.3497	1.46943	0	0.823764	0.566933	0	None	None
ChainingRodShaped	17580	2.53241	0.5	-53.9266	83.0479	0	0.893985	-0.448097	0	None	None
ChainingRodShaped	9568	4.335	0.5	18.9548	-97.6943	0	-0.47554	-0.879694	0	9569	17569
ChainingRodShaped	15372	3.46954	0.5	-41.0861	-1.67271	0	-0.30136	-0.95351	0	None	None
ChainingRodShaped	18888	2.13098	0.5	-83.89	-7.9832	0	-0.384647	0.923064	0	None	None
ChainingRodShaped	15466	2.87234	0.5	70.8634	11.781	0	0.591192	0.806531	0	None	None
ChainingRodShaped	7450	4.7934	0.5	-2.7108	103.267	0	-0.322357	0.946618	0	None	None
ChainingRodShaped	19444	2.07942	0.5	-35.6901	120.303	0	0.661383	-0.750048	0	None	None
ChainingRodShaped	17096	2.79338	0.5	-59.2115	46.8206	0	0.0256294	0.999672	0	None	None
ChainingRodShaped	11582	3.82575	0.5	-21.5366	33.9025	0	0.393426	-0.919356	0	None	None
ChainingRodShaped	13584	3.07611	0.5	-11.2834	9.9723	0	-0.977101	0.212777	0	None	None
ChainingRodShaped	14694	3.13018	0.5	58.3824	-15.9725	0	-0.635097	-0.772432	0	14695	12031
ChainingRodShaped	9550	3.84161	0.5	-23.8053	-22.8301	0	0.458226	0.888836	0	None	None
ChainingRodShaped	11032	3.68644	0.5	-57.0453	-41.7791	0	0.998334	0.0576935	0	None	None
ChainingRodShaped	10756	4.88373	0.5	11.7784	27.3068	0	-0.893682	-0.4487	0	None	None
ChainingRodShaped	17462	2.61378	0.5	-42.0635	54.5087	0	0.584736	-0.811224	0	None	None
ChainingRodShaped	9878	4.38776	0.5	-58.522	44.3902	0	0.0155198	0.99988	0	None	None
ChainingRodShaped	15986	2.9997	0.5	31.8103	79.5471	0	0.963456	0.267866	0	None	None
ChainingRodShaped	13438	4.57857	0.5	18.968	21.8558	0	0.990857	0.134913	0	None	None
ChainingRodShaped	16104	2.97641	0.5	11.5689	10.3435	0	-0.59499	0.803733	0	None	None
ChainingRodShaped	12822	3.3343	0.5	-88.4944	38.7548	0	-0.413029	-0.910718	0	None	None
ChainingRodShaped	17404	2.25707	0.5	116.324	107.858	0	-0.533014	-0.846106	0	17405	9191
ChainingRodShaped	17246	2.67607	0.5	-40.1331	79.4749	0	0.999602	-0.0282045	0	None	None
ChainingRodShaped	18854	2.13881	0.5	-46.8204	47.5394	0	0.576421	-0.817153	0	None	None
ChainingRodShaped	19260	2.17963	0.5	-53.459	7.21148	0	0.0881732	-0.996105	0	None	None
ChainingRodShaped	16882	2.90535	0.5	-71.2664	-4.12564	0	-0.762053	0.647515	0	None	None
ChainingRodShaped	14196	3.92668	0.5	24.1622	-16.3199	0	0.991076	-0.133299	0	None	None
ChainingRodShaped	11048	4.70303	0.5	-45.801	-28.4842	0	0.997968	0.063719	0	None	None
ChainingRodShaped	11412	4.03479	0.5	7.82166	0.901944	0	-0.82211	0.569329	0	None	None
ChainingRodShaped	16764	2.43067	0.5	55.8208	70.6012	0	0.130463	-0.991453	0	None	None
ChainingRodShaped	7718	4.03832	0.5	41.2948	99.9636	0	0.540026	-0.841648	0	16484	13279
ChainingRodShaped	12028	3.55249	0.5	-46.3132	-48.0646	0	0.611354	0.791357	0	None	None
ChainingRodShaped	19714	2.01377	0.5	34.0402	65.7298	0	0.999788	-0.020582	0	None	None
ChainingRodShaped	16238	2.59527	0.5	38.3996	18.3462	0	-0.451503	0.89227	0	None	None
ChainingRodShaped	18664	2.25128	0.5	-56.7373	95.1767	0	-0.745827	-0.66614	0	None	None
ChainingRodShaped	16748	2.5705	0.5	26.7108	23.5052	0	0.974403	0.224806	0	None	None
ChainingRodShaped	13662	4.4583	0.5	-116.118	28.7232	0	-0.911515	-0.411267	0	None	None
ChainingRodShaped	13568	3.32362	0.5	-30.8586	-38.8396	0	-0.291986	-0.956423	0	None	None
ChainingRodShaped	15032	2.90045	0.5	50.127	117.692	0	-0.97489	0.222686	0	15033	18761
ChainingRodShaped	11078	3.83406	0.5	-29.5062	32.9844	0	0.989874	-0.14195	0	None	None
ChainingRodShaped	10974	4.55552	0.5	-93.8692	47.8374	0	0.0727868	-0.997348	0	None	None
ChainingRodShaped	19672	2.01869	0.5	-28.9089	-10.283	0	0.625247	-0.780427	0	None	None
ChainingRodShaped	17398	2.38472	0.5	-6.89389	89.2082	0	0.00304944	-0.999995	0	None	None
ChainingRodShaped	17354	2.6411	0.5	-4.74424	7.53504	0	-0.999743	0.0226627	0	None	None
ChainingRodShaped	11650	3.38071	0.5	-42.931	9.04281	0	0.919432	0.393249	0	None	None
ChainingRodShaped	11204	3.84654	0.5	24.8716	53.708	0	-0.26304	-0.964785	0	None	None
ChainingRodShaped	11314	4.31828	0.5	-72.7415	18.5642	0	0.902719	0.43023	0	None	None
ChainingRodShaped	11340	4.78801	0.5	-61.5195	40.0454	0	-0.0106705	0.999943	0	None	None
ChainingRodShaped	12386	3.51872	0.5	23.9376	-0.408218	0	-0.780597	-0.625035	0	None	None
ChainingRodShaped	8630	4.43253	0.5	-45.4788	-11.9915	0	0.999245	0.0388417	0	None	None
ChainingRodShaped	13368	4.09967	0.5	-15.2266	107.638	0	0.938291	-0.345848	0	None	None
ChainingRodShaped	14368	3.32207	0.5	-57.0883	95.9614	0	-0.752466	-0.658631	0	None	None
ChainingRodShaped	18472	2.42311	0.5	4.69168	68.4276	0	0.50856	0.861026	0	None	None
ChainingRodShaped	15734	2.62802	0.5	-13.4876	-21.7462	0	0.978063	0.208309	0	None	None
ChainingRodShaped	5864	4.93034	0.5	180.359	215.872	0	0.0557816	-0.998443	0	19482	5943
ChainingRodShaped	16224	3.202	0.5	-67.3126	48.3914	0	-0.0536874	0.998558	0	None	None
ChainingRodShaped	9810	3.90623	0.5	-90.706	125.177	0	-0.0338208	0.999428	0	9811	13799
ChainingRodShaped	10602	4.17787	0.5	-8.38348	87.451	0	0.0963504	-0.995347	0	None	None
ChainingRodShaped	18640	2.31554	0.5	-54.7805	5.06038	0	0.0724732	-0.99737	0	None	None
ChainingRodShaped	15432	2.89178	0.5	10.2407	-28.9487	0	0.751243	0.660025	0	None	None
ChainingRodShaped	13830	3.13834	0.5	-128.179	48.7471	0	0.487269	0.873252	0	13831	12145
ChainingRodShaped	12378	3.32669	0.5	-83.8439	-3.84748	0	-0.774288	-0.632834	0	None	None
ChainingRodShaped	16208	2.92286	0.5	-28.3189	96.0668	0	-0.853725	0.520724	0	None	None
ChainingRodShaped	12138	4.27317	0.5	7.61051	-41.3785	0	0.655242	0.755419	0	None	None
ChainingRodShaped	14162	3.7543	0.5	-116.512	-7.71071	0	-0.610298	0.792172	0	None	None
ChainingRodShaped	12060	4.23653	0.5	-65.3914	13.5261	0	0.857815	0.513959	0	None	None
ChainingRodShaped	15266	2.67777	0.5	-78.1207	45.9204	0	0.020608	-0.999788	0	None	None
ChainingRodShaped	17060	2.82779	0.5	-27.0215	-57.4774	0	0.466281	0.884637	0	None	None
ChainingRodShaped	15746	3.32883	0.5	-2.93319	-30.7059	0	0.769178	0.639034	0	None	None
ChainingRodShaped	14364	2.71343	0.5	30.8245	184.185	0	0.90276	0.430144	0	14365	8281
ChainingRodShaped	16900	2.89665	0.5	3.65026	22.7273	0	-0.632348	-0.774684	0	None	None
ChainingRodShaped	16072	2.59542	0.5	90.3375	230.272	0	-0.979255	-0.202633	0	16073	15011
ChainingRodShaped	11188	4.14995	0.5	18.6752	31.0877	0	-0.794772	-0.606908	0	None	None
ChainingRodShaped	8974	4.81276	0.5	-16.6156	97.3303	0	-0.335572	-0.942014	0	None	None
ChainingRodShaped	16412	2.74621	0.5	0.53436	82.0656	0	0.082954	0.996553	0	None	None
ChainingRodShaped	6330	4.45993	0.5	-116.344	-0.423031	0	-0.453511	0.891251	0	12466	19615
ChainingRodShaped	15808	2.86794	0.5	20.1734	-13.7166	0	-0.982511	-0.186206	0	None	None
ChainingRodShaped	14072	3.82859	0.5	37.7573	29.9348	0	0.446385	-0.894841	0	None	None
ChainingRodShaped	16836	2.45999	0.5	79.1014	98.8611	0	0.921162	-0.389178	0	16837	12879
ChainingRodShaped	18192	2.40041	0.5	26.8417	22.7591	0	0.972092	0.2346	0	None	None
ChainingRodShaped	10464	4.10666	0.5	2.67274	-0.461823	0	0.975591	-0.219596	0	None	None
ChainingRodShaped	13240	4.70786	0.5	-2.82126	-49.1643	0	-0.431566	-0.902081	0	None	None
ChainingRodShaped	14158	4.21672	0.5	-51.3827	68.0607	0	-0.935347	-0.353732	0	None	None
ChainingRodShaped	6594	4.88679	0.5	-35.5197	76.6362	0	0.996114	-0.0880766	0	None	None
ChainingRodShaped	14198	3.63334	0.5	-47.1455	70.1854	0	-0.95467	-0.297666	0	None	None
ChainingRodShaped	18324	2.20999	0.5	-52.1227	14.6655	0	-0.124921	-0.992167	0	None	None
ChainingRodShaped	10946	3.48787	0.5	2.68621	-43.3916	0	-0.58994	-0.807447	0	None	None
ChainingRodShaped	13718	2.93197	0.5	-49.5387	30.3277	0	0.513651	-0.857999	0	None	None
ChainingRodShaped	10840	4.12824	0.5	-72.8041	112.053	0	0.998809	0.0487998	0	None	None
ChainingRodShaped	11652	3.75006	0.5	-29.8993	1.83579	0	-0.0518784	0.998653	0	None	None
ChainingRodShaped	6782	4.95362	0.5	35.544	-20.9268	0	0.77254	0.634967	0	None	None
ChainingRodShaped	14386	3.00002	0.5	-78.9188	-31.9709	0	0.389196	-0.921155	0	None	None
ChainingRodShaped	11212	4.3288	0.5	-68.519	-29.152	0	0.994319	-0.106441	0	None	None
ChainingRodShaped	14396	3.64241	0.5	-45.8102	32.0018	0	0.387655	-0.921805	0	None	None
ChainingRodShaped	15644	3.06655	0.5	-59.6454	5.50226	0	0.0734075	-0.997302	0	None	None
ChainingRodShaped	13952	3.402	0.5	-115.742	69.7887	0	0.474557	0.880225	0	13953	9703
ChainingRodShaped	11162	3.96323	0.5	-61.1391	-20.5332	0	-0.999554	0.0298487	0	None	None
ChainingRodShaped	13014	4.07092	0.5	36.1941	-6.00589	0	0.734265	0.678863	0	None	None
ChainingRodShaped	16070	2.58698	0.5	22.8628	222.93	0	-0.972277	0.233832	0	16071	16119
ChainingRodShaped	13394	3.53788	0.5	-75.0293	104.707	0	-0.984573	-0.174974	0	None	None
ChainingRodShaped	13934	3.11642	0.5	-22.2528	-0.73757	0	-0.788766	-0.614694	0	None	None
ChainingRodShaped	9934	3.79524	0.5	-89.1879	-14.6707	0	0.475119	0.879922	0	None	None
ChainingRodShaped	13026	3.66862	0.5	-53.1347	31.1628	0	0.975003	-0.222193	0	None	None
ChainingRodShaped	14286	3.68	0.5	-43.477	-39.0466	0	0.740339	0.672234	0	None	None
ChainingRodShaped	17180	2.72322	0.5	-89.0793	71.7121	0	-0.989126	0.147069	0	None	None
ChainingRodShaped	13932	4.34437	0.5	-11.4231	22.432	0	0.697618	0.71647	0	None	None
ChainingRodShaped	15506	3.23654	0.5	-73.4031	33.0824	0	0.890226	0.455518	0	None	None
ChainingRodShaped	15904	2.70222	0.5	19.9559	69.5737	0	0.966866	-0.255284	0	None	None
ChainingRodShaped	15228	3.24722	0.5	-47.2157	-33.2713	0	0.968741	0.248075	0	None	None
ChainingRodShaped	13226	3.45142	0.5	-81.1002	-42.9444	0	0.749619	-0.661869	0	None	None
ChainingRodShaped	12308	3.67418	0.5	-53.6044	-22.9379	0	-0.99325	-0.115996	0	None	None
ChainingRodShaped	16258	3.27346	0.5	-105.469	-28.0598	0	0.498619	-0.866822	0	None	None
ChainingRodShaped	8770	4.29917	0.5	4.07147	82.454	0	0.132408	0.991195	0	None	None
ChainingRodShaped	16046	2.68039	0.5	-43.9996	-13.5241	0	0.999242	0.0389274	0	None	None
ChainingRodShaped	15568	3.29378	0.5	118.157	133.445	0	0.273783	-0.961791	0	15569	14477
ChainingRodShaped	12146	4.96893	0.5	53.5528	45.2598	0	-0.932795	-0.360407	0	None	None
ChainingRodShaped	18928	2.29987	0.5	-13.7184	113.071	0	0.675019	-0.737801	0	None	None
ChainingRodShaped	16302	3.06702	0.5	-108.13	71.1553	0	-0.511205	-0.859459	0	None	None
ChainingRodShaped	15008	3.45885	0.5	18.925	-18.0201	0	0.980295	0.197541	0	None	None
ChainingRodShaped	14870	3.0553	0.5	-99.6256	-6.48487	0	0.506471	-0.862257	0	None	None
ChainingRodShaped	12906	4.319	0.5	-13.2161	-41.2449	0	0.868608	0.4955	0	None	None
ChainingRodShaped	16350	2.6589	0.5	6.39839	101.569	0	0.890787	0.454421	0	None	None
ChainingRodShaped	19438	2.12245	0.5	28.9602	-32.5845	0	0.747613	-0.664135	0	None	None
ChainingRodShaped	18816	2.30154	0.5	-64.3715	-26.478	0	0.99996	0.00894764	0	None	None
ChainingRodShaped	8764	4.87549	0.5	29.9162	-24.0799	0	0.998342	0.0575586	0	None	None
ChainingRodShaped	6668	4.83165	0.5	23.0068	-7.07088	0	0.944963	0.327178	0	None	None
ChainingRodShaped	12450	4.4093	0.5	24.513	116.589	0	0.631149	0.775662	0	12451	12325
ChainingRodShaped	15532	3.50659	0.5	-105.826	87.9867	0	0.999991	0.0042547	0	None	None
ChainingRodShaped	14962	2.87514	0.5	-31.0064	78.3873	0	0.706644	-0.70757	0	None	None
ChainingRodShaped	16770	2.54788	0.5	-19.6582	-34.4898	0	0.491551	-0.870849	0	None	None
ChainingRodShaped	13712	2.98471	0.5	76.4701	-74.8776	0	-0.732089	0.681209	0	13713	9281
ChainingRodShaped	9094	4.74981	0.5	-95.5128	101.215	0	0.748298	0.663362	0	9095	14433
ChainingRodShaped	15104	3.4131	0.5	-70.3914	68.6615	0	-0.586814	-0.809722	0	None	None
ChainingRodShaped	12238	3.6397	0.5	24.9451	128.632	0	0.334597	-0.942361	0	12239	9529
ChainingRodShaped	11920	3.98326	0.5	-8.30874	-24.9269	0	0.332758	0.943012	0	None	None
ChainingRodShaped	14298	2.9113	0.5	-116.93	2.74715	0	-0.462395	0.886674	0	None	None
ChainingRodShaped	18518	2.47797	0.5	-14.2797	54.0755	0	0.536149	0.844123	0	None	None
ChainingRodShaped	9896	3.94461	0.5	-153.046	-13.1598	0	0.103985	0.994579	0	18152	19465
ChainingRodShaped	16740	2.85748	0.5	3.29231	81.9892	0	0.122465	0.992473	0	None	None
ChainingRodShaped	9098	3.65891	0.5	-9.25571	194.708	0	0.558718	0.829358	0	16036	11981
ChainingRodShaped	10480	4.97297	0.5	-51.9092	112.29	0	0.428332	-0.903621	0	None	None
ChainingRodShaped	9902	4.84385	0.5	-90.6169	55.179	0	0.0324082	-0.999475	0	None	None
ChainingRodShaped	12558	4.54929	0.5	-118.346	-9.86101	0	0.472101	-0.881544	0	12559	11613
ChainingRodShaped	13492	2.85269	0.5	9.90165	204.981	0	0.997303	-0.0733894	0	13493	9227
ChainingRodShaped	10962	4.06938	0.5	-2.34989	48.2695	0	0.911667	0.410929	0	None	None
ChainingRodShaped	13596	2.82769	0.5	85.6078	5.75705	0	0.901014	0.433791	0	13597	19199
ChainingRodShaped	13314	3.99601	0.5	143.438	192.308	0	-0.614431	0.788971	0	13315	14407
ChainingRodShaped	16800	2.51253	0.5	-113.464	45.5807	0	-0.921319	-0.388808	0	None	None
ChainingRodShaped	15458	3.21105	0.5	20.1206	-42.4062	0	-0.809713	-0.586826	0	None	None
ChainingRodShaped	17232	2.5623	0.5	-66.5605	-68.6975	0	0.999814	0.0192694	0	17233	10523
ChainingRodShaped	16952	2.63558	0.5	16.1757	-8.03813	0	-0.988423	-0.151722	0	16953	9965
ChainingRodShaped	19126	2.23675	0.5	-109.369	63.6576	0	-0.653339	-0.757065	0	None	None
ChainingRodShaped	19276	2.11664	0.5	-103.049	30.3697	0	-0.743773	-0.668433	0	None	None
ChainingRodShaped	9894	4.95989	0.5	-71.2971	-10.5327	0	0.303679	0.952774	0	None	None
ChainingRodShaped	15416	3.44965	0.5	-10.9633	-17.587	0	0.0544645	0.998516	0	None	None
ChainingRodShaped	17216	2.40131	0.5	-94.9179	-8.49005	0	-0.943293	-0.331962	0	None	None
ChainingRodShaped	11614	4.1675	0.5	77.8443	2.6265	0	-0.845036	-0.53471	0	11615	8949
ChainingRodShaped	19204	2.13558	0.5	-33.6052	-1.51178	0	-0.123704	-0.992319	0	None	None
ChainingRodShaped	14944	2.7425	0.5	-61.758	103.055	0	-0.859902	-0.510459	0	None	None
ChainingRodShaped	13320	3.94846	0.5	24.6873	188.059	0	-0.0583639	-0.998295	0	13321	16195
ChainingRodShaped	15312	3.48539	0.5	-34.9764	31.4614	0	0.992266	-0.124129	0	None	None
ChainingRodShaped	18524	2.26971	0.5	-31.25	-17.8197	0	-0.796412	-0.604754	0	None	None
ChainingRodShaped	17380	2.85205	0.5	-103.894	88.8409	0	0.999972	-0.00742306	0	None	None
ChainingRodShaped	14182	3.63109	0.5	-45.2437	4.61637	0	0.809861	0.586621	0	None	None
ChainingRodShaped	15964	2.72603	0.5	15.8708	96.5603	0	0.996199	-0.0871027	0	None	None
ChainingRodShaped	6266	4.87914	0.5	-22.0984	-37.9912	0	0.35284	-0.935684	0	None	None
ChainingRodShaped	12778	3.48611	0.5	-74.0773	113.865	0	-0.997809	-0.0661628	0	None	None
ChainingRodShaped	11318	3.4285	0.5	-11.9193	-8.67649	0	0.985143	0.171734	0	None	None
ChainingRodShaped	13006	3.93781	0.5	-112.97	-59.0207	0	0.850784	0.525516	0	13007	10601
ChainingRodShaped	12106	4.8024	0.5	-27.4314	-52.8158	0	0.907554	0.419935	0	None	None
ChainingRodShaped	16276	2.95362	0.5	41.909	-19.0726	0	0.758505	0.651667	0	None	None
ChainingRodShaped	15114	3.06289	0.5	207.151	157.553	0	0.24998	-0.968251	0	15115	11869
ChainingRodShaped	7908	4.28132	0.5	24.8847	83.8503	0	0.978311	-0.207142	0	None	None
ChainingRodShaped	16006	2.67016	0.5	104.674	63.0494	0	0.431251	0.902232	0	16007	15073
ChainingRodShaped	8732	4.41279	0.5	-68.6471	7.26606	0	0.295293	0.955407	0	None	None
ChainingRodShaped	14768	2.85643	0.5	-11.3456	85.9504	0	-0.0792787	0.996852	0	None	None
ChainingRodShaped	16694	2.81839	0.5	-31.2062	32.1901	0	0.98263	-0.185577	0	None	None
ChainingRodShaped	18672	2.28183	0.5	192.305	1.72352	0	-0.999469	0.0325739	0	18673	16333
ChainingRodShaped	11512	4.24106	0.5	43.1277	9.42262	0	-0.991101	0.133108	0	None	None
ChainingRodShaped	13882	3.74662	0.5	-29.3276	-21.7693	0	0.80342	0.595412	0	None	None
ChainingRodShaped	15396	3.51422	0.5	-26.6366	1.39724	0	-0.294539	-0.955639	0	None	None
ChainingRodShaped	10766	3.8186	0.5	-25.3693	8.35624	0	0.142294	-0.989824	0	None	None
ChainingRodShaped	11236	4.6916	0.5	-86.7847	101.331	0	0.601774	0.798667	0	None	None
ChainingRodShaped	9748	3.80282	0.5	-54.5839	-47.0914	0	0.346088	0.938202	0	None	None
ChainingRodShaped	8608	4.04884	0.5	-53.265	21.3053	0	-0.15036	-0.988631	0	None	None
ChainingRodShaped	14322	3.21714	0.5	-62.0683	103.887	0	-0.864259	-0.503047	0	None	None
ChainingRodShaped	13682	4.48456	0.5	-104.006	81.157	0	0.0464303	0.998922	0	None	None
ChainingRodShaped	11270	4.43081	0.5	18.0359	-45.7344	0	-0.785456	0.618917	0	None	None
ChainingRodShaped	6874	4.84468	0.5	63.6238	56.2943	0	0.225316	-0.974286	0	None	None
ChainingRodShaped	14302	3.40338	0.5	-58.4735	67.7405	0	-0.884248	-0.467018	0	None	None
ChainingRodShaped	17348	2.73102	0.5	30.199	92.7474	0	0.632971	0.774175	0	None	None
ChainingRodShaped	14110	2.90835	0.5	-46.9032	56.3444	0	-0.0308325	-0.999525	0	None	None
ChainingRodShaped	9320	4.7766	0.5	-66.1871	117.02	0	0.999391	0.0349051	0	None	None
ChainingRodShaped	18772	2.33754	0.5	33.6277	-9.73078	0	0.732592	0.680669	0	None	None
ChainingRodShaped	11054	4.95849	0.5	-46.7543	75.1548	0	0.970206	0.242283	0	None	None
ChainingRodShaped	19668	2.02672	0.5	-63.1212	105.321	0	-0.863866	-0.503721	0	None	None
ChainingRodShaped	16564	2.70005	0.5	-5.76517	59.76	0	0.926663	-0.375894	0	None	None
ChainingRodShaped	14380	4.12103	0.5	-71.6972	106.897	0	-0.877379	-0.479798	0	None	None
ChainingRodShaped	14466	2.79963	0.5	219.038	68.1092	0	0.283185	-0.959065	0	14467	11967
ChainingRodShaped	11666	3.28102	0.5	-0.295736	-40.316	0	-0.669216	-0.743068	0	None	None
ChainingRodShaped	13834	3.78606	0.5	-70.1533	60.6298	0	-0.538238	-0.842793	0	None	None
ChainingRodShaped	15648	2.97991	0.5	-23.4588	51.0211	0	-0.319811	0.947481	0	None	None
ChainingRodShaped	18538	2.4557	0.5	-10.1653	44.2034	0	0.884444	0.466647	0	None	None
ChainingRodShaped	10128	4.15848	0.5	-16.3234	-31.4759	0	-0.447404	0.894332	0	None	None
ChainingRodShaped	14578	2.85557	0.5	-165.111	2.53999	0	-0.933304	-0.359087	0	14579	16337
ChainingRodShaped	14240	3.30036	0.5	-115.126	92.5923	0	-0.613438	0.789743	0	14241	14585
ChainingRodShaped	12316	4.00581	0.5	-33.6781	21.1734	0	0.668196	0.743985	0	None	None
ChainingRodShaped	11250	4.09393	0.5	-50.235	86.7387	0	0.865382	-0.501112	0	None	None
ChainingRodShaped	17050	2.84922	0.5	-95.4665	39.7815	0	0.904402	-0.426681	0	None	None
ChainingRodShaped	11758	4.79617	0.5	-101.863	70.2368	0	-0.0307901	0.999526	0	None	None
ChainingRodShaped	7840	4.7483	0.5	29.4598	-5.24934	0	0.940793	0.338981	0	None	None
ChainingRodShaped	10262	3.8705	0.5	-55.6497	-35.6659	0	0.999998	0.00187188	0	None	None
ChainingRodShaped	11334	4.91402	0.5	-30.0377	55.6314	0	0.355493	-0.934679	0	None	None
ChainingRodShaped	15286	3.07937	0.5	150.81	40.7489	0	-0.969619	0.24462	0	15287	14807
ChainingRodShaped	16592	2.48022	0.5	-35.0231	-20.0118	0	-0.977057	-0.212979	0	None	None
ChainingRodShaped	9400	4.81669	0.5	60.0001	147.544	0	-0.345811	-0.938304	0	9401	15085
ChainingRodShaped	16604	2.95787	0.5	25.1959	25.0108	0	0.836949	0.547281	0	None	None
ChainingRodShaped	19470	2.10338	0.5	5.75736	71.6024	0	0.549709	0.835356	0	None	None
ChainingRodShaped	19314	2.134	0.5	-22.1257	54.5722	0	-0.186209	0.98251	0	None	None
ChainingRodShaped	15778	3.2851	0.5	-43.1299	128.825	0	0.997145	-0.0755146	0	15779	15831
ChainingRodShaped	18424	2.38361	0.5	57.6608	37.7918	0	0.911466	0.411375	0	None	None
ChainingRodShaped	17582	2.81363	0.5	43.6496	-19.9462	0	0.761884	0.647713	0	None	None
ChainingRodShaped	14554	2.84004	0.5	-99.7895	27.7682	0	-0.758287	-0.651921	0	None	None
ChainingRodShaped	16186	2.72382	0.5	20.3832	65.7623	0	0.952949	-0.30313	0	None	None
ChainingRodShaped	17584	2.67742	0.5	-294.513	27.8434	0	-0.502986	0.864295	0	17585	13295
ChainingRodShaped	16384	2.87286	0.5	15.2965	-24.5284	0	0.999861	0.016693	0	None	None
ChainingRodShaped	11600	4.77834	0.5	-62.3359	-53.843	0	0.634484	0.772936	0	None	None
ChainingRodShaped	15512	3.49347	0.5	-11.3966	82.4748	0	-0.388144	0.921599	0	None	None
ChainingRodShaped	15856	2.72234	0.5	-222.214	9.82809	0	-0.556931	-0.830559	0	15857	8143
ChainingRodShaped	12182	4.96342	0.5	-30.3667	88.2718	0	0.990457	-0.137819	0	None	None
ChainingRodShaped	15682	3.07313	0.5	-31.7628	43.7471	0	-0.532119	0.846669	0	None	None
ChainingRodShaped	15214	3.08555	0.5	-108.513	35.5119	0	0.994298	-0.106633	0	None	None
ChainingRodShaped	10136	4.28926	0.5	58.4055	48.8957	0	-0.923915	-0.382598	0	None	None
ChainingRodShaped	16834	2.70828	0.5	-60.9108	-9.34783	0	-0.999638	-0.0268958	0	None	None
ChainingRodShaped	16170	3.13229	0.5	43.4481	55.084	0	0.938194	-0.346109	0	None	None
ChainingRodShaped	11820	3.64235	0.5	-71.1012	118.42	0	0.717767	0.696284	0	None	None
ChainingRodShaped	15376	2.73401	0.5	6.15078	109.475	0	0.992289	-0.123948	0	None	None
ChainingRodShaped	12448	3.26958	0.5	13.488	79.9241	0	0.999506	0.0314187	0	None	None
ChainingRodShaped	7814	4.7831	0.5	45.2473	46.0842	0	0.0186477	-0.999826	0	None	None
ChainingRodShaped	8814	4.77337	0.5	-176.275	38.373	0	-0.950413	-0.310992	0	8815	13553
ChainingRodShaped	15726	3.23764	0.5	58.7332	115.788	0	0.548596	-0.836087	0	15727	8011
ChainingRodShaped	14666	3.39255	0.5	-10.9195	13.0182	0	-0.208632	0.977994	0	None	None
ChainingRodShaped	16700	3.13659	0.5	-25.7013	30.3504	0	0.974539	-0.224217	0	None	None
ChainingRodShaped	17222	2.88347	0.5	47.0605	-8.39652	0	0.301156	-0.953575	0	None	None
ChainingRodShaped	13878	3.21351	0.5	7.28238	-37.8468	0	0.257826	0.966191	0	None	None
ChainingRodShaped	12932	4.37468	0.5	-53.28	46.6795	0	0.559252	-0.828998	0	None	None
ChainingRodShaped	18130	2.507	0.5	57.9145	46.8152	0	-0.923527	-0.383534	0	None	None
ChainingRodShaped	12934	3.84593	0.5	25.9048	58.5034	0	0.263541	0.964648	0	None	None
ChainingRodShaped	10366	3.74533	0.5	-7.49031	62.1617	0	0.921988	-0.387218	0	None	None
ChainingRodShaped	18412	2.24124	0.5	22.9469	-35.4524	0	-0.491263	-0.871011	0	None	None
ChainingRodShaped	15172	2.73398	0.5	5.80686	77.13	0	-0.989594	-0.14389	0	None	None
ChainingRodShaped	12268	3.17111	0.5	41.3184	-18.4479	0	0.753678	0.657244	0	None	None
ChainingRodShaped	15154	3.13104	0.5	-106.25	-28.4894	0	0.493487	-0.869753	0	15155	16423
ChainingRodShaped	16758	2.58275	0.5	-66.2394	-35.3328	0	0.998875	-0.0474144	0	None	None
ChainingRodShaped	10488	4.47811	0.5	-68.9178	-10.1141	0	0.307309	0.95161	0	None	None
ChainingRodShaped	12178	4.64337	0.5	30.02	69.8117	0	0.998961	-0.0455656	0	None	None
ChainingRodShaped	14520	2.98009	0.5	-123.133	3.5271	0	0.0817116	-0.996656	0	None	None
ChainingRodShaped	13472	3.5533	0.5	-21.0512	34.3165	0	0.402355	-0.915484	0	None	None
ChainingRodShaped	6680	4.09975	0.5	-165.402	-135.353	0	-0.737743	0.675082	0	18798	16531
ChainingRodShaped	15454	2.95687	0.5	-77.2663	33.5623	0	0.852903	0.52207	0	None	None
ChainingRodShaped	18910	2.32475	0.5	-32.05	35.7297	0	0.992544	-0.121887	0	None	None
ChainingRodShaped	14450	4.1306	0.5	-46.3128	56.0122	0	-0.0410199	-0.999158	0	None	None
ChainingRodShaped	17946	2.60629	0.5	33.9855	-6.93732	0	0.743056	0.669229	0	None	None
ChainingRodShaped	11602	3.71729	0.5	23.0414	-53.8586	0	0.38983	0.920887	0	11603	17867
ChainingRodShaped	19048	2.13905	0.5	-41.0452	93.6144	0	0.958943	-0.283597	0	None	None
ChainingRodShaped	15382	3.2953	0.5	60.0254	75.4482	0	0.479875	-0.877337	0	15383	16017
ChainingRodShaped	12794	3.34768	0.5	-60.9009	2.03427	0	-0.36856	-0.929604	0	None	None
ChainingRodShaped	15752	2.62348	0.5	-44.489	40.6761	0	0.592849	-0.805314	0	None	None
ChainingRodShaped	18966	2.12551	0.5	-51.0659	53.2985	0	0.312298	-0.949984	0	None	None
ChainingRodShaped	8034	4.1811	0.5	-24.5807	121.656	0	0.774358	-0.632747	0	None	None
ChainingRodShaped	19536	2.05482	0.5	-86.6317	79.629	0	0.969012	-0.247012	0	None	None
ChainingRodShaped	13316	3.86433	0.5	-33.1219	20.8519	0	0.67549	0.737369	0	None	None
ChainingRodShaped	6786	4.69699	0.5	109.586	186.328	0	0.409622	0.912255	0	6787	14201
ChainingRodShaped	12160	4.41508	0.5	-117.887	48.1884	0	0.969877	0.243595	0	None	None
ChainingRodShaped	12382	4.59041	0.5	-13.9422	74.3657	0	0.295323	-0.955398	0	None	None
ChainingRodShaped	18800	2.2746	0.5	16.2848	-10.394	0	0.990118	0.140238	0	None	None
ChainingRodShaped	9722	4.14219	0.5	102.012	61.8463	0	0.3633	0.931672	0	9723	7055
ChainingRodShaped	16270	2.70454	0.5	-17.9116	-58.7348	0	0.995663	-0.0930293	0	None	None
ChainingRodShaped	10208	3.64412	0.5	-85.4816	83.3974	0	0.9943	0.106614	0	None	None
ChainingRodShaped	14542	3.55646	0.5	-92.8189	73.0664	0	-0.867371	0.497662	0	None	None
ChainingRodShaped	16810	2.73318	0.5	14.4635	103.113	0	-0.936637	-0.350303	0	None	None
ChainingRodShaped	8626	4.50365	0.5	11.913	77.3763	0	-0.984993	-0.172595	0	None	None
ChainingRodShaped	8564	4.12496	0.5	-39.7256	3.84777	0	0.773957	0.633238	0	None	None
ChainingRodShaped	17338	2.45304	0.5	-181.216	-72.6907	0	0.631238	0.775589	0	17339	15695
ChainingRodShaped	18460	2.1906	0.5	-14.461	-45.9994	0	0.96104	0.276409	0	None	None
ChainingRodShaped	14608	3.36663	0.5	109.162	158.353	0	0.261336	-0.965248	0	14609	17809
ChainingRodShaped	14506	3.4567	0.5	-143.348	127.676	0	0.666139	-0.745827	0	14507	15555
ChainingRodShaped	19622	2.05479	0.5	-45.2728	-6.669	0	0.404883	-0.914368	0	None	None
ChainingRodShaped	8012	4.80851	0.5	44.9441	65.1506	0	-0.21742	-0.976078	0	None	None
ChainingRodShaped	13402	3.74056	0.5	0.622645	-55.3195	0	0.999924	0.0123378	0	None	None
ChainingRodShaped	15146	3.79297	0.5	29.9084	17.1955	0	0.257198	0.966359	0	None	None
ChainingRodShaped	13432	4.67807	0.5	-0.517752	-24.7102	0	0.896031	-0.443992	0	None	None
ChainingRodShaped	10400	3.8107	0.5	107.258	18.6472	0	0.856043	0.516905	0	10401	12913
ChainingRodShaped	10468	4.12063	0.5	-9.08012	87.1097	0	0.105021	-0.99447	0	None	None
ChainingRodShaped	8132	4.49322	0.5	-108.197	15.2238	0	0.483006	-0.875617	0	None	None
ChainingRodShaped	6402	4.82638	0.5	0.0505047	-14.4021	0	-0.996676	-0.0814622	0	None	None
ChainingRodShaped	14398	2.86684	0.5	33.6123	27.8598	0	-0.0866706	0.996237	0	None	None
ChainingRodShaped	16128	3.42684	0.5	-78.0629	36.8677	0	-0.34935	-0.936992	0	None	None
ChainingRodShaped	12916	3.86859	0.5	-36.2626	99.7761	0	0.331687	0.943389	0	None	None
ChainingRodShaped	9382	4.43578	0.5	-164.091	173.217	0	-0.918189	-0.396142	0	9383	16205
ChainingRodShaped	13794	3.72766	0.5	137.39	62.2254	0	0.278505	-0.960435	0	13795	14529
ChainingRodShaped	7894	4.52647	0.5	0.223943	-4.99757	0	-0.99866	0.0517425	0	None	None
ChainingRodShaped	15710	2.68214	0.5	-67.0444	84.3708	0	0.990289	-0.139027	0	None	None
ChainingRodShaped	14946	2.67383	0.5	10.7292	-26.7775	0	-0.924197	0.381915	0	None	None
ChainingRodShaped	11468	4.97931	0.5	-31.2783	4.15388	0	-0.0318941	0.999491	0	None	None
ChainingRodShaped	16458	2.99282	0.5	0.319684	-45.2614	0	-0.540098	-0.841602	0	None	None
ChainingRodShaped	10732	4.85434	0.5	26.7882	-41.4609	0	1	-0.000189751	0	None	None
ChainingRodShaped	12184	4.80374	0.5	5.12627	86.3792	0	0.729215	0.684285	0	None	None
ChainingRodShaped	14626	3.61887	0.5	40.6632	90.0221	0	0.617713	-0.786403	0	None	None
ChainingRodShaped	10832	4.11813	0.5	-4.79834	-37.7439	0	0.784348	0.620321	0	None	None
ChainingRodShaped	11264	3.69711	0.5	-187.277	-97.1201	0	-0.114889	0.993378	0	11265	13399
ChainingRodShaped	11862	4.79653	0.5	-7.25899	19.6008	0	0.724187	0.689604	0	None	None
ChainingRodShaped	17936	2.60555	0.5	41.2639	-6.59893	0	0.667345	0.744749	0	None	None
ChainingRodShaped	19052	2.14322	0.5	43.3531	-25.8672	0	0.128427	0.991719	0	None	None
ChainingRodShaped	18140	2.43788	0.5	-80.1166	29.1955	0	0.949324	0.314299	0	None	None
ChainingRodShaped	19362	2.13927	0.5	0.682078	-1.5036	0	0.976387	-0.216027	0	None	None
ChainingRodShaped	9808	4.87674	0.5	49.8381	28.4476	0	0.485821	-0.874058	0	None	None
ChainingRodShaped	9004	4.14925	0.5	-67.8389	-5.33005	0	-0.662017	0.749489	0	None	None
ChainingRodShaped	10264	4.93061	0.5	-47.5087	14.1632	0	0.977376	-0.211508	0	None	None
ChainingRodShaped	12588	4.35714	0.5	14.2818	0.127494	0	-0.796776	0.604275	0	None	None
ChainingRodShaped	6728	4.73754	0.5	-72.68	138.093	0	0.941296	-0.337583	0	6729	9217
ChainingRodShaped	12940	3.74577	0.5	-77.4559	27.7453	0	0.896608	0.442824	0	None	None
ChainingRodShaped	13430	4.22807	0.5	28.0714	97.1422	0	0.846372	-0.532592	0	None	None
ChainingRodShaped	9562	4.35111	0.5	-115.468	66.3903	0	-0.484249	-0.87493	0	None	None
ChainingRodShaped	7716	4.40313	0.5	44.3449	-123.552	0	-0.98718	0.159609	0	15692	7537
ChainingRodShaped	14272	3.19764	0.5	-93.1434	-16.4717	0	-0.9511	0.308882	0	None	None
ChainingRodShaped	10336	4.70367	0.5	-77.7177	-2.49574	0	-0.86238	-0.506262	0	None	None
ChainingRodShaped	11422	4.40436	0.5	-135.111	175.481	0	-0.999756	0.0221109	0	11423	12079
ChainingRodShaped	17620	2.51694	0.5	-10.9088	50.1938	0	0.880334	0.474355	0	None	None
ChainingRodShaped	13496	3.19581	0.5	-0.157865	57.7721	0	-0.45026	-0.892897	0	None	None
ChainingRodShaped	19706	2.01673	0.5	26.5026	14.5528	0	0.440786	0.897612	0	None	None
ChainingRodShaped	8382	4.43753	0.5	-126.454	7.19027	0	0.447422	-0.894323	0	18418	11421
ChainingRodShaped	19554	2.07238	0.5	-125.992	10.5089	0	0.473579	-0.880751	0	None	None
ChainingRodShaped	11998	4.59278	0.5	155.054	134.228	0	-0.707523	0.70669	0	11999	13139
ChainingRodShaped	12446	3.18439	0.5	23.013	-69.601	0	-0.220051	0.975488	0	12447	16809
ChainingRodShaped	13388	3.82597	0.5	20.7783	68.6105	0	0.964217	-0.265114	0	None	None
ChainingRodShaped	14596	2.83646	0.5	-86.2277	97.4705	0	-0.574676	-0.818381	0	None	None
ChainingRodShaped	18164	2.29638	0.5	-56.0449	-40.8904	0	0.998928	0.0462938	0	None	None
ChainingRodShaped	15446	3.31369	0.5	-36.8802	68.955	0	-0.965639	-0.259887	0	None	None
ChainingRodShaped	10734	3.71208	0.5	23.7724	40.4618	0	0.227317	-0.973821	0	None	None
ChainingRodShaped	10296	4.4048	0.5	17.686	5.72931	0	0.789	-0.614393	0	None	None
ChainingRodShaped	13722	4.4358	0.5	-91.2581	-39.1073	0	-0.0998607	-0.995001	0	None	None
ChainingRodShaped	14350	3.38755	0.5	18.0595	-42.6601	0	-0.202812	-0.979218	0	None	None
ChainingRodShaped	7082	4.27066	0.5	-136.355	115.916	0	-0.533895	0.845551	0	7083	7549
ChainingRodShaped	16368	2.7107	0.5	-132.877	-11.0589	0	-0.984924	-0.172986	0	16369	12959
ChainingRodShaped	12684	3.43726	0.5	7.90997	63.994	0	0.541045	0.840994	0	None	None
ChainingRodShaped	12642	3.59639	0.5	-168.409	91.383	0	0.925735	-0.378174	0	12643	17779
ChainingRodShaped	14144	3.3121	0.5	-99.3888	4.99615	0	0.352477	-0.935821	0	None	None
ChainingRodShaped	10042	3.92313	0.5	4.51276	32.8332	0	0.957692	0.287796	0	None	None
ChainingRodShaped	12594	3.64615	0.5	-96.05	53.9158	0	0.709173	-0.705035	0	None	None
ChainingRodShaped	7774	3.7799	0.5	34.256	-42.8596	0	0.790248	0.612787	0	7775	10979
ChainingRodShaped	6860	4.72619	0.5	-1.5601	-13.0082	0	0.999767	0.0215737	0	None	None
ChainingRodShaped	7358	4.52032	0.5	-94.9159	-28.2185	0	0.361182	0.932496	0	None	None
ChainingRodShaped	12474	3.92531	0.5	-122.04	14.513	0	0.688336	-0.725392	0	None	None
ChainingRodShaped	13244	4.64976	0.5	2.37112	-14.8793	0	-0.995815	-0.0913916	0	None	None
ChainingRodShaped	15202	3.01552	0.5	-48.0162	112.421	0	0.430964	-0.902369	0	None	None
ChainingRodShaped	13408	4.30013	0.5	-93.2353	32.164	0	-0.442659	-0.89669	0	None	None
ChainingRodShaped	11504	4.97055	0.5	-98.0002	69.9033	0	-0.843988	-0.536362	0	None	None
ChainingRodShaped	13870	3.62691	0.5	92.9074	36.666	0	0.643223	0.765679	0	13871	7309
ChainingRodShaped	10930	4.69065	0.5	-60.3925	96.3377	0	-0.692454	-0.721462	0	None	None
ChainingRodShaped	12266	4.62399	0.5	-30.4848	-66.2906	0	0.977323	0.211753	0	12267	11827
ChainingRodShaped	14918	3.4929	0.5	45.8587	87.9487	0	0.627918	-0.77828	0	None	None
ChainingRodShaped	11492	4.54142	0.5	-92.0058	32.7939	0	-0.435518	-0.90018	0	None	None
ChainingRodShaped	12604	3.13615	0.5	134.663	-37.4869	0	0.891889	-0.452255	0	12605	18981
ChainingRodShaped	9804	4.84802	0.5	-145.245	15.437	0	0.833029	0.553229	0	9805	17279
ChainingRodShaped	19312	2.08298	0.5	-54.9915	112.611	0	0.436053	-0.899921	0	None	None
ChainingRodShaped	17816	2.51946	0.5	-34.8818	25.7665	0	0.917211	0.398401	0	None	None
ChainingRodShaped	17642	2.32701	0.5	-92.2434	53.6628	0	0.0125095	-0.999922	0	None	None
ChainingRodShaped	14956	2.91664	0.5	-2.3406	79.9891	0	0.863519	0.504316	0	None	None
ChainingRodShaped	15784	3.56589	0.5	-18.8131	20.9497	0	0.830437	-0.557112	0	None	None
ChainingRodShaped	19070	2.08948	0.5	56.9696	76.8831	0	0.526465	-0.850197	0	19071	13527
ChainingRodShaped	18266	2.38568	0.5	11.7567	0.0780806	0	-0.813865	0.581054	0	None	None
ChainingRodShaped	14098	3.87734	0.5	-47.1218	31.9324	0	0.405913	-0.913912	0	None	None
ChainingRodShaped	10048	3.662	0.5	-22.184	124.987	0	0.932954	-0.359994	0	10049	7863
ChainingRodShaped	13462	4.44311	0.5	-21.0005	103.223	0	0.763198	0.646164	0	None	None
ChainingRodShaped	19568	2.05622	0.5	60.5886	-7.40134	0	0.781131	0.624367	0	None	None
ChainingRodShaped	10474	3.63573	0.5	-102.966	31.581	0	-0.799508	-0.600655	0	None	None
ChainingRodShaped	13670	4.22768	0.5	37.0908	29.605	0	0.455373	-0.890301	0	None	None
ChainingRodShaped	6938	4.51554	0.5	106.059	99.8334	0	0.872561	0.488506	0	15816	14523
ChainingRodShaped	15262	2.73404	0.5	-46.0711	-45.1007	0	0.628421	0.777873	0	None	None
ChainingRodShaped	14668	3.5193	0.5	34.1864	23.8937	0	-0.0239233	0.999714	0	None	None
ChainingRodShaped	9822	4.73785	0.5	42.9695	85.6583	0	-0.606994	0.794707	0	None	None
ChainingRodShaped	13728	3.77654	0.5	-62.2982	89.7241	0	0.807701	-0.589592	0	None	None
ChainingRodShaped	17204	2.48393	0.5	-9.56926	39.5668	0	0.884207	0.467094	0	None	None
ChainingRodShaped	7972	3.87849	0.5	127.699	32.3458	0	0.742829	0.669481	0	18284	13665
ChainingRodShaped	13516	3.03631	0.5	-48.2168	56.1868	0	-0.0108497	-0.999941	0	None	None
ChainingRodShaped	8402	4.98591	0.5	-68.9553	36.4784	0	0.768525	0.63982	0	None	None
ChainingRodShaped	18044	2.2254	0.5	-20.1398	-0.204049	0	-0.832472	-0.554067	0	None	None
ChainingRodShaped	19692	2.02413	0.5	-12.0619	70.299	0	0.228341	0.973581	0	None	None
ChainingRodShaped	19528	2.07184	0.5	4.35097	36.5792	0	-0.966487	-0.256714	0	None	None
ChainingRodShaped	12780	4.64593	0.5	-24.3722	51.8199	0	-0.329317	0.944219	0	None	None
ChainingRodShaped	18694	2.24927	0.5	8.49897	92.3219	0	0.963386	0.268117	0	None	None
ChainingRodShaped	18328	2.40253	0.5	-55.0978	95.5256	0	-0.739052	-0.673649	0	None	None
ChainingRodShaped	19324	2.11312	0.5	38.1001	-52.6853	0	0.292188	-0.956361	0	19325	17057
ChainingRodShaped	19620	2.04299	0.5	-17.1885	29.4591	0	0.932071	-0.362275	0	None	None
ChainingRodShaped	6976	4.59922	0.5	-68.2123	-30.9552	0	0.99281	-0.119702	0	None	None
ChainingRodShaped	9898	4.57984	0.5	54.8241	8.5072	0	-0.902668	-0.430337	0	None	None
ChainingRodShaped	16914	2.96324	0.5	-88.7691	-17.885	0	-0.988686	-0.15	0	None	None
ChainingRodShaped	19494	2.04795	0.5	-6.31257	21.4769	0	0.730542	0.682868	0	None	None
ChainingRodShaped	18036	2.2845	0.5	23.0312	52.9206	0	-0.261394	-0.965232	0	None	None
ChainingRodShaped	17772	2.7493	0.5	-39.5805	40.5326	0	0.605597	-0.795772	0	None	None
ChainingRodShaped	11624	3.9128	0.5	7.22835	103.78	0	-0.999372	0.0354356	0	None	None
ChainingRodShaped	15006	2.80521	0.5	51.3941	-26.1438	0	0.629617	0.776906	0	15007	12443
ChainingRodShaped	7266	4.0409	0.5	118.802	123.571	0	-0.0598855	0.998205	0	14686	12769
ChainingRodShaped	10230	4.77168	0.5	53.9851	19.5711	0	0.668683	0.743547	0	None	None
ChainingRodShaped	9790	4.93057	0.5	-85.4553	-12.712	0	0.343055	0.939315	0	None	None
ChainingRodShaped	14082	3.19501	0.5	-22.9216	-13.3415	0	-0.74232	-0.670045	0	None	None
ChainingRodShaped	10890	4.06576	0.5	-3.82783	108.776	0	0.605963	-0.795493	0	None	None
ChainingRodShaped	15348	2.90913	0.5	-53.947	32.5889	0	0.982443	-0.186565	0	None	None
ChainingRodShaped	13260	4.65308	0.5	-95.0727	7.86148	0	0.36665	-0.930359	0	None	None
ChainingRodShaped	13002	4.78187	0.5	13.36	109.795	0	-0.998523	-0.0543324	0	None	None
ChainingRodShaped	16356	2.79333	0.5	22.3871	-26.2604	0	0.44341	-0.896319	0	None	None
ChainingRodShaped	19496	2.08188	0.5	-1.15114	78.6667	0	0.0379958	0.999278	0	None	None
ChainingRodShaped	13236	4.80259	0.5	33.9762	54.5294	0	0.332683	0.943039	0	None	None
ChainingRodShaped	13964	2.86245	0.5	-23.2027	43.0404	0	0.583869	-0.811848	0	None	None
ChainingRodShaped	6254	4.94781	0.5	-32.0936	99.3626	0	0.318477	0.94793	0	None	None
ChainingRodShaped	19300	2.13735	0.5	-40.3084	18.2841	0	0.999624	-0.0274183	0	None	None
ChainingRodShaped	16202	3.15264	0.5	-43.6969	77.8383	0	-0.999997	0.00224944	0	None	None
ChainingRodShaped	6320	4.70732	0.5	-42.9924	104.015	0	-0.316082	-0.948732	0	None	None
ChainingRodShaped	10910	3.66748	0.5	-52.2463	-39.45	0	0.983725	0.17968	0	None	None
ChainingRodShaped	9918	4.89871	0.5	-112.311	62.6085	0	-0.26969	-0.962947	0	None	None
ChainingRodShaped	19594	2.04076	0.5	-19.6678	67.3214	0	-0.632879	-0.774251	0	None	None
ChainingRodShaped	15788	3.39828	0.5	-43.4711	33.5306	0	0.348869	-0.937171	0	None	None
ChainingRodShaped	18796	2.14611	0.5	18.2531	-27.5432	0	-0.444072	0.895991	0	None	None
ChainingRodShaped	8524	4.84445	0.5	42.8036	63.0634	0	-0.231559	-0.972821	0	None	None
ChainingRodShaped	18250	2.4267	0.5	-100.737	-30.9528	0	0.45155	-0.892246	0	None	None
ChainingRodShaped	10374	3.66355	0.5	-60.7741	96.9611	0	-0.685171	-0.728382	0	None	None
ChainingRodShaped	13930	2.91224	0.5	6.53655	145.374	0	0.938077	-0.346426	0	13931	13185
ChainingRodShaped	15374	3.769	0.5	-60.4139	-15.7014	0	-0.999333	0.0365254	0	None	None
ChainingRodShaped	18616	2.21588	0.5	-25.6548	-1.07539	0	-0.794518	-0.607241	0	None	None
ChainingRodShaped	13652	3.59192	0.5	55.5278	75.0491	0	-0.647659	0.761931	0	None	None
ChainingRodShaped	12862	3.56932	0.5	37.4414	-7.12297	0	0.720492	0.693463	0	None	None
ChainingRodShaped	13992	3.22389	0.5	62.2482	219.348	0	-0.960133	-0.279544	0	13993	9783
ChainingRodShaped	19280	2.09385	0.5	-131.563	33.6435	0	-0.951169	-0.30867	0	None	None
ChainingRodShaped	13690	3.77081	0.5	-18.4465	30.6846	0	0.897889	-0.440221	0	None	None
ChainingRodShaped	11686	3.55185	0.5	9.30607	40.0939	0	-0.37766	-0.925944	0	None	None
ChainingRodShaped	14812	4.07953	0.5	24.1029	26.1355	0	0.826438	0.563028	0	None	None
ChainingRodShaped	10672	3.49672	0.5	42.4921	50.353	0	-0.970295	-0.241925	0	None	None
ChainingRodShaped	19156	2.21909	0.5	-38.7489	107.099	0	0.0383377	-0.999265	0	None	None
ChainingRodShaped	14032	4.40248	0.5	38.5868	51.6226	0	-0.999079	-0.0428985	0	None	None
ChainingRodShaped	15960	2.89885	0.5	-18.071	78.2034	0	0.342493	-0.93952	0	None	None
ChainingRodShaped	12874	3.52898	0.5	-94.9599	87.147	0	-0.638026	-0.770015	0	None	None
ChainingRodShaped	12518	4.03808	0.5	-78.689	19.8741	0	0.841177	0.540761	0	None	None
ChainingRodShaped	16756	2.90937	0.5	-58.1465	-42.7451	0	0.997709	0.0676577	0	None	None
ChainingRodShaped	10354	4.30413	0.5	59.7999	-0.761292	0	0.247078	0.968996	0	None	None
ChainingRodShaped	14952	2.72793	0.5	-15.021	108.448	0	-0.941157	0.337968	0	None	None
ChainingRodShaped	18030	2.34558	0.5	4.34688	19.201	0	0.633244	0.773952	0	None	None
ChainingRodShaped	11222	4.54862	0.5	-31.1065	71.2253	0	-0.996934	0.0782423	0	None	None
ChainingRodShaped	17966	2.4455	0.5	20.3689	-26.0645	0	0.432098	-0.901827	0	None	None
ChainingRodShaped	14968	3.50235	0.5	-118.74	47.0673	0	0.968195	0.250196	0	None	None
ChainingRodShaped	15128	3.08893	0.5	-76.6851	26.4975	0	0.894278	0.447511	0	None	None
ChainingRodShaped	10632	4.6864	0.5	-62.2148	68.5738	0	-0.808243	-0.588849	0	None	None
ChainingRodShaped	11606	4.07852	0.5	15.2849	4.07441	0	-0.781199	0.624281	0	None	None
ChainingRodShaped	18612	2.18693	0.5	-60.0777	27.6057	0	0.89871	0.438544	0	None	None
ChainingRodShaped	11482	4.36162	0.5	-69.9451	-10.9149	0	0.31672	0.948519	0	None	None
ChainingRodShaped	12610	4.86823	0.5	37.9955	85.9709	0	0.27024	0.962793	0	None	None
ChainingRodShaped	15604	3.62488	0.5	45.3535	-2.91436	0	0.962932	0.269743	0	None	None
ChainingRodShaped	10542	3.83232	0.5	56.4613	-15.3543	0	0.640956	0.767577	0	None	None
ChainingRodShaped	14194	3.63807	0.5	31.6617	78.657	0	0.962797	0.270225	0	None	None
ChainingRodShaped	12760	3.54078	0.5	-10.9507	-2.41438	0	-0.986814	-0.161858	0	None	None
ChainingRodShaped	12734	4.06953	0.5	-122.545	39.7028	0	0.980467	-0.196683	0	None	None
ChainingRodShaped	18294	2.51552	0.5	-72.4087	70.955	0	0.560574	0.828104	0	None	None
ChainingRodShaped	12756	3.17498	0.5	-56.7372	-56.0063	0	0.487328	0.873219	0	None	None
ChainingRodShaped	10320	4.85884	0.5	-25.4209	37.933	0	0.540256	-0.8415	0	None	None
ChainingRodShaped	13458	3.24705	0.5	-87.7854	38.6213	0	-0.403997	-0.91476	0	None	None
ChainingRodShaped	7360	4.77603	0.5	-27.1068	-54.5449	0	0.912725	0.408574	0	None	None
ChainingRodShaped	9872	4.50252	0.5	111.552	80.1462	0	0.523679	0.851915	0	9873	18597
ChainingRodShaped	12668	3.43734	0.5	-81.4323	85.0639	0	0.997294	-0.0735221	0	None	None
ChainingRodShaped	14830	2.9032	0.5	32.8795	53.7339	0	0.302431	0.953171	0	None	None
ChainingRodShaped	17528	2.40805	0.5	15.3703	-43.969	0	0.700889	0.71327	0	None	None
ChainingRodShaped	7208	4.16783	0.5	45.2542	-32.2432	0	-0.620041	-0.784569	0	19220	14385
ChainingRodShaped	13578	3.92151	0.5	-90.2392	64.7683	0	0.802235	0.597008	0	None	None
ChainingRodShaped	12624	4.42821	0.5	-81.6415	75.8714	0	0.979436	-0.201754	0	None	None
ChainingRodShaped	7218	4.71508	0.5	-91.3425	-3.42904	0	0.369521	0.929222	0	None	None
ChainingRodShaped	14618	4.08814	0.5	-74.1602	36.5298	0	-0.623217	-0.782049	0	None	None
ChainingRodShaped	13338	4.27521	0.5	-92.8235	84.5555	0	-0.371281	-0.92852	0	None	None
ChainingRodShaped	14352	3.0198	0.5	-20.4574	34.5861	0	0.411418	-0.911447	0	None	None
ChainingRodShaped	14954	3.07866	0.5	-122.923	-153.803	0	-0.993969	-0.109663	0	14955	12811
ChainingRodShaped	13676	4.55706	0.5	18.6495	49.3176	0	-0.0710236	-0.997475	0	None	None
ChainingRodShaped	13642	4.49004	0.5	-120.932	59.4077	0	-0.526313	-0.850291	0	None	None
ChainingRodShaped	17274	2.75048	0.5	66.4023	2.08296	0	-0.929603	-0.368562	0	None	None
ChainingRodShaped	7052	4.76932	0.5	7.10726	-51.6788	0	-0.187653	0.982235	0	None	None
ChainingRodShaped	17544	2.28832	0.5	127.713	31.0674	0	-0.737473	-0.675377	0	17545	16573
ChainingRodShaped	10798	4.3231	0.5	-90.3724	-62.1321	0	0.712293	-0.701883	0	10799	18693
ChainingRodShaped	13252	3.32426	0.5	69.1017	33.0668	0	0.999258	0.0385139	0	None	None
ChainingRodShaped	11324	4.30069	0.5	59.8967	22.0734	0	-0.676333	-0.736596	0	None	None
ChainingRodShaped	11680	4.93454	0.5	-57.012	56.6937	0	0.686865	0.726785	0	None	None
ChainingRodShaped	17486	2.28182	0.5	21.8717	-94.4067	0	0.224501	0.974474	0	17487	10835
ChainingRodShaped	12634	3.3461	0.5	-16.9068	14.9175	0	0.831395	0.555682	0	None	None
ChainingRodShaped	18332	2.38575	0.5	64.1728	38.0324	0	0.98191	-0.189349	0	None	None
ChainingRodShaped	19108	2.16143	0.5	-107.538	94.3134	0	0.835441	0.54958	0	None	None
ChainingRodShaped	13640	4.0068	0.5	169.138	18.5594	0	-0.457313	0.889306	0	13641	14077
ChainingRodShaped	12904	3.41191	0.5	116.055	74.5275	0	0.931208	0.364487	0	12905	15097
ChainingRodShaped	11950	3.84548	0.5	-37.398	120.902	0	0.632141	-0.774853	0	None	None
ChainingRodShaped	14472	4.09116	0.5	-95.8595	-18.1204	0	-0.944819	0.327593	0	None	None
ChainingRodShaped	13954	2.95905	0.5	-75.7886	24.3957	0	0.887864	0.460105	0	None	None
ChainingRodShaped	14598	4.14553	0.5	-30.0885	-50.1156	0	0.979451	0.201682	0	None	None
ChainingRodShaped	16306	2.38942	0.5	-175.519	-124.545	0	-0.609938	0.792449	0	16307	16289
ChainingRodShaped	15952	3.4854	0.5	7.19963	82.199	0	-0.110617	-0.993863	0	None	None
ChainingRodShaped	13484	3.34414	0.5	54.662	21.6961	0	0.661247	0.750168	0	None	None
ChainingRodShaped	10104	4.24811	0.5	1.32453	19.1716	0	-0.342753	-0.939426	0	None	None
ChainingRodShaped	12966	4.44427	0.5	63.1842	2.72411	0	-0.890678	-0.454635	0	None	None
ChainingRodShaped	11896	4.06446	0.5	5.2759	92.5952	0	0.856843	0.515577	0	None	None
ChainingRodShaped	15996	3.1842	0.5	-38.9397	-34.3032	0	-0.292812	0.95617	0	None	None
ChainingRodShaped	10752	4.09041	0.5	33.1627	-38.7766	0	-0.823098	0.5679	0	None	None
ChainingRodShaped	10934	3.65705	0.5	-37.8664	-27.0964	0	0.995962	0.0897703	0	None	None
ChainingRodShaped	16112	2.57071	0.5	-91.767	0.945245	0	-0.721108	-0.692822	0	None	None
ChainingRodShaped	13058	3.88203	0.5	-59.0444	89.3066	0	0.798826	-0.601562	0	None	None
ChainingRodShaped	7758	4.73642	0.5	63.1833	65.3406	0	-0.299184	0.954195	0	13286	12973
ChainingRodShaped	16052	2.64422	0.5	-46.1223	125.44	0	-0.982567	0.18591	0	None	None
ChainingRodShaped	13284	3.52506	0.5	-100.012	54.0326	0	0.988537	-0.150977	0	None	None
ChainingRodShaped	14202	3.58034	0.5	11.8339	12.3416	0	-0.584002	0.811753	0	None	None
ChainingRodShaped	18082	2.29541	0.5	-25.9852	65.1425	0	-0.954531	-0.298111	0	None	None
ChainingRodShaped	16894	2.65558	0.5	-58.112	-25.1159	0	-0.990903	-0.13458	0	16895	16821
ChainingRodShaped	14970	2.58821	0.5	-56.5673	130.849	0	0.957689	-0.287806	0	14971	18075
ChainingRodShaped	14006	2.88671	0.5	19.4363	49.7973	0	-0.062759	-0.998029	0	None	None
ChainingRodShaped	18438	2.1847	0.5	-13.7469	111.715	0	-0.667689	0.74444	0	None	None
ChainingRodShaped	13524	4.67081	0.5	-101.647	46.6208	0	0.980017	0.198912	0	None	None
ChainingRodShaped	9332	3.80325	0.5	-142.337	-62.8311	0	0.996817	-0.0797281	0	9333	16217
ChainingRodShaped	12838	3.94013	0.5	-15.8529	123.212	0	-0.890452	0.455077	0	12839	16033
ChainingRodShaped	7870	4.43306	0.5	107.366	16.4572	0	0.853673	0.520809	0	18092	19551
ChainingRodShaped	13460	4.0837	0.5	3.17319	34.7874	0	-0.961172	-0.275951	0	None	None
ChainingRodShaped	18204	2.6048	0.5	20.246	50.3972	0	-0.0695566	-0.997578	0	None	None
ChainingRodShaped	16162	3.077	0.5	20.8802	92.1865	0	0.448637	-0.893714	0	None	None
ChainingRodShaped	12420	3.46814	0.5	-30.3439	-29.4084	0	0.920827	-0.389971	0	None	None
ChainingRodShaped	13750	3.50291	0.5	-63.436	-19.5622	0	-0.995045	0.0994219	0	None	None
ChainingRodShaped	18238	2.31987	0.5	10.9807	56.2508	0	0.503815	0.863811	0	None	None
ChainingRodShaped	16392	3.04588	0.5	-58.9292	-0.824836	0	0.405494	0.914098	0	None	None
ChainingRodShaped	10004	4.27029	0.5	-10.6414	86.6952	0	-0.0851	0.996372	0	None	None
ChainingRodShaped	9160	3.99498	0.5	-8.34263	-13.5939	0	0.999891	-0.0147324	0	None	None
ChainingRodShaped	14246	3.97146	0.5	-98.3093	68.7955	0	-0.847344	-0.531044	0	None	None
ChainingRodShaped	19132	2.22426	0.5	-2.93834	109.157	0	0.602715	-0.797957	0	None	None
ChainingRodShaped	15020	3.37284	0.5	-10.0592	30.4821	0	0.432481	0.901643	0	None	None
ChainingRodShaped	9598	4.60061	0.5	-97.6155	46.4033	0	0.122635	-0.992452	0	None	None
ChainingRodShaped	14842	3.30006	0.5	22.956	-75.0257	0	0.0980546	-0.995181	0	14843	7725
ChainingRodShaped	19412	2.06421	0.5	-99.5626	54.8267	0	0.989939	-0.141494	0	None	None
ChainingRodShaped	15824	2.9355	0.5	12.5786	-9.10049	0	0.999379	0.0352309	0	None	None
ChainingRodShaped	19488	2.03946	0.5	-113.031	36.2785	0	-0.998768	-0.0496199	0	None	None
ChainingRodShaped	13208	3.01783	0.5	-37.4186	101.756	0	0.331009	0.943627	0	None	None
ChainingRodShaped	17150	2.80537	0.5	-35.556	-31.4346	0	0.978664	-0.205469	0	None	None
ChainingRodShaped	19378	2.14868	0.5	-104.921	79.8006	0	-0.036451	-0.999335	0	None	None
ChainingRodShaped	13010	3.42897	0.5	33.4644	82.6171	0	-0.161329	-0.986901	0	None	None
ChainingRodShaped	13608	3.24498	0.5	43.6918	48.9795	0	-0.971116	-0.238609	0	None	None
ChainingRodShaped	19354	2.12624	0.5	-13.0977	46.018	0	0.897147	0.441732	0	None	None
ChainingRodShaped	14236	4.06575	0.5	-73.648	79.7074	0	0.98314	-0.182852	0	None	None
ChainingRodShaped	9014	4.70995	0.5	11.0023	62.457	0	0.505417	0.862875	0	None	None
ChainingRodShaped	15912	2.81703	0.5	-8.16465	56.0061	0	-0.950888	0.309535	0	None	None
ChainingRodShaped	12936	4.54593	0.5	-115.154	18.7511	0	-0.509202	0.860647	0	None	None
ChainingRodShaped	18484	2.37049	0.5	45.7945	-10.6464	0	0.663581	0.748104	0	None	None
ChainingRodShaped	8410	4.39568	0.5	11.0608	6.09731	0	-0.561961	0.827164	0	None	None
ChainingRodShaped	8840	4.27153	0.5	34.6523	-1.80584	0	-0.942745	-0.333515	0	17240	8177
ChainingRodShaped	14758	3.69563	0.5	-50.0424	-59.6044	0	-0.880078	-0.47483	0	None	None
ChainingRodShaped	17432	2.40805	0.5	12.2529	-42.0569	0	0.703476	0.710719	0	None	None
ChainingRodShaped	15336	3.73863	0.5	27.9435	74.7177	0	-0.990238	0.139387	0	None	None
ChainingRodShaped	16430	2.78939	0.5	-20.7972	61.771	0	0.937518	0.347936	0	None	None
ChainingRodShaped	17750	2.43016	0.5	6.22172	50.0789	0	0.376586	0.926382	0	None	None
ChainingRodShaped	7232	4.55325	0.5	52.8363	32.5118	0	0.351591	0.936154	0	None	None
ChainingRodShaped	11960	3.45671	0.5	-63.8051	84.8324	0	0.820324	-0.571899	0	None	None
ChainingRodShaped	14518	2.82797	0.5	169.246	124.746	0	0.942431	-0.3344	0	14519	19649
ChainingRodShaped	13310	3.47018	0.5	-84.6156	84.5841	0	0.989495	-0.144564	0	None	None
ChainingRodShaped	13054	4.36849	0.5	40.8256	37.666	0	0.349614	-0.936894	0	None	None
ChainingRodShaped	13222	3.3482	0.5	-23.8149	-1.30164	0	-0.782445	-0.62272	0	None	None
ChainingRodShaped	15456	3.31963	0.5	-104.041	14.8617	0	0.659678	-0.751549	0	None	None
ChainingRodShaped	15842	3.49847	0.5	-51.2496	-16.3112	0	-0.988325	-0.152358	0	None	None
ChainingRodShaped	17608	2.8076	0.5	-32.5404	-38.0605	0	-0.382987	-0.923754	0	None	None
ChainingRodShaped	11234	4.9852	0.5	-59.7385	1.19335	0	-0.387138	-0.922022	0	None	None
ChainingRodShaped	16842	2.81484	0.5	-94.9016	27.5449	0	-0.783774	-0.621046	0	None	None
ChainingRodShaped	15854	2.99951	0.5	-80.8491	-12.9218	0	0.0731406	0.997322	0	None	None
ChainingRodShaped	11044	3.62025	0.5	-7.00962	109.811	0	0.678275	-0.734808	0	None	None
ChainingRodShaped	8232	4.86839	0.5	-99.1837	97.5487	0	-0.877753	-0.479113	0	None	None
ChainingRodShaped	17410	2.88275	0.5	-36.0599	103.037	0	0.340424	0.940272	0	None	None
ChainingRodShaped	14362	4.25722	0.5	33.4469	-19.5564	0	-0.76607	-0.642757	0	None	None
ChainingRodShaped	15538	3.32543	0.5	55.7016	-65.1753	0	-0.958354	0.285582	0	15539	14333
ChainingRodShaped	19662	2.01519	0.5	40.228	85.6993	0	-0.108871	0.994056	0	None	None
ChainingRodShaped	12050	3.32309	0.5	31.8985	-13.4319	0	0.759069	0.65101	0	None	None
ChainingRodShaped	17098	2.8205	0.5	23.2945	12.961	0	0.277795	0.96064	0	None	None
ChainingRodShaped	11562	3.63528	0.5	38.8528	58.3142	0	-0.349196	-0.93705	0	None	None
ChainingRodShaped	14394	3.53707	0.5	-7.70929	105.508	0	-0.721673	0.692234	0	None	None
ChainingRodShaped	16672	2.42332	0.5	43.6545	24.3205	0	0.493531	-0.869728	0	None	None
ChainingRodShaped	8334	4.10005	0.5	41.7989	-25.0276	0	0.769298	0.63889	0	None	None
ChainingRodShaped	13858	2.85364	0.5	52.05	-17.9662	0	0.607985	0.793949	0	None	None
ChainingRodShaped	14126	3.67978	0.5	-46.4309	31.9045	0	0.396876	-0.917872	0	None	None
ChainingRodShaped	15360	3.53091	0.5	11.4194	33.6659	0	0.949952	0.312395	0	None	None
ChainingRodShaped	6856	4.72594	0.5	-75.4508	-20.7081	0	-0.979212	0.20284	0	None	None
ChainingRodShaped	8826	3.64967	0.5	-153.98	41.9588	0	-0.990454	-0.13784	0	19264	8349
ChainingRodShaped	14080	2.93649	0.5	-74.9815	92.1259	0	0.976664	0.214774	0	None	None
ChainingRodShaped	14664	2.86892	0.5	-4.37558	86.7375	0	0.847622	0.5306	0	None	None
ChainingRodShaped	16984	3.04064	0.5	37.423	52.362	0	-0.999456	-0.0329923	0	None	None
ChainingRodShaped	13588	4.26444	0.5	-88.063	32.0007	0	-0.395996	-0.918252	0	None	None
ChainingRodShaped	15878	3.53492	0.5	-60.7613	39.2026	0	-0.00398729	0.999992	0	None	None
ChainingRodShaped	18918	2.17413	0.5	-44.4433	-4.63981	0	-0.366461	0.930433	0	None	None
ChainingRodShaped	10112	3.69677	0.5	-30.7862	-45.4882	0	0.647587	0.761992	0	None	None
ChainingRodShaped	14862	4.03954	0.5	-44.3195	11.6078	0	-0.912537	-0.408994	0	None	None
ChainingRodShaped	14218	4.17277	0.5	13.8845	101.089	0	0.935323	0.353795	0	None	None
ChainingRodShaped	19084	2.0814	0.5	24.6893	-114.029	0	-0.60314	0.797636	0	19085	13219
ChainingRodShaped	19112	2.21589	0.5	-106.322	29.692	0	0.283191	0.959064	0	None	None
ChainingRodShaped	11844	4.41224	0.5	101.501	45.4346	0	-0.715146	-0.698976	0	11845	17493
ChainingRodShaped	19154	2.17427	0.5	55.6519	1.30103	0	0.770874	0.636987	0	None	None
ChainingRodShaped	14304	3.82552	0.5	-45.5567	62.4952	0	0.0129141	-0.999917	0	None	None
ChainingRodShaped	11660	3.74039	0.5	-46.9778	114.32	0	0.430994	-0.902355	0	None	None
ChainingRodShaped	7800	4.22658	0.5	-48.5772	78.4069	0	0.997575	-0.0695957	0	None	None
ChainingRodShaped	18356	2.46653	0.5	31.8661	102.32	0	0.419975	0.907536	0	None	None
ChainingRodShaped	15806	2.5744	0.5	41.5282	74.9631	0	0.974347	-0.22505	0	None	None
ChainingRodShaped	12054	3.626	0.5	-97.4679	-25.0245	0	0.317294	0.948327	0	None	None
ChainingRodShaped	18954	2.29464	0.5	-122.455	33.7187	0	0.961149	0.276031	0	None	None
ChainingRodShaped	17322	2.40215	0.5	59.9959	-67.5384	0	0.95619	-0.292745	0	17323	15317
ChainingRodShaped	11532	4.13676	0.5	-3.69794	-21.3468	0	0.881994	-0.471261	0	None	None
ChainingRodShaped	10556	4.5467	0.5	6.06495	-15.3693	0	-0.99964	-0.0268357	0	None	None
ChainingRodShaped	7382	4.72076	0.5	-34.4855	121.773	0	-0.661382	0.750049	0	None	None
ChainingRodShaped	10736	4.3219	0.5	-93.8637	-2.80355	0	0.352962	0.935638	0	None	None
ChainingRodShaped	18340	2.359	0.5	-113.283	67.5671	0	-0.750262	-0.661141	0	None	None
ChainingRodShaped	13352	4.82262	0.5	-37.9029	90.3409	0	0.960384	-0.278679	0	None	None
ChainingRodShaped	19600	2.02245	0.5	45.5056	63.608	0	-0.207636	-0.978206	0	None	None
ChainingRodShaped	7432	4.65094	0.5	-92.2665	-8.4197	0	-0.946607	-0.322389	0	None	None
ChainingRodShaped	8938	4.76557	0.5	-62.5232	72.6706	0	-0.790957	-0.611871	0	None	None
ChainingRodShaped	15664	3.44894	0.5	39.85	50.9041	0	-0.999459	-0.032904	0	None	None
ChainingRodShaped	11786	3.29482	0.5	67.3215	23.4256	0	-0.600041	-0.799969	0	None	None
ChainingRodShaped	8076	4.8497	0.5	-75.8948	48.2833	0	-0.0324822	-0.999472	0	None	None
ChainingRodShaped	17768	2.21913	0.5	143.954	76.227	0	-0.626504	0.779418	0	17769	16249
ChainingRodShaped	8092	4.84525	0.5	-183.565	-21.5306	0	0.653467	-0.756955	0	16864	13675
ChainingRodShaped	12574	3.36752	0.5	-110.835	16.5787	0	-0.507428	0.861694	0	None	None
ChainingRodShaped	13362	3.88276	0.5	-3.76888	86.1937	0	0.852936	0.522016	0	None	None
ChainingRodShaped	16636	2.41979	0.5	69.6475	23.1229	0	-0.702262	-0.711918	0	None	None
ChainingRodShaped	11702	4.81662	0.5	-56.2008	-17.046	0	0.98775	0.156042	0	None	None
ChainingRodShaped	10874	4.06262	0.5	-18.5341	44.3216	0	-0.104401	0.994535	0	None	None
ChainingRodShaped	12922	4.83784	0.5	45.0256	26.917	0	0.495273	-0.868737	0	None	None
ChainingRodShaped	11446	4.47258	0.5	-190.982	-10.9243	0	-0.360761	0.932658	0	11447	8337
ChainingRodShaped	17960	2.67908	0.5	-27.8641	114.013	0	-0.855948	-0.517062	0	None	None
ChainingRodShaped	12626	4.79765	0.5	-37.267	-52.7788	0	0.999969	0.00787509	0	None	None
ChainingRodShaped	12842	3.85783	0.5	-24.9085	106.777	0	0.955195	0.295978	0	None	None
ChainingRodShaped	10078	4.15237	0.5	-8.41723	14.3225	0	-0.639803	0.768539	0	None	None
ChainingRodShaped	10072	3.63391	0.5	-14.8191	-3.70233	0	-0.988468	-0.151427	0	None	None
ChainingRodShaped	9774	4.4844	0.5	-102.755	7.81066	0	0.259138	-0.96584	0	None	None
ChainingRodShaped	15874	2.82686	0.5	21.8243	50.9506	0	-0.0896653	-0.995972	0	None	None
ChainingRodShaped	15246	2.89573	0.5	57.3647	-15.7188	0	0.635324	0.772245	0	15247	16363
ChainingRodShaped	16912	2.86689	0.5	-29.7006	-58.6581	0	0.914546	0.404483	0	None	None
ChainingRodShaped	12340	4.96149	0.5	-42.6526	-4.96215	0	-0.347411	0.937713	0	None	None
ChainingRodShaped	16436	2.75773	0.5	-85.9585	72.8395	0	-0.982269	0.187475	0	None	None
ChainingRodShaped	12290	3.62624	0.5	-18.7904	76.9231	0	0.807048	-0.590485	0	None	None
ChainingRodShaped	7614	4.81835	0.5	-61.7362	10.0463	0	-0.251171	-0.967943	0	None	None
ChainingRodShaped	14344	3.11583	0.5	-93.4684	9.37723	0	0.345066	-0.938579	0	None	None
ChainingRodShaped	8970	4.6183	0.5	26.5206	62.9245	0	0.997152	-0.0754189	0	None	None
ChainingRodShaped	14854	3.07094	0.5	-73.0388	67.4829	0	-0.566667	-0.823947	0	None	None
ChainingRodShaped	15236	3.53929	0.5	-89.4712	-12.8212	0	-0.843636	-0.536916	0	None	None
ChainingRodShaped	13392	4.08531	0.5	-55.2399	12.2995	0	-0.15135	-0.98848	0	None	None
ChainingRodShaped	9156	4.71879	0.5	12.4582	-11.4751	0	0.99956	0.0296594	0	None	None
ChainingRodShaped	9616	3.99858	0.5	-64.1359	-48.8305	0	-0.407635	-0.913145	0	None	None
ChainingRodShaped	7790	3.89455	0.5	134.108	-99.3082	0	-0.699485	-0.714647	0	7791	15143
ChainingRodShaped	14582	3.14015	0.5	-36.6837	0.071094	0	0.242645	0.970115	0	None	None
ChainingRodShaped	19588	2.04241	0.5	39.7235	33.7489	0	0.33628	-0.941762	0	None	None
ChainingRodShaped	16986	2.61244	0.5	16.8418	61.7141	0	0.495272	0.868738	0	None	None
ChainingRodShaped	17524	2.69256	0.5	-22.2979	124.019	0	-0.932198	0.361949	0	None	None
ChainingRodShaped	11986	4.10064	0.5	-18.5604	60.511	0	0.62851	0.777802	0	None	None
ChainingRodShaped	14538	3.14196	0.5	-66.2638	25.2923	0	0.886897	0.461968	0	None	None
ChainingRodShaped	17514	2.64599	0.5	-92.5005	-124.377	0	-0.158923	-0.987291	0	17515	9699
ChainingRodShaped	13542	4.16858	0.5	-95.4326	62.1018	0	0.866757	0.498731	0	None	None
ChainingRodShaped	10420	4.22992	0.5	185.941	122.831	0	-0.996935	-0.0782332	0	10421	14823
ChainingRodShaped	10204	3.75871	0.5	7.75209	147.307	0	-0.840364	0.542022	0	10205	14797
ChainingRodShaped	15256	2.81558	0.5	-7.42486	-26.575	0	0.332947	0.942946	0	None	None
ChainingRodShaped	10848	4.36688	0.5	-62.1554	75.8771	0	0.885961	-0.46376	0	None	None
ChainingRodShaped	13112	3.01337	0.5	48.4201	61.5716	0	0.86925	-0.494373	0	None	None
ChainingRodShaped	18486	2.47636	0.5	-81.0416	24.9555	0	0.852592	0.522577	0	None	None
ChainingRodShaped	9426	4.63413	0.5	-35.9754	-8.95066	0	0.390651	-0.920539	0	None	None
ChainingRodShaped	7420	4.74944	0.5	7.41829	43.7148	0	0.625915	0.779891	0	None	None
ChainingRodShaped	14288	3.86613	0.5	-54.7431	34.7245	0	0.987384	-0.158341	0	None	None
ChainingRodShaped	17932	2.25181	0.5	-52.9682	105.501	0	-0.835923	-0.548846	0	None	None
ChainingRodShaped	15344	3.47641	0.5	-66.4899	-32.744	0	-0.995527	0.0944803	0	None	None
ChainingRodShaped	14776	2.77144	0.5	-5.11787	102.517	0	-0.350681	0.936495	0	None	None
ChainingRodShaped	19142	2.07633	0.5	-227.475	-17.2047	0	-0.15713	-0.987578	0	19143	16379
ChainingRodShaped	12298	4.80769	0.5	-70.0407	96.1412	0	0.917096	0.398667	0	None	None
ChainingRodShaped	19240	2.145	0.5	-165.015	-29.1234	0	0.956501	0.29173	0	19241	11327
ChainingRodShaped	12418	4.6732	0.5	-25.1683	82.5921	0	0.800938	-0.598747	0	None	None
ChainingRodShaped	19576	2.04626	0.5	9.95114	28.8272	0	-0.906777	-0.421611	0	None	None
ChainingRodShaped	11648	3.9392	0.5	27.4924	31.7987	0	0.2012	0.97955	0	None	None
ChainingRodShaped	13828	3.68446	0.5	-14.6434	87.855	0	-0.0856945	0.996321	0	None	None
ChainingRodShaped	12560	3.53099	0.5	-46.8819	116.21	0	0.428447	-0.903567	0	None	None
ChainingRodShaped	10990	4.67291	0.5	-20.472	120.19	0	0.903483	-0.428623	0	None	None
ChainingRodShaped	8380	3.90085	0.5	91.8429	-20.6712	0	0.606625	-0.794988	0	8381	16141
ChainingRodShaped	12426	4.53105	0.5	-70.4252	69.8214	0	-0.585146	-0.810928	0	None	None
ChainingRodShaped	19728	2.01532	0.5	-5.48668	-44.862	0	0.45962	0.888116	0	None	None
ChainingRodShaped	17836	2.41314	0.5	4.27238	28.2661	0	0.9449	0.327358	0	None	None
ChainingRodShaped	8876	3.93236	0.5	0.363605	32.9846	0	0.922493	0.386014	0	None	None
ChainingRodShaped	12764	4.85259	0.5	-72.1267	-33.0449	0	0.994276	-0.106845	0	None	None
ChainingRodShaped	12580	4.72096	0.5	-16.9272	60.3128	0	0.641885	0.766801	0	None	None
ChainingRodShaped	18582	2.16109	0.5	32.9286	-35.7886	0	-0.260777	0.965399	0	None	None
ChainingRodShaped	13582	3.75276	0.5	-109.405	0.146017	0	0.0915549	0.9958	0	None	None
ChainingRodShaped	11176	4.47781	0.5	-18.7184	-27.5407	0	0.627608	0.77853	0	None	None
ChainingRodShaped	17416	2.72878	0.5	108.258	18.1327	0	-0.848817	-0.528686	0	17417	9959
ChainingRodShaped	14928	3.18611	0.5	-5.95518	-6.14317	0	-0.999892	0.0147225	0	None	None
ChainingRodShaped	15628	2.79045	0.5	-27.835	-37.5358	0	0.347872	0.937542	0	None	None
ChainingRodShaped	12510	4.64436	0.5	-71.8352	-42.3006	0	0.625799	-0.779984	0	None	None
ChainingRodShaped	10180	3.93845	0.5	-85.6559	45.1283	0	-0.0176415	-0.999844	0	None	None
ChainingRodShaped	17632	2.81629	0.5	24.727	44.8507	0	-0.11959	-0.992823	0	None	None
ChainingRodShaped	13558	3.89702	0.5	-127.141	19.9618	0	-0.978072	-0.208268	0	None	None
ChainingRodShaped	9962	3.81934	0.5	-61.863	98.1777	0	-0.670503	-0.741907	0	None	None
ChainingRodShaped	15296	3.20706	0.5	145.343	128.904	0	0.964943	0.262459	0	15297	17471
ChainingRodShaped	19416	2.09228	0.5	-41.6866	25.7253	0	0.295426	-0.955366	0	None	None
ChainingRodShaped	9564	3.92134	0.5	-0.153571	2.50346	0	0.983887	-0.178794	0	None	None
ChainingRodShaped	12300	4.23615	0.5	-28.3532	3.0382	0	-0.0816258	0.996663	0	None	None
ChainingRodShaped	12674	4.32218	0.5	17.6886	29.3765	0	-0.800788	-0.598949	0	None	None
ChainingRodShaped	10206	3.63006	0.5	24.9522	30.8441	0	0.266642	0.963796	0	None	None
ChainingRodShaped	14188	3.96506	0.5	-86.3132	54.0136	0	0.0169649	-0.999856	0	None	None
ChainingRodShaped	13180	4.08319	0.5	35.1729	66.5368	0	0.999942	-0.0107459	0	None	None
ChainingRodShaped	10768	4.25168	0.5	-67.8555	27.7088	0	0.883545	0.468346	0	None	None
ChainingRodShaped	18570	2.35348	0.5	-4.38758	6.29746	0	-0.999077	0.0429554	0	None	None
ChainingRodShaped	12544	4.33814	0.5	118.778	-109.525	0	-0.936563	-0.3505	0	12545	16169
ChainingRodShaped	12472	3.60068	0.5	-10.2991	68.5358	0	0.237942	0.971279	0	None	None
ChainingRodShaped	10144	4.96769	0.5	-19.3324	45.1527	0	-0.0944155	0.995533	0	None	None
ChainingRodShaped	13340	4.42531	0.5	-1.58913	83.039	0	0.858457	0.512886	0	None	None
ChainingRodShaped	15200	2.87454	0.5	-89.0702	-38.6825	0	0.796334	-0.604857	0	None	None
ChainingRodShaped	16512	3.16792	0.5	24.0548	12.9676	0	0.287467	0.957791	0	None	None
ChainingRodShaped	16524	3.00191	0.5	-68.0055	47.9587	0	-0.0580659	0.998313	0	None	None
ChainingRodShaped	16246	2.94134	0.5	50.9883	75.4138	0	0.821748	-0.569851	0	None	None
ChainingRodShaped	13562	3.11328	0.5	19.3021	78.6226	0	-0.978437	0.206548	0	None	None
ChainingRodShaped	14248	2.79961	0.5	-37.7408	92.7898	0	0.951566	-0.307444	0	None	None
ChainingRodShaped	8934	4.09577	0.5	145.639	-83.3803	0	-0.465096	-0.88526	0	15750	10817
ChainingRodShaped	13630	3.81286	0.5	19.2116	-15.5203	0	-0.981825	-0.18979	0	None	None
ChainingRodShaped	9998	4.54897	0.5	-44.4332	-59.9148	0	-0.980668	0.19568	0	None	None
ChainingRodShaped	11586	3.87139	0.5	-41.635	87.5091	0	0.990628	-0.136588	0	None	None
ChainingRodShaped	17312	2.82376	0.5	35.8938	23.0183	0	-0.63128	0.775555	0	None	None
ChainingRodShaped	13600	3.77518	0.5	-74.2076	82.6794	0	-0.992327	0.123637	0	None	None
ChainingRodShaped	9076	4.56932	0.5	-117.912	-8.65951	0	0.463326	-0.886188	0	None	None
ChainingRodShaped	7290	4.50918	0.5	66.6911	35.4659	0	0.740062	-0.672539	0	None	None
ChainingRodShaped	15288	2.76817	0.5	-84.1307	112.192	0	-0.847806	0.530307	0	None	None
ChainingRodShaped	11006	3.49444	0.5	-99.7795	20.7564	0	0.317067	-0.948403	0	None	None
ChainingRodShaped	14156	3.42115	0.5	-56.5437	13.022	0	-0.181252	-0.983437	0	None	None
ChainingRodShaped	13390	4.68124	0.5	-54.9301	117.406	0	0.330529	-0.943796	0	None	None
ChainingRodShaped	16068	2.58505	0.5	-12.1396	19.802	0	0.721255	0.692669	0	None	None
ChainingRodShaped	13358	4.55403	0.5	-73.5708	91.5952	0	0.97448	0.224474	0	None	None
ChainingRodShaped	15500	2.78096	0.5	73.5959	-73.8369	0	0.804313	-0.594206	0	15501	16001
ChainingRodShaped	11150	3.66357	0.5	-0.298803	72.8468	0	0.178333	0.98397	0	None	None
ChainingRodShaped	12168	3.90119	0.5	-32.0502	19.3531	0	0.697117	0.716958	0	None	None
ChainingRodShaped	19050	2.14609	0.5	-19.0298	92.1076	0	0.248763	-0.968564	0	None	None
ChainingRodShaped	14846	3.77468	0.5	-89.0145	104.64	0	-0.573265	-0.81937	0	None	None
ChainingRodShaped	7596	4.39694	0.5	53.2035	79.0697	0	0.601671	-0.798744	0	None	None
ChainingRodShaped	12608	3.0832	0.5	-79.021	108.341	0	-0.962968	0.269617	0	None	None
ChainingRodShaped	15580	3.14969	0.5	-2.19473	-31.0951	0	0.771273	0.636504	0	None	None
ChainingRodShaped	17952	2.28684	0.5	-35.4864	48.3965	0	0.449548	0.893256	0	None	None
ChainingRodShaped	10664	3.86113	0.5	-68.0414	103.215	0	-0.960175	0.279399	0	None	None
ChainingRodShaped	18072	2.54974	0.5	-89.3462	105.86	0	-0.576512	-0.817089	0	None	None
ChainingRodShaped	14966	3.64339	0.5	-55.8754	56.1375	0	0.692705	0.721221	0	None	None
ChainingRodShaped	13898	3.71547	0.5	-3.22766	-3.9713	0	-0.999003	0.0446537	0	None	None
ChainingRodShaped	19534	2.08228	0.5	-35.5904	54.9516	0	0.2905	0.956875	0	None	None
ChainingRodShaped	16320	2.8127	0.5	-6.96087	43.3511	0	0.873851	0.486194	0	None	None
ChainingRodShaped	17708	2.48946	0.5	-31.5014	115.362	0	0.994417	0.105525	0	None	None
ChainingRodShaped	11634	4.66307	0.5	-20.2644	-61.6081	0	-0.936844	-0.349748	0	None	None
ChainingRodShaped	14834	3.15728	0.5	-62.7088	-12.4912	0	0.999918	-0.0128309	0	None	None
ChainingRodShaped	7482	4.84049	0.5	-2.55907	76.3415	0	0.0180161	0.999838	0	None	None
ChainingRodShaped	17084	2.98358	0.5	-0.413617	26.9374	0	0.445853	0.895106	0	None	None
ChainingRodShaped	13356	3.66781	0.5	-27.664	-16.6215	0	-0.728407	-0.685145	0	None	None
ChainingRodShaped	11878	4.46403	0.5	-16.0764	-8.40257	0	-0.898609	-0.438751	0	None	None
ChainingRodShaped	15412	2.82598	0.5	-52.9932	0.147024	0	0.0726333	-0.997359	0	None	None
ChainingRodShaped	17696	2.72282	0.5	9.12714	108.256	0	-0.987004	0.160693	0	None	None
ChainingRodShaped	17774	2.7206	0.5	46.4238	63.6749	0	-0.197843	-0.980234	0	None	None
ChainingRodShaped	14106	2.89608	0.5	-121.77	32.1626	0	-0.95539	-0.295348	0	None	None
ChainingRodShaped	15988	2.61149	0.5	55.9627	50.8919	0	0.817819	-0.575476	0	None	None
ChainingRodShaped	17082	2.50295	0.5	78.4093	38.4456	0	0.957496	-0.288447	0	17083	10691
ChainingRodShaped	9636	4.35726	0.5	-80.9443	68.6187	0	0.975411	-0.220392	0	None	None
ChainingRodShaped	11688	4.98822	0.5	-37.5557	59.8678	0	0.300348	0.95383	0	None	None
ChainingRodShaped	7436	4.56483	0.5	-50.7694	71.2507	0	-0.955951	-0.293526	0	None	None
ChainingRodShaped	15812	3.48092	0.5	-22.6443	-38.9709	0	0.351969	-0.936012	0	None	None
ChainingRodShaped	12118	4.809	0.5	-96.2042	4.7034	0	0.389529	-0.921014	0	None	None
ChainingRodShaped	13142	2.833	0.5	36.997	103.399	0	0.478171	-0.878267	0	13143	17453
ChainingRodShaped	12776	3.71038	0.5	56.5689	18.4594	0	0.668979	0.743282	0	None	None
ChainingRodShaped	14890	3.67587	0.5	-86.545	48.5526	0	0.0321165	-0.999484	0	None	None
ChainingRodShaped	11664	4.64698	0.5	62.8838	166.896	0	0.175757	-0.984434	0	11665	15403
ChainingRodShaped	13594	3.16988	0.5	24.9691	85.3982	0	0.982248	-0.187589	0	None	None
ChainingRodShaped	19402	2.10746	0.5	21.0051	50.1849	0	-0.0797438	-0.996815	0	None	None
ChainingRodShaped	14710	3.75689	0.5	-21.0871	-38.5209	0	0.362185	-0.932106	0	None	None
ChainingRodShaped	17446	2.47669	0.5	-78.1991	21.2091	0	0.837135	0.546996	0	None	None
ChainingRodShaped	13074	3.8812	0.5	-112.445	-8.50608	0	0.599148	-0.800639	0	None	None
ChainingRodShaped	17074	2.35987	0.5	83.7647	-98.7008	0	-0.19791	-0.98022	0	17075	10993
ChainingRodShaped	13166	4.62632	0.5	10.5278	103.355	0	0.921189	0.389115	0	None	None
ChainingRodShaped	10458	3.63063	0.5	31.842	83.4231	0	-0.152196	-0.98835	0	None	None
ChainingRodShaped	13506	3.76607	0.5	35.9952	96.5555	0	0.417517	0.908669	0	None	None
ChainingRodShaped	18098	2.27513	0.5	-1.93845	38.8543	0	0.929954	0.367676	0	None	None
ChainingRodShaped	8716	4.77018	0.5	-7.24208	-1.15436	0	0.98363	-0.1802	0	None	None
ChainingRodShaped	16584	2.54356	0.5	-99.6609	85.2377	0	-0.789663	-0.613541	0	None	None
ChainingRodShaped	14154	3.04491	0.5	-44.2537	-21.1256	0	-0.991442	-0.13055	0	None	None
ChainingRodShaped	13280	3.75149	0.5	80.9065	31.7505	0	-0.998536	0.0540859	0	13281	15827
ChainingRodShaped	13706	3.09798	0.5	-73.8408	103.135	0	-0.985068	-0.172167	0	None	None
ChainingRodShaped	12648	3.88358	0.5	-6.2536	15.7746	0	-0.608617	0.793464	0	None	None
ChainingRodShaped	14090	3.25548	0.5	-178.283	-27.6318	0	-0.848338	0.529455	0	14091	11241
ChainingRodShaped	18648	2.35026	0.5	-130.293	24.3116	0	0.622571	0.782564	0	None	None
ChainingRodShaped	17218	2.74534	0.5	69.5958	16.3004	0	-0.688667	-0.725078	0	None	None
ChainingRodShaped	13160	4.90464	0.5	26.1871	52.9076	0	-0.282151	-0.95937	0	None	None
ChainingRodShaped	12142	4.74675	0.5	-46.1946	75.9548	0	-0.970391	-0.241539	0	None	None
ChainingRodShaped	14244	3.80892	0.5	24.5018	-43.6677	0	0.975501	0.219996	0	None	None
ChainingRodShaped	16670	3.15171	0.5	-10.8618	20.0111	0	0.726603	0.687058	0	None	None
ChainingRodShaped	15366	3.64563	0.5	20.9459	15.1223	0	-0.20295	0.979189	0	None	None
ChainingRodShaped	14030	3.62403	0.5	-29.1891	51.7358	0	0.999366	0.0356098	0	None	None
ChainingRodShaped	16558	2.51351	0.5	53.2736	48.6216	0	-0.999365	-0.0356453	0	None	None
ChainingRodShaped	15210	3.8373	0.5	-83.5738	67.6439	0	0.978277	-0.207301	0	None	None
ChainingRodShaped	10654	3.52525	0.5	39.6941	58.2573	0	-0.339794	-0.9405	0	None	None
ChainingRodShaped	13126	3.7807	0.5	42.8871	218.056	0	-0.990168	0.139882	0	13127	15749
ChainingRodShaped	13270	4.33567	0.5	12.3252	72.1796	0	0.921042	0.389463	0	None	None
ChainingRodShaped	12732	4.23389	0.5	57.9882	12.749	0	-0.549679	-0.835376	0	None	None
ChainingRodShaped	8470	4.82377	0.5	-9.72769	68.1348	0	0.247607	0.96886	0	None	None
ChainingRodShaped	11882	3.94528	0.5	8.5952	24.588	0	0.287144	-0.957888	0	None	None
ChainingRodShaped	18006	2.55004	0.5	-68.5514	109.539	0	-0.998616	-0.052593	0	None	None
ChainingRodShaped	13730	4.08902	0.5	-61.9729	99.2055	0	-0.663058	-0.748568	0	None	None
ChainingRodShaped	15924	3.07609	0.5	-19.9718	97.3739	0	0.738253	0.674524	0	None	None
ChainingRodShaped	11706	3.75433	0.5	34.1819	71.3053	0	-0.999619	-0.0276057	0	None	None
ChainingRodShaped	15404	3.10961	0.5	28.3808	76.9688	0	-0.975844	-0.218468	0	None	None
ChainingRodShaped	14894	2.84634	0.5	-59.0066	-13.5163	0	0.959317	-0.28233	0	None	None
ChainingRodShaped	18416	2.48412	0.5	-99.515	84.3504	0	-0.795797	-0.605564	0	None	None
ChainingRodShaped	10050	4.37621	0.5	-7.26789	-44.6704	0	0.461155	0.88732	0	None	None
ChainingRodShaped	18308	2.20338	0.5	-42.4944	34.3631	0	0.36803	-0.929814	0	None	None
ChainingRodShaped	10780	4.62408	0.5	-85.7818	93.8813	0	0.244987	0.969526	0	None	None
ChainingRodShaped	17414	2.83853	0.5	32.9998	104.932	0	0.444558	-0.89575	0	None	None
ChainingRodShaped	11198	4.43037	0.5	-21.8964	-7.78874	0	-0.810824	-0.58529	0	None	None
ChainingRodShaped	15974	3.24402	0.5	0.954584	26.4324	0	-0.459549	-0.888152	0	None	None
ChainingRodShaped	16578	3.0684	0.5	-33.5965	-11.2212	0	0.626111	-0.779734	0	None	None
ChainingRodShaped	15024	3.95071	0.5	-115.112	62.1597	0	-0.25586	-0.966714	0	None	None
ChainingRodShaped	16252	3.39629	0.5	-71.7399	-52.9408	0	0.986967	-0.160923	0	None	None
ChainingRodShaped	19374	2.13407	0.5	46.8018	43.1115	0	-0.107559	-0.994199	0	None	None
ChainingRodShaped	15870	2.62836	0.5	-109.376	48.4997	0	-0.979892	-0.199531	0	None	None
ChainingRodShaped	17132	2.74732	0.5	-29.664	63.0102	0	-0.998772	0.0495342	0	None	None
ChainingRodShaped	17456	2.67352	0.5	-34.9663	45.4638	0	-0.506826	0.862048	0	None	None
ChainingRodShaped	13530	3.87544	0.5	-72.1861	100.446	0	-0.84241	-0.538837	0	None	None
ChainingRodShaped	14788	3.12899	0.5	-2.95797	46.1957	0	0.911662	0.410941	0	None	None
ChainingRodShaped	14534	2.78539	0.5	-88.6311	-3.15367	0	0.378711	0.925515	0	None	None
ChainingRodShaped	17422	2.90874	0.5	-116.927	62.1279	0	-0.275135	-0.961406	0	None	None
ChainingRodShaped	10190	4.70555	0.5	128.017	112.012	0	0.440362	0.89782	0	10191	9313
ChainingRodShaped	16698	3.21276	0.5	4.3249	56.3248	0	0.44155	0.897237	0	None	None
ChainingRodShaped	8098	4.69082	0.5	-52.679	46.9208	0	0.561098	-0.827749	0	None	None
ChainingRodShaped	9534	4.34689	0.5	15.125	52.9245	0	0.573113	0.819476	0	None	None
ChainingRodShaped	16732	3.11232	0.5	56.2886	39.8372	0	0.923283	0.384121	0	None	None
ChainingRodShaped	14678	2.61191	0.5	87.4791	-3.70659	0	-0.248396	-0.968659	0	14679	11353
ChainingRodShaped	14904	3.5948	0.5	-59.9439	78.8523	0	0.899738	-0.436431	0	None	None
ChainingRodShaped	12302	3.29978	0.5	-59.3923	76.9192	0	0.893765	-0.448536	0	None	None
ChainingRodShaped	15302	3.66532	0.5	33.0344	32.5692	0	-0.156284	-0.987712	0	None	None
ChainingRodShaped	14552	4.0758	0.5	31.9868	28.2036	0	0.0759448	-0.997112	0	None	None
ChainingRodShaped	13894	3.78367	0.5	-34.2899	21.4567	0	0.660729	0.750624	0	None	None
ChainingRodShaped	8782	3.96464	0.5	-89.9598	-34.4851	0	0.0239125	-0.999714	0	None	None
ChainingRodShaped	9428	4.12316	0.5	-152.973	134.525	0	-0.838582	0.544776	0	16752	12491
ChainingRodShaped	9430	4.23007	0.5	204.597	133.648	0	-0.498973	-0.866617	0	9431	16795
ChainingRodShaped	15158	2.69432	0.5	-65.5534	64.2676	0	-0.781117	-0.624385	0	None	None
ChainingRodShaped	15930	3.34028	0.5	-100.159	-28.1932	0	0.503045	-0.86426	0	None	None
ChainingRodShaped	8944	4.04598	0.5	-5.67769	-47.1511	0	-0.468478	-0.883475	0	None	None
ChainingRodShaped	16142	2.74436	0.5	-100.191	37.1238	0	0.990257	-0.139254	0	None	None
ChainingRodShaped	7846	4.29056	0.5	-116.092	5.89328	0	-0.179185	0.983815	0	None	None
ChainingRodShaped	13292	4.04611	0.5	-22.4071	-54.6003	0	0.503787	0.863828	0	None	None
ChainingRodShaped	7808	4.96412	0.5	54.3132	31.4293	0	0.383751	0.923437	0	None	None
ChainingRodShaped	8146	4.79604	0.5	-43.6221	9.4973	0	0.916531	0.399964	0	None	None
ChainingRodShaped	18674	2.36372	0.5	-54.686	-57.1708	0	0.771118	0.636692	0	None	None
ChainingRodShaped	13110	4.29581	0.5	-118.281	21.0186	0	-0.450247	-0.892904	0	None	None
ChainingRodShaped	9670	4.06773	0.5	-32.4779	73.6227	0	-0.998601	0.0528831	0	None	None
ChainingRodShaped	12976	3.88763	0.5	-77.9354	114.763	0	0.997472	0.0710668	0	None	None
ChainingRodShaped	10036	4.73174	0.5	-31.9942	30.3554	0	0.983767	-0.17945	0	None	None
ChainingRodShaped	9634	3.64812	0.5	-92.8824	-104.83	0	0.100562	-0.994931	0	19074	16323
ChainingRodShaped	13486	2.7353	0.5	-71.718	188.901	0	-0.786204	0.617967	0	13487	18029
ChainingRodShaped	16556	2.72676	0.5	22.1279	99.8097	0	0.999041	-0.0437954	0	None	None
ChainingRodShaped	10872	4.60903	0.5	-17.2689	5.18291	0	0.519918	-0.854216	0	None	None
ChainingRodShaped	16474	2.64839	0.5	-5.59992	116.589	0	0.886867	-0.462024	0	16475	14103
ChainingRodShaped	9970	4.11875	0.5	-27.2832	57.5742	0	0.999512	0.0312274	0	None	None
ChainingRodShaped	11816	3.55171	0.5	-189.593	16.2017	0	-0.273631	0.961835	0	11817	14941
ChainingRodShaped	15562	3.33187	0.5	-87.0621	19.1714	0	0.839765	0.54295	0	None	None
ChainingRodShaped	18626	2.43044	0.5	-43.3162	-0.233733	0	0.885269	0.46508	0	None	None
ChainingRodShaped	14630	3.93741	0.5	-15.6231	97.7699	0	0.332971	0.942937	0	None	None
ChainingRodShaped	19076	2.21529	0.5	25.7265	104.527	0	0.868468	0.495745	0	None	None
ChainingRodShaped	12946	3.72927	0.5	-85.5237	23.9707	0	0.834058	0.551676	0	None	None
ChainingRodShaped	12512	4.8542	0.5	-12.6251	29.405	0	0.753921	0.656965	0	None	None
ChainingRodShaped	7942	4.30879	0.5	11.2521	28.6495	0	-0.902491	-0.430709	0	None	None
ChainingRodShaped	8266	4.58486	0.5	-90.8897	100.658	0	-0.907864	-0.419264	0	None	None
ChainingRodShaped	15134	3.24673	0.5	-67.5894	54.8748	0	0.752085	0.659067	0	None	None
ChainingRodShaped	14838	3.85361	0.5	-4.95476	39.9385	0	0.924815	0.380417	0	None	None
ChainingRodShaped	8072	4.51779	0.5	-32.1076	20.1652	0	0.690033	0.723778	0	None	None
ChainingRodShaped	11912	3.84862	0.5	-19.2754	86.6437	0	0.119808	-0.992797	0	None	None
ChainingRodShaped	16798	2.93418	0.5	15.784	-47.7443	0	-0.64656	0.762863	0	None	None
ChainingRodShaped	15308	3.30416	0.5	102.623	-109.841	0	-0.926809	0.375533	0	15309	9221
ChainingRodShaped	19060	2.17218	0.5	-96.1768	-12.457	0	-0.999951	-0.00993111	0	None	None
ChainingRodShaped	13996	4.08588	0.5	-55.2376	126.648	0	-0.614893	-0.78861	0	None	None
ChainingRodShaped	13348	4.17368	0.5	-143.258	17.7712	0	-0.908737	-0.417369	0	13349	10971
ChainingRodShaped	7976	4.26148	0.5	28.3243	51.3579	0	-0.283027	-0.959112	0	None	None
ChainingRodShaped	15030	3.78342	0.5	41.9828	1.40684	0	-0.967328	-0.253528	0	None	None
ChainingRodShaped	9038	3.78009	0.5	-200.279	11.1218	0	-0.696174	0.717874	0	16816	9465
ChainingRodShaped	8852	4.83754	0.5	-49.7619	113.968	0	0.430937	-0.902382	0	None	None
ChainingRodShaped	16268	2.64688	0.5	-50.7117	94.4765	0	-0.99998	0.00628824	0	None	None
ChainingRodShaped	18022	2.31312	0.5	-91.1131	189.729	0	-0.918795	-0.394735	0	18023	12359
ChainingRodShaped	13072	3.38455	0.5	-85.8609	-35.1083	0	0.365692	-0.930736	0	None	None
ChainingRodShaped	7936	4.22774	0.5	-46.3351	26.9909	0	-0.0458221	-0.99895	0	None	None
ChainingRodShaped	14730	3.47611	0.5	-45.2067	93.9768	0	-0.961795	0.27377	0	None	None
ChainingRodShaped	11442	4.6867	0.5	41.6048	80.2981	0	-0.890746	0.454501	0	None	None
ChainingRodShaped	9544	3.96883	0.5	14.0873	2.12631	0	-0.784634	0.61996	0	None	None
ChainingRodShaped	9870	3.98248	0.5	-107.595	79.5406	0	-0.0163157	-0.999867	0	None	None
ChainingRodShaped	9986	4.33046	0.5	-89.8391	-4.08667	0	0.369457	0.929248	0	None	None
ChainingRodShaped	12234	4.13254	0.5	12.7342	154.118	0	0.126835	-0.991924	0	12235	18125
ChainingRodShaped	12202	4.29335	0.5	-41.4043	57.3607	0	-0.110525	-0.993873	0	None	None
ChainingRodShaped	18380	2.30055	0.5	3.11806	2.94786	0	-0.550608	-0.834764	0	None	None
ChainingRodShaped	15280	2.93225	0.5	23.5731	20.6857	0	0.948459	0.316899	0	None	None
ChainingRodShaped	18212	2.58119	0.5	-63.9841	7.18526	0	0.306352	0.951918	0	None	None
ChainingRodShaped	17564	2.5553	0.5	32.6435	8.88199	0	-0.195829	-0.980638	0	None	None
ChainingRodShaped	9278	4.35935	0.5	32.6363	64.9296	0	0.999867	-0.0163154	0	None	None
ChainingRodShaped	14764	3.5821	0.5	33.1474	101.078	0	0.401705	0.915769	0	None	None
ChainingRodShaped	17602	2.49467	0.5	18.6477	-20.4199	0	0.985687	0.168583	0	None	None
ChainingRodShaped	14492	3.55215	0.5	-97.987	-23.9208	0	0.325319	0.945604	0	None	None
ChainingRodShaped	17308	2.47721	0.5	-1.43592	-57.2516	0	0.999924	0.0123166	0	None	None
ChainingRodShaped	18840	2.32756	0.5	-114.265	13.0986	0	-0.66039	0.750923	0	None	None
ChainingRodShaped	11618	4.61236	0.5	-10.5998	58.0236	0	-0.164071	0.986448	0	None	None
ChainingRodShaped	14096	3.18016	0.5	0.0473959	-19.7665	0	0.876384	-0.481613	0	None	None
ChainingRodShaped	10492	3.74202	0.5	-95.5629	1.37921	0	0.500477	-0.86575	0	None	None
ChainingRodShaped	17806	2.69166	0.5	-34.8992	28.6895	0	0.901746	0.432267	0	None	None
ChainingRodShaped	18108	2.49233	0.5	-13.1073	-43.2849	0	0.80452	0.593926	0	None	None
ChainingRodShaped	16654	2.42155	0.5	-56.3255	-29.3152	0	0.955503	0.29498	0	None	None
ChainingRodShaped	16348	2.78333	0.5	-60.0327	34.3497	0	0.885413	0.464805	0	None	None
ChainingRodShaped	14850	3.12865	0.5	11.9766	71.1706	0	0.92485	0.380332	0	None	None
ChainingRodShaped	10628	4.01719	0.5	-46.4437	-29.2621	0	0.998557	0.0536973	0	None	None
ChainingRodShaped	16488	2.8077	0.5	-10.5781	10.5853	0	-0.977339	0.211682	0	None	None
ChainingRodShaped	13016	4.74644	0.5	-17.2488	27.3214	0	-0.928423	0.371526	0	None	None
ChainingRodShaped	13684	3.62036	0.5	-69.6966	-24.6253	0	-0.995805	0.0914985	0	None	None
ChainingRodShaped	14470	3.03696	0.5	-68.8778	-5.09404	0	-0.669485	0.742826	0	None	None
ChainingRodShaped	8238	4.67755	0.5	-118.841	29.5211	0	-0.942781	-0.333414	0	None	None
ChainingRodShaped	17896	2.63202	0.5	53.9102	67.7029	0	-0.300071	0.953917	0	None	None
ChainingRodShaped	9168	3.94516	0.5	-13.5179	37.182	0	0.578989	0.815335	0	None	None
ChainingRodShaped	12332	4.36212	0.5	-31.8065	102.717	0	0.32794	0.944699	0	None	None
ChainingRodShaped	15846	3.46186	0.5	-118.259	45.4024	0	0.963024	0.269417	0	None	None
ChainingRodShaped	13042	3.57748	0.5	86.2931	28.9346	0	-0.75821	-0.652011	0	13043	13897
ChainingRodShaped	14592	3.20902	0.5	-11.9123	9.38278	0	-0.974989	0.222251	0	None	None
ChainingRodShaped	13688	4.5849	0.5	43.5202	62.7693	0	-0.233393	-0.972383	0	None	None
ChainingRodShaped	15470	2.8263	0.5	-66.4748	-55.8555	0	-0.647573	-0.762003	0	None	None
ChainingRodShaped	12848	3.58647	0.5	-81.7057	33.5423	0	-0.853771	-0.520648	0	None	None
ChainingRodShaped	17864	2.62877	0.5	-28.6838	79.4659	0	0.815394	-0.578907	0	None	None
ChainingRodShaped	13386	3.11543	0.5	45.933	28.5683	0	0.480054	-0.877239	0	None	None
ChainingRodShaped	16638	2.78987	0.5	-71.979	44.4179	0	0.0956743	-0.995413	0	None	None
ChainingRodShaped	10324	3.88926	0.5	-1.39502	86.6812	0	0.858094	0.513493	0	None	None
ChainingRodShaped	18464	2.48136	0.5	-5.03324	47.8379	0	0.878754	0.477275	0	None	None
ChainingRodShaped	9938	4.59436	0.5	-44.7649	120.079	0	0.560584	-0.828098	0	None	None
ChainingRodShaped	12264	3.48658	0.5	65.569	60.3378	0	0.232889	-0.972503	0	12265	17679
ChainingRodShaped	9956	4.45462	0.5	-78.437	-16.5726	0	-0.765138	-0.643866	0	None	None
ChainingRodShaped	9736	3.86901	0.5	51.8437	-16.8001	0	0.597848	0.801609	0	None	None
ChainingRodShaped	14896	2.68799	0.5	23.937	30.3523	0	0.401512	0.915854	0	None	None
ChainingRodShaped	9516	4.36929	0.5	-35.4555	99.6925	0	-0.324973	-0.945723	0	None	None
ChainingRodShaped	12192	4.88775	0.5	8.90456	64.2389	0	0.534155	0.845387	0	None	None
ChainingRodShaped	14814	3.71821	0.5	-60.1503	78.1524	0	0.896664	-0.442713	0	None	None
ChainingRodShaped	11470	4.10924	0.5	-69.4374	21.038	0	0.906952	0.421233	0	None	None
ChainingRodShaped	15362	3.2021	0.5	17.7092	-32.5956	0	0.533905	0.845544	0	None	None
ChainingRodShaped	15624	2.94828	0.5	4.23277	33.5423	0	0.958066	0.286549	0	None	None
ChainingRodShaped	17906	2.43378	0.5	-92.2113	-3.27268	0	0.366461	0.930434	0	None	None
ChainingRodShaped	11436	3.65919	0.5	-12.4529	-50.665	0	0.672805	0.73982	0	None	None
ChainingRodShaped	9642	4.53493	0.5	-84.3795	-23.9624	0	0.975719	-0.219026	0	None	None
ChainingRodShaped	8084	4.99631	0.5	-45.7981	68.3169	0	-0.974345	-0.22506	0	None	None
ChainingRodShaped	15566	3.22761	0.5	-37.166	108.912	0	-0.000339673	1	0	None	None
ChainingRodShaped	16388	3.08475	0.5	-107.66	40.2388	0	0.991909	0.126953	0	None	None
ChainingRodShaped	17986	2.25743	0.5	-34.7649	7.29823	0	0.149589	0.988748	0	None	None
ChainingRodShaped	11106	3.83678	0.5	42.3503	21.6132	0	0.485938	-0.873993	0	None	None
ChainingRodShaped	9560	4.03577	0.5	-32.6564	-57.8505	0	-0.926357	-0.376648	0	None	None
ChainingRodShaped	15002	3.43999	0.5	-43.049	129.788	0	-0.996927	0.0783401	0	15003	8963
ChainingRodShaped	18366	2.25246	0.5	8.26043	70.034	0	0.55058	0.834782	0	None	None
ChainingRodShaped	15582	3.13425	0.5	-18.0422	153.752	0	0.878829	-0.477137	0	15583	9119
ChainingRodShaped	11538	3.55775	0.5	-91.5621	-42.4524	0	0.856519	0.516115	0	None	None
ChainingRodShaped	9584	4.44153	0.5	-54.2093	68.5775	0	-0.942253	-0.334901	0	None	None
ChainingRodShaped	15866	3.51486	0.5	-13.3664	70.8582	0	0.735451	0.677577	0	None	None
ChainingRodShaped	15486	2.58859	0.5	11.1265	-33.4675	0	-0.66647	-0.745532	0	None	None
ChainingRodShaped	17676	2.34108	0.5	11.2502	55.1528	0	0.495313	0.868715	0	None	None
ChainingRodShaped	13194	4.23094	0.5	38.1732	35.7467	0	0.308182	-0.951327	0	None	None
ChainingRodShaped	11714	3.93732	0.5	-6.17279	70.3347	0	0.248914	0.968526	0	None	None
ChainingRodShaped	5211	4.96283	0.5	116.576	213.214	0	-0.132797	0.991143	0	11496	11517
ChainingRodShaped	8668	4.77561	0.5	-14.7424	18.297	0	0.728154	0.685414	0	None	None
ChainingRodShaped	14092	3.2022	0.5	-109.335	25.2406	0	0.718638	-0.695385	0	None	None
ChainingRodShaped	16802	2.57371	0.5	46.8365	17.8065	0	0.430798	-0.902448	0	None	None
ChainingRodShaped	14226	2.9303	0.5	-80.7827	52.7373	0	0.0203015	0.999794	0	None	None
ChainingRodShaped	15398	3.74027	0.5	38.52	-10.6512	0	0.720468	0.693489	0	None	None
ChainingRodShaped	17746	2.25852	0.5	-70.7548	-44.9987	0	0.671067	-0.741396	0	None	None
ChainingRodShaped	14136	3.63411	0.5	136.167	45.8784	0	-0.397824	-0.917462	0	14137	14041
ChainingRodShaped	19348	2.05182	0.5	-4.46403	156.298	0	-0.7132	0.700961	0	19349	10011
ChainingRodShaped	19350	2.05862	0.5	64.009	4.19724	0	0.89761	0.440791	0	None	None
ChainingRodShaped	9928	4.0979	0.5	-54.0866	83.8578	0	0.889504	-0.456927	0	None	None
ChainingRodShaped	17364	2.58754	0.5	-39.8679	-59.8097	0	-0.986656	0.16282	0	None	None
ChainingRodShaped	14474	3.64495	0.5	-0.0289787	106.738	0	-0.994755	-0.102283	0	None	None
ChainingRodShaped	14844	3.95458	0.5	58.8899	35.129	0	0.468089	0.883681	0	None	None
ChainingRodShaped	11990	4.58932	0.5	52.2815	182.901	0	0.855307	-0.518121	0	11991	12791
ChainingRodShaped	9622	4.5131	0.5	4.0665	22.2578	0	0.640181	0.768225	0	None	None
ChainingRodShaped	12736	3.18197	0.5	-11.3919	103.205	0	0.733747	-0.679423	0	None	None
ChainingRodShaped	14356	3.16929	0.5	-124.697	51.1802	0	-0.475371	-0.879786	0	None	None
ChainingRodShaped	15804	3.44069	0.5	-116.35	26.7893	0	0.90862	0.417624	0	None	None
ChainingRodShaped	7970	4.19757	0.5	37.6497	40.4354	0	0.216982	-0.976176	0	None	None
ChainingRodShaped	14454	3.03186	0.5	-49.1189	-17.5498	0	-0.983475	-0.181046	0	None	None
ChainingRodShaped	11842	4.2291	0.5	-56.6744	114.329	0	0.344891	-0.938643	0	None	None
ChainingRodShaped	16218	3.00838	0.5	15.5261	20.5893	0	-0.397167	0.917746	0	None	None
ChainingRodShaped	15688	3.60288	0.5	-92.9885	40.8333	0	-0.204225	-0.978924	0	None	None
ChainingRodShaped	9240	4.13367	0.5	122.669	82.5989	0	-0.95608	-0.293106	0	17304	13207
ChainingRodShaped	10038	4.3902	0.5	-18.3	26.2511	0	-0.735394	0.67764	0	None	None
ChainingRodShaped	10124	4.4388	0.5	50.8209	62.9356	0	0.364601	-0.931164	0	None	None
ChainingRodShaped	15272	3.79718	0.5	-18.9364	-14.7918	0	0.704244	0.709958	0	None	None
ChainingRodShaped	18306	2.42566	0.5	9.63682	38.7035	0	-0.309123	-0.951022	0	None	None
ChainingRodShaped	15294	2.86916	0.5	-24.5425	-54.6661	0	0.519548	0.854442	0	None	None
ChainingRodShaped	14612	2.9969	0.5	17.9226	18.6266	0	-0.238698	0.971094	0	None	None
ChainingRodShaped	14120	3.80064	0.5	1.34955	62.283	0	0.498021	0.867165	0	None	None
ChainingRodShaped	8686	4.27107	0.5	-109.302	12.1379	0	-0.468737	0.883338	0	None	None
ChainingRodShaped	11372	3.48499	0.5	52.1614	40.9085	0	-0.911223	-0.411913	0	None	None
ChainingRodShaped	11028	3.55273	0.5	88.64	-96.53	0	-0.476014	0.879438	0	11029	10759
ChainingRodShaped	12670	3.9564	0.5	-39.0378	46.8222	0	0.587895	-0.808938	0	None	None
ChainingRodShaped	10640	3.68643	0.5	-62.866	11.1089	0	-0.301814	-0.953367	0	None	None
ChainingRodShaped	9264	3.86575	0.5	-33.2813	53.0226	0	0.111173	-0.993801	0	None	None
ChainingRodShaped	12840	3.87537	0.5	-40.9387	-16.4861	0	-0.999772	-0.0213587	0	None	None
ChainingRodShaped	17072	2.66374	0.5	40.3924	-29.3284	0	-0.379119	-0.925348	0	None	None
ChainingRodShaped	11218	4.74588	0.5	-38.1211	91.1899	0	0.957548	-0.288272	0	None	None
ChainingRodShaped	19086	2.20985	0.5	-84.1219	107.799	0	-0.965632	0.259912	0	None	None
ChainingRodShaped	14044	4.41039	0.5	17.1576	40.4023	0	-0.195241	-0.980755	0	None	None
ChainingRodShaped	12330	4.65262	0.5	-46.7409	42.5146	0	0.584117	-0.81167	0	None	None
ChainingRodShaped	15174	3.78032	0.5	21.6932	105.789	0	-0.73719	-0.675686	0	None	None
ChainingRodShaped	18478	2.21572	0.5	46.0291	-12.256	0	0.371118	0.928586	0	None	None
ChainingRodShaped	18560	2.30064	0.5	-48.9422	-52.9579	0	0.606186	0.795323	0	None	None
ChainingRodShaped	14348	3.22353	0.5	1.02155	12.6497	0	-0.894275	-0.447518	0	None	None
ChainingRodShaped	12422	3.54292	0.5	-30.1444	71.9462	0	-0.996518	0.0833767	0	None	None
ChainingRodShaped	11102	4.89809	0.5	-32.6658	53.6135	0	0.121101	-0.99264	0	None	None
ChainingRodShaped	14698	3.62887	0.5	-7.82253	-25.6787	0	0.342093	0.939666	0	None	None
ChainingRodShaped	13480	4.54662	0.5	-36.343	54.8413	0	0.300134	0.953897	0	None	None
ChainingRodShaped	15920	2.6869	0.5	-55.6424	55.3756	0	0.699817	0.714322	0	None	None
ChainingRodShaped	19458	2.08117	0.5	2.94418	-45.9638	0	0.540842	0.841124	0	None	None
ChainingRodShaped	10626	4.05944	0.5	24.0661	90.7112	0	-0.116123	-0.993235	0	None	None
ChainingRodShaped	18552	2.42831	0.5	-20.4132	43.3587	0	-0.0421191	0.999113	0	None	None
ChainingRodShaped	9026	4.19003	0.5	-78.5764	33.6319	0	-0.849208	-0.528059	0	None	None
ChainingRodShaped	10096	3.60625	0.5	-21.4651	-24.3748	0	0.475778	0.879565	0	None	None
ChainingRodShaped	14680	3.55982	0.5	30.1122	-36.0363	0	0.987278	0.159002	0	None	None
ChainingRodShaped	12026	4.38973	0.5	15.7583	35.392	0	-0.166155	-0.9861	0	None	None
ChainingRodShaped	15810	3.49655	0.5	-1.13877	18.8739	0	-0.343308	-0.939223	0	None	None
ChainingRodShaped	16374	2.53011	0.5	-109.768	45.8414	0	0.973491	0.228727	0	None	None
ChainingRodShaped	17786	2.70684	0.5	-108.039	-8.20886	0	-0.703538	0.710658	0	None	None
ChainingRodShaped	9032	3.59309	0.5	-33.2304	-22.0652	0	-0.93884	-0.344354	0	9033	9927
ChainingRodShaped	9196	3.9685	0.5	0.735788	36.4006	0	-0.968997	-0.247073	0	None	None
ChainingRodShaped	13746	4.03288	0.5	-32.6292	102.743	0	0.322708	0.946498	0	None	None
ChainingRodShaped	18790	2.15629	0.5	-55.4789	63.7082	0	0.899848	0.436203	0	None	None
ChainingRodShaped	12582	3.13739	0.5	-59.6332	13.1527	0	-0.231711	-0.972785	0	None	None
ChainingRodShaped	15044	3.50924	0.5	-86.5626	18.6176	0	0.842247	0.539092	0	None	None
ChainingRodShaped	15552	2.57646	0.5	-7.70329	109.254	0	-0.685511	0.728062	0	None	None
ChainingRodShaped	11528	4.78623	0.5	-80.7551	69.3264	0	0.977547	-0.210719	0	None	None
ChainingRodShaped	11770	4.60892	0.5	43.699	40.7621	0	0.308026	-0.951378	0	None	None
ChainingRodShaped	19430	2.08275	0.5	-168.012	141.282	0	-0.990464	0.137768	0	19431	9271
ChainingRodShaped	13192	3.85178	0.5	-82.8974	103.081	0	-0.953421	-0.301644	0	None	None
ChainingRodShaped	13342	3.17507	0.5	26.1626	8.89885	0	-0.110293	0.993899	0	None	None
ChainingRodShaped	15728	2.89401	0.5	64.3927	5.42673	0	0.921613	0.388109	0	None	None
ChainingRodShaped	15496	3.56622	0.5	42.813	14.8828	0	0.474237	-0.880397	0	None	None
ChainingRodShaped	9364	4.65396	0.5	-107.165	90.8477	0	0.996857	-0.0792224	0	None	None
ChainingRodShaped	15782	2.54658	0.5	-37.4197	71.7146	0	-0.980908	-0.194473	0	None	None
ChainingRodShaped	18010	2.58207	0.5	43.6193	-18.7946	0	-0.758724	-0.651412	0	None	None
ChainingRodShaped	14294	3.56837	0.5	-69.8096	-19.5144	0	-0.988048	0.154146	0	None	None
ChainingRodShaped	19224	2.13441	0.5	-71.3067	-23.541	0	-0.990846	0.134996	0	None	None
ChainingRodShaped	16100	3.45318	0.5	-17.6367	105.208	0	-0.539031	0.842286	0	None	None
ChainingRodShaped	16818	2.53939	0.5	-29.5203	-84.7467	0	-0.676598	0.736352	0	16819	19461
ChainingRodShaped	15248	2.95663	0.5	53.6433	71.1968	0	-0.790124	0.612947	0	None	None
ChainingRodShaped	17726	2.35258	0.5	-50.6816	-38.2576	0	0.98477	0.173861	0	None	None
ChainingRodShaped	14684	3.11814	0.5	39.2858	40.1017	0	0.206058	-0.97854	0	None	None
ChainingRodShaped	15168	2.70598	0.5	-27.1199	122.768	0	-0.32142	0.946937	0	None	None
ChainingRodShaped	10220	4.82115	0.5	-47.2588	37.2808	0	0.597178	-0.802109	0	None	None
ChainingRodShaped	15760	2.83789	0.5	-98.4603	21.3679	0	0.316925	-0.94845	0	None	None
ChainingRodShaped	9306	4.54855	0.5	-41.1658	65.5884	0	0.356917	0.934136	0	None	None
ChainingRodShaped	15572	3.29714	0.5	-33.9977	-25.5724	0	0.977855	-0.209286	0	None	None
ChainingRodShaped	18292	2.28222	0.5	213.447	11.6888	0	-0.663526	-0.748154	0	18293	17831
ChainingRodShaped	8272	4.66041	0.5	-100.571	19.3142	0	0.694282	-0.719703	0	None	None
ChainingRodShaped	17190	2.34294	0.5	120.695	46.1987	0	-0.57232	0.820031	0	17191	17245
ChainingRodShaped	19024	2.16531	0.5	-2.24018	51.669	0	0.783549	0.62133	0	None	None
ChainingRodShaped	14290	3.50291	0.5	-74.7585	-19.2272	0	-0.978972	0.203995	0	None	None
ChainingRodShaped	17400	2.59494	0.5	-110.081	78.3243	0	-0.520362	-0.853946	0	None	None
ChainingRodShaped	13994	3.44736	0.5	-68.7063	47.6913	0	-0.0584849	0.998288	0	None	None
ChainingRodShaped	19372	2.10149	0.5	48.1568	0.407325	0	0.960136	0.279532	0	None	None
ChainingRodShaped	10088	3.55327	0.5	94.7577	40.8633	0	-0.517369	-0.855763	0	18860	13889
ChainingRodShaped	9314	4.49223	0.5	49.4018	5.65639	0	-0.977505	-0.21091	0	None	None
ChainingRodShaped	12056	3.72933	0.5	-72.7783	14.3776	0	0.837062	0.547108	0	None	None
ChainingRodShaped	14486	3.66705	0.5	-80.1403	61.4689	0	0.0657073	0.997839	0	None	None
ChainingRodShaped	15110	3.79497	0.5	-6.42729	-31.6325	0	0.0906158	0.995886	0	None	None
ChainingRodShaped	9678	3.84095	0.5	-46.1735	14.5802	0	0.978313	-0.207133	0	None	None
ChainingRodShaped	15438	3.19107	0.5	-111.354	59.5758	0	0.306657	-0.95182	0	None	None
ChainingRodShaped	12866	3.10897	0.5	-18.4757	-15.3343	0	0.697283	0.716796	0	None	None
ChainingRodShaped	19218	2.10073	0.5	-56.3529	10.2048	0	-0.158488	-0.987361	0	None	None
ChainingRodShaped	17694	2.79352	0.5	-44.1023	-58.6987	0	-0.996415	-0.0846057	0	None	None
ChainingRodShaped	19118	2.2244	0.5	-63.7722	-21.2183	0	-0.99481	0.101752	0	None	None
ChainingRodShaped	10800	4.30352	0.5	-116.363	27.7282	0	0.907364	0.420346	0	None	None
ChainingRodShaped	12120	2.93469	0.5	-123.332	101.356	0	0.767962	-0.640495	0	12121	11253
ChainingRodShaped	10446	3.83352	0.5	-152.51	85.7503	0	0.933484	-0.35862	0	10447	17693
ChainingRodShaped	17640	2.28527	0.5	-88.258	-20.3459	0	-0.967608	0.252457	0	None	None
ChainingRodShaped	15542	3.2152	0.5	-97.1548	51.2351	0	0.989995	-0.141104	0	None	None
ChainingRodShaped	13590	4.50098	0.5	30.3009	91.6006	0	0.636012	0.771679	0	None	None
ChainingRodShaped	8988	4.84628	0.5	11.3529	73.2988	0	0.924416	0.381385	0	None	None
ChainingRodShaped	15436	2.84776	0.5	-58.7662	13.5116	0	-0.232787	-0.972528	0	None	None
ChainingRodShaped	12676	3.78916	0.5	-7.44842	96.6755	0	0.1028	-0.994702	0	None	None
ChainingRodShaped	15080	3.88682	0.5	29.2796	-0.335975	0	-0.942789	-0.333391	0	None	None
ChainingRodShaped	16420	3.16064	0.5	-44.1936	69.4318	0	-0.972078	-0.234657	0	None	None
ChainingRodShaped	11392	4.57763	0.5	33.778	32.4395	0	-0.155145	-0.987892	0	None	None
ChainingRodShaped	18946	2.15748	0.5	-110.555	-2.36184	0	0.101574	0.994828	0	None	None
ChainingRodShaped	19392	2.0981	0.5	-40.9516	48.085	0	0.608731	-0.793377	0	None	None
ChainingRodShaped	16662	3.07854	0.5	-100.777	-35.582	0	0.364438	-0.931228	0	None	None
ChainingRodShaped	18056	2.50903	0.5	-55.6835	79.9604	0	-0.915335	0.402693	0	None	None
ChainingRodShaped	12516	3.88406	0.5	-13.2549	-50.2356	0	-0.665374	-0.74651	0	None	None
ChainingRodShaped	15884	3.5202	0.5	-28.3482	-31.9208	0	-0.768082	-0.640352	0	None	None
ChainingRodShaped	5469	4.70945	0.5	-234.694	-31.5979	0	-0.69718	-0.716896	0	8136	12987
ChainingRodShaped	13094	4.43397	0.5	14.3458	-20.3316	0	0.998781	0.0493616	0	None	None
ChainingRodShaped	18200	2.28269	0.5	12.0078	-9.90161	0	0.999666	0.0258432	0	None	None
ChainingRodShaped	14142	3.35079	0.5	-44.8722	-31.9406	0	-0.768403	0.639966	0	None	None
ChainingRodShaped	18222	2.39992	0.5	127.517	33.6111	0	-0.709782	-0.704421	0	18223	19533
ChainingRodShaped	19562	2.0811	0.5	36.5044	-13.6587	0	0.736278	0.676679	0	None	None
ChainingRodShaped	14428	2.93152	0.5	68.6047	-119.509	0	-0.855704	-0.517465	0	14429	17871
ChainingRodShaped	10418	3.4787	0.5	20.928	140.511	0	-0.576009	0.817443	0	10419	17167
ChainingRodShaped	17534	2.61758	0.5	-76.5447	58.1046	0	-0.430638	-0.902525	0	None	None
ChainingRodShaped	17832	2.37292	0.5	-91.1784	-5.238	0	0.360215	0.932869	0	None	None
ChainingRodShaped	11530	3.93665	0.5	-3.01768	-106.433	0	-0.976586	0.215129	0	11531	18353
ChainingRodShaped	16518	3.2099	0.5	28.6165	-16.1782	0	-0.986836	-0.161724	0	None	None
ChainingRodShaped	15220	3.51359	0.5	-66.4176	-27.368	0	0.999821	0.0189121	0	None	None
ChainingRodShaped	14222	3.77076	0.5	0.435357	9.25614	0	-0.903056	-0.429523	0	None	None
ChainingRodShaped	12052	4.30911	0.5	-8.05225	-33.061	0	-0.647747	0.761855	0	None	None
ChainingRodShaped	14390	3.13956	0.5	16.3266	20.5763	0	-0.406294	0.913743	0	None	None
ChainingRodShaped	13614	2.82486	0.5	55.0105	130.717	0	-0.101765	-0.994808	0	13615	16153
ChainingRodShaped	18902	2.22033	0.5	-69.5736	14.5711	0	0.838793	0.544451	0	None	None
ChainingRodShaped	14740	3.85753	0.5	-77.2078	52.2108	0	-0.0503281	-0.998733	0	None	None
ChainingRodShaped	18768	2.16968	0.5	-120.054	-1.55284	0	-0.436555	0.899678	0	None	None
ChainingRodShaped	16896	3.09895	0.5	43.762	14.8058	0	0.465492	-0.885052	0	None	None
ChainingRodShaped	18118	2.55757	0.5	65.2662	22.3482	0	-0.609918	-0.792464	0	None	None
ChainingRodShaped	10590	3.86722	0.5	72.2597	-2.71113	0	0.765564	0.64336	0	10591	14779
ChainingRodShaped	11830	4.98681	0.5	-32.9294	-10.9274	0	0.618317	-0.785929	0	None	None
ChainingRodShaped	16668	2.97345	0.5	-18.9058	-13.7684	0	0.711326	0.702862	0	None	None
ChainingRodShaped	9172	4.92615	0.5	12.9244	-1.74762	0	-0.808045	0.58912	0	None	None
ChainingRodShaped	15910	2.43449	0.5	222.662	30.7653	0	-0.216818	-0.976212	0	15911	11405
ChainingRodShaped	17238	2.85563	0.5	-53.1505	102.625	0	-0.964355	-0.264611	0	None	None
ChainingRodShaped	12622	4.20193	0.5	-50.0912	6.20073	0	0.157823	-0.987467	0	None	None
ChainingRodShaped	13256	3.73869	0.5	-70.8671	-29.7623	0	0.993206	-0.116366	0	None	None
ChainingRodShaped	11246	4.23864	0.5	-54.7477	81.9565	0	0.902888	-0.429877	0	None	None
ChainingRodShaped	18614	2.38434	0.5	-87.2794	14.7259	0	0.839241	0.543759	0	None	None
ChainingRodShaped	12022	4.83199	0.5	-70.8216	41.5979	0	-0.100123	0.994975	0	None	None
ChainingRodShaped	18530	2.43963	0.5	-44.8684	-48.9498	0	-0.611261	-0.791429	0	None	None
ChainingRodShaped	19160	2.22807	0.5	-49.3807	-2.7036	0	0.811474	-0.584388	0	None	None
ChainingRodShaped	15264	3.49003	0.5	-12.1397	8.73603	0	-0.972729	0.231945	0	None	None
ChainingRodShaped	11760	4.85334	0.5	-109.52	67.6106	0	-0.645735	-0.763561	0	None	None
ChainingRodShaped	13812	3.28241	0.5	-94.6212	-29.9757	0	0.403113	0.91515	0	None	None
ChainingRodShaped	17822	2.22475	0.5	-64.6899	135.523	0	-0.824694	0.565579	0	17823	9389
ChainingRodShaped	11948	3.74119	0.5	-14.1901	37.3424	0	0.581054	0.813865	0	None	None
ChainingRodShaped	16734	3.07292	0.5	-13.9922	95.3273	0	0.193964	0.981009	0	None	None
ChainingRodShaped	13444	3.38964	0.5	-3.83107	34.2806	0	-0.927485	-0.373859	0	None	None
ChainingRodShaped	10448	3.56299	0.5	-24.5578	66.3384	0	-0.957465	-0.288549	0	None	None
ChainingRodShaped	16390	3.13616	0.5	-66.9915	23.1259	0	0.887234	0.46132	0	None	None
ChainingRodShaped	11782	4.80958	0.5	8.69087	42.9254	0	0.630691	0.776034	0	None	None
ChainingRodShaped	10392	4.40137	0.5	45.3184	-22.8972	0	0.0393271	0.999226	0	None	None
ChainingRodShaped	12220	3.77282	0.5	-54.0901	33.2738	0	0.984305	-0.176473	0	None	None
ChainingRodShaped	17900	2.66611	0.5	-64.999	74.7999	0	0.899489	-0.436943	0	None	None
ChainingRodShaped	11788	4.5782	0.5	-59.3247	49.9492	0	0.811094	0.584916	0	None	None
ChainingRodShaped	18638	2.35324	0.5	-83.9429	66.9664	0	0.976159	-0.217057	0	None	None
ChainingRodShaped	17912	2.41263	0.5	-14.7945	83.8006	0	-0.322112	0.946702	0	None	None
ChainingRodShaped	12042	4.76488	0.5	-37.0377	5.74551	0	0.152672	0.988277	0	None	None
ChainingRodShaped	9734	4.88222	0.5	0.382051	-51.0398	0	0.0320555	-0.999486	0	None	None
ChainingRodShaped	13998	4.00955	0.5	8.22197	15.9968	0	-0.656847	0.754024	0	None	None
ChainingRodShaped	14586	2.90676	0.5	-78.8129	51.4069	0	-0.0502537	-0.998736	0	None	None
ChainingRodShaped	13144	4.55949	0.5	-18.3306	55.4122	0	-0.141609	0.989923	0	None	None
ChainingRodShaped	15848	3.42759	0.5	-33.351	123.225	0	-0.665531	0.74637	0	None	None
ChainingRodShaped	17512	2.43416	0.5	2.97025	-24.0128	0	-0.882317	0.470655	0	None	None
ChainingRodShaped	13476	4.58159	0.5	9.61879	95.1583	0	0.998459	0.0554937	0	None	None
ChainingRodShaped	14012	3.94757	0.5	65.2648	53.2518	0	0.215567	-0.976489	0	14013	13333
ChainingRodShaped	8544	4.79061	0.5	-83.0313	-0.34455	0	-0.824452	-0.565931	0	None	None
ChainingRodShaped	12784	4.14574	0.5	66.3982	12.0481	0	-0.7604	-0.649455	0	12785	16965
ChainingRodShaped	10870	3.77871	0.5	-29.3231	32.4644	0	0.988378	-0.152018	0	None	None
ChainingRodShaped	13478	4.2298	0.5	-45.5149	-29.9288	0	0.999048	0.0436193	0	None	None
ChainingRodShaped	17230	2.55337	0.5	48.7328	44.0783	0	-0.84483	0.535035	0	None	None
ChainingRodShaped	16440	2.61857	0.5	-53.3575	31.8393	0	0.977194	-0.212347	0	None	None
ChainingRodShaped	18522	2.39902	0.5	-98.4325	-14.9055	0	-0.999799	0.0200361	0	None	None
ChainingRodShaped	16886	2.51645	0.5	2.21907	68.602	0	0.4826	0.875841	0	None	None
ChainingRodShaped	19608	2.0372	0.5	-70.3924	18.8151	0	0.906939	0.421262	0	None	None
ChainingRodShaped	13536	3.29276	0.5	-77.5743	-5.78239	0	-0.987507	-0.157574	0	None	None
ChainingRodShaped	11776	3.39842	0.5	-24.7245	107.689	0	0.958111	0.286396	0	None	None
ChainingRodShaped	16898	2.49638	0.5	-100.923	4.34197	0	0.333617	-0.942709	0	None	None
ChainingRodShaped	13776	3.49887	0.5	-56.405	-52.0565	0	0.599946	0.800041	0	None	None
ChainingRodShaped	12230	3.8346	0.5	-149.248	-147.099	0	-0.872824	0.488035	0	12231	11431
ChainingRodShaped	13210	3.18275	0.5	29.1807	68.2268	0	0.999673	-0.0255788	0	None	None
ChainingRodShaped	9330	4.14999	0.5	-43.8145	104.023	0	-0.325517	-0.945536	0	None	None
ChainingRodShaped	12602	4.17313	0.5	-30.4219	15.0813	0	0.0417774	0.999127	0	None	None
ChainingRodShaped	9818	4.49165	0.5	-54.0197	-5.54423	0	0.991507	-0.130052	0	None	None
ChainingRodShaped	17372	2.70835	0.5	-85.3518	11.1978	0	0.860947	0.508695	0	None	None
ChainingRodShaped	11490	3.33496	0.5	-98.0688	41.7371	0	0.959401	-0.282045	0	None	None
ChainingRodShaped	18620	2.36013	0.5	-68.7074	16.0295	0	0.875091	0.483959	0	None	None
ChainingRodShaped	13528	3.92158	0.5	33.1476	41.6297	0	0.985232	-0.171223	0	None	None
ChainingRodShaped	9984	4.73687	0.5	1.85975	-28.2631	0	0.752307	-0.658813	0	None	None
ChainingRodShaped	11134	3.62594	0.5	31.2143	-41.8017	0	0.806042	-0.591859	0	None	None
ChainingRodShaped	19466	2.10433	0.5	-79.6606	-34.4775	0	0.395776	-0.918347	0	None	None
ChainingRodShaped	19682	2.01686	0.5	52.9408	9.7622	0	-0.945189	-0.326524	0	None	None
ChainingRodShaped	19072	2.15722	0.5	-119.809	12.7883	0	-0.00694506	0.999976	0	None	None
ChainingRodShaped	13182	3.50146	0.5	52.94	-12.114	0	-0.776005	-0.630726	0	None	None
ChainingRodShaped	13820	3.02051	0.5	-89.7838	-24.4103	0	0.968691	-0.24827	0	None	None
ChainingRodShaped	11610	3.9799	0.5	-11.4618	44.3959	0	0.889085	0.457742	0	None	None
ChainingRodShaped	18636	2.37161	0.5	0.581731	91.5769	0	0.325383	0.945582	0	None	None
ChainingRodShaped	12384	4.02744	0.5	2.84008	54.9351	0	0.431821	0.901959	0	None	None
ChainingRodShaped	10764	3.99403	0.5	-113.274	-8.90265	0	-0.599988	0.800009	0	None	None
ChainingRodShaped	12712	3.51054	0.5	-82.462	-5.49736	0	-0.0116585	0.999932	0	None	None
ChainingRodShaped	15992	3.07093	0.5	-22.0659	-8.79745	0	-0.806251	-0.591573	0	None	None
ChainingRodShaped	14914	3.90535	0.5	-105.259	-7.08755	0	-0.659401	0.751792	0	None	None
ChainingRodShaped	19436	2.08264	0.5	-4.39563	5.62718	0	-0.993765	0.111495	0	None	None
ChainingRodShaped	17840	2.28077	0.5	-53.0522	101.886	0	-0.966956	-0.254942	0	None	None
ChainingRodShaped	15170	3.76342	0.5	-129.915	41.7222	0	-0.6874	-0.726279	0	None	None
ChainingRodShaped	12014	3.50187	0.5	13.1071	42.6727	0	0.246522	0.969137	0	None	None
ChainingRodShaped	16424	3.13546	0.5	22.8436	-18.579	0	0.991016	-0.133745	0	None	None
ChainingRodShaped	14558	2.97105	0.5	13.491	-58.7046	0	0.945351	-0.326054	0	14559	18737
ChainingRodShaped	15074	3.12873	0.5	40.2603	12.2484	0	-0.9864	0.164362	0	None	None
ChainingRodShaped	18706	2.20944	0.5	-159.479	139.323	0	0.886554	-0.462625	0	18707	5674
ChainingRodShaped	17028	2.8664	0.5	36.1895	3.019	0	-0.955776	-0.294095	0	None	None
ChainingRodShaped	15622	3.66166	0.5	73.7541	15.9678	0	0.759404	0.65062	0	None	None
ChainingRodShaped	12828	3.38483	0.5	8.00365	23.221	0	0.620372	-0.784308	0	None	None
ChainingRodShaped	19656	2.03057	0.5	-72.7356	54.284	0	-0.476745	-0.879042	0	None	None
ChainingRodShaped	18122	2.5151	0.5	-87.1709	-37.7325	0	0.0142552	-0.999898	0	None	None
ChainingRodShaped	12774	3.63007	0.5	-151.225	-22.3064	0	-0.766995	-0.641653	0	12775	15283
ChainingRodShaped	19266	2.11547	0.5	-30.4777	79.8197	0	0.720675	-0.693273	0	None	None
ChainingRodShaped	14018	4.37304	0.5	33.9046	59.139	0	-0.307095	-0.951679	0	None	None
ChainingRodShaped	14808	3.69403	0.5	26.7034	108.157	0	0.604352	0.796717	0	None	None
ChainingRodShaped	18100	2.38566	0.5	-79.3112	62.0283	0	0.0557733	0.998443	0	None	None
ChainingRodShaped	12458	3.62776	0.5	-23.8659	205.999	0	-0.644073	-0.764964	0	12459	18777
ChainingRodShaped	18528	2.40755	0.5	-34.5422	72.9129	0	-0.999915	-0.01305	0	None	None
ChainingRodShaped	16792	3.15662	0.5	-26.955	-50.4038	0	0.9797	0.200467	0	None	None
ChainingRodShaped	18968	2.25302	0.5	-44.068	-33.8593	0	-0.624508	0.781018	0	None	None
ChainingRodShaped	15334	3.10615	0.5	-69.4474	34.5309	0	0.7904	0.612591	0	None	None
ChainingRodShaped	15452	3.05779	0.5	-158.055	36.2161	0	0.974108	-0.226081	0	15453	11633
ChainingRodShaped	16502	2.96968	0.5	-22.2238	63.5616	0	-0.927164	-0.374654	0	None	None
ChainingRodShaped	5711	4.97946	0.5	25.9991	73.41	0	0.985734	-0.168313	0	None	None
ChainingRodShaped	19574	2.02808	0.5	47.5028	3.64065	0	-0.974258	-0.225436	0	None	None
ChainingRodShaped	15350	3.05551	0.5	10.68	-44.8972	0	-0.704193	-0.710009	0	None	None
ChainingRodShaped	16018	3.33657	0.5	22.5785	-4.61812	0	-0.948198	-0.317681	0	None	None
ChainingRodShaped	16976	2.82623	0.5	-48.8564	-4.09537	0	0.81723	-0.576312	0	None	None
ChainingRodShaped	18872	2.20224	0.5	-85.4919	8.72514	0	0.831281	0.555852	0	None	None
ChainingRodShaped	14008	3.29487	0.5	51.1614	64.4447	0	0.373884	-0.927476	0	None	None
ChainingRodShaped	15504	3.6463	0.5	48.8853	40.0512	0	-0.117948	-0.99302	0	None	None
ChainingRodShaped	13116	3.68226	0.5	-4.50975	3.78551	0	0.989892	-0.141825	0	None	None
ChainingRodShaped	5729	4.99385	0.5	71.0737	38.4031	0	-0.4958	0.868436	0	15826	16659
ChainingRodShaped	19000	2.10413	0.5	-65.7215	-6.46312	0	0.654458	-0.756098	0	None	None
ChainingRodShaped	12040	4.72153	0.5	51.2982	86.0756	0	-0.647782	0.761826	0	12041	5732
ChainingRodShaped	10546	4.5124	0.5	-98.4365	46.5505	0	0.124764	-0.992186	0	None	None
ChainingRodShaped	13726	3.08057	0.5	54.9115	12.7865	0	-0.755132	-0.655573	0	None	None
ChainingRodShaped	12248	3.43669	0.5	212.729	86.0578	0	0.364243	-0.931304	0	12249	5738
ChainingRodShaped	9814	3.51947	0.5	-158.435	-62.205	0	0.99905	0.0435815	0	18554	5740
ChainingRodShaped	9768	3.778	0.5	-72.6108	88.4135	0	0.994012	-0.109266	0	None	None
ChainingRodShaped	12686	4.43709	0.5	-82.1294	49.5908	0	0.0602044	-0.998186	0	None	None
ChainingRodShaped	17688	2.4453	0.5	-0.617723	1.83149	0	0.983357	-0.181682	0	None	None
ChainingRodShaped	13248	4.36048	0.5	14.5868	0.716794	0	-0.790776	0.612105	0	None	None
ChainingRodShaped	9542	4.09689	0.5	-26.6702	96.0091	0	-0.852094	0.523389	0	None	None
ChainingRodShaped	12682	3.47656	0.5	150.781	-64.3416	0	-0.0157269	-0.999876	0	12683	12919
ChainingRodShaped	13416	4.38212	0.5	-34.9095	-28.3414	0	0.972615	-0.232421	0	None	None
ChainingRodShaped	12390	3.3543	0.5	97.9354	9.44214	0	-0.815177	-0.579212	0	12391	13443
ChainingRodShaped	11154	4.23358	0.5	-38.3505	-45.2098	0	-0.659216	-0.751954	0	None	None
ChainingRodShaped	15352	2.82717	0.5	6.87313	-28.3931	0	0.996088	-0.0883649	0	None	None
ChainingRodShaped	10454	4.5383	0.5	-87.0772	8.53138	0	0.836753	0.54758	0	None	None
ChainingRodShaped	5765	4.99932	0.5	-89.0873	88.5406	0	0.896611	0.44282	0	None	None
ChainingRodShaped	9866	4.81825	0.5	-14.3978	-12.8903	0	-0.339509	0.940603	0	None	None
ChainingRodShaped	14926	3.95678	0.5	-55.7687	67.356	0	-0.93687	-0.349679	0	None	None
ChainingRodShaped	9510	4.20396	0.5	44.2116	81.9667	0	-0.886822	0.462111	0	None	None
ChainingRodShaped	9064	4.12541	0.5	-43.2089	-25.2915	0	0.998855	0.0478398	0	None	None
ChainingRodShaped	13096	4.74308	0.5	-32.3952	-10.6005	0	0.626033	-0.779796	0	None	None
ChainingRodShaped	10674	4.30573	0.5	-94.9222	33.593	0	-0.637003	-0.770861	0	None	None
ChainingRodShaped	17420	2.61009	0.5	-77.3415	86.2788	0	0.996983	-0.077622	0	None	None
ChainingRodShaped	9662	4.4498	0.5	-66.7147	119.056	0	-0.889946	0.456066	0	None	None
ChainingRodShaped	15906	3.27988	0.5	-47.0865	-37.7559	0	0.68976	0.724038	0	None	None
ChainingRodShaped	11108	4.38679	0.5	-11.9512	-9.37578	0	0.986821	0.161816	0	None	None
ChainingRodShaped	12950	3.47219	0.5	59.1784	58.9827	0	-0.118646	-0.992937	0	None	None
ChainingRodShaped	9720	4.63236	0.5	-52.8218	112.238	0	0.427526	-0.904003	0	None	None
ChainingRodShaped	10782	4.53313	0.5	-49.5025	-35.5839	0	0.828335	0.560234	0	None	None
ChainingRodShaped	16626	2.7555	0.5	-12.3713	53.255	0	0.711557	0.702629	0	None	None
ChainingRodShaped	12554	4.71452	0.5	-30.2818	31.3261	0	0.980722	-0.195409	0	None	None
ChainingRodShaped	5797	4.98764	0.5	-15.5822	-31.1553	0	-0.43851	0.898726	0	None	None
ChainingRodShaped	19530	2.0323	0.5	70.4622	14.3423	0	0.74273	0.669591	0	None	None
ChainingRodShaped	10198	4.54101	0.5	-109.857	-17.9273	0	-0.68619	0.727423	0	None	None
ChainingRodShaped	19538	2.08254	0.5	-62.5092	-4.22827	0	-0.177156	-0.984183	0	None	None
ChainingRodShaped	17482	2.4507	0.5	2.2034	48.1467	0	0.980896	0.194535	0	None	None
ChainingRodShaped	12074	4.01185	0.5	120.447	196.698	0	-0.869708	-0.493567	0	12075	12615
ChainingRodShaped	18676	2.16577	0.5	111.2	-31.2467	0	0.979489	-0.201499	0	18677	11041
ChainingRodShaped	9176	4.74809	0.5	54.6632	7.41738	0	-0.898319	-0.439343	0	None	None
ChainingRodShaped	11880	4.01672	0.5	15.3793	105.272	0	0.943449	0.331517	0	None	None
ChainingRodShaped	19414	2.13017	0.5	-26.4867	12.0758	0	-0.131433	-0.991325	0	None	None
ChainingRodShaped	17484	2.55597	0.5	24.3866	80.6852	0	0.973736	-0.227682	0	None	None
ChainingRodShaped	16738	2.70891	0.5	14.779	64.8035	0	0.245502	0.969396	0	None	None
ChainingRodShaped	13128	3.19117	0.5	34.7925	110.371	0	-0.37473	0.927134	0	13129	5820
ChainingRodShaped	15864	2.78438	0.5	-92.1928	59.5363	0	0.69045	0.723381	0	None	None
ChainingRodShaped	10666	4.10332	0.5	-29.8819	84.2852	0	0.795131	-0.606438	0	None	None
ChainingRodShaped	11224	4.02977	0.5	187.148	191.725	0	0.48304	-0.875598	0	11225	11249
ChainingRodShaped	15956	3.08948	0.5	2.02034	15.3294	0	-0.639429	-0.76885	0	None	None
ChainingRodShaped	18368	2.47787	0.5	-57.3476	113.551	0	0.347415	-0.937712	0	None	None
ChainingRodShaped	14128	3.35508	0.5	-83.1077	52.2566	0	0.0552291	-0.998474	0	None	None
ChainingRodShaped	5835	4.6856	0.5	-142.099	79.7523	0	0.765806	-0.643071	0	17692	10025
ChainingRodShaped	5837	4.93293	0.5	-75.76	-24.7285	0	-0.987864	0.155321	0	17598	5836
ChainingRodShaped	19186	2.08077	0.5	50.1706	10.6487	0	0.917524	0.39768	0	None	None
ChainingRodShaped	13162	3.10429	0.5	-109.576	30.7916	0	-0.245788	-0.969324	0	None	None
ChainingRodShaped	16060	2.91472	0.5	13.6821	21.4561	0	-0.352436	0.935836	0	None	None
ChainingRodShaped	13756	4.27551	0.5	-118.226	49.9803	0	0.971934	0.235254	0	None	None
ChainingRodShaped	10944	4.1925	0.5	-126.605	22.2687	0	0.695253	0.718766	0	None	None
ChainingRodShaped	15050	3.94241	0.5	-59.5663	-16.4499	0	0.999648	-0.0265329	0	None	None
ChainingRodShaped	16868	2.42588	0.5	-73.1422	-48.8081	0	0.97931	-0.202364	0	None	None
ChainingRodShaped	16228	2.63291	0.5	-50.4766	-7.8554	0	0.934843	0.35506	0	None	None
ChainingRodShaped	13318	4.63898	0.5	-102.597	61.8787	0	0.855099	0.518465	0	None	None
ChainingRodShaped	17160	2.59806	0.5	-85.8928	75.3382	0	-0.977934	0.208914	0	None	None
ChainingRodShaped	16594	2.70069	0.5	51.2039	70.7908	0	-0.782924	0.622118	0	None	None
ChainingRodShaped	18206	2.41563	0.5	-25.5418	28.3832	0	0.98078	-0.195116	0	None	None
ChainingRodShaped	19014	2.16421	0.5	-21.3174	69.9471	0	-0.637567	-0.770395	0	None	None
ChainingRodShaped	19482	2.05402	0.5	180.245	220.292	0	-0.0329604	-0.999457	0	19483	5864
ChainingRodShaped	17036	2.9388	0.5	-68.8076	54.9789	0	0.562253	0.826965	0	None	None
ChainingRodShaped	19192	2.17229	0.5	59.6293	23.5808	0	0.877582	0.479427	0	None	None
ChainingRodShaped	15226	3.17224	0.5	-30.3988	63.8457	0	0.998227	-0.0595301	0	None	None
ChainingRodShaped	18844	2.20987	0.5	29.3173	126.1	0	-0.362008	0.932175	0	18845	11963
ChainingRodShaped	18990	2.26632	0.5	31.3243	6.38655	0	-0.932268	-0.361769	0	None	None
ChainingRodShaped	14502	3.86236	0.5	-8.50772	39.2948	0	0.890082	0.4558	0	None	None
ChainingRodShaped	19216	2.10422	0.5	-43.8082	-38.2239	0	0.747006	0.664817	0	None	None
ChainingRodShaped	13346	4.08441	0.5	-33.5115	35.2279	0	0.993738	-0.111737	0	None	None
ChainingRodShaped	10436	4.90362	0.5	17.6177	-46.5247	0	-0.791604	0.611035	0	None	None
ChainingRodShaped	11376	3.59766	0.5	-110.844	7.48163	0	0.236863	0.971543	0	None	None
ChainingRodShaped	17250	2.42839	0.5	30.3315	55.7429	0	-0.298175	-0.954511	0	None	None
ChainingRodShaped	5889	4.45587	0.5	31.0453	220.716	0	-0.962389	0.271674	0	15748	16071
ChainingRodShaped	10520	3.86365	0.5	-23.9201	-45.2851	0	0.981144	0.193278	0	None	None
ChainingRodShaped	11386	3.71159	0.5	-32.0729	170.296	0	0.32056	-0.947228	0	11387	14653
ChainingRodShaped	16102	3.32511	0.5	-12.4629	89.8561	0	-0.0592945	0.998241	0	None	None
ChainingRodShaped	14724	3.01427	0.5	-16.063	-13.5054	0	-0.315283	0.948998	0	None	None
ChainingRodShaped	10252	4.23234	0.5	-55.2392	-46.3839	0	-0.355429	-0.934703	0	None	None
ChainingRodShaped	13124	4.49538	0.5	-6.56959	106.819	0	0.708916	-0.705293	0	None	None
ChainingRodShaped	16980	3.05564	0.5	-58.7714	-44.5523	0	0.996569	0.0827623	0	None	None
ChainingRodShaped	18156	2.48816	0.5	8.79058	85.5615	0	-0.741087	-0.671409	0	None	None
ChainingRodShaped	18446	2.21103	0.5	19.2058	138.858	0	-0.722612	0.691254	0	18447	5906
ChainingRodShaped	16092	3.16359	0.5	-78.4119	-40.7904	0	0.893367	-0.449328	0	None	None
ChainingRodShaped	12704	3.4387	0.5	-21.5578	-43.9503	0	0.982777	0.184795	0	None	None
ChainingRodShaped	18992	2.16443	0.5	-59.478	16.5679	0	-0.169535	-0.985524	0	None	None
ChainingRodShaped	13250	3.53359	0.5	25.0633	112.645	0	-0.44447	-0.895794	0	None	None
ChainingRodShaped	15690	3.57374	0.5	-75.1922	48.48	0	-0.0226077	-0.999744	0	None	None
ChainingRodShaped	12276	4.30542	0.5	27.8217	127.053	0	0.377004	-0.926211	0	12277	5918
ChainingRodShaped	12200	4.89012	0.5	-54.9637	88.5592	0	0.883067	-0.469246	0	None	None
ChainingRodShaped	9682	4.04254	0.5	31.5023	14.1281	0	0.238644	0.971107	0	None	None
ChainingRodShaped	18808	2.3237	0.5	-86.6138	-41.3602	0	0.853029	-0.521864	0	None	None
ChainingRodShaped	13884	3.67165	0.5	-39.0808	75.3231	0	0.973755	0.227599	0	None	None
ChainingRodShaped	10528	3.72509	0.5	-39.7834	97.5459	0	0.344856	0.938656	0	None	None
ChainingRodShaped	18386	2.48315	0.5	-25.5356	19.2726	0	0.860646	-0.509203	0	None	None
ChainingRodShaped	10960	4.07655	0.5	-100.254	37.9376	0	0.988831	-0.149043	0	None	None
ChainingRodShaped	18988	2.21661	0.5	195.02	261.519	0	-0.468562	-0.883431	0	18989	14591
ChainingRodShaped	9054	4.80516	0.5	-14.4442	52.1517	0	0.536417	0.843953	0	None	None
ChainingRodShaped	10864	4.21186	0.5	-52.684	21.2462	0	-0.141936	-0.989876	0	None	None
ChainingRodShaped	14994	3.00387	0.5	-35.6019	-46.006	0	-0.647433	-0.762122	0	None	None
ChainingRodShaped	5943	4.92893	0.5	180.957	210.048	0	0.148111	-0.988971	0	5864	12673
ChainingRodShaped	10388	3.9058	0.5	-8.89301	-49.2797	0	0.487025	0.873388	0	None	None
ChainingRodShaped	17942	2.49869	0.5	-94.6158	35.3575	0	-0.576172	-0.817328	0	None	None
ChainingRodShaped	11068	4.53528	0.5	-83.5435	71.562	0	-0.980338	0.197325	0	None	None
ChainingRodShaped	17892	2.51329	0.5	26.7803	104.034	0	0.871442	0.490499	0	None	None
ChainingRodShaped	12814	4.19736	0.5	15.8819	4.46041	0	-0.787298	0.616573	0	None	None
ChainingRodShaped	12644	4.19298	0.5	31.9495	18.919	0	0.251371	0.967891	0	None	None
ChainingRodShaped	9212	4.29025	0.5	-57.9746	56.5826	0	0.6796	0.733582	0	None	None
ChainingRodShaped	10604	3.56023	0.5	-70.8524	-35.6874	0	0.945092	-0.326805	0	None	None
ChainingRodShaped	10120	3.88629	0.5	-123.515	47.5821	0	0.951801	0.306717	0	None	None
ChainingRodShaped	15482	2.61971	0.5	3.47988	111.86	0	0.968364	-0.249543	0	None	None
ChainingRodShaped	10116	3.35381	0.5	107.183	70.2748	0	-0.538018	-0.842934	0	10117	14427
ChainingRodShaped	5967	4.97883	0.5	-89.8095	29.9188	0	-0.386825	-0.922153	0	None	None
ChainingRodShaped	18002	2.40951	0.5	-71.2234	-45.8058	0	0.67028	-0.742109	0	None	None
ChainingRodShaped	18066	2.50809	0.5	-51.2445	21.1652	0	-0.124668	-0.992199	0	None	None
ChainingRodShaped	13658	3.46137	0.5	-105.491	-8.18707	0	-0.666892	0.745154	0	None	None
ChainingRodShaped	18440	2.19224	0.5	-9.67205	84.7037	0	0.0950894	-0.995469	0	None	None
ChainingRodShaped	9838	3.97699	0.5	-45.0783	-5.21329	0	-0.395507	0.918463	0	None	None
ChainingRodShaped	12992	3.54815	0.5	-54.0636	91.194	0	0.896054	-0.443944	0	None	None
ChainingRodShaped	17754	2.29875	0.5	25.4153	14.1533	0	0.431758	0.90199	0	None	None
ChainingRodShaped	12242	4.44806	0.5	-2.10884	-17.6204	0	0.871527	-0.490348	0	None	None
ChainingRodShaped	13060	4.70447	0.5	14.5923	-12.0889	0	0.999212	0.0396896	0	None	None
ChainingRodShaped	13372	3.78681	0.5	-55.8199	21.2529	0	-0.146699	-0.989181	0	None	None
ChainingRodShaped	13836	4.49005	0.5	28.3409	-10.3104	0	-0.925999	-0.377526	0	None	None
ChainingRodShaped	10680	4.78041	0.5	-48.2257	-63.9537	0	-0.999957	-0.00925994	0	None	None
ChainingRodShaped	9908	3.96829	0.5	-23.5381	-39.0332	0	0.349402	-0.936973	0	None	None
ChainingRodShaped	13986	3.74807	0.5	-83.3755	-34.186	0	0.375571	-0.926794	0	None	None
ChainingRodShaped	16446	3.19577	0.5	-21.6885	62.9907	0	-0.930849	-0.365404	0	None	None
ChainingRodShaped	19596	2.04336	0.5	17.2617	111.959	0	0.969209	0.246238	0	19597	12451
ChainingRodShaped	10398	4.62398	0.5	31.6281	99.7428	0	0.410853	0.911702	0	None	None
ChainingRodShaped	16544	3.04728	0.5	-60.2956	115.145	0	0.997306	-0.0733547	0	None	None
ChainingRodShaped	10544	4.18401	0.5	30.7172	13.9863	0	0.248296	0.968684	0	None	None
ChainingRodShaped	15162	3.4364	0.5	11.414	26.3032	0	-0.894618	-0.446832	0	None	None
ChainingRodShaped	9462	4.09268	0.5	-2.03973	90.2061	0	0.503936	0.863741	0	None	None
ChainingRodShaped	18984	2.23341	0.5	-63.3593	66.7539	0	-0.774808	-0.632197	0	None	None
ChainingRodShaped	12380	3.44308	0.5	-7.60914	-43.4914	0	0.469968	0.882684	0	None	None
ChainingRodShaped	9864	4.06211	0.5	-21.6395	-32.7231	0	0.509126	-0.860692	0	None	None
ChainingRodShaped	17280	2.63409	0.5	-77.2469	85.4711	0	0.996153	-0.0876265	0	None	None
ChainingRodShaped	15954	2.73554	0.5	-97.718	50.5056	0	0.991351	-0.13124	0	None	None
ChainingRodShaped	17116	2.44459	0.5	57.0101	38.3863	0	0.915433	0.40247	0	None	None
ChainingRodShaped	15592	3.49833	0.5	-95.8307	17.3868	0	0.233314	-0.972402	0	None	None
ChainingRodShaped	11750	3.68011	0.5	49.4847	46.337	0	-0.998975	0.0452695	0	None	None
ChainingRodShaped	12084	3.61642	0.5	-85.2122	23.3147	0	0.839453	0.543432	0	None	None
ChainingRodShaped	13000	3.36624	0.5	-53.4182	111.418	0	0.427039	-0.904233	0	None	None
ChainingRodShaped	15148	3.37149	0.5	-79.8317	97.789	0	-0.8511	-0.525003	0	None	None
ChainingRodShaped	18458	2.28818	0.5	17.1782	81.5285	0	0.999986	-0.00534466	0	None	None
ChainingRodShaped	10562	3.68685	0.5	-29.7291	14.629	0	0.0517329	0.998661	0	None	None
ChainingRodShaped	11694	3.54309	0.5	-78.56	113.774	0	0.998132	0.0610966	0	None	None
ChainingRodShaped	14086	3.70389	0.5	-90.3355	91.3229	0	-0.422413	-0.906404	0	None	None
ChainingRodShaped	12432	4.74327	0.5	-45.2673	3.15633	0	0.797913	0.602773	0	None	None
ChainingRodShaped	13900	3.2318	0.5	-62.242	38.9387	0	-0.0205384	0.999789	0	None	None
ChainingRodShaped	16278	2.63002	0.5	-53.5625	-22.1545	0	-0.993006	-0.118065	0	None	None
ChainingRodShaped	9394	4.90966	0.5	27.0666	-32.0776	0	0.741162	-0.671326	0	None	None
ChainingRodShaped	9758	4.74823	0.5	32.9512	3.6013	0	0.9341	0.35701	0	None	None
ChainingRodShaped	11754	4.9518	0.5	-251.543	-37.4013	0	-0.989792	0.142518	0	11755	11139
ChainingRodShaped	10390	4.6529	0.5	-34.5448	88.049	0	0.990939	-0.134311	0	None	None
ChainingRodShaped	12880	4.22781	0.5	-15.0641	57.8858	0	-0.141192	0.989982	0	None	None
ChainingRodShaped	13880	3.3998	0.5	-49.5885	7.87576	0	0.148008	-0.988986	0	None	None
ChainingRodShaped	10794	4.76337	0.5	-80.9615	42.0987	0	0.03587	-0.999356	0	None	None
ChainingRodShaped	16040	3.20382	0.5	54.8218	34.5859	0	0.527517	0.849544	0	None	None
ChainingRodShaped	15770	2.56557	0.5	36.3802	95.2798	0	0.426594	0.904443	0	None	None
ChainingRodShaped	16870	2.70377	0.5	24.0588	7.62627	0	-0.0806378	0.996743	0	None	None
ChainingRodShaped	16612	2.53228	0.5	-95.5963	60.0432	0	0.874827	0.484435	0	None	None
ChainingRodShaped	10142	4.66606	0.5	-3.19629	76.1581	0	0.0102905	0.999947	0	None	None
ChainingRodShaped	9438	4.77075	0.5	15.0154	19.9511	0	-0.388035	0.921645	0	None	None
ChainingRodShaped	17366	2.59067	0.5	-49.6932	39.3288	0	0.635073	-0.772452	0	None	None
ChainingRodShaped	10702	4.46565	0.5	101.007	96.474	0	-0.948279	-0.317437	0	10703	6074
ChainingRodShaped	18468	2.29496	0.5	-67.7439	113.244	0	0.998889	0.047123	0	None	None
ChainingRodShaped	16596	2.89686	0.5	-41.5625	38.1974	0	0.603686	-0.797222	0	None	None
ChainingRodShaped	19026	2.21864	0.5	-79.1329	0.361468	0	-0.824376	-0.566043	0	None	None
ChainingRodShaped	18218	2.3707	0.5	24.5004	-28.4656	0	0.452151	-0.891941	0	None	None
ChainingRodShaped	11498	4.92883	0.5	-2.10906	-7.82828	0	-0.997417	0.0718253	0	11499	11207
ChainingRodShaped	13556	4.42486	0.5	-105.592	7.84461	0	0.446005	-0.89503	0	None	None
ChainingRodShaped	18622	2.40582	0.5	-108.785	41.8273	0	0.99185	0.12741	0	None	None
ChainingRodShaped	16702	3.00116	0.5	-24.9769	42.3888	0	0.559095	-0.829104	0	None	None
ChainingRodShaped	13030	4.23959	0.5	-86.1003	25.3041	0	0.822886	0.568206	0	None	None
ChainingRodShaped	18188	2.60557	0.5	-24.0674	37.1529	0	0.542015	-0.840369	0	None	None
ChainingRodShaped	13968	3.30478	0.5	-53.2226	63.0271	0	0.900634	0.434578	0	None	None
ChainingRodShaped	6099	4.3194	0.5	-189.832	127.594	0	-0.227803	-0.973707	0	18304	11383
ChainingRodShaped	18244	2.52991	0.5	-108.581	20.6479	0	0.516359	-0.856372	0	None	None
ChainingRodShaped	17002	2.38225	0.5	10.5086	91.0601	0	0.989293	0.145942	0	None	None
ChainingRodShaped	17844	2.39085	0.5	-80.0826	-5.62425	0	-0.0241537	0.999708	0	None	None
ChainingRodShaped	13944	4.17508	0.5	-44.7063	80.8647	0	0.999114	-0.0420772	0	None	None
ChainingRodShaped	13106	3.27603	0.5	21.1332	27.3254	0	-0.80332	-0.595548	0	None	None
ChainingRodShaped	6111	4.8681	0.5	-50.1172	24.9686	0	-0.0531547	-0.998586	0	None	None
ChainingRodShaped	18774	2.25935	0.5	-40.2034	90.1949	0	0.97167	-0.236342	0	None	None
ChainingRodShaped	12502	4.31033	0.5	-90.1876	-21.6601	0	-0.966144	0.258005	0	12503	11749
ChainingRodShaped	9452	4.22722	0.5	1.93539	-45.9897	0	0.549241	0.835664	0	None	None
ChainingRodShaped	10522	3.70465	0.5	-57.8819	-68.7334	0	0.999901	-0.0140448	0	10523	12529
ChainingRodShaped	19508	2.08226	0.5	-79.5549	-25.8321	0	0.979844	-0.199762	0	None	None
ChainingRodShaped	14738	3.55111	0.5	-31.0223	82.1979	0	0.798317	-0.602237	0	None	None
ChainingRodShaped	11056	4.2952	0.5	-92.9682	75.3099	0	-0.982342	0.187095	0	None	None
ChainingRodShaped	12174	4.88207	0.5	4.55029	53.2304	0	0.404558	0.914513	0	None	None
ChainingRodShaped	19734	2.0096	0.5	-61.5873	-37.3676	0	0.998018	-0.0629347	0	None	None
ChainingRodShaped	18728	2.26617	0.5	-52.4391	38.8269	0	0.665677	-0.74624	0	None	None
ChainingRodShaped	12436	4.73689	0.5	-29.363	55.5073	0	0.364805	-0.931084	0	None	None
ChainingRodShaped	15994	2.61283	0.5	-99.3333	65.2646	0	-0.853617	-0.520901	0	None	None
ChainingRodShaped	12846	4.98046	0.5	22.4386	91.5109	0	-0.0961937	-0.995363	0	None	None
ChainingRodShaped	11700	4.50657	0.5	-80.9118	-33.7262	0	0.388098	-0.921618	0	None	None
ChainingRodShaped	15742	2.97599	0.5	22.17	-3.98613	0	-0.951331	-0.308172	0	None	None
ChainingRodShaped	11184	3.47697	0.5	2.87099	-23.0524	0	-0.885488	0.464662	0	None	None
ChainingRodShaped	9582	4.94615	0.5	-30.6325	-14.2676	0	-0.674761	-0.738036	0	None	None
ChainingRodShaped	17622	2.52558	0.5	-91.3233	61.4686	0	0.900941	0.433941	0	None	None
ChainingRodShaped	15358	3.51043	0.5	28.6384	-3.16053	0	-0.932109	-0.362178	0	None	None
ChainingRodShaped	9600	4.49265	0.5	27.8668	-29.3006	0	0.759115	-0.650956	0	None	None
ChainingRodShaped	16182	3.28819	0.5	15.5404	39.0045	0	-0.195106	-0.980782	0	None	None
ChainingRodShaped	11608	3.28063	0.5	-130.031	14.7513	0	0.515341	-0.856985	0	None	None
ChainingRodShaped	15642	2.75867	0.5	-42.6721	120.956	0	-0.513795	-0.857913	0	None	None
ChainingRodShaped	9632	4.14773	0.5	25.8299	91.2233	0	-0.137864	-0.990451	0	None	None
ChainingRodShaped	12086	4.44803	0.5	15.5382	80.7288	0	0.999851	0.0172522	0	None	None
ChainingRodShaped	13278	3.95004	0.5	46.9015	92.6639	0	0.653343	-0.757062	0	13279	6162
ChainingRodShaped	17646	2.48627	0.5	-87.2124	25.4456	0	0.817153	0.576421	0	None	None
ChainingRodShaped	12272	3.58833	0.5	-124.329	25.3932	0	0.811033	-0.585	0	None	None
ChainingRodShaped	15498	3.33274	0.5	-20.3407	-12.9592	0	0.728672	0.684862	0	None	None
ChainingRodShaped	10228	4.7228	0.5	-73.1059	90.1559	0	0.969808	0.243869	0	None	None
ChainingRodShaped	6173	4.98769	0.5	-21.9794	-47.5671	0	0.980808	0.194975	0	None	None
ChainingRodShaped	17248	2.56573	0.5	35.4285	15.2411	0	-0.5213	-0.853373	0	None	None
ChainingRodShaped	9752	4.2879	0.5	41.5595	61.3966	0	-0.233007	-0.972475	0	None	None
ChainingRodShaped	13120	3.61905	0.5	-46.3652	45.5817	0	0.584591	-0.811328	0	None	None
ChainingRodShaped	6181	4.87774	0.5	-105.45	47.5471	0	-0.981491	-0.191508	0	None	None
ChainingRodShaped	16562	2.50602	0.5	-60.6045	34.8574	0	0.889851	0.456252	0	None	None
ChainingRodShaped	13410	3.7694	0.5	-132.824	62.8956	0	0.0125116	-0.999922	0	13411	12181
ChainingRodShaped	12876	4.72752	0.5	-17.1003	84.1087	0	0.289555	-0.957162	0	None	None
ChainingRodShaped	13336	4.54236	0.5	33.2719	89.9561	0	0.618503	0.785782	0	None	None
ChainingRodShaped	18724	2.21547	0.5	31.1685	24.1338	0	-0.0398808	0.999204	0	None	None
ChainingRodShaped	15430	2.53231	0.5	-164.114	-29.9737	0	-0.967017	-0.254713	0	15431	16609
ChainingRodShaped	10384	4.95878	0.5	0.678178	-41.7206	0	-0.604604	-0.796526	0	None	None
ChainingRodShaped	18916	2.30388	0.5	11.4896	-30.8806	0	-0.744785	-0.667304	0	None	None
ChainingRodShaped	16960	3.09963	0.5	73.4779	29.3453	0	0.999685	0.0251162	0	None	None
ChainingRodShaped	10610	3.9816	0.5	4.68702	-10.6215	0	0.997817	-0.0660463	0	None	None
ChainingRodShaped	12346	3.75541	0.5	-37.6193	-26.3226	0	0.995006	0.0998182	0	None	None
ChainingRodShaped	12162	3.25721	0.5	-284.01	7.24684	0	-0.40022	0.916419	0	12163	10689
ChainingRodShaped	17156	2.38896	0.5	-43.7461	-4.26334	0	-0.356919	0.934135	0	None	None
ChainingRodShaped	15290	3.65567	0.5	-3.46722	33.7291	0	-0.924702	-0.380691	0	None	None
ChainingRodShaped	11036	3.59476	0.5	5.87425	47.0304	0	0.36945	0.929251	0	None	None
ChainingRodShaped	9860	3.93237	0.5	20.6117	-39.2818	0	-0.212426	-0.977177	0	None	None
ChainingRodShaped	13972	3.10154	0.5	-80.4084	99.6112	0	-0.854382	-0.519645	0	None	None
ChainingRodShaped	11832	3.08636	0.5	183.591	236.296	0	-0.318904	-0.947787	0	11833	6216
ChainingRodShaped	11342	4.35641	0.5	-24.4278	20.8048	0	0.850172	-0.526505	0	None	None
ChainingRodShaped	6221	4.83859	0.5	-6.18071	92.8398	0	0.0806648	-0.996741	0	None	None
ChainingRodShaped	17374	2.63106	0.5	-37.5796	-39.3494	0	0.745482	0.666526	0	None	None
ChainingRodShaped	11406	4.33532	0.5	-36.9871	10.3353	0	0.801372	0.598166	0	None	None
ChainingRodShaped	14782	4.07822	0.5	-8.26779	-59.6872	0	0.965321	0.261068	0	None	None
ChainingRodShaped	15490	3.55242	0.5	25.2399	-25.3632	0	0.228809	-0.973471	0	None	None
ChainingRodShaped	11022	3.93262	0.5	-152.798	-2.31502	0	0.00515911	0.999987	0	19464	11739
ChainingRodShaped	16610	3.15962	0.5	26.2936	69.2921	0	0.989542	-0.144246	0	None	None
ChainingRodShaped	10308	4.91459	0.5	-19.4403	-27.252	0	0.630896	0.775867	0	None	None
ChainingRodShaped	17852	2.66074	0.5	26.4204	113.281	0	-0.437756	-0.899094	0	None	None
ChainingRodShaped	10722	3.61889	0.5	-53.6496	-7.68111	0	0.995724	0.0923744	0	None	None
ChainingRodShaped	15834	2.88241	0.5	-91.46	57.5989	0	0.0223848	-0.999749	0	None	None
ChainingRodShaped	13704	3.89311	0.5	-103.955	15.9104	0	0.667083	-0.744984	0	None	None
ChainingRodShaped	12454	4.57357	0.5	-62.6803	-32.1292	0	0.999128	-0.0417598	0	None	None
ChainingRodShaped	6247	4.84982	0.5	8.80322	62.7905	0	0.539954	0.841694	0	None	None
ChainingRodShaped	14228	3.33568	0.5	-97.2543	-15.7954	0	-0.99921	0.0397496	0	None	None
ChainingRodShaped	6251	4.92202	0.5	-35.5848	-20.7636	0	-0.974852	-0.222854	0	None	None
ChainingRodShaped	6253	4.92744	0.5	-57.0897	97.0757	0	-0.75411	-0.656748	0	None	None
ChainingRodShaped	19360	2.06027	0.5	-29.7275	95.9343	0	-0.852695	0.522409	0	None	None
ChainingRodShaped	12878	3.3467	0.5	87.7333	96.3561	0	0.986133	-0.16596	0	12879	18711
ChainingRodShaped	15476	3.44645	0.5	-76.6488	47.7848	0	-0.0272671	-0.999628	0	None	None
ChainingRodShaped	13988	3.41328	0.5	-47.3806	-27.7981	0	0.997533	0.0701938	0	None	None
ChainingRodShaped	10644	4.14954	0.5	-56.4218	61.5317	0	0.680888	0.732388	0	None	None
ChainingRodShaped	11158	3.58962	0.5	10.1989	62.2243	0	0.514212	0.857663	0	None	None
ChainingRodShaped	11156	3.72902	0.5	-24.1826	-33.1635	0	0.413142	-0.910667	0	None	None
ChainingRodShaped	17258	2.84153	0.5	5.79975	-44.2987	0	0.826714	0.562622	0	None	None
ChainingRodShaped	16240	2.92926	0.5	-73.1052	8.54478	0	0.814905	0.579594	0	None	None
ChainingRodShaped	19308	2.13513	0.5	216.915	74.7575	0	0.324328	-0.945945	0	19309	14467
ChainingRodShaped	17630	2.47573	0.5	50.5884	82.558	0	0.63491	-0.772586	0	None	None
ChainingRodShaped	12132	3.42193	0.5	71.2258	28.1621	0	-0.990888	-0.134687	0	None	None
ChainingRodShaped	6279	4.81107	0.5	-31.8927	10.0563	0	-0.36618	-0.930544	0	None	None
ChainingRodShaped	12006	4.8357	0.5	-67.1883	-42.7798	0	0.258699	0.965958	0	None	None
ChainingRodShaped	18762	2.28479	0.5	-22.8817	24.3644	0	0.837874	-0.545863	0	None	None
ChainingRodShaped	10456	3.77247	0.5	-76.5017	77.7683	0	0.978796	-0.204838	0	None	None
ChainingRodShaped	15780	2.83459	0.5	55.4874	-9.15546	0	-0.775377	-0.631498	0	None	None
ChainingRodShaped	11016	4.28821	0.5	-31.6703	46.4737	0	0.999689	-0.0249416	0	None	None
ChainingRodShaped	11708	3.29213	0.5	-107.411	89.943	0	0.996496	-0.0836381	0	None	None
ChainingRodShaped	18696	2.33941	0.5	-76.6068	2.11738	0	-0.781859	-0.623455	0	None	None
ChainingRodShaped	9990	3.66118	0.5	-103.894	22.4876	0	0.465113	-0.885251	0	None	None
ChainingRodShaped	11424	3.67084	0.5	-13.2116	15.9622	0	0.739756	0.672875	0	None	None
ChainingRodShaped	15940	2.83622	0.5	-14.0436	2.92017	0	0.58444	-0.811437	0	None	None
ChainingRodShaped	18172	2.35433	0.5	-64.2546	108.894	0	-0.998041	-0.0625676	0	None	None
ChainingRodShaped	17920	2.62238	0.5	6.27402	-13.1056	0	0.999996	-0.00295135	0	None	None
ChainingRodShaped	13838	3.83868	0.5	-62.0428	69.5464	0	-0.814073	-0.580762	0	None	None
ChainingRodShaped	12402	4.13722	0.5	10.5005	15.4683	0	0.600242	-0.799819	0	None	None
ChainingRodShaped	15380	2.85156	0.5	-104.136	57.8614	0	0.993926	-0.110047	0	None	None
ChainingRodShaped	10056	4.72941	0.5	-66.5037	46.7253	0	-0.0437917	0.999041	0	None	None
ChainingRodShaped	19422	2.07114	0.5	-37.92	20.6679	0	0.99963	-0.0271877	0	None	None
ChainingRodShaped	14372	3.26277	0.5	-82.2243	75.234	0	0.981428	-0.191832	0	None	None
ChainingRodShaped	15620	2.94229	0.5	205.915	281.449	0	-0.482132	-0.876099	0	15621	18437
ChainingRodShaped	10982	4.66204	0.5	67.8645	22.5581	0	-0.592012	-0.805929	0	None	None
ChainingRodShaped	17276	2.38429	0.5	-42.332	108.373	0	0.016752	-0.99986	0	None	None
ChainingRodShaped	11274	4.81678	0.5	-20.9789	42.0077	0	-0.0321189	0.999484	0	None	None
ChainingRodShaped	13328	4.7489	0.5	-79.2346	76.7174	0	0.974505	-0.224368	0	None	None
ChainingRodShaped	19578	2.06834	0.5	4.10657	30.4499	0	0.948693	0.3162	0	None	None
ChainingRodShaped	10608	4.8947	0.5	-23.1543	16.9122	0	0.855566	-0.517694	0	None	None
ChainingRodShaped	12466	2.90701	0.5	-114.163	-4.41133	0	-0.51718	0.855877	0	12467	6330
ChainingRodShaped	12144	2.95269	0.5	-124.428	55.4837	0	0.500451	0.865765	0	12145	14761
ChainingRodShaped	16406	3.11477	0.5	-11.9764	3.27106	0	0.560056	-0.828455	0	None	None
ChainingRodShaped	10636	4.9676	0.5	-88.0772	80.8896	0	0.968025	-0.250855	0	None	None
ChainingRodShaped	13666	3.12504	0.5	0.209204	71.4294	0	0.184326	0.982865	0	None	None
ChainingRodShaped	18562	2.44413	0.5	-44.2713	66.4379	0	0.985486	0.169759	0	None	None
ChainingRodShaped	19666	2.01826	0.5	-28.1692	68.5863	0	-0.992128	0.125231	0	None	None
ChainingRodShaped	16860	2.41235	0.5	-50.3948	3.77098	0	0.0981021	-0.995176	0	None	None
ChainingRodShaped	10382	4.804	0.5	-68.5607	-52.1016	0	0.376361	0.926473	0	None	None
ChainingRodShaped	19606	2.05393	0.5	-73.7169	118.619	0	0.722507	0.691364	0	None	None
ChainingRodShaped	6351	4.8392	0.5	-15.7783	0.165774	0	0.925601	-0.378501	0	None	None
ChainingRodShaped	11550	3.48901	0.5	-82.0379	13.1702	0	0.842707	0.538372	0	None	None
ChainingRodShaped	13312	3.38788	0.5	-109.03	29.3302	0	-0.255478	-0.966815	0	None	None
ChainingRodShaped	15434	3.25376	0.5	-71.9003	-49.9857	0	0.988186	-0.153262	0	None	None
ChainingRodShaped	14262	3.22386	0.5	110.56	147.717	0	-0.420933	0.907092	0	14263	14827
ChainingRodShaped	11716	3.85022	0.5	-92.4013	66.9538	0	0.787602	0.616184	0	None	None
ChainingRodShaped	10804	3.71577	0.5	20.2011	-30.6484	0	0.314459	-0.949271	0	None	None
ChainingRodShaped	14570	3.41694	0.5	11.3415	15.4949	0	0.595003	-0.803724	0	None	None
ChainingRodShaped	14104	3.92222	0.5	42.4444	45.7272	0	0.058428	-0.998292	0	None	None
ChainingRodShaped	17728	2.40064	0.5	-55.2001	70.41	0	-0.952	-0.306098	0	None	None
ChainingRodShaped	14900	3.49585	0.5	-89.5931	-11.9396	0	-0.84896	-0.528458	0	None	None
ChainingRodShaped	14924	2.85582	0.5	-30.6027	78.9832	0	0.713585	-0.700568	0	None	None
ChainingRodShaped	18202	2.43118	0.5	11.675	45.9291	0	-0.370113	-0.928987	0	None	None
ChainingRodShaped	10416	4.49844	0.5	37.6325	80.7786	0	-0.14107	-0.99	0	None	None
ChainingRodShaped	17792	2.54183	0.5	-26.6191	-6.91216	0	-0.836208	-0.548413	0	None	None
ChainingRodShaped	15970	2.73874	0.5	-40.3864	-39.5416	0	0.745491	0.666515	0	None	None
ChainingRodShaped	15776	2.73813	0.5	-51.5511	-6.69069	0	0.992764	-0.120079	0	None	None
ChainingRodShaped	15066	3.05713	0.5	-119.599	30.1666	0	-0.94607	-0.323963	0	None	None
ChainingRodShaped	9770	4.30241	0.5	-2.41157	26.0744	0	0.427891	0.903831	0	None	None
ChainingRodShaped	19560	2.05044	0.5	-106.479	77.5608	0	0.222029	-0.97504	0	None	None
ChainingRodShaped	19580	2.06795	0.5	-83.7242	-35.7258	0	0.366794	-0.930302	0	None	None
ChainingRodShaped	17548	2.60334	0.5	-23.0002	68.7771	0	-0.224144	-0.974556	0	None	None
ChainingRodShaped	16500	2.83077	0.5	-87.7861	10.6854	0	0.845355	0.534205	0	None	None
ChainingRodShaped	18586	2.42877	0.5	-1.67516	110.74	0	0.672565	-0.740038	0	None	None
ChainingRodShaped	11268	3.72304	0.5	34.2919	79.0471	0	-0.394159	-0.919042	0	None	None
ChainingRodShaped	18258	2.20082	0.5	28.0321	29.0037	0	-0.0459576	0.998943	0	None	None
ChainingRodShaped	11514	4.11208	0.5	15.7625	-13.4778	0	-0.998819	-0.0485841	0	None	None
ChainingRodShaped	14242	3.85482	0.5	-32.6112	90.6754	0	0.985894	-0.167368	0	None	None
ChainingRodShaped	18580	2.25777	0.5	-39.5403	75.9586	0	0.9759	0.21822	0	None	None
ChainingRodShaped	13172	4.50424	0.5	-66.2138	37.8422	0	0.762104	0.647455	0	None	None
ChainingRodShaped	10212	4.86577	0.5	21.1173	39.0417	0	0.192478	-0.981301	0	None	None
ChainingRodShaped	18952	2.22289	0.5	-27.5868	8.82046	0	0.112501	-0.993652	0	None	None
ChainingRodShaped	14734	3.37053	0.5	-8.00105	-11.2713	0	0.999827	0.0185954	0	None	None
ChainingRodShaped	13598	3.17669	0.5	-97.8581	92.6421	0	-0.90131	-0.433175	0	None	None
ChainingRodShaped	12606	3.77251	0.5	-16.4815	77.5956	0	0.32381	-0.946122	0	None	None
ChainingRodShaped	13738	3.79827	0.5	-12.6567	-44.5842	0	0.963623	0.267265	0	None	None
ChainingRodShaped	11734	3.56425	0.5	147.304	184.662	0	-0.272265	0.962222	0	11735	13315
ChainingRodShaped	15772	2.86599	0.5	50.478	18.2731	0	0.679987	0.733224	0	None	None
ChainingRodShaped	18414	2.49627	0.5	36.6085	57.0501	0	-0.349195	-0.93705	0	None	None
ChainingRodShaped	6429	4.63295	0.5	86.4788	7.28735	0	-0.904515	-0.426441	0	8096	11615
ChainingRodShaped	13382	3.23435	0.5	-29.3676	84.8448	0	0.794694	-0.60701	0	None	None
ChainingRodShaped	19670	2.03855	0.5	-55.2085	-3.99901	0	-0.993395	0.114743	0	None	None
ChainingRodShaped	17198	2.45659	0.5	13.6754	75.6842	0	0.979369	0.202081	0	None	None
ChainingRodShaped	10012	4.69683	0.5	-4.2136	-18.2819	0	-0.878454	0.477826	0	None	None
ChainingRodShaped	18750	2.20242	0.5	-119.097	7.03919	0	-0.392952	0.919559	0	None	None
ChainingRodShaped	11210	4.543	0.5	-13.6004	-56.806	0	0.740647	0.671894	0	None	None
ChainingRodShaped	14004	3.28609	0.5	3.99945	5.44049	0	-0.680828	-0.732443	0	None	None
ChainingRodShaped	12278	3.16494	0.5	-41.8566	46.9855	0	0.594109	-0.804384	0	None	None
ChainingRodShaped	18842	2.3404	0.5	-120.167	16.6861	0	-0.959874	0.28043	0	None	None
ChainingRodShaped	13702	3.44956	0.5	-77.2563	63.341	0	0.392988	0.919544	0	None	None
ChainingRodShaped	6451	4.53722	0.5	17.5658	172.015	0	-0.516818	-0.856095	0	7024	11131
ChainingRodShaped	19522	2.04182	0.5	-105.794	79.7161	0	-0.0266029	-0.999646	0	None	None
ChainingRodShaped	10414	4.45953	0.5	-69.6545	11.8696	0	0.84239	0.538868	0	None	None
ChainingRodShaped	19244	2.19052	0.5	61.0254	6.7863	0	0.84639	0.532564	0	None	None
ChainingRodShaped	17938	2.68554	0.5	-94.3983	26.9001	0	-0.789877	-0.613265	0	None	None
ChainingRodShaped	12632	4.38764	0.5	22.9276	31.3349	0	-0.419759	-0.907636	0	None	None
ChainingRodShaped	17712	2.33919	0.5	-46.1495	47.8643	0	0.56872	-0.822531	0	None	None
ChainingRodShaped	16934	2.43766	0.5	-50.2319	56.4025	0	0.0192628	-0.999814	0	None	None
ChainingRodShaped	17128	2.62608	0.5	-121.101	-62.4406	0	0.972299	0.233741	0	17129	13007
ChainingRodShaped	15530	2.81223	0.5	-47.6862	26.4524	0	-0.033099	-0.999452	0	None	None
ChainingRodShaped	13036	3.59839	0.5	204.847	103.114	0	0.509322	-0.860576	0	13037	13415
ChainingRodShaped	6473	4.89593	0.5	-71.5872	2.8181	0	-0.787124	-0.616795	0	None	None
ChainingRodShaped	6475	4.28622	0.5	-193.736	20.0218	0	-0.221735	-0.975107	0	17738	6474
ChainingRodShaped	18110	2.53861	0.5	-1.67001	-43.4549	0	-0.534003	-0.845482	0	None	None
ChainingRodShaped	11348	4.43591	0.5	-104.954	-23.6965	0	0.877188	-0.480147	0	None	None
ChainingRodShaped	17592	2.43938	0.5	-70.1191	7.91535	0	0.800368	0.599508	0	None	None
ChainingRodShaped	17440	2.55568	0.5	-45.6289	49.8023	0	0.577824	-0.816161	0	None	None
ChainingRodShaped	6485	4.6665	0.5	-20.2978	101.605	0	0.748559	0.663069	0	None	None
ChainingRodShaped	17634	2.42826	0.5	-20.3085	47.031	0	-0.104377	0.994538	0	None	None
ChainingRodShaped	12482	4.56091	0.5	33.6512	37.7884	0	0.202999	-0.979179	0	None	None
ChainingRodShaped	19110	2.20037	0.5	-29.5829	62.2725	0	-0.999222	0.0394372	0	None	None
ChainingRodShaped	6493	4.81845	0.5	-113.796	-9.72528	0	-0.602345	0.798235	0	None	None
ChainingRodShaped	13446	3.94697	0.5	48.2593	-13.4868	0	0.819873	0.572545	0	None	None
ChainingRodShaped	10240	4.56144	0.5	-0.530241	-51.1533	0	0.027554	-0.99962	0	None	None
ChainingRodShaped	16160	2.96696	0.5	-41.4327	-50.2823	0	-0.627368	-0.778723	0	None	None
ChainingRodShaped	11662	4.90684	0.5	12.9726	88.2109	0	-0.779292	-0.626661	0	None	None
ChainingRodShaped	10678	4.13732	0.5	11.5215	21.7709	0	0.307864	-0.95143	0	None	None
ChainingRodShaped	12988	3.95742	0.5	-13.148	172.453	0	-0.18605	0.98254	0	12989	11093
ChainingRodShaped	15832	3.52687	0.5	-102.78	92.3895	0	0.99997	0.0077057	0	None	None
ChainingRodShaped	18670	2.14125	0.5	-14.3502	34.7648	0	0.566247	0.824236	0	None	None
ChainingRodShaped	13482	4.3476	0.5	48.6723	-5.32691	0	-0.438694	-0.898636	0	None	None
ChainingRodShaped	12424	3.16329	0.5	37.5354	57.2346	0	-0.358525	-0.93352	0	None	None
ChainingRodShaped	11090	3.90444	0.5	-5.13744	83.4502	0	0.853319	0.521389	0	None	None
ChainingRodShaped	12070	3.66615	0.5	2.95274	102.598	0	-0.785616	-0.618714	0	None	None
ChainingRodShaped	11262	4.09067	0.5	-66.6595	-44.2425	0	0.268338	0.963325	0	None	None
ChainingRodShaped	11256	4.61387	0.5	-89.3295	41.9368	0	-0.142085	-0.989854	0	None	None
ChainingRodShaped	10106	4.86391	0.5	-73.0545	50.1808	0	-0.00953086	-0.999955	0	None	None
ChainingRodShaped	13330	4.44043	0.5	17.9502	-17.4299	0	0.979218	0.202812	0	None	None
ChainingRodShaped	10920	3.87413	0.5	16.5685	-38.9672	0	0.704604	0.709601	0	None	None
ChainingRodShaped	13436	4.31339	0.5	10.5119	19.3225	0	0.60395	-0.797023	0	None	None
ChainingRodShaped	10932	4.68705	0.5	-71.4298	62.5569	0	-0.554859	-0.831945	0	None	None
ChainingRodShaped	15258	3.64015	0.5	45.0232	-10.1943	0	0.671022	0.741437	0	None	None
ChainingRodShaped	6535	4.95874	0.5	17.3934	4.22061	0	-0.793449	0.608637	0	None	None
ChainingRodShaped	12404	3.19537	0.5	-23.574	93.745	0	-0.293234	0.956041	0	None	None
ChainingRodShaped	14296	4.00585	0.5	-52.445	29.8613	0	0.970376	-0.241599	0	None	None
ChainingRodShaped	19492	2.04391	0.5	-64.2234	15.946	0	0.859503	0.51113	0	None	None
ChainingRodShaped	6543	4.3477	0.5	147.358	155.873	0	0.00959754	0.999954	0	12896	12049
ChainingRodShaped	11478	4.1078	0.5	35.5957	-24.3631	0	0.765746	0.643143	0	None	None
ChainingRodShaped	19610	2.03341	0.5	-33.2979	74.3803	0	0.998025	-0.0628193	0	None	None
ChainingRodShaped	17298	2.5482	0.5	-116.522	37.0211	0	0.99816	0.0606278	0	None	None
ChainingRodShaped	12360	3.43403	0.5	-271.975	-21.2347	0	-0.481508	0.876442	0	12361	12809
ChainingRodShaped	6553	4.54646	0.5	115.124	199.39	0	0.317707	0.948189	0	14200	11497
ChainingRodShaped	18892	2.18733	0.5	-65.5342	174.322	0	0.0552484	0.998473	0	18893	11289
ChainingRodShaped	16930	2.42543	0.5	27.0183	4.09967	0	0.0340253	-0.999421	0	None	None
ChainingRodShaped	11366	4.17254	0.5	-78.0918	94.8619	0	0.829411	0.55864	0	None	None
ChainingRodShaped	16164	3.07388	0.5	-174.733	37.6562	0	0.980784	0.195094	0	16165	13613
ChainingRodShaped	10508	3.6338	0.5	49.4347	80.8717	0	-0.818947	0.57387	0	None	None
ChainingRodShaped	6565	4.45748	0.5	0.844811	203.153	0	0.915568	0.402163	0	11980	13493
ChainingRodShaped	6567	4.69469	0.5	118.115	27.6158	0	0.639328	0.768934	0	12912	15709
ChainingRodShaped	17594	2.83385	0.5	-50.2211	-33.7782	0	-0.756005	-0.654566	0	None	None
ChainingRodShaped	11718	3.95509	0.5	-71.9768	8.43605	0	0.809112	0.587655	0	None	None
ChainingRodShaped	14150	3.97044	0.5	-41.8685	114.845	0	0.166722	-0.986004	0	None	None
ChainingRodShaped	12036	3.32493	0.5	-88.0643	25.7526	0	0.811312	0.584613	0	None	None
ChainingRodShaped	6577	4.77704	0.5	-93.9063	54.2558	0	0.00935151	-0.999956	0	None	None
ChainingRodShaped	6579	4.72852	0.5	-39.6751	-20.3917	0	-0.999936	-0.0113223	0	None	None
ChainingRodShaped	11440	4.19459	0.5	-81.6356	-16.1296	0	0.782856	0.622203	0	None	None
ChainingRodShaped	6583	4.63706	0.5	-73.1242	56.628	0	-0.459094	-0.888387	0	None	None
ChainingRodShaped	15550	2.6553	0.5	37.4185	-20.5425	0	0.778818	0.62725	0	None	None
ChainingRodShaped	13062	4.66664	0.5	-19.2287	-4.93554	0	-0.816636	-0.577153	0	None	None
ChainingRodShaped	11266	3.80055	0.5	18.0113	98.2332	0	0.999949	0.0100847	0	None	None
ChainingRodShaped	11132	4.12289	0.5	107.485	167.332	0	0.103262	-0.994654	0	11133	14609
ChainingRodShaped	14028	4.43066	0.5	26.9611	94.6815	0	0.846218	-0.532837	0	None	None
ChainingRodShaped	13970	2.84129	0.5	-41.6707	77.096	0	0.980109	0.198462	0	None	None
ChainingRodShaped	12850	3.54763	0.5	-46.1015	83.951	0	0.998085	-0.0618601	0	None	None
ChainingRodShaped	10242	4.99807	0.5	-70.404	72.6575	0	0.993538	-0.113503	0	None	None
ChainingRodShaped	10904	4.11537	0.5	-29.82	-19.4367	0	-0.804602	-0.593814	0	None	None
ChainingRodShaped	16404	2.52977	0.5	-75.7078	-70.7351	0	-0.95847	-0.285192	0	16405	6602
ChainingRodShaped	11170	4.92467	0.5	-18.6872	-32.3453	0	-0.473971	0.88054	0	None	None
ChainingRodShaped	11260	3.84007	0.5	2.1622	42.9996	0	0.999624	0.0274178	0	None	None
ChainingRodShaped	11336	3.43545	0.5	-28.7968	102.716	0	0.0584567	0.99829	0	None	None
ChainingRodShaped	18564	2.24465	0.5	-3.33198	67.2399	0	0.415635	0.909531	0	None	None
ChainingRodShaped	10470	3.79012	0.5	22.5186	-38.9539	0	-0.231939	-0.97273	0	None	None
ChainingRodShaped	13064	3.26909	0.5	-21.5928	84.5361	0	0.769611	-0.638513	0	None	None
ChainingRodShaped	12032	4.38527	0.5	-63.2407	7.17064	0	-0.296614	-0.954997	0	None	None
ChainingRodShaped	10386	3.61642	0.5	12.4503	-23.041	0	0.914978	-0.403503	0	None	None
ChainingRodShaped	16532	2.55896	0.5	12.5488	51.6292	0	0.491266	0.87101	0	None	None
ChainingRodShaped	18526	2.45318	0.5	-76.5667	82.0399	0	0.992149	-0.12506	0	None	None
ChainingRodShaped	19688	2.02831	0.5	34.1412	-2.84785	0	0.939511	0.342519	0	None	None
ChainingRodShaped	12708	3.11207	0.5	-43.1879	13.9411	0	-0.849482	-0.527617	0	None	None
ChainingRodShaped	17516	2.73194	0.5	-3.98696	21.8422	0	0.309408	0.950929	0	None	None
ChainingRodShaped	15400	3.58481	0.5	33.0167	-24.619	0	0.946004	0.324154	0	None	None
ChainingRodShaped	14406	3.40433	0.5	136.976	197.619	0	-0.902713	0.430244	0	14407	14999
ChainingRodShaped	10534	4.26111	0.5	60.0103	58.2127	0	-0.128271	-0.991739	0	None	None
ChainingRodShaped	10844	3.81914	0.5	-98.8987	80.7715	0	-0.0288135	-0.999585	0	None	None
ChainingRodShaped	12164	3.04147	0.5	90.2212	10.1574	0	0.912617	0.408815	0	12165	11811
ChainingRodShaped	13384	4.53829	0.5	-50.7335	85.4607	0	0.875296	-0.483587	0	None	None
ChainingRodShaped	14038	3.56515	0.5	70.5867	37.1895	0	0.530268	-0.84783	0	14039	12073
ChainingRodShaped	14016	3.3584	0.5	-33.2468	66.3629	0	-0.982344	-0.187086	0	None	None
ChainingRodShaped	18550	2.42678	0.5	-13.2056	89.2383	0	-0.0690822	0.997611	0	None	None
ChainingRodShaped	10826	3.6629	0.5	23.3519	-30.1118	0	0.333079	-0.942899	0	None	None
ChainingRodShaped	10346	4.27692	0.5	-71.0091	12.639	0	0.841219	0.540695	0	None	None
ChainingRodShaped	12520	3.4225	0.5	223.595	44.5343	0	0.0700112	-0.997546	0	12521	19745
ChainingRodShaped	18880	2.27015	0.5	30.6231	-35.0671	0	0.985636	0.168882	0	None	None
ChainingRodShaped	16262	3.38299	0.5	-53.9119	-19.2508	0	-0.984635	-0.174625	0	None	None
ChainingRodShaped	18646	2.16152	0.5	-16.9118	-20.6475	0	0.63083	0.775921	0	None	None
ChainingRodShaped	16190	2.78748	0.5	97.8071	230.795	0	-0.99734	0.072888	0	16191	16073
ChainingRodShaped	16174	2.66983	0.5	-19.5084	-49.7007	0	0.976652	0.214827	0	None	None
ChainingRodShaped	13788	3.46967	0.5	0.408411	105.896	0	0.99384	0.110827	0	None	None
ChainingRodShaped	10682	4.40156	0.5	25.1513	84.5709	0	0.980317	-0.197431	0	None	None
ChainingRodShaped	19174	2.19692	0.5	18.8632	-8.35853	0	0.966587	0.25634	0	None	None
ChainingRodShaped	16452	2.72611	0.5	-38.096	77.5623	0	-0.999997	-0.0023374	0	None	None
ChainingRodShaped	12766	3.20097	0.5	-103.392	23.238	0	0.473935	-0.88056	0	None	None
ChainingRodShaped	11674	4.96408	0.5	-185.189	-106.226	0	-0.312398	0.949951	0	11675	11265
ChainingRodShaped	11172	4.41408	0.5	-72.7036	-18.0048	0	-0.975336	0.220727	0	None	None
ChainingRodShaped	17796	2.38951	0.5	-80.2256	-16.998	0	-0.771456	-0.636282	0	None	None
ChainingRodShaped	18798	2.20818	0.5	-162.345	-138.067	0	-0.763443	0.645876	0	18799	6680
ChainingRodShaped	12888	4.28404	0.5	-14.3033	38.3183	0	0.588723	0.808335	0	None	None
ChainingRodShaped	11362	4.74967	0.5	-25.9417	-12.3426	0	-0.804156	-0.594418	0	None	None
ChainingRodShaped	13040	3.58764	0.5	-8.16676	54.9801	0	-0.999518	0.0310596	0	None	None
ChainingRodShaped	13570	3.27563	0.5	-82.7218	-33.5971	0	0.384824	-0.92299	0	None	None
ChainingRodShaped	18508	2.19613	0.5	-103.081	82.3416	0	-0.000763765	1	0	None	None
ChainingRodShaped	16354	3.30637	0.5	-87.7954	-44.0288	0	0.854174	-0.519987	0	None	None
ChainingRodShaped	10444	3.57732	0.5	-100.937	45.055	0	-0.98388	-0.17883	0	None	None
ChainingRodShaped	17300	2.48592	0.5	24.3082	-78.5868	0	-0.0398249	0.999207	0	17301	12447
ChainingRodShaped	18756	2.15992	0.5	27.9459	77.7195	0	-0.977988	-0.208663	0	None	None
ChainingRodShaped	16974	2.87799	0.5	-17.3882	-2.7762	0	-0.824291	-0.566166	0	None	None
ChainingRodShaped	11596	4.73546	0.5	-27.0568	-53.5763	0	0.909355	0.416021	0	None	None
ChainingRodShaped	12012	4.35519	0.5	119.156	115.227	0	-0.215748	-0.976449	0	12013	17405
ChainingRodShaped	17990	2.24378	0.5	21.4036	56.0164	0	0.403252	-0.915089	0	None	None
ChainingRodShaped	6709	4.84403	0.5	-88.3424	43.2516	0	-0.0578927	-0.998323	0	None	None
ChainingRodShaped	19602	2.06266	0.5	9.88269	-5.55472	0	-0.951992	-0.306122	0	None	None
ChainingRodShaped	6713	4.8262	0.5	-18.7533	20.1172	0	0.835906	-0.548873	0	None	None
ChainingRodShaped	10494	3.688	0.5	12.6472	63.9405	0	0.476579	0.879132	0	None	None
ChainingRodShaped	6717	4.88155	0.5	78.349	98.098	0	-0.90929	0.416164	0	7074	11647
ChainingRodShaped	18224	2.35694	0.5	-26.7595	100.214	0	0.995386	0.0959491	0	None	None
ChainingRodShaped	12460	3.90912	0.5	-140.688	36.2502	0	0.929702	0.368314	0	12461	12543
ChainingRodShaped	13440	4.52115	0.5	38.8137	10.3005	0	0.431749	-0.901994	0	None	None
ChainingRodShaped	17402	2.58626	0.5	-148.994	133.004	0	0.789736	-0.613446	0	17403	14507
ChainingRodShaped	10214	4.07022	0.5	-20.7125	86.8841	0	0.099956	-0.994992	0	None	None
ChainingRodShaped	6729	4.69331	0.5	-78.1106	139.25	0	0.997338	-0.0729209	0	12758	6728
ChainingRodShaped	11548	3.72911	0.5	-12.5264	28.6917	0	0.747339	0.664443	0	None	None
ChainingRodShaped	16428	2.53014	0.5	-17.6201	42.4399	0	-0.114346	0.993441	0	None	None
ChainingRodShaped	11178	4.25904	0.5	2.16396	45.2062	0	0.998364	0.0571792	0	None	None
ChainingRodShaped	10686	3.59154	0.5	32.2983	14.2249	0	0.22902	0.973422	0	None	None
ChainingRodShaped	13610	2.91776	0.5	-34.9308	34.6715	0	0.992537	-0.121947	0	None	None
ChainingRodShaped	6741	4.4963	0.5	-125.565	175.839	0	-0.994503	-0.104704	0	13500	11423
ChainingRodShaped	19172	2.07472	0.5	21.4652	-26.3687	0	0.441038	-0.897488	0	None	None
ChainingRodShaped	19760	2.00606	0.5	-44.0929	60.6969	0	-0.00692659	-0.999976	0	None	None
ChainingRodShaped	13086	4.56822	0.5	-85.1897	6.07211	0	-0.829022	-0.559216	0	None	None
ChainingRodShaped	12882	3.71688	0.5	-67.3897	1.74275	0	0.255307	0.96686	0	None	None
ChainingRodShaped	6751	4.71141	0.5	-25.3232	-5.07719	0	-0.832547	-0.553955	0	None	None
ChainingRodShaped	14254	4.21127	0.5	-81.0036	-22.1447	0	-0.978361	0.206905	0	None	None
ChainingRodShaped	14432	3.46757	0.5	-90.789	108.159	0	0.301914	0.953335	0	14433	13823
ChainingRodShaped	19500	2.07317	0.5	-37.9264	14.0324	0	0.846224	0.532827	0	None	None
ChainingRodShaped	12078	4.75159	0.5	-146.364	175.894	0	-0.999529	0.030687	0	12079	14217
ChainingRodShaped	18310	2.25918	0.5	-48.5435	127.874	0	-0.977751	0.209769	0	None	None
ChainingRodShaped	14556	3.36576	0.5	121.324	97.5332	0	0.432225	0.901766	0	14557	6762
ChainingRodShaped	14140	4.03721	0.5	0.477437	-13.7408	0	0.997442	0.0714833	0	None	None
ChainingRodShaped	17624	2.44665	0.5	-54.4921	-36.4624	0	0.997455	0.071292	0	None	None
ChainingRodShaped	12250	4.67666	0.5	-77.4162	-29.1403	0	0.347418	-0.93771	0	None	None
ChainingRodShaped	16108	2.74413	0.5	-4.31711	12.0657	0	-0.946504	-0.322693	0	None	None
ChainingRodShaped	13470	4.34678	0.5	15.578	3.02731	0	-0.77484	0.632157	0	None	None
ChainingRodShaped	15982	2.77509	0.5	-51.1341	83.2196	0	0.884859	-0.46586	0	None	None
ChainingRodShaped	14800	3.02023	0.5	144.169	48.7921	0	0.544721	0.838618	0	14801	14209
ChainingRodShaped	10778	4.50921	0.5	-118.831	50.7228	0	0.973105	0.230362	0	None	None
ChainingRodShaped	15178	3.0134	0.5	44.3292	41.5127	0	0.298593	-0.954381	0	None	None
ChainingRodShaped	18318	2.4087	0.5	29.3127	-22.0179	0	0.959944	-0.280192	0	None	None
ChainingRodShaped	14440	3.70474	0.5	-48.8735	-12.9312	0	-0.99836	-0.0572555	0	None	None
ChainingRodShaped	6787	4.80415	0.5	107.447	181.076	0	0.344583	0.938756	0	18852	6786
ChainingRodShaped	11072	4.9426	0.5	-69.5221	36.7186	0	0.762121	0.647435	0	None	None
ChainingRodShaped	15860	3.04463	0.5	-26.3357	-7.53755	0	-0.841669	-0.539994	0	None	None
ChainingRodShaped	14326	3.82729	0.5	11.78	70.2728	0	0.928633	0.370999	0	None	None
ChainingRodShaped	11892	4.47474	0.5	11.6441	105.623	0	-0.902875	-0.429903	0	None	None
ChainingRodShaped	10792	3.73451	0.5	-103.676	4.52828	0	-0.151361	0.988479	0	None	None
ChainingRodShaped	13908	4.04548	0.5	-8.6711	66.8625	0	0.266874	0.963731	0	None	None
ChainingRodShaped	10334	4.99748	0.5	-51.0736	-12.324	0	-0.99774	-0.0671863	0	None	None
ChainingRodShaped	18268	2.25019	0.5	-26.8248	119.11	0	0.804371	0.594127	0	None	None
ChainingRodShaped	13168	3.43538	0.5	-42.0615	86.0836	0	0.99315	-0.116847	0	None	None
ChainingRodShaped	11508	4.14764	0.5	-93.4655	80.0851	0	0.996394	0.0848458	0	None	None
ChainingRodShaped	12844	4.79375	0.5	62.1332	-3.54063	0	-0.150035	-0.988681	0	None	None
ChainingRodShaped	13200	3.70566	0.5	-2.64921	1.36534	0	0.985117	-0.171887	0	None	None
ChainingRodShaped	11866	4.05747	0.5	-19.3306	109.8	0	-0.982463	-0.18646	0	None	None
ChainingRodShaped	18132	2.61554	0.5	-6.78229	97.3578	0	0.112905	-0.993606	0	None	None
ChainingRodShaped	18012	2.47721	0.5	-34.6104	-46.0928	0	-0.639818	-0.768527	0	None	None
ChainingRodShaped	11476	4.38884	0.5	163.431	128.23	0	-0.892296	0.451451	0	11477	11999
ChainingRodShaped	11332	4.38073	0.5	-28.4946	13.0663	0	-0.0716553	-0.997429	0	None	None
ChainingRodShaped	15574	3.32728	0.5	-19.3463	-11.262	0	-0.801716	-0.597705	0	15575	13197
ChainingRodShaped	12406	4.08974	0.5	11.3269	-26.1688	0	-0.924157	0.382013	0	None	None
ChainingRodShaped	10942	4.56877	0.5	-102.971	62.6167	0	0.849871	0.526991	0	None	None
ChainingRodShaped	12948	4.51518	0.5	-5.62121	70.0671	0	0.248612	0.968603	0	None	None
ChainingRodShaped	14836	3.5191	0.5	-77.783	-14.0832	0	-0.77788	-0.628412	0	None	None
ChainingRodShaped	18096	2.5583	0.5	65.2192	2.65646	0	-0.906507	-0.422191	0	None	None
ChainingRodShaped	11620	4.16514	0.5	10.7574	39.6934	0	-0.299714	-0.954029	0	None	None
ChainingRodShaped	18956	2.10889	0.5	-53.2845	56.3339	0	-0.0426552	-0.99909	0	None	None
ChainingRodShaped	11966	4.30482	0.5	221.349	59.1635	0	0.218339	-0.975873	0	11967	6838
ChainingRodShaped	13130	3.92884	0.5	-43.6332	48.2418	0	0.58605	-0.810275	0	None	None
ChainingRodShaped	11114	4.4961	0.5	-32.2048	-1.49072	0	-0.130636	-0.99143	0	None	None
ChainingRodShaped	10776	4.68309	0.5	-56.5392	122.962	0	0.455243	-0.890367	0	None	None
ChainingRodShaped	18576	2.24523	0.5	-1.2738	-0.322612	0	0.985475	-0.169822	0	None	None
ChainingRodShaped	6849	4.58991	0.5	52.1853	33.1203	0	0.342258	0.939606	0	None	None
ChainingRodShaped	16552	3.01509	0.5	-11.6469	59.987	0	-0.154184	0.988042	0	None	None
ChainingRodShaped	14794	3.2262	0.5	-194.332	5.11023	0	0.133714	-0.99102	0	14795	16903
ChainingRodShaped	16656	2.97719	0.5	-28.151	-42.9902	0	-0.384324	-0.923198	0	None	None
ChainingRodShaped	12998	4.08434	0.5	-80.6591	-19.6319	0	-0.975427	0.220321	0	None	None
ChainingRodShaped	18272	2.48991	0.5	-40.7892	105.147	0	0.306841	0.951761	0	None	None
ChainingRodShaped	19750	2.01293	0.5	-3.00195	-12.2276	0	0.999935	0.0114225	0	None	None
ChainingRodShaped	11034	4.19111	0.5	-101.308	60.7855	0	0.865267	0.501312	0	None	None
ChainingRodShaped	13028	4.74462	0.5	-40.475	-2.01254	0	-0.291799	-0.95648	0	None	None
ChainingRodShaped	16576	3.05192	0.5	-38.4949	-28.7562	0	0.997583	0.06949	0	None	None
ChainingRodShaped	15640	3.5176	0.5	-84.2072	43.8246	0	0.00238358	-0.999997	0	None	None
ChainingRodShaped	6871	4.62846	0.5	15.9719	68.9979	0	0.98691	-0.161269	0	None	None
ChainingRodShaped	12324	4.6397	0.5	26.7657	125.488	0	-0.156267	0.987715	0	12325	13307
ChainingRodShaped	13198	4.53104	0.5	55.6876	62.9563	0	0.982996	-0.183626	0	None	None
ChainingRodShaped	10924	3.49733	0.5	-64.1694	110.7	0	-0.998865	-0.0476356	0	None	None
ChainingRodShaped	6879	4.82716	0.5	-65.8234	107.942	0	-0.997365	-0.0725508	0	None	None
ChainingRodShaped	6881	4.61279	0.5	-78.7628	42.9577	0	0.0601678	-0.998188	0	None	None
ChainingRodShaped	19336	2.07566	0.5	10.5529	9.23276	0	-0.579227	0.815166	0	None	None
ChainingRodShaped	15922	3.16115	0.5	-10.0396	-36.6598	0	0.88248	0.47035	0	None	None
ChainingRodShaped	10612	4.78013	0.5	-56.4952	20.9446	0	-0.146675	-0.989185	0	None	None
ChainingRodShaped	17010	2.36676	0.5	-77.4915	83.8557	0	0.995318	-0.0966525	0	None	None
ChainingRodShaped	14702	4.11466	0.5	-47.3615	39.75	0	0.586146	-0.810206	0	None	None
ChainingRodShaped	18242	2.34747	0.5	-1.25998	36.6956	0	0.966464	0.256802	0	None	None
ChainingRodShaped	6895	4.80743	0.5	-61.9698	27.4613	0	0.890925	0.45415	0	None	None
ChainingRodShaped	11542	4.85809	0.5	9.96163	-47.8248	0	-0.660946	0.750434	0	None	None
ChainingRodShaped	10432	4.50762	0.5	6.82319	89.076	0	0.736012	0.676969	0	None	None
ChainingRodShaped	11868	4.85343	0.5	208.231	148.02	0	-0.00988683	-0.999951	0	11869	6900
ChainingRodShaped	10860	4.64217	0.5	-31.9235	110.854	0	0.214563	0.97671	0	None	None
ChainingRodShaped	13798	3.27795	0.5	-88.9858	133.83	0	0.479664	0.877452	0	13799	12759
ChainingRodShaped	11098	4.72406	0.5	-108.778	40.9396	0	0.991017	0.133736	0	None	None
ChainingRodShaped	6909	4.24966	0.5	-84.4586	-75.3399	0	-0.789052	-0.614327	0	6602	16223
ChainingRodShaped	11558	3.71622	0.5	8.033	85.9056	0	0.746226	0.665692	0	None	None
ChainingRodShaped	19194	2.14972	0.5	-57.5486	63.43	0	-0.856581	-0.516013	0	None	None
ChainingRodShaped	10662	4.20494	0.5	-114.126	48.2314	0	-0.963557	-0.267503	0	None	None
ChainingRodShaped	12400	3.2029	0.5	32.3197	-30.172	0	-0.953797	0.300451	0	None	None
ChainingRodShaped	14204	4.10422	0.5	-44.8772	107.878	0	0.00400363	-0.999992	0	None	None
ChainingRodShaped	17568	2.42839	0.5	14.1225	-103.644	0	-0.801628	-0.597823	0	17569	12783
ChainingRodShaped	14310	3.33872	0.5	-51.1814	92.9665	0	0.999695	-0.0247077	0	None	None
ChainingRodShaped	11908	4.08516	0.5	52.998	-8.81744	0	0.787844	0.615874	0	None	None
ChainingRodShaped	19440	2.10184	0.5	-63.7044	94.8978	0	0.81056	-0.585656	0	None	None
ChainingRodShaped	6929	4.62823	0.5	-34.9705	21.6428	0	-0.653291	-0.757107	0	None	None
ChainingRodShaped	18718	2.32447	0.5	38.0027	63.4366	0	0.309635	0.950855	0	None	None
ChainingRodShaped	19008	2.12874	0.5	7.96275	-27.4708	0	0.931611	-0.363457	0	None	None
ChainingRodShaped	12754	4.51241	0.5	-59.1183	84.7853	0	0.866785	-0.498683	0	None	None
ChainingRodShaped	11724	3.49668	0.5	-20.8955	5.62427	0	0.62394	0.781472	0	None	None
ChainingRodShaped	15816	2.90351	0.5	101.9	97.8247	0	0.934346	0.356368	0	15817	6938
ChainingRodShaped	6941	4.80535	0.5	-59.3031	92.6052	0	0.782591	-0.622537	0	None	None
ChainingRodShaped	6943	4.95188	0.5	-85.2519	2.06075	0	0.821316	0.570473	0	None	None
ChainingRodShaped	16074	2.95521	0.5	-102.317	16.5824	0	-0.685155	0.728397	0	None	None
ChainingRodShaped	11472	4.75955	0.5	-111.119	80.1426	0	-0.161914	-0.986805	0	None	None
ChainingRodShaped	18248	2.55935	0.5	-89.885	94.4793	0	-0.464671	-0.885484	0	None	None
ChainingRodShaped	13984	3.61814	0.5	-36.5873	95.9778	0	-0.923406	0.383825	0	None	None
ChainingRodShaped	10598	3.49324	0.5	69.9353	26.2084	0	-0.925355	0.379101	0	None	None
ChainingRodShaped	6955	4.8842	0.5	-110.854	-21.4686	0	0.586267	-0.810118	0	11612	15155
ChainingRodShaped	15448	2.7982	0.5	-10.3233	218.351	0	-0.830976	-0.556308	0	15449	13299
ChainingRodShaped	11064	3.69638	0.5	-44.9674	124.299	0	-0.980655	0.195743	0	None	None
ChainingRodShaped	17170	2.37417	0.5	94.8615	44.5858	0	0.558113	0.829765	0	17171	12395
ChainingRodShaped	18848	2.17008	0.5	-26.2263	41.6039	0	0.557165	-0.830402	0	None	None
ChainingRodShaped	17758	2.56872	0.5	-45.1092	12.0432	0	-0.916507	-0.40002	0	None	None
ChainingRodShaped	15694	2.96353	0.5	-175.68	-67.6346	0	0.822719	0.568448	0	15695	15347
ChainingRodShaped	6969	4.83148	0.5	37.3134	-25.2283	0	0.767754	0.640745	0	None	None
ChainingRodShaped	14270	3.21718	0.5	31.0608	-13.1317	0	0.752564	0.65852	0	None	None
ChainingRodShaped	13156	3.97331	0.5	-48.8259	21.4411	0	0.301005	-0.953622	0	None	None
ChainingRodShaped	6975	4.79504	0.5	-38.0242	35.6007	0	0.292958	-0.956125	0	None	None
ChainingRodShaped	10818	3.92916	0.5	-73.4274	-30.2882	0	0.991987	-0.126337	0	None	None
ChainingRodShaped	16534	2.50905	0.5	-57.5026	-7.34776	0	0.997798	-0.0663243	0	None	None
ChainingRodShaped	11196	3.54763	0.5	-69.3755	46.9945	0	-0.0683538	0.997661	0	None	None
ChainingRodShaped	15116	3.13778	0.5	-3.71718	55.9205	0	0.929478	-0.368878	0	None	None
ChainingRodShaped	15010	3.0664	0.5	82.7412	227.889	0	-0.927977	-0.372637	0	15011	16813
ChainingRodShaped	12224	3.05466	0.5	157.379	37.3281	0	-0.762304	0.64722	0	12225	15287
ChainingRodShaped	18060	2.58526	0.5	-92.2057	-15.9774	0	-0.954138	0.299368	0	None	None
ChainingRodShaped	15544	3.18595	0.5	-8.90307	74.4122	0	-0.249289	0.968429	0	None	None
ChainingRodShaped	11994	4.00178	0.5	85.6759	31.4133	0	0.941576	0.336801	0	11995	13871
ChainingRodShaped	10822	4.55882	0.5	-60.1132	-56.5946	0	0.419411	0.907796	0	None	None
ChainingRodShaped	14780	3.61345	0.5	-108.713	85.4284	0	0.397785	0.917479	0	None	None
ChainingRodShaped	13864	4.23583	0.5	29.636	27.8733	0	-0.0551561	0.998478	0	None	None
ChainingRodShaped	12486	4.84535	0.5	40.7886	-11.9809	0	0.72265	0.691215	0	None	None
ChainingRodShaped	18830	2.32918	0.5	-103.701	71.2541	0	0.0185464	-0.999828	0	None	None
ChainingRodShaped	7005	4.71739	0.5	-29.5829	103.266	0	-0.0553875	-0.998465	0	None	None
ChainingRodShaped	7007	4.54828	0.5	20.1363	7.27251	0	-0.0798192	0.996809	0	None	None
ChainingRodShaped	7009	4.4977	0.5	-45.3102	27.1431	0	-0.0418361	-0.999124	0	None	None
ChainingRodShaped	10622	3.71083	0.5	11.5424	-34.193	0	0.658884	0.752244	0	None	None
ChainingRodShaped	7013	4.47186	0.5	148.166	60.7228	0	0.0792335	0.996856	0	14208	13451
ChainingRodShaped	13400	3.24711	0.5	-97.9495	52.1446	0	0.988545	-0.150926	0	None	None
ChainingRodShaped	14064	3.89346	0.5	52.217	22.7103	0	0.689416	0.724365	0	None	None
ChainingRodShaped	11190	4.39102	0.5	-127.32	34.0007	0	-0.993685	-0.112202	0	None	None
ChainingRodShaped	13626	3.86992	0.5	35.5351	83.5326	0	-0.26651	-0.963832	0	None	None
ChainingRodShaped	12126	3.3986	0.5	-9.25259	113.542	0	0.674097	-0.738643	0	None	None
ChainingRodShaped	16194	2.46463	0.5	22.5829	180.291	0	-0.454135	-0.890933	0	16195	7024
ChainingRodShaped	18114	2.61904	0.5	-10.1272	111.798	0	0.683512	-0.72994	0	None	None
ChainingRodShaped	12166	4.23401	0.5	64.8754	6.61825	0	0.924168	0.381986	0	None	None
ChainingRodShaped	11066	3.69513	0.5	22.9001	98.98	0	0.999429	-0.0337857	0	None	None
ChainingRodShaped	7033	4.96865	0.5	2.54552	6.4815	0	-0.702336	-0.711846	0	None	None
ChainingRodShaped	13904	4.51936	0.5	-89.7529	-27.6574	0	0.909286	-0.416172	0	None	None
ChainingRodShaped	15528	3.30989	0.5	37.054	68.1198	0	0.999958	0.0091342	0	None	None
ChainingRodShaped	7039	4.90634	0.5	-93.2244	34.109	0	-0.440008	-0.897994	0	None	None
ChainingRodShaped	13184	2.95757	0.5	13.4834	142.037	0	0.850674	-0.525694	0	13185	14383
ChainingRodShaped	12702	3.61013	0.5	-57.823	-28.6064	0	0.989915	0.141661	0	None	None
ChainingRodShaped	19136	2.14946	0.5	-124.296	11.2449	0	0.4513	-0.892372	0	None	None
ChainingRodShaped	14762	3.90117	0.5	-29.8882	64.5587	0	0.998766	-0.0496689	0	None	None
ChainingRodShaped	10850	3.46428	0.5	58.0885	4.06123	0	0.872944	0.48782	0	None	None
ChainingRodShaped	10720	3.94039	0.5	20.8545	-29.9685	0	0.305518	-0.952186	0	None	None
ChainingRodShaped	16022	3.07445	0.5	10.9628	-54.9689	0	-0.757715	0.652586	0	None	None
ChainingRodShaped	7055	4.45699	0.5	104.078	66.6519	0	0.424353	0.905497	0	9722	7054
ChainingRodShaped	7057	4.668	0.5	58.1764	24.3963	0	0.356098	0.934449	0	None	None
ChainingRodShaped	13282	3.95143	0.5	-98.6415	5.15986	0	0.361694	-0.932297	0	None	None
ChainingRodShaped	12306	3.51733	0.5	-1.22314	39.8714	0	0.926185	0.377069	0	None	None
ChainingRodShaped	18884	2.1541	0.5	11.9416	94.3609	0	0.998443	0.0557743	0	None	None
ChainingRodShaped	13736	3.58208	0.5	-39.6706	-67.9358	0	0.991288	0.13171	0	13737	12267
ChainingRodShaped	18702	2.22811	0.5	-21.8242	5.60526	0	0.616149	0.78763	0	None	None
ChainingRodShaped	19256	2.13254	0.5	-36.6192	-16.2179	0	-0.750885	-0.660433	0	None	None
ChainingRodShaped	16418	2.59819	0.5	9.70461	19.2094	0	0.612041	-0.790826	0	None	None
ChainingRodShaped	10916	4.9082	0.5	26.0086	-12.7314	0	0.98341	-0.181396	0	None	None
ChainingRodShaped	17164	2.52219	0.5	87.6903	95.0844	0	-0.987486	0.157707	0	17165	7074
ChainingRodShaped	11884	4.47123	0.5	-65.5986	55.6251	0	0.745507	0.666498	0	None	None
ChainingRodShaped	11712	4.16268	0.5	-72.018	-2.13828	0	0.919788	0.392416	0	None	None
ChainingRodShaped	13696	2.93756	0.5	-63.3318	91.5068	0	0.804659	-0.593737	0	None	None
ChainingRodShaped	7083	4.93766	0.5	-133.378	111.348	0	-0.557275	0.830328	0	14438	7082
ChainingRodShaped	14716	3.67455	0.5	-37.3576	10.8372	0	0.797021	0.603951	0	None	None
ChainingRodShaped	18088	2.42171	0.5	43.3634	81.3693	0	-0.885283	0.465053	0	None	None
ChainingRodShaped	14252	3.45315	0.5	24.7983	56.9621	0	-0.253826	-0.96725	0	None	None
ChainingRodShaped	14798	2.83516	0.5	-4.29369	58.2706	0	0.930383	-0.366588	0	None	None
ChainingRodShaped	17636	2.79797	0.5	-70.3481	95.0746	0	0.921039	0.38947	0	None	None
ChainingRodShaped	7095	4.51393	0.5	-33.6473	14.3536	0	0.412065	0.911154	0	None	None
ChainingRodShaped	10988	4.19435	0.5	-64.5289	-17.8595	0	0.993842	-0.110806	0	None	None
ChainingRodShaped	11696	4.14173	0.5	49.9273	62.8464	0	0.356637	-0.934243	0	None	None
ChainingRodShaped	14280	4.02693	0.5	-22.7124	23.4418	0	0.832425	-0.554137	0	None	None
ChainingRodShaped	12336	4.32384	0.5	-34.5336	-23.3473	0	0.977098	0.21279	0	None	None
ChainingRodShaped	14544	3.84077	0.5	-35.2157	-64.2822	0	0.968832	-0.247719	0	None	None
ChainingRodShaped	14606	4.00578	0.5	-47.9049	39.3834	0	0.589155	-0.80802	0	None	None
ChainingRodShaped	12154	4.94382	0.5	25.3141	82.1869	0	-0.973984	0.226617	0	None	None
ChainingRodShaped	18688	2.14352	0.5	-98.0538	59.7042	0	0.873797	0.486291	0	None	None
ChainingRodShaped	12618	3.63723	0.5	-55.776	77.74	0	0.927088	-0.374844	0	None	None
ChainingRodShaped	13308	4.43532	0.5	-93.3853	26.6444	0	-0.796005	-0.60529	0	None	None
ChainingRodShaped	7117	4.86608	0.5	-118.7	61.2562	0	-0.512222	-0.858853	0	None	None
ChainingRodShaped	11320	4.74684	0.5	-100.431	50.0035	0	0.983132	-0.182896	0	None	None
ChainingRodShaped	11094	4.36157	0.5	-74.1756	87.7097	0	0.99505	-0.0993726	0	None	None
ChainingRodShaped	7123	4.10621	0.5	31.2586	117.268	0	0.309235	-0.950986	0	5918	18913
ChainingRodShaped	11282	4.88968	0.5	-51.2969	-19.5512	0	-0.989015	-0.147814	0	None	None
ChainingRodShaped	12640	4.2955	0.5	42.0136	31.4579	0	0.561741	-0.827313	0	None	None
ChainingRodShaped	15754	2.67511	0.5	3.70061	64.7025	0	-0.521572	-0.853207	0	None	None
ChainingRodShaped	14480	3.87948	0.5	52.8369	-6.68437	0	0.783503	0.621388	0	None	None
ChainingRodShaped	15304	3.8026	0.5	18.2924	99.038	0	0.9998	0.0200228	0	None	None
ChainingRodShaped	11806	4.43989	0.5	63.1511	14.0325	0	-0.487258	-0.873258	0	None	None
ChainingRodShaped	11944	4.3727	0.5	-50.6905	70.5806	0	-0.953031	-0.302872	0	None	None
ChainingRodShaped	7139	4.61645	0.5	-69.9213	32.4681	0	0.85512	0.518431	0	None	None
ChainingRodShaped	15418	2.88544	0.5	-40.5781	26.4062	0	0.314973	-0.949101	0	None	None
ChainingRodShaped	15610	2.70659	0.5	-12.593	0.236329	0	0.93295	-0.360006	0	None	None
ChainingRodShaped	13818	3.05935	0.5	-114.993	12.6971	0	-0.65282	0.757513	0	None	None
ChainingRodShaped	17080	2.64342	0.5	38.1307	53.9732	0	-0.999916	-0.0129715	0	None	None
ChainingRodShaped	14358	4.28227	0.5	-35.215	8.11078	0	0.159137	0.987256	0	None	None
ChainingRodShaped	12664	3.17062	0.5	13.7229	78.35	0	-0.998679	-0.0513759	0	None	None
ChainingRodShaped	19658	2.02871	0.5	65.7062	32.2258	0	0.260459	-0.965485	0	None	None
ChainingRodShaped	19394	2.0802	0.5	-77.7032	12.1252	0	0.831933	0.554877	0	None	None
ChainingRodShaped	19652	2.01756	0.5	-116.843	49.3833	0	0.971003	0.239068	0	None	None
ChainingRodShaped	12104	4.84883	0.5	-92.0289	-32.7789	0	0.808383	0.588657	0	None	None
ChainingRodShaped	12034	4.84895	0.5	-17.6586	55.3117	0	-0.144971	0.989436	0	None	None
ChainingRodShaped	11928	3.42152	0.5	-53.8694	21.5168	0	-0.152221	-0.988346	0	None	None
ChainingRodShaped	12836	3.88777	0.5	-28.4632	88.9102	0	0.998636	-0.0522203	0	None	None
ChainingRodShaped	17110	2.7737	0.5	37.7814	53.1605	0	-0.99974	-0.0228096	0	None	None
ChainingRodShaped	19506	2.09027	0.5	59.9876	46.6944	0	-0.927312	-0.374289	0	None	None
ChainingRodShaped	11278	4.08327	0.5	23.2839	4.6937	0	-0.00374179	0.999993	0	None	None
ChainingRodShaped	16332	2.60774	0.5	185.296	3.05331	0	-0.943395	0.331671	0	16333	13035
ChainingRodShaped	17152	2.85518	0.5	-82.9755	31.8471	0	-0.858954	-0.512052	0	None	None
ChainingRodShaped	18596	2.12301	0.5	115.451	86.5641	0	0.507478	0.861665	0	18597	7176
ChainingRodShaped	17306	2.85377	0.5	-106.716	43.0227	0	0.989827	0.142277	0	None	None
ChainingRodShaped	11534	3.93407	0.5	-39.9808	13.5868	0	0.84443	0.535666	0	None	None
ChainingRodShaped	11996	4.68944	0.5	49.4882	-22.3216	0	0.608155	0.793818	0	None	None
ChainingRodShaped	18388	2.26008	0.5	-72.8671	21.8385	0	0.894008	0.448051	0	None	None
ChainingRodShaped	13024	4.61716	0.5	-89.049	58.8645	0	-0.131768	-0.991281	0	None	None
ChainingRodShaped	12804	4.10821	0.5	-15.2349	-30.0351	0	-0.429498	0.903068	0	None	None
ChainingRodShaped	14058	3.98366	0.5	36.2063	-18.3413	0	-0.759591	-0.650401	0	None	None
ChainingRodShaped	10948	3.86753	0.5	17.8179	77.383	0	-0.980111	0.198451	0	None	None
ChainingRodShaped	16674	2.41859	0.5	14.926	-1.27092	0	-0.80272	0.596356	0	None	None
ChainingRodShaped	16692	2.79856	0.5	-41.1056	26.1039	0	0.305515	-0.952187	0	None	None
ChainingRodShaped	7199	4.95785	0.5	22.1191	-45.2475	0	0.958059	0.286571	0	None	None
ChainingRodShaped	14146	3.55358	0.5	42.2369	96.9654	0	-0.594843	0.803842	0	14147	15441
ChainingRodShaped	13202	4.17863	0.5	33.6701	42.9612	0	0.98158	-0.19105	0	None	None
ChainingRodShaped	12296	3.31008	0.5	-100.237	93.7214	0	0.97114	0.238511	0	None	None
ChainingRodShaped	17406	2.4841	0.5	54.6214	14.9848	0	-0.684183	-0.729311	0	None	None
ChainingRodShaped	19220	2.09268	0.5	47.7782	-29.0708	0	-0.626474	-0.779443	0	19221	7208
ChainingRodShaped	15232	3.44441	0.5	-14.108	-36.1043	0	0.867928	0.496689	0	None	None
ChainingRodShaped	18568	2.41005	0.5	26.3622	81.1029	0	-0.975969	0.21791	0	None	None
ChainingRodShaped	19736	2.00695	0.5	-7.31346	22.4547	0	0.716902	0.697174	0	None	None
ChainingRodShaped	18216	2.26103	0.5	173.298	11.7221	0	-0.609244	0.792983	0	18217	13641
ChainingRodShaped	11522	4.55605	0.5	-97.3954	-5.11417	0	0.487675	-0.873025	0	None	None
ChainingRodShaped	13164	4.35596	0.5	-49.8159	-57.3431	0	-0.582437	-0.812876	0	None	None
ChainingRodShaped	19614	2.02861	0.5	-119.504	5.85427	0	-0.463605	0.886042	0	19615	12861
ChainingRodShaped	17350	2.44487	0.5	43.6809	-1.66151	0	0.96289	0.269892	0	None	None
ChainingRodShaped	14130	2.75463	0.5	-182.183	100.127	0	0.695847	-0.71819	0	14131	12285
ChainingRodShaped	11456	3.58573	0.5	26.8342	61.3121	0	0.998296	-0.0583475	0	None	None
ChainingRodShaped	18980	2.1773	0.5	140.286	-41.1323	0	0.763635	-0.645648	0	18981	7230
ChainingRodShaped	18178	2.47167	0.5	52.5027	27.2323	0	0.426408	0.904531	0	None	None
ChainingRodShaped	18026	2.66098	0.5	-13.6578	47.308	0	0.905803	0.423698	0	None	None
ChainingRodShaped	18870	2.17173	0.5	-97.5243	1.51772	0	-0.517623	0.855609	0	None	None
ChainingRodShaped	15600	3.20453	0.5	53.864	4.04147	0	-0.922538	-0.385906	0	15601	12479
ChainingRodShaped	17104	2.56334	0.5	-38.4897	-56.1824	0	0.930454	0.36641	0	None	None
ChainingRodShaped	13724	3.61879	0.5	-98.6142	-48.3568	0	0.320914	-0.947108	0	13725	17503
ChainingRodShaped	15218	2.73134	0.5	40.5593	26.3271	0	0.507804	-0.861473	0	None	None
ChainingRodShaped	16712	2.62883	0.5	-17.74	119.888	0	0.896811	-0.442415	0	None	None
ChainingRodShaped	13806	4.4611	0.5	14.9698	39.8296	0	0.190432	0.9817	0	None	None
ChainingRodShaped	12226	4.80721	0.5	-52.1545	-55.7667	0	0.594814	0.803863	0	None	None
ChainingRodShaped	13632	3.46322	0.5	22.9578	77.0622	0	-0.97819	0.207714	0	None	None
ChainingRodShaped	13678	4.53776	0.5	-17.782	84.007	0	0.2802	-0.959942	0	None	None
ChainingRodShaped	7257	4.58177	0.5	-83.2848	16.2645	0	0.868009	0.496548	0	None	None
ChainingRodShaped	11008	3.83869	0.5	-51.1956	-48.45	0	0.643817	0.765179	0	None	None
ChainingRodShaped	12806	3.67299	0.5	9.84413	89.3117	0	0.824821	0.565394	0	None	None
ChainingRodShaped	13714	3.48162	0.5	-3.03045	33.2168	0	0.921121	0.389277	0	None	None
ChainingRodShaped	7265	4.64836	0.5	-77.6871	71.1657	0	-0.983173	0.182676	0	None	None
ChainingRodShaped	14686	3.09228	0.5	118.789	119.099	0	0.0807394	0.996735	0	14687	7266
ChainingRodShaped	18086	2.37735	0.5	-102.815	72.2861	0	-0.0208393	0.999783	0	None	None
ChainingRodShaped	16442	2.78067	0.5	37.6445	26.6471	0	0.460969	-0.887416	0	None	None
ChainingRodShaped	12666	4.27095	0.5	34.3408	57.9459	0	-0.315176	-0.949033	0	None	None
ChainingRodShaped	18116	2.23447	0.5	-89.0988	-28.8978	0	0.91342	-0.407019	0	None	None
ChainingRodShaped	12810	3.15776	0.5	-131.465	-153.639	0	-0.989843	0.142168	0	12811	14057
ChainingRodShaped	11556	4.72024	0.5	7.66236	110.167	0	0.990994	-0.133904	0	None	None
ChainingRodShaped	19446	2.10992	0.5	-116.261	-9.53672	0	-0.59233	0.805696	0	None	None
ChainingRodShaped	17442	2.44717	0.5	-26.151	5.27849	0	0.122169	-0.992509	0	None	None
ChainingRodShaped	14010	4.37347	0.5	9.66414	-52.6528	0	-0.765443	0.643504	0	None	None
ChainingRodShaped	13498	3.30731	0.5	28.845	28.7127	0	-0.045982	0.998942	0	None	None
ChainingRodShaped	14404	3.86314	0.5	10.8584	-37.5214	0	0.672838	0.73979	0	None	None
ChainingRodShaped	12964	4.34875	0.5	64.7568	38.7848	0	-0.979973	0.199128	0	None	None
ChainingRodShaped	11232	3.58936	0.5	-97.5251	24.6374	0	0.605683	-0.795706	0	None	None
ChainingRodShaped	12136	3.55161	0.5	-37.349	-5.11424	0	0.226684	0.973968	0	None	None
ChainingRodShaped	15858	2.73591	0.5	65.9457	16.4246	0	-0.738654	-0.674084	0	None	None
ChainingRodShaped	17940	2.28455	0.5	-66.1012	5.40429	0	-0.312587	-0.949889	0	None	None
ChainingRodShaped	13398	3.52015	0.5	-187.264	-88.0593	0	0.124621	0.992204	0	13399	12373
ChainingRodShaped	7303	4.89544	0.5	-114.377	-151.541	0	-0.92853	-0.371257	0	9228	14955
ChainingRodShaped	13294	3.7882	0.5	-299.083	35.5035	0	-0.518335	0.855178	0	13295	17255
ChainingRodShaped	13020	3.65966	0.5	-3.80894	64.2238	0	0.425841	0.904798	0	None	None
ChainingRodShaped	7309	4.42296	0.5	95.7568	40.7109	0	0.515538	0.856867	0	13870	12369
ChainingRodShaped	16822	2.72516	0.5	-0.812649	-27.5072	0	0.916265	-0.400572	0	None	None
ChainingRodShaped	17554	2.75001	0.5	-13.311	46.7016	0	0.901441	0.432902	0	None	None
ChainingRodShaped	7315	4.47168	0.5	22.1757	197.616	0	0.540396	-0.841411	0	9226	13321
ChainingRodShaped	13774	3.79044	0.5	-3.75092	-22.125	0	0.886711	-0.462325	0	None	None
ChainingRodShaped	16216	2.94964	0.5	-134.289	-63.3429	0	0.999408	-0.0344107	0	16217	7318
ChainingRodShaped	13856	4.23437	0.5	-81.1633	-44.1064	0	0.756197	-0.654343	0	None	None
ChainingRodShaped	7323	4.76027	0.5	-32.0072	-32.0198	0	-0.783946	-0.62083	0	None	None
ChainingRodShaped	12468	4.75501	0.5	-52.4955	-14.0151	0	-0.996203	-0.0870647	0	None	None
ChainingRodShaped	11500	4.67335	0.5	-27.8174	-47.8917	0	0.978097	0.20815	0	None	None
ChainingRodShaped	7329	4.53195	0.5	-86.7515	63.6026	0	-0.421298	-0.906922	0	None	None
ChainingRodShaped	12892	4.81251	0.5	-3.1081	55.119	0	0.933233	-0.359271	0	None	None
ChainingRodShaped	17012	2.40332	0.5	-55.4508	4.8026	0	0.062755	-0.998029	0	None	None
ChainingRodShaped	11454	3.43849	0.5	-22.7326	-32.4112	0	0.500449	-0.865766	0	None	None
ChainingRodShaped	13854	3.78454	0.5	-7.36131	-36.3959	0	0.802574	0.596553	0	None	None
ChainingRodShaped	12536	4.72255	0.5	-51.9415	40.0995	0	0.65031	-0.759669	0	None	None
ChainingRodShaped	11814	3.8993	0.5	14.6784	-17.1243	0	0.999024	0.0441818	0	None	None
ChainingRodShaped	11410	3.63056	0.5	-24.5156	-1.07093	0	-0.788622	-0.614878	0	None	None
ChainingRodShaped	7345	3.89543	0.5	148.331	170.458	0	0.0643455	0.997928	0	12048	7344
ChainingRodShaped	12768	3.66347	0.5	117.243	132.093	0	-0.294429	0.955673	0	12769	14037
ChainingRodShaped	19478	2.06134	0.5	-46.2543	19.6647	0	0.272723	-0.962092	0	None	None
ChainingRodShaped	14424	3.0275	0.5	-81.6991	70.3419	0	-0.978323	0.207087	0	None	None
ChainingRodShaped	19016	2.17818	0.5	-57.6164	108.276	0	-0.879736	-0.475462	0	None	None
ChainingRodShaped	17660	2.66754	0.5	-120.626	56.306	0	-0.535841	-0.844319	0	None	None
ChainingRodShaped	13760	3.78678	0.5	-49.7205	118.029	0	0.429064	-0.903274	0	None	None
ChainingRodShaped	11654	3.29457	0.5	-98.1654	-29.8025	0	0.494381	-0.869246	0	None	None
ChainingRodShaped	14872	2.96858	0.5	-31.5552	-56.3806	0	0.928528	0.371262	0	None	None
ChainingRodShaped	13526	3.62602	0.5	60.3062	70.382	0	0.394651	-0.918831	0	13527	14577
ChainingRodShaped	14588	4.15495	0.5	50.9	50.3785	0	-0.999833	-0.0182618	0	None	None
ChainingRodShaped	7367	4.47892	0.5	-14.2588	117.161	0	0.768929	-0.639334	0	None	None
ChainingRodShaped	15426	3.15602	0.5	0.000234325	-58.6494	0	0.983064	0.183263	0	15427	7368
ChainingRodShaped	15130	2.83207	0.5	-2.38553	80.8148	0	0.858586	0.512669	0	None	None
ChainingRodShaped	16998	2.61698	0.5	38.9762	47.9224	0	0.744754	-0.667339	0	None	None
ChainingRodShaped	13050	3.42719	0.5	-124.987	-11.5383	0	-0.960582	0.277996	0	13051	16369
ChainingRodShaped	14858	4.00447	0.5	-21.5976	41.605	0	-0.0420259	0.999117	0	None	None
ChainingRodShaped	13420	2.94146	0.5	-52.547	5.71379	0	0.0782422	-0.996934	0	None	None
ChainingRodShaped	17520	2.50885	0.5	-80.3444	78.703	0	0.974486	-0.224447	0	None	None
ChainingRodShaped	14042	3.05291	0.5	-36.6497	125.701	0	-0.865203	0.501421	0	None	None
ChainingRodShaped	18878	2.22722	0.5	31.7851	2.33747	0	-0.938547	-0.345152	0	None	None
ChainingRodShaped	12762	3.10914	0.5	-44.4986	-20.4466	0	-0.990081	-0.140498	0	None	None
ChainingRodShaped	11824	4.1847	0.5	-98.0372	35.2978	0	-0.668854	-0.743394	0	None	None
ChainingRodShaped	11370	4.89	0.5	-84.2929	19.2441	0	0.847592	0.530648	0	None	None
ChainingRodShaped	11828	3.67249	0.5	25.5916	53.5031	0	-0.272666	-0.962109	0	None	None
ChainingRodShaped	13948	3.0421	0.5	61.3639	-13.8744	0	0.644487	0.764615	0	13949	7394
ChainingRodShaped	12952	4.1936	0.5	7.70225	49.8031	0	0.355763	0.934576	0	None	None
ChainingRodShaped	18182	2.24757	0.5	-0.0472805	-16.8835	0	0.864559	-0.502532	0	None	None
ChainingRodShaped	7401	4.50827	0.5	-87.9346	48.6854	0	0.012069	-0.999927	0	None	None
ChainingRodShaped	15602	2.68075	0.5	-69.7193	94.0422	0	0.986651	0.162847	0	None	None
ChainingRodShaped	13710	4.62743	0.5	-102.265	82.0541	0	-0.0108437	0.999941	0	None	None
ChainingRodShaped	14828	3.56243	0.5	-24.2557	-31.263	0	0.422324	-0.906445	0	None	None
ChainingRodShaped	11328	4.54434	0.5	-58.9881	49.448	0	0.815922	0.578163	0	None	None
ChainingRodShaped	12738	4.90341	0.5	-49.5138	47.333	0	0.553355	-0.832946	0	None	None
ChainingRodShaped	7413	4.78909	0.5	-92.1368	25.5955	0	-0.794265	-0.607571	0	None	None
ChainingRodShaped	16916	2.81285	0.5	127.447	-34.6281	0	0.958197	-0.286109	0	16917	12605
ChainingRodShaped	7417	4.49575	0.5	-41.5523	-11.8912	0	-0.355557	0.934655	0	None	None
ChainingRodShaped	11462	3.47984	0.5	-64.1803	84.1229	0	0.8257	-0.56411	0	None	None
ChainingRodShaped	15636	3.42237	0.5	3.3445	41.4946	0	0.999679	0.025354	0	None	None
ChainingRodShaped	14210	3.42424	0.5	-49.9959	110.408	0	0.448868	-0.893598	0	None	None
ChainingRodShaped	7425	4.86349	0.5	-29.8373	-5.70822	0	0.594038	-0.804437	0	None	None
ChainingRodShaped	11280	4.23293	0.5	-24.0818	21.2691	0	0.844859	-0.534989	0	None	None
ChainingRodShaped	18184	2.51102	0.5	-89.4771	91.1809	0	-0.413357	-0.910569	0	None	None
ChainingRodShaped	13782	3.01808	0.5	-2.47946	90.9431	0	0.495359	0.868688	0	None	None
ChainingRodShaped	12742	4.67814	0.5	-87.7892	-5.2609	0	-0.668054	-0.744112	0	None	None
ChainingRodShaped	15678	3.05593	0.5	44.758	5.13853	0	0.998135	-0.0610495	0	None	None
ChainingRodShaped	7437	4.45932	0.5	-45.5642	72.8146	0	-0.956661	-0.291205	0	None	None
ChainingRodShaped	7439	4.75735	0.5	8.82507	-42.9043	0	0.70197	0.712206	0	None	None
ChainingRodShaped	13154	4.8032	0.5	-60.7842	52.246	0	0.715645	0.698464	0	None	None
ChainingRodShaped	11302	4.82969	0.5	-20.7493	10.6982	0	0.780063	0.625701	0	None	None
ChainingRodShaped	17730	2.26584	0.5	73.305	101.944	0	0.840492	-0.541824	0	17731	16837
ChainingRodShaped	14516	3.81059	0.5	22.3173	31.6303	0	-0.428945	-0.903331	0	None	None
ChainingRodShaped	12958	3.45636	0.5	-140.149	-13.8854	0	-0.862061	-0.506805	0	12959	7448
ChainingRodShaped	17744	2.34983	0.5	-0.830352	103.971	0	-0.992537	-0.121946	0	None	None
ChainingRodShaped	14164	3.00491	0.5	-27.3259	49.9853	0	0.806202	0.59164	0	None	None
ChainingRodShaped	16628	2.45012	0.5	-63.0584	43.6341	0	0.0094677	0.999955	0	None	None
ChainingRodShaped	13664	2.98068	0.5	134.5	38.3354	0	0.748369	0.663283	0	13665	7456
ChainingRodShaped	11704	4.88222	0.5	1.69747	76.6067	0	0.137565	0.990493	0	None	None
ChainingRodShaped	19696	2.01727	0.5	-10.0029	115.851	0	0.625898	-0.779905	0	None	None
ChainingRodShaped	15224	3.41838	0.5	-9.72977	-30.5072	0	-0.999823	0.0187945	0	None	None
ChainingRodShaped	12254	4.84012	0.5	-57.1169	42.843	0	-0.0247608	0.999693	0	None	None
ChainingRodShaped	7467	4.46417	0.5	2.81091	68.1096	0	0.491351	0.870962	0	None	None
ChainingRodShaped	7469	4.87838	0.5	70.0083	18.1689	0	-0.685075	-0.728473	0	None	None
ChainingRodShaped	17996	2.28942	0.5	-81.5852	83.3985	0	-0.998498	0.0547915	0	None	None
ChainingRodShaped	16588	3.07532	0.5	50.556	74.6112	0	-0.822157	0.569261	0	None	None
ChainingRodShaped	7475	4.8658	0.5	-47.1457	40.549	0	0.58831	-0.808635	0	None	None
ChainingRodShaped	14912	2.79367	0.5	4.67197	-39.2218	0	-0.588574	-0.808443	0	None	None
ChainingRodShaped	12010	4.65426	0.5	-46.5956	88.356	0	0.998646	-0.0520245	0	None	None
ChainingRodShaped	18540	2.29352	0.5	-9.09933	78.1831	0	-0.286804	0.957989	0	None	None
ChainingRodShaped	12476	4.90833	0.5	-1.9495	76.8195	0	0.0278902	0.999611	0	None	None
ChainingRodShaped	11598	3.37632	0.5	24.9417	25.7955	0	0.832017	0.55475	0	None	None
ChainingRodShaped	13466	3.19262	0.5	-113.191	-16.6176	0	0.540333	-0.841451	0	None	None
ChainingRodShaped	15666	3.39169	0.5	62.9841	50.7794	0	0.206357	-0.978477	0	None	None
ChainingRodShaped	15536	3.19364	0.5	-105.929	22.8994	0	-0.470752	0.882265	0	None	None
ChainingRodShaped	11740	3.29526	0.5	-36.149	42.3089	0	-0.541246	0.840864	0	None	None
ChainingRodShaped	14384	2.91918	0.5	40.4525	-38.8838	0	-0.513427	-0.858133	0	14385	14701
ChainingRodShaped	11800	3.99557	0.5	-10.4212	43.2233	0	0.88051	0.474028	0	None	None
ChainingRodShaped	12830	3.81778	0.5	-86.5059	13.2759	0	0.846302	0.532704	0	None	None
ChainingRodShaped	7501	4.67446	0.5	48.5723	52.0505	0	-0.999381	-0.0351857	0	None	None
ChainingRodShaped	14706	3.38271	0.5	-74.8499	-5.27041	0	-0.819068	0.573696	0	None	None
ChainingRodShaped	19468	2.10475	0.5	-110.155	89.0925	0	0.724107	-0.689687	0	None	None
ChainingRodShaped	11736	4.3238	0.5	-48.9561	8.52997	0	0.13813	-0.990414	0	None	None
ChainingRodShaped	17612	2.32241	0.5	-129.126	29.8518	0	0.87595	0.482402	0	None	None
ChainingRodShaped	11764	3.97715	0.5	-35.4536	42.4801	0	-0.532958	0.846142	0	None	None
ChainingRodShaped	16910	2.93464	0.5	-36.4938	-16.8368	0	-0.757478	-0.652861	0	None	None
ChainingRodShaped	12310	3.28475	0.5	47.4643	57.0066	0	0.905272	-0.424833	0	None	None
ChainingRodShaped	19476	2.07902	0.5	-114.506	6.74223	0	-0.169829	0.985474	0	None	None
ChainingRodShaped	13138	3.53725	0.5	149.868	141.643	0	-0.401927	0.915672	0	13139	12897
ChainingRodShaped	16118	2.80535	0.5	15.9947	224.161	0	-0.99377	0.11145	0	16119	12833
ChainingRodShaped	19544	2.04789	0.5	-95.4155	-21.9201	0	0.951326	-0.308186	0	None	None
ChainingRodShaped	7525	4.01502	0.5	-124.767	101.425	0	-0.757491	0.652846	0	14584	14439
ChainingRodShaped	18752	2.19379	0.5	-48.3247	-64.9372	0	-0.999957	-0.0093177	0	None	None
ChainingRodShaped	15222	3.75791	0.5	49.429	57.9165	0	0.863535	-0.504289	0	None	None
ChainingRodShaped	7531	4.44351	0.5	-16.6273	5.2696	0	0.52652	-0.850163	0	None	None
ChainingRodShaped	13980	4.25379	0.5	-6.10765	-0.125692	0	0.979848	-0.199744	0	None	None
ChainingRodShaped	11572	3.9623	0.5	-42.3396	103.3	0	0.307979	0.951393	0	None	None
ChainingRodShaped	7537	4.96949	0.5	38.8557	-122.339	0	-0.963918	0.266199	0	7716	12901
ChainingRodShaped	7539	4.88902	0.5	-68.3341	78.8987	0	0.987629	-0.156807	0	None	None
ChainingRodShaped	18394	2.42113	0.5	16.4052	85.7526	0	0.746286	0.665626	0	None	None
ChainingRodShaped	12972	3.29664	0.5	59.7563	73.8779	0	-0.457453	0.889234	0	12973	7542
ChainingRodShaped	12750	4.55531	0.5	-69.247	73.2874	0	0.992356	-0.12341	0	None	None
ChainingRodShaped	18288	2.44217	0.5	22.0793	58.4502	0	0.399495	-0.916735	0	None	None
ChainingRodShaped	7549	4.86912	0.5	-139.291	120.479	0	-0.547916	0.836534	0	7082	16359
ChainingRodShaped	11854	3.77423	0.5	21.3431	-10.1322	0	0.972381	0.233401	0	None	None
ChainingRodShaped	15976	3.17002	0.5	-71.1917	21.7723	0	0.898361	0.439258	0	None	None
ChainingRodShaped	18598	2.30091	0.5	-36.8175	22.0373	0	0.999908	-0.0135517	0	None	None
ChainingRodShaped	16410	2.50403	0.5	-40.1925	27.1121	0	0.324083	-0.946029	0	None	None
ChainingRodShaped	15564	3.23767	0.5	-119.125	51.5612	0	0.970864	0.239632	0	None	None
ChainingRodShaped	7561	4.33771	0.5	-66.4495	94.7498	0	0.805109	-0.593127	0	None	None
ChainingRodShaped	17518	2.85226	0.5	-28.4382	70.1642	0	-0.98941	0.145151	0	None	None
ChainingRodShaped	12914	3.69482	0.5	50.6837	8.20449	0	-0.976118	-0.21724	0	None	None
ChainingRodShaped	12530	3.25544	0.5	-97.4148	17.558	0	0.213894	-0.976857	0	None	None
ChainingRodShaped	16918	2.98324	0.5	5.90315	95.8761	0	0.998776	0.0494699	0	None	None
ChainingRodShaped	12196	3.70066	0.5	-117.31	44.8125	0	-0.96028	-0.279039	0	None	None
ChainingRodShaped	12470	4.49972	0.5	-111.824	54.0976	0	0.981977	0.189002	0	None	None
ChainingRodShaped	11578	3.9108	0.5	-94.9383	96.8668	0	-0.89769	-0.440627	0	None	None
ChainingRodShaped	12678	4.62623	0.5	-39.2141	-39.6273	0	0.752124	0.659021	0	None	None
ChainingRodShaped	18690	2.27324	0.5	-86.0943	-12.2646	0	0.352372	0.93586	0	None	None
ChainingRodShaped	17590	2.5207	0.5	69.5368	221.956	0	-0.921038	-0.389472	0	17591	13993
ChainingRodShaped	12282	3.20809	0.5	64.7268	51.4177	0	0.219719	-0.975563	0	None	None
ChainingRodShaped	17872	2.41964	0.5	-36.2767	-57.3085	0	0.926356	0.376649	0	None	None
ChainingRodShaped	12532	4.61813	0.5	-121.875	18.1005	0	-0.957026	0.290002	0	None	None
ChainingRodShaped	18064	2.18136	0.5	-128.602	17.0922	0	-0.836642	0.547749	0	18065	16083
ChainingRodShaped	16892	3.10939	0.5	-21.1543	-41.3675	0	0.980033	0.198836	0	None	None
ChainingRodShaped	11850	3.47962	0.5	-68.8223	79.7623	0	0.989135	-0.147007	0	None	None
ChainingRodShaped	13148	3.93385	0.5	-89.4623	107.408	0	-0.576564	-0.817052	0	None	None
ChainingRodShaped	17226	2.78403	0.5	49.4825	81.9369	0	0.813157	-0.582045	0	None	None
ChainingRodShaped	7599	4.26472	0.5	101.518	57.722	0	-0.328106	-0.944641	0	14426	17077
ChainingRodShaped	7601	4.25213	0.5	20.1223	139.701	0	0.623749	-0.781625	0	9324	7600
ChainingRodShaped	11932	4.50357	0.5	-62.3532	119.665	0	0.651135	-0.758962	0	None	None
ChainingRodShaped	16680	2.94356	0.5	4.36487	79.1698	0	0.167146	0.985932	0	None	None
ChainingRodShaped	15598	3.09941	0.5	-37.6999	32.0899	0	0.328842	-0.944385	0	None	None
ChainingRodShaped	12980	3.96388	0.5	-11.8526	-36.6746	0	0.877735	0.479146	0	None	None
ChainingRodShaped	16080	3.45271	0.5	5.97967	89.3152	0	0.729161	0.684342	0	None	None
ChainingRodShaped	7613	4.95947	0.5	-68.1981	-16.5857	0	-0.992692	0.120672	0	None	None
ChainingRodShaped	17178	2.89108	0.5	-60.2458	16.3379	0	-0.159718	-0.987163	0	None	None
ChainingRodShaped	18692	2.26175	0.5	-84.5254	-66.3339	0	0.91467	-0.404201	0	18693	7616
ChainingRodShaped	13860	3.85934	0.5	-48.5911	-5.21748	0	0.822898	-0.56819	0	None	None
ChainingRodShaped	18686	2.31645	0.5	39.6352	-42.7017	0	0.352294	0.935889	0	18687	13593
ChainingRodShaped	7623	4.70642	0.5	-101.037	69.9776	0	-0.0408013	0.999167	0	None	None
ChainingRodShaped	14692	3.26629	0.5	-91.6258	78.2084	0	0.980045	-0.198774	0	None	None
ChainingRodShaped	15888	3.42882	0.5	-8.45433	-54.4789	0	-0.720209	-0.693758	0	None	None
ChainingRodShaped	7629	4.71713	0.5	-94.5351	58.2357	0	0.697729	0.716362	0	None	None
ChainingRodShaped	13748	4.17756	0.5	-55.7385	-45.2829	0	-0.360273	-0.932847	0	None	None
ChainingRodShaped	18846	2.21331	0.5	-86.5088	21.4846	0	0.834728	0.550663	0	None	None
ChainingRodShaped	16528	3.09192	0.5	-45.8928	-42.3846	0	0.71318	0.700981	0	None	None
ChainingRodShaped	18346	2.53669	0.5	-5.51098	-53.9743	0	-0.173274	-0.984874	0	None	None
ChainingRodShaped	14640	3.74022	0.5	38.9075	46.8482	0	0.742083	-0.670308	0	None	None
ChainingRodShaped	7641	4.62291	0.5	-65.2487	46.4993	0	-0.0238423	0.999716	0	None	None
ChainingRodShaped	13232	3.2279	0.5	-79.7488	98.9194	0	-0.853979	-0.520307	0	None	None
ChainingRodShaped	7645	4.70334	0.5	59.8648	16.7152	0	-0.666821	-0.745217	0	None	None
ChainingRodShaped	19162	2.16395	0.5	25.039	41.4367	0	-0.24659	0.96912	0	None	None
ChainingRodShaped	12058	4.27213	0.5	-48.1969	95.7789	0	-0.981325	-0.192359	0	None	None
ChainingRodShaped	18926	2.24959	0.5	9.05588	-22.0468	0	0.761644	-0.647996	0	None	None
ChainingRodShaped	7653	4.98442	0.5	-99.7281	79.8439	0	-0.0188331	-0.999823	0	None	None
ChainingRodShaped	7655	4.36776	0.5	15.8292	30.8011	0	-0.74645	-0.665442	0	None	None
ChainingRodShaped	14220	2.93722	0.5	-73.837	4.148	0	-0.806374	-0.591406	0	None	None
ChainingRodShaped	14832	2.85515	0.5	-79.9371	23.7434	0	0.852605	0.522555	0	None	None
ChainingRodShaped	14990	2.92617	0.5	-32.7179	57.4144	0	0.345933	-0.938259	0	None	None
ChainingRodShaped	18516	2.19145	0.5	-21.5182	29.9842	0	0.849174	-0.528114	0	None	None
ChainingRodShaped	14478	3.35672	0.5	77.9682	28.3628	0	0.336188	0.941795	0	None	None
ChainingRodShaped	11914	4.84776	0.5	-45.5239	83.1672	0	0.997409	-0.0719411	0	None	None
ChainingRodShaped	19226	2.09293	0.5	20.4039	91.2309	0	0.457566	-0.889176	0	None	None
ChainingRodShaped	14052	3.81463	0.5	5.30975	-4.47343	0	-0.999994	-0.00340317	0	None	None
ChainingRodShaped	12292	4.17022	0.5	-25.4269	20.0256	0	0.860381	-0.509651	0	None	None
ChainingRodShaped	13872	4.27433	0.5	-99.8006	75.372	0	-0.426399	0.904535	0	None	None
ChainingRodShaped	13132	3.31518	0.5	36.826	-4.29545	0	0.741037	0.671464	0	None	None
ChainingRodShaped	13628	3.76073	0.5	-21.4721	-48.3248	0	0.979156	0.203108	0	None	None
ChainingRodShaped	14172	2.71037	0.5	-92.728	-89.3461	0	-0.181911	-0.983315	0	14173	7680
ChainingRodShaped	15736	3.07709	0.5	-65.889	-52.9712	0	-0.380648	-0.92472	0	None	None
ChainingRodShaped	13780	2.91077	0.5	-25.0863	113.662	0	-0.87108	-0.491141	0	None	None
ChainingRodShaped	12496	4.59715	0.5	-7.95566	-10.5269	0	0.999962	0.00868199	0	None	None
ChainingRodShaped	12008	4.52817	0.5	-1.49342	100.119	0	-0.470169	-0.882576	0	None	None
ChainingRodShaped	14050	2.68484	0.5	202.103	169.194	0	0.506241	-0.862392	0	14051	7690
ChainingRodShaped	18836	2.2032	0.5	-120.859	6.42689	0	0.495068	-0.868854	0	None	None
ChainingRodShaped	15088	3.21133	0.5	12.4422	-48.0002	0	-0.645801	0.763506	0	None	None
ChainingRodShaped	13456	3.02261	0.5	-2.87075	16.1338	0	0.959361	0.282183	0	None	None
ChainingRodShaped	11856	4.6008	0.5	-41.1788	98.5675	0	-0.334495	-0.942398	0	None	None
ChainingRodShaped	7701	4.85982	0.5	-170.101	147.976	0	0.571789	-0.820401	0	8296	18593
ChainingRodShaped	7703	4.5916	0.5	5.56651	38.785	0	-0.997876	-0.0651455	0	None	None
ChainingRodShaped	13824	3.63602	0.5	-72.7479	29.1928	0	0.898786	0.438387	0	None	None
ChainingRodShaped	14416	3.37442	0.5	-25.4651	111.468	0	-0.882468	0.470372	0	None	None
ChainingRodShaped	16908	2.53043	0.5	-139.849	47.4215	0	-0.787899	-0.615804	0	16909	7708
ChainingRodShaped	14138	3.58072	0.5	34.8675	100.574	0	0.398604	0.917123	0	None	None
ChainingRodShaped	18406	2.27729	0.5	-7.15381	48.3122	0	0.880633	0.473798	0	None	None
ChainingRodShaped	12700	3.2305	0.5	-70.8141	-40.9209	0	0.617989	-0.786187	0	None	None
ChainingRodShaped	15692	2.80053	0.5	48.8576	-124.094	0	-0.998113	0.0613978	0	15693	7716
ChainingRodShaped	16484	2.9252	0.5	39.2862	103.877	0	0.340217	-0.940347	0	16485	7718
ChainingRodShaped	18444	2.47335	0.5	-5.95052	78.5938	0	-0.0299988	0.99955	0	None	None
ChainingRodShaped	12082	3.36145	0.5	-69.9373	25.7218	0	0.887844	0.460144	0	None	None
ChainingRodShaped	7725	3.96351	0.5	23.1768	-79.5475	0	0.00590868	-0.999983	0	14842	14153
ChainingRodShaped	12366	4.36506	0.5	-84.8161	39.1445	0	-0.0420939	-0.999114	0	None	None
ChainingRodShaped	13958	3.43494	0.5	-130.02	27.0716	0	0.842198	0.539168	0	None	None
ChainingRodShaped	16536	3.19064	0.5	6.42114	-30.4606	0	0.587681	-0.809093	0	None	None
ChainingRodShaped	11848	4.00513	0.5	-22.2375	26.4986	0	0.844953	-0.534841	0	None	None
ChainingRodShaped	7735	3.95122	0.5	3.01464	223.756	0	-0.983701	-0.17981	0	12832	17895
ChainingRodShaped	16298	2.94965	0.5	-90.2566	16.7393	0	0.816855	0.576842	0	None	None
ChainingRodShaped	13188	3.13991	0.5	-15.865	60.4615	0	0.649387	0.760458	0	None	None
ChainingRodShaped	11874	4.44903	0.5	-92.2762	-9.21998	0	-0.949757	-0.312989	0	None	None
ChainingRodShaped	12590	4.98608	0.5	-33.9079	65.651	0	-0.984145	-0.177365	0	None	None
ChainingRodShaped	15190	3.48872	0.5	-18.0418	113.618	0	0.912232	-0.409674	0	None	None
ChainingRodShaped	16926	2.55464	0.5	28.8102	-10.9683	0	-0.927732	-0.373247	0	None	None
ChainingRodShaped	13324	3.70785	0.5	32.6136	-40.6049	0	0.81772	-0.575616	0	None	None
ChainingRodShaped	13668	4.37263	0.5	11.818	51.5433	0	0.482108	0.876112	0	None	None
ChainingRodShaped	13942	3.65067	0.5	-24.3882	-3.70622	0	-0.838057	-0.545582	0	None	None
ChainingRodShaped	15354	2.7396	0.5	-157.979	6.70449	0	-0.790745	-0.612145	0	15355	14579
ChainingRodShaped	14950	3.17945	0.5	-2.79589	70.7193	0	0.207081	0.978324	0	None	None
ChainingRodShaped	13286	3.41337	0.5	64.5422	60.5765	0	-0.242096	0.970252	0	13287	7758
ChainingRodShaped	7761	4.62713	0.5	-52.2583	1.04496	0	0.0684342	-0.997656	0	None	None
ChainingRodShaped	7763	4.33268	0.5	11.2474	93.5714	0	0.997826	0.0659001	0	None	None
ChainingRodShaped	14888	3.00712	0.5	-31.3618	-10.7292	0	0.621315	-0.783561	0	None	None
ChainingRodShaped	12926	4.40197	0.5	-27.8293	-62.467	0	-0.354607	-0.935016	0	None	None
ChainingRodShaped	7769	4.5236	0.5	133.151	69.9244	0	0.652033	-0.758191	0	16408	13795
ChainingRodShaped	15978	2.70372	0.5	-110.191	0.930681	0	0.081656	0.996661	0	None	None
ChainingRodShaped	7773	4.02698	0.5	-103.487	-16.042	0	-0.829775	0.558099	0	11748	17551
ChainingRodShaped	7775	4.36499	0.5	30.3301	-45.7478	0	0.817698	0.575648	0	17866	7774
ChainingRodShaped	15106	3.79694	0.5	11.9327	-14.5373	0	-0.998338	-0.0576231	0	None	None
ChainingRodShaped	15744	3.26936	0.5	-110.109	19.8905	0	0.533272	-0.845944	0	None	None
ChainingRodShaped	17196	2.97151	0.5	-39.9305	118.346	0	0.189595	-0.981862	0	None	None
ChainingRodShaped	18974	2.21007	0.5	21.7739	39.4601	0	0.202105	-0.979364	0	None	None
ChainingRodShaped	7785	4.96808	0.5	-102.718	23.6446	0	0.482804	-0.875729	0	None	None
ChainingRodShaped	15464	2.90159	0.5	-53.2014	-25.3457	0	0.990934	0.134346	0	None	None
ChainingRodShaped	7789	4.95168	0.5	-57.6043	126.719	0	-0.582656	-0.812719	0	None	None
ChainingRodShaped	7791	4.26953	0.5	137.483	-95.5732	0	-0.642533	-0.766258	0	10816	7790
ChainingRodShaped	12688	4.53146	0.5	-25.7935	37.6243	0	0.531884	-0.846817	0	None	None
ChainingRodShaped	17874	2.66865	0.5	29.7581	109.366	0	-0.499326	-0.866414	0	None	None
ChainingRodShaped	18512	2.38739	0.5	30.4849	72.8754	0	-0.996291	0.0860529	0	None	None
ChainingRodShaped	17736	2.66746	0.5	-56.1426	-43.9082	0	-0.35088	-0.93642	0	None	None
ChainingRodShaped	13802	3.17035	0.5	-54.9588	81.2568	0	0.907169	-0.420766	0	None	None
ChainingRodShaped	18270	2.30745	0.5	-45.6211	-53.2164	0	-0.612142	-0.790748	0	None	None
ChainingRodShaped	18404	2.44458	0.5	-2.76527	53.0414	0	0.792408	0.609992	0	None	None
ChainingRodShaped	17296	2.5089	0.5	51.7355	-5.33104	0	0.763473	0.64584	0	None	None
ChainingRodShaped	13434	3.16015	0.5	51.9999	23.6736	0	0.69662	0.71744	0	None	None
ChainingRodShaped	7811	4.29578	0.5	-112.375	179.045	0	-0.93235	-0.361557	0	9384	13501
ChainingRodShaped	19550	2.02566	0.5	113.238	20.2953	0	0.812421	0.583071	0	19551	14089
ChainingRodShaped	12456	4.98643	0.5	48.568	48.758	0	-0.999883	0.0152711	0	None	None
ChainingRodShaped	15714	3.25853	0.5	-118.496	22.5149	0	-0.459149	-0.888359	0	None	None
ChainingRodShaped	14822	3.07188	0.5	177.541	123.314	0	-0.980015	0.198924	0	14823	7818
ChainingRodShaped	13548	3.94185	0.5	-55.0578	21.9509	0	-0.151338	-0.988482	0	None	None
ChainingRodShaped	7823	4.66975	0.5	-39.116	82.0425	0	0.997666	-0.0682759	0	None	None
ChainingRodShaped	12802	4.96098	0.5	-91.2373	-20.4876	0	-0.963342	0.268275	0	None	None
ChainingRodShaped	7827	4.98155	0.5	46.765	71.3976	0	-0.0208383	-0.999783	0	None	None
ChainingRodShaped	12348	4.51219	0.5	-86.4623	12.4063	0	0.850628	0.525768	0	None	None
ChainingRodShaped	15844	2.64178	0.5	-73.235	150.201	0	-0.0178466	0.999841	0	15845	17427
ChainingRodShaped	13842	3.34601	0.5	48.6093	-14.2939	0	0.817997	0.575222	0	None	None
ChainingRodShaped	7835	4.99634	0.5	21.7954	14.5441	0	-0.193203	0.981159	0	None	None
ChainingRodShaped	13762	3.1011	0.5	-102.729	3.85484	0	0.161261	-0.986912	0	None	None
ChainingRodShaped	16316	3.27704	0.5	-64.2238	63.1923	0	-0.793289	-0.608846	0	None	None
ChainingRodShaped	7841	4.87371	0.5	24.2179	-7.48836	0	0.942312	0.334736	0	None	None
ChainingRodShaped	12556	3.92244	0.5	-77.528	29.3692	0	0.889078	0.457756	0	None	None
ChainingRodShaped	14002	3.46993	0.5	-60.4605	101.847	0	-0.849542	-0.527521	0	None	None
ChainingRodShaped	13418	4.48082	0.5	-114.948	0.92883	0	-0.453511	0.891251	0	None	None
ChainingRodShaped	14746	2.78819	0.5	-8.17818	-39.1189	0	0.822001	0.569485	0	None	None
ChainingRodShaped	13504	3.28521	0.5	109.18	182.904	0	-0.357007	-0.934102	0	13505	17283
ChainingRodShaped	19648	2.03099	0.5	175.212	122.836	0	0.960896	-0.276909	0	19649	7852
ChainingRodShaped	7855	4.2209	0.5	47.9035	14.9866	0	0.856944	0.51541	0	None	None
ChainingRodShaped	17510	2.51087	0.5	9.13867	56.1147	0	0.493607	0.869685	0	None	None
ChainingRodShaped	17334	2.51118	0.5	49.4355	86.7762	0	0.653906	-0.756575	0	17335	17359
ChainingRodShaped	17782	2.42037	0.5	-104.751	57.0376	0	0.9938	-0.111183	0	None	None
ChainingRodShaped	7863	4.78548	0.5	-17.5132	122.927	0	0.89913	-0.437681	0	10048	7862
ChainingRodShaped	16820	2.32424	0.5	-64.8529	-25.6525	0	-0.999876	-0.0157315	0	16821	17599
ChainingRodShaped	19270	2.13084	0.5	-17.8664	-16.8375	0	0.682708	0.730691	0	None	None
ChainingRodShaped	12216	4.83665	0.5	31.3439	56.4125	0	-0.314644	-0.94921	0	None	None
ChainingRodShaped	18092	2.35779	0.5	103.7	14.2914	0	0.872513	0.488591	0	18093	7870
ChainingRodShaped	12412	4.69997	0.5	-106.72	65.214	0	-0.687285	-0.726388	0	None	None
ChainingRodShaped	7875	4.26789	0.5	64.0358	-67.7954	0	-0.941953	0.335744	0	9280	15539
ChainingRodShaped	14704	3.55392	0.5	-180.519	4.07305	0	-0.842778	0.538261	0	14705	7876
ChainingRodShaped	14660	3.66424	0.5	-63.8252	113.393	0	-0.999514	-0.031166	0	None	None
ChainingRodShaped	12524	3.9854	0.5	47.1191	-23.6656	0	0.0380327	0.999276	0	None	None
ChainingRodShaped	13734	3.15576	0.5	24.2766	-26.2541	0	0.461204	-0.887294	0	None	None
ChainingRodShaped	16936	2.50408	0.5	-125.403	19.3727	0	-0.980107	-0.198467	0	None	None
ChainingRodShaped	12680	3.10209	0.5	-16.4119	9.09154	0	-0.768536	-0.639807	0	None	None
ChainingRodShaped	17474	2.46021	0.5	-55.5571	45.293	0	0.652045	-0.75818	0	None	None
ChainingRodShaped	14160	3.56369	0.5	10.2116	108.937	0	0.989608	-0.14379	0	None	None
ChainingRodShaped	14312	4.11823	0.5	-42.2878	-54.8575	0	-0.310559	-0.950554	0	None	None
ChainingRodShaped	13380	4.09669	0.5	5.38208	-5.17597	0	-0.999977	0.00678	0	None	None
ChainingRodShaped	17056	2.63551	0.5	41.3601	-58.3491	0	0.660466	-0.750856	0	17057	17537
ChainingRodShaped	12984	3.69796	0.5	24.2787	65.1161	0	0.936371	-0.351011	0	None	None
ChainingRodShaped	14496	3.25562	0.5	-68.4077	77.6673	0	0.984306	-0.176468	0	None	None
ChainingRodShaped	13494	3.6883	0.5	3.11129	-7.44097	0	-0.998037	0.0626256	0	None	None
ChainingRodShaped	19254	2.0971	0.5	-12.3649	65.7269	0	0.709614	0.70459	0	None	None
ChainingRodShaped	18948	2.16004	0.5	-97.8529	-28.511	0	0.503026	-0.864271	0	None	None
ChainingRodShaped	19082	2.20263	0.5	20.7641	84.2001	0	0.993893	-0.110346	0	None	None
ChainingRodShaped	15242	3.00038	0.5	-6.7354	-16.0622	0	0.910309	-0.41393	0	None	None
ChainingRodShaped	18326	2.22034	0.5	-17.186	57.3988	0	-0.154783	0.987948	0	None	None
ChainingRodShaped	14378	3.62332	0.5	21.5883	72.5517	0	0.983801	-0.179262	0	None	None
ChainingRodShaped	19752	2.01095	0.5	-62.4041	32.3387	0	0.852027	0.523498	0	None	None
ChainingRodShaped	17626	2.54225	0.5	81.2214	-80.754	0	-0.516473	0.856304	0	17627	13713
ChainingRodShaped	7921	4.83918	0.5	-49.6456	100.226	0	-0.955322	-0.295568	0	None	None
ChainingRodShaped	13302	3.68701	0.5	-104.23	32.6032	0	-0.811394	-0.5845	0	None	None
ChainingRodShaped	16506	2.85125	0.5	-75.3957	106.454	0	-0.985101	-0.171975	0	None	None
ChainingRodShaped	12122	3.87581	0.5	-107.223	-0.401351	0	-0.147166	0.989112	0	None	None
ChainingRodShaped	14526	4.09955	0.5	-36.8845	68.2688	0	-0.963024	-0.269414	0	None	None
ChainingRodShaped	7931	4.53493	0.5	-69.7287	37.2657	0	0.755595	0.65504	0	None	None
ChainingRodShaped	13922	3.87636	0.5	-54.5454	12.4562	0	-0.150962	-0.988539	0	None	None
ChainingRodShaped	12748	4.61204	0.5	11.1844	19.6324	0	0.595999	-0.802985	0	None	None
ChainingRodShaped	14906	2.99623	0.5	-51.4395	36.8781	0	0.745666	-0.66632	0	None	None
ChainingRodShaped	12890	3.46083	0.5	-2.98159	30.3135	0	0.400256	0.916403	0	None	None
ChainingRodShaped	12706	3.88532	0.5	-22.0757	-10.6199	0	-0.80368	-0.595061	0	None	None
ChainingRodShaped	19302	2.08725	0.5	18.239	33.6887	0	-0.0122801	-0.999925	0	None	None
ChainingRodShaped	7945	4.17539	0.5	49.684	79.5878	0	-0.821832	0.56973	0	None	None
ChainingRodShaped	13522	4.59455	0.5	-14.6678	-23.5987	0	0.977237	0.212152	0	None	None
ChainingRodShaped	14494	3.6961	0.5	5.23466	-53.479	0	-0.0146269	0.999893	0	None	None
ChainingRodShaped	15802	2.76993	0.5	-21.1136	106.159	0	0.97422	0.225602	0	None	None
ChainingRodShaped	7953	4.42497	0.5	-32.4297	-31.5203	0	-0.790128	-0.612942	0	None	None
ChainingRodShaped	19462	2.06225	0.5	-22.3598	15.6587	0	0.850437	-0.526077	0	None	None
ChainingRodShaped	14546	2.77187	0.5	-55.422	76.9109	0	-0.930765	0.365618	0	None	None
ChainingRodShaped	7959	3.97663	0.5	-70.5201	160.352	0	0.42849	0.903547	0	17426	13733
ChainingRodShaped	12370	4.28504	0.5	-50.0693	100.908	0	-0.958224	-0.28602	0	None	None
ChainingRodShaped	7963	4.5208	0.5	45.1248	72.1494	0	-0.0121944	-0.999926	0	None	None
ChainingRodShaped	19198	2.11459	0.5	91.3262	8.36344	0	0.916046	0.401073	0	19199	16481
ChainingRodShaped	17470	2.39044	0.5	152.39	129.595	0	0.99658	-0.0826279	0	17471	7966
ChainingRodShaped	7969	3.74689	0.5	11.0383	112.523	0	-0.999079	0.0429075	0	9862	16049
ChainingRodShaped	7971	4.69248	0.5	34.2752	43.5721	0	0.979633	-0.200795	0	None	None
ChainingRodShaped	18284	2.29859	0.5	124.73	29.6706	0	0.743443	0.668799	0	18285	7972
ChainingRodShaped	16498	3.2184	0.5	-5.19741	78.2649	0	-0.0200022	0.9998	0	None	None
ChainingRodShaped	13840	4.35644	0.5	29.7575	56.4031	0	-0.28857	-0.957459	0	None	None
ChainingRodShaped	12728	4.70487	0.5	-14.9005	-24.3635	0	0.97929	0.202462	0	None	None
ChainingRodShaped	16590	2.92305	0.5	1.52746	50.1204	0	0.974661	0.223689	0	None	None
ChainingRodShaped	12716	4.34481	0.5	-110.14	6.87093	0	0.229018	0.973422	0	None	None
ChainingRodShaped	15830	3.029	0.5	-35.708	128.162	0	0.993144	-0.116895	0	15831	7984
ChainingRodShaped	14258	2.88295	0.5	33.3963	42.2983	0	0.983476	-0.181041	0	None	None
ChainingRodShaped	7989	4.67102	0.5	-86.3425	43.6144	0	-0.0277188	-0.999616	0	None	None
ChainingRodShaped	15048	3.3635	0.5	-39.9307	61.5931	0	-0.333183	-0.942862	0	None	None
ChainingRodShaped	13084	4.58381	0.5	2.74344	25.3842	0	-0.48655	-0.873653	0	None	None
ChainingRodShaped	17024	2.51862	0.5	43.1079	-32.0467	0	0.611275	0.791418	0	None	None
ChainingRodShaped	7997	4.86501	0.5	14.3017	-56.0127	0	-0.356253	0.93439	0	None	None
ChainingRodShaped	17278	2.34524	0.5	-137.819	17.4889	0	0.98549	-0.169733	0	17279	7998
ChainingRodShaped	14512	2.63188	0.5	67.1413	-4.60456	0	0.702882	0.711307	0	14513	8000
ChainingRodShaped	14806	2.9102	0.5	143.216	40.8109	0	-0.973599	-0.228267	0	14807	8002
ChainingRodShaped	15740	3.39234	0.5	27.5009	51.3911	0	-0.285476	-0.958386	0	None	None
ChainingRodShaped	16546	3.03563	0.5	-28.2052	7.95958	0	-0.0770725	0.997025	0	None	None
ChainingRodShaped	14332	3.35271	0.5	48.1499	-62.2831	0	-0.891111	0.453785	0	14333	18521
ChainingRodShaped	8011	4.42319	0.5	61.6343	112.053	0	0.660585	-0.750751	0	15726	15181
ChainingRodShaped	14892	3.04786	0.5	45.8901	69.8366	0	-0.0222287	-0.999753	0	None	None
ChainingRodShaped	8015	4.73382	0.5	53.713	39.6436	0	0.91165	0.410967	0	None	None
ChainingRodShaped	13102	3.58592	0.5	37.2472	-37.7082	0	-0.698321	-0.715785	0	None	None
ChainingRodShaped	16266	3.07861	0.5	76.71	3.29139	0	0.845775	0.53354	0	16267	8018
ChainingRodShaped	12600	3.1622	0.5	-106.283	-15.1824	0	0.748822	-0.662771	0	None	None
ChainingRodShaped	16602	2.85981	0.5	53.1044	-65.4107	0	0.948365	-0.317183	0	16603	17323
ChainingRodShaped	15100	3.54534	0.5	-22.384	79.5956	0	0.807376	-0.590038	0	None	None
ChainingRodShaped	8027	4.91979	0.5	-28.7048	94.3901	0	-0.847523	0.530759	0	None	None
ChainingRodShaped	8029	4.65851	0.5	-65.7079	37.4659	0	0.762376	0.647134	0	None	None
ChainingRodShaped	14324	2.86511	0.5	58.7025	31.644	0	0.0141527	0.9999	0	None	None
ChainingRodShaped	8033	4.51069	0.5	21.6725	46.4506	0	-0.0469519	-0.998897	0	None	None
ChainingRodShaped	17784	2.76022	0.5	-26.593	120.433	0	0.81017	0.586196	0	None	None
ChainingRodShaped	14430	2.61489	0.5	-3.50985	116.631	0	-0.8992	0.437537	0	14431	8036
ChainingRodShaped	8039	4.49953	0.5	-64.2842	81.8149	0	-0.988864	0.148824	0	None	None
ChainingRodShaped	17092	2.68933	0.5	-31.185	106.795	0	-0.259114	-0.965847	0	None	None
ChainingRodShaped	12504	3.26278	0.5	-14.885	38.4082	0	0.596601	0.802538	0	None	None
ChainingRodShaped	18760	2.15263	0.5	43.8297	117.128	0	-0.893511	-0.449042	0	18761	13869
ChainingRodShaped	8047	4.5965	0.5	-40.4104	116.238	0	0.17971	-0.98372	0	None	None
ChainingRodShaped	14524	3.88066	0.5	-59.1185	68.1156	0	-0.879595	-0.475724	0	None	None
ChainingRodShaped	16314	2.61432	0.5	-12.7941	44.5654	0	0.893563	0.448938	0	None	None
ChainingRodShaped	12572	4.17049	0.5	-89.1225	-19.2501	0	-0.965033	0.262128	0	None	None
ChainingRodShaped	8055	4.58274	0.5	53.71	74.6022	0	0.805782	-0.592213	0	None	None
ChainingRodShaped	8057	4.15734	0.5	-68.164	19.0833	0	0.880621	0.473821	0	None	None
ChainingRodShaped	12570	4.15864	0.5	-93.3919	80.8876	0	0.995801	0.0915474	0	None	None
ChainingRodShaped	18862	2.16451	0.5	20.8522	-100.86	0	0.056736	0.998389	0	18863	17487
ChainingRodShaped	15406	2.52019	0.5	-102.708	-44.6134	0	0.0906451	0.995883	0	15407	8062
ChainingRodShaped	14292	3.06487	0.5	-12.1933	35.3238	0	0.562097	0.827071	0	None	None
ChainingRodShaped	8067	4.41525	0.5	-133.416	113.369	0	0.53341	-0.845857	0	8190	16789
ChainingRodShaped	8069	4.87737	0.5	-38.7313	51.6032	0	0.469724	0.882813	0	None	None
ChainingRodShaped	8071	4.95436	0.5	-120.599	37.6248	0	0.996336	0.0855252	0	None	None
ChainingRodShaped	13220	4.0604	0.5	-35.2301	15.9426	0	0.493325	0.869845	0	None	None
ChainingRodShaped	8075	4.16283	0.5	-31.2677	94.1678	0	-0.864553	0.502542	0	None	None
ChainingRodShaped	14548	3.73725	0.5	-75.6103	53.406	0	-0.0496256	-0.998768	0	None	None
ChainingRodShaped	15450	2.77238	0.5	-20.834	68.3101	0	-0.648355	-0.761338	0	None	None
ChainingRodShaped	14366	3.25221	0.5	-186.319	30.9772	0	0.658891	0.752238	0	14367	8080
ChainingRodShaped	13540	4.35029	0.5	-27.7781	89.6748	0	0.998128	-0.0611611	0	None	None
ChainingRodShaped	13452	3.50009	0.5	-40.1897	69.7699	0	-0.989773	-0.142651	0	None	None
ChainingRodShaped	13534	4.14621	0.5	-33.7476	110.885	0	0.206	0.978552	0	None	None
ChainingRodShaped	8089	4.81019	0.5	-58.854	93.2102	0	0.778871	-0.627184	0	None	None
ChainingRodShaped	17088	2.64267	0.5	36.6074	61.9293	0	0.303631	0.95279	0	None	None
ChainingRodShaped	16864	2.73958	0.5	-186.462	-17.7889	0	0.544632	-0.838675	0	16865	8092
ChainingRodShaped	13928	3.46674	0.5	8.17357	3.52239	0	-0.791478	0.611198	0	None	None
ChainingRodShaped	8097	4.86288	0.5	96.2346	11.7661	0	-0.907514	-0.420023	0	9958	8096
ChainingRodShaped	8099	4.71761	0.5	-55.2666	51.6701	0	0.327163	-0.944968	0	None	None
ChainingRodShaped	13832	4.05104	0.5	2.69184	-40.42	0	-0.596595	-0.802542	0	None	None
ChainingRodShaped	8103	4.97004	0.5	40.328	-32.7149	0	0.611272	0.791421	0	None	None
ChainingRodShaped	19452	2.04399	0.5	38.5622	80.978	0	-0.147173	-0.989111	0	None	None
ChainingRodShaped	15820	3.56105	0.5	15.5432	32.3402	0	-0.746402	-0.665496	0	None	None
ChainingRodShaped	16122	3.01908	0.5	60.1566	10.5921	0	-0.778799	-0.627273	0	None	None
ChainingRodShaped	12576	3.37796	0.5	49.3535	47.1608	0	-0.999379	0.0352477	0	None	None
ChainingRodShaped	18158	2.21049	0.5	-86.3366	95.1943	0	0.254721	0.967015	0	None	None
ChainingRodShaped	17396	2.39464	0.5	-86.6174	113.75	0	-0.991237	-0.132093	0	None	None
ChainingRodShaped	15132	3.25216	0.5	-22.1218	28.636	0	-0.83855	0.544825	0	None	None
ChainingRodShaped	15894	3.56756	0.5	40.8033	74.2669	0	0.972685	-0.232131	0	None	None
ChainingRodShaped	16000	2.69769	0.5	78.8372	-78.9778	0	0.604612	-0.79652	0	16001	13975
ChainingRodShaped	12630	3.11205	0.5	-14.0802	99.3257	0	0.243132	0.969993	0	None	None
ChainingRodShaped	18744	2.2453	0.5	72.2777	8.12031	0	-0.252028	-0.96772	0	None	None
ChainingRodShaped	17860	2.44496	0.5	-17.8188	52.1958	0	0.843969	-0.536391	0	None	None
ChainingRodShaped	14278	3.89552	0.5	-61.974	24.9282	0	0.900205	0.435466	0	None	None
ChainingRodShaped	17956	2.32303	0.5	24.4139	179.769	0	0.725064	0.688681	0	17957	14365
ChainingRodShaped	17734	2.40555	0.5	-110.436	19.0226	0	0.524605	-0.851346	0	None	None
ChainingRodShaped	12962	3.4836	0.5	-39.9333	-2.66266	0	-0.282149	-0.95937	0	None	None
ChainingRodShaped	16378	2.55338	0.5	-229.301	-23.6824	0	-0.391123	-0.920338	0	16379	8136
ChainingRodShaped	15324	3.29454	0.5	-74.5993	99.834	0	-0.292787	-0.956178	0	None	None
ChainingRodShaped	12720	3.29742	0.5	-93.9028	84.0036	0	-0.380506	-0.924778	0	None	None
ChainingRodShaped	8143	4.73402	0.5	-224.251	5.6362	0	-0.35606	-0.934463	0	15856	14979
ChainingRodShaped	12730	3.66547	0.5	34.1805	5.99023	0	0.884199	0.467111	0	None	None
ChainingRodShaped	19310	2.13702	0.5	-48.1038	8.09222	0	0.147879	-0.989005	0	None	None
ChainingRodShaped	13796	3.58433	0.5	54.5588	-0.715282	0	0.760946	0.648815	0	None	None
ChainingRodShaped	13740	4.23563	0.5	12.2219	-40.8318	0	0.706116	0.708096	0	None	None
ChainingRodShaped	16330	2.4482	0.5	-51.3712	-24.2629	0	-0.994092	-0.108537	0	16331	16895
ChainingRodShaped	15756	3.39359	0.5	58.008	67.7543	0	-0.861896	0.507085	0	None	None
ChainingRodShaped	8157	4.18351	0.5	60.6082	-1.24555	0	-0.242741	-0.970091	0	None	None
ChainingRodShaped	15166	3.09268	0.5	-43.6315	23.3459	0	0.276509	-0.961011	0	None	None
ChainingRodShaped	13488	2.95469	0.5	-116.651	42.2889	0	0.950261	0.311456	0	None	None
ChainingRodShaped	8163	4.69669	0.5	-76.4699	84.5969	0	0.99522	-0.0976551	0	None	None
ChainingRodShaped	17264	2.28822	0.5	-278.59	-6.22587	0	-0.359777	0.933038	0	17265	8164
ChainingRodShaped	14452	3.65149	0.5	21.5156	57.7335	0	0.393997	-0.919112	0	None	None
ChainingRodShaped	12908	3.89942	0.5	-57.5257	70.4508	0	-0.886291	-0.463129	0	None	None
ChainingRodShaped	13634	4.21336	0.5	34.9338	-36.1779	0	0.270308	-0.962774	0	None	None
ChainingRodShaped	16012	3.02824	0.5	61.4981	44.4822	0	-0.929716	-0.368278	0	None	None
ChainingRodShaped	14374	4.03594	0.5	17.339	5.13273	0	-0.790759	0.612128	0	None	None
ChainingRodShaped	8177	4.62497	0.5	29.7329	-3.62162	0	-0.933753	-0.357919	0	8840	17977
ChainingRodShaped	8179	4.6552	0.5	-82.9306	36.5166	0	-0.369252	-0.929329	0	None	None
ChainingRodShaped	16744	3.02059	0.5	-2.37913	-38.05	0	0.698604	0.715509	0	None	None
ChainingRodShaped	16106	3.22474	0.5	-43.9498	53.4372	0	0.608442	-0.793598	0	None	None
ChainingRodShaped	19196	2.1784	0.5	13.4964	-31.1839	0	-0.731314	-0.68204	0	None	None
ChainingRodShaped	18274	2.38423	0.5	-39.9549	28.4691	0	0.315146	-0.949043	0	None	None
ChainingRodShaped	19448	2.05311	0.5	132.749	35.4986	0	-0.778881	-0.627172	0	19449	17545
ChainingRodShaped	15554	2.94552	0.5	-138.507	121.402	0	0.556865	-0.830603	0	15555	8190
ChainingRodShaped	14076	3.29038	0.5	165.326	26.1965	0	-0.455277	0.89035	0	14077	8192
ChainingRodShaped	13742	3.53869	0.5	24.0478	44.8272	0	-0.109625	-0.993973	0	None	None
ChainingRodShaped	14530	4.04184	0.5	-7.28058	33.5751	0	-0.91077	-0.412913	0	None	None
ChainingRodShaped	8199	4.11174	0.5	115.291	141.673	0	0.368382	-0.929674	0	18376	15569
ChainingRodShaped	19708	2.02409	0.5	2.13042	74.6149	0	0.147591	0.989048	0	None	None
ChainingRodShaped	12498	4.12267	0.5	57.7099	66.8812	0	-0.856785	0.515673	0	None	None
ChainingRodShaped	8205	4.9787	0.5	-14.681	33.048	0	0.557983	0.829853	0	None	None
ChainingRodShaped	17186	2.90613	0.5	-51.5052	0.881951	0	0.0784194	-0.99692	0	None	None
ChainingRodShaped	13146	3.57508	0.5	-50.691	124.812	0	-0.353463	-0.935449	0	None	None
ChainingRodShaped	15916	3.22963	0.5	-31.1358	83.2826	0	0.803382	-0.595464	0	None	None
ChainingRodShaped	12552	4.39264	0.5	8.98508	-20.0075	0	0.774437	-0.632651	0	None	None
ChainingRodShaped	14462	3.31752	0.5	-96.6624	-25.2234	0	0.315388	0.948963	0	None	None
ChainingRodShaped	15320	3.45603	0.5	-73.9367	-3.91598	0	-0.807341	0.590085	0	None	None
ChainingRodShaped	13046	3.22648	0.5	-43.0055	-45.4587	0	0.692902	0.721032	0	None	None
ChainingRodShaped	8221	4.72789	0.5	-19.3146	19.0109	0	0.844593	-0.535408	0	None	None
ChainingRodShaped	13950	3.19025	0.5	47.4629	-27.9829	0	0.61862	0.78569	0	13951	15253
ChainingRodShaped	15068	3.4095	0.5	18.9107	-49.8639	0	-0.736233	0.676728	0	None	None
ChainingRodShaped	17742	2.77062	0.5	-45.4138	19.2956	0	0.263191	-0.964744	0	None	None
ChainingRodShaped	8229	4.93067	0.5	28.7672	58.6332	0	-0.302256	-0.953227	0	None	None
ChainingRodShaped	8231	4.55524	0.5	-40.291	69.1464	0	-0.991104	-0.133087	0	None	None
ChainingRodShaped	15524	3.53689	0.5	-98.0869	97.1904	0	-0.882498	-0.470317	0	None	None
ChainingRodShaped	8235	4.63522	0.5	-9.47606	74.0215	0	-0.25392	0.967225	0	None	None
ChainingRodShaped	12978	4.44004	0.5	17.3152	50.142	0	-0.0909301	-0.995857	0	None	None
ChainingRodShaped	12944	3.18818	0.5	-114.644	31.7946	0	-0.753478	-0.657473	0	None	None
ChainingRodShaped	8241	3.7326	0.5	138.059	125.337	0	0.80797	0.589224	0	17340	15297
ChainingRodShaped	8243	4.76864	0.5	-81.9434	108.19	0	-0.963391	0.268102	0	None	None
ChainingRodShaped	17138	2.56717	0.5	-57.6467	22.6731	0	-0.154663	-0.987967	0	None	None
ChainingRodShaped	12692	4.97052	0.5	-97.1889	-3.8045	0	0.478972	-0.87783	0	None	None
ChainingRodShaped	14234	2.87319	0.5	-61.3739	-34.7987	0	0.999137	-0.0415372	0	None	None
ChainingRodShaped	17384	2.86694	0.5	-68.3277	106.502	0	-0.942785	-0.333401	0	None	None
ChainingRodShaped	17270	2.87828	0.5	33.1679	-29.5313	0	-0.952556	0.304364	0	None	None
ChainingRodShaped	13364	3.56366	0.5	0.397489	-28.8214	0	0.920236	-0.391365	0	None	None
ChainingRodShaped	13916	3.05912	0.5	17.3788	35.9021	0	-0.146363	-0.989231	0	None	None
ChainingRodShaped	13752	4.47983	0.5	-40.675	-17.9794	0	0.999999	0.00139256	0	None	None
ChainingRodShaped	8261	4.47509	0.5	4.56866	3.74798	0	0.559014	0.829158	0	None	None
ChainingRodShaped	8263	4.10529	0.5	6.78114	76.5079	0	0.988126	0.153644	0	None	None
ChainingRodShaped	16180	2.90938	0.5	-60.8257	-24.6016	0	-0.99753	-0.0702359	0	None	None
ChainingRodShaped	13464	3.52185	0.5	-86.9422	102.606	0	-0.593745	-0.804653	0	None	None
ChainingRodShaped	16786	2.92297	0.5	40.9229	-23.4098	0	0.761995	0.647583	0	None	None
ChainingRodShaped	19304	2.07828	0.5	-9.03234	53.5083	0	0.79301	0.609209	0	None	None
ChainingRodShaped	15378	3.79924	0.5	-100.792	21.6872	0	0.326568	-0.945174	0	None	None
ChainingRodShaped	8275	4.21131	0.5	83.7954	-90.8037	0	0.151253	-0.988495	0	13974	17075
ChainingRodShaped	13158	3.84895	0.5	13.9439	-48.4066	0	-0.638128	0.76993	0	None	None
ChainingRodShaped	16140	2.44968	0.5	97.6595	-26.1603	0	0.83934	-0.543607	0	16141	14563
ChainingRodShaped	8281	4.36489	0.5	35.0376	185.673	0	0.964639	0.263575	0	14364	16543
ChainingRodShaped	15156	3.73081	0.5	-52.0084	120.471	0	0.474636	-0.880182	0	None	None
ChainingRodShaped	13518	3.93856	0.5	-93.6557	-10.9266	0	0.997744	-0.0671347	0	None	None
ChainingRodShaped	12974	3.28484	0.5	-89.3843	-9.96556	0	-0.858583	-0.512675	0	None	None
ChainingRodShaped	13264	3.64953	0.5	-35.8394	-13.2668	0	0.621769	0.783201	0	None	None
ChainingRodShaped	12586	4.47968	0.5	26.2755	66.1528	0	0.99279	-0.119866	0	None	None
ChainingRodShaped	12638	3.93657	0.5	-73.0585	109.266	0	-0.868068	-0.496445	0	None	None
ChainingRodShaped	8295	4.78353	0.5	20.55	-9.53092	0	0.970375	0.241602	0	None	None
ChainingRodShaped	8297	4.33175	0.5	-173.955	158.063	0	0.0943854	-0.995536	0	16722	8296
ChainingRodShaped	17790	2.31104	0.5	35.8682	78.1808	0	-0.496689	-0.867929	0	None	None
ChainingRodShaped	8301	4.54276	0.5	-16.4384	88.9534	0	-0.0999434	0.994993	0	None	None
ChainingRodShaped	8303	4.14531	0.5	-21.843	27.5549	0	-0.83407	0.551658	0	None	None
ChainingRodShaped	19552	2.0344	0.5	34.7798	78.0311	0	-0.403317	-0.91506	0	None	None
ChainingRodShaped	16990	3.03198	0.5	38.3204	46.4319	0	0.748799	-0.662797	0	None	None
ChainingRodShaped	13224	4.03478	0.5	58.5082	27.5999	0	0.365442	0.930834	0	None	None
ChainingRodShaped	8311	4.77094	0.5	43.5294	80.246	0	-0.88615	0.463399	0	None	None
ChainingRodShaped	13406	4.47051	0.5	-83.5203	47.7291	0	0.0657634	-0.997835	0	None	None
ChainingRodShaped	15276	2.70249	0.5	49.0141	59.174	0	0.864363	-0.502869	0	None	None
ChainingRodShaped	15520	3.43176	0.5	-32.1239	57.682	0	0.336658	-0.941627	0	None	None
ChainingRodShaped	8319	4.90847	0.5	-20.2062	107.182	0	0.976408	0.215934	0	None	None
ChainingRodShaped	12898	3.81561	0.5	-22.8578	65.4186	0	-0.93141	-0.363972	0	None	None
ChainingRodShaped	8323	4.5061	0.5	-17.4921	60.7075	0	0.636223	0.771505	0	None	None
ChainingRodShaped	13554	4.48597	0.5	-112.549	94.409	0	0.884533	-0.466478	0	None	None
ChainingRodShaped	12752	3.86344	0.5	5.82622	63.7053	0	0.534304	0.845292	0	None	None
ChainingRodShaped	8329	4.54016	0.5	-48.5933	64.056	0	0.916176	-0.400777	0	None	None
ChainingRodShaped	14522	3.43172	0.5	113.148	105.376	0	0.667471	0.744636	0	14523	17795
ChainingRodShaped	8333	4.49314	0.5	-39.5176	-44.0872	0	-0.674084	-0.738654	0	None	None
ChainingRodShaped	13902	3.75212	0.5	37.828	-27.3505	0	0.994697	0.102851	0	None	None
ChainingRodShaped	8337	4.12153	0.5	-192.7	-5.95434	0	-0.290299	0.956936	0	11446	15701
ChainingRodShaped	13140	3.21655	0.5	40.207	95.0582	0	0.596728	-0.802443	0	None	None
ChainingRodShaped	12690	3.8352	0.5	-106.326	-0.810432	0	-0.142826	0.989748	0	None	None
ChainingRodShaped	13152	4.91902	0.5	67.8507	35.6118	0	-0.735992	0.67699	0	None	None
ChainingRodShaped	15696	2.93369	0.5	29.0491	-16.9295	0	-0.985153	-0.171677	0	None	None
ChainingRodShaped	17762	2.36201	0.5	-42.0605	36.4856	0	0.616657	-0.787232	0	None	None
ChainingRodShaped	8349	4.99721	0.5	-159.23	41.3474	0	-0.995063	-0.0992421	0	8826	8348
ChainingRodShaped	12942	3.56633	0.5	-30.2068	-7.41135	0	0.609937	-0.79245	0	None	None
ChainingRodShaped	15126	3.40813	0.5	-122.195	41.4256	0	0.956455	0.291879	0	None	None
ChainingRodShaped	12990	4.08698	0.5	2.3814	23.4935	0	-0.495221	-0.868767	0	None	None
ChainingRodShaped	15828	2.81661	0.5	25.1158	-47.5301	0	-0.741243	-0.671237	0	None	None
ChainingRodShaped	8359	4.31819	0.5	-40.8073	56.9296	0	-0.120615	-0.992699	0	None	None
ChainingRodShaped	8361	4.73049	0.5	17.4337	72.3887	0	0.987373	-0.158415	0	None	None
ChainingRodShaped	8363	4.35345	0.5	-111.035	-22.7781	0	-0.579107	0.815252	0	18076	14671
ChainingRodShaped	16850	2.38558	0.5	-25.5707	16.7827	0	0.845104	-0.534602	0	None	None
ChainingRodShaped	14334	3.47318	0.5	30.7909	3.61267	0	0.930503	0.366285	0	None	None
ChainingRodShaped	13754	3.08818	0.5	-76.5625	-6.4299	0	-0.989042	-0.147633	0	None	None
ChainingRodShaped	13768	3.5769	0.5	-105.477	72.1376	0	0.025319	-0.999679	0	None	None
ChainingRodShaped	8373	4.40916	0.5	110.201	17.0996	0	-0.842214	-0.539143	0	8526	8372
ChainingRodShaped	8375	4.25466	0.5	161.447	127.505	0	0.949603	-0.313454	0	7966	14519
ChainingRodShaped	17444	2.6764	0.5	-65.6213	9.53103	0	0.304708	0.952446	0	None	None
ChainingRodShaped	8379	4.51276	0.5	-51.0368	66.5125	0	-0.938715	-0.344694	0	None	None
ChainingRodShaped	8381	4.91146	0.5	89.1107	-16.1022	0	0.430703	-0.902494	0	11352	8380
ChainingRodShaped	18418	2.38397	0.5	-128.563	10.9563	0	0.554963	-0.831875	0	18419	8382
ChainingRodShaped	13246	3.13839	0.5	-104.412	-12.7568	0	-0.868572	0.495563	0	None	None
ChainingRodShaped	14122	3.76964	0.5	-41.0707	89.6254	0	0.973942	-0.226795	0	None	None
ChainingRodShaped	8389	4.29421	0.5	-13.2494	29.6832	0	0.758687	0.651455	0	None	None
ChainingRodShaped	8391	4.60543	0.5	-1.32625	89.9956	0	0.512587	0.858635	0	None	None
ChainingRodShaped	15460	3.08023	0.5	12.032	44.0069	0	-0.246651	-0.969104	0	None	None
ChainingRodShaped	18882	2.33316	0.5	-60.6462	65.214	0	-0.771358	-0.636402	0	None	None
ChainingRodShaped	14456	3.98228	0.5	-66.2217	0.119093	0	0.235894	0.971779	0	None	None
ChainingRodShaped	8399	4.38579	0.5	-47.5568	113.48	0	0.421943	-0.906622	0	None	None
ChainingRodShaped	16566	2.68966	0.5	44.0055	31.8416	0	0.341154	-0.940008	0	None	None
ChainingRodShaped	8403	4.2957	0.5	-74.0496	33.591	0	0.89109	0.453826	0	None	None
ChainingRodShaped	15270	2.89395	0.5	29.5205	104.25	0	0.932389	0.361456	0	None	None
ChainingRodShaped	8407	4.97147	0.5	-18.8895	19.4888	0	0.841325	-0.54053	0	None	None
ChainingRodShaped	17476	2.42226	0.5	50.8596	12.9721	0	0.864356	0.502881	0	None	None
ChainingRodShaped	16214	2.55949	0.5	15.6698	1.97839	0	-0.781198	0.624284	0	None	None
ChainingRodShaped	8413	4.99475	0.5	49.3052	52.9189	0	-0.999061	-0.0433289	0	None	None
ChainingRodShaped	8415	4.39246	0.5	-36.4803	95.0709	0	-0.91955	0.392973	0	None	None
ChainingRodShaped	8417	4.64947	0.5	-39.376	81.3683	0	0.998268	-0.058835	0	None	None
ChainingRodShaped	16338	2.94429	0.5	56.7256	-12.19	0	0.647133	0.762377	0	None	None
ChainingRodShaped	8421	4.29819	0.5	-90.312	73.4723	0	-0.991091	0.13319	0	None	None
ChainingRodShaped	15038	3.94541	0.5	29.3985	45.1211	0	0.868506	-0.495679	0	None	None
ChainingRodShaped	19730	2.00953	0.5	6.71189	12.4721	0	-0.545254	0.838271	0	None	None
ChainingRodShaped	16978	2.80715	0.5	26.9129	32.6402	0	0.211075	0.97747	0	None	None
ChainingRodShaped	14866	4.05891	0.5	-94.0351	90.9619	0	-0.63699	-0.770872	0	None	None
ChainingRodShaped	17558	2.47524	0.5	-60.044	86.2534	0	0.861813	-0.507226	0	None	None
ChainingRodShaped	8433	4.17966	0.5	-10.9841	91.7752	0	-0.0399995	0.9992	0	None	None
ChainingRodShaped	15508	3.1985	0.5	-2.04448	-25.4594	0	0.904731	-0.425983	0	None	None
ChainingRodShaped	17200	2.47631	0.5	-34.9095	-36.6436	0	0.249134	-0.968469	0	None	None
ChainingRodShaped	19164	2.08686	0.5	9.58941	-18.4517	0	0.820691	-0.571372	0	None	None
ChainingRodShaped	17720	2.36323	0.5	-111.991	86.1679	0	-0.2063	0.978489	0	17721	14241
ChainingRodShaped	15654	3.59021	0.5	57.8305	34.8017	0	0.459206	0.88833	0	None	None
ChainingRodShaped	18754	2.36581	0.5	-53.4425	50.8954	0	0.337212	-0.941429	0	None	None
ChainingRodShaped	18938	2.25441	0.5	-57.4003	-10.296	0	0.999509	-0.0313336	0	None	None
ChainingRodShaped	18408	2.43953	0.5	-1.02142	14.7866	0	0.950528	0.310638	0	None	None
ChainingRodShaped	13826	3.28404	0.5	-47.6419	12.788	0	-0.978639	0.205586	0	None	None
ChainingRodShaped	18364	2.25055	0.5	-88.6495	56.6098	0	-0.172129	-0.985074	0	None	None
ChainingRodShaped	16126	3.37075	0.5	-28.2465	125.865	0	-0.978555	0.205987	0	None	None
ChainingRodShaped	15596	3.59721	0.5	-2.96302	9.39329	0	-0.944621	-0.328163	0	None	None
ChainingRodShaped	16472	2.5484	0.5	8.13311	48.979	0	0.3649	0.931047	0	None	None
ChainingRodShaped	8461	4.38781	0.5	41.9858	-7.03967	0	0.659924	0.751332	0	None	None
ChainingRodShaped	17330	2.35121	0.5	10.9782	37.3881	0	-0.217988	-0.975951	0	None	None
ChainingRodShaped	8465	4.64211	0.5	35.2354	73.8551	0	-0.999296	-0.0375205	0	None	None
ChainingRodShaped	13606	3.46607	0.5	-41.3727	47.4288	0	0.600927	-0.799304	0	None	None
ChainingRodShaped	16192	2.51713	0.5	63.2524	-10.2039	0	-0.65856	-0.752528	0	16193	14695
ChainingRodShaped	8471	4.4084	0.5	-12.543	63.6699	0	0.723298	0.690536	0	None	None
ChainingRodShaped	14632	2.95363	0.5	-105.315	-32.2881	0	-0.424832	0.905272	0	14633	18077
ChainingRodShaped	8475	4.60673	0.5	16.2745	-55.137	0	0.177556	0.984111	0	None	None
ChainingRodShaped	17256	2.71001	0.5	-9.23448	108.255	0	-0.701063	0.7131	0	None	None
ChainingRodShaped	13258	4.01763	0.5	-24.1568	108.729	0	-0.95961	-0.281333	0	None	None
ChainingRodShaped	15738	2.78174	0.5	20.4994	12.4042	0	0.099864	-0.995001	0	None	None
ChainingRodShaped	8483	4.8246	0.5	-66.6809	65.1823	0	-0.781061	-0.624455	0	None	None
ChainingRodShaped	13862	3.8783	0.5	-86.4742	3.20807	0	0.821285	0.570519	0	None	None
ChainingRodShaped	14568	4.0803	0.5	13.1379	37.277	0	0.188814	0.982013	0	None	None
ChainingRodShaped	19140	2.15592	0.5	51.075	20.2698	0	0.67267	0.739943	0	None	None
ChainingRodShaped	19516	2.05032	0.5	-66.3214	-28.1603	0	0.999577	0.0290804	0	None	None
ChainingRodShaped	19092	2.22633	0.5	-62.0629	-51.0152	0	-0.371377	-0.928482	0	None	None
ChainingRodShaped	16906	2.86305	0.5	55.9161	81.8708	0	0.594212	-0.804308	0	16907	15383
ChainingRodShaped	17714	2.38966	0.5	24.7293	89.417	0	-0.126081	-0.99202	0	None	None
ChainingRodShaped	14564	3.66531	0.5	-79.4552	23.1329	0	0.847359	0.53102	0	None	None
ChainingRodShaped	13800	3.50478	0.5	-87.275	-0.276603	0	0.826969	0.562247	0	None	None
ChainingRodShaped	13660	4.51693	0.5	-73.9682	61.1483	0	-0.506178	-0.862429	0	None	None
ChainingRodShaped	8505	4.71922	0.5	48.518	47.9957	0	-0.999682	0.0252141	0	None	None
ChainingRodShaped	14908	2.83615	0.5	-54.8192	106.236	0	-0.82476	-0.565482	0	None	None
ChainingRodShaped	13766	4.46269	0.5	-52.8746	118.153	0	0.4916	-0.870821	0	None	None
ChainingRodShaped	13176	4.2112	0.5	-25.7146	97.7781	0	0.998595	0.0529823	0	None	None
ChainingRodShaped	19674	2.04034	0.5	11.1036	32.2538	0	0.943242	0.332106	0	None	None
ChainingRodShaped	15424	3.16426	0.5	-11.9121	94.1533	0	0.15933	0.987225	0	None	None
ChainingRodShaped	13852	4.4777	0.5	-73.2629	90.9	0	0.972191	0.23419	0	None	None
ChainingRodShaped	18210	2.23549	0.5	-53.1606	63.8758	0	0.90489	0.425645	0	None	None
ChainingRodShaped	15902	2.57608	0.5	-79.4537	111.369	0	-0.956795	0.290765	0	None	None
ChainingRodShaped	8523	4.78887	0.5	-22.0015	-51.1676	0	0.974451	0.224601	0	None	None
ChainingRodShaped	8525	4.37564	0.5	43.921	68.4514	0	-0.214844	-0.976648	0	None	None
ChainingRodShaped	8527	3.95581	0.5	119.116	23.5511	0	-0.77684	-0.629698	0	16572	8526
ChainingRodShaped	13586	3.4147	0.5	-47.1006	95.2743	0	-0.983183	-0.182621	0	None	None
ChainingRodShaped	8531	4.98438	0.5	39.9513	-16.1825	0	0.74305	0.669236	0	None	None
ChainingRodShaped	17970	2.26019	0.5	-3.79222	103.821	0	-0.331753	0.943366	0	None	None
ChainingRodShaped	16176	3.45604	0.5	-22.8368	79.0151	0	0.812968	-0.582308	0	None	None
ChainingRodShaped	8537	4.53001	0.5	-44.7952	27.0358	0	-0.0407954	-0.999168	0	None	None
ChainingRodShaped	13454	3.2813	0.5	-18.0319	64.7037	0	0.619396	0.785079	0	None	None
ChainingRodShaped	8541	4.48053	0.5	-44.3572	44.1842	0	0.590129	-0.807309	0	None	None
ChainingRodShaped	14802	3.29977	0.5	-122.775	23.0303	0	-0.999913	0.0131852	0	None	None
ChainingRodShaped	13790	3.48906	0.5	-78.9497	2.47925	0	-0.818353	-0.574715	0	None	None
ChainingRodShaped	14360	3.64413	0.5	42.5769	-7.65349	0	0.66737	0.744726	0	None	None
ChainingRodShaped	13098	3.05259	0.5	31.7438	-16.657	0	0.778189	0.62803	0	None	None
ChainingRodShaped	8551	4.914	0.5	19.3684	45.0106	0	-0.0263809	-0.999652	0	None	None
ChainingRodShaped	15936	3.1795	0.5	-35.7052	-36.8446	0	0.251339	-0.967899	0	None	None
ChainingRodShaped	15926	3.15399	0.5	-64.893	22.5484	0	0.882858	0.469641	0	None	None
ChainingRodShaped	8557	4.93923	0.5	64.3338	107.891	0	-0.72809	0.685481	0	11646	15057
ChainingRodShaped	14460	3.71725	0.5	-85.2151	77.5507	0	0.971273	-0.23797	0	None	None
ChainingRodShaped	16284	2.67525	0.5	-56.4099	41.9163	0	-0.0346204	0.999401	0	None	None
ChainingRodShaped	19558	2.06417	0.5	-74.7945	74.9164	0	0.984539	-0.175166	0	None	None
ChainingRodShaped	19214	2.09607	0.5	-43.7086	1.87512	0	0.874207	0.485553	0	None	None
ChainingRodShaped	17326	2.47513	0.5	-105.313	33.387	0	-0.575693	-0.817666	0	None	None
ChainingRodShaped	14410	4.06046	0.5	-68.7813	115.056	0	0.999514	0.0311698	0	None	None
ChainingRodShaped	13620	4.05859	0.5	-49.8934	-15.2845	0	0.988686	0.150002	0	None	None
ChainingRodShaped	14340	3.97387	0.5	-59.0935	27.2574	0	0.903033	0.429571	0	None	None
ChainingRodShaped	19148	2.20701	0.5	-13.1388	69.0407	0	0.145678	0.989332	0	None	None
ChainingRodShaped	8577	4.19852	0.5	35.9308	28.2319	0	0.469758	-0.882795	0	None	None
ChainingRodShaped	14642	3.05563	0.5	-35.4342	43.578	0	-0.52411	0.85165	0	None	None
ChainingRodShaped	14688	3.98159	0.5	-54.3113	103.075	0	-0.961616	-0.274397	0	None	None
ChainingRodShaped	13262	4.77027	0.5	-96.6825	-3.09341	0	0.487698	-0.873012	0	None	None
ChainingRodShaped	15268	3.55479	0.5	-68.1057	101.516	0	-0.961255	0.27566	0	None	None
ChainingRodShaped	14566	4.14847	0.5	-20.0104	-55.3601	0	-0.738743	-0.673987	0	None	None
ChainingRodShaped	18168	2.22471	0.5	21.6565	-67.7922	0	0.278661	-0.96039	0	18169	14843
ChainingRodShaped	8591	4.60807	0.5	-52.0918	107.069	0	-0.830382	-0.557195	0	None	None
ChainingRodShaped	16848	2.68907	0.5	40.7444	22.7834	0	0.497132	-0.867675	0	None	None
ChainingRodShaped	14980	3.70716	0.5	34.7469	70.5189	0	0.999549	0.0300293	0	None	None
ChainingRodShaped	16078	3.05889	0.5	-89.7115	46.725	0	-0.0729072	-0.997339	0	None	None
ChainingRodShaped	17770	2.27258	0.5	-87.6363	83.995	0	0.99961	0.0279225	0	None	None
ChainingRodShaped	8601	4.87965	0.5	-50.7764	76.5626	0	-0.988153	0.153471	0	None	None
ChainingRodShaped	13378	3.78824	0.5	-63.8559	-9.0713	0	-0.29798	-0.954572	0	None	None
ChainingRodShaped	14810	4.00371	0.5	19.4653	58.3909	0	0.384855	-0.922977	0	None	None
ChainingRodShaped	13920	4.41287	0.5	1.97674	46.4859	0	0.997018	0.0771723	0	None	None
ChainingRodShaped	8609	4.73612	0.5	-52.1838	26.6385	0	-0.572118	-0.820172	0	None	None
ChainingRodShaped	13616	4.47305	0.5	-89.3488	-10.8267	0	-0.853379	-0.521291	0	None	None
ChainingRodShaped	14316	4.28563	0.5	-79.0216	97.2175	0	-0.845839	-0.533438	0	None	None
ChainingRodShaped	16114	3.20581	0.5	-58.574	2.09704	0	-0.396409	-0.918074	0	None	None
ChainingRodShaped	16254	2.50981	0.5	43.1595	37.1513	0	0.274193	-0.961675	0	None	None
ChainingRodShaped	15716	2.90065	0.5	-61.5251	-22.2201	0	-0.999195	-0.0401285	0	None	None
ChainingRodShaped	18240	2.53002	0.5	-106.401	20.2995	0	0.523026	-0.852317	0	None	None
ChainingRodShaped	17224	2.93694	0.5	-1.59585	-28.8827	0	0.932832	-0.360311	0	None	None
ChainingRodShaped	8625	4.00116	0.5	22.0971	60.3065	0	0.468449	-0.883491	0	None	None
ChainingRodShaped	13468	4.23553	0.5	17.7681	76.6434	0	-0.979336	0.202238	0	None	None
ChainingRodShaped	14602	3.35098	0.5	-51.6434	67.0915	0	-0.935216	-0.354077	0	None	None
ChainingRodShaped	19428	2.10508	0.5	-44.9002	-10.3611	0	0.998865	0.0476292	0	None	None
ChainingRodShaped	8633	4.62964	0.5	-30.6654	9.72402	0	-0.347313	-0.937749	0	None	None
ChainingRodShaped	19150	2.22673	0.5	-17.6458	-18.8173	0	0.627706	0.77845	0	None	None
ChainingRodShaped	8637	4.45817	0.5	-59.5687	81.022	0	-0.8905	0.454983	0	None	None
ChainingRodShaped	16690	3.0331	0.5	-39.3537	101.27	0	0.32506	0.945693	0	None	None
ChainingRodShaped	13956	3.82968	0.5	-51.0915	34.1437	0	0.529168	-0.848517	0	None	None
ChainingRodShaped	16342	3.24789	0.5	21.7514	6.51388	0	-0.0235372	0.999723	0	None	None
ChainingRodShaped	16804	3.15213	0.5	-29.362	1.31032	0	-0.0614766	0.998109	0	None	None
ChainingRodShaped	14020	2.88065	0.5	-112.694	14.819	0	-0.458008	0.888948	0	None	None
ChainingRodShaped	15958	3.41694	0.5	1.86707	54.6247	0	0.422718	0.906261	0	None	None
ChainingRodShaped	13698	4.00267	0.5	26.428	-20.6907	0	-0.99621	0.0869795	0	None	None
ChainingRodShaped	18254	2.43373	0.5	-39.1011	45.656	0	-0.581054	0.813865	0	None	None
ChainingRodShaped	15014	2.82954	0.5	-84.7188	191.647	0	-0.985524	-0.169535	0	15015	18023
ChainingRodShaped	16568	3.1608	0.5	-70.1575	104.665	0	-0.885713	-0.464233	0	None	None
ChainingRodShaped	13350	3.15161	0.5	41.3988	-10.1919	0	0.712266	0.70191	0	None	None
ChainingRodShaped	8661	4.97151	0.5	33.8426	61.6009	0	-0.316432	-0.948615	0	None	None
ChainingRodShaped	17666	2.62229	0.5	62.8787	23.2962	0	-0.887417	-0.460968	0	None	None
ChainingRodShaped	14752	3.67363	0.5	-80.1654	52.2435	0	0.0304367	0.999537	0	None	None
ChainingRodShaped	17834	2.70076	0.5	45.1129	56.1711	0	0.938181	-0.346144	0	None	None
ChainingRodShaped	17838	2.59878	0.5	-18.3073	15.5404	0	0.820086	0.57224	0	None	None
ChainingRodShaped	8671	4.53826	0.5	6.26862	-3.70849	0	-0.999911	-0.0133601	0	None	None
ChainingRodShaped	8673	4.97625	0.5	-42.5816	-15.7725	0	-0.999509	-0.0313413	0	None	None
ChainingRodShaped	17316	2.49633	0.5	-114.855	57.8679	0	0.90404	-0.427447	0	None	None
ChainingRodShaped	13758	4.56083	0.5	-24.5876	-38.6882	0	0.348378	-0.937354	0	None	None
ChainingRodShaped	8679	4.59468	0.5	-86.4386	-30.2486	0	-0.398892	-0.916998	0	None	None
ChainingRodShaped	15518	3.40274	0.5	48.5911	35.6988	0	0.13029	-0.991476	0	None	None
ChainingRodShaped	13274	4.48615	0.5	-3.14543	93.4139	0	0.436756	0.89958	0	None	None
ChainingRodShaped	13716	4.55113	0.5	-44.0544	108.055	0	-0.0032757	-0.999995	0	None	None
ChainingRodShaped	8687	4.31847	0.5	-108.925	5.05606	0	0.218115	0.975923	0	None	None
ChainingRodShaped	14490	3.78247	0.5	-62.505	71.0107	0	-0.802919	-0.596088	0	None	None
ChainingRodShaped	8691	4.65065	0.5	-77.7881	66.1775	0	0.387718	0.921778	0	None	None
ChainingRodShaped	15234	3.10069	0.5	-79.4985	51.8216	0	0.0403165	0.999187	0	None	None
ChainingRodShaped	8695	4.53199	0.5	-37.6259	-56.8546	0	0.926742	0.375699	0	None	None
ChainingRodShaped	15668	3.6232	0.5	-35.6773	-4.54093	0	-0.207	-0.978341	0	None	None
ChainingRodShaped	8699	3.96694	0.5	-38.8766	12.6155	0	0.841191	0.540737	0	None	None
ChainingRodShaped	8701	4.2382	0.5	-14.407	-5.38077	0	-0.990935	-0.134343	0	None	None
ChainingRodShaped	14820	3.87264	0.5	-50.5882	39.4512	0	0.642578	-0.766221	0	None	None
ChainingRodShaped	17804	2.57898	0.5	-2.7475	-16.3226	0	0.876353	-0.481669	0	None	None
ChainingRodShaped	18668	2.38793	0.5	-10.528	75.262	0	-0.244285	0.969704	0	None	None
ChainingRodShaped	16754	2.72319	0.5	-113.708	46.5455	0	-0.958006	-0.286747	0	None	None
ChainingRodShaped	14722	3.83821	0.5	-67.8186	28.5295	0	0.879551	0.475805	0	None	None
ChainingRodShaped	16248	2.84388	0.5	138.349	80.8613	0	-0.875516	0.483189	0	16249	8712
ChainingRodShaped	8715	4.71463	0.5	-10.5447	40.6594	0	0.874635	0.484781	0	None	None
ChainingRodShaped	19012	2.23262	0.5	-13.4747	-0.0509347	0	0.929227	-0.369509	0	None	None
ChainingRodShaped	15822	2.88392	0.5	-76.8829	-50.9904	0	0.979167	-0.203057	0	None	None
ChainingRodShaped	15082	2.80111	0.5	38.6206	20.8389	0	0.678687	-0.734427	0	None	None
ChainingRodShaped	19698	2.02088	0.5	-54.1277	50.6389	0	0.336328	-0.941745	0	None	None
ChainingRodShaped	8725	4.92165	0.5	-80.2369	42.2331	0	-0.0402189	0.999191	0	None	None
ChainingRodShaped	16146	3.24297	0.5	-70.6695	-20.2283	0	-0.986805	0.161915	0	None	None
ChainingRodShaped	8729	4.14388	0.5	-54.2653	7.79525	0	0.0832659	-0.996527	0	None	None
ChainingRodShaped	8731	4.39787	0.5	8.63322	34.8427	0	0.958645	0.284606	0	None	None
ChainingRodShaped	8733	4.20193	0.5	-69.0723	1.32921	0	0.274536	0.961577	0	None	None
ChainingRodShaped	13846	3.96108	0.5	-86.3483	28.8509	0	-0.855618	-0.517608	0	None	None
ChainingRodShaped	13538	4.29493	0.5	-16.4754	14.4687	0	0.833673	0.552258	0	None	None
ChainingRodShaped	8739	4.93738	0.5	-109.623	5.56594	0	0.227828	0.973701	0	None	None
ChainingRodShaped	13720	4.43443	0.5	-83.9096	22.1814	0	0.839695	0.543059	0	None	None
ChainingRodShaped	14636	3.52118	0.5	-47.6662	17.4302	0	-0.0767257	-0.997052	0	None	None
ChainingRodShaped	14100	3.9846	0.5	-4.99094	96.0173	0	0.169513	-0.985528	0	None	None
ChainingRodShaped	13514	4.34415	0.5	-61.2225	29.4867	0	0.881638	0.471926	0	None	None
ChainingRodShaped	15656	3.02799	0.5	1.34075	6.32311	0	-0.695218	-0.718799	0	None	None
ChainingRodShaped	15534	3.28897	0.5	-2.93739	10.1695	0	-0.941305	-0.337556	0	None	None
ChainingRodShaped	14276	4.32193	0.5	-76.9608	-43.5154	0	0.88576	0.464143	0	None	None
ChainingRodShaped	17664	2.4843	0.5	-43.8009	70.3156	0	-0.970642	-0.240528	0	None	None
ChainingRodShaped	15096	2.79209	0.5	123.46	75.5301	0	0.991947	-0.126654	0	15097	16409
ChainingRodShaped	8759	4.83553	0.5	34.3976	37.6194	0	0.193352	-0.981129	0	None	None
ChainingRodShaped	8761	4.02516	0.5	-30.3836	30.7485	0	0.982625	-0.185602	0	None	None
ChainingRodShaped	17984	2.52586	0.5	-66.3096	91.6416	0	0.787002	-0.616951	0	None	None
ChainingRodShaped	14412	4.22432	0.5	29.3756	-23.2832	0	0.997963	0.063803	0	None	None
ChainingRodShaped	19188	2.07636	0.5	-27.5314	36.11	0	-0.232799	0.972525	0	None	None
ChainingRodShaped	18314	2.40071	0.5	-110.2	44.8701	0	0.971148	0.238477	0	None	None
ChainingRodShaped	14256	3.49761	0.5	3.34765	77.818	0	0.157132	0.987578	0	None	None
ChainingRodShaped	15004	3.48852	0.5	40.0045	-25.3205	0	-0.775344	-0.631539	0	None	None
ChainingRodShaped	8775	4.22716	0.5	-82.6095	-13.551	0	-0.041809	0.999126	0	None	None
ChainingRodShaped	13370	3.77514	0.5	-127.05	44.3472	0	-0.857728	0.514104	0	None	None
ChainingRodShaped	8779	4.53784	0.5	8.87215	106.704	0	-0.986515	0.163671	0	None	None
ChainingRodShaped	15314	3.09824	0.5	-128.403	35.6903	0	-0.995731	-0.0922985	0	None	None
ChainingRodShaped	14638	3.83735	0.5	-92.5975	-32.0932	0	0.802515	0.596632	0	None	None
ChainingRodShaped	8785	4.6066	0.5	-6.28238	29.9201	0	-0.436247	-0.899827	0	None	None
ChainingRodShaped	18208	2.40927	0.5	-108.435	-15.6165	0	0.735409	-0.677623	0	None	None
ChainingRodShaped	8789	3.94609	0.5	19.1474	21.1906	0	0.989448	0.144891	0	None	None
ChainingRodShaped	15632	3.227	0.5	-7.67865	15.4178	0	-0.624504	0.781022	0	None	None
ChainingRodShaped	15198	3.15262	0.5	-33.191	187.286	0	-0.19424	-0.980954	0	15199	15395
ChainingRodShaped	8795	3.60773	0.5	46.2361	-32.4906	0	0.627319	0.778762	0	13592	15007
ChainingRodShaped	18652	2.1731	0.5	113.682	21.8294	0	-0.802823	-0.596217	0	18653	17417
ChainingRodShaped	13602	3.73381	0.5	-68.3981	41.7059	0	-0.0869934	0.996209	0	None	None
ChainingRodShaped	14186	2.83803	0.5	-61.3949	28.5674	0	0.886302	0.463108	0	None	None
ChainingRodShaped	15260	3.78047	0.5	-83.9817	5.92478	0	0.833786	0.552088	0	None	None
ChainingRodShaped	16652	2.56628	0.5	-226.893	-10.8787	0	-0.0487562	-0.998811	0	16653	19143
ChainingRodShaped	18898	2.29964	0.5	39.6876	17.5481	0	-0.44246	0.896788	0	None	None
ChainingRodShaped	15850	2.889	0.5	27.0332	40.1508	0	-0.249399	0.968401	0	None	None
ChainingRodShaped	17698	2.33196	0.5	-74.4992	-4.51847	0	-0.813277	0.581877	0	None	None
ChainingRodShaped	8813	4.62567	0.5	-117.464	42.9427	0	0.953315	0.301977	0	None	None
ChainingRodShaped	8815	4.98141	0.5	-170.637	39.8277	0	-0.981689	-0.190488	0	8348	8814
ChainingRodShaped	15018	2.82241	0.5	-5.3371	39.0768	0	0.921044	0.389458	0	None	None
ChainingRodShaped	17552	2.79305	0.5	1.33572	91.3405	0	0.315825	0.948818	0	None	None
ChainingRodShaped	13692	3.43153	0.5	26.9757	-19.1414	0	0.996213	-0.0869485	0	None	None
ChainingRodShaped	8823	4.35414	0.5	8.10346	12.5913	0	-0.561901	0.827205	0	None	None
ChainingRodShaped	14388	3.34006	0.5	33.7489	16.6587	0	-0.241868	-0.970309	0	None	None
ChainingRodShaped	19264	2.14257	0.5	-150.181	42.6182	0	-0.975186	-0.221386	0	19265	8826
ChainingRodShaped	16644	2.95402	0.5	-48.9641	98.7426	0	-0.973064	-0.230535	0	None	None
ChainingRodShaped	8831	4.1917	0.5	-183.973	137.128	0	-0.771956	-0.635676	0	16366	18305
ChainingRodShaped	8833	4.64056	0.5	-22.8934	-22.5641	0	0.467124	0.884192	0	None	None
ChainingRodShaped	18046	2.50532	0.5	-16.5361	47.9254	0	0.916141	-0.400856	0	None	None
ChainingRodShaped	19364	2.06683	0.5	-13.1904	76.6382	0	-0.293085	0.956086	0	None	None
ChainingRodShaped	15660	2.73569	0.5	-39.6062	107.194	0	0.0428809	-0.99908	0	None	None
ChainingRodShaped	17240	2.32518	0.5	38.5298	-0.48807	0	-0.952851	-0.30344	0	17241	8840
ChainingRodShaped	17716	2.633	0.5	-103.089	-19.4583	0	0.875374	-0.483446	0	None	None
ChainingRodShaped	8845	3.93477	0.5	42.7393	93.2776	0	0.619626	-0.784897	0	None	None
ChainingRodShaped	14616	3.8282	0.5	-26.0815	103.689	0	-0.959013	-0.283361	0	None	None
ChainingRodShaped	16730	2.43842	0.5	20.2068	106.704	0	-0.719907	-0.694071	0	None	None
ChainingRodShaped	16226	3.13424	0.5	-35.0338	129.063	0	-0.992971	0.118361	0	16227	15003
ChainingRodShaped	19296	2.15588	0.5	-51.7223	117.937	0	0.482897	-0.875677	0	None	None
ChainingRodShaped	8855	4.73134	0.5	-41.6218	-39.5404	0	0.738812	0.673912	0	None	None
ChainingRodShaped	14070	4.20811	0.5	25.9429	20.7843	0	0.942737	0.333536	0	None	None
ChainingRodShaped	13770	3.05983	0.5	-80.5696	110.728	0	-0.95739	0.288798	0	None	None
ChainingRodShaped	13914	4.30197	0.5	41.0053	92.5367	0	0.616909	-0.787035	0	None	None
ChainingRodShaped	8863	3.96453	0.5	-77.3911	65.1573	0	0.396892	0.917865	0	None	None
ChainingRodShaped	16008	2.57869	0.5	-40.1056	78.838	0	0.999833	-0.0182521	0	None	None
ChainingRodShaped	8867	4.8128	0.5	-50.8676	2.32782	0	0.0882781	-0.996096	0	None	None
ChainingRodShaped	16088	2.82921	0.5	8.78325	-53.9338	0	-0.40262	0.915367	0	None	None
ChainingRodShaped	14232	3.77681	0.5	37.1798	2.50133	0	-0.952796	-0.303612	0	None	None
ChainingRodShaped	15950	3.14565	0.5	-56.9001	6.14235	0	0.0539586	-0.998543	0	None	None
ChainingRodShaped	16272	3.07864	0.5	-39.3215	127.548	0	-0.997211	0.0746365	0	None	None
ChainingRodShaped	8877	4.61984	0.5	-4.02545	29.6352	0	0.409139	0.912472	0	None	None
ChainingRodShaped	8879	4.62372	0.5	10.984	53.1303	0	0.491651	0.870792	0	None	None
ChainingRodShaped	8881	4.51049	0.5	24.6735	-34.1795	0	-0.490123	-0.871653	0	None	None
ChainingRodShaped	8883	3.92085	0.5	-84.1453	-15.9137	0	-0.0395764	0.999217	0	None	None
ChainingRodShaped	17318	2.77972	0.5	24.7306	110.111	0	-0.648445	-0.761261	0	None	None
ChainingRodShaped	14264	3.58773	0.5	-93.2402	-34.8022	0	0.810828	0.585284	0	None	None
ChainingRodShaped	14370	3.09302	0.5	-0.595629	22.7009	0	0.299018	0.954248	0	None	None
ChainingRodShaped	15488	3.10255	0.5	-46.5877	-38.4116	0	-0.69702	-0.717052	0	None	None
ChainingRodShaped	16004	2.919	0.5	-21.9249	-59.691	0	0.460396	0.887714	0	None	None
ChainingRodShaped	8895	4.10541	0.5	-38.6296	72.2401	0	-0.978937	-0.204161	0	None	None
ChainingRodShaped	18546	2.24137	0.5	-15.3216	96.1526	0	0.221782	0.975096	0	None	None
ChainingRodShaped	8899	4.23842	0.5	-45.775	109.632	0	0.0113741	-0.999935	0	None	None
ChainingRodShaped	19484	2.07673	0.5	-82.0628	100.856	0	-0.831048	-0.556201	0	None	None
ChainingRodShaped	8903	4.9513	0.5	-117.108	35.2276	0	0.996698	0.0811991	0	None	None
ChainingRodShaped	14022	4.36687	0.5	-79.3262	12.0352	0	0.837379	0.546622	0	None	None
ChainingRodShaped	14816	3.14729	0.5	0.378508	66.9022	0	0.473808	0.880628	0	None	None
ChainingRodShaped	8909	4.56711	0.5	-28.0849	35.7944	0	-0.222807	0.974863	0	None	None
ChainingRodShaped	8911	4.67964	0.5	-26.1976	-30.3381	0	0.367965	-0.92984	0	None	None
ChainingRodShaped	8913	4.40029	0.5	40.2415	-13.6451	0	-0.729509	-0.683972	0	None	None
ChainingRodShaped	8915	4.91236	0.5	-3.36514	18.9093	0	0.314897	0.949126	0	None	None
ChainingRodShaped	13918	4.26011	0.5	-13.9081	88.0768	0	-0.0791084	0.996866	0	None	None
ChainingRodShaped	14886	3.15344	0.5	2.02921	-56.7027	0	-0.842392	-0.538865	0	None	None
ChainingRodShaped	8921	4.14505	0.5	-65.2754	-46.0866	0	-0.262859	-0.964834	0	None	None
ChainingRodShaped	18000	2.43934	0.5	-20.5687	60.2555	0	0.934398	0.356232	0	None	None
ChainingRodShaped	14260	3.75711	0.5	56.3306	51.6743	0	0.816484	-0.577368	0	None	None
ChainingRodShaped	8927	4.22381	0.5	-70.0547	46.8452	0	-0.0783204	0.996928	0	None	None
ChainingRodShaped	13708	3.34867	0.5	-32.9769	-24.3977	0	0.981156	0.193219	0	None	None
ChainingRodShaped	17682	2.45794	0.5	-125.226	45.3906	0	0.847291	-0.531129	0	None	None
ChainingRodShaped	14060	2.83695	0.5	-27.5283	50.6553	0	0.800196	0.599738	0	None	None
ChainingRodShaped	15750	2.53227	0.5	147.499	-79.5403	0	-0.392804	-0.919622	0	15751	8934
ChainingRodShaped	15724	2.809	0.5	-33.7671	85.9483	0	0.994485	-0.104882	0	None	None
ChainingRodShaped	14620	2.7404	0.5	-64.5707	75.4422	0	0.895033	-0.445999	0	None	None
ChainingRodShaped	16994	2.76032	0.5	-113.419	19.3229	0	-0.515933	0.856629	0	None	None
ChainingRodShaped	8943	4.43025	0.5	4.15427	-21.9007	0	0.884358	-0.466809	0	None	None
ChainingRodShaped	15058	2.96722	0.5	-3.58831	-43.2799	0	-0.520584	-0.853811	0	None	None
ChainingRodShaped	8947	4.61017	0.5	-118.542	57.8339	0	-0.529292	-0.84844	0	None	None
ChainingRodShaped	8949	4.76599	0.5	73.4693	-0.454028	0	-0.791375	-0.611331	0	11614	8948
ChainingRodShaped	16728	3.10131	0.5	-12.9708	45.2874	0	0.892695	0.450661	0	None	None
ChainingRodShaped	8953	4.59878	0.5	-99.4235	-32.7117	0	-0.256429	-0.966563	0	None	None
ChainingRodShaped	18644	2.37353	0.5	-61.5999	31.0756	0	0.862133	0.506683	0	None	None
ChainingRodShaped	14572	3.74376	0.5	-43.8302	-61.9646	0	-0.980512	0.196459	0	None	None
ChainingRodShaped	18190	2.47914	0.5	46.3746	58.478	0	0.915275	-0.402831	0	None	None
ChainingRodShaped	19474	2.04945	0.5	20.514	25.3573	0	0.987323	-0.158722	0	None	None
ChainingRodShaped	8963	4.4953	0.5	-47.866	130.271	0	-0.993054	0.117663	0	15002	8962
ChainingRodShaped	14224	3.09899	0.5	-83.0892	61.0101	0	-0.132709	-0.991155	0	None	None
ChainingRodShaped	8967	4.87577	0.5	-62.5299	-69.6348	0	-0.999589	0.0286567	0	12514	8966
ChainingRodShaped	8969	4.78446	0.5	-110.701	70.2626	0	0.0915566	-0.9958	0	None	None
ChainingRodShaped	18430	2.40071	0.5	20.4873	64.8724	0	0.949882	-0.312608	0	None	None
ChainingRodShaped	8973	4.32632	0.5	-35.044	70.1142	0	-0.97892	-0.204242	0	None	None
ChainingRodShaped	14458	3.03203	0.5	-20.0098	102.967	0	0.756695	0.653768	0	None	None
ChainingRodShaped	15328	2.83021	0.5	-72.4355	-27.8377	0	0.992811	-0.119695	0	None	None
ChainingRodShaped	8979	4.39943	0.5	-8.78532	60.2331	0	0.930394	-0.36656	0	None	None
ChainingRodShaped	16944	2.65951	0.5	-7.75434	-50.8658	0	0.504305	0.863526	0	None	None
ChainingRodShaped	15576	3.2725	0.5	-95.0438	21.6166	0	0.311271	-0.950321	0	None	None
ChainingRodShaped	19566	2.03182	0.5	-73.3109	-68.7534	0	0.999431	-0.03374	0	19567	17233
ChainingRodShaped	8987	4.54897	0.5	-189.085	111.869	0	0.312192	-0.950019	0	11382	8986
ChainingRodShaped	15238	2.75421	0.5	7.74685	70.6131	0	0.55886	0.829262	0	None	None
ChainingRodShaped	14532	3.80223	0.5	6.24021	39.5099	0	0.998474	0.0552154	0	None	None
ChainingRodShaped	8993	4.26969	0.5	-71.3812	53.3627	0	-0.459342	-0.888259	0	None	None
ChainingRodShaped	13784	3.49504	0.5	1.17629	13.4985	0	-0.892608	-0.450833	0	None	None
ChainingRodShaped	14024	3.06495	0.5	-70.5871	-22.7416	0	-0.98945	0.144874	0	None	None
ChainingRodShaped	17884	2.29221	0.5	-23.5091	117.201	0	-0.767452	0.641106	0	None	None
ChainingRodShaped	15590	3.01608	0.5	-52.311	39.6131	0	0.657705	-0.753276	0	None	None
ChainingRodShaped	18400	2.36905	0.5	-73.9693	12.5979	0	0.831496	0.555531	0	None	None
ChainingRodShaped	14974	3.51253	0.5	-65.668	-9.73838	0	0.307131	0.951667	0	None	None
ChainingRodShaped	18722	2.32542	0.5	-79.1622	72.2825	0	-0.984929	0.172958	0	None	None
ChainingRodShaped	15092	3.24356	0.5	-9.19925	-38.8329	0	0.816337	0.577576	0	None	None
ChainingRodShaped	17904	2.25045	0.5	56.1638	-11.4723	0	0.639506	0.768786	0	None	None
ChainingRodShaped	15212	3.79841	0.5	65.7474	7.99162	0	0.921968	0.387266	0	None	None
ChainingRodShaped	13924	3.39324	0.5	8.51453	58.2374	0	0.488345	0.872651	0	None	None
ChainingRodShaped	9017	4.81916	0.5	-33.7748	-42.6127	0	-0.659972	-0.75129	0	None	None
ChainingRodShaped	15410	2.69475	0.5	-66.2329	-9.08099	0	0.297538	0.95471	0	None	None
ChainingRodShaped	14676	3.29432	0.5	-48.3216	122.004	0	0.57702	-0.81673	0	None	None
ChainingRodShaped	9023	4.60304	0.5	-81.0466	-21.3096	0	-0.978095	0.208158	0	None	None
ChainingRodShaped	14062	3.72347	0.5	-17.8452	50.4396	0	0.833207	-0.552961	0	None	None
ChainingRodShaped	15588	3.37927	0.5	-75.0587	36.608	0	-0.626159	-0.779695	0	None	None
ChainingRodShaped	14614	3.71355	0.5	-92.9112	74.5884	0	-0.984175	0.177198	0	None	None
ChainingRodShaped	9031	4.50189	0.5	24.853	15.6021	0	0.942062	0.33544	0	None	None
ChainingRodShaped	9033	4.34047	0.5	-29.1367	-19.7692	0	-0.798621	-0.601834	0	13196	9032
ChainingRodShaped	16432	3.22097	0.5	-4.5738	57.5647	0	0.9296	-0.368571	0	None	None
ChainingRodShaped	14336	3.7845	0.5	-52.0035	-44.2391	0	0.612595	0.790397	0	None	None
ChainingRodShaped	16816	2.51926	0.5	-197.711	7.95224	0	-0.531835	0.846848	0	16817	9038
ChainingRodShaped	16300	3.14047	0.5	-64.8928	37.2404	0	0.755953	0.654626	0	None	None
ChainingRodShaped	16932	2.38165	0.5	16.0272	-4.85439	0	-0.618566	0.785733	0	None	None
ChainingRodShaped	14178	3.34042	0.5	-29.8515	51.0942	0	0.999675	0.0254755	0	None	None
ChainingRodShaped	14732	3.46544	0.5	-122.716	38.8124	0	0.98238	-0.186894	0	None	None
ChainingRodShaped	14482	4.10275	0.5	17.4814	14.0552	0	-0.629998	0.776597	0	None	None
ChainingRodShaped	9051	4.25591	0.5	29.953	59.8118	0	-0.31459	-0.949228	0	None	None
ChainingRodShaped	9053	4.88522	0.5	-75.4491	-22.3067	0	-0.984654	0.174515	0	None	None
ChainingRodShaped	14976	3.4604	0.5	-10.6238	52.9187	0	0.697433	0.71665	0	None	None
ChainingRodShaped	14958	3.801	0.5	16.6844	13.9279	0	-0.622239	0.782828	0	None	None
ChainingRodShaped	9059	3.92321	0.5	-23.8477	26.6533	0	0.849875	-0.526985	0	None	None
ChainingRodShaped	9061	4.94219	0.5	27.804	7.47701	0	-0.0430495	0.999073	0	None	None
ChainingRodShaped	15840	3.15285	0.5	17.424	169.662	0	0.430646	0.902521	0	15841	9062
ChainingRodShaped	9065	4.50469	0.5	-48.3216	-25.6083	0	0.997848	0.0655678	0	None	None
ChainingRodShaped	9067	3.90642	0.5	55.3382	18.404	0	0.676353	0.736577	0	None	None
ChainingRodShaped	17604	2.56551	0.5	-20.5372	58.1885	0	0.999999	0.00140191	0	None	None
ChainingRodShaped	16968	2.96139	0.5	29.0242	-6.86663	0	0.983727	-0.179671	0	None	None
ChainingRodShaped	9073	4.16201	0.5	29.1955	51.5461	0	-0.274323	-0.961637	0	None	None
ChainingRodShaped	14498	3.07973	0.5	46.4405	31.7879	0	0.344115	-0.938928	0	None	None
ChainingRodShaped	14536	2.99808	0.5	-119.645	-4.50276	0	0.589141	-0.80803	0	None	None
ChainingRodShaped	9079	4.59348	0.5	-51.3091	59.0638	0	0.15152	-0.988454	0	None	None
ChainingRodShaped	9081	4.09702	0.5	-108.837	-3.19874	0	0.058646	0.998279	0	None	None
ChainingRodShaped	16794	2.44969	0.5	199.438	127.506	0	-0.79656	-0.60456	0	16795	9082
ChainingRodShaped	16880	2.69024	0.5	-97.8206	96.3745	0	-0.887109	-0.46156	0	None	None
ChainingRodShaped	17114	2.62604	0.5	-24.326	42.5291	0	0.567525	-0.823356	0	None	None
ChainingRodShaped	19034	2.22443	0.5	-81.0154	59.3329	0	0.0760122	0.997107	0	None	None
ChainingRodShaped	17922	2.5744	0.5	55.3848	43.1366	0	-0.936784	-0.349908	0	None	None
ChainingRodShaped	15862	3.20337	0.5	-80.57	-8.75842	0	-0.637873	0.770142	0	None	None
ChainingRodShaped	9095	4.06747	0.5	-99.7682	98.2086	0	0.882499	0.470313	0	10558	9094
ChainingRodShaped	14860	3.67091	0.5	-42.8284	-26.0216	0	0.998398	0.0565892	0	None	None
ChainingRodShaped	16036	2.95767	0.5	-11.3646	190.991	0	0.413121	0.910676	0	16037	9098
ChainingRodShaped	15932	3.26854	0.5	13.44	55.617	0	0.558283	0.829651	0	None	None
ChainingRodShaped	15794	2.54763	0.5	15.7206	108.277	0	-0.997234	-0.0743196	0	None	None
ChainingRodShaped	14118	3.19993	0.5	2.17864	-6.59316	0	-0.998615	0.0526086	0	None	None
ChainingRodShaped	17266	2.56891	0.5	7.70459	100.514	0	-0.948975	-0.315351	0	None	None
ChainingRodShaped	14718	3.37345	0.5	-31.1613	-18.6426	0	-0.802185	-0.597076	0	None	None
ChainingRodShaped	16922	3.01715	0.5	57.5089	6.80292	0	-0.870501	-0.492167	0	None	None
ChainingRodShaped	15480	3.01297	0.5	0.35242	62.0441	0	0.489418	0.872049	0	None	None
ChainingRodShaped	19200	2.19241	0.5	-93.6633	-36.2549	0	0.812304	0.583234	0	None	None
ChainingRodShaped	17556	2.31795	0.5	-23.3528	25.463	0	0.844554	-0.53547	0	None	None
ChainingRodShaped	9119	4.6093	0.5	-13.7005	151.744	0	0.92623	-0.37696	0	15582	9118
ChainingRodShaped	17522	2.86929	0.5	-28.765	67.8919	0	-0.993333	0.115283	0	None	None
ChainingRodShaped	9123	3.83994	0.5	-56.1984	50.3862	0	0.343633	-0.939104	0	None	None
ChainingRodShaped	9125	4.84067	0.5	7.30388	96.726	0	0.99922	0.0394962	0	None	None
ChainingRodShaped	18658	2.24865	0.5	-122.043	32.9565	0	0.958345	0.285614	0	None	None
ChainingRodShaped	14792	3.42997	0.5	-79.1502	13.0653	0	0.842763	0.538284	0	None	None
ChainingRodShaped	9131	4.6403	0.5	-5.88345	8.15638	0	-0.999924	0.0123322	0	None	None
ChainingRodShaped	16304	2.76846	0.5	147.708	-50.3097	0	0.463864	-0.885906	0	16305	18043
ChainingRodShaped	19124	2.09452	0.5	-103.661	85.4772	0	-0.572626	-0.819817	0	None	None
ChainingRodShaped	16606	2.91809	0.5	-90.8675	4.92921	0	0.802503	0.596648	0	None	None
ChainingRodShaped	9139	4.82869	0.5	101.65	55.0618	0	0.311281	0.950318	0	12368	16007
ChainingRodShaped	17496	2.809	0.5	-114.598	15.1755	0	0.440123	-0.897937	0	None	None
ChainingRodShaped	16198	3.0279	0.5	-23.8699	-21.1358	0	0.373938	0.927454	0	None	None
ChainingRodShaped	9145	4.07048	0.5	-60.6169	12.1638	0	-0.241452	-0.970413	0	None	None
ChainingRodShaped	14984	3.12775	0.5	-5.81736	-5.40605	0	-0.999697	0.0246328	0	None	None
ChainingRodShaped	14510	3.26574	0.5	-45.987	85.4002	0	0.999077	-0.0429483	0	None	None
ChainingRodShaped	16184	3.43164	0.5	-48.9951	90.5749	0	0.999761	-0.0218484	0	None	None
ChainingRodShaped	14714	3.462	0.5	-80.333	-48.2332	0	0.977112	-0.212727	0	None	None
ChainingRodShaped	17370	2.87074	0.5	-86.69	61.7924	0	-0.41222	-0.911084	0	None	None
ChainingRodShaped	19030	2.13814	0.5	8.2826	-11.5303	0	0.999956	0.00938708	0	None	None
ChainingRodShaped	9159	3.92997	0.5	-102.086	-0.538156	0	0.149737	-0.988726	0	None	None
ChainingRodShaped	15918	3.4342	0.5	-6.38701	-12.9143	0	0.999693	-0.0247587	0	None	None
ChainingRodShaped	15046	3.22119	0.5	-30.8634	39.2603	0	-0.518549	0.855048	0	None	None
ChainingRodShaped	9165	3.94108	0.5	-65.52	52.8469	0	0.719262	0.694739	0	None	None
ChainingRodShaped	16706	2.50271	0.5	7.26946	16.0403	0	-0.654486	0.756074	0	None	None
ChainingRodShaped	9169	4.09903	0.5	-16.3975	33.2716	0	0.572518	0.819892	0	None	None
ChainingRodShaped	9171	4.72509	0.5	-53.9087	107.907	0	-0.819942	-0.572446	0	None	None
ChainingRodShaped	17826	2.30037	0.5	13.7755	-6.11622	0	-0.984817	-0.173594	0	None	None
ChainingRodShaped	9175	4.7666	0.5	7.46706	12.5086	0	-0.55373	0.832696	0	None	None
ChainingRodShaped	17532	2.31097	0.5	58.206	9.91997	0	-0.543086	-0.839677	0	None	None
ChainingRodShaped	9179	4.1158	0.5	-24.8467	158.831	0	0.713822	-0.700328	0	14652	15583
ChainingRodShaped	9181	4.90641	0.5	-51.7632	-53.6493	0	0.592961	0.805231	0	None	None
ChainingRodShaped	9183	4.27659	0.5	49.9527	73.9369	0	-0.820527	0.571608	0	None	None
ChainingRodShaped	17638	2.29757	0.5	-28.2095	22.7101	0	0.916601	-0.399804	0	None	None
ChainingRodShaped	16032	2.87476	0.5	-23.0504	126.37	0	-0.943605	0.331075	0	16033	9186
ChainingRodShaped	9189	4.54819	0.5	-83.3779	81.754	0	0.998734	-0.0503016	0	None	None
ChainingRodShaped	9191	3.87039	0.5	113.834	104.684	0	-0.669927	-0.742427	0	17404	9190
ChainingRodShaped	19106	2.14606	0.5	-51.9595	21.2861	0	-0.134258	-0.990946	0	None	None
ChainingRodShaped	9195	4.01081	0.5	5.13628	3.48389	0	0.550665	0.834727	0	None	None
ChainingRodShaped	17880	2.25616	0.5	4.13686	35.8127	0	-0.963925	-0.266174	0	None	None
ChainingRodShaped	17972	2.42533	0.5	-49.3405	-14.5148	0	0.990146	0.14004	0	None	None
ChainingRodShaped	14376	3.19404	0.5	-65.1986	-5.86135	0	0.654691	-0.755897	0	None	None
ChainingRodShaped	14328	3.94528	0.5	-97.8768	-13.2412	0	-1	0.000157292	0	None	None
ChainingRodShaped	17814	2.40369	0.5	-88.9754	-36.4462	0	0.0139214	-0.999903	0	None	None
ChainingRodShaped	9207	4.70584	0.5	-188.182	30.7522	0	-0.667588	-0.744531	0	13552	17739
ChainingRodShaped	9209	4.04504	0.5	63.2563	25.5462	0	0.878015	0.478634	0	None	None
ChainingRodShaped	9211	4.31791	0.5	14.9668	156.071	0	-0.0737504	0.997277	0	9304	9210
ChainingRodShaped	14464	2.82396	0.5	-61.9229	53.2343	0	0.726255	0.687426	0	None	None
ChainingRodShaped	14708	3.96406	0.5	-113.104	-4.38468	0	-0.528738	0.848785	0	None	None
ChainingRodShaped	9217	3.8611	0.5	-67.9215	136.041	0	0.887314	-0.461166	0	6728	9216
ChainingRodShaped	9219	4.15813	0.5	-56.836	75.6656	0	-0.396999	0.917819	0	None	None
ChainingRodShaped	9221	4.62475	0.5	98.3513	-107.504	0	-0.831659	0.555286	0	15308	9220
ChainingRodShaped	16244	2.64345	0.5	48.1389	8.98063	0	-0.942569	-0.334012	0	None	None
ChainingRodShaped	14876	3.49974	0.5	-91.8343	41.8201	0	-0.211191	-0.977445	0	None	None
ChainingRodShaped	9227	4.37227	0.5	14.3064	203.912	0	0.937225	-0.348724	0	13492	9226
ChainingRodShaped	9229	4.82363	0.5	-105.11	-146.29	0	-0.795142	-0.606423	0	10172	9228
ChainingRodShaped	9231	4.58295	0.5	38.6263	32.0379	0	0.385319	-0.922783	0	None	None
ChainingRodShaped	17724	2.42118	0.5	52.0605	64.6691	0	0.378351	-0.925662	0	None	None
ChainingRodShaped	9235	4.16857	0.5	-113.231	62.4382	0	-0.265622	-0.964077	0	None	None
ChainingRodShaped	9237	4.70243	0.5	-1.8641	15.1615	0	0.953585	0.301125	0	None	None
ChainingRodShaped	9239	4.64143	0.5	-49.1513	63.6591	0	0.912138	-0.409884	0	None	None
ChainingRodShaped	17304	2.46868	0.5	126.807	83.5074	0	-0.995493	-0.0948371	0	17305	9240
ChainingRodShaped	14132	3.32258	0.5	9.17345	6.34099	0	-0.514637	0.857408	0	None	None
ChainingRodShaped	15540	3.18602	0.5	-61.8694	20.0649	0	0.850538	0.525913	0	None	None
ChainingRodShaped	16766	3.09207	0.5	-101.227	38.8235	0	0.987274	-0.159026	0	None	None
ChainingRodShaped	9249	4.72852	0.5	-108.607	14.3449	0	-0.486273	0.873807	0	None	None
ChainingRodShaped	9251	4.50854	0.5	-215.903	14.9012	0	-0.912859	-0.408274	0	16138	15857
ChainingRodShaped	14484	3.23727	0.5	-64.0795	120.18	0	-0.658694	0.752411	0	None	None
ChainingRodShaped	9255	4.97168	0.5	-84.7948	28.8786	0	0.857628	0.51427	0	None	None
ChainingRodShaped	9257	4.84426	0.5	-4.29494	96.3932	0	-0.179345	0.983786	0	None	None
ChainingRodShaped	14192	3.74907	0.5	-32.3718	29.8645	0	0.981914	-0.189326	0	None	None
ChainingRodShaped	15790	3.30031	0.5	7.928	30.2408	0	-0.94152	-0.336956	0	None	None
ChainingRodShaped	9263	3.95126	0.5	29.5026	84.9727	0	0.375052	0.927004	0	None	None
ChainingRodShaped	16858	3.12893	0.5	-34.2384	57.1928	0	0.34336	-0.939204	0	None	None
ChainingRodShaped	14622	2.88494	0.5	53.6396	27.6195	0	0.435443	0.900216	0	None	None
ChainingRodShaped	16116	3.19073	0.5	-71.9763	-46.301	0	0.663932	-0.747793	0	None	None
ChainingRodShaped	9271	4.73869	0.5	-172.328	141.374	0	-0.999159	-0.0409957	0	19430	16367
ChainingRodShaped	18590	2.33999	0.5	-61.6046	2.26566	0	-0.35919	-0.933265	0	None	None
ChainingRodShaped	15468	3.6218	0.5	-44.4737	6.64631	0	0.821504	0.570203	0	None	None
ChainingRodShaped	16204	2.78945	0.5	-170.708	168.695	0	-0.659726	-0.751506	0	16205	16723
ChainingRodShaped	9279	4.58033	0.5	29.1697	64.3178	0	0.995936	-0.0900603	0	None	None
ChainingRodShaped	9281	3.81348	0.5	73.0939	-72.2356	0	-0.828895	0.559404	0	13712	9280
ChainingRodShaped	9283	4.77793	0.5	63.4608	20.3574	0	-0.159798	-0.98715	0	None	None
ChainingRodShaped	19636	2.03086	0.5	5.85536	-9.19366	0	0.998651	-0.0519224	0	None	None
ChainingRodShaped	9287	4.62753	0.5	-37.3857	113.651	0	-0.122772	0.992435	0	None	None
ChainingRodShaped	19370	2.07053	0.5	-79.6203	109.468	0	-0.960243	0.279165	0	None	None
ChainingRodShaped	15098	3.60633	0.5	-57.0734	21.4128	0	-0.145043	-0.989425	0	None	None
ChainingRodShaped	17830	2.53361	0.5	208.534	7.2838	0	-0.813815	-0.581124	0	17831	9292
ChainingRodShaped	9295	4.87365	0.5	-115.092	4.96224	0	-0.169368	0.985553	0	None	None
ChainingRodShaped	9297	4.03962	0.5	195.058	114.402	0	0.797863	-0.602838	0	18858	18867
ChainingRodShaped	18496	2.21824	0.5	-68.8683	-34.3164	0	0.996223	-0.0868298	0	None	None
ChainingRodShaped	14400	3.75853	0.5	-37.4105	63.4392	0	0.134251	0.990947	0	None	None
ChainingRodShaped	16010	3.2071	0.5	-94.828	76.636	0	-0.992219	-0.124507	0	None	None
ChainingRodShaped	17166	2.7622	0.5	17.2912	146.671	0	-0.408875	0.912591	0	17167	9304
ChainingRodShaped	17690	2.67247	0.5	-42.5092	67.4907	0	0.988298	0.152537	0	None	None
ChainingRodShaped	14898	3.90793	0.5	-64.674	-37.9652	0	0.992966	-0.118398	0	None	None
ChainingRodShaped	17452	2.41194	0.5	40.6457	97.5507	0	0.580543	-0.81423	0	17453	15883
ChainingRodShaped	9313	3.93907	0.5	130.479	116.634	0	0.504483	0.863422	0	10190	17341
ChainingRodShaped	14610	3.25539	0.5	54.6617	6.39302	0	-0.901104	-0.433604	0	None	None
ChainingRodShaped	9317	4.82071	0.5	-50.4844	-46.2389	0	0.636148	0.771567	0	None	None
ChainingRodShaped	14392	2.86473	0.5	51.7979	15.8403	0	0.681298	0.732006	0	None	None
ChainingRodShaped	9321	4.5554	0.5	-71.7276	116.329	0	0.966685	0.255971	0	None	None
ChainingRodShaped	9323	4.46353	0.5	19.1042	101.607	0	0.994038	0.109036	0	None	None
ChainingRodShaped	18124	2.44964	0.5	14.9126	147.029	0	0.478389	-0.878148	0	18125	9324
ChainingRodShaped	17428	2.45087	0.5	-10.6942	17.1136	0	0.745819	0.666149	0	None	None
ChainingRodShaped	17126	2.59672	0.5	-98.3055	27.896	0	-0.764789	-0.644281	0	None	None
ChainingRodShaped	15188	3.20558	0.5	-43.1917	108.478	0	0.00675773	-0.999977	0	None	None
ChainingRodShaped	9333	4.86318	0.5	-147.6	-62.4469	0	0.99777	-0.0667505	0	5740	9332
ChainingRodShaped	9335	4.69133	0.5	-53.8955	57.6131	0	-0.0523615	-0.998628	0	None	None
ChainingRodShaped	15152	2.64506	0.5	62.5081	43.8948	0	0.931614	0.363449	0	None	None
ChainingRodShaped	16508	3.31131	0.5	-95.1221	17.7767	0	0.242881	-0.970056	0	None	None
ChainingRodShaped	14934	2.73682	0.5	-101.122	-1.29655	0	0.142842	-0.989745	0	None	None
ChainingRodShaped	15492	2.86273	0.5	26.2737	40.0798	0	-0.251696	0.967806	0	None	None
ChainingRodShaped	14342	3.95784	0.5	-28.9765	-22.4741	0	0.808104	0.58904	0	None	None
ChainingRodShaped	17020	2.50202	0.5	27.1272	17.2305	0	0.938229	0.346016	0	None	None
ChainingRodShaped	17434	2.84466	0.5	-46.1834	40.4217	0	0.589036	-0.808107	0	None	None
ChainingRodShaped	15836	3.20369	0.5	13.0086	51.2273	0	0.499969	0.866043	0	None	None
ChainingRodShaped	19268	2.17294	0.5	-16.8516	68.305	0	-0.677501	-0.735522	0	None	None
ChainingRodShaped	9355	4.75217	0.5	-62.4318	-31.3613	0	0.999388	-0.0349802	0	None	None
ChainingRodShaped	19498	2.07302	0.5	-80.7281	63.5489	0	-0.391199	-0.920306	0	None	None
ChainingRodShaped	9359	4.83109	0.5	-74.3425	45.5344	0	0.0683997	-0.997658	0	None	None
ChainingRodShaped	16236	3.0405	0.5	-104.83	53.0245	0	0.875357	-0.483478	0	None	None
ChainingRodShaped	9363	4.69935	0.5	-91.9698	66.3498	0	0.793725	0.608277	0	None	None
ChainingRodShaped	9365	4.37517	0.5	-112.818	93.49	0	0.887066	-0.461642	0	None	None
ChainingRodShaped	9367	4.44895	0.5	-28.672	-34.9327	0	-0.355144	-0.934812	0	None	None
ChainingRodShaped	17244	2.51704	0.5	115.406	50.0977	0	-0.950775	0.309882	0	17245	16287
ChainingRodShaped	15478	2.79246	0.5	-17.2138	89.1818	0	0.109887	-0.993944	0	None	None
ChainingRodShaped	17862	2.48676	0.5	-19.7642	-48.8727	0	0.97754	0.210749	0	None	None
ChainingRodShaped	9375	4.37681	0.5	0.152306	3.81587	0	-0.986927	0.161169	0	None	None
ChainingRodShaped	16742	3.0718	0.5	-3.5174	-9.07412	0	0.999793	-0.0203355	0	None	None
ChainingRodShaped	16288	2.58472	0.5	-179.409	-118.853	0	-0.515538	0.856866	0	16289	9378
ChainingRodShaped	14884	3.64891	0.5	-83.2708	106.598	0	-0.980319	0.197422	0	None	None
ChainingRodShaped	9383	3.57396	0.5	-159.42	174.833	0	-0.97009	-0.242745	0	14216	9382
ChainingRodShaped	17756	2.44805	0.5	-104.035	182.865	0	-0.883521	-0.468391	0	17757	9384
ChainingRodShaped	9387	4.57033	0.5	16.1907	25.0055	0	0.993592	-0.11303	0	None	None
ChainingRodShaped	9389	4.0636	0.5	-67.6922	138.17	0	-0.697	0.717071	0	17822	9388
ChainingRodShaped	14634	3.70449	0.5	-63.0487	-33.8233	0	0.998876	-0.0473934	0	None	None
ChainingRodShaped	9393	4.56792	0.5	0.105198	26.2831	0	-0.45079	-0.89263	0	None	None
ChainingRodShaped	17016	2.82268	0.5	24.0171	-29.6083	0	0.342517	-0.939512	0	None	None
ChainingRodShaped	9397	4.20687	0.5	-6.49259	-44.9334	0	0.465744	0.88492	0	None	None
ChainingRodShaped	9399	4.56265	0.5	-65.1642	111.543	0	0.998692	0.051132	0	None	None
ChainingRodShaped	9401	4.99897	0.5	61.8299	153.085	0	-0.281269	-0.959629	0	15402	9400
ChainingRodShaped	18352	2.35523	0.5	-9.87618	-103.825	0	-0.859858	0.510533	0	18353	9402
ChainingRodShaped	9405	4.54584	0.5	-56.6239	109.685	0	-0.884476	-0.466586	0	None	None
ChainingRodShaped	15938	2.57611	0.5	-81.7323	40.8525	0	0.0259882	-0.999662	0	None	None
ChainingRodShaped	16468	2.56523	0.5	-49.1352	59.6274	0	0.161409	-0.986888	0	None	None
ChainingRodShaped	18742	2.21918	0.5	57.8503	52.7003	0	0.0638634	-0.997959	0	None	None
ChainingRodShaped	17290	2.57294	0.5	-82.9971	19.1291	0	0.8509	0.525328	0	None	None
ChainingRodShaped	9415	4.19206	0.5	41.4708	-4.88243	0	0.964362	0.264586	0	None	None
ChainingRodShaped	16422	2.92331	0.5	-102.963	-35.3619	0	0.366651	-0.930359	0	16423	9416
ChainingRodShaped	9419	4.81862	0.5	-39.1976	32.3547	0	0.310186	-0.950676	0	None	None
ChainingRodShaped	16206	2.70535	0.5	-74.046	2.1009	0	-0.836069	-0.548624	0	None	None
ChainingRodShaped	9423	4.33789	0.5	-5.04569	-4.69277	0	-0.999401	0.0345989	0	None	None
ChainingRodShaped	18162	2.48673	0.5	13.0808	-36.4072	0	0.72298	0.690869	0	None	None
ChainingRodShaped	9427	4.74387	0.5	-36.2056	-3.61018	0	-0.216862	-0.976202	0	None	None
ChainingRodShaped	16752	2.58136	0.5	-149.503	132.093	0	-0.788157	0.615475	0	16753	9428
ChainingRodShaped	9431	3.49635	0.5	206.625	137.989	0	-0.331428	-0.943481	0	6900	9430
ChainingRodShaped	16846	3.09471	0.5	30.4624	27.6046	0	-0.0617536	0.998091	0	None	None
ChainingRodShaped	9435	4.44309	0.5	-5.53906	-22.8561	0	0.895807	-0.444442	0	None	None
ChainingRodShaped	14624	4.0242	0.5	52.8834	43.071	0	-0.919264	-0.393641	0	None	None
ChainingRodShaped	9439	3.77675	0.5	16.7131	10.824	0	-0.0606345	0.99816	0	None	None
ChainingRodShaped	9441	4.62714	0.5	-42.7805	4.2563	0	0.791887	0.610668	0	None	None
ChainingRodShaped	15558	3.60681	0.5	-77.2606	43.5022	0	0.0490853	-0.998795	0	None	None
ChainingRodShaped	9445	3.79942	0.5	32.6631	18.8323	0	0.24176	0.970336	0	None	None
ChainingRodShaped	9447	4.88299	0.5	33.8543	10.908	0	-0.185961	-0.982557	0	None	None
ChainingRodShaped	16322	3.04019	0.5	-92.1912	-112.512	0	0.0659648	-0.997822	0	16323	9448
ChainingRodShaped	9451	4.60892	0.5	19.1722	9.35869	0	-0.0897657	0.995963	0	None	None
ChainingRodShaped	19778	2.00004	0.5	2.30134	-50.2302	0	-0.00915254	0.999958	0	None	None
ChainingRodShaped	17208	2.48942	0.5	38.3834	14.4409	0	0.176721	0.984261	0	None	None
ChainingRodShaped	17606	2.37379	0.5	0.778259	110.6	0	0.99113	-0.132898	0	None	None
ChainingRodShaped	17220	2.55769	0.5	-16.0983	68.0438	0	-0.684866	-0.728669	0	None	None
ChainingRodShaped	9461	4.57344	0.5	-27.2264	25.7733	0	0.895675	-0.44471	0	None	None
ChainingRodShaped	9463	4.12283	0.5	-5.5924	86.8963	0	0.84237	0.5389	0	None	None
ChainingRodShaped	9465	4.39471	0.5	-204.22	14.1808	0	-0.860384	0.509647	0	9038	16139
ChainingRodShaped	18084	2.37823	0.5	-62.3421	2.45669	0	-0.349773	-0.936834	0	None	None
ChainingRodShaped	14574	3.56826	0.5	-18.1278	-20.7907	0	0.635195	0.772352	0	None	None
ChainingRodShaped	14992	3.63453	0.5	-62.5853	-43.4242	0	-0.994457	0.105143	0	None	None
ChainingRodShaped	17498	2.3152	0.5	-11.1917	33.2569	0	0.57161	0.820525	0	None	None
ChainingRodShaped	17146	2.55773	0.5	-37.951	74.7869	0	0.975936	0.218058	0	None	None
ChainingRodShaped	15206	2.64348	0.5	-24.8354	60.9063	0	0.94458	0.32828	0	None	None
ChainingRodShaped	15914	3.5047	0.5	-28.9459	47.7885	0	0.999684	-0.025138	0	None	None
ChainingRodShaped	19044	2.21545	0.5	7.59133	17.7198	0	-0.66442	0.747359	0	None	None
ChainingRodShaped	17760	2.43516	0.5	-121.4	21.245	0	0.999557	-0.0297564	0	None	None
ChainingRodShaped	15322	2.93312	0.5	-38.1464	120.423	0	-0.624352	0.781143	0	None	None
ChainingRodShaped	19384	2.06375	0.5	-66.5935	30.9451	0	0.868622	0.495475	0	None	None
ChainingRodShaped	9489	4.49135	0.5	-22.3806	64.2931	0	-0.923983	-0.382433	0	None	None
ChainingRodShaped	9491	4.62711	0.5	-84.8101	63.9476	0	-0.422281	-0.906465	0	None	None
ChainingRodShaped	18758	2.17331	0.5	109.35	226.764	0	-0.812349	0.583171	0	18759	9492
ChainingRodShaped	16548	2.73627	0.5	36.5185	13.2201	0	-0.184518	-0.982829	0	None	None
ChainingRodShaped	18578	2.32393	0.5	-3.97793	46.5738	0	0.907537	0.419971	0	None	None
ChainingRodShaped	14882	2.99162	0.5	-76.8165	30.4777	0	0.884412	0.466707	0	None	None
ChainingRodShaped	14662	3.45603	0.5	57.8768	0.673958	0	0.514313	0.857603	0	None	None
ChainingRodShaped	15022	3.57762	0.5	-29.3181	-57.48	0	0.917393	0.397983	0	None	None
ChainingRodShaped	17262	2.37085	0.5	-34.4119	111.51	0	0.196113	0.980581	0	None	None
ChainingRodShaped	16684	2.48601	0.5	-17.8039	15.1089	0	0.825714	0.564089	0	None	None
ChainingRodShaped	18740	2.22709	0.5	-91.0875	3.7422	0	0.79059	0.612346	0	None	None
ChainingRodShaped	9511	4.51187	0.5	48.7222	79.1775	0	-0.827444	0.561548	0	None	None
ChainingRodShaped	19764	2.00265	0.5	-75.3628	-34.4927	0	0.576723	0.81694	0	None	None
ChainingRodShaped	14922	3.4688	0.5	-33.0216	5.16199	0	-0.0994986	-0.995038	0	None	None
ChainingRodShaped	15392	3.56197	0.5	-31.9175	107.193	0	-0.268719	-0.963219	0	None	None
ChainingRodShaped	16028	2.94234	0.5	-42.582	61.5364	0	-0.00856728	-0.999963	0	None	None
ChainingRodShaped	17808	2.29884	0.5	111.36	151.534	0	0.350857	-0.936429	0	17809	18377
ChainingRodShaped	18908	2.12109	0.5	-30.1747	-47.5045	0	0.975976	0.217877	0	None	None
ChainingRodShaped	17492	2.37531	0.5	96.3204	39.5149	0	-0.613418	-0.789759	0	17493	9524
ChainingRodShaped	16210	2.69764	0.5	-77.1018	-10.5901	0	-0.789204	-0.614131	0	None	None
ChainingRodShaped	9529	3.45229	0.5	25.8275	124.342	0	0.0576056	-0.998339	0	12238	18175
ChainingRodShaped	9531	3.85044	0.5	-81.5649	26.4425	0	0.845936	0.533284	0	None	None
ChainingRodShaped	9533	4.60694	0.5	-70.7797	47.1343	0	-0.0766014	0.997062	0	None	None
ChainingRodShaped	18090	2.53721	0.5	12.7739	49.347	0	0.501299	0.865274	0	None	None
ChainingRodShaped	16600	2.89031	0.5	25.4976	8.42916	0	-0.100543	0.994933	0	None	None
ChainingRodShaped	15036	2.80497	0.5	-73.0549	63.9829	0	-0.591361	-0.806407	0	None	None
ChainingRodShaped	17998	2.35031	0.5	-39.6133	-5.21595	0	-0.19735	-0.980333	0	None	None
ChainingRodShaped	9543	4.72537	0.5	-23.5111	90.0915	0	-0.200808	0.979631	0	None	None
ChainingRodShaped	17194	2.87504	0.5	17.2546	-0.722664	0	-0.595296	0.803506	0	None	None
ChainingRodShaped	18536	2.33884	0.5	-58.7785	-45.4576	0	0.996521	0.0833413	0	None	None
ChainingRodShaped	14744	2.96985	0.5	40.0359	89.4095	0	0.622481	-0.782635	0	None	None
ChainingRodShaped	9551	4.38358	0.5	-26.7177	-24.5744	0	0.818127	0.575038	0	None	None
ChainingRodShaped	16166	3.45823	0.5	-88.2027	-32.819	0	0.0351793	-0.999381	0	None	None
ChainingRodShaped	9555	4.74583	0.5	-20.468	122.207	0	0.911873	-0.410473	0	None	None
ChainingRodShaped	16456	2.52989	0.5	-13.7254	-22.5985	0	0.979296	0.202433	0	None	None
ChainingRodShaped	16370	2.63756	0.5	-83.9539	94.191	0	-0.255438	-0.966825	0	None	None
ChainingRodShaped	9561	4.40048	0.5	-27.8591	-55.8507	0	-0.916765	-0.399426	0	None	None
ChainingRodShaped	14932	3.80373	0.5	-115.416	68.4263	0	-0.475477	-0.879728	0	None	None
ChainingRodShaped	15586	3.58839	0.5	-4.63554	3.17891	0	0.988413	-0.151787	0	None	None
ChainingRodShaped	15064	3.67548	0.5	17.9918	49.8705	0	-0.0809596	-0.996717	0	None	None
ChainingRodShaped	9569	4.42693	0.5	21.0567	-92.8486	0	-0.319418	-0.947614	0	14152	9568
ChainingRodShaped	9571	4.43732	0.5	-85.2988	86.3286	0	0.995095	-0.0989261	0	None	None
ChainingRodShaped	9573	3.76199	0.5	9.88875	81.4272	0	0.999934	0.0114994	0	None	None
ChainingRodShaped	9575	4.74356	0.5	-42.6646	-15.0315	0	-0.999244	-0.0388821	0	None	None
ChainingRodShaped	15880	2.82505	0.5	-94.6087	88.8583	0	-0.630342	-0.776318	0	None	None
ChainingRodShaped	14824	4.03544	0.5	28.0753	0.0722788	0	-0.943239	-0.332116	0	None	None
ChainingRodShaped	17094	2.94238	0.5	-31.9699	92.556	0	0.980421	-0.196912	0	None	None
ChainingRodShaped	15310	2.65696	0.5	-33.3842	-17.6522	0	-0.787663	-0.616106	0	None	None
ChainingRodShaped	14902	2.75493	0.5	-49.96	70.0805	0	-0.949975	-0.312327	0	None	None
ChainingRodShaped	19520	2.03823	0.5	-49.9305	77.7813	0	-0.991046	0.133522	0	None	None
ChainingRodShaped	9589	3.82786	0.5	-73.6891	50.6836	0	-0.0194602	-0.999811	0	None	None
ChainingRodShaped	9591	4.26963	0.5	-82.7929	47.4829	0	0.0558887	-0.998437	0	None	None
ChainingRodShaped	9593	4.97019	0.5	13.1436	25.6889	0	-0.894637	-0.446794	0	None	None
ChainingRodShaped	15774	2.84937	0.5	-44.6845	53.2135	0	0.608343	-0.793674	0	None	None
ChainingRodShaped	9597	3.96268	0.5	-28.1726	43.2365	0	0.507746	-0.861507	0	None	None
ChainingRodShaped	18682	2.15842	0.5	-100.727	49.1767	0	0.974867	-0.222789	0	None	None
ChainingRodShaped	9601	4.78682	0.5	23.4299	-22.4368	0	0.375792	-0.926704	0	None	None
ChainingRodShaped	9603	3.7578	0.5	-92.5167	70.0169	0	-0.734396	-0.678721	0	None	None
ChainingRodShaped	9605	4.45381	0.5	35.9191	47.5026	0	0.755409	-0.655253	0	None	None
ChainingRodShaped	14726	2.78597	0.5	70.2644	25.0697	0	-0.929101	0.369826	0	None	None
ChainingRodShaped	16478	3.05456	0.5	-96.6689	34.219	0	-0.683564	-0.72989	0	None	None
ChainingRodShaped	15330	3.07835	0.5	-43.7708	80.0803	0	0.999488	-0.0319846	0	None	None
ChainingRodShaped	18150	2.26314	0.5	-30.5611	-26.7722	0	0.915255	-0.402874	0	None	None
ChainingRodShaped	16232	2.51216	0.5	18.6924	107.589	0	0.714748	0.699382	0	None	None
ChainingRodShaped	17968	2.62053	0.5	-61.7241	-48.3731	0	0.539372	0.842067	0	None	None
ChainingRodShaped	15240	3.7356	0.5	42.759	24.19	0	0.489753	-0.871861	0	None	None
ChainingRodShaped	18982	2.16795	0.5	29.9187	-1.74894	0	-0.935945	-0.352147	0	None	None
ChainingRodShaped	9623	4.17226	0.5	3.60868	20.7966	0	0.647898	0.761727	0	None	None
ChainingRodShaped	9625	4.29031	0.5	33.5567	105.871	0	0.450632	-0.89271	0	None	None
ChainingRodShaped	17070	3.01841	0.5	-3.71921	-34.1277	0	-0.270398	0.962749	0	None	None
ChainingRodShaped	9629	4.70662	0.5	-90.4625	34.2353	0	-0.426437	-0.904517	0	None	None
ChainingRodShaped	15326	3.02141	0.5	-67.9778	-9.64147	0	0.297745	0.954645	0	None	None
ChainingRodShaped	9633	4.20899	0.5	23.2992	94.8677	0	0.998042	-0.0625539	0	None	None
ChainingRodShaped	19074	2.11814	0.5	-93.223	-101.027	0	0.0709914	-0.997477	0	19075	9634
ChainingRodShaped	16614	2.44175	0.5	-85.1609	69.5747	0	0.985168	-0.171592	0	None	None
ChainingRodShaped	9639	4.75576	0.5	20.7104	20.7378	0	0.987932	0.154889	0	None	None
ChainingRodShaped	9641	3.91441	0.5	-44.526	89.7742	0	0.955478	-0.295064	0	None	None
ChainingRodShaped	17294	2.46818	0.5	-88.5543	-22.9791	0	0.968668	-0.248358	0	None	None
ChainingRodShaped	15078	3.05814	0.5	-69.3788	99.0808	0	-0.904748	-0.425946	0	None	None
ChainingRodShaped	9647	3.90702	0.5	-63.0555	47.7939	0	-0.0212077	0.999775	0	None	None
ChainingRodShaped	17158	2.57642	0.5	-100.392	-18.844	0	0.901864	-0.432019	0	None	None
ChainingRodShaped	16504	3.01352	0.5	17.8871	23.3423	0	0.995451	-0.0952725	0	None	None
ChainingRodShaped	17046	3.01838	0.5	-41.1192	-11.0557	0	-0.353567	0.935409	0	None	None
ChainingRodShaped	19102	2.16873	0.5	34.7982	17.7432	0	-0.251612	-0.967828	0	None	None
ChainingRodShaped	9657	4.58142	0.5	217.783	18.032	0	-0.485879	-0.874026	0	11404	18293
ChainingRodShaped	9659	4.42339	0.5	-97.7499	57.9189	0	0.869905	0.49322	0	None	None
ChainingRodShaped	9661	4.85817	0.5	-55.8477	72.118	0	-0.881602	-0.471993	0	None	None
ChainingRodShaped	9663	3.76137	0.5	-68.4457	117.896	0	0.99969	0.0249144	0	None	None
ChainingRodShaped	9665	3.71263	0.5	-113.088	26.2894	0	0.468271	-0.883585	0	None	None
ChainingRodShaped	9667	3.69483	0.5	-24.5575	-90.3493	0	-0.658892	0.752238	0	11488	16819
ChainingRodShaped	17052	2.8802	0.5	-77.6558	87.1116	0	0.997719	-0.0675112	0	None	None
ChainingRodShaped	16062	2.65683	0.5	-28.2371	73.291	0	-0.986411	0.164299	0	None	None
ChainingRodShaped	16762	2.43669	0.5	11.0597	-30.2444	0	-0.751416	-0.659828	0	None	None
ChainingRodShaped	9675	4.13559	0.5	-47.6168	-0.681347	0	0.903056	0.429522	0	None	None
ChainingRodShaped	16708	3.08093	0.5	-98.3583	76.5017	0	-0.375312	0.926898	0	None	None
ChainingRodShaped	14770	2.91303	0.5	-49.121	16.9047	0	-0.0853827	-0.996348	0	None	None
ChainingRodShaped	14964	2.70584	0.5	16.454	88.0083	0	-0.754918	-0.655819	0	None	None
ChainingRodShaped	18442	2.44935	0.5	29.6859	9.96716	0	0.215304	0.976547	0	None	None
ChainingRodShaped	16620	2.69027	0.5	-27.896	72.4917	0	-0.987975	0.154613	0	None	None
ChainingRodShaped	15998	2.90152	0.5	-18.3556	-24.6793	0	0.638635	0.76951	0	None	None
ChainingRodShaped	16988	2.71724	0.5	-20.1529	90.7872	0	0.283779	-0.95889	0	None	None
ChainingRodShaped	9691	4.06792	0.5	-24.2968	90.4732	0	-0.210591	0.977574	0	None	None
ChainingRodShaped	17812	2.70719	0.5	-64.4199	116.14	0	0.99943	0.0337613	0	None	None
ChainingRodShaped	15278	3.18765	0.5	-40.3363	22.4041	0	0.997032	-0.0769882	0	None	None
ChainingRodShaped	17868	2.37509	0.5	-11.9856	-61.6812	0	0.964396	0.264461	0	17869	9696
ChainingRodShaped	9699	4.54303	0.5	-93.5002	-128.79	0	-0.26121	-0.965282	0	17514	9698
ChainingRodShaped	9701	3.74367	0.5	48.959	7.20586	0	-0.978268	-0.207346	0	None	None
ChainingRodShaped	9703	3.90559	0.5	-113.858	73.8291	0	0.37437	0.927279	0	13952	9702
ChainingRodShaped	16386	3.29632	0.5	14.7975	62.6146	0	0.50705	0.861917	0	None	None
ChainingRodShaped	9707	4.27482	0.5	-105.458	-25.0796	0	0.729127	-0.684379	0	None	None
ChainingRodShaped	9709	4.37684	0.5	9.71267	107.344	0	-0.985351	0.170539	0	None	None
ChainingRodShaped	17062	2.57198	0.5	-30.3972	-27.7026	0	0.913419	-0.407021	0	None	None
ChainingRodShaped	9713	4.62765	0.5	-71.4647	47.175	0	-0.0772674	0.99701	0	None	None
ChainingRodShaped	9715	4.76121	0.5	-25.1	91.0111	0	-0.220286	0.975435	0	None	None
ChainingRodShaped	15630	3.04519	0.5	29.1951	67.4383	0	0.999498	-0.0316689	0	None	None
ChainingRodShaped	18104	2.22169	0.5	37.3311	5.7816	0	0.980594	-0.196047	0	None	None
ChainingRodShaped	16784	2.76527	0.5	-56.7662	119.334	0	0.4539	-0.891053	0	None	None
ChainingRodShaped	9723	4.69312	0.5	100.17	56.8168	0	0.327119	0.944983	0	12394	9722
ChainingRodShaped	9725	4.10318	0.5	35.3817	47.0244	0	0.761932	-0.647657	0	None	None
ChainingRodShaped	18252	2.52886	0.5	-31.8447	-17.3714	0	-0.793764	-0.608225	0	None	None
ChainingRodShaped	9729	3.92946	0.5	-90.5773	66.4066	0	0.79009	0.612991	0	None	None
ChainingRodShaped	9731	4.16273	0.5	-38.1917	102.062	0	0.324957	0.945729	0	None	None
ChainingRodShaped	9733	4.74488	0.5	-57.9007	-51.0413	0	-0.589797	-0.807552	0	None	None
ChainingRodShaped	15390	3.1035	0.5	1.37404	-51.9592	0	0.0220583	-0.999757	0	None	None
ChainingRodShaped	16312	3.39147	0.5	48.5424	-19.7837	0	0.813064	0.582174	0	None	None
ChainingRodShaped	17234	2.83738	0.5	31.1658	-34.0529	0	0.987283	0.15897	0	None	None
ChainingRodShaped	9741	3.89971	0.5	-129.19	16.1997	0	0.837405	-0.546583	0	None	None
ChainingRodShaped	9743	4.21418	0.5	-110.301	58.9126	0	-0.297087	0.95485	0	None	None
ChainingRodShaped	17066	2.40626	0.5	19.2629	70.5002	0	0.984883	-0.173224	0	None	None
ChainingRodShaped	9747	4.74593	0.5	-30.8127	-36.1028	0	-0.373728	-0.927538	0	None	None
ChainingRodShaped	9749	4.98477	0.5	-57.2432	-51.6599	0	0.596036	0.802958	0	None	None
ChainingRodShaped	9751	4.12252	0.5	-96.6522	17.6088	0	0.22363	-0.974674	0	None	None
ChainingRodShaped	18814	2.3198	0.5	42.4578	65.4618	0	-0.157287	-0.987553	0	None	None
ChainingRodShaped	9755	3.73261	0.5	-32.711	11.4806	0	-0.384623	-0.923074	0	None	None
ChainingRodShaped	18534	2.16864	0.5	-29.9643	-2.03251	0	-0.661624	0.749836	0	None	None
ChainingRodShaped	9759	3.86647	0.5	28.0287	1.64356	0	0.943228	0.332147	0	None	None
ChainingRodShaped	16938	2.78515	0.5	-18.2961	51.6437	0	0.838739	-0.544533	0	None	None
ChainingRodShaped	9763	4.54704	0.5	-54.1467	92.0661	0	0.897849	-0.440304	0	None	None
ChainingRodShaped	15182	3.5473	0.5	-122.543	7.5071	0	-0.486357	0.87376	0	None	None
ChainingRodShaped	9767	3.91042	0.5	-8.66873	104.118	0	-0.721445	0.692472	0	None	None
ChainingRodShaped	9769	4.96718	0.5	-79.6228	88.0445	0	0.998558	-0.0536788	0	None	None
ChainingRodShaped	9771	4.39359	0.5	-5.33491	19.9445	0	0.318803	0.947821	0	None	None
ChainingRodShaped	19584	2.06306	0.5	12.5572	68.8957	0	0.450434	0.89281	0	None	None
ChainingRodShaped	15186	3.83234	0.5	-104.848	13.2663	0	0.673136	-0.739519	0	None	None
ChainingRodShaped	9777	4.11158	0.5	-27.4163	58.2285	0	-0.99977	-0.0214534	0	None	None
ChainingRodShaped	9779	4.16588	0.5	-30.9535	-32.0652	0	-0.780707	-0.624897	0	None	None
ChainingRodShaped	9781	4.51646	0.5	-40.3822	-30.5039	0	0.996832	0.0795363	0	None	None
ChainingRodShaped	9783	3.69867	0.5	58.0027	218.303	0	-0.979366	-0.202095	0	13992	19665
ChainingRodShaped	18194	2.46976	0.5	-108.848	-21.9596	0	0.817024	-0.576603	0	None	None
ChainingRodShaped	9787	4.96789	0.5	44.6035	16.8871	0	0.427722	-0.903911	0	None	None
ChainingRodShaped	16144	2.56788	0.5	-109.097	81.6813	0	-0.16026	-0.987075	0	None	None
ChainingRodShaped	16094	2.76979	0.5	-85.9155	-16.5336	0	-0.763282	0.646066	0	None	None
ChainingRodShaped	15136	3.59346	0.5	-45.9811	-39.0073	0	-0.717456	-0.696604	0	None	None
ChainingRodShaped	16790	2.79716	0.5	-1.54044	63.7325	0	0.432854	0.901464	0	None	None
ChainingRodShaped	16954	3.04125	0.5	36.5607	75.2911	0	0.920872	-0.389866	0	None	None
ChainingRodShaped	16292	3.38365	0.5	34.2379	68.9028	0	0.999795	0.0202447	0	None	None
ChainingRodShaped	17214	2.69719	0.5	-41.9499	-61.3681	0	0.982575	-0.185869	0	None	None
ChainingRodShaped	16658	2.61494	0.5	67.9341	45.9996	0	-0.260466	0.965483	0	16659	19019
ChainingRodShaped	9805	3.95608	0.5	-149.086	11.8881	0	0.594342	0.804213	0	11738	9804
ChainingRodShaped	9807	4.08356	0.5	-92.3508	49.594	0	0.0528148	-0.998604	0	None	None
ChainingRodShaped	18262	2.45726	0.5	47.6819	32.6421	0	0.362956	-0.931806	0	None	None
ChainingRodShaped	9811	3.39064	0.5	-90.3742	120.654	0	-0.114472	0.993426	0	13822	9810
ChainingRodShaped	16044	3.33911	0.5	-43.3028	61.4891	0	-0.016994	-0.999856	0	None	None
ChainingRodShaped	18554	2.32618	0.5	-162.286	-62.5174	0	0.991238	0.13209	0	18555	9814
ChainingRodShaped	16884	2.80969	0.5	-53.4669	100.245	0	-0.758251	-0.651963	0	None	None
ChainingRodShaped	17702	2.50847	0.5	-56.9635	-3.75078	0	-0.150924	-0.988545	0	None	None
ChainingRodShaped	15652	2.89977	0.5	-96.3236	68.1412	0	-0.846634	-0.532176	0	None	None
ChainingRodShaped	9823	3.66465	0.5	43.8428	83.1235	0	-0.882142	0.470983	0	None	None
ChainingRodShaped	9825	3.90967	0.5	47.5838	71.2082	0	-0.0307958	-0.999526	0	None	None
ChainingRodShaped	9827	4.08164	0.5	-7.35165	-8.28599	0	0.999991	0.00416778	0	None	None
ChainingRodShaped	18452	2.41099	0.5	64.7163	32.4093	0	0.250719	-0.96806	0	None	None
ChainingRodShaped	19700	2.01945	0.5	6.70414	-20.1019	0	0.761639	-0.648002	0	None	None
ChainingRodShaped	15070	3.77647	0.5	-10.8777	73.4688	0	-0.253991	0.967207	0	None	None
ChainingRodShaped	9835	4.1253	0.5	45.2859	32.8942	0	0.334645	-0.942344	0	None	None
ChainingRodShaped	16540	2.78989	0.5	32.9892	-28.5967	0	0.949476	-0.313838	0	None	None
ChainingRodShaped	16324	2.99787	0.5	-43.4603	-9.24887	0	-0.356838	0.934166	0	None	None
ChainingRodShaped	17378	2.40674	0.5	35.7152	0.287572	0	-0.946568	-0.322505	0	None	None
ChainingRodShaped	19166	2.11199	0.5	43.1174	26.9723	0	0.508768	-0.860904	0	None	None
ChainingRodShaped	9845	4.47434	0.5	39.1415	-7.59915	0	0.706526	0.707687	0	None	None
ChainingRodShaped	9847	3.99181	0.5	-79.8576	3.89529	0	0.818083	0.5751	0	None	None
ChainingRodShaped	19288	2.09546	0.5	-65.1088	72.4943	0	-0.790865	-0.611991	0	None	None
ChainingRodShaped	9851	4.25457	0.5	105.237	169.724	0	0.0151807	0.999885	0	11194	18853
ChainingRodShaped	17032	2.45552	0.5	-55.3233	-1.94616	0	0.0733592	-0.997306	0	None	None
ChainingRodShaped	17848	2.52631	0.5	-26.3845	98.5381	0	0.999069	0.0431301	0	None	None
ChainingRodShaped	9857	4.53888	0.5	-25.1334	-19.1683	0	0.800276	0.599632	0	None	None
ChainingRodShaped	17930	2.47932	0.5	-34.9019	56.9933	0	0.352636	-0.93576	0	None	None
ChainingRodShaped	9861	4.16107	0.5	22.4119	-34.6857	0	-0.488415	-0.872611	0	None	None
ChainingRodShaped	19512	2.05764	0.5	19.9959	114.043	0	-0.899509	-0.436902	0	19513	9862
ChainingRodShaped	18338	2.50015	0.5	-23.6139	-29.029	0	0.394255	-0.919001	0	None	None
ChainingRodShaped	15388	2.96117	0.5	-12.9239	-14.7578	0	-0.333548	0.942733	0	None	None
ChainingRodShaped	15090	2.71603	0.5	-41.6236	-47.6963	0	-0.670896	-0.741551	0	None	None
ChainingRodShaped	9871	4.84008	0.5	-107.055	84.8037	0	-0.396108	-0.918204	0	None	None
ChainingRodShaped	9873	3.35459	0.5	109.045	75.9934	0	0.507644	0.861567	0	7054	9872
ChainingRodShaped	16476	3.15274	0.5	25.3	24.1462	0	0.84232	0.538977	0	None	None
ChainingRodShaped	9877	4.66947	0.5	53.5992	21.7624	0	0.668671	0.743559	0	None	None
ChainingRodShaped	18286	2.19505	0.5	-58.5605	40.1247	0	0.0259878	0.999662	0	None	None
ChainingRodShaped	9881	4.00588	0.5	-69.0623	89.097	0	0.908276	-0.418372	0	None	None
ChainingRodShaped	9883	4.56735	0.5	2.15906	111.259	0	0.967557	-0.252654	0	None	None
ChainingRodShaped	16494	2.50336	0.5	-37.5413	21.3805	0	0.999727	-0.0233791	0	None	None
ChainingRodShaped	15230	3.8213	0.5	16.9306	82.3077	0	0.999879	-0.0155493	0	None	None
ChainingRodShaped	16130	2.79121	0.5	-117.428	16.9663	0	-0.979341	0.202218	0	None	None
ChainingRodShaped	9891	4.89334	0.5	28.46	108.987	0	-0.507968	-0.861376	0	None	None
ChainingRodShaped	9893	4.08928	0.5	-80.8421	-38.4144	0	0.868912	-0.494966	0	None	None
ChainingRodShaped	15204	3.8798	0.5	-70.5012	-10.3532	0	0.310693	0.95051	0	None	None
ChainingRodShaped	18152	2.4727	0.5	-153.755	-17.2296	0	0.268837	0.963186	0	18153	9896
ChainingRodShaped	15560	3.21574	0.5	58.283	11.5805	0	-0.557977	-0.829857	0	None	None
ChainingRodShaped	16148	3.21677	0.5	-62.8118	71.5862	0	-0.79692	-0.604085	0	None	None
ChainingRodShaped	15646	3.52741	0.5	-89.7537	58.7	0	-0.12189	-0.992544	0	None	None
ChainingRodShaped	18588	2.17345	0.5	-98.9246	75.5343	0	-0.417323	0.908758	0	None	None
ChainingRodShaped	18498	2.37838	0.5	-55.682	-12.5966	0	0.999981	-0.00610508	0	None	None
ChainingRodShaped	18198	2.34097	0.5	-24.9813	-35.3537	0	0.395774	-0.918348	0	None	None
ChainingRodShaped	9911	4.5554	0.5	-23.429	-27.4535	0	0.394037	-0.919095	0	None	None
ChainingRodShaped	9913	3.67032	0.5	38.7625	49.278	0	0.743657	-0.668562	0	None	None
ChainingRodShaped	9915	3.75342	0.5	-110.193	76.1408	0	-0.451232	-0.892406	0	None	None
ChainingRodShaped	15144	3.43982	0.5	-51.4758	-51.7112	0	0.598906	0.80082	0	None	None
ChainingRodShaped	9919	4.72223	0.5	-109.048	66.804	0	-0.653332	-0.757072	0	None	None
ChainingRodShaped	9921	4.33969	0.5	-74.964	43.629	0	0.0633687	-0.99799	0	None	None
ChainingRodShaped	15216	3.54621	0.5	-3.09619	-3.23969	0	-0.998519	0.0544034	0	None	None
ChainingRodShaped	15608	2.60027	0.5	-107.802	66.8312	0	-0.653328	-0.757075	0	None	None
ChainingRodShaped	9927	3.55058	0.5	-37.3874	-23.154	0	-0.987067	-0.160307	0	9032	17919
ChainingRodShaped	9929	3.69887	0.5	-58.4529	86.2452	0	0.856654	-0.515892	0	None	None
ChainingRodShaped	9931	4.12786	0.5	-30.6241	36.3188	0	-0.518603	0.855015	0	None	None
ChainingRodShaped	18650	2.42359	0.5	-99.3902	55.6597	0	0.990783	-0.13546	0	None	None
ChainingRodShaped	9935	4.15261	0.5	-88.1559	-14.4386	0	0.482637	0.875821	0	None	None
ChainingRodShaped	16624	2.99278	0.5	-75.8534	56.2167	0	-0.430633	-0.902527	0	None	None
ChainingRodShaped	9939	4.64214	0.5	-47.5386	122.489	0	0.568843	-0.822446	0	None	None
ChainingRodShaped	9941	4.43057	0.5	-77.889	54.182	0	-0.0603528	-0.998177	0	None	None
ChainingRodShaped	19460	2.08525	0.5	-33.9457	-80.3575	0	-0.750447	0.660931	0	19461	9942
ChainingRodShaped	16460	2.8446	0.5	-52.8435	14.3422	0	-0.134504	-0.990913	0	None	None
ChainingRodShaped	9947	3.91534	0.5	-34.4386	50.7319	0	0.0926596	-0.995698	0	None	None
ChainingRodShaped	9949	3.79462	0.5	4.12596	-49.0305	0	-0.00146487	0.999999	0	None	None
ChainingRodShaped	9951	4.38358	0.5	42.076	67.9619	0	0.255989	0.96668	0	None	None
ChainingRodShaped	17876	2.34052	0.5	-88.93	-5.34883	0	-0.675367	-0.737482	0	None	None
ChainingRodShaped	9955	4.4707	0.5	-25.4345	-18.6118	0	0.794292	0.607536	0	None	None
ChainingRodShaped	15522	2.81553	0.5	-77.2702	-16.5446	0	-0.771451	-0.636289	0	None	None
ChainingRodShaped	9959	3.70945	0.5	104.703	16.0418	0	-0.872016	-0.489478	0	17416	9958
ChainingRodShaped	9961	4.82878	0.5	40.484	-54.2378	0	-0.408442	0.912784	0	18520	9960
ChainingRodShaped	9963	4.19779	0.5	-57.2134	100.854	0	-0.862932	-0.50532	0	None	None
ChainingRodShaped	9965	3.48389	0.5	12.389	-8.3785	0	-0.999225	-0.0393745	0	16952	9964
ChainingRodShaped	9967	3.84503	0.5	-4.50007	-28.6791	0	-0.921125	0.389266	0	None	None
ChainingRodShaped	18094	2.21844	0.5	40.3728	54.9422	0	0.998365	0.0571525	0	None	None
ChainingRodShaped	9971	4.93923	0.5	-25.2551	55.0222	0	-0.70954	0.704665	0	None	None
ChainingRodShaped	16058	3.38222	0.5	-41.432	39.2317	0	0.611621	-0.791151	0	None	None
ChainingRodShaped	18748	2.3705	0.5	-87.1347	52.2159	0	0.0221674	-0.999754	0	None	None
ChainingRodShaped	9977	3.81827	0.5	-65.2539	14.4139	0	0.862918	0.505344	0	None	None
ChainingRodShaped	17140	2.90898	0.5	29.7471	-0.977807	0	-0.939429	-0.342742	0	None	None
ChainingRodShaped	19532	2.07355	0.5	123.02	29.4432	0	-0.751644	-0.659569	0	19533	19491
ChainingRodShaped	9983	4.13238	0.5	48.6398	-18.58	0	0.818837	0.574026	0	None	None
ChainingRodShaped	9985	4.71506	0.5	-2.99487	-25.7591	0	0.909032	-0.416727	0	None	None
ChainingRodShaped	9987	4.75614	0.5	-99.2029	-5.49234	0	0.502626	-0.864504	0	None	None
ChainingRodShaped	16832	2.69604	0.5	43.6495	12.5557	0	0.993878	-0.110485	0	None	None
ChainingRodShaped	19380	2.08538	0.5	-106.421	26.2353	0	-0.25968	-0.965695	0	None	None
ChainingRodShaped	9993	4.28616	0.5	-123.218	22.1847	0	0.999805	-0.0197551	0	None	None
ChainingRodShaped	17526	2.35247	0.5	15.3317	9.70605	0	0.567645	-0.823274	0	None	None
ChainingRodShaped	9997	4.17997	0.5	32.4535	-31.1091	0	0.95663	-0.291307	0	None	None
ChainingRodShaped	15526	2.82399	0.5	-39.8632	-60.7757	0	-0.984978	0.172678	0	None	None
ChainingRodShaped	10001	4.73444	0.5	-34.5721	116.756	0	0.982091	0.188407	0	None	None
ChainingRodShaped	10003	4.89314	0.5	20.9915	-43.6808	0	0.953574	0.301158	0	None	None
ChainingRodShaped	15720	3.26794	0.5	-9.81567	82.2316	0	-0.398963	0.916967	0	None	None
ChainingRodShaped	17974	2.25636	0.5	-2.83656	-20.9261	0	-0.877307	0.47993	0	None	None
ChainingRodShaped	10009	4.31274	0.5	-75.6722	10.4829	0	0.837061	0.54711	0	None	None
ChainingRodShaped	10011	3.36666	0.5	-6.91959	159.006	0	-0.641224	0.767353	0	19348	19455
ChainingRodShaped	10013	4.0778	0.5	0.414051	-20.876	0	-0.880801	0.473488	0	None	None
ChainingRodShaped	10015	4.99517	0.5	-27.3008	-24.1065	0	-0.822941	-0.568127	0	None	None
ChainingRodShaped	10017	3.80972	0.5	-3.10879	10.8719	0	-0.940037	-0.341072	0	None	None
ChainingRodShaped	10019	4.60846	0.5	-70.4125	93.0604	0	0.984976	0.172692	0	None	None
ChainingRodShaped	10021	4.14714	0.5	-71.3823	5.04899	0	-0.785442	-0.618935	0	None	None
ChainingRodShaped	17994	2.60952	0.5	-97.7334	-6.26726	0	0.495626	-0.868536	0	None	None
ChainingRodShaped	10025	4.79391	0.5	-138.09	75.7368	0	0.642745	-0.76608	0	5835	10024
ChainingRodShaped	17112	2.84231	0.5	-49.272	-8.95207	0	-0.998858	-0.047776	0	None	None
ChainingRodShaped	10029	3.74166	0.5	-58.2704	132.485	0	-0.947616	0.31941	0	8962	17823
ChainingRodShaped	15368	3.55657	0.5	-57.9421	-11.0394	0	0.999662	-0.0260137	0	None	None
ChainingRodShaped	15704	3.18382	0.5	26.6775	11.4516	0	0.120177	-0.992753	0	None	None
ChainingRodShaped	10035	4.58878	0.5	-50.4534	53.7705	0	0.321563	-0.946888	0	None	None
ChainingRodShaped	10037	3.97125	0.5	-36.7425	29.272	0	0.89576	0.444537	0	None	None
ChainingRodShaped	18556	2.31478	0.5	-17.2311	26.1265	0	-0.728823	0.684702	0	None	None
ChainingRodShaped	16838	2.5115	0.5	-63.4551	93.6734	0	0.804683	-0.593705	0	None	None
ChainingRodShaped	15548	3.50112	0.5	0.251156	31.4041	0	0.914553	0.404465	0	None	None
ChainingRodShaped	18876	2.15343	0.5	-2.75789	96.2419	0	-0.429818	-0.902916	0	None	None
ChainingRodShaped	16586	2.52178	0.5	29.073	36.0682	0	0.201432	0.979503	0	None	None
ChainingRodShaped	10049	3.40091	0.5	-26.3698	126.379	0	0.96353	-0.267599	0	7984	10048
ChainingRodShaped	17610	2.48436	0.5	-9.36213	-48.438	0	0.478243	0.878227	0	None	None
ChainingRodShaped	18834	2.33668	0.5	-30.5032	-43.8948	0	0.655117	0.755527	0	None	None
ChainingRodShaped	10055	4.40167	0.5	-31.189	38.5126	0	-0.510044	0.860148	0	None	None
ChainingRodShaped	10057	4.89197	0.5	-66.1773	41.1817	0	0.0706524	0.997501	0	None	None
ChainingRodShaped	10059	4.69341	0.5	1.17174	94.8631	0	0.466759	0.884385	0	None	None
ChainingRodShaped	10061	4.35029	0.5	-101.201	-14.4263	0	-0.643966	0.765054	0	None	None
ChainingRodShaped	15928	2.90206	0.5	-48.184	97.3371	0	0.977472	0.211067	0	None	None
ChainingRodShaped	15766	2.93568	0.5	-1.16701	-38.9791	0	0.683921	0.729556	0	None	None
ChainingRodShaped	17824	2.58985	0.5	-70.5452	84.7936	0	0.99352	-0.113655	0	None	None
ChainingRodShaped	17136	2.41225	0.5	16.0893	67.5968	0	0.984217	-0.176966	0	None	None
ChainingRodShaped	10071	4.67593	0.5	-70.4133	12.2037	0	0.842875	0.538109	0	None	None
ChainingRodShaped	16760	3.16466	0.5	-10.6739	-3.02603	0	-0.98515	-0.171695	0	None	None
ChainingRodShaped	10075	3.89923	0.5	-11.0262	108.785	0	-0.701882	0.712293	0	None	None
ChainingRodShaped	10077	3.74159	0.5	122.7	39.1323	0	-0.00972516	0.999953	0	15708	17191
ChainingRodShaped	10079	4.65313	0.5	-8.8213	12.9737	0	-0.654796	0.755806	0	None	None
ChainingRodShaped	17540	2.75796	0.5	-4.26991	12.8208	0	-0.949608	-0.313441	0	None	None
ChainingRodShaped	10083	4.40304	0.5	-46.4577	44.4636	0	0.583306	-0.812253	0	None	None
ChainingRodShaped	16778	3.10298	0.5	23.023	-14.5778	0	-0.988204	0.153143	0	None	None
ChainingRodShaped	16310	3.40797	0.5	-36.7575	122.978	0	-0.653846	0.756628	0	None	None
ChainingRodShaped	18860	2.17195	0.5	96.5737	44.1752	0	-0.427692	-0.903924	0	18861	10088
ChainingRodShaped	10091	3.98353	0.5	-72.671	28.4449	0	0.898011	0.439973	0	None	None
ChainingRodShaped	10093	4.25335	0.5	4.57699	-9.89905	0	0.998102	-0.061577	0	None	None
ChainingRodShaped	10095	4.47679	0.5	-39.8523	-43.3792	0	-0.681415	-0.731897	0	None	None
ChainingRodShaped	10097	4.07443	0.5	-21.6971	-23.2053	0	0.472402	0.881383	0	None	None
ChainingRodShaped	10099	4.42428	0.5	-57.5889	-3.42287	0	-0.160902	-0.98697	0	None	None
ChainingRodShaped	10101	3.6251	0.5	-67.6384	-41.0765	0	0.268346	0.963323	0	None	None
ChainingRodShaped	10103	4.62167	0.5	54.5804	3.42258	0	0.925726	0.378196	0	None	None
ChainingRodShaped	15698	2.93797	0.5	2.99329	23.2837	0	-0.504155	-0.863613	0	None	None
ChainingRodShaped	10107	3.61699	0.5	-71.5095	54.7486	0	-0.468223	-0.88361	0	None	None
ChainingRodShaped	18896	2.17362	0.5	-6.06291	60.6892	0	0.923489	-0.383625	0	None	None
ChainingRodShaped	10111	4.8906	0.5	-47.5658	-52.6897	0	-0.603808	-0.79713	0	None	None
ChainingRodShaped	10113	4.52406	0.5	-36.732	-50.107	0	0.644733	0.764408	0	None	None
ChainingRodShaped	10115	4.13728	0.5	-22.7691	78.0685	0	0.818537	-0.574454	0	None	None
ChainingRodShaped	10117	4.60548	0.5	110.148	74.181	0	-0.653719	-0.756738	0	13206	10116
ChainingRodShaped	10119	4.90715	0.5	-98.2723	13.5504	0	0.240589	-0.970627	0	None	None
ChainingRodShaped	18226	2.52096	0.5	-122.858	54.4969	0	-0.492883	-0.870096	0	None	None
ChainingRodShaped	10123	4.9116	0.5	19.9676	107.634	0	0.712927	0.701238	0	None	None
ChainingRodShaped	15686	2.91597	0.5	49.7681	67.1655	0	-0.168405	-0.985718	0	None	None
ChainingRodShaped	15968	2.80321	0.5	8.78776	74.5593	0	0.680196	0.73303	0	None	None
ChainingRodShaped	16220	3.3523	0.5	-14.5739	-35.449	0	0.862956	0.50528	0	None	None
ChainingRodShaped	15972	3.0021	0.5	-65.5765	-43.814	0	0.272521	0.96215	0	None	None
ChainingRodShaped	10133	4.52517	0.5	56.0485	45.2471	0	-0.941607	-0.336714	0	None	None
ChainingRodShaped	18776	2.28531	0.5	-27.9879	200.429	0	-0.529671	-0.848203	0	18777	17579
ChainingRodShaped	10137	4.75749	0.5	59.679	52.8136	0	0.0449952	-0.998987	0	None	None
ChainingRodShaped	10139	4.2677	0.5	-107.869	-9.69995	0	-0.696426	0.717629	0	None	None
ChainingRodShaped	10141	4.44586	0.5	-104.364	-28.1966	0	0.503929	-0.863745	0	None	None
ChainingRodShaped	18052	2.52	0.5	-3.87215	71.7067	0	0.226754	0.973952	0	None	None
ChainingRodShaped	15546	2.93855	0.5	-18.9417	40.426	0	-0.0353267	0.999376	0	None	None
ChainingRodShaped	17856	2.26349	0.5	66.5391	44.4866	0	0.267653	-0.963515	0	None	None
ChainingRodShaped	10149	4.05861	0.5	-90.9802	2.78996	0	0.784386	0.620273	0	None	None
ChainingRodShaped	10151	3.61955	0.5	200.631	271.845	0	-0.481588	-0.876398	0	18436	10150
ChainingRodShaped	19128	2.08527	0.5	0.307725	96.8669	0	0.45254	0.891744	0	None	None
ChainingRodShaped	16650	2.72997	0.5	-65.9649	18.4593	0	0.866966	0.498366	0	None	None
ChainingRodShaped	16664	3.05293	0.5	-52.8436	62.4772	0	0.904943	0.425533	0	None	None
ChainingRodShaped	18040	2.50798	0.5	-89.4876	-29.6658	0	0.917419	-0.397922	0	None	None
ChainingRodShaped	10161	4.50507	0.5	-28.0815	-51.5225	0	0.979448	0.201699	0	None	None
ChainingRodShaped	17656	2.65011	0.5	69.6287	46.5234	0	0.470625	-0.882333	0	17657	10162
ChainingRodShaped	10165	4.15101	0.5	-57.4748	-32.3092	0	0.999805	-0.0197482	0	None	None
ChainingRodShaped	16034	3.36565	0.5	-61.0977	35.4071	0	0.894419	0.44723	0	None	None
ChainingRodShaped	16776	2.92474	0.5	-21.2475	30.6699	0	0.854442	-0.519547	0	None	None
ChainingRodShaped	10171	3.80227	0.5	-71.4863	40.2933	0	0.0987071	-0.995117	0	None	None
ChainingRodShaped	18600	2.16417	0.5	-98.4956	-139.906	0	-0.603222	-0.797573	0	18601	10172
ChainingRodShaped	10175	3.85512	0.5	-61.3664	-46.3	0	0.992881	-0.119108	0	None	None
ChainingRodShaped	10177	4.13493	0.5	-34.9165	-51.8991	0	0.999996	0.00296635	0	None	None
ChainingRodShaped	10179	4.09849	0.5	-22.0631	17.0009	0	0.857391	-0.514665	0	None	None
ChainingRodShaped	10181	3.88969	0.5	-85.2572	49.8337	0	0.0619851	-0.998077	0	None	None
ChainingRodShaped	18422	2.42378	0.5	-10.1397	90.8907	0	0.0429646	-0.999077	0	None	None
ChainingRodShaped	10185	3.88871	0.5	-74.0885	22.08	0	0.898337	0.439306	0	None	None
ChainingRodShaped	10187	3.57533	0.5	-33.3167	38.296	0	-0.477346	0.878716	0	None	None
ChainingRodShaped	10189	4.04651	0.5	-91.8108	6.94793	0	0.802492	0.596662	0	None	None
ChainingRodShaped	10191	4.18043	0.5	125.729	107.165	0	0.412368	0.911017	0	6762	10190
ChainingRodShaped	16982	2.79192	0.5	-127.448	29.718	0	0.853787	0.520623	0	None	None
ChainingRodShaped	10195	3.76328	0.5	-48.1799	96.5198	0	0.979334	0.202249	0	None	None
ChainingRodShaped	10197	4.78244	0.5	11.6498	72.6673	0	0.923194	0.384335	0	None	None
ChainingRodShaped	10199	3.60134	0.5	-105.023	-22.656	0	-0.872579	0.488473	0	None	None
ChainingRodShaped	10201	3.91231	0.5	-62.3392	43.3197	0	-0.000673842	1	0	None	None
ChainingRodShaped	10203	4.71294	0.5	21.4921	106.747	0	-0.730375	-0.683046	0	None	None
ChainingRodShaped	10205	3.63983	0.5	11.623	144.747	0	-0.827132	0.562008	0	5906	10204
ChainingRodShaped	10207	4.73837	0.5	23.6104	27.4084	0	0.81502	0.579433	0	None	None
ChainingRodShaped	10209	4.14722	0.5	-90.2629	83.13	0	0.998375	-0.0569892	0	None	None
ChainingRodShaped	16264	2.65216	0.5	5.26799	-21.5899	0	0.886499	-0.46273	0	None	None
ChainingRodShaped	17538	2.86181	0.5	20.0876	43.4166	0	-0.0176563	-0.999844	0	None	None
ChainingRodShaped	10215	4.90835	0.5	-21.4409	92.2469	0	0.274155	-0.961686	0	None	None
ChainingRodShaped	10217	4.44686	0.5	16.2362	44.9643	0	-0.224404	-0.974496	0	None	None
ChainingRodShaped	10219	4.09827	0.5	-1.22773	-20.9044	0	-0.87666	0.48111	0	None	None
ChainingRodShaped	10221	4.40494	0.5	-50.6275	41.7534	0	0.597219	-0.802079	0	None	None
ChainingRodShaped	10223	4.40876	0.5	-96.58	28.2839	0	-0.771178	-0.63662	0	None	None
ChainingRodShaped	17672	2.54318	0.5	-107.403	-17.8844	0	-0.713723	0.700428	0	None	None
ChainingRodShaped	10227	4.45464	0.5	-79.4934	42.6922	0	0.0502001	-0.998739	0	None	None
ChainingRodShaped	17572	2.7004	0.5	-76.7621	88.765	0	0.999066	-0.0432204	0	None	None
ChainingRodShaped	16426	2.50387	0.5	50.9519	16.1752	0	0.673967	0.738761	0	None	None
ChainingRodShaped	10233	4.12785	0.5	-75.6399	42.9776	0	0.0534381	-0.998571	0	None	None
ChainingRodShaped	10235	4.14888	0.5	32.2894	-31.9304	0	0.959493	-0.281731	0	None	None
ChainingRodShaped	15722	2.87991	0.5	34.8005	15.7482	0	-0.529802	-0.848121	0	None	None
ChainingRodShaped	10239	3.60944	0.5	14.0646	41.843	0	0.226901	0.973918	0	None	None
ChainingRodShaped	10241	4.41185	0.5	-1.93315	-49.2959	0	-0.422545	-0.906342	0	None	None
ChainingRodShaped	17382	2.34378	0.5	-74.9293	73.2158	0	0.985504	-0.169654	0	None	None
ChainingRodShaped	16538	3.26417	0.5	-0.545293	76.458	0	0.107751	0.994178	0	None	None
ChainingRodShaped	10247	4.39972	0.5	-105.778	52.6246	0	0.880106	-0.474776	0	None	None
ChainingRodShaped	10249	3.74746	0.5	-46.3041	-9.63658	0	-0.998335	-0.0576808	0	None	None
ChainingRodShaped	10251	4.15822	0.5	-23.5457	-2.3277	0	0.843376	0.537324	0	None	None
ChainingRodShaped	10253	4.6475	0.5	-52.4176	-41.9607	0	-0.593913	-0.804529	0	None	None
ChainingRodShaped	18382	2.46922	0.5	-7.10752	15.7821	0	-0.616451	0.787394	0	None	None
ChainingRodShaped	10257	3.8271	0.5	-290.854	21.2838	0	-0.471999	0.881599	0	10688	17585
ChainingRodShaped	10259	4.81348	0.5	-85.5132	-1.09134	0	0.821143	0.570722	0	None	None
ChainingRodShaped	16510	2.84365	0.5	-0.351624	-56.2647	0	0.999751	0.0223176	0	None	None
ChainingRodShaped	18492	2.37379	0.5	-59.65	-35.719	0	0.999671	-0.0256402	0	None	None
ChainingRodShaped	18004	2.27035	0.5	-49.8169	16.6809	0	-0.0950418	-0.995473	0	None	None
ChainingRodShaped	17546	2.42694	0.5	-100.568	40.551	0	0.992267	-0.124118	0	None	None
ChainingRodShaped	16598	2.49751	0.5	-27.5591	14.9843	0	-0.131227	-0.991352	0	None	None
ChainingRodShaped	16154	2.81234	0.5	-57.6359	-39.2087	0	0.999678	0.0253819	0	None	None
ChainingRodShaped	17212	2.43849	0.5	-115.038	38.8242	0	0.998159	0.0606465	0	None	None
ChainingRodShaped	10275	4.04189	0.5	1.99954	45.8475	0	0.997741	0.0671766	0	None	None
ChainingRodShaped	17870	2.35044	0.5	62.378	-122.446	0	-0.945724	-0.324972	0	17871	19473
ChainingRodShaped	17722	2.43254	0.5	186.115	119.452	0	0.931618	-0.36344	0	17723	18859
ChainingRodShaped	10281	3.95228	0.5	-27.4837	58.9105	0	-0.999935	-0.0113595	0	None	None
ChainingRodShaped	10283	4.6977	0.5	6.9819	58.3228	0	0.486153	0.873874	0	None	None
ChainingRodShaped	16574	2.47478	0.5	-16.8878	47.2809	0	0.920187	-0.391479	0	None	None
ChainingRodShaped	10287	3.60576	0.5	-88.9088	79.339	0	0.972825	-0.231543	0	None	None
ChainingRodShaped	10289	4.59738	0.5	-19.0464	-2.24309	0	-0.835375	-0.549681	0	None	None
ChainingRodShaped	19212	2.07966	0.5	-57.6797	-6.58732	0	-0.997076	0.07642	0	None	None
ChainingRodShaped	17044	2.55343	0.5	-120.924	11.7299	0	-0.569842	0.821755	0	None	None
ChainingRodShaped	19524	2.05637	0.5	39.5011	-32.3065	0	0.605998	0.795466	0	None	None
ChainingRodShaped	17134	2.5349	0.5	14.8001	8.97842	0	0.575792	-0.817596	0	None	None
ChainingRodShaped	10299	4.92974	0.5	-29.0466	122.551	0	-0.33651	-0.94168	0	None	None
ChainingRodShaped	17174	2.84031	0.5	8.79492	53.8966	0	0.471073	0.882094	0	None	None
ChainingRodShaped	18500	2.22709	0.5	44.9079	0.440962	0	0.96736	0.253406	0	None	None
ChainingRodShaped	16946	2.88752	0.5	-107.2	16.7781	0	0.484232	-0.87494	0	None	None
ChainingRodShaped	18426	2.2948	0.5	11.671	86.0985	0	-0.754888	-0.655854	0	None	None
ChainingRodShaped	16050	3.12655	0.5	-20.8685	-31.165	0	0.491835	-0.870688	0	None	None
ChainingRodShaped	18362	2.2171	0.5	-68.8794	88.1275	0	0.91239	-0.409321	0	None	None
ChainingRodShaped	16066	2.85356	0.5	-44.333	7.48844	0	0.827175	0.561944	0	None	None
ChainingRodShaped	16640	3.1253	0.5	63.0496	31.6479	0	0.238125	-0.971235	0	None	None
ChainingRodShaped	10317	3.96313	0.5	12.5019	-5.70559	0	-0.982982	-0.183704	0	None	None
ChainingRodShaped	10319	3.68111	0.5	-85.478	40.4378	0	-0.0321593	-0.999483	0	None	None
ChainingRodShaped	10321	4.72297	0.5	-28.6216	42.6165	0	0.510214	-0.860048	0	None	None
ChainingRodShaped	10323	4.57367	0.5	-34.4659	-21.6564	0	-0.97015	-0.242505	0	None	None
ChainingRodShaped	17466	2.63141	0.5	-4.78731	84.5648	0	0.848133	0.529784	0	None	None
ChainingRodShaped	17026	2.91439	0.5	1.87321	-37.4314	0	-0.086182	-0.996279	0	None	None
ChainingRodShaped	17700	2.33652	0.5	-85.4763	91.6419	0	0.233173	0.972435	0	None	None
ChainingRodShaped	10331	4.88716	0.5	-73.194	96.8956	0	0.964345	0.264649	0	None	None
ChainingRodShaped	17130	2.96038	0.5	-76.62	40.5832	0	-0.193362	-0.981128	0	None	None
ChainingRodShaped	17390	2.78056	0.5	-48.3662	-11.3519	0	-0.998362	-0.0572084	0	None	None
ChainingRodShaped	10337	4.38142	0.5	-71.2053	2.1129	0	-0.789413	-0.613863	0	None	None
ChainingRodShaped	19068	2.25712	0.5	16.9165	87.299	0	-0.752938	-0.658092	0	None	None
ChainingRodShaped	16352	3.20175	0.5	63.4341	29.2141	0	-0.998637	-0.0522026	0	None	None
ChainingRodShaped	10343	3.91762	0.5	-84.4568	-38.2944	0	0.851144	-0.524933	0	None	None
ChainingRodShaped	16462	3.28977	0.5	-95.0332	-42.4989	0	0.623824	-0.781565	0	None	None
ChainingRodShaped	10347	4.81782	0.5	-75.5725	9.67323	0	0.831779	0.555107	0	None	None
ChainingRodShaped	10349	3.65957	0.5	17.0908	74.5412	0	0.984913	-0.173049	0	None	None
ChainingRodShaped	16490	3.14169	0.5	49.1327	44.7899	0	-0.850131	0.526571	0	None	None
ChainingRodShaped	17776	2.33835	0.5	-13.2451	95.3396	0	0.179748	0.983713	0	None	None
ChainingRodShaped	16872	2.87393	0.5	57.2926	-4.23759	0	0.780685	0.624925	0	None	None
ChainingRodShaped	18220	2.49594	0.5	-73.5655	67.9086	0	-0.558397	-0.829574	0	None	None
ChainingRodShaped	18228	2.45625	0.5	-69.4965	59.0993	0	-0.541204	-0.840892	0	None	None
ChainingRodShaped	10361	4.86406	0.5	55.9942	64.5793	0	-0.888255	0.45935	0	None	None
ChainingRodShaped	16398	2.45941	0.5	-21.7396	-43.1641	0	0.982997	0.183622	0	None	None
ChainingRodShaped	10365	4.88417	0.5	-89.7845	34.0364	0	-0.417485	-0.908684	0	None	None
ChainingRodShaped	17566	2.75003	0.5	-13.9324	59.687	0	-0.16092	0.986967	0	None	None
ChainingRodShaped	10369	4.09856	0.5	-43.5044	-1.90023	0	-0.894344	-0.447381	0	None	None
ChainingRodShaped	10371	3.69692	0.5	-36.0509	-43.9047	0	-0.658007	-0.753012	0	None	None
ChainingRodShaped	17048	3.0304	0.5	-52.4018	61.9324	0	0.909066	0.416653	0	None	None
ChainingRodShaped	10375	4.80489	0.5	-55.9795	99.7075	0	-0.868466	-0.495749	0	None	None
ChainingRodShaped	16260	3.18597	0.5	-71.349	-13.8231	0	-0.991303	0.131597	0	None	None
ChainingRodShaped	16084	3.43716	0.5	-22.7637	50.8844	0	-0.310418	0.9506	0	None	None
ChainingRodShaped	16234	3.25405	0.5	63.8379	41.1903	0	0.854275	-0.519821	0	None	None
ChainingRodShaped	10383	4.90288	0.5	-72.101	-51.8936	0	0.986835	-0.161731	0	None	None
ChainingRodShaped	10385	4.49586	0.5	2.734	-36.7238	0	-0.0762373	-0.99709	0	None	None
ChainingRodShaped	10387	4.3827	0.5	8.35832	-20.4358	0	0.768178	-0.640236	0	None	None
ChainingRodShaped	16940	2.70154	0.5	-11.5981	-52.4444	0	0.68748	0.726204	0	None	None
ChainingRodShaped	10391	4.19302	0.5	-39.7706	88.6234	0	0.987648	-0.156689	0	None	None
ChainingRodShaped	10393	4.31787	0.5	44.7781	-28.1489	0	0.186631	0.98243	0	None	None
ChainingRodShaped	17766	2.62069	0.5	1.5045	50.828	0	0.97231	0.233696	0	None	None
ChainingRodShaped	17320	2.74507	0.5	-47.6402	79.1276	0	0.997017	-0.0771854	0	None	None
ChainingRodShaped	10399	4.3594	0.5	28.4817	97.9148	0	0.843843	-0.53659	0	None	None
ChainingRodShaped	10401	3.89188	0.5	103.122	16.2947	0	0.881424	0.472326	0	11810	10400
ChainingRodShaped	10403	3.90896	0.5	-32.8381	-49.8023	0	0.981455	0.191694	0	None	None
ChainingRodShaped	10405	4.80948	0.5	-18.1175	110.881	0	-0.984276	-0.176636	0	None	None
ChainingRodShaped	10407	4.36661	0.5	22.4194	48.5592	0	-0.0797204	-0.996817	0	None	None
ChainingRodShaped	16334	2.9398	0.5	-67.7894	42.7106	0	-0.0769646	0.997034	0	None	None
ChainingRodShaped	10411	3.74225	0.5	-43.8868	44.7009	0	0.58992	-0.807461	0	None	None
ChainingRodShaped	10413	3.72435	0.5	-58.4684	87.0917	0	0.851452	-0.524433	0	None	None
ChainingRodShaped	16242	2.89208	0.5	-73.3766	9.27372	0	0.820623	0.57147	0	None	None
ChainingRodShaped	16340	2.98526	0.5	36.5495	84.0781	0	-0.264896	-0.964277	0	None	None
ChainingRodShaped	10419	3.30426	0.5	23.4013	136.996	0	-0.573469	0.819227	0	11962	10418
ChainingRodShaped	10421	4.42962	0.5	191.119	123.709	0	-0.967841	-0.251562	0	9082	10420
ChainingRodShaped	19404	2.11926	0.5	-58.0779	65.5234	0	-0.851384	-0.524544	0	None	None
ChainingRodShaped	17122	2.67011	0.5	-7.22789	24.8475	0	0.680481	0.732766	0	None	None
ChainingRodShaped	10427	4.00512	0.5	-101.818	59.5962	0	0.870259	0.492595	0	None	None
ChainingRodShaped	17888	2.29929	0.5	-51.7447	52.9012	0	0.321493	-0.946912	0	None	None
ChainingRodShaped	10431	4.90298	0.5	-90.7405	49.4554	0	0.0520859	-0.998643	0	None	None
ChainingRodShaped	16344	3.01797	0.5	3.49412	85.8918	0	0.722341	0.691537	0	None	None
ChainingRodShaped	16486	2.91108	0.5	15.0054	12.7196	0	0.598682	-0.800987	0	None	None
ChainingRodShaped	10437	4.04731	0.5	21.0129	-48.6712	0	-0.173516	0.984831	0	None	None
ChainingRodShaped	16716	2.77358	0.5	-107.443	38.0556	0	0.988193	-0.153216	0	None	None
ChainingRodShaped	17040	2.93065	0.5	-97.0857	11.9244	0	0.222035	-0.975039	0	None	None
ChainingRodShaped	10443	4.14433	0.5	-60.0421	38.9156	0	0.00603051	0.999982	0	None	None
ChainingRodShaped	19632	2.02405	0.5	-99.7855	43.964	0	-0.971859	0.235565	0	None	None
ChainingRodShaped	10447	4.65146	0.5	-157.41	87.4952	0	0.948714	-0.316137	0	17778	10446
ChainingRodShaped	16382	3.25739	0.5	-21.3861	68.7836	0	-0.64529	-0.763938	0	None	None
ChainingRodShaped	17176	2.49316	0.5	-38.2483	-8.21263	0	-0.362847	0.931849	0	None	None
ChainingRodShaped	10453	4.97254	0.5	-7.59302	53.054	0	0.805137	0.593089	0	None	None
ChainingRodShaped	10455	4.94556	0.5	-91.8121	5.17167	0	0.808471	0.588537	0	None	None
ChainingRodShaped	18494	2.4262	0.5	-82.7331	80.115	0	0.979796	-0.2	0	None	None
ChainingRodShaped	16200	3.28033	0.5	33.4055	87.3321	0	-0.593253	-0.805016	0	None	None
ChainingRodShaped	10461	4.45017	0.5	14.162	-22.1959	0	0.906758	-0.421652	0	None	None
ChainingRodShaped	10463	3.84514	0.5	-114.306	61.773	0	-0.25598	-0.966682	0	None	None
ChainingRodShaped	10465	4.49665	0.5	-2.61653	0.621263	0	0.983669	-0.179989	0	None	None
ChainingRodShaped	19410	2.05324	0.5	-57.7578	-8.7828	0	0.998916	-0.0465437	0	None	None
ChainingRodShaped	10469	4.71291	0.5	-9.37756	92.5034	0	0.0330027	-0.999455	0	None	None
ChainingRodShaped	10471	3.99488	0.5	25.4408	-34.4333	0	-0.498755	-0.866743	0	None	None
ChainingRodShaped	10473	4.51903	0.5	26.2739	88.5048	0	0.784985	0.619515	0	None	None
ChainingRodShaped	10475	4.54897	0.5	-98.912	35.5402	0	-0.676224	-0.736696	0	None	None
ChainingRodShaped	19262	2.09381	0.5	-84.8661	3.31158	0	0.821567	0.570113	0	None	None
ChainingRodShaped	10479	3.85571	0.5	-1.07149	86.0467	0	0.859203	0.511634	0	None	None
ChainingRodShaped	10481	4.99704	0.5	-54.1319	117.739	0	0.321072	-0.947055	0	None	None
ChainingRodShaped	18708	2.25035	0.5	-117.983	-3.47868	0	-0.54559	0.838052	0	None	None
ChainingRodShaped	19542	2.06248	0.5	198.571	2.40431	0	-0.968895	-0.247473	0	19543	18673
ChainingRodShaped	10487	3.72716	0.5	-97.2799	57.3095	0	0.872345	0.488891	0	None	None
ChainingRodShaped	10489	4.57997	0.5	-67.5784	-13.5793	0	-0.98571	0.168453	0	None	None
ChainingRodShaped	10491	4.13278	0.5	-83.3825	-14.2094	0	-0.046074	0.998938	0	None	None
ChainingRodShaped	16874	2.90932	0.5	-97.1544	5.21362	0	0.380267	-0.924877	0	None	None
ChainingRodShaped	16328	2.65593	0.5	10.7298	60.3858	0	0.49906	0.866567	0	None	None
ChainingRodShaped	10497	3.93413	0.5	-65.7113	99.2449	0	-0.826932	0.562302	0	None	None
ChainingRodShaped	10499	3.8597	0.5	-58.4679	-12.9649	0	-0.956441	0.291925	0	None	None
ChainingRodShaped	10501	4.64023	0.5	38.1551	9.88345	0	0.422735	-0.906253	0	None	None
ChainingRodShaped	10503	4.70091	0.5	45.8531	53.6513	0	-0.999394	-0.0348159	0	None	None
ChainingRodShaped	10505	4.06941	0.5	-43.3121	46.4893	0	0.590526	-0.807018	0	None	None
ChainingRodShaped	10507	4.67202	0.5	-52.7456	72.0427	0	-0.949829	-0.312769	0	None	None
ChainingRodShaped	16876	3.03217	0.5	52.6836	78.2014	0	-0.594987	0.803735	0	None	None
ChainingRodShaped	10511	4.16724	0.5	-66.8539	20.6207	0	0.885332	0.46496	0	None	None
ChainingRodShaped	17504	2.39624	0.5	-59.8491	-27.9607	0	0.994949	0.100382	0	None	None
ChainingRodShaped	17124	2.40196	0.5	-15.2556	9.0896	0	-0.762174	-0.647372	0	None	None
ChainingRodShaped	10517	3.95146	0.5	-36.176	71.1714	0	-0.982815	-0.184596	0	None	None
ChainingRodShaped	10519	4.46517	0.5	12.7451	22.0574	0	0.342927	-0.939362	0	None	None
ChainingRodShaped	17810	2.72429	0.5	-28.0326	-46.1103	0	0.978535	0.206081	0	None	None
ChainingRodShaped	10523	3.80427	0.5	-62.518	-68.6823	0	0.999971	-0.00765051	0	17232	10522
ChainingRodShaped	19390	2.09481	0.5	-110.294	37.3354	0	0.99524	0.0974508	0	None	None
ChainingRodShaped	17154	2.6934	0.5	-76.3702	-25.4945	0	0.987955	-0.15474	0	None	None
ChainingRodShaped	19654	2.02287	0.5	-38.6468	95.132	0	-0.915606	0.402077	0	None	None
ChainingRodShaped	10531	4.84792	0.5	-18.5695	-57.735	0	0.994682	-0.102995	0	None	None
ChainingRodShaped	10533	3.86575	0.5	31.5807	119.503	0	-0.305898	0.952064	0	5820	18845
ChainingRodShaped	10535	3.78468	0.5	60.0874	63.0513	0	0.247301	-0.968939	0	None	None
ChainingRodShaped	10537	4.7783	0.5	-122.277	43.3185	0	-0.957065	-0.289873	0	None	None
ChainingRodShaped	16928	2.75347	0.5	-62.6419	53.4936	0	0.733068	0.680155	0	None	None
ChainingRodShaped	19100	2.13337	0.5	-43.4876	-73.7894	0	-0.90556	0.424218	0	19101	10540
ChainingRodShaped	10543	4.63422	0.5	53.1111	-18.0236	0	0.615903	0.787822	0	None	None
ChainingRodShaped	18398	2.50759	0.5	28.8781	9.93686	0	0.22507	0.974343	0	None	None
ChainingRodShaped	16414	3.23775	0.5	-101.076	48.4029	0	0.972552	-0.232686	0	None	None
ChainingRodShaped	16924	2.78924	0.5	12.3538	92.1027	0	0.997827	0.06589	0	None	None
ChainingRodShaped	17184	2.65226	0.5	-52.5585	65.007	0	-0.909084	-0.416613	0	None	None
ChainingRodShaped	10553	3.89845	0.5	-104.162	86.2587	0	-0.564405	-0.825498	0	None	None
ChainingRodShaped	10555	4.39902	0.5	-56.978	-61.2075	0	-0.822891	0.5682	0	None	None
ChainingRodShaped	10557	4.58173	0.5	14.646	-15.0911	0	-0.997713	-0.0675989	0	None	None
ChainingRodShaped	10559	3.86616	0.5	-109.583	95.7846	0	0.999755	-0.0221187	0	11252	10558
ChainingRodShaped	10561	4.52279	0.5	-30.5462	28.7297	0	0.977421	-0.211301	0	None	None
ChainingRodShaped	10563	4.02572	0.5	-28.8567	8.01827	0	-0.0671446	0.997743	0	None	None
ChainingRodShaped	10565	4.43644	0.5	-74.7621	19.2102	0	0.907641	0.419747	0	None	None
ChainingRodShaped	10567	4.55623	0.5	-35.4246	83.8855	0	0.995511	-0.0946486	0	None	None
ChainingRodShaped	16844	3.08664	0.5	-25.3731	-38.957	0	0.33897	-0.940797	0	None	None
ChainingRodShaped	10571	4.91466	0.5	-45.6338	84.6697	0	0.998656	-0.0518319	0	None	None
ChainingRodShaped	18154	2.60117	0.5	15.5161	-19.4171	0	0.998703	0.0509089	0	None	None
ChainingRodShaped	10575	4.42347	0.5	-27.3674	75.9665	0	0.843233	-0.537548	0	None	None
ChainingRodShaped	16642	2.62551	0.5	-4.57098	6.91334	0	-0.999465	0.0326968	0	None	None
ChainingRodShaped	17562	2.39799	0.5	-65.4316	53.9343	0	0.726375	0.687299	0	None	None
ChainingRodShaped	16582	3.21811	0.5	-87.3023	13.7354	0	0.844571	0.535444	0	None	None
ChainingRodShaped	19434	2.12324	0.5	9.15797	44.6734	0	0.62952	0.776984	0	None	None
ChainingRodShaped	10585	3.56296	0.5	-2.88544	110.653	0	-0.669002	0.743261	0	None	None
ChainingRodShaped	10587	3.67448	0.5	-43.361	-44.6597	0	0.700113	0.714032	0	None	None
ChainingRodShaped	19726	2.00886	0.5	-98.1015	79.6286	0	-0.0386772	-0.999252	0	None	None
ChainingRodShaped	10591	4.7317	0.5	68.4556	-6.18019	0	0.715457	0.698656	0	7394	10590
ChainingRodShaped	10593	4.06155	0.5	51.5868	33.8155	0	0.332815	0.942992	0	None	None
ChainingRodShaped	19676	2.02219	0.5	-94.5368	46.4099	0	0.0827132	-0.996573	0	None	None
ChainingRodShaped	10597	4.73504	0.5	-62.7335	-36.4306	0	0.997802	-0.0662584	0	None	None
ChainingRodShaped	17162	2.88761	0.5	71.4751	27.2897	0	-0.992187	-0.124763	0	None	None
ChainingRodShaped	10601	4.81882	0.5	-108.804	-55.7674	0	0.727391	0.686223	0	13006	10600
ChainingRodShaped	18894	2.13811	0.5	-8.54601	91.4861	0	0.022986	-0.999736	0	None	None
ChainingRodShaped	10605	4.06253	0.5	-71.8803	-36.2256	0	0.94179	-0.336201	0	None	None
ChainingRodShaped	10607	4.31357	0.5	-7.77994	114.714	0	0.670776	-0.74166	0	None	None
ChainingRodShaped	10609	3.75973	0.5	-27.6054	19.756	0	0.786371	-0.617755	0	None	None
ChainingRodShaped	16470	2.67521	0.5	0.583551	-10.562	0	0.999519	0.0310063	0	None	None
ChainingRodShaped	10613	4.1816	0.5	-55.2575	25.7456	0	-0.583561	-0.812069	0	None	None
ChainingRodShaped	16796	2.65853	0.5	-25.6148	-58.7529	0	0.452697	0.891664	0	None	None
ChainingRodShaped	10617	4.20092	0.5	-104.488	75.896	0	-0.0541807	-0.998531	0	None	None
ChainingRodShaped	16466	2.77013	0.5	6.86749	15.4388	0	-0.650208	0.759756	0	None	None
ChainingRodShaped	10621	4.99492	0.5	-40.0621	64.4432	0	-0.35702	-0.934097	0	None	None
ChainingRodShaped	16686	2.58591	0.5	11.1621	-35.8899	0	0.666418	0.745578	0	None	None
ChainingRodShaped	19090	2.22116	0.5	57.8534	73.4109	0	0.456219	-0.889868	0	None	None
ChainingRodShaped	18856	2.32942	0.5	23.1328	89.5906	0	-0.106157	-0.994349	0	None	None
ChainingRodShaped	10629	3.90793	0.5	-51.1409	-29.9284	0	0.985671	0.16868	0	None	None
ChainingRodShaped	10631	3.68347	0.5	-66.2811	-23.169	0	-0.997428	0.0716771	0	None	None
ChainingRodShaped	17014	2.40849	0.5	-58.679	71.2026	0	-0.77852	-0.62762	0	None	None
ChainingRodShaped	10635	4.27481	0.5	-7.64655	65.4994	0	0.286237	0.958159	0	None	None
ChainingRodShaped	16666	3.14095	0.5	-91.1486	82.3991	0	0.997758	-0.0669269	0	None	None
ChainingRodShaped	10639	3.88494	0.5	-63.7128	3.16383	0	-0.307371	-0.95159	0	None	None
ChainingRodShaped	10641	3.88504	0.5	-61.8395	15.6872	0	-0.145543	-0.989352	0	None	None
ChainingRodShaped	10643	4.22468	0.5	-85.6609	-46.783	0	0.781314	-0.624138	0	None	None
ChainingRodShaped	10645	3.79357	0.5	-61.2866	57.8334	0	0.838056	0.545584	0	None	None
ChainingRodShaped	10647	3.79081	0.5	-69.6221	60.2729	0	-0.532859	-0.846204	0	None	None
ChainingRodShaped	17042	2.38328	0.5	-33.6491	-46.2677	0	-0.632187	-0.774816	0	None	None
ChainingRodShaped	16444	3.00731	0.5	68.7723	2.23164	0	-0.782427	-0.622742	0	None	None
ChainingRodShaped	16856	2.47555	0.5	3.22477	-50.0599	0	-0.00305568	0.999995	0	None	None
ChainingRodShaped	10655	4.30129	0.5	41.0738	62.8451	0	-0.242728	-0.970094	0	None	None
ChainingRodShaped	17982	2.34187	0.5	-21.5139	-2.94327	0	-0.843275	-0.537482	0	None	None
ChainingRodShaped	10659	4.84749	0.5	-29.3254	26.1164	0	0.900073	-0.435738	0	None	None
ChainingRodShaped	16746	2.82607	0.5	-57.6414	107.377	0	-0.874809	-0.484467	0	None	None
ChainingRodShaped	10663	4.63658	0.5	-108.936	49.398	0	-0.981844	-0.189692	0	None	None
ChainingRodShaped	18574	2.19967	0.5	-64.6195	101.844	0	-0.585309	0.81081	0	None	None
ChainingRodShaped	10667	4.11306	0.5	-33.3253	86.6335	0	0.993418	-0.114544	0	None	None
ChainingRodShaped	10669	3.60694	0.5	-68.6466	110.43	0	-0.998885	-0.0472123	0	None	None
ChainingRodShaped	16806	2.45644	0.5	-17.9656	104.205	0	-0.547273	0.836954	0	None	None
ChainingRodShaped	17668	2.3701	0.5	46.5459	51.1049	0	-0.999682	-0.0252235	0	None	None
ChainingRodShaped	10675	4.52113	0.5	-92.1751	38.0653	0	-0.428856	-0.903373	0	None	None
ChainingRodShaped	18606	2.24139	0.5	-43.91	2.55084	0	0.869209	0.494444	0	None	None
ChainingRodShaped	10679	3.77679	0.5	12.4718	26.0218	0	-0.899051	-0.437844	0	None	None
ChainingRodShaped	10681	3.83205	0.5	-42.999	-64.1088	0	-0.978453	0.206469	0	None	None
ChainingRodShaped	10683	4.78457	0.5	19.7064	85.1823	0	0.994956	-0.100312	0	None	None
ChainingRodShaped	19686	2.01291	0.5	-42.7818	-50.5183	0	-0.623085	-0.782154	0	None	None
ChainingRodShaped	10687	3.48535	0.5	30.4188	9.5487	0	0.205634	0.978629	0	None	None
ChainingRodShaped	10689	4.58233	0.5	-286.035	11.6908	0	-0.425479	0.904968	0	12162	10688
ChainingRodShaped	10691	4.66352	0.5	82.8448	37.9756	0	0.999963	0.00861508	0	17082	18891
ChainingRodShaped	10693	3.96399	0.5	35.5321	-11.2389	0	-0.736534	-0.676401	0	None	None
ChainingRodShaped	17288	2.83953	0.5	-11.0131	-26.2879	0	0.999959	0.00903918	0	None	None
ChainingRodShaped	16696	2.54756	0.5	-73.7239	-0.491394	0	-0.907628	-0.419776	0	None	None
ChainingRodShaped	19038	2.14123	0.5	-49.0884	-38.8083	0	-0.592957	-0.805234	0	None	None
ChainingRodShaped	18784	2.35651	0.5	10.5682	73.7471	0	-0.920521	-0.390693	0	None	None
ChainingRodShaped	10703	4.72938	0.5	106.109	98.7034	0	-0.879207	-0.476441	0	9190	10702
ChainingRodShaped	10705	3.63837	0.5	-37.3228	0.524918	0	0.23304	0.972467	0	None	None
ChainingRodShaped	10707	3.59055	0.5	42.4394	57.9752	0	0.953099	-0.30266	0	None	None
ChainingRodShaped	17438	2.36884	0.5	-49.4999	53.126	0	0.329421	-0.944183	0	None	None
ChainingRodShaped	10711	4.3854	0.5	-27.7884	67.0454	0	-0.995971	0.089678	0	None	None
ChainingRodShaped	10713	4.96123	0.5	0.18745	104.99	0	0.993517	0.11368	0	None	None
ChainingRodShaped	17828	2.61994	0.5	16.0885	-6.04122	0	-0.626414	0.77949	0	None	None
ChainingRodShaped	10717	4.86852	0.5	37.5047	-28.2447	0	-0.995132	-0.0985516	0	None	None
ChainingRodShaped	19624	2.03671	0.5	-124.458	27.9309	0	0.610936	0.79168	0	None	None
ChainingRodShaped	10721	4.71147	0.5	18.9228	-25.1113	0	0.437556	-0.899191	0	None	None
ChainingRodShaped	18312	2.40753	0.5	-57.5837	-8.05021	0	0.998403	-0.0564845	0	None	None
ChainingRodShaped	17908	2.66296	0.5	-56.1666	-56.9296	0	0.45865	0.888617	0	None	None
ChainingRodShaped	16496	2.5699	0.5	-101.712	43.1919	0	-0.997449	0.0713868	0	None	None
ChainingRodShaped	10729	4.54252	0.5	-28.5849	35.8248	0	-0.232628	0.972566	0	None	None
ChainingRodShaped	10731	4.26279	0.5	-40.8866	-18.7261	0	-0.999963	0.00857762	0	None	None
ChainingRodShaped	10733	4.91678	0.5	22.7647	-41.5023	0	0.815557	0.578676	0	None	None
ChainingRodShaped	10735	4.83053	0.5	23.0124	48.6326	0	-0.0897359	-0.995966	0	None	None
ChainingRodShaped	10737	4.26292	0.5	-96.8637	-1.2311	0	0.496389	-0.8681	0	None	None
ChainingRodShaped	10739	4.26136	0.5	-37.8022	-54.9074	0	-0.933537	-0.35848	0	None	None
ChainingRodShaped	10741	4.57976	0.5	8.88504	100.041	0	-0.948222	-0.317609	0	None	None
ChainingRodShaped	18450	2.37733	0.5	-83.7502	62.642	0	-0.426231	-0.904614	0	None	None
ChainingRodShaped	18070	2.64924	0.5	-67.0871	-36.9926	0	0.796268	0.604943	0	None	None
ChainingRodShaped	10747	4.69093	0.5	-106.76	55.6291	0	0.97721	-0.212276	0	None	None
ChainingRodShaped	18428	2.2332	0.5	-90.4564	-25.4207	0	0.873316	-0.487154	0	None	None
ChainingRodShaped	10751	3.70412	0.5	-20.3509	5.24776	0	-0.628304	-0.777968	0	None	None
ChainingRodShaped	10753	4.95241	0.5	37.4586	-38.7652	0	-0.705437	-0.708773	0	None	None
ChainingRodShaped	10755	4.77734	0.5	-79.3581	37.594	0	-0.347149	-0.93781	0	None	None
ChainingRodShaped	17600	2.80116	0.5	15.718	29.809	0	-0.753204	-0.657787	0	None	None
ChainingRodShaped	10759	4.4364	0.5	86.4984	-92.1102	0	-0.402825	0.915277	0	11028	10758
ChainingRodShaped	10761	4.99078	0.5	-14.8537	120.519	0	-0.889142	0.457632	0	None	None
ChainingRodShaped	10763	3.61955	0.5	35.1371	91.0819	0	-0.610563	-0.791967	0	None	None
ChainingRodShaped	10765	3.67641	0.5	-110.265	-12.5736	0	-0.687118	0.726546	0	None	None
ChainingRodShaped	10767	4.48892	0.5	-25.5531	13.3202	0	-0.140584	-0.990069	0	None	None
ChainingRodShaped	16772	2.68847	0.5	-71.6958	25.723	0	0.893855	0.448356	0	None	None
ChainingRodShaped	10771	3.77281	0.5	-14.4733	58.4755	0	-0.151146	0.988511	0	None	None
ChainingRodShaped	17752	2.26056	0.5	-57.0701	14.0141	0	-0.191452	-0.981502	0	None	None
ChainingRodShaped	17008	2.72185	0.5	14.678	-47.856	0	-0.639164	0.76907	0	None	None
ChainingRodShaped	10777	3.82617	0.5	-55.8846	127.374	0	-0.608823	-0.793306	0	None	None
ChainingRodShaped	10779	4.49329	0.5	-124.046	49.2652	0	0.948253	0.317516	0	None	None
ChainingRodShaped	10781	4.50527	0.5	-88.5664	89.7253	0	0.894182	0.447704	0	None	None
ChainingRodShaped	16950	3.01562	0.5	-54.6213	-37.2604	0	0.996688	0.0813182	0	None	None
ChainingRodShaped	17710	2.44219	0.5	-12.3746	59.6057	0	-0.159211	0.987245	0	None	None
ChainingRodShaped	18336	2.4069	0.5	-23.1165	-6.82485	0	-0.814729	-0.579842	0	None	None
ChainingRodShaped	10789	3.70575	0.5	-27.7428	90.4607	0	0.997901	-0.0647573	0	None	None
ChainingRodShaped	16710	2.50816	0.5	62.6022	40.333	0	-0.979795	0.200006	0	None	None
ChainingRodShaped	10793	4.00352	0.5	-104.162	1.87464	0	-0.161256	0.986913	0	None	None
ChainingRodShaped	17120	2.87943	0.5	-81.1355	46.7891	0	0.0502257	-0.998738	0	None	None
ChainingRodShaped	10797	4.75703	0.5	-84.156	63.6871	0	-0.419974	-0.907536	0	None	None
ChainingRodShaped	10799	3.7563	0.5	-93.5887	-58.4446	0	0.591477	-0.806322	0	17502	10798
ChainingRodShaped	18448	2.30497	0.5	-120.141	26.7535	0	0.00527182	0.999986	0	None	None
ChainingRodShaped	19702	2.01688	0.5	-102.141	17.6436	0	0.690872	-0.722977	0	None	None
ChainingRodShaped	18632	2.36683	0.5	18.8827	-26.9757	0	0.44381	-0.896121	0	None	None
ChainingRodShaped	10807	3.70175	0.5	9.32035	-10.7389	0	1	-0.00041861	0	None	None
ChainingRodShaped	10809	4.26565	0.5	26.1635	117.137	0	0.633405	0.77382	0	None	None
ChainingRodShaped	18972	2.14322	0.5	-63.725	53.5141	0	0.726346	0.687329	0	None	None
ChainingRodShaped	10813	4.28218	0.5	-32.2426	10.873	0	-0.375355	-0.926881	0	None	None
ChainingRodShaped	10815	4.25207	0.5	-84.029	-28.9454	0	-0.394224	-0.919014	0	None	None
ChainingRodShaped	10817	4.35247	0.5	143.061	-87.8698	0	-0.528428	-0.848978	0	8934	10816
ChainingRodShaped	10819	4.26545	0.5	-77.3504	-34.414	0	0.577714	0.816239	0	None	None
ChainingRodShaped	10821	4.82848	0.5	25.3709	101.472	0	0.923797	0.382882	0	None	None
ChainingRodShaped	17542	2.59494	0.5	-60.281	-61.3743	0	-0.836825	0.547471	0	None	None
ChainingRodShaped	10825	4.70459	0.5	-39.3772	80.6859	0	0.998802	-0.0489246	0	None	None
ChainingRodShaped	19078	2.20049	0.5	18.5545	-21.2057	0	0.984051	0.177889	0	None	None
ChainingRodShaped	10829	4.74933	0.5	-77.8991	81.3721	0	0.990856	-0.134923	0	None	None
ChainingRodShaped	16942	2.94141	0.5	-63.3849	-18.7863	0	-0.99489	0.100969	0	None	None
ChainingRodShaped	10833	3.70803	0.5	-7.52498	-41.53	0	0.516116	0.856519	0	None	None
ChainingRodShaped	10835	4.59625	0.5	22.8644	-90.1832	0	0.230045	0.97318	0	17486	10834
ChainingRodShaped	10837	3.79884	0.5	1.6073	48.7779	0	0.978884	0.204418	0	None	None
ChainingRodShaped	19716	2.01656	0.5	33.3593	72.1005	0	0.999291	0.0376462	0	None	None
ChainingRodShaped	10841	4.3628	0.5	-76.3556	111.431	0	0.961547	-0.27464	0	None	None
ChainingRodShaped	17346	2.37403	0.5	51.3866	71.7711	0	-0.789094	0.614272	0	None	None
ChainingRodShaped	10845	3.51281	0.5	-98.2594	84.2677	0	-0.801857	-0.597516	0	None	None
ChainingRodShaped	10847	3.75276	0.5	-36.0701	-59.984	0	-0.948962	0.31539	0	None	None
ChainingRodShaped	10849	4.15737	0.5	-64.2408	76.1395	0	0.890538	-0.454909	0	None	None
ChainingRodShaped	10851	4.71756	0.5	54.0995	1.14246	0	0.76449	0.644636	0	None	None
ChainingRodShaped	10853	4.24225	0.5	-44.2509	-1.53808	0	-0.889871	-0.456213	0	None	None
ChainingRodShaped	10855	4.73098	0.5	-38.1957	17.2362	0	-0.536469	-0.84392	0	None	None
ChainingRodShaped	17748	2.72954	0.5	29.9082	46.0634	0	0.719156	-0.694848	0	None	None
ChainingRodShaped	10859	4.10388	0.5	-84.5204	17.3028	0	0.870323	0.492482	0	None	None
ChainingRodShaped	18738	2.18853	0.5	-32.9652	106.619	0	0.27831	0.960491	0	None	None
ChainingRodShaped	10863	4.63722	0.5	-8.42077	30.5526	0	-0.440635	-0.897686	0	None	None
ChainingRodShaped	18402	2.21657	0.5	-52.5148	24.9631	0	-0.564027	-0.825756	0	None	None
ChainingRodShaped	10867	4.70511	0.5	-60.5477	109.829	0	-0.999966	0.00819922	0	None	None
ChainingRodShaped	18770	2.14069	0.5	-43.6211	45.6244	0	0.589741	-0.807592	0	None	None
ChainingRodShaped	10871	3.52631	0.5	-34.7589	33.4055	0	0.991382	-0.131	0	None	None
ChainingRodShaped	18610	2.22517	0.5	-19.822	7.97533	0	-0.76868	-0.639633	0	None	None
ChainingRodShaped	10875	4.51366	0.5	-18.202	39.0905	0	-0.0452489	0.998976	0	None	None
ChainingRodShaped	18354	2.43624	0.5	47.6536	6.09834	0	-0.979561	-0.201146	0	None	None
ChainingRodShaped	10879	4.79228	0.5	-20.5639	-45.4864	0	0.979162	0.203079	0	None	None
ChainingRodShaped	19546	2.03613	0.5	-42.387	10.8366	0	0.920482	0.390784	0	None	None
ChainingRodShaped	19054	2.17823	0.5	-14.4713	-2.27442	0	-0.985217	-0.171312	0	None	None
ChainingRodShaped	10885	3.65481	0.5	-171.719	-29.1481	0	0.974449	-0.224608	0	13674	19241
ChainingRodShaped	10887	3.82193	0.5	-10.6574	41.4263	0	0.879386	0.476109	0	None	None
ChainingRodShaped	19426	2.09993	0.5	9.12216	-32.6369	0	0.610146	-0.792289	0	None	None
ChainingRodShaped	10891	4.4614	0.5	-7.22678	112.713	0	0.672742	-0.739877	0	None	None
ChainingRodShaped	10893	4.43985	0.5	-48.8209	-31.9703	0	-0.981389	-0.192029	0	None	None
ChainingRodShaped	10895	3.92436	0.5	-102.146	91.5088	0	-0.999892	-0.0147294	0	None	None
ChainingRodShaped	10897	4.45282	0.5	-19.5573	39.3338	0	-0.0325476	0.99947	0	None	None
ChainingRodShaped	17820	2.52682	0.5	-12.109	102.743	0	0.740528	-0.672026	0	None	None
ChainingRodShaped	10901	4.88238	0.5	-2.75494	56.0977	0	-0.925859	0.37787	0	None	None
ChainingRodShaped	10903	3.59997	0.5	40.5606	-21.3635	0	-0.768769	-0.639526	0	None	None
ChainingRodShaped	10905	4.04527	0.5	-26.1356	-16.2819	0	-0.731439	-0.681907	0	None	None
ChainingRodShaped	10907	3.93509	0.5	22.6003	-0.563353	0	0.774311	0.632805	0	None	None
ChainingRodShaped	10909	3.49679	0.5	-26.8255	44.0077	0	0.49053	-0.871424	0	None	None
ChainingRodShaped	16866	2.96473	0.5	-56.43	-40.0565	0	0.999344	0.0362283	0	None	None
ChainingRodShaped	10913	3.76297	0.5	-80.8119	65.4079	0	-0.396824	-0.917895	0	None	None
ChainingRodShaped	10915	4.35992	0.5	-40.3702	-29.748	0	0.996841	0.0794208	0	None	None
ChainingRodShaped	18330	2.25727	0.5	22.7085	-11.5555	0	0.979404	0.201913	0	None	None
ChainingRodShaped	10919	4.41506	0.5	0.317703	77.682	0	0.117691	0.99305	0	None	None
ChainingRodShaped	10921	4.11073	0.5	17.5097	-40.9603	0	0.193012	0.981196	0	None	None
ChainingRodShaped	19246	2.06555	0.5	-38.9676	-31.9643	0	0.998222	0.0596068	0	None	None
ChainingRodShaped	10925	4.78026	0.5	-59.1263	110.645	0	-0.999835	0.0181865	0	None	None
ChainingRodShaped	10927	4.58327	0.5	-13.7939	-55.766	0	0.747324	0.66446	0	None	None
ChainingRodShaped	18962	2.29921	0.5	-25.7003	6.00502	0	0.132122	-0.991233	0	None	None
ChainingRodShaped	19742	2.00634	0.5	-58.9088	96.6743	0	-0.699715	-0.714422	0	None	None
ChainingRodShaped	10933	4.08628	0.5	-67.8201	66.3162	0	-0.78786	-0.615855	0	None	None
ChainingRodShaped	10935	4.2297	0.5	-42.6581	-27.4683	0	0.997842	0.0656681	0	None	None
ChainingRodShaped	18994	2.12269	0.5	65.8724	10.429	0	0.769265	0.63893	0	None	None
ChainingRodShaped	18666	2.26919	0.5	-52.7765	-58.1724	0	0.602821	0.797877	0	None	None
ChainingRodShaped	18256	2.38227	0.5	55.3386	59.5793	0	0.994348	-0.106172	0	None	None
ChainingRodShaped	17464	2.48294	0.5	-106.983	61.6018	0	0.99482	-0.10165	0	None	None
ChainingRodShaped	10945	3.47271	0.5	-131.914	19.7912	0	0.969771	-0.244017	0	None	None
ChainingRodShaped	16970	2.40982	0.5	4.99782	-40.2581	0	-0.596588	-0.802548	0	None	None
ChainingRodShaped	17004	2.99647	0.5	22.1011	76.4391	0	-0.980231	0.197854	0	None	None
ChainingRodShaped	10951	3.80169	0.5	-80.5213	-37.6143	0	0.873797	-0.48629	0	None	None
ChainingRodShaped	17272	2.79626	0.5	44.5045	10.8436	0	0.992228	-0.12443	0	None	None
ChainingRodShaped	10955	4.44545	0.5	60.9683	51.4257	0	0.20212	-0.979361	0	None	None
ChainingRodShaped	10957	4.87686	0.5	41.0956	-1.46626	0	0.960158	0.279456	0	None	None
ChainingRodShaped	10959	4.36149	0.5	-22.5693	64.8656	0	-0.92772	-0.373278	0	None	None
ChainingRodShaped	10961	4.38845	0.5	-105.353	38.6136	0	0.987254	-0.159151	0	None	None
ChainingRodShaped	10963	4.00002	0.5	-6.6146	46.0561	0	0.878498	0.477747	0	None	None
ChainingRodShaped	16920	2.79384	0.5	-96.1423	66.3084	0	0.853857	0.520507	0	None	None
ChainingRodShaped	10967	3.74799	0.5	-59.1243	-4.12285	0	0.180565	0.983563	0	None	None
ChainingRodShaped	18126	2.22061	0.5	-37.7014	87.4509	0	0.995786	-0.0917029	0	None	None
ChainingRodShaped	10971	4.91489	0.5	-147.922	15.0008	0	-0.809887	-0.586586	0	13348	10970
ChainingRodShaped	17650	2.76579	0.5	-95.6586	94.6443	0	0.910987	0.412435	0	None	None
ChainingRodShaped	18296	2.275	0.5	-93.0833	53.3164	0	0.00266425	-0.999996	0	None	None
ChainingRodShaped	10977	4.22536	0.5	-105.771	6.58153	0	0.454905	-0.89054	0	None	None
ChainingRodShaped	10979	4.82669	0.5	38.0454	-39.4563	0	0.70345	0.710745	0	7774	19293
ChainingRodShaped	10981	4.7648	0.5	-56.4246	-21.4402	0	-0.999992	0.00407361	0	None	None
ChainingRodShaped	17362	2.85702	0.5	72.6093	22.9242	0	-0.807149	-0.590348	0	None	None
ChainingRodShaped	10985	4.241	0.5	-44.2425	-62.855	0	-0.979829	0.199838	0	None	None
ChainingRodShaped	10987	4.81211	0.5	-78.5735	117.383	0	0.894166	0.447735	0	None	None
ChainingRodShaped	17118	2.52138	0.5	-68.7099	-17.2953	0	0.991458	-0.130424	0	None	None
ChainingRodShaped	17924	2.50849	0.5	-20.4842	117.111	0	0.780111	-0.625641	0	None	None
ChainingRodShaped	10993	3.74875	0.5	82.5927	-102.518	0	-0.358947	-0.933358	0	17074	10992
ChainingRodShaped	19114	2.14031	0.5	-47.9969	-45.9892	0	0.636135	0.771578	0	None	None
ChainingRodShaped	17086	2.36335	0.5	-24.8068	84.2397	0	0.789477	-0.61378	0	None	None
ChainingRodShaped	10999	4.39137	0.5	-97.1225	64.7032	0	0.854535	0.519394	0	None	None
ChainingRodShaped	17450	2.55132	0.5	47.0705	21.6336	0	0.371813	-0.928308	0	None	None
ChainingRodShaped	11003	4.45647	0.5	-49.3293	-31.2636	0	-0.983067	-0.183244	0	None	None
ChainingRodShaped	18282	2.19551	0.5	-43.1707	126.21	0	-0.973461	-0.228854	0	None	None
ChainingRodShaped	11007	4.07106	0.5	-101.47	24.9538	0	0.582168	-0.813068	0	None	None
ChainingRodShaped	11009	4.00339	0.5	-54.194	-52.2617	0	0.612747	0.790279	0	None	None
ChainingRodShaped	11011	3.86695	0.5	0.027373	30.5326	0	0.910489	0.413534	0	None	None
ChainingRodShaped	11013	4.00591	0.5	-97.3265	32.2563	0	-0.697712	-0.716379	0	None	None
ChainingRodShaped	11015	4.93042	0.5	-101.686	75.2564	0	-0.426416	0.904527	0	None	None
ChainingRodShaped	17670	2.30414	0.5	-29.4856	47.1002	0	0.999391	-0.0349001	0	None	None
ChainingRodShaped	17090	2.66993	0.5	-27.932	-12.898	0	-0.813747	-0.58122	0	None	None
ChainingRodShaped	16962	2.88397	0.5	-68.1799	65.0147	0	-0.785516	-0.618841	0	None	None
ChainingRodShaped	19464	2.037	0.5	-152.779	-6.2426	0	-0.018088	0.999836	0	19465	11022
ChainingRodShaped	17068	2.36982	0.5	-92.0942	17.8633	0	0.29224	-0.956345	0	None	None
ChainingRodShaped	11027	4.25518	0.5	-68.2836	1.2764	0	0.264958	0.96426	0	None	None
ChainingRodShaped	11029	4.18277	0.5	91.1942	-100.57	0	-0.584186	0.81162	0	9220	11028
ChainingRodShaped	18804	2.35559	0.5	-8.12919	29.3856	0	-0.438432	-0.898764	0	None	None
ChainingRodShaped	17206	2.61452	0.5	-61.0154	-41.8305	0	0.996365	-0.0851916	0	None	None
ChainingRodShaped	19094	2.23834	0.5	-105.558	58.9528	0	0.994975	-0.10012	0	None	None
ChainingRodShaped	11037	3.83848	0.5	2.81449	44.4901	0	0.998881	0.0472875	0	None	None
ChainingRodShaped	11039	4.62878	0.5	27.607	-20.0044	0	0.995294	-0.0969042	0	None	None
ChainingRodShaped	11041	4.46913	0.5	115.397	-32.0323	0	0.984652	-0.174529	0	18676	11040
ChainingRodShaped	11043	4.07904	0.5	-95.9807	95.4493	0	0.906829	0.421499	0	None	None
ChainingRodShaped	11045	4.45631	0.5	-10.3962	113.443	0	0.676178	-0.736739	0	None	None
ChainingRodShaped	18234	2.5562	0.5	-32.5923	111.984	0	0.208484	0.978026	0	None	None
ChainingRodShaped	11049	4.59793	0.5	-51.2891	-29.1677	0	0.983941	0.178495	0	None	None
ChainingRodShaped	11051	4.76036	0.5	-45.2741	21.4705	0	0.272746	-0.962086	0	None	None
ChainingRodShaped	11053	4.88805	0.5	35.4121	56.0639	0	0.339647	0.940553	0	None	None
ChainingRodShaped	17488	2.85228	0.5	-51.3669	75.2005	0	0.988239	-0.152918	0	None	None
ChainingRodShaped	18038	2.56202	0.5	-88.1516	74.8811	0	-0.988221	0.153031	0	None	None
ChainingRodShaped	11059	3.74742	0.5	64.1549	18.6196	0	-0.193255	-0.981149	0	None	None
ChainingRodShaped	17018	2.81165	0.5	-44.052	116.027	0	0.863118	-0.505002	0	None	None
ChainingRodShaped	11063	3.42736	0.5	-79.0722	18.6938	0	0.838973	0.544174	0	None	None
ChainingRodShaped	18032	2.32019	0.5	-42.89	122.512	0	-0.49831	-0.866999	0	None	None
ChainingRodShaped	11067	4.51368	0.5	17.6254	100.348	0	0.983317	-0.181902	0	None	None
ChainingRodShaped	11069	4.49327	0.5	-78.1555	70.4865	0	-0.9813	0.192485	0	None	None
ChainingRodShaped	18078	2.52779	0.5	-43.5149	-21.648	0	-0.992729	-0.120374	0	None	None
ChainingRodShaped	17962	2.47879	0.5	-73.4322	34.7898	0	0.894859	0.446349	0	None	None
ChainingRodShaped	19316	2.14918	0.5	-94.4217	-14.0904	0	-0.999635	0.0270302	0	None	None
ChainingRodShaped	19420	2.11032	0.5	-113.035	73.4405	0	-0.365035	-0.930994	0	None	None
ChainingRodShaped	11079	4.40157	0.5	-34.6286	34.0038	0	0.991283	-0.13175	0	None	None
ChainingRodShaped	18384	2.43652	0.5	-102.343	41.6416	0	0.995803	-0.091527	0	None	None
ChainingRodShaped	11083	4.77776	0.5	189.276	250.075	0	-0.426953	-0.904274	0	14590	11082
ChainingRodShaped	11085	4.2238	0.5	-65.6237	57.4709	0	0.758965	0.651131	0	None	None
ChainingRodShaped	11087	3.39988	0.5	59.5005	20.3598	0	-0.668914	-0.74334	0	None	None
ChainingRodShaped	11089	4.53382	0.5	44.5348	45.9142	0	0.0285478	-0.999592	0	None	None
ChainingRodShaped	18396	2.41632	0.5	-6.89207	78.7766	0	-0.187324	0.982298	0	None	None
ChainingRodShaped	11093	3.92577	0.5	-13.7098	177.313	0	-0.0424401	0.999099	0	12988	11092
ChainingRodShaped	11095	4.86082	0.5	-72.9603	86.7412	0	0.994019	-0.109212	0	None	None
ChainingRodShaped	17368	2.36314	0.5	-75.7165	16.119	0	0.854586	0.51931	0	None	None
ChainingRodShaped	11099	4.83209	0.5	-114.384	39.9793	0	0.981447	0.191732	0	None	None
ChainingRodShaped	11101	3.74409	0.5	-74.2668	-12.5386	0	-0.808076	-0.589078	0	None	None
ChainingRodShaped	18488	2.35656	0.5	-33.7257	57.9325	0	0.343864	-0.939019	0	None	None
ChainingRodShaped	19694	2.01789	0.5	8.60505	4.12071	0	-0.797642	0.603131	0	None	None
ChainingRodShaped	11107	4.00386	0.5	39.9957	25.7501	0	0.506646	-0.862154	0	None	None
ChainingRodShaped	11109	3.50739	0.5	-17.5327	-11.7049	0	0.843081	0.537786	0	None	None
ChainingRodShaped	11111	3.49985	0.5	-59.3635	38.8351	0	0.0159036	0.999874	0	None	None
ChainingRodShaped	18120	2.2947	0.5	58.3597	-1.70142	0	0.51436	0.857575	0	None	None
ChainingRodShaped	17458	2.78227	0.5	-31.8402	2.93755	0	0.0215561	-0.999768	0	None	None
ChainingRodShaped	19660	2.02465	0.5	-33.1191	-63.3613	0	-0.984115	-0.17753	0	None	None
ChainingRodShaped	18160	2.27084	0.5	-93.1922	50.11	0	-0.0628024	0.998026	0	None	None
ChainingRodShaped	18062	2.27197	0.5	-115.172	64.9604	0	-0.475476	-0.879729	0	None	None
ChainingRodShaped	11123	4.75994	0.5	-117.832	15.2193	0	-0.977023	0.213133	0	None	None
ChainingRodShaped	18802	2.36532	0.5	-121.963	25.103	0	-0.00578069	-0.999983	0	None	None
ChainingRodShaped	11127	3.92532	0.5	-30.2752	-39.7701	0	-0.282403	-0.959296	0	None	None
ChainingRodShaped	19294	2.08939	0.5	-106.845	-20.7355	0	-0.939625	0.342207	0	None	None
ChainingRodShaped	11131	4.20962	0.5	15.0729	167.361	0	-0.42244	-0.906391	0	6451	11130
ChainingRodShaped	11133	3.45323	0.5	107.223	172.067	0	-0.000822761	-1	0	17282	11132
ChainingRodShaped	19208	2.08188	0.5	30.235	-43.4932	0	0.818309	0.574779	0	None	None
ChainingRodShaped	11137	3.74368	0.5	181.11	227.058	0	-0.196732	-0.980457	0	6216	19483
ChainingRodShaped	11139	3.33726	0.5	-256.48	-36.2313	0	-0.937377	0.348316	0	11754	11138
ChainingRodShaped	18788	2.19643	0.5	-130.097	20.5522	0	0.999226	-0.0393433	0	None	None
ChainingRodShaped	11143	3.83875	0.5	26.3993	62.1496	0	0.997725	-0.06741	0	None	None
ChainingRodShaped	11145	4.65942	0.5	-15.808	117.24	0	0.767323	-0.641261	0	None	None
ChainingRodShaped	19756	2.00385	0.5	37.9956	-5.51116	0	0.727585	0.686017	0	None	None
ChainingRodShaped	11149	3.52988	0.5	49.3502	35.7205	0	0.120421	-0.992723	0	None	None
ChainingRodShaped	18922	2.30321	0.5	-1.06372	69.1338	0	0.198485	0.980104	0	None	None
ChainingRodShaped	11153	4.39424	0.5	-34.3068	14.4777	0	0.420053	0.9075	0	None	None
ChainingRodShaped	11155	4.01715	0.5	-35.0093	-41.4926	0	-0.669574	-0.742745	0	None	None
ChainingRodShaped	11157	4.84865	0.5	-26.3595	-28.3802	0	0.383983	-0.92334	0	None	None
ChainingRodShaped	11159	4.76227	0.5	7.51607	57.9312	0	0.485202	0.874402	0	None	None
ChainingRodShaped	18932	2.17277	0.5	22.5105	6.01996	0	-0.0135854	0.999908	0	None	None
ChainingRodShaped	11163	4.40614	0.5	-56.0826	-20.6578	0	-0.999952	0.00980267	0	None	None
ChainingRodShaped	11165	4.2596	0.5	-80.66	5.24498	0	0.819126	0.573614	0	None	None
ChainingRodShaped	11167	4.59344	0.5	-91.7974	6.07662	0	0.808352	0.5887	0	None	None
ChainingRodShaped	11169	3.69361	0.5	-30.997	125.339	0	-0.981085	0.193576	0	None	None
ChainingRodShaped	11171	4.09415	0.5	-17.1349	-35.3155	0	0.852645	0.522491	0	None	None
ChainingRodShaped	11173	3.66985	0.5	-67.8745	-19.0147	0	-0.989539	0.144265	0	None	None
ChainingRodShaped	11175	3.79416	0.5	8.04305	74.711	0	0.672742	0.739877	0	None	None
ChainingRodShaped	11177	3.61979	0.5	-17.6479	-32.5209	0	-0.465175	0.885219	0	None	None
ChainingRodShaped	11179	3.58644	0.5	-2.42901	44.8651	0	0.917246	0.398321	0	None	None
ChainingRodShaped	18542	2.45613	0.5	0.906148	56.4705	0	0.441095	0.89746	0	None	None
ChainingRodShaped	11183	3.76688	0.5	-44.0262	-35.1555	0	-0.616674	0.787218	0	None	None
ChainingRodShaped	11185	3.90314	0.5	6.93002	-25.0656	0	-0.903463	0.428665	0	None	None
ChainingRodShaped	11187	4.71661	0.5	-39.8527	22.9856	0	0.996218	-0.0868852	0	None	None
ChainingRodShaped	11189	4.66021	0.5	20.5311	35.5768	0	-0.0422321	-0.999108	0	None	None
ChainingRodShaped	11191	3.71129	0.5	-122.356	34.7034	0	-0.985028	-0.172395	0	None	None
ChainingRodShaped	18786	2.17107	0.5	-75.3056	76.6561	0	0.980797	-0.195031	0	None	None
ChainingRodShaped	11195	3.91774	0.5	106.25	159.891	0	-0.218427	0.975853	0	14826	11194
ChainingRodShaped	11197	4.22904	0.5	-70.0969	41.873	0	-0.106892	0.994271	0	None	None
ChainingRodShaped	17530	2.72285	0.5	-18.3805	-5.25404	0	-0.818397	-0.574653	0	None	None
ChainingRodShaped	11201	4.23132	0.5	14.1371	87.1623	0	-0.761458	-0.648215	0	None	None
ChainingRodShaped	18358	2.36289	0.5	38.7612	63.1655	0	-0.307141	-0.951664	0	None	None
ChainingRodShaped	11205	4.48499	0.5	26.552	58.3412	0	-0.273324	-0.961922	0	None	None
ChainingRodShaped	11207	4.46879	0.5	-7.55703	-7.63356	0	-0.999986	-0.00522159	0	11498	11206
ChainingRodShaped	11209	3.87006	0.5	23.2727	104.962	0	0.773044	0.634352	0	None	None
ChainingRodShaped	11211	4.33631	0.5	-17.7077	-59.8115	0	0.999637	0.0269459	0	None	None
ChainingRodShaped	18558	2.24915	0.5	-72.6379	-28.6595	0	0.992434	-0.122779	0	None	None
ChainingRodShaped	11215	3.57983	0.5	-12.5478	5.25611	0	0.497957	-0.867202	0	None	None
ChainingRodShaped	17948	2.48706	0.5	-17.5762	21.7662	0	0.834344	-0.551244	0	None	None
ChainingRodShaped	11219	4.24009	0.5	-43.3336	92.6553	0	0.958997	-0.283416	0	None	None
ChainingRodShaped	11221	4.44329	0.5	13.9284	101.997	0	-0.933078	-0.359674	0	None	None
ChainingRodShaped	18014	2.5216	0.5	-26.8592	70.7358	0	-0.987915	0.154994	0	None	None
ChainingRodShaped	11225	3.55518	0.5	185.022	195.937	0	0.413545	-0.910484	0	12672	11224
ChainingRodShaped	11227	4.96786	0.5	6.9997	44.1413	0	0.630117	0.776501	0	None	None
ChainingRodShaped	18166	2.23304	0.5	-88.711	28.3394	0	-0.829051	-0.559173	0	None	None
ChainingRodShaped	11231	3.46909	0.5	5.90815	65.2615	0	0.542722	0.839913	0	None	None
ChainingRodShaped	11233	4.23428	0.5	-94.9153	28.5902	0	-0.777526	-0.62885	0	None	None
ChainingRodShaped	17886	2.70955	0.5	-59.0021	5.78075	0	0.0637828	-0.997964	0	None	None
ChainingRodShaped	11237	4.71061	0.5	-90.8664	99.6724	0	0.908244	0.418442	0	None	None
ChainingRodShaped	11239	4.48251	0.5	-45.5239	65.4261	0	0.984993	0.172593	0	None	None
ChainingRodShaped	11241	4.52483	0.5	-182.073	-24.643	0	-0.730431	0.682987	0	14090	11240
ChainingRodShaped	19334	2.14257	0.5	20.7485	102.682	0	0.992898	0.118973	0	None	None
ChainingRodShaped	11245	3.98968	0.5	-46.8746	9.88856	0	-0.138737	0.990329	0	None	None
ChainingRodShaped	11247	4.90236	0.5	-59.6396	84.2644	0	0.871714	-0.490014	0	None	None
ChainingRodShaped	11249	3.92278	0.5	189.645	187.505	0	0.535278	-0.844676	0	11224	11248
ChainingRodShaped	11251	4.58827	0.5	-54.8022	89.2759	0	0.882288	-0.47071	0	None	None
ChainingRodShaped	11253	4.33917	0.5	-119.646	98.8195	0	0.860594	-0.509291	0	12120	11252
ChainingRodShaped	11255	3.56808	0.5	-76.1435	-44.1205	0	0.890353	0.45527	0	None	None
ChainingRodShaped	11257	4.33632	0.5	-88.84	47.1896	0	-0.0828402	-0.996563	0	None	None
ChainingRodShaped	17490	2.63143	0.5	-28.1732	-16.0598	0	-0.721507	-0.692407	0	None	None
ChainingRodShaped	18300	2.5674	0.5	-1.82921	42.7491	0	0.924792	0.380473	0	None	None
ChainingRodShaped	11263	4.6508	0.5	-68.4141	-49.2478	0	0.363514	0.931589	0	None	None
ChainingRodShaped	11265	3.15412	0.5	-186.561	-101.423	0	-0.21939	0.975637	0	11674	11264
ChainingRodShaped	11267	3.78419	0.5	13.6592	99.2796	0	0.994356	-0.106096	0	None	None
ChainingRodShaped	18432	2.42792	0.5	34.173	81.6621	0	-0.17115	-0.985245	0	None	None
ChainingRodShaped	17764	2.56885	0.5	21.7971	-47.6825	0	-0.163677	0.986514	0	None	None
ChainingRodShaped	11273	3.84185	0.5	-74.967	-7.97621	0	-0.997412	-0.0718946	0	None	None
ChainingRodShaped	11275	4.54051	0.5	-19.9641	36.6101	0	-0.405756	0.913982	0	None	None
ChainingRodShaped	11277	4.77644	0.5	-76.328	-46.2199	0	0.975066	-0.221915	0	None	None
ChainingRodShaped	11279	3.68506	0.5	22.4938	0.305776	0	0.767889	0.640583	0	None	None
ChainingRodShaped	17574	2.69532	0.5	-28.5792	24.3159	0	0.908484	-0.417919	0	None	None
ChainingRodShaped	11283	4.3732	0.5	-45.9117	-18.5347	0	-0.985408	-0.170208	0	None	None
ChainingRodShaped	11285	4.2193	0.5	-7.72809	3.13771	0	0.95678	-0.290813	0	None	None
ChainingRodShaped	18964	2.19907	0.5	9.46703	7.27435	0	-0.523236	0.852188	0	None	None
ChainingRodShaped	11289	3.69206	0.5	-65.8024	178.156	0	-0.154187	0.988042	0	18892	11288
ChainingRodShaped	11291	4.55362	0.5	-36.8559	39.0736	0	0.441925	-0.897052	0	None	None
ChainingRodShaped	11293	4.65382	0.5	-85.5197	99.9438	0	-0.617058	-0.786918	0	None	None
ChainingRodShaped	18316	2.33203	0.5	-14.2923	24.7203	0	-0.604741	0.796422	0	None	None
ChainingRodShaped	11297	3.75971	0.5	-83.7535	105.802	0	-0.982246	0.187598	0	None	None
ChainingRodShaped	11299	3.56935	0.5	36.8949	40.3798	0	0.209486	-0.977812	0	None	None
ChainingRodShaped	17408	2.70056	0.5	-61.4907	50.4434	0	0.668454	0.743754	0	None	None
ChainingRodShaped	11303	3.37576	0.5	-23.1622	5.99263	0	0.600481	0.799639	0	None	None
ChainingRodShaped	11305	4.22964	0.5	20.6915	-12.8357	0	0.981707	0.190399	0	None	None
ChainingRodShaped	11307	4.27574	0.5	-12.0215	-33.3973	0	-0.682334	0.73104	0	None	None
ChainingRodShaped	11309	3.8757	0.5	-77.6566	93.267	0	0.982532	0.186095	0	None	None
ChainingRodShaped	11311	3.59235	0.5	2.3359	65.687	0	0.499833	0.866122	0	None	None
ChainingRodShaped	18322	2.49285	0.5	-9.08181	103.321	0	0.72542	-0.688306	0	None	None
ChainingRodShaped	18144	2.25914	0.5	-76.3553	16.6911	0	0.859603	0.510963	0	None	None
ChainingRodShaped	11317	4.97693	0.5	-40.3384	73.3874	0	0.973883	0.227049	0	None	None
ChainingRodShaped	11319	4.82337	0.5	-16.4466	-10.3102	0	0.848519	0.529165	0	None	None
ChainingRodShaped	11321	4.18837	0.5	-105.523	51.6126	0	0.88484	-0.465896	0	None	None
ChainingRodShaped	11323	4.40567	0.5	-47.751	72.819	0	-0.959555	-0.281521	0	None	None
ChainingRodShaped	17950	2.37566	0.5	63.2734	24.5271	0	-0.882767	-0.469811	0	None	None
ChainingRodShaped	11327	3.78103	0.5	-161.562	-27.4014	0	0.841284	0.540593	0	19240	11326
ChainingRodShaped	18278	2.31235	0.5	-60.7818	46.1258	0	0.00874055	0.999962	0	None	None
ChainingRodShaped	11331	4.13914	0.5	28.4397	117.091	0	-0.383912	-0.92337	0	None	None
ChainingRodShaped	11333	3.75143	0.5	-29.4592	17.3863	0	0.739067	-0.673632	0	None	None
ChainingRodShaped	11335	4.66759	0.5	-31.8302	61.0055	0	0.334002	-0.942573	0	None	None
ChainingRodShaped	18628	2.30691	0.5	-26.7798	102.58	0	-0.977982	-0.208692	0	None	None
ChainingRodShaped	19146	2.1796	0.5	-12.1976	-25.4598	0	0.998718	0.0506136	0	None	None
ChainingRodShaped	19040	2.26657	0.5	-62.3613	36.3101	0	0.89447	0.447128	0	None	None
ChainingRodShaped	18480	2.36731	0.5	-27.7916	23.2664	0	0.912777	-0.408459	0	None	None
ChainingRodShaped	11345	3.36021	0.5	-24.6324	-42.7634	0	0.984274	0.17665	0	None	None
ChainingRodShaped	17910	2.42091	0.5	12.5288	79.0975	0	-0.999142	-0.0414199	0	None	None
ChainingRodShaped	19250	2.11266	0.5	-108.384	-21.1339	0	0.814677	-0.579915	0	None	None
ChainingRodShaped	18986	2.13267	0.5	-103.522	45.3194	0	-0.961577	-0.274537	0	None	None
ChainingRodShaped	11353	3.09425	0.5	87.0015	-7.44403	0	-0.0178914	-0.99984	0	14678	11352
ChainingRodShaped	11355	3.46898	0.5	-3.59212	-46.8599	0	-0.45071	-0.89267	0	None	None
ChainingRodShaped	11357	3.95352	0.5	-55.018	17.0942	0	-0.174181	-0.984714	0	None	None
ChainingRodShaped	11359	4.40433	0.5	0.79047	57.9532	0	0.449964	0.893047	0	None	None
ChainingRodShaped	11361	3.81321	0.5	-58.0515	-26.8531	0	0.98937	0.145421	0	None	None
ChainingRodShaped	11363	3.58432	0.5	-21.797	-9.48948	0	-0.803284	-0.595597	0	None	None
ChainingRodShaped	11365	4.94522	0.5	-57.9108	37.2783	0	0.0396517	0.999214	0	None	None
ChainingRodShaped	11367	4.4997	0.5	-77.987	92.398	0	0.984336	0.176303	0	None	None
ChainingRodShaped	11369	4.8217	0.5	61.1777	25.4246	0	0.882323	0.470644	0	None	None
ChainingRodShaped	11371	4.00922	0.5	-88.7387	14.7556	0	0.833731	0.55217	0	None	None
ChainingRodShaped	11373	4.79893	0.5	56.9169	42.7664	0	-0.940229	-0.340543	0	None	None
ChainingRodShaped	19634	2.02724	0.5	-112.008	32.4021	0	-0.976697	-0.214622	0	None	None
ChainingRodShaped	17854	2.32379	0.5	-112.375	4.80163	0	-0.129245	0.991613	0	None	None
ChainingRodShaped	11379	3.72348	0.5	40.9905	45.4693	0	0.0781577	-0.996941	0	None	None
ChainingRodShaped	18806	2.13365	0.5	-82.7142	-40.4818	0	0.84742	-0.530923	0	None	None
ChainingRodShaped	11383	4.91441	0.5	-190.534	122.089	0	-0.0344242	-0.999407	0	6099	11382
ChainingRodShaped	11385	4.55644	0.5	-104.588	64.9918	0	0.672962	0.739677	0	None	None
ChainingRodShaped	11387	4.35583	0.5	-33.2901	175.095	0	0.179229	-0.983807	0	15394	11386
ChainingRodShaped	11389	4.29357	0.5	-73.755	-31.0916	0	-0.992858	0.119298	0	None	None
ChainingRodShaped	18660	2.17266	0.5	-106.719	83.336	0	-0.386871	-0.922134	0	None	None
ChainingRodShaped	19386	2.05793	0.5	33.1618	36.2731	0	0.197511	-0.980301	0	None	None
ChainingRodShaped	17576	2.41042	0.5	-8.89048	-12.0557	0	0.999588	0.0286976	0	None	None
ChainingRodShaped	19022	2.2395	0.5	-21.1259	3.04838	0	-0.635994	-0.771694	0	None	None
ChainingRodShaped	11399	4.38722	0.5	-82.5587	41.7366	0	0.0223709	-0.99975	0	None	None
ChainingRodShaped	11401	4.85939	0.5	45.9709	84.6569	0	-0.576793	0.816891	0	None	None
ChainingRodShaped	17588	2.52619	0.5	-43.6034	29.7874	0	0.317484	-0.948264	0	None	None
ChainingRodShaped	11405	4.19616	0.5	221.521	26.6749	0	-0.302545	-0.953135	0	15910	11404
ChainingRodShaped	11407	3.65276	0.5	-41.3271	7.09031	0	0.806617	0.591075	0	None	None
ChainingRodShaped	19306	2.10089	0.5	62.1297	50.3928	0	0.211867	-0.977299	0	None	None
ChainingRodShaped	18246	2.37333	0.5	-21.3092	1.52011	0	-0.60799	-0.793944	0	None	None
ChainingRodShaped	19006	2.24996	0.5	11.5028	-1.50816	0	-0.814018	0.580839	0	None	None
ChainingRodShaped	17684	2.61257	0.5	-51.3847	74.4399	0	0.989684	-0.143269	0	None	None
ChainingRodShaped	18298	2.43017	0.5	-28.3161	24.8871	0	0.904287	-0.426925	0	None	None
ChainingRodShaped	11419	4.08538	0.5	-129.754	32.7806	0	0.992514	0.122131	0	None	None
ChainingRodShaped	11421	3.94014	0.5	-124.261	2.58868	0	0.41193	-0.911216	0	8382	11420
ChainingRodShaped	11423	3.22926	0.5	-130.353	175.488	0	-0.999478	-0.0323071	0	6741	11422
ChainingRodShaped	19480	2.10365	0.5	-16.08	13.3366	0	0.82256	0.568678	0	None	None
ChainingRodShaped	11427	3.99824	0.5	52.365	54.3933	0	0.310848	-0.95046	0	None	None
ChainingRodShaped	18792	2.35259	0.5	1.61259	8.1219	0	-0.894274	-0.447521	0	None	None
ChainingRodShaped	11431	3.82532	0.5	-153.337	-144.654	0	-0.84304	0.53785	0	12230	11430
ChainingRodShaped	11433	4.45785	0.5	-41.7137	120.837	0	0.522381	0.852712	0	None	None
ChainingRodShaped	11435	4.30255	0.5	35.9036	-11.9585	0	0.737769	0.675053	0	None	None
ChainingRodShaped	18970	2.14421	0.5	-15.2332	-53.3588	0	0.754613	0.65617	0	None	None
ChainingRodShaped	11439	4.12847	0.5	-60.4378	1.18084	0	-0.377787	-0.925892	0	None	None
ChainingRodShaped	11441	4.39967	0.5	-81.5889	-17.0742	0	0.777811	0.628498	0	None	None
ChainingRodShaped	19722	2.00988	0.5	45.29	78.1941	0	-0.838008	0.545659	0	None	None
ChainingRodShaped	19342	2.12954	0.5	41.2377	-16.1888	0	0.743109	0.66917	0	None	None
ChainingRodShaped	11447	4.39281	0.5	-188.749	-15.8256	0	-0.468424	0.883504	0	11240	11446
ChainingRodShaped	17654	2.45683	0.5	-17.8046	96.4592	0	-0.327025	-0.945016	0	None	None
ChainingRodShaped	11451	4.46488	0.5	-29.9627	-21.3109	0	0.804615	0.593796	0	None	None
ChainingRodShaped	18276	2.23896	0.5	36.4939	102.397	0	0.480189	-0.877165	0	None	None
ChainingRodShaped	11455	4.95267	0.5	-25.1252	-27.5855	0	0.402452	-0.915441	0	None	None
ChainingRodShaped	18782	2.26713	0.5	24.6562	60.4646	0	0.494852	-0.868977	0	None	None
ChainingRodShaped	11459	4.50314	0.5	-63.543	11.23	0	-0.292413	-0.956292	0	None	None
ChainingRodShaped	18474	2.36353	0.5	-7.27796	34.3555	0	0.913	0.407959	0	None	None
ChainingRodShaped	11463	3.63071	0.5	-67.9295	86.0576	0	0.987308	-0.158817	0	None	None
ChainingRodShaped	11465	4.36907	0.5	-91.1364	64.9548	0	0.796229	0.604995	0	None	None
ChainingRodShaped	11467	4.20118	0.5	-73.0423	29.8362	0	0.898773	0.438414	0	None	None
ChainingRodShaped	11469	4.71247	0.5	-29.3787	-3.98994	0	-0.608068	0.793885	0	None	None
ChainingRodShaped	11471	4.59262	0.5	-74.1101	18.7345	0	0.906968	0.4212	0	None	None
ChainingRodShaped	11473	4.6133	0.5	-110.955	85.5891	0	0.216112	-0.976369	0	None	None
ChainingRodShaped	11475	4.60464	0.5	-121.34	10.715	0	-0.565386	0.824826	0	None	None
ChainingRodShaped	11477	3.74782	0.5	167.998	126.193	0	-0.934197	0.356757	0	7818	11476
ChainingRodShaped	18334	2.20522	0.5	32.1384	-25.7696	0	0.949181	0.31473	0	None	None
ChainingRodShaped	18180	2.26145	0.5	-26.5338	35.0322	0	-0.330356	0.943856	0	None	None
ChainingRodShaped	17850	2.71964	0.5	-67.4869	-14.3677	0	-0.987351	0.158551	0	None	None
ChainingRodShaped	11485	3.29314	0.5	-45.5897	-19.2058	0	-0.987063	-0.160333	0	None	None
ChainingRodShaped	11487	3.35249	0.5	-8.97608	-53.7501	0	-0.726179	-0.687506	0	None	None
ChainingRodShaped	11489	4.02528	0.5	-17.6017	-97.7205	0	-0.724558	0.689214	0	9402	11488
ChainingRodShaped	11491	3.95951	0.5	-102.58	42.5443	0	0.996661	-0.0816532	0	None	None
ChainingRodShaped	11493	4.79422	0.5	-89.7063	37.8243	0	-0.422085	-0.906556	0	None	None
ChainingRodShaped	11495	3.72617	0.5	-102.949	39.9381	0	0.990976	-0.134038	0	None	None
ChainingRodShaped	11497	3.0851	0.5	116.389	203.958	0	0.195197	0.980764	0	6553	11496
ChainingRodShaped	11499	4.36413	0.5	3.28217	-8.19131	0	-0.998095	0.0617019	0	9964	11498
ChainingRodShaped	11501	3.88886	0.5	-32.9274	-48.9474	0	0.983317	0.181899	0	None	None
ChainingRodShaped	18138	2.44247	0.5	6.92372	2.65212	0	-0.779711	0.62614	0	None	None
ChainingRodShaped	11505	3.29656	0.5	-95.3309	74.0572	0	0.41846	-0.908235	0	None	None
ChainingRodShaped	11507	3.71144	0.5	-71.967	76.8582	0	0.979454	-0.20167	0	None	None
ChainingRodShaped	19366	2.11966	0.5	-97.2471	80.0182	0	-0.0489346	-0.998802	0	None	None
ChainingRodShaped	18958	2.27379	0.5	-65.4817	24.8745	0	0.891211	0.453589	0	None	None
ChainingRodShaped	11513	4.60336	0.5	48.8858	8.41389	0	-0.945852	-0.324597	0	None	None
ChainingRodShaped	11515	4.74207	0.5	25.6422	-9.63075	0	-0.932835	-0.360305	0	None	None
ChainingRodShaped	11517	3.06116	0.5	115.538	218.032	0	-0.323212	0.946327	0	5211	11516
ChainingRodShaped	11519	3.67323	0.5	-8.35796	36.1312	0	0.912974	0.408017	0	None	None
ChainingRodShaped	18054	2.51046	0.5	-10.113	-58.6876	0	-0.713214	-0.700946	0	None	None
ChainingRodShaped	11523	3.59902	0.5	-100.495	0.56529	0	0.141511	-0.989937	0	None	None
ChainingRodShaped	11525	4.5225	0.5	-87.277	-43.2106	0	0.851867	-0.523759	0	None	None
ChainingRodShaped	11527	3.33524	0.5	-49.8196	77.0944	0	-0.989627	0.143662	0	None	None
ChainingRodShaped	18482	2.32874	0.5	-85.0272	70.3118	0	0.983416	-0.181362	0	None	None
ChainingRodShaped	11531	4.59073	0.5	2.12285	-107.033	0	-0.999628	0.0272878	0	12782	11530
ChainingRodShaped	11533	4.2126	0.5	-8.19652	-18.8863	0	0.882002	-0.471246	0	None	None
ChainingRodShaped	11535	3.99202	0.5	-44.0731	10.9804	0	0.916512	0.400008	0	None	None
ChainingRodShaped	18260	2.26731	0.5	-4.18749	31.1054	0	0.418106	0.908398	0	None	None
ChainingRodShaped	11539	4.72202	0.5	-93.0577	-39.1996	0	-0.0799389	-0.9968	0	None	None
ChainingRodShaped	11541	3.29644	0.5	-113.332	50.2391	0	0.968705	0.248216	0	None	None
ChainingRodShaped	18490	2.23024	0.5	12.4262	-51.308	0	-0.76335	0.645985	0	None	None
ChainingRodShaped	11545	3.61079	0.5	-21.0732	-54.1083	0	0.496887	0.867815	0	None	None
ChainingRodShaped	11547	3.74428	0.5	-59.8169	65.0031	0	-0.777675	-0.628667	0	None	None
ChainingRodShaped	11549	4.31914	0.5	-22.2171	29.5726	0	0.843956	-0.536412	0	None	None
ChainingRodShaped	11551	4.48851	0.5	-87.339	9.13098	0	0.842179	0.539198	0	None	None
ChainingRodShaped	11553	4.29618	0.5	-48.6805	-22.3633	0	-0.997031	-0.0770034	0	None	None
ChainingRodShaped	11555	4.48958	0.5	-60.1526	112.465	0	-0.999671	0.0256648	0	None	None
ChainingRodShaped	17978	2.33397	0.5	2.71953	109.683	0	0.991387	0.130965	0	None	None
ChainingRodShaped	18502	2.40527	0.5	5.73389	82.9334	0	0.130295	0.991475	0	None	None
ChainingRodShaped	11561	4.76082	0.5	19.2495	27.7185	0	-0.814054	-0.580789	0	None	None
ChainingRodShaped	11563	3.57975	0.5	40.3211	62.5963	0	-0.252377	-0.967629	0	None	None
ChainingRodShaped	11565	4.42313	0.5	-29.7917	-6.86288	0	0.601974	-0.798516	0	None	None
ChainingRodShaped	11567	4.51646	0.5	-32.2768	-6.572	0	-0.187039	-0.982352	0	None	None
ChainingRodShaped	19604	2.02185	0.5	34.7072	-3.5044	0	0.94271	0.333614	0	None	None
ChainingRodShaped	18868	2.2156	0.5	-33.2356	-37.4962	0	-0.384127	-0.92328	0	None	None
ChainingRodShaped	11573	3.61232	0.5	-44.9431	99.5978	0	0.702044	0.712134	0	None	None
ChainingRodShaped	11575	3.53982	0.5	3.74325	58.5407	0	0.46863	0.883394	0	None	None
ChainingRodShaped	11577	3.73346	0.5	18.7542	103.328	0	0.991656	0.128916	0	None	None
ChainingRodShaped	11579	3.32042	0.5	-90.7032	98.8032	0	-0.91238	-0.409344	0	None	None
ChainingRodShaped	11581	4.34553	0.5	21.2194	67.7558	0	0.961559	-0.274599	0	None	None
ChainingRodShaped	11583	4.30591	0.5	-23.9298	38.2035	0	0.540449	-0.841377	0	None	None
ChainingRodShaped	11585	4.05428	0.5	-84.1676	12.8678	0	0.855849	0.517226	0	None	None
ChainingRodShaped	11587	3.46829	0.5	-46.2713	86.8429	0	0.999425	-0.033904	0	None	None
ChainingRodShaped	19642	2.02045	0.5	-13.2673	-17.0089	0	-0.0186774	0.999826	0	None	None
ChainingRodShaped	11591	4.98302	0.5	-9.20675	48.8535	0	0.875727	0.482807	0	None	None
ChainingRodShaped	11593	4.1038	0.5	-113.379	-0.172029	0	-0.444596	0.895731	0	None	None
ChainingRodShaped	11595	4.23106	0.5	-21.4532	87.3956	0	-0.0919893	0.99576	0	None	None
ChainingRodShaped	11597	4.53909	0.5	-32.2018	-55.6404	0	0.930881	0.365324	0	None	None
ChainingRodShaped	18828	2.27573	0.5	17.1997	24.1511	0	0.994447	-0.105238	0	None	None
ChainingRodShaped	11601	3.53608	0.5	-62.9679	-58.1995	0	0.437489	0.899224	0	None	None
ChainingRodShaped	11603	4.32744	0.5	21.8595	-58.4637	0	0.119949	0.99278	0	16808	11602
ChainingRodShaped	18320	2.38573	0.5	-99.3256	-21.666	0	0.710541	-0.703656	0	None	None
ChainingRodShaped	11607	4.51429	0.5	19.0504	0.52064	0	-0.592198	0.805792	0	None	None
ChainingRodShaped	18510	2.32452	0.5	-132.726	16.2987	0	0.859255	-0.511548	0	None	None
ChainingRodShaped	11611	4.04997	0.5	-15.5223	41.8084	0	0.728047	0.685527	0	None	None
ChainingRodShaped	11613	3.16448	0.5	-115.997	-13.9848	0	0.525321	-0.850904	0	12558	11612
ChainingRodShaped	11615	3.63827	0.5	81.9805	5.04407	0	-0.882324	-0.470642	0	6429	11614
ChainingRodShaped	11617	3.84508	0.5	20.0647	27.4378	0	-0.809169	-0.587577	0	None	None
ChainingRodShaped	18360	2.196	0.5	-5.66227	53.5593	0	0.799161	0.601117	0	None	None
ChainingRodShaped	11621	4.52504	0.5	13.0021	44.7409	0	-0.256339	-0.966587	0	None	None
ChainingRodShaped	18732	2.33863	0.5	-54.5228	-1.16164	0	0.063431	-0.997986	0	None	None
ChainingRodShaped	11625	3.63008	0.5	11.73	104.779	0	-0.907112	-0.420888	0	None	None
ChainingRodShaped	11627	4.81082	0.5	-18.7461	-44.2433	0	0.980445	0.196795	0	None	None
ChainingRodShaped	11629	4.01722	0.5	24.0102	78.2748	0	-0.974716	0.223447	0	None	None
ChainingRodShaped	11631	4.68807	0.5	-36.0453	-0.32774	0	0.252314	0.967646	0	None	None
ChainingRodShaped	11633	3.5643	0.5	-153.937	35.3706	0	0.984157	-0.1773	0	15452	11632
ChainingRodShaped	19548	2.05347	0.5	-19.9327	-62.5292	0	-0.936178	-0.351526	0	None	None
ChainingRodShaped	11637	3.36409	0.5	13.4637	98.4795	0	0.995367	-0.0961513	0	None	None
ChainingRodShaped	11639	4.117	0.5	15.6025	52.3643	0	-0.569834	-0.82176	0	None	None
ChainingRodShaped	11641	3.73257	0.5	-112.664	27.2453	0	0.459414	-0.888222	0	None	None
ChainingRodShaped	11643	3.82191	0.5	-115.997	-4.92188	0	-0.508151	0.861268	0	None	None
ChainingRodShaped	18128	2.40771	0.5	-17.6239	46.8053	0	0.924132	-0.382072	0	None	None
ChainingRodShaped	11647	4.34153	0.5	73.4136	100.731	0	-0.848793	0.528725	0	6717	11646
ChainingRodShaped	11649	4.55291	0.5	27.2815	26.7733	0	-0.0459844	0.998942	0	None	None
ChainingRodShaped	11651	4.89467	0.5	-47.1513	6.54899	0	0.821386	0.570372	0	None	None
ChainingRodShaped	18050	2.30601	0.5	-29.6852	-1.2787	0	-0.668951	0.743307	0	None	None
ChainingRodShaped	11655	3.60643	0.5	-100.367	-26.0035	0	0.501492	-0.865162	0	None	None
ChainingRodShaped	11657	4.89642	0.5	45.371	77.0637	0	-0.837939	0.545765	0	None	None
ChainingRodShaped	18390	2.2918	0.5	8.28478	-50.0239	0	-0.63659	0.771202	0	None	None
ChainingRodShaped	11661	3.5117	0.5	-48.9639	118.471	0	0.420022	-0.907514	0	None	None
ChainingRodShaped	11663	4.31815	0.5	17.8786	89.7732	0	-0.993453	-0.114242	0	None	None
ChainingRodShaped	11665	4.77837	0.5	61.3396	172.304	0	0.368656	-0.929566	0	12790	11664
ChainingRodShaped	11667	4.29195	0.5	0.79136	-33.9464	0	0.188129	-0.982144	0	None	None
ChainingRodShaped	11669	4.87018	0.5	4.59191	93.0318	0	0.851635	0.524135	0	None	None
ChainingRodShaped	11671	4.14009	0.5	29.3519	33.2646	0	0.184794	0.982777	0	None	None
ChainingRodShaped	11673	3.47437	0.5	-43.1209	23.8749	0	0.266897	-0.963725	0	None	None
ChainingRodShaped	11675	3.07007	0.5	-183.484	-110.876	0	-0.390316	0.920681	0	9378	11674
ChainingRodShaped	18024	2.35159	0.5	-124.863	10.314	0	0.460179	-0.887826	0	None	None
ChainingRodShaped	11679	3.74617	0.5	-4.12552	25.9381	0	0.420585	0.907253	0	None	None
ChainingRodShaped	18714	2.34888	0.5	-60.6404	53.4144	0	0.719495	0.694497	0	None	None
ChainingRodShaped	11683	3.60641	0.5	-8.08667	6.71996	0	-0.95853	0.284991	0	None	None
ChainingRodShaped	17964	2.48885	0.5	-30.5022	102.065	0	-0.0454364	-0.998967	0	None	None
ChainingRodShaped	11687	4.4111	0.5	9.62856	42.2236	0	-0.615138	-0.788419	0	None	None
ChainingRodShaped	17926	2.65306	0.5	-38.7345	55.3409	0	0.250136	0.968211	0	None	None
ChainingRodShaped	18810	2.27293	0.5	-64.9835	19.9281	0	0.861525	0.507715	0	None	None
ChainingRodShaped	11693	3.35516	0.5	-95.0183	13.2065	0	0.203167	-0.979144	0	None	None
ChainingRodShaped	11695	3.8961	0.5	-80.9241	112.674	0	0.997975	0.0636129	0	None	None
ChainingRodShaped	17914	2.43068	0.5	48.7909	63.2872	0	0.348163	-0.937434	0	None	None
ChainingRodShaped	11699	4.00942	0.5	54.4497	27.3491	0	0.444364	0.895847	0	None	None
ChainingRodShaped	11701	3.92328	0.5	-81.8393	-33.5563	0	0.390208	-0.920727	0	None	None
ChainingRodShaped	18584	2.33941	0.5	-60.5255	-17.26	0	0.999452	-0.0331092	0	None	None
ChainingRodShaped	11705	4.95344	0.5	0.79124	70.7151	0	0.182585	0.98319	0	None	None
ChainingRodShaped	11707	3.30658	0.5	36.9365	72.2636	0	-0.999725	-0.0234477	0	None	None
ChainingRodShaped	19206	2.20196	0.5	-110.786	90.9915	0	0.726806	-0.686843	0	None	None
ChainingRodShaped	11711	3.63643	0.5	11.3773	-48.1138	0	0.653404	-0.75701	0	None	None
ChainingRodShaped	11713	4.92232	0.5	-70.7171	-5.54154	0	-0.755483	0.655169	0	None	None
ChainingRodShaped	11715	3.95632	0.5	-6.99089	65.097	0	0.295781	0.955256	0	None	None
ChainingRodShaped	11717	4.81802	0.5	-96.8047	64.0403	0	0.859636	0.510907	0	None	None
ChainingRodShaped	11719	4.88075	0.5	-76.321	5.31702	0	0.812319	0.583213	0	None	None
ChainingRodShaped	11721	3.2514	0.5	-16.7489	13.5887	0	0.828264	0.560339	0	None	None
ChainingRodShaped	11723	4.21993	0.5	-73.9528	95.7994	0	0.966951	0.254961	0	None	None
ChainingRodShaped	11725	4.98605	0.5	-24.2021	1.86241	0	0.800885	0.598818	0	None	None
ChainingRodShaped	11727	4.70567	0.5	-20.4484	71.9683	0	-0.629775	-0.776778	0	None	None
ChainingRodShaped	11729	3.5252	0.5	13.6541	-32.8164	0	0.558104	0.829771	0	None	None
ChainingRodShaped	18146	2.3795	0.5	-74.912	62.8161	0	-0.419415	-0.907794	0	None	None
ChainingRodShaped	11733	3.57931	0.5	-56.0933	-27.4523	0	0.988853	0.148892	0	None	None
ChainingRodShaped	11735	3.33523	0.5	148.185	180.357	0	-0.124428	0.992229	0	7344	11734
ChainingRodShaped	11737	3.47727	0.5	-50.6556	12.5773	0	0.424527	-0.905415	0	None	None
ChainingRodShaped	11739	4.40687	0.5	-152.46	2.7739	0	0.123208	0.992381	0	11022	11738
ChainingRodShaped	19740	2.0072	0.5	-35.9298	40.3085	0	-0.459633	0.888109	0	None	None
ChainingRodShaped	19540	2.07366	0.5	-15.6123	77.1847	0	0.314673	-0.9492	0	None	None
ChainingRodShaped	19064	2.09898	0.5	-11.8015	-59.0147	0	-0.709737	-0.704467	0	None	None
ChainingRodShaped	11747	3.24577	0.5	-93.2033	-17.3055	0	-0.949551	0.313613	0	None	None
ChainingRodShaped	11749	4.42118	0.5	-95.1477	-20.1427	0	-0.944998	0.327076	0	12502	11748
ChainingRodShaped	11751	4.50762	0.5	54.1906	46.9714	0	-0.99865	-0.0519375	0	None	None
ChainingRodShaped	11753	3.90549	0.5	-83.8244	27.7807	0	0.85233	0.523004	0	None	None
ChainingRodShaped	11755	3.30435	0.5	-246.498	-37.6311	0	-0.995938	-0.0900404	0	12986	11754
ChainingRodShaped	11757	4.24433	0.5	14.0478	-33.6933	0	0.559041	0.82914	0	None	None
ChainingRodShaped	18904	2.19125	0.5	-102.275	66.2141	0	0.738684	0.674052	0	None	None
ChainingRodShaped	11761	4.91206	0.5	-108.557	72.1724	0	-0.509663	-0.860374	0	None	None
ChainingRodShaped	19724	2.01659	0.5	-3.15612	-47.8836	0	-0.441605	-0.89721	0	None	None
ChainingRodShaped	11765	4.01852	0.5	-34.1038	38.3966	0	-0.468849	0.883278	0	None	None
ChainingRodShaped	11767	4.75461	0.5	-21.6966	-51.9683	0	0.972637	0.23233	0	None	None
ChainingRodShaped	19406	2.0927	0.5	28.3451	-9.47601	0	0.929226	0.369513	0	None	None
ChainingRodShaped	11771	4.25618	0.5	43.1783	45.8522	0	0.0484384	-0.998826	0	None	None
ChainingRodShaped	11773	4.1893	0.5	-63.5083	-40.7171	0	0.995459	-0.095189	0	None	None
ChainingRodShaped	11775	3.55516	0.5	49.6352	77.4734	0	-0.827404	0.561608	0	None	None
ChainingRodShaped	11777	3.60848	0.5	-28.0254	109.435	0	0.575509	-0.817795	0	None	None
ChainingRodShaped	11779	3.84625	0.5	40.2132	-3.48179	0	0.958893	0.283769	0	None	None
ChainingRodShaped	11781	4.06153	0.5	-72.9158	-15.2365	0	-0.993737	0.111742	0	None	None
ChainingRodShaped	11783	4.93666	0.5	3.73893	40.8351	0	0.999378	0.0352763	0	None	None
ChainingRodShaped	19564	2.05399	0.5	-119.027	35.9629	0	-0.996257	-0.0864388	0	None	None
ChainingRodShaped	11787	3.77845	0.5	71.6001	23.3713	0	-0.801928	-0.597421	0	None	None
ChainingRodShaped	11789	4.4533	0.5	-61.5678	45.5669	0	-0.00112702	0.999999	0	None	None
ChainingRodShaped	11791	3.76463	0.5	21.5335	-21.8762	0	0.391864	-0.920023	0	None	None
ChainingRodShaped	18148	2.21708	0.5	28.0182	-37.7897	0	-0.988875	0.148746	0	None	None
ChainingRodShaped	11795	3.46272	0.5	50.6447	5.11194	0	-0.975355	-0.220639	0	None	None
ChainingRodShaped	18196	2.45076	0.5	65.9677	-4.16665	0	0.500357	0.865819	0	None	None
ChainingRodShaped	11799	4.03441	0.5	-7.40934	71.5406	0	0.248996	0.968505	0	None	None
ChainingRodShaped	19638	2.05201	0.5	-13.8636	41.3381	0	0.770858	0.637006	0	None	None
ChainingRodShaped	11803	3.86749	0.5	-106.163	36.1114	0	-0.991047	0.133515	0	None	None
ChainingRodShaped	11805	4.65801	0.5	56.044	12.6404	0	-0.755458	-0.655197	0	None	None
ChainingRodShaped	11807	4.72558	0.5	65.2059	19.0755	0	-0.201182	-0.979554	0	None	None
ChainingRodShaped	11809	4.69028	0.5	0.969985	-23.8992	0	0.886887	-0.461986	0	None	None
ChainingRodShaped	11811	4.32183	0.5	94.3973	12.0371	0	0.911174	0.412021	0	12164	11810
ChainingRodShaped	11813	3.468	0.5	-6.73621	100.226	0	0.378506	-0.925599	0	None	None
ChainingRodShaped	11815	4.3827	0.5	9.78222	-16.5007	0	0.978384	-0.206794	0	None	None
ChainingRodShaped	11817	4.29849	0.5	-187.673	11.7456	0	-0.495281	0.868733	0	7876	11816
ChainingRodShaped	11819	3.32765	0.5	35.6502	38.908	0	0.193671	-0.981067	0	None	None
ChainingRodShaped	11821	4.7154	0.5	-73.6722	117.299	0	0.72222	0.691663	0	None	None
ChainingRodShaped	11823	3.29562	0.5	-105.153	23.1302	0	-0.461966	0.886898	0	None	None
ChainingRodShaped	18864	2.22111	0.5	-97.5358	34.5802	0	-0.676213	-0.736706	0	None	None
ChainingRodShaped	11827	4.91504	0.5	-25.015	-65.0367	0	0.972135	0.234421	0	12266	11826
ChainingRodShaped	11829	4.16994	0.5	27.2123	58.2598	0	-0.283035	-0.95911	0	None	None
ChainingRodShaped	11831	4.76004	0.5	-34.3648	-5.73321	0	-0.168898	-0.985634	0	None	None
ChainingRodShaped	11833	4.63185	0.5	185.25	240.799	0	-0.364907	-0.931044	0	11082	11832
ChainingRodShaped	11835	4.88784	0.5	-47.3322	20.8877	0	0.282092	-0.959387	0	None	None
ChainingRodShaped	11837	4.76216	0.5	-52.7686	-27.7893	0	0.987328	0.158692	0	None	None
ChainingRodShaped	11839	3.50456	0.5	-83.1994	8.42283	0	0.821794	0.569785	0	None	None
ChainingRodShaped	11841	4.75814	0.5	22.9445	97.3976	0	0.999826	-0.0186447	0	None	None
ChainingRodShaped	19230	2.14993	0.5	-58.2212	118.162	0	0.449091	-0.893486	0	None	None
ChainingRodShaped	11845	3.33573	0.5	105.208	48.4538	0	-0.842614	-0.538518	0	16286	11844
ChainingRodShaped	11847	3.55157	0.5	10.0681	96.0115	0	0.998774	0.0494929	0	None	None
ChainingRodShaped	11849	4.53993	0.5	-26.6283	29.2762	0	0.978761	-0.205004	0	None	None
ChainingRodShaped	11851	3.49025	0.5	-73.1031	80.3163	0	0.984934	-0.172932	0	None	None
ChainingRodShaped	19046	2.23195	0.5	-94.815	-2.97699	0	-0.34371	-0.939076	0	None	None
ChainingRodShaped	11855	3.26295	0.5	17.1946	-11.0838	0	0.990764	0.135598	0	None	None
ChainingRodShaped	11857	3.58467	0.5	-39.5782	103.361	0	-0.32499	-0.945717	0	None	None
ChainingRodShaped	11859	4.40055	0.5	-43.9915	127.807	0	-0.985498	0.169689	0	None	None
ChainingRodShaped	11861	3.46524	0.5	39.896	35.7252	0	0.349557	-0.936915	0	None	None
ChainingRodShaped	11863	3.65889	0.5	-10.848	16.0363	0	0.752324	0.658794	0	None	None
ChainingRodShaped	11865	3.49111	0.5	-82.8183	15.6296	0	0.864641	0.502389	0	None	None
ChainingRodShaped	11867	3.26104	0.5	-14.9456	109.309	0	-0.944332	0.328994	0	None	None
ChainingRodShaped	11869	3.78932	0.5	207.956	153.267	0	0.128133	-0.991757	0	15114	11868
ChainingRodShaped	11871	4.08349	0.5	-65.9517	58.9733	0	0.771763	0.63591	0	None	None
ChainingRodShaped	11873	3.77402	0.5	-11.2122	4.99808	0	0.480408	-0.877045	0	None	None
ChainingRodShaped	11875	4.04939	0.5	-87.9856	-6.62768	0	-0.66055	-0.750782	0	None	None
ChainingRodShaped	11877	3.96728	0.5	14.8794	55.1626	0	0.5748	0.818294	0	None	None
ChainingRodShaped	11879	4.6646	0.5	-11.0879	-7.10836	0	-0.985114	-0.171901	0	None	None
ChainingRodShaped	11881	4.85655	0.5	10.1514	102.324	0	0.925038	0.379875	0	None	None
ChainingRodShaped	19570	2.07079	0.5	9.85181	27.1493	0	-0.898118	-0.439754	0	None	None
ChainingRodShaped	11885	4.24006	0.5	-69.1057	51.7104	0	0.509034	0.860747	0	None	None
ChainingRodShaped	11887	4.28554	0.5	-7.99943	95.3242	0	0.0764209	-0.997076	0	None	None
ChainingRodShaped	11889	4.22731	0.5	-25.0264	83.3867	0	0.795478	-0.605982	0	None	None
ChainingRodShaped	11891	4.46887	0.5	6.12928	112.24	0	0.979758	-0.200186	0	14102	11890
ChainingRodShaped	19298	2.07996	0.5	15.4994	107.162	0	-0.949854	-0.312693	0	None	None
ChainingRodShaped	18822	2.12453	0.5	-60.9596	-23.8051	0	-0.998195	-0.0600489	0	None	None
ChainingRodShaped	11897	3.40616	0.5	1.70813	89.7147	0	0.707607	0.706607	0	None	None
ChainingRodShaped	11899	3.68271	0.5	-102.709	-7.52208	0	0.911001	-0.412404	0	None	None
ChainingRodShaped	11901	4.23947	0.5	-59.6738	88.8703	0	0.804765	-0.593594	0	None	None
ChainingRodShaped	11903	4.16692	0.5	-58.2395	23.8296	0	-0.145064	-0.989422	0	None	None
ChainingRodShaped	11905	4.89675	0.5	-17.8779	98.8023	0	-0.336492	-0.941686	0	None	None
ChainingRodShaped	11907	4.85981	0.5	-22.3695	117.441	0	0.77381	-0.633418	0	None	None
ChainingRodShaped	18832	2.13242	0.5	49.8282	-11.2671	0	0.802901	0.596113	0	None	None
ChainingRodShaped	11911	4.32531	0.5	-74.2362	-39.9727	0	0.876302	0.481763	0	None	None
ChainingRodShaped	11913	4.80952	0.5	-20.0715	93.173	0	0.258398	-0.966039	0	None	None
ChainingRodShaped	19442	2.08605	0.5	-48.6734	82.8638	0	0.888625	-0.458635	0	None	None
ChainingRodShaped	19258	2.11394	0.5	-64.6102	119.324	0	-0.666186	0.745785	0	None	None
ChainingRodShaped	11919	3.31967	0.5	-56.4178	1.22735	0	0.402181	0.91556	0	None	None
ChainingRodShaped	11921	3.62444	0.5	-11.8277	-27.1227	0	0.999992	0.00393854	0	None	None
ChainingRodShaped	11923	3.97043	0.5	-108.443	78.8487	0	-0.0262942	-0.999654	0	None	None
ChainingRodShaped	18818	2.21874	0.5	-55.2837	-52.1286	0	0.605934	0.795515	0	None	None
ChainingRodShaped	18348	2.30712	0.5	-14.0526	66.1768	0	0.668801	0.743441	0	None	None
ChainingRodShaped	11929	4.22734	0.5	-54.4365	21.9704	0	-0.156343	-0.987703	0	None	None
ChainingRodShaped	11931	3.60645	0.5	-263.793	-31.783	0	-0.752008	0.659154	0	11138	11930
ChainingRodShaped	11933	4.92527	0.5	-61.0845	123.278	0	-0.537661	-0.843161	0	None	None
ChainingRodShaped	11935	3.54517	0.5	-18.5635	82.017	0	0.260903	-0.965365	0	None	None
ChainingRodShaped	11937	4.13484	0.5	22.2607	35.908	0	-0.20959	-0.977789	0	None	None
ChainingRodShaped	18548	2.21557	0.5	-35.2186	27.0351	0	0.91709	0.398681	0	None	None
ChainingRodShaped	11941	3.96383	0.5	38.1791	4.86257	0	-0.982508	0.186222	0	None	None
ChainingRodShaped	19326	2.07749	0.5	41.7925	2.24086	0	-0.969845	-0.243722	0	None	None
ChainingRodShaped	11945	4.43754	0.5	-45.679	72.0946	0	-0.956217	-0.29266	0	None	None
ChainingRodShaped	11947	3.68903	0.5	59.9528	27.5515	0	0.0918473	0.995773	0	None	None
ChainingRodShaped	11949	3.55788	0.5	-17.0005	33.5818	0	0.58067	0.814139	0	None	None
ChainingRodShaped	11951	3.3919	0.5	-41.9894	118.75	0	0.542669	0.839947	0	None	None
ChainingRodShaped	11953	4.36557	0.5	-68.4849	51.4621	0	0.51754	0.855659	0	None	None
ChainingRodShaped	11955	3.44987	0.5	13.2643	58.3438	0	0.502724	0.864447	0	None	None
ChainingRodShaped	11957	3.21302	0.5	-44.1939	57.0975	0	-0.0707992	-0.997491	0	None	None
ChainingRodShaped	11959	4.42581	0.5	3.61788	-19.0288	0	0.867594	-0.497273	0	None	None
ChainingRodShaped	18618	2.4178	0.5	-67.0058	86.6827	0	0.985676	-0.168649	0	None	None
ChainingRodShaped	11963	3.06708	0.5	27.9193	129.32	0	-0.426928	0.904286	0	18844	11962
ChainingRodShaped	11965	3.98917	0.5	17.7682	56.8659	0	-0.301397	-0.953499	0	None	None
ChainingRodShaped	11967	3.86953	0.5	220.171	64.0207	0	0.254409	-0.967097	0	14466	11966
ChainingRodShaped	11969	4.02498	0.5	-79.3924	-32.91	0	0.392417	-0.919787	0	None	None
ChainingRodShaped	11971	4.75469	0.5	-19.0845	9.41511	0	0.774965	0.632004	0	None	None
ChainingRodShaped	18900	2.2645	0.5	-18.9333	-24.2135	0	0.646126	0.763231	0	None	None
ChainingRodShaped	11975	4.53193	0.5	30.0488	32.9933	0	0.180286	0.983614	0	None	None
ChainingRodShaped	11977	3.80955	0.5	16.0192	94.0146	0	0.995271	-0.0971345	0	None	None
ChainingRodShaped	19746	2.00838	0.5	-83.0971	94.1308	0	-0.265081	-0.964226	0	None	None
ChainingRodShaped	11981	3.22964	0.5	-6.49564	198.147	0	0.69497	0.719039	0	9098	11980
ChainingRodShaped	11983	3.39898	0.5	28.4697	-28.7075	0	-0.752592	0.658488	0	None	None
ChainingRodShaped	11985	4.95894	0.5	-40.624	109.714	0	-0.0370489	0.999313	0	None	None
ChainingRodShaped	11987	4.58965	0.5	-22.32	58.7491	0	0.930817	0.365485	0	None	None
ChainingRodShaped	11989	3.76554	0.5	-88.9458	-17.0763	0	-0.987133	-0.159899	0	None	None
ChainingRodShaped	11991	4.63089	0.5	47.2763	185.249	0	0.94488	-0.327417	0	16542	11990
ChainingRodShaped	19234	2.15859	0.5	-50.2119	99.2252	0	-0.958221	-0.286027	0	None	None
ChainingRodShaped	11995	3.64509	0.5	81.1088	30.6582	0	0.999528	-0.0307083	0	12072	11994
ChainingRodShaped	11997	4.27805	0.5	47.9996	-25.8572	0	0.610711	0.791853	0	None	None
ChainingRodShaped	11999	4.01255	0.5	159.032	130.854	0	-0.817868	0.575405	0	11476	11998
ChainingRodShaped	12001	4.01373	0.5	-13.5306	12.1897	0	-0.804255	-0.594284	0	None	None
ChainingRodShaped	12003	3.76544	0.5	-41.4362	95.2561	0	0.953098	-0.302662	0	None	None
ChainingRodShaped	12005	4.25089	0.5	0.781157	-16.4358	0	0.866391	-0.499366	0	None	None
ChainingRodShaped	12007	3.53184	0.5	-68.7756	-47.6684	0	0.354162	0.935184	0	None	None
ChainingRodShaped	12009	4.45561	0.5	0.553801	103.243	0	-0.991273	-0.131824	0	None	None
ChainingRodShaped	12011	3.36671	0.5	-46.1474	87.6023	0	0.99904	-0.0438186	0	None	None
ChainingRodShaped	12013	3.51524	0.5	119.856	120.071	0	-0.0559627	-0.998433	0	14476	12012
ChainingRodShaped	12015	4.40528	0.5	11.9048	38.0462	0	0.208271	0.978071	0	None	None
ChainingRodShaped	12017	3.85695	0.5	47.5963	-0.576982	0	0.962897	0.269868	0	None	None
ChainingRodShaped	12019	3.80943	0.5	-55.2957	-17.7215	0	-0.986923	-0.161191	0	None	None
ChainingRodShaped	12021	3.78484	0.5	20.9644	46.3484	0	-0.0369793	-0.999316	0	None	None
ChainingRodShaped	12023	4.32835	0.5	-71.0882	37.581	0	0.742477	0.669872	0	None	None
ChainingRodShaped	12025	4.25765	0.5	-9.40589	47.9449	0	0.874403	0.485201	0	None	None
ChainingRodShaped	12027	4.64482	0.5	16.606	40.6992	0	-0.204856	-0.978792	0	None	None
ChainingRodShaped	12029	3.63506	0.5	-49.0896	-51.6052	0	0.60098	0.799264	0	None	None
ChainingRodShaped	12031	4.44501	0.5	55.4137	-19.6164	0	-0.629067	-0.777351	0	14694	12030
ChainingRodShaped	12033	3.98693	0.5	-61.8061	12.0322	0	-0.292264	-0.956338	0	None	None
ChainingRodShaped	12035	4.94572	0.5	-21.7474	56.5885	0	0.959951	0.280168	0	None	None
ChainingRodShaped	12037	4.13041	0.5	-91.7468	23.4024	0	0.953433	0.301606	0	None	None
ChainingRodShaped	12039	3.65231	0.5	14.4014	55.7319	0	0.566554	0.824025	0	None	None
ChainingRodShaped	12041	3.79908	0.5	54.5257	82.0912	0	-0.606508	0.795078	0	7542	12040
ChainingRodShaped	12043	3.23284	0.5	-37.8937	1.10183	0	0.2262	0.974081	0	None	None
ChainingRodShaped	18392	2.40222	0.5	-128.489	18.1046	0	-0.842091	0.539335	0	None	None
ChainingRodShaped	12047	3.64006	0.5	-88.9816	-27.1158	0	0.913391	-0.407084	0	None	None
ChainingRodShaped	12049	3.48294	0.5	147.543	160.729	0	0.0711779	0.997464	0	6543	12048
ChainingRodShaped	12051	3.95625	0.5	28.0385	-15.4422	0	0.988407	0.151827	0	None	None
ChainingRodShaped	12053	3.78985	0.5	-11.2145	-39.103	0	0.863697	0.504012	0	None	None
ChainingRodShaped	19772	2.00111	0.5	-99.8052	-23.5946	0	0.696307	-0.717744	0	None	None
ChainingRodShaped	12057	3.32173	0.5	-76.4203	11.9813	0	0.831356	0.55574	0	None	None
ChainingRodShaped	12059	4.78551	0.5	-43.2936	98.0511	0	-0.680507	-0.732741	0	None	None
ChainingRodShaped	12061	3.88181	0.5	-69.6277	11.0462	0	0.8405	0.541811	0	None	None
ChainingRodShaped	19396	2.07337	0.5	-94.3889	17.7276	0	0.262513	-0.964929	0	None	None
ChainingRodShaped	12065	4.08282	0.5	-75.335	63.7685	0	-0.410313	-0.911945	0	None	None
ChainingRodShaped	12067	3.24463	0.5	-15.7488	40.6393	0	0.72124	0.692686	0	None	None
ChainingRodShaped	12069	3.42783	0.5	-52.085	59.4545	0	0.161422	-0.986886	0	None	None
ChainingRodShaped	12071	4.08549	0.5	6.71311	104.562	0	-0.998968	0.0454104	0	None	None
ChainingRodShaped	12073	3.25335	0.5	73.279	33.8957	0	0.733502	-0.679687	0	14038	12072
ChainingRodShaped	12075	3.70623	0.5	124.846	198.588	0	-0.958839	-0.283951	0	14998	12074
ChainingRodShaped	12077	3.36929	0.5	29.0809	82.2171	0	-0.975747	0.218901	0	None	None
ChainingRodShaped	12079	4.78943	0.5	-140.65	175.673	0	-0.99894	0.0460253	0	11422	12078
ChainingRodShaped	12081	3.72337	0.5	-1.34811	-7.17236	0	-0.996959	0.0779261	0	None	None
ChainingRodShaped	12083	4.5357	0.5	-74.3714	23.4464	0	0.894276	0.447516	0	None	None
ChainingRodShaped	12085	3.39546	0.5	-88.8712	20.9293	0	0.830514	0.556998	0	None	None
ChainingRodShaped	12087	4.41484	0.5	10.1239	80.6925	0	0.999771	0.0213767	0	None	None
ChainingRodShaped	12089	4.69342	0.5	-19.1052	21.9761	0	0.828727	-0.559653	0	None	None
ChainingRodShaped	12091	3.33767	0.5	49.4924	-14.7394	0	0.819615	0.572914	0	None	None
ChainingRodShaped	12093	3.63298	0.5	20.8326	80.6858	0	0.971793	-0.235837	0	None	None
ChainingRodShaped	19762	2.00581	0.5	-74.0065	112.93	0	0.998296	0.0583588	0	None	None
ChainingRodShaped	12097	3.94788	0.5	-31.331	-14.1489	0	-0.667337	-0.744756	0	None	None
ChainingRodShaped	12099	4.03855	0.5	-41.1222	6.42513	0	0.80057	0.599239	0	None	None
ChainingRodShaped	12101	4.03174	0.5	-66.7835	15.3775	0	0.85441	0.519599	0	None	None
ChainingRodShaped	19274	2.10218	0.5	-85.9881	82.5409	0	-0.993184	-0.116561	0	None	None
ChainingRodShaped	18812	2.32224	0.5	-95.7328	-35.4234	0	0.812332	0.583196	0	None	None
ChainingRodShaped	12107	4.46769	0.5	-32.5911	-54.8245	0	0.931746	0.36311	0	None	None
ChainingRodShaped	12109	4.11399	0.5	-1.31437	26.8339	0	0.436916	0.899502	0	None	None
ChainingRodShaped	18934	2.19639	0.5	61.2604	59.8084	0	-0.198922	-0.980015	0	None	None
ChainingRodShaped	19776	2.00106	0.5	-57.8456	14.0395	0	-0.2012	-0.97955	0	None	None
ChainingRodShaped	12115	4.78014	0.5	-2.75318	41.5745	0	0.921865	0.387512	0	None	None
ChainingRodShaped	12117	4.43861	0.5	-74.3815	22.6735	0	0.894499	0.44707	0	None	None
ChainingRodShaped	18594	2.27192	0.5	-97.9962	8.54837	0	0.210238	-0.97765	0	None	None
ChainingRodShaped	12121	3.96069	0.5	-126.464	104.298	0	0.696976	-0.717094	0	16788	12120
ChainingRodShaped	18960	2.2899	0.5	-107.906	-1.37694	0	-0.137206	0.990543	0	None	None
ChainingRodShaped	12125	3.48879	0.5	-113.163	49.3956	0	0.966179	0.257871	0	None	None
ChainingRodShaped	12127	3.88537	0.5	-12.4342	116.806	0	0.765222	-0.643766	0	None	None
ChainingRodShaped	19332	2.06316	0.5	-29.1837	45.8257	0	0.939027	0.343844	0	None	None
ChainingRodShaped	12131	4.4451	0.5	-112.346	28.3935	0	0.450561	-0.892746	0	None	None
ChainingRodShaped	12133	4.18167	0.5	74.4596	30.7195	0	0.899616	-0.436682	0	None	None
ChainingRodShaped	12135	4.85683	0.5	50.2113	-7.63956	0	0.789671	0.613531	0	None	None
ChainingRodShaped	12137	4.45063	0.5	-36.3784	-9.52996	0	-0.381461	0.924385	0	None	None
ChainingRodShaped	12139	3.50409	0.5	5.13972	-42.9972	0	0.611405	0.791318	0	None	None
ChainingRodShaped	12141	3.26168	0.5	-65.7773	-1.52364	0	0.226168	0.974088	0	None	None
ChainingRodShaped	12143	4.38386	0.5	-41.245	76.3643	0	-0.978087	-0.208197	0	None	None
ChainingRodShaped	12145	2.96069	0.5	-126.285	52.1784	0	0.479755	0.877403	0	13830	12144
ChainingRodShaped	12147	3.58693	0.5	58.9095	48.1967	0	-0.923698	-0.383122	0	None	None
ChainingRodShaped	12149	3.64249	0.5	-22.6431	-5.52291	0	-0.815468	-0.578803	0	None	None
ChainingRodShaped	19770	2.00214	0.5	-52.9368	37.2427	0	0.752516	-0.658574	0	None	None
ChainingRodShaped	19020	2.09897	0.5	-59.7709	59.5988	0	0.861374	0.507972	0	None	None
ChainingRodShaped	12155	3.8885	0.5	30.4883	81.0034	0	-0.975061	0.221938	0	None	None
ChainingRodShaped	12157	4.17377	0.5	31.2221	-18.047	0	0.784449	0.620193	0	None	None
ChainingRodShaped	12159	3.52069	0.5	-96.2491	1.03471	0	-0.508978	0.86078	0	None	None
ChainingRodShaped	12161	4.05888	0.5	-122.883	46.8606	0	0.953144	0.302516	0	None	None
ChainingRodShaped	12163	4.55364	0.5	-282.125	2.75867	0	-0.377431	0.926038	0	8164	12162
ChainingRodShaped	12165	4.75196	0.5	85.8917	8.16593	0	0.905422	0.424512	0	8018	12164
ChainingRodShaped	12167	3.46782	0.5	60.6273	4.43171	0	0.877776	0.479071	0	None	None
ChainingRodShaped	12169	3.4675	0.5	-34.7772	15.1543	0	0.429187	0.903216	0	None	None
ChainingRodShaped	12171	4.31775	0.5	-84.1196	39.0223	0	-0.046254	-0.99893	0	None	None
ChainingRodShaped	12173	4.96858	0.5	-6.84344	30.2453	0	-0.440605	-0.897701	0	None	None
ChainingRodShaped	12175	3.63338	0.5	2.07413	49.5406	0	0.976787	0.214215	0	None	None
ChainingRodShaped	12177	4.92732	0.5	-9.53476	49.3723	0	0.880429	0.474179	0	None	None
ChainingRodShaped	12179	3.97098	0.5	24.8813	70.3531	0	0.988048	-0.154146	0	None	None
ChainingRodShaped	12181	4.0579	0.5	-133.377	58.1001	0	-0.232815	-0.972521	0	13410	12180
ChainingRodShaped	12183	4.7724	0.5	-36.0579	88.9784	0	0.989547	-0.144208	0	None	None
ChainingRodShaped	12185	4.07318	0.5	2.57529	81.9755	0	0.1128	0.993618	0	None	None
ChainingRodShaped	12187	3.27473	0.5	-60.8647	121.82	0	-0.54177	-0.840527	0	None	None
ChainingRodShaped	12189	4.66532	0.5	69.2873	31.3007	0	-0.999307	-0.0372143	0	None	None
ChainingRodShaped	12191	4.94683	0.5	-15.868	-35.2987	0	0.857819	0.513952	0	None	None
ChainingRodShaped	12193	3.52763	0.5	6.20686	60.0395	0	0.468597	0.883412	0	None	None
ChainingRodShaped	12195	4.07407	0.5	22.531	-30.0944	0	0.323648	-0.946177	0	None	None
ChainingRodShaped	12197	4.8569	0.5	-113.904	47.4038	0	-0.960835	-0.277121	0	None	None
ChainingRodShaped	12199	3.77622	0.5	7.44846	97.5006	0	0.999562	0.0295861	0	None	None
ChainingRodShaped	12201	4.18657	0.5	-55.3609	87.9603	0	0.880698	-0.473679	0	None	None
ChainingRodShaped	12203	3.23263	0.5	-40.4366	61.8727	0	-0.342719	-0.939438	0	None	None
ChainingRodShaped	12205	4.703	0.5	22.4638	96.6077	0	0.999962	-0.00869476	0	None	None
ChainingRodShaped	12207	3.60595	0.5	32.7465	23.5885	0	-0.0436212	0.999048	0	None	None
ChainingRodShaped	12209	4.79837	0.5	3.61258	88.1702	0	0.722638	0.691227	0	None	None
ChainingRodShaped	12211	3.47306	0.5	0.255189	-24.3109	0	0.89155	-0.452923	0	None	None
ChainingRodShaped	12213	3.68372	0.5	-8.95936	-34.322	0	-0.66287	0.748735	0	None	None
ChainingRodShaped	12215	3.86687	0.5	27.8076	-5.18089	0	0.937314	0.348485	0	None	None
ChainingRodShaped	12217	4.89545	0.5	33.1451	61.8299	0	-0.32413	-0.946012	0	None	None
ChainingRodShaped	18730	2.37073	0.5	19.2594	-33.2636	0	0.516913	0.856038	0	None	None
ChainingRodShaped	12221	4.57621	0.5	-58.5479	31.8783	0	0.880239	0.474531	0	None	None
ChainingRodShaped	12223	3.26979	0.5	18.7169	44.5317	0	-0.0364149	-0.999337	0	None	None
ChainingRodShaped	12225	3.13008	0.5	160.178	34.4621	0	-0.631214	0.775609	0	8192	12224
ChainingRodShaped	12227	3.28535	0.5	-54.7081	-59.7827	0	0.190308	0.981724	0	None	None
ChainingRodShaped	18940	2.30882	0.5	-116.202	34.4189	0	0.99733	0.0730227	0	None	None
ChainingRodShaped	12231	4.53123	0.5	-144.694	-149.429	0	-0.904645	0.426166	0	14056	12230
ChainingRodShaped	19358	2.09417	0.5	5.48557	73.9117	0	0.545603	0.838044	0	None	None
ChainingRodShaped	12235	3.17408	0.5	12.5811	158.632	0	-0.0812996	-0.99669	0	11130	12234
ChainingRodShaped	12237	4.22934	0.5	-32.3682	60.561	0	0.325265	-0.945623	0	None	None
ChainingRodShaped	12239	4.43146	0.5	22.7436	133	0	0.542106	-0.84031	0	14382	12238
ChainingRodShaped	12241	3.16915	0.5	-73.1958	66.0122	0	-0.574832	-0.818271	0	None	None
ChainingRodShaped	12243	4.31043	0.5	-6.74483	-15.2034	0	0.914395	-0.404824	0	None	None
ChainingRodShaped	12245	4.19147	0.5	-3.43969	36.72	0	0.93484	0.355069	0	None	None
ChainingRodShaped	19232	2.12371	0.5	3.32861	47.4169	0	0.99768	0.0680719	0	None	None
ChainingRodShaped	12249	4.25589	0.5	210.954	90.4607	0	0.381901	-0.924203	0	13414	12248
ChainingRodShaped	19330	2.13238	0.5	-77.3785	-31.5453	0	0.370718	-0.928746	0	None	None
ChainingRodShaped	12253	3.71591	0.5	6.49891	28.2587	0	-0.941524	-0.336945	0	None	None
ChainingRodShaped	12255	4.86312	0.5	-57.3054	37.2466	0	0.0495426	0.998772	0	None	None
ChainingRodShaped	12257	4.80898	0.5	-88.296	-41.467	0	0.854342	-0.519712	0	None	None
ChainingRodShaped	12259	3.63325	0.5	-64.5915	41.8643	0	0.0506156	0.998718	0	None	None
ChainingRodShaped	12261	4.95662	0.5	-11.2462	-33.101	0	-0.684273	0.729226	0	None	None
ChainingRodShaped	12263	3.5759	0.5	54.3477	60.6003	0	0.988058	-0.154084	0	None	None
ChainingRodShaped	12265	3.5306	0.5	64.4274	64.6408	0	0.280031	-0.959991	0	16016	12264
ChainingRodShaped	12267	3.54605	0.5	-35.3164	-67.2569	0	0.984325	0.176365	0	13736	12266
ChainingRodShaped	18944	2.25875	0.5	38.5272	-20.7812	0	0.777356	0.629061	0	None	None
ChainingRodShaped	12271	4.9453	0.5	-95.4054	47.5889	0	0.0928409	-0.995681	0	None	None
ChainingRodShaped	12273	4.79004	0.5	-128.394	23.2007	0	0.700928	0.713232	0	None	None
ChainingRodShaped	19586	2.0244	0.5	-112.381	-14.5396	0	-0.540279	0.841486	0	None	None
ChainingRodShaped	12277	4.03781	0.5	25.6803	131.605	0	0.476389	-0.879234	0	7600	12276
ChainingRodShaped	12279	4.83347	0.5	-44.7117	51.0749	0	0.592432	-0.80562	0	None	None
ChainingRodShaped	12281	4.17349	0.5	-32.4867	91.3072	0	0.984169	-0.177233	0	None	None
ChainingRodShaped	12283	4.24519	0.5	62.5343	56.9118	0	0.217564	-0.976046	0	None	None
ChainingRodShaped	12285	3.18664	0.5	-179.267	97.5046	0	0.783058	-0.621949	0	14130	12284
ChainingRodShaped	19322	2.16458	0.5	-71.9501	75.2465	0	0.983289	-0.182051	0	None	None
ChainingRodShaped	12289	4.70686	0.5	-28.2269	19.6511	0	0.780021	-0.625753	0	None	None
ChainingRodShaped	12291	3.96395	0.5	-20.9101	79.4298	0	0.795692	-0.605702	0	None	None
ChainingRodShaped	18820	2.32378	0.5	-28.766	22.1208	0	0.920481	-0.390787	0	None	None
ChainingRodShaped	12295	3.48446	0.5	-53.6532	-34.324	0	-0.614793	0.788689	0	None	None
ChainingRodShaped	12297	4.40412	0.5	-104.946	93.3842	0	0.997988	-0.0634058	0	None	None
ChainingRodShaped	12299	4.622	0.5	-75.4073	94.6138	0	0.974457	0.224573	0	None	None
ChainingRodShaped	12301	4.6321	0.5	-27.2786	-1.9264	0	-0.54893	0.835868	0	None	None
ChainingRodShaped	12303	4.97157	0.5	-63.8905	79.0715	0	0.906559	-0.422079	0	None	None
ChainingRodShaped	12305	3.38785	0.5	19.4331	-34.7141	0	-0.499426	-0.866356	0	None	None
ChainingRodShaped	12307	4.8756	0.5	-5.92619	38.0847	0	0.916987	0.398918	0	None	None
ChainingRodShaped	12309	4.77114	0.5	-49.0121	-21.641	0	-0.996209	-0.0869888	0	None	None
ChainingRodShaped	12311	3.31768	0.5	43.5139	58.5244	0	0.956071	-0.293135	0	None	None
ChainingRodShaped	12313	3.96309	0.5	-65.8224	58.1824	0	0.765436	0.643512	0	None	None
ChainingRodShaped	12315	4.12642	0.5	11.2223	59.6993	0	0.493747	0.869605	0	None	None
ChainingRodShaped	12317	4.39045	0.5	-36.8038	17.2519	0	0.519402	0.85453	0	None	None
ChainingRodShaped	12319	4.72575	0.5	21.97	82.1269	0	-0.974349	0.225044	0	None	None
ChainingRodShaped	12321	4.82772	0.5	-107.22	4.38097	0	-0.189258	0.981927	0	None	None
ChainingRodShaped	12323	3.23465	0.5	-39.3912	43.6255	0	0.581175	-0.813779	0	None	None
ChainingRodShaped	12325	3.38138	0.5	26.6872	120.694	0	0.240753	0.970586	0	12450	12324
ChainingRodShaped	12327	3.78166	0.5	-29.7153	65.2276	0	-0.998224	0.0595728	0	None	None
ChainingRodShaped	19098	2.13832	0.5	-83.9097	104.013	0	-0.998876	0.0473987	0	None	None
ChainingRodShaped	12331	3.26618	0.5	-49.7804	46.7887	0	0.545014	-0.838427	0	None	None
ChainingRodShaped	12333	3.42983	0.5	-33.3371	98.256	0	0.310266	0.95065	0	None	None
ChainingRodShaped	12335	3.30334	0.5	-74.0122	-18.5615	0	-0.976904	0.21368	0	None	None
ChainingRodShaped	19278	2.08195	0.5	-38.3682	-24.1429	0	0.991581	0.129484	0	None	None
ChainingRodShaped	12339	4.79754	0.5	34.8404	87.8426	0	-0.601232	-0.799075	0	None	None
ChainingRodShaped	12341	3.82404	0.5	-40.8075	-9.81266	0	-0.345052	0.938583	0	None	None
ChainingRodShaped	12343	4.88001	0.5	-83.3685	-29.3249	0	-0.38494	-0.922942	0	None	None
ChainingRodShaped	12345	4.75834	0.5	22.8679	55.4788	0	-0.262075	-0.965047	0	None	None
ChainingRodShaped	12347	4.74759	0.5	-42.7025	-26.7638	0	0.997999	0.063236	0	None	None
ChainingRodShaped	12349	3.66788	0.5	-90.7023	9.69805	0	0.802446	0.596725	0	None	None
ChainingRodShaped	12351	3.85245	0.5	-96.2674	-18.8343	0	-0.941506	0.336998	0	None	None
ChainingRodShaped	12353	3.65466	0.5	-57.6016	118.954	0	0.456146	-0.889905	0	None	None
ChainingRodShaped	12355	3.8461	0.5	-191.638	-6.1608	0	0.305927	-0.952055	0	16902	12354
ChainingRodShaped	12357	4.72471	0.5	-100.471	31.5042	0	-0.743684	-0.668532	0	None	None
ChainingRodShaped	12359	2.96726	0.5	-94.356	188.182	0	-0.888476	-0.458923	0	18022	12358
ChainingRodShaped	12361	3.49013	0.5	-269.674	-25.0114	0	-0.557883	0.82992	0	11930	12360
ChainingRodShaped	12363	4.85379	0.5	-83.9767	28.5159	0	0.857488	0.514504	0	None	None
ChainingRodShaped	12365	4.53751	0.5	-48.3284	108.712	0	-0.013135	-0.999914	0	None	None
ChainingRodShaped	12367	4.00784	0.5	-84.9796	45.0168	0	-0.00756256	-0.999971	0	None	None
ChainingRodShaped	12369	3.54831	0.5	98.044	45.0657	0	0.403309	0.915064	0	7309	12368
ChainingRodShaped	12371	3.82484	0.5	-45.9083	103.184	0	-0.312084	-0.950054	0	None	None
ChainingRodShaped	12373	4.2178	0.5	-186.332	-83.3477	0	0.253519	0.96733	0	13398	12372
ChainingRodShaped	12375	3.57149	0.5	-36.0049	105.785	0	0.339582	0.940576	0	None	None
ChainingRodShaped	12377	4.91119	0.5	-22.2685	-22.8069	0	0.475803	0.879552	0	None	None
ChainingRodShaped	12379	3.66694	0.5	-80.265	-1.34596	0	-0.846747	-0.531996	0	None	None
ChainingRodShaped	12381	3.30629	0.5	-9.67645	-47.2999	0	0.469397	0.882987	0	None	None
ChainingRodShaped	12383	3.81952	0.5	-15.467	79.239	0	0.319651	-0.947536	0	None	None
ChainingRodShaped	12385	3.90854	0.5	-0.481829	51.0653	0	0.967198	0.254025	0	None	None
ChainingRodShaped	12387	4.12512	0.5	28.0344	0.861024	0	-0.944309	-0.329061	0	None	None
ChainingRodShaped	12389	4.98831	0.5	-59.3589	82.5037	0	0.881311	-0.472537	0	None	None
ChainingRodShaped	12391	3.83984	0.5	101.727	11.9324	0	-0.85291	-0.522058	0	8372	12390
ChainingRodShaped	12393	4.20563	0.5	-123.691	54.892	0	-0.497869	-0.867252	0	None	None
ChainingRodShaped	12395	3.30458	0.5	96.7046	47.8851	0	0.431667	0.902033	0	17170	12394
ChainingRodShaped	12397	4.45145	0.5	51.4202	82.9709	0	0.627154	-0.778895	0	None	None
ChainingRodShaped	12399	3.11183	0.5	-39.1122	113.827	0	0.134353	-0.990934	0	None	None
ChainingRodShaped	12401	4.11029	0.5	37.2537	-30.6918	0	-0.922331	-0.386402	0	None	None
ChainingRodShaped	12403	4.48082	0.5	7.16358	19.2594	0	0.658869	-0.752258	0	None	None
ChainingRodShaped	19138	2.11788	0.5	-22.6749	90.2506	0	-0.194441	0.980914	0	None	None
ChainingRodShaped	12407	4.14131	0.5	14.0906	-26.225	0	-0.956759	0.290881	0	None	None
ChainingRodShaped	12409	3.72306	0.5	-93.0044	25.9329	0	-0.795126	-0.606444	0	None	None
ChainingRodShaped	12411	4.20584	0.5	-71.1125	84.0312	0	0.994596	-0.103825	0	None	None
ChainingRodShaped	12413	3.95517	0.5	-105.963	69.5775	0	0.478841	-0.877902	0	None	None
ChainingRodShaped	19630	2.05299	0.5	-4.59873	71.4252	0	0.237098	0.971486	0	None	None
ChainingRodShaped	19236	2.0705	0.5	-10.423	-9.82282	0	0.988404	0.151844	0	None	None
ChainingRodShaped	19376	2.06736	0.5	-28.1644	85.8727	0	0.784306	-0.620374	0	None	None
ChainingRodShaped	19646	2.01898	0.5	-32.4873	-29.6587	0	0.984404	-0.175923	0	None	None
ChainingRodShaped	19644	2.02399	0.5	-26.534	71.4447	0	-0.986377	0.164501	0	None	None
ChainingRodShaped	12425	3.75203	0.5	39.0263	61.2527	0	-0.316624	-0.948551	0	None	None
ChainingRodShaped	12427	4.97163	0.5	-66.759	72.1888	0	-0.78709	-0.616838	0	None	None
ChainingRodShaped	12429	4.3874	0.5	-56.9224	100.091	0	-0.865022	-0.501735	0	None	None
ChainingRodShaped	12431	3.74232	0.5	-4.22126	83.2104	0	0.858414	0.512957	0	None	None
ChainingRodShaped	12433	3.37711	0.5	-49.7366	-0.701851	0	0.898794	0.438371	0	None	None
ChainingRodShaped	12435	4.65455	0.5	-2.06885	71.3316	0	0.197627	0.980277	0	None	None
ChainingRodShaped	12437	4.9531	0.5	-31.0969	60.8606	0	0.339694	-0.940536	0	None	None
ChainingRodShaped	12439	4.47867	0.5	5.55772	-13.8647	0	0.999976	0.0069471	0	None	None
ChainingRodShaped	12441	4.03009	0.5	6.19894	7.14667	0	-0.49532	0.868711	0	None	None
ChainingRodShaped	12443	2.91317	0.5	53.75	-23.2261	0	0.626935	0.779071	0	15006	12442
ChainingRodShaped	12445	3.85617	0.5	14.8379	-35.9134	0	0.729835	0.683624	0	None	None
ChainingRodShaped	12447	4.59519	0.5	23.8485	-74.2374	0	-0.144735	0.989471	0	17300	12446
ChainingRodShaped	19056	2.16548	0.5	9.91363	79.9503	0	0.999505	0.0314618	0	None	None
ChainingRodShaped	12451	3.84422	0.5	20.7692	113.433	0	0.881133	0.472868	0	19596	12450
ChainingRodShaped	19766	2.00364	0.5	-47.0966	25.613	0	-0.0431662	-0.999068	0	None	None
ChainingRodShaped	12455	4.94483	0.5	-68.2691	-31.7415	0	0.993925	-0.110063	0	None	None
ChainingRodShaped	12457	4.19067	0.5	53.7064	49.542	0	-0.9996	-0.0282642	0	None	None
ChainingRodShaped	12459	3.36551	0.5	-20.9115	209.295	0	-0.691513	-0.722364	0	13298	12458
ChainingRodShaped	12461	3.62432	0.5	-145.124	35.059	0	0.990114	0.140268	0	11632	12460
ChainingRodShaped	12463	3.45449	0.5	61.1818	-3.68155	0	-0.140143	-0.990131	0	None	None
ChainingRodShaped	12465	4.45968	0.5	-127.376	34.8873	0	-0.994756	-0.102272	0	None	None
ChainingRodShaped	12467	4.32451	0.5	-111.637	-8.09886	0	-0.599115	0.800663	0	17550	12466
ChainingRodShaped	12469	4.36999	0.5	-53.6665	-13.339	0	-0.997019	-0.0771532	0	None	None
ChainingRodShaped	19168	2.12267	0.5	-115.967	53.2456	0	0.97608	0.217414	0	None	None
ChainingRodShaped	12473	4.64277	0.5	-12.9009	64.1984	0	0.716468	0.69762	0	None	None
ChainingRodShaped	12475	4.18223	0.5	-123.017	16.7065	0	-0.943809	0.330492	0	None	None
ChainingRodShaped	12477	4.73601	0.5	-3.41149	70.6722	0	0.217126	0.976144	0	None	None
ChainingRodShaped	12479	4.47742	0.5	49.4628	2.51706	0	-0.959587	-0.281412	0	15600	12478
ChainingRodShaped	12481	3.78133	0.5	-43.77	32.295	0	0.358243	-0.933629	0	None	None
ChainingRodShaped	12483	4.14721	0.5	31.7484	41.1248	0	0.986323	-0.164825	0	None	None
ChainingRodShaped	12485	4.47147	0.5	-102.195	86.0696	0	0.582717	0.812675	0	None	None
ChainingRodShaped	12487	3.69849	0.5	36.9979	-15.4492	0	0.740417	0.672148	0	None	None
ChainingRodShaped	12489	4.80054	0.5	-59.0311	72.7418	0	-0.786107	-0.61809	0	None	None
ChainingRodShaped	12491	3.35398	0.5	-156.939	136.927	0	-0.874091	0.485763	0	9428	12490
ChainingRodShaped	12493	4.4194	0.5	-21.6909	49.7251	0	-0.300916	0.953651	0	None	None
ChainingRodShaped	12495	4.10762	0.5	-127.42	10.8797	0	0.549233	-0.835669	0	None	None
ChainingRodShaped	12497	3.23158	0.5	-12.6194	-10.8851	0	0.992142	0.125114	0	None	None
ChainingRodShaped	19526	2.07415	0.5	61.805	63.5343	0	-0.265882	0.964006	0	None	None
ChainingRodShaped	12501	4.37544	0.5	-22.8456	5.43161	0	0.608509	0.793547	0	None	None
ChainingRodShaped	12503	3.10261	0.5	-85.7996	-22.7686	0	-0.973484	0.228754	0	5836	12502
ChainingRodShaped	12505	4.84783	0.5	-17.9083	34.5107	0	0.596688	0.802473	0	None	None
ChainingRodShaped	12507	3.18305	0.5	-72.4005	-0.721757	0	-0.911784	-0.410671	0	None	None
ChainingRodShaped	12509	4.20856	0.5	-99.3567	87.6689	0	0.768989	0.639262	0	None	None
ChainingRodShaped	12511	4.81298	0.5	-76.1647	-42.0566	0	0.881072	0.472981	0	None	None
ChainingRodShaped	12513	3.83985	0.5	-17.4722	28.8861	0	0.935636	-0.352966	0	None	None
ChainingRodShaped	12515	4.1034	0.5	-52.7997	-70.7553	0	-0.976906	0.213671	0	10540	12514
ChainingRodShaped	12517	4.90833	0.5	-9.99327	-46.1533	0	-0.46061	-0.887603	0	None	None
ChainingRodShaped	12519	4.93484	0.5	-83.3538	17.0712	0	0.870362	0.492413	0	None	None
ChainingRodShaped	12521	3.81671	0.5	223.144	49.0538	0	0.125688	-0.99207	0	6838	12520
ChainingRodShaped	12523	3.77885	0.5	-16.3368	73.058	0	-0.375381	-0.926871	0	None	None
ChainingRodShaped	19486	2.06364	0.5	46.1598	-25.0215	0	0.0318388	0.999493	0	None	None
ChainingRodShaped	12527	3.46451	0.5	-123.826	17.845	0	-0.947065	0.321041	0	None	None
ChainingRodShaped	12529	3.72127	0.5	-53.3167	-68.7618	0	0.999998	0.00195966	0	10522	12528
ChainingRodShaped	12531	4.9129	0.5	-98.92	20.2289	0	0.307439	-0.951568	0	None	None
ChainingRodShaped	12533	4.85479	0.5	-118.948	18.1969	0	-0.977277	0.211967	0	None	None
ChainingRodShaped	12535	4.31846	0.5	25.0289	34.6469	0	0.219356	0.975645	0	None	None
ChainingRodShaped	12537	4.59383	0.5	-55.5101	44.2594	0	0.644502	-0.764603	0	None	None
ChainingRodShaped	12539	3.86654	0.5	-115.277	37.9514	0	0.998716	0.0506518	0	None	None
ChainingRodShaped	12541	4.53503	0.5	-87.3436	69.0641	0	0.993047	-0.117715	0	None	None
ChainingRodShaped	12543	4.20348	0.5	-136.429	38.605	0	0.810817	0.5853	0	12460	12542
ChainingRodShaped	12545	4.42822	0.5	123.62	-107.322	0	-0.880328	-0.474366	0	15142	12544
ChainingRodShaped	12547	4.7742	0.5	-16.9893	36.8415	0	0.588654	0.808385	0	None	None
ChainingRodShaped	12549	3.5907	0.5	29.5139	4.75129	0	0.928594	0.371097	0	None	None
ChainingRodShaped	12551	3.72721	0.5	36.0436	8.44179	0	-0.428907	0.903349	0	None	None
ChainingRodShaped	12553	4.45981	0.5	4.65219	-16.8878	0	0.856665	-0.515872	0	None	None
ChainingRodShaped	12555	3.70483	0.5	-35.19	32.1575	0	0.990973	-0.134059	0	None	None
ChainingRodShaped	12557	4.43499	0.5	-85.5276	24.8287	0	0.82846	0.560048	0	None	None
ChainingRodShaped	12559	3.65957	0.5	-120.609	-5.40345	0	0.429534	-0.903051	0	11420	12558
ChainingRodShaped	12561	3.92862	0.5	-48.8608	120.439	0	0.410941	-0.911662	0	None	None
ChainingRodShaped	12563	3.45926	0.5	-114.038	51.8549	0	0.973469	0.228819	0	None	None
ChainingRodShaped	12565	4.53379	0.5	-80.4311	73.3214	0	0.985051	-0.172264	0	None	None
ChainingRodShaped	12567	4.84205	0.5	-40.1567	-7.36484	0	0.344387	-0.938828	0	None	None
ChainingRodShaped	12569	4.33769	0.5	-101.811	11.048	0	0.210922	-0.977503	0	None	None
ChainingRodShaped	12571	4.65471	0.5	-96.2567	82.3115	0	-0.0701464	-0.997537	0	None	None
ChainingRodShaped	12573	3.87732	0.5	-85.9013	-19.6146	0	-0.848096	0.529843	0	None	None
ChainingRodShaped	12575	3.10905	0.5	-108.786	12.9461	0	-0.477462	0.878652	0	None	None
ChainingRodShaped	12577	3.79554	0.5	53.6651	47.7314	0	-0.999123	-0.0418681	0	None	None
ChainingRodShaped	19286	2.1027	0.5	-59.2723	-51.3887	0	-0.581705	-0.8134	0	None	None
ChainingRodShaped	12581	4.31303	0.5	-16.2493	56.3557	0	-0.150822	0.988561	0	None	None
ChainingRodShaped	19640	2.03685	0.5	-58.7437	16.6107	0	-0.179862	-0.983692	0	None	None
ChainingRodShaped	12585	4.80224	0.5	10.7551	-13.0179	0	0.999569	0.0293562	0	None	None
ChainingRodShaped	12587	4.67783	0.5	20.892	67.1479	0	0.958785	-0.284131	0	None	None
ChainingRodShaped	12589	3.2341	0.5	17.6527	-3.70818	0	-0.595203	0.803576	0	None	None
ChainingRodShaped	12591	3.5495	0.5	-28.8794	65.8249	0	-0.997577	0.0695726	0	None	None
ChainingRodShaped	12593	3.54853	0.5	46.9326	28.4847	0	0.477261	-0.878762	0	None	None
ChainingRodShaped	12595	4.68024	0.5	-99.5069	53.1767	0	0.986987	-0.160801	0	None	None
ChainingRodShaped	12597	4.2974	0.5	-47.9851	32.3146	0	0.415187	-0.909736	0	None	None
ChainingRodShaped	12599	3.52575	0.5	-65.3868	41.4595	0	0.0607172	0.998155	0	None	None
ChainingRodShaped	12601	3.94558	0.5	-109.454	-12.1715	0	0.681576	-0.731748	0	None	None
ChainingRodShaped	12603	4.73011	0.5	-29.4998	7.73923	0	-0.0617631	0.998091	0	None	None
ChainingRodShaped	12605	2.90589	0.5	131.046	-35.8647	0	0.931835	-0.362881	0	16916	12604
ChainingRodShaped	12607	3.85259	0.5	-17.9352	82.1465	0	0.270324	-0.962769	0	None	None
ChainingRodShaped	12609	4.08814	0.5	-77.0806	107.1	0	-0.986712	-0.16248	0	None	None
ChainingRodShaped	12611	4.62834	0.5	39.4516	84.5937	0	-0.103779	0.9946	0	None	None
ChainingRodShaped	12613	4.59239	0.5	2.66702	89.4775	0	0.709041	0.705168	0	None	None
ChainingRodShaped	12615	3.33288	0.5	116.678	194.046	0	-0.748362	-0.663291	0	12074	12614
ChainingRodShaped	12617	3.39943	0.5	-82.171	94.3062	0	-0.274302	-0.961644	0	None	None
ChainingRodShaped	12619	4.49448	0.5	-60.3149	79.8245	0	0.899484	-0.436954	0	None	None
ChainingRodShaped	12621	4.1024	0.5	-100.901	28.8468	0	-0.743708	-0.668505	0	None	None
ChainingRodShaped	12623	3.88794	0.5	-51.4217	10.8972	0	0.425634	-0.904895	0	None	None
ChainingRodShaped	12625	4.67909	0.5	-86.9006	77.1488	0	0.973595	-0.228284	0	None	None
ChainingRodShaped	12627	3.92637	0.5	-38.5988	-54.2889	0	0.93707	0.34914	0	None	None
ChainingRodShaped	12629	4.20945	0.5	-27.0223	76.5313	0	0.837828	-0.545934	0	None	None
ChainingRodShaped	19768	2.0012	0.5	-14.643	95.846	0	0.21171	0.977332	0	None	None
ChainingRodShaped	12633	3.77343	0.5	23.8691	36.011	0	-0.220481	-0.975391	0	None	None
ChainingRodShaped	12635	4.11479	0.5	-20.7173	12.3247	0	0.780145	0.625598	0	None	None
ChainingRodShaped	12637	4.97766	0.5	15.7087	31.5577	0	-0.739755	-0.672876	0	None	None
ChainingRodShaped	12639	4.99461	0.5	-70.8772	111.215	0	-0.998363	-0.0571989	0	None	None
ChainingRodShaped	12641	4.78756	0.5	42.8389	32.5789	0	0.349612	-0.936894	0	None	None
ChainingRodShaped	12643	3.15377	0.5	-172.359	93.1584	0	0.895492	-0.445077	0	12284	12642
ChainingRodShaped	12645	3.50953	0.5	29.8534	13.7408	0	0.247455	0.968899	0	None	None
ChainingRodShaped	12647	4.83308	0.5	31.2894	110.046	0	-0.10499	-0.994473	0	None	None
ChainingRodShaped	12649	4.54161	0.5	-1.86823	15.7526	0	-0.956536	-0.291616	0	None	None
ChainingRodShaped	12651	4.56222	0.5	-96.0437	47.0845	0	0.102722	-0.99471	0	None	None
ChainingRodShaped	12653	4.00788	0.5	24.7261	3.31161	0	-0.00591678	0.999982	0	None	None
ChainingRodShaped	12655	4.67014	0.5	4.92938	-48.3781	0	-0.0114615	0.999934	0	None	None
ChainingRodShaped	12657	3.93057	0.5	-21.3687	17.3355	0	0.859881	-0.510494	0	None	None
ChainingRodShaped	19514	2.06874	0.5	-25.592	76.4843	0	0.831839	-0.555016	0	None	None
ChainingRodShaped	12661	4.04851	0.5	-122.892	27.4332	0	0.00655722	0.999979	0	None	None
ChainingRodShaped	12663	3.30794	0.5	-100.748	35.19	0	-0.801649	-0.597794	0	None	None
ChainingRodShaped	12665	4.20063	0.5	18.3046	78.0487	0	-0.980468	0.196678	0	None	None
ChainingRodShaped	19282	2.08889	0.5	35.6875	61.7645	0	-0.297555	-0.954705	0	None	None
ChainingRodShaped	19400	2.10397	0.5	-85.1182	85.4726	0	0.990911	-0.134522	0	None	None
ChainingRodShaped	12671	3.07612	0.5	-41.6554	50.246	0	0.61674	-0.787167	0	None	None
ChainingRodShaped	12673	4.28647	0.5	182.021	204.62	0	0.241498	-0.970401	0	5943	12672
ChainingRodShaped	12675	4.74988	0.5	21.6159	31.7416	0	-0.437922	-0.899013	0	None	None
ChainingRodShaped	12677	3.28969	0.5	-8.73698	98.0796	0	-0.210852	-0.977518	0	None	None
ChainingRodShaped	12679	4.00951	0.5	-43.0451	-43.1819	0	0.70723	0.706984	0	None	None
ChainingRodShaped	12681	3.41832	0.5	-13.1392	11.7268	0	-0.809952	-0.586496	0	None	None
ChainingRodShaped	12683	2.99051	0.5	150.618	-60.1642	0	0.100326	-0.994955	0	18042	12682
ChainingRodShaped	12685	3.9331	0.5	5.03532	59.3417	0	0.477422	0.878674	0	None	None
ChainingRodShaped	12687	3.46424	0.5	-82.3842	54.4051	0	0.0454453	-0.998967	0	None	None
ChainingRodShaped	12689	3.39047	0.5	-30.0253	43.5627	0	0.518703	-0.854954	0	None	None
ChainingRodShaped	12691	3.13466	0.5	-107.289	-4.77619	0	0.0823991	0.996599	0	None	None
ChainingRodShaped	19718	2.02432	0.5	-99.2862	-1.4	0	0.238365	-0.971176	0	None	None
ChainingRodShaped	12695	3.13069	0.5	35.7873	13.3118	0	-0.18532	-0.982678	0	None	None
ChainingRodShaped	12697	3.89895	0.5	55.7216	-10.6067	0	0.631781	0.775147	0	None	None
ChainingRodShaped	12699	3.89459	0.5	-33.328	11.7589	0	0.393672	0.919251	0	None	None
ChainingRodShaped	12701	4.14155	0.5	-72.5189	-36.9116	0	0.945094	-0.326798	0	None	None
ChainingRodShaped	12703	4.94583	0.5	-63.0164	-28.9465	0	0.99975	0.022343	0	None	None
ChainingRodShaped	12705	4.46341	0.5	-26.3042	-44.8512	0	0.980547	0.196286	0	None	None
ChainingRodShaped	12707	4.12182	0.5	-20.6482	-10.4509	0	-0.809597	-0.586986	0	None	None
ChainingRodShaped	12709	4.11252	0.5	-39.4103	16.5255	0	-0.544832	-0.838545	0	None	None
ChainingRodShaped	12711	4.46062	0.5	28.483	36.7006	0	0.211337	0.977413	0	None	None
ChainingRodShaped	12713	3.3536	0.5	-81.6859	-4.89919	0	-0.0144501	0.999896	0	None	None
ChainingRodShaped	12715	3.24815	0.5	-96.8662	-33.4952	0	0.650467	0.759535	0	None	None
ChainingRodShaped	12717	4.07635	0.5	-111.274	2.85875	0	-0.119327	0.992855	0	None	None
ChainingRodShaped	12719	4.9262	0.5	-25.4435	33.7216	0	-0.340054	0.940406	0	None	None
ChainingRodShaped	12721	4.3837	0.5	-89.0916	87.6345	0	-0.897472	-0.441072	0	None	None
ChainingRodShaped	12723	3.40816	0.5	-20.4814	9.14047	0	0.777983	0.628285	0	None	None
ChainingRodShaped	12725	4.30132	0.5	35.0183	38.2976	0	0.198179	-0.980166	0	None	None
ChainingRodShaped	12727	3.50154	0.5	24.0592	64.3681	0	0.935941	-0.352156	0	None	None
ChainingRodShaped	12729	4.00913	0.5	-17.5932	-28.6197	0	0.631466	0.775404	0	None	None
ChainingRodShaped	12731	3.97864	0.5	29.8197	4.06355	0	0.928977	0.370138	0	None	None
ChainingRodShaped	12733	3.6269	0.5	60.8972	16.5895	0	-0.673553	-0.739139	0	None	None
ChainingRodShaped	12735	4.40951	0.5	-127.507	39.2859	0	0.992513	0.122137	0	None	None
ChainingRodShaped	12737	3.05803	0.5	-14.8201	105.724	0	0.932841	-0.360289	0	None	None
ChainingRodShaped	12739	4.67846	0.5	-52.2528	52.1313	0	0.327026	-0.945015	0	None	None
ChainingRodShaped	12741	3.61551	0.5	-80.1197	-36.8522	0	0.877101	-0.480305	0	None	None
ChainingRodShaped	12743	3.90516	0.5	-83.1617	-1.32704	0	-0.830092	-0.557627	0	None	None
ChainingRodShaped	12745	3.58053	0.5	-47.2727	36.3114	0	0.605356	-0.795955	0	None	None
ChainingRodShaped	12747	4.14623	0.5	-52.0835	126.439	0	-0.354506	-0.935054	0	None	None
ChainingRodShaped	12749	3.558	0.5	10.5163	22.9136	0	0.298257	-0.954486	0	None	None
ChainingRodShaped	12751	3.26111	0.5	-73.9345	73.9169	0	0.986239	-0.165328	0	None	None
ChainingRodShaped	12753	3.61029	0.5	3.49774	59.724	0	0.466645	0.884445	0	None	None
ChainingRodShaped	12755	3.52576	0.5	-63.2901	87.4709	0	0.806857	-0.590747	0	None	None
ChainingRodShaped	12757	4.14509	0.5	-59.3237	-60.831	0	-0.836848	0.547435	0	None	None
ChainingRodShaped	12759	3.21538	0.5	-86.4157	136.956	0	0.770703	0.637194	0	13798	12758
ChainingRodShaped	12761	4.5618	0.5	-7.19255	-1.77119	0	-0.984503	0.175365	0	None	None
ChainingRodShaped	12763	3.38671	0.5	-43.5785	-22.2656	0	-0.993887	-0.110399	0	None	None
ChainingRodShaped	12765	3.6078	0.5	-74.9716	-35.4702	0	0.577828	0.816158	0	None	None
ChainingRodShaped	12767	4.02315	0.5	-105.218	27.4967	0	-0.26407	-0.964504	0	None	None
ChainingRodShaped	12769	3.01384	0.5	118.285	127.975	0	-0.186846	0.982389	0	7266	12768
ChainingRodShaped	12771	4.18227	0.5	15.1877	-39.1403	0	0.711676	0.702508	0	None	None
ChainingRodShaped	12773	4.5766	0.5	-25.0635	123.226	0	0.780648	-0.624971	0	None	None
ChainingRodShaped	12775	3.14551	0.5	-147.887	-19.5179	0	-0.768782	-0.639511	0	7448	12774
ChainingRodShaped	12777	3.18352	0.5	53.6709	15.2803	0	0.688382	0.725348	0	None	None
ChainingRodShaped	12779	4.02726	0.5	-69.3626	114.11	0	-0.999312	-0.0370947	0	None	None
ChainingRodShaped	12781	4.75624	0.5	-22.6547	46.6541	0	-0.381525	0.924359	0	None	None
ChainingRodShaped	12783	3.39533	0.5	10.7964	-105.509	0	-0.916862	-0.399205	0	17568	12782
ChainingRodShaped	12785	3.17901	0.5	69.7908	15.0125	0	-0.744236	-0.667917	0	12812	12784
ChainingRodShaped	12787	4.57025	0.5	-0.811672	-34.7362	0	-0.204095	0.978951	0	None	None
ChainingRodShaped	12789	4.96961	0.5	-40.1786	-36.0922	0	-0.604553	0.796565	0	None	None
ChainingRodShaped	12791	3.89609	0.5	56.4037	179.797	0	0.72431	-0.689474	0	11990	12790
ChainingRodShaped	12793	3.95761	0.5	-51.8925	93.7174	0	0.999869	-0.0161839	0	None	None
ChainingRodShaped	12795	4.88415	0.5	-61.1789	6.61383	0	0.0693129	-0.997595	0	None	None
ChainingRodShaped	12797	3.84003	0.5	46.1112	82.8883	0	-0.568601	0.822613	0	None	None
ChainingRodShaped	12799	4.00906	0.5	65.0332	-2.69648	0	0.189131	0.981952	0	None	None
ChainingRodShaped	12801	3.38847	0.5	-14.4516	30.8336	0	0.54137	0.840784	0	None	None
ChainingRodShaped	12803	4.07373	0.5	-86.0262	-21.8467	0	-0.967357	0.253417	0	None	None
ChainingRodShaped	12805	3.68695	0.5	-12.5617	-33.9885	0	-0.685294	0.728267	0	None	None
ChainingRodShaped	12807	3.69237	0.5	6.32057	86.4847	0	0.735953	0.677033	0	None	None
ChainingRodShaped	12809	3.68306	0.5	-274.017	-17.2022	0	-0.423817	0.905748	0	12360	12808
ChainingRodShaped	12811	3.57906	0.5	-127.179	-153.977	0	-0.999792	0.0203767	0	14954	12810
ChainingRodShaped	12813	4.13639	0.5	76.2669	20.6546	0	-0.766202	-0.642599	0	13896	12812
ChainingRodShaped	12815	3.59021	0.5	19.4231	1.19918	0	-0.600165	0.799876	0	None	None
ChainingRodShaped	12817	4.08777	0.5	-102.798	89.7337	0	1	0.000549469	0	None	None
ChainingRodShaped	12819	3.60202	0.5	-101.92	18.6526	0	0.691313	-0.722556	0	None	None
ChainingRodShaped	12821	4.33339	0.5	194.777	180.002	0	0.584669	-0.811272	0	11248	12820
ChainingRodShaped	12823	4.10862	0.5	-87.675	43.2806	0	-0.0478642	-0.998854	0	None	None
ChainingRodShaped	12825	3.17409	0.5	-38.4935	50.6264	0	0.478546	0.878063	0	None	None
ChainingRodShaped	19556	2.04078	0.5	-44.1163	20.1758	0	0.281466	-0.959571	0	None	None
ChainingRodShaped	12829	3.73878	0.5	9.42247	24.0635	0	0.288783	-0.957394	0	None	None
ChainingRodShaped	12831	4.78709	0.5	-90.7379	10.6022	0	0.806172	0.591681	0	None	None
ChainingRodShaped	12833	3.83701	0.5	11.7729	224.43	0	-0.999675	0.0254972	0	16118	12832
ChainingRodShaped	12835	3.79584	0.5	-37.273	48.6617	0	0.47658	0.879131	0	None	None
ChainingRodShaped	12837	3.52688	0.5	-32.996	89.3887	0	0.989016	-0.147811	0	None	None
ChainingRodShaped	12839	3.48778	0.5	-11.8037	121.068	0	-0.876407	0.481572	0	8036	12838
ChainingRodShaped	12841	4.13455	0.5	-38.9967	-14.084	0	0.367546	-0.930005	0	None	None
ChainingRodShaped	12843	3.48822	0.5	-28.3184	108.392	0	0.567295	-0.823515	0	None	None
ChainingRodShaped	12845	3.24164	0.5	62.3728	0.336129	0	-0.513029	-0.858371	0	None	None
ChainingRodShaped	12847	4.42763	0.5	20.4098	94.6607	0	0.562311	-0.826926	0	None	None
ChainingRodShaped	12849	3.70025	0.5	-78.8516	36.849	0	-0.341393	-0.939921	0	None	None
ChainingRodShaped	12851	4.5794	0.5	-50.7532	84.7773	0	0.880002	-0.474969	0	None	None
ChainingRodShaped	12853	4.7343	0.5	40.8038	35.5347	0	0.358945	-0.933359	0	None	None
ChainingRodShaped	12855	3.0369	0.5	-4.99202	148.803	0	0.963133	-0.269024	0	9118	12854
ChainingRodShaped	12857	3.07078	0.5	-11.3324	21.5883	0	0.703792	0.710406	0	None	None
ChainingRodShaped	12859	4.28992	0.5	27.3964	65.2696	0	0.99393	-0.11001	0	None	None
ChainingRodShaped	12861	3.1097	0.5	-121.222	8.83916	0	-0.525371	0.850873	0	19614	12860
ChainingRodShaped	12863	3.65624	0.5	34.2613	-10.2393	0	0.733671	0.679505	0	None	None
ChainingRodShaped	12865	4.47126	0.5	-41.1704	83.7071	0	0.99766	-0.0683696	0	None	None
ChainingRodShaped	12867	4.16885	0.5	-21.4399	-18.6781	0	0.606042	0.795432	0	None	None
ChainingRodShaped	12869	3.42674	0.5	-103.53	-5.24096	0	-0.909007	0.416782	0	None	None
ChainingRodShaped	12871	4.53407	0.5	-23.5617	109.774	0	-0.959925	-0.280258	0	None	None
ChainingRodShaped	12873	4.85456	0.5	-48.6987	-5.95563	0	-0.828564	0.559894	0	None	None
ChainingRodShaped	12875	4.10285	0.5	-91.9685	90.7962	0	-0.618222	-0.786003	0	None	None
ChainingRodShaped	12877	3.34941	0.5	-17.9266	88.8509	0	0.119814	-0.992796	0	None	None
ChainingRodShaped	12879	4.2766	0.5	83.1433	97.457	0	0.957799	-0.287439	0	16836	12878
ChainingRodShaped	12881	4.10182	0.5	-15.1443	53.9768	0	0.544552	0.838727	0	None	None
ChainingRodShaped	12883	3.33769	0.5	-69.996	-2.16853	0	0.92363	0.383285	0	None	None
ChainingRodShaped	19590	2.04484	0.5	29.3835	89.1386	0	0.64365	0.76532	0	None	None
ChainingRodShaped	12887	3.70118	0.5	-22.0564	33.6108	0	0.384311	-0.923204	0	None	None
ChainingRodShaped	12889	4.44137	0.5	-17.4605	34.0896	0	0.588641	0.808394	0	None	None
ChainingRodShaped	12891	4.73829	0.5	-4.91896	25.836	0	0.429585	0.903026	0	None	None
ChainingRodShaped	12893	3.61008	0.5	-7.92662	56.6178	0	0.947683	-0.319213	0	None	None
ChainingRodShaped	12895	4.31356	0.5	47.2585	-17.3587	0	0.830174	0.557505	0	None	None
ChainingRodShaped	12897	3.9342	0.5	148.387	146.054	0	-0.239764	0.970831	0	13138	12896
ChainingRodShaped	19680	2.01912	0.5	-20.2623	67.8019	0	-0.640441	-0.768008	0	None	None
ChainingRodShaped	12901	3.2824	0.5	34.0666	-120.73	0	-0.920575	0.390566	0	7537	12900
ChainingRodShaped	12903	3.70416	0.5	-128.004	27.2071	0	0.845509	0.533961	0	None	None
ChainingRodShaped	12905	3.03408	0.5	112.384	72.5963	0	0.822169	0.569244	0	15072	12904
ChainingRodShaped	12907	3.18577	0.5	-17.4366	-43.1087	0	0.978433	0.206566	0	None	None
ChainingRodShaped	12909	4.82979	0.5	-52.7752	72.6471	0	-0.946629	-0.322326	0	None	None
ChainingRodShaped	12911	3.94052	0.5	-68.3099	29.0685	0	0.875797	0.48268	0	None	None
ChainingRodShaped	12913	3.33497	0.5	111.021	21.0946	0	0.817082	0.576521	0	10400	12912
ChainingRodShaped	12915	3.32426	0.5	54.8729	9.50261	0	-0.906917	-0.42131	0	None	None
ChainingRodShaped	12917	4.50178	0.5	-35.9396	96.5748	0	-0.927189	0.374594	0	None	None
ChainingRodShaped	12919	2.97592	0.5	150.503	-68.5074	0	-0.123307	-0.992369	0	12682	12918
ChainingRodShaped	12921	4.26215	0.5	-24.8854	51.5389	0	0.327325	-0.944912	0	None	None
ChainingRodShaped	12923	4.49062	0.5	45.4261	27.7629	0	0.48878	-0.872407	0	None	None
ChainingRodShaped	12925	4.15028	0.5	33.7305	44.3789	0	0.97758	-0.210565	0	None	None
ChainingRodShaped	12927	4.94301	0.5	-23.5367	-58.7061	0	-0.445916	-0.895075	0	None	None
ChainingRodShaped	12929	4.41329	0.5	-2.14836	-52.3751	0	-0.324645	-0.945836	0	None	None
ChainingRodShaped	12931	4.24826	0.5	22.5964	18.1036	0	0.980912	0.194451	0	None	None
ChainingRodShaped	12933	3.71408	0.5	-55.6755	50.8465	0	0.334352	-0.942448	0	None	None
ChainingRodShaped	12935	3.10466	0.5	23.38	61.069	0	0.486068	-0.873921	0	None	None
ChainingRodShaped	12937	3.29259	0.5	-113.273	14.3019	0	-0.448948	0.893558	0	None	None
ChainingRodShaped	12939	4.95745	0.5	4.18489	29.6661	0	0.946036	0.32406	0	None	None
ChainingRodShaped	12941	3.58703	0.5	-81.4294	25.6695	0	0.849782	0.527134	0	None	None
ChainingRodShaped	12943	3.92269	0.5	-31.5152	-1.17414	0	-0.140492	-0.990082	0	None	None
ChainingRodShaped	12945	4.77091	0.5	-109.966	33.8769	0	-0.968057	-0.250728	0	None	None
ChainingRodShaped	12947	3.12043	0.5	-89.2093	21.6529	0	0.836015	0.548707	0	None	None
ChainingRodShaped	12949	4.23756	0.5	-6.3101	64.7718	0	0.305193	0.952291	0	None	None
ChainingRodShaped	12951	3.6693	0.5	59.0888	63.3931	0	0.249757	-0.968308	0	None	None
ChainingRodShaped	12953	4.5051	0.5	5.81131	45.0704	0	0.376484	0.926423	0	None	None
ChainingRodShaped	12955	3.08641	0.5	-93.8751	70.9002	0	-0.720636	-0.693313	0	None	None
ChainingRodShaped	12957	4.78508	0.5	-76.3758	-11.0471	0	-0.795223	-0.606317	0	None	None
ChainingRodShaped	12959	2.91088	0.5	-136.461	-12.0719	0	-0.932045	-0.362343	0	16368	12958
ChainingRodShaped	12961	4.18803	0.5	-108.052	43.6959	0	-0.988356	-0.152162	0	None	None
ChainingRodShaped	12963	4.4593	0.5	-38.434	1.99575	0	-0.232565	-0.972581	0	None	None
ChainingRodShaped	12965	4.33179	0.5	69.3563	36.5602	0	-0.724597	0.689173	0	None	None
ChainingRodShaped	12967	3.49478	0.5	67.7293	4.57532	0	-0.962767	-0.270331	0	None	None
ChainingRodShaped	12969	3.86216	0.5	3.95604	53.6659	0	0.413601	0.910458	0	None	None
ChainingRodShaped	12971	3.92812	0.5	-66.6027	77.9981	0	0.986005	-0.166716	0	None	None
ChainingRodShaped	12973	3.44663	0.5	61.5268	70.0216	0	-0.377766	0.925901	0	7758	12972
ChainingRodShaped	12975	3.3556	0.5	-86.3859	-7.07352	0	-0.645499	-0.763761	0	None	None
ChainingRodShaped	12977	4.57368	0.5	-78.3479	116.424	0	0.896343	0.443361	0	None	None
ChainingRodShaped	12979	4.50739	0.5	18.1943	55.8393	0	-0.291779	-0.956486	0	None	None
ChainingRodShaped	12981	4.35928	0.5	-16.552	-39.1648	0	0.91737	0.398035	0	None	None
ChainingRodShaped	12983	4.59397	0.5	-41.6833	37.234	0	0.6116	-0.791167	0	None	None
ChainingRodShaped	12985	3.83524	0.5	19.9702	66.6945	0	0.955903	-0.293683	0	None	None
ChainingRodShaped	12987	3.65976	0.5	-238.609	-34.8755	0	-0.841268	-0.540619	0	5469	12986
ChainingRodShaped	12989	3.43685	0.5	-11.9872	167.954	0	-0.31979	0.947488	0	19454	12988
ChainingRodShaped	12991	4.97446	0.5	6.26075	26.6992	0	-0.94447	-0.328597	0	None	None
ChainingRodShaped	12993	4.9826	0.5	-58.3489	93.7877	0	0.776933	-0.629584	0	None	None
ChainingRodShaped	12995	3.28258	0.5	-21.2337	54.0849	0	0.176444	-0.984311	0	None	None
ChainingRodShaped	12997	4.62771	0.5	-25.7992	46.6073	0	0.427541	-0.903996	0	None	None
ChainingRodShaped	12999	4.15842	0.5	-75.1998	-19.9529	0	-0.979462	0.201628	0	None	None
ChainingRodShaped	13001	3.6536	0.5	-55.1869	115.492	0	0.339955	-0.940442	0	None	None
ChainingRodShaped	13003	3.27631	0.5	18.3138	111.388	0	-0.957676	-0.287848	0	None	None
ChainingRodShaped	13005	3.64388	0.5	31.9971	23.5445	0	0.0498488	-0.998757	0	None	None
ChainingRodShaped	13007	3.71287	0.5	-117.205	-61.1627	0	0.928781	0.37063	0	17128	13006
ChainingRodShaped	13009	4.72771	0.5	-16.2089	71.4282	0	-0.384549	-0.923105	0	None	None
ChainingRodShaped	13011	3.41624	0.5	34.8909	86.5936	0	-0.593262	-0.805009	0	None	None
ChainingRodShaped	13013	3.86414	0.5	-66.6575	1.53578	0	0.245541	0.969386	0	None	None
ChainingRodShaped	13015	4.72769	0.5	32.4219	-9.75969	0	0.730751	0.682644	0	None	None
ChainingRodShaped	13017	3.61434	0.5	-15.1905	24.7484	0	-0.596994	0.802245	0	None	None
ChainingRodShaped	13019	3.24623	0.5	27.1899	-40.583	0	0.999948	-0.0102089	0	None	None
ChainingRodShaped	13021	3.75404	0.5	-5.0287	61.6345	0	-0.520303	0.853982	0	None	None
ChainingRodShaped	13023	3.37023	0.5	-47.2897	-1.32642	0	0.898785	0.43839	0	None	None
ChainingRodShaped	13025	4.10106	0.5	-87.5077	63.8239	0	-0.430314	-0.902679	0	None	None
ChainingRodShaped	13027	3.39387	0.5	-57.6535	30.072	0	0.966471	0.256776	0	None	None
ChainingRodShaped	13029	3.00611	0.5	-38.9292	2.36218	0	-0.242143	-0.97024	0	None	None
ChainingRodShaped	13031	3.08823	0.5	-89.493	22.4089	0	0.841457	0.540325	0	None	None
ChainingRodShaped	13033	4.32	0.5	-25.6197	85.8672	0	0.783237	-0.621723	0	None	None
ChainingRodShaped	13035	3.44941	0.5	181.689	4.68342	0	-0.880342	0.47434	0	16332	13034
ChainingRodShaped	13037	3.34446	0.5	202.475	106.781	0	0.578117	-0.815954	0	18866	13036
ChainingRodShaped	13039	4.31489	0.5	-12.6953	94.2591	0	0.169143	0.985592	0	None	None
ChainingRodShaped	13041	3.38303	0.5	-8.49451	53.1693	0	0.799163	0.601114	0	None	None
ChainingRodShaped	13043	4.31604	0.5	89.859	32.1988	0	-0.718993	-0.695018	0	9524	13042
ChainingRodShaped	13045	4.25023	0.5	42.9323	22.204	0	0.481021	-0.876709	0	None	None
ChainingRodShaped	13047	4.96833	0.5	-46.192	-49.2947	0	0.60338	0.797453	0	None	None
ChainingRodShaped	13049	4.63537	0.5	-24.2495	13.3643	0	-0.160208	-0.987083	0	None	None
ChainingRodShaped	13051	4.17018	0.5	-120.682	-13.3857	0	-0.872473	0.488663	0	14670	13050
ChainingRodShaped	13053	3.12476	0.5	-76.5634	25.7184	0	0.890218	0.455534	0	None	None
ChainingRodShaped	13055	4.20651	0.5	39.6759	42.6347	0	0.215753	-0.976448	0	None	None
ChainingRodShaped	13057	4.46734	0.5	-34.4009	75.8512	0	0.99658	-0.0826336	0	None	None
ChainingRodShaped	13059	3.35117	0.5	-62.6789	92.0047	0	0.79873	-0.601689	0	None	None
ChainingRodShaped	13061	4.47348	0.5	9.17229	-12.3036	0	0.999812	0.0193658	0	None	None
ChainingRodShaped	13063	3.5395	0.5	-14.6869	-4.35341	0	-0.988008	-0.154402	0	None	None
ChainingRodShaped	13065	3.31095	0.5	-24.8316	87.0648	0	0.787428	-0.616407	0	None	None
ChainingRodShaped	13067	4.5141	0.5	41.2559	84.52	0	-0.0989399	0.995093	0	None	None
ChainingRodShaped	13069	3.54843	0.5	-3.81878	-11.4215	0	0.999999	0.00136889	0	None	None
ChainingRodShaped	13071	3.32032	0.5	-64.721	114.28	0	0.999446	0.0332747	0	None	None
ChainingRodShaped	13073	4.59162	0.5	-85.636	-30.4852	0	-0.403401	-0.915023	0	None	None
ChainingRodShaped	13075	3.49103	0.5	-115.007	-4.78553	0	0.508598	-0.861004	0	None	None
ChainingRodShaped	13077	3.53192	0.5	46.0163	45.424	0	0.0211191	-0.999777	0	None	None
ChainingRodShaped	13079	4.90285	0.5	-43.7934	21.6807	0	0.286063	-0.958211	0	None	None
ChainingRodShaped	13081	3.88104	0.5	53.781	23.169	0	0.676084	0.736824	0	None	None
ChainingRodShaped	13083	4.43878	0.5	-2.27141	93.3526	0	0.440004	0.897996	0	None	None
ChainingRodShaped	13085	4.01493	0.5	6.33167	27.4401	0	-0.942199	-0.335053	0	None	None
ChainingRodShaped	13087	4.82879	0.5	-80.5641	9.2316	0	-0.827459	-0.561526	0	None	None
ChainingRodShaped	13089	4.81659	0.5	21.793	-30.307	0	0.314194	-0.949359	0	None	None
ChainingRodShaped	13091	4.89833	0.5	-9.72227	117.661	0	0.87769	-0.479228	0	None	None
ChainingRodShaped	13093	3.70861	0.5	52.9026	57.9888	0	0.999369	-0.035518	0	None	None
ChainingRodShaped	13095	3.08788	0.5	10.2559	-17.9659	0	0.826346	-0.563162	0	None	None
ChainingRodShaped	13097	3.4547	0.5	-33.7067	-6.24935	0	-0.176102	-0.984372	0	None	None
ChainingRodShaped	13099	3.43023	0.5	28.0015	-18.1606	0	0.998321	0.0579272	0	None	None
ChainingRodShaped	13101	4.03724	0.5	-28.255	17.9838	0	0.752599	-0.658479	0	None	None
ChainingRodShaped	13103	3.19482	0.5	40.8011	-35.0469	0	-0.622783	-0.782395	0	None	None
ChainingRodShaped	13105	3.50033	0.5	2.3296	-2.38791	0	-0.999443	-0.0333809	0	None	None
ChainingRodShaped	13107	3.03289	0.5	23.2865	30.5446	0	-0.410608	-0.911812	0	None	None
ChainingRodShaped	13109	4.37997	0.5	29.9003	73.7466	0	-0.995382	0.0959903	0	None	None
ChainingRodShaped	13111	3.77212	0.5	-115.181	24.4632	0	-0.909463	-0.415786	0	None	None
ChainingRodShaped	13113	4.34807	0.5	47.653	65.3562	0	-0.188033	-0.982163	0	None	None
ChainingRodShaped	13115	4.64051	0.5	-13.4074	74.7734	0	-0.288861	0.957371	0	None	None
ChainingRodShaped	13117	3.22723	0.5	-8.76375	4.83807	0	0.962388	-0.271678	0	None	None
ChainingRodShaped	13119	4.29426	0.5	-87.0502	38.5502	0	-0.394882	-0.918732	0	None	None
ChainingRodShaped	13121	4.75496	0.5	-49.204	49.5814	0	0.568199	-0.822891	0	None	None
ChainingRodShaped	13123	4.17802	0.5	-49.621	81.8943	0	0.993125	-0.11706	0	None	None
ChainingRodShaped	13125	4.62093	0.5	-10.353	110.703	0	0.688218	-0.725504	0	None	None
ChainingRodShaped	13127	3.79829	0.5	47.5593	217.579	0	-0.998006	0.0631244	0	19664	13126
ChainingRodShaped	13129	3.10787	0.5	36.402	106.698	0	-0.428187	0.90369	0	15440	13128
ChainingRodShaped	13131	3.37798	0.5	-46.1631	51.982	0	0.584334	-0.811513	0	None	None
ChainingRodShaped	13133	3.17159	0.5	33.5458	-6.24258	0	0.749785	0.661681	0	None	None
ChainingRodShaped	13135	3.10248	0.5	21.4721	73.354	0	0.981978	-0.188993	0	None	None
ChainingRodShaped	13137	3.09114	0.5	9.33273	85.0282	0	-0.73444	-0.678674	0	None	None
ChainingRodShaped	13139	3.20487	0.5	151.933	137.888	0	-0.564023	0.825759	0	11998	13138
ChainingRodShaped	13141	4.76338	0.5	37.3932	99.0887	0	0.542616	-0.839981	0	None	None
ChainingRodShaped	13143	3.76113	0.5	35.1464	107.106	0	0.421163	-0.906985	0	18912	13142
ChainingRodShaped	13145	4.00028	0.5	-22.6136	56.9959	0	0.960642	0.27779	0	None	None
ChainingRodShaped	13147	3.8514	0.5	-51.2559	125.959	0	-0.356446	-0.934316	0	None	None
ChainingRodShaped	13149	3.30963	0.5	-88.5768	111.124	0	-0.454641	-0.890675	0	None	None
ChainingRodShaped	13151	3.58514	0.5	60.0482	-10.1292	0	0.793242	0.608906	0	None	None
ChainingRodShaped	13153	4.2264	0.5	68.6825	36.007	0	-0.731324	0.682031	0	None	None
ChainingRodShaped	13155	4.00679	0.5	-63.7218	47.4063	0	-0.0186559	0.999826	0	None	None
ChainingRodShaped	13157	4.40274	0.5	-48.7803	25.9956	0	-0.033298	-0.999445	0	None	None
ChainingRodShaped	13159	4.87027	0.5	17.5176	-52.3418	0	-0.71557	0.698541	0	None	None
ChainingRodShaped	13161	4.50838	0.5	27.8961	58.2415	0	-0.292641	-0.956222	0	None	None
ChainingRodShaped	13163	4.19159	0.5	-107.199	33.538	0	-0.58572	-0.810514	0	None	None
ChainingRodShaped	13165	4.14733	0.5	-46.7728	-53.1597	0	-0.604293	-0.796762	0	None	None
ChainingRodShaped	13167	4.8349	0.5	5.3937	101.888	0	0.886218	0.463268	0	None	None
ChainingRodShaped	13169	3.19306	0.5	-46.1853	86.1338	0	0.999039	-0.0438299	0	None	None
ChainingRodShaped	13171	3.24773	0.5	-37.9534	64.2654	0	-0.124602	-0.992207	0	None	None
ChainingRodShaped	13173	3.21136	0.5	-69.8693	34.9842	0	0.784302	0.620379	0	None	None
ChainingRodShaped	13175	3.81034	0.5	-10.3296	-6.31096	0	-0.986159	-0.165803	0	None	None
ChainingRodShaped	13177	3.6776	0.5	-30.3073	97.4244	0	0.940533	0.339702	0	None	None
ChainingRodShaped	13179	3.37434	0.5	-83.7907	2.11328	0	0.820174	0.572115	0	None	None
ChainingRodShaped	13181	3.17119	0.5	30.6309	66.5818	0	0.999765	-0.0216944	0	None	None
ChainingRodShaped	13183	3.13384	0.5	58.9765	-5.21694	0	-0.773913	-0.633292	0	None	None
ChainingRodShaped	13185	2.97895	0.5	10.0849	143.882	0	0.903845	-0.427861	0	13930	13184
ChainingRodShaped	13187	3.50409	0.5	28.0263	91.9607	0	0.797236	0.603668	0	None	None
ChainingRodShaped	13189	3.35628	0.5	-15.6739	57.2448	0	-0.150921	0.988546	0	None	None
ChainingRodShaped	13191	3.0035	0.5	-51.7683	47.7636	0	0.544827	-0.838549	0	None	None
ChainingRodShaped	13193	3.45626	0.5	-80.6349	102.966	0	-0.810742	-0.585404	0	None	None
ChainingRodShaped	13195	4.00335	0.5	36.267	39.6804	0	0.19972	-0.979853	0	None	None
ChainingRodShaped	13197	2.84936	0.5	-22.3528	-13.7465	0	-0.735482	-0.677545	0	15574	13196
ChainingRodShaped	13199	3.23752	0.5	54.2188	64.5312	0	0.892802	-0.45045	0	None	None
ChainingRodShaped	13201	4.37561	0.5	-7.47269	2.3577	0	0.959643	-0.281222	0	None	None
ChainingRodShaped	13203	3.41611	0.5	29.1906	44.4822	0	0.872416	-0.488764	0	None	None
ChainingRodShaped	13205	4.68187	0.5	-91.4112	-23.141	0	0.966151	-0.257976	0	None	None
ChainingRodShaped	13207	3.96463	0.5	118.077	80.6844	0	-0.879603	-0.475709	0	9240	13206
ChainingRodShaped	13209	3.17075	0.5	-38.7656	97.9204	0	0.338398	0.941003	0	None	None
ChainingRodShaped	13211	4.67595	0.5	24.4244	68.7184	0	0.988733	-0.149692	0	None	None
ChainingRodShaped	13213	4.89434	0.5	-16.397	-47.3202	0	0.985189	0.171474	0	None	None
ChainingRodShaped	13215	3.72934	0.5	35.1081	69.7378	0	0.999544	0.0301863	0	None	None
ChainingRodShaped	13217	4.55498	0.5	-39.1876	24.5977	0	0.921002	0.389558	0	None	None
ChainingRodShaped	13219	3.0788	0.5	22.9173	-111.043	0	-0.436666	0.899624	0	19084	13218
ChainingRodShaped	13221	3.34811	0.5	-39.2044	11.8584	0	0.835539	0.549431	0	None	None
ChainingRodShaped	13223	4.47002	0.5	-19.3338	2.82977	0	-0.615837	-0.787874	0	None	None
ChainingRodShaped	13225	3.19558	0.5	56.8278	23.403	0	0.36543	0.930839	0	None	None
ChainingRodShaped	13227	3.48049	0.5	-84.7662	-40.3005	0	0.849461	-0.527651	0	None	None
ChainingRodShaped	13229	4.53179	0.5	-50.4377	30.6092	0	0.522268	-0.852781	0	None	None
ChainingRodShaped	13231	3.38934	0.5	13.9446	90.5589	0	0.998901	0.0468658	0	None	None
ChainingRodShaped	13233	3.00631	0.5	-77.4497	102.031	0	-0.311809	-0.950145	0	None	None
ChainingRodShaped	13235	3.41331	0.5	12.9907	4.60808	0	-0.553716	0.832706	0	None	None
ChainingRodShaped	13237	4.48645	0.5	31.6149	49.5735	0	0.483806	0.875176	0	None	None
ChainingRodShaped	13239	3.48668	0.5	-38.2482	113.741	0	0.124459	-0.992225	0	None	None
ChainingRodShaped	13241	4.18207	0.5	-0.20603	-44.5129	0	-0.541203	-0.840892	0	None	None
ChainingRodShaped	13243	4.07257	0.5	-55.5901	78.3363	0	-0.923281	0.384125	0	None	None
ChainingRodShaped	13245	3.59566	0.5	7.36011	-14.6268	0	-0.999858	-0.016848	0	None	None
ChainingRodShaped	13247	3.36293	0.5	-102.924	-14.6094	0	-0.866724	0.498789	0	None	None
ChainingRodShaped	13249	4.1779	0.5	18.0564	-3.15696	0	-0.587195	0.809445	0	None	None
ChainingRodShaped	13251	4.61689	0.5	22.7088	113.443	0	0.877682	0.479244	0	None	None
ChainingRodShaped	13253	3.32874	0.5	72.4197	33.1256	0	0.804403	-0.594084	0	None	None
ChainingRodShaped	13255	3.89049	0.5	-8.18492	6.04806	0	-0.956845	0.2906	0	None	None
ChainingRodShaped	13257	3.06825	0.5	-75.0691	-29.2121	0	0.990293	-0.138995	0	None	None
ChainingRodShaped	13259	4.72242	0.5	-19.7014	108.87	0	-0.980547	-0.196284	0	None	None
ChainingRodShaped	13261	4.2145	0.5	-96.5192	12.9762	0	0.212198	-0.977227	0	None	None
ChainingRodShaped	13263	3.33906	0.5	-98.8131	0.965531	0	0.124526	-0.992216	0	None	None
ChainingRodShaped	13265	4.39941	0.5	-38.627	-13.1672	0	-0.376809	0.926291	0	None	None
ChainingRodShaped	13267	4.32957	0.5	11.2758	-51.5737	0	-0.769757	0.638337	0	None	None
ChainingRodShaped	13269	3.67942	0.5	-33.4861	113.863	0	0.956245	0.292567	0	None	None
ChainingRodShaped	13271	4.2778	0.5	8.55785	69.1115	0	0.542598	0.839993	0	None	None
ChainingRodShaped	13273	4.50128	0.5	-83.0344	-43.8155	0	0.783048	-0.621961	0	None	None
ChainingRodShaped	13275	3.28769	0.5	-4.80663	89.4104	0	0.744468	0.667658	0	None	None
ChainingRodShaped	13277	4.39686	0.5	34.9092	52.4166	0	-0.501243	-0.865306	0	None	None
ChainingRodShaped	13279	3.31943	0.5	43.9721	96.1921	0	0.620962	-0.783841	0	7718	13278
ChainingRodShaped	13281	2.99423	0.5	85.0598	32.2115	0	-0.953241	-0.302212	0	13888	13280
ChainingRodShaped	13283	3.0674	0.5	-99.819	9.42698	0	0.196995	-0.980404	0	None	None
ChainingRodShaped	13285	3.69113	0.5	-104.432	54.3092	0	0.979289	-0.20247	0	None	None
ChainingRodShaped	13287	4.05183	0.5	65.5971	56.0823	0	-0.217166	0.976135	0	19018	13286
ChainingRodShaped	13289	3.71473	0.5	12.1239	31.2888	0	-0.915007	-0.403439	0	None	None
ChainingRodShaped	13291	3.80795	0.5	5.4104	49.9831	0	0.367366	0.930077	0	None	None
ChainingRodShaped	13293	3.73911	0.5	-24.6617	-58.8966	0	0.445123	0.895469	0	None	None
ChainingRodShaped	13295	3.72332	0.5	-296.638	31.4414	0	-0.512898	0.85845	0	17584	13294
ChainingRodShaped	13297	3.5836	0.5	-95.1028	77.4497	0	0.993412	0.114602	0	None	None
ChainingRodShaped	13299	4.01168	0.5	-13.8018	215.777	0	-0.782394	-0.622784	0	15448	13298
ChainingRodShaped	13301	4.82436	0.5	-45.7035	-56.2116	0	-0.293145	-0.956068	0	None	None
ChainingRodShaped	13303	4.54732	0.5	-102.433	34.9435	0	-0.795624	-0.605791	0	None	None
ChainingRodShaped	13305	3.03423	0.5	-107.205	-15.5446	0	0.742182	-0.670198	0	None	None
ChainingRodShaped	13307	3.08642	0.5	25.4939	130.039	0	-0.417183	0.908823	0	12324	13306
ChainingRodShaped	13309	3.93277	0.5	-90.4217	30.3982	0	-0.378072	-0.925776	0	None	None
ChainingRodShaped	13311	4.78523	0.5	-89.5072	84.7717	0	0.999841	0.0178232	0	None	None
ChainingRodShaped	13313	3.44553	0.5	-106.099	33.6805	0	-0.583834	-0.811873	0	None	None
ChainingRodShaped	13315	2.95969	0.5	145.824	188.596	0	-0.441833	0.897097	0	11734	13314
ChainingRodShaped	13317	3.9373	0.5	-36.1271	17.0915	0	0.510824	0.859685	0	None	None
ChainingRodShaped	13319	4.53084	0.5	-107.738	60.8207	0	0.996503	-0.0835571	0	None	None
ChainingRodShaped	13321	4.07378	0.5	24.2331	192.916	0	0.239465	-0.970905	0	7315	13320
ChainingRodShaped	13323	3.87995	0.5	14.8636	34.571	0	0.168826	0.985646	0	None	None
ChainingRodShaped	13325	4.57509	0.5	27.8687	-39.7261	0	0.999795	-0.0202312	0	None	None
ChainingRodShaped	13327	4.25868	0.5	-38.0637	50.0257	0	0.487036	0.873382	0	None	None
ChainingRodShaped	13329	4.56794	0.5	-82.5194	78.4487	0	0.968995	-0.247081	0	None	None
ChainingRodShaped	13331	3.30097	0.5	13.2701	-17.8798	0	0.99942	0.0340628	0	None	None
ChainingRodShaped	13333	3.4364	0.5	66.278	48.7992	0	0.229462	-0.973318	0	14012	13332
ChainingRodShaped	13335	3.90417	0.5	71.1751	21.1632	0	-0.993428	0.11446	0	None	None
ChainingRodShaped	13337	4.70137	0.5	30.4543	85.2153	0	0.365731	0.930721	0	None	None
ChainingRodShaped	13339	4.79496	0.5	-89.3251	86.6158	0	-0.89593	-0.444196	0	None	None
ChainingRodShaped	13341	4.46706	0.5	-2.12576	81.8251	0	0.853335	0.521362	0	None	None
ChainingRodShaped	13343	3.43494	0.5	26.2259	4.52649	0	-0.0258168	0.999667	0	None	None
ChainingRodShaped	13345	4.0145	0.5	-15.0557	106.674	0	0.936353	-0.351061	0	None	None
ChainingRodShaped	13347	4.46956	0.5	-37.2549	37.7088	0	0.303203	-0.952926	0	None	None
ChainingRodShaped	13349	3.30193	0.5	-138.891	19.1914	0	-0.985013	-0.17248	0	16082	13348
ChainingRodShaped	13351	4.29182	0.5	38.0667	-13.3686	0	0.729519	0.68396	0	None	None
ChainingRodShaped	13353	4.77701	0.5	-43.2912	91.912	0	0.956118	-0.292982	0	None	None
ChainingRodShaped	13355	4.68738	0.5	-6.92183	-0.599848	0	0.981797	-0.189932	0	None	None
ChainingRodShaped	13357	3.81694	0.5	-24.2841	-13.549	0	-0.759387	-0.650639	0	None	None
ChainingRodShaped	13359	4.2441	0.5	-78.4662	90.4227	0	0.99973	-0.0232528	0	None	None
ChainingRodShaped	13361	3.0268	0.5	-113.248	8.29994	0	-0.395737	0.918364	0	None	None
ChainingRodShaped	13363	3.50879	0.5	-7.65823	83.7939	0	0.845761	0.533562	0	None	None
ChainingRodShaped	13365	4.01254	0.5	-3.93481	-27.0907	0	0.917161	-0.398518	0	None	None
ChainingRodShaped	13367	4.34133	0.5	-64.1851	-54.6183	0	-0.63992	-0.768441	0	None	None
ChainingRodShaped	13369	3.84223	0.5	-20.2434	107.965	0	0.978539	0.206063	0	None	None
ChainingRodShaped	13371	4.14518	0.5	-127.42	41.6541	0	-0.934785	-0.355214	0	None	None
ChainingRodShaped	13373	4.47821	0.5	-54.3764	25.8415	0	-0.575433	-0.817849	0	None	None
ChainingRodShaped	13375	3.07707	0.5	-2.77702	-43.5676	0	-0.525559	-0.850757	0	None	None
ChainingRodShaped	13377	3.66062	0.5	-48.3985	1.41241	0	0.748191	0.663483	0	None	None
ChainingRodShaped	13379	3.33936	0.5	-64.7764	-5.23248	0	0.662165	-0.749358	0	None	None
ChainingRodShaped	13381	3.58576	0.5	10.0505	-4.71281	0	-0.955005	-0.29659	0	None	None
ChainingRodShaped	13383	3.39429	0.5	-29.058	85.5693	0	0.790319	-0.612696	0	None	None
ChainingRodShaped	13385	3.48591	0.5	-55.1595	86.9889	0	0.880833	-0.473427	0	None	None
ChainingRodShaped	13387	4.20754	0.5	44.4444	32.9998	0	0.331749	-0.943368	0	None	None
ChainingRodShaped	13389	4.29422	0.5	15.9314	69.7065	0	0.985386	-0.170334	0	None	None
ChainingRodShaped	13391	4.27073	0.5	-57.2488	122.273	0	0.463142	-0.886284	0	None	None
ChainingRodShaped	13393	3.58429	0.5	-54.4249	16.9526	0	-0.164469	-0.986382	0	None	None
ChainingRodShaped	13395	3.95297	0.5	-70.7646	106.401	0	-0.875189	-0.483782	0	None	None
ChainingRodShaped	13397	4.08641	0.5	69.2801	18.7916	0	-0.683328	-0.730111	0	None	None
ChainingRodShaped	13399	3.59808	0.5	-187.543	-92.5448	0	0.00063415	1	0	11264	13398
ChainingRodShaped	13401	3.39349	0.5	-102.096	52.8762	0	0.970551	-0.240894	0	None	None
ChainingRodShaped	13403	3.32102	0.5	-4.31081	-56.7304	0	0.963002	0.269493	0	None	None
ChainingRodShaped	13405	3.28066	0.5	-35.6233	16.6254	0	0.502131	0.864791	0	None	None
ChainingRodShaped	13407	3.40903	0.5	-83.8662	52.541	0	0.0619905	-0.998077	0	None	None
ChainingRodShaped	13409	4.47409	0.5	-91.0032	36.885	0	-0.431016	-0.902344	0	None	None
ChainingRodShaped	13411	2.96104	0.5	-133.35	67.148	0	0.253729	-0.967275	0	10024	13410
ChainingRodShaped	13413	3.09208	0.5	-49.4755	-24.9078	0	0.99727	0.073846	0	None	None
ChainingRodShaped	13415	3.51313	0.5	206.991	99.2109	0	0.452999	-0.891511	0	13036	13414
ChainingRodShaped	13417	4.67307	0.5	-40.2486	-28.0583	0	0.997132	0.0756783	0	None	None
ChainingRodShaped	13419	3.97333	0.5	-112.546	-3.60893	0	-0.521506	0.853248	0	None	None
ChainingRodShaped	13421	4.38972	0.5	-53.1468	10.1717	0	0.197404	-0.980322	0	None	None
ChainingRodShaped	13423	4.32128	0.5	-57.1762	29.571	0	0.969052	0.246856	0	None	None
ChainingRodShaped	13425	2.96239	0.5	51.7683	-10.9002	0	0.78844	0.615112	0	None	None
ChainingRodShaped	13427	3.30512	0.5	-18.722	118.154	0	0.831258	-0.555886	0	None	None
ChainingRodShaped	13429	3.2465	0.5	15.89	71.8835	0	0.988232	-0.152964	0	None	None
ChainingRodShaped	13431	4.24299	0.5	23.0039	98.1874	0	0.999716	-0.0238389	0	None	None
ChainingRodShaped	13433	4.33557	0.5	-5.32102	-22.152	0	0.89132	-0.453375	0	None	None
ChainingRodShaped	13435	3.42825	0.5	49.0969	20.6896	0	0.678633	0.734478	0	None	None
ChainingRodShaped	13437	3.27436	0.5	7.43921	22.9099	0	0.628134	-0.778105	0	None	None
ChainingRodShaped	13439	4.5655	0.5	16.3318	22.7191	0	0.996018	-0.0891491	0	None	None
ChainingRodShaped	13441	4.39891	0.5	37.6403	15.1082	0	-0.174654	-0.98463	0	None	None
ChainingRodShaped	13443	4.11254	0.5	94.3045	6.5091	0	-0.743287	-0.668973	0	12390	13442
ChainingRodShaped	13445	3.95748	0.5	0.549348	35.6463	0	-0.966485	-0.256724	0	None	None
ChainingRodShaped	13447	3.1895	0.5	44.5135	-15.9303	0	0.870456	0.492247	0	None	None
ChainingRodShaped	13449	4.62611	0.5	-69.0012	-42.565	0	0.277411	0.960751	0	None	None
ChainingRodShaped	13451	2.88363	0.5	148.18	65.3295	0	-0.104916	0.994481	0	7013	13450
ChainingRodShaped	13453	3.70366	0.5	-35.8272	70.5807	0	-0.980888	-0.194572	0	None	None
ChainingRodShaped	13455	3.3508	0.5	-21.2965	62.3555	0	0.934016	0.35723	0	None	None
ChainingRodShaped	13457	3.68187	0.5	-5.91004	16.379	0	0.600505	-0.799621	0	None	None
ChainingRodShaped	13459	4.26668	0.5	-87.0146	43.183	0	-0.0377205	-0.999288	0	None	None
ChainingRodShaped	13461	4.30033	0.5	8.02989	36.2554	0	-0.96115	-0.276026	0	None	None
ChainingRodShaped	13463	3.78259	0.5	-25.4881	101.256	0	0.981966	0.189056	0	None	None
ChainingRodShaped	13465	3.58609	0.5	-84.6888	104.902	0	-0.998353	0.0573711	0	None	None
ChainingRodShaped	13467	3.57691	0.5	-115.357	-12.8764	0	0.413359	-0.910568	0	None	None
ChainingRodShaped	13469	4.61868	0.5	22.9385	75.4857	0	-0.982144	0.188132	0	None	None
ChainingRodShaped	13471	3.73428	0.5	18.9461	-0.534112	0	-0.5956	0.803281	0	None	None
ChainingRodShaped	13473	4.4998	0.5	-22.5491	38.6149	0	0.523654	-0.851931	0	None	None
ChainingRodShaped	13475	4.52733	0.5	-70.4758	61.3037	0	-0.543019	-0.83972	0	None	None
ChainingRodShaped	13477	4.69601	0.5	4.51261	93.8328	0	0.8464	0.532548	0	None	None
ChainingRodShaped	13479	3.92227	0.5	-50.386	-30.6255	0	0.984839	0.173471	0	None	None
ChainingRodShaped	13481	3.16519	0.5	-37.8041	49.0966	0	0.481299	0.876556	0	None	None
ChainingRodShaped	13483	3.6404	0.5	51.1419	-1.29458	0	-0.333871	-0.942619	0	None	None
ChainingRodShaped	13485	4.0863	0.5	51.6347	18.253	0	0.676081	0.736827	0	None	None
ChainingRodShaped	13487	2.93662	0.5	-69.1035	186.228	0	-0.605603	0.795767	0	11288	13486
ChainingRodShaped	13489	3.31325	0.5	-120.499	41.0128	0	0.95391	0.300092	0	None	None
ChainingRodShaped	13491	4.10757	0.5	12.4928	92.9257	0	0.997118	0.0758696	0	None	None
ChainingRodShaped	13493	3.76442	0.5	5.66535	204.684	0	0.98292	0.184033	0	6565	13492
ChainingRodShaped	13495	4.71404	0.5	8.07056	-7.58774	0	-0.9998	0.0200218	0	None	None
ChainingRodShaped	13497	3.20768	0.5	1.74142	61.4462	0	-0.504385	-0.863479	0	None	None
ChainingRodShaped	13499	4.43721	0.5	28.8395	24.0249	0	-0.0101768	0.999948	0	None	None
ChainingRodShaped	13501	3.46839	0.5	-116.933	177.482	0	-0.960126	-0.279567	0	7811	13500
ChainingRodShaped	13503	3.65993	0.5	-105.589	-0.102367	0	-0.141529	0.989934	0	None	None
ChainingRodShaped	13505	3.20711	0.5	110.935	186.72	0	-0.478259	-0.878219	0	12614	13504
ChainingRodShaped	13507	3.93899	0.5	33.2972	92.6525	0	0.636009	0.771681	0	None	None
ChainingRodShaped	13509	3.1371	0.5	-50.0291	12.9324	0	-0.431855	0.901943	0	None	None
ChainingRodShaped	13511	3.64806	0.5	-34.7248	-54.6677	0	0.929897	0.36782	0	None	None
ChainingRodShaped	13513	3.21028	0.5	19.5338	39.5224	0	-0.156151	-0.987733	0	None	None
ChainingRodShaped	13515	3.59326	0.5	-65.5349	27.2756	0	0.888442	0.458989	0	None	None
ChainingRodShaped	13517	3.76996	0.5	-48.3133	60.5037	0	0.0414238	-0.999142	0	None	None
ChainingRodShaped	13519	3.69001	0.5	-98.3438	-11.1647	0	0.968778	0.24793	0	None	None
ChainingRodShaped	13521	3.11642	0.5	67.3264	5.44266	0	0.960988	0.276591	0	None	None
ChainingRodShaped	13523	3.95926	0.5	-18.1088	-27.9967	0	0.623672	0.781686	0	None	None
ChainingRodShaped	13525	3.47276	0.5	-106.462	45.5964	0	0.985111	0.171922	0	None	None
ChainingRodShaped	13527	2.74663	0.5	58.5835	74.0369	0	0.465082	-0.885267	0	19070	13526
ChainingRodShaped	13529	3.53079	0.5	28.8957	43.1241	0	0.870818	-0.491606	0	None	None
ChainingRodShaped	13531	4.32405	0.5	-67.5426	102.182	0	-0.958439	0.285297	0	None	None
ChainingRodShaped	13533	3.60852	0.5	-73.7108	83.4526	0	0.993508	-0.113759	0	None	None
ChainingRodShaped	13535	4.42619	0.5	-34.6078	104.604	0	0.331013	0.943626	0	None	None
ChainingRodShaped	13537	3.57973	0.5	-72.3454	-1.47356	0	-0.915791	-0.401655	0	None	None
ChainingRodShaped	13539	4.59853	0.5	-20.6896	11.5435	0	0.773829	0.633394	0	None	None
ChainingRodShaped	13541	4.2948	0.5	-32.9059	90.0657	0	0.987507	-0.157578	0	None	None
ChainingRodShaped	13543	4.33719	0.5	-100.019	59.6177	0	0.875372	0.483449	0	None	None
ChainingRodShaped	13545	3.85787	0.5	5.37307	38.1413	0	-0.997173	-0.0751334	0	None	None
ChainingRodShaped	13547	3.23077	0.5	-84.4952	98.2879	0	0.612186	0.790714	0	None	None
ChainingRodShaped	13549	3.76754	0.5	-53.0794	26.5188	0	-0.567266	-0.823534	0	None	None
ChainingRodShaped	13551	3.48587	0.5	-101.971	-9.69455	0	0.63647	-0.771301	0	None	None
ChainingRodShaped	13553	3.69582	0.5	-181.057	36.4054	0	-0.886002	-0.463682	0	8814	13552
ChainingRodShaped	13555	3.18566	0.5	-109.975	94.877	0	0.999719	-0.0236926	0	None	None
ChainingRodShaped	13557	2.9946	0.5	-106.102	11.1243	0	0.271898	-0.962326	0	None	None
ChainingRodShaped	13559	4.60668	0.5	-122.009	20.3826	0	-0.999254	0.0386267	0	None	None
ChainingRodShaped	13561	3.82997	0.5	14.3527	47.0645	0	0.246605	0.969116	0	None	None
ChainingRodShaped	13563	4.53609	0.5	23.8596	77.5479	0	-0.976055	0.217524	0	None	None
ChainingRodShaped	13565	3.98886	0.5	13.6838	57.5453	0	0.503925	0.863748	0	None	None
ChainingRodShaped	13567	4.20986	0.5	-23.0883	77.5217	0	0.824303	-0.566149	0	None	None
ChainingRodShaped	13569	3.02873	0.5	-29.5104	-34.9722	0	-0.364433	-0.93123	0	None	None
ChainingRodShaped	13571	4.66278	0.5	-81.486	-28.6967	0	-0.366442	-0.930441	0	None	None
ChainingRodShaped	13573	2.93056	0.5	-32.4554	2.97226	0	0.0119124	-0.999929	0	None	None
ChainingRodShaped	13575	3.8015	0.5	-93.9471	-11.6764	0	-0.998366	0.0571428	0	None	None
ChainingRodShaped	13577	3.07423	0.5	-23.0029	-7.6865	0	-0.808931	-0.587903	0	None	None
ChainingRodShaped	13579	4.53634	0.5	-94.3483	61.7676	0	0.871689	0.490059	0	None	None
ChainingRodShaped	13581	4.08537	0.5	-24.9267	13.1934	0	-0.150475	-0.988614	0	None	None
ChainingRodShaped	13583	4.66766	0.5	-109.777	-5.01016	0	0.0486448	0.998816	0	None	None
ChainingRodShaped	13585	3.67299	0.5	-7.16069	9.4455	0	-0.999972	-0.00752769	0	None	None
ChainingRodShaped	13587	3.74089	0.5	-43.2986	96.955	0	-0.673161	-0.739496	0	None	None
ChainingRodShaped	13589	3.24548	0.5	-86.3149	36.2425	0	-0.376767	-0.926308	0	None	None
ChainingRodShaped	13591	2.91232	0.5	26.835	87.9002	0	0.778789	0.627286	0	None	None
ChainingRodShaped	13593	3.85195	0.5	41.4231	-39.185	0	0.517086	0.855934	0	18686	13592
ChainingRodShaped	13595	4.4042	0.5	20.2732	85.9392	0	0.995903	-0.0904322	0	None	None
ChainingRodShaped	13597	3.16467	0.5	82.1768	4.00641	0	0.880722	0.473634	0	14778	13596
ChainingRodShaped	13599	4.11061	0.5	-93.624	94.5575	0	-0.915078	-0.403277	0	None	None
ChainingRodShaped	13601	4.15837	0.5	-69.3593	82.1886	0	-0.992648	0.121039	0	None	None
ChainingRodShaped	13603	4.49134	0.5	-70.2204	37.5779	0	0.749167	0.662382	0	None	None
ChainingRodShaped	13605	3.33911	0.5	-15.8608	6.42764	0	0.5237	-0.851903	0	None	None
ChainingRodShaped	13607	4.64955	0.5	-44.2847	51.4896	0	0.600314	-0.799764	0	None	None
ChainingRodShaped	13609	4.55791	0.5	48.4295	49.5189	0	-0.999986	0.00520832	0	None	None
ChainingRodShaped	13611	3.83806	0.5	-37.7131	36.9408	0	0.293776	-0.955874	0	None	None
ChainingRodShaped	13613	3.24949	0.5	-170.695	38.0801	0	0.999849	0.0173625	0	16164	13612
ChainingRodShaped	13615	3.79481	0.5	55.7452	134.87	0	-0.230239	-0.973134	0	15084	13614
ChainingRodShaped	13617	4.53602	0.5	-85.5192	-7.1714	0	-0.637684	-0.770298	0	None	None
ChainingRodShaped	13619	3.79937	0.5	-68.2432	89.5846	0	0.904002	-0.427529	0	None	None
ChainingRodShaped	13621	4.0302	0.5	-54.7617	-15.9656	0	0.986906	0.161296	0	None	None
ChainingRodShaped	13623	4.00941	0.5	40.7051	-17.8451	0	0.749743	0.66173	0	None	None
ChainingRodShaped	13625	3.35344	0.5	-105.696	59.8708	0	0.995617	-0.0935193	0	None	None
ChainingRodShaped	13627	3.84132	0.5	36.8094	88.1445	0	-0.250933	-0.968004	0	None	None
ChainingRodShaped	13629	3.15622	0.5	-25.6785	-49.2304	0	0.981657	0.190658	0	None	None
ChainingRodShaped	13631	3.24053	0.5	23.5772	-15.4884	0	-0.989684	0.143269	0	None	None
ChainingRodShaped	13633	3.0756	0.5	29.1355	76.3353	0	-0.973604	-0.228244	0	None	None
ChainingRodShaped	13635	3.50832	0.5	33.9006	-35.798	0	0.270441	-0.962737	0	None	None
ChainingRodShaped	13637	4.06442	0.5	-71.812	7.63756	0	0.806406	0.591362	0	None	None
ChainingRodShaped	13639	2.89627	0.5	31.6968	-18.741	0	0.778736	0.627352	0	None	None
ChainingRodShaped	13641	3.00719	0.5	171.296	14.6752	0	-0.521414	0.853304	0	18216	13640
ChainingRodShaped	13643	4.52749	0.5	-118.033	64.0475	0	-0.527881	-0.849318	0	None	None
ChainingRodShaped	13645	4.03512	0.5	-84.1134	35.2902	0	-0.37858	-0.925569	0	None	None
ChainingRodShaped	13647	3.26179	0.5	-47.6199	60.535	0	0.0408024	-0.999167	0	None	None
ChainingRodShaped	13649	3.05773	0.5	-76.4504	-17.7536	0	-0.771407	-0.636342	0	None	None
ChainingRodShaped	13651	4.08538	0.5	28.7355	85.2464	0	0.384289	0.923213	0	None	None
ChainingRodShaped	13653	3.46189	0.5	56.697	71.1228	0	-0.165273	0.986248	0	None	None
ChainingRodShaped	13655	3.0687	0.5	-53.9065	89.5157	0	0.887037	-0.461698	0	None	None
ChainingRodShaped	13657	4.62758	0.5	-64.1876	78.4638	0	0.902307	-0.431095	0	None	None
ChainingRodShaped	13659	3.97024	0.5	-102.332	-11.7956	0	-0.651761	0.758424	0	None	None
ChainingRodShaped	13661	3.10954	0.5	-71.3765	64.9019	0	-0.571349	-0.820707	0	None	None
ChainingRodShaped	13663	3.76366	0.5	-112.027	31.5855	0	-0.978812	-0.20476	0	None	None
ChainingRodShaped	13665	3.8192	0.5	131.251	35.4898	0	0.754831	0.655919	0	7972	13664
ChainingRodShaped	13667	3.18025	0.5	-0.578456	67.5053	0	0.205367	0.978685	0	None	None
ChainingRodShaped	13669	3.96032	0.5	9.62783	48.5819	0	0.369942	0.929055	0	None	None
ChainingRodShaped	13671	3.74215	0.5	34.5843	32.5427	0	-0.145301	-0.989388	0	None	None
ChainingRodShaped	13673	3.10362	0.5	66.2802	33.5818	0	0.270076	-0.962839	0	None	None
ChainingRodShaped	13675	3.38472	0.5	-179.985	-25.0846	0	0.778648	-0.627461	0	8092	13674
ChainingRodShaped	13677	3.38593	0.5	19.2462	54.1231	0	-0.300133	-0.953897	0	None	None
ChainingRodShaped	13679	3.01376	0.5	-18.6955	88.6029	0	0.129739	-0.991548	0	None	None
ChainingRodShaped	13681	4.00501	0.5	-29.2161	99.1921	0	0.996527	0.0832677	0	None	None
ChainingRodShaped	13683	3.74997	0.5	-102.652	75.2937	0	-0.420737	0.907183	0	None	None
ChainingRodShaped	13685	3.87451	0.5	-65.0908	-24.8029	0	-0.999984	-0.00568929	0	None	None
ChainingRodShaped	13687	4.51674	0.5	54.4582	61.4295	0	0.986471	-0.163936	0	None	None
ChainingRodShaped	13689	3.104	0.5	44.5658	67.4519	0	-0.224612	-0.974448	0	None	None
ChainingRodShaped	13691	3.49638	0.5	-22.7241	33.6317	0	0.381446	-0.924391	0	None	None
ChainingRodShaped	13693	3.81247	0.5	23.4598	-17.8724	0	0.992051	-0.125835	0	None	None
ChainingRodShaped	13695	3.60583	0.5	68.3335	6.72956	0	0.962051	0.272868	0	None	None
ChainingRodShaped	13697	3.75699	0.5	-66.7768	94.0348	0	0.799185	-0.601085	0	None	None
ChainingRodShaped	13699	2.88591	0.5	30.6272	-21.5208	0	-0.957098	0.289766	0	None	None
ChainingRodShaped	13701	3.86391	0.5	-41.8456	86.8158	0	0.991956	-0.126584	0	None	None
ChainingRodShaped	13703	3.35957	0.5	-78.6602	60.7907	0	0.0452161	0.998977	0	None	None
ChainingRodShaped	13705	3.41781	0.5	-106.81	19.4158	0	0.514536	-0.857469	0	None	None
ChainingRodShaped	13707	3.11971	0.5	-66.3561	106.031	0	-0.984211	-0.176998	0	None	None
ChainingRodShaped	13709	4.07413	0.5	-38.356	-24.9258	0	0.992827	0.119558	0	None	None
ChainingRodShaped	13711	3.55117	0.5	-101.682	77.2348	0	-0.433082	0.901355	0	None	None
ChainingRodShaped	13713	3.02005	0.5	79.1118	-77.7387	0	-0.62157	0.783359	0	17626	13712
ChainingRodShaped	13715	3.26316	0.5	-5.75113	29.5195	0	0.427159	0.904176	0	None	None
ChainingRodShaped	13717	3.08751	0.5	-44.2375	112.712	0	0.0888632	-0.996044	0	None	None
ChainingRodShaped	13719	3.49373	0.5	-51.646	33.8391	0	0.530776	-0.847512	0	None	None
ChainingRodShaped	13721	3.85648	0.5	-88.123	19.376	0	0.834316	0.551287	0	None	None
ChainingRodShaped	13723	2.96078	0.5	-90.8499	-34.5259	0	0.0139493	-0.999903	0	None	None
ChainingRodShaped	13725	4.02306	0.5	-100.062	-43.8911	0	0.297563	-0.954702	0	9416	13724
ChainingRodShaped	13727	3.17108	0.5	57.7527	15.695	0	-0.666249	-0.745729	0	None	None
ChainingRodShaped	13729	3.36744	0.5	-65.9294	92.3564	0	0.793115	-0.609071	0	None	None
ChainingRodShaped	13731	3.40319	0.5	-58.4061	101.095	0	-0.857825	-0.513942	0	None	None
ChainingRodShaped	13733	3.20991	0.5	-68.5705	164.444	0	0.430151	0.902757	0	7959	13732
ChainingRodShaped	13735	4.2826	0.5	22.4276	-22.0433	0	0.382748	-0.923853	0	None	None
ChainingRodShaped	13737	3.42199	0.5	-43.9911	-68.4037	0	0.996581	0.0826174	0	12528	13736
ChainingRodShaped	13739	3.28102	0.5	-16.9745	-45.6822	0	0.980443	0.196804	0	None	None
ChainingRodShaped	13741	3.54208	0.5	8.79555	-44.2086	0	0.699012	0.71511	0	None	None
ChainingRodShaped	13743	3.48804	0.5	24.4471	49.2351	0	-0.109589	-0.993977	0	None	None
ChainingRodShaped	13745	2.94633	0.5	29.0287	-28.0862	0	-0.746016	0.665928	0	None	None
ChainingRodShaped	13747	3.15513	0.5	-34.1217	98.4779	0	0.313227	0.949678	0	None	None
ChainingRodShaped	13749	3.00754	0.5	-53.192	-41.6481	0	-0.58584	-0.810426	0	None	None
ChainingRodShaped	13751	4.41574	0.5	-58.6035	-19.788	0	-0.999804	0.0198037	0	None	None
ChainingRodShaped	13753	4.00836	0.5	-41.1542	-17.246	0	0.999936	0.0113411	0	None	None
ChainingRodShaped	13755	3.23975	0.5	-72.4857	-8.95087	0	0.299012	0.954249	0	None	None
ChainingRodShaped	13757	4.31743	0.5	-123.26	48.5938	0	0.950562	0.310534	0	None	None
ChainingRodShaped	13759	3.9367	0.5	-26.5	-33.9402	0	0.386527	-0.922278	0	None	None
ChainingRodShaped	13761	3.22871	0.5	-51.7482	121.987	0	0.483412	-0.875393	0	None	None
ChainingRodShaped	13763	4.09508	0.5	-103.669	8.26787	0	0.268718	-0.963219	0	None	None
ChainingRodShaped	13765	3.95525	0.5	-62.9393	73.099	0	-0.797013	-0.603962	0	None	None
ChainingRodShaped	13767	3.61194	0.5	-55.2614	122.547	0	0.447201	-0.894434	0	None	None
ChainingRodShaped	13769	3.05344	0.5	-105.379	76.3536	0	-0.0478555	-0.998854	0	None	None
ChainingRodShaped	13771	3.23192	0.5	-76.6322	109.594	0	-0.962218	0.272279	0	None	None
ChainingRodShaped	13773	4.05038	0.5	-6.28146	42.0614	0	0.870871	0.491511	0	None	None
ChainingRodShaped	13775	4.54694	0.5	-8.22105	-19.7136	0	0.877275	-0.479988	0	None	None
ChainingRodShaped	13777	4.58381	0.5	-58.9383	-56.309	0	0.423456	0.905917	0	None	None
ChainingRodShaped	13779	4.18233	0.5	4.00605	12.4404	0	-0.675146	-0.737684	0	None	None
ChainingRodShaped	13781	4.40032	0.5	-21.966	112.741	0	-0.974836	0.222923	0	None	None
ChainingRodShaped	13783	3.56034	0.5	-5.27089	87.9748	0	0.836862	0.547414	0	None	None
ChainingRodShaped	13785	4.19536	0.5	4.81315	16.3927	0	-0.652741	-0.757581	0	None	None
ChainingRodShaped	13787	3.33465	0.5	-55.4864	66.0527	0	-0.913615	-0.406581	0	None	None
ChainingRodShaped	13789	3.72194	0.5	-3.69574	106.725	0	0.814571	-0.580064	0	None	None
ChainingRodShaped	13791	3.32374	0.5	-75.5317	4.96677	0	-0.806418	-0.591345	0	None	None
ChainingRodShaped	13793	3.85999	0.5	-56.6633	47.8063	0	0.645749	-0.763549	0	None	None
ChainingRodShaped	13795	2.85149	0.5	135.838	66.1608	0	0.471202	-0.882025	0	7769	13794
ChainingRodShaped	13797	3.46044	0.5	51.1731	-3.54672	0	0.749164	0.662384	0	None	None
ChainingRodShaped	13799	3.61608	0.5	-90.3858	129.791	0	0.180348	0.983603	0	9810	13798
ChainingRodShaped	13801	4.06614	0.5	-89.6489	-1.46197	0	0.378797	0.92548	0	None	None
ChainingRodShaped	13803	4.26212	0.5	-59.1098	83.1662	0	0.876603	-0.481214	0	None	None
ChainingRodShaped	13805	3.06708	0.5	-25.0694	97.0148	0	0.999069	0.0431452	0	None	None
ChainingRodShaped	13807	4.04027	0.5	13.7667	37.0443	0	0.179217	0.98381	0	None	None
ChainingRodShaped	13809	3.05178	0.5	-113.183	17.2794	0	-0.524546	0.851382	0	None	None
ChainingRodShaped	13811	4.25231	0.5	-98.9849	86.9146	0	0.762563	0.646914	0	None	None
ChainingRodShaped	13813	4.4353	0.5	-97.5614	-32.9023	0	0.642214	0.766525	0	None	None
ChainingRodShaped	13815	4.49455	0.5	27.4222	100.391	0	0.915962	0.401265	0	None	None
ChainingRodShaped	13817	2.92259	0.5	-37.0508	47.9404	0	0.467287	0.884106	0	None	None
ChainingRodShaped	13819	3.48574	0.5	-112.15	10.0505	0	-0.39572	0.918371	0	None	None
ChainingRodShaped	13821	4.5346	0.5	-94.3221	-23.2004	0	0.954376	-0.298609	0	None	None
ChainingRodShaped	13823	3.26344	0.5	-89.9777	112.27	0	0.0785365	0.996911	0	14432	13822
ChainingRodShaped	13825	4.50449	0.5	-77.2584	27.0408	0	0.894893	0.44628	0	None	None
ChainingRodShaped	13827	4.12128	0.5	-47.5353	9.80773	0	-0.138152	0.990411	0	None	None
ChainingRodShaped	13829	3.32483	0.5	-13.9862	83.6144	0	-0.331868	0.943326	0	None	None
ChainingRodShaped	13831	3.78401	0.5	-130.406	45.0668	0	0.544481	0.838773	0	12542	13830
ChainingRodShaped	13833	4.54101	0.5	4.78726	-36.1867	0	-0.602538	-0.79809	0	None	None
ChainingRodShaped	13835	4.45862	0.5	-66.7364	64.2117	0	-0.774751	-0.632266	0	None	None
ChainingRodShaped	13837	3.74878	0.5	29.5094	-8.33749	0	0.979957	-0.19921	0	None	None
ChainingRodShaped	13839	3.84238	0.5	-58.3392	72.3803	0	-0.784756	-0.619805	0	None	None
ChainingRodShaped	13841	3.02181	0.5	31.1138	60.7911	0	-0.324121	-0.946016	0	None	None
ChainingRodShaped	13843	3.2284	0.5	45.0555	-16.6115	0	0.865457	0.500983	0	None	None
ChainingRodShaped	13845	4.30772	0.5	-25.4092	86.6144	0	0.781298	-0.624158	0	None	None
ChainingRodShaped	13847	3.29581	0.5	-82.5092	31.2544	0	-0.859943	-0.510389	0	None	None
ChainingRodShaped	13849	3.41404	0.5	-117.967	39.9974	0	0.951772	0.306805	0	None	None
ChainingRodShaped	13851	3.09883	0.5	-54.3322	103.938	0	-0.963536	-0.26758	0	None	None
ChainingRodShaped	13853	4.5437	0.5	-78.5248	89.6511	0	0.99945	-0.0331503	0	None	None
ChainingRodShaped	13855	3.00884	0.5	-11.6038	-38.4457	0	0.868538	0.495622	0	None	None
ChainingRodShaped	13857	4.23028	0.5	-85.2855	-41.0504	0	0.853875	-0.520479	0	None	None
ChainingRodShaped	13859	3.80918	0.5	49.2154	-21.1321	0	0.604357	0.796714	0	None	None
ChainingRodShaped	13861	3.60246	0.5	-52.6435	-3.45965	0	0.992385	-0.123176	0	None	None
ChainingRodShaped	13863	4.1772	0.5	-90.2364	0.164991	0	0.710012	0.70419	0	None	None
ChainingRodShaped	13865	2.85911	0.5	29.6075	23.5204	0	-0.0200542	0.999799	0	None	None
ChainingRodShaped	13867	3.85437	0.5	24.5202	40.3722	0	0.236887	-0.971537	0	None	None
ChainingRodShaped	13869	3.22282	0.5	41.0931	114.873	0	-0.656307	-0.754494	0	18760	13868
ChainingRodShaped	13871	3.45783	0.5	89.7114	33.5778	0	0.791287	0.611445	0	11994	13870
ChainingRodShaped	13873	3.00329	0.5	-98.8527	71.3434	0	0.358367	0.933581	0	None	None
ChainingRodShaped	13875	4.42817	0.5	24.3651	-45.7576	0	-0.754505	-0.656294	0	None	None
ChainingRodShaped	13877	3.78421	0.5	-14.6957	-18.4821	0	-0.0188418	0.999822	0	None	None
ChainingRodShaped	13879	4.21739	0.5	4.9673	-41.7878	0	0.603494	0.797368	0	None	None
ChainingRodShaped	13881	2.87925	0.5	-50.9828	11.6255	0	0.433407	-0.901198	0	None	None
ChainingRodShaped	13883	4.32101	0.5	-33.5571	-23.8389	0	0.979179	0.202997	0	None	None
ChainingRodShaped	13885	3.42462	0.5	-43.3604	74.3115	0	0.973746	0.227639	0	None	None
ChainingRodShaped	13887	3.77453	0.5	-63.5157	101.604	0	-0.577111	0.816666	0	None	None
ChainingRodShaped	13889	3.68953	0.5	92.1095	37.201	0	-0.649827	-0.760082	0	10088	13888
ChainingRodShaped	13891	3.78038	0.5	77.3586	-111.676	0	-0.614602	-0.788837	0	10992	13890
ChainingRodShaped	13893	2.92465	0.5	-70.6696	-21.9008	0	-0.987936	0.154862	0	None	None
ChainingRodShaped	13895	3.42601	0.5	-37.4753	17.2768	0	0.527953	0.849274	0	None	None
ChainingRodShaped	13897	3.55913	0.5	82.8805	26.0803	0	-0.775466	-0.631389	0	13042	13896
ChainingRodShaped	13899	3.0198	0.5	1.03523	-4.302	0	-0.999105	0.0423099	0	None	None
ChainingRodShaped	13901	2.87229	0.5	-64.0268	36.0517	0	0.723514	0.690309	0	None	None
ChainingRodShaped	13903	3.09619	0.5	33.6216	-27.0767	0	0.947672	-0.319245	0	None	None
ChainingRodShaped	13905	3.49435	0.5	-93.0917	-25.4339	0	0.960141	-0.279516	0	None	None
ChainingRodShaped	13907	3.93607	0.5	-4.61271	-54.0324	0	-0.183158	-0.983083	0	None	None
ChainingRodShaped	13909	3.82958	0.5	-11.2607	63.0565	0	0.736883	0.67602	0	None	None
ChainingRodShaped	13911	3.05497	0.5	-107.229	56.5646	0	0.975049	-0.221989	0	None	None
ChainingRodShaped	13913	2.99473	0.5	42.7378	41.1944	0	0.317521	-0.948251	0	None	None
ChainingRodShaped	13915	2.9415	0.5	38.2496	96.1626	0	0.588674	-0.808371	0	None	None
ChainingRodShaped	13917	3.68928	0.5	18.3562	40.1365	0	-0.175745	-0.984436	0	None	None
ChainingRodShaped	13919	3.47099	0.5	-13.1884	83.5093	0	-0.341136	0.940014	0	None	None
ChainingRodShaped	13921	4.39792	0.5	-3.05571	45.3436	0	0.913278	0.407337	0	None	None
ChainingRodShaped	13923	3.16223	0.5	-53.7856	16.8179	0	-0.154359	-0.988015	0	None	None
ChainingRodShaped	13925	3.78978	0.5	6.52061	54.2886	0	0.421082	0.907022	0	None	None
ChainingRodShaped	13927	3.07843	0.5	-67.129	61.4519	0	-0.549049	-0.83579	0	None	None
ChainingRodShaped	13929	3.76086	0.5	11.7657	0.982296	0	-0.819631	0.572891	0	None	None
ChainingRodShaped	13931	3.01369	0.5	2.86529	146.602	0	0.957293	-0.289118	0	12854	13930
ChainingRodShaped	13933	2.99931	0.5	-14.8328	19.8567	0	0.717471	0.696588	0	None	None
ChainingRodShaped	13935	4.27441	0.5	-18.8942	2.36967	0	-0.616331	-0.787487	0	None	None
ChainingRodShaped	13937	4.11149	0.5	-38.4991	-49.4489	0	-0.642769	-0.76606	0	None	None
ChainingRodShaped	13939	3.89192	0.5	-57.6169	-14.7204	0	-0.988552	-0.15088	0	None	None
ChainingRodShaped	13941	4.44218	0.5	3.58618	5.86892	0	-0.688028	-0.725684	0	None	None
ChainingRodShaped	13943	3.83376	0.5	-20.4036	-1.27596	0	-0.837948	-0.54575	0	None	None
ChainingRodShaped	13945	4.49756	0.5	-49.6899	80.7104	0	0.995263	-0.0972229	0	None	None
ChainingRodShaped	13947	3.59417	0.5	-61.4602	-23.0341	0	-0.998745	-0.0500924	0	None	None
ChainingRodShaped	13949	2.68969	0.5	58.9852	-16.7412	0	0.632276	0.774743	0	12442	13948
ChainingRodShaped	13951	3.41557	0.5	44.9104	-31.2531	0	0.61217	0.790726	0	19292	13950
ChainingRodShaped	13953	3.95693	0.5	-118	65.9028	0	0.525947	0.850517	0	14760	13952
ChainingRodShaped	13955	4.16312	0.5	-79.6429	22.0982	0	0.842032	0.539428	0	None	None
ChainingRodShaped	13957	3.19073	0.5	-54.5182	36.8085	0	0.765601	-0.643316	0	None	None
ChainingRodShaped	13959	4.02627	0.5	-129.433	23.8059	0	0.624864	0.780734	0	None	None
ChainingRodShaped	13961	2.98656	0.5	-17.6978	64.0351	0	0.627142	0.778905	0	None	None
ChainingRodShaped	13963	3.6707	0.5	-25.4119	51.228	0	0.331752	-0.943367	0	None	None
ChainingRodShaped	13965	3.21735	0.5	-25.505	47.4589	0	0.418256	-0.908329	0	None	None
ChainingRodShaped	13967	3.03091	0.5	-75.8422	25.2391	0	0.886571	0.462593	0	None	None
ChainingRodShaped	13969	2.92971	0.5	-56.2692	60.6379	0	0.688047	0.725666	0	None	None
ChainingRodShaped	13971	3.75618	0.5	-45.6858	76.7418	0	0.972744	0.231884	0	None	None
ChainingRodShaped	13973	3.12348	0.5	-78.1089	102.662	0	-0.302251	-0.953228	0	None	None
ChainingRodShaped	13975	3.68552	0.5	81.0365	-82.4657	0	0.474387	-0.880316	0	16000	13974
ChainingRodShaped	13977	3.02869	0.5	20.8145	8.63182	0	0.0816011	-0.996665	0	None	None
ChainingRodShaped	13979	3.23626	0.5	-117.077	55.9713	0	-0.994436	-0.105339	0	None	None
ChainingRodShaped	13981	3.82739	0.5	-11.9253	0.58159	0	0.936455	-0.350787	0	None	None
ChainingRodShaped	13983	3.15931	0.5	27.6449	36.4791	0	0.20561	0.978634	0	None	None
ChainingRodShaped	13985	4.21479	0.5	-32.244	93.9626	0	-0.869575	0.493801	0	None	None
ChainingRodShaped	13987	4.21675	0.5	-82.4949	-29.1926	0	-0.375742	-0.926724	0	None	None
ChainingRodShaped	13989	3.07948	0.5	-51.4378	-28.3779	0	0.985689	0.168575	0	None	None
ChainingRodShaped	13991	3.51295	0.5	-115.41	11.884	0	0.645246	-0.763975	0	None	None
ChainingRodShaped	13993	3.04035	0.5	66.0939	220.606	0	-0.939278	-0.343158	0	17590	13992
ChainingRodShaped	13995	3.06968	0.5	-69.1982	41.3436	0	-0.0969858	0.995286	0	None	None
ChainingRodShaped	13997	3.0542	0.5	-52.741	127.415	0	-0.347228	-0.937781	0	None	None
ChainingRodShaped	13999	4.05484	0.5	11.1794	12.0886	0	-0.587026	0.809568	0	None	None
ChainingRodShaped	14001	3.02151	0.5	-112.798	0.546993	0	-0.435573	0.900154	0	None	None
ChainingRodShaped	14003	3.93814	0.5	-56.4815	104.182	0	-0.872062	-0.489396	0	None	None
ChainingRodShaped	14005	4.41414	0.5	8.23596	2.5461	0	-0.785967	0.618268	0	None	None
ChainingRodShaped	14007	3.79857	0.5	20.0009	53.9498	0	-0.290602	-0.956844	0	None	None
ChainingRodShaped	14009	3.62297	0.5	50.8689	68.4105	0	0.177183	-0.984178	0	None	None
ChainingRodShaped	14011	4.1507	0.5	13.0679	-55.7298	0	-0.322727	0.946492	0	None	None
ChainingRodShaped	14013	3.90397	0.5	64.2038	57.929	0	0.227347	-0.973814	0	14576	14012
ChainingRodShaped	14015	3.37963	0.5	-11.8741	5.08429	0	0.489161	-0.872194	0	None	None
ChainingRodShaped	14017	3.72028	0.5	-28.8278	66.4874	0	-0.996821	0.0796789	0	None	None
ChainingRodShaped	14019	3.69445	0.5	35.444	63.8621	0	-0.306974	-0.951718	0	None	None
ChainingRodShaped	14021	2.93226	0.5	-110.899	11.4095	0	-0.4502	0.892928	0	None	None
ChainingRodShaped	14023	3.70449	0.5	-83.3752	9.28901	0	0.817535	0.575879	0	None	None
ChainingRodShaped	14025	4.40503	0.5	-66.1557	-22.4552	0	-0.996672	0.0815189	0	None	None
ChainingRodShaped	14027	3.20247	0.5	-17.3755	-38.6798	0	0.921259	0.38895	0	None	None
ChainingRodShaped	14029	3.61948	0.5	22.4252	95.8029	0	0.999825	-0.0186915	0	None	None
ChainingRodShaped	14031	3.07423	0.5	-31.9138	53.6224	0	0.111317	-0.993785	0	None	None
ChainingRodShaped	14033	4.31821	0.5	43.7708	52.353	0	-0.974937	-0.222482	0	None	None
ChainingRodShaped	14035	2.91077	0.5	-32.7669	-14.8033	0	-0.659941	-0.751318	0	None	None
ChainingRodShaped	14037	3.86776	0.5	115.676	136.499	0	-0.372949	0.927852	0	12768	14036
ChainingRodShaped	14039	3.13319	0.5	68.653	40.9354	0	0.377282	-0.926098	0	13332	14038
ChainingRodShaped	14041	3.04029	0.5	134.235	42.067	0	-0.511955	-0.859012	0	14136	14040
ChainingRodShaped	14043	3.90286	0.5	-33.9053	122.48	0	-0.663973	0.747756	0	None	None
ChainingRodShaped	14045	3.31606	0.5	17.4438	45.4741	0	-0.0561636	-0.998422	0	None	None
ChainingRodShaped	14047	2.91386	0.5	-66.1281	10.1379	0	-0.314365	-0.949302	0	None	None
ChainingRodShaped	14049	2.85	0.5	-81.4628	93.8283	0	-0.264697	-0.964331	0	None	None
ChainingRodShaped	14051	3.51703	0.5	199.956	172.612	0	0.552349	-0.833613	0	12820	14050
ChainingRodShaped	14053	3.10484	0.5	9.53743	-4.10812	0	-0.952251	-0.305315	0	None	None
ChainingRodShaped	14055	3.99357	0.5	-34.6941	-21.1236	0	-0.972535	-0.232758	0	None	None
ChainingRodShaped	14057	3.60527	0.5	-135.69	-152.774	0	-0.967605	0.252468	0	12810	14056
ChainingRodShaped	14059	3.27837	0.5	39.6256	-15.366	0	-0.736331	-0.676621	0	None	None
ChainingRodShaped	14061	3.29686	0.5	-31.1899	49.7715	0	0.999983	0.00575545	0	None	None
ChainingRodShaped	14063	4.3569	0.5	-20.5573	53.9108	0	0.166371	-0.986063	0	None	None
ChainingRodShaped	14065	3.77834	0.5	48.9923	19.3078	0	0.671299	0.741187	0	None	None
ChainingRodShaped	14067	3.74262	0.5	12.1164	-44.762	0	0.707638	0.706575	0	None	None
ChainingRodShaped	14069	3.43231	0.5	-48.4923	-36.0104	0	-0.833375	-0.552707	0	None	None
ChainingRodShaped	14071	4.43585	0.5	20.9292	19.3175	0	0.984591	0.17487	0	None	None
ChainingRodShaped	14073	3.10033	0.5	35.6035	33.76	0	-0.034478	-0.999405	0	None	None
ChainingRodShaped	14075	3.99217	0.5	23.936	26.8295	0	0.820702	0.571357	0	None	None
ChainingRodShaped	14077	3.0081	0.5	167.148	22.5362	0	-0.436317	0.899793	0	13640	14076
ChainingRodShaped	14079	2.85356	0.5	-84.5905	-12.6935	0	0.352351	0.935868	0	None	None
ChainingRodShaped	14081	3.31221	0.5	-78.6961	91.2115	0	0.999913	-0.0131876	0	None	None
ChainingRodShaped	14083	3.24549	0.5	-19.9294	-10.8079	0	-0.807601	-0.589729	0	None	None
ChainingRodShaped	14085	3.73179	0.5	-9.20046	30.5721	0	-0.441445	-0.897288	0	None	None
ChainingRodShaped	14087	3.89634	0.5	-88.3312	95.5926	0	-0.455793	-0.890086	0	None	None
ChainingRodShaped	14089	3.15016	0.5	116.008	22.367	0	0.79228	0.610157	0	19550	14088
ChainingRodShaped	14091	3.00823	0.5	-174.636	-29.4365	0	-0.937687	0.34748	0	16608	14090
ChainingRodShaped	14093	3.59186	0.5	-111.68	28.919	0	0.44157	-0.897227	0	None	None
ChainingRodShaped	14095	4.38643	0.5	38.7439	76.9645	0	0.912338	-0.409437	0	None	None
ChainingRodShaped	14097	2.84592	0.5	-3.37748	-17.824	0	0.873925	-0.486061	0	None	None
ChainingRodShaped	14099	3.96097	0.5	-49.5345	36.053	0	0.657948	-0.753063	0	None	None
ChainingRodShaped	14101	2.99824	0.5	-6.09763	100.639	0	0.369171	-0.929361	0	None	None
ChainingRodShaped	14103	2.95203	0.5	-2.28451	114.974	0	0.910068	-0.414458	0	16474	14102
ChainingRodShaped	14105	2.98374	0.5	40.3443	49.0356	0	0.740196	-0.672392	0	None	None
ChainingRodShaped	14107	3.14952	0.5	-117.916	32.5271	0	-0.993349	-0.115146	0	None	None
ChainingRodShaped	14109	4.15396	0.5	-4.26633	18.3585	0	0.319845	0.94747	0	None	None
ChainingRodShaped	14111	3.0549	0.5	-46.8791	60.3029	0	0.0328739	-0.99946	0	None	None
ChainingRodShaped	14113	3.74716	0.5	-53.9231	74.2484	0	0.941442	-0.337174	0	None	None
ChainingRodShaped	14115	3.12247	0.5	26.0285	102.551	0	0.919887	0.392182	0	None	None
ChainingRodShaped	14117	3.93124	0.5	-28.3056	-28.4508	0	0.283892	-0.958856	0	None	None
ChainingRodShaped	14119	3.21043	0.5	6.21514	-6.7489	0	-0.999843	0.0177086	0	None	None
ChainingRodShaped	14121	3.98455	0.5	-0.806041	58.1828	0	0.44976	0.89315	0	None	None
ChainingRodShaped	14123	3.77091	0.5	-45.4831	90.8942	0	0.952487	-0.304581	0	None	None
ChainingRodShaped	14125	3.52116	0.5	-5.76328	-36.2635	0	0.796556	0.604565	0	None	None
ChainingRodShaped	14127	4.14205	0.5	-48.6571	35.9709	0	0.650378	-0.75961	0	None	None
ChainingRodShaped	14129	3.73221	0.5	-83.3001	56.6966	0	0.0354209	-0.999372	0	None	None
ChainingRodShaped	14131	3.26169	0.5	-184.717	103.167	0	0.587961	-0.808889	0	8986	14130
ChainingRodShaped	14133	4.28194	0.5	10.4064	3.77033	0	-0.826042	0.563608	0	None	None
ChainingRodShaped	14135	2.85559	0.5	34.8967	-10.7371	0	0.735422	0.677609	0	None	None
ChainingRodShaped	14137	3.08788	0.5	137.597	49.9325	0	-0.255985	-0.966681	0	14528	14136
ChainingRodShaped	14139	4.1377	0.5	34.4277	97.2853	0	0.40401	0.914755	0	None	None
ChainingRodShaped	14141	3.18815	0.5	-3.96331	-13.8492	0	0.999501	0.0315863	0	None	None
ChainingRodShaped	14143	3.82408	0.5	-41.847	-35.2547	0	-0.607515	0.794308	0	None	None
ChainingRodShaped	14145	3.65692	0.5	-100.563	9.19851	0	0.204195	-0.97893	0	None	None
ChainingRodShaped	14147	2.68307	0.5	44.6766	93.8214	0	-0.634711	0.77275	0	5732	14146
ChainingRodShaped	14149	3.78163	0.5	32.1844	56.5794	0	-0.305186	-0.952293	0	None	None
ChainingRodShaped	14151	3.61529	0.5	-44.6639	118.301	0	0.556998	-0.830514	0	None	None
ChainingRodShaped	14153	3.09561	0.5	22.9985	-83.9741	0	-0.0964541	-0.995337	0	7725	14152
ChainingRodShaped	14155	4.21165	0.5	-47.9799	-23.1153	0	-0.997751	-0.067029	0	None	None
ChainingRodShaped	14157	3.60811	0.5	-55.627	17.338	0	-0.184004	-0.982926	0	None	None
ChainingRodShaped	14159	2.91403	0.5	-47.2079	69.4257	0	-0.957541	-0.288297	0	None	None
ChainingRodShaped	14161	3.84273	0.5	4.97463	108.181	0	0.991669	0.12881	0	None	None
ChainingRodShaped	14163	3.69988	0.5	-113.646	-11.4103	0	-0.610296	0.792173	0	None	None
ChainingRodShaped	14165	4.26885	0.5	-31.4201	49.1731	0	0.999989	-0.00459062	0	None	None
ChainingRodShaped	14167	4.31813	0.5	-74.3252	14.2756	0	0.842464	0.538752	0	None	None
ChainingRodShaped	14169	2.96326	0.5	-66.0224	27.8172	0	0.888154	0.459547	0	None	None
ChainingRodShaped	14171	3.81567	0.5	-46.6252	108.596	0	0.00139044	-0.999999	0	None	None
ChainingRodShaped	14173	3.51644	0.5	-91.674	-85.4549	0	-0.32592	-0.945397	0	16222	14172
ChainingRodShaped	14175	3.00439	0.5	6.53254	-5.97212	0	-0.99986	0.016709	0	None	None
ChainingRodShaped	14177	3.14661	0.5	47.1269	32.0365	0	0.353416	-0.935466	0	None	None
ChainingRodShaped	14179	3.68557	0.5	-30.9571	50.3836	0	0.999878	0.0156347	0	None	None
ChainingRodShaped	14181	3.13937	0.5	20.0254	38.8555	0	-0.146087	-0.989272	0	None	None
ChainingRodShaped	14183	2.89121	0.5	-48.689	2.01382	0	0.754568	0.656222	0	None	None
ChainingRodShaped	14185	3.17479	0.5	-25.5632	77.3606	0	0.826258	-0.563292	0	None	None
ChainingRodShaped	14187	3.94523	0.5	-65.2596	26.6572	0	0.886354	0.463007	0	None	None
ChainingRodShaped	14189	3.91794	0.5	-86.4825	59.1304	0	-0.172217	-0.985059	0	None	None
ChainingRodShaped	14191	3.42272	0.5	-48.7771	30.2332	0	0.505416	-0.862876	0	None	None
ChainingRodShaped	14193	4.1472	0.5	-36.4416	28.7026	0	0.9001	0.435684	0	None	None
ChainingRodShaped	14195	2.84273	0.5	28.0741	78.5916	0	0.980048	0.198761	0	None	None
ChainingRodShaped	14197	3.94508	0.5	19.3794	-16.2709	0	0.979904	0.19947	0	None	None
ChainingRodShaped	14199	3.07203	0.5	-43.0327	71.3092	0	-0.972976	-0.230905	0	None	None
ChainingRodShaped	14201	3.15637	0.5	111.601	190.743	0	0.421579	0.906792	0	6786	14200
ChainingRodShaped	14203	3.44344	0.5	14.1298	8.54467	0	-0.583423	0.812168	0	None	None
ChainingRodShaped	14205	3.55641	0.5	-45.0812	112.635	0	0.0961245	-0.995369	0	None	None
ChainingRodShaped	14207	3.67758	0.5	-14.4896	64.5931	0	0.67627	0.736653	0	None	None
ChainingRodShaped	14209	3.23103	0.5	146.101	52.3424	0	0.411726	0.911308	0	14800	14208
ChainingRodShaped	14211	3.57499	0.5	-51.9157	114.403	0	0.420029	-0.907511	0	None	None
ChainingRodShaped	14213	4.03431	0.5	6.54212	-53.6662	0	-0.196884	0.980427	0	None	None
ChainingRodShaped	14215	3.53662	0.5	-54.5991	90.5892	0	0.891568	-0.452886	0	None	None
ChainingRodShaped	14217	2.98488	0.5	-151.183	175.927	0	-0.999586	-0.0287571	0	12078	14216
ChainingRodShaped	14219	2.97887	0.5	9.5388	98.6808	0	0.954252	0.299005	0	None	None
ChainingRodShaped	14221	3.52251	0.5	-70.6573	6.61215	0	-0.791617	-0.611018	0	None	None
ChainingRodShaped	14223	3.78092	0.5	4.15892	11.7094	0	-0.682337	-0.731038	0	None	None
ChainingRodShaped	14225	3.54603	0.5	-81.6359	65.3195	0	-0.405802	-0.913961	0	None	None
ChainingRodShaped	14227	4.13619	0.5	-80.4169	47.6022	0	-0.0504136	0.998728	0	None	None
ChainingRodShaped	14229	3.03905	0.5	-97.4418	-16.6354	0	-0.998959	0.0456228	0	None	None
ChainingRodShaped	14231	3.36048	0.5	-24.9639	47.8039	0	0.409257	-0.912419	0	None	None
ChainingRodShaped	14233	2.97776	0.5	41.4607	3.04033	0	-0.972232	-0.234019	0	None	None
ChainingRodShaped	14235	3.17799	0.5	-65.2799	-34.5441	0	0.998356	-0.0573194	0	None	None
ChainingRodShaped	14237	3.36196	0.5	-78.1691	80.6714	0	0.989439	-0.144951	0	None	None
ChainingRodShaped	14239	4.04639	0.5	-34.1982	0.00151026	0	-0.113775	-0.993507	0	None	None
ChainingRodShaped	14241	2.82056	0.5	-113.092	89.3423	0	-0.429145	0.903236	0	17720	14240
ChainingRodShaped	14243	3.84442	0.5	-37.2621	91.7296	0	0.95461	-0.297858	0	None	None
ChainingRodShaped	14245	2.89473	0.5	20.3529	-44.8274	0	0.95515	0.296123	0	None	None
ChainingRodShaped	14247	3.24331	0.5	-94.629	71.2941	0	-0.713771	-0.700379	0	None	None
ChainingRodShaped	14249	4.23137	0.5	-41.7155	94.5902	0	0.95607	-0.29314	0	None	None
ChainingRodShaped	14251	4.21062	0.5	-18.5058	-55.1775	0	-0.731972	-0.681334	0	None	None
ChainingRodShaped	14253	3.95798	0.5	22.8949	60.3929	0	0.477345	-0.878716	0	None	None
ChainingRodShaped	14255	4.20744	0.5	-81.1486	-22.9406	0	-0.979174	0.203025	0	None	None
ChainingRodShaped	14257	3.29149	0.5	2.70061	73.5776	0	0.157497	0.987519	0	None	None
ChainingRodShaped	14259	4.09585	0.5	29.2338	43.707	0	0.875639	-0.482966	0	None	None
ChainingRodShaped	14261	4.1018	0.5	56.1413	54.3023	0	0.365039	-0.930992	0	None	None
ChainingRodShaped	14263	2.92736	0.5	112.264	144.11	0	-0.433346	0.901227	0	14036	14262
ChainingRodShaped	14265	3.31123	0.5	-96.8173	-37.378	0	0.818072	0.575116	0	None	None
ChainingRodShaped	14267	4.11195	0.5	66.1858	14.2958	0	-0.751077	-0.660215	0	None	None
ChainingRodShaped	14269	3.1043	0.5	-54.4405	37.614	0	0.759112	-0.65096	0	None	None
ChainingRodShaped	14271	3.25427	0.5	29.3708	-12.9435	0	0.297154	0.95483	0	None	None
ChainingRodShaped	14273	3.53918	0.5	-93.7122	-17.9908	0	-0.94805	0.31812	0	None	None
ChainingRodShaped	14275	3.74365	0.5	-103.897	17.0564	0	0.674526	-0.738251	0	None	None
ChainingRodShaped	14277	2.78467	0.5	-80.0602	-42.5399	0	0.694705	-0.719295	0	None	None
ChainingRodShaped	14279	2.87981	0.5	-65.6309	22.9747	0	0.884575	0.466398	0	None	None
ChainingRodShaped	14281	4.10728	0.5	-26.5823	26.2195	0	0.891188	-0.453635	0	None	None
ChainingRodShaped	14283	4.13453	0.5	-33.4697	102.749	0	-0.317684	-0.948197	0	None	None
ChainingRodShaped	14285	3.14905	0.5	-48.8852	2.70125	0	0.761172	0.64855	0	None	None
ChainingRodShaped	14287	3.90542	0.5	-46.9468	-42.2525	0	0.720154	0.693814	0	None	None
ChainingRodShaped	14289	3.47282	0.5	-58.6008	33.376	0	0.885792	0.464083	0	None	None
ChainingRodShaped	14291	3.87547	0.5	-70.4582	-21.1103	0	-0.986353	0.164643	0	None	None
ChainingRodShaped	14293	3.45047	0.5	-14.5382	32.0557	0	0.549606	0.835424	0	None	None
ChainingRodShaped	14295	3.22652	0.5	-65.5792	-20.1307	0	-0.993997	0.109408	0	None	None
ChainingRodShaped	14297	4.2842	0.5	-56.5286	29.1044	0	0.971444	0.237269	0	None	None
ChainingRodShaped	14299	2.80329	0.5	-115.193	-0.632132	0	-0.454996	0.890493	0	None	None
ChainingRodShaped	14301	3.0499	0.5	20.3542	79.9946	0	0.974076	-0.22622	0	None	None
ChainingRodShaped	14303	2.77993	0.5	-54.8294	69.0741	0	-0.945578	-0.325395	0	None	None
ChainingRodShaped	14305	4.2061	0.5	-48.2747	64.5439	0	0.920127	-0.39162	0	None	None
ChainingRodShaped	14307	4.19992	0.5	-78.5957	79.1066	0	0.976702	-0.214601	0	None	None
ChainingRodShaped	14309	4.09354	0.5	-81.646	59.7286	0	-0.0857067	-0.99632	0	None	None
ChainingRodShaped	14311	3.27002	0.5	-55.1522	93.3869	0	0.902192	-0.431336	0	None	None
ChainingRodShaped	14313	3.97093	0.5	-40.3952	-50.4085	0	-0.635069	-0.772456	0	None	None
ChainingRodShaped	14315	3.4058	0.5	-64.1469	21.3031	0	0.866518	0.499147	0	None	None
ChainingRodShaped	14317	3.17168	0.5	-76.1579	100.529	0	-0.311751	-0.950164	0	None	None
ChainingRodShaped	14319	4.26903	0.5	32.9694	96.0944	0	0.394847	0.918747	0	None	None
ChainingRodShaped	14321	2.97952	0.5	-40.9965	8.98215	0	0.818254	0.574856	0	None	None
ChainingRodShaped	14323	4.22544	0.5	-58.0679	106.243	0	-0.869942	-0.493154	0	None	None
ChainingRodShaped	14325	4.02514	0.5	57.5476	27.5203	0	0.363852	0.931457	0	None	None
ChainingRodShaped	14327	3.13959	0.5	9.04986	67.2978	0	0.525733	0.850649	0	None	None
ChainingRodShaped	14329	3.12201	0.5	-93.3968	-13.3388	0	-0.999313	0.0370642	0	None	None
ChainingRodShaped	14331	2.79758	0.5	-118.236	33.3474	0	0.994446	0.105249	0	None	None
ChainingRodShaped	14333	2.96005	0.5	51.8596	-63.9096	0	-0.938983	0.343965	0	15538	14332
ChainingRodShaped	14335	3.14859	0.5	27.0117	2.08452	0	0.946461	0.322818	0	None	None
ChainingRodShaped	14337	3.60484	0.5	-54.079	-48.3181	0	0.355445	0.934697	0	None	None
ChainingRodShaped	14339	4.04195	0.5	7.56125	-2.21522	0	0.844377	-0.53575	0	None	None
ChainingRodShaped	14341	3.66139	0.5	-63.2342	25.1199	0	0.895851	0.444355	0	None	None
ChainingRodShaped	14343	3.13211	0.5	-31.0663	-25.6725	0	0.916027	-0.401116	0	None	None
ChainingRodShaped	14345	3.67762	0.5	-94.299	13.468	0	0.193478	-0.981105	0	None	None
ChainingRodShaped	14347	3.16713	0.5	-25.1537	119.04	0	-0.212166	-0.977234	0	None	None
ChainingRodShaped	14349	2.94936	0.5	4.32284	14.747	0	-0.66028	-0.751019	0	None	None
ChainingRodShaped	14351	2.97661	0.5	18.7652	-38.646	0	-0.0783896	-0.996923	0	None	None
ChainingRodShaped	14353	2.81731	0.5	-22.3095	39.4258	0	0.532155	-0.846647	0	None	None
ChainingRodShaped	14355	3.60681	0.5	6.2866	-17.0493	0	0.861793	-0.50726	0	None	None
ChainingRodShaped	14357	3.56479	0.5	-122.773	52.8239	0	-0.484153	-0.874984	0	None	None
ChainingRodShaped	14359	2.82422	0.5	-35.9466	3.84876	0	0.133051	0.991109	0	None	None
ChainingRodShaped	14361	3.97766	0.5	39.3344	-11.0091	0	0.719271	0.694729	0	None	None
ChainingRodShaped	14363	2.85096	0.5	36.8647	-16.6682	0	-0.747074	-0.664741	0	None	None
ChainingRodShaped	14365	3.42506	0.5	27.3845	182.145	0	0.819215	0.573487	0	17956	14364
ChainingRodShaped	14367	2.89037	0.5	-188.571	27.688	0	0.452778	0.891623	0	14940	14366
ChainingRodShaped	14369	3.12103	0.5	-53.9976	98.7008	0	-0.751622	-0.659594	0	None	None
ChainingRodShaped	14371	3.41062	0.5	-1.89744	18.7777	0	0.333888	0.942613	0	None	None
ChainingRodShaped	14373	3.8821	0.5	-86.5045	76.2839	0	0.975827	-0.218545	0	None	None
ChainingRodShaped	14375	3.58228	0.5	20.4587	1.97748	0	-0.327379	0.944893	0	None	None
ChainingRodShaped	14377	3.20749	0.5	-67.3001	-2.45658	0	0.29717	-0.954825	0	None	None
ChainingRodShaped	14379	3.95322	0.5	16.9728	73.1657	0	0.986092	-0.166203	0	None	None
ChainingRodShaped	14381	2.91193	0.5	-67.8492	108.681	0	-0.998038	-0.0626058	0	None	None
ChainingRodShaped	14383	3.30772	0.5	16.7612	139.698	0	0.777052	-0.629437	0	13184	14382
ChainingRodShaped	14385	2.82314	0.5	42.5586	-35.7376	0	-0.59696	-0.802271	0	7208	14384
ChainingRodShaped	14387	3.13586	0.5	-80.4769	-28.2228	0	-0.357064	-0.93408	0	None	None
ChainingRodShaped	14389	3.72892	0.5	34.7015	20.913	0	-0.222395	-0.974957	0	None	None
ChainingRodShaped	14391	4.04509	0.5	17.6979	16.3791	0	-0.223104	0.974795	0	None	None
ChainingRodShaped	14393	3.62835	0.5	48.4129	13.4437	0	0.867036	0.498246	0	None	None
ChainingRodShaped	14395	3.94794	0.5	-5.62988	101.508	0	-0.359972	0.932963	0	None	None
ChainingRodShaped	14397	3.42231	0.5	-47.7779	35.946	0	0.613355	-0.789807	0	None	None
ChainingRodShaped	14399	4.12006	0.5	33.4949	23.5037	0	-0.0338136	0.999428	0	None	None
ChainingRodShaped	14401	4.1724	0.5	-38.6688	58.7944	0	0.30444	0.952531	0	None	None
ChainingRodShaped	14403	3.36924	0.5	0.00224131	94.3213	0	0.457945	0.88898	0	None	None
ChainingRodShaped	14405	3.87642	0.5	8.05687	-39.4784	0	0.658058	0.752967	0	None	None
ChainingRodShaped	14407	2.87314	0.5	140.431	195.472	0	-0.775736	0.631057	0	13314	14406
ChainingRodShaped	14409	3.19277	0.5	-102.734	63.777	0	-0.847103	-0.531429	0	None	None
ChainingRodShaped	14411	3.35461	0.5	-73.3925	114.854	0	0.997239	0.07426	0	None	None
ChainingRodShaped	14413	3.10134	0.5	26.7913	-22.4547	0	0.9975	-0.0706716	0	None	None
ChainingRodShaped	14415	3.9403	0.5	-48.9319	55.5725	0	-0.000973424	-1	0	None	None
ChainingRodShaped	14417	3.20374	0.5	-24.003	111.709	0	-0.884647	0.466261	0	None	None
ChainingRodShaped	14419	3.65919	0.5	-61.0682	59.7217	0	-0.856304	-0.516472	0	None	None
ChainingRodShaped	14421	3.5601	0.5	20.617	18.5165	0	0.982801	0.18467	0	None	None
ChainingRodShaped	14423	3.88609	0.5	-89.4092	102.358	0	-0.905895	-0.423502	0	None	None
ChainingRodShaped	14425	3.13593	0.5	-77.8109	69.5917	0	-0.979634	0.200791	0	None	None
ChainingRodShaped	14427	3.45317	0.5	105.067	66.4949	0	-0.439068	-0.898454	0	10116	14426
ChainingRodShaped	14429	2.64162	0.5	71.6923	-117.401	0	-0.79089	-0.611959	0	13890	14428
ChainingRodShaped	14431	3.09254	0.5	-0.107944	115.126	0	-0.927039	0.374965	0	16048	14430
ChainingRodShaped	14433	2.79005	0.5	-92.431	104.585	0	0.54679	0.83727	0	9094	14432
ChainingRodShaped	14435	3.12981	0.5	7.4539	31.5031	0	0.949247	0.314531	0	None	None
ChainingRodShaped	14437	4.15036	0.5	-87.254	-6.94395	0	-0.653018	-0.757342	0	None	None
ChainingRodShaped	14439	3.34744	0.5	-128.039	104.518	0	-0.689148	0.724621	0	7525	14438
ChainingRodShaped	14441	3.41569	0.5	-44.5448	-12.7346	0	-0.999584	-0.0288402	0	None	None
ChainingRodShaped	14443	3.11451	0.5	-75.9345	3.6526	0	-0.800396	-0.599471	0	None	None
ChainingRodShaped	14445	3.62903	0.5	-48.9093	98.0036	0	-0.975318	-0.220806	0	None	None
ChainingRodShaped	14447	2.83693	0.5	-40.2846	-34.4859	0	-0.596593	0.802544	0	None	None
ChainingRodShaped	14449	3.21295	0.5	14.9737	-16.4382	0	-0.998547	-0.0538849	0	None	None
ChainingRodShaped	14451	3.29327	0.5	-46.1706	60.6867	0	0.0230483	-0.999734	0	None	None
ChainingRodShaped	14453	2.97761	0.5	19.7928	61.4996	0	0.450403	-0.892825	0	None	None
ChainingRodShaped	14455	3.10486	0.5	-45.2421	-16.8589	0	-0.984633	-0.174634	0	None	None
ChainingRodShaped	14457	2.93321	0.5	-69.5398	-2.85113	0	0.926003	0.377515	0	None	None
ChainingRodShaped	14459	3.22667	0.5	-23.2545	100.769	0	0.939458	0.342663	0	None	None
ChainingRodShaped	14461	4.09374	0.5	-89.8451	78.7256	0	0.975093	-0.221798	0	None	None
ChainingRodShaped	14463	3.41289	0.5	-101.738	-22.853	0	0.716729	-0.697352	0	None	None
ChainingRodShaped	14465	3.11826	0.5	-64.7132	50.5511	0	0.729607	0.683866	0	None	None
ChainingRodShaped	14467	2.70072	0.5	217.96	71.6035	0	0.306248	-0.951952	0	19308	14466
ChainingRodShaped	14469	3.29076	0.5	48.3485	32.9585	0	0.372306	-0.92811	0	None	None
ChainingRodShaped	14471	2.75659	0.5	-67.0506	-9.18327	0	0.288372	0.957518	0	None	None
ChainingRodShaped	14473	2.95654	0.5	-91.6596	-19.5023	0	-0.963771	0.26673	0	None	None
ChainingRodShaped	14475	3.02864	0.5	4.23174	107.196	0	-0.992906	-0.1189	0	None	None
ChainingRodShaped	14477	3.50251	0.5	119.168	129.201	0	0.190873	-0.981615	0	15568	14476
ChainingRodShaped	14479	3.19415	0.5	75.528	25.3566	0	0.943507	0.331352	0	None	None
ChainingRodShaped	14481	4.16408	0.5	48.9519	-9.70762	0	0.795754	0.60562	0	None	None
ChainingRodShaped	14483	3.89021	0.5	18.3845	9.71944	0	-0.0798202	0.996809	0	None	None
ChainingRodShaped	14485	2.80846	0.5	-61.457	117.193	0	-0.643512	0.765436	0	None	None
ChainingRodShaped	14487	3.93382	0.5	-80.1598	56.8519	0	-0.0547411	0.998501	0	None	None
ChainingRodShaped	14489	4.18829	0.5	7.22255	-0.359724	0	0.833391	-0.552683	0	None	None
ChainingRodShaped	14491	3.02546	0.5	-59.1437	73.5609	0	-0.779936	-0.625859	0	None	None
ChainingRodShaped	14493	3.75505	0.5	-100.042	-22.0867	0	0.703377	-0.710817	0	None	None
ChainingRodShaped	14495	3.63616	0.5	4.38715	-56.6678	0	0.930133	0.367222	0	None	None
ChainingRodShaped	14497	3.15461	0.5	-72.3429	78.6013	0	0.983627	-0.180215	0	None	None
ChainingRodShaped	14499	3.89127	0.5	45.2043	35.9175	0	0.293514	-0.955955	0	None	None
ChainingRodShaped	14501	3.69109	0.5	-25.2369	105.763	0	-0.95601	-0.293334	0	None	None
ChainingRodShaped	14503	3.00162	0.5	-11.9582	37.0264	0	0.56992	0.8217	0	None	None
ChainingRodShaped	14505	4.0599	0.5	61.8799	35.9915	0	0.294612	-0.955617	0	None	None
ChainingRodShaped	14507	2.98781	0.5	-146.207	130.616	0	0.730512	-0.6829	0	17402	14506
ChainingRodShaped	14509	3.54207	0.5	-49.5866	-6.24884	0	-0.834049	0.55169	0	None	None
ChainingRodShaped	14511	3.57642	0.5	-50.4597	86.0829	0	0.870389	-0.492364	0	None	None
ChainingRodShaped	14513	2.81282	0.5	64.6944	-7.17852	0	0.675766	0.737116	0	16362	14512
ChainingRodShaped	14515	4.10694	0.5	-36.7332	27.0812	0	0.91298	0.408004	0	None	None
ChainingRodShaped	14517	3.13693	0.5	23.1348	36.2755	0	-0.217329	-0.976098	0	None	None
ChainingRodShaped	14519	2.91765	0.5	165.693	126.033	0	0.938477	-0.345342	0	8375	14518
ChainingRodShaped	14521	4.16107	0.5	-125.031	6.40248	0	0.438463	-0.898749	0	None	None
ChainingRodShaped	14523	3.25092	0.5	110.064	102.458	0	0.78284	0.622223	0	6938	14522
ChainingRodShaped	14525	3.02618	0.5	-55.0985	69.7116	0	-0.948795	-0.315892	0	None	None
ChainingRodShaped	14527	4.11462	0.5	-32.0927	69.2305	0	-0.980598	-0.196029	0	None	None
ChainingRodShaped	14529	3.58569	0.5	138.242	57.7098	0	0.0881839	-0.996104	0	13794	14528
ChainingRodShaped	14531	2.92375	0.5	-3.35492	35.188	0	-0.931277	-0.364312	0	None	None
ChainingRodShaped	14533	3.44761	0.5	1.70195	39.3686	0	0.998483	0.0550688	0	None	None
ChainingRodShaped	14535	3.13107	0.5	-93.868	-7.1892	0	0.944773	0.327726	0	None	None
ChainingRodShaped	14537	3.39708	0.5	-121.582	1.83192	0	0.39309	-0.9195	0	None	None
ChainingRodShaped	14539	3.14152	0.5	-69.7736	23.4059	0	0.885552	0.46454	0	None	None
ChainingRodShaped	14541	3.50875	0.5	-80.9015	76.4206	0	0.977381	-0.211485	0	None	None
ChainingRodShaped	14543	3.15578	0.5	-88.8992	72.4698	0	-0.989709	0.143097	0	None	None
ChainingRodShaped	14545	3.48328	0.5	-39.5278	-63.9451	0	0.961518	-0.274743	0	None	None
ChainingRodShaped	14547	4.09182	0.5	-51.2793	75.9332	0	-0.986664	0.162768	0	None	None
ChainingRodShaped	14549	4.04698	0.5	-74.147	57.9186	0	-0.448091	-0.893988	0	None	None
ChainingRodShaped	14551	3.7279	0.5	-83.2304	109.519	0	-0.965233	0.261392	0	None	None
ChainingRodShaped	14553	3.90102	0.5	32.3345	32.9854	0	-0.15072	-0.988577	0	None	None
ChainingRodShaped	14555	3.86741	0.5	-96.578	30.5813	0	-0.731318	-0.682037	0	None	None
ChainingRodShaped	14557	2.82444	0.5	119.54	93.942	0	0.459559	0.888147	0	7176	14556
ChainingRodShaped	14559	3.18565	0.5	9.6799	-57.9141	0	0.996398	-0.0848034	0	7368	14558
ChainingRodShaped	14561	3.07668	0.5	0.378482	-12.132	0	0.999515	0.0311457	0	None	None
ChainingRodShaped	14563	3.29075	0.5	101.009	-27.9812	0	0.905976	-0.423329	0	16140	14562
ChainingRodShaped	14565	3.11183	0.5	-83.0925	20.9413	0	0.842256	0.539077	0	None	None
ChainingRodShaped	14567	2.81806	0.5	-17.0091	-52.7953	0	-0.982255	-0.18755	0	None	None
ChainingRodShaped	14569	3.97602	0.5	10.4024	34.0134	0	0.952982	0.303027	0	None	None
ChainingRodShaped	14571	3.95811	0.5	7.47502	19.7683	0	0.651376	-0.758755	0	None	None
ChainingRodShaped	14573	3.19481	0.5	-39.4969	-62.9447	0	-0.962546	0.271117	0	None	None
ChainingRodShaped	14575	3.96877	0.5	-20.793	-24.6599	0	0.480493	0.876999	0	None	None
ChainingRodShaped	14577	2.98407	0.5	61.8153	66.503	0	0.324818	-0.945777	0	13526	14576
ChainingRodShaped	14579	3.63729	0.5	-161.386	4.40079	0	-0.856779	-0.515684	0	15354	14578
ChainingRodShaped	14581	3.79514	0.5	-45.0172	122.084	0	-0.565633	0.824657	0	None	None
ChainingRodShaped	14583	4.07338	0.5	-37.9171	-4.2241	0	0.217005	0.976171	0	None	None
ChainingRodShaped	14585	3.61696	0.5	-118.01	95.7096	0	-0.734788	0.678297	0	14240	14584
ChainingRodShaped	14587	3.87667	0.5	-78.4569	55.6133	0	-0.0702858	-0.997527	0	None	None
ChainingRodShaped	14589	3.92928	0.5	53.5081	51.2232	0	-0.897768	0.440469	0	None	None
ChainingRodShaped	14591	3.01929	0.5	193.364	258.351	0	-0.459137	-0.888365	0	18988	14590
ChainingRodShaped	14593	4.18372	0.5	-7.51322	8.76948	0	-0.999997	0.00224929	0	None	None
ChainingRodShaped	14595	3.79966	0.5	28.4041	-38.8763	0	-0.999682	0.0252273	0	None	None
ChainingRodShaped	14597	3.02688	0.5	-83.893	100.557	0	-0.619024	-0.785372	0	None	None
ChainingRodShaped	14599	3.7495	0.5	-34.6635	-51.0665	0	0.999916	0.0129564	0	None	None
ChainingRodShaped	14601	3.37081	0.5	-108.795	25.8409	0	-0.725528	0.688193	0	None	None
ChainingRodShaped	14603	2.99212	0.5	-47.9277	68.4612	0	-0.960407	-0.278602	0	None	None
ChainingRodShaped	14605	4.17599	0.5	-1.83727	43.5244	0	0.924952	0.380085	0	None	None
ChainingRodShaped	14607	3.30651	0.5	-50.6615	42.862	0	0.589181	-0.808001	0	None	None
ChainingRodShaped	14609	3.48747	0.5	108.172	162.623	0	0.190762	-0.981636	0	11132	14608
ChainingRodShaped	14611	3.92458	0.5	58.6287	8.4842	0	-0.85757	-0.514367	0	None	None
ChainingRodShaped	14613	2.73022	0.5	18.7429	14.9712	0	-0.213486	0.976946	0	None	None
ChainingRodShaped	14615	2.79028	0.5	-88.7912	74.1505	0	-0.989709	0.143097	0	None	None
ChainingRodShaped	14617	2.77409	0.5	-22.1303	104.969	0	-0.944315	-0.329042	0	None	None
ChainingRodShaped	14619	3.85189	0.5	-73.0978	40.907	0	0.118755	-0.992924	0	None	None
ChainingRodShaped	14621	3.97208	0.5	-68.7851	77.0114	0	0.983281	-0.182093	0	None	None
ChainingRodShaped	14623	3.86457	0.5	51.2262	24.0884	0	0.703756	0.710442	0	None	None
ChainingRodShaped	14625	3.85261	0.5	57.3765	44.8028	0	-0.941507	-0.336993	0	None	None
ChainingRodShaped	14627	3.112	0.5	38.049	93.4476	0	0.610768	-0.791809	0	None	None
ChainingRodShaped	14629	3.87774	0.5	-42.1186	68.2368	0	-0.989742	-0.142866	0	None	None
ChainingRodShaped	14631	2.95967	0.5	-16.6793	93.6182	0	0.105486	0.994421	0	None	None
ChainingRodShaped	14633	3.074	0.5	-103.869	-35.9451	0	-0.30956	0.95088	0	8062	14632
ChainingRodShaped	14635	3.20895	0.5	-67.2985	-33.5281	0	0.99642	-0.0845391	0	None	None
ChainingRodShaped	14637	3.04973	0.5	-48.1757	21.5044	0	0.291646	-0.956526	0	None	None
ChainingRodShaped	14639	3.92833	0.5	-96.7126	-34.9708	0	0.817151	0.576424	0	None	None
ChainingRodShaped	14641	2.97732	0.5	35.8976	49.754	0	0.742896	-0.669407	0	None	None
ChainingRodShaped	14643	3.4127	0.5	-32.5626	38.1528	0	-0.486277	0.873805	0	None	None
ChainingRodShaped	14645	3.5246	0.5	-39.967	-42.4096	0	0.688736	0.725012	0	None	None
ChainingRodShaped	14647	2.81446	0.5	-8.15386	22.6404	0	0.709829	0.704374	0	None	None
ChainingRodShaped	14649	3.97067	0.5	-10.1264	-5.6203	0	-0.984649	-0.174546	0	None	None
ChainingRodShaped	14651	3.55868	0.5	-58.3006	32.7863	0	0.881107	0.472917	0	None	None
ChainingRodShaped	14653	3.60733	0.5	-30.281	166.088	0	0.46241	-0.886666	0	11386	14652
ChainingRodShaped	14655	3.78975	0.5	-96.0248	25.2271	0	0.621283	-0.783586	0	None	None
ChainingRodShaped	14657	3.08711	0.5	-60.9692	108.098	0	-0.999929	-0.0119252	0	None	None
ChainingRodShaped	14659	3.4226	0.5	-87.5734	57.9525	0	-0.182018	-0.983295	0	None	None
ChainingRodShaped	14661	2.81504	0.5	-59.649	113.322	0	-0.999364	0.0356563	0	None	None
ChainingRodShaped	14663	3.88663	0.5	54.9072	-2.70979	0	0.762069	0.647495	0	None	None
ChainingRodShaped	14665	2.89277	0.5	-7.57529	84.7451	0	0.85105	0.525085	0	None	None
ChainingRodShaped	14667	4.08021	0.5	-9.07299	12.3675	0	-0.647491	0.762073	0	None	None
ChainingRodShaped	14669	3.74294	0.5	33.3889	18.7239	0	0.23215	0.97268	0	None	None
ChainingRodShaped	14671	3.65164	0.5	-114.046	-18.885	0	-0.649212	0.760608	0	8363	14670
ChainingRodShaped	14673	3.56337	0.5	62.6091	20.5713	0	-0.169672	-0.985501	0	None	None
ChainingRodShaped	14675	2.76137	0.5	25.3862	-1.78316	0	-0.935412	-0.353559	0	None	None
ChainingRodShaped	14677	3.67815	0.5	-50.0734	123.837	0	-0.354936	-0.93489	0	None	None
ChainingRodShaped	14679	2.71224	0.5	88.7532	-0.360385	0	-0.455494	-0.890239	0	13442	14678
ChainingRodShaped	14681	2.86085	0.5	24.9655	-36.8043	0	0.826056	0.563588	0	None	None
ChainingRodShaped	14683	3.75348	0.5	-28.9445	2.68506	0	-0.0721456	0.997394	0	None	None
ChainingRodShaped	14685	2.87646	0.5	38.5634	43.9254	0	0.218115	-0.975923	0	None	None
ChainingRodShaped	14687	3.25414	0.5	118.156	115.068	0	0.225499	0.974243	0	17794	14686
ChainingRodShaped	14689	3.76122	0.5	-49.7865	104.37	0	-0.968211	-0.250134	0	None	None
ChainingRodShaped	14691	3.85965	0.5	-36.141	118.461	0	0.992804	0.119754	0	None	None
ChainingRodShaped	14693	2.93867	0.5	-95.6164	78.2408	0	0.994497	0.104761	0	None	None
ChainingRodShaped	14695	2.93965	0.5	60.8951	-12.9528	0	-0.644423	-0.764669	0	16192	14694
ChainingRodShaped	14697	3.78019	0.5	-23.5482	13.4843	0	-0.170097	-0.985427	0	None	None
ChainingRodShaped	14699	3.03318	0.5	-10.8173	-27.9539	0	0.999939	0.0110856	0	None	None
ChainingRodShaped	14701	2.64134	0.5	38.8207	-42.1884	0	-0.361637	-0.932319	0	14384	14700
ChainingRodShaped	14703	2.91931	0.5	-50.0623	43.1661	0	0.581024	-0.813886	0	None	None
ChainingRodShaped	14705	3.18805	0.5	-176.659	2.21004	0	-0.949105	0.314959	0	16336	14704
ChainingRodShaped	14707	2.78903	0.5	-71.7839	-9.40481	0	0.294204	0.955743	0	None	None
ChainingRodShaped	14709	3.36383	0.5	-110.501	-8.16459	0	-0.607079	0.794642	0	None	None
ChainingRodShaped	14711	3.64816	0.5	-22.0221	-35.0982	0	0.597462	-0.801897	0	None	None
ChainingRodShaped	14713	3.71007	0.5	-79.7704	-28.5183	0	-0.347786	-0.937574	0	None	None
ChainingRodShaped	14715	3.48274	0.5	-84.2788	-46.5617	0	0.750758	-0.660577	0	None	None
ChainingRodShaped	14717	4.09301	0.5	-41.1895	8.01294	0	0.812405	0.583093	0	None	None
ChainingRodShaped	14719	2.85423	0.5	-30.844	-19.3004	0	-0.801936	-0.597409	0	None	None
ChainingRodShaped	14721	3.51801	0.5	45.8135	61.507	0	0.966302	-0.257411	0	None	None
ChainingRodShaped	14723	3.79019	0.5	-72.0005	26.4117	0	0.889363	0.457202	0	None	None
ChainingRodShaped	14725	3.53256	0.5	-15.4932	-17.5444	0	-0.023107	0.999733	0	None	None
ChainingRodShaped	14727	3.59883	0.5	73.9155	26.8721	0	-0.930625	-0.365974	0	None	None
ChainingRodShaped	14729	2.99083	0.5	18.0673	44.7825	0	-0.0463805	-0.998924	0	None	None
ChainingRodShaped	14731	2.80955	0.5	-41.2718	92.917	0	-0.961635	0.274334	0	None	None
ChainingRodShaped	14733	3.44046	0.5	-126.993	38.4755	0	0.991242	0.132057	0	None	None
ChainingRodShaped	14735	3.66364	0.5	-12.2542	-11.5452	0	0.993346	0.115167	0	None	None
ChainingRodShaped	14737	2.7216	0.5	-48.8814	-49.868	0	0.620572	0.784149	0	None	None
ChainingRodShaped	14739	2.84208	0.5	-34.6618	84.5541	0	0.994602	-0.10376	0	None	None
ChainingRodShaped	14741	3.87353	0.5	-76.3452	56.7773	0	-0.421563	-0.906799	0	None	None
ChainingRodShaped	14743	3.56747	0.5	-99.5625	31.2395	0	-0.737001	-0.675891	0	None	None
ChainingRodShaped	14745	3.09266	0.5	37.6135	92.5568	0	0.618609	-0.785699	0	None	None
ChainingRodShaped	14747	3.16694	0.5	-9.59565	-41.8957	0	0.533241	0.845963	0	None	None
ChainingRodShaped	14749	3.43884	0.5	20.4887	83.3601	0	-0.992744	0.120249	0	None	None
ChainingRodShaped	14751	3.70885	0.5	-85.7605	58.7697	0	-0.162384	-0.986728	0	None	None
ChainingRodShaped	14753	3.43018	0.5	-79.6917	47.6224	0	-0.0405352	0.999178	0	None	None
ChainingRodShaped	14755	3.67953	0.5	-102.096	90.6232	0	0.999966	0.00821152	0	None	None
ChainingRodShaped	14757	3.61234	0.5	-30.0824	83.5046	0	0.801132	-0.598487	0	None	None
ChainingRodShaped	14759	3.93497	0.5	-48.0402	-56.4743	0	-0.580933	-0.813951	0	None	None
ChainingRodShaped	14761	2.8007	0.5	-122.529	58.668	0	0.523871	0.851798	0	12144	14760
ChainingRodShaped	14763	3.79688	0.5	-34.6076	64.1222	0	0.985839	0.167695	0	None	None
ChainingRodShaped	14765	3.34535	0.5	31.4116	96.9966	0	0.401719	0.915763	0	None	None
ChainingRodShaped	14767	3.41343	0.5	11.9163	15.8882	0	0.59039	-0.807118	0	None	None
ChainingRodShaped	14769	3.87807	0.5	-10.398	81.8963	0	-0.397463	0.917618	0	None	None
ChainingRodShaped	14771	2.90686	0.5	-49.2269	20.6435	0	0.293265	-0.956031	0	None	None
ChainingRodShaped	14773	3.7625	0.5	-9.20708	46.3765	0	0.884369	0.466789	0	None	None
ChainingRodShaped	14775	3.996	0.5	51.3796	12.3401	0	-0.859296	-0.511478	0	None	None
ChainingRodShaped	14777	3.79299	0.5	-3.90237	98.508	0	-0.196124	0.980579	0	None	None
ChainingRodShaped	14779	3.01338	0.5	75.6334	-0.0620164	0	0.810858	0.585243	0	10590	14778
ChainingRodShaped	14781	2.77482	0.5	-110.839	88.4688	0	0.72011	-0.693859	0	None	None
ChainingRodShaped	14783	3.44896	0.5	-12.8541	-60.9199	0	0.966258	0.257577	0	None	None
ChainingRodShaped	14785	3.25129	0.5	-29.9127	74.3237	0	0.98217	-0.187994	0	None	None
ChainingRodShaped	14787	3.09829	0.5	-13.3204	99.1638	0	0.233401	0.972381	0	None	None
ChainingRodShaped	14789	4.0087	0.5	-6.90182	44.2399	0	0.868957	0.494888	0	None	None
ChainingRodShaped	14791	2.82723	0.5	-20.5106	-35.8121	0	0.605497	-0.795848	0	None	None
ChainingRodShaped	14793	3.01779	0.5	-82.6533	10.8562	0	0.831744	0.555159	0	None	None
ChainingRodShaped	14795	3.62351	0.5	-194.697	9.46554	0	0.0370193	-0.999315	0	6474	14794
ChainingRodShaped	14797	3.12208	0.5	4.07975	149.703	0	-0.833752	0.552139	0	10204	14796
ChainingRodShaped	14799	3.76841	0.5	-8.37183	59.4352	0	0.93402	-0.35722	0	None	None
ChainingRodShaped	14801	3.57799	0.5	141.635	45.4256	0	0.648214	0.761459	0	7456	14800
ChainingRodShaped	14803	3.8207	0.5	-121.055	25.8721	0	-0.00843223	-0.999964	0	None	None
ChainingRodShaped	14805	3.38798	0.5	53.2953	37.4341	0	0.854395	0.519625	0	None	None
ChainingRodShaped	14807	2.87581	0.5	146.976	41.2432	0	-0.999996	0.00296418	0	15286	14806
ChainingRodShaped	14809	3.77605	0.5	24.0359	104.543	0	0.779335	0.626607	0	None	None
ChainingRodShaped	14811	2.77909	0.5	18.6035	62.2478	0	0.441549	-0.897237	0	None	None
ChainingRodShaped	14813	3.80789	0.5	21.1814	24.4343	0	0.988883	-0.148698	0	None	None
ChainingRodShaped	14815	3.39677	0.5	-64.2209	79.9669	0	0.910728	-0.413008	0	None	None
ChainingRodShaped	14817	3.59797	0.5	-2.93468	62.5748	0	0.423819	0.905747	0	None	None
ChainingRodShaped	14819	2.92421	0.5	-92.3199	87.6062	0	-0.618253	-0.785979	0	None	None
ChainingRodShaped	14821	2.81159	0.5	-53.1932	42.696	0	0.657856	-0.753143	0	None	None
ChainingRodShaped	14823	2.9242	0.5	181.435	122.772	0	-0.99732	0.0731572	0	10420	14822
ChainingRodShaped	14825	3.40634	0.5	32.422	1.72975	0	-0.941967	-0.335706	0	None	None
ChainingRodShaped	14827	3.12304	0.5	108.922	151.46	0	-0.379286	0.92528	0	14262	14826
ChainingRodShaped	14829	3.52621	0.5	-26.0547	-27.2515	0	0.393167	-0.919467	0	None	None
ChainingRodShaped	14831	3.21591	0.5	30.7628	49.6421	0	0.492487	0.87032	0	None	None
ChainingRodShaped	14833	3.49256	0.5	-83.433	21.6062	0	0.84198	0.539508	0	None	None
ChainingRodShaped	14835	3.7018	0.5	-64.8665	-9.70028	0	-0.297698	-0.95466	0	None	None
ChainingRodShaped	14837	2.71933	0.5	-74.6347	-11.8029	0	-0.807097	-0.590419	0	None	None
ChainingRodShaped	14839	3.79185	0.5	-9.16775	38.1443	0	0.894621	0.446826	0	None	None
ChainingRodShaped	14841	2.95932	0.5	-12.2385	-24.7369	0	0.998139	0.0609806	0	None	None
ChainingRodShaped	14843	2.81691	0.5	22.4188	-71.1117	0	0.178734	-0.983897	0	18168	14842
ChainingRodShaped	14845	3.25096	0.5	57.1225	31.063	0	0.387403	0.92191	0	None	None
ChainingRodShaped	14847	2.86297	0.5	-86.4763	108.092	0	-0.667131	-0.74494	0	None	None
ChainingRodShaped	14849	3.37219	0.5	-12.5574	56.0719	0	-0.191826	0.981429	0	None	None
ChainingRodShaped	14851	3.51747	0.5	8.38468	67.5448	0	0.534209	0.845352	0	None	None
ChainingRodShaped	14853	3.8532	0.5	51.6111	41.5868	0	-0.915298	-0.402777	0	None	None
ChainingRodShaped	14855	2.93748	0.5	-70.793	70.5881	0	-0.577056	-0.816704	0	None	None
ChainingRodShaped	14857	3.39738	0.5	32.6948	12.5716	0	-0.205594	-0.978637	0	None	None
ChainingRodShaped	14859	3.5099	0.5	-20.2641	35.8479	0	-0.407286	0.913301	0	None	None
ChainingRodShaped	14861	3.63668	0.5	-47.4306	-26.3037	0	0.99747	0.0710836	0	None	None
ChainingRodShaped	14863	3.51197	0.5	-40.3121	14.0306	0	-0.849687	-0.527288	0	None	None
ChainingRodShaped	14865	3.24818	0.5	50.8616	-22.1101	0	0.611386	0.791333	0	None	None
ChainingRodShaped	14867	3.90393	0.5	-90.9946	94.753	0	-0.603658	-0.797243	0	None	None
ChainingRodShaped	14869	2.98565	0.5	2.11787	17.8035	0	0.654331	0.756209	0	None	None
ChainingRodShaped	14871	2.81849	0.5	-102.692	-3.30351	0	0.991241	-0.132066	0	None	None
ChainingRodShaped	14873	3.51368	0.5	-35.4277	-57.9744	0	0.922544	0.385891	0	None	None
ChainingRodShaped	14875	3.62048	0.5	-47.4789	108.341	0	-0.00313312	-0.999995	0	None	None
ChainingRodShaped	14877	3.62731	0.5	-91.448	46.2439	0	-0.0171731	-0.999853	0	None	None
ChainingRodShaped	14879	2.75365	0.5	28.2191	86.2001	0	0.393503	0.919323	0	None	None
ChainingRodShaped	14881	3.56603	0.5	-54.0458	82.3865	0	0.898621	-0.438726	0	None	None
ChainingRodShaped	14883	3.14406	0.5	-81.5333	27.3721	0	0.843956	0.536413	0	None	None
ChainingRodShaped	14885	3.27768	0.5	-79.3449	105.768	0	-0.985334	-0.170634	0	None	None
ChainingRodShaped	14887	3.92123	0.5	4.28599	-53.796	0	0.00823009	-0.999966	0	None	None
ChainingRodShaped	14889	3.7374	0.5	-32.9576	-6.38209	0	-0.177367	-0.984145	0	None	None
ChainingRodShaped	14891	3.04254	0.5	-85.936	49.5618	0	0.0520096	-0.998647	0	None	None
ChainingRodShaped	14893	3.42948	0.5	45.9394	73.9479	0	-0.00217521	-0.999998	0	None	None
ChainingRodShaped	14895	3.6552	0.5	-62.7234	-11.7224	0	0.999996	-0.00288268	0	None	None
ChainingRodShaped	14897	3.66717	0.5	22.3346	27.3124	0	0.809179	0.587563	0	None	None
ChainingRodShaped	14899	3.63732	0.5	-68.6562	-39.4091	0	0.764979	0.644055	0	None	None
ChainingRodShaped	14901	2.84581	0.5	-86.3689	-9.58115	0	-0.629953	-0.776633	0	None	None
ChainingRodShaped	14903	3.90981	0.5	-45.8966	71.3269	0	-0.9576	-0.2881	0	None	None
ChainingRodShaped	14905	3.72702	0.5	-64.0528	80.6279	0	0.91481	-0.403885	0	None	None
ChainingRodShaped	14907	3.27283	0.5	-54.362	39.7019	0	0.701117	-0.713047	0	None	None
ChainingRodShaped	14909	3.11755	0.5	-51.6387	108.42	0	-0.825627	-0.564217	0	None	None
ChainingRodShaped	14911	3.02678	0.5	-73.1338	81.0566	0	0.986624	-0.163013	0	None	None
ChainingRodShaped	14913	3.59614	0.5	5.52115	-36.5675	0	-0.596607	-0.802534	0	None	None
ChainingRodShaped	14915	3.81849	0.5	-102.239	-10.6519	0	-0.644096	0.764945	0	None	None
ChainingRodShaped	14917	3.04847	0.5	-93.0682	-3.05834	0	0.357143	0.93405	0	None	None
ChainingRodShaped	14919	3.84909	0.5	42.9517	91.5444	0	0.623543	-0.781789	0	None	None
ChainingRodShaped	14921	3.29112	0.5	-33.3211	-14.4025	0	-0.652404	-0.757871	0	None	None
ChainingRodShaped	14923	4.00853	0.5	-31.1308	10.2685	0	-0.356826	-0.934171	0	None	None
ChainingRodShaped	14925	3.44061	0.5	-33.7716	81.2254	0	0.799933	-0.60009	0	None	None
ChainingRodShaped	14927	3.50219	0.5	-51.3688	68.7983	0	-0.938825	-0.344394	0	None	None
ChainingRodShaped	14929	3.1829	0.5	-1.85415	-6.36095	0	-0.997423	0.071739	0	None	None
ChainingRodShaped	14931	3.16061	0.5	-38.1479	55.0218	0	0.260114	0.965578	0	None	None
ChainingRodShaped	14933	3.03347	0.5	-113.598	70.0801	0	0.0685524	-0.997648	0	None	None
ChainingRodShaped	14935	3.8131	0.5	-101.692	2.87186	0	0.151409	-0.988471	0	None	None
ChainingRodShaped	14937	3.76659	0.5	31.248	28.018	0	-0.0661075	0.997813	0	None	None
ChainingRodShaped	14939	3.11292	0.5	63.5729	52.3823	0	0.214529	-0.976718	0	None	None
ChainingRodShaped	14941	2.65727	0.5	-190.268	20.1803	0	-0.0313886	0.999507	0	11816	14940
ChainingRodShaped	14943	2.95763	0.5	-113.784	51.0221	0	0.971125	0.23857	0	None	None
ChainingRodShaped	14945	3.68134	0.5	-58.231	105.185	0	-0.871909	-0.489668	0	None	None
ChainingRodShaped	14947	3.48685	0.5	11.3064	-29.0149	0	-0.757815	-0.652469	0	None	None
ChainingRodShaped	14949	2.95207	0.5	-129.782	37.6932	0	0.692526	-0.721393	0	None	None
ChainingRodShaped	14951	3.776	0.5	-4.84898	65.7736	0	0.431538	0.902095	0	None	None
ChainingRodShaped	14953	2.75725	0.5	-11.7801	107.073	0	-0.713084	0.701078	0	None	None
ChainingRodShaped	14955	3.0165	0.5	-119.006	-153.104	0	-0.970254	-0.242089	0	7303	14954
ChainingRodShaped	14957	3.40893	0.5	-6.61414	80.7616	0	0.999042	-0.0437591	0	None	None
ChainingRodShaped	14959	2.95505	0.5	17.5559	10.1109	0	-0.0699914	0.997548	0	None	None
ChainingRodShaped	14961	2.89258	0.5	-8.16335	104.78	0	-0.719509	0.694483	0	None	None
ChainingRodShaped	14963	3.69885	0.5	-34.3675	80.6919	0	0.805891	-0.592064	0	None	None
ChainingRodShaped	14965	3.03838	0.5	19.8526	89.1608	0	-0.974876	-0.222746	0	None	None
ChainingRodShaped	14967	3.27213	0.5	-58.8164	53.1415	0	0.78739	0.616455	0	None	None
ChainingRodShaped	14969	2.66849	0.5	-122.604	46.0215	0	0.955566	0.294778	0	None	None
ChainingRodShaped	14971	2.92604	0.5	-59.9917	132.078	0	0.923963	-0.382482	0	9216	14970
ChainingRodShaped	14973	3.12866	0.5	-36.9191	73.4066	0	-0.978176	-0.20778	0	None	None
ChainingRodShaped	14975	3.51598	0.5	-62.9948	-13.2538	0	-0.999741	0.0227429	0	None	None
ChainingRodShaped	14977	3.79192	0.5	-13.7868	49.7019	0	0.708625	0.705586	0	None	None
ChainingRodShaped	14979	3.55553	0.5	-225.724	0.760334	0	-0.204257	-0.978917	0	8143	14978
ChainingRodShaped	14981	3.73567	0.5	30.1081	70.5533	0	0.998456	-0.0555404	0	None	None
ChainingRodShaped	14983	3.23886	0.5	-10.231	40.0014	0	0.879405	0.476075	0	None	None
ChainingRodShaped	14985	3.04632	0.5	-1.93835	-5.64098	0	-0.998099	0.0616267	0	None	None
ChainingRodShaped	14987	3.84411	0.5	-15.0131	-6.77859	0	-0.992431	-0.1228	0	None	None
ChainingRodShaped	14989	3.8917	0.5	4.4685	98.8527	0	-0.625921	-0.779886	0	None	None
ChainingRodShaped	14991	3.12642	0.5	-34.0049	61.1214	0	0.30632	-0.951928	0	None	None
ChainingRodShaped	14993	2.8325	0.5	-58.4258	-43.6439	0	-0.997348	-0.0727816	0	None	None
ChainingRodShaped	14995	3.71236	0.5	-32.8344	-42.7294	0	-0.652422	-0.757856	0	None	None
ChainingRodShaped	14997	3.3166	0.5	-75.3471	14.5276	0	0.846492	0.532402	0	None	None
ChainingRodShaped	14999	3.40136	0.5	132.871	198.99	0	-0.980167	0.198173	0	14406	14998
ChainingRodShaped	15001	3.88133	0.5	-114.799	52.5735	0	0.975712	0.219059	0	None	None
ChainingRodShaped	15003	2.99458	0.5	-38.9493	129.459	0	-0.996567	0.0827952	0	16226	15002
ChainingRodShaped	15005	3.19773	0.5	43.2712	-22.6201	0	-0.763281	-0.646067	0	None	None
ChainingRodShaped	15007	3.1821	0.5	48.9401	-29.1583	0	0.632796	0.774318	0	8795	15006
ChainingRodShaped	15009	3.86977	0.5	14.3913	-18.6868	0	0.999162	0.040935	0	None	None
ChainingRodShaped	15011	3.27895	0.5	86.602	229.274	0	-0.952896	-0.303298	0	16072	15010
ChainingRodShaped	15013	3.64722	0.5	-71.3694	51.8361	0	0.482624	0.875828	0	None	None
ChainingRodShaped	15015	2.71756	0.5	-81.0211	191.973	0	-0.999998	-0.00197421	0	18028	15014
ChainingRodShaped	15017	3.31907	0.5	-49.8308	81.3201	0	0.994246	-0.107124	0	None	None
ChainingRodShaped	15019	3.47592	0.5	-8.96222	37.4766	0	0.898945	0.438062	0	None	None
ChainingRodShaped	15021	3.44602	0.5	-12.8981	27.4678	0	0.740712	0.671823	0	None	None
ChainingRodShaped	15023	2.78331	0.5	-33.1252	-59.0489	0	0.930076	0.367367	0	None	None
ChainingRodShaped	15025	3.84183	0.5	-112.449	65.8788	0	-0.738421	-0.67434	0	None	None
ChainingRodShaped	15027	3.03116	0.5	-83.3777	43.2038	0	0.0124073	-0.999923	0	None	None
ChainingRodShaped	15029	3.71387	0.5	-11.6472	63.6064	0	0.730249	0.683181	0	None	None
ChainingRodShaped	15031	2.69921	0.5	45.9335	2.38943	0	-0.972218	-0.234079	0	None	None
ChainingRodShaped	15033	3.48938	0.5	53.988	116.222	0	-0.885937	0.463805	0	15056	15032
ChainingRodShaped	15035	3.78694	0.5	23.7594	49.198	0	-0.0996346	-0.995024	0	None	None
ChainingRodShaped	15037	3.62113	0.5	-70.5188	67.2378	0	-0.594921	-0.803784	0	None	None
ChainingRodShaped	15039	3.94079	0.5	27.4125	47.4053	0	0.754118	-0.656739	0	None	None
ChainingRodShaped	15041	3.61133	0.5	44.2581	8.4009	0	-0.997216	0.0745698	0	None	None
ChainingRodShaped	15043	3.62238	0.5	73.2757	16.8345	0	0.756493	0.654001	0	None	None
ChainingRodShaped	15045	3.08015	0.5	-89.3248	15.3598	0	0.828253	0.560355	0	None	None
ChainingRodShaped	15047	3.0801	0.5	-29.1904	35.7583	0	-0.23577	0.971809	0	None	None
ChainingRodShaped	15049	3.16254	0.5	-38.8442	65.5714	0	-0.366372	-0.930468	0	None	None
ChainingRodShaped	15051	3.62164	0.5	-64.1654	-16.2617	0	0.991436	-0.130597	0	None	None
ChainingRodShaped	15053	3.9592	0.5	21.8875	87.2094	0	0.971574	0.236737	0	None	None
ChainingRodShaped	15055	3.17091	0.5	-36.5058	113.892	0	-0.11643	0.993199	0	None	None
ChainingRodShaped	15057	3.17766	0.5	60.6463	111.345	0	-0.733985	0.679166	0	8557	15056
ChainingRodShaped	15059	3.58811	0.5	-1.06183	-39.992	0	-0.676654	-0.736301	0	None	None
ChainingRodShaped	15061	2.82663	0.5	-1.17608	97.4286	0	0.452663	0.891682	0	None	None
ChainingRodShaped	15063	2.96576	0.5	-101.329	79.8502	0	-0.00108521	0.999999	0	None	None
ChainingRodShaped	15065	3.74228	0.5	18.6676	54.8367	0	-0.301339	-0.953517	0	None	None
ChainingRodShaped	15067	3.00689	0.5	-116.038	31.8509	0	-0.808269	-0.588814	0	None	None
ChainingRodShaped	15069	2.73532	0.5	20.267	-51.9986	0	-0.963182	-0.26885	0	None	None
ChainingRodShaped	15071	3.76766	0.5	-10.8483	69.0056	0	0.228516	0.97354	0	None	None
ChainingRodShaped	15073	3.50571	0.5	106.67	66.5522	0	0.546137	0.837696	0	16006	15072
ChainingRodShaped	15075	3.40258	0.5	44.3706	11.6693	0	-0.993413	0.114586	0	None	None
ChainingRodShaped	15077	2.70946	0.5	-75.7362	66.945	0	0.411273	0.911512	0	None	None
ChainingRodShaped	15079	2.91794	0.5	-65.2055	97.9006	0	-0.83074	0.55666	0	None	None
ChainingRodShaped	15081	2.79339	0.5	33.2479	1.17478	0	-0.941002	-0.338401	0	None	None
ChainingRodShaped	15083	3.56496	0.5	36.0917	23.9863	0	0.639047	-0.769168	0	None	None
ChainingRodShaped	15085	3.38812	0.5	58.2422	142.82	0	-0.351518	-0.936181	0	9400	15084
ChainingRodShaped	15087	3.65333	0.5	56.3468	-14.0584	0	0.647815	0.761798	0	None	None
ChainingRodShaped	15089	2.97885	0.5	14.9752	-51.1267	0	-0.670936	0.741515	0	None	None
ChainingRodShaped	15091	3.51627	0.5	-38.9499	-44.6621	0	-0.66665	-0.745371	0	None	None
ChainingRodShaped	15093	3.50774	0.5	-10.763	-42.0804	0	0.573477	0.819222	0	None	None
ChainingRodShaped	15095	3.63015	0.5	-3.36256	63.5098	0	0.416754	0.909019	0	None	None
ChainingRodShaped	15097	2.58377	0.5	119.844	75.5457	0	0.992124	0.125262	0	12904	15096
ChainingRodShaped	15099	3.08994	0.5	-55.9823	25.8817	0	-0.575485	-0.817812	0	None	None
ChainingRodShaped	15101	3.60971	0.5	-25.9577	82.2715	0	0.806154	-0.591706	0	None	None
ChainingRodShaped	15103	3.19129	0.5	43.1902	72.615	0	-0.222977	-0.974824	0	None	None
ChainingRodShaped	15105	2.8966	0.5	-67.7409	70.3351	0	-0.790975	-0.611849	0	None	None
ChainingRodShaped	15107	3.12755	0.5	16.3065	-14.205	0	-0.998341	-0.0575854	0	None	None
ChainingRodShaped	15109	3.42717	0.5	-62.134	55.7995	0	0.834208	0.551449	0	None	None
ChainingRodShaped	15111	3.42377	0.5	-5.73109	-32.4162	0	0.0807958	0.996731	0	None	None
ChainingRodShaped	15113	3.51429	0.5	-95.7544	12.9939	0	0.207104	-0.978319	0	None	None
ChainingRodShaped	15115	2.75444	0.5	205.994	161.22	0	0.355247	-0.934773	0	7690	15114
ChainingRodShaped	15117	2.86911	0.5	-8.23934	57.369	0	0.944434	-0.328702	0	None	None
ChainingRodShaped	15119	3.39289	0.5	23.7708	16.8589	0	0.948574	0.316556	0	None	None
ChainingRodShaped	15121	3.48786	0.5	-122.772	6.0899	0	-0.477589	0.878583	0	None	None
ChainingRodShaped	15123	3.18411	0.5	50.9243	36.6662	0	0.105289	-0.994442	0	None	None
ChainingRodShaped	15125	3.74317	0.5	-92.1034	103.425	0	-0.557101	-0.830445	0	None	None
ChainingRodShaped	15127	2.86277	0.5	-126.884	40.2506	0	0.993683	0.112225	0	None	None
ChainingRodShaped	15129	2.95029	0.5	-80.0677	24.5819	0	0.85776	0.514051	0	None	None
ChainingRodShaped	15131	3.88272	0.5	-6.32379	81.4682	0	0.998556	-0.0537227	0	None	None
ChainingRodShaped	15133	3.33538	0.5	-18.8657	26.0814	0	-0.742074	0.670318	0	None	None
ChainingRodShaped	15135	3.0485	0.5	-69.9312	51.6327	0	0.500213	0.865903	0	None	None
ChainingRodShaped	15137	3.91061	0.5	-44.8223	-35.3795	0	0.608782	-0.793338	0	None	None
ChainingRodShaped	15139	3.01444	0.5	-48.3842	17.1277	0	-0.0865712	-0.996246	0	None	None
ChainingRodShaped	15141	3.2832	0.5	-82.8392	5.69385	0	0.830416	0.557144	0	None	None
ChainingRodShaped	15143	3.3808	0.5	130.767	-102.452	0	-0.759231	-0.650821	0	7790	15142
ChainingRodShaped	15145	2.69331	0.5	-53.8726	-54.9321	0	0.602135	0.798394	0	None	None
ChainingRodShaped	15147	3.69047	0.5	27.9531	12.634	0	0.233411	0.972378	0	None	None
ChainingRodShaped	15149	3.84024	0.5	-76.9189	100.983	0	-0.321291	-0.946981	0	None	None
ChainingRodShaped	15151	3.27412	0.5	-25.9389	29.7529	0	0.97668	-0.214701	0	None	None
ChainingRodShaped	15153	3.13983	0.5	58.9937	42.6304	0	0.944138	0.32955	0	None	None
ChainingRodShaped	15155	2.63855	0.5	-108.2	-25.2769	0	0.547111	-0.83706	0	6955	15154
ChainingRodShaped	15157	3.50108	0.5	-53.8512	124.59	0	0.280052	-0.959985	0	None	None
ChainingRodShaped	15159	2.64075	0.5	-62.7526	66.2962	0	-0.768464	-0.639893	0	None	None
ChainingRodShaped	15161	3.17666	0.5	14.4448	109.03	0	0.997929	0.0643285	0	None	None
ChainingRodShaped	15163	3.23834	0.5	15.0332	28.3449	0	-0.794793	-0.60688	0	None	None
ChainingRodShaped	15165	3.10067	0.5	-17.3475	-40.365	0	0.925768	0.378092	0	None	None
ChainingRodShaped	15167	3.45581	0.5	-44.1911	27.3252	0	-0.0507974	-0.998709	0	None	None
ChainingRodShaped	15169	3.72345	0.5	-28.9329	119.839	0	0.774534	0.632533	0	None	None
ChainingRodShaped	15171	3.57304	0.5	-128	43.8508	0	0.862837	-0.505482	0	None	None
ChainingRodShaped	15173	3.36327	0.5	9.62862	77.828	0	-0.986651	-0.162847	0	None	None
ChainingRodShaped	15175	3.85859	0.5	25.0583	109.118	0	-0.654184	-0.756335	0	None	None
ChainingRodShaped	15177	2.63601	0.5	-103.892	67.9288	0	-0.255749	-0.966743	0	None	None
ChainingRodShaped	15179	3.78379	0.5	43.8463	46.1053	0	0.0386439	-0.999253	0	None	None
ChainingRodShaped	15181	2.97962	0.5	64.811	108.711	0	0.725497	-0.688225	0	8011	15180
ChainingRodShaped	15183	2.71016	0.5	-120.587	3.94132	0	-0.438355	0.898802	0	None	None
ChainingRodShaped	15185	2.79636	0.5	46.9892	55.0808	0	0.894217	0.447634	0	None	None
ChainingRodShaped	15187	3.59134	0.5	-107.857	16.2619	0	0.475712	-0.879601	0	None	None
ChainingRodShaped	15189	2.64352	0.5	-43.3471	112.312	0	0.0788971	-0.996883	0	None	None
ChainingRodShaped	15191	3.31367	0.5	-18.88	115.621	0	0.921253	0.388963	0	None	None
ChainingRodShaped	15193	2.85114	0.5	-103.082	-25.903	0	0.802958	-0.596036	0	None	None
ChainingRodShaped	15195	3.84257	0.5	-68.5274	81.2875	0	-0.991864	0.127305	0	None	None
ChainingRodShaped	15197	3.16954	0.5	-4.99929	-29.3699	0	-0.917178	0.398478	0	None	None
ChainingRodShaped	15199	2.96274	0.5	-32.2195	191.153	0	-0.294511	-0.955648	0	17578	15198
ChainingRodShaped	15201	2.7734	0.5	-88.0574	-36.8733	0	0.00421203	-0.999991	0	None	None
ChainingRodShaped	15203	3.77458	0.5	-49.8937	116.32	0	0.431268	-0.902224	0	None	None
ChainingRodShaped	15205	2.85165	0.5	-67.9452	-15.0801	0	-0.990064	0.140618	0	None	None
ChainingRodShaped	15207	3.12489	0.5	-28.062	59.5441	0	0.999999	0.00146806	0	None	None
ChainingRodShaped	15209	2.72794	0.5	26.5206	-29.2965	0	0.754449	-0.656359	0	None	None
ChainingRodShaped	15211	3.77724	0.5	-88.2003	68.4001	0	0.992965	-0.118406	0	None	None
ChainingRodShaped	15213	3.23409	0.5	61.7581	6.17235	0	0.851659	0.524097	0	None	None
ChainingRodShaped	15215	2.75536	0.5	-112.336	35.4514	0	0.998314	0.0580454	0	None	None
ChainingRodShaped	15217	3.87098	0.5	1.33197	-3.57436	0	-0.999303	0.0373387	0	None	None
ChainingRodShaped	15219	3.87617	0.5	38.5123	30.0917	0	0.437368	-0.899283	0	None	None
ChainingRodShaped	15221	3.39036	0.5	-70.6615	-27.1872	0	0.99396	-0.109746	0	None	None
ChainingRodShaped	15223	3.34538	0.5	45.4384	59.8223	0	0.960959	-0.276691	0	None	None
ChainingRodShaped	15225	3.20968	0.5	-7.17697	-31.0825	0	-0.100467	-0.99494	0	None	None
ChainingRodShaped	15227	3.14522	0.5	-34.9488	63.3557	0	0.984416	0.175855	0	None	None
ChainingRodShaped	15229	3.7739	0.5	-50.7945	-35.5307	0	0.822699	0.568478	0	None	None
ChainingRodShaped	15231	3.30434	0.5	12.4879	82.3071	0	0.999964	0.00849439	0	None	None
ChainingRodShaped	15233	3.02171	0.5	-17.7678	-38.0207	0	0.925128	0.379654	0	None	None
ChainingRodShaped	15235	3.03547	0.5	-78.9673	47.6155	0	-0.0305387	0.999534	0	None	None
ChainingRodShaped	15237	3.29864	0.5	-86.0784	-10.4966	0	-0.637678	-0.770303	0	None	None
ChainingRodShaped	15239	2.62365	0.5	5.80004	67.6188	0	0.525701	0.850669	0	None	None
ChainingRodShaped	15241	3.01483	0.5	40.6233	27.8346	0	0.514568	-0.857449	0	None	None
ChainingRodShaped	15243	2.95174	0.5	-10.2372	-14.4463	0	0.899582	-0.436752	0	None	None
ChainingRodShaped	15245	3.82126	0.5	-66.296	16.5391	0	0.858204	0.513309	0	None	None
ChainingRodShaped	15247	3.01133	0.5	54.9563	-18.6616	0	0.63152	0.77536	0	15252	15246
ChainingRodShaped	15249	3.54815	0.5	56.378	66.6477	0	-0.851586	0.524215	0	None	None
ChainingRodShaped	15251	3.34607	0.5	22.8051	-19.3676	0	-0.990901	0.134595	0	None	None
ChainingRodShaped	15253	3.36662	0.5	50.0244	-24.7524	0	0.623807	0.781578	0	13950	15252
ChainingRodShaped	15255	3.63789	0.5	35.9777	-19.5905	0	-0.766086	-0.642738	0	None	None
ChainingRodShaped	15257	3.84985	0.5	-10.2418	-28.7814	0	0.999999	0.00117859	0	None	None
ChainingRodShaped	15259	3.26038	0.5	42.9558	-12.9114	0	0.890981	0.45404	0	None	None
ChainingRodShaped	15261	3.39163	0.5	-87.5852	3.40095	0	0.823777	0.566914	0	None	None
ChainingRodShaped	15263	3.62404	0.5	-48.6989	-48.2585	0	0.628368	0.777916	0	None	None
ChainingRodShaped	15265	2.97415	0.5	-8.21134	7.50783	0	-0.961284	0.27556	0	None	None
ChainingRodShaped	15267	2.99496	0.5	-78.0963	49.6152	0	-0.0402213	-0.999191	0	None	None
ChainingRodShaped	15269	2.98452	0.5	-64.7135	99.5364	0	-0.832476	0.554061	0	None	None
ChainingRodShaped	15271	3.16614	0.5	27.8754	105.668	0	0.952567	-0.304328	0	None	None
ChainingRodShaped	15273	3.06379	0.5	-21.8131	-17.9176	0	0.598057	0.801454	0	None	None
ChainingRodShaped	15275	2.87647	0.5	-75.1401	-0.222514	0	-0.906113	-0.423036	0	None	None
ChainingRodShaped	15277	2.94696	0.5	45.5404	60.6879	0	0.963678	-0.267065	0	None	None
ChainingRodShaped	15279	3.63304	0.5	-42.4653	25.9926	0	0.286247	-0.958156	0	None	None
ChainingRodShaped	15281	2.68452	0.5	19.937	19.8807	0	0.986311	0.164894	0	None	None
ChainingRodShaped	15283	3.02455	0.5	-154.573	-24.9816	0	-0.797763	-0.602971	0	12774	15282
ChainingRodShaped	15285	3.29711	0.5	-41.9066	-4.90255	0	0.338052	-0.941128	0	None	None
ChainingRodShaped	15287	2.59694	0.5	154.305	39.4387	0	-0.88458	0.466388	0	12224	15286
ChainingRodShaped	15289	3.3903	0.5	-82.3633	113.841	0	-0.916718	-0.399535	0	None	None
ChainingRodShaped	15291	3.12733	0.5	0.667393	34.912	0	-0.963886	-0.266317	0	None	None
ChainingRodShaped	15293	3.39855	0.5	-25.4322	61.4572	0	-0.947792	-0.318889	0	None	None
ChainingRodShaped	15295	2.72824	0.5	-26.2677	-58.0082	0	0.460849	0.887478	0	None	None
ChainingRodShaped	15297	2.89253	0.5	141.646	127.535	0	0.899903	0.436091	0	8241	15296
ChainingRodShaped	15299	3.709	0.5	-31.2822	48.58	0	0.999897	-0.0143573	0	None	None
ChainingRodShaped	15301	3.13577	0.5	-43.4962	57.473	0	-0.0806181	-0.996745	0	None	None
ChainingRodShaped	15303	3.3966	0.5	32.1149	37.5177	0	0.187536	-0.982258	0	None	None
ChainingRodShaped	15305	2.89469	0.5	15.2092	99.9569	0	0.993248	-0.116006	0	None	None
ChainingRodShaped	15307	3.41361	0.5	-1.56736	60.0537	0	0.450707	0.892672	0	None	None
ChainingRodShaped	15309	2.81955	0.5	106.433	-110.975	0	-0.983652	0.180082	0	16168	15308
ChainingRodShaped	15311	2.79281	0.5	-30.6426	-15.2494	0	-0.682079	-0.731278	0	None	None
ChainingRodShaped	15313	3.83239	0.5	-36.9475	29.8842	0	0.894758	0.446551	0	None	None
ChainingRodShaped	15315	3.77235	0.5	-124.047	36.2401	0	-0.988284	-0.152625	0	None	None
ChainingRodShaped	15317	3.08626	0.5	63.5	-68.6951	0	0.943437	-0.331551	0	17322	15316
ChainingRodShaped	15319	3.58702	0.5	-11.8551	22.8837	0	0.703259	0.710933	0	None	None
ChainingRodShaped	15321	3.75747	0.5	-70.52	-6.72162	0	-0.756704	0.653758	0	None	None
ChainingRodShaped	15323	3.53561	0.5	-39.1731	119.044	0	-0.199365	0.979925	0	None	None
ChainingRodShaped	15325	3.6386	0.5	-71.9946	101.565	0	-0.836979	-0.547235	0	None	None
ChainingRodShaped	15327	2.73251	0.5	-67.0567	-12.8883	0	-0.98734	0.15862	0	None	None
ChainingRodShaped	15329	2.63997	0.5	-75.9774	-27.2817	0	0.987548	-0.157316	0	None	None
ChainingRodShaped	15331	2.96985	0.5	-47.5201	79.8704	0	0.996193	-0.087178	0	None	None
ChainingRodShaped	15333	3.03505	0.5	45.8532	-3.59654	0	0.963412	0.268024	0	None	None
ChainingRodShaped	15335	3.61079	0.5	-73.1102	32.3795	0	0.891727	0.452574	0	None	None
ChainingRodShaped	15337	3.42026	0.5	30.6177	74.9128	0	-0.94742	0.319994	0	None	None
ChainingRodShaped	15339	2.90252	0.5	15.5065	-9.69003	0	0.991238	0.132087	0	None	None
ChainingRodShaped	15341	3.59899	0.5	-49.1379	-41.8544	0	-0.581257	-0.81372	0	None	None
ChainingRodShaped	15343	3.19708	0.5	-64.0066	12.2034	0	0.292483	0.956271	0	None	None
ChainingRodShaped	15345	2.65625	0.5	-62.5019	-32.9911	0	-0.999004	0.0446158	0	None	None
ChainingRodShaped	15347	2.77748	0.5	-172.414	-65.6781	0	0.890713	0.454566	0	15694	15346
ChainingRodShaped	15349	2.71379	0.5	-57.3782	31.7694	0	0.885016	0.465561	0	None	None
ChainingRodShaped	15351	2.96544	0.5	13.491	-42.085	0	-0.705627	-0.708583	0	None	None
ChainingRodShaped	15353	3.00216	0.5	3.63069	-26.7276	0	0.76466	-0.644434	0	None	None
ChainingRodShaped	15355	2.79266	0.5	-155.131	9.05685	0	-0.752161	-0.65898	0	10970	15354
ChainingRodShaped	15357	3.54104	0.5	-119.139	3.09693	0	0.447321	-0.894373	0	None	None
ChainingRodShaped	15359	3.47516	0.5	32.6645	-1.66601	0	-0.939369	-0.342909	0	None	None
ChainingRodShaped	15361	3.41267	0.5	7.31219	32.133	0	0.951835	0.306611	0	None	None
ChainingRodShaped	15363	2.65572	0.5	15.3309	-37.7776	0	0.71822	0.695816	0	None	None
ChainingRodShaped	15365	3.68997	0.5	12.0724	22.144	0	0.333363	-0.942799	0	None	None
ChainingRodShaped	15367	3.63982	0.5	21.4583	10.7346	0	-0.0898655	0.995954	0	None	None
ChainingRodShaped	15369	2.99074	0.5	-62.0612	-10.9343	0	0.999976	0.00687664	0	None	None
ChainingRodShaped	15371	2.62591	0.5	-101.443	95.298	0	-0.975718	-0.219029	0	None	None
ChainingRodShaped	15373	2.93969	0.5	-40.6747	1.00932	0	-0.640834	-0.767679	0	None	None
ChainingRodShaped	15375	2.91051	0.5	-56.1996	-15.3506	0	-0.986994	-0.160755	0	None	None
ChainingRodShaped	15377	3.65307	0.5	2.32905	108.755	0	0.992646	0.121051	0	None	None
ChainingRodShaped	15379	2.89485	0.5	-102.775	25.2892	0	0.491652	-0.870792	0	None	None
ChainingRodShaped	15381	3.27648	0.5	-107.951	58.5669	0	0.939411	-0.342793	0	None	None
ChainingRodShaped	15383	2.66372	0.5	58.0279	78.8235	0	0.542793	-0.839867	0	16906	15382
ChainingRodShaped	15385	3.65084	0.5	-111.136	18.7531	0	-0.516053	0.856557	0	None	None
ChainingRodShaped	15387	3.44636	0.5	12.5337	37.7394	0	0.198542	0.980092	0	None	None
ChainingRodShaped	15389	3.34122	0.5	-12.513	-18.7775	0	0.0346586	0.999399	0	None	None
ChainingRodShaped	15391	2.80123	0.5	0.41356	-46.7632	0	-0.540844	-0.841123	0	None	None
ChainingRodShaped	15393	2.78283	0.5	-30.96	111.114	0	-0.204813	-0.978801	0	None	None
ChainingRodShaped	15395	3.18532	0.5	-33.7549	183.229	0	-0.0807473	-0.996735	0	15198	15394
ChainingRodShaped	15397	3.15664	0.5	-26.6941	5.38285	0	0.111754	-0.993736	0	None	None
ChainingRodShaped	15399	3.75447	0.5	35.0754	-13.8425	0	0.743	0.669291	0	None	None
ChainingRodShaped	15401	2.97212	0.5	29.0968	-24.9654	0	0.997723	0.0674377	0	None	None
ChainingRodShaped	15403	3.00636	0.5	63.3672	162.178	0	-0.00314356	-0.999995	0	11664	15402
ChainingRodShaped	15405	3.66936	0.5	32.2299	75.2084	0	-0.944387	0.328837	0	None	None
ChainingRodShaped	15407	2.72108	0.5	-103.463	-48.0477	0	0.329012	0.944326	0	10600	15406
ChainingRodShaped	15409	2.75247	0.5	-72.0585	102.533	0	-0.842434	-0.5388	0	None	None
ChainingRodShaped	15411	3.59382	0.5	-66.8917	-12.1388	0	-0.988859	0.148856	0	None	None
ChainingRodShaped	15413	2.84912	0.5	-53.232	3.861	0	0.0728663	-0.997342	0	None	None
ChainingRodShaped	15415	3.16423	0.5	-113.796	54.6112	0	-0.983818	-0.17917	0	None	None
ChainingRodShaped	15417	3.73418	0.5	-11.4011	-21.9904	0	0.184726	0.98279	0	None	None
ChainingRodShaped	15419	3.56907	0.5	-41.6609	30.7374	0	0.319811	-0.947481	0	None	None
ChainingRodShaped	15421	3.78842	0.5	-9.73865	19.0541	0	0.739378	0.67329	0	None	None
ChainingRodShaped	15423	3.50163	0.5	-104.408	-10.7592	0	-0.669507	0.742806	0	None	None
ChainingRodShaped	15425	3.61313	0.5	-11.7052	90.0163	0	-0.0499641	0.998751	0	None	None
ChainingRodShaped	15427	2.64989	0.5	-3.66479	-59.438	0	0.970717	0.240224	0	9696	15426
ChainingRodShaped	15429	3.56398	0.5	53.8103	4.97921	0	-0.917743	-0.397176	0	None	None
ChainingRodShaped	15431	2.5323	0.5	-160.836	-28.8112	0	-0.91196	-0.410278	0	15282	15430
ChainingRodShaped	15433	2.69664	0.5	9.57845	-31.7931	0	-0.60734	0.794442	0	None	None
ChainingRodShaped	15435	3.29758	0.5	-76.0766	-49.175	0	0.977333	-0.211706	0	None	None
ChainingRodShaped	15437	3.0458	0.5	-57.8806	17.2631	0	-0.190453	-0.981696	0	None	None
ChainingRodShaped	15439	3.14142	0.5	-110.28	64.0023	0	-0.66087	-0.7505	0	None	None
ChainingRodShaped	15441	2.85493	0.5	39.9243	100.306	0	-0.538139	0.842856	0	14146	15440
ChainingRodShaped	15443	2.68161	0.5	-71.6055	74.3811	0	0.985031	-0.172378	0	None	None
ChainingRodShaped	15445	3.18444	0.5	-14.3313	79.9654	0	-0.324877	0.945756	0	None	None
ChainingRodShaped	15447	3.75466	0.5	-32.527	69.8712	0	-0.978588	-0.205831	0	None	None
ChainingRodShaped	15449	2.6136	0.5	-7.22258	220.23	0	-0.878869	-0.477063	0	17894	15448
ChainingRodShaped	15451	3.43366	0.5	-18.3387	71.3061	0	-0.611042	-0.791598	0	None	None
ChainingRodShaped	15453	3.34472	0.5	-162.059	37.1084	0	0.978132	-0.207985	0	13612	15452
ChainingRodShaped	15455	3.20084	0.5	-80.5799	31.4802	0	0.865071	0.501649	0	None	None
ChainingRodShaped	15457	3.15543	0.5	-106.677	17.519	0	0.488029	-0.872827	0	None	None
ChainingRodShaped	15459	3.48056	0.5	21.5869	-38.9173	0	-0.222214	-0.974998	0	None	None
ChainingRodShaped	15461	3.38864	0.5	13.3742	47.8022	0	-0.483559	-0.875312	0	None	None
ChainingRodShaped	15463	2.80434	0.5	37.2222	-36.3964	0	0.702258	0.711923	0	None	None
ChainingRodShaped	15465	3.43123	0.5	-57.0919	-25.8277	0	0.989519	0.1444	0	None	None
ChainingRodShaped	15467	2.83376	0.5	68.6196	8.6895	0	0.588728	0.808331	0	None	None
ChainingRodShaped	15469	3.49137	0.5	-48.1117	4.22438	0	0.809817	0.586683	0	None	None
ChainingRodShaped	15471	2.8449	0.5	-64.6981	-52.5506	0	-0.371371	-0.928485	0	None	None
ChainingRodShaped	15473	3.45028	0.5	-33.2572	13.6776	0	0.402774	0.9153	0	None	None
ChainingRodShaped	15475	3.47743	0.5	48.2585	74.0133	0	-0.821028	0.570889	0	None	None
ChainingRodShaped	15477	3.67362	0.5	-76.4632	52.1975	0	-0.0596627	-0.998219	0	None	None
ChainingRodShaped	15479	2.73991	0.5	-17.7492	93.0274	0	0.229101	-0.973403	0	None	None
ChainingRodShaped	15481	3.33323	0.5	-1.50569	58.4358	0	0.453272	0.891372	0	None	None
ChainingRodShaped	15483	3.56044	0.5	-0.294815	113.087	0	0.929685	-0.368355	0	None	None
ChainingRodShaped	15485	3.73011	0.5	7.41093	0.343224	0	0.827748	-0.5611	0	None	None
ChainingRodShaped	15487	3.14625	0.5	12.249	-31.2122	0	-0.738039	-0.674758	0	None	None
ChainingRodShaped	15489	3.63834	0.5	-45.6839	-35.5033	0	0.606911	-0.79477	0	None	None
ChainingRodShaped	15491	2.72304	0.5	23.9656	-21.5762	0	0.384945	-0.922939	0	None	None
ChainingRodShaped	15493	3.05758	0.5	25.8207	34.9851	0	0.209534	0.977801	0	None	None
ChainingRodShaped	15495	2.71452	0.5	-99.5069	66.1375	0	-0.85378	-0.520635	0	None	None
ChainingRodShaped	15497	3.08476	0.5	41.0705	18.591	0	0.427814	-0.903867	0	None	None
ChainingRodShaped	15499	3.06888	0.5	-23.2417	-15.691	0	0.725185	0.688554	0	None	None
ChainingRodShaped	15501	3.03558	0.5	70.3652	-71.7544	0	0.871042	-0.491209	0	15316	15500
ChainingRodShaped	15503	3.61332	0.5	-32.1355	91.9117	0	0.982379	-0.186898	0	None	None
ChainingRodShaped	15505	2.90921	0.5	48.9628	42.969	0	-0.839425	0.543476	0	None	None
ChainingRodShaped	15507	3.34766	0.5	-77.0555	31.102	0	0.879711	0.475509	0	None	None
ChainingRodShaped	15509	2.80674	0.5	-5.5191	-23.7029	0	0.900167	-0.435544	0	None	None
ChainingRodShaped	15511	3.27824	0.5	25.4199	-8.8257	0	0.93638	0.350988	0	None	None
ChainingRodShaped	15513	3.47007	0.5	-9.91266	78.4437	0	-0.296454	0.955047	0	None	None
ChainingRodShaped	15515	3.44104	0.5	-14.437	102.533	0	-0.795627	0.605786	0	None	None
ChainingRodShaped	15517	3.03734	0.5	-78.5726	-8.69884	0	-0.653046	0.757318	0	None	None
ChainingRodShaped	15519	3.72604	0.5	48.1253	40.4577	0	-0.127319	-0.991862	0	None	None
ChainingRodShaped	15521	2.93387	0.5	-33.3675	61.4021	0	0.31563	-0.948882	0	None	None
ChainingRodShaped	15523	3.41702	0.5	-72.1111	-14.5278	0	-0.992579	0.121605	0	None	None
ChainingRodShaped	15525	2.81138	0.5	-94.7175	99.5185	0	-0.761416	-0.648264	0	None	None
ChainingRodShaped	15527	3.18245	0.5	-36.096	-61.9764	0	-0.948182	0.317727	0	None	None
ChainingRodShaped	15529	2.83973	0.5	33.0568	68.1123	0	0.999957	0.00926471	0	None	None
ChainingRodShaped	15531	3.40408	0.5	-48.4232	30.8664	0	0.496682	-0.867932	0	None	None
ChainingRodShaped	15533	3.5987	0.5	-109.196	86.554	0	0.397283	0.917696	0	None	None
ChainingRodShaped	15535	3.3865	0.5	0.939431	11.865	0	-0.889885	-0.456185	0	None	None
ChainingRodShaped	15537	3.34129	0.5	-104.888	19.6151	0	-0.587372	0.809317	0	None	None
ChainingRodShaped	15539	3.11911	0.5	59.6722	-66.3554	0	-0.958362	0.285555	0	7875	15538
ChainingRodShaped	15541	3.50264	0.5	-65.465	17.9009	0	0.863044	0.505129	0	None	None
ChainingRodShaped	15543	2.96943	0.5	-101.129	51.7799	0	0.979263	-0.202594	0	None	None
ChainingRodShaped	15545	3.56455	0.5	-8.04714	71.5915	0	0.23949	0.970899	0	None	None
ChainingRodShaped	15547	2.57793	0.5	-18.737	36.8775	0	-0.0350091	0.999387	0	None	None
ChainingRodShaped	15549	3.22204	0.5	-2.45948	29.9335	0	0.390985	0.920397	0	None	None
ChainingRodShaped	15551	2.99401	0.5	34.48	-22.8135	0	0.81217	0.583421	0	None	None
ChainingRodShaped	15553	2.68718	0.5	-5.28971	106.727	0	-0.715913	0.69819	0	None	None
ChainingRodShaped	15555	2.98002	0.5	-140.737	124.524	0	0.605513	-0.795835	0	14506	15554
ChainingRodShaped	15557	3.71739	0.5	-57.908	26.9662	0	0.905602	0.424129	0	None	None
ChainingRodShaped	15559	3.2049	0.5	-77.3823	47.803	0	-0.0173202	-0.99985	0	None	None
ChainingRodShaped	15561	2.88736	0.5	60.5509	14.8256	0	-0.583001	-0.812471	0	None	None
ChainingRodShaped	15563	3.58913	0.5	-89.8903	15.9509	0	0.822607	0.56861	0	None	None
ChainingRodShaped	15565	3.51167	0.5	-120.992	52.4629	0	0.480171	0.877175	0	None	None
ChainingRodShaped	15567	3.2096	0.5	-38.0806	105.016	0	0.334439	0.942417	0	None	None
ChainingRodShaped	15569	3.08242	0.5	116.9	137.404	0	0.332214	-0.943204	0	8199	15568
ChainingRodShaped	15571	3.31606	0.5	29.5046	47.4827	0	0.726068	-0.687623	0	None	None
ChainingRodShaped	15573	3.56709	0.5	-38.2484	-25.629	0	0.993969	0.109664	0	None	None
ChainingRodShaped	15575	2.74012	0.5	-16.0863	-9.23234	0	-0.896906	-0.442222	0	11206	15574
ChainingRodShaped	15577	2.64526	0.5	-96.8657	25.0475	0	0.613578	-0.789634	0	None	None
ChainingRodShaped	15579	2.69299	0.5	-4.30998	-41.1724	0	0.524632	0.851329	0	None	None
ChainingRodShaped	15581	3.16191	0.5	-1.7353	-34.5771	0	-0.21383	0.976871	0	None	None
ChainingRodShaped	15583	3.06954	0.5	-21.4361	155.893	0	0.808267	-0.588816	0	9179	15582
ChainingRodShaped	15585	3.68225	0.5	-20.7074	17.6896	0	0.854747	-0.519045	0	None	None
ChainingRodShaped	15587	3.0831	0.5	-8.66311	4.1464	0	0.959655	-0.281181	0	None	None
ChainingRodShaped	15589	3.67098	0.5	-73.7877	40.4929	0	0.128501	-0.991709	0	None	None
ChainingRodShaped	15591	3.41995	0.5	-55.1331	42.6936	0	0.636809	-0.771021	0	None	None
ChainingRodShaped	15593	2.56527	0.5	-97.7523	21.6992	0	0.32634	-0.945252	0	None	None
ChainingRodShaped	15595	3.64514	0.5	-90.015	42.5875	0	-0.152	-0.98838	0	None	None
ChainingRodShaped	15597	3.2145	0.5	0.80023	10.9948	0	-0.894314	-0.44744	0	None	None
ChainingRodShaped	15599	3.63218	0.5	-38.866	36.0955	0	0.302496	-0.953151	0	None	None
ChainingRodShaped	15601	2.62789	0.5	57.2535	5.62598	0	-0.884471	-0.466596	0	16964	15600
ChainingRodShaped	15603	3.16051	0.5	-73.4279	93.3522	0	0.978774	0.204943	0	None	None
ChainingRodShaped	15605	3.07352	0.5	41.133	-4.09767	0	0.961667	0.274218	0	None	None
ChainingRodShaped	15607	2.60076	0.5	-63.2239	2.26699	0	-0.316979	-0.948432	0	None	None
ChainingRodShaped	15609	3.6043	0.5	-106.635	69.0172	0	0.471458	-0.881889	0	None	None
ChainingRodShaped	15611	2.71664	0.5	-15.9066	1.69905	0	0.933178	-0.359414	0	None	None
ChainingRodShaped	15613	3.30177	0.5	-46.9084	118.326	0	0.437473	-0.899232	0	None	None
ChainingRodShaped	15615	2.57462	0.5	-35.0915	80.3121	0	0.811691	-0.584087	0	None	None
ChainingRodShaped	15617	2.72553	0.5	12.7175	67.3201	0	0.508619	0.860991	0	None	None
ChainingRodShaped	15619	3.28126	0.5	-102.561	-4.18	0	0.992505	-0.1222	0	None	None
ChainingRodShaped	15621	2.58289	0.5	207.725	284.739	0	-0.482085	-0.876124	0	None	15620
ChainingRodShaped	15623	3.20211	0.5	73.0157	13.2965	0	0.865369	-0.501136	0	None	None
ChainingRodShaped	15625	3.20812	0.5	0.482166	32.2708	0	0.918538	0.395333	0	None	None
ChainingRodShaped	15627	3.09048	0.5	-40.5288	33.246	0	0.291174	-0.95667	0	None	None
ChainingRodShaped	15629	2.67525	0.5	-29.1072	-40.9089	0	0.402714	0.915326	0	None	None
ChainingRodShaped	15631	3.42823	0.5	25.1493	67.8221	0	0.990185	-0.139765	0	None	None
ChainingRodShaped	15633	3.37083	0.5	-7.31871	18.6284	0	-0.717441	-0.69662	0	None	None
ChainingRodShaped	15635	2.97275	0.5	-31.3624	117.794	0	0.0876984	0.996147	0	None	None
ChainingRodShaped	15637	3.1618	0.5	-0.98492	41.4791	0	0.918501	0.395419	0	None	None
ChainingRodShaped	15639	2.77562	0.5	-97.4524	76.4949	0	0.384542	-0.923108	0	None	None
ChainingRodShaped	15641	3.09071	0.5	-84.3004	47.9957	0	0.0720303	-0.997402	0	None	None
ChainingRodShaped	15643	2.97986	0.5	-40.0637	124.016	0	-0.891882	-0.452269	0	None	None
ChainingRodShaped	15645	2.83844	0.5	-60.029	9.29634	0	0.0890748	-0.996025	0	None	None
ChainingRodShaped	15647	3.66921	0.5	-88.7537	63.009	0	-0.439322	-0.89833	0	None	None
ChainingRodShaped	15649	2.65646	0.5	-22.2163	47.1967	0	-0.372259	0.928129	0	None	None
ChainingRodShaped	15651	2.94372	0.5	-66.7417	-30.3291	0	0.991554	-0.129692	0	None	None
ChainingRodShaped	15653	2.72323	0.5	-93.0619	70.5831	0	-0.72766	-0.685938	0	None	None
ChainingRodShaped	15655	2.64217	0.5	56.1841	31.1702	0	0.382938	0.923774	0	None	None
ChainingRodShaped	15657	3.40965	0.5	4.19088	9.11331	0	-0.709296	-0.70491	0	None	None
ChainingRodShaped	15659	3.53269	0.5	-11.8241	-18.8521	0	0.044466	0.999011	0	None	None
ChainingRodShaped	15661	3.55165	0.5	-39.7962	111.25	0	0.0303556	-0.999539	0	None	None
ChainingRodShaped	15663	2.61345	0.5	-118.67	24.0082	0	0.468047	0.883704	0	None	None
ChainingRodShaped	15665	3.12237	0.5	43.8808	51.5726	0	-0.972659	-0.232238	0	None	None
ChainingRodShaped	15667	3.59247	0.5	62.0296	55.1253	0	0.206566	-0.978433	0	None	None
ChainingRodShaped	15669	3.65935	0.5	-34.9178	-0.161325	0	-0.103862	-0.994592	0	None	None
ChainingRodShaped	15671	3.43453	0.5	-39.4447	35.7211	0	0.301962	-0.95332	0	None	None
ChainingRodShaped	15673	2.98073	0.5	-37.6235	116.919	0	0.903557	0.428467	0	None	None
ChainingRodShaped	15675	3.56954	0.5	-37.2328	-34.5563	0	-0.273632	0.961834	0	None	None
ChainingRodShaped	15677	2.98436	0.5	64.9	42.4983	0	0.8437	-0.536814	0	None	None
ChainingRodShaped	15679	3.13683	0.5	40.8478	5.23752	0	0.990332	-0.138721	0	None	None
ChainingRodShaped	15681	2.8855	0.5	-75.3919	-50.3034	0	0.978711	-0.205243	0	None	None
ChainingRodShaped	15683	3.29109	0.5	-29.7681	40.2223	0	-0.535387	0.844607	0	None	None
ChainingRodShaped	15685	2.97814	0.5	-106.138	46.5327	0	0.983353	0.181706	0	None	None
ChainingRodShaped	15687	3.58239	0.5	49.2314	70.3848	0	-0.0449753	-0.998988	0	None	None
ChainingRodShaped	15689	3.37629	0.5	-92.2583	45.0523	0	-0.0272143	-0.99963	0	None	None
ChainingRodShaped	15691	2.98252	0.5	-74.9693	52.6653	0	-0.0395669	-0.999217	0	None	None
ChainingRodShaped	15693	3.2245	0.5	52.8164	-124.136	0	-0.999396	-0.0347642	0	19472	15692
ChainingRodShaped	15695	2.93558	0.5	-178.715	-70.0592	0	0.735778	0.677223	0	17338	15694
ChainingRodShaped	15697	3.20123	0.5	32.4125	-15.0544	0	-0.77181	-0.635854	0	None	None
ChainingRodShaped	15699	3.30515	0.5	5.76509	25.7563	0	-0.947661	-0.319279	0	None	None
ChainingRodShaped	15701	2.52854	0.5	-193.901	-1.83404	0	-0.266504	0.963834	0	8337	15700
ChainingRodShaped	15703	3.16159	0.5	-77.7047	28.4472	0	0.893462	0.449139	0	None	None
ChainingRodShaped	15705	3.62573	0.5	27.6585	14.9596	0	-0.237756	-0.971325	0	None	None
ChainingRodShaped	15707	2.77984	0.5	53.0195	12.2547	0	0.761678	0.647956	0	None	None
ChainingRodShaped	15709	3.1693	0.5	120.887	31.6016	0	0.469714	0.882819	0	6567	15708
ChainingRodShaped	15711	3.14634	0.5	-68.1431	85.3183	0	0.988846	-0.148944	0	None	None
ChainingRodShaped	15713	3.57255	0.5	-63.0469	123.175	0	0.800539	0.59928	0	None	None
ChainingRodShaped	15715	3.45194	0.5	-115.506	25.2698	0	-0.91357	-0.406682	0	None	None
ChainingRodShaped	15717	3.41717	0.5	-57.4505	-22.2282	0	-0.999901	0.0140886	0	None	None
ChainingRodShaped	15719	2.88742	0.5	-16.233	-48.1816	0	0.983939	0.178504	0	None	None
ChainingRodShaped	15721	3.51817	0.5	-8.32908	78.2926	0	-0.207083	0.978323	0	None	None
ChainingRodShaped	15723	3.28935	0.5	36.063	19.4646	0	-0.20835	-0.978054	0	None	None
ChainingRodShaped	15725	3.32948	0.5	-37.8233	85.7712	0	0.997127	-0.0757467	0	None	None
ChainingRodShaped	15727	3.2645	0.5	56.758	119.432	0	0.401158	-0.916009	0	16152	15726
ChainingRodShaped	15729	3.33673	0.5	60.8552	3.57007	0	0.882508	0.470298	0	None	None
ChainingRodShaped	15731	3.43582	0.5	-34.7187	-34.0438	0	0.267257	-0.963625	0	None	None
ChainingRodShaped	15733	2.92467	0.5	-49.0027	-62.0473	0	-0.999961	0.00879751	0	None	None
ChainingRodShaped	15735	3.36292	0.5	-16.4957	-21.4669	0	0.624927	0.780683	0	None	None
ChainingRodShaped	15737	3.54368	0.5	-63.0872	-48.7312	0	-0.416756	-0.909018	0	None	None
ChainingRodShaped	15739	2.76499	0.5	20.0139	16.0547	0	0.212731	-0.977111	0	None	None
ChainingRodShaped	15741	3.28839	0.5	28.652	55.4437	0	-0.292798	-0.956174	0	None	None
ChainingRodShaped	15743	3.63253	0.5	25.965	-2.45032	0	-0.934547	-0.35584	0	None	None
ChainingRodShaped	15745	3.49345	0.5	-112.003	23.2071	0	0.742872	-0.669434	0	None	None
ChainingRodShaped	15747	3.48925	0.5	-2.62139	-34.9211	0	-0.260766	0.965402	0	None	None
ChainingRodShaped	15749	2.43677	0.5	38.9253	218.72	0	-0.979683	0.20055	0	13126	15748
ChainingRodShaped	15751	2.92236	0.5	148.79	-76.0942	0	-0.312166	-0.950027	0	12918	15750
ChainingRodShaped	15753	2.89007	0.5	-46.6543	43.5699	0	0.580458	-0.814291	0	None	None
ChainingRodShaped	15755	3.11113	0.5	5.30908	68.069	0	-0.517049	-0.855956	0	None	None
ChainingRodShaped	15757	2.9937	0.5	60.4864	66.3792	0	-0.0864656	0.996255	0	None	None
ChainingRodShaped	15759	3.52942	0.5	49.1645	13.0024	0	0.871989	0.489526	0	None	None
ChainingRodShaped	15761	2.78853	0.5	-99.5559	24.8298	0	0.598345	-0.801239	0	None	None
ChainingRodShaped	15763	3.20225	0.5	-0.483384	29.5094	0	0.914568	0.404432	0	None	None
ChainingRodShaped	15765	3.40577	0.5	35.569	25.7961	0	0.631307	-0.775533	0	None	None
ChainingRodShaped	15767	3.00367	0.5	-3.73242	-41.875	0	0.529097	0.848561	0	None	None
ChainingRodShaped	15769	3.46013	0.5	44.9661	23.7857	0	0.500022	-0.866012	0	None	None
ChainingRodShaped	15771	3.24641	0.5	34.1129	92.2921	0	0.635691	0.771944	0	None	None
ChainingRodShaped	15773	2.84482	0.5	47.6826	15.81	0	0.85995	0.510378	0	None	None
ChainingRodShaped	15775	3.33296	0.5	-45.6049	56.847	0	-0.0509006	-0.998704	0	None	None
ChainingRodShaped	15777	3.20585	0.5	-55.4321	-6.07244	0	0.99274	-0.120277	0	None	None
ChainingRodShaped	15779	2.66265	0.5	-46.9763	129.143	0	0.995885	-0.0906258	0	18074	15778
ChainingRodShaped	15781	3.37484	0.5	58.6863	-6.62696	0	-0.775701	-0.631101	0	None	None
ChainingRodShaped	15783	2.66733	0.5	-34.0784	72.1794	0	-0.999995	-0.00331269	0	None	None
ChainingRodShaped	15785	3.27543	0.5	-22.9539	22.8897	0	0.828052	-0.560652	0	None	None
ChainingRodShaped	15787	3.07513	0.5	10.0563	67.5898	0	0.517348	0.855775	0	None	None
ChainingRodShaped	15789	2.85272	0.5	-45.4367	35.9479	0	0.58906	-0.808089	0	None	None
ChainingRodShaped	15791	3.52976	0.5	11.8576	31.8832	0	-0.918905	-0.39448	0	None	None
ChainingRodShaped	15793	2.85658	0.5	-57.699	-31.4349	0	0.999939	-0.0110157	0	None	None
ChainingRodShaped	15795	3.51921	0.5	18.6015	109.814	0	-0.951722	-0.30696	0	None	None
ChainingRodShaped	15797	2.71223	0.5	17.0104	76.0599	0	0.981283	-0.192571	0	None	None
ChainingRodShaped	15799	3.08979	0.5	-100.206	94.6068	0	-0.973484	-0.228755	0	None	None
ChainingRodShaped	15801	2.66667	0.5	-37.3858	-16.1534	0	0.743903	0.668287	0	None	None
ChainingRodShaped	15803	3.44083	0.5	-24.9309	104.954	0	0.955149	0.296126	0	None	None
ChainingRodShaped	15805	2.75122	0.5	-119.238	26.1135	0	0.0152926	0.999883	0	None	None
ChainingRodShaped	15807	3.4852	0.5	37.9075	76.4399	0	0.912911	-0.408159	0	None	None
ChainingRodShaped	15809	2.98944	0.5	23.9302	-13.904	0	-0.986611	0.16309	0	None	None
ChainingRodShaped	15811	3.02918	0.5	0.127133	22.7673	0	-0.289481	-0.957184	0	None	None
ChainingRodShaped	15813	3.43134	0.5	-24.2666	-34.9143	0	0.404046	-0.914739	0	None	None
ChainingRodShaped	15815	2.82232	0.5	37.8288	43.6278	0	0.219796	-0.975546	0	None	None
ChainingRodShaped	15817	3.19057	0.5	98.1123	96.6722	0	0.973372	0.22923	0	18710	15816
ChainingRodShaped	15819	2.62562	0.5	-66.8455	60.6515	0	-0.54763	-0.836721	0	None	None
ChainingRodShaped	15821	3.3165	0.5	16.5988	35.7589	0	-0.156384	-0.987696	0	None	None
ChainingRodShaped	15823	2.69858	0.5	-80.5714	-50.1899	0	0.976385	-0.216038	0	None	None
ChainingRodShaped	15825	2.66827	0.5	8.95916	-9.21789	0	0.999794	-0.0202729	0	None	None
ChainingRodShaped	15827	3.11742	0.5	76.7864	32.6972	0	-0.911077	0.412237	0	13280	15826
ChainingRodShaped	15829	2.72919	0.5	27.8893	-44.0276	0	-0.802084	-0.597211	0	None	None
ChainingRodShaped	15831	2.50516	0.5	-39.3412	128.528	0	0.996625	-0.082083	0	15778	15830
ChainingRodShaped	15833	3.23436	0.5	-107.103	92.6491	0	0.997302	-0.0734078	0	None	None
ChainingRodShaped	15835	2.59217	0.5	-90.4875	59.7142	0	-0.112077	-0.9937	0	None	None
ChainingRodShaped	15837	3.35717	0.5	10.884	47.7814	0	0.388531	0.921436	0	None	None
ChainingRodShaped	15839	3.07842	0.5	63.2941	27.3953	0	0.998421	0.0561693	0	None	None
ChainingRodShaped	15841	2.8867	0.5	15.9927	166.005	0	0.290699	0.956815	0	9210	15840
ChainingRodShaped	15843	3.04115	0.5	-47.2993	-15.5555	0	-0.984531	-0.17521	0	None	None
ChainingRodShaped	15845	2.85261	0.5	-72.7198	146.627	0	-0.259224	0.965817	0	9388	15844
ChainingRodShaped	15847	2.57431	0.5	-122.066	44.3136	0	0.958533	0.284982	0	None	None
ChainingRodShaped	15849	2.77999	0.5	-30.8659	123.709	0	-0.968862	-0.2476	0	None	None
ChainingRodShaped	15851	3.42826	0.5	26.7875	36.1792	0	0.199756	0.979846	0	None	None
ChainingRodShaped	15853	3.04002	0.5	40.4007	43.2055	0	0.210606	-0.977571	0	None	None
ChainingRodShaped	15855	3.20949	0.5	-79.9683	-12.4244	0	0.0830899	0.996542	0	None	None
ChainingRodShaped	15857	2.7556	0.5	-219.791	12.5723	0	-0.755083	-0.65563	0	9251	15856
ChainingRodShaped	15859	2.71987	0.5	68.0963	19.3675	0	-0.530216	-0.847863	0	None	None
ChainingRodShaped	15861	3.36782	0.5	-23.0804	-5.05354	0	-0.821211	-0.570625	0	None	None
ChainingRodShaped	15863	3.45299	0.5	-79.1418	-12.4686	0	0.0766086	0.997061	0	None	None
ChainingRodShaped	15865	2.74861	0.5	-94.7858	56.8947	0	0.69045	0.72338	0	None	None
ChainingRodShaped	15867	3.26929	0.5	-15.2848	67.8537	0	0.690496	0.723336	0	None	None
ChainingRodShaped	15869	2.91671	0.5	-28.3843	54.8404	0	0.374207	-0.927345	0	None	None
ChainingRodShaped	15871	2.73217	0.5	-106.273	48.2608	0	-0.980701	-0.195515	0	None	None
ChainingRodShaped	15873	3.22395	0.5	-109.142	9.97753	0	-0.459093	0.888388	0	None	None
ChainingRodShaped	15875	2.97312	0.5	23.8787	56.3994	0	-0.252421	-0.967618	0	None	None
ChainingRodShaped	15877	3.32371	0.5	-34.1238	75.1689	0	0.99735	-0.0727536	0	None	None
ChainingRodShaped	15879	3.29013	0.5	-62.1732	35.6967	0	0.898788	0.438384	0	None	None
ChainingRodShaped	15881	2.95776	0.5	-92.2081	91.8303	0	-0.626015	-0.779811	0	None	None
ChainingRodShaped	15883	3.04833	0.5	42.7926	94.6909	0	0.616473	-0.787376	0	17452	15882
ChainingRodShaped	15885	3.35616	0.5	-27.6128	-28.2645	0	0.285144	-0.958485	0	None	None
ChainingRodShaped	15887	2.6922	0.5	19.2114	-14.7296	0	-0.982639	-0.185526	0	None	None
ChainingRodShaped	15889	3.02368	0.5	-6.4746	-50.5004	0	-0.477311	-0.878735	0	None	None
ChainingRodShaped	15891	3.30447	0.5	25.8881	71.8547	0	0.988037	-0.154215	0	None	None
ChainingRodShaped	15893	2.54159	0.5	-7.01875	-3.13358	0	-0.987884	0.155197	0	None	None
ChainingRodShaped	15895	2.88832	0.5	37.1437	75.9094	0	0.916959	-0.398981	0	None	None
ChainingRodShaped	15897	2.60978	0.5	14.1388	-6.72642	0	-0.986549	-0.163464	0	None	None
ChainingRodShaped	15899	3.27067	0.5	33.1741	67.3588	0	1	-0.000680045	0	None	None
ChainingRodShaped	15901	2.77837	0.5	-4.55476	74.5732	0	0.0102373	0.999948	0	None	None
ChainingRodShaped	15903	3.44434	0.5	-75.6345	110.275	0	-0.963458	0.26786	0	None	None
ChainingRodShaped	15905	2.78131	0.5	15.8688	70.4454	0	0.986871	-0.161509	0	None	None
ChainingRodShaped	15907	2.83831	0.5	-49.4795	-40.8735	0	0.584857	0.811137	0	None	None
ChainingRodShaped	15909	3.29824	0.5	33.2272	-5.47325	0	0.756352	0.654165	0	None	None
ChainingRodShaped	15911	3.19124	0.5	223.307	34.4526	0	-0.135764	-0.990741	0	19744	15910
ChainingRodShaped	15913	3.14732	0.5	-4.13205	54.7848	0	-0.92967	0.368394	0	None	None
ChainingRodShaped	15915	3.2854	0.5	-33.1985	47.9075	0	0.999702	-0.0244306	0	None	None
ChainingRodShaped	15917	3.2101	0.5	-33.8253	85.2225	0	0.994877	-0.101091	0	None	None
ChainingRodShaped	15919	3.18669	0.5	-10.4485	-12.8879	0	0.998994	0.0448424	0	None	None
ChainingRodShaped	15921	3.46114	0.5	-58.4258	52.7069	0	0.793333	0.608787	0	None	None
ChainingRodShaped	15923	3.42986	0.5	-13.6443	-38.6539	0	0.873438	0.486936	0	None	None
ChainingRodShaped	15925	3.4209	0.5	-23.743	96.24	0	0.999452	0.0331	0	None	None
ChainingRodShaped	15927	3.43804	0.5	-68.4956	20.6442	0	0.902683	0.430306	0	None	None
ChainingRodShaped	15929	3.46327	0.5	-51.7668	95.672	0	0.745856	0.666107	0	None	None
ChainingRodShaped	15931	2.79877	0.5	-102.089	-24.5964	0	0.361493	-0.932375	0	None	None
ChainingRodShaped	15933	2.83128	0.5	11.4058	52.3589	0	0.48639	0.873742	0	None	None
ChainingRodShaped	15935	2.97447	0.5	-30.5339	1.96596	0	-0.0417621	0.999128	0	None	None
ChainingRodShaped	15937	2.75574	0.5	-36.7212	-33.2369	0	0.264076	-0.964502	0	None	None
ChainingRodShaped	15939	3.51681	0.5	-81.8888	44.7581	0	0.0458796	-0.998947	0	None	None
ChainingRodShaped	15941	3.34101	0.5	-16.3457	5.99419	0	0.523236	-0.852188	0	None	None
ChainingRodShaped	15943	3.135	0.5	-96.9288	8.53174	0	0.383473	-0.923552	0	None	None
ChainingRodShaped	15945	2.65715	0.5	-100.248	70.8616	0	-0.0307255	0.999528	0	None	None
ChainingRodShaped	15947	2.74909	0.5	22.5016	44.0704	0	0.0106163	-0.999944	0	None	None
ChainingRodShaped	15949	3.00059	0.5	39.5241	77.5334	0	0.908195	-0.418547	0	None	None
ChainingRodShaped	15951	3.50223	0.5	-57.3955	10.3471	0	0.113257	-0.993566	0	None	None
ChainingRodShaped	15953	2.57318	0.5	9.15518	83.8673	0	-0.741285	-0.67119	0	None	None
ChainingRodShaped	15955	3.27796	0.5	-101.466	51.0064	0	0.981256	-0.192708	0	None	None
ChainingRodShaped	15957	3.40462	0.5	4.7026	18.4197	0	-0.640721	-0.767773	0	None	None
ChainingRodShaped	15959	2.74822	0.5	0.189846	51.9398	0	0.964661	0.263494	0	None	None
ChainingRodShaped	15961	3.05977	0.5	-19.2013	81.8074	0	0.250946	-0.968001	0	None	None
ChainingRodShaped	15963	3.47744	0.5	-82.2848	15.0008	0	0.860977	0.508644	0	None	None
ChainingRodShaped	15965	2.94555	0.5	12.0939	96.9402	0	0.996943	-0.0781355	0	None	None
ChainingRodShaped	15967	2.77514	0.5	-38.9746	-8.37672	0	0.353567	-0.935409	0	None	None
ChainingRodShaped	15969	3.20299	0.5	6.54844	71.5128	0	0.55879	0.829309	0	None	None
ChainingRodShaped	15971	3.43344	0.5	-43.2923	-42.2637	0	0.714236	0.699905	0	None	None
ChainingRodShaped	15973	3.02177	0.5	-66.7577	-47.5841	0	0.354166	0.935182	0	None	None
ChainingRodShaped	15975	3.34823	0.5	3.93644	28.8862	0	-0.944481	-0.328565	0	None	None
ChainingRodShaped	15977	3.37736	0.5	-74.7803	20.0201	0	0.910493	0.413523	0	None	None
ChainingRodShaped	15979	3.34659	0.5	-111.385	-1.76829	0	0.111465	0.993768	0	None	None
ChainingRodShaped	15981	2.95803	0.5	8.57241	-41.7087	0	0.661381	0.75005	0	None	None
ChainingRodShaped	15983	3.31951	0.5	-54.6387	85.006	0	0.88489	-0.4658	0	None	None
ChainingRodShaped	15985	3.49177	0.5	-33.0465	40.2821	0	-0.50137	0.865233	0	None	None
ChainingRodShaped	15987	3.18724	0.5	28.0552	79.9124	0	0.981492	-0.191502	0	None	None
ChainingRodShaped	15989	2.64624	0.5	54.003	54.912	0	0.328128	-0.944633	0	None	None
ChainingRodShaped	15991	2.90871	0.5	4.49137	106.34	0	0.994042	0.108994	0	None	None
ChainingRodShaped	15993	3.44249	0.5	-18.6951	-6.42859	0	-0.818017	-0.575193	0	None	None
ChainingRodShaped	15995	3.27983	0.5	-96.0441	67.3569	0	-0.850202	-0.526457	0	None	None
ChainingRodShaped	15997	2.94405	0.5	-37.653	-37.0349	0	-0.909574	0.415541	0	None	None
ChainingRodShaped	15999	3.37215	0.5	-20.8095	-27.7034	0	0.623185	0.782075	0	None	None
ChainingRodShaped	16001	2.75439	0.5	76.4149	-76.2353	0	0.714781	-0.699348	0	15500	16000
ChainingRodShaped	16003	3.16425	0.5	-97.8749	61.6947	0	0.869676	0.493623	0	None	None
ChainingRodShaped	16005	3.45517	0.5	-24.8965	-61.8879	0	0.997714	0.0675706	0	None	None
ChainingRodShaped	16007	2.89303	0.5	103.221	59.6119	0	0.350145	0.936695	0	9139	16006
ChainingRodShaped	16009	3.35298	0.5	-43.9016	78.5649	0	0.999926	-0.0121937	0	None	None
ChainingRodShaped	16011	2.80056	0.5	-91.5916	75.7528	0	-0.980392	0.197058	0	None	None
ChainingRodShaped	16013	3.35881	0.5	65.8483	42.9161	0	-0.838331	0.545162	0	None	None
ChainingRodShaped	16015	3.48331	0.5	4.71917	34.5038	0	0.958344	0.285616	0	None	None
ChainingRodShaped	16017	2.75479	0.5	61.8007	71.9014	0	0.40982	-0.912166	0	15382	16016
ChainingRodShaped	16019	3.50909	0.5	26.5114	-3.07607	0	-0.930972	-0.365091	0	None	None
ChainingRodShaped	16021	2.68073	0.5	55.9846	25.1875	0	-0.0244014	0.999702	0	None	None
ChainingRodShaped	16023	2.62683	0.5	10.2179	-56.8245	0	0.998027	0.0627932	0	None	None
ChainingRodShaped	16025	2.76865	0.5	-89.7346	54.4555	0	0.0320878	-0.999485	0	None	None
ChainingRodShaped	16027	2.53273	0.5	-68.9379	91.5121	0	0.987667	0.156572	0	None	None
ChainingRodShaped	16029	2.93765	0.5	-41.9873	65.3211	0	-0.366257	-0.930514	0	None	None
ChainingRodShaped	16031	2.53271	0.5	40.4727	17.8716	0	0.436652	-0.899631	0	None	None
ChainingRodShaped	16033	2.72607	0.5	-19.6392	125.029	0	-0.915874	0.401466	0	12838	16032
ChainingRodShaped	16035	2.58691	0.5	-64.5235	33.539	0	0.836227	0.548383	0	None	None
ChainingRodShaped	16037	2.95906	0.5	-12.6911	187.3	0	0.261175	0.965292	0	11092	16036
ChainingRodShaped	16039	3.10799	0.5	-68.6136	98.5265	0	0.908945	0.416917	0	None	None
ChainingRodShaped	16041	3.43576	0.5	53.0961	30.7391	0	0.37449	0.927231	0	None	None
ChainingRodShaped	16043	3.12524	0.5	-125.959	31.3923	0	-0.989876	-0.141937	0	None	None
ChainingRodShaped	16045	3.15254	0.5	-42.6867	65.3797	0	-0.375304	-0.926902	0	None	None
ChainingRodShaped	16047	3.01228	0.5	-47.7618	-13.6431	0	0.998881	0.0473036	0	None	None
ChainingRodShaped	16049	2.67329	0.5	6.99385	112.964	0	-0.981539	0.191264	0	7969	16048
ChainingRodShaped	16051	2.64491	0.5	-22.7644	-26.9878	0	0.391447	-0.920201	0	None	None
ChainingRodShaped	16053	2.95058	0.5	-42.4021	125.383	0	-0.974526	-0.224275	0	None	None
ChainingRodShaped	16055	3.17556	0.5	15.2067	-33.4256	0	0.5507	0.834703	0	None	None
ChainingRodShaped	16057	2.75244	0.5	-85.2442	31.4571	0	-0.853754	-0.520677	0	None	None
ChainingRodShaped	16059	3.05059	0.5	-43.8678	42.2773	0	0.582066	-0.813142	0	None	None
ChainingRodShaped	16061	2.69014	0.5	14.9613	18.083	0	-0.62217	0.782883	0	None	None
ChainingRodShaped	16063	3.28264	0.5	-26.4529	73.7052	0	-0.836105	0.548569	0	None	None
ChainingRodShaped	16065	2.91316	0.5	-60.5252	111.578	0	0.999728	-0.0233128	0	None	None
ChainingRodShaped	16067	3.25422	0.5	-47.6323	5.41976	0	0.815659	0.578533	0	None	None
ChainingRodShaped	16069	3.09707	0.5	-14.892	17.3662	0	0.7349	0.678176	0	None	None
ChainingRodShaped	16071	3.11793	0.5	26.5064	221.985	0	-0.964201	0.265174	0	5889	16070
ChainingRodShaped	16073	2.95769	0.5	94.0075	230.78	0	-0.99706	-0.0766309	0	16190	16072
ChainingRodShaped	16075	2.94099	0.5	-100.716	13.2176	0	-0.230909	0.972975	0	None	None
ChainingRodShaped	16077	3.08845	0.5	0.503959	-18.175	0	0.866586	-0.499027	0	None	None
ChainingRodShaped	16079	2.97316	0.5	-90.1438	50.4303	0	0.0421227	-0.999112	0	None	None
ChainingRodShaped	16081	2.78709	0.5	3.10319	86.5703	0	0.715694	0.698414	0	None	None
ChainingRodShaped	16083	2.79436	0.5	-131.605	18.5717	0	-0.937688	0.347477	0	18064	16082
ChainingRodShaped	16085	3.36511	0.5	-21.4353	46.8983	0	-0.362872	0.931839	0	None	None
ChainingRodShaped	16087	2.98486	0.5	1.76212	-30.7138	0	0.765982	-0.642862	0	None	None
ChainingRodShaped	16089	3.25202	0.5	7.25321	-56.5172	0	0.939993	0.341193	0	None	None
ChainingRodShaped	16091	3.11018	0.5	-72.1552	39.3649	0	0.108707	-0.994074	0	None	None
ChainingRodShaped	16093	3.10396	0.5	-81.9125	-38.7952	0	0.863907	-0.503651	0	None	None
ChainingRodShaped	16095	3.43048	0.5	-85.0065	-18.3248	0	-0.837322	0.54671	0	None	None
ChainingRodShaped	16097	2.54581	0.5	46.5755	50.3077	0	-0.999887	-0.0150272	0	None	None
ChainingRodShaped	16099	2.70732	0.5	48.1348	-11.3778	0	0.801776	0.597625	0	None	None
ChainingRodShaped	16101	2.54241	0.5	-15.3928	102.14	0	-0.791561	0.61109	0	None	None
ChainingRodShaped	16103	2.52254	0.5	-12.1377	86.1405	0	-0.0889355	0.996037	0	None	None
ChainingRodShaped	16105	2.85028	0.5	13.9761	7.46752	0	-0.591495	0.806309	0	None	None
ChainingRodShaped	16107	2.91282	0.5	-44.9116	56.9252	0	-0.0608281	-0.998148	0	None	None
ChainingRodShaped	16109	2.52548	0.5	-0.980715	13.3948	0	-0.94398	-0.330004	0	None	None
ChainingRodShaped	16111	2.87144	0.5	-93.7161	17.8781	0	0.272646	-0.962114	0	None	None
ChainingRodShaped	16113	3.0442	0.5	-88.9774	3.35009	0	-0.818055	-0.57514	0	None	None
ChainingRodShaped	16115	2.69611	0.5	-58.3234	5.64089	0	0.0556004	-0.998453	0	None	None
ChainingRodShaped	16117	2.88083	0.5	-75.0392	-44.8147	0	0.948073	0.318052	0	None	None
ChainingRodShaped	16119	2.46382	0.5	19.5019	223.647	0	-0.983369	0.181621	0	16070	16118
ChainingRodShaped	16121	3.29174	0.5	-4.60077	4.41649	0	-0.991297	0.131642	0	None	None
ChainingRodShaped	16123	3.13232	0.5	62.1202	15.7163	0	-0.496799	-0.867866	0	None	None
ChainingRodShaped	16125	3.48115	0.5	-5.29743	-18.5851	0	-0.878842	0.477114	0	None	None
ChainingRodShaped	16127	2.8177	0.5	-24.6697	124.15	0	-0.774358	0.632748	0	None	None
ChainingRodShaped	16129	2.89528	0.5	-75.6676	39.4567	0	-0.632113	-0.774876	0	None	None
ChainingRodShaped	16131	2.93108	0.5	-117.551	20.3408	0	-0.441674	-0.897175	0	None	None
ChainingRodShaped	16133	3.27215	0.5	-58.1505	104.259	0	-0.874823	-0.484443	0	None	None
ChainingRodShaped	16135	2.85011	0.5	-75.7058	15.2012	0	0.849262	0.527971	0	None	None
ChainingRodShaped	16137	3.10511	0.5	-52.3869	47.5734	0	0.552995	-0.833185	0	None	None
ChainingRodShaped	16139	2.68491	0.5	-208.284	15.9461	0	-0.974889	0.222693	0	9465	16138
ChainingRodShaped	16141	2.98659	0.5	94.7729	-23.9173	0	0.741536	-0.670913	0	8380	16140
ChainingRodShaped	16143	2.71579	0.5	-103.799	37.4985	0	0.988197	-0.15319	0	None	None
ChainingRodShaped	16145	3.16281	0.5	-107.698	85.5393	0	-0.395119	-0.91863	0	None	None
ChainingRodShaped	16147	2.56852	0.5	-66.9595	-20.8224	0	-0.99333	0.115303	0	None	None
ChainingRodShaped	16149	2.82717	0.5	-59.7952	73.9766	0	-0.773738	-0.633505	0	None	None
ChainingRodShaped	16151	2.76637	0.5	-79.4321	80.0941	0	0.978806	-0.204791	0	None	None
ChainingRodShaped	16153	2.86747	0.5	54.9265	126.971	0	0.0568327	-0.998384	0	13614	16152
ChainingRodShaped	16155	2.53967	0.5	-61.1872	-39.1512	0	0.998584	-0.0531895	0	None	None
ChainingRodShaped	16157	2.71613	0.5	64.5174	46.2645	0	-0.677986	0.735075	0	None	None
ChainingRodShaped	16159	2.81876	0.5	47.4465	41.4063	0	-0.117567	-0.993065	0	None	None
ChainingRodShaped	16161	3.26251	0.5	-38.9142	-47.1874	0	-0.650477	-0.759526	0	None	None
ChainingRodShaped	16163	2.70772	0.5	18.9166	95.4023	0	0.554065	-0.832473	0	None	None
ChainingRodShaped	16165	3.16004	0.5	-178.576	36.48	0	0.922624	0.385701	0	8080	16164
ChainingRodShaped	16167	2.67481	0.5	-86.9354	-29.1951	0	-0.400831	-0.916152	0	None	None
ChainingRodShaped	16169	3.15492	0.5	114.293	-110.852	0	-0.980801	-0.19501	0	12544	16168
ChainingRodShaped	16171	3.32193	0.5	39.4827	55.7595	0	0.998884	0.0472399	0	None	None
ChainingRodShaped	16173	3.10228	0.5	-55.7169	-11.787	0	0.999874	-0.0158676	0	None	None
ChainingRodShaped	16175	3.2689	0.5	-23.3376	-50.5603	0	0.976266	0.216576	0	None	None
ChainingRodShaped	16177	3.23471	0.5	-26.2535	81.5633	0	0.811909	-0.583783	0	None	None
ChainingRodShaped	16179	3.28283	0.5	-27.2658	5.28902	0	0.101938	-0.994791	0	None	None
ChainingRodShaped	16181	2.58459	0.5	-57.738	-23.8904	0	-0.996152	0.087638	0	None	None
ChainingRodShaped	16183	3.42952	0.5	16.4155	43.1533	0	-0.214594	-0.976703	0	None	None
ChainingRodShaped	16185	3.12035	0.5	-49.7088	91.3383	0	0.999847	-0.0175121	0	None	None
ChainingRodShaped	16187	2.82987	0.5	16.848	66.6753	0	0.98311	-0.183017	0	None	None
ChainingRodShaped	16189	2.60369	0.5	-75.5924	65.1282	0	-0.402157	-0.915571	0	None	None
ChainingRodShaped	16191	3.09455	0.5	101.624	230.18	0	-0.971232	0.238136	0	9492	16190
ChainingRodShaped	16193	2.95267	0.5	65.6915	-7.5212	0	-0.685572	-0.728005	0	8948	16192
ChainingRodShaped	16195	3.0873	0.5	23.9495	183.715	0	-0.295765	-0.955261	0	13320	16194
ChainingRodShaped	16197	2.98274	0.5	-48.5621	-42.4519	0	-0.589366	-0.807866	0	None	None
ChainingRodShaped	16199	2.66834	0.5	-25.442	-20.9747	0	0.812117	0.583495	0	None	None
ChainingRodShaped	16201	3.35305	0.5	35.9046	90.6838	0	-0.609213	-0.793007	0	None	None
ChainingRodShaped	16203	3.26177	0.5	-39.6449	78.2144	0	-0.99997	0.00771382	0	None	None
ChainingRodShaped	16205	2.61049	0.5	-168.021	171.124	0	-0.816878	-0.576811	0	9382	16204
ChainingRodShaped	16207	2.69577	0.5	-71.1758	4.18809	0	-0.780925	-0.624624	0	None	None
ChainingRodShaped	16209	2.61817	0.5	-25.2975	94.0973	0	-0.796023	0.605266	0	None	None
ChainingRodShaped	16211	3.20667	0.5	-74.9494	-8.81232	0	-0.997296	-0.0734901	0	None	None
ChainingRodShaped	16213	2.62373	0.5	-116.597	44.1232	0	-0.957415	-0.288714	0	None	None
ChainingRodShaped	16215	3.44903	0.5	18.3072	-0.876956	0	-0.59052	0.807023	0	None	None
ChainingRodShaped	16217	2.80016	0.5	-138.103	-63.1481	0	0.997712	-0.0676059	0	9332	16216
ChainingRodShaped	16219	2.92358	0.5	16.8244	16.9893	0	-0.232656	0.972559	0	None	None
ChainingRodShaped	16221	3.01895	0.5	-18.1079	-37.341	0	0.928797	0.370588	0	None	None
ChainingRodShaped	16223	2.94232	0.5	-87.7504	-78.3977	0	-0.648548	-0.761173	0	6909	16222
ChainingRodShaped	16225	3.21083	0.5	-67.0808	44.2674	0	-0.0537729	0.998553	0	None	None
ChainingRodShaped	16227	2.9424	0.5	-31.1694	128.489	0	-0.984206	0.177024	0	9186	16226
ChainingRodShaped	16229	3.25778	0.5	-54.1622	-8.54387	0	0.995949	0.0899161	0	None	None
ChainingRodShaped	16231	2.71015	0.5	-75.3449	38.6574	0	-0.624814	-0.780773	0	None	None
ChainingRodShaped	16233	2.69341	0.5	15.5559	106.258	0	0.946718	0.322062	0	None	None
ChainingRodShaped	16235	3.2366	0.5	60.1362	41.0972	0	0.948171	0.317761	0	None	None
ChainingRodShaped	16237	3.31092	0.5	-108.521	54.9736	0	0.914802	-0.403903	0	None	None
ChainingRodShaped	16239	2.64935	0.5	39.8142	15.1221	0	-0.44768	0.894194	0	None	None
ChainingRodShaped	16241	2.85507	0.5	-76.2371	6.3372	0	0.818076	0.57511	0	None	None
ChainingRodShaped	16243	2.65512	0.5	-76.3878	7.19816	0	0.8206	0.571504	0	None	None
ChainingRodShaped	16245	3.35068	0.5	51.8191	10.3501	0	-0.942751	-0.333498	0	None	None
ChainingRodShaped	16247	3.18129	0.5	47.6983	77.6885	0	0.830867	-0.556471	0	None	None
ChainingRodShaped	16249	2.88063	0.5	141.487	78.704	0	-0.765211	0.64378	0	17768	16248
ChainingRodShaped	16251	2.70533	0.5	17.0003	75.2964	0	0.983137	-0.182869	0	None	None
ChainingRodShaped	16253	2.89797	0.5	-75.8061	-52.2235	0	0.978041	-0.208414	0	None	None
ChainingRodShaped	16255	3.34768	0.5	42.0126	40.9012	0	0.326987	-0.945029	0	None	None
ChainingRodShaped	16257	3.1414	0.5	13.5244	85.5624	0	-0.754954	-0.655778	0	None	None
ChainingRodShaped	16259	2.98354	0.5	-107.436	-24.549	0	0.644488	-0.764615	0	None	None
ChainingRodShaped	16261	3.15442	0.5	-68.4396	-15.7869	0	-0.991429	0.130644	0	None	None
ChainingRodShaped	16263	2.49735	0.5	-50.1645	-18.5988	0	-0.987461	-0.157862	0	None	None
ChainingRodShaped	16265	3.09037	0.5	1.96245	-19.8321	0	0.879623	-0.475672	0	None	None
ChainingRodShaped	16267	2.63899	0.5	73.6654	1.1954	0	0.797149	0.603783	0	8000	16266
ChainingRodShaped	16269	2.55198	0.5	-47.3813	93.6554	0	-0.891123	0.453761	0	None	None
ChainingRodShaped	16271	2.98076	0.5	-20.9256	-59.8112	0	0.469262	0.883059	0	None	None
ChainingRodShaped	16273	2.52134	0.5	-37.4282	125.066	0	-0.870175	0.492743	0	None	None
ChainingRodShaped	16275	3.03222	0.5	25.8884	71.03	0	-0.987859	0.155354	0	None	None
ChainingRodShaped	16277	2.8444	0.5	38.9765	-21.5347	0	0.775138	0.631793	0	None	None
ChainingRodShaped	16279	3.00501	0.5	-51.7359	-21.0975	0	-0.991775	-0.127995	0	None	None
ChainingRodShaped	16281	3.20475	0.5	-45.3351	17.169	0	0.969076	-0.246761	0	None	None
ChainingRodShaped	16283	3.02853	0.5	-28.916	-24.2899	0	0.81723	0.576311	0	None	None
ChainingRodShaped	16285	3.40373	0.5	-56.524	38.1146	0	0.0395798	0.999216	0	None	None
ChainingRodShaped	16287	2.58181	0.5	112.004	50.6259	0	-0.999993	-0.00364194	0	17244	16286
ChainingRodShaped	16289	2.53775	0.5	-177.517	-121.795	0	-0.565921	0.824459	0	16306	16288
ChainingRodShaped	16291	3.15905	0.5	-10.7429	96.3161	0	0.194395	0.980923	0	None	None
ChainingRodShaped	16293	3.00928	0.5	30.1998	69.0182	0	0.999369	-0.0355257	0	None	None
ChainingRodShaped	16295	3.37056	0.5	45.8373	-4.43058	0	0.964059	0.265688	0	None	None
ChainingRodShaped	16297	3.30719	0.5	-52.0408	10.5994	0	0.431124	-0.902293	0	None	None
ChainingRodShaped	16299	2.53802	0.5	-91.6823	12.7047	0	0.393132	0.919482	0	None	None
ChainingRodShaped	16301	3.23649	0.5	-68.021	34.6746	0	0.796671	0.604414	0	None	None
ChainingRodShaped	16303	2.89159	0.5	-106.393	73.5267	0	0.0152991	-0.999883	0	None	None
ChainingRodShaped	16305	2.64204	0.5	145.81	-47.1938	0	0.575901	-0.81752	0	7230	16304
ChainingRodShaped	16307	2.42292	0.5	-173.415	-127.142	0	-0.648348	0.761344	0	16530	16306
ChainingRodShaped	16309	3.0185	0.5	-102.988	-28.7787	0	0.512333	-0.858787	0	None	None
ChainingRodShaped	16311	2.79196	0.5	-34.1035	119.945	0	-0.668847	0.7434	0	None	None
ChainingRodShaped	16313	2.62679	0.5	46.233	-21.7098	0	0.0293414	0.999569	0	None	None
ChainingRodShaped	16315	2.56857	0.5	-15.6785	42.5892	0	0.734993	0.678074	0	None	None
ChainingRodShaped	16317	2.57556	0.5	-61.3722	65.511	0	-0.765016	-0.644012	0	None	None
ChainingRodShaped	16319	2.95131	0.5	-39.3691	-22.6483	0	-0.999133	-0.0416433	0	None	None
ChainingRodShaped	16321	2.80411	0.5	-10.6121	42.2861	0	0.875799	0.482676	0	None	None
ChainingRodShaped	16323	2.48901	0.5	-92.4865	-108.824	0	0.0950753	-0.99547	0	9634	16322
ChainingRodShaped	16325	2.8706	0.5	-41.989	-12.7905	0	-0.353052	0.935604	0	None	None
ChainingRodShaped	16327	2.70737	0.5	-39.8309	67.1137	0	-0.347621	-0.937635	0	None	None
ChainingRodShaped	16329	2.49243	0.5	8.94732	57.4543	0	0.485047	0.874488	0	None	None
ChainingRodShaped	16331	3.02498	0.5	-47.8898	-23.9636	0	-0.997844	-0.0656249	0	17918	16330
ChainingRodShaped	16333	2.83876	0.5	188.831	2.12025	0	-0.983293	0.182031	0	18672	16332
ChainingRodShaped	16335	2.78474	0.5	-67.0076	40.416	0	0.0806582	0.996742	0	None	None
ChainingRodShaped	16337	2.89701	0.5	-168.771	1.5574	0	-0.987614	-0.156904	0	14578	16336
ChainingRodShaped	16339	2.6266	0.5	54.3098	-15.0309	0	0.60509	0.796157	0	None	None
ChainingRodShaped	16341	2.81523	0.5	37.6032	87.7795	0	-0.260601	-0.965447	0	None	None
ChainingRodShaped	16343	3.33214	0.5	21.7617	2.37877	0	-0.0233897	0.999726	0	None	None
ChainingRodShaped	16345	3.25732	0.5	1.94977	82.3983	0	0.102552	0.994728	0	None	None
ChainingRodShaped	16347	2.7301	0.5	-81.9793	-9.54654	0	-0.622515	0.782608	0	None	None
ChainingRodShaped	16349	3.38079	0.5	-63.4984	32.5732	0	0.846805	0.531904	0	None	None
ChainingRodShaped	16351	3.32687	0.5	3.57035	99.0707	0	0.605381	0.795936	0	None	None
ChainingRodShaped	16353	3.26211	0.5	67.594	29.5434	0	-0.998361	-0.0572314	0	None	None
ChainingRodShaped	16355	3.32924	0.5	-91.3976	-43.4845	0	0.851315	0.524654	0	None	None
ChainingRodShaped	16357	3.03303	0.5	20.3877	-23.1862	0	0.410218	-0.911987	0	None	None
ChainingRodShaped	16359	2.55502	0.5	-141.885	124.249	0	-0.598263	0.8013	0	7549	16358
ChainingRodShaped	16361	2.95664	0.5	-40.7621	82.9402	0	0.997408	-0.0719558	0	None	None
ChainingRodShaped	16363	2.90315	0.5	59.7414	-12.8629	0	0.64417	0.764882	0	15246	16362
ChainingRodShaped	16365	3.35195	0.5	-11.4763	73.1203	0	-0.263661	0.964615	0	None	None
ChainingRodShaped	16367	2.92326	0.5	-177.031	140.787	0	-0.96953	-0.244974	0	9271	16366
ChainingRodShaped	16369	3.09441	0.5	-129.079	-10.8389	0	-0.998868	0.0475696	0	13050	16368
ChainingRodShaped	16371	3.17476	0.5	-82.9686	97.8916	0	-0.258015	-0.966141	0	None	None
ChainingRodShaped	16373	3.32921	0.5	-63.9105	-29.691	0	0.999924	0.0123335	0	None	None
ChainingRodShaped	16375	2.8005	0.5	-113.184	44.749	0	0.917359	0.398061	0	None	None
ChainingRodShaped	16377	2.73115	0.5	25.446	-42.3722	0	0.999952	0.00980357	0	None	None
ChainingRodShaped	16379	2.51742	0.5	-228.164	-20.3863	0	-0.259892	-0.965638	0	19142	16378
ChainingRodShaped	16381	3.2304	0.5	-75.7659	0.310615	0	-0.902789	-0.430084	0	None	None
ChainingRodShaped	16383	3.21637	0.5	-18.7926	71.8217	0	-0.614247	-0.789114	0	None	None
ChainingRodShaped	16385	2.54575	0.5	11.8663	-23.6836	0	0.915589	-0.402115	0	None	None
ChainingRodShaped	16387	2.94745	0.5	12.8259	59.1751	0	0.507058	0.861912	0	None	None
ChainingRodShaped	16389	2.95414	0.5	-111.584	39.6398	0	0.991883	0.127154	0	None	None
ChainingRodShaped	16391	3.19004	0.5	-70.5671	21.2895	0	0.902705	0.430261	0	None	None
ChainingRodShaped	16393	3.04501	0.5	-60.0412	-4.54923	0	0.186728	0.982412	0	None	None
ChainingRodShaped	16395	2.59167	0.5	-86.2518	-0.588772	0	0.821774	0.569813	0	None	None
ChainingRodShaped	16397	2.84301	0.5	-50.4075	-56.5703	0	-0.587096	-0.809518	0	None	None
ChainingRodShaped	16399	2.84582	0.5	-25.283	-43.7717	0	0.982449	0.186531	0	None	None
ChainingRodShaped	16401	3.35199	0.5	45.6238	89.721	0	0.635674	-0.771958	0	None	None
ChainingRodShaped	16403	2.65728	0.5	-92.9555	-30.5015	0	0.421335	0.906905	0	None	None
ChainingRodShaped	16405	2.86816	0.5	-72.1802	-69.9788	0	-0.990051	-0.140707	0	8966	16404
ChainingRodShaped	16407	2.5348	0.5	-14.0528	6.22898	0	0.506707	-0.862119	0	None	None
ChainingRodShaped	16409	2.59082	0.5	126.971	74.6361	0	0.929216	-0.369537	0	15096	16408
ChainingRodShaped	16411	2.49137	0.5	-41.2315	31.5011	0	0.310387	-0.95061	0	None	None
ChainingRodShaped	16413	3.06019	0.5	-0.285351	80.4786	0	0.0504277	0.998728	0	None	None
ChainingRodShaped	16415	2.4548	0.5	-104.685	49.3456	0	0.893867	-0.448332	0	None	None
ChainingRodShaped	16417	3.25878	0.5	-3.4108	82.885	0	0.863563	0.50424	0	None	None
ChainingRodShaped	16419	3.17658	0.5	7.22701	22.1595	0	0.635851	-0.771812	0	None	None
ChainingRodShaped	16421	2.91737	0.5	-40.3977	70.4033	0	-0.988256	-0.152805	0	None	None
ChainingRodShaped	16423	2.85733	0.5	-104.46	-31.9136	0	0.430098	-0.902782	0	15154	16422
ChainingRodShaped	16425	2.79349	0.5	19.0312	-18.7832	0	0.982224	0.18771	0	None	None
ChainingRodShaped	16427	3.22173	0.5	47.8978	14.0605	0	0.862046	0.506829	0	None	None
ChainingRodShaped	16429	3.07058	0.5	-17.6252	38.8775	0	-0.0550254	0.998485	0	None	None
ChainingRodShaped	16431	2.8168	0.5	-24.2872	60.353	0	0.941218	0.337799	0	None	None
ChainingRodShaped	16433	2.87642	0.5	-8.48293	58.79	0	0.93769	-0.347474	0	None	None
ChainingRodShaped	16435	2.75081	0.5	44.025	-7.38635	0	0.672708	0.739908	0	None	None
ChainingRodShaped	16437	2.91638	0.5	-82.2948	72.1064	0	-0.981368	0.192138	0	None	None
ChainingRodShaped	16439	2.89831	0.5	-115.529	9.4805	0	-0.804094	0.594502	0	None	None
ChainingRodShaped	16441	3.21413	0.5	-56.9974	31.2327	0	0.889434	0.457064	0	None	None
ChainingRodShaped	16443	2.93165	0.5	35.9425	30.0205	0	0.460946	-0.887428	0	None	None
ChainingRodShaped	16445	3.1261	0.5	71.3253	4.56742	0	-0.258528	-0.966004	0	None	None
ChainingRodShaped	16447	3.28139	0.5	-18.494	65.2121	0	-0.611536	-0.791217	0	None	None
ChainingRodShaped	16449	2.4607	0.5	-20.6264	-18.8369	0	0.613956	0.78934	0	None	None
ChainingRodShaped	16451	3.27898	0.5	-24.683	33.1005	0	-0.349321	0.937003	0	None	None
ChainingRodShaped	16453	3.01014	0.5	-34.4187	77.2153	0	-0.995172	0.0981434	0	None	None
ChainingRodShaped	16455	2.49963	0.5	56.402	35.5128	0	0.53601	0.844211	0	None	None
ChainingRodShaped	16457	2.64193	0.5	-15.8812	-22.1057	0	0.617081	0.786899	0	None	None
ChainingRodShaped	16459	2.71046	0.5	2.49361	-42.1788	0	-0.597581	-0.801808	0	None	None
ChainingRodShaped	16461	2.78559	0.5	-52.2922	17.9712	0	-0.134464	-0.990918	0	None	None
ChainingRodShaped	16463	3.14474	0.5	-94.1091	-40.3906	0	-0.0819777	-0.996634	0	None	None
ChainingRodShaped	16465	3.07686	0.5	-59.8737	20.0994	0	-0.244351	-0.969687	0	None	None
ChainingRodShaped	16467	2.76139	0.5	9.03612	12.5079	0	-0.570221	0.821492	0	None	None
ChainingRodShaped	16469	3.04286	0.5	-49.9813	62.7243	0	0.667254	-0.74483	0	None	None
ChainingRodShaped	16471	3.32369	0.5	-3.17288	-10.6207	0	0.999936	0.0113076	0	None	None
ChainingRodShaped	16473	3.19341	0.5	6.64484	45.5172	0	0.385741	0.922607	0	None	None
ChainingRodShaped	16475	2.6827	0.5	-8.73185	118.269	0	0.875768	-0.482732	0	7862	16474
ChainingRodShaped	16477	3.12563	0.5	21.613	23.0034	0	0.992166	0.124925	0	None	None
ChainingRodShaped	16479	2.60784	0.5	-94.4682	37.1773	0	-0.513591	-0.858035	0	None	None
ChainingRodShaped	16481	3.03398	0.5	94.4921	9.76033	0	0.913816	0.406129	0	19198	16480
ChainingRodShaped	16483	2.69663	0.5	-53.8892	3.50451	0	0.0825449	-0.996587	0	None	None
ChainingRodShaped	16485	2.92088	0.5	38.5483	107.615	0	0.040421	-0.999183	0	13868	16484
ChainingRodShaped	16487	2.5933	0.5	12.8747	15.6981	0	0.598473	-0.801143	0	None	None
ChainingRodShaped	16489	3.15668	0.5	-9.15752	11.4205	0	-0.639915	0.768445	0	None	None
ChainingRodShaped	16491	2.5921	0.5	51.7291	45.5101	0	-0.934735	-0.355345	0	None	None
ChainingRodShaped	16493	3.1379	0.5	-114.7	55.3716	0	-0.985171	-0.171575	0	None	None
ChainingRodShaped	16495	3.04545	0.5	-41.1798	21.1992	0	0.998369	-0.0570837	0	None	None
ChainingRodShaped	16497	3.29243	0.5	-97.8947	42.496	0	-0.956551	0.291566	0	None	None
ChainingRodShaped	16499	2.64565	0.5	-5.2463	74.4404	0	0.0201945	0.999796	0	None	None
ChainingRodShaped	16501	3.24876	0.5	-90.9702	8.50938	0	0.796454	0.6047	0	None	None
ChainingRodShaped	16503	2.9772	0.5	-19.0644	65.6381	0	-0.611417	-0.791309	0	None	None
ChainingRodShaped	16505	2.67903	0.5	14.1932	23.6855	0	0.995087	-0.0990002	0	None	None
ChainingRodShaped	16507	3.26505	0.5	-71.7356	107.903	0	-0.877078	-0.480348	0	None	None
ChainingRodShaped	16509	2.95127	0.5	-96.7091	21.2842	0	0.316986	-0.94843	0	None	None
ChainingRodShaped	16511	2.76764	0.5	-4.95342	-57.8336	0	0.965714	0.259607	0	None	None
ChainingRodShaped	16513	2.97943	0.5	23.1229	9.18928	0	-0.0701246	0.997538	0	None	None
ChainingRodShaped	16515	2.99778	0.5	-36.6982	106.241	0	0.348966	0.937135	0	None	None
ChainingRodShaped	16517	2.76049	0.5	-42.1205	85.3093	0	0.994276	-0.106845	0	None	None
ChainingRodShaped	16519	3.24822	0.5	32.1488	-14.2452	0	-0.765486	-0.643452	0	None	None
ChainingRodShaped	16521	3.29642	0.5	2.27702	70.4076	0	0.542911	0.83979	0	None	None
ChainingRodShaped	16523	3.17534	0.5	-43.5105	1.21345	0	0.879075	0.476683	0	None	None
ChainingRodShaped	16525	2.45725	0.5	-68.7005	44.628	0	0.66428	0.747484	0	None	None
ChainingRodShaped	16527	3.11251	0.5	-62.2971	-27.2661	0	0.998136	0.0610322	0	None	None
ChainingRodShaped	16529	2.74153	0.5	-48.5001	-45.2197	0	0.634391	0.773012	0	None	None
ChainingRodShaped	16531	2.44991	0.5	-168.463	-132.463	0	-0.711095	0.703096	0	6680	16530
ChainingRodShaped	16533	2.72653	0.5	9.9925	47.5591	0	0.379349	0.925254	0	None	None
ChainingRodShaped	16535	2.96639	0.5	-61.0066	-6.90486	0	0.999845	0.0175926	0	None	None
ChainingRodShaped	16537	3.00234	0.5	3.56207	-27.6767	0	0.758102	-0.652136	0	None	None
ChainingRodShaped	16539	2.98439	0.5	-1.10936	72.4432	0	0.187824	0.982203	0	None	None
ChainingRodShaped	16541	2.93337	0.5	29.8885	-27.7253	0	0.739351	-0.67332	0	None	None
ChainingRodShaped	16543	2.47995	0.5	39.3106	186.5	0	0.997293	0.0735268	0	8281	16542
ChainingRodShaped	16545	3.07992	0.5	-64.2682	115.217	0	0.99946	0.0328528	0	None	None
ChainingRodShaped	16547	2.52769	0.5	-27.8229	4.25119	0	-0.0916801	0.995789	0	None	None
ChainingRodShaped	16549	3.2675	0.5	37.1307	17.0508	0	-0.184554	-0.982822	0	None	None
ChainingRodShaped	16551	3.21276	0.5	27.5522	-46.6335	0	0.77034	0.637633	0	None	None
ChainingRodShaped	16553	3.03229	0.5	-11.0815	56.2929	0	-0.173903	0.984763	0	None	None
ChainingRodShaped	16555	2.45605	0.5	-51.0115	-61.2238	0	0.931001	0.365016	0	None	None
ChainingRodShaped	16557	2.78667	0.5	20.8044	100.794	0	0.99943	-0.0337553	0	None	None
ChainingRodShaped	16559	2.77799	0.5	56.8083	49.1436	0	-0.927699	-0.37333	0	None	None
ChainingRodShaped	16561	2.75709	0.5	-60.6656	-54.8237	0	-0.643418	-0.765515	0	None	None
ChainingRodShaped	16563	2.80101	0.5	-64.0189	33.0415	0	0.841616	0.540076	0	None	None
ChainingRodShaped	16565	2.90283	0.5	-9.17858	61.1802	0	0.929493	-0.368841	0	None	None
ChainingRodShaped	16567	2.8963	0.5	42.7089	35.31	0	0.331789	-0.943354	0	None	None
ChainingRodShaped	16569	3.14848	0.5	-67.2999	103.91	0	-0.96185	0.273576	0	None	None
ChainingRodShaped	16571	2.65311	0.5	-63.1143	22.7144	0	0.871523	0.490355	0	None	None
ChainingRodShaped	16573	2.82226	0.5	125.127	28.7136	0	-0.741454	-0.671004	0	17544	16572
ChainingRodShaped	16575	2.79292	0.5	-19.6401	49.3088	0	0.849202	-0.528068	0	None	None
ChainingRodShaped	16577	2.85848	0.5	-42.2713	-29.0597	0	0.997583	0.06949	0	None	None
ChainingRodShaped	16579	2.48901	0.5	-35.5796	-8.26291	0	0.399526	-0.916722	0	None	None
ChainingRodShaped	16581	2.99083	0.5	24.2036	-1.1685	0	-0.786758	-0.617262	0	None	None
ChainingRodShaped	16583	3.04253	0.5	-90.7252	11.5494	0	0.812065	0.583567	0	None	None
ChainingRodShaped	16585	3.03776	0.5	-96.9209	87.6374	0	-0.738444	-0.674315	0	None	None
ChainingRodShaped	16587	3.06024	0.5	28.408	32.4383	0	0.194514	0.9809	0	None	None
ChainingRodShaped	16589	2.52979	0.5	53.9729	73.2484	0	-0.799833	0.600223	0	None	None
ChainingRodShaped	16591	2.49806	0.5	-1.96567	49.159	0	0.91584	0.401543	0	None	None
ChainingRodShaped	16593	2.68066	0.5	-34.2886	-19.1822	0	-0.979082	-0.203468	0	None	None
ChainingRodShaped	16595	3.01629	0.5	52.8319	67.6418	0	-0.157532	0.987514	0	None	None
ChainingRodShaped	16597	2.52019	0.5	-43.8289	40.9866	0	0.590145	-0.807298	0	None	None
ChainingRodShaped	16599	2.52867	0.5	-28.9764	17.7877	0	0.745669	-0.666316	0	None	None
ChainingRodShaped	16601	2.63082	0.5	25.4786	3.89645	0	-0.0157337	0.999876	0	None	None
ChainingRodShaped	16603	2.34895	0.5	49.78	-64.1656	0	0.920611	-0.39048	0	17536	16602
ChainingRodShaped	16605	3.12513	0.5	20.7086	23.892	0	0.99031	-0.138874	0	None	None
ChainingRodShaped	16607	2.55494	0.5	-93.7717	2.64685	0	0.768723	0.639582	0	None	None
ChainingRodShaped	16609	2.56274	0.5	-167.556	-30.5284	0	-0.998091	-0.0617527	0	15430	16608
ChainingRodShaped	16611	2.70238	0.5	22.5807	69.8373	0	0.987183	-0.159592	0	None	None
ChainingRodShaped	16613	2.91451	0.5	-98.8237	58.2633	0	0.872832	0.488021	0	None	None
ChainingRodShaped	16615	2.50599	0.5	-88.533	69.9925	0	0.99185	-0.127408	0	None	None
ChainingRodShaped	16617	2.67668	0.5	-31.9446	95.4436	0	0.851398	-0.52452	0	None	None
ChainingRodShaped	16619	3.16274	0.5	0.516381	-36.6628	0	-0.237997	0.971266	0	None	None
ChainingRodShaped	16621	2.6521	0.5	-24.4061	72.1569	0	-0.996486	-0.0837608	0	None	None
ChainingRodShaped	16623	2.60493	0.5	-30.3922	39.8733	0	-0.526946	0.849898	0	None	None
ChainingRodShaped	16625	2.6105	0.5	-74.1481	59.4258	0	-0.456956	-0.889489	0	None	None
ChainingRodShaped	16627	2.93819	0.5	-14.6965	50.4378	0	0.527927	0.84929	0	None	None
ChainingRodShaped	16629	2.68587	0.5	-63.1045	40.2002	0	-0.0169031	0.999857	0	None	None
ChainingRodShaped	16631	3.06832	0.5	-5.39797	50.1283	0	0.864062	0.503385	0	None	None
ChainingRodShaped	16633	3.17972	0.5	-10.4855	33.1803	0	0.563365	0.826208	0	None	None
ChainingRodShaped	16635	3.07445	0.5	-1.64007	21.8553	0	-0.30533	-0.952247	0	None	None
ChainingRodShaped	16637	2.64447	0.5	73.7048	25.7516	0	-0.932446	-0.361309	0	None	None
ChainingRodShaped	16639	2.87059	0.5	-72.266	48.0174	0	0.0673762	-0.997728	0	None	None
ChainingRodShaped	16641	2.63627	0.5	60.9986	35.9451	0	0.285018	-0.958522	0	None	None
ChainingRodShaped	16643	3.14586	0.5	-0.990745	7.01229	0	-0.979821	0.199878	0	None	None
ChainingRodShaped	16645	2.98191	0.5	-45.5182	100.133	0	-0.709079	-0.705129	0	None	None
ChainingRodShaped	16647	2.82595	0.5	-52.8015	-18.1993	0	-0.985813	-0.16785	0	None	None
ChainingRodShaped	16649	2.99683	0.5	-74.3167	-31.9064	0	0.994002	-0.109358	0	None	None
ChainingRodShaped	16651	3.03118	0.5	-69.1869	16.5966	0	0.879862	0.475228	0	None	None
ChainingRodShaped	16653	2.42493	0.5	-226.717	-7.41492	0	-0.0549748	-0.998488	0	14978	16652
ChainingRodShaped	16655	3.07662	0.5	-58.4217	-30.5616	0	1	-0.000984443	0	None	None
ChainingRodShaped	16657	2.43604	0.5	-26.7966	-39.692	0	-0.349873	-0.936797	0	None	None
ChainingRodShaped	16659	2.68061	0.5	69.004	42.631	0	-0.34564	0.938367	0	5729	16658
ChainingRodShaped	16661	3.05678	0.5	-32.678	42.7836	0	-0.515216	0.857061	0	None	None
ChainingRodShaped	16663	2.52913	0.5	-102.256	-32.1111	0	0.434284	-0.900776	0	None	None
ChainingRodShaped	16665	2.86528	0.5	-55.7289	60.1373	0	0.69536	0.718662	0	None	None
ChainingRodShaped	16667	2.80185	0.5	-93.9688	81.6029	0	0.996672	0.0815169	0	None	None
ChainingRodShaped	16669	2.90196	0.5	-21.6892	-16.3116	0	0.711195	0.702995	0	None	None
ChainingRodShaped	16671	2.97945	0.5	-13.7381	17.4194	0	0.752994	0.658027	0	None	None
ChainingRodShaped	16673	2.62764	0.5	41.9648	27.2619	0	0.517263	-0.855827	0	None	None
ChainingRodShaped	16675	3.15751	0.5	17.0933	-4.04431	0	-0.602942	0.797785	0	None	None
ChainingRodShaped	16677	2.89383	0.5	6.68076	21.7803	0	0.643765	-0.765223	0	None	None
ChainingRodShaped	16679	3.2253	0.5	-16.2585	-17.301	0	-0.0324024	0.999475	0	None	None
ChainingRodShaped	16681	2.90643	0.5	3.66899	74.8875	0	0.167107	0.985939	0	None	None
ChainingRodShaped	16683	3.048	0.5	-74.8801	97.3191	0	-0.966947	-0.254978	0	None	None
ChainingRodShaped	16685	2.95291	0.5	-20.9127	12.9712	0	0.786387	0.617734	0	None	None
ChainingRodShaped	16687	2.7425	0.5	8.36134	-37.0329	0	0.26393	0.964542	0	None	None
ChainingRodShaped	16689	2.83007	0.5	36.9866	73.082	0	0.99962	0.0275698	0	None	None
ChainingRodShaped	16691	3.19226	0.5	-40.6607	97.5542	0	0.341252	0.939972	0	None	None
ChainingRodShaped	16693	2.99812	0.5	-42.0814	29.8206	0	0.316983	-0.948431	0	None	None
ChainingRodShaped	16695	3.07612	0.5	-34.9826	32.7798	0	0.991462	-0.130399	0	None	None
ChainingRodShaped	16697	3.03819	0.5	-70.719	1.48796	0	-0.783223	-0.621741	0	None	None
ChainingRodShaped	16699	2.56717	0.5	2.79081	52.9858	0	0.422782	0.906232	0	None	None
ChainingRodShaped	16701	2.98379	0.5	-27.5021	31.5249	0	0.981984	-0.188966	0	None	None
ChainingRodShaped	16703	2.91726	0.5	-26.8698	45.618	0	0.445676	-0.895194	0	None	None
ChainingRodShaped	16705	2.89279	0.5	-18.2323	-42.4181	0	0.979134	0.203217	0	None	None
ChainingRodShaped	16707	2.78469	0.5	9.39842	13.2756	0	-0.578374	0.815772	0	None	None
ChainingRodShaped	16709	2.58298	0.5	-96.7589	73.1831	0	-0.400265	0.9164	0	None	None
ChainingRodShaped	16711	2.74864	0.5	66.0092	39.3795	0	-0.981919	0.189304	0	None	None
ChainingRodShaped	16713	2.8963	0.5	-21.0735	121.486	0	0.90772	-0.419576	0	None	None
ChainingRodShaped	16715	2.56255	0.5	-71.5678	104.909	0	-0.87999	-0.474993	0	None	None
ChainingRodShaped	16717	2.63925	0.5	-111.064	38.1254	0	0.99422	0.107361	0	None	None
ChainingRodShaped	16719	3.03753	0.5	30.0149	37.5068	0	-0.17199	0.985099	0	None	None
ChainingRodShaped	16721	3.09616	0.5	-82.0574	-1.50316	0	-0.835658	-0.549251	0	None	None
ChainingRodShaped	16723	2.75237	0.5	-172.762	165.639	0	-0.444845	-0.895608	0	16204	16722
ChainingRodShaped	16725	2.77738	0.5	-17.8232	111.808	0	-0.985983	-0.166846	0	None	None
ChainingRodShaped	16727	2.67744	0.5	17.1413	65.1868	0	0.980436	-0.196837	0	None	None
ChainingRodShaped	16729	2.46955	0.5	-15.9759	43.239	0	0.741638	0.6708	0	None	None
ChainingRodShaped	16731	2.89936	0.5	22.7652	109.228	0	-0.6812	-0.732097	0	None	None
ChainingRodShaped	16733	2.72297	0.5	52.8712	38.18	0	0.859562	0.511032	0	None	None
ChainingRodShaped	16735	2.48263	0.5	-14.6967	91.7789	0	0.149431	0.988772	0	None	None
ChainingRodShaped	16737	2.46124	0.5	15.1367	54.2459	0	0.570543	0.821267	0	None	None
ChainingRodShaped	16739	2.7579	0.5	13.2346	61.523	0	0.498397	0.866949	0	None	None
ChainingRodShaped	16741	2.68288	0.5	2.62027	77.8714	0	0.147517	0.98906	0	None	None
ChainingRodShaped	16743	2.93843	0.5	-7.37695	-9.03173	0	0.999996	-0.0029168	0	None	None
ChainingRodShaped	16745	2.94062	0.5	-5.04522	-40.7197	0	0.51611	0.856522	0	None	None
ChainingRodShaped	16747	2.5318	0.5	-54.4676	108.624	0	-0.821165	-0.570691	0	None	None
ChainingRodShaped	16749	2.87552	0.5	23.4403	22.4499	0	0.992154	0.125022	0	None	None
ChainingRodShaped	16751	2.57015	0.5	-60.6319	-38.3074	0	0.998595	-0.0529913	0	None	None
ChainingRodShaped	16753	2.95506	0.5	-146.743	129.71	0	-0.727113	0.686518	0	16358	16752
ChainingRodShaped	16755	3.00697	0.5	-110.006	47.4903	0	-0.977848	-0.209318	0	None	None
ChainingRodShaped	16757	2.91543	0.5	-62.0199	-42.6341	0	0.995463	-0.0951446	0	None	None
ChainingRodShaped	16759	3.03867	0.5	-69.8063	-35.2212	0	0.948321	-0.317313	0	None	None
ChainingRodShaped	16761	3.00465	0.5	-6.93939	-2.45337	0	-0.986242	0.165306	0	None	None
ChainingRodShaped	16763	2.5219	0.5	13.4951	-28.2454	0	-0.500442	-0.86577	0	None	None
ChainingRodShaped	16765	2.83007	0.5	53.6751	72.3159	0	0.79378	-0.608205	0	None	None
ChainingRodShaped	16767	2.73553	0.5	-105.041	39.3698	0	0.988788	-0.149328	0	None	None
ChainingRodShaped	16769	2.80477	0.5	31.119	-38.4476	0	0.829085	-0.559123	0	None	None
ChainingRodShaped	16771	2.77525	0.5	-21.5039	-31.5231	0	0.50043	-0.865777	0	None	None
ChainingRodShaped	16773	3.18312	0.5	-75.0843	23.9068	0	0.892376	0.451292	0	None	None
ChainingRodShaped	16775	2.44771	0.5	-41.3408	44.9947	0	0.601947	-0.798536	0	None	None
ChainingRodShaped	16777	2.93823	0.5	-23.3938	33.6251	0	0.372482	-0.928039	0	None	None
ChainingRodShaped	16779	2.61788	0.5	26.7503	-14.7398	0	-0.986844	-0.161675	0	None	None
ChainingRodShaped	16781	2.47133	0.5	7.50732	-24.4519	0	-0.907746	0.41952	0	None	None
ChainingRodShaped	16783	3.16694	0.5	-34.1495	7.55152	0	-0.138862	-0.990312	0	None	None
ChainingRodShaped	16785	2.68641	0.5	-58.5274	122.567	0	0.476122	-0.879379	0	None	None
ChainingRodShaped	16787	2.4816	0.5	38.0996	-25.7179	0	0.768983	0.639269	0	None	None
ChainingRodShaped	16789	2.35827	0.5	-131.083	109.816	0	0.574645	-0.818403	0	8067	16788
ChainingRodShaped	16791	3.14389	0.5	-3.09093	60.2419	0	0.432708	0.901534	0	None	None
ChainingRodShaped	16793	2.64695	0.5	-30.6858	-51.1479	0	0.977388	0.211455	0	None	None
ChainingRodShaped	16795	2.87041	0.5	202.048	129.968	0	-0.658838	-0.752285	0	9430	16794
ChainingRodShaped	16797	3.10668	0.5	-28.4902	-61.0598	0	0.47994	0.877302	0	None	None
ChainingRodShaped	16799	2.45076	0.5	18.2253	-50.4616	0	-0.729412	0.684074	0	None	None
ChainingRodShaped	16801	2.75251	0.5	-110.085	46.6234	0	-0.975704	-0.219095	0	None	None
ChainingRodShaped	16803	3.00078	0.5	45.3508	21.1879	0	0.438261	-0.898848	0	None	None
ChainingRodShaped	16805	2.89745	0.5	-27.8667	-2.20878	0	-0.557189	0.830386	0	None	None
ChainingRodShaped	16807	3.13952	0.5	-15.8574	101.397	0	-0.785432	0.618948	0	None	None
ChainingRodShaped	16809	2.421	0.5	22.2184	-66.0335	0	-0.210433	0.977608	0	12446	16808
ChainingRodShaped	16811	2.89013	0.5	17.9937	104.091	0	-0.991081	-0.133259	0	None	None
ChainingRodShaped	16813	2.87595	0.5	79.1554	226.357	0	-0.910729	-0.413004	0	15010	16812
ChainingRodShaped	16815	2.9044	0.5	14.0399	91.3692	0	0.99905	0.0435744	0	None	None
ChainingRodShaped	16817	2.47808	0.5	-196.116	4.89755	0	-0.392087	0.919928	0	15700	16816
ChainingRodShaped	16819	2.5063	0.5	-27.2182	-87.312	0	-0.659602	0.751615	0	9667	16818
ChainingRodShaped	16821	2.73213	0.5	-61.5498	-25.4877	0	-0.996781	-0.0801768	0	16894	16820
ChainingRodShaped	16823	2.7349	0.5	-4.18915	-26.1019	0	0.91312	-0.40769	0	None	None
ChainingRodShaped	16825	2.93477	0.5	-63.8913	-5.08973	0	0.654657	-0.755926	0	None	None
ChainingRodShaped	16827	2.64448	0.5	55.4827	41.3667	0	-0.936165	-0.351561	0	None	None
ChainingRodShaped	16829	2.84013	0.5	-124.429	29.5	0	0.843182	0.537628	0	None	None
ChainingRodShaped	16831	2.8629	0.5	49.5873	56.8296	0	0.858475	-0.512855	0	None	None
ChainingRodShaped	16833	2.41142	0.5	40.2591	13.1045	0	0.984704	-0.174238	0	None	None
ChainingRodShaped	16835	2.78515	0.5	-57.3579	-9.54171	0	-0.999321	0.0368314	0	None	None
ChainingRodShaped	16837	2.38122	0.5	76.0943	100.3	0	0.880684	-0.473704	0	17730	16836
ChainingRodShaped	16839	2.50873	0.5	-66.2617	95.6447	0	0.811008	-0.585034	0	None	None
ChainingRodShaped	16841	3.00224	0.5	66.861	13.6705	0	-0.753871	-0.657022	0	None	None
ChainingRodShaped	16843	2.91055	0.5	-92.3718	29.9248	0	-0.378146	-0.925746	0	None	None
ChainingRodShaped	16845	2.76208	0.5	-26.8354	-35.3315	0	0.392595	-0.919712	0	None	None
ChainingRodShaped	16847	2.79708	0.5	30.3976	23.7365	0	-0.0300483	0.999548	0	None	None
ChainingRodShaped	16849	2.5636	0.5	39.0144	25.8451	0	0.502493	-0.864581	0	None	None
ChainingRodShaped	16851	2.54012	0.5	-28.2848	18.8501	0	0.759232	-0.65082	0	None	None
ChainingRodShaped	16853	2.48827	0.5	19.3505	-49.0722	0	-0.742966	0.669329	0	None	None
ChainingRodShaped	16855	2.84936	0.5	-60.0456	-1.4758	0	-0.396254	-0.918141	0	None	None
ChainingRodShaped	16857	2.63226	0.5	3.32981	-53.5694	0	-0.015761	0.999876	0	None	None
ChainingRodShaped	16859	3.02813	0.5	-35.3754	60.9261	0	0.286804	-0.957989	0	None	None
ChainingRodShaped	16861	2.5509	0.5	-51.0483	7.01126	0	0.167571	-0.98586	0	None	None
ChainingRodShaped	16863	3.04669	0.5	44.2444	7.59375	0	-0.997912	0.0645872	0	None	None
ChainingRodShaped	16865	2.81423	0.5	-188.312	-14.5579	0	0.449264	-0.893399	0	12354	16864
ChainingRodShaped	16867	2.72192	0.5	-60.2119	-40.0786	0	0.999068	-0.0431726	0	None	None
ChainingRodShaped	16869	2.81536	0.5	-76.6535	-48.0742	0	0.978341	-0.206997	0	None	None
ChainingRodShaped	16871	3.06479	0.5	24.0023	3.89084	0	0.00141095	0.999999	0	None	None
ChainingRodShaped	16873	3.07932	0.5	54.2071	-6.71922	0	0.781648	0.62372	0	None	None
ChainingRodShaped	16875	2.38089	0.5	-99.0353	9.55728	0	0.200489	-0.979696	0	None	None
ChainingRodShaped	16877	3.07215	0.5	52.6501	76.5049	0	-0.799811	0.600252	0	None	None
ChainingRodShaped	16879	2.44596	0.5	-54.3071	-53.953	0	0.61003	0.792379	0	None	None
ChainingRodShaped	16881	2.68524	0.5	-94.7699	98.2918	0	-0.762999	-0.646399	0	None	None
ChainingRodShaped	16883	2.72592	0.5	-68.4828	-6.48853	0	-0.748829	0.662763	0	None	None
ChainingRodShaped	16885	2.66484	0.5	-50.1569	101.706	0	-0.961041	-0.276404	0	None	None
ChainingRodShaped	16887	2.70118	0.5	0.445135	65.5658	0	0.48262	0.87583	0	None	None
ChainingRodShaped	16889	2.94344	0.5	-10.2098	63.0482	0	0.743637	0.668583	0	None	None
ChainingRodShaped	16891	2.81463	0.5	-65.9687	68.7217	0	-0.802687	-0.5964	0	None	None
ChainingRodShaped	16893	2.41769	0.5	-24.7301	-41.8695	0	0.984805	0.173666	0	None	None
ChainingRodShaped	16895	2.67541	0.5	-54.6664	-24.6576	0	-0.991737	-0.128289	0	16330	16894
ChainingRodShaped	16897	2.70538	0.5	42.1297	18.2998	0	0.41881	-0.908074	0	None	None
ChainingRodShaped	16899	2.97197	0.5	-101.969	7.86886	0	0.249481	-0.96838	0	None	None
ChainingRodShaped	16901	2.88329	0.5	6.05116	25.0797	0	-0.950803	-0.309795	0	None	None
ChainingRodShaped	16903	2.51562	0.5	-193.691	1.3449	0	0.207872	-0.978156	0	14794	16902
ChainingRodShaped	16905	2.55761	0.5	-31.349	68.7773	0	-0.982559	-0.185953	0	None	None
ChainingRodShaped	16907	2.85884	0.5	53.5797	84.8764	0	0.632552	-0.774518	0	6162	16906
ChainingRodShaped	16909	2.31914	0.5	-137.421	49.7457	0	-0.644078	-0.76496	0	12180	16908
ChainingRodShaped	16911	2.76034	0.5	-34.0178	-14.1304	0	-0.64518	-0.764031	0	None	None
ChainingRodShaped	16913	2.99634	0.5	-32.9677	-60.6419	0	0.720246	0.693719	0	None	None
ChainingRodShaped	16915	3.04985	0.5	-85.2952	-19.0743	0	-0.84268	0.538415	0	None	None
ChainingRodShaped	16917	2.61986	0.5	123.905	-33.6868	0	0.974016	-0.22648	0	11040	16916
ChainingRodShaped	16919	2.98245	0.5	3.58063	94.2073	0	0.851634	0.524138	0	None	None
ChainingRodShaped	16921	2.46989	0.5	-99.0809	64.4313	0	0.849281	0.527942	0	None	None
ChainingRodShaped	16923	3.03805	0.5	60.8189	8.82472	0	-0.829661	-0.558267	0	None	None
ChainingRodShaped	16925	2.54562	0.5	8.84524	91.5903	0	0.965991	0.258576	0	None	None
ChainingRodShaped	16927	2.88537	0.5	31.2127	-6.92156	0	0.554775	-0.832	0	None	None
ChainingRodShaped	16929	2.85463	0.5	-65.404	50.9264	0	0.733018	0.68021	0	None	None
ChainingRodShaped	16931	3.0822	0.5	27.0428	7.58505	0	0.053017	-0.998594	0	None	None
ChainingRodShaped	16933	3.02916	0.5	18.8252	-5.91389	0	-0.958453	-0.28525	0	None	None
ChainingRodShaped	16935	2.93837	0.5	-50.7161	60.0029	0	0.161487	-0.986875	0	None	None
ChainingRodShaped	16937	3.02149	0.5	-121.67	19.51	0	-0.99959	0.0286286	0	None	None
ChainingRodShaped	16939	2.82189	0.5	-19.8748	54.7237	0	0.160471	-0.987041	0	None	None
ChainingRodShaped	16941	2.83109	0.5	-14.3159	-55.0213	0	0.744525	0.667594	0	None	None
ChainingRodShaped	16943	2.65676	0.5	-59.7602	-18.9522	0	-0.999557	0.0297648	0	None	None
ChainingRodShaped	16945	2.89374	0.5	-10.1716	-53.6309	0	0.719259	0.694742	0	None	None
ChainingRodShaped	16947	3.07591	0.5	-109.232	20.0941	0	0.524906	-0.85116	0	None	None
ChainingRodShaped	16949	2.39024	0.5	0.636826	21.9326	0	-0.279963	-0.960011	0	None	None
ChainingRodShaped	16951	2.56973	0.5	-58.3504	-37.4566	0	0.999986	0.00537865	0	None	None
ChainingRodShaped	16953	2.844	0.5	19.5946	-7.30018	0	-0.96392	-0.266192	0	17976	16952
ChainingRodShaped	16955	2.62368	0.5	33.0891	76.5785	0	0.944381	-0.328854	0	None	None
ChainingRodShaped	16957	2.52177	0.5	1.03232	38.6488	0	-0.995184	-0.0980224	0	None	None
ChainingRodShaped	16959	3.06784	0.5	-31.16	53.8654	0	0.117257	-0.993102	0	None	None
ChainingRodShaped	16961	2.712	0.5	69.6854	28.8716	0	0.989495	0.144567	0	None	None
ChainingRodShaped	16963	2.62336	0.5	-65.3155	67.2204	0	-0.787261	-0.61662	0	None	None
ChainingRodShaped	16965	2.83266	0.5	63.0435	9.32248	0	-0.797269	-0.603624	0	12784	16964
ChainingRodShaped	16967	2.53697	0.5	16.977	64.5171	0	0.978418	-0.206634	0	None	None
ChainingRodShaped	16969	3.08323	0.5	25.061	-8.0712	0	0.939827	0.34165	0	None	None
ChainingRodShaped	16971	2.63769	0.5	6.58739	-37.281	0	-0.267404	-0.963584	0	None	None
ChainingRodShaped	16973	2.89843	0.5	55.1973	-1.29244	0	0.75442	0.656392	0	None	None
ChainingRodShaped	16975	2.99013	0.5	-15.0575	-3.01818	0	-0.986902	-0.161318	0	None	None
ChainingRodShaped	16977	2.84721	0.5	-52.2275	-2.8177	0	0.993553	-0.113372	0	None	None
ChainingRodShaped	16979	2.91429	0.5	26.4174	29.0209	0	-0.0559695	0.998432	0	None	None
ChainingRodShaped	16981	2.73009	0.5	-62.4997	-44.3331	0	0.994891	-0.100957	0	None	None
ChainingRodShaped	16983	3.06455	0.5	-130.792	27.7347	0	0.847048	0.531516	0	None	None
ChainingRodShaped	16985	2.9967	0.5	41.3543	52.7101	0	-0.992566	-0.121704	0	None	None
ChainingRodShaped	16987	2.46029	0.5	15.253	58.7327	0	0.495193	0.868783	0	None	None
ChainingRodShaped	16989	2.78645	0.5	-21.1691	94.2249	0	0.268033	-0.96341	0	None	None
ChainingRodShaped	16991	2.77422	0.5	35.4961	48.9932	0	0.74887	-0.662717	0	None	None
ChainingRodShaped	16993	2.65898	0.5	-24.6795	40.7179	0	0.548833	-0.835932	0	None	None
ChainingRodShaped	16995	2.80767	0.5	-111.491	16.0835	0	-0.510482	0.859888	0	None	None
ChainingRodShaped	16997	2.81841	0.5	-21.6103	98.1168	0	0.740874	0.671644	0	None	None
ChainingRodShaped	16999	2.73263	0.5	36.3552	50.3977	0	0.736324	-0.676629	0	None	None
ChainingRodShaped	17001	2.46546	0.5	64.799	44.6782	0	-0.808123	0.589014	0	None	None
ChainingRodShaped	17003	2.44587	0.5	8.55163	89.3783	0	0.819168	0.573553	0	None	None
ChainingRodShaped	17005	2.39069	0.5	25.6241	75.8529	0	-0.994094	0.108519	0	None	None
ChainingRodShaped	17007	2.46881	0.5	-2.3366	11.9857	0	-0.943143	-0.332386	0	None	None
ChainingRodShaped	17009	2.82628	0.5	17.1439	-50.6793	0	-0.722517	0.691353	0	None	None
ChainingRodShaped	17011	2.67227	0.5	-80.7805	84.2017	0	0.99797	-0.0636919	0	None	None
ChainingRodShaped	17013	2.59288	0.5	-55.6309	8.17212	0	0.063153	-0.998004	0	None	None
ChainingRodShaped	17015	2.78696	0.5	-55.7826	73.0041	0	-0.886185	-0.463331	0	None	None
ChainingRodShaped	17017	2.92439	0.5	21.0414	-22.7182	0	0.400996	-0.91608	0	None	None
ChainingRodShaped	17019	2.3898	0.5	-46.1069	118.688	0	0.446484	-0.894791	0	None	None
ChainingRodShaped	17021	2.66994	0.5	23.8003	16.0509	0	0.945389	0.325945	0	None	None
ChainingRodShaped	17023	2.81758	0.5	-32.4452	67.9651	0	-0.984419	-0.17584	0	None	None
ChainingRodShaped	17025	2.61381	0.5	42.599	-31.2387	0	0.603342	0.797482	0	None	None
ChainingRodShaped	17027	2.37024	0.5	1.70151	-33.8984	0	0.197938	-0.980214	0	None	None
ChainingRodShaped	17029	2.53676	0.5	37.705	4.17482	0	-0.982995	0.183632	0	None	None
ChainingRodShaped	17031	2.49079	0.5	-33.9423	-27.8312	0	0.973081	-0.230465	0	None	None
ChainingRodShaped	17033	2.946	0.5	-55.4543	1.65982	0	-0.411298	-0.911501	0	None	None
ChainingRodShaped	17035	2.45239	0.5	-86.7702	37.3477	0	-0.385587	-0.922671	0	None	None
ChainingRodShaped	17037	2.95896	0.5	-70.6928	51.6432	0	0.491328	0.870975	0	None	None
ChainingRodShaped	17039	2.37786	0.5	9.6416	88.2152	0	0.830498	0.557022	0	None	None
ChainingRodShaped	17041	2.78186	0.5	-97.9576	15.6188	0	0.220673	-0.975348	0	None	None
ChainingRodShaped	17043	2.69034	0.5	-31.357	-43.5777	0	-0.647644	-0.761943	0	None	None
ChainingRodShaped	17045	2.43749	0.5	-118.959	8.92015	0	-0.574116	0.818774	0	None	None
ChainingRodShaped	17047	2.55764	0.5	-39.6701	-14.3967	0	-0.362757	0.931884	0	None	None
ChainingRodShaped	17049	2.47479	0.5	-55.1191	59.7102	0	0.702311	0.711871	0	None	None
ChainingRodShaped	17051	2.8882	0.5	-98.8719	41.1761	0	0.962174	-0.272437	0	None	None
ChainingRodShaped	17053	3.04145	0.5	-81.4725	87.3397	0	0.999044	-0.0437195	0	None	None
ChainingRodShaped	17055	2.41062	0.5	58.7449	55.1512	0	-0.0681614	-0.997674	0	None	None
ChainingRodShaped	17057	2.37207	0.5	39.3621	-55.5734	0	0.49491	-0.868944	0	19324	17056
ChainingRodShaped	17059	3.02676	0.5	-10.7671	78.6408	0	-0.305854	0.952078	0	None	None
ChainingRodShaped	17061	2.75093	0.5	-29.2319	-60.4055	0	0.488455	0.872589	0	None	None
ChainingRodShaped	17063	2.9944	0.5	-33.7697	-27.1337	0	0.973515	-0.228623	0	None	None
ChainingRodShaped	17065	2.47972	0.5	-27.3313	109.924	0	-0.583617	0.812029	0	None	None
ChainingRodShaped	17067	3.02347	0.5	15.7809	71.1911	0	0.987979	-0.15459	0	None	None
ChainingRodShaped	17069	2.34973	0.5	-93.0838	20.9036	0	0.31125	-0.950328	0	None	None
ChainingRodShaped	17071	2.90396	0.5	-5.1919	-36.9257	0	0.7905	0.612462	0	None	None
ChainingRodShaped	17073	2.67069	0.5	41.5559	-26.3807	0	-0.750911	-0.660404	0	None	None
ChainingRodShaped	17075	2.77631	0.5	84.1391	-95.2158	0	-0.0249797	-0.999688	0	8275	17074
ChainingRodShaped	17077	2.42287	0.5	100.14	53.6792	0	-0.314957	-0.949106	0	7599	17076
ChainingRodShaped	17079	2.77554	0.5	44.3541	-24.2891	0	-0.0293418	-0.999569	0	None	None
ChainingRodShaped	17081	2.5328	0.5	41.6119	54.2576	0	-0.994804	-0.101809	0	None	None
ChainingRodShaped	17083	2.43021	0.5	75.3754	39.8736	0	0.830962	-0.55633	0	10162	17082
ChainingRodShaped	17085	2.90886	0.5	-1.9164	23.4737	0	0.31492	0.949118	0	None	None
ChainingRodShaped	17087	2.51293	0.5	-27.4329	86.2964	0	0.777994	-0.628271	0	None	None
ChainingRodShaped	17089	2.47166	0.5	35.4737	58.7372	0	0.315456	0.94894	0	None	None
ChainingRodShaped	17091	2.53915	0.5	-25.0938	-10.8415	0	-0.81366	-0.58134	0	None	None
ChainingRodShaped	17093	2.75374	0.5	-30.1901	110.277	0	-0.201589	-0.97947	0	None	None
ChainingRodShaped	17095	2.74904	0.5	-34.5254	92.8919	0	0.742418	0.669937	0	None	None
ChainingRodShaped	17097	3.00099	0.5	-59.3068	43.04	0	0.0211187	0.999777	0	None	None
ChainingRodShaped	17099	2.45562	0.5	22.3062	9.88817	0	-0.0801186	0.996785	0	None	None
ChainingRodShaped	17101	2.35398	0.5	-84.0264	59.694	0	-0.143969	-0.989582	0	None	None
ChainingRodShaped	17103	2.48934	0.5	-15.0598	6.51279	0	0.515333	-0.85699	0	None	None
ChainingRodShaped	17105	2.86592	0.5	-41.3409	-58.2801	0	0.608202	0.793782	0	None	None
ChainingRodShaped	17107	2.95942	0.5	5.07316	-31.642	0	0.623791	-0.781591	0	None	None
ChainingRodShaped	17109	3.00047	0.5	-81.8034	-13.6708	0	-0.0318211	0.999494	0	None	None
ChainingRodShaped	17111	2.46114	0.5	41.3389	53.467	0	-0.993727	-0.111834	0	None	None
ChainingRodShaped	17113	2.46737	0.5	-45.784	-8.80226	0	-0.997705	-0.0677172	0	None	None
ChainingRodShaped	17115	2.76652	0.5	-26.1368	45.72	0	0.436686	-0.899614	0	None	None
ChainingRodShaped	17117	2.41058	0.5	54.0295	36.8923	0	0.849161	0.528135	0	None	None
ChainingRodShaped	17119	2.92962	0.5	-72.9219	-16.2097	0	0.97774	-0.209821	0	None	None
ChainingRodShaped	17121	2.7385	0.5	-81.4381	50.4503	0	0.0702205	-0.997531	0	None	None
ChainingRodShaped	17123	2.78239	0.5	-9.61197	22.236	0	0.704927	0.70928	0	None	None
ChainingRodShaped	17125	2.85833	0.5	-12.6679	11.2988	0	-0.815762	-0.578388	0	None	None
ChainingRodShaped	17127	2.78875	0.5	-95.6892	30.2208	0	-0.738083	-0.67471	0	None	None
ChainingRodShaped	17129	2.77158	0.5	-124.681	-63.0711	0	0.993283	0.115708	0	7318	17128
ChainingRodShaped	17131	2.35774	0.5	-76.5012	44.0267	0	0.0519244	-0.998651	0	None	None
ChainingRodShaped	17133	2.59199	0.5	-26.6794	64.0984	0	-0.951512	-0.307611	0	None	None
ChainingRodShaped	17135	2.83401	0.5	12.9706	12.0037	0	0.575893	-0.817525	0	None	None
ChainingRodShaped	17137	2.91914	0.5	13.224	66.5679	0	0.517092	0.85593	0	None	None
ChainingRodShaped	17139	2.47589	0.5	-56.6908	26.0814	0	-0.567576	-0.823321	0	None	None
ChainingRodShaped	17141	2.9833	0.5	33.3439	0.351102	0	-0.941505	-0.337	0	None	None
ChainingRodShaped	17143	2.41201	0.5	-4.4573	103.183	0	0.341164	-0.940004	0	None	None
ChainingRodShaped	17145	2.36969	0.5	26.8146	21.9699	0	0.96966	0.244458	0	None	None
ChainingRodShaped	17147	2.48031	0.5	-41.3171	73.9285	0	0.97485	0.222862	0	None	None
ChainingRodShaped	17149	2.84813	0.5	60.9654	20.683	0	-0.661457	-0.749983	0	None	None
ChainingRodShaped	17151	2.58903	0.5	-39.15	-31.1984	0	0.997583	0.0694868	0	None	None
ChainingRodShaped	17153	2.64464	0.5	-79.878	33.7352	0	-0.848512	-0.529177	0	None	None
ChainingRodShaped	17155	3.00916	0.5	-79.9318	-24.8788	0	0.978323	-0.207086	0	None	None
ChainingRodShaped	17157	2.9216	0.5	-42.5525	-7.52872	0	-0.338044	0.94113	0	None	None
ChainingRodShaped	17159	2.46405	0.5	-103.311	-17.2327	0	0.835322	-0.549761	0	None	None
ChainingRodShaped	17161	2.48956	0.5	-81.8064	74.363	0	-0.983249	0.182265	0	None	None
ChainingRodShaped	17163	2.52019	0.5	74.931	28.3408	0	-0.926166	-0.377116	0	None	None
ChainingRodShaped	17165	2.37204	0.5	91.111	94.7885	0	-0.999944	0.0105637	0	6074	17164
ChainingRodShaped	17167	2.27485	0.5	18.8534	143.651	0	-0.514572	0.857447	0	10418	17166
ChainingRodShaped	17169	2.41442	0.5	-104.834	-20.623	0	-0.873222	0.487323	0	None	None
ChainingRodShaped	17171	2.78727	0.5	92.6225	41.8814	0	0.704306	0.709897	0	18890	17170
ChainingRodShaped	17173	2.47445	0.5	-14.4775	110.039	0	-0.947564	0.319567	0	None	None
ChainingRodShaped	17175	2.39732	0.5	7.29705	50.6931	0	0.365032	0.930995	0	None	None
ChainingRodShaped	17177	2.77344	0.5	-37.0487	-11.4793	0	-0.381556	0.924346	0	None	None
ChainingRodShaped	17179	2.38571	0.5	-59.3095	19.7693	0	-0.235093	-0.971973	0	None	None
ChainingRodShaped	17181	2.9173	0.5	-85.4347	71.1542	0	-0.981549	0.191212	0	None	None
ChainingRodShaped	17183	2.39255	0.5	-63.0478	20.2077	0	0.855683	0.5175	0	None	None
ChainingRodShaped	17185	2.5953	0.5	-49.3847	66.2264	0	-0.981324	-0.192362	0	None	None
ChainingRodShaped	17187	2.67211	0.5	-51.6847	4.57136	0	0.0781675	-0.99694	0	None	None
ChainingRodShaped	17189	2.46943	0.5	-68.5422	10.8515	0	0.845832	0.533449	0	None	None
ChainingRodShaped	17191	2.56905	0.5	122.157	43.1648	0	-0.295552	0.955327	0	10077	17190
ChainingRodShaped	17193	2.91109	0.5	-47.3688	-16.3641	0	-0.984432	-0.175766	0	None	None
ChainingRodShaped	17195	2.56647	0.5	19.2422	-3.63075	0	-0.579177	0.815201	0	None	None
ChainingRodShaped	17197	2.74585	0.5	-39.8628	122.128	0	-0.466124	-0.884719	0	None	None
ChainingRodShaped	17199	2.91094	0.5	10.3852	74.5376	0	0.894747	0.446573	0	None	None
ChainingRodShaped	17201	2.3471	0.5	-35.7921	-33.396	0	0.258922	-0.965898	0	None	None
ChainingRodShaped	17203	2.758	0.5	-97.0036	48.2744	0	0.112779	-0.99362	0	None	None
ChainingRodShaped	17205	2.34251	0.5	-12.543	37.3745	0	0.576633	0.817003	0	None	None
ChainingRodShaped	17207	2.76601	0.5	-64.5771	-41.4876	0	0.996358	-0.0852629	0	None	None
ChainingRodShaped	17209	2.8099	0.5	39.7208	10.2106	0	-0.44072	0.897645	0	None	None
ChainingRodShaped	17211	2.38088	0.5	-28.6312	114.562	0	0.830677	0.556755	0	None	None
ChainingRodShaped	17213	2.60401	0.5	-118.669	38.6854	0	0.995432	0.0954748	0	None	None
ChainingRodShaped	17215	2.65096	0.5	-45.5141	-60.6364	0	0.978665	-0.205462	0	None	None
ChainingRodShaped	17217	2.88803	0.5	-91.6252	-7.34476	0	-0.947996	-0.318282	0	None	None
ChainingRodShaped	17219	2.7	0.5	72.1283	18.9822	0	-0.68689	-0.726761	0	None	None
ChainingRodShaped	17221	2.41629	0.5	-14.9961	70.7978	0	-0.382141	-0.924104	0	None	None
ChainingRodShaped	17223	2.34064	0.5	47.7654	-5.35948	0	-0.447638	-0.894215	0	None	None
ChainingRodShaped	17225	2.38961	0.5	-4.88897	-27.5965	0	0.918461	-0.395511	0	None	None
ChainingRodShaped	17227	2.93732	0.5	47.0037	84.7547	0	0.568593	-0.822619	0	None	None
ChainingRodShaped	17229	2.39945	0.5	27.4151	54.2346	0	-0.291724	-0.956503	0	None	None
ChainingRodShaped	17231	2.75547	0.5	51.8532	43.5775	0	-0.915296	-0.402782	0	None	None
ChainingRodShaped	17233	2.70816	0.5	-70.0802	-68.7663	0	0.999827	0.0186047	0	19566	17232
ChainingRodShaped	17235	2.49283	0.5	27.7214	-34.4091	0	0.988149	-0.153501	0	None	None
ChainingRodShaped	17237	2.66924	0.5	-64.3774	-46.4217	0	-0.253198	-0.967414	0	None	None
ChainingRodShaped	17239	2.42437	0.5	-49.6484	103.528	0	-0.966389	-0.257083	0	None	None
ChainingRodShaped	17241	2.43782	0.5	41.5839	0.406899	0	-0.965525	-0.260312	0	12478	17240
ChainingRodShaped	17243	2.74151	0.5	-91.5895	50.3396	0	-0.0538992	0.998546	0	None	None
ChainingRodShaped	17245	2.4248	0.5	118.401	48.5558	0	-0.801934	0.597412	0	17190	17244
ChainingRodShaped	17247	2.9694	0.5	-43.8274	79.3107	0	0.999755	-0.0221222	0	None	None
ChainingRodShaped	17249	2.90667	0.5	36.7024	18.6757	0	-0.198616	-0.980077	0	None	None
ChainingRodShaped	17251	2.97213	0.5	31.4361	59.2618	0	-0.314601	-0.949224	0	None	None
ChainingRodShaped	17253	2.80935	0.5	-50.5261	16.579	0	0.104745	0.994499	0	None	None
ChainingRodShaped	17255	2.52229	0.5	-301.236	39.0468	0	-0.520357	0.853949	0	13294	17254
ChainingRodShaped	17257	2.74672	0.5	-6.66777	105.701	0	-0.714767	0.699363	0	None	None
ChainingRodShaped	17259	2.92539	0.5	3.2573	-47.0366	0	0.51846	0.855102	0	None	None
ChainingRodShaped	17261	2.61314	0.5	-41.4226	107.347	0	-0.0270206	0.999635	0	None	None
ChainingRodShaped	17263	2.82252	0.5	-34.8526	106.606	0	0.330159	0.943925	0	None	None
ChainingRodShaped	17265	2.37686	0.5	-277.391	-9.30005	0	-0.367203	0.930141	0	12808	17264
ChainingRodShaped	17267	2.86206	0.5	11.0555	101.774	0	-0.928784	-0.370622	0	None	None
ChainingRodShaped	17269	2.44693	0.5	-61.3329	55.4561	0	0.839651	0.543126	0	None	None
ChainingRodShaped	17271	2.47416	0.5	35.9002	-30.3874	0	-0.926164	-0.37712	0	None	None
ChainingRodShaped	17273	2.36824	0.5	41.129	11.2688	0	0.987993	-0.154496	0	None	None
ChainingRodShaped	17275	2.50522	0.5	67.3065	0.358956	0	-0.868195	0.496223	0	None	None
ChainingRodShaped	17277	2.77123	0.5	-42.4504	111.896	0	0.0688042	-0.99763	0	None	None
ChainingRodShaped	17279	2.6228	0.5	-141.131	17.396	0	0.97781	0.209493	0	9804	17278
ChainingRodShaped	17281	2.78046	0.5	-80.8337	85.7717	0	0.997969	-0.0637068	0	None	None
ChainingRodShaped	17283	2.45809	0.5	108.018	179.258	0	-0.236399	-0.971656	0	13504	17282
ChainingRodShaped	17285	2.33894	0.5	-50.6433	89.5917	0	0.850065	-0.526678	0	None	None
ChainingRodShaped	17287	2.95738	0.5	4.92736	82.9416	0	0.140159	0.990129	0	None	None
ChainingRodShaped	17289	2.93569	0.5	-14.6528	-26.2788	0	0.999982	-0.00603303	0	None	None
ChainingRodShaped	17291	2.88075	0.5	-86.0692	17.3596	0	0.875192	0.483775	0	None	None
ChainingRodShaped	17293	2.56875	0.5	-77.0758	7.68486	0	0.826143	0.56346	0	None	None
ChainingRodShaped	17295	2.35434	0.5	-91.658	-22.1724	0	0.965136	-0.261748	0	None	None
ChainingRodShaped	17297	2.70389	0.5	49.0082	-7.48593	0	0.794805	0.606864	0	None	None
ChainingRodShaped	17299	2.55977	0.5	-119.989	36.7967	0	0.996567	0.0827871	0	None	None
ChainingRodShaped	17301	2.39184	0.5	24.2669	-81.8677	0	0.0663661	0.997795	0	10834	17300
ChainingRodShaped	17303	2.42877	0.5	-41.1742	3.61255	0	0.780232	0.62549	0	None	None
ChainingRodShaped	17305	2.44065	0.5	130.203	83.487	0	-0.994205	0.107505	0	8712	17304
ChainingRodShaped	17307	2.56814	0.5	-110.313	42.5391	0	0.993076	0.117471	0	None	None
ChainingRodShaped	17309	2.72198	0.5	-4.03064	-58.5591	0	0.968266	0.249924	0	None	None
ChainingRodShaped	17311	2.85975	0.5	33.646	51.6113	0	-0.492497	-0.870314	0	None	None
ChainingRodShaped	17313	2.34114	0.5	38.0896	20.2704	0	-0.685906	0.72769	0	None	None
ChainingRodShaped	17315	2.82641	0.5	-71.91	76.0386	0	0.981418	-0.191883	0	None	None
ChainingRodShaped	17317	2.54422	0.5	-117.444	57.8421	0	-0.526969	-0.849884	0	None	None
ChainingRodShaped	17319	2.78424	0.5	28.1681	114.236	0	-0.570536	-0.821272	0	None	None
ChainingRodShaped	17321	2.40842	0.5	-51.0987	79.3716	0	0.996835	-0.0794969	0	None	None
ChainingRodShaped	17323	2.67837	0.5	56.649	-66.5303	0	0.958331	-0.285659	0	16602	17322
ChainingRodShaped	17325	2.65269	0.5	75.7929	31.0683	0	0.903954	-0.42763	0	None	None
ChainingRodShaped	17327	2.46907	0.5	-102.873	35.7114	0	-0.800608	-0.599189	0	None	None
ChainingRodShaped	17329	2.5078	0.5	-31.4012	34.3671	0	0.992563	-0.121736	0	None	None
ChainingRodShaped	17331	2.58176	0.5	11.7322	40.5394	0	-0.290051	-0.957011	0	None	None
ChainingRodShaped	17333	2.74511	0.5	-97.9445	30.4422	0	-0.724477	-0.689299	0	None	None
ChainingRodShaped	17335	2.52868	0.5	47.2143	89.346	0	0.653516	-0.756912	0	15882	17334
ChainingRodShaped	17337	2.42208	0.5	25.1262	-4.5441	0	-0.927267	-0.374401	0	None	None
ChainingRodShaped	17339	2.53106	0.5	-183.179	-75.5007	0	0.512605	0.858625	0	12372	17338
ChainingRodShaped	17341	2.69117	0.5	132.782	120.178	0	0.598195	0.80135	0	9313	17340
ChainingRodShaped	17343	2.66056	0.5	44.6939	20.6375	0	0.447238	-0.894415	0	None	None
ChainingRodShaped	17345	2.65675	0.5	-120.913	2.51504	0	0.402307	-0.915505	0	None	None
ChainingRodShaped	17347	2.89148	0.5	54.214	69.5613	0	-0.783958	0.620814	0	None	None
ChainingRodShaped	17349	2.63672	0.5	27.5076	90.473	0	0.791214	0.611539	0	None	None
ChainingRodShaped	17351	2.92303	0.5	40.2723	-2.58337	0	0.959244	0.282581	0	None	None
ChainingRodShaped	17353	2.81924	0.5	-20.3085	24.381	0	0.839758	-0.542961	0	None	None
ChainingRodShaped	17355	2.46301	0.5	-1.51287	7.81317	0	-0.97776	0.209725	0	None	None
ChainingRodShaped	17357	2.7942	0.5	8.001	6.96048	0	-0.505833	0.862631	0	None	None
ChainingRodShaped	17359	2.35893	0.5	51.5612	84.271	0	0.639006	-0.769201	0	17334	17358
ChainingRodShaped	17361	2.47121	0.5	-40.1554	56.2162	0	-0.123117	-0.992392	0	None	None
ChainingRodShaped	17363	2.9362	0.5	76.0814	24.5069	0	-0.943202	-0.33222	0	None	None
ChainingRodShaped	17365	2.90361	0.5	-36.3315	-60.8889	0	-0.948303	0.317367	0	None	None
ChainingRodShaped	17367	2.45614	0.5	-51.6327	41.9785	0	0.605294	-0.796002	0	None	None
ChainingRodShaped	17369	2.68327	0.5	-78.5953	14.3925	0	0.843976	0.536381	0	None	None
ChainingRodShaped	17371	2.71628	0.5	-85.1488	65.0489	0	-0.430332	-0.90267	0	None	None
ChainingRodShaped	17373	2.80288	0.5	-88.373	9.38394	0	0.839903	0.542736	0	None	None
ChainingRodShaped	17375	2.8843	0.5	-40.3438	-41.7321	0	0.696016	0.718026	0	None	None
ChainingRodShaped	17377	2.7375	0.5	4.23289	10.8989	0	-0.689767	-0.724032	0	None	None
ChainingRodShaped	17379	2.44376	0.5	38.8351	1.3719	0	-0.946596	-0.322421	0	None	None
ChainingRodShaped	17381	2.53739	0.5	-107.547	89.0334	0	0.99595	-0.0899105	0	None	None
ChainingRodShaped	17383	2.71432	0.5	-78.3186	73.7734	0	0.993311	-0.115474	0	None	None
ChainingRodShaped	17385	2.92575	0.5	-64.604	107.189	0	-0.996591	-0.0825049	0	None	None
ChainingRodShaped	17387	2.75542	0.5	-88.7437	26.2238	0	-0.80549	-0.59261	0	None	None
ChainingRodShaped	17389	2.87343	0.5	14.8613	45.8216	0	0.246728	0.969085	0	None	None
ChainingRodShaped	17391	2.47083	0.5	-44.8745	-11.1643	0	-0.999285	-0.0378018	0	None	None
ChainingRodShaped	17393	2.63545	0.5	25.5673	100.575	0	0.919936	0.392069	0	None	None
ChainingRodShaped	17395	2.84851	0.5	-104.6	14.2306	0	0.667071	-0.744994	0	None	None
ChainingRodShaped	17397	2.37951	0.5	-83.3552	114.468	0	-0.915025	-0.403396	0	None	None
ChainingRodShaped	17399	2.58003	0.5	-6.93307	92.6046	0	0.0707818	-0.997492	0	None	None
ChainingRodShaped	17401	2.79709	0.5	-110.069	81.1689	0	-0.154351	-0.988016	0	None	None
ChainingRodShaped	17403	2.55423	0.5	-151.813	135.008	0	0.838962	-0.54419	0	5674	17402
ChainingRodShaped	17405	2.6882	0.5	117.884	110.926	0	-0.379851	-0.925047	0	12012	17404
ChainingRodShaped	17407	2.3517	0.5	56.9061	17.4977	0	-0.666719	-0.745309	0	None	None
ChainingRodShaped	17409	2.41363	0.5	-62.3152	47.345	0	-0.0110699	0.999939	0	None	None
ChainingRodShaped	17411	2.71435	0.5	-37.2403	99.5282	0	0.330997	0.943632	0	None	None
ChainingRodShaped	17413	2.7693	0.5	-15.923	-49.0281	0	0.984015	0.178083	0	None	None
ChainingRodShaped	17415	2.90964	0.5	30.0388	106.95	0	0.957802	-0.287427	0	None	None
ChainingRodShaped	17417	2.29322	0.5	111.123	20.0016	0	-0.824243	-0.566236	0	18652	17416
ChainingRodShaped	17419	2.61601	0.5	9.25866	-27.0529	0	0.927956	-0.37269	0	None	None
ChainingRodShaped	17421	2.51463	0.5	-80.9382	86.5404	0	0.998561	-0.0536189	0	None	None
ChainingRodShaped	17423	2.72065	0.5	-116.148	61.6561	0	-0.265567	-0.964092	0	None	None
ChainingRodShaped	17425	2.58707	0.5	34.7534	28.6879	0	0.460859	-0.887473	0	None	None
ChainingRodShaped	17427	2.29222	0.5	-72.9649	153.541	0	0.187195	0.982323	0	15844	17426
ChainingRodShaped	17429	2.7381	0.5	-13.3358	14.8721	0	0.745749	0.666227	0	None	None
ChainingRodShaped	17431	2.58889	0.5	-118.445	46.2491	0	-0.965667	-0.259783	0	None	None
ChainingRodShaped	17433	2.56402	0.5	9.83675	-44.4432	0	0.700703	0.713453	0	None	None
ChainingRodShaped	17435	2.73759	0.5	-48.2732	43.422	0	0.584291	-0.811545	0	None	None
ChainingRodShaped	17437	2.90939	0.5	-45.5444	15.8379	0	0.973931	-0.226843	0	None	None
ChainingRodShaped	17439	2.39636	0.5	-49.5723	56.1931	0	0.00903187	-0.999959	0	None	None
ChainingRodShaped	17441	2.73132	0.5	-47.4916	52.626	0	0.564093	-0.825711	0	None	None
ChainingRodShaped	17443	2.5045	0.5	-26.9283	9.05276	0	0.122355	-0.992486	0	None	None
ChainingRodShaped	17445	2.63898	0.5	-66.784	5.6862	0	0.314513	0.949253	0	None	None
ChainingRodShaped	17447	2.45561	0.5	-80.9581	19.3894	0	0.84654	0.532325	0	None	None
ChainingRodShaped	17449	2.42654	0.5	1.54753	-31.6708	0	0.768112	-0.640315	0	None	None
ChainingRodShaped	17451	2.42574	0.5	47.1442	24.9139	0	-0.207009	-0.978339	0	None	None
ChainingRodShaped	17453	2.58408	0.5	38.7883	100.33	0	0.531447	-0.847091	0	13142	17452
ChainingRodShaped	17455	2.62244	0.5	-86.1572	-25.3081	0	0.971635	-0.236484	0	None	None
ChainingRodShaped	17457	2.58956	0.5	-33.2389	42.3808	0	-0.506798	0.862065	0	None	None
ChainingRodShaped	17459	2.467	0.5	-32.1109	6.41895	0	0.0218265	-0.999762	0	None	None
ChainingRodShaped	17461	2.85381	0.5	1.87056	99.8876	0	0.452635	0.891696	0	None	None
ChainingRodShaped	17463	2.89838	0.5	-42.7594	57.8087	0	-0.0908232	-0.995867	0	None	None
ChainingRodShaped	17465	2.54854	0.5	-110.329	61.8706	0	0.997294	-0.0735151	0	None	None
ChainingRodShaped	17467	2.70959	0.5	-7.79537	82.778	0	0.84799	0.530012	0	None	None
ChainingRodShaped	17469	2.50068	0.5	22.1661	-16.9002	0	0.993259	-0.115918	0	None	None
ChainingRodShaped	17471	2.52118	0.5	149.037	129.588	0	0.996448	0.0842112	0	15296	17470
ChainingRodShaped	17473	2.88436	0.5	-21.8002	99.0974	0	0.741893	0.670518	0	None	None
ChainingRodShaped	17475	2.48867	0.5	-57.7703	47.8411	0	0.65125	-0.758863	0	None	None
ChainingRodShaped	17477	2.56066	0.5	47.8925	11.4525	0	0.917547	0.397627	0	None	None
ChainingRodShaped	17479	2.44802	0.5	2.5388	1.14932	0	0.981324	-0.192363	0	None	None
ChainingRodShaped	17481	2.82058	0.5	-44.0249	-53.458	0	-0.0807788	-0.996732	0	None	None
ChainingRodShaped	17483	2.44579	0.5	-0.996403	47.6564	0	0.995252	0.0973277	0	None	None
ChainingRodShaped	17485	2.63161	0.5	20.9337	81.5115	0	0.973439	-0.228948	0	None	None
ChainingRodShaped	17487	2.55069	0.5	21.2276	-97.6413	0	0.166445	0.986051	0	18862	17486
ChainingRodShaped	17489	2.78062	0.5	-54.9801	76.0374	0	0.934415	-0.356185	0	None	None
ChainingRodShaped	17491	2.76128	0.5	-25.4617	-13.6235	0	-0.792031	-0.610481	0	None	None
ChainingRodShaped	17493	2.6427	0.5	98.4613	42.1922	0	-0.63675	-0.77107	0	11844	17492
ChainingRodShaped	17495	2.75965	0.5	0.796761	75.1757	0	0.127885	0.991789	0	None	None
ChainingRodShaped	17497	2.69592	0.5	-116.084	18.5516	0	0.517789	-0.855508	0	None	None
ChainingRodShaped	17499	2.75018	0.5	-13.2498	30.5208	0	0.752112	0.659035	0	None	None
ChainingRodShaped	17501	2.81983	0.5	-32.2006	67.2659	0	-0.984182	-0.177163	0	None	None
ChainingRodShaped	17503	2.49861	0.5	-97.2422	-52.0402	0	0.387127	-0.922026	0	13724	17502
ChainingRodShaped	17505	2.55026	0.5	-63.1289	-28.1519	0	0.999474	0.0324283	0	None	None
ChainingRodShaped	17507	2.67327	0.5	32.704	87.7857	0	-0.587115	-0.809504	0	None	None
ChainingRodShaped	17509	2.65148	0.5	-25.6911	62.1283	0	-0.950905	-0.309483	0	None	None
ChainingRodShaped	17511	2.71529	0.5	7.54143	53.1679	0	0.439136	0.898421	0	None	None
ChainingRodShaped	17513	2.63567	0.5	6.11154	-25.4913	0	-0.899093	0.437758	0	None	None
ChainingRodShaped	17515	2.35262	0.5	-92.1072	-120.968	0	-0.0665362	-0.997784	0	9448	17514
ChainingRodShaped	17517	2.38098	0.5	-5.02964	18.4719	0	0.328093	0.944645	0	None	None
ChainingRodShaped	17519	2.59352	0.5	-24.9246	69.7571	0	-0.997604	0.0691791	0	None	None
ChainingRodShaped	17521	2.56693	0.5	-83.6123	79.549	0	0.971414	-0.237392	0	None	None
ChainingRodShaped	17523	2.46171	0.5	-25.3175	67.5854	0	-0.995034	0.0995403	0	None	None
ChainingRodShaped	17525	2.46567	0.5	-19.0477	122.602	0	-0.907722	0.419571	0	None	None
ChainingRodShaped	17527	2.36964	0.5	13.5836	12.4395	0	0.58237	-0.812924	0	None	None
ChainingRodShaped	17529	2.66078	0.5	13.4675	-45.8825	0	0.99074	0.13577	0	None	None
ChainingRodShaped	17531	2.35466	0.5	-13.9389	-4.77938	0	-0.989622	-0.143693	0	None	None
ChainingRodShaped	17533	2.5187	0.5	60.2094	12.4932	0	-0.48594	-0.873992	0	None	None
ChainingRodShaped	17535	2.37827	0.5	-74.9185	61.0661	0	-0.497645	-0.867381	0	None	None
ChainingRodShaped	17537	2.37033	0.5	43.8384	-60.7178	0	0.783621	-0.62124	0	17056	17536
ChainingRodShaped	17539	2.59325	0.5	20.2223	47.0071	0	-0.0270287	-0.999635	0	None	None
ChainingRodShaped	17541	2.86475	0.5	-0.841762	14.2001	0	-0.947266	-0.320448	0	None	None
ChainingRodShaped	17543	2.72952	0.5	-55.6613	-63.3235	0	-0.817234	0.576306	0	None	None
ChainingRodShaped	17545	2.67915	0.5	130.244	33.3583	0	-0.745612	-0.666381	0	19448	17544
ChainingRodShaped	17547	2.86194	0.5	-104.113	40.9331	0	0.992273	-0.124077	0	None	None
ChainingRodShaped	17549	2.83454	0.5	-20.8672	72.5659	0	-0.622767	-0.782407	0	None	None
ChainingRodShaped	17551	2.42502	0.5	-106.724	-13.5958	0	-0.746387	0.665512	0	7773	17550
ChainingRodShaped	17553	2.29993	0.5	-0.496226	88.6241	0	0.530053	0.847964	0	None	None
ChainingRodShaped	17555	2.83363	0.5	-16.3415	44.9776	0	0.947371	0.320137	0	None	None
ChainingRodShaped	17557	2.79505	0.5	-26.2151	27.2947	0	0.881879	-0.471475	0	None	None
ChainingRodShaped	17559	2.40818	0.5	-62.7911	88.124	0	0.805551	-0.592527	0	None	None
ChainingRodShaped	17561	2.64084	0.5	-78.575	-20.93	0	-0.978624	0.205657	0	None	None
ChainingRodShaped	17563	2.59846	0.5	-67.6796	51.4249	0	0.509044	0.860741	0	None	None
ChainingRodShaped	17565	2.80419	0.5	33.3991	12.384	0	-0.195795	-0.980645	0	None	None
ChainingRodShaped	17567	2.38589	0.5	-13.2228	56.2644	0	-0.201795	0.979428	0	None	None
ChainingRodShaped	17569	2.53213	0.5	16.5859	-101.324	0	-0.647925	-0.761704	0	9568	17568
ChainingRodShaped	17571	2.50648	0.5	19.7516	11.7304	0	-0.0997184	0.995016	0	None	None
ChainingRodShaped	17573	2.68036	0.5	-80.4116	88.9145	0	0.999046	-0.0436632	0	None	None
ChainingRodShaped	17575	2.57883	0.5	-31.7287	25.715	0	0.900162	-0.435556	0	None	None
ChainingRodShaped	17577	2.6547	0.5	-12.3003	-12.284	0	0.994437	0.105333	0	None	None
ChainingRodShaped	17579	2.26974	0.5	-29.5792	197.642	0	-0.460706	-0.887553	0	18776	17578
ChainingRodShaped	17581	2.54956	0.5	-57.103	84.5382	0	0.861859	-0.507148	0	None	None
ChainingRodShaped	17583	2.59694	0.5	40.8832	-22.2607	0	0.768429	0.639935	0	None	None
ChainingRodShaped	17585	2.31113	0.5	-292.79	24.8318	0	-0.489213	0.872165	0	10257	17584
ChainingRodShaped	17587	2.37188	0.5	43.6752	-21.0849	0	0.764651	0.644445	0	None	None
ChainingRodShaped	17589	2.83984	0.5	-44.8513	33.1401	0	0.368844	-0.929491	0	None	None
ChainingRodShaped	17591	2.31141	0.5	72.5898	223.303	0	-0.908525	-0.417829	0	16812	17590
ChainingRodShaped	17593	2.57085	0.5	-72.8861	5.87441	0	0.80044	0.599413	0	None	None
ChainingRodShaped	17595	2.45831	0.5	-47.1053	-32.453	0	-0.971178	-0.238354	0	None	None
ChainingRodShaped	17597	2.47442	0.5	-36.5537	4.43201	0	0.142955	0.989729	0	None	None
ChainingRodShaped	17599	2.49768	0.5	-68.053	-25.5999	0	-0.998856	0.0478233	0	16820	17598
ChainingRodShaped	17601	2.74399	0.5	18.6038	31.9304	0	-0.800781	-0.598957	0	None	None
ChainingRodShaped	17603	2.55552	0.5	15.2905	-21.0853	0	0.999227	0.0393057	0	None	None
ChainingRodShaped	17605	2.78022	0.5	-23.7896	57.3298	0	0.957811	0.287397	0	None	None
ChainingRodShaped	17607	2.38503	0.5	-1.8151	112.321	0	0.712044	-0.702135	0	None	None
ChainingRodShaped	17609	2.39142	0.5	-31.158	-34.8645	0	-0.382877	-0.923799	0	None	None
ChainingRodShaped	17611	2.81012	0.5	-11.6098	-51.1065	0	0.680152	0.733071	0	None	None
ChainingRodShaped	17613	2.39102	0.5	-130.038	30.4308	0	0.880743	0.473595	0	None	None
ChainingRodShaped	17615	2.39589	0.5	-69.422	31.8773	0	0.860152	0.510038	0	None	None
ChainingRodShaped	17617	2.8003	0.5	-114.795	58.8511	0	0.89972	-0.436467	0	None	None
ChainingRodShaped	17619	2.58691	0.5	-73.6328	-24.1658	0	-0.987891	0.15515	0	None	None
ChainingRodShaped	17621	2.65897	0.5	-13.7378	48.7081	0	0.70162	0.712551	0	None	None
ChainingRodShaped	17623	2.44987	0.5	-94.1495	59.7114	0	0.704859	0.709347	0	None	None
ChainingRodShaped	17625	2.79813	0.5	-58.0495	-36.589	0	0.99999	-0.00457021	0	None	None
ChainingRodShaped	17627	2.33562	0.5	82.8174	-83.695	0	-0.435265	0.900303	0	10758	17626
ChainingRodShaped	17629	2.60727	0.5	37.7288	65.2197	0	0.324342	0.94594	0	None	None
ChainingRodShaped	17631	2.67338	0.5	48.1652	84.6739	0	0.54778	-0.836622	0	None	None
ChainingRodShaped	17633	2.47365	0.5	25.0773	48.4542	0	-0.119477	-0.992837	0	None	None
ChainingRodShaped	17635	2.70099	0.5	-19.8063	43.7361	0	-0.0843873	0.996433	0	None	None
ChainingRodShaped	17637	2.27826	0.5	-73.7453	94.1386	0	0.976663	0.214778	0	None	None
ChainingRodShaped	17639	2.79878	0.5	-31.3	23.8872	0	0.904974	-0.425466	0	None	None
ChainingRodShaped	17641	2.47887	0.5	-85.1221	-21.2301	0	-0.964777	0.263068	0	None	None
ChainingRodShaped	17643	2.36984	0.5	-92.2551	56.9666	0	0.0165431	-0.999863	0	None	None
ChainingRodShaped	17645	2.28792	0.5	-59.6633	33.6811	0	0.886076	0.46354	0	None	None
ChainingRodShaped	17647	2.82058	0.5	-89.8665	23.1276	0	0.846787	0.531932	0	None	None
ChainingRodShaped	17649	2.80349	0.5	-57.6628	-47.2408	0	-0.487973	-0.872858	0	None	None
ChainingRodShaped	17651	2.59325	0.5	-98.9183	93.0745	0	0.905581	0.424173	0	None	None
ChainingRodShaped	17653	2.41142	0.5	-47.5372	89.1066	0	0.999127	-0.0417876	0	None	None
ChainingRodShaped	17655	2.37652	0.5	-16.7212	99.5462	0	-0.344913	-0.938635	0	None	None
ChainingRodShaped	17657	2.63583	0.5	68.2077	49.795	0	0.325334	-0.945599	0	17678	17656
ChainingRodShaped	17659	2.63825	0.5	-83.5769	-45.8287	0	0.774351	-0.632756	0	None	None
ChainingRodShaped	17661	2.39252	0.5	-118.781	59.2605	0	-0.520784	-0.853688	0	None	None
ChainingRodShaped	17663	2.75541	0.5	-43.0887	-53.4631	0	-0.0907469	-0.995874	0	None	None
ChainingRodShaped	17665	2.35865	0.5	-40.6246	71.0541	0	-0.986727	-0.162385	0	None	None
ChainingRodShaped	17667	2.3658	0.5	65.4112	24.0777	0	-0.617823	-0.786317	0	None	None
ChainingRodShaped	17669	2.68444	0.5	50.0336	51.2233	0	-0.999682	-0.0252164	0	None	None
ChainingRodShaped	17671	2.80357	0.5	-32.8563	47.2158	0	0.999814	-0.0192984	0	None	None
ChainingRodShaped	17673	2.52313	0.5	-104.526	-19.7458	0	-0.878055	0.47856	0	None	None
ChainingRodShaped	17675	2.73041	0.5	-64.6957	112.462	0	-0.999153	-0.0411537	0	None	None
ChainingRodShaped	17677	2.80064	0.5	9.63273	52.1827	0	0.482827	0.875716	0	None	None
ChainingRodShaped	17679	2.64373	0.5	66.4669	56.4295	0	0.213926	-0.97685	0	12264	17678
ChainingRodShaped	17681	2.59644	0.5	2.40083	40.0805	0	0.998982	0.0451132	0	None	None
ChainingRodShaped	17683	2.61522	0.5	-127.333	46.9523	0	0.887476	0.460855	0	None	None
ChainingRodShaped	17685	2.73013	0.5	-54.762	75.2673	0	0.937973	-0.346708	0	None	None
ChainingRodShaped	17687	2.46276	0.5	-93.3273	68.1691	0	0.77517	0.631753	0	None	None
ChainingRodShaped	17689	2.39976	0.5	-3.77036	2.31789	0	0.986815	-0.161855	0	None	None
ChainingRodShaped	17691	2.72665	0.5	-45.9622	66.9026	0	0.978631	0.205623	0	None	None
ChainingRodShaped	17693	2.52694	0.5	-148.703	84.1329	0	0.900122	-0.435638	0	10446	17692
ChainingRodShaped	17695	2.27933	0.5	-41.5031	-56.8739	0	-0.736374	-0.676575	0	None	None
ChainingRodShaped	17697	2.60758	0.5	12.6188	107.727	0	-0.985206	0.171374	0	None	None
ChainingRodShaped	17699	2.71051	0.5	-71.8072	-6.54983	0	-0.763226	0.646132	0	None	None
ChainingRodShaped	17701	2.37907	0.5	-86.1757	88.4825	0	0.213759	0.976886	0	None	None
ChainingRodShaped	17703	2.56936	0.5	-56.1074	-1.79648	0	0.0832407	-0.996529	0	None	None
ChainingRodShaped	17705	2.64472	0.5	-68.4373	5.38962	0	0.304854	0.952399	0	None	None
ChainingRodShaped	17707	2.30405	0.5	49.9154	-5.71532	0	0.769879	0.638189	0	None	None
ChainingRodShaped	17709	2.26487	0.5	-34.5929	114.51	0	0.953272	0.302112	0	None	None
ChainingRodShaped	17711	2.29573	0.5	-11.8435	56.3097	0	-0.1829	0.983132	0	None	None
ChainingRodShaped	17713	2.26653	0.5	-47.9093	50.4589	0	0.553831	-0.832629	0	None	None
ChainingRodShaped	17715	2.39818	0.5	25.1666	92.6917	0	-0.127927	-0.991784	0	None	None
ChainingRodShaped	17717	2.33035	0.5	-105.987	-17.7588	0	0.818309	-0.574778	0	None	None
ChainingRodShaped	17719	2.56876	0.5	-16.8065	-56.0618	0	0.729493	0.683988	0	None	None
ChainingRodShaped	17721	2.39716	0.5	-111.706	83.0296	0	0.0244313	0.999702	0	9702	17720
ChainingRodShaped	17723	2.47059	0.5	182.957	120.574	0	0.951758	-0.306848	0	7852	17722
ChainingRodShaped	17725	2.47161	0.5	51.878	67.8694	0	0.167375	-0.985893	0	None	None
ChainingRodShaped	17727	2.69914	0.5	-54.0413	-38.9203	0	0.985473	0.169835	0	None	None
ChainingRodShaped	17729	2.74514	0.5	-51.961	71.5918	0	-0.952892	-0.303308	0	None	None
ChainingRodShaped	17731	2.46186	0.5	70.6142	103.817	0	0.801432	-0.598086	0	15180	17730
ChainingRodShaped	17733	2.31659	0.5	0.2712	-54.4213	0	-0.999997	-0.00231646	0	None	None
ChainingRodShaped	17735	2.57663	0.5	-112.72	22.705	0	0.736176	-0.67679	0	None	None
ChainingRodShaped	17737	2.39083	0.5	-54.0872	-41.4789	0	-0.577775	-0.816196	0	None	None
ChainingRodShaped	17739	2.47435	0.5	-190.974	27.1905	0	-0.52725	-0.84971	0	9207	17738
ChainingRodShaped	17741	2.77108	0.5	-66.0806	69.6711	0	-0.799125	-0.601164	0	None	None
ChainingRodShaped	17743	2.55207	0.5	-46.3476	22.7141	0	0.263398	-0.964687	0	None	None
ChainingRodShaped	17745	2.58089	0.5	2.52852	104.337	0	-0.992542	-0.121904	0	None	None
ChainingRodShaped	17747	2.37203	0.5	-72.7958	-42.5496	0	0.631812	-0.775121	0	None	None
ChainingRodShaped	17749	2.48449	0.5	27.3906	48.3902	0	0.755378	-0.655289	0	None	None
ChainingRodShaped	17751	2.29096	0.5	5.19851	47.1096	0	0.36016	0.932891	0	None	None
ChainingRodShaped	17753	2.46603	0.5	-56.3326	17.2479	0	-0.193713	-0.981058	0	None	None
ChainingRodShaped	17755	2.61847	0.5	24.2685	11.0881	0	0.313321	0.949647	0	None	None
ChainingRodShaped	17757	2.45367	0.5	-101.053	184.495	0	-0.871634	-0.490158	0	12358	17756
ChainingRodShaped	17759	2.46024	0.5	-42.2199	13.6738	0	-0.844343	-0.535803	0	None	None
ChainingRodShaped	17761	2.56844	0.5	-124.867	21.3195	0	0.999952	-0.00977898	0	None	None
ChainingRodShaped	17763	2.29017	0.5	-44.1184	39.016	0	0.61143	-0.791298	0	None	None
ChainingRodShaped	17765	2.57019	0.5	22.7507	-50.5481	0	0.15342	0.988161	0	None	None
ChainingRodShaped	17767	2.41655	0.5	-1.69033	50.078	0	0.964567	0.263837	0	None	None
ChainingRodShaped	17769	2.5344	0.5	145.763	73.4406	0	-0.46513	0.885242	0	13450	17768
ChainingRodShaped	17771	2.37568	0.5	-90.8704	83.9279	0	0.998894	-0.047016	0	None	None
ChainingRodShaped	17773	2.40751	0.5	-41.7297	43.1385	0	0.617863	-0.786286	0	None	None
ChainingRodShaped	17775	2.38833	0.5	47.1277	67.1063	0	-0.197761	-0.98025	0	None	None
ChainingRodShaped	17777	2.26209	0.5	-13.794	92.1792	0	0.159176	0.98725	0	None	None
ChainingRodShaped	17779	2.38407	0.5	-164.725	89.9614	0	0.941878	-0.335956	0	12642	17778
ChainingRodShaped	17781	2.31132	0.5	-82.1917	61.741	0	-0.122744	-0.992438	0	None	None
ChainingRodShaped	17783	2.47037	0.5	-107.995	57.706	0	0.94279	-0.333388	0	None	None
ChainingRodShaped	17785	2.74145	0.5	-29.4809	118.237	0	0.780844	0.624727	0	None	None
ChainingRodShaped	17787	2.60107	0.5	-105.53	-10.7363	0	-0.676932	0.736046	0	None	None
ChainingRodShaped	17789	2.45254	0.5	-103.65	-31.4387	0	0.439091	-0.898443	0	None	None
ChainingRodShaped	17791	2.65828	0.5	36.8669	81.3981	0	-0.150927	-0.988545	0	None	None
ChainingRodShaped	17793	2.66226	0.5	-23.9609	-4.93844	0	-0.82688	-0.562378	0	None	None
ChainingRodShaped	17795	2.45307	0.5	115.493	108.425	0	0.529794	0.848126	0	14522	17794
ChainingRodShaped	17797	2.53322	0.5	-77.5564	-14.8823	0	-0.771592	-0.636118	0	None	None
ChainingRodShaped	17799	2.53526	0.5	39.4871	78.5152	0	0.904	-0.427533	0	None	None
ChainingRodShaped	17801	2.7155	0.5	-45.1193	-19.8048	0	-0.988621	-0.150427	0	None	None
ChainingRodShaped	17803	2.72991	0.5	-22.8173	54.0036	0	-0.196355	0.980533	0	None	None
ChainingRodShaped	17805	2.37527	0.5	-5.75781	-14.8225	0	0.918383	-0.395693	0	None	None
ChainingRodShaped	17807	2.52123	0.5	-37.9789	27.1702	0	0.908883	0.417052	0	None	None
ChainingRodShaped	17809	2.41564	0.5	110.258	154.663	0	0.313728	-0.949513	0	14608	17808
ChainingRodShaped	17811	2.41932	0.5	-30.1078	-45.9323	0	0.655157	0.755493	0	None	None
ChainingRodShaped	17813	2.70833	0.5	-68.1032	116.003	0	0.999364	0.0356609	0	None	None
ChainingRodShaped	17815	2.73136	0.5	-89.0967	-32.9846	0	0.0338819	-0.999426	0	None	None
ChainingRodShaped	17817	2.6765	0.5	-38.1333	24.3414	0	0.917028	0.398824	0	None	None
ChainingRodShaped	17819	2.63949	0.5	-3.16035	-8.38237	0	0.998111	-0.0614307	0	None	None
ChainingRodShaped	17821	2.62545	0.5	-14.6646	104.833	0	0.929158	-0.369684	0	None	None
ChainingRodShaped	17823	2.38806	0.5	-61.9349	133.935	0	-0.900323	0.435222	0	10029	17822
ChainingRodShaped	17825	2.31944	0.5	-73.8972	85.2301	0	0.994526	-0.104489	0	None	None
ChainingRodShaped	17827	2.49393	0.5	16.5386	-4.4126	0	-0.61086	0.791739	0	None	None
ChainingRodShaped	17829	2.3849	0.5	18.9695	-6.66911	0	-0.96125	-0.27568	0	None	None
ChainingRodShaped	17831	2.31423	0.5	211.163	9.38838	0	-0.742919	-0.669381	0	18292	17830
ChainingRodShaped	17833	2.49696	0.5	-94.2027	-6.45843	0	0.947981	0.318326	0	None	None
ChainingRodShaped	17835	2.74671	0.5	41.7388	57.3674	0	0.950002	-0.312242	0	None	None
ChainingRodShaped	17837	2.64883	0.5	1.65676	26.2218	0	0.468785	0.883312	0	None	None
ChainingRodShaped	17839	2.46338	0.5	-21.0885	13.6455	0	0.792567	0.609784	0	None	None
ChainingRodShaped	17841	2.31787	0.5	-49.8846	102.611	0	-0.963828	-0.266525	0	None	None
ChainingRodShaped	17843	2.35604	0.5	-80.7021	14.9646	0	0.855847	0.517229	0	None	None
ChainingRodShaped	17845	2.40965	0.5	-78.2309	-7.87716	0	-0.64558	0.763693	0	None	None
ChainingRodShaped	17847	2.37666	0.5	-10.118	0.872484	0	-0.967622	0.252402	0	None	None
ChainingRodShaped	17849	2.32422	0.5	-30.6496	98.0703	0	0.943929	0.330148	0	None	None
ChainingRodShaped	17851	2.35125	0.5	-64.3905	-15.4493	0	-0.992702	0.120592	0	None	None
ChainingRodShaped	17853	2.64835	0.5	26.6181	116.191	0	-0.633898	-0.773417	0	None	None
ChainingRodShaped	17855	2.5176	0.5	-112.348	1.73997	0	-0.390665	0.920533	0	None	None
ChainingRodShaped	17857	2.51918	0.5	65.5944	47.696	0	0.23421	-0.972186	0	None	None
ChainingRodShaped	17859	2.31803	0.5	-73.8572	31.1006	0	0.896142	0.443767	0	None	None
ChainingRodShaped	17861	2.58178	0.5	-19.1012	55.0599	0	0.151378	-0.988476	0	None	None
ChainingRodShaped	17863	2.68208	0.5	-23.2084	-49.6264	0	0.977077	0.212888	0	None	None
ChainingRodShaped	17865	2.7308	0.5	-31.5221	81.6552	0	0.804168	-0.594402	0	None	None
ChainingRodShaped	17867	2.50765	0.5	24.9294	-50.4935	0	0.614688	0.788771	0	11602	17866
ChainingRodShaped	17869	2.34814	0.5	-15.1082	-62.5244	0	0.966484	0.256729	0	11826	17868
ChainingRodShaped	17871	2.35019	0.5	65.4412	-121.212	0	-0.906719	-0.421734	0	14428	17870
ChainingRodShaped	17873	2.53764	0.5	-39.267	-58.6083	0	0.993354	0.115096	0	None	None
ChainingRodShaped	17875	2.42408	0.5	30.6429	112.871	0	-0.129083	-0.991634	0	None	None
ChainingRodShaped	17877	2.61422	0.5	-86.8094	-2.96187	0	-0.826803	-0.562492	0	None	None
ChainingRodShaped	17879	2.38166	0.5	-32.2141	17.5105	0	0.972064	0.234716	0	None	None
ChainingRodShaped	17881	2.58978	0.5	7.33599	36.7806	0	-0.963916	-0.266207	0	None	None
ChainingRodShaped	17883	2.68107	0.5	38.2251	99.4944	0	0.539893	-0.841734	0	None	None
ChainingRodShaped	17885	2.26307	0.5	-22.624	114.47	0	-0.71846	0.695568	0	None	None
ChainingRodShaped	17887	2.62376	0.5	-59.3454	9.39643	0	0.0989343	-0.995094	0	None	None
ChainingRodShaped	17889	2.6477	0.5	-52.6077	56.3346	0	-0.0326139	-0.999468	0	None	None
ChainingRodShaped	17891	2.29561	0.5	-57.7951	41.7892	0	-0.0145923	0.999894	0	None	None
ChainingRodShaped	17893	2.5656	0.5	23.8092	102.24	0	0.766672	0.642039	0	None	None
ChainingRodShaped	17895	2.42834	0.5	-0.984214	222.84	0	-0.958407	-0.285404	0	7735	17894
ChainingRodShaped	17897	2.33297	0.5	56.4065	65.4355	0	-0.883608	0.468228	0	None	None
ChainingRodShaped	17899	2.52626	0.5	-63.4795	61.8591	0	-0.799319	-0.600906	0	None	None
ChainingRodShaped	17901	2.66671	0.5	-68.055	76.1652	0	0.985024	-0.172416	0	None	None
ChainingRodShaped	17903	2.513	0.5	-84.8203	54.8979	0	0.0367598	-0.999324	0	None	None
ChainingRodShaped	17905	2.34376	0.5	53.8743	-13.7009	0	0.811608	0.584203	0	None	None
ChainingRodShaped	17907	2.28935	0.5	-94.0693	-5.56623	0	0.944793	0.327668	0	None	None
ChainingRodShaped	17909	2.34064	0.5	-58.7569	-58.8558	0	0.89261	0.45083	0	None	None
ChainingRodShaped	17911	2.38003	0.5	15.7806	79.1892	0	-0.999852	-0.0172108	0	None	None
ChainingRodShaped	17913	2.52617	0.5	-13.8041	80.595	0	-0.334158	0.942517	0	None	None
ChainingRodShaped	17915	2.30573	0.5	48.7604	66.5392	0	-0.178274	-0.983981	0	None	None
ChainingRodShaped	17917	2.68227	0.5	-65.4308	87.0971	0	0.818429	-0.574608	0	None	None
ChainingRodShaped	17919	2.51345	0.5	-41.1419	-23.5937	0	-0.998138	-0.0609974	0	9927	17918
ChainingRodShaped	17921	2.64118	0.5	2.88532	-12.9461	0	0.99906	-0.0433374	0	None	None
ChainingRodShaped	17923	2.36597	0.5	58.5619	44.3137	0	-0.938116	-0.346321	0	None	None
ChainingRodShaped	17925	2.3608	0.5	-23.1094	119.233	0	0.774279	-0.632844	0	None	None
ChainingRodShaped	17927	2.68831	0.5	-39.6474	51.8675	0	0.25027	0.968176	0	None	None
ChainingRodShaped	17929	2.35771	0.5	-66.431	34.9421	0	0.790585	0.612352	0	None	None
ChainingRodShaped	17931	2.68214	0.5	-35.8607	60.3437	0	0.277269	-0.960792	0	None	None
ChainingRodShaped	17933	2.43687	0.5	-50.2191	107.252	0	-0.8351	-0.550098	0	None	None
ChainingRodShaped	17935	2.63466	0.5	22.1993	105.17	0	0.743915	0.668274	0	None	None
ChainingRodShaped	17937	2.30144	0.5	38.9252	-9.03086	0	0.713536	0.700618	0	None	None
ChainingRodShaped	17939	2.34968	0.5	-91.5255	29.8728	0	-0.386443	-0.922313	0	None	None
ChainingRodShaped	17941	2.60948	0.5	-65.1319	8.63058	0	-0.308388	-0.951261	0	None	None
ChainingRodShaped	17943	2.36064	0.5	-92.9424	38.2013	0	-0.437725	-0.899109	0	None	None
ChainingRodShaped	17945	2.24524	0.5	-72.9183	45.8684	0	0.0856639	-0.996324	0	None	None
ChainingRodShaped	17947	2.43581	0.5	31.7227	-9.45081	0	0.737531	0.675313	0	None	None
ChainingRodShaped	17949	2.64963	0.5	-20.4642	23.7491	0	0.834302	-0.551308	0	None	None
ChainingRodShaped	17951	2.47017	0.5	66.2676	26.111	0	-0.88499	-0.465609	0	None	None
ChainingRodShaped	17953	2.44328	0.5	-36.8891	45.4601	0	0.447765	0.894151	0	None	None
ChainingRodShaped	17955	2.40821	0.5	-12.2698	33.985	0	0.571744	0.820432	0	None	None
ChainingRodShaped	17957	2.261	0.5	22.2297	177.399	0	0.626796	0.779183	0	9062	17956
ChainingRodShaped	17959	2.67719	0.5	60.8376	27.5625	0	0.0818749	0.996643	0	None	None
ChainingRodShaped	17961	2.29256	0.5	-24.9082	115.739	0	-0.871086	-0.49113	0	None	None
ChainingRodShaped	17963	2.32022	0.5	-76.2994	33.2653	0	0.857966	0.513707	0	None	None
ChainingRodShaped	17965	2.5593	0.5	-30.2844	105.52	0	-0.0454061	-0.998969	0	None	None
ChainingRodShaped	17967	2.25821	0.5	18.7929	-23.1973	0	0.428481	-0.903551	0	None	None
ChainingRodShaped	17969	2.51733	0.5	-63.2801	-51.5136	0	0.380649	0.924719	0	None	None
ChainingRodShaped	17971	2.31526	0.5	-2.84202	100.83	0	-0.215767	0.976445	0	None	None
ChainingRodShaped	17973	2.42478	0.5	-52.668	-14.8112	0	0.99528	0.0970452	0	None	None
ChainingRodShaped	17975	2.35902	0.5	0.00789835	-22.5344	0	-0.881424	0.472326	0	None	None
ChainingRodShaped	17977	2.38475	0.5	25.7284	-5.1817	0	-0.928906	-0.370316	0	8177	17976
ChainingRodShaped	17979	2.363	0.5	-0.35563	109.055	0	0.842882	0.538099	0	None	None
ChainingRodShaped	17981	2.34353	0.5	-15.732	27.4503	0	-0.932086	0.362236	0	None	None
ChainingRodShaped	17983	2.65438	0.5	-18.724	-1.17875	0	-0.840835	-0.541292	0	None	None
ChainingRodShaped	17985	2.24564	0.5	-69.3191	92.3468	0	0.986063	0.166371	0	None	None
ChainingRodShaped	17987	2.39741	0.5	-35.2207	4.03518	0	0.127835	0.991795	0	None	None
ChainingRodShaped	17989	2.24456	0.5	-105.386	3.45725	0	0.208853	-0.977947	0	None	None
ChainingRodShaped	17991	2.66771	0.5	20.0437	59.0163	0	0.394	-0.919111	0	None	None
ChainingRodShaped	17993	2.47982	0.5	12.2064	-39.6624	0	0.700988	0.713173	0	None	None
ChainingRodShaped	17995	2.6361	0.5	-99.5067	-3.22702	0	0.493972	-0.869478	0	None	None
ChainingRodShaped	17997	2.55466	0.5	-78.2582	83.088	0	-0.994309	0.106534	0	None	None
ChainingRodShaped	17999	2.45633	0.5	-39.0295	-2.2071	0	-0.272656	-0.962112	0	None	None
ChainingRodShaped	18001	2.27797	0.5	-23.5618	59.0345	0	0.934377	0.356287	0	None	None
ChainingRodShaped	18003	2.30676	0.5	-73.38	-43.2698	0	0.630606	-0.776103	0	None	None
ChainingRodShaped	18005	2.54081	0.5	-49.824	20.3936	0	0.302465	-0.953161	0	None	None
ChainingRodShaped	18007	2.50199	0.5	-65.0715	109.747	0	-0.99862	-0.052524	0	None	None
ChainingRodShaped	18009	2.58696	0.5	-60.026	43.1333	0	0.0111558	0.999938	0	None	None
ChainingRodShaped	18011	2.36711	0.5	46.3873	-16.8728	0	-0.835713	-0.549167	0	None	None
ChainingRodShaped	18013	2.67807	0.5	-32.3033	-43.3911	0	-0.64564	-0.763642	0	None	None
ChainingRodShaped	18015	2.57438	0.5	-23.5931	70.7394	0	-0.994612	-0.10367	0	None	None
ChainingRodShaped	18017	2.5905	0.5	-53.9499	-10.0847	0	0.997538	0.0701279	0	None	None
ChainingRodShaped	18019	2.48754	0.5	-4.16972	23.9676	0	0.407892	0.91303	0	None	None
ChainingRodShaped	18021	2.53453	0.5	-26.3809	62.66	0	-0.953888	-0.300161	0	None	None
ChainingRodShaped	18023	2.22063	0.5	-88.0971	190.85	0	-0.954364	-0.298647	0	15014	18022
ChainingRodShaped	18025	2.60243	0.5	-126.728	13.1782	0	0.654277	-0.756255	0	None	None
ChainingRodShaped	18027	2.61214	0.5	-16.6104	45.6151	0	0.950383	0.311082	0	None	None
ChainingRodShaped	18029	2.27256	0.5	-74.6263	190.695	0	-0.911636	0.410999	0	13486	18028
ChainingRodShaped	18031	2.60806	0.5	1.91471	16.3917	0	0.646811	0.762651	0	None	None
ChainingRodShaped	18033	2.34068	0.5	-40.638	124.807	0	-0.892607	-0.450836	0	None	None
ChainingRodShaped	18035	2.44702	0.5	-115.135	56.9765	0	0.908251	-0.418427	0	None	None
ChainingRodShaped	18037	2.63878	0.5	23.9011	53.1271	0	-0.262155	-0.965026	0	None	None
ChainingRodShaped	18039	2.34137	0.5	-84.8546	74.2702	0	-0.979979	0.199103	0	None	None
ChainingRodShaped	18041	2.58037	0.5	-92.5758	-28.1738	0	0.879034	-0.476759	0	None	None
ChainingRodShaped	18043	2.32994	0.5	149.136	-53.4977	0	0.344567	-0.938762	0	16304	18042
ChainingRodShaped	18045	2.61641	0.5	-18.0362	2.34048	0	-0.623826	-0.781563	0	None	None
ChainingRodShaped	18047	2.33669	0.5	-19.2378	49.8179	0	0.843881	-0.53653	0	None	None
ChainingRodShaped	18049	2.46381	0.5	63.0477	28.2873	0	0.99847	0.0552924	0	None	None
ChainingRodShaped	18051	2.58168	0.5	-27.5404	-3.86245	0	-0.595584	0.803293	0	None	None
ChainingRodShaped	18053	2.62644	0.5	-4.61322	68.3781	0	0.236233	0.971696	0	None	None
ChainingRodShaped	18055	2.61325	0.5	-7.59918	-56.2407	0	-0.720126	-0.693843	0	None	None
ChainingRodShaped	18057	2.27303	0.5	-52.7239	78.7169	0	-0.923408	0.383819	0	None	None
ChainingRodShaped	18059	2.44843	0.5	2.3692	59.2704	0	0.458865	0.888506	0	None	None
ChainingRodShaped	18061	2.59787	0.5	-91.9202	-15.2679	0	-0.957106	0.289739	0	None	None
ChainingRodShaped	18063	2.45093	0.5	-112.776	66.7936	0	-0.743629	-0.668592	0	None	None
ChainingRodShaped	18065	2.43818	0.5	-126.128	15.0959	0	-0.718494	0.695534	0	12860	18064
ChainingRodShaped	18067	2.65786	0.5	-50.8368	24.6209	0	-0.0605576	-0.998165	0	None	None
ChainingRodShaped	18069	2.60833	0.5	-19.6608	-53.3745	0	0.50554	0.862803	0	None	None
ChainingRodShaped	18071	2.274	0.5	-69.6761	-39.0985	0	0.771379	0.636376	0	None	None
ChainingRodShaped	18073	2.49745	0.5	-87.2594	108.623	0	-0.67151	-0.740996	0	None	None
ChainingRodShaped	18075	2.22429	0.5	-53.3818	130.037	0	0.979369	-0.202078	0	14970	18074
ChainingRodShaped	18077	2.29874	0.5	-106.934	-29.1265	0	-0.491132	0.871085	0	14632	18076
ChainingRodShaped	18079	2.39084	0.5	-40.1384	-21.2145	0	-0.999772	-0.0213332	0	None	None
ChainingRodShaped	18081	2.47549	0.5	49.8374	32.046	0	0.485881	-0.874025	0	None	None
ChainingRodShaped	18083	2.55046	0.5	-22.8839	66.0814	0	-0.934973	-0.354719	0	None	None
ChainingRodShaped	18085	2.49062	0.5	-62.5031	5.55461	0	0.0588764	-0.998265	0	None	None
ChainingRodShaped	18087	2.58961	0.5	-102.694	68.8346	0	-0.0208512	0.999783	0	None	None
ChainingRodShaped	18089	2.62376	0.5	46.3397	79.7123	0	-0.83639	0.548134	0	None	None
ChainingRodShaped	18091	2.31507	0.5	11.1598	46.539	0	0.379392	0.925236	0	None	None
ChainingRodShaped	18093	2.30864	0.5	100.885	12.7827	0	0.890047	0.45587	0	16480	18092
ChainingRodShaped	18095	2.54512	0.5	37.174	54.9137	0	0.994187	-0.107671	0	None	None
ChainingRodShaped	18097	2.59703	0.5	68.5509	3.80781	0	-0.965421	-0.260694	0	None	None
ChainingRodShaped	18099	2.24319	0.5	-4.88975	37.779	0	0.920952	0.389676	0	None	None
ChainingRodShaped	18101	2.5671	0.5	-79.5489	58.6588	0	0.0352928	0.999377	0	None	None
ChainingRodShaped	18103	2.25834	0.5	26.8672	109.862	0	0.61231	0.790618	0	None	None
ChainingRodShaped	18105	2.61835	0.5	34.3174	5.13115	0	0.888816	0.458264	0	None	None
ChainingRodShaped	18107	2.39913	0.5	-44.7978	63.6386	0	0.00317909	-0.999995	0	None	None
ChainingRodShaped	18109	2.37517	0.5	-16.1341	-44.6191	0	0.978441	0.206528	0	None	None
ChainingRodShaped	18111	2.59257	0.5	0.413977	-40.67	0	-0.661713	-0.749757	0	None	None
ChainingRodShaped	18113	2.42903	0.5	-56.5066	48.6808	0	0.637895	-0.770124	0	None	None
ChainingRodShaped	18115	2.43952	0.5	-12.4677	114.331	0	0.68352	-0.729932	0	None	None
ChainingRodShaped	18117	2.31849	0.5	-92.0327	-27.4832	0	0.883712	-0.468032	0	None	None
ChainingRodShaped	18119	2.46975	0.5	67.363	25.0502	0	-0.608006	-0.793933	0	None	None
ChainingRodShaped	18121	2.55935	0.5	56.046	-4.08706	0	0.774863	0.632129	0	None	None
ChainingRodShaped	18123	2.42083	0.5	-86.7767	-35.1828	0	0.374919	-0.927058	0	None	None
ChainingRodShaped	18125	2.43427	0.5	13.5835	150.061	0	0.320004	-0.947416	0	12234	18124
ChainingRodShaped	18127	2.3369	0.5	-40.8385	88.0957	0	0.989215	-0.146474	0	None	None
ChainingRodShaped	18129	2.35272	0.5	-19.8283	48.6892	0	0.844277	-0.535908	0	None	None
ChainingRodShaped	18131	2.27315	0.5	60.9961	48.0828	0	-0.92352	-0.38355	0	None	None
ChainingRodShaped	18133	2.24227	0.5	-7.7688	100.504	0	0.369289	-0.929314	0	None	None
ChainingRodShaped	18135	2.60741	0.5	-25.3909	23.7906	0	0.821966	-0.569537	0	None	None
ChainingRodShaped	18137	2.49914	0.5	-82.1993	5.15835	0	0.824791	0.565438	0	None	None
ChainingRodShaped	18139	2.27153	0.5	9.32354	0.703551	0	-0.81625	0.577699	0	None	None
ChainingRodShaped	18141	2.2816	0.5	-82.6793	27.5507	0	0.849283	0.527938	0	None	None
ChainingRodShaped	18143	2.32872	0.5	57.9965	70.9387	0	0.419618	-0.907701	0	None	None
ChainingRodShaped	18145	2.26258	0.5	-78.9356	15.0937	0	0.849182	0.5281	0	None	None
ChainingRodShaped	18147	2.48183	0.5	-72.751	65.5223	0	-0.583261	-0.812285	0	None	None
ChainingRodShaped	18149	2.46451	0.5	30.7782	-36.747	0	-0.988821	-0.149108	0	None	None
ChainingRodShaped	18151	2.44825	0.5	-33.6275	-26.4071	0	0.975721	-0.219015	0	None	None
ChainingRodShaped	18153	2.46213	0.5	-155	-20.3706	0	0.465821	0.884879	0	11326	18152
ChainingRodShaped	18155	2.29639	0.5	12.1997	-19.6056	0	0.998702	0.0509295	0	None	None
ChainingRodShaped	18157	2.58683	0.5	11.3127	87.9384	0	-0.785503	-0.618858	0	None	None
ChainingRodShaped	18159	2.25276	0.5	-87.2119	92.1722	0	0.395033	0.918667	0	None	None
ChainingRodShaped	18161	2.54045	0.5	-93.0584	46.7837	0	-0.0627252	0.998031	0	None	None
ChainingRodShaped	18163	2.4486	0.5	10.753	-38.828	0	0.688497	0.725239	0	None	None
ChainingRodShaped	18165	2.2268	0.5	-59.3442	-40.9678	0	0.999706	-0.0242529	0	None	None
ChainingRodShaped	18167	2.35974	0.5	-85.9967	30.0123	0	-0.858867	-0.512199	0	None	None
ChainingRodShaped	18169	2.18605	0.5	20.5549	-64.9269	0	0.440123	-0.897938	0	18736	18168
ChainingRodShaped	18171	2.27058	0.5	-55.4288	28.6976	0	0.973783	0.227481	0	None	None
ChainingRodShaped	18173	2.28218	0.5	-60.9556	108.963	0	-0.999998	-0.0019156	0	None	None
ChainingRodShaped	18175	2.20265	0.5	25.5606	120.7	0	-0.255222	-0.966883	0	9529	18174
ChainingRodShaped	18177	2.23983	0.5	-81.833	34.3607	0	-0.848598	-0.529039	0	None	None
ChainingRodShaped	18179	2.5036	0.5	50.5346	24.5523	0	0.696606	0.717454	0	None	None
ChainingRodShaped	18181	2.41278	0.5	-25.5615	32.0887	0	-0.349286	0.937016	0	None	None
ChainingRodShaped	18183	2.60173	0.5	-2.93047	-15.2697	0	0.881114	-0.472905	0	None	None
ChainingRodShaped	18185	2.51746	0.5	-88.0101	94.3204	0	-0.464701	-0.885468	0	None	None
ChainingRodShaped	18187	2.50219	0.5	-27.9092	79.9224	0	0.816907	-0.576769	0	None	None
ChainingRodShaped	18189	2.35303	0.5	-25.9692	39.9216	0	0.548522	-0.836136	0	None	None
ChainingRodShaped	18191	2.2389	0.5	43.2453	59.5022	0	0.958923	-0.283666	0	None	None
ChainingRodShaped	18193	2.5192	0.5	23.2867	21.7277	0	0.992328	0.123636	0	None	None
ChainingRodShaped	18195	2.2344	0.5	-110.964	-19.526	0	0.676024	-0.73688	0	None	None
ChainingRodShaped	18197	2.44231	0.5	63.0784	-6.14823	0	0.660891	0.750482	0	None	None
ChainingRodShaped	18199	2.23039	0.5	-26.2204	-32.5345	0	0.377188	-0.926137	0	None	None
ChainingRodShaped	18201	2.22461	0.5	8.76664	-9.97565	0	0.999948	-0.0102445	0	None	None
ChainingRodShaped	18203	2.50793	0.5	13.2451	48.8688	0	-0.492486	-0.87032	0	None	None
ChainingRodShaped	18205	2.31128	0.5	20.7	53.6693	0	-0.281146	-0.959665	0	None	None
ChainingRodShaped	18207	2.43849	0.5	-28.7205	28.9925	0	0.979453	-0.201674	0	None	None
ChainingRodShaped	18209	2.53207	0.5	-110.845	-13.2401	0	0.694362	-0.719626	0	None	None
ChainingRodShaped	18211	2.54558	0.5	-57.3364	61.5377	0	0.688049	0.725664	0	None	None
ChainingRodShaped	18213	2.39975	0.5	-65.0425	3.97202	0	0.325351	0.945593	0	None	None
ChainingRodShaped	18215	2.55137	0.5	-5.74643	-19.2386	0	-0.87769	0.479228	0	None	None
ChainingRodShaped	18217	2.38462	0.5	175.443	9.27492	0	-0.704975	0.709233	0	13034	18216
ChainingRodShaped	18219	2.32264	0.5	22.9795	-25.5528	0	0.452143	-0.891945	0	None	None
ChainingRodShaped	18221	2.47139	0.5	-71.6149	70.7446	0	-0.568706	-0.822541	0	None	None
ChainingRodShaped	18223	2.20586	0.5	129.745	35.9567	0	-0.664653	-0.747152	0	14040	18222
ChainingRodShaped	18225	2.24595	0.5	-29.9416	99.9798	0	0.995656	0.0931042	0	None	None
ChainingRodShaped	18227	2.36171	0.5	-121.077	57.3734	0	-0.534796	-0.844981	0	None	None
ChainingRodShaped	18229	2.21166	0.5	-67.7279	61.8168	0	-0.540407	-0.841404	0	None	None
ChainingRodShaped	18231	2.41387	0.5	-60.2322	-14.1349	0	-0.997886	0.0649852	0	None	None
ChainingRodShaped	18233	2.52563	0.5	-61.1625	93.0038	0	0.78877	-0.614688	0	None	None
ChainingRodShaped	18235	2.27543	0.5	-33.3278	108.69	0	0.215823	0.976432	0	None	None
ChainingRodShaped	18237	2.30217	0.5	2.75218	61.6925	0	0.512765	0.858529	0	None	None
ChainingRodShaped	18239	2.52902	0.5	9.45482	53.4851	0	0.469084	0.883154	0	None	None
ChainingRodShaped	18241	2.38099	0.5	-106.807	22.7615	0	0.479439	-0.877575	0	None	None
ChainingRodShaped	18243	2.42341	0.5	-4.25677	35.6206	0	0.934789	0.355204	0	None	None
ChainingRodShaped	18245	2.49315	0.5	-110.736	23.1837	0	0.736183	-0.676782	0	None	None
ChainingRodShaped	18247	2.57828	0.5	-19.1905	4.19918	0	-0.621977	-0.783035	0	None	None
ChainingRodShaped	18249	2.40138	0.5	-88.333	97.5321	0	-0.464659	-0.88549	0	None	None
ChainingRodShaped	18251	2.35035	0.5	-102.376	-28.0608	0	0.520849	-0.853649	0	None	None
ChainingRodShaped	18253	2.51756	0.5	-29.4099	-15.117	0	-0.711821	-0.702361	0	None	None
ChainingRodShaped	18255	2.42478	0.5	-37.3842	42.9525	0	-0.564897	0.825161	0	None	None
ChainingRodShaped	18257	2.35144	0.5	52.0937	59.9481	0	0.996004	-0.0893089	0	None	None
ChainingRodShaped	18259	2.44321	0.5	28.0728	25.8248	0	-0.0360711	0.999349	0	None	None
ChainingRodShaped	18261	2.22565	0.5	-5.4851	28.2925	0	0.418279	0.908319	0	None	None
ChainingRodShaped	18263	2.38084	0.5	46.7134	36.5388	0	0.281964	-0.959425	0	None	None
ChainingRodShaped	18265	2.52753	0.5	-82.7591	110.377	0	-0.962573	0.271023	0	None	None
ChainingRodShaped	18267	2.27173	0.5	14.3642	-1.83364	0	-0.80306	0.595898	0	None	None
ChainingRodShaped	18269	2.52204	0.5	-29.5056	117.117	0	0.804373	0.594125	0	None	None
ChainingRodShaped	18271	2.51117	0.5	-43.8174	-50.419	0	-0.616743	-0.787164	0	None	None
ChainingRodShaped	18273	2.53232	0.5	-41.8709	101.895	0	0.308711	0.951156	0	None	None
ChainingRodShaped	18275	2.522	0.5	-41.0395	32.8933	0	0.30051	-0.953779	0	None	None
ChainingRodShaped	18277	2.4214	0.5	34.9354	105.25	0	0.441675	-0.897175	0	None	None
ChainingRodShaped	18279	2.194	0.5	-60.7618	42.9501	0	0.00871795	0.999962	0	None	None
ChainingRodShaped	18281	2.42786	0.5	-22.9881	-63.5311	0	-0.973452	-0.228892	0	None	None
ChainingRodShaped	18283	2.27903	0.5	-40.0525	126.628	0	-0.997907	0.0646641	0	None	None
ChainingRodShaped	18285	2.33576	0.5	122.332	27.549	0	0.754667	0.656108	0	14088	18284
ChainingRodShaped	18287	2.20318	0.5	-58.6776	37.0047	0	0.0298769	0.999554	0	None	None
ChainingRodShaped	18289	2.40228	0.5	20.6727	61.4045	0	0.459503	-0.888176	0	None	None
ChainingRodShaped	18291	2.32335	0.5	-82.3257	72.9055	0	-0.983259	0.182212	0	None	None
ChainingRodShaped	18293	2.3853	0.5	215.479	14.2572	0	-0.577089	-0.816681	0	9657	18292
ChainingRodShaped	18295	2.45267	0.5	-74.2054	68.1839	0	0.550504	0.834833	0	None	None
ChainingRodShaped	18297	2.29205	0.5	-93.0502	56.5074	0	0.00654476	-0.999979	0	None	None
ChainingRodShaped	18299	2.44382	0.5	-31.2988	26.2608	0	0.904343	-0.426806	0	None	None
ChainingRodShaped	18301	2.50102	0.5	-4.95771	41.2656	0	0.88056	0.473935	0	None	None
ChainingRodShaped	18303	2.39664	0.5	17.6387	104.915	0	-0.989711	-0.14308	0	None	None
ChainingRodShaped	18305	2.21401	0.5	-186.926	134.245	0	-0.61284	-0.790207	0	8831	18304
ChainingRodShaped	18307	2.40996	0.5	10.688	41.8311	0	-0.309333	-0.950954	0	None	None
ChainingRodShaped	18309	2.52052	0.5	-44.3511	36.9836	0	0.611348	-0.791362	0	None	None
ChainingRodShaped	18311	2.21705	0.5	-45.402	127.15	0	-0.983747	0.179559	0	None	None
ChainingRodShaped	18313	2.26846	0.5	-60.7028	-7.70207	0	0.999833	0.0182743	0	None	None
ChainingRodShaped	18315	2.47096	0.5	-113.303	43.6849	0	0.913346	0.407185	0	None	None
ChainingRodShaped	18317	2.39733	0.5	-13.241	24.4847	0	-0.612678	0.790332	0	None	None
ChainingRodShaped	18319	2.27445	0.5	26.067	-21.5269	0	0.997024	-0.0770934	0	None	None
ChainingRodShaped	18321	2.25385	0.5	-100.789	-19.5919	0	0.90613	-0.422999	0	None	None
ChainingRodShaped	18323	2.42934	0.5	-11.5869	105.647	0	0.720018	-0.693956	0	None	None
ChainingRodShaped	18325	2.31302	0.5	-51.6674	17.8339	0	-0.124331	-0.992241	0	None	None
ChainingRodShaped	18327	2.36051	0.5	-16.7564	54.3161	0	-0.140973	0.990013	0	None	None
ChainingRodShaped	18329	2.19897	0.5	-52.8058	97.7635	0	-0.738355	-0.674412	0	None	None
ChainingRodShaped	18331	2.54183	0.5	19.5386	-12.2587	0	0.982937	0.18394	0	None	None
ChainingRodShaped	18333	2.19463	0.5	60.6721	39.7953	0	0.981745	-0.190202	0	None	None
ChainingRodShaped	18335	2.32664	0.5	29.0831	-25.8551	0	0.99782	0.0659918	0	None	None
ChainingRodShaped	18337	2.54948	0.5	-20.3412	-4.85381	0	-0.814006	-0.580857	0	None	None
ChainingRodShaped	18339	2.53711	0.5	-25.0011	-25.9046	0	0.402816	-0.915281	0	None	None
ChainingRodShaped	18341	2.48984	0.5	-112.656	70.5291	0	0.0785251	-0.996912	0	None	None
ChainingRodShaped	18343	2.49066	0.5	46.1405	56.6672	0	0.929178	-0.369632	0	None	None
ChainingRodShaped	18345	2.25176	0.5	23.2732	17.5395	0	0.978901	0.204335	0	None	None
ChainingRodShaped	18347	2.51981	0.5	-4.58218	-50.71	0	-0.459698	-0.888075	0	None	None
ChainingRodShaped	18349	2.52019	0.5	-16.139	63.768	0	0.64239	0.766378	0	None	None
ChainingRodShaped	18351	2.19128	0.5	-96.1433	8.56644	0	0.375784	-0.926707	0	None	None
ChainingRodShaped	18353	2.37112	0.5	-6.92882	-105.287	0	-0.926897	0.375316	0	11530	18352
ChainingRodShaped	18355	2.45778	0.5	50.8303	6.82739	0	-0.976094	-0.217348	0	None	None
ChainingRodShaped	18357	2.49394	0.5	30.4011	99.2234	0	0.419986	0.90753	0	None	None
ChainingRodShaped	18359	2.47536	0.5	40.2553	65.0134	0	-0.327035	-0.945012	0	None	None
ChainingRodShaped	18361	2.18008	0.5	-8.10174	51.8206	0	0.81087	0.585227	0	None	None
ChainingRodShaped	18363	2.45456	0.5	-71.9951	89.1558	0	0.993336	-0.115256	0	None	None
ChainingRodShaped	18365	2.27762	0.5	-88.1634	59.6597	0	-0.122027	-0.992527	0	None	None
ChainingRodShaped	18367	2.45171	0.5	6.3927	67.3344	0	0.5341	0.845421	0	None	None
ChainingRodShaped	18369	2.48938	0.5	-58.5829	116.765	0	0.386613	-0.922242	0	None	None
ChainingRodShaped	18371	2.29375	0.5	-14.4981	-43.0353	0	0.869173	0.494509	0	None	None
ChainingRodShaped	18373	2.48316	0.5	-20.1325	-31.0793	0	0.482841	-0.875708	0	None	None
ChainingRodShaped	18375	2.34291	0.5	-10.5706	-52.7344	0	0.712285	0.70189	0	None	None
ChainingRodShaped	18377	2.37711	0.5	112.555	148.459	0	0.372627	-0.927981	0	17808	18376
ChainingRodShaped	18379	2.46141	0.5	-57.4738	2.53849	0	0.405286	0.91419	0	None	None
ChainingRodShaped	18381	2.45305	0.5	4.9031	5.50743	0	-0.673353	-0.739321	0	None	None
ChainingRodShaped	18383	2.35395	0.5	-6.22043	12.7654	0	0.290796	0.956785	0	None	None
ChainingRodShaped	18385	2.29262	0.5	-105.563	42.0138	0	0.991072	-0.133327	0	None	None
ChainingRodShaped	18387	2.46972	0.5	-28.3478	20.974	0	0.792713	-0.609595	0	None	None
ChainingRodShaped	18389	2.51992	0.5	-75.7319	20.488	0	0.914526	0.404527	0	None	None
ChainingRodShaped	18391	2.48835	0.5	10.7173	-52.3186	0	-0.767644	0.640877	0	None	None
ChainingRodShaped	18393	2.29787	0.5	-126.894	18.1756	0	-0.83437	0.551205	0	None	None
ChainingRodShaped	18395	2.30836	0.5	13.8247	83.8306	0	0.749239	0.6623	0	None	None
ChainingRodShaped	18397	2.48117	0.5	-6.6314	75.5034	0	0.0396304	0.999214	0	None	None
ChainingRodShaped	18399	2.33518	0.5	28.5945	6.59577	0	-0.0530052	0.998594	0	None	None
ChainingRodShaped	18401	2.4212	0.5	-76.6897	10.7988	0	0.836795	0.547516	0	None	None
ChainingRodShaped	18403	2.31869	0.5	-50.7152	27.541	0	-0.564021	-0.825761	0	None	None
ChainingRodShaped	18405	2.42752	0.5	-5.33709	51.0959	0	0.804513	0.593936	0	None	None
ChainingRodShaped	18407	2.24741	0.5	-9.89392	46.8317	0	0.879296	0.476275	0	None	None
ChainingRodShaped	18409	2.2767	0.5	-4.11976	13.6259	0	0.952708	0.303888	0	None	None
ChainingRodShaped	18411	2.40638	0.5	-45.567	16.5346	0	0.971583	-0.236698	0	None	None
ChainingRodShaped	18413	2.52113	0.5	24.5681	-32.642	0	-0.481396	-0.876503	0	None	None
ChainingRodShaped	18415	2.33442	0.5	37.7215	60.1318	0	-0.322615	-0.94653	0	None	None
ChainingRodShaped	18417	2.2337	0.5	-96.9731	86.4056	0	-0.745135	-0.666914	0	None	None
ChainingRodShaped	18419	2.24827	0.5	-130.583	13.4503	0	0.703401	-0.710794	0	7998	18418
ChainingRodShaped	18421	2.4226	0.5	-35.2917	79.5286	0	0.81699	-0.576652	0	None	None
ChainingRodShaped	18423	2.42178	0.5	-10.1569	94.1361	0	0.0228024	-0.99974	0	None	None
ChainingRodShaped	18425	2.24834	0.5	54.7437	36.3339	0	0.843843	0.53659	0	None	None
ChainingRodShaped	18427	2.27619	0.5	14.1429	88.1645	0	-0.768037	-0.640405	0	None	None
ChainingRodShaped	18429	2.38473	0.5	-93.3983	-24.4251	0	0.957318	-0.289035	0	None	None
ChainingRodShaped	18431	2.4964	0.5	17.2174	65.879	0	0.981234	-0.192821	0	None	None
ChainingRodShaped	18433	2.46088	0.5	35.0097	84.8699	0	-0.34978	-0.936832	0	None	None
ChainingRodShaped	18435	2.28312	0.5	2.15448	-16.3537	0	0.861414	-0.507903	0	None	None
ChainingRodShaped	18437	2.38761	0.5	204.154	278.25	0	-0.482208	-0.876057	0	15620	18436
ChainingRodShaped	18439	2.27455	0.5	-11.5927	110.69	0	-0.684622	0.728899	0	None	None
ChainingRodShaped	18441	2.17204	0.5	-9.94472	87.7646	0	0.0948669	-0.99549	0	None	None
ChainingRodShaped	18443	2.35166	0.5	29.3435	6.78048	0	-0.063007	0.998013	0	None	None
ChainingRodShaped	18445	2.36856	0.5	-5.95531	75.2343	0	0.029796	0.999556	0	None	None
ChainingRodShaped	18447	2.24361	0.5	21.3557	136.55	0	-0.638865	0.769319	0	13306	18446
ChainingRodShaped	18449	2.51019	0.5	-120.158	23.3888	0	-0.00156114	0.999999	0	None	None
ChainingRodShaped	18451	2.1963	0.5	-82.4259	65.4572	0	-0.410871	-0.911693	0	None	None
ChainingRodShaped	18453	2.41897	0.5	63.8213	35.8391	0	0.250757	-0.96805	0	None	None
ChainingRodShaped	18455	2.36461	0.5	-7.65962	78.7755	0	0.19732	-0.980339	0	None	None
ChainingRodShaped	18457	2.49413	0.5	15.7793	-29.5266	0	0.516986	0.855994	0	None	None
ChainingRodShaped	18459	2.47455	0.5	13.9437	81.4956	0	0.999973	0.00737404	0	None	None
ChainingRodShaped	18461	2.22113	0.5	-17.5294	-46.6514	0	0.983418	0.181354	0	None	None
ChainingRodShaped	18463	2.35175	0.5	-93.6974	14.6195	0	0.192581	-0.981281	0	None	None
ChainingRodShaped	18465	2.28348	0.5	-7.89105	46.2137	0	0.883165	0.469063	0	None	None
ChainingRodShaped	18467	2.17869	0.5	-5.31108	-50.1764	0	-0.468551	-0.883436	0	None	None
ChainingRodShaped	18469	2.19588	0.5	-70.9511	113.105	0	0.998891	0.0470878	0	None	None
ChainingRodShaped	18471	2.35771	0.5	-7.13058	-3.81564	0	-0.989397	0.145235	0	None	None
ChainingRodShaped	18473	2.1845	0.5	3.23818	65.6156	0	0.491223	0.871034	0	None	None
ChainingRodShaped	18475	2.42095	0.5	-9.88946	32.8087	0	0.555205	0.831713	0	None	None
ChainingRodShaped	18477	2.43512	0.5	-54.1635	-10.901	0	0.998185	0.060227	0	None	None
ChainingRodShaped	18479	2.45738	0.5	43.8113	-14.3708	0	0.881715	0.471783	0	None	None
ChainingRodShaped	18481	2.41107	0.5	-30.8132	24.4336	0	0.904464	-0.42655	0	None	None
ChainingRodShaped	18483	2.41916	0.5	-88.1657	70.7331	0	0.990535	-0.13726	0	None	None
ChainingRodShaped	18485	2.37312	0.5	43.6783	-13.4868	0	0.886403	0.462915	0	None	None
ChainingRodShaped	18487	2.43818	0.5	-83.852	23.1856	0	0.844869	0.534973	0	None	None
ChainingRodShaped	18489	2.47266	0.5	-34.7297	61.1473	0	0.296834	-0.954929	0	None	None
ChainingRodShaped	18491	2.23427	0.5	14.6413	-53.6234	0	-0.663037	0.748587	0	None	None
ChainingRodShaped	18493	2.29325	0.5	-62.8737	-35.5923	0	0.998412	-0.0563304	0	None	None
ChainingRodShaped	18495	2.46952	0.5	-82.6601	81.0033	0	0.998179	-0.060326	0	None	None
ChainingRodShaped	18497	2.2419	0.5	-71.9594	-33.8778	0	0.995304	-0.0967951	0	None	None
ChainingRodShaped	18499	2.28828	0.5	-58.9096	-12.0162	0	0.959293	-0.282411	0	None	None
ChainingRodShaped	18501	2.37648	0.5	41.865	-0.374396	0	0.962927	0.269763	0	None	None
ChainingRodShaped	18503	2.32687	0.5	5.19108	79.7628	0	0.17696	0.984218	0	None	None
ChainingRodShaped	18505	2.16607	0.5	-40.1825	80.0997	0	0.999262	-0.0384192	0	None	None
ChainingRodShaped	18507	2.19041	0.5	-52.5404	-34.4091	0	-0.609028	0.793149	0	None	None
ChainingRodShaped	18509	2.33011	0.5	-103.292	79.1773	0	0.101772	0.994808	0	None	None
ChainingRodShaped	18511	2.19457	0.5	-132.635	17.3968	0	0.854571	-0.519334	0	None	None
ChainingRodShaped	18513	2.24647	0.5	33.6437	72.9186	0	-0.998874	-0.0474415	0	None	None
ChainingRodShaped	18515	2.32223	0.5	-43.2392	53.676	0	0.600732	-0.799451	0	None	None
ChainingRodShaped	18517	2.33	0.5	-23.5618	32.1743	0	0.358653	-0.933471	0	None	None
ChainingRodShaped	18519	2.39931	0.5	-15.8207	51.3656	0	0.544758	0.838593	0	None	None
ChainingRodShaped	18521	2.35059	0.5	44.9693	-60.3314	0	-0.792194	0.610269	0	14332	18520
ChainingRodShaped	18523	2.1743	0.5	-95.2021	-14.9822	0	-0.999557	0.0297595	0	None	None
ChainingRodShaped	18525	2.41761	0.5	-28.8407	-15.6338	0	-0.714929	-0.699197	0	None	None
ChainingRodShaped	18527	2.27224	0.5	-79.8462	82.412	0	0.993177	-0.11662	0	None	None
ChainingRodShaped	18529	2.38399	0.5	-31.2704	72.8458	0	-0.998009	0.0630651	0	None	None
ChainingRodShaped	18531	2.16906	0.5	-42.7934	-46.478	0	-0.685695	-0.727889	0	None	None
ChainingRodShaped	18533	2.47381	0.5	-7.74135	91.1057	0	0.013103	-0.999914	0	None	None
ChainingRodShaped	18535	2.27516	0.5	-28.0488	-4.46317	0	-0.60334	0.797484	0	None	None
ChainingRodShaped	18537	2.21817	0.5	-61.992	-45.3055	0	0.993831	-0.110904	0	None	None
ChainingRodShaped	18539	2.21266	0.5	-13.0044	42.7993	0	0.884054	0.467386	0	None	None
ChainingRodShaped	18541	2.2609	0.5	-8.33607	75.1137	0	-0.244929	0.969541	0	None	None
ChainingRodShaped	18543	2.29693	0.5	-0.198298	53.5976	0	0.404262	0.914643	0	None	None
ChainingRodShaped	18545	2.21166	0.5	-9.7816	-24.3836	0	0.351346	0.936246	0	None	None
ChainingRodShaped	18547	2.38467	0.5	-15.999	93.1036	0	0.115689	0.993285	0	None	None
ChainingRodShaped	18549	2.29285	0.5	-38.1872	25.7543	0	0.917016	0.398851	0	None	None
ChainingRodShaped	18551	2.279	0.5	-12.9116	85.9677	0	-0.0890427	0.996028	0	None	None
ChainingRodShaped	18553	2.38503	0.5	-20.2082	40.0488	0	-0.0394853	0.99922	0	None	None
ChainingRodShaped	18555	2.23203	0.5	-165.452	-63.1019	0	0.972593	0.232514	0	15346	18554
ChainingRodShaped	18557	2.18913	0.5	-15.3061	23.6317	0	-0.590308	0.807178	0	None	None
ChainingRodShaped	18559	2.33083	0.5	-75.7604	-28.2056	0	0.988857	-0.14887	0	None	None
ChainingRodShaped	18561	2.32439	0.5	-50.8457	-55.5766	0	0.593971	0.804486	0	None	None
ChainingRodShaped	18563	2.45305	0.5	-47.5097	65.8137	0	0.983197	0.18255	0	None	None
ChainingRodShaped	18565	2.3434	0.5	-4.61818	64.3387	0	0.422488	0.906368	0	None	None
ChainingRodShaped	18567	2.43152	0.5	32.8537	-32.9788	0	0.959802	-0.280676	0	None	None
ChainingRodShaped	18569	2.27148	0.5	29.5764	80.3963	0	-0.977256	0.212064	0	None	None
ChainingRodShaped	18571	2.25115	0.5	-1.24416	6.31241	0	-0.981689	0.190493	0	None	None
ChainingRodShaped	18573	2.29929	0.5	-24.9757	69.0269	0	-0.996858	0.0792051	0	None	None
ChainingRodShaped	18575	2.31686	0.5	-64.0411	100.077	0	-0.836586	0.547835	0	None	None
ChainingRodShaped	18577	2.25823	0.5	-4.33215	0.226618	0	0.981806	-0.189885	0	None	None
ChainingRodShaped	18579	2.25938	0.5	-6.84502	45.1075	0	0.873856	0.486185	0	None	None
ChainingRodShaped	18581	2.34614	0.5	-42.6604	75.2738	0	0.975962	0.217942	0	None	None
ChainingRodShaped	18583	2.2201	0.5	34.1263	-38.3787	0	-0.824934	0.565228	0	None	None
ChainingRodShaped	18585	2.41173	0.5	-63.6788	-17.1557	0	0.992688	-0.120705	0	None	None
ChainingRodShaped	18587	2.25611	0.5	-3.90288	113.187	0	0.675038	-0.737783	0	None	None
ChainingRodShaped	18589	2.38698	0.5	-97.4608	72.7141	0	-0.391182	0.920313	0	None	None
ChainingRodShaped	18591	2.33673	0.5	-61.8109	5.68361	0	0.0645911	-0.997912	0	None	None
ChainingRodShaped	18593	2.13441	0.5	-167.358	144.551	0	0.717344	-0.696719	0	7701	18592
ChainingRodShaped	18595	2.41847	0.5	-98.6196	11.6224	0	0.237792	-0.971316	0	None	None
ChainingRodShaped	18597	2.34697	0.5	113.829	83.8604	0	0.520523	0.853848	0	9872	18596
ChainingRodShaped	18599	2.24286	0.5	-40.7296	21.8104	0	0.997719	-0.0675019	0	None	None
ChainingRodShaped	18601	2.1356	0.5	-96.8046	-137.328	0	-0.490793	-0.871276	0	9698	18600
ChainingRodShaped	18603	2.34688	0.5	31.6443	-19.9161	0	0.772443	0.635084	0	None	None
ChainingRodShaped	18605	2.36372	0.5	-55.0809	65.4971	0	-0.909515	-0.415671	0	None	None
ChainingRodShaped	18607	2.19558	0.5	-46.7296	1.28913	0	0.894262	0.447544	0	None	None
ChainingRodShaped	18609	2.37471	0.5	21.0543	109.996	0	0.679018	0.734122	0	None	None
ChainingRodShaped	18611	2.24398	0.5	-17.4051	9.95164	0	-0.768735	-0.639568	0	None	None
ChainingRodShaped	18613	2.30685	0.5	-62.708	26.2385	0	0.891809	0.452413	0	None	None
ChainingRodShaped	18615	2.21938	0.5	-89.977	13.0077	0	0.828158	0.560495	0	None	None
ChainingRodShaped	18617	2.37102	0.5	-23.1765	0.820002	0	-0.794802	-0.606869	0	None	None
ChainingRodShaped	18619	2.22631	0.5	-70.0383	87.3004	0	0.995061	-0.0992667	0	None	None
ChainingRodShaped	18621	2.25389	0.5	-71.3422	14.3792	0	0.833306	0.552812	0	None	None
ChainingRodShaped	18623	2.16971	0.5	-111.943	41.3164	0	0.970101	0.242702	0	None	None
ChainingRodShaped	18625	2.40038	0.5	60.3479	31.4808	0	-0.00599709	0.999982	0	None	None
ChainingRodShaped	18627	2.31598	0.5	-46.2292	-1.6627	0	0.894358	0.447352	0	None	None
ChainingRodShaped	18629	2.15691	0.5	-23.7683	103.461	0	-0.94098	-0.338461	0	None	None
ChainingRodShaped	18631	2.34457	0.5	-28.285	-36.2835	0	-0.357127	-0.934056	0	None	None
ChainingRodShaped	18633	2.41541	0.5	17.5003	-24.0793	0	0.428552	-0.903517	0	None	None
ChainingRodShaped	18635	2.21734	0.5	-31.9262	126.565	0	-0.972086	0.234623	0	None	None
ChainingRodShaped	18637	2.33516	0.5	-1.11397	88.9706	0	0.521033	0.853537	0	None	None
ChainingRodShaped	18639	2.21859	0.5	-87.0694	67.4379	0	0.993195	-0.116461	0	None	None
ChainingRodShaped	18641	2.18148	0.5	-54.9708	8.2861	0	0.0729363	-0.997337	0	None	None
ChainingRodShaped	18643	2.32617	0.5	37.1158	10.1305	0	0.428934	-0.903336	0	None	None
ChainingRodShaped	18645	2.1515	0.5	-64.2579	29.608	0	0.881783	0.471655	0	None	None
ChainingRodShaped	18647	2.19664	0.5	-18.8829	-23.0371	0	0.638551	0.76958	0	None	None
ChainingRodShaped	18649	2.41742	0.5	-131.861	22.751	0	-0.292843	0.956161	0	None	None
ChainingRodShaped	18651	2.1681	0.5	-101.609	56.7625	0	0.999077	-0.0429628	0	None	None
ChainingRodShaped	18653	2.12499	0.5	116.116	23.6901	0	-0.786143	-0.618044	0	19490	18652
ChainingRodShaped	18655	2.40047	0.5	-59.2048	-33.9894	0	0.999836	-0.0181261	0	None	None
ChainingRodShaped	18657	2.3469	0.5	20.0144	79.2652	0	-0.976329	0.216291	0	None	None
ChainingRodShaped	18659	2.17095	0.5	-125.151	32.4261	0	0.991247	0.13202	0	None	None
ChainingRodShaped	18661	2.37817	0.5	-105.304	86.1503	0	-0.556139	-0.831089	0	None	None
ChainingRodShaped	18663	2.35157	0.5	-11.578	-31.5863	0	-0.69156	0.722319	0	None	None
ChainingRodShaped	18665	2.21442	0.5	-54.0557	97.6349	0	-0.745191	-0.666851	0	None	None
ChainingRodShaped	18667	2.35599	0.5	-53.9784	-61.1377	0	0.188882	0.982	0	None	None
ChainingRodShaped	18669	2.15812	0.5	-9.7817	72.2114	0	-0.244626	0.969618	0	None	None
ChainingRodShaped	18671	2.17192	0.5	-16.1465	32.2727	0	0.565326	0.824867	0	None	None
ChainingRodShaped	18673	2.26368	0.5	195.515	1.85118	0	-0.993712	-0.111964	0	19542	18672
ChainingRodShaped	18675	2.36584	0.5	-56.6574	-59.1722	0	0.970196	0.242323	0	None	None
ChainingRodShaped	18677	2.24908	0.5	108.123	-30.531	0	0.96777	-0.251835	0	14562	18676
ChainingRodShaped	18679	2.3945	0.5	28.8611	16.4042	0	0.247546	0.968876	0	None	None
ChainingRodShaped	18681	2.41425	0.5	-25.5764	23.0579	0	0.827675	-0.561208	0	None	None
ChainingRodShaped	18683	2.18349	0.5	-104.15	50.0348	0	0.889458	-0.457017	0	None	None
ChainingRodShaped	18685	2.16983	0.5	-33.5741	7.07877	0	-0.129184	-0.991621	0	None	None
ChainingRodShaped	18687	2.11563	0.5	38.8822	-45.6751	0	0.126406	0.991979	0	9960	18686
ChainingRodShaped	18689	2.3975	0.5	-100.815	58.1837	0	0.876148	0.482042	0	None	None
ChainingRodShaped	18691	2.31649	0.5	-87.5627	-15.0594	0	0.491299	0.870991	0	None	None
ChainingRodShaped	18693	2.24245	0.5	-87.2396	-64.8283	0	0.826667	-0.562691	0	10798	18692
ChainingRodShaped	18695	2.37285	0.5	5.67049	90.8837	0	0.86537	0.501133	0	None	None
ChainingRodShaped	18697	2.36395	0.5	-74.6705	2.56756	0	-0.830472	-0.557061	0	None	None
ChainingRodShaped	18699	2.39	0.5	1.23225	0.640065	0	0.977768	-0.20969	0	None	None
ChainingRodShaped	18701	2.31457	0.5	18.9	28.4603	0	-0.810161	-0.586207	0	None	None
ChainingRodShaped	18703	2.34172	0.5	-23.7362	3.1439	0	0.794976	0.606641	0	None	None
ChainingRodShaped	18705	2.21592	0.5	-112.73	19.8122	0	-0.50753	0.861634	0	None	None
ChainingRodShaped	18707	2.27534	0.5	-162.246	140.831	0	0.868188	-0.496235	0	18592	18706
ChainingRodShaped	18709	2.14883	0.5	-116.369	-6.15723	0	-0.515684	0.856779	0	None	None
ChainingRodShaped	18711	2.31201	0.5	91.4506	95.9477	0	0.999436	-0.0335874	0	12878	18710
ChainingRodShaped	18713	2.3769	0.5	-13.3428	113.956	0	-0.682351	0.731025	0	None	None
ChainingRodShaped	18715	2.36958	0.5	-62.9555	51.1071	0	0.722655	0.691209	0	None	None
ChainingRodShaped	18717	2.21285	0.5	-115.327	29.9843	0	-0.907323	-0.420433	0	None	None
ChainingRodShaped	18719	2.27703	0.5	36.9479	60.3325	0	0.313226	0.949679	0	None	None
ChainingRodShaped	18721	2.20003	0.5	-64.4801	45.6037	0	-0.0285919	0.999591	0	None	None
ChainingRodShaped	18723	2.37725	0.5	-75.9911	71.7043	0	-0.984942	0.172887	0	None	None
ChainingRodShaped	18725	2.29868	0.5	31.006	20.9947	0	0.251278	0.967915	0	None	None
ChainingRodShaped	18727	2.20844	0.5	-97.5658	-20.2836	0	0.941686	-0.336494	0	None	None
ChainingRodShaped	18729	2.3835	0.5	-54.728	41.0671	0	0.693896	-0.720075	0	None	None
ChainingRodShaped	18731	2.28597	0.5	17.7185	-36.0004	0	0.468715	0.88335	0	None	None
ChainingRodShaped	18733	2.36932	0.5	-54.9396	1.1543	0	-0.402371	-0.915477	0	None	None
ChainingRodShaped	18735	2.38658	0.5	44.0935	-2.41201	0	0.96018	0.279383	0	None	None
ChainingRodShaped	18737	2.31048	0.5	16.5869	-60.2266	0	0.820534	-0.571597	0	14558	18736
ChainingRodShaped	18739	2.19376	0.5	-34.0409	103.685	0	0.323409	0.946259	0	None	None
ChainingRodShaped	18741	2.27189	0.5	-93.5115	1.7935	0	0.762344	0.647172	0	None	None
ChainingRodShaped	18743	2.13724	0.5	57.9361	55.8271	0	-0.0782075	-0.996937	0	None	None
ChainingRodShaped	18745	2.32725	0.5	72.3704	11.2736	0	-0.150973	-0.988538	0	None	None
ChainingRodShaped	18747	2.33287	0.5	4.69993	105.498	0	0.995075	0.0991295	0	None	None
ChainingRodShaped	18749	2.24266	0.5	-87.0807	55.3044	0	0.00695444	-0.999976	0	None	None
ChainingRodShaped	18751	2.14877	0.5	-117.829	5.9978	0	-0.171545	0.985176	0	None	None
ChainingRodShaped	18753	2.32346	0.5	-45.0729	-64.9177	0	-1	0.000915822	0	None	None
ChainingRodShaped	18755	2.17788	0.5	-54.4486	53.9095	0	0.327082	-0.944996	0	None	None
ChainingRodShaped	18757	2.22186	0.5	31.8687	77.8566	0	-0.965443	-0.260615	0	None	None
ChainingRodShaped	18759	2.27317	0.5	111.701	224.671	0	-0.675761	0.737121	0	11516	18758
ChainingRodShaped	18761	2.1069	0.5	46.7253	117.972	0	-0.994984	-0.100033	0	15032	18760
ChainingRodShaped	18763	2.20435	0.5	-26.7965	26.963	0	0.88655	-0.462632	0	None	None
ChainingRodShaped	18765	2.15879	0.5	-4.71273	92.2308	0	-0.444924	-0.895568	0	None	None
ChainingRodShaped	18767	2.38309	0.5	-39.6848	10.7632	0	0.829963	0.557818	0	None	None
ChainingRodShaped	18769	2.3654	0.5	-118.565	-4.35828	0	-0.581037	0.813877	0	None	None
ChainingRodShaped	18771	2.32553	0.5	-45.4385	48.1175	0	0.576518	-0.817085	0	None	None
ChainingRodShaped	18773	2.2835	0.5	31.2167	-11.9198	0	0.745969	0.665981	0	None	None
ChainingRodShaped	18775	2.28823	0.5	-43.2634	91.0614	0	0.955491	-0.295021	0	None	None
ChainingRodShaped	18777	2.11481	0.5	-26.2349	203.025	0	-0.590404	-0.807108	0	12458	18776
ChainingRodShaped	18779	2.37333	0.5	-38.8584	-19.585	0	-0.999999	-0.00140231	0	None	None
ChainingRodShaped	18781	2.3812	0.5	-18.9143	24.4061	0	0.83426	-0.551372	0	None	None
ChainingRodShaped	18783	2.15373	0.5	23.1072	63.179	0	0.496367	-0.868113	0	None	None
ChainingRodShaped	18785	2.21334	0.5	13.4627	74.9182	0	-0.97733	-0.211721	0	None	None
ChainingRodShaped	18787	2.19491	0.5	-78.3481	77.3277	0	0.976698	-0.214617	0	None	None
ChainingRodShaped	18789	2.22938	0.5	-133.214	21.1237	0	0.969729	-0.244185	0	None	None
ChainingRodShaped	18791	2.24263	0.5	-57.9851	61.9238	0	0.69518	0.718835	0	None	None
ChainingRodShaped	18793	2.27972	0.5	4.20122	9.99542	0	-0.702225	-0.711955	0	None	None
ChainingRodShaped	18795	2.32413	0.5	-42.4163	-47.3142	0	-0.678284	-0.7348	0	None	None
ChainingRodShaped	18797	2.13849	0.5	19.2043	-30.4106	0	-0.321964	0.946752	0	None	None
ChainingRodShaped	18799	2.29288	0.5	-159.872	-140.073	0	-0.789306	0.614001	0	11430	18798
ChainingRodShaped	18801	2.36251	0.5	13.1657	-10.6996	0	0.99969	0.0248955	0	None	None
ChainingRodShaped	18803	2.1584	0.5	-121.971	28.2655	0	-0.0165308	-0.999863	0	None	None
ChainingRodShaped	18805	2.27638	0.5	-6.72737	32.1833	0	-0.449398	-0.893332	0	None	None
ChainingRodShaped	18807	2.15538	0.5	-85.3353	-38.834	0	0.848074	-0.529878	0	None	None
ChainingRodShaped	18809	2.33791	0.5	-89.3714	-39.6142	0	0.802322	-0.596892	0	None	None
ChainingRodShaped	18811	2.21252	0.5	-67.6627	18.4367	0	0.878122	0.478437	0	None	None
ChainingRodShaped	18813	2.34179	0.5	-98.4252	-37.3248	0	0.823787	0.5669	0	None	None
ChainingRodShaped	18815	2.16737	0.5	43.0694	68.5038	0	-0.246154	-0.969231	0	None	None
ChainingRodShaped	18817	2.21146	0.5	-67.4676	-26.5461	0	0.999961	0.00880458	0	None	None
ChainingRodShaped	18819	2.23717	0.5	-57.098	-54.759	0	0.494955	0.868919	0	None	None
ChainingRodShaped	18821	2.21692	0.5	-31.6376	23.2119	0	0.903128	-0.429372	0	None	None
ChainingRodShaped	18823	2.36558	0.5	-57.5457	-23.0346	0	-0.999708	0.0241816	0	None	None
ChainingRodShaped	18825	2.25586	0.5	-27.2519	-38.4238	0	-0.357149	-0.934047	0	None	None
ChainingRodShaped	18827	2.20653	0.5	13.0553	7.32629	0	-0.592618	0.805484	0	None	None
ChainingRodShaped	18829	2.33659	0.5	13.9825	24.4588	0	0.994056	-0.108868	0	None	None
ChainingRodShaped	18831	2.24899	0.5	-103.723	74.4387	0	-0.0441343	-0.999026	0	None	None
ChainingRodShaped	18833	2.15688	0.5	47.3497	-13.0246	0	0.817461	0.575984	0	None	None
ChainingRodShaped	18835	2.32498	0.5	-32.6216	-46.341	0	0.639882	0.768473	0	None	None
ChainingRodShaped	18837	2.1782	0.5	-122.395	9.09387	0	0.516829	-0.856089	0	None	None
ChainingRodShaped	18839	2.17999	0.5	-92.9559	18.0267	0	0.282262	-0.959337	0	None	None
ChainingRodShaped	18841	2.29629	0.5	-111.617	10.9021	0	-0.404958	0.914335	0	None	None
ChainingRodShaped	18843	2.31732	0.5	-116.997	15.9514	0	-0.97728	0.211951	0	None	None
ChainingRodShaped	18845	2.19383	0.5	30.3658	123.21	0	-0.320959	0.947093	0	10533	18844
ChainingRodShaped	18847	2.24601	0.5	-89.0954	19.7451	0	0.832251	0.5544	0	None	None
ChainingRodShaped	18849	2.22443	0.5	-27.8451	44.2189	0	0.498983	-0.866612	0	None	None
ChainingRodShaped	18851	2.19534	0.5	5.14745	98.3365	0	-0.618166	-0.786048	0	None	None
ChainingRodShaped	18853	2.22702	0.5	105.489	173.865	0	0.135437	0.990786	0	9851	18852
ChainingRodShaped	18855	2.2211	0.5	-48.5604	50.0197	0	0.560119	-0.828412	0	None	None
ChainingRodShaped	18857	2.33054	0.5	23.4264	92.8226	0	-0.106234	-0.994341	0	None	None
ChainingRodShaped	18859	2.14348	0.5	189.037	118.183	0	0.899526	-0.436867	0	17722	18858
ChainingRodShaped	18861	2.25866	0.5	97.8133	47.0556	0	-0.364494	-0.931206	0	17076	18860
ChainingRodShaped	18863	2.23601	0.5	20.9037	-103.941	0	-0.0896586	0.995973	0	13218	18862
ChainingRodShaped	18865	2.23953	0.5	-95.6268	36.9113	0	-0.522114	-0.852876	0	None	None
ChainingRodShaped	18867	2.09958	0.5	198.122	111.888	0	0.729541	-0.683937	0	9297	18866
ChainingRodShaped	18869	2.30583	0.5	-31.9813	-34.6199	0	-0.384061	-0.923308	0	None	None
ChainingRodShaped	18871	2.21748	0.5	-95.9686	-1.13881	0	-0.505028	0.863103	0	None	None
ChainingRodShaped	18873	2.12626	0.5	-88.0318	6.92541	0	0.831373	0.555715	0	None	None
ChainingRodShaped	18875	2.13885	0.5	-48.6328	73.9262	0	0.964872	0.262719	0	None	None
ChainingRodShaped	18877	2.15423	0.5	-1.30673	98.9565	0	-0.461588	-0.887094	0	None	None
ChainingRodShaped	18879	2.29223	0.5	34.7376	3.47435	0	-0.941005	-0.338393	0	None	None
ChainingRodShaped	18881	2.30739	0.5	27.2954	-35.2396	0	0.989629	-0.143647	0	None	None
ChainingRodShaped	18883	2.20751	0.5	-58.1579	67.1283	0	-0.88874	-0.458411	0	None	None
ChainingRodShaped	18885	2.23914	0.5	8.80546	94.2941	0	0.998216	0.0597023	0	None	None
ChainingRodShaped	18887	2.18599	0.5	-76.0679	-39.9431	0	0.87683	0.480801	0	None	None
ChainingRodShaped	18889	2.19375	0.5	-82.3074	-10.5142	0	-0.630245	0.776396	0	None	None
ChainingRodShaped	18891	2.22573	0.5	87.1516	38.4553	0	0.957591	0.288133	0	10691	18890
ChainingRodShaped	18893	2.17193	0.5	-65.9814	171.26	0	0.231437	0.97285	0	13732	18892
ChainingRodShaped	18895	2.1749	0.5	-8.72002	94.5323	0	0.0663598	-0.997796	0	None	None
ChainingRodShaped	18897	2.1162	0.5	-8.85905	61.8868	0	0.925867	-0.37785	0	None	None
ChainingRodShaped	18899	2.1235	0.5	40.9703	14.7281	0	-0.456549	0.889698	0	None	None
ChainingRodShaped	18901	2.21292	0.5	-20.9399	-26.5897	0	0.615215	0.788359	0	None	None
ChainingRodShaped	18903	2.32776	0.5	-72.1736	12.8021	0	0.83704	0.547141	0	None	None
ChainingRodShaped	18905	2.30104	0.5	-104.376	63.9299	0	0.68036	0.732878	0	None	None
ChainingRodShaped	18907	2.21401	0.5	13.2024	63.1761	0	0.485335	0.874328	0	None	None
ChainingRodShaped	18909	2.29528	0.5	-33.2373	-48.0804	0	0.98342	0.181341	0	None	None
ChainingRodShaped	18911	2.283	0.5	-34.993	36.1535	0	0.994759	-0.102247	0	None	None
ChainingRodShaped	18913	2.18149	0.5	32.5311	113.478	0	0.333606	-0.942713	0	7123	18912
ChainingRodShaped	18915	2.15143	0.5	1.70182	-1.03272	0	0.974146	-0.225919	0	None	None
ChainingRodShaped	18917	2.22232	0.5	14.4207	-28.4002	0	-0.505993	-0.862538	0	None	None
ChainingRodShaped	18919	2.17611	0.5	-43.3036	-7.56716	0	-0.347366	0.93773	0	None	None
ChainingRodShaped	18921	2.1355	0.5	-38.6344	63.6993	0	-0.134322	-0.990938	0	None	None
ChainingRodShaped	18923	2.25593	0.5	-1.65123	66.051	0	0.195566	0.980691	0	None	None
ChainingRodShaped	18925	2.22933	0.5	-18.7316	-7.31732	0	-0.82382	-0.566852	0	None	None
ChainingRodShaped	18927	2.26076	0.5	6.96451	-21.5143	0	0.864222	-0.503111	0	None	None
ChainingRodShaped	18929	2.2486	0.5	-16.3099	114.839	0	0.914147	-0.405384	0	None	None
ChainingRodShaped	18931	2.12648	0.5	-107.001	30.46	0	-0.274853	-0.961486	0	None	None
ChainingRodShaped	18933	2.24751	0.5	22.567	2.82599	0	-0.0138354	0.999904	0	None	None
ChainingRodShaped	18935	2.23785	0.5	61.0444	62.8839	0	0.25691	-0.966435	0	None	None
ChainingRodShaped	18937	2.30719	0.5	-37.8694	8.80794	0	0.797972	0.602694	0	None	None
ChainingRodShaped	18939	2.16694	0.5	-60.5871	-10.1177	0	0.999854	0.0170854	0	None	None
ChainingRodShaped	18941	2.16136	0.5	-119.335	34.1343	0	0.995836	0.0911587	0	None	None
ChainingRodShaped	18943	2.22879	0.5	-11.8566	77.2132	0	-0.30136	0.95351	0	None	None
ChainingRodShaped	18945	2.12056	0.5	36.1245	-22.7196	0	0.806273	0.591544	0	None	None
ChainingRodShaped	18947	2.2003	0.5	-110.644	-5.41677	0	0.0387289	0.99925	0	None	None
ChainingRodShaped	18949	2.12959	0.5	-99.4841	-25.7601	0	0.492773	-0.870158	0	None	None
ChainingRodShaped	18951	2.29416	0.5	3.66904	31.8412	0	0.954848	0.297095	0	None	None
ChainingRodShaped	18953	2.30773	0.5	-27.8726	11.8114	0	-0.0814746	-0.996675	0	None	None
ChainingRodShaped	18955	2.2881	0.5	-125.63	33.2956	0	0.992507	0.122184	0	None	None
ChainingRodShaped	18957	2.29389	0.5	-52.9233	59.5837	0	0.151562	-0.988448	0	None	None
ChainingRodShaped	18959	2.28209	0.5	-68.1718	23.3858	0	0.891409	0.4532	0	None	None
ChainingRodShaped	18961	2.11882	0.5	-108.086	-4.46968	0	0.0722848	0.997384	0	None	None
ChainingRodShaped	18963	2.18508	0.5	-26.1997	9.11749	0	0.132382	-0.991199	0	None	None
ChainingRodShaped	18965	2.26726	0.5	11.0976	4.69308	0	-0.559634	0.82874	0	None	None
ChainingRodShaped	18967	2.23109	0.5	-51.916	55.9189	0	-0.0427153	-0.999087	0	None	None
ChainingRodShaped	18969	2.23757	0.5	-42.1338	-36.2817	0	-0.608709	0.793394	0	None	None
ChainingRodShaped	18971	2.24802	0.5	-17.5578	-55.5258	0	0.730597	0.682809	0	None	None
ChainingRodShaped	18973	2.27464	0.5	-66.0055	51.4028	0	0.726181	0.687503	0	None	None
ChainingRodShaped	18975	2.20112	0.5	21.1191	42.4651	0	0.221558	-0.975147	0	None	None
ChainingRodShaped	18977	2.22526	0.5	-92.7045	88.4807	0	-0.62606	-0.779775	0	None	None
ChainingRodShaped	18979	2.24413	0.5	-66.906	-52.9666	0	-0.386484	-0.922296	0	None	None
ChainingRodShaped	18981	2.17112	0.5	137.789	-39.2669	0	0.835614	-0.549316	0	12604	18980
ChainingRodShaped	18983	2.16707	0.5	32.8029	-0.743771	0	-0.938107	-0.346346	0	None	None
ChainingRodShaped	18985	2.27416	0.5	-60.9552	68.6876	0	-0.814277	-0.580477	0	None	None
ChainingRodShaped	18987	2.19402	0.5	-100.45	46.0013	0	-0.982037	-0.18869	0	None	None
ChainingRodShaped	18989	2.13227	0.5	196.502	264.287	0	-0.475266	-0.879842	0	10150	18988
ChainingRodShaped	18991	2.15674	0.5	34.1446	7.85355	0	-0.874687	-0.484688	0	None	None
ChainingRodShaped	18993	2.29399	0.5	-58.7094	19.6062	0	-0.225343	-0.974279	0	None	None
ChainingRodShaped	18995	2.12315	0.5	63.5361	8.50341	0	0.795745	0.605631	0	None	None
ChainingRodShaped	18997	2.27199	0.5	-62.3504	59.8761	0	0.8614	0.507927	0	None	None
ChainingRodShaped	18999	2.23213	0.5	-90.638	45.0501	0	-0.0272152	-0.99963	0	None	None
ChainingRodShaped	19001	2.26683	0.5	-67.7994	-4.17759	0	0.654446	-0.756109	0	None	None
ChainingRodShaped	19003	2.16322	0.5	-22.0179	91.3885	0	-0.264458	0.964397	0	None	None
ChainingRodShaped	19005	2.28067	0.5	-5.72065	-40.198	0	0.507571	0.86161	0	None	None
ChainingRodShaped	19007	2.14526	0.5	13.8969	-3.66963	0	-0.700057	0.714087	0	None	None
ChainingRodShaped	19009	2.20225	0.5	5.2791	-26.0188	0	0.832048	-0.554704	0	None	None
ChainingRodShaped	19011	2.17083	0.5	-11.6898	-56.3005	0	-0.7339	-0.679258	0	None	None
ChainingRodShaped	19013	2.2412	0.5	-16.4207	1.16461	0	0.929449	-0.368952	0	None	None
ChainingRodShaped	19015	2.11863	0.5	-19.2697	72.3294	0	-0.62212	-0.782922	0	None	None
ChainingRodShaped	19017	2.21997	0.5	-54.7969	109.521	0	-0.82684	-0.562438	0	None	None
ChainingRodShaped	19019	2.17556	0.5	67.1352	49.187	0	-0.224759	0.974414	0	16658	19018
ChainingRodShaped	19021	2.1433	0.5	-62.2928	58.0835	0	0.843444	0.537217	0	None	None
ChainingRodShaped	19023	2.1097	0.5	-19.3293	5.30829	0	-0.625285	-0.780396	0	None	None
ChainingRodShaped	19025	2.28454	0.5	-4.49615	49.7977	0	0.869084	0.494664	0	None	None
ChainingRodShaped	19027	2.24539	0.5	-77.0187	0.614268	0	-0.898388	-0.439204	0	None	None
ChainingRodShaped	19029	2.15804	0.5	-111.83	72.7645	0	0.0239655	-0.999713	0	None	None
ChainingRodShaped	19031	2.25822	0.5	5.3366	-11.4691	0	0.998009	-0.063071	0	None	None
ChainingRodShaped	19033	2.16417	0.5	47.9913	24.9382	0	-0.197174	-0.980368	0	None	None
ChainingRodShaped	19035	2.13739	0.5	-80.9178	56.1995	0	-0.0545156	0.998513	0	None	None
ChainingRodShaped	19037	2.18682	0.5	54.1123	18.386	0	0.673024	0.73962	0	None	None
ChainingRodShaped	19039	2.21222	0.5	-47.5089	-36.4535	0	-0.838849	-0.544365	0	None	None
ChainingRodShaped	19041	2.14155	0.5	-65.1957	33.917	0	0.830598	0.556873	0	None	None
ChainingRodShaped	19043	2.22747	0.5	-15.3806	86.9384	0	-0.0927285	0.995691	0	None	None
ChainingRodShaped	19045	2.10693	0.5	9.64772	15.4422	0	-0.608487	0.793564	0	None	None
ChainingRodShaped	19047	2.24694	0.5	-93.6925	-0.0951191	0	-0.412553	-0.910934	0	None	None
ChainingRodShaped	19049	2.18019	0.5	-44.0502	94.4722	0	0.958974	-0.283493	0	None	None
ChainingRodShaped	19051	2.18765	0.5	-19.787	95.0896	0	0.248593	-0.968608	0	None	None
ChainingRodShaped	19053	2.21578	0.5	42.6544	-28.895	0	0.282446	0.959283	0	None	None
ChainingRodShaped	19055	2.20576	0.5	-11.3817	-1.78448	0	-0.985144	-0.171728	0	None	None
ChainingRodShaped	19057	2.19019	0.5	6.98958	79.5681	0	0.988246	0.15287	0	None	None
ChainingRodShaped	19059	2.09064	0.5	37.6697	-23.8012	0	-0.77214	-0.635453	0	None	None
ChainingRodShaped	19061	2.17645	0.5	-93.0762	-12.5388	0	-0.998892	0.0470618	0	None	None
ChainingRodShaped	19063	2.24628	0.5	-1.41108	4.83338	0	-0.985298	0.170842	0	None	None
ChainingRodShaped	19065	2.11237	0.5	-11.1423	-57.0562	0	-0.727085	-0.686547	0	None	None
ChainingRodShaped	19067	2.14329	0.5	-58.7778	-47.2886	0	-0.492665	-0.870219	0	None	None
ChainingRodShaped	19069	2.25783	0.5	19.8344	88.3441	0	-0.972541	-0.232731	0	None	None
ChainingRodShaped	19071	2.09488	0.5	55.3493	79.3437	0	0.572801	-0.819694	0	17358	19070
ChainingRodShaped	19073	2.11112	0.5	-118.641	10.097	0	-0.581939	0.813232	0	None	None
ChainingRodShaped	19075	2.10676	0.5	-93.3587	-97.9837	0	0.0168166	-0.999859	0	7680	19074
ChainingRodShaped	19077	2.18943	0.5	23.1109	102.716	0	0.773071	0.63432	0	None	None
ChainingRodShaped	19079	2.25533	0.5	16.3109	-22.0307	0	0.985681	-0.16862	0	None	None
ChainingRodShaped	19081	2.25668	0.5	-100.146	-8.99314	0	0.975778	0.218764	0	None	None
ChainingRodShaped	19083	2.1526	0.5	17.6605	84.5899	0	0.995907	-0.0903881	0	None	None
ChainingRodShaped	19085	2.17482	0.5	26.7417	-116.255	0	-0.743619	0.668604	0	12900	19084
ChainingRodShaped	19087	2.19374	0.5	-81.0802	107.007	0	-0.960668	0.2777	0	None	None
ChainingRodShaped	19089	2.09233	0.5	-73.2547	-46.2454	0	0.664618	-0.747183	0	None	None
ChainingRodShaped	19091	2.13389	0.5	56.044	75.9894	0	0.635224	-0.772328	0	None	None
ChainingRodShaped	19093	2.11434	0.5	-60.5405	-48.3026	0	-0.547755	-0.836639	0	None	None
ChainingRodShaped	19095	2.18721	0.5	-108.616	59.6622	0	0.935903	-0.352258	0	None	None
ChainingRodShaped	19097	2.20697	0.5	8.33555	-48.6293	0	-0.645865	0.763452	0	None	None
ChainingRodShaped	19099	2.11012	0.5	-80.9568	104.573	0	-0.994066	-0.108775	0	None	None
ChainingRodShaped	19101	2.11483	0.5	-40.8124	-75.2243	0	-0.85432	0.519748	0	9942	19100
ChainingRodShaped	19103	2.1929	0.5	35.4962	20.7412	0	-0.218152	-0.975915	0	None	None
ChainingRodShaped	19105	2.15662	0.5	-83.8294	91.2332	0	-0.23258	-0.972577	0	None	None
ChainingRodShaped	19107	2.23741	0.5	-51.5471	24.2446	0	-0.0703814	-0.99752	0	None	None
ChainingRodShaped	19109	2.22446	0.5	-109.744	92.8096	0	0.320275	0.947325	0	None	None
ChainingRodShaped	19111	2.13547	0.5	-26.4179	63.4116	0	-0.952331	-0.305067	0	None	None
ChainingRodShaped	19113	2.21502	0.5	-107.133	26.7473	0	0.269329	0.963048	0	None	None
ChainingRodShaped	19115	2.23594	0.5	-49.9894	-48.416	0	0.636134	0.771579	0	None	None
ChainingRodShaped	19117	2.17222	0.5	47.8331	28.6227	0	0.476372	-0.879244	0	None	None
ChainingRodShaped	19119	2.21352	0.5	-60.7415	-21.3508	0	-0.999806	0.019685	0	None	None
ChainingRodShaped	19121	2.17656	0.5	60.0601	39.0154	0	0.983577	-0.180491	0	None	None
ChainingRodShaped	19123	2.22462	0.5	62.9947	-3.9308	0	0.157775	0.987475	0	None	None
ChainingRodShaped	19125	2.11384	0.5	-101.914	87.9751	0	-0.578423	-0.815737	0	None	None
ChainingRodShaped	19127	2.19227	0.5	-107.247	66.0078	0	-0.67997	-0.73324	0	None	None
ChainingRodShaped	19129	2.20613	0.5	-1.01814	94.0943	0	0.448988	0.893538	0	None	None
ChainingRodShaped	19131	2.09172	0.5	-96.2012	89.8625	0	0.550634	0.834747	0	None	None
ChainingRodShaped	19133	2.19706	0.5	-4.94414	111.585	0	0.676407	-0.736528	0	None	None
ChainingRodShaped	19135	2.15058	0.5	21.195	34.7754	0	-0.0523188	-0.99863	0	None	None
ChainingRodShaped	19137	2.17144	0.5	-126.076	13.7459	0	0.661791	-0.749688	0	None	None
ChainingRodShaped	19139	2.08634	0.5	-22.2067	87.2288	0	-0.0986692	0.99512	0	None	None
ChainingRodShaped	19141	2.23311	0.5	48.9466	17.9631	0	0.678656	0.734457	0	None	None
ChainingRodShaped	19143	2.10242	0.5	-227.108	-14.1736	0	-0.0853912	-0.996348	0	16652	19142
ChainingRodShaped	19145	2.19854	0.5	37.9222	68.9559	0	0.999875	0.0158334	0	None	None
ChainingRodShaped	19147	2.21182	0.5	-15.3541	-25.4844	0	0.999992	0.00394913	0	None	None
ChainingRodShaped	19149	2.15298	0.5	-14.6676	66.5521	0	0.676035	0.73687	0	None	None
ChainingRodShaped	19151	2.16068	0.5	-19.5229	-21.2269	0	0.627547	0.778579	0	None	None
ChainingRodShaped	19153	2.15606	0.5	9.20289	62.0142	0	0.523026	0.852317	0	None	None
ChainingRodShaped	19155	2.16796	0.5	53.2188	-0.724239	0	0.767369	0.641205	0	None	None
ChainingRodShaped	19157	2.16455	0.5	-38.8891	110.24	0	0.0202611	-0.999795	0	None	None
ChainingRodShaped	19159	2.22181	0.5	-85.8759	35.1786	0	-0.385247	-0.922814	0	None	None
ChainingRodShaped	19161	2.10135	0.5	-52.1785	-2.11988	0	0.994632	-0.103476	0	None	None
ChainingRodShaped	19163	2.21646	0.5	25.8374	38.455	0	-0.246592	0.969119	0	None	None
ChainingRodShaped	19165	2.11616	0.5	7.1678	-16.6858	0	0.866836	-0.498593	0	None	None
ChainingRodShaped	19167	2.11624	0.5	41.5363	29.5384	0	0.561607	-0.827404	0	None	None
ChainingRodShaped	19169	2.18842	0.5	-118.969	52.5424	0	0.971573	0.236739	0	None	None
ChainingRodShaped	19171	2.22364	0.5	7.82613	46.4633	0	0.47432	0.880352	0	None	None
ChainingRodShaped	19173	2.20738	0.5	19.5271	-23.0482	0	0.418977	-0.907997	0	None	None
ChainingRodShaped	19175	2.11091	0.5	15.9248	-8.85093	0	0.989889	0.141841	0	None	None
ChainingRodShaped	19177	2.20881	0.5	-107.275	37.15	0	0.989675	-0.143327	0	None	None
ChainingRodShaped	19179	2.1195	0.5	-96.7977	-39.7702	0	0.995383	-0.0959805	0	None	None
ChainingRodShaped	19181	2.07794	0.5	-116.282	8.93208	0	-0.809971	0.58647	0	None	None
ChainingRodShaped	19183	2.18821	0.5	-23.5698	1.44584	0	-0.795042	-0.606554	0	None	None
ChainingRodShaped	19185	2.10948	0.5	8.53182	-33.3071	0	0.603716	-0.797199	0	None	None
ChainingRodShaped	19187	2.19365	0.5	47.3131	9.53704	0	0.925387	0.379024	0	None	None
ChainingRodShaped	19189	2.15037	0.5	-26.7317	33.2093	0	-0.226474	0.974017	0	None	None
ChainingRodShaped	19191	2.08373	0.5	-36.6389	-48.632	0	-0.650407	-0.759586	0	None	None
ChainingRodShaped	19193	2.11493	0.5	57.9897	21.3672	0	0.676253	0.73667	0	None	None
ChainingRodShaped	19195	2.19782	0.5	-54.8861	64.8401	0	-0.905323	-0.424724	0	None	None
ChainingRodShaped	19197	2.20507	0.5	15.2745	-28.6676	0	-0.514466	-0.857511	0	None	None
ChainingRodShaped	19199	2.0933	0.5	88.6158	7.16162	0	0.911974	0.410248	0	13596	19198
ChainingRodShaped	19201	2.1926	0.5	-96.2204	-38.1218	0	0.812286	0.583259	0	None	None
ChainingRodShaped	19203	2.09383	0.5	-50.95	114.411	0	0.425844	-0.904796	0	None	None
ChainingRodShaped	19205	2.16293	0.5	-33.2734	1.4355	0	-0.103796	-0.994599	0	None	None
ChainingRodShaped	19207	2.09691	0.5	-113.357	92.7192	0	0.891641	-0.452742	0	None	None
ChainingRodShaped	19209	2.13532	0.5	27.7419	-45.285	0	0.792907	0.609342	0	None	None
ChainingRodShaped	19211	2.14112	0.5	16.5598	49.8844	0	-0.100774	-0.994909	0	None	None
ChainingRodShaped	19213	2.12561	0.5	-54.7227	-6.88014	0	-0.993914	0.110158	0	None	None
ChainingRodShaped	19215	2.15124	0.5	-46.3843	0.675896	0	0.898751	0.43846	0	None	None
ChainingRodShaped	19217	2.09351	0.5	-46.0639	-40.2214	0	0.724361	0.689421	0	None	None
ChainingRodShaped	19219	2.18979	0.5	-55.8089	13.1894	0	-0.168404	-0.985718	0	None	None
ChainingRodShaped	19221	2.09421	0.5	49.6699	-26.7233	0	-0.628319	-0.777956	0	12030	19220
ChainingRodShaped	19223	2.18024	0.5	-23.7051	59.7693	0	0.937865	0.347	0	None	None
ChainingRodShaped	19225	2.12135	0.5	-68.3616	-23.886	0	-0.996666	0.081584	0	None	None
ChainingRodShaped	19227	2.18373	0.5	18.9532	93.8839	0	0.54563	-0.838026	0	None	None
ChainingRodShaped	19229	2.11155	0.5	5.57059	61.7395	0	0.526006	0.850481	0	None	None
ChainingRodShaped	19231	2.15457	0.5	-59.4532	120.926	0	0.113067	-0.993587	0	None	None
ChainingRodShaped	19233	2.10312	0.5	0.41094	47.0643	0	0.996205	0.0870374	0	None	None
ChainingRodShaped	19235	2.08278	0.5	-47.3687	100.094	0	-0.952317	-0.30511	0	None	None
ChainingRodShaped	19237	2.09931	0.5	-13.3357	-10.271	0	0.990816	0.13522	0	None	None
ChainingRodShaped	19239	2.09984	0.5	-2.42862	59.9535	0	0.441663	0.897181	0	None	None
ChainingRodShaped	19241	2.05546	0.5	-167.984	-29.6181	0	0.999513	0.031197	0	10885	19240
ChainingRodShaped	19243	2.1366	0.5	-103.553	28.5977	0	-0.730178	-0.683256	0	None	None
ChainingRodShaped	19245	2.1386	0.5	58.408	5.2347	0	0.87783	0.478973	0	None	None
ChainingRodShaped	19247	2.06851	0.5	-40.8125	-32.3313	0	0.604575	-0.796548	0	None	None
ChainingRodShaped	19249	2.12929	0.5	-99.7954	-17.1686	0	-0.89453	0.447008	0	None	None
ChainingRodShaped	19251	2.12173	0.5	-110.277	-18.8583	0	0.683347	-0.730094	0	None	None
ChainingRodShaped	19253	2.15958	0.5	-50.8932	-41.3191	0	-0.591147	-0.806564	0	None	None
ChainingRodShaped	19255	2.1864	0.5	-14.451	63.6742	0	0.683593	0.729864	0	None	None
ChainingRodShaped	19257	2.10293	0.5	-34.3215	-13.4967	0	-0.636957	-0.770899	0	None	None
ChainingRodShaped	19259	2.13465	0.5	-62.5338	117.031	0	-0.635836	0.771824	0	None	None
ChainingRodShaped	19261	2.08668	0.5	-53.8146	10.1814	0	0.187535	-0.982258	0	None	None
ChainingRodShaped	19263	2.09004	0.5	-87.3102	1.59635	0	0.815649	0.578548	0	None	None
ChainingRodShaped	19265	2.06075	0.5	-147.242	43.4607	0	-0.943399	-0.331659	0	7708	19264
ChainingRodShaped	19267	2.08664	0.5	-32.8754	81.5718	0	0.805816	-0.592166	0	None	None
ChainingRodShaped	19269	2.0893	0.5	-15.6285	71.0516	0	-0.383457	-0.923559	0	None	None
ChainingRodShaped	19271	2.18758	0.5	-19.8629	-19.1138	0	0.622024	0.782998	0	None	None
ChainingRodShaped	19273	2.18189	0.5	-74.7529	-10.8555	0	-0.801243	-0.598339	0	None	None
ChainingRodShaped	19275	2.08667	0.5	-82.9443	82.5878	0	-0.998185	0.0602266	0	None	None
ChainingRodShaped	19277	2.0661	0.5	-100.759	32.3438	0	-0.737031	-0.675859	0	None	None
ChainingRodShaped	19279	2.1173	0.5	-41.1965	-24.3735	0	0.998326	0.0578315	0	None	None
ChainingRodShaped	19281	2.16061	0.5	-130.825	36.0063	0	-0.27365	-0.961829	0	None	None
ChainingRodShaped	19283	2.15748	0.5	36.5824	64.63	0	-0.316416	-0.948621	0	None	None
ChainingRodShaped	19285	2.15836	0.5	55.0399	30.8059	0	0.379391	0.925236	0	None	None
ChainingRodShaped	19287	2.0834	0.5	-57.5115	-48.9009	0	-0.581699	-0.813404	0	None	None
ChainingRodShaped	19289	2.0755	0.5	-62.6779	74.1295	0	-0.802886	-0.596133	0	None	None
ChainingRodShaped	19291	2.11246	0.5	-23.5918	-47.0125	0	0.981145	0.193273	0	None	None
ChainingRodShaped	19293	2.05135	0.5	40.9301	-36.3532	0	0.635675	0.771957	0	10979	19292
ChainingRodShaped	19295	2.0833	0.5	-104.162	-22.0927	0	-0.867665	0.49715	0	None	None
ChainingRodShaped	19297	2.10343	0.5	-53.1848	120.657	0	0.483012	-0.875614	0	None	None
ChainingRodShaped	19299	2.13527	0.5	18.1445	108.258	0	-0.713358	-0.7008	0	None	None
ChainingRodShaped	19301	2.0673	0.5	-43.2383	18.3624	0	0.998887	-0.0471626	0	None	None
ChainingRodShaped	19303	2.09457	0.5	18.2456	36.5414	0	-0.136422	-0.990651	0	None	None
ChainingRodShaped	19305	2.17395	0.5	-11.3418	50.9454	0	0.791809	0.610768	0	None	None
ChainingRodShaped	19307	2.14319	0.5	61.5177	53.3755	0	0.19373	-0.981055	0	None	None
ChainingRodShaped	19309	2.05587	0.5	215.92	77.5871	0	0.339065	-0.940763	0	5738	19308
ChainingRodShaped	19311	2.09841	0.5	-48.4849	11.0949	0	0.147915	-0.989	0	None	None
ChainingRodShaped	19313	2.08605	0.5	-56.1206	115.428	0	0.342603	-0.93948	0	None	None
ChainingRodShaped	19315	2.12984	0.5	-21.4413	51.7578	0	-0.310331	0.950629	0	None	None
ChainingRodShaped	19317	2.16242	0.5	-91.364	-14.5478	0	-0.959981	0.280067	0	None	None
ChainingRodShaped	19319	2.10482	0.5	-81.7672	-48.9175	0	0.976906	-0.21367	0	None	None
ChainingRodShaped	19321	2.13735	0.5	13.764	95.9288	0	0.995258	-0.0972741	0	None	None
ChainingRodShaped	19323	2.0863	0.5	-74.9814	75.7831	0	0.982729	-0.185051	0	None	None
ChainingRodShaped	19325	2.05555	0.5	37.5566	-49.7468	0	0.0668396	-0.997764	0	14700	19324
ChainingRodShaped	19327	2.09776	0.5	44.6285	2.93695	0	-0.975672	-0.219236	0	None	None
ChainingRodShaped	19329	2.05507	0.5	47.8197	1.15144	0	0.957399	0.288769	0	None	None
ChainingRodShaped	19331	2.08995	0.5	-78.3769	-28.8073	0	0.33795	-0.941164	0	None	None
ChainingRodShaped	19333	2.08781	0.5	-32.2423	45.843	0	0.999886	-0.0150951	0	None	None
ChainingRodShaped	19335	2.0895	0.5	17.7234	102.317	0	0.992906	0.118902	0	None	None
ChainingRodShaped	19337	2.08117	0.5	12.399	6.84668	0	-0.588781	0.808293	0	None	None
ChainingRodShaped	19339	2.05783	0.5	-41.0329	43.4118	0	0.609987	-0.792411	0	None	None
ChainingRodShaped	19341	2.10466	0.5	-45.023	36.6523	0	0.603336	-0.797487	0	None	None
ChainingRodShaped	19343	2.07129	0.5	38.9846	-18.1777	0	0.74971	0.661766	0	None	None
ChainingRodShaped	19345	2.1551	0.5	57.7606	41.2713	0	0.944944	0.327233	0	None	None
ChainingRodShaped	19347	2.07052	0.5	-107.63	75.1598	0	-0.74708	-0.664734	0	None	None
ChainingRodShaped	19349	2.08952	0.5	-2.22372	154.276	0	-0.769477	0.638675	0	14796	19348
ChainingRodShaped	19351	2.10896	0.5	61.3209	2.78681	0	0.88609	0.463512	0	None	None
ChainingRodShaped	19353	2.05753	0.5	18.7766	-11.6103	0	0.984745	0.174001	0	None	None
ChainingRodShaped	19355	2.1131	0.5	-16.0854	44.4092	0	0.943863	0.330337	0	None	None
ChainingRodShaped	19357	2.06547	0.5	15.0559	-7.34719	0	-0.988177	-0.153315	0	None	None
ChainingRodShaped	19359	2.14274	0.5	3.82772	71.363	0	0.544876	0.838517	0	None	None
ChainingRodShaped	19361	2.11813	0.5	-27.1928	94.3934	0	-0.848481	0.529226	0	None	None
ChainingRodShaped	19363	2.0992	0.5	-2.26508	-1.06461	0	0.996426	-0.0844737	0	None	None
ChainingRodShaped	19365	2.05814	0.5	-12.3918	73.8537	0	-0.278978	0.960297	0	None	None
ChainingRodShaped	19367	2.06646	0.5	-97.0669	83.0355	0	-0.0604661	-0.99817	0	None	None
ChainingRodShaped	19369	2.10638	0.5	30.504	31.1314	0	0.170363	0.985381	0	None	None
ChainingRodShaped	19371	2.06548	0.5	-76.6993	108.634	0	-0.959438	0.28192	0	None	None
ChainingRodShaped	19373	2.12345	0.5	45.2803	-0.307564	0	0.965538	0.260262	0	None	None
ChainingRodShaped	19375	2.06522	0.5	46.8164	46.1202	0	0.0301722	-0.999545	0	None	None
ChainingRodShaped	19377	2.08182	0.5	-30.3088	87.4415	0	0.991778	-0.127973	0	None	None
ChainingRodShaped	19379	2.0808	0.5	-104.804	82.8076	0	-0.0564136	-0.998407	0	None	None
ChainingRodShaped	19381	2.10313	0.5	-105.606	29.1355	0	-0.273676	-0.961822	0	None	None
ChainingRodShaped	19383	2.14333	0.5	-37.2374	23.9659	0	0.913207	0.407496	0	None	None
ChainingRodShaped	19385	2.09545	0.5	-69.1516	29.4784	0	0.873263	0.487249	0	None	None
ChainingRodShaped	19387	2.06243	0.5	32.527	39.1653	0	0.197596	-0.980284	0	None	None
ChainingRodShaped	19389	2.12396	0.5	0.663714	53.7463	0	0.413677	0.910424	0	None	None
ChainingRodShaped	19391	2.13956	0.5	-113.29	37.1165	0	0.999213	0.0396578	0	None	None
ChainingRodShaped	19393	2.14343	0.5	-42.7176	50.4934	0	0.608787	-0.793334	0	None	None
ChainingRodShaped	19395	2.12914	0.5	-80.1887	10.4732	0	0.832977	0.553307	0	None	None
ChainingRodShaped	19397	2.06857	0.5	-95.8266	21.3094	0	0.315764	-0.948838	0	None	None
ChainingRodShaped	19399	2.07538	0.5	29.4245	114.324	0	-0.578721	-0.815526	0	None	None
ChainingRodShaped	19401	2.13553	0.5	-88.1858	85.6508	0	0.999969	0.00783558	0	None	None
ChainingRodShaped	19403	2.12227	0.5	21.3692	53.1518	0	-0.271623	-0.962404	0	None	None
ChainingRodShaped	19405	2.13437	0.5	-55.3136	66.8123	0	-0.917679	-0.397322	0	None	None
ChainingRodShaped	19407	2.08096	0.5	25.5541	-10.5398	0	0.932755	0.360512	0	None	None
ChainingRodShaped	19409	2.0576	0.5	-69.1587	100.19	0	-0.901479	-0.432823	0	None	None
ChainingRodShaped	19411	2.1382	0.5	-60.7893	-8.52325	0	0.999737	0.0229468	0	None	None
ChainingRodShaped	19413	2.05199	0.5	-102.519	55.141	0	0.999081	-0.0428588	0	None	None
ChainingRodShaped	19415	2.12264	0.5	-26.0541	15.037	0	-0.13078	-0.991411	0	None	None
ChainingRodShaped	19417	2.05306	0.5	-42.5492	28.8283	0	0.307775	-0.951459	0	None	None
ChainingRodShaped	19419	2.05137	0.5	-7.46866	51.404	0	0.816789	0.576936	0	None	None
ChainingRodShaped	19421	2.12748	0.5	-111.815	75.8787	0	-0.0381681	-0.999271	0	None	None
ChainingRodShaped	19423	2.11928	0.5	-41.4407	20.6418	0	0.998876	-0.0473897	0	None	None
ChainingRodShaped	19425	2.13213	0.5	14.5173	40.9595	0	0.216943	0.976184	0	None	None
ChainingRodShaped	19427	2.11369	0.5	7.27044	-30.1725	0	0.57964	-0.814872	0	None	None
ChainingRodShaped	19429	2.08974	0.5	-47.8378	-10.5151	0	0.998862	0.047692	0	None	None
ChainingRodShaped	19431	2.07839	0.5	-165.092	140.634	0	-0.956029	0.293271	0	12490	19430
ChainingRodShaped	19433	2.11461	0.5	-41.5755	41.7247	0	0.624445	-0.781069	0	None	None
ChainingRodShaped	19435	2.07435	0.5	7.28831	42.3787	0	0.630748	0.775988	0	None	None
ChainingRodShaped	19437	2.04591	0.5	-1.50261	5.61098	0	-0.983603	0.180348	0	None	None
ChainingRodShaped	19439	2.04779	0.5	26.6623	-30.5524	0	0.747792	-0.663933	0	None	None
ChainingRodShaped	19441	2.08562	0.5	-66.1275	96.5991	0	0.82469	-0.565586	0	None	None
ChainingRodShaped	19443	2.11288	0.5	-51.2682	84.1718	0	0.883389	-0.46864	0	None	None
ChainingRodShaped	19445	2.08608	0.5	-37.6279	122.617	0	0.646266	-0.763113	0	None	None
ChainingRodShaped	19447	2.07553	0.5	-114.417	-11.9814	0	-0.618181	0.786036	0	None	None
ChainingRodShaped	19449	2.0661	0.5	135.161	37.2536	0	-0.837406	-0.546581	0	8002	19448
ChainingRodShaped	19451	2.11022	0.5	-73.1602	-25.9953	0	0.989378	-0.145369	0	None	None
ChainingRodShaped	19453	2.04996	0.5	38.6833	83.9142	0	0.106193	-0.994346	0	None	None
ChainingRodShaped	19455	2.06852	0.5	-9.13491	161.926	0	-0.549004	0.83582	0	10011	19454
ChainingRodShaped	19457	2.05165	0.5	-62.2129	65.781	0	-0.764672	-0.644419	0	None	None
ChainingRodShaped	19459	2.04899	0.5	1.53716	-48.5521	0	0.327113	0.944985	0	None	None
ChainingRodShaped	19461	2.08219	0.5	-31.7549	-82.4111	0	-0.708511	0.7057	0	16818	19460
ChainingRodShaped	19463	2.04593	0.5	-24.8718	17.1619	0	0.850323	-0.526262	0	None	None
ChainingRodShaped	19465	2.05693	0.5	-152.772	-9.23214	0	0.0157611	0.999876	0	9896	19464
ChainingRodShaped	19467	2.07102	0.5	-80.8533	-31.6597	0	0.388281	-0.921541	0	None	None
ChainingRodShaped	19469	2.10602	0.5	-112.455	91.0441	0	0.802208	-0.597045	0	None	None
ChainingRodShaped	19471	2.08999	0.5	4.1785	69.0124	0	0.499912	0.866076	0	None	None
ChainingRodShaped	19473	2.06052	0.5	59.346	-123.327	0	-0.973672	-0.227953	0	17870	19472
ChainingRodShaped	19475	2.09891	0.5	17.5922	25.578	0	0.994633	-0.103466	0	None	None
ChainingRodShaped	19477	2.09277	0.5	-113.989	3.76603	0	-0.17917	0.983818	0	None	None
ChainingRodShaped	19479	2.10896	0.5	-47.0772	22.6428	0	0.272602	-0.962127	0	None	None
ChainingRodShaped	19481	2.07594	0.5	-18.4793	11.6054	0	0.804212	0.594342	0	None	None
ChainingRodShaped	19483	2.06548	0.5	180.472	223.274	0	-0.118056	-0.993007	0	11137	19482
ChainingRodShaped	19485	2.04165	0.5	-79.6661	102.596	0	-0.80484	-0.593492	0	None	None
ChainingRodShaped	19487	2.09516	0.5	45.7191	-28.0137	0	0.176844	0.984239	0	None	None
ChainingRodShaped	19489	2.07736	0.5	-110.039	36.5131	0	-0.996159	-0.0875591	0	None	None
ChainingRodShaped	19491	2.05981	0.5	120.756	27.4893	0	-0.762259	-0.647272	0	19532	19490
ChainingRodShaped	19493	2.03879	0.5	-66.775	14.4617	0	0.857875	0.513858	0	None	None
ChainingRodShaped	19495	2.04883	0.5	-8.46426	19.3601	0	0.731394	0.681955	0	None	None
ChainingRodShaped	19497	2.09838	0.5	-1.33106	75.6502	0	0.0383056	0.999266	0	None	None
ChainingRodShaped	19499	2.09756	0.5	-79.5622	66.3303	0	-0.387633	-0.921814	0	None	None
ChainingRodShaped	19501	2.03892	0.5	-40.4134	12.4967	0	0.846358	0.532614	0	None	None
ChainingRodShaped	19503	2.07275	0.5	56.1589	-6.33442	0	0.786222	0.617944	0	None	None
ChainingRodShaped	19505	2.08154	0.5	-51.8068	92.2107	0	0.999398	-0.0346963	0	None	None
ChainingRodShaped	19507	2.0346	0.5	62.6935	47.8461	0	-0.919615	-0.39282	0	None	None
ChainingRodShaped	19509	2.05598	0.5	-82.4489	-25.2966	0	0.977858	-0.209268	0	None	None
ChainingRodShaped	19511	2.09088	0.5	-79.1656	65.0407	0	0.381979	0.924171	0	None	None
ChainingRodShaped	19513	2.05839	0.5	22.4118	115.652	0	-0.749553	-0.661945	0	18174	19512
ChainingRodShaped	19515	2.09173	0.5	-28.1115	78.0779	0	0.831563	-0.55543	0	None	None
ChainingRodShaped	19517	2.03279	0.5	-69.1818	-28.231	0	0.994618	-0.103614	0	None	None
ChainingRodShaped	19519	2.0636	0.5	-7.15892	69.3895	0	0.252952	0.967479	0	None	None
ChainingRodShaped	19521	2.08428	0.5	-47.0617	77.5198	0	-0.997411	0.0719049	0	None	None
ChainingRodShaped	19523	2.0518	0.5	-105.689	82.7022	0	-0.0663358	-0.997797	0	None	None
ChainingRodShaped	19525	2.05993	0.5	37.5804	-34.657	0	0.658357	0.752706	0	None	None
ChainingRodShaped	19527	2.08083	0.5	62.5573	60.589	0	-0.256117	0.966646	0	None	None
ChainingRodShaped	19529	2.06364	0.5	7.23213	37.5057	0	-0.966456	-0.256833	0	None	None
ChainingRodShaped	19531	2.09059	0.5	68.223	12.3759	0	0.766863	0.641811	0	None	None
ChainingRodShaped	19533	2.04022	0.5	125.241	31.4353	0	-0.736716	-0.676203	0	18222	19532
ChainingRodShaped	19535	2.06422	0.5	-36.1981	52.1518	0	0.196378	0.980528	0	None	None
ChainingRodShaped	19537	2.07364	0.5	-89.5274	80.3748	0	0.970452	-0.241294	0	None	None
ChainingRodShaped	19539	2.08927	0.5	-62.0688	-1.28753	0	-0.177038	-0.984204	0	None	None
ChainingRodShaped	19541	2.07069	0.5	-16.5173	80.0194	0	0.312121	-0.950042	0	None	None
ChainingRodShaped	19543	2.03047	0.5	201.414	3.3319	0	-0.928329	-0.37176	0	9292	19542
ChainingRodShaped	19545	2.07412	0.5	-98.1633	-21.0184	0	0.93829	-0.34585	0	None	None
ChainingRodShaped	19547	2.07407	0.5	-45.0644	9.69855	0	0.919113	0.393994	0	None	None
ChainingRodShaped	19549	2.03911	0.5	-17.2142	-61.3713	0	-0.783238	-0.621722	0	None	None
ChainingRodShaped	19551	2.05278	0.5	110.845	18.644	0	0.833522	0.552487	0	7870	19550
ChainingRodShaped	19553	2.04452	0.5	35.8607	80.7326	0	-0.153912	-0.988085	0	None	None
ChainingRodShaped	19555	2.0368	0.5	-127.704	12.9766	0	0.646593	-0.762835	0	None	None
ChainingRodShaped	19557	2.07416	0.5	-44.9557	22.9936	0	0.280946	-0.959724	0	None	None
ChainingRodShaped	19559	2.04694	0.5	-77.6019	75.3362	0	0.995425	-0.095548	0	None	None
ChainingRodShaped	19561	2.03297	0.5	-106.683	80.5144	0	-0.0226739	-0.999743	0	None	None
ChainingRodShaped	19563	2.05306	0.5	34.343	-15.6076	0	0.749671	0.66181	0	None	None
ChainingRodShaped	19565	2.06053	0.5	-116.023	36.1906	0	-0.997461	-0.0712203	0	None	None
ChainingRodShaped	19567	2.03818	0.5	-76.1957	-68.5259	0	0.992182	-0.124799	0	7616	19566
ChainingRodShaped	19569	2.02654	0.5	58.2617	-9.26916	0	0.780915	0.624637	0	None	None
ChainingRodShaped	19571	2.0486	0.5	12.5178	28.4683	0	-0.898013	-0.439969	0	None	None
ChainingRodShaped	19573	2.07407	0.5	43.2694	-10.8343	0	0.672768	0.739853	0	None	None
ChainingRodShaped	19575	2.04844	0.5	50.3721	4.3217	0	-0.973062	-0.230545	0	None	None
ChainingRodShaped	19577	2.05937	0.5	12.592	30.1261	0	-0.906845	-0.421465	0	None	None
ChainingRodShaped	19579	2.04772	0.5	1.3727	29.4592	0	0.930415	0.366509	0	None	None
ChainingRodShaped	19581	2.06878	0.5	-84.8322	-32.8779	0	0.366284	-0.930503	0	None	None
ChainingRodShaped	19583	2.0446	0.5	-100.945	7.09731	0	0.239768	-0.97083	0	None	None
ChainingRodShaped	19585	2.0639	0.5	11.1747	66.3624	0	0.517267	0.855824	0	None	None
ChainingRodShaped	19587	2.03529	0.5	-110.211	-16.3272	0	-0.695457	0.718568	0	None	None
ChainingRodShaped	19589	2.04552	0.5	38.741	36.5167	0	0.317696	-0.948193	0	None	None
ChainingRodShaped	19591	2.05997	0.5	27.5133	86.7553	0	0.40266	0.915349	0	None	None
ChainingRodShaped	19593	2.05431	0.5	-22.6835	13.786	0	-0.180013	-0.983664	0	None	None
ChainingRodShaped	19595	2.05515	0.5	-17.9341	69.6077	0	-0.595152	-0.803613	0	None	None
ChainingRodShaped	19597	2.03776	0.5	14.3701	111.506	0	0.997907	0.0646636	0	11890	19596
ChainingRodShaped	19599	2.06241	0.5	-36.3241	-29.6807	0	0.98172	-0.190329	0	None	None
ChainingRodShaped	19601	2.03971	0.5	46.1363	66.5392	0	-0.20778	-0.978176	0	None	None
ChainingRodShaped	19603	2.04632	0.5	12.7071	-4.85506	0	-0.981151	-0.193242	0	None	None
ChainingRodShaped	19605	2.05585	0.5	32.2806	-5.07987	0	0.751516	0.659714	0	None	None
ChainingRodShaped	19607	2.03411	0.5	-75.8923	116.515	0	0.730828	0.682561	0	None	None
ChainingRodShaped	19609	2.04492	0.5	-73.032	17.598	0	0.898336	0.439309	0	None	None
ChainingRodShaped	19611	2.0365	0.5	-36.1473	74.3122	0	0.980222	0.197902	0	None	None
ChainingRodShaped	19613	2.05448	0.5	36.2051	10.0456	0	0.437903	-0.899022	0	None	None
ChainingRodShaped	19615	2.03451	0.5	-118.192	3.26002	0	-0.440839	0.897586	0	6330	19614
ChainingRodShaped	19617	2.03773	0.5	-60.4404	98.5248	0	-0.677914	-0.735141	0	None	None
ChainingRodShaped	19619	2.04064	0.5	-64.412	30.3474	0	0.87702	0.480454	0	None	None
ChainingRodShaped	19621	2.03034	0.5	-19.8767	30.6995	0	0.89334	-0.449381	0	None	None
ChainingRodShaped	19623	2.027	0.5	-46.4663	-3.93409	0	0.4049	-0.914361	0	None	None
ChainingRodShaped	19625	2.02641	0.5	-126.911	26.823	0	0.842014	0.539456	0	None	None
ChainingRodShaped	19627	2.02184	0.5	50.6435	-15.0467	0	0.825277	0.564728	0	None	None
ChainingRodShaped	19629	2.04768	0.5	-76.5693	-7.24134	0	0.990478	0.137668	0	None	None
ChainingRodShaped	19631	2.04033	0.5	-5.2764	68.5929	0	0.245944	0.969284	0	None	None
ChainingRodShaped	19633	2.04103	0.5	-97.0257	43.0796	0	-0.95361	0.301045	0	None	None
ChainingRodShaped	19635	2.05262	0.5	-109.229	33.2133	0	-0.965506	-0.260382	0	None	None
ChainingRodShaped	19637	2.02611	0.5	2.99012	-8.97501	0	0.998666	-0.0516276	0	None	None
ChainingRodShaped	19639	2.04222	0.5	-16.0466	39.4063	0	0.714132	0.700011	0	None	None
ChainingRodShaped	19641	2.02345	0.5	-58.0985	19.4687	0	-0.215856	-0.976425	0	None	None
ChainingRodShaped	19643	2.03884	0.5	-13.2849	-19.8502	0	0.00100529	0.999999	0	None	None
ChainingRodShaped	19645	2.04199	0.5	-23.643	71.5067	0	-0.995584	-0.0938749	0	None	None
ChainingRodShaped	19647	2.03836	0.5	-35.2311	-29.0674	0	0.974892	-0.222678	0	None	None
ChainingRodShaped	19649	2.02678	0.5	172.404	123.682	0	0.953758	-0.300575	0	14518	19648
ChainingRodShaped	19651	2.01638	0.5	-33.8239	-17.1142	0	-0.781336	-0.624111	0	None	None
ChainingRodShaped	19653	2.04488	0.5	-119.747	48.6659	0	0.971109	0.238637	0	None	None
ChainingRodShaped	19655	2.0168	0.5	-35.9798	93.9842	0	-0.923478	0.383652	0	None	None
ChainingRodShaped	19657	2.04281	0.5	-71.3384	56.8305	0	-0.475795	-0.879556	0	None	None
ChainingRodShaped	19659	2.02818	0.5	64.9397	35.115	0	0.260388	-0.965504	0	None	None
ChainingRodShaped	19661	2.02761	0.5	-30.2219	-63.1462	0	-0.954498	0.298216	0	None	None
ChainingRodShaped	19663	2.01859	0.5	40.5253	82.8139	0	-0.0938265	0.995589	0	None	None
ChainingRodShaped	19665	2.01165	0.5	54.2921	217.669	0	-0.993412	-0.114599	0	9783	19664
ChainingRodShaped	19667	2.03369	0.5	-25.1442	68.3051	0	-0.995961	0.0897872	0	None	None
ChainingRodShaped	19669	2.0175	0.5	-60.5675	106.757	0	-0.869975	-0.493095	0	None	None
ChainingRodShaped	19671	2.02038	0.5	-52.4438	-4.27224	0	-0.991508	0.130049	0	None	None
ChainingRodShaped	19673	2.01642	0.5	-30.7722	-7.91523	0	0.617554	-0.786529	0	None	None
ChainingRodShaped	19675	2.01763	0.5	8.36519	31.1128	0	0.944977	0.327138	0	None	None
ChainingRodShaped	19677	2.0311	0.5	-94.7729	49.3645	0	0.0827204	-0.996573	0	None	None
ChainingRodShaped	19679	2.03072	0.5	21.6629	-34.291	0	-0.497013	-0.867743	0	None	None
ChainingRodShaped	19681	2.02801	0.5	-18.4265	70.0782	0	-0.602788	-0.797901	0	None	None
ChainingRodShaped	19683	2.02798	0.5	55.5577	11.0844	0	-0.751354	-0.659899	0	None	None
ChainingRodShaped	19685	2.02721	0.5	-8.98952	-24.5131	0	0.341983	0.939706	0	None	None
ChainingRodShaped	19687	2.0124	0.5	-40.9867	-48.2685	0	-0.663459	-0.748213	0	None	None
ChainingRodShaped	19689	2.02215	0.5	31.371	-3.7687	0	0.93741	0.348227	0	None	None
ChainingRodShaped	19691	2.01856	0.5	-126.005	16.1834	0	0.71142	-0.702767	0	None	None
ChainingRodShaped	19693	2.02474	0.5	-12.4858	67.5445	0	0.150743	0.988573	0	None	None
ChainingRodShaped	19695	2.02757	0.5	10.9907	2.47325	0	-0.825252	0.564765	0	None	None
ChainingRodShaped	19697	2.03032	0.5	-12.1914	117.841	0	0.771625	-0.636078	0	None	None
ChainingRodShaped	19699	2.01872	0.5	-55.066	53.4242	0	0.336522	-0.941676	0	None	None
ChainingRodShaped	19701	2.01285	0.5	4.28069	-18.4989	0	0.862614	-0.505863	0	None	None
ChainingRodShaped	19703	2.02684	0.5	-104.065	19.8858	0	0.579251	-0.815149	0	None	None
ChainingRodShaped	19705	2.0253	0.5	7.7875	-23.7104	0	0.912296	-0.409533	0	None	None
ChainingRodShaped	19707	2.01337	0.5	25.3962	11.7306	0	0.303198	0.952927	0	None	None
ChainingRodShaped	19709	2.02598	0.5	1.68798	71.7071	0	0.17272	0.984971	0	None	None
ChainingRodShaped	19711	2.02159	0.5	-92.3699	97.0624	0	0.916407	0.400248	0	None	None
ChainingRodShaped	19713	2.02323	0.5	-60.6435	8.4367	0	0.0796778	-0.996821	0	None	None
ChainingRodShaped	19715	2.02476	0.5	31.055	65.7713	0	0.999896	-0.0144454	0	None	None
ChainingRodShaped	19717	2.01585	0.5	30.4266	72.093	0	0.997134	-0.0756504	0	None	None
ChainingRodShaped	19719	2.01685	0.5	-99.747	1.46556	0	0.134333	-0.990936	0	None	None
ChainingRodShaped	19721	2.01912	0.5	27.0926	96.6922	0	0.842441	-0.538789	0	None	None
ChainingRodShaped	19723	2.01608	0.5	47.7239	76.5929	0	-0.832435	0.554122	0	None	None
ChainingRodShaped	19725	2.01729	0.5	-1.74746	-45.3371	0	-0.532738	-0.84628	0	None	None
ChainingRodShaped	19727	2.01321	0.5	-97.9766	82.5027	0	-0.055451	-0.998461	0	None	None
ChainingRodShaped	19729	2.01242	0.5	-6.86556	-47.5007	0	0.474584	0.88021	0	None	None
ChainingRodShaped	19731	2.01877	0.5	8.19444	9.97746	0	-0.519605	0.854407	0	None	None
ChainingRodShaped	19733	2.01643	0.5	-50.4806	50.1409	0	0.561782	-0.827286	0	None	None
ChainingRodShaped	19735	2.01757	0.5	-64.5511	-37.1418	0	0.994103	-0.108442	0	None	None
ChainingRodShaped	19737	2.01558	0.5	-9.30738	20.4271	0	0.732746	0.680503	0	None	None
ChainingRodShaped	19739	2.01106	0.5	-53.5191	53.5192	0	0.317591	-0.948228	0	None	None
ChainingRodShaped	19741	2.0162	0.5	-34.6212	37.7374	0	-0.459779	0.888033	0	None	None
ChainingRodShaped	19743	2.01104	0.5	-56.6225	98.3689	0	-0.760633	-0.649182	0	None	None
ChainingRodShaped	19745	2.0114	0.5	223.757	40.8953	0	0.00688263	-0.999976	0	12520	19744
ChainingRodShaped	19747	2.0126	0.5	-82.3432	96.9836	0	-0.267772	-0.963482	0	None	None
ChainingRodShaped	19749	2.01044	0.5	-53.1727	78.1316	0	-0.919514	0.393058	0	None	None
ChainingRodShaped	19751	2.01165	0.5	-5.84636	-12.1408	0	0.999888	-0.0149517	0	None	None
ChainingRodShaped	19753	2.00461	0.5	-64.8897	30.9106	0	0.87223	0.489097	0	None	None
ChainingRodShaped	19755	2.00614	0.5	1.64746	37.3073	0	0.971567	0.236763	0	None	None
ChainingRodShaped	19757	2.00527	0.5	35.8221	-7.49555	0	0.727434	0.686177	0	None	None
ChainingRodShaped	19759	2.00274	0.5	-70.4489	62.7143	0	-0.546545	-0.83743	0	None	None
ChainingRodShaped	19761	2.00544	0.5	-44.079	63.6888	0	-0.00707048	-0.999975	0	None	None
ChainingRodShaped	19763	2.0055	0.5	-76.9661	112.807	0	0.998197	-0.0600304	0	None	None
ChainingRodShaped	19765	2.00411	0.5	-77.0262	-36.9094	0	0.56132	0.827599	0	None	None
ChainingRodShaped	19767	2.00178	0.5	-46.9424	28.5002	0	-0.0495609	-0.998771	0	None	None
ChainingRodShaped	19769	2.00247	0.5	-15.2742	92.9593	0	0.125475	0.992097	0	None	None
ChainingRodShaped	19771	2.00181	0.5	-54.9809	39.2098	0	0.708046	-0.706167	0	None	None
ChainingRodShaped	19773	2.0015	0.5	-101.874	-21.4967	0	0.710457	-0.703741	0	None	None
ChainingRodShaped	19775	2.001	0.5	67.4224	-0.84073	0	-0.871894	0.489694	0	None	None
ChainingRodShaped	19777	2.00057	0.5	-57.199	16.8293	0	-0.19148	-0.981497	0	None	None
ChainingRodShaped	19779	2.00005	0.5	2.35576	-53.2277	0	-0.0150764	0.999886	0	None	None
