cell_type	cell_id	length	radius	pos_x	pos_y	pos_z	ori_x	ori_y	ori_z	lower_link	upper_link
ChainingRodShaped	11657	4.45936	0.5	50.682	-62.2961	0	0.998393	0.0566647	0	None	None
ChainingRodShaped	2187	4.28636	0.5	-56.9057	48.9316	0	0.972022	-0.23489	0	2188	None
ChainingRodShaped	2193	4.90331	0.5	-77.8776	56.415	0	0.890574	-0.454839	0	2194	500
ChainingRodShaped	20337	2.10558	0.5	78.3902	-28.1289	0	0.510189	-0.860062	0	None	None
ChainingRodShaped	20793	2.0372	0.5	65.3913	-62.2973	0	-0.38633	-0.92236	0	None	None
ChainingRodShaped	15475	2.73917	0.5	65.9913	-48.5652	0	-0.0492714	-0.998785	0	None	None
ChainingRodShaped	14183	3.39376	0.5	47.5897	-29.7662	0	0.371539	-0.928417	0	None	None
ChainingRodShaped	19455	2.19715	0.5	-75.3816	-28.0592	0	-0.830289	0.557332	0	None	None
ChainingRodShaped	12633	3.82882	0.5	72.7767	-57.9744	0	0.776165	-0.63053	0	None	None
ChainingRodShaped	17543	3.10997	0.5	115.061	41.5129	0	0.956299	0.292391	0	None	None
ChainingRodShaped	20953	2.00279	0.5	29.8639	-71.0054	0	0.133794	-0.991009	0	None	None
ChainingRodShaped	9023	4.01945	0.5	-51.4874	-31.0556	0	0.630798	0.775947	0	None	None
ChainingRodShaped	11079	4.81738	0.5	11.0497	-64.7076	0	-0.9743	0.225253	0	None	None
ChainingRodShaped	11759	4.2253	0.5	52.0128	39.7787	0	-0.922602	-0.385754	0	None	None
ChainingRodShaped	12425	3.67409	0.5	46.6622	38.3642	0	-0.86856	-0.495584	0	None	None
ChainingRodShaped	8361	4.61698	0.5	98.8946	-8.54867	0	-0.820958	-0.570989	0	None	None
ChainingRodShaped	7061	4.69739	0.5	-71.7448	-33.9253	0	-0.601221	-0.799082	0	None	None
ChainingRodShaped	14479	4.35513	0.5	44.9088	51.58	0	-0.401473	-0.915871	0	None	None
ChainingRodShaped	14219	4.17566	0.5	42.9524	-35.1457	0	-0.963281	-0.268495	0	None	None
ChainingRodShaped	14975	3.1808	0.5	68.0848	-63.4039	0	0.39428	0.91899	0	None	None
ChainingRodShaped	13903	3.08372	0.5	-10.7529	79.0838	0	0.477114	-0.878842	0	None	None
ChainingRodShaped	17669	2.96609	0.5	-80.9364	-25.4553	0	0.422451	-0.906386	0	None	None
ChainingRodShaped	17289	3.26685	0.5	60.549	-13.1338	0	0.00519566	-0.999987	0	None	None
ChainingRodShaped	14413	4.50497	0.5	105.723	9.32857	0	0.623716	-0.781651	0	None	None
ChainingRodShaped	9851	2.61955	0.5	-86.642	60.9198	0	0.889837	-0.456278	0	9852	2194
ChainingRodShaped	7789	4.73354	0.5	52.9756	-15.5345	0	-0.512517	-0.858677	0	None	None
ChainingRodShaped	19151	2.28818	0.5	80.6965	27.0558	0	0.865795	-0.500399	0	None	None
ChainingRodShaped	14213	3.70141	0.5	108.203	-2.68161	0	-0.89545	-0.445162	0	None	None
ChainingRodShaped	17177	2.18633	0.5	-65.3828	51.1326	0	0.958089	-0.28647	0	17178	2188
ChainingRodShaped	14209	4.2303	0.5	13.0906	-75.1871	0	0.886571	-0.462592	0	None	None
ChainingRodShaped	10733	3.60186	0.5	76.9447	54.124	0	0.921163	0.389178	0	None	None
ChainingRodShaped	11999	4.02338	0.5	15.7293	-25.1252	0	-0.995619	0.0935006	0	None	None
ChainingRodShaped	14807	2.97541	0.5	3.25943	-36.0713	0	0.589375	-0.807859	0	None	None
ChainingRodShaped	10279	4.94105	0.5	31.0592	-67.4206	0	0.173452	-0.984842	0	None	None
ChainingRodShaped	10531	4.75536	0.5	42.7786	90.2979	0	-0.496111	0.868259	0	None	None
ChainingRodShaped	11995	3.71816	0.5	-1.71988	73.018	0	0.866932	-0.498426	0	None	None
ChainingRodShaped	16363	3.06924	0.5	42.531	48.5656	0	-0.416579	-0.909099	0	None	None
ChainingRodShaped	8497	4.48404	0.5	-24.2144	-59.9611	0	-0.87004	-0.492981	0	None	None
ChainingRodShaped	18113	2.97367	0.5	72.9297	-5.34542	0	0.995562	0.0941049	0	None	None
ChainingRodShaped	19539	2.42655	0.5	45.7224	82.3585	0	0.90711	0.420893	0	None	None
ChainingRodShaped	9197	4.51484	0.5	53.3987	9.83589	0	-0.555859	-0.831276	0	None	None
ChainingRodShaped	20185	2.1158	0.5	-15.5383	-2.69479	0	0.984353	0.176206	0	None	None
ChainingRodShaped	19747	2.25975	0.5	110.475	-10.9685	0	-0.353771	-0.935332	0	None	None
ChainingRodShaped	11065	3.78655	0.5	99.7377	22.3043	0	0.871272	-0.490801	0	None	None
ChainingRodShaped	19437	2.5412	0.5	-21.7005	52.6283	0	0.68228	-0.731091	0	None	None
ChainingRodShaped	19131	2.58666	0.5	-22.6625	2.11441	0	0.0598643	-0.998207	0	None	None
ChainingRodShaped	12869	4.54857	0.5	-79.575	-26.061	0	-0.423275	0.906001	0	None	None
ChainingRodShaped	6275	4.94776	0.5	20.8177	-28.9661	0	-0.567953	0.823061	0	None	None
ChainingRodShaped	10815	4.81227	0.5	81.1287	41.16	0	-0.781529	-0.623869	0	None	None
ChainingRodShaped	17111	3.19606	0.5	-7.53554	70.4087	0	0.655221	-0.755437	0	None	None
ChainingRodShaped	10989	4.1762	0.5	57.0649	-64.7296	0	-0.760468	-0.649376	0	None	None
ChainingRodShaped	12399	4.21336	0.5	3.16868	-28.9738	0	-0.626956	0.779055	0	None	None
ChainingRodShaped	17183	3.1868	0.5	64.2079	94.2949	0	0.168686	-0.98567	0	None	None
ChainingRodShaped	12531	3.71687	0.5	-25.5086	-34.5788	0	0.969543	0.244923	0	None	None
ChainingRodShaped	16823	3.06253	0.5	-53.7872	110.855	0	-0.999947	-0.0103105	0	None	None
ChainingRodShaped	17505	2.57107	0.5	-36.4473	-64.7007	0	0.994405	-0.105635	0	None	None
ChainingRodShaped	13359	4.50684	0.5	-7.17422	-59.778	0	0.11088	0.993834	0	None	None
ChainingRodShaped	13345	3.97228	0.5	86.1719	74.4104	0	0.988322	0.15238	0	None	None
ChainingRodShaped	7687	4.77272	0.5	-20.2195	71.5775	0	-0.828664	0.559746	0	None	None
ChainingRodShaped	17039	2.87329	0.5	0.236979	13.8069	0	0.989979	0.141212	0	None	None
ChainingRodShaped	15905	3.42069	0.5	64.8178	-56.9384	0	-0.211374	-0.977405	0	None	None
ChainingRodShaped	11037	3.59589	0.5	35.1188	83.7739	0	0.987049	0.160419	0	None	None
ChainingRodShaped	15105	4.07472	0.5	-29.8839	2.69122	0	-0.0138569	0.999904	0	None	None
ChainingRodShaped	8963	4.1154	0.5	-79.3482	82.9856	0	-0.720497	-0.693458	0	None	None
ChainingRodShaped	10045	4.39394	0.5	82.8294	-6.24285	0	-0.427997	-0.90378	0	None	None
ChainingRodShaped	16567	3.52184	0.5	-52.6326	109.914	0	-0.999945	-0.0104918	0	None	None
ChainingRodShaped	18355	2.76681	0.5	25.4652	1.86005	0	0.965495	0.260422	0	None	None
ChainingRodShaped	12589	3.24641	0.5	46.6189	51.9998	0	-0.383245	-0.923647	0	None	None
ChainingRodShaped	18707	2.72639	0.5	-4.58538	-0.593399	0	0.986686	0.162634	0	None	None
ChainingRodShaped	15001	4.09195	0.5	91.9245	81.3895	0	-0.256777	0.966471	0	None	None
ChainingRodShaped	16063	2.78485	0.5	-4.10146	27.1281	0	-0.818523	0.574474	0	None	None
ChainingRodShaped	13643	3.79224	0.5	-84.77	-11.0205	0	-0.765089	-0.643925	0	None	None
ChainingRodShaped	16283	3.63151	0.5	-8.57836	42.5994	0	0.501942	0.864901	0	None	None
ChainingRodShaped	20819	2.02363	0.5	-64.3233	-7.1768	0	-0.611534	-0.791218	0	None	None
ChainingRodShaped	13615	3.52137	0.5	12.2817	-33.1878	0	-0.668851	0.743397	0	None	None
ChainingRodShaped	16821	3.28249	0.5	107.49	-5.13834	0	-0.895454	-0.445154	0	None	None
ChainingRodShaped	10853	4.61004	0.5	40.0977	47.7968	0	-0.389277	-0.921121	0	None	None
ChainingRodShaped	12737	4.11632	0.5	23.7997	82.9764	0	0.999103	0.0423379	0	None	None
ChainingRodShaped	14565	2.96781	0.5	-22.1796	7.57791	0	-0.10817	-0.994132	0	None	None
ChainingRodShaped	12827	3.16131	0.5	94.774	-9.22533	0	-0.824243	-0.566237	0	None	None
ChainingRodShaped	20913	2.00861	0.5	82.9969	-7.84303	0	-0.432362	-0.9017	0	None	None
ChainingRodShaped	19451	2.19701	0.5	-68.2899	36.7157	0	0.991499	0.130117	0	None	None
ChainingRodShaped	11663	3.76043	0.5	24.9731	-23.7227	0	-0.909903	-0.41482	0	None	None
ChainingRodShaped	19149	2.46513	0.5	95.2241	89.1662	0	0.980046	-0.19877	0	None	None
ChainingRodShaped	14839	3.52947	0.5	29.9678	2.05295	0	0.942459	-0.334322	0	None	None
ChainingRodShaped	16627	3.24659	0.5	-32.1235	-11.4798	0	-0.0718575	-0.997415	0	None	None
ChainingRodShaped	20317	2.08581	0.5	11.2694	-58.6614	0	0.0414965	-0.999139	0	None	None
ChainingRodShaped	11117	4.42293	0.5	85.8979	93.6162	0	0.886076	0.46354	0	None	None
ChainingRodShaped	12917	4.34573	0.5	-83.2758	-7.84412	0	-0.949279	-0.314434	0	None	None
ChainingRodShaped	11629	4.59429	0.5	-40.0485	115.945	0	0.807883	0.589342	0	None	None
ChainingRodShaped	9973	4.71656	0.5	-35.9347	-52.2571	0	0.911729	0.410792	0	None	None
ChainingRodShaped	18231	2.97003	0.5	-20.2644	60.0886	0	0.770345	-0.637627	0	None	None
ChainingRodShaped	17649	2.57904	0.5	61.825	-28.8769	0	0.0273665	0.999625	0	None	None
ChainingRodShaped	13937	2.96515	0.5	16.649	-36.9831	0	-0.563562	0.826074	0	None	None
ChainingRodShaped	20143	2.25878	0.5	90.1832	-19.0047	0	-0.266153	-0.963931	0	None	None
ChainingRodShaped	15419	3.83157	0.5	14.3993	-11.2789	0	0.973712	0.227782	0	None	None
ChainingRodShaped	13989	4.40923	0.5	2.78955	-4.0589	0	0.360889	-0.932609	0	None	None
ChainingRodShaped	13865	4.41518	0.5	27.2735	60.3687	0	0.688413	0.725319	0	None	None
ChainingRodShaped	11899	4.31974	0.5	59.4582	-3.18356	0	-0.294131	-0.955765	0	None	None
ChainingRodShaped	11077	4.98861	0.5	27.7473	5.08673	0	0.931982	-0.362504	0	None	None
ChainingRodShaped	19379	2.26755	0.5	57.1369	-61.0319	0	0.464012	0.885829	0	None	None
ChainingRodShaped	12725	3.55815	0.5	3.50688	60.6737	0	-0.674776	-0.738022	0	None	None
ChainingRodShaped	9505	4.72664	0.5	19.6352	-29.6646	0	-0.569982	0.821657	0	None	None
ChainingRodShaped	18529	2.43265	0.5	-22.9474	19.6084	0	0.929338	-0.36923	0	None	None
ChainingRodShaped	20751	2.0306	0.5	14.4863	-20.4045	0	0.988766	0.14947	0	None	None
ChainingRodShaped	14639	3.39073	0.5	-5.7335	86.722	0	-0.784323	-0.620352	0	None	None
ChainingRodShaped	15899	2.75436	0.5	19.9685	-24.1395	0	-0.999019	0.0442833	0	None	None
ChainingRodShaped	13439	4.01406	0.5	13.2592	-18.7434	0	0.983787	0.179342	0	None	None
ChainingRodShaped	11407	3.58777	0.5	99.7894	-16.0825	0	-0.921424	-0.388558	0	None	None
ChainingRodShaped	13189	3.79113	0.5	-23.6381	60.348	0	0.760826	-0.648956	0	None	None
ChainingRodShaped	16571	2.79714	0.5	47.2237	51.5363	0	-0.373935	-0.927455	0	None	None
ChainingRodShaped	17995	2.46918	0.5	73.1852	-40.0802	0	0.25405	-0.967191	0	None	None
ChainingRodShaped	16883	3.16521	0.5	20.452	13.9512	0	0.503716	-0.863869	0	None	None
ChainingRodShaped	15659	3.90721	0.5	45.2841	59.8433	0	-0.130683	-0.991424	0	None	None
ChainingRodShaped	16333	2.98615	0.5	52.6169	39.3758	0	-0.926448	-0.376422	0	None	None
ChainingRodShaped	14869	3.33743	0.5	20.7749	46.405	0	-0.672199	-0.74037	0	None	None
ChainingRodShaped	20595	2.06615	0.5	38.6102	30.6654	0	0.605647	0.795734	0	None	None
ChainingRodShaped	19075	2.39862	0.5	-53.7977	2.6998	0	0.174128	-0.984723	0	None	None
ChainingRodShaped	19819	2.27825	0.5	50.8848	5.2705	0	-0.629639	-0.776887	0	None	None
ChainingRodShaped	10729	4.05571	0.5	-42.0122	-22.7306	0	0.895282	0.4455	0	None	None
ChainingRodShaped	16737	2.53608	0.5	-1.73749	-52.6959	0	-0.687596	0.726093	0	None	None
ChainingRodShaped	10987	4.57618	0.5	70.5167	39.5041	0	-0.999737	0.0229202	0	None	None
ChainingRodShaped	17781	2.95425	0.5	18.5181	104.82	0	0.0304171	0.999537	0	None	None
ChainingRodShaped	12873	3.86323	0.5	-1.37327	124.106	0	0.430115	0.902774	0	None	None
ChainingRodShaped	17893	2.90108	0.5	-18.939	33.2465	0	-0.969405	0.245468	0	None	None
ChainingRodShaped	14465	3.06875	0.5	-82.8587	34.1839	0	0.918721	0.394907	0	None	None
ChainingRodShaped	11091	3.8002	0.5	64.0302	34.2095	0	0.858469	-0.512865	0	None	None
ChainingRodShaped	16837	3.43666	0.5	32.7756	98.0939	0	0.234033	0.972229	0	None	None
ChainingRodShaped	15531	3.76754	0.5	0.281186	-14.6802	0	-0.871196	0.490936	0	None	None
ChainingRodShaped	19663	2.28834	0.5	-58.9274	-17.2442	0	0.548354	-0.836247	0	None	None
ChainingRodShaped	16685	2.99996	0.5	65.6578	87.2487	0	0.362611	-0.931941	0	None	None
ChainingRodShaped	19835	2.26265	0.5	44.2732	85.7122	0	0.894127	0.447813	0	None	None
ChainingRodShaped	19429	2.18781	0.5	28.405	1.26154	0	0.949035	-0.31517	0	None	None
ChainingRodShaped	6955	4.5822	0.5	-26.1478	104.81	0	-0.148739	0.988876	0	None	None
ChainingRodShaped	18755	2.70897	0.5	106.14	-4.78177	0	-0.890961	-0.454079	0	None	None
ChainingRodShaped	16043	3.23381	0.5	-33.0751	115.322	0	-0.582308	0.812968	0	None	None
ChainingRodShaped	19205	2.58967	0.5	-65.5422	88.6747	0	0.695519	0.718508	0	None	None
ChainingRodShaped	13871	4.29446	0.5	14.5641	-37.0215	0	-0.209443	0.977821	0	None	None
ChainingRodShaped	11487	4.77504	0.5	-43.222	58.4342	0	-0.252842	0.967508	0	None	None
ChainingRodShaped	9695	3.85948	0.5	-49.8157	49.8263	0	0.385888	0.922546	0	None	None
ChainingRodShaped	15901	2.90049	0.5	-32.3255	-15.8738	0	0.295973	-0.955196	0	None	None
ChainingRodShaped	12735	3.47131	0.5	17.2184	-15.0111	0	0.976493	0.215548	0	None	None
ChainingRodShaped	13001	3.2343	0.5	57.8777	59.6347	0	-0.813105	-0.582117	0	None	None
ChainingRodShaped	10789	4.40471	0.5	-57.585	21.8092	0	-0.819641	-0.572878	0	None	None
ChainingRodShaped	8131	4.56764	0.5	-17.4483	-30.3555	0	0.654587	0.755987	0	None	None
ChainingRodShaped	9405	4.07469	0.5	38.8027	48.5091	0	-0.389939	-0.920841	0	None	None
ChainingRodShaped	13627	4.74337	0.5	-32.2164	111.435	0	-0.999784	-0.0207896	0	None	None
ChainingRodShaped	10551	4.59631	0.5	63.5952	-25.5921	0	0.0275472	0.999621	0	None	None
ChainingRodShaped	9513	4.91848	0.5	-62.4529	-7.86173	0	-0.927531	-0.373746	0	None	None
ChainingRodShaped	11111	3.62059	0.5	5.83229	6.03052	0	0.975567	0.219704	0	None	None
ChainingRodShaped	14441	4.23954	0.5	45.8365	51.9948	0	-0.392409	-0.919791	0	None	None
ChainingRodShaped	11613	4.29442	0.5	-7.30024	-37.2028	0	0.541769	-0.840527	0	None	None
ChainingRodShaped	15267	2.77345	0.5	13.1523	49.2139	0	0.71464	0.699493	0	None	None
ChainingRodShaped	18397	2.58862	0.5	-49.4206	33.407	0	-0.85148	-0.524387	0	None	None
ChainingRodShaped	19541	2.4943	0.5	42.3304	-66.7624	0	0.732896	0.680341	0	None	None
ChainingRodShaped	16775	2.94249	0.5	12.9205	-46.3098	0	0.24316	-0.969986	0	None	None
ChainingRodShaped	13969	3.18565	0.5	-1.99486	-29.0697	0	0.508596	-0.861005	0	None	None
ChainingRodShaped	12777	4.50086	0.5	-19.1781	-23.9042	0	-0.862883	-0.505405	0	None	None
ChainingRodShaped	18731	2.67075	0.5	-47.334	30.1006	0	-0.769263	-0.638933	0	None	None
ChainingRodShaped	12307	4.94982	0.5	6.99161	115.495	0	0.455588	0.890191	0	None	None
ChainingRodShaped	10047	4.33515	0.5	-16.6366	103.865	0	0.174381	-0.984678	0	None	None
ChainingRodShaped	13619	3.19976	0.5	71.827	94.8165	0	-0.357286	0.933995	0	None	None
ChainingRodShaped	12505	3.94389	0.5	41.5406	33.2253	0	0.826356	0.563148	0	None	None
ChainingRodShaped	19875	2.19915	0.5	50.2928	46.8831	0	0.929536	0.368732	0	None	None
ChainingRodShaped	14119	3.28051	0.5	113.822	44.2131	0	-0.953871	-0.300218	0	None	None
ChainingRodShaped	13541	3.43321	0.5	-39.3232	124.912	0	-0.930791	-0.365552	0	None	None
ChainingRodShaped	17765	2.52709	0.5	-44.3405	2.40371	0	-0.980868	-0.194676	0	None	None
ChainingRodShaped	11727	4.65985	0.5	-0.84293	8.08647	0	0.992044	0.125894	0	None	None
ChainingRodShaped	15057	3.17165	0.5	83.4566	-26.3828	0	0.663692	-0.748006	0	None	None
ChainingRodShaped	15957	2.84066	0.5	-59.6763	52.8231	0	-0.955	0.296605	0	None	None
ChainingRodShaped	15457	3.15954	0.5	75.9802	-30.5363	0	0.475277	-0.879836	0	None	None
ChainingRodShaped	15731	3.08883	0.5	-26.6503	-60.285	0	-0.873377	-0.487045	0	None	None
ChainingRodShaped	14003	3.20755	0.5	50.261	-17.0091	0	-0.511404	-0.85934	0	None	None
ChainingRodShaped	14871	3.38235	0.5	22.7051	-32.5395	0	-0.914465	-0.404666	0	None	None
ChainingRodShaped	13107	4.75721	0.5	-93.0989	15.1532	0	-0.234345	0.972153	0	None	None
ChainingRodShaped	15481	3.86915	0.5	69.8724	-9.61209	0	-0.387927	0.92169	0	None	None
ChainingRodShaped	16121	2.61473	0.5	15.6406	-24.3782	0	-0.999774	-0.0212773	0	None	None
ChainingRodShaped	11265	3.88767	0.5	38.2816	117.667	0	-0.716439	-0.69765	0	None	None
ChainingRodShaped	20121	2.12669	0.5	17.8298	61.7758	0	0.804669	0.593723	0	None	None
ChainingRodShaped	9121	4.13206	0.5	-31.3775	-50.3536	0	0.999906	0.0137279	0	None	None
ChainingRodShaped	8779	4.68043	0.5	5.24687	-8.9635	0	0.491808	-0.870704	0	None	None
ChainingRodShaped	19679	2.28041	0.5	-52.1828	105.533	0	-0.95489	0.29696	0	None	None
ChainingRodShaped	12751	3.72959	0.5	91.3173	-9.35859	0	-0.497869	-0.867252	0	None	None
ChainingRodShaped	13729	3.69083	0.5	4.18175	-22.66	0	-0.98608	0.166269	0	None	None
ChainingRodShaped	18729	2.77091	0.5	-8.77653	31.8964	0	-0.829898	-0.557915	0	None	None
ChainingRodShaped	14593	3.94678	0.5	41.6625	48.2488	0	-0.407738	-0.913099	0	None	None
ChainingRodShaped	12613	4.53611	0.5	7.07244	62.0335	0	-0.813049	-0.582196	0	None	None
ChainingRodShaped	14301	3.74301	0.5	44.7739	108.558	0	0.687147	0.726519	0	None	None
ChainingRodShaped	17211	2.53631	0.5	29.3626	3.57751	0	0.935629	-0.352984	0	None	None
ChainingRodShaped	18813	2.53424	0.5	13.3251	-33.0958	0	-0.67285	0.739779	0	None	None
ChainingRodShaped	16253	3.76551	0.5	30.8945	132.655	0	0.906588	0.422017	0	None	None
ChainingRodShaped	12193	4.91734	0.5	-66.3904	86.5375	0	0.745529	0.666473	0	None	None
ChainingRodShaped	12433	4.56501	0.5	73.2104	1.67664	0	0.995775	0.0918314	0	None	None
ChainingRodShaped	13371	3.64681	0.5	13.6516	-42.8031	0	0.234759	-0.972054	0	None	None
ChainingRodShaped	15749	3.09448	0.5	3.60031	-61.43	0	-0.894269	0.44753	0	None	None
ChainingRodShaped	19351	2.52773	0.5	20.6299	73.965	0	0.836122	0.548543	0	None	None
ChainingRodShaped	18659	2.54681	0.5	-47.2838	41.9743	0	0.837955	0.54574	0	None	None
ChainingRodShaped	12107	4.2998	0.5	86.7714	65.2607	0	0.490503	0.871439	0	None	None
ChainingRodShaped	17475	3.11996	0.5	13.9498	-19.7922	0	-0.987219	-0.159372	0	None	None
ChainingRodShaped	19367	2.52443	0.5	23.4717	98.5771	0	-0.415946	-0.909389	0	None	None
ChainingRodShaped	12703	3.89414	0.5	-33.638	99.7326	0	0.967165	-0.254149	0	None	None
ChainingRodShaped	18781	2.70927	0.5	83.2596	-20.4523	0	0.0241758	-0.999708	0	None	None
ChainingRodShaped	13585	3.75334	0.5	64.9552	82.2696	0	-0.140202	-0.990123	0	None	None
ChainingRodShaped	19167	2.56203	0.5	36.0411	66.6401	0	0.366416	0.930451	0	None	None
ChainingRodShaped	16447	2.66006	0.5	84.0449	-46.7534	0	0.239345	-0.970935	0	None	None
ChainingRodShaped	13739	3.37494	0.5	-15.7851	103.422	0	0.184125	-0.982903	0	None	None
ChainingRodShaped	18399	2.45909	0.5	-21.3695	73.3134	0	-0.827114	0.562035	0	None	None
ChainingRodShaped	18347	2.79357	0.5	24.4203	-73.3274	0	0.999966	-0.00830484	0	None	None
ChainingRodShaped	15949	3.32053	0.5	43.4191	86.9855	0	0.900614	0.434619	0	None	None
ChainingRodShaped	13311	3.52	0.5	-67.2578	16.3543	0	0.680962	-0.732319	0	None	None
ChainingRodShaped	18211	3.00816	0.5	-1.70204	-35.9074	0	0.569114	-0.822259	0	None	None
ChainingRodShaped	9451	4.10135	0.5	26.8073	34.939	0	-0.0349074	0.999391	0	None	None
ChainingRodShaped	13347	4.42571	0.5	-39.489	74.6539	0	0.58129	0.813697	0	None	None
ChainingRodShaped	20237	2.11485	0.5	12.2579	90.1719	0	-0.944374	-0.328873	0	None	None
ChainingRodShaped	14399	4.39665	0.5	8.06869	69.5402	0	0.955404	-0.295303	0	None	None
ChainingRodShaped	20357	2.08051	0.5	61.7197	-22.1144	0	0.444305	0.895876	0	None	None
ChainingRodShaped	17469	3.155	0.5	-35.6738	120.506	0	-0.19037	0.981712	0	None	None
ChainingRodShaped	12219	4.67346	0.5	98.2758	-1.51113	0	-0.543256	-0.839567	0	None	None
ChainingRodShaped	12793	3.4148	0.5	-56.2887	-22.3259	0	-0.632796	-0.774319	0	None	None
ChainingRodShaped	10145	4.34001	0.5	-55.5539	47.0375	0	0.965068	0.262001	0	None	None
ChainingRodShaped	12651	3.85875	0.5	98.496	78.3813	0	0.244307	-0.969698	0	None	None
ChainingRodShaped	14669	4.35775	0.5	-67.6127	8.69096	0	0.979617	-0.200876	0	None	None
ChainingRodShaped	16075	3.31859	0.5	58.6137	-64.6613	0	0.754042	0.656826	0	None	None
ChainingRodShaped	8325	4.57701	0.5	92.6995	54.661	0	-0.406095	-0.913831	0	None	None
ChainingRodShaped	20307	2.21114	0.5	102.321	5.28278	0	0.838977	-0.544166	0	None	None
ChainingRodShaped	17833	2.97682	0.5	-31.2491	61.4802	0	-0.0869435	-0.996213	0	None	None
ChainingRodShaped	16041	3.06516	0.5	-67.7489	43.3633	0	0.987683	0.15647	0	None	None
ChainingRodShaped	13497	4.75218	0.5	-49.48	90.4611	0	0.442149	0.896942	0	None	None
ChainingRodShaped	17687	2.73526	0.5	-38.1014	-46.2786	0	0.457339	-0.889293	0	None	None
ChainingRodShaped	8807	4.26064	0.5	-62.3849	61.5883	0	-0.0869122	0.996216	0	None	None
ChainingRodShaped	20039	2.18391	0.5	81.6509	93.2256	0	-0.577217	0.81659	0	None	None
ChainingRodShaped	9091	4.96055	0.5	34.8376	55.3583	0	0.488492	0.872568	0	None	None
ChainingRodShaped	19339	2.41572	0.5	61.6658	60.5431	0	-0.381923	-0.924194	0	None	None
ChainingRodShaped	12763	3.28586	0.5	78.9975	29.3109	0	0.778049	-0.628203	0	None	None
ChainingRodShaped	17137	2.89426	0.5	84.6922	-32.6819	0	-0.567348	0.823478	0	None	None
ChainingRodShaped	13231	4.177	0.5	-49.41	-54.1583	0	-0.994052	0.108905	0	None	None
ChainingRodShaped	15305	3.5143	0.5	48.0093	37.0597	0	-0.997679	0.0680887	0	None	None
ChainingRodShaped	17811	2.83478	0.5	47.6145	61.8936	0	-0.154882	-0.987933	0	None	None
ChainingRodShaped	19923	2.36344	0.5	33.7086	101.708	0	-0.262066	-0.96505	0	None	None
ChainingRodShaped	19857	2.22435	0.5	-65.7459	-23.1194	0	-0.7991	0.601198	0	None	None
ChainingRodShaped	15493	2.80643	0.5	-31.2297	-19.4766	0	-0.30084	0.953675	0	None	None
ChainingRodShaped	19387	2.20181	0.5	52.4441	-49.8029	0	0.993736	0.11175	0	None	None
ChainingRodShaped	19245	2.57725	0.5	-64.796	-25.9915	0	-0.757881	0.652392	0	None	None
ChainingRodShaped	11835	4.44363	0.5	-43.2898	18.3396	0	-0.548658	0.836047	0	None	None
ChainingRodShaped	14243	4.43547	0.5	-82.1278	59.6278	0	-0.884989	0.465611	0	None	None
ChainingRodShaped	14967	3.3671	0.5	20.4088	-9.47785	0	0.95626	-0.292519	0	None	None
ChainingRodShaped	20297	2.21938	0.5	3.82889	83.5367	0	-0.688144	-0.725574	0	None	None
ChainingRodShaped	17549	3.19633	0.5	42.0195	-14.5616	0	0.979528	-0.201308	0	None	None
ChainingRodShaped	11195	4.99106	0.5	-58.2479	103.955	0	-0.993408	-0.114636	0	None	None
ChainingRodShaped	500	4.94212	0.5	-72.5603	53.8646	0	0.912412	-0.409274	0	2193	17178
ChainingRodShaped	13179	3.16247	0.5	21.6633	98.3654	0	-0.40996	-0.912103	0	None	None
ChainingRodShaped	9429	3.96529	0.5	43.8569	55.3683	0	-0.364148	-0.931341	0	None	None
ChainingRodShaped	14837	3.00584	0.5	24.2254	58.305	0	0.738414	0.674348	0	None	None
ChainingRodShaped	17665	2.85914	0.5	105.704	35.6248	0	0.976732	0.214464	0	None	None
ChainingRodShaped	13461	4.09486	0.5	-46.6578	55.8862	0	-0.125483	0.992096	0	None	None
ChainingRodShaped	16223	3.74666	0.5	-80.0426	-12.3694	0	-0.927907	-0.372812	0	None	None
ChainingRodShaped	13437	3.73906	0.5	-8.41099	-69.7354	0	0.295043	0.955484	0	None	None
ChainingRodShaped	12661	4.5916	0.5	46.4633	87.149	0	0.0823702	0.996602	0	None	None
ChainingRodShaped	18045	2.86693	0.5	59.4667	-5.96228	0	-0.216521	-0.976278	0	None	None
ChainingRodShaped	17937	2.94905	0.5	99.929	42.0275	0	-0.85747	-0.514534	0	None	None
ChainingRodShaped	8847	4.21374	0.5	-85.0962	-17.9908	0	0.662181	-0.749344	0	None	None
ChainingRodShaped	14729	3.15096	0.5	0.283496	41.2556	0	0.668607	-0.743616	0	None	None
ChainingRodShaped	16913	2.78341	0.5	-53.4507	32.6938	0	-0.830226	-0.557427	0	None	None
ChainingRodShaped	16047	3.31679	0.5	-36.606	22.5597	0	-0.474331	0.880347	0	None	None
ChainingRodShaped	13725	3.70058	0.5	65.6466	82.1525	0	-0.150067	-0.988676	0	None	None
ChainingRodShaped	15519	3.82117	0.5	65.0498	-39.2826	0	0.319162	0.9477	0	None	None
ChainingRodShaped	12169	4.41435	0.5	105.518	32.8615	0	0.982728	0.185057	0	None	None
ChainingRodShaped	17467	3.26069	0.5	-5.08143	-28.4401	0	0.526312	-0.850292	0	None	None
ChainingRodShaped	14829	3.15913	0.5	-11.8033	44.3677	0	0.994509	-0.104654	0	None	None
ChainingRodShaped	11231	3.5255	0.5	-7.70608	39.5031	0	0.536416	0.843954	0	None	None
ChainingRodShaped	20215	2.21968	0.5	21.4717	111.08	0	0.340957	-0.940079	0	None	None
ChainingRodShaped	11533	3.64753	0.5	-0.761619	1.82828	0	0.993947	0.109861	0	None	None
ChainingRodShaped	20303	2.12909	0.5	37.4973	47.3682	0	-0.39899	-0.916955	0	None	None
ChainingRodShaped	19867	2.2554	0.5	69.8902	-7.0231	0	0.999986	0.00521498	0	None	None
ChainingRodShaped	17431	3.04912	0.5	40.4122	71.5113	0	0.790148	0.612916	0	None	None
ChainingRodShaped	11617	3.60553	0.5	-95.7604	26.511	0	-0.341851	0.939754	0	None	None
ChainingRodShaped	12525	3.38936	0.5	73.387	-31.2307	0	-0.482404	0.875949	0	None	None
ChainingRodShaped	17721	3.15617	0.5	24.5752	-51.8273	0	0.662773	0.74882	0	None	None
ChainingRodShaped	20347	2.1261	0.5	55.625	39.0003	0	-0.944287	-0.329124	0	None	None
ChainingRodShaped	16645	3.17135	0.5	12.8203	-76.1233	0	0.887521	-0.460767	0	None	None
ChainingRodShaped	11719	4.80026	0.5	-22.2397	60.8194	0	0.76397	-0.645251	0	None	None
ChainingRodShaped	20079	2.14607	0.5	31.7968	-40.9236	0	-0.907605	0.419826	0	None	None
ChainingRodShaped	16705	3.53498	0.5	33.4033	28.1659	0	0.0445577	-0.999007	0	None	None
ChainingRodShaped	13929	4.70855	0.5	-65.0728	-5.32818	0	-0.611455	-0.791279	0	None	None
ChainingRodShaped	14885	3.435	0.5	-18.8171	33.8187	0	-0.966829	0.255425	0	None	None
ChainingRodShaped	15813	3.32244	0.5	22.0898	54.0893	0	0.806616	0.591076	0	None	None
ChainingRodShaped	19219	2.23689	0.5	25.5051	128	0	0.610869	-0.791732	0	None	None
ChainingRodShaped	12011	4.42147	0.5	37.9953	-22.8643	0	-0.0687365	-0.997635	0	None	None
ChainingRodShaped	19159	2.42821	0.5	-22.329	52.1698	0	0.681478	-0.731839	0	None	None
ChainingRodShaped	19587	2.33221	0.5	-44.9861	88.3032	0	0.172878	0.984943	0	None	None
ChainingRodShaped	12547	4.79485	0.5	-84.7944	-4.34574	0	-0.952585	-0.304272	0	None	None
ChainingRodShaped	8459	4.65995	0.5	-25.2356	-11.2452	0	-0.272957	0.962026	0	None	None
ChainingRodShaped	17599	3.05266	0.5	36.4702	-27.2753	0	0.355513	-0.934671	0	None	None
ChainingRodShaped	9971	4.7512	0.5	49.9232	74.3887	0	-0.175114	-0.984548	0	None	None
ChainingRodShaped	19801	2.40861	0.5	75.8227	35.5316	0	-0.822495	0.568773	0	None	None
ChainingRodShaped	20957	2.00052	0.5	-58.573	104.855	0	-0.994503	-0.104709	0	None	None
ChainingRodShaped	17213	3.37998	0.5	-1.14429	132.582	0	-0.842325	0.538969	0	None	None
ChainingRodShaped	12455	3.84971	0.5	-25.4358	-42.0358	0	-0.414958	-0.909841	0	None	None
ChainingRodShaped	20771	2.05389	0.5	16.6688	-3.1106	0	-0.9521	0.305787	0	None	None
ChainingRodShaped	16711	3.08084	0.5	23.2052	-52.1493	0	0.670224	0.742159	0	None	None
ChainingRodShaped	18289	2.44148	0.5	45.0085	-33.8698	0	-0.980151	-0.198254	0	None	None
ChainingRodShaped	14651	4.43407	0.5	22.793	99.0504	0	-0.419074	-0.907952	0	None	None
ChainingRodShaped	19481	2.50681	0.5	5.67659	-48.3617	0	0.579854	-0.81472	0	None	None
ChainingRodShaped	14189	3.97621	0.5	-62.9781	4.87487	0	-0.800894	-0.598806	0	None	None
ChainingRodShaped	8219	4.32634	0.5	-39.0498	5.39544	0	0.846043	0.533115	0	None	None
ChainingRodShaped	17367	2.88215	0.5	3.74748	-8.55175	0	0.780322	-0.625379	0	None	None
ChainingRodShaped	8455	4.33933	0.5	54.4585	-49.9068	0	0.644807	0.764345	0	None	None
ChainingRodShaped	13091	4.7215	0.5	2.45012	17.7662	0	-0.567431	-0.823421	0	None	None
ChainingRodShaped	11963	4.7614	0.5	-46.9529	22.6484	0	-0.323813	0.946121	0	None	None
ChainingRodShaped	14711	3.27789	0.5	9.07144	113.992	0	0.567739	0.823209	0	None	None
ChainingRodShaped	7941	4.85827	0.5	86.9929	96.7217	0	0.965991	-0.258577	0	None	None
ChainingRodShaped	9361	4.34107	0.5	-59.2544	93.9009	0	0.154888	0.987932	0	None	None
ChainingRodShaped	14629	3.77065	0.5	-6.9492	63.0188	0	-0.96943	0.245368	0	None	None
ChainingRodShaped	17979	3.008	0.5	20.4958	33.4793	0	0.143346	0.989673	0	None	None
ChainingRodShaped	12445	3.56496	0.5	89.075	75.4998	0	0.993286	-0.115688	0	None	None
ChainingRodShaped	14737	4.16751	0.5	-19.9694	0.741704	0	0.0201836	-0.999796	0	None	None
ChainingRodShaped	18891	2.65012	0.5	32.3507	33.7345	0	0.0654948	-0.997853	0	None	None
ChainingRodShaped	15181	3.77322	0.5	10.2962	-56.603	0	0.0514735	-0.998674	0	None	None
ChainingRodShaped	12849	4.45897	0.5	69.5391	-25.2931	0	-0.119378	0.992849	0	None	None
ChainingRodShaped	19467	2.21058	0.5	76.6364	48.6987	0	-0.636779	-0.771046	0	None	None
ChainingRodShaped	12741	3.51681	0.5	-45.323	8.43698	0	0.988648	0.15025	0	None	None
ChainingRodShaped	13815	3.99535	0.5	45.5421	17.4829	0	0.994475	0.10497	0	None	None
ChainingRodShaped	19171	2.39205	0.5	7.3534	-37.1697	0	0.611242	-0.791444	0	None	None
ChainingRodShaped	20739	2.03409	0.5	-40.5201	-60.0114	0	-0.941679	-0.336512	0	None	None
ChainingRodShaped	12603	4.89195	0.5	71.655	116.477	0	0.354033	-0.935233	0	None	None
ChainingRodShaped	17989	3.07555	0.5	6.37228	106.729	0	0.50124	0.865309	0	None	None
ChainingRodShaped	8139	4.85987	0.5	101.854	-11.1915	0	0.917229	0.39836	0	None	None
ChainingRodShaped	17961	2.90321	0.5	-8.21649	12.5576	0	-0.496145	-0.868239	0	None	None
ChainingRodShaped	9955	4.11951	0.5	-62.628	75.9232	0	0.387951	0.92168	0	None	None
ChainingRodShaped	15497	2.93804	0.5	78.718	14.4274	0	0.808793	-0.588093	0	None	None
ChainingRodShaped	19723	2.27441	0.5	33.5545	-6.57022	0	-0.815462	-0.57881	0	None	None
ChainingRodShaped	15937	3.35385	0.5	-32.6981	97.7088	0	0.963718	-0.266921	0	None	None
ChainingRodShaped	15633	3.7297	0.5	-8.70182	43.6978	0	0.493316	0.86985	0	None	None
ChainingRodShaped	16659	3.49948	0.5	-84.9191	63.229	0	0.888792	-0.45831	0	None	None
ChainingRodShaped	15217	3.42006	0.5	-27.5013	-10.64	0	-0.221203	0.975228	0	None	None
ChainingRodShaped	16647	3.51528	0.5	-30.0899	-65.1394	0	-0.97076	0.24005	0	None	None
ChainingRodShaped	7929	4.55986	0.5	9.10689	-3.46345	0	0.208088	-0.97811	0	None	None
ChainingRodShaped	16959	2.69202	0.5	-81.0503	-9.42006	0	-0.996727	-0.0808404	0	None	None
ChainingRodShaped	10379	4.26541	0.5	31.1584	-44.9762	0	0.894851	-0.446364	0	None	None
ChainingRodShaped	9471	4.25313	0.5	72.8036	25.5722	0	0.835114	-0.550077	0	None	None
ChainingRodShaped	11139	3.58179	0.5	8.03316	68.9474	0	0.952504	-0.304525	0	None	None
ChainingRodShaped	16561	3.00628	0.5	29.0463	32.9035	0	-0.0415722	0.999136	0	None	None
ChainingRodShaped	7433	4.46207	0.5	77.6503	57.4465	0	0.878031	0.478604	0	None	None
ChainingRodShaped	17033	2.51526	0.5	16.574	-3.81945	0	-0.954947	0.296776	0	None	None
ChainingRodShaped	13135	4.30015	0.5	-82.7225	24.3442	0	0.234426	-0.972134	0	None	None
ChainingRodShaped	20651	2.03871	0.5	7.26299	59.5045	0	0.832255	0.554393	0	None	None
ChainingRodShaped	20661	2.04561	0.5	22.6453	21.793	0	-0.0872258	-0.996189	0	None	None
ChainingRodShaped	12035	4.10024	0.5	14.6258	67.662	0	-0.741789	-0.670633	0	None	None
ChainingRodShaped	15227	2.92441	0.5	5.84854	-49.8206	0	0.657986	-0.75303	0	None	None
ChainingRodShaped	19671	2.31875	0.5	-73.8649	28.1927	0	-0.951858	-0.30654	0	None	None
ChainingRodShaped	13309	3.69707	0.5	-3.0577	67.6583	0	0.862819	-0.505513	0	None	None
ChainingRodShaped	17507	3.21941	0.5	34.8428	56.5901	0	0.497154	0.867663	0	None	None
ChainingRodShaped	10625	4.09449	0.5	98.4304	74.369	0	0.187855	-0.982197	0	None	None
ChainingRodShaped	10411	3.88111	0.5	54.2811	98.7747	0	0.128527	-0.991706	0	None	None
ChainingRodShaped	13761	3.12996	0.5	-44.0828	1.68848	0	-0.982797	-0.184686	0	None	None
ChainingRodShaped	9871	3.80648	0.5	43.65	98.4459	0	0.965525	0.26031	0	None	None
ChainingRodShaped	6691	4.80705	0.5	-14.1945	14.0031	0	-0.427342	-0.90409	0	None	None
ChainingRodShaped	19403	2.49421	0.5	-60.5838	30.8402	0	-0.672708	-0.739908	0	None	None
ChainingRodShaped	19559	2.28534	0.5	-32.0805	15.4983	0	0.864831	0.502063	0	None	None
ChainingRodShaped	18603	2.48521	0.5	62.4834	-22.289	0	0.45313	0.891445	0	None	None
ChainingRodShaped	8817	4.12797	0.5	75.2883	108.835	0	0.945567	0.325427	0	None	None
ChainingRodShaped	11741	4.08872	0.5	60.2225	87.8225	0	0.365723	-0.930724	0	None	None
ChainingRodShaped	15567	3.51708	0.5	46.9013	-30.0057	0	0.362388	-0.932027	0	None	None
ChainingRodShaped	14897	4.16363	0.5	92.5624	90.3176	0	0.999014	0.0443947	0	None	None
ChainingRodShaped	8321	4.18861	0.5	-69.458	33.249	0	0.998965	0.0454889	0	None	None
ChainingRodShaped	12269	3.9726	0.5	60.6258	31.4696	0	0.807097	-0.590418	0	None	None
ChainingRodShaped	17357	2.80178	0.5	-35.27	84.7071	0	0.918916	0.394453	0	None	None
ChainingRodShaped	14637	2.97567	0.5	60.6317	8.52526	0	0.563688	0.825988	0	None	None
ChainingRodShaped	10777	4.79427	0.5	-81.5193	54.2559	0	0.903568	-0.428444	0	None	None
ChainingRodShaped	13083	3.90972	0.5	94.1885	80.1275	0	-0.256783	0.966469	0	None	None
ChainingRodShaped	17113	2.69576	0.5	90.5395	78.8577	0	0.993287	-0.115673	0	None	None
ChainingRodShaped	11365	4.72474	0.5	3.42127	43.4666	0	-0.734562	-0.678542	0	None	None
ChainingRodShaped	15765	3.27616	0.5	-85.0296	36.4568	0	0.371693	0.928356	0	None	None
ChainingRodShaped	10673	4.19156	0.5	30.0207	116.659	0	0.829883	0.557937	0	None	None
ChainingRodShaped	19181	2.38032	0.5	17.626	92.8642	0	-0.967815	-0.251664	0	None	None
ChainingRodShaped	20379	2.07545	0.5	44.1852	-22.5595	0	-0.363522	-0.931586	0	None	None
ChainingRodShaped	8891	4.70838	0.5	45.2937	-8.11782	0	-0.544388	-0.838834	0	None	None
ChainingRodShaped	19797	2.30635	0.5	44.6565	-60.4245	0	0.652787	0.757542	0	None	None
ChainingRodShaped	19667	2.27139	0.5	-80.0624	48.3625	0	0.828906	-0.559388	0	None	None
ChainingRodShaped	12331	3.86722	0.5	92.2054	15.6486	0	0.252143	0.96769	0	None	None
ChainingRodShaped	14707	4.21244	0.5	-24.8283	26.9569	0	0.705671	-0.70854	0	None	None
ChainingRodShaped	12263	4.45547	0.5	19.9657	4.30506	0	0.383498	-0.923542	0	None	None
ChainingRodShaped	16137	3.57393	0.5	8.37354	15.0412	0	0.991566	0.129603	0	None	None
ChainingRodShaped	12727	3.5559	0.5	-32.58	72.42	0	-0.409851	-0.912153	0	None	None
ChainingRodShaped	16907	2.98283	0.5	24.996	108.369	0	0.308354	-0.951272	0	None	None
ChainingRodShaped	9389	4.27775	0.5	17.7442	42.8424	0	-0.468983	0.883207	0	None	None
ChainingRodShaped	8791	4.57986	0.5	90.6914	23.3238	0	-0.883754	0.467951	0	None	None
ChainingRodShaped	14927	3.72253	0.5	-37.1902	-17.2949	0	-0.429494	0.90307	0	None	None
ChainingRodShaped	17967	2.92684	0.5	14.4734	-59.8028	0	0.421785	-0.906696	0	None	None
ChainingRodShaped	11575	3.38013	0.5	-33.3304	127.084	0	0.954755	-0.297392	0	None	None
ChainingRodShaped	8577	4.30489	0.5	14.1767	-30.0247	0	-0.993744	0.111681	0	None	None
ChainingRodShaped	16325	3.6713	0.5	82.6472	-31.646	0	-0.641968	0.766731	0	None	None
ChainingRodShaped	19321	2.40007	0.5	-16.6192	50.3338	0	0.659018	-0.752127	0	None	None
ChainingRodShaped	17013	3.26373	0.5	-14.3919	107.488	0	-0.0397645	-0.999209	0	None	None
ChainingRodShaped	15223	3.51766	0.5	29.6272	18.3676	0	-0.230675	0.973031	0	None	None
ChainingRodShaped	19175	2.58495	0.5	74.118	50.129	0	0.894339	0.44739	0	None	None
ChainingRodShaped	16807	2.67148	0.5	-59.381	-20.5152	0	0.165258	-0.98625	0	None	None
ChainingRodShaped	17181	2.78674	0.5	24.7428	-6.37696	0	-0.900126	-0.43563	0	None	None
ChainingRodShaped	11281	4.96346	0.5	59.7499	-10.5868	0	-0.00483873	-0.999988	0	None	None
ChainingRodShaped	13357	4.00622	0.5	22.126	59.9601	0	0.949319	0.314315	0	None	None
ChainingRodShaped	12317	3.6777	0.5	-38.8294	-25.8742	0	0.0681444	-0.997675	0	None	None
ChainingRodShaped	16433	2.99169	0.5	82.0566	38.8325	0	-0.772511	-0.635001	0	None	None
ChainingRodShaped	14731	4.37467	0.5	-4.8428	98.0133	0	0.734736	0.678354	0	None	None
ChainingRodShaped	7017	4.87294	0.5	-53.8811	82.2806	0	0.737568	0.675273	0	None	None
ChainingRodShaped	19921	2.31406	0.5	-14.9386	-66.3704	0	-0.282931	-0.95914	0	None	None
ChainingRodShaped	7891	4.46972	0.5	-10.5811	130.176	0	0.999982	-0.00592987	0	None	None
ChainingRodShaped	18611	2.57616	0.5	-16.7332	24.1272	0	0.888053	-0.459742	0	None	None
ChainingRodShaped	13059	4.40651	0.5	-50.2142	90.7818	0	0.445185	0.895439	0	None	None
ChainingRodShaped	11841	3.30327	0.5	107.826	22.957	0	-0.664821	0.747003	0	None	None
ChainingRodShaped	17343	2.90658	0.5	-44.8561	-12.4391	0	-0.723004	-0.690843	0	None	None
ChainingRodShaped	12739	3.36161	0.5	57.3733	101.066	0	0.0699596	-0.99755	0	None	None
ChainingRodShaped	11547	4.96532	0.5	-45.1154	-18.806	0	-0.908138	-0.418672	0	None	None
ChainingRodShaped	17441	3.15682	0.5	43.342	35.8667	0	0.871286	0.490776	0	None	None
ChainingRodShaped	18005	2.65945	0.5	62.4723	60.5194	0	-0.391261	-0.92028	0	None	None
ChainingRodShaped	15607	2.79936	0.5	9.24604	88.1	0	-0.0928752	-0.995678	0	None	None
ChainingRodShaped	17709	2.89867	0.5	41.009	-38.9584	0	-0.988086	-0.153906	0	None	None
ChainingRodShaped	17763	3.09084	0.5	-50.1556	60.4931	0	-0.0856713	0.996323	0	None	None
ChainingRodShaped	6219	4.89891	0.5	68.8467	82.1701	0	0.189616	0.981858	0	None	None
ChainingRodShaped	15823	3.22147	0.5	70.3251	112.224	0	0.874152	-0.485652	0	None	None
ChainingRodShaped	14953	3.15179	0.5	-34.7223	41.5196	0	0.381922	-0.924195	0	None	None
ChainingRodShaped	7331	4.88195	0.5	103.255	-17.1797	0	-0.96672	-0.255838	0	None	None
ChainingRodShaped	11711	3.46642	0.5	-6.27964	29.2519	0	-0.916911	0.399092	0	None	None
ChainingRodShaped	18847	2.61864	0.5	-56.3592	44.3556	0	0.945652	0.325181	0	None	None
ChainingRodShaped	11625	3.70552	0.5	-1.163	-64.4666	0	0.157462	-0.987525	0	None	None
ChainingRodShaped	9525	3.81471	0.5	81.2801	-17.2722	0	0.148358	-0.988934	0	None	None
ChainingRodShaped	15913	2.99559	0.5	-89.0162	23.8337	0	-0.550431	0.834881	0	None	None
ChainingRodShaped	15697	2.87991	0.5	75.1404	54.2201	0	0.910172	0.414229	0	None	None
ChainingRodShaped	19737	2.39936	0.5	16.7095	-53.9222	0	0.227589	-0.973757	0	None	None
ChainingRodShaped	11559	3.56678	0.5	33.6286	-31.3751	0	-0.960001	-0.279998	0	None	None
ChainingRodShaped	7399	4.95585	0.5	20.9981	64.5692	0	0.928433	0.3715	0	None	None
ChainingRodShaped	18223	2.7076	0.5	-72.3142	91.9214	0	-0.906023	-0.423229	0	None	None
ChainingRodShaped	13981	4.6085	0.5	-56.2073	77.692	0	0.689683	0.724111	0	None	None
ChainingRodShaped	19527	2.39465	0.5	23.8784	27.6382	0	-0.0350922	-0.999384	0	None	None
ChainingRodShaped	7431	4.68541	0.5	21.7086	52.9851	0	0.812462	0.583015	0	None	None
ChainingRodShaped	14307	4.17918	0.5	93.4438	53.1453	0	-0.605231	-0.79605	0	None	None
ChainingRodShaped	16963	2.64276	0.5	59.4196	-30.2556	0	0.0572277	0.998361	0	None	None
ChainingRodShaped	20663	2.03027	0.5	23.9194	-58.0927	0	-0.249149	0.968465	0	None	None
ChainingRodShaped	15287	3.81565	0.5	76.0361	-6.77704	0	0.629752	0.776796	0	None	None
ChainingRodShaped	13457	3.88793	0.5	-37.5693	-36.0752	0	-0.206981	-0.978345	0	None	None
ChainingRodShaped	13511	4.234	0.5	-31.3409	-21.704	0	0.303534	-0.952821	0	None	None
ChainingRodShaped	12469	4.64669	0.5	48.2773	102.817	0	0.917618	0.397463	0	None	None
ChainingRodShaped	10513	4.02861	0.5	-22.9716	35.7789	0	-0.833496	0.552525	0	None	None
ChainingRodShaped	18783	2.37569	0.5	90.904	53.0093	0	-0.435022	-0.90042	0	None	None
ChainingRodShaped	16597	2.57608	0.5	-51.2453	36.5606	0	-0.847309	-0.5311	0	None	None
ChainingRodShaped	13867	4.39105	0.5	-44.3064	-10.862	0	-0.729258	-0.684239	0	None	None
ChainingRodShaped	20923	2.00994	0.5	73.137	68.3726	0	0.591037	0.806645	0	None	None
ChainingRodShaped	15265	3.40927	0.5	-28.9477	-43.578	0	0.863447	0.50444	0	None	None
ChainingRodShaped	14043	3.8828	0.5	-57.6026	61.5176	0	0.0645065	-0.997917	0	None	None
ChainingRodShaped	14001	3.37025	0.5	-8.1919	-37.1999	0	0.533381	-0.845875	0	None	None
ChainingRodShaped	19079	2.5028	0.5	0.959344	103.577	0	0.984604	0.174802	0	None	None
ChainingRodShaped	8493	4.08117	0.5	85.4689	-30.6584	0	-0.550768	0.834659	0	None	None
ChainingRodShaped	14329	3.20743	0.5	-24.0863	-48.3914	0	0.624607	0.780939	0	None	None
ChainingRodShaped	19981	2.23406	0.5	117.325	34.7089	0	0.0434948	-0.999054	0	None	None
ChainingRodShaped	19461	2.44423	0.5	22.4153	65.8695	0	0.924588	0.380969	0	None	None
ChainingRodShaped	9995	4.76374	0.5	90.9641	55.1207	0	-0.423715	-0.905796	0	None	None
ChainingRodShaped	18811	2.32506	0.5	-22.5506	-19.9083	0	-0.630985	-0.775795	0	None	None
ChainingRodShaped	19655	2.25833	0.5	7.91222	15.5336	0	0.992856	0.119317	0	None	None
ChainingRodShaped	19045	2.62609	0.5	-41.6891	-21.6905	0	0.899715	0.436478	0	None	None
ChainingRodShaped	14343	3.60126	0.5	43.8531	57.1396	0	-0.354715	-0.934974	0	None	None
ChainingRodShaped	14529	4.41553	0.5	37.3229	77.5054	0	0.945045	0.32694	0	None	None
ChainingRodShaped	11433	3.79926	0.5	22.268	1.81307	0	0.96293	0.269752	0	None	None
ChainingRodShaped	16555	3.00289	0.5	16.3406	59.6569	0	0.810592	0.585612	0	None	None
ChainingRodShaped	17103	2.89746	0.5	16.8789	-5.32655	0	-0.950158	0.311768	0	None	None
ChainingRodShaped	20425	2.11998	0.5	-37.9584	-42.7084	0	0.439471	-0.898257	0	None	None
ChainingRodShaped	19235	2.25009	0.5	-35.3495	2.56606	0	-0.599081	-0.800689	0	None	None
ChainingRodShaped	6709	4.81381	0.5	2.85967	89.0722	0	-0.714705	-0.699426	0	None	None
ChainingRodShaped	14083	3.6258	0.5	-6.7998	-72.5565	0	-0.584384	0.811477	0	None	None
ChainingRodShaped	9437	4.84124	0.5	60.3114	-50.6015	0	0.623764	0.781613	0	None	None
ChainingRodShaped	18575	2.55081	0.5	-15.9875	-62.5976	0	-0.209893	-0.977724	0	None	None
ChainingRodShaped	18559	2.43858	0.5	71.4577	70.0536	0	0.57865	0.815576	0	None	None
ChainingRodShaped	17329	2.74759	0.5	-24.7597	83.1165	0	-0.825064	0.56504	0	None	None
ChainingRodShaped	15311	4.08425	0.5	78.8637	24.3398	0	0.855717	-0.517444	0	None	None
ChainingRodShaped	20241	2.09171	0.5	-96.1039	37.6019	0	-0.103739	0.994605	0	None	None
ChainingRodShaped	9443	4.20597	0.5	46.7124	-37.0823	0	-0.924033	-0.382312	0	None	None
ChainingRodShaped	16189	3.21102	0.5	31.516	99.6312	0	-0.214527	-0.976718	0	None	None
ChainingRodShaped	10961	3.82592	0.5	61.3045	-12.318	0	-0.00469236	-0.999989	0	None	None
ChainingRodShaped	19811	2.41144	0.5	27.5621	62.8775	0	0.683117	0.730309	0	None	None
ChainingRodShaped	15525	3.26576	0.5	-25.3863	-56.4269	0	-0.866346	-0.499443	0	None	None
ChainingRodShaped	13423	3.90993	0.5	-8.6645	-11.4853	0	-0.845823	-0.533464	0	None	None
ChainingRodShaped	14255	3.07391	0.5	56.3927	-1.20908	0	-0.925959	-0.377624	0	None	None
ChainingRodShaped	16943	2.77618	0.5	-30.6115	2.24564	0	-0.00401121	0.999992	0	None	None
ChainingRodShaped	20269	2.08772	0.5	69.3862	19.53	0	0.833344	-0.552755	0	None	None
ChainingRodShaped	13919	2.99373	0.5	-32.1286	60.0997	0	-0.0970196	-0.995282	0	None	None
ChainingRodShaped	15283	4.07113	0.5	-71.6145	73.6879	0	0.782083	-0.623174	0	None	None
ChainingRodShaped	15755	3.38848	0.5	-63.1721	7.15534	0	0.990445	-0.13791	0	None	None
ChainingRodShaped	12047	3.91402	0.5	-22.8228	-27.5608	0	-0.0199091	-0.999802	0	None	None
ChainingRodShaped	19099	2.3955	0.5	-53.8886	53.6252	0	-0.0110235	-0.999939	0	None	None
ChainingRodShaped	14131	4.35007	0.5	-37.9473	-57.9985	0	-0.926698	-0.375808	0	None	None
ChainingRodShaped	10623	4.47632	0.5	97.9496	-19.6668	0	0.93235	-0.361557	0	None	None
ChainingRodShaped	14085	3.6043	0.5	74.1035	-7.05982	0	0.856828	0.515603	0	None	None
ChainingRodShaped	9745	3.9569	0.5	-28.5105	14.7026	0	0.611178	0.791493	0	None	None
ChainingRodShaped	12489	4.80716	0.5	52.6107	116.312	0	0.975401	0.220437	0	None	None
ChainingRodShaped	18665	2.44216	0.5	67.2165	-62.9422	0	0.39159	0.92014	0	None	None
ChainingRodShaped	15055	2.82123	0.5	71.6988	91.2241	0	0.0801618	0.996782	0	None	None
ChainingRodShaped	14907	3.55396	0.5	-1.97113	20.1546	0	0.325854	-0.94542	0	None	None
ChainingRodShaped	7491	4.44484	0.5	-6.6995	0.470691	0	0.988394	0.151914	0	None	None
ChainingRodShaped	17587	2.75834	0.5	-53.7015	99.9393	0	0.665293	0.746582	0	None	None
ChainingRodShaped	11475	3.49897	0.5	-44.4589	92.1064	0	0.0964248	0.99534	0	None	None
ChainingRodShaped	6809	4.93557	0.5	-24.7723	-8.14123	0	-0.338658	0.94091	0	None	None
ChainingRodShaped	14039	4.26059	0.5	-13.4483	11.5828	0	-0.402006	-0.915637	0	None	None
ChainingRodShaped	19137	2.41643	0.5	102.535	77.9171	0	-0.209559	0.977796	0	None	None
ChainingRodShaped	13477	4.9876	0.5	-33.7538	15.374	0	0.859823	0.510592	0	None	None
ChainingRodShaped	13709	4.70022	0.5	-44.2605	7.17616	0	0.997192	-0.0748824	0	None	None
ChainingRodShaped	19597	2.3573	0.5	6.53181	-5.20612	0	0.45683	-0.889554	0	None	None
ChainingRodShaped	7825	4.79621	0.5	-17.0723	44.9915	0	0.662118	-0.7494	0	None	None
ChainingRodShaped	16467	2.8518	0.5	-45.3986	20.5482	0	-0.314605	0.949223	0	None	None
ChainingRodShaped	9993	4.51969	0.5	-68.5732	21.3165	0	-0.656691	0.75416	0	None	None
ChainingRodShaped	18859	2.38829	0.5	-1.35871	53.593	0	0.958015	-0.286718	0	None	None
ChainingRodShaped	11009	4.57549	0.5	15.9966	123.422	0	0.722874	0.69098	0	None	None
ChainingRodShaped	20407	2.09094	0.5	83.2752	72.0899	0	0.98418	0.177169	0	None	None
ChainingRodShaped	19997	2.1728	0.5	-75.344	79.7449	0	0.98813	0.153621	0	None	None
ChainingRodShaped	13947	3.12252	0.5	3.63814	22.0582	0	0.138628	-0.990344	0	None	None
ChainingRodShaped	17629	3.04294	0.5	36.1296	49.6459	0	-0.420899	-0.907107	0	None	None
ChainingRodShaped	11429	4.23299	0.5	58.1038	-66.3956	0	-0.747435	-0.664335	0	None	None
ChainingRodShaped	18293	2.65446	0.5	78.0949	-46.1963	0	0.381596	-0.924329	0	None	None
ChainingRodShaped	14749	3.60461	0.5	22.8188	70.8294	0	0.839237	0.543765	0	None	None
ChainingRodShaped	13675	4.28339	0.5	-21.1559	74.0913	0	-0.821508	0.570197	0	None	None
ChainingRodShaped	12601	3.42921	0.5	36.4061	-72.1836	0	0.743567	0.668662	0	None	None
ChainingRodShaped	9431	4.93969	0.5	-37.9973	84.487	0	0.920607	0.39049	0	None	None
ChainingRodShaped	18391	2.51021	0.5	3.00369	-24.5986	0	-0.988049	0.154141	0	None	None
ChainingRodShaped	15867	3.92827	0.5	62.1411	69.8511	0	-0.660186	-0.751102	0	None	None
ChainingRodShaped	19249	2.53078	0.5	-3.11883	36.751	0	0.787666	-0.616103	0	None	None
ChainingRodShaped	18235	2.56308	0.5	-28.2671	-31.0316	0	0.0602794	-0.998182	0	None	None
ChainingRodShaped	13549	4.58085	0.5	29.1879	-36.413	0	-0.971521	-0.236952	0	None	None
ChainingRodShaped	13027	3.91584	0.5	9.7395	-38.9281	0	0.204463	-0.978874	0	None	None
ChainingRodShaped	19101	2.52733	0.5	93.3093	70.3875	0	0.994037	-0.109039	0	None	None
ChainingRodShaped	17827	2.54601	0.5	45.0938	29.0582	0	0.904871	0.425685	0	None	None
ChainingRodShaped	18769	2.41231	0.5	33.5943	65.5658	0	0.394703	0.918809	0	None	None
ChainingRodShaped	14477	3.93455	0.5	73.2464	103.7	0	0.6656	0.746309	0	None	None
ChainingRodShaped	7923	4.28323	0.5	10.5793	70.7041	0	0.941895	-0.335907	0	None	None
ChainingRodShaped	7599	4.31749	0.5	-28.084	24.7628	0	0.688338	-0.72539	0	None	None
ChainingRodShaped	12127	4.15711	0.5	33.9283	49.6187	0	-0.43008	-0.902791	0	None	None
ChainingRodShaped	9519	4.91254	0.5	23.2657	29.1248	0	-0.0449118	-0.998991	0	None	None
ChainingRodShaped	6109	4.87358	0.5	-57.4157	26.6706	0	-0.785461	-0.618912	0	None	None
ChainingRodShaped	20569	2.09914	0.5	43.6669	20.0002	0	0.981192	0.193032	0	None	None
ChainingRodShaped	18287	2.63316	0.5	-39.2606	105.875	0	-0.989411	0.145141	0	None	None
ChainingRodShaped	13031	4.94763	0.5	-20.6417	-1.18488	0	0.0236262	-0.999721	0	None	None
ChainingRodShaped	9539	4.34412	0.5	-23.7384	89.6735	0	0.821957	-0.569549	0	None	None
ChainingRodShaped	9399	4.97217	0.5	14.6233	101.065	0	-0.70688	-0.707334	0	None	None
ChainingRodShaped	10621	4.26592	0.5	28.0424	-35.1954	0	-0.961607	-0.274429	0	None	None
ChainingRodShaped	20631	2.04891	0.5	20.7053	87.205	0	0.99718	0.0750472	0	None	None
ChainingRodShaped	11253	3.44715	0.5	-21.1172	103.189	0	0.245792	-0.969323	0	None	None
ChainingRodShaped	12841	3.47287	0.5	18.4955	33.4244	0	0.114587	0.993413	0	None	None
ChainingRodShaped	11539	4.17292	0.5	19.3475	126.049	0	0.306897	-0.951743	0	None	None
ChainingRodShaped	20323	2.18572	0.5	26.8411	38.668	0	-0.353951	0.935264	0	None	None
ChainingRodShaped	14647	2.86751	0.5	-56.8179	87.9811	0	0.733158	0.680058	0	None	None
ChainingRodShaped	6505	4.81754	0.5	-4.4337	85.9243	0	-0.787768	-0.615972	0	None	None
ChainingRodShaped	20707	2.06206	0.5	36.963	47.9919	0	-0.408036	-0.912966	0	None	None
ChainingRodShaped	20823	2.01543	0.5	97.2894	8.49212	0	0.545104	-0.838368	0	None	None
ChainingRodShaped	12985	4.02938	0.5	79.8086	26.655	0	0.860757	-0.509017	0	None	None
ChainingRodShaped	15839	3.82442	0.5	13.0277	98.3459	0	-0.694722	-0.719278	0	None	None
ChainingRodShaped	9439	4.52139	0.5	-12.7019	43.7534	0	0.995505	-0.0947104	0	None	None
ChainingRodShaped	19699	2.15325	0.5	-95.4986	21.2923	0	-0.661813	0.749669	0	None	None
ChainingRodShaped	14417	4.43322	0.5	64.814	98.8197	0	-0.214236	-0.976782	0	None	None
ChainingRodShaped	7683	4.5353	0.5	24.814	18.7509	0	-0.180258	0.983619	0	None	None
ChainingRodShaped	8735	4.2384	0.5	100.433	31.5318	0	0.964314	0.264762	0	None	None
ChainingRodShaped	19807	2.20844	0.5	25.4508	1.20075	0	0.968076	0.250656	0	None	None
ChainingRodShaped	12673	3.47022	0.5	41.3223	-53.786	0	0.918646	0.395082	0	None	None
ChainingRodShaped	13263	4.32784	0.5	-21.7575	85.6086	0	0.82339	-0.567476	0	None	None
ChainingRodShaped	11045	4.50661	0.5	81.2009	73.3532	0	0.987544	0.157343	0	None	None
ChainingRodShaped	14641	3.39269	0.5	83.184	13.2071	0	0.797315	-0.603564	0	None	None
ChainingRodShaped	7853	4.83782	0.5	-60.0193	-10.7267	0	0.851322	-0.524643	0	None	None
ChainingRodShaped	12557	4.24563	0.5	72.8816	70.7113	0	0.589128	0.80804	0	None	None
ChainingRodShaped	10377	4.23245	0.5	94.3525	47.6704	0	-0.741401	-0.671062	0	None	None
ChainingRodShaped	8561	4.50897	0.5	7.59542	134.213	0	0.657875	-0.753127	0	None	None
ChainingRodShaped	13127	4.58152	0.5	65.6226	-11.5241	0	0.180517	0.983572	0	None	None
ChainingRodShaped	7721	4.98865	0.5	-5.24667	-10.5346	0	-0.541164	0.840917	0	None	None
ChainingRodShaped	15563	2.71153	0.5	47.0096	100.614	0	0.59007	0.807352	0	None	None
ChainingRodShaped	11997	3.44517	0.5	25.422	18.925	0	-0.18993	0.981798	0	None	None
ChainingRodShaped	15011	3.66302	0.5	116.647	26.7608	0	0.405635	-0.914035	0	None	None
ChainingRodShaped	20405	2.08593	0.5	-40.3696	74.7323	0	0.589225	0.807969	0	None	None
ChainingRodShaped	9869	4.085	0.5	-28.0583	88.0551	0	-0.820455	0.571711	0	None	None
ChainingRodShaped	18601	2.38531	0.5	-55.3876	30.2645	0	-0.779771	-0.626065	0	None	None
ChainingRodShaped	18897	2.27894	0.5	44.7768	22.5042	0	-0.306959	0.951723	0	None	None
ChainingRodShaped	11371	3.82337	0.5	-4.3178	-3.83999	0	-0.54208	0.840327	0	None	None
ChainingRodShaped	20381	2.18362	0.5	51.9657	-15.7407	0	-0.520911	-0.853611	0	None	None
ChainingRodShaped	15387	3.99446	0.5	57.8793	25.9715	0	0.887207	-0.461372	0	None	None
ChainingRodShaped	12055	3.26644	0.5	43.2838	5.84711	0	-0.56486	-0.825187	0	None	None
ChainingRodShaped	6267	4.79233	0.5	32.9781	121.774	0	0.617068	0.78691	0	None	None
ChainingRodShaped	9269	4.06846	0.5	87.6521	24.4986	0	-0.526978	0.849879	0	None	None
ChainingRodShaped	13355	4.3273	0.5	32.8746	-37.131	0	-0.976053	-0.217535	0	None	None
ChainingRodShaped	17143	3.3313	0.5	-60.6997	37.6362	0	0.932532	0.361086	0	None	None
ChainingRodShaped	19231	2.3337	0.5	83.6966	38.0313	0	-0.768481	-0.639873	0	None	None
ChainingRodShaped	20889	2.01024	0.5	-89.2208	34.7822	0	-0.132997	-0.991116	0	None	None
ChainingRodShaped	10373	4.51011	0.5	30.4009	-68.5897	0	0.163597	-0.986527	0	None	None
ChainingRodShaped	16733	2.53615	0.5	-23.8259	122.6	0	0.0794222	0.996841	0	None	None
ChainingRodShaped	16529	2.57264	0.5	-33.6669	-64.953	0	-0.808043	-0.589123	0	None	None
ChainingRodShaped	20801	2.03302	0.5	25.9013	-13.9882	0	0.836928	-0.547314	0	None	None
ChainingRodShaped	13853	3.80166	0.5	43.7813	-0.831175	0	0.4633	-0.886202	0	None	None
ChainingRodShaped	6965	4.55766	0.5	-24.0501	34.1308	0	0.816565	-0.577253	0	None	None
ChainingRodShaped	18389	2.94354	0.5	-89.6556	19.9055	0	-0.587738	0.809051	0	None	None
ChainingRodShaped	16037	3.52289	0.5	-12.8384	50.093	0	0.60671	-0.794923	0	None	None
ChainingRodShaped	15653	3.47568	0.5	-90.7199	-3.32481	0	-0.937805	0.347163	0	None	None
ChainingRodShaped	11843	3.74014	0.5	47.0684	-1.29896	0	0.441189	-0.897414	0	None	None
ChainingRodShaped	12319	3.40839	0.5	58.3245	-42.2101	0	0.492424	0.870356	0	None	None
ChainingRodShaped	10039	4.97068	0.5	58.3302	87.9419	0	0.297915	-0.954593	0	None	None
ChainingRodShaped	13077	3.12041	0.5	65.2436	92.2723	0	-0.10944	-0.993993	0	None	None
ChainingRodShaped	12923	3.67679	0.5	-70.474	24.0656	0	-0.937034	0.349239	0	None	None
ChainingRodShaped	15491	3.47007	0.5	-33.0632	56.2931	0	0.964304	-0.264797	0	None	None
ChainingRodShaped	19153	2.62343	0.5	-22.0937	-20.6189	0	-0.635855	-0.771809	0	None	None
ChainingRodShaped	7887	4.40223	0.5	51.2161	-52.4706	0	1	-0.000188811	0	None	None
ChainingRodShaped	13447	4.19395	0.5	71.3826	4.5363	0	0.996678	0.0814428	0	None	None
ChainingRodShaped	12939	3.84436	0.5	32.3804	99.9387	0	-0.224264	-0.974528	0	None	None
ChainingRodShaped	15669	3.68468	0.5	-12.5799	88.9604	0	-0.773673	-0.633586	0	None	None
ChainingRodShaped	19693	2.22275	0.5	1.96891	130.517	0	0.228068	0.973645	0	None	None
ChainingRodShaped	6931	4.90347	0.5	-20.7298	29.9664	0	0.735882	-0.67711	0	None	None
ChainingRodShaped	13513	3.11654	0.5	-59.2332	-18.3401	0	0.543397	-0.839476	0	None	None
ChainingRodShaped	20703	2.02806	0.5	8.04764	39.5322	0	-0.991052	0.133478	0	None	None
ChainingRodShaped	16539	2.8378	0.5	-16.3953	3.67581	0	0.0578244	-0.998327	0	None	None
ChainingRodShaped	15295	2.81965	0.5	24.4753	76.5492	0	-0.414644	0.909984	0	None	None
ChainingRodShaped	15501	2.82055	0.5	-19.8121	-15.2142	0	0.739333	0.67334	0	None	None
ChainingRodShaped	18057	2.64648	0.5	36.2035	101.456	0	0.290855	0.956767	0	None	None
ChainingRodShaped	17511	2.9321	0.5	-91.0888	51.7811	0	-0.959118	-0.283006	0	None	None
ChainingRodShaped	16785	3.22456	0.5	-30.2024	117.85	0	0.499975	-0.86604	0	None	None
ChainingRodShaped	20461	2.08625	0.5	-9.12004	16.9153	0	0.443843	-0.896105	0	None	None
ChainingRodShaped	17809	2.98057	0.5	19.0848	0.32619	0	0.96785	-0.251528	0	None	None
ChainingRodShaped	12839	4.10713	0.5	-36.4603	62.4006	0	-0.075312	-0.99716	0	None	None
ChainingRodShaped	9375	3.89884	0.5	-32.0034	30.2178	0	0.934973	0.354719	0	None	None
ChainingRodShaped	6451	4.85251	0.5	-40.082	-38.3363	0	0.288648	-0.957435	0	None	None
ChainingRodShaped	15579	3.57426	0.5	80.6157	100.718	0	0.856517	-0.516118	0	None	None
ChainingRodShaped	15009	3.15256	0.5	-9.0779	111.149	0	-0.259508	-0.965741	0	None	None
ChainingRodShaped	11619	4.75465	0.5	-8.11641	-52.0718	0	0.124009	0.992281	0	None	None
ChainingRodShaped	8605	4.07451	0.5	-35.8593	36.5383	0	-0.946603	-0.322402	0	None	None
ChainingRodShaped	18263	2.79617	0.5	38.5402	-48.0864	0	0.995366	-0.0961557	0	None	None
ChainingRodShaped	19735	2.16917	0.5	-69.4436	-28.4083	0	0.371393	-0.928476	0	None	None
ChainingRodShaped	13829	4.22742	0.5	-77.4201	68.7139	0	-0.736379	0.676569	0	None	None
ChainingRodShaped	11227	4.02789	0.5	-60.9262	-5.46278	0	-0.927107	-0.374797	0	None	None
ChainingRodShaped	20197	2.19712	0.5	32.7968	35.6656	0	0.115337	-0.993326	0	None	None
ChainingRodShaped	9419	3.8969	0.5	-12.6654	69.1286	0	-0.83746	0.546499	0	None	None
ChainingRodShaped	18563	2.85687	0.5	2.44908	9.31578	0	0.981026	0.193878	0	None	None
ChainingRodShaped	12931	4.26691	0.5	17.2268	80.9775	0	0.80118	0.598424	0	None	None
ChainingRodShaped	15395	2.75548	0.5	18.2951	-2.924	0	-0.976189	0.216921	0	None	None
ChainingRodShaped	9793	4.18379	0.5	35.148	93.9331	0	0.173344	0.984861	0	None	None
ChainingRodShaped	13773	4.81175	0.5	51.9404	-48.9634	0	0.994808	0.10177	0	None	None
ChainingRodShaped	13467	3.8557	0.5	52.7447	30.9705	0	0.959852	-0.280507	0	None	None
ChainingRodShaped	17877	2.85058	0.5	42.345	-29.3538	0	-0.143285	-0.989682	0	None	None
ChainingRodShaped	17545	3.0241	0.5	56.8389	123.093	0	0.909353	0.416025	0	None	None
ChainingRodShaped	12879	3.49052	0.5	12.1213	-57.9473	0	0.0449583	-0.998989	0	None	None
ChainingRodShaped	17595	2.88837	0.5	69.2192	91.0529	0	0.105728	0.994395	0	None	None
ChainingRodShaped	12895	3.3123	0.5	-12.3492	107.999	0	-0.639496	-0.768794	0	None	None
ChainingRodShaped	16215	3.54692	0.5	90.1052	5.53883	0	0.998806	0.0488528	0	None	None
ChainingRodShaped	15799	3.5948	0.5	41.5082	1.78381	0	-0.542492	-0.840061	0	None	None
ChainingRodShaped	17439	2.60181	0.5	100.386	74.0511	0	0.19511	-0.980781	0	None	None
ChainingRodShaped	11689	4.04772	0.5	-46.1078	-16.7243	0	-0.899177	-0.437584	0	None	None
ChainingRodShaped	15281	3.13301	0.5	22.5299	-14.184	0	0.842494	-0.538706	0	None	None
ChainingRodShaped	13363	4.1698	0.5	-96.5096	23.4374	0	-0.839384	0.543539	0	None	None
ChainingRodShaped	13281	4.28553	0.5	67.8022	-47.8137	0	-0.222526	-0.974927	0	None	None
ChainingRodShaped	14093	4.47304	0.5	-33.0037	69.4503	0	-0.37383	-0.927497	0	None	None
ChainingRodShaped	9887	4.54554	0.5	-19.0648	41.7707	0	-0.947572	0.319543	0	None	None
ChainingRodShaped	13043	4.65002	0.5	49.3794	-30.4554	0	0.390028	-0.920803	0	None	None
ChainingRodShaped	16833	3.46514	0.5	-35.5584	82.9358	0	0.910994	0.41242	0	None	None
ChainingRodShaped	13367	4.67144	0.5	-59.6153	-37.0132	0	0.735746	-0.677258	0	None	None
ChainingRodShaped	14559	3.09757	0.5	109.6	57.357	0	0.490389	-0.871503	0	None	None
ChainingRodShaped	18739	2.40773	0.5	76.6578	-18.8225	0	-0.128426	0.991719	0	None	None
ChainingRodShaped	9493	4.66188	0.5	-67.7011	-12.8873	0	0.848236	-0.529619	0	None	None
ChainingRodShaped	16929	2.91412	0.5	10.286	-5.71992	0	0.198486	-0.980104	0	None	None
ChainingRodShaped	13075	4.26595	0.5	80.8398	-5.29788	0	0.450273	0.892891	0	None	None
ChainingRodShaped	15401	3.68693	0.5	37.98	-30.0853	0	-0.948372	-0.317161	0	None	None
ChainingRodShaped	15349	3.84447	0.5	30.9559	131.608	0	0.907085	0.420947	0	None	None
ChainingRodShaped	14783	3.67061	0.5	110.607	17.8925	0	-0.355657	-0.934617	0	None	None
ChainingRodShaped	11683	4.00564	0.5	-37.6423	5.5384	0	0.851317	0.524652	0	None	None
ChainingRodShaped	20503	2.15141	0.5	-87.6857	18.7829	0	-0.59645	0.80265	0	None	None
ChainingRodShaped	20349	2.07179	0.5	1.19665	39.1955	0	0.761582	-0.648068	0	None	None
ChainingRodShaped	12333	3.48736	0.5	-49.1494	117.689	0	-0.99188	-0.127175	0	None	None
ChainingRodShaped	14359	3.31228	0.5	-78.1195	17.6599	0	0.218842	-0.97576	0	None	None
ChainingRodShaped	9825	4.12962	0.5	-90.4926	36.6102	0	0.00411011	-0.999992	0	None	None
ChainingRodShaped	18039	2.80462	0.5	-14.0374	-37.1454	0	0.150084	0.988673	0	None	None
ChainingRodShaped	19649	2.36115	0.5	9.92418	121.003	0	0.94475	0.327791	0	None	None
ChainingRodShaped	8819	4.54655	0.5	10.7769	-30.4338	0	-0.993818	0.11102	0	None	None
ChainingRodShaped	20475	2.06192	0.5	-28.8325	-11.5745	0	0.0413771	0.999144	0	None	None
ChainingRodShaped	13489	4.49564	0.5	73.1272	26.2249	0	-0.829635	0.558306	0	None	None
ChainingRodShaped	13797	4.82738	0.5	-5.93418	29.6818	0	-0.920878	0.389851	0	None	None
ChainingRodShaped	13965	4.06645	0.5	-16.6374	123.603	0	0.998859	-0.0477577	0	None	None
ChainingRodShaped	19097	2.60605	0.5	70.261	45.5585	0	-0.9986	-0.0528881	0	None	None
ChainingRodShaped	13799	4.36412	0.5	-23.0163	11.2346	0	0.147276	0.989095	0	None	None
ChainingRodShaped	19223	2.47508	0.5	34.409	82.8957	0	0.988602	0.150554	0	None	None
ChainingRodShaped	13121	3.66605	0.5	18.4062	-15.9422	0	-0.853584	-0.520955	0	None	None
ChainingRodShaped	14599	3.62018	0.5	70.5339	-6.27098	0	0.999999	0.00109184	0	None	None
ChainingRodShaped	13721	4.85268	0.5	70.7646	25.1281	0	0.837306	-0.546734	0	None	None
ChainingRodShaped	20483	2.14488	0.5	60.8882	60.8499	0	-0.346492	-0.938053	0	None	None
ChainingRodShaped	14261	3.46854	0.5	95.1238	-26.1637	0	0.998443	-0.0557749	0	None	None
ChainingRodShaped	14245	3.62126	0.5	88.8285	-43.0909	0	-0.75839	-0.651801	0	None	None
ChainingRodShaped	12577	3.32046	0.5	13.671	133.933	0	0.893372	0.449317	0	None	None
ChainingRodShaped	12001	3.97811	0.5	18.5001	101.009	0	0.336925	0.941531	0	None	None
ChainingRodShaped	9441	3.91235	0.5	63.3324	81.3345	0	-0.0228778	-0.999738	0	None	None
ChainingRodShaped	16909	2.69942	0.5	39.1189	-15.325	0	0.92586	-0.377867	0	None	None
ChainingRodShaped	16681	3.12541	0.5	11.602	-13.2889	0	0.467959	-0.88375	0	None	None
ChainingRodShaped	16461	3.29158	0.5	9.81149	70.3565	0	0.945153	-0.326628	0	None	None
ChainingRodShaped	18929	2.6793	0.5	33.6207	124.009	0	0.624895	0.780709	0	None	None
ChainingRodShaped	20309	2.14878	0.5	-94.5255	16.9244	0	-0.23117	0.972913	0	None	None
ChainingRodShaped	19061	2.68458	0.5	88.2738	-29.9601	0	0.52688	-0.84994	0	None	None
ChainingRodShaped	12207	3.52046	0.5	44.827	-13.8024	0	0.962516	-0.271224	0	None	None
ChainingRodShaped	15007	3.81808	0.5	-29.1224	102.734	0	-0.188215	0.982128	0	None	None
ChainingRodShaped	17691	2.45444	0.5	105.806	50.075	0	-0.428225	-0.903672	0	None	None
ChainingRodShaped	15517	2.97521	0.5	13.5659	-59.7737	0	0.420472	-0.907306	0	None	None
ChainingRodShaped	17603	3.18515	0.5	38.3992	34.4591	0	-0.826342	-0.563169	0	None	None
ChainingRodShaped	14099	4.2149	0.5	48.5166	-30.1495	0	0.3808	-0.924657	0	None	None
ChainingRodShaped	18819	2.5599	0.5	44.4629	78.6318	0	0.893917	0.448233	0	None	None
ChainingRodShaped	18675	2.48383	0.5	71.6007	34.4432	0	0.773646	-0.633618	0	None	None
ChainingRodShaped	14741	3.17762	0.5	-75.8205	68.611	0	-0.797132	0.603805	0	None	None
ChainingRodShaped	18437	2.31055	0.5	-0.674258	-27.0261	0	0.533816	-0.845601	0	None	None
ChainingRodShaped	11133	4.93963	0.5	65.4954	-57.9462	0	-0.221137	-0.975243	0	None	None
ChainingRodShaped	17885	2.77231	0.5	-4.70654	77.6491	0	0.555457	-0.831545	0	None	None
ChainingRodShaped	17425	2.86989	0.5	90.0092	-9.87625	0	-0.500526	-0.865722	0	None	None
ChainingRodShaped	13551	4.58863	0.5	-5.5812	30.1797	0	-0.924696	0.380707	0	None	None
ChainingRodShaped	19133	2.59007	0.5	-49.5006	-39.7423	0	0.602421	0.798179	0	None	None
ChainingRodShaped	14535	3.25826	0.5	-89.9081	41.4364	0	-0.464759	-0.885437	0	None	None
ChainingRodShaped	10751	3.54912	0.5	101.978	18.3035	0	-0.297525	0.954714	0	None	None
ChainingRodShaped	17863	2.53276	0.5	-37.0396	-37.6602	0	0.216843	0.976207	0	None	None
ChainingRodShaped	10497	3.99806	0.5	37.5072	120.732	0	0.306597	-0.95184	0	None	None
ChainingRodShaped	20491	2.12169	0.5	43.7823	31.0022	0	0.802231	0.597014	0	None	None
ChainingRodShaped	18687	2.75725	0.5	99.0012	56.212	0	-0.410601	-0.911815	0	None	None
ChainingRodShaped	11257	4.29717	0.5	-63.8749	46.783	0	0.96281	0.270179	0	None	None
ChainingRodShaped	15357	2.83326	0.5	46.5536	93.2637	0	-0.475119	0.879921	0	None	None
ChainingRodShaped	19549	2.3447	0.5	61.793	86.1363	0	0.401034	-0.916063	0	None	None
ChainingRodShaped	19731	2.40038	0.5	49.1329	45.618	0	0.916061	0.401039	0	None	None
ChainingRodShaped	13525	3.65627	0.5	56.3997	9.38305	0	-0.544273	-0.838908	0	None	None
ChainingRodShaped	14259	4.55107	0.5	-26.5505	-68.4335	0	0.910987	-0.412434	0	None	None
ChainingRodShaped	14175	3.9244	0.5	-33.6757	3.59732	0	-0.607251	-0.79451	0	None	None
ChainingRodShaped	12133	3.41402	0.5	-33.8058	8.02438	0	-0.85127	-0.524729	0	None	None
ChainingRodShaped	14779	4.38141	0.5	-64.7872	50.1	0	0.955231	-0.29586	0	None	None
ChainingRodShaped	9453	4.62919	0.5	1.22296	66.9153	0	0.92491	0.380186	0	None	None
ChainingRodShaped	15275	3.09789	0.5	68.2268	77.3244	0	0.0448576	0.998993	0	None	None
ChainingRodShaped	13755	4.62477	0.5	31.4423	74.043	0	-0.812328	0.583201	0	None	None
ChainingRodShaped	18961	2.3674	0.5	-93.5404	34.5618	0	-0.358162	0.93366	0	None	None
ChainingRodShaped	18063	2.75815	0.5	99.1154	27.5978	0	-0.991338	-0.131337	0	None	None
ChainingRodShaped	10801	3.54454	0.5	-14.1126	-58.683	0	-0.163676	-0.986514	0	None	None
ChainingRodShaped	17097	3.0774	0.5	-35.2154	106.92	0	-0.753879	0.657013	0	None	None
ChainingRodShaped	15603	3.12128	0.5	-50.0217	-15.0426	0	-0.774656	-0.632383	0	None	None
ChainingRodShaped	12667	3.30604	0.5	79.5669	29.8309	0	0.781217	-0.62426	0	None	None
ChainingRodShaped	10143	4.89142	0.5	-87.3977	-10.9854	0	-0.471365	-0.881938	0	None	None
ChainingRodShaped	19283	2.40159	0.5	-43.8965	51.4056	0	-0.175176	0.984537	0	None	None
ChainingRodShaped	17571	3.11395	0.5	0.344297	88.8594	0	-0.723675	-0.690141	0	None	None
ChainingRodShaped	10371	4.44556	0.5	10.2244	-76.7312	0	0.993168	-0.116695	0	None	None
ChainingRodShaped	18271	2.7042	0.5	100.294	-0.352938	0	-0.667815	-0.744328	0	None	None
ChainingRodShaped	8565	4.75816	0.5	-55.4683	55.1167	0	0.00627733	-0.99998	0	None	None
ChainingRodShaped	17777	2.61825	0.5	16.7387	29.164	0	0.369748	0.929132	0	None	None
ChainingRodShaped	10141	4.01218	0.5	-29.2463	93.3188	0	0.96664	-0.256138	0	None	None
ChainingRodShaped	16689	3.19117	0.5	-78.0724	46.5199	0	0.954261	-0.298975	0	None	None
ChainingRodShaped	13111	4.8466	0.5	55.8973	-50.7094	0	0.641401	0.767206	0	None	None
ChainingRodShaped	12409	4.76089	0.5	-12.788	-7.29489	0	0.842748	0.538308	0	None	None
ChainingRodShaped	18159	2.3739	0.5	96.4789	42.9569	0	-0.820308	-0.571923	0	None	None
ChainingRodShaped	13289	4.22516	0.5	-53.7006	70.2821	0	-0.666165	-0.745805	0	None	None
ChainingRodShaped	13543	3.56021	0.5	34.4777	57.1761	0	0.506186	0.862424	0	None	None
ChainingRodShaped	20209	2.25939	0.5	6.14486	-51.2366	0	0.691941	-0.721954	0	None	None
ChainingRodShaped	8703	4.58252	0.5	-64.8273	12.4486	0	0.992192	-0.124719	0	None	None
ChainingRodShaped	20167	2.16571	0.5	-13.9594	-4.76324	0	-0.863161	-0.504929	0	None	None
ChainingRodShaped	14595	4.12197	0.5	-42.4373	51.4467	0	-0.193029	0.981193	0	None	None
ChainingRodShaped	16853	2.8684	0.5	60.4264	55.9774	0	0.974446	0.224623	0	None	None
ChainingRodShaped	10713	4.32538	0.5	2.7352	-62.9713	0	0.885712	-0.464235	0	None	None
ChainingRodShaped	14609	3.31066	0.5	-23.4601	77.6013	0	-0.827619	0.56129	0	None	None
ChainingRodShaped	14999	4.25797	0.5	-66.0103	34.5393	0	0.972928	0.231109	0	None	None
ChainingRodShaped	6719	4.78894	0.5	-13.6481	127.297	0	0.999952	0.00975762	0	None	None
ChainingRodShaped	12659	4.00979	0.5	60.0048	120.284	0	0.919373	0.393388	0	None	None
ChainingRodShaped	9271	4.42474	0.5	-44.7601	10.0302	0	0.985535	0.169473	0	None	None
ChainingRodShaped	17865	2.79263	0.5	-56.549	-42.1969	0	-0.870802	-0.491634	0	None	None
ChainingRodShaped	13669	3.72467	0.5	75.6698	-51.4755	0	-0.27477	-0.96151	0	None	None
ChainingRodShaped	19879	2.15143	0.5	-37.0826	64.4523	0	-0.135142	-0.990826	0	None	None
ChainingRodShaped	9567	4.91696	0.5	98.221	-23.4946	0	0.999665	0.0258845	0	None	None
ChainingRodShaped	20147	2.27636	0.5	-30.9212	-26.3606	0	0.291732	-0.9565	0	None	None
ChainingRodShaped	18655	2.66598	0.5	-57.9762	-3.38915	0	0.834113	-0.551594	0	None	None
ChainingRodShaped	10179	4.8902	0.5	-1.46096	64.5608	0	0.978486	-0.206314	0	None	None
ChainingRodShaped	15549	3.68548	0.5	11.6564	52.9874	0	0.80628	0.591534	0	None	None
ChainingRodShaped	15695	3.66255	0.5	54.9351	-17.3634	0	-0.477549	-0.878605	0	None	None
ChainingRodShaped	20243	2.11241	0.5	115.374	34.3895	0	-0.00583831	-0.999983	0	None	None
ChainingRodShaped	14027	3.58385	0.5	46.7788	41.4749	0	0.887655	0.46051	0	None	None
ChainingRodShaped	18313	2.35224	0.5	56.5736	-37.0277	0	0.451744	0.892147	0	None	None
ChainingRodShaped	20391	2.08142	0.5	-36.5108	0.476895	0	-0.922261	-0.386568	0	None	None
ChainingRodShaped	17399	3.0929	0.5	40.9446	-39.7533	0	-0.986525	-0.163613	0	None	None
ChainingRodShaped	14949	3.75366	0.5	29.3199	1.63041	0	0.945697	-0.325048	0	None	None
ChainingRodShaped	17089	2.50644	0.5	29.0088	-77.5458	0	0.79545	-0.60602	0	None	None
ChainingRodShaped	14167	4.58262	0.5	-40.5559	41.8477	0	-0.968946	-0.247271	0	None	None
ChainingRodShaped	16827	2.53642	0.5	102.699	-18.3321	0	-0.96714	-0.254244	0	None	None
ChainingRodShaped	20343	2.17007	0.5	-34.1242	-47.6473	0	0.889916	0.456125	0	None	None
ChainingRodShaped	18177	2.68325	0.5	34.1116	96.6867	0	0.233973	0.972243	0	None	None
ChainingRodShaped	9021	4.68588	0.5	11.5103	-43.725	0	0.216754	-0.976226	0	None	None
ChainingRodShaped	7629	4.88919	0.5	48.0852	92.1397	0	-0.466256	0.88465	0	None	None
ChainingRodShaped	18061	2.60789	0.5	5.90516	12.6936	0	0.987296	0.158891	0	None	None
ChainingRodShaped	16693	3.30935	0.5	-34.8668	31.1582	0	0.940607	0.339498	0	None	None
ChainingRodShaped	11677	3.85014	0.5	4.24004	-23.3083	0	-0.987696	0.156387	0	None	None
ChainingRodShaped	17569	2.71558	0.5	-93.4018	43.6835	0	-0.956662	0.2912	0	None	None
ChainingRodShaped	9963	4.88388	0.5	-49.3653	49.0283	0	0.395056	0.918657	0	None	None
ChainingRodShaped	14311	4.12699	0.5	17.1348	85.4578	0	0.998486	0.0550072	0	None	None
ChainingRodShaped	9977	3.994	0.5	53.6929	77.0469	0	-0.676786	-0.73618	0	None	None
ChainingRodShaped	19073	2.68234	0.5	7.36488	16.7325	0	0.904542	-0.426385	0	None	None
ChainingRodShaped	13687	3.75934	0.5	79.0076	33.1664	0	-0.788271	0.615328	0	None	None
ChainingRodShaped	10103	4.25772	0.5	-38.8621	7.23643	0	0.829753	0.558131	0	None	None
ChainingRodShaped	13291	3.55696	0.5	-72.1583	90.9118	0	-0.906378	-0.422468	0	None	None
ChainingRodShaped	15067	3.76398	0.5	-26.7502	-47.8735	0	0.999417	-0.034137	0	None	None
ChainingRodShaped	15963	3.24221	0.5	12.5799	55.8268	0	0.817582	0.575813	0	None	None
ChainingRodShaped	9409	4.53379	0.5	-36.1806	38.4888	0	-0.951962	-0.306216	0	None	None
ChainingRodShaped	19691	2.19071	0.5	-48.1243	26.5544	0	0.776954	0.629557	0	None	None
ChainingRodShaped	12213	3.25369	0.5	-22.3381	-18.3606	0	-0.638759	-0.769406	0	None	None
ChainingRodShaped	19029	2.25806	0.5	25.6555	-68.8841	0	0.999995	0.00305632	0	None	None
ChainingRodShaped	16431	3.42784	0.5	24.8629	88.0482	0	0.998073	0.0620526	0	None	None
ChainingRodShaped	16485	2.76449	0.5	1.09394	-49.4287	0	-0.638181	0.769887	0	None	None
ChainingRodShaped	19533	2.36205	0.5	55.8593	-53.8785	0	0.990641	0.136492	0	None	None
ChainingRodShaped	15271	4.15325	0.5	-6.16533	-57.0458	0	-0.250204	0.968193	0	None	None
ChainingRodShaped	17589	3.04808	0.5	-28.2233	-45.1702	0	-0.863134	-0.504974	0	None	None
ChainingRodShaped	15637	3.89512	0.5	78.549	-34.0874	0	-0.748864	0.662724	0	None	None
ChainingRodShaped	16021	3.59942	0.5	60.2478	61.3605	0	-0.33701	-0.941501	0	None	None
ChainingRodShaped	20399	2.07678	0.5	25.5487	-6.78889	0	-0.904441	-0.4266	0	None	None
ChainingRodShaped	20463	2.09918	0.5	-13.6639	-30.8092	0	0.740694	0.671843	0	None	None
ChainingRodShaped	18959	2.35828	0.5	93.9916	-18.4482	0	0.978329	0.207058	0	None	None
ChainingRodShaped	17279	2.68843	0.5	-30.4664	94.4692	0	0.965934	-0.25879	0	None	None
ChainingRodShaped	8281	4.61306	0.5	79.5808	10.7651	0	0.999998	0.00205945	0	None	None
ChainingRodShaped	10649	4.73816	0.5	-36.8877	26.9412	0	0.942459	0.334321	0	None	None
ChainingRodShaped	8829	4.7699	0.5	12.4874	39.832	0	0.545844	-0.837887	0	None	None
ChainingRodShaped	11267	3.72177	0.5	-63.2664	-20.5584	0	-0.778403	0.627765	0	None	None
ChainingRodShaped	15627	3.36502	0.5	-58.7951	107.397	0	0.225028	0.974352	0	None	None
ChainingRodShaped	17723	2.67682	0.5	71.7249	113.516	0	0.883708	-0.468039	0	None	None
ChainingRodShaped	14747	3.26329	0.5	-79.1811	59.1562	0	-0.887617	0.460581	0	None	None
ChainingRodShaped	20533	2.13893	0.5	-70.0036	74.6972	0	0.770224	-0.637774	0	None	None
ChainingRodShaped	12485	4.25005	0.5	-21.2326	95.2142	0	0.298711	-0.954344	0	None	None
ChainingRodShaped	11581	4.34651	0.5	1.81836	89.1363	0	-0.721696	-0.69221	0	None	None
ChainingRodShaped	10849	4.38202	0.5	51.6452	-6.77738	0	-0.518508	-0.855073	0	None	None
ChainingRodShaped	14853	3.22223	0.5	5.04822	59.8106	0	0.821193	0.57065	0	None	None
ChainingRodShaped	12259	3.81851	0.5	38.4481	35.3087	0	-0.831788	-0.555093	0	None	None
ChainingRodShaped	11493	4.72983	0.5	-30.6854	-16.2621	0	-0.311969	0.950092	0	None	None
ChainingRodShaped	10319	3.81821	0.5	-58.5506	55.2806	0	0.0551631	-0.998477	0	None	None
ChainingRodShaped	19555	2.36719	0.5	-47.2543	12.3185	0	0.987404	-0.158219	0	None	None
ChainingRodShaped	11327	3.84862	0.5	68.9024	112.004	0	0.86924	-0.494391	0	None	None
ChainingRodShaped	16375	3.45022	0.5	6.19165	-63.4222	0	0.965357	-0.260934	0	None	None
ChainingRodShaped	12381	3.82934	0.5	-77.5392	54.3046	0	0.898879	-0.438197	0	None	None
ChainingRodShaped	8299	4.92128	0.5	-42.6108	58.7386	0	0.248124	-0.968728	0	None	None
ChainingRodShaped	19325	2.44195	0.5	60.7078	-51.5154	0	0.626356	0.779537	0	None	None
ChainingRodShaped	7367	4.82617	0.5	-58.3801	99.7711	0	0.861756	0.507322	0	None	None
ChainingRodShaped	16417	2.78392	0.5	113.77	53.3803	0	0.328514	0.944499	0	None	None
ChainingRodShaped	10941	4.30889	0.5	45.1453	-0.480368	0	0.454204	-0.890898	0	None	None
ChainingRodShaped	11525	3.89983	0.5	-70.6266	21.2068	0	0.656635	-0.754208	0	None	None
ChainingRodShaped	20227	2.21148	0.5	22.2837	41.0122	0	0.473866	-0.880597	0	None	None
ChainingRodShaped	20827	2.03	0.5	-11.2549	-13.8166	0	-0.918585	0.395224	0	None	None
ChainingRodShaped	10977	3.70873	0.5	8.54272	49.8225	0	0.766017	0.64282	0	None	None
ChainingRodShaped	18941	2.65217	0.5	54.0483	-1.22109	0	-0.937929	-0.346826	0	None	None
ChainingRodShaped	17591	2.93236	0.5	-18.6427	10.3067	0	-0.118447	-0.99296	0	None	None
ChainingRodShaped	18979	2.65383	0.5	-16.3195	17.307	0	0.88437	-0.466787	0	None	None
ChainingRodShaped	13909	3.79298	0.5	44.7073	-7.86393	0	-0.541326	-0.840813	0	None	None
ChainingRodShaped	18219	2.60458	0.5	40.2979	75.7337	0	0.89836	0.43926	0	None	None
ChainingRodShaped	20669	2.03448	0.5	33.7942	43.7475	0	-0.640625	0.767854	0	None	None
ChainingRodShaped	9879	3.85649	0.5	-36.9643	-61.6858	0	-0.926371	-0.376613	0	None	None
ChainingRodShaped	16707	2.77374	0.5	5.98208	96.6959	0	-0.70988	-0.704322	0	None	None
ChainingRodShaped	13545	2.99308	0.5	14.6688	24.8565	0	0.996055	-0.0887407	0	None	None
ChainingRodShaped	15411	3.48618	0.5	62.7015	47.0254	0	0.973967	0.226691	0	None	None
ChainingRodShaped	13491	3.13389	0.5	-59.7125	79.014	0	0.717709	0.696343	0	None	None
ChainingRodShaped	15873	2.97433	0.5	34.9182	-22.9983	0	-0.214996	-0.976615	0	None	None
ChainingRodShaped	13967	3.6595	0.5	3.94392	-21.9672	0	-0.984369	0.17612	0	None	None
ChainingRodShaped	14377	3.01793	0.5	75.9588	49.091	0	-0.628794	-0.777572	0	None	None
ChainingRodShaped	16439	3.15075	0.5	41.6638	64.9033	0	-0.241593	-0.970378	0	None	None
ChainingRodShaped	16185	2.7127	0.5	46.2126	68.597	0	-0.135276	-0.990808	0	None	None
ChainingRodShaped	20719	2.03892	0.5	-45.0583	6.48356	0	0.997889	-0.0649489	0	None	None
ChainingRodShaped	18505	2.6943	0.5	-35.2555	82.2363	0	0.906858	0.421436	0	None	None
ChainingRodShaped	8899	4.23561	0.5	-17.196	-41.5855	0	0.486208	0.873843	0	None	None
ChainingRodShaped	11353	4.79917	0.5	-5.8909	88.3287	0	-0.784382	-0.620278	0	None	None
ChainingRodShaped	20525	2.10383	0.5	91.4878	-4.18993	0	-0.545654	-0.83801	0	None	None
ChainingRodShaped	13895	3.00172	0.5	38.6042	33.8017	0	-0.820715	-0.571338	0	None	None
ChainingRodShaped	16533	2.74093	0.5	-29.1674	3.7267	0	-0.0237044	0.999719	0	None	None
ChainingRodShaped	11623	4.95169	0.5	56.5769	-51.1789	0	-0.633699	-0.77358	0	None	None
ChainingRodShaped	18421	2.89285	0.5	15.2992	35.7288	0	0.965801	0.259286	0	None	None
ChainingRodShaped	13861	4.62794	0.5	-53.4075	81.6847	0	0.734797	0.678287	0	None	None
ChainingRodShaped	12165	3.76858	0.5	61.9588	122.223	0	0.908222	0.418489	0	None	None
ChainingRodShaped	20907	2.01036	0.5	-50.3138	-25.3064	0	0.596586	0.802549	0	None	None
ChainingRodShaped	13177	3.654	0.5	-24.0399	44.4982	0	0.986969	-0.160908	0	None	None
ChainingRodShaped	16249	3.6838	0.5	12.4023	2.97014	0	-0.450436	-0.892809	0	None	None
ChainingRodShaped	19821	2.27675	0.5	63.5651	-5.11651	0	0.229505	0.973307	0	None	None
ChainingRodShaped	12903	4.32533	0.5	78.4437	1.69674	0	0.992237	-0.124363	0	None	None
ChainingRodShaped	18419	2.85416	0.5	47.888	87.4399	0	0.0632337	0.997999	0	None	None
ChainingRodShaped	13993	4.15352	0.5	-62.71	80.9179	0	0.236371	0.971663	0	None	None
ChainingRodShaped	10539	4.59506	0.5	-41.2956	35.9345	0	-0.954301	-0.298846	0	None	None
ChainingRodShaped	12715	4.36339	0.5	44.4574	-0.608943	0	0.463077	-0.886318	0	None	None
ChainingRodShaped	8861	4.27892	0.5	73.6133	84.7146	0	0.0743109	0.997235	0	None	None
ChainingRodShaped	18147	2.99714	0.5	23.0648	-33.128	0	-0.918463	-0.395506	0	None	None
ChainingRodShaped	11955	3.40614	0.5	16.8462	61.8403	0	0.798519	0.60197	0	None	None
ChainingRodShaped	19289	2.41084	0.5	63.3791	53.5463	0	0.97214	0.234403	0	None	None
ChainingRodShaped	11185	3.65218	0.5	48.1191	32.7669	0	0.999998	0.00203796	0	None	None
ChainingRodShaped	11029	3.63267	0.5	60.9019	101.442	0	-0.178422	-0.983954	0	None	None
ChainingRodShaped	16981	3.17448	0.5	58.1144	-31.3411	0	0.393685	0.919245	0	None	None
ChainingRodShaped	19063	2.46821	0.5	-24.664	82.1307	0	-0.819487	0.573098	0	None	None
ChainingRodShaped	17503	3.13426	0.5	-82.7389	8.618	0	-0.866918	0.498451	0	None	None
ChainingRodShaped	9639	3.90427	0.5	-13.5989	3.24313	0	0.943011	-0.33276	0	None	None
ChainingRodShaped	19739	2.3565	0.5	55.7539	62.9227	0	0.513036	-0.858367	0	None	None
ChainingRodShaped	18301	2.75869	0.5	9.91285	117.218	0	-0.947326	-0.32027	0	None	None
ChainingRodShaped	20773	2.02045	0.5	84.9566	26.9541	0	0.177384	0.984142	0	None	None
ChainingRodShaped	16437	2.82346	0.5	14.6946	21.2239	0	-0.993041	0.117771	0	None	None
ChainingRodShaped	12291	4.67064	0.5	68.0409	-55.0157	0	-0.221234	-0.975221	0	None	None
ChainingRodShaped	11421	3.61815	0.5	39.167	-18.2117	0	-0.418138	-0.908383	0	None	None
ChainingRodShaped	11249	3.45965	0.5	108.737	37.0398	0	0.999897	-0.0143251	0	None	None
ChainingRodShaped	12875	3.34102	0.5	52.8807	78.8075	0	-0.507705	-0.861531	0	None	None
ChainingRodShaped	9847	4.03534	0.5	27.4266	55.562	0	0.798001	0.602656	0	None	None
ChainingRodShaped	17567	2.60432	0.5	32.3131	11.1852	0	-0.681019	-0.732265	0	None	None
ChainingRodShaped	11019	4.53328	0.5	70.7516	99.6071	0	0.723582	0.690239	0	None	None
ChainingRodShaped	16583	2.70048	0.5	76.1181	-15.379	0	0.131774	-0.99128	0	None	None
ChainingRodShaped	8789	4.0734	0.5	-35.7444	83.6634	0	0.914906	0.403666	0	None	None
ChainingRodShaped	18951	2.25088	0.5	-65.269	66.8398	0	-0.0906547	0.995882	0	None	None
ChainingRodShaped	16761	3.10282	0.5	-22.1718	86.7167	0	0.81776	-0.575559	0	None	None
ChainingRodShaped	11659	3.98679	0.5	0.926211	-25.31	0	0.0143365	-0.999897	0	None	None
ChainingRodShaped	15929	2.64685	0.5	15.3533	-31.7636	0	-0.675827	0.73706	0	None	None
ChainingRodShaped	7565	4.81009	0.5	-3.51258	56.127	0	0.949634	-0.313361	0	None	None
ChainingRodShaped	18193	2.6431	0.5	-3.61973	15.7836	0	-0.742191	-0.670188	0	None	None
ChainingRodShaped	19431	2.36359	0.5	75.3168	55.1885	0	0.906009	0.423258	0	None	None
ChainingRodShaped	18689	2.44994	0.5	37.7364	95.1765	0	0.230918	0.972973	0	None	None
ChainingRodShaped	10301	4.56994	0.5	-14.4998	14.4704	0	-0.418258	-0.908328	0	None	None
ChainingRodShaped	12339	4.59113	0.5	54.7895	39.4632	0	-0.941033	-0.338313	0	None	None
ChainingRodShaped	20837	2.03126	0.5	-41.2059	74.8059	0	0.597499	0.80187	0	None	None
ChainingRodShaped	17239	2.5789	0.5	-31.0732	-36.3467	0	-0.994121	-0.108278	0	None	None
ChainingRodShaped	20787	2.03912	0.5	86.6796	97.8135	0	0.966521	-0.256587	0	None	None
ChainingRodShaped	18861	2.34088	0.5	-17.6555	-27.5393	0	0.631516	0.775363	0	None	None
ChainingRodShaped	10787	4.44031	0.5	46.5329	47.6233	0	0.906552	0.422095	0	None	None
ChainingRodShaped	15471	3.82102	0.5	52.1113	29.7784	0	0.954125	-0.299409	0	None	None
ChainingRodShaped	12311	4.78785	0.5	-1.74681	-42.2504	0	-0.655059	0.755578	0	None	None
ChainingRodShaped	10231	4.46868	0.5	82.1048	96.572	0	0.874398	-0.48521	0	None	None
ChainingRodShaped	17743	2.68946	0.5	55.6481	85.6457	0	0.301465	-0.953477	0	None	None
ChainingRodShaped	14767	4.04223	0.5	-7.57759	-55.2961	0	0.115704	0.993284	0	None	None
ChainingRodShaped	11771	3.7334	0.5	48.1704	20.771	0	0.24958	-0.968354	0	None	None
ChainingRodShaped	12151	4.91237	0.5	91.6119	16.4223	0	0.242441	0.970166	0	None	None
ChainingRodShaped	16791	3.50076	0.5	-44.6453	51.4656	0	-0.165471	0.986215	0	None	None
ChainingRodShaped	15361	2.9307	0.5	-32.9398	42.5606	0	0.383242	-0.923648	0	None	None
ChainingRodShaped	17987	2.71225	0.5	43.1012	20.7117	0	0.981213	0.192927	0	None	None
ChainingRodShaped	6593	4.67846	0.5	-10.5763	-5.19154	0	-0.848083	-0.529863	0	None	None
ChainingRodShaped	10895	4.97413	0.5	74.5972	26.1148	0	0.826094	-0.563532	0	None	None
ChainingRodShaped	11755	4.60773	0.5	88.231	4.58394	0	0.998267	0.058845	0	None	None
ChainingRodShaped	14625	2.97295	0.5	81.9077	64.5005	0	0.858682	0.512509	0	None	None
ChainingRodShaped	8751	4.58669	0.5	72.8636	85.9989	0	0.0772158	0.997014	0	None	None
ChainingRodShaped	17347	3.27763	0.5	55.3757	14.1017	0	-0.273297	-0.96193	0	None	None
ChainingRodShaped	13893	3.89073	0.5	-6.57782	12.9305	0	-0.585439	-0.810717	0	None	None
ChainingRodShaped	13693	3.45413	0.5	32.8134	10.9032	0	-0.673606	-0.739091	0	None	None
ChainingRodShaped	19303	2.34802	0.5	-11.8153	30.6601	0	-0.880248	-0.474515	0	None	None
ChainingRodShaped	13825	4.00812	0.5	85.758	51.0966	0	-0.664634	-0.747169	0	None	None
ChainingRodShaped	18699	2.40324	0.5	99.855	-24.4206	0	0.999528	0.0307302	0	None	None
ChainingRodShaped	11549	4.37865	0.5	49.8189	106.301	0	0.685643	0.727938	0	None	None
ChainingRodShaped	18943	2.57017	0.5	38.932	88.1281	0	0.909424	0.415869	0	None	None
ChainingRodShaped	17395	3.21958	0.5	83.1526	47.325	0	-0.774431	-0.632659	0	None	None
ChainingRodShaped	9969	3.93719	0.5	109.929	58.7324	0	0.485745	-0.874101	0	None	None
ChainingRodShaped	17339	2.90445	0.5	5.91055	120.501	0	0.934691	0.355461	0	None	None
ChainingRodShaped	13931	4.78725	0.5	-5.89595	-6.86298	0	-0.541225	0.840878	0	None	None
ChainingRodShaped	16267	3.10108	0.5	-40.6396	-53.1645	0	0.999635	0.0270129	0	None	None
ChainingRodShaped	14015	3.52933	0.5	-80.1682	72.0541	0	-0.867142	-0.498061	0	None	None
ChainingRodShaped	13653	3.82663	0.5	3.52272	79.2051	0	0.875483	-0.48325	0	None	None
ChainingRodShaped	17955	2.402	0.5	-59.4812	-40.6704	0	-0.88645	-0.462824	0	None	None
ChainingRodShaped	12533	4.47556	0.5	-57.791	22.5239	0	-0.814215	-0.580563	0	None	None
ChainingRodShaped	8821	4.88784	0.5	-18.046	115.372	0	0.273418	-0.961895	0	None	None
ChainingRodShaped	11969	3.92421	0.5	-33.3086	41.6734	0	0.392449	-0.919774	0	None	None
ChainingRodShaped	18953	2.60649	0.5	5.10139	48.246	0	0.8685	0.495689	0	None	None
ChainingRodShaped	9837	4.31374	0.5	44.0116	-51.5031	0	0.999177	-0.0405533	0	None	None
ChainingRodShaped	13443	4.0918	0.5	-19.6427	90.3954	0	0.300222	-0.953869	0	None	None
ChainingRodShaped	8545	4.91566	0.5	0.939964	56.7642	0	0.999998	-0.00203079	0	None	None
ChainingRodShaped	11305	3.50202	0.5	-40.0585	-64.8725	0	0.915569	-0.402161	0	None	None
ChainingRodShaped	14199	4.27879	0.5	53.9397	16.2518	0	-0.357273	-0.934	0	None	None
ChainingRodShaped	9239	4.95696	0.5	-80.0264	22.6767	0	0.202326	-0.979318	0	None	None
ChainingRodShaped	9725	4.25315	0.5	57.2416	23.0999	0	-0.897283	0.441455	0	None	None
ChainingRodShaped	10009	3.74834	0.5	37.538	114.679	0	-0.7164	-0.69769	0	None	None
ChainingRodShaped	10265	3.73253	0.5	28.6413	-68.7504	0	0.143735	-0.989616	0	None	None
ChainingRodShaped	15379	3.32987	0.5	-32.9931	57.0333	0	0.96164	-0.274314	0	None	None
ChainingRodShaped	18597	2.34079	0.5	-47.0094	101.469	0	0.873724	0.486421	0	None	None
ChainingRodShaped	12555	4.39858	0.5	-11.2798	101.675	0	0.973429	0.228991	0	None	None
ChainingRodShaped	14091	4.39595	0.5	-23.2504	51.2835	0	0.867519	-0.497405	0	None	None
ChainingRodShaped	14681	3.15012	0.5	102.688	23.629	0	0.86596	-0.500114	0	None	None
ChainingRodShaped	19103	2.63304	0.5	53.3967	-31.8587	0	0.479705	-0.87743	0	None	None
ChainingRodShaped	12645	3.85429	0.5	27.8996	14.5881	0	-0.210473	0.9776	0	None	None
ChainingRodShaped	13705	4.23747	0.5	5.96167	-1.10405	0	0.11336	-0.993554	0	None	None
ChainingRodShaped	12321	3.62811	0.5	4.38557	40.2752	0	-0.975783	0.218742	0	None	None
ChainingRodShaped	17913	2.44053	0.5	4.04622	6.29754	0	0.977734	0.209848	0	None	None
ChainingRodShaped	13509	4.14998	0.5	-17.7914	36.1383	0	0.955809	-0.293988	0	None	None
ChainingRodShaped	11235	4.02424	0.5	-11.4785	-49.9268	0	-0.373959	-0.927445	0	None	None
ChainingRodShaped	18855	2.60814	0.5	55.3051	-60.2048	0	0.997032	0.0769942	0	None	None
ChainingRodShaped	8399	4.58258	0.5	-18.1879	98.4363	0	0.294664	-0.955601	0	None	None
ChainingRodShaped	13727	4.85115	0.5	72.421	38.785	0	-0.999457	0.0329377	0	None	None
ChainingRodShaped	15825	3.17606	0.5	96.6419	1.26533	0	-0.423103	-0.906082	0	None	None
ChainingRodShaped	8663	4.46875	0.5	-0.519736	14.3085	0	0.991272	0.131835	0	None	None
ChainingRodShaped	14977	3.72178	0.5	-70.5633	47.0739	0	0.916035	-0.401098	0	None	None
ChainingRodShaped	9137	4.79263	0.5	83.4808	21.6234	0	0.865523	-0.500868	0	None	None
ChainingRodShaped	18985	2.33623	0.5	48.9503	73.0797	0	-0.175232	-0.984527	0	None	None
ChainingRodShaped	17209	2.68949	0.5	91.3125	26.7237	0	0.889501	-0.456932	0	None	None
ChainingRodShaped	15925	3.78541	0.5	-55.9931	59.7995	0	-0.120616	-0.992699	0	None	None
ChainingRodShaped	16195	3.45772	0.5	52.951	77.3104	0	-0.669338	-0.742958	0	None	None
ChainingRodShaped	8439	4.65236	0.5	85.2798	66.2619	0	0.343466	0.939165	0	None	None
ChainingRodShaped	7105	4.9939	0.5	21.4217	30.9649	0	-0.0935642	-0.995613	0	None	None
ChainingRodShaped	17745	2.48874	0.5	11.8017	124.771	0	0.893477	0.449108	0	None	None
ChainingRodShaped	16305	3.60309	0.5	51.6786	-57.7111	0	0.999885	0.0151564	0	None	None
ChainingRodShaped	18359	2.35778	0.5	38.2785	-47.1697	0	0.994363	-0.106033	0	None	None
ChainingRodShaped	19995	2.1212	0.5	-8.82359	-5.7444	0	0.831552	0.555447	0	None	None
ChainingRodShaped	6387	4.98194	0.5	-19.8923	27.5466	0	0.836732	-0.547613	0	None	None
ChainingRodShaped	12805	4.86423	0.5	-63.3727	-45.633	0	-0.696792	-0.717273	0	None	None
ChainingRodShaped	10859	4.143	0.5	-31.2752	77.3329	0	-0.401874	-0.915695	0	None	None
ChainingRodShaped	14355	4.24136	0.5	25.8	47.0496	0	0.434365	0.900737	0	None	None
ChainingRodShaped	14333	4.39377	0.5	20.5177	4.57262	0	0.374318	-0.9273	0	None	None
ChainingRodShaped	13521	3.32894	0.5	14.4502	34.1295	0	0.970813	0.239836	0	None	None
ChainingRodShaped	6843	4.65061	0.5	-22.3497	-13.574	0	-0.736133	-0.676836	0	None	None
ChainingRodShaped	12681	3.73055	0.5	-36.7719	-44.412	0	-0.18422	-0.982885	0	None	None
ChainingRodShaped	6065	4.95499	0.5	-48.8501	-11.9704	0	-0.727746	-0.685846	0	None	None
ChainingRodShaped	16759	2.8599	0.5	18.657	88.2804	0	0.958919	0.283681	0	None	None
ChainingRodShaped	18273	2.64644	0.5	-27.403	-66.811	0	0.967812	-0.251673	0	None	None
ChainingRodShaped	14289	3.51299	0.5	79.6283	-42.7016	0	0.378135	-0.925751	0	None	None
ChainingRodShaped	9057	4.17137	0.5	46.305	20.3614	0	-0.278285	0.960498	0	None	None
ChainingRodShaped	18937	2.29032	0.5	-61.743	41.6392	0	0.953453	0.301542	0	None	None
ChainingRodShaped	15667	3.5541	0.5	20.3491	-10.1427	0	0.953328	-0.301936	0	None	None
ChainingRodShaped	6295	4.81537	0.5	-89.5094	-8.20786	0	0.0400802	-0.999196	0	None	None
ChainingRodShaped	14403	4.38871	0.5	68.8039	58.7468	0	0.764909	0.644139	0	None	None
ChainingRodShaped	10217	3.84021	0.5	-63.5229	-25.9418	0	-0.764379	0.644767	0	None	None
ChainingRodShaped	16011	2.73558	0.5	34.8284	-51.3924	0	0.875353	-0.483485	0	None	None
ChainingRodShaped	15329	3.32296	0.5	-27.7733	41.6837	0	-0.84059	-0.541673	0	None	None
ChainingRodShaped	14721	4.33326	0.5	2.79414	52.9148	0	0.998576	0.0533416	0	None	None
ChainingRodShaped	16815	2.79239	0.5	-55.1511	107.896	0	-0.99825	-0.0591275	0	None	None
ChainingRodShaped	15463	3.03413	0.5	62.6646	-28.5796	0	0.0175732	0.999846	0	None	None
ChainingRodShaped	18473	2.60941	0.5	12.2157	9.72938	0	0.984121	0.177497	0	None	None
ChainingRodShaped	15035	3.60137	0.5	-43.0366	65.3234	0	-0.610479	-0.792033	0	None	None
ChainingRodShaped	17155	2.76666	0.5	68.8065	53.0052	0	0.903023	0.429592	0	None	None
ChainingRodShaped	13271	4.49488	0.5	-3.86855	-47.8811	0	-0.943893	0.330252	0	None	None
ChainingRodShaped	16163	2.88037	0.5	-65.5558	-43.2965	0	-0.391481	-0.920186	0	None	None
ChainingRodShaped	13637	3.14497	0.5	-11.5681	19.0837	0	0.425815	-0.90481	0	None	None
ChainingRodShaped	19347	2.40802	0.5	-12.5362	126.363	0	0.999942	0.0107995	0	None	None
ChainingRodShaped	15253	3.06013	0.5	18.8455	107.42	0	-0.471298	0.881974	0	None	None
ChainingRodShaped	14381	3.14216	0.5	17.2423	74.4731	0	0.831745	0.555158	0	None	None
ChainingRodShaped	20299	2.18137	0.5	-5.90622	51.1816	0	0.976716	-0.214536	0	None	None
ChainingRodShaped	18633	2.67069	0.5	-20.5042	16.3504	0	0.930755	-0.365643	0	None	None
ChainingRodShaped	20655	2.0684	0.5	-88.0048	0.296249	0	0.980206	-0.197978	0	None	None
ChainingRodShaped	12271	4.34933	0.5	67.3231	36.3952	0	0.800331	-0.599558	0	None	None
ChainingRodShaped	14539	3.1073	0.5	-27.2323	37.6401	0	0.880565	0.473926	0	None	None
ChainingRodShaped	13463	3.08573	0.5	44.3459	-19.1462	0	-0.546352	-0.837556	0	None	None
ChainingRodShaped	12125	4.26666	0.5	96.3567	56.6082	0	-0.395312	-0.918547	0	None	None
ChainingRodShaped	19889	2.35866	0.5	95.0017	42.8823	0	-0.814454	-0.580228	0	None	None
ChainingRodShaped	16921	2.60631	0.5	6.39666	105.262	0	0.492483	0.870322	0	None	None
ChainingRodShaped	14305	4.26195	0.5	-59.6971	38.9146	0	0.929162	0.369674	0	None	None
ChainingRodShaped	12801	3.12753	0.5	47.0183	47.128	0	0.906015	0.423246	0	None	None
ChainingRodShaped	10469	4.84448	0.5	27.3374	-77.4744	0	0.791276	-0.611459	0	None	None
ChainingRodShaped	16341	3.26899	0.5	27.5571	-15.4987	0	0.943037	-0.332688	0	None	None
ChainingRodShaped	17323	2.53648	0.5	104.161	21.6194	0	0.828207	-0.560422	0	None	None
ChainingRodShaped	16481	3.16481	0.5	42.4021	-7.55116	0	0.984829	-0.173528	0	None	None
ChainingRodShaped	8445	4.23828	0.5	88.2881	55.2638	0	-0.414632	-0.909989	0	None	None
ChainingRodShaped	8685	4.66376	0.5	-6.89646	77.0331	0	0.554373	-0.832268	0	None	None
ChainingRodShaped	11355	3.63503	0.5	47.9182	-58.7788	0	0.997597	0.0692821	0	None	None
ChainingRodShaped	19011	2.65168	0.5	13.2756	-21.9413	0	-0.991597	-0.129362	0	None	None
ChainingRodShaped	13495	3.72435	0.5	24.4627	85.0394	0	0.999571	0.0292957	0	None	None
ChainingRodShaped	19893	2.31319	0.5	49.984	19.1985	0	0.155364	-0.987857	0	None	None
ChainingRodShaped	9831	3.98362	0.5	-75.6906	63.5952	0	-0.457373	0.889275	0	None	None
ChainingRodShaped	19471	2.43631	0.5	37.9843	122.201	0	0.310443	-0.950592	0	None	None
ChainingRodShaped	12919	4.31576	0.5	32.2364	26.3449	0	0.0241128	-0.999709	0	None	None
ChainingRodShaped	10671	4.8251	0.5	33.2182	131.59	0	0.91125	0.411854	0	None	None
ChainingRodShaped	11381	3.7795	0.5	-33.206	98.746	0	0.964701	-0.263348	0	None	None
ChainingRodShaped	14341	3.59004	0.5	10.4946	-31.0873	0	-0.994307	0.106557	0	None	None
ChainingRodShaped	20279	2.12369	0.5	39.6606	-14.7264	0	0.92214	-0.386855	0	None	None
ChainingRodShaped	16415	3.17214	0.5	-20.3902	-27.3166	0	-0.559264	-0.828989	0	None	None
ChainingRodShaped	9487	4.92649	0.5	54.2414	-4.66242	0	0.323953	-0.946073	0	None	None
ChainingRodShaped	13035	4.34291	0.5	84.2052	-1.69801	0	0.671887	0.740653	0	None	None
ChainingRodShaped	14057	4.15256	0.5	93.9782	48.3592	0	-0.734694	-0.678399	0	None	None
ChainingRodShaped	12619	4.31615	0.5	-70.9146	-17.0621	0	-0.852121	0.523345	0	None	None
ChainingRodShaped	13537	3.74874	0.5	79.7246	14.653	0	0.814585	-0.580045	0	None	None
ChainingRodShaped	10133	4.86125	0.5	-15.7226	-36.301	0	-0.766972	-0.641681	0	None	None
ChainingRodShaped	7803	4.35532	0.5	-62.9247	77.4035	0	0.394176	0.919035	0	None	None
ChainingRodShaped	14365	2.8826	0.5	51.0661	-45.9231	0	0.987039	0.160481	0	None	None
ChainingRodShaped	19901	2.28408	0.5	9.40066	69.8229	0	0.948581	-0.316535	0	None	None
ChainingRodShaped	11013	3.92918	0.5	-82.1855	28.9728	0	0.540633	0.841258	0	None	None
ChainingRodShaped	20377	2.17725	0.5	56.1405	115.142	0	0.738367	0.6744	0	None	None
ChainingRodShaped	9937	3.9836	0.5	38.0769	116.295	0	-0.723361	-0.69047	0	None	None
ChainingRodShaped	16971	3.33573	0.5	-2.65899	-31.2201	0	0.41313	-0.910672	0	None	None
ChainingRodShaped	10493	4.7379	0.5	57.5205	60.1403	0	-0.807305	-0.590135	0	None	None
ChainingRodShaped	16423	3.4706	0.5	4.13576	60.4258	0	-0.68204	-0.731315	0	None	None
ChainingRodShaped	13451	4.88134	0.5	-80.3136	19.5577	0	-0.19932	0.979935	0	None	None
ChainingRodShaped	12279	4.99827	0.5	-88.6972	13.9837	0	-0.60294	0.797786	0	None	None
ChainingRodShaped	20869	2.01073	0.5	-11.0298	88.3217	0	-0.785999	-0.618228	0	None	None
ChainingRodShaped	8597	4.74344	0.5	111.986	13.562	0	0.619107	-0.785306	0	None	None
ChainingRodShaped	14645	3.56332	0.5	77.1355	23.5289	0	-0.851265	0.524737	0	None	None
ChainingRodShaped	14931	2.93715	0.5	83.4456	-1.33144	0	0.66866	0.743568	0	None	None
ChainingRodShaped	6737	4.86154	0.5	-77.1072	1.29105	0	-0.942946	0.332945	0	None	None
ChainingRodShaped	6673	4.89587	0.5	-41.3884	-41.4731	0	0.383162	-0.923681	0	None	None
ChainingRodShaped	16699	2.56849	0.5	24.6279	71.1307	0	0.836237	0.548368	0	None	None
ChainingRodShaped	17659	3.02322	0.5	-39.1604	-1.69829	0	-0.929788	-0.368096	0	None	None
ChainingRodShaped	10637	4.47662	0.5	65.2079	63.6696	0	-0.240154	0.970735	0	None	None
ChainingRodShaped	15077	2.83367	0.5	100.203	-25.3833	0	0.999499	0.0316465	0	None	None
ChainingRodShaped	19227	2.40058	0.5	-24.5729	-3.05277	0	-0.366375	0.930467	0	None	None
ChainingRodShaped	15415	3.87155	0.5	54.0877	-61.2065	0	0.99891	0.0466768	0	None	None
ChainingRodShaped	16581	3.12312	0.5	-54.0576	-3.205	0	0.84132	-0.540537	0	None	None
ChainingRodShaped	6449	4.76764	0.5	57.424	122.295	0	0.909092	0.416596	0	None	None
ChainingRodShaped	12887	3.66486	0.5	67.4628	19.9482	0	0.840316	-0.542097	0	None	None
ChainingRodShaped	13881	4.56415	0.5	-55.574	-29.2735	0	-0.61534	-0.788262	0	None	None
ChainingRodShaped	13835	3.33809	0.5	89.6178	78.0556	0	0.99439	-0.105779	0	None	None
ChainingRodShaped	18283	2.62958	0.5	-11.8939	100.674	0	0.974011	0.226502	0	None	None
ChainingRodShaped	16329	3.52995	0.5	23.3804	43.0123	0	-0.447366	0.894351	0	None	None
ChainingRodShaped	18737	2.57906	0.5	28.1381	-35.9056	0	-0.964362	-0.264586	0	None	None
ChainingRodShaped	12163	3.92327	0.5	-71.0244	25.1287	0	-0.936099	0.351736	0	None	None
ChainingRodShaped	17313	2.77572	0.5	-32.3078	33.5337	0	0.943308	0.331919	0	None	None
ChainingRodShaped	12523	3.33669	0.5	16.1454	76.3368	0	0.960608	-0.277906	0	None	None
ChainingRodShaped	10277	4.42614	0.5	78.9196	-50.1363	0	0.210648	0.977562	0	None	None
ChainingRodShaped	13151	3.83469	0.5	25.3853	-25.8925	0	-0.909932	-0.414757	0	None	None
ChainingRodShaped	16291	3.69591	0.5	19.8688	74.4729	0	0.831769	0.555122	0	None	None
ChainingRodShaped	20861	2.01345	0.5	37.5517	-19.8173	0	-0.409058	-0.912508	0	None	None
ChainingRodShaped	11503	4.88695	0.5	-76.9974	80.4494	0	0.986173	0.165719	0	None	None
ChainingRodShaped	15539	2.83507	0.5	-14.5445	-24.1417	0	-0.543499	0.83941	0	None	None
ChainingRodShaped	17409	2.565	0.5	3.60573	-35.1499	0	0.629056	-0.77736	0	None	None
ChainingRodShaped	15071	3.195	0.5	-56.345	-24.8257	0	-0.643605	-0.765357	0	None	None
ChainingRodShaped	19873	2.1616	0.5	66.4729	-14.775	0	0.135817	0.990734	0	None	None
ChainingRodShaped	13233	4.62867	0.5	26.877	82.2811	0	0.998625	0.0524198	0	None	None
ChainingRodShaped	13033	3.74514	0.5	-19.9155	89.1095	0	0.309845	-0.950787	0	None	None
ChainingRodShaped	19435	2.25627	0.5	-45.4665	72.8378	0	0.651156	0.758944	0	None	None
ChainingRodShaped	2188	3.57149	0.5	-61.6642	50.1119	0	0.968464	-0.249155	0	17177	2187
ChainingRodShaped	9897	4.12366	0.5	0.462358	6.30769	0	0.984638	0.174606	0	None	None
ChainingRodShaped	12149	3.80816	0.5	-26.2812	-61.9627	0	-0.999901	-0.0140604	0	None	None
ChainingRodShaped	2194	4.11644	0.5	-82.7656	58.925	0	0.888584	-0.458714	0	9851	2193
ChainingRodShaped	18567	2.34924	0.5	79.4751	102.592	0	0.824795	-0.565432	0	None	None
ChainingRodShaped	16653	3.59679	0.5	43.8297	77.4544	0	0.893847	0.448372	0	None	None
ChainingRodShaped	15473	3.40511	0.5	65.8174	64.1338	0	-0.231426	0.972853	0	None	None
ChainingRodShaped	14965	2.88237	0.5	-37.2616	22.3075	0	-0.471167	0.882044	0	None	None
ChainingRodShaped	11165	4.47752	0.5	53.4818	7.02025	0	-0.686601	-0.727035	0	None	None
ChainingRodShaped	10817	3.93568	0.5	60.3839	30.8429	0	0.80115	-0.598463	0	None	None
ChainingRodShaped	10567	4.46769	0.5	91.3062	-2.90753	0	-0.551568	-0.83413	0	None	None
ChainingRodShaped	20063	2.17354	0.5	2.37972	9.98126	0	0.982933	0.183962	0	None	None
ChainingRodShaped	13905	3.5719	0.5	-3.70182	-3.53382	0	-0.538613	0.842553	0	None	None
ChainingRodShaped	13695	3.63881	0.5	-10.815	4.92212	0	0.929014	-0.370044	0	None	None
ChainingRodShaped	15977	2.94863	0.5	-58.6297	97.3477	0	-0.825463	-0.564456	0	None	None
ChainingRodShaped	17769	3.07029	0.5	-56.8514	31.0172	0	-0.767118	-0.641506	0	None	None
ChainingRodShaped	17073	2.90056	0.5	43.9288	-14.2397	0	0.965141	-0.26173	0	None	None
ChainingRodShaped	13317	4.27221	0.5	86.283	13.5997	0	0.855819	-0.517275	0	None	None
ChainingRodShaped	19525	2.44591	0.5	-69.6928	-24.9944	0	0.704935	-0.709272	0	None	None
ChainingRodShaped	19317	2.25506	0.5	60.4475	-34.9326	0	0.230348	0.973108	0	None	None
ChainingRodShaped	12475	3.47394	0.5	54.1131	64.3581	0	0.382125	-0.924111	0	None	None
ChainingRodShaped	16227	3.03189	0.5	-63.1108	7.93856	0	0.989017	-0.147802	0	None	None
ChainingRodShaped	20601	2.05625	0.5	-20.6392	-26.2048	0	-0.567513	-0.823364	0	None	None
ChainingRodShaped	19161	2.38686	0.5	55.76	44.0642	0	-0.919152	-0.393904	0	None	None
ChainingRodShaped	9111	4.36422	0.5	65.9424	-13.6253	0	0.146045	0.989278	0	None	None
ChainingRodShaped	11325	3.50217	0.5	-60.1887	93.54	0	0.158014	0.987437	0	None	None
ChainingRodShaped	19733	2.35943	0.5	-0.0460007	-34.0967	0	0.591002	-0.80667	0	None	None
ChainingRodShaped	17739	2.88659	0.5	56.8228	124.16	0	0.908237	0.418456	0	None	None
ChainingRodShaped	12587	3.69756	0.5	17.1782	115.531	0	-0.311784	0.950153	0	None	None
ChainingRodShaped	16359	2.89745	0.5	101.206	-21.1228	0	0.958412	0.285387	0	None	None
ChainingRodShaped	13387	4.86496	0.5	28.935	96.7933	0	0.21646	-0.976291	0	None	None
ChainingRodShaped	14387	3.00324	0.5	-79.7169	-18.0726	0	-0.000796486	-1	0	None	None
ChainingRodShaped	10735	4.74302	0.5	88.9976	77.2267	0	0.995399	-0.0958142	0	None	None
ChainingRodShaped	20681	2.05432	0.5	64.0977	-55.8818	0	-0.209034	-0.977908	0	None	None
ChainingRodShaped	12823	3.94755	0.5	-6.71328	98.5961	0	0.967624	0.252396	0	None	None
ChainingRodShaped	13123	4.70668	0.5	-5.44676	44.8593	0	0.661517	-0.74993	0	None	None
ChainingRodShaped	18645	2.52383	0.5	104.967	8.81774	0	-0.627081	0.778954	0	None	None
ChainingRodShaped	20853	2.02645	0.5	42.4637	13.7273	0	-0.738672	-0.674065	0	None	None
ChainingRodShaped	11277	3.47918	0.5	-7.71203	57.2736	0	0.502828	-0.864386	0	None	None
ChainingRodShaped	14551	4.3225	0.5	-16.5806	53.6373	0	0.655908	-0.754841	0	None	None
ChainingRodShaped	14851	2.91497	0.5	-73.9714	58.4013	0	-0.856939	0.515418	0	None	None
ChainingRodShaped	7751	4.60996	0.5	38.3319	107.052	0	0.767483	0.64107	0	None	None
ChainingRodShaped	13837	3.46188	0.5	82.3712	84.7649	0	0.585957	-0.810342	0	None	None
ChainingRodShaped	8069	4.62785	0.5	85.4776	-13.8859	0	-0.21544	-0.976517	0	None	None
ChainingRodShaped	10775	3.93879	0.5	-51.9339	108.321	0	-0.945542	0.3255	0	None	None
ChainingRodShaped	17227	2.67384	0.5	-7.66192	126.178	0	-0.128535	-0.991705	0	None	None
ChainingRodShaped	17255	2.90319	0.5	-57.4827	-21.2326	0	-0.639767	-0.768569	0	None	None
ChainingRodShaped	12791	3.692	0.5	-38.6447	-43.242	0	0.448406	-0.89383	0	None	None
ChainingRodShaped	19727	2.16225	0.5	-39.4499	-17.1122	0	0.903939	0.427661	0	None	None
ChainingRodShaped	13301	4.56011	0.5	75.8755	29.8713	0	0.778558	-0.627572	0	None	None
ChainingRodShaped	16309	3.53174	0.5	16.7188	-72.9696	0	0.893198	-0.449663	0	None	None
ChainingRodShaped	15335	3.94555	0.5	-25.2392	-3.24112	0	-0.357322	0.933981	0	None	None
ChainingRodShaped	12341	4.75881	0.5	27.3067	81.0618	0	0.997395	0.0721351	0	None	None
ChainingRodShaped	9591	4.22209	0.5	88.9662	42.2623	0	-0.962275	-0.272077	0	None	None
ChainingRodShaped	9765	3.91921	0.5	-3.83011	-64.4311	0	-0.158821	0.987307	0	None	None
ChainingRodShaped	13017	4.55372	0.5	-27.7637	52.8363	0	0.987788	0.155801	0	None	None
ChainingRodShaped	20795	2.0168	0.5	14.9715	32.8755	0	0.970834	0.239752	0	None	None
ChainingRodShaped	14843	4.16472	0.5	56.467	-35.5656	0	0.460521	0.887649	0	None	None
ChainingRodShaped	14179	4.1138	0.5	37.8957	-31.6068	0	-0.941895	-0.335908	0	None	None
ChainingRodShaped	11425	4.82538	0.5	-5.54872	87.8021	0	-0.77816	-0.628066	0	None	None
ChainingRodShaped	7543	4.52935	0.5	37.6368	39.6266	0	0.551656	-0.834071	0	None	None
ChainingRodShaped	11989	3.753	0.5	17.0303	133.462	0	0.896387	0.443272	0	None	None
ChainingRodShaped	20495	2.07731	0.5	-47.4362	-42.8226	0	0.607812	0.794081	0	None	None
ChainingRodShaped	15723	3.13314	0.5	-65.253	11.685	0	0.990899	-0.13461	0	None	None
ChainingRodShaped	12631	3.39044	0.5	-43.303	82.9445	0	-0.903339	-0.428927	0	None	None
ChainingRodShaped	10913	4.08513	0.5	-45.3082	-31.301	0	0.602911	0.797808	0	None	None
ChainingRodShaped	15205	3.31082	0.5	38.56	1.45796	0	-0.508275	-0.861195	0	None	None
ChainingRodShaped	20255	2.18439	0.5	-16.527	48.9644	0	0.651442	-0.758698	0	None	None
ChainingRodShaped	13977	3.91279	0.5	58.7081	111.745	0	0.90764	0.41975	0	None	None
ChainingRodShaped	9027	4.13569	0.5	7.52132	68.5054	0	0.949334	-0.314269	0	None	None
ChainingRodShaped	15215	3.99249	0.5	4.65109	96.5041	0	-0.702756	-0.711431	0	None	None
ChainingRodShaped	15209	2.87066	0.5	-23.826	76.9713	0	-0.827588	0.561337	0	None	None
ChainingRodShaped	18361	2.71855	0.5	19.7079	-43.2143	0	-0.664684	-0.747125	0	None	None
ChainingRodShaped	19093	2.56054	0.5	-8.27417	27.319	0	0.873273	-0.487231	0	None	None
ChainingRodShaped	20375	2.09753	0.5	9.11932	116.036	0	-0.950496	-0.310736	0	None	None
ChainingRodShaped	16167	2.87011	0.5	106.541	11.2381	0	0.620069	-0.784547	0	None	None
ChainingRodShaped	9613	4.94134	0.5	-85.4862	2.60163	0	-0.979332	0.20226	0	None	None
ChainingRodShaped	19315	2.48518	0.5	-3.86234	-49.8039	0	-0.792172	0.610297	0	None	None
ChainingRodShaped	9733	4.23475	0.5	-63.2007	62.0029	0	-0.0911741	0.995835	0	None	None
ChainingRodShaped	11285	3.78675	0.5	21.984	59.3295	0	0.952359	0.30498	0	None	None
ChainingRodShaped	17931	2.94476	0.5	48.8333	97.8517	0	0.573612	0.819127	0	None	None
ChainingRodShaped	10955	4.66947	0.5	-84.491	1.47345	0	0.979859	-0.199692	0	None	None
ChainingRodShaped	14859	4.06393	0.5	-51.9226	51.0113	0	-0.39219	-0.919884	0	None	None
ChainingRodShaped	12857	4.84619	0.5	-2.49645	48.8974	0	0.828805	-0.559537	0	None	None
ChainingRodShaped	11311	3.77315	0.5	107.093	28.3355	0	-0.998901	-0.0468782	0	None	None
ChainingRodShaped	11653	4.77255	0.5	74.6588	80.317	0	-0.157212	0.987565	0	None	None
ChainingRodShaped	13321	3.92402	0.5	98.1088	56.2128	0	-0.401445	-0.915883	0	None	None
ChainingRodShaped	14655	3.14622	0.5	-81.1013	37.4813	0	0.949998	0.312257	0	None	None
ChainingRodShaped	19443	2.47122	0.5	11.2326	22.0428	0	-0.944989	0.327101	0	None	None
ChainingRodShaped	19779	2.24496	0.5	-2.07692	27.6385	0	-0.975414	-0.220383	0	None	None
ChainingRodShaped	12375	3.46664	0.5	23.068	-75.2353	0	0.999961	-0.00878308	0	None	None
ChainingRodShaped	20435	2.13275	0.5	-46.2875	85.5199	0	0.489227	0.872157	0	None	None
ChainingRodShaped	17029	3.3192	0.5	21.7202	25.9151	0	-0.10795	-0.994156	0	None	None
ChainingRodShaped	19267	2.50176	0.5	28.4432	95.3654	0	0.20684	-0.978375	0	None	None
ChainingRodShaped	17043	2.55729	0.5	32.2573	62.6075	0	0.694426	0.719564	0	None	None
ChainingRodShaped	17557	2.70936	0.5	38.2565	80.9099	0	0.931298	0.364258	0	None	None
ChainingRodShaped	19777	2.33317	0.5	10.2665	-72.0347	0	0.969189	-0.246319	0	None	None
ChainingRodShaped	18489	2.40816	0.5	-3.51461	-2.34796	0	-0.542781	0.839875	0	None	None
ChainingRodShaped	16405	2.84948	0.5	-22.5757	87.9326	0	0.816223	-0.577737	0	None	None
ChainingRodShaped	13097	4.14826	0.5	74.4593	-21.4098	0	-0.0910692	0.995845	0	None	None
ChainingRodShaped	19849	2.34027	0.5	-26.578	83.4054	0	-0.27893	0.960311	0	None	None
ChainingRodShaped	12051	3.84082	0.5	0.274939	-25.2728	0	0.0187325	-0.999825	0	None	None
ChainingRodShaped	17871	2.41794	0.5	25.4633	98.9308	0	-0.407306	-0.913292	0	None	None
ChainingRodShaped	7967	4.99039	0.5	50.3882	51.8784	0	0.966302	0.257411	0	None	None
ChainingRodShaped	18629	2.38099	0.5	67.7806	105.191	0	-0.737239	-0.675632	0	None	None
ChainingRodShaped	15459	4.03095	0.5	30.2552	98.0593	0	0.23455	-0.972104	0	None	None
ChainingRodShaped	15029	3.50691	0.5	-47.9645	96.3388	0	0.602765	0.797919	0	None	None
ChainingRodShaped	13015	3.81019	0.5	50.9454	39.9502	0	-0.91862	-0.395143	0	None	None
ChainingRodShaped	13555	3.80393	0.5	13.9959	42.4075	0	-0.511607	0.85922	0	None	None
ChainingRodShaped	13109	4.27145	0.5	21.8998	-48.9037	0	0.657145	0.753764	0	None	None
ChainingRodShaped	11797	4.77678	0.5	-59.242	-33.7195	0	0.731575	-0.681761	0	None	None
ChainingRodShaped	18963	2.26863	0.5	-40.0393	-4.59239	0	0.591132	-0.806575	0	None	None
ChainingRodShaped	12073	3.4368	0.5	-51.1598	24.9571	0	0.757889	0.652384	0	None	None
ChainingRodShaped	12061	3.52883	0.5	-9.20853	-36.9974	0	0.524985	-0.851111	0	None	None
ChainingRodShaped	9127	4.47168	0.5	66.7821	40.7455	0	-0.987803	-0.155706	0	None	None
ChainingRodShaped	20919	2.00578	0.5	-34.9789	-26.2668	0	-0.0643482	0.997928	0	None	None
ChainingRodShaped	14217	3.74904	0.5	-10.2479	128.275	0	0.999995	0.00315398	0	None	None
ChainingRodShaped	9703	4.52742	0.5	-86.9564	24.0178	0	0.533651	-0.845705	0	None	None
ChainingRodShaped	10241	4.7556	0.5	32.6582	50.2182	0	-0.417532	-0.908662	0	None	None
ChainingRodShaped	7131	4.72794	0.5	57.9084	10.4109	0	-0.53613	-0.844136	0	None	None
ChainingRodShaped	20361	2.18898	0.5	12.8059	134.603	0	0.895208	0.445649	0	None	None
ChainingRodShaped	12989	4.1242	0.5	-77.1706	17.3308	0	0.22765	-0.973743	0	None	None
ChainingRodShaped	20081	2.11069	0.5	-71.8273	3.6394	0	-0.861366	0.507986	0	None	None
ChainingRodShaped	16371	2.60977	0.5	1.38453	75.3403	0	0.888112	-0.459627	0	None	None
ChainingRodShaped	18849	2.32919	0.5	81.1038	-10.0964	0	0.206831	0.978377	0	None	None
ChainingRodShaped	12731	3.43194	0.5	-50.0353	67.7313	0	0.555586	0.831459	0	None	None
ChainingRodShaped	8117	4.35339	0.5	47.4872	-13.0729	0	0.962494	-0.271302	0	None	None
ChainingRodShaped	10329	3.94462	0.5	47.0819	11.804	0	-0.622003	-0.783015	0	None	None
ChainingRodShaped	20849	2.01997	0.5	27.9641	-71.6231	0	0.999611	-0.0278792	0	None	None
ChainingRodShaped	6409	4.85299	0.5	-82.9723	32.3945	0	0.910621	0.413242	0	None	None
ChainingRodShaped	12059	4.12085	0.5	69.5664	40.1563	0	-0.999919	0.0126957	0	None	None
ChainingRodShaped	14201	3.88013	0.5	50.9126	-6.84638	0	-0.52725	-0.84971	0	None	None
ChainingRodShaped	9501	4.78219	0.5	-9.51253	-11.2432	0	-0.840457	-0.541878	0	None	None
ChainingRodShaped	16731	3.5294	0.5	-63.7987	85.2021	0	0.992467	0.122511	0	None	None
ChainingRodShaped	13375	4.19578	0.5	94.927	50.7758	0	-0.628851	-0.777526	0	None	None
ChainingRodShaped	12677	3.93119	0.5	-37.9574	122.338	0	-0.250083	0.968224	0	None	None
ChainingRodShaped	20477	2.14641	0.5	28.7068	89.7638	0	0.996637	0.0819417	0	None	None
ChainingRodShaped	13341	3.10901	0.5	-8.88944	-25.1423	0	-0.568234	0.822867	0	None	None
ChainingRodShaped	8555	4.22013	0.5	51.7814	115.218	0	0.979276	0.202529	0	None	None
ChainingRodShaped	11655	3.92237	0.5	-57.9706	20.6809	0	-0.825424	-0.564513	0	None	None
ChainingRodShaped	10349	4.97614	0.5	97.1295	7.10734	0	0.540999	-0.841023	0	None	None
ChainingRodShaped	20473	2.16367	0.5	29.5353	22.3096	0	0.000650029	-1	0	None	None
ChainingRodShaped	14067	3.48824	0.5	12.8818	36.6112	0	0.989018	-0.147793	0	None	None
ChainingRodShaped	12663	4.26106	0.5	26.3163	62.6363	0	0.690293	0.72353	0	None	None
ChainingRodShaped	11647	4.23837	0.5	-46.3984	40.7737	0	-0.829261	-0.558862	0	None	None
ChainingRodShaped	10867	4.42905	0.5	106.921	26.2849	0	-0.873305	0.487173	0	None	None
ChainingRodShaped	10953	3.75432	0.5	69.3793	72.0985	0	0.737901	0.674909	0	None	None
ChainingRodShaped	8267	4.19412	0.5	-24.5623	30.6702	0	0.742499	-0.669847	0	None	None
ChainingRodShaped	13197	3.82212	0.5	-32.7424	127.905	0	0.954111	-0.299454	0	None	None
ChainingRodShaped	15629	3.01445	0.5	39.8084	80.6806	0	0.934859	0.355019	0	None	None
ChainingRodShaped	15811	3.79524	0.5	-3.41861	51.8448	0	0.951323	-0.308194	0	None	None
ChainingRodShaped	12305	4.10994	0.5	-30.9874	18.8172	0	-0.469269	0.883055	0	None	None
ChainingRodShaped	8065	4.60353	0.5	50.5205	15.4161	0	-0.702576	-0.711608	0	None	None
ChainingRodShaped	11543	3.85395	0.5	50.2296	-6.71762	0	-0.535621	-0.844459	0	None	None
ChainingRodShaped	20451	2.11226	0.5	72.0068	-42.7203	0	0.241013	-0.970522	0	None	None
ChainingRodShaped	11147	4.70047	0.5	-49.3581	100.799	0	0.670942	0.74151	0	None	None
ChainingRodShaped	8567	4.88414	0.5	90.3207	17.8757	0	0.242484	0.970155	0	None	None
ChainingRodShaped	8029	4.81754	0.5	21.0828	4.80657	0	0.36522	-0.930921	0	None	None
ChainingRodShaped	14473	3.23234	0.5	55.2855	10.3279	0	-0.560826	-0.827934	0	None	None
ChainingRodShaped	12031	3.37873	0.5	-38.513	111.328	0	-0.999908	-0.0135497	0	None	None
ChainingRodShaped	14867	3.24266	0.5	93.1694	-9.29489	0	-0.829845	-0.557994	0	None	None
ChainingRodShaped	15951	3.41599	0.5	-47.8479	27.7296	0	0.781813	0.623513	0	None	None
ChainingRodShaped	7915	4.50496	0.5	54.6772	-0.163838	0	-0.936236	-0.351371	0	None	None
ChainingRodShaped	15049	2.76841	0.5	7.57821	87.2273	0	-0.0853406	-0.996352	0	None	None
ChainingRodShaped	12853	3.56195	0.5	-13.6787	-47.2636	0	-0.33653	-0.941673	0	None	None
ChainingRodShaped	18327	2.72544	0.5	86.8374	-9.54582	0	-0.389687	-0.920947	0	None	None
ChainingRodShaped	16499	3.23946	0.5	-88.0943	7.8317	0	-0.819108	0.573639	0	None	None
ChainingRodShaped	18851	2.26593	0.5	-25.2482	-46.3452	0	0.858031	0.513598	0	None	None
ChainingRodShaped	12187	4.67539	0.5	-11.6017	75.8984	0	0.64478	-0.764368	0	None	None
ChainingRodShaped	19301	2.49377	0.5	51.1654	69.2427	0	-0.204586	-0.978849	0	None	None
ChainingRodShaped	12605	3.62683	0.5	-11.3866	31.6826	0	-0.875439	-0.483329	0	None	None
ChainingRodShaped	10399	4.44973	0.5	-33.4779	-17.1892	0	0.280361	-0.959895	0	None	None
ChainingRodShaped	14007	3.47378	0.5	-59.0231	47.8054	0	0.973274	-0.229648	0	None	None
ChainingRodShaped	18685	2.48797	0.5	27.0327	8.70108	0	-0.547248	0.83697	0	None	None
ChainingRodShaped	14611	4.14782	0.5	-68.3302	41.7144	0	0.990614	0.136689	0	None	None
ChainingRodShaped	17049	2.87639	0.5	36.3313	53.0818	0	-0.452858	-0.891583	0	None	None
ChainingRodShaped	18165	2.39693	0.5	95.9291	87.8881	0	-0.995875	-0.0907365	0	None	None
ChainingRodShaped	16209	3.02372	0.5	-10.9241	97.5397	0	0.974486	0.224447	0	None	None
ChainingRodShaped	14077	4.20557	0.5	15.2242	-59.5075	0	0.43073	-0.902481	0	None	None
ChainingRodShaped	12287	3.64032	0.5	64.7023	106.16	0	-0.244187	-0.969728	0	None	None
ChainingRodShaped	14683	4.36206	0.5	71.3101	21.9595	0	0.822679	-0.568506	0	None	None
ChainingRodShaped	19685	2.42272	0.5	-74.2625	42.1437	0	0.9987	0.0509644	0	None	None
ChainingRodShaped	17759	2.74917	0.5	92.8467	34.0106	0	0.999909	0.0134762	0	None	None
ChainingRodShaped	20439	2.15004	0.5	-80.5934	56.7555	0	0.893122	-0.449814	0	None	None
ChainingRodShaped	15851	3.1375	0.5	-81.1467	61.2474	0	-0.879513	0.475875	0	None	None
ChainingRodShaped	9747	3.99882	0.5	-37.3753	76.7549	0	0.21982	0.97554	0	None	None
ChainingRodShaped	6411	4.88161	0.5	-8.44105	108.927	0	0.982551	0.185992	0	None	None
ChainingRodShaped	12229	4.97117	0.5	3.70673	116.893	0	0.455616	0.890176	0	None	None
ChainingRodShaped	14457	3.29997	0.5	38.1803	92.7156	0	0.132232	0.991219	0	None	None
ChainingRodShaped	11983	4.03562	0.5	62.2807	-55.4644	0	-0.195174	-0.980769	0	None	None
ChainingRodShaped	17385	2.58901	0.5	-56.375	-0.549862	0	0.203861	-0.979	0	None	None
ChainingRodShaped	17749	2.72675	0.5	-52.1779	-2.63157	0	0.851965	-0.523599	0	None	None
ChainingRodShaped	18677	2.73907	0.5	24.6475	-25.384	0	-0.909898	-0.414833	0	None	None
ChainingRodShaped	18493	2.58712	0.5	-29.4242	-11.076	0	0.0521802	0.998638	0	None	None
ChainingRodShaped	12483	4.53685	0.5	85.1924	-43.902	0	0.391583	-0.920143	0	None	None
ChainingRodShaped	14459	4.52159	0.5	-56.7162	5.35949	0	0.171317	-0.985216	0	None	None
ChainingRodShaped	17651	2.83705	0.5	-47.8704	23.0407	0	-0.314374	0.949299	0	None	None
ChainingRodShaped	14575	2.90305	0.5	85.2337	84.2129	0	0.574118	-0.818772	0	None	None
ChainingRodShaped	16271	3.74853	0.5	-11.8187	-38.4381	0	-0.120415	-0.992724	0	None	None
ChainingRodShaped	11161	4.20037	0.5	50.5246	20.1413	0	0.145659	-0.989335	0	None	None
ChainingRodShaped	15109	4.06395	0.5	74.856	-42.319	0	-0.331102	0.943595	0	None	None
ChainingRodShaped	17821	2.57623	0.5	22.2007	-49.6561	0	0.664723	0.74709	0	None	None
ChainingRodShaped	13877	3.12257	0.5	-72.5402	-10.974	0	-0.448202	0.893932	0	None	None
ChainingRodShaped	8587	4.07289	0.5	52.4966	114.466	0	0.981256	0.192709	0	None	None
ChainingRodShaped	11089	3.90462	0.5	37.0929	29.7936	0	0.597509	0.801862	0	None	None
ChainingRodShaped	11397	3.72446	0.5	-71.4465	46.5652	0	0.919101	-0.394022	0	None	None
ChainingRodShaped	15939	3.36988	0.5	-5.36827	86.095	0	-0.786731	-0.617296	0	None	None
ChainingRodShaped	20531	2.04931	0.5	-23.2619	19.0031	0	0.93143	-0.363922	0	None	None
ChainingRodShaped	15807	3.90446	0.5	24.6868	36.645	0	-0.0252645	0.999681	0	None	None
ChainingRodShaped	16457	3.36502	0.5	46.3276	80.2913	0	0.939737	0.341899	0	None	None
ChainingRodShaped	20271	2.10257	0.5	23.8203	117.618	0	0.302615	-0.953113	0	None	None
ChainingRodShaped	19673	2.31085	0.5	65.4541	0.896426	0	-0.974875	0.222751	0	None	None
ChainingRodShaped	18197	2.88472	0.5	22.7661	-60.8302	0	0.221273	-0.975212	0	None	None
ChainingRodShaped	12513	3.75154	0.5	17.3087	52.2975	0	0.794759	0.606925	0	None	None
ChainingRodShaped	12369	3.23645	0.5	105.757	-8.74763	0	0.920383	-0.391018	0	None	None
ChainingRodShaped	12639	3.20517	0.5	-31.1414	37.9549	0	-0.924817	-0.380413	0	None	None
ChainingRodShaped	14543	3.77648	0.5	30.5884	68.2747	0	0.68578	0.727808	0	None	None
ChainingRodShaped	15503	3.35504	0.5	-24.1691	52.9841	0	0.731103	-0.682267	0	None	None
ChainingRodShaped	18831	2.33374	0.5	-33.3309	6.54841	0	-0.793849	-0.608115	0	None	None
ChainingRodShaped	16171	3.25681	0.5	-38.6657	-10.5809	0	0.736788	0.676124	0	None	None
ChainingRodShaped	18187	2.67436	0.5	69.6299	20.3	0	0.827911	-0.560859	0	None	None
ChainingRodShaped	16317	3.60584	0.5	-41.976	119.386	0	0.755598	0.655036	0	None	None
ChainingRodShaped	14455	3.75321	0.5	53.5277	16.8296	0	-0.366623	-0.93037	0	None	None
ChainingRodShaped	18243	2.78258	0.5	-20.7276	15.7088	0	0.933192	-0.359377	0	None	None
ChainingRodShaped	18477	2.42808	0.5	-50.1792	110.684	0	-0.95012	0.311885	0	None	None
ChainingRodShaped	17193	3.18312	0.5	-10.9159	76.1592	0	0.6371	-0.770781	0	None	None
ChainingRodShaped	18101	2.96965	0.5	47.0597	-21.6891	0	-0.378581	-0.925568	0	None	None
ChainingRodShaped	14507	3.24455	0.5	18.8538	109.044	0	-0.442734	0.896653	0	None	None
ChainingRodShaped	15953	3.61247	0.5	-39.9726	69.4518	0	-0.691145	-0.722716	0	None	None
ChainingRodShaped	14735	3.10108	0.5	15.6025	11.994	0	0.986088	0.166227	0	None	None
ChainingRodShaped	15309	3.16242	0.5	-57.0329	93.0905	0	-0.473999	-0.880526	0	None	None
ChainingRodShaped	16977	2.89321	0.5	76.1354	-25.239	0	-0.391106	0.920346	0	None	None
ChainingRodShaped	11567	3.66671	0.5	-88.7358	50.7621	0	-0.99431	0.106525	0	None	None
ChainingRodShaped	11207	4.87439	0.5	52.1165	-25.0153	0	-0.46968	-0.882837	0	None	None
ChainingRodShaped	13173	4.81801	0.5	-12.4854	116.217	0	-0.123968	-0.992286	0	None	None
ChainingRodShaped	20639	2.07637	0.5	-79.9686	27.4951	0	-0.80213	-0.597149	0	None	None
ChainingRodShaped	12581	3.67004	0.5	-90.1527	57.5103	0	0.406163	0.9138	0	None	None
ChainingRodShaped	15375	3.054	0.5	-42.4435	109.138	0	-0.957222	0.289353	0	None	None
ChainingRodShaped	13793	4.47541	0.5	-18.9346	56.993	0	0.803106	-0.595836	0	None	None
ChainingRodShaped	16603	3.28816	0.5	27.2434	65.884	0	0.702853	0.711335	0	None	None
ChainingRodShaped	9067	4.49282	0.5	-24.5654	-58.0391	0	-0.869475	-0.493976	0	None	None
ChainingRodShaped	11363	3.92063	0.5	-9.60642	-50.8507	0	0.143858	0.989598	0	None	None
ChainingRodShaped	19641	2.36389	0.5	58.4669	103.07	0	-0.188232	-0.982125	0	None	None
ChainingRodShaped	17813	3.07201	0.5	55.0004	99.5206	0	0.118778	-0.992921	0	None	None
ChainingRodShaped	11291	4.88102	0.5	93.8258	-17.5344	0	-0.980349	-0.197271	0	None	None
ChainingRodShaped	12477	4.96524	0.5	-36.587	94.4102	0	0.973212	-0.22991	0	None	None
ChainingRodShaped	11343	4.4661	0.5	8.7739	112.288	0	0.57602	0.817435	0	None	None
ChainingRodShaped	13889	3.83155	0.5	40.3539	-58.4105	0	0.721257	0.692668	0	None	None
ChainingRodShaped	7335	4.92985	0.5	-2.24524	-63.1129	0	0.152119	-0.988362	0	None	None
ChainingRodShaped	7623	4.576	0.5	88.2674	-11.2091	0	-0.491831	-0.870691	0	None	None
ChainingRodShaped	7199	4.89095	0.5	-65.8408	1.28274	0	-0.162277	0.986745	0	None	None
ChainingRodShaped	18881	2.72734	0.5	41.2058	-43.308	0	0.991012	-0.133776	0	None	None
ChainingRodShaped	20557	2.11625	0.5	94.4935	37.7827	0	0.990424	0.138059	0	None	None
ChainingRodShaped	11947	4.44752	0.5	-19.0135	-56.4165	0	-0.14595	-0.989292	0	None	None
ChainingRodShaped	15371	3.96655	0.5	-48.6855	1.60957	0	0.0276185	0.999619	0	None	None
ChainingRodShaped	16365	3.32198	0.5	30.1402	2.61589	0	0.939124	-0.343579	0	None	None
ChainingRodShaped	16739	3.5663	0.5	-36.1128	90.186	0	-0.980086	0.198575	0	None	None
ChainingRodShaped	5801	4.9587	0.5	57.738	20.8064	0	-0.910142	0.414295	0	None	None
ChainingRodShaped	18143	2.79768	0.5	100.924	76.1587	0	0.209489	-0.977811	0	None	None
ChainingRodShaped	12099	4.22486	0.5	-13.1333	-48.0199	0	-0.345921	-0.938264	0	None	None
ChainingRodShaped	12965	4.87834	0.5	-45.6103	45.0333	0	0.969542	0.244927	0	None	None
ChainingRodShaped	18839	2.44573	0.5	-62.8052	94.8338	0	0.882541	0.470235	0	None	None
ChainingRodShaped	9699	4.20807	0.5	27.9626	41.2367	0	0.34478	-0.938683	0	None	None
ChainingRodShaped	15163	3.62338	0.5	22.6043	-42.7596	0	-0.376454	-0.926435	0	None	None
ChainingRodShaped	18471	2.30547	0.5	22.1151	-63.2978	0	0.976183	0.216951	0	None	None
ChainingRodShaped	14237	4.04552	0.5	-48.2476	13.987	0	0.985923	-0.167203	0	None	None
ChainingRodShaped	15761	2.66854	0.5	-2.65991	-2.28983	0	-0.551013	0.834497	0	None	None
ChainingRodShaped	14675	4.14149	0.5	-25.6383	-7.36993	0	-0.329166	0.944272	0	None	None
ChainingRodShaped	13499	3.98667	0.5	-9.46678	1.21132	0	0.992515	0.122124	0	None	None
ChainingRodShaped	16505	3.12271	0.5	6.95647	39.0431	0	-0.984117	0.177519	0	None	None
ChainingRodShaped	16119	3.00649	0.5	80.4752	-48.4514	0	0.22904	-0.973417	0	None	None
ChainingRodShaped	19707	2.32788	0.5	102.34	-7.24255	0	0.798599	0.601864	0	None	None
ChainingRodShaped	11731	4.01986	0.5	-68.6362	45.4226	0	-0.877976	-0.478705	0	None	None
ChainingRodShaped	9589	4.58344	0.5	63.4346	11.0304	0	-0.989696	0.143185	0	None	None
ChainingRodShaped	16765	3.52718	0.5	-22.3169	104.57	0	0.255496	-0.96681	0	None	None
ChainingRodShaped	16635	3.47116	0.5	-35.4741	78.9368	0	0.239355	0.970932	0	None	None
ChainingRodShaped	13699	3.91431	0.5	17.428	128.743	0	0.986717	0.16245	0	None	None
ChainingRodShaped	20679	2.08143	0.5	4.44718	126.968	0	0.344744	-0.938697	0	None	None
ChainingRodShaped	16911	3.21807	0.5	-94.2666	38.1855	0	0.00805998	0.999968	0	None	None
ChainingRodShaped	18093	2.65762	0.5	-85.709	48.5358	0	0.994296	-0.106656	0	None	None
ChainingRodShaped	20921	2.00941	0.5	23.4293	105.435	0	0.319125	-0.947713	0	None	None
ChainingRodShaped	16219	3.68446	0.5	97.0841	65.1709	0	0.278959	-0.960303	0	None	None
ChainingRodShaped	14401	4.14758	0.5	102.27	12.1117	0	0.620842	-0.783936	0	None	None
ChainingRodShaped	14793	3.10703	0.5	-44.1565	0.914224	0	-0.984588	-0.174889	0	None	None
ChainingRodShaped	13235	3.95037	0.5	-27.2272	5.20029	0	0.00500385	0.999987	0	None	None
ChainingRodShaped	13609	3.44886	0.5	-12.8219	43.1152	0	0.995422	-0.0955811	0	None	None
ChainingRodShaped	12349	3.36958	0.5	-32.9189	-32.1908	0	-0.0891088	0.996022	0	None	None
ChainingRodShaped	16085	3.05929	0.5	68.9963	-29.9247	0	0.327805	-0.944746	0	None	None
ChainingRodShaped	20705	2.03766	0.5	-50.2043	108.694	0	-0.948742	0.316051	0	None	None
ChainingRodShaped	15981	2.67959	0.5	-25.5845	46.1539	0	0.946032	-0.324072	0	None	None
ChainingRodShaped	18299	2.49416	0.5	-7.86459	87.7867	0	-0.779893	-0.625913	0	None	None
ChainingRodShaped	16029	3.64529	0.5	-11.5755	112.243	0	-0.33959	-0.940573	0	None	None
ChainingRodShaped	7895	4.70385	0.5	28.3732	9.26873	0	-0.560425	0.828205	0	None	None
ChainingRodShaped	14659	3.14636	0.5	-2.37193	107.211	0	0.984967	0.172745	0	None	None
ChainingRodShaped	12037	3.74876	0.5	-2.52867	19.8204	0	0.316385	-0.948631	0	None	None
ChainingRodShaped	20329	2.0937	0.5	17.0149	40.0095	0	-0.494327	0.869276	0	None	None
ChainingRodShaped	7741	4.99544	0.5	44.8634	-5.13998	0	0.986608	-0.163107	0	None	None
ChainingRodShaped	20045	2.1439	0.5	-72.1092	29.6903	0	-0.955027	-0.296518	0	None	None
ChainingRodShaped	10725	4.93678	0.5	39.5471	65.75	0	0.248873	0.968536	0	None	None
ChainingRodShaped	20449	2.16408	0.5	67.2231	88.8732	0	0.125591	0.992082	0	None	None
ChainingRodShaped	13707	4.40458	0.5	49.1837	44.0584	0	-0.910969	-0.412474	0	None	None
ChainingRodShaped	16621	3.108	0.5	36.0126	94.5193	0	0.183152	0.983085	0	None	None
ChainingRodShaped	19563	2.26354	0.5	19.5472	-42.2223	0	-0.65724	-0.753681	0	None	None
ChainingRodShaped	19591	2.37416	0.5	2.18792	43.2511	0	-0.741216	-0.671266	0	None	None
ChainingRodShaped	18865	2.36705	0.5	62.8239	-4.85228	0	0.22994	0.973205	0	None	None
ChainingRodShaped	19007	2.6997	0.5	5.89968	12.0156	0	0.985661	0.168735	0	None	None
ChainingRodShaped	14071	3.39867	0.5	-49.4272	-2.94743	0	-0.0814703	0.996676	0	None	None
ChainingRodShaped	12653	3.27761	0.5	-46.4239	15.1983	0	0.982439	-0.186581	0	None	None
ChainingRodShaped	14501	2.93691	0.5	14.3775	43.2302	0	-0.503135	0.864208	0	None	None
ChainingRodShaped	18525	2.40896	0.5	-22.436	20.1699	0	0.925618	-0.37846	0	None	None
ChainingRodShaped	20559	2.07857	0.5	50.8241	108.517	0	0.727125	0.686505	0	None	None
ChainingRodShaped	7219	4.88331	0.5	-33.7229	-54.2377	0	0.918995	0.39427	0	None	None
ChainingRodShaped	12093	3.61121	0.5	58.6957	89.5826	0	0.300248	-0.953861	0	None	None
ChainingRodShaped	16951	3.06989	0.5	35.0834	60.4309	0	0.701708	0.712465	0	None	None
ChainingRodShaped	14769	3.93866	0.5	-56.1248	72.0702	0	-0.400916	-0.916115	0	None	None
ChainingRodShaped	9303	4.54128	0.5	-35.4084	15.1482	0	0.856878	0.515519	0	None	None
ChainingRodShaped	14275	3.51059	0.5	-47.7595	80.2168	0	-0.744375	-0.667762	0	None	None
ChainingRodShaped	14111	4.17142	0.5	-29.6861	108.553	0	-0.789999	0.613109	0	None	None
ChainingRodShaped	15879	3.87994	0.5	-3.57852	2.83177	0	0.993646	0.112548	0	None	None
ChainingRodShaped	14963	3.04142	0.5	-5.82903	-8.21716	0	-0.532825	0.846226	0	None	None
ChainingRodShaped	17375	3.20336	0.5	32.9873	124.649	0	0.621464	0.783442	0	None	None
ChainingRodShaped	20673	2.05116	0.5	70.1161	44.8113	0	-0.999072	-0.0430674	0	None	None
ChainingRodShaped	14813	3.99723	0.5	-10.567	-63.7387	0	0.185322	0.982678	0	None	None
ChainingRodShaped	20139	2.19632	0.5	33.3841	-61.9213	0	0.187403	-0.982283	0	None	None
ChainingRodShaped	12113	3.40178	0.5	16.8708	-26.7751	0	-0.997933	0.0642568	0	None	None
ChainingRodShaped	14633	4.34616	0.5	-15.3286	57.51	0	0.563215	-0.82631	0	None	None
ChainingRodShaped	20937	2.0059	0.5	55.75	-12.9435	0	-0.0825413	-0.996588	0	None	None
ChainingRodShaped	11497	3.74984	0.5	-3.85544	-47.0865	0	-0.947114	0.320897	0	None	None
ChainingRodShaped	20687	2.08067	0.5	55.4007	-33.8751	0	0.507485	-0.86166	0	None	None
ChainingRodShaped	12909	4.26944	0.5	-22.4511	30.6708	0	0.729178	-0.684324	0	None	None
ChainingRodShaped	19529	2.44244	0.5	-13.4663	1.09636	0	0.989647	0.143524	0	None	None
ChainingRodShaped	14889	2.94304	0.5	80.0692	-5.17846	0	0.459182	0.888342	0	None	None
ChainingRodShaped	15019	3.8203	0.5	-28.0189	14.3054	0	-0.619141	-0.785279	0	None	None
ChainingRodShaped	7183	4.62071	0.5	-7.36235	19.1481	0	0.479674	-0.877447	0	None	None
ChainingRodShaped	16003	3.57457	0.5	62.237	49.4347	0	0.982063	0.188553	0	None	None
ChainingRodShaped	17145	2.95099	0.5	88.1045	66.0063	0	0.499223	0.866473	0	None	None
ChainingRodShaped	8603	4.1627	0.5	71.0883	55.832	0	0.910131	0.41432	0	None	None
ChainingRodShaped	18261	2.42948	0.5	18.3057	49.9828	0	0.818018	0.575192	0	None	None
ChainingRodShaped	16487	3.14827	0.5	-71.5951	-27.2171	0	-0.700239	0.713909	0	None	None
ChainingRodShaped	17963	3.10062	0.5	4.31701	34.4138	0	0.949333	-0.314273	0	None	None
ChainingRodShaped	18411	2.64573	0.5	-36.9354	44.3622	0	0.411768	-0.911289	0	None	None
ChainingRodShaped	15285	4.08886	0.5	-43.1842	73.9713	0	0.736712	0.676206	0	None	None
ChainingRodShaped	17115	2.9963	0.5	-84.7585	71.8613	0	-0.640066	0.76832	0	None	None
ChainingRodShaped	17079	3.4105	0.5	-72.8547	65.8953	0	0.467096	-0.884206	0	None	None
ChainingRodShaped	10813	4.20926	0.5	-48.0492	-27.4956	0	-0.808681	-0.588248	0	None	None
ChainingRodShaped	10173	3.94996	0.5	-40.4239	-52.2491	0	0.999855	0.0170364	0	None	None
ChainingRodShaped	18557	2.65945	0.5	45.6936	96.9982	0	0.989099	0.147254	0	None	None
ChainingRodShaped	16091	2.76801	0.5	33.4885	2.36391	0	0.427648	0.903945	0	None	None
ChainingRodShaped	14643	4.15066	0.5	24.0589	-33.4546	0	-0.922299	-0.386477	0	None	None
ChainingRodShaped	9479	4.39902	0.5	-20.0889	-40.42	0	0.503531	0.863977	0	None	None
ChainingRodShaped	16033	2.75986	0.5	-86.2866	8.8041	0	-0.825875	0.563853	0	None	None
ChainingRodShaped	13775	3.88736	0.5	-58.8172	-35.3087	0	0.724725	-0.689038	0	None	None
ChainingRodShaped	9949	4.10806	0.5	-57.482	25.6917	0	-0.791594	-0.611048	0	None	None
ChainingRodShaped	18465	2.54967	0.5	8.16557	23.3094	0	-0.19114	0.981563	0	None	None
ChainingRodShaped	8457	4.63234	0.5	76.2505	-29.2861	0	0.48411	-0.875007	0	None	None
ChainingRodShaped	14391	3.50652	0.5	43.566	75.7918	0	0.896307	0.443434	0	None	None
ChainingRodShaped	12487	4.64417	0.5	30.8244	25.1945	0	0.01703	-0.999855	0	None	None
ChainingRodShaped	12843	3.24147	0.5	9.0096	-53.4362	0	0.226623	-0.973982	0	None	None
ChainingRodShaped	12615	4.66399	0.5	28.3384	33.7199	0	-0.0343835	0.999409	0	None	None
ChainingRodShaped	9543	4.77158	0.5	42.839	114.15	0	0.658846	0.752278	0	None	None
ChainingRodShaped	16179	3.73471	0.5	91.2497	71.6441	0	0.978916	-0.204262	0	None	None
ChainingRodShaped	16381	3.4288	0.5	110.185	42.0524	0	0.707541	0.706673	0	None	None
ChainingRodShaped	13323	3.83139	0.5	-17.007	84.5722	0	0.461023	-0.887388	0	None	None
ChainingRodShaped	15113	3.67177	0.5	67.3829	76.8055	0	0.0547925	0.998498	0	None	None
ChainingRodShaped	20711	2.04541	0.5	-15.7616	122.619	0	-0.999267	0.0382835	0	None	None
ChainingRodShaped	18585	2.46019	0.5	24.2932	85.7908	0	0.99923	0.0392366	0	None	None
ChainingRodShaped	8811	4.23463	0.5	61.4173	99.6876	0	-0.188285	-0.982114	0	None	None
ChainingRodShaped	20501	2.09466	0.5	-40.6877	95.8928	0	0.985871	-0.167508	0	None	None
ChainingRodShaped	9179	4.02929	0.5	11.2545	71.1663	0	0.944507	-0.32849	0	None	None
ChainingRodShaped	15321	3.83783	0.5	37.0533	38.2577	0	0.568222	-0.822875	0	None	None
ChainingRodShaped	19755	2.24601	0.5	-49.4369	16.5985	0	0.97994	-0.199291	0	None	None
ChainingRodShaped	9347	4.70088	0.5	50.0003	-56.8536	0	0.999954	0.00956628	0	None	None
ChainingRodShaped	10779	3.64369	0.5	57.1824	-20.9025	0	0.443266	0.89639	0	None	None
ChainingRodShaped	20717	2.05035	0.5	-6.07149	21.0861	0	0.515814	-0.856701	0	None	None
ChainingRodShaped	15155	3.84852	0.5	50.7465	-45.1659	0	0.985401	0.17025	0	None	None
ChainingRodShaped	19199	2.39043	0.5	30.6054	58.027	0	-0.730008	-0.683439	0	None	None
ChainingRodShaped	11385	4.61561	0.5	82.7295	4.14084	0	0.993395	0.114742	0	None	None
ChainingRodShaped	20295	2.20202	0.5	63.0054	-56.5597	0	-0.199264	-0.979946	0	None	None
ChainingRodShaped	12351	3.73365	0.5	59.1588	-42.3591	0	0.48999	0.871728	0	None	None
ChainingRodShaped	13879	2.95912	0.5	-22.2563	40.9572	0	-0.991286	0.131727	0	None	None
ChainingRodShaped	16799	2.89192	0.5	26.4585	93.7685	0	-0.866511	-0.499158	0	None	None
ChainingRodShaped	15207	3.25842	0.5	25.6233	76.8666	0	-0.633913	0.773405	0	None	None
ChainingRodShaped	16691	3.2863	0.5	33.3297	-23.4974	0	-0.220584	-0.975368	0	None	None
ChainingRodShaped	12283	3.62576	0.5	68.3997	30.0191	0	0.847068	-0.531484	0	None	None
ChainingRodShaped	12733	3.91366	0.5	78.2687	-18.6068	0	-0.14825	0.98895	0	None	None
ChainingRodShaped	18175	2.86776	0.5	-37.9692	92.2673	0	0.975987	-0.217827	0	None	None
ChainingRodShaped	17277	2.49031	0.5	4.24152	7.66761	0	0.979951	0.199239	0	None	None
ChainingRodShaped	12963	3.94818	0.5	22.4351	127.376	0	0.618766	-0.785575	0	None	None
ChainingRodShaped	15219	3.71589	0.5	-10.0906	79.4637	0	0.485784	-0.874079	0	None	None
ChainingRodShaped	12679	4.50784	0.5	45.9263	-0.521906	0	0.450106	-0.892975	0	None	None
ChainingRodShaped	11025	3.88288	0.5	-26.6726	81.1235	0	-0.269296	0.963057	0	None	None
ChainingRodShaped	15561	3.56926	0.5	91.6731	30.1865	0	-0.999118	-0.0419899	0	None	None
ChainingRodShaped	6347	4.74049	0.5	-45.53	58.2177	0	-0.267511	0.963555	0	None	None
ChainingRodShaped	16475	2.6905	0.5	25.4145	-46.5661	0	0.947047	0.321096	0	None	None
ChainingRodShaped	16865	2.90848	0.5	-19.8443	120.17	0	0.990545	0.137186	0	None	None
ChainingRodShaped	19221	2.57543	0.5	64.4518	-15.8377	0	0.478097	0.878307	0	None	None
ChainingRodShaped	18969	2.28605	0.5	68.127	89.1711	0	0.119793	0.992799	0	None	None
ChainingRodShaped	15477	3.81798	0.5	71.9722	29.1132	0	0.769188	-0.639023	0	None	None
ChainingRodShaped	10883	4.44702	0.5	11.7757	-37.7996	0	0.195346	-0.980734	0	None	None
ChainingRodShaped	18895	2.26085	0.5	25.5957	114.845	0	0.297659	-0.954672	0	None	None
ChainingRodShaped	20319	2.10954	0.5	37.6687	5.9893	0	-0.478949	-0.877843	0	None	None
ChainingRodShaped	13935	4.49414	0.5	-58.8353	71.9065	0	0.378028	0.925794	0	None	None
ChainingRodShaped	8761	4.28351	0.5	-6.35823	110.121	0	0.98436	0.17617	0	None	None
ChainingRodShaped	17295	3.11913	0.5	-26.9905	24.4986	0	0.695391	-0.718632	0	None	None
ChainingRodShaped	16695	2.73095	0.5	7.58263	-36.0558	0	0.619161	-0.785264	0	None	None
ChainingRodShaped	12447	3.68976	0.5	-45.9882	-28.9076	0	-0.825941	-0.563757	0	None	None
ChainingRodShaped	18957	2.38206	0.5	80.292	-30.545	0	-0.798641	0.601808	0	None	None
ChainingRodShaped	15417	2.88492	0.5	-8.70988	-50.333	0	0.13402	0.990979	0	None	None
ChainingRodShaped	15509	4.07017	0.5	-64.8429	32.5081	0	-0.999076	0.0429686	0	None	None
ChainingRodShaped	16059	2.72197	0.5	32.1094	77.489	0	0.985181	0.17152	0	None	None
ChainingRodShaped	8387	4.86645	0.5	26.433	74.0153	0	-0.405863	0.913934	0	None	None
ChainingRodShaped	14777	3.26592	0.5	-72.1436	-9.75869	0	-0.451242	0.892402	0	None	None
ChainingRodShaped	18365	2.95115	0.5	23.3129	-67.3889	0	-0.973324	-0.229437	0	None	None
ChainingRodShaped	17293	3.34484	0.5	-37.2681	60.8629	0	0.107194	-0.994238	0	None	None
ChainingRodShaped	18711	2.47377	0.5	71.3618	97.6834	0	0.721566	0.692346	0	None	None
ChainingRodShaped	19425	2.53057	0.5	-19.2961	1.67609	0	0.0233809	-0.999727	0	None	None
ChainingRodShaped	19259	2.21169	0.5	4.95892	109.37	0	-0.45023	-0.892913	0	None	None
ChainingRodShaped	13169	3.79304	0.5	-47.1677	-28.8102	0	-0.820279	-0.571963	0	None	None
ChainingRodShaped	15123	3.21493	0.5	-68.9999	26.744	0	-0.997551	-0.0699457	0	None	None
ChainingRodShaped	11557	3.95944	0.5	110.027	11.3788	0	0.614066	-0.789254	0	None	None
ChainingRodShaped	13485	3.74496	0.5	-3.64972	58.9051	0	0.959539	-0.281576	0	None	None
ChainingRodShaped	17195	3.31348	0.5	-21.1951	66.7958	0	0.82618	-0.563407	0	None	None
ChainingRodShaped	20471	2.08262	0.5	-65.7754	100.182	0	-0.417945	-0.908472	0	None	None
ChainingRodShaped	12565	4.98585	0.5	3.96828	66.6744	0	0.852582	0.522594	0	None	None
ChainingRodShaped	11777	3.66778	0.5	63.9924	7.11185	0	0.770278	-0.637708	0	None	None
ChainingRodShaped	9681	3.92157	0.5	-64.4885	-39.8964	0	-0.740599	0.671947	0	None	None
ChainingRodShaped	17093	2.81606	0.5	-18.8726	21.1242	0	0.894634	-0.446799	0	None	None
ChainingRodShaped	13287	3.11596	0.5	-75.1766	-2.38654	0	0.885287	-0.465044	0	None	None
ChainingRodShaped	12905	3.484	0.5	37.6058	-55.2062	0	0.75087	0.66045	0	None	None
ChainingRodShaped	20579	2.08108	0.5	0.98253	130.482	0	0.236751	0.97157	0	None	None
ChainingRodShaped	14247	3.61674	0.5	56.0324	63.9623	0	0.505297	-0.862946	0	None	None
ChainingRodShaped	11667	4.44194	0.5	68.8956	72.6876	0	0.731134	0.682234	0	None	None
ChainingRodShaped	20165	2.13748	0.5	14.678	-66.408	0	0.974555	-0.224149	0	None	None
ChainingRodShaped	14521	4.2633	0.5	35.6012	7.80106	0	0.595201	0.803577	0	None	None
ChainingRodShaped	12627	4.62047	0.5	37.2387	60.3733	0	0.288521	0.957474	0	None	None
ChainingRodShaped	17443	3.0146	0.5	8.65104	99.4723	0	-0.648038	-0.761608	0	None	None
ChainingRodShaped	14855	3.18873	0.5	-10.1728	100.18	0	0.972899	0.231231	0	None	None
ChainingRodShaped	17037	2.63804	0.5	-20.2727	25.2729	0	0.835805	-0.549026	0	None	None
ChainingRodShaped	10845	4.04287	0.5	45.2006	96.1187	0	0.987576	0.157142	0	None	None
ChainingRodShaped	19977	2.34092	0.5	-61.047	40.0929	0	0.932093	0.362218	0	None	None
ChainingRodShaped	16443	3.15981	0.5	108.089	15.4758	0	0.532071	-0.8467	0	None	None
ChainingRodShaped	20321	2.15323	0.5	-0.319841	49.0333	0	0.822074	-0.569381	0	None	None
ChainingRodShaped	14617	4.18028	0.5	39.3256	-52.8701	0	0.926363	0.376632	0	None	None
ChainingRodShaped	11081	4.41098	0.5	-23.5861	-36.9892	0	0.503739	-0.863856	0	None	None
ChainingRodShaped	11003	4.24159	0.5	-56.2237	54.9549	0	0.0161698	-0.999869	0	None	None
ChainingRodShaped	9227	4.23397	0.5	-37.934	-27.466	0	0.0781017	-0.996945	0	None	None
ChainingRodShaped	7815	4.9595	0.5	36.1261	51.2347	0	-0.430059	-0.902801	0	None	None
ChainingRodShaped	7729	4.96393	0.5	42.4193	110.996	0	0.670631	0.741791	0	None	None
ChainingRodShaped	12665	3.26171	0.5	39.098	-62.1152	0	0.72633	0.687346	0	None	None
ChainingRodShaped	16513	2.98068	0.5	-4.70164	0.00871867	0	0.988233	0.152959	0	None	None
ChainingRodShaped	20293	2.19109	0.5	-27.1639	-17.1817	0	0.280426	-0.959876	0	None	None
ChainingRodShaped	6487	4.71704	0.5	-48.5839	13.3372	0	0.986916	-0.161233	0	None	None
ChainingRodShaped	20637	2.09688	0.5	17.8057	41.1686	0	0.476194	-0.87934	0	None	None
ChainingRodShaped	14771	2.92684	0.5	-48.9447	-5.52416	0	0.712754	0.701414	0	None	None
ChainingRodShaped	11833	4.39792	0.5	-24.7198	46.4663	0	0.942618	-0.333874	0	None	None
ChainingRodShaped	6631	4.90633	0.5	-2.42167	45.1521	0	0.675717	-0.737161	0	None	None
ChainingRodShaped	14081	3.39478	0.5	39.6807	-56.6744	0	0.738832	0.67389	0	None	None
ChainingRodShaped	18171	2.85335	0.5	-4.43543	-22.1474	0	0.498883	-0.866669	0	None	None
ChainingRodShaped	14239	4.45049	0.5	2.83867	107.107	0	0.977113	0.21272	0	None	None
ChainingRodShaped	19575	2.19429	0.5	5.80523	13.3612	0	0.98879	0.149311	0	None	None
ChainingRodShaped	9707	4.1663	0.5	53.7908	-7.96802	0	0.342844	-0.939392	0	None	None
ChainingRodShaped	14451	2.96955	0.5	-51.848	-38.4491	0	0.623773	0.781606	0	None	None
ChainingRodShaped	14917	3.30735	0.5	-14.236	-67.2922	0	-0.273326	-0.961921	0	None	None
ChainingRodShaped	10171	4.5188	0.5	-19.3085	-70.8253	0	0.808663	-0.588272	0	None	None
ChainingRodShaped	8959	4.24498	0.5	13.9708	33.3924	0	0.973105	0.230362	0	None	None
ChainingRodShaped	10235	4.57166	0.5	22.5272	116.046	0	0.298254	-0.954487	0	None	None
ChainingRodShaped	13885	4.26733	0.5	48.4256	64.1955	0	0.146567	-0.989201	0	None	None
ChainingRodShaped	9883	3.96428	0.5	-92.3292	21.9871	0	-0.584169	0.811632	0	None	None
ChainingRodShaped	14577	4.19272	0.5	-51.2998	70.703	0	-0.680999	-0.732285	0	None	None
ChainingRodShaped	7545	4.4108	0.5	-65.8908	4.76602	0	0.971652	0.236415	0	None	None
ChainingRodShaped	16023	3.82601	0.5	-72.3567	46.0582	0	0.922996	-0.384811	0	None	None
ChainingRodShaped	19883	2.30206	0.5	18.4362	52.3196	0	0.800569	0.599241	0	None	None
ChainingRodShaped	17457	3.18999	0.5	52.5505	62.5273	0	0.354026	-0.935236	0	None	None
ChainingRodShaped	17071	3.24262	0.5	-23.6572	37.7298	0	-0.844424	0.535675	0	None	None
ChainingRodShaped	11055	3.55052	0.5	15.8107	-48.2461	0	0.332792	-0.943	0	None	None
ChainingRodShaped	19497	2.39112	0.5	-10.1776	56.232	0	0.532079	-0.846694	0	None	None
ChainingRodShaped	16703	2.60779	0.5	5.90975	-32.0546	0	0.470013	-0.88266	0	None	None
ChainingRodShaped	14371	3.44671	0.5	81.1087	49.8021	0	-0.726738	-0.686914	0	None	None
ChainingRodShaped	18021	2.93708	0.5	85.1312	35.036	0	0.738914	0.6738	0	None	None
ChainingRodShaped	17929	2.60782	0.5	44.403	-62.4003	0	0.800464	0.599381	0	None	None
ChainingRodShaped	13505	3.42011	0.5	-17.0188	-61.4409	0	-0.0388159	-0.999246	0	None	None
ChainingRodShaped	15351	3.21736	0.5	-63.7724	40.1003	0	0.958471	0.285189	0	None	None
ChainingRodShaped	11211	4.80709	0.5	96.0079	57.8812	0	-0.404489	-0.914543	0	None	None
ChainingRodShaped	8585	4.97461	0.5	66.3707	41.359	0	-0.986212	-0.165484	0	None	None
ChainingRodShaped	14603	2.84262	0.5	-8.43431	-17.1418	0	0.736052	-0.676925	0	None	None
ChainingRodShaped	17529	3.2193	0.5	-44.211	59.2382	0	-0.249995	0.968247	0	None	None
ChainingRodShaped	11105	3.94414	0.5	35.7091	19.1784	0	0.961516	0.27475	0	None	None
ChainingRodShaped	9783	3.85728	0.5	-10.5602	63.9296	0	0.795465	-0.606	0	None	None
ChainingRodShaped	19493	2.45786	0.5	8.26251	-2.84915	0	0.198166	-0.980169	0	None	None
ChainingRodShaped	8129	4.54458	0.5	-34.7124	123.899	0	0.503419	-0.864043	0	None	None
ChainingRodShaped	9615	4.69603	0.5	42.8483	58.0495	0	-0.342933	-0.93936	0	None	None
ChainingRodShaped	20789	2.04017	0.5	109.946	48.168	0	0.979416	0.201853	0	None	None
ChainingRodShaped	18661	2.74758	0.5	9.55745	93.406	0	-0.591893	-0.806016	0	None	None
ChainingRodShaped	12583	4.47729	0.5	-42.7169	110.141	0	-0.954276	0.298927	0	None	None
ChainingRodShaped	10037	4.9618	0.5	43.0635	3.19225	0	-0.555985	-0.831192	0	None	None
ChainingRodShaped	14553	4.4926	0.5	47.4176	-18.6565	0	-0.528405	-0.848993	0	None	None
ChainingRodShaped	8637	4.39622	0.5	98.3617	70.4972	0	0.266825	-0.963745	0	None	None
ChainingRodShaped	17311	2.58783	0.5	-76.1255	62.5326	0	-0.448407	0.89383	0	None	None
ChainingRodShaped	8919	4.3585	0.5	43.5609	52.7988	0	-0.373492	-0.927634	0	None	None
ChainingRodShaped	19943	2.18254	0.5	75.4286	80.4318	0	-0.167153	0.985931	0	None	None
ChainingRodShaped	12225	4.72938	0.5	-34.0605	41.65	0	0.391117	-0.920341	0	None	None
ChainingRodShaped	19077	2.43564	0.5	-6.45927	-60.8089	0	0.100906	0.994896	0	None	None
ChainingRodShaped	17707	2.68134	0.5	-8.50521	7.69995	0	0.77645	-0.630179	0	None	None
ChainingRodShaped	11467	3.92016	0.5	6.60365	74.7385	0	0.951472	-0.307735	0	None	None
ChainingRodShaped	18083	2.71866	0.5	72.9514	69.4742	0	0.582891	0.81255	0	None	None
ChainingRodShaped	8479	4.57709	0.5	-24.6618	-53.7123	0	0.787942	0.615749	0	None	None
ChainingRodShaped	17351	3.31198	0.5	64.0561	-37.2951	0	0.338096	0.941112	0	None	None
ChainingRodShaped	19459	2.37228	0.5	36.3507	118.51	0	0.301876	-0.953347	0	None	None
ChainingRodShaped	13767	3.93872	0.5	16.114	-47.3371	0	0.342131	-0.939652	0	None	None
ChainingRodShaped	18823	2.31928	0.5	19.7277	3.08167	0	0.392402	-0.919794	0	None	None
ChainingRodShaped	13453	4.32482	0.5	2.77937	119.292	0	0.674907	0.737902	0	None	None
ChainingRodShaped	15733	2.97046	0.5	60.4286	44.9741	0	0.962658	0.270721	0	None	None
ChainingRodShaped	18429	2.87531	0.5	67.6106	14.035	0	-0.985027	0.1724	0	None	None
ChainingRodShaped	10111	3.81573	0.5	23.0616	13.724	0	0.385795	-0.922585	0	None	None
ChainingRodShaped	8061	4.51352	0.5	41.6413	122.384	0	-0.324415	-0.945915	0	None	None
ChainingRodShaped	8217	4.73504	0.5	36.0698	-66.1256	0	0.73563	0.677384	0	None	None
ChainingRodShaped	18565	2.87206	0.5	-51.5131	49.9674	0	-0.38628	-0.922381	0	None	None
ChainingRodShaped	19653	2.27327	0.5	49.8906	47.4972	0	0.933004	0.359865	0	None	None
ChainingRodShaped	9195	4.64865	0.5	-46.649	63.2632	0	-0.681474	0.731842	0	None	None
ChainingRodShaped	12933	4.07305	0.5	-84.7671	19.3979	0	-0.182318	0.98324	0	None	None
ChainingRodShaped	12785	3.36903	0.5	34.4758	60.8145	0	0.708653	0.705557	0	None	None
ChainingRodShaped	19725	2.25228	0.5	32.8304	27.2867	0	0.0343045	-0.999411	0	None	None
ChainingRodShaped	10473	3.85753	0.5	-2.90084	60.5973	0	-0.967572	0.252595	0	None	None
ChainingRodShaped	15495	2.72716	0.5	62.9175	-35.9777	0	0.356829	0.93417	0	None	None
ChainingRodShaped	15289	2.88899	0.5	41.0273	-21.1655	0	-0.63381	-0.773489	0	None	None
ChainingRodShaped	15027	3.30233	0.5	-86.6874	-2.9666	0	0.953664	0.300874	0	None	None
ChainingRodShaped	11673	4.30705	0.5	3.66635	85.6934	0	-0.687513	-0.726172	0	None	None
ChainingRodShaped	16455	3.3592	0.5	0.718764	-18.3577	0	-0.85359	0.520945	0	None	None
ChainingRodShaped	13037	4.49528	0.5	31.7119	-3.10336	0	-0.825026	-0.565095	0	None	None
ChainingRodShaped	20903	2.01297	0.5	-22.3557	129.335	0	0.924441	0.381325	0	None	None
ChainingRodShaped	12535	4.30365	0.5	95.9838	38.9042	0	-0.988982	-0.148038	0	None	None
ChainingRodShaped	15585	3.34845	0.5	2.34614	87.5113	0	-0.700523	-0.71363	0	None	None
ChainingRodShaped	11585	3.52797	0.5	-20.3348	77.3087	0	-0.817711	0.575628	0	None	None
ChainingRodShaped	17019	3.09295	0.5	73.5629	-47.7837	0	-0.523642	0.851938	0	None	None
ChainingRodShaped	7117	4.58788	0.5	-95.4455	5.24321	0	-0.16408	-0.986447	0	None	None
ChainingRodShaped	18691	2.76387	0.5	3.53898	84.4166	0	-0.680929	-0.732349	0	None	None
ChainingRodShaped	9737	4.57217	0.5	-38.6158	106.638	0	-0.988163	0.153405	0	None	None
ChainingRodShaped	19937	2.26699	0.5	-33.9575	12.8473	0	0.854559	0.519354	0	None	None
ChainingRodShaped	16197	2.66962	0.5	60.7832	33.1985	0	-0.806729	0.590922	0	None	None
ChainingRodShaped	11015	3.64152	0.5	25.1712	47.0538	0	0.443307	0.89637	0	None	None
ChainingRodShaped	6857	4.94513	0.5	25.0124	99.9261	0	-0.414676	-0.909969	0	None	None
ChainingRodShaped	13777	4.09009	0.5	18.6938	95.5938	0	-0.96907	-0.246785	0	None	None
ChainingRodShaped	8407	4.40878	0.5	-57.4684	109.035	0	0.0269135	0.999638	0	None	None
ChainingRodShaped	20519	2.11203	0.5	-93.2791	30.9357	0	-0.341572	0.939856	0	None	None
ChainingRodShaped	8717	4.27355	0.5	38.4242	100.464	0	0.30039	0.953816	0	None	None
ChainingRodShaped	15179	3.44818	0.5	13.4085	51.1091	0	0.782392	0.622786	0	None	None
ChainingRodShaped	12979	4.46216	0.5	2.54701	-12.004	0	-0.845869	0.53339	0	None	None
ChainingRodShaped	17805	2.58446	0.5	5.88036	-5.55901	0	0.465687	-0.884949	0	None	None
ChainingRodShaped	16677	2.64656	0.5	-45.065	-36.5639	0	0.602525	0.7981	0	None	None
ChainingRodShaped	16259	3.55812	0.5	14.0406	27.3853	0	0.996455	-0.0841225	0	None	None
ChainingRodShaped	11191	4.9523	0.5	-6.61766	100.264	0	0.967641	0.252332	0	None	None
ChainingRodShaped	12109	4.47532	0.5	-56.5699	85.7496	0	0.728545	0.684998	0	None	None
ChainingRodShaped	5909	4.98472	0.5	102.969	45.7767	0	0.884284	0.466949	0	None	None
ChainingRodShaped	16453	3.18095	0.5	8.20296	95.4995	0	-0.687217	-0.726453	0	None	None
ChainingRodShaped	18065	2.92336	0.5	72.322	77.0382	0	0.0632973	0.997995	0	None	None
ChainingRodShaped	20493	2.07825	0.5	81.8288	84.0935	0	0.577736	-0.816224	0	None	None
ChainingRodShaped	15993	3.54302	0.5	30.1327	-24.4298	0	-0.917989	-0.396606	0	None	None
ChainingRodShaped	18447	2.42313	0.5	-52.4977	18.7055	0	0.986651	-0.162847	0	None	None
ChainingRodShaped	15551	3.81593	0.5	88.8004	60.6823	0	-0.446795	-0.894637	0	None	None
ChainingRodShaped	20373	2.14835	0.5	40.6445	-69.6127	0	0.735403	0.67763	0	None	None
ChainingRodShaped	10065	3.93785	0.5	54.2175	-28.661	0	0.782685	0.622417	0	None	None
ChainingRodShaped	13809	4.37036	0.5	-21.7847	-2.10586	0	0.288318	-0.957535	0	None	None
ChainingRodShaped	13697	3.65375	0.5	26.8409	-7.02113	0	-0.908622	-0.417619	0	None	None
ChainingRodShaped	16801	3.17724	0.5	45.8401	-36.5932	0	-0.9268	-0.375555	0	None	None
ChainingRodShaped	18481	2.45671	0.5	59.6291	69.966	0	-0.737593	-0.675246	0	None	None
ChainingRodShaped	10553	4.53829	0.5	97.2123	10.2558	0	0.541067	-0.840979	0	None	None
ChainingRodShaped	12675	4.34997	0.5	-68.0359	70.63	0	0.492061	0.870561	0	None	None
ChainingRodShaped	14407	3.86347	0.5	62.1431	98.9501	0	-0.198036	-0.980195	0	None	None
ChainingRodShaped	15089	3.81321	0.5	71.3175	-27.2954	0	0.464614	-0.885513	0	None	None
ChainingRodShaped	15319	4.03106	0.5	32.9656	126.099	0	0.618485	0.785797	0	None	None
ChainingRodShaped	11553	3.48566	0.5	-27.3827	14.1152	0	0.626941	0.779067	0	None	None
ChainingRodShaped	6365	4.91367	0.5	22.1456	-66.7442	0	0.975572	0.21968	0	None	None
ChainingRodShaped	10537	3.69104	0.5	-61.0376	75.5104	0	0.391004	0.920389	0	None	None
ChainingRodShaped	11519	3.59668	0.5	-21.3711	-61.482	0	-0.588412	0.808561	0	None	None
ChainingRodShaped	14191	3.09136	0.5	63.3501	26.5897	0	0.745571	-0.666426	0	None	None
ChainingRodShaped	9351	4.06498	0.5	-35.1517	-33.1322	0	-0.223497	-0.974705	0	None	None
ChainingRodShaped	10151	4.09027	0.5	68.3161	59.2638	0	0.758446	0.651736	0	None	None
ChainingRodShaped	8211	4.98066	0.5	-58.9771	60.557	0	-0.0844478	0.996428	0	None	None
ChainingRodShaped	17793	2.72618	0.5	-65.2105	61.5765	0	0.876208	-0.481934	0	None	None
ChainingRodShaped	15821	3.56111	0.5	-18.0424	-2.40948	0	-0.981261	-0.192681	0	None	None
ChainingRodShaped	13021	3.88792	0.5	109.115	1.19096	0	0.269319	-0.963051	0	None	None
ChainingRodShaped	19617	2.22084	0.5	-24.0014	-2.56766	0	-0.375473	0.926833	0	None	None
ChainingRodShaped	13369	3.37108	0.5	84.9405	36.9864	0	-0.754088	-0.656774	0	None	None
ChainingRodShaped	10931	4.24547	0.5	41.6841	22.1067	0	0.983127	0.182925	0	None	None
ChainingRodShaped	18835	2.52823	0.5	-40.0574	24.177	0	0.434061	0.900884	0	None	None
ChainingRodShaped	10097	3.80288	0.5	-39.1942	72.4548	0	-0.671087	-0.741379	0	None	None
ChainingRodShaped	11805	3.42496	0.5	-43.9582	-49.3393	0	0.682902	-0.73051	0	None	None
ChainingRodShaped	16389	3.62335	0.5	-7.84288	88.7913	0	-0.786031	-0.618187	0	None	None
ChainingRodShaped	13159	4.6567	0.5	-18.8971	-73.1222	0	0.616069	-0.787692	0	None	None
ChainingRodShaped	20153	2.10072	0.5	-25.2879	40.1122	0	0.861291	0.508112	0	None	None
ChainingRodShaped	15431	3.52354	0.5	8.42081	87.8959	0	-0.0884586	-0.99608	0	None	None
ChainingRodShaped	13949	3.2038	0.5	89.814	85.2656	0	0.0859138	0.996303	0	None	None
ChainingRodShaped	14149	3.48842	0.5	32.1122	-59.8838	0	-0.205568	0.978643	0	None	None
ChainingRodShaped	14875	3.49873	0.5	-41.6318	57.8943	0	0.239927	-0.970791	0	None	None
ChainingRodShaped	12105	4.66509	0.5	-63.1108	88.9108	0	-0.473065	-0.881028	0	None	None
ChainingRodShaped	13141	4.71972	0.5	-50.5668	29.5992	0	-0.863758	-0.503906	0	None	None
ChainingRodShaped	15959	3.89399	0.5	64.4408	-3.33145	0	-0.961774	0.273844	0	None	None
ChainingRodShaped	14555	3.39057	0.5	-65.193	-6.91697	0	-0.603474	-0.797383	0	None	None
ChainingRodShaped	19447	2.52304	0.5	-69.6584	-34.5741	0	-0.477576	0.87859	0	None	None
ChainingRodShaped	10923	4.69041	0.5	38.8271	36.2877	0	-0.837301	-0.546742	0	None	None
ChainingRodShaped	10573	3.98683	0.5	59.6814	-56.3402	0	0.497114	0.867685	0	None	None
ChainingRodShaped	13339	3.23878	0.5	-29.0368	-55.2324	0	-0.915528	-0.402254	0	None	None
ChainingRodShaped	14573	3.86774	0.5	-23.5602	-33.2744	0	-0.957491	-0.288464	0	None	None
ChainingRodShaped	13079	4.54526	0.5	56.8448	28.198	0	0.947772	-0.31895	0	None	None
ChainingRodShaped	14393	3.97235	0.5	96.9331	29.9593	0	-0.993541	-0.113471	0	None	None
ChainingRodShaped	10753	4.54717	0.5	-0.141803	27.4107	0	-0.973169	-0.23009	0	None	None
ChainingRodShaped	11981	4.72621	0.5	20.329	-29.4522	0	-0.570025	0.821628	0	None	None
ChainingRodShaped	16421	2.86126	0.5	103.387	53.9068	0	-0.84903	-0.528344	0	None	None
ChainingRodShaped	13039	3.32042	0.5	-0.180044	-45.5703	0	-0.556212	0.83104	0	None	None
ChainingRodShaped	7393	4.95395	0.5	-25.8109	84.7283	0	-0.829517	0.558482	0	None	None
ChainingRodShaped	15903	2.84972	0.5	67.1355	53.9646	0	0.888632	0.458621	0	None	None
ChainingRodShaped	17047	2.71014	0.5	51.1226	78.8145	0	-0.490494	-0.871444	0	None	None
ChainingRodShaped	12419	3.28241	0.5	87.5432	55.4514	0	-0.423639	-0.905831	0	None	None
ChainingRodShaped	18371	2.94205	0.5	-37.046	-14.0263	0	-0.429425	0.903103	0	None	None
ChainingRodShaped	12397	3.72841	0.5	-21.8464	107.623	0	0.0052469	-0.999986	0	None	None
ChainingRodShaped	12123	4.02549	0.5	-44.9231	74.5257	0	-0.916319	-0.400449	0	None	None
ChainingRodShaped	12145	4.07643	0.5	-26.7566	38.529	0	0.875767	0.482733	0	None	None
ChainingRodShaped	9801	4.52744	0.5	15.1775	30.2132	0	0.342663	0.939458	0	None	None
ChainingRodShaped	17689	2.46841	0.5	16.4189	78.3665	0	-0.998482	0.0550854	0	None	None
ChainingRodShaped	14267	4.53176	0.5	17.0063	5.09215	0	0.32227	-0.946648	0	None	None
ChainingRodShaped	12977	4.73649	0.5	44.2923	63.4141	0	-0.130594	-0.991436	0	None	None
ChainingRodShaped	12203	4.46952	0.5	25.4655	-24.1321	0	-0.90578	-0.423749	0	None	None
ChainingRodShaped	10705	3.67687	0.5	88.3831	20.0751	0	-0.251954	-0.967739	0	None	None
ChainingRodShaped	15741	3.07066	0.5	-63.8932	9.69556	0	0.985874	-0.167492	0	None	None
ChainingRodShaped	12825	3.14343	0.5	-25.6935	-14.7758	0	0.269984	-0.962865	0	None	None
ChainingRodShaped	11283	3.59301	0.5	108.237	49.7178	0	-0.976802	-0.214146	0	None	None
ChainingRodShaped	13403	3.16496	0.5	-81.3133	20.0134	0	-0.20667	0.978411	0	None	None
ChainingRodShaped	14059	2.99723	0.5	9.54347	75.3492	0	0.955322	-0.295567	0	None	None
ChainingRodShaped	11881	4.4929	0.5	35.5623	114.499	0	-0.227211	-0.973845	0	None	None
ChainingRodShaped	13449	4.77998	0.5	12.2403	54.8445	0	0.811999	0.583659	0	None	None
ChainingRodShaped	19115	2.50541	0.5	-17.8161	-36.8641	0	-0.760565	-0.649261	0	None	None
ChainingRodShaped	19035	2.43995	0.5	6.05603	77.1463	0	0.955408	-0.295289	0	None	None
ChainingRodShaped	11121	4.51587	0.5	-15.0951	65.2967	0	0.831709	-0.555212	0	None	None
ChainingRodShaped	17167	2.66174	0.5	-53.3743	9.09249	0	-0.155477	0.98784	0	None	None
ChainingRodShaped	16633	2.97803	0.5	64.339	24.7968	0	0.789719	-0.613469	0	None	None
ChainingRodShaped	14849	3.87939	0.5	59.3019	78.8879	0	-0.0112067	-0.999937	0	None	None
ChainingRodShaped	15277	3.71498	0.5	39.3795	124.352	0	-0.295892	-0.955221	0	None	None
ChainingRodShaped	16721	2.85654	0.5	-10.6447	64.916	0	-0.814007	0.580856	0	None	None
ChainingRodShaped	15065	3.93548	0.5	-31.7237	25.6338	0	0.720731	0.693215	0	None	None
ChainingRodShaped	13677	4.25246	0.5	-54.2311	38.126	0	0.874632	0.484788	0	None	None
ChainingRodShaped	17731	2.56655	0.5	25.1946	-49.8396	0	0.959913	0.2803	0	None	None
ChainingRodShaped	12579	4.21955	0.5	-8.36022	-24.6331	0	0.560035	-0.828469	0	None	None
ChainingRodShaped	11985	4.42314	0.5	11.8041	3.09448	0	-0.441663	-0.897181	0	None	None
ChainingRodShaped	13625	4.50995	0.5	-30.0133	-16.1496	0	-0.318701	0.947855	0	None	None
ChainingRodShaped	17943	2.62908	0.5	20.9634	-19.4115	0	0.999654	0.0263127	0	None	None
ChainingRodShaped	16631	2.69046	0.5	53.3958	11.0344	0	-0.56423	-0.825617	0	None	None
ChainingRodShaped	10249	3.70955	0.5	25.0215	57.1555	0	0.758686	0.651456	0	None	None
ChainingRodShaped	18337	2.5311	0.5	47.0466	-50.724	0	0.998722	-0.0505432	0	None	None
ChainingRodShaped	12983	3.74751	0.5	58.2502	-23.9309	0	0.453305	0.891356	0	None	None
ChainingRodShaped	17643	2.44834	0.5	-43.1323	-16.9832	0	-0.903909	-0.427726	0	None	None
ChainingRodShaped	20433	2.13715	0.5	-18.5318	110.306	0	0.00743022	-0.999972	0	None	None
ChainingRodShaped	19009	2.27516	0.5	109.095	61.5557	0	0.773731	-0.633515	0	None	None
ChainingRodShaped	11669	4.25218	0.5	-24.2002	-17.5698	0	-0.649064	-0.760734	0	None	None
ChainingRodShaped	12543	3.32747	0.5	-72.4691	79.4221	0	0.699493	-0.71464	0	None	None
ChainingRodShaped	14029	4.07374	0.5	57.6215	83.3506	0	0.0582696	-0.998301	0	None	None
ChainingRodShaped	13199	4.99051	0.5	6.62915	14.1582	0	0.990235	0.139406	0	None	None
ChainingRodShaped	13573	4.30011	0.5	51.8799	20.0939	0	0.107198	-0.994238	0	None	None
ChainingRodShaped	16127	3.29386	0.5	-21.241	23.5544	0	0.89615	-0.443751	0	None	None
ChainingRodShaped	13583	3.36963	0.5	-12.2442	19.1229	0	0.417158	-0.908834	0	None	None
ChainingRodShaped	9597	4.41254	0.5	56.8015	-59.1572	0	0.996212	0.0869621	0	None	None
ChainingRodShaped	15751	3.23087	0.5	-45.0674	93.2409	0	0.106367	0.994327	0	None	None
ChainingRodShaped	19439	2.37198	0.5	-13.2151	117.535	0	-0.114015	-0.993479	0	None	None
ChainingRodShaped	16173	3.0628	0.5	43.7317	76.636	0	0.898205	0.439577	0	None	None
ChainingRodShaped	8855	4.13427	0.5	73.3073	-2.22532	0	-0.996252	-0.0864963	0	None	None
ChainingRodShaped	19627	2.28373	0.5	103.591	7.62795	0	-0.636418	0.771344	0	None	None
ChainingRodShaped	12591	4.06306	0.5	70.0377	71.6426	0	0.740773	0.671756	0	None	None
ChainingRodShaped	11803	4.76175	0.5	113.172	23.9981	0	-0.950641	-0.310294	0	None	None
ChainingRodShaped	16205	2.91569	0.5	-35.0039	49.852	0	0.230843	-0.972991	0	None	None
ChainingRodShaped	9043	4.446	0.5	-48.0157	1.36189	0	0.0176069	0.999845	0	None	None
ChainingRodShaped	8237	4.4416	0.5	64.1629	32.6116	0	-0.848078	0.529871	0	None	None
ChainingRodShaped	17337	3.33925	0.5	-47.2689	14.5661	0	0.984266	-0.176694	0	None	None
ChainingRodShaped	16235	2.60719	0.5	-45.5339	35.3254	0	-0.786521	-0.617564	0	None	None
ChainingRodShaped	18097	2.93839	0.5	-23.1853	78.2978	0	-0.822081	0.569371	0	None	None
ChainingRodShaped	10025	3.79165	0.5	80.506	-17.2781	0	-0.15826	0.987397	0	None	None
ChainingRodShaped	13841	4.02581	0.5	-90.5188	-7.45797	0	0.0408849	-0.999164	0	None	None
ChainingRodShaped	10353	4.71125	0.5	1.62819	-12.9462	0	-0.856175	0.516687	0	None	None
ChainingRodShaped	14303	3.24203	0.5	11.0054	98.48	0	-0.681607	-0.731719	0	None	None
ChainingRodShaped	11665	4.36532	0.5	-12.2749	50.3937	0	0.598623	-0.801031	0	None	None
ChainingRodShaped	18883	2.53288	0.5	45.3596	124.177	0	0.782486	-0.622669	0	None	None
ChainingRodShaped	15083	3.87028	0.5	1.18968	-13.5051	0	0.861256	-0.508171	0	None	None
ChainingRodShaped	9047	4.48499	0.5	-64.7396	28.3406	0	-0.999995	0.00320735	0	None	None
ChainingRodShaped	19837	2.13799	0.5	48.1937	127.162	0	0.845251	0.534369	0	None	None
ChainingRodShaped	20065	2.24471	0.5	-50.6125	93.7182	0	0.479778	0.87739	0	None	None
ChainingRodShaped	20529	2.08339	0.5	-73.913	-24.513	0	0.995498	0.0947801	0	None	None
ChainingRodShaped	12709	4.89802	0.5	-65.2724	25.3572	0	-0.999685	-0.0250904	0	None	None
ChainingRodShaped	18549	2.52741	0.5	85.9793	2.89539	0	0.99925	0.0387183	0	None	None
ChainingRodShaped	15891	2.71697	0.5	-24.279	84.5824	0	-0.823942	0.566673	0	None	None
ChainingRodShaped	10061	4.01198	0.5	-23.7271	-31.3912	0	-0.94825	-0.317525	0	None	None
ChainingRodShaped	19961	2.23344	0.5	66.7186	-28.2821	0	0.21494	-0.976627	0	None	None
ChainingRodShaped	16419	2.66339	0.5	-32.0186	-33.4055	0	0.0791951	-0.996859	0	None	None
ChainingRodShaped	9719	4.21845	0.5	75.8468	90.3399	0	0.486358	-0.87376	0	None	None
ChainingRodShaped	17575	2.91623	0.5	-45.929	-8.064	0	-0.722364	-0.691513	0	None	None
ChainingRodShaped	20915	2.009	0.5	-23.6237	57.5814	0	0.74138	-0.671086	0	None	None
ChainingRodShaped	16051	2.91735	0.5	-71.5942	81.148	0	-0.70894	0.705269	0	None	None
ChainingRodShaped	19749	2.35262	0.5	30.001	95.5519	0	0.226346	-0.974047	0	None	None
ChainingRodShaped	11621	3.35282	0.5	81.1385	89.9327	0	0.458958	-0.888458	0	None	None
ChainingRodShaped	12831	3.42229	0.5	6.96679	23.2642	0	-0.139271	0.990254	0	None	None
ChainingRodShaped	13667	3.87448	0.5	87.4934	3.76065	0	0.998807	0.0488366	0	None	None
ChainingRodShaped	13807	3.96373	0.5	27.6257	120.488	0	0.300011	-0.953936	0	None	None
ChainingRodShaped	19817	2.1755	0.5	29.7417	-76.9048	0	0.801461	-0.598046	0	None	None
ChainingRodShaped	18253	2.57871	0.5	-10.3967	87.8576	0	-0.792091	-0.610402	0	None	None
ChainingRodShaped	19013	2.6584	0.5	-19.6426	-54.6852	0	-0.155811	-0.987787	0	None	None
ChainingRodShaped	13011	4.48549	0.5	3.54887	34.1552	0	0.946095	-0.323888	0	None	None
ChainingRodShaped	15853	2.87799	0.5	-51.7541	-25.7389	0	0.603992	0.796991	0	None	None
ChainingRodShaped	20437	2.0695	0.5	12.132	-12.7271	0	0.467296	-0.884101	0	None	None
ChainingRodShaped	19055	2.66253	0.5	22.6873	-13.5539	0	0.836749	-0.547586	0	None	None
ChainingRodShaped	9039	4.93764	0.5	41.4045	113.793	0	0.651299	0.758821	0	None	None
ChainingRodShaped	20779	2.02903	0.5	-98.6495	28.9471	0	-0.44471	0.895674	0	None	None
ChainingRodShaped	11439	3.93433	0.5	77.0115	-56.466	0	0.985184	-0.171501	0	None	None
ChainingRodShaped	19695	2.33059	0.5	-43.5716	30.6908	0	0.756411	0.654096	0	None	None
ChainingRodShaped	11221	3.44682	0.5	112.835	7.44868	0	-0.335141	0.942168	0	None	None
ChainingRodShaped	16895	2.53663	0.5	38.0841	-34.6887	0	-0.982458	-0.186482	0	None	None
ChainingRodShaped	20885	2.02311	0.5	94.5476	24.1753	0	0.878751	-0.477281	0	None	None
ChainingRodShaped	13613	3.36236	0.5	6.67421	75.4052	0	0.952323	-0.305091	0	None	None
ChainingRodShaped	16157	3.3947	0.5	93.4993	33.1691	0	0.999994	0.00358231	0	None	None
ChainingRodShaped	17287	3.13907	0.5	-3.76613	100.181	0	0.970126	0.242602	0	None	None
ChainingRodShaped	16849	3.53264	0.5	104.753	-1.24456	0	0.826164	0.56343	0	None	None
ChainingRodShaped	20959	2.00089	0.5	80.983	46.4587	0	-0.746907	-0.664929	0	None	None
ChainingRodShaped	15545	3.99483	0.5	16.1359	81.0242	0	0.807003	0.590548	0	None	None
ChainingRodShaped	19745	2.30512	0.5	-10.4106	23.8879	0	0.880972	-0.473168	0	None	None
ChainingRodShaped	9643	4.72958	0.5	58.8886	-50.9959	0	0.618108	0.786093	0	None	None
ChainingRodShaped	20447	2.13385	0.5	-73.6395	35.2817	0	0.995479	0.094985	0	None	None
ChainingRodShaped	19935	2.25314	0.5	-74.381	45.9609	0	0.94359	-0.331117	0	None	None
ChainingRodShaped	20539	2.05929	0.5	-9.31019	131.124	0	0.999905	-0.0137691	0	None	None
ChainingRodShaped	16517	3.10375	0.5	68.5765	-1.25915	0	-0.986103	0.166135	0	None	None
ChainingRodShaped	14983	4.14646	0.5	-65.1364	35.5806	0	0.970608	0.240666	0	None	None
ChainingRodShaped	20735	2.03572	0.5	44.2628	114.437	0	0.656488	0.754336	0	None	None
ChainingRodShaped	12625	4.89887	0.5	75.2631	29.4891	0	0.784768	-0.619789	0	None	None
ChainingRodShaped	9229	4.07179	0.5	-36.2175	59.3796	0	-0.264581	-0.964363	0	None	None
ChainingRodShaped	14973	3.27971	0.5	78.6297	19.1098	0	0.871132	-0.491049	0	None	None
ChainingRodShaped	13801	4.67457	0.5	60.2664	102.574	0	-0.168586	-0.985687	0	None	None
ChainingRodShaped	12787	4.11771	0.5	30.6414	-12.7568	0	0.943056	-0.332634	0	None	None
ChainingRodShaped	9263	4.0295	0.5	32.531	-37.9308	0	-0.978171	-0.207801	0	None	None
ChainingRodShaped	16885	2.70974	0.5	21.9333	115.048	0	0.305136	-0.952309	0	None	None
ChainingRodShaped	17621	2.48678	0.5	2.09471	112.489	0	0.735226	0.677822	0	None	None
ChainingRodShaped	11869	4.033	0.5	-12.4022	69.7719	0	-0.842888	0.538089	0	None	None
ChainingRodShaped	10405	4.38581	0.5	97.9891	29.2705	0	-0.992359	-0.123382	0	None	None
ChainingRodShaped	8413	4.32528	0.5	87.5918	-27.1217	0	0.535381	-0.844611	0	None	None
ChainingRodShaped	11011	4.67834	0.5	-59.7752	-3.14086	0	0.828586	-0.559862	0	None	None
ChainingRodShaped	14147	3.97001	0.5	6.26812	-44.86	0	0.455508	-0.890232	0	None	None
ChainingRodShaped	17123	2.77921	0.5	36.3539	1.79556	0	-0.416814	-0.908992	0	None	None
ChainingRodShaped	12337	4.12305	0.5	34.1882	-23.0126	0	-0.224587	-0.974454	0	None	None
ChainingRodShaped	15337	3.38198	0.5	-61.6859	63.1391	0	-0.0818374	0.996646	0	None	None
ChainingRodShaped	17657	2.6252	0.5	61.8592	50.1123	0	0.981166	0.193166	0	None	None
ChainingRodShaped	11637	4.3722	0.5	10.4019	-2.84308	0	0.188661	-0.982042	0	None	None
ChainingRodShaped	8955	3.98261	0.5	62.0595	-32.9535	0	-0.21053	0.977587	0	None	None
ChainingRodShaped	16825	3.01979	0.5	-7.08777	61.5628	0	-0.964783	0.263047	0	None	None
ChainingRodShaped	15859	3.01165	0.5	-24.4441	-54.6605	0	-0.794065	-0.607833	0	None	None
ChainingRodShaped	18735	2.32555	0.5	68.5615	11.503	0	-0.980135	0.198329	0	None	None
ChainingRodShaped	12971	3.6325	0.5	21.1802	-14.8884	0	0.85288	-0.522107	0	None	None
ChainingRodShaped	13007	3.88714	0.5	-72.1294	-15.307	0	-0.857327	0.514773	0	None	None
ChainingRodShaped	11747	4.03294	0.5	49.4444	-55.9855	0	1	-0.000437625	0	None	None
ChainingRodShaped	10799	4.73675	0.5	-44.2356	-31.1164	0	0.594937	0.803772	0	None	None
ChainingRodShaped	13743	3.79315	0.5	96.3592	16.37	0	0.267272	-0.963621	0	None	None
ChainingRodShaped	20333	2.13848	0.5	-52.7568	-9.23463	0	0.741265	0.671213	0	None	None
ChainingRodShaped	8639	4.99575	0.5	-64.0462	-27.792	0	0.75131	-0.65995	0	None	None
ChainingRodShaped	16077	3.59845	0.5	-63.4045	8.78674	0	0.98749	-0.157682	0	None	None
ChainingRodShaped	16413	3.27347	0.5	39.4577	-13.0108	0	0.921958	-0.387289	0	None	None
ChainingRodShaped	15955	3.75985	0.5	71.4999	14.0807	0	-0.984217	0.176968	0	None	None
ChainingRodShaped	15771	2.73826	0.5	35.658	8.94232	0	0.603339	0.797485	0	None	None
ChainingRodShaped	13205	3.74126	0.5	31.8047	16.821	0	0.78888	0.614547	0	None	None
ChainingRodShaped	20551	2.10587	0.5	14.7965	-25.7425	0	-0.994654	0.103263	0	None	None
ChainingRodShaped	9393	3.83826	0.5	-62.9089	68.6344	0	0.372298	0.928113	0	None	None
ChainingRodShaped	16135	2.71782	0.5	89.9794	93.0592	0	-0.962606	-0.270904	0	None	None
ChainingRodShaped	17127	2.70878	0.5	-5.06543	63.2683	0	-0.971885	0.235457	0	None	None
ChainingRodShaped	11251	4.37665	0.5	-3.61744	4.70936	0	0.990383	0.138355	0	None	None
ChainingRodShaped	12757	3.6292	0.5	-26.0343	-20.8429	0	-0.280703	0.959795	0	None	None
ChainingRodShaped	10085	4.31066	0.5	72.507	66.1433	0	0.598981	0.800763	0	None	None
ChainingRodShaped	12045	4.40374	0.5	51.5077	95.3276	0	0.173679	-0.984802	0	None	None
ChainingRodShaped	19209	2.35741	0.5	34.2065	-45.537	0	0.896217	-0.443616	0	None	None
ChainingRodShaped	16743	2.94829	0.5	-12.9817	-17.2853	0	0.887567	0.460679	0	None	None
ChainingRodShaped	19551	2.43502	0.5	97.9967	28.3738	0	-0.992602	-0.121416	0	None	None
ChainingRodShaped	14021	4.67851	0.5	-7.2335	-22.1042	0	0.547104	-0.837065	0	None	None
ChainingRodShaped	13587	3.90205	0.5	-43.1454	-48.9967	0	0.675538	-0.737325	0	None	None
ChainingRodShaped	16855	3.22653	0.5	28.3534	-74.5602	0	0.759551	-0.650448	0	None	None
ChainingRodShaped	8383	4.96236	0.5	-77.8621	-17.565	0	0.0162891	-0.999867	0	None	None
ChainingRodShaped	17953	3.03013	0.5	33.2345	96.4364	0	0.224303	0.974519	0	None	None
ChainingRodShaped	15883	3.57779	0.5	82.3845	-12.3213	0	-0.234839	-0.972034	0	None	None
ChainingRodShaped	13167	4.69163	0.5	-13.2197	-67.0346	0	-0.271838	-0.962343	0	None	None
ChainingRodShaped	11703	3.40835	0.5	89.5655	40.8611	0	-0.967494	-0.252896	0	None	None
ChainingRodShaped	17065	2.64811	0.5	84.0855	88.4886	0	0.567228	-0.823561	0	None	None
ChainingRodShaped	18599	2.59277	0.5	-72.5867	-12.9681	0	-0.436034	0.89993	0	None	None
ChainingRodShaped	7573	4.64474	0.5	-9.53642	-70.2804	0	0.301017	0.953619	0	None	None
ChainingRodShaped	19409	2.19811	0.5	52.7161	18.5061	0	0.0967881	-0.995305	0	None	None
ChainingRodShaped	15565	2.92606	0.5	58.5192	-15.0514	0	-0.425304	-0.90505	0	None	None
ChainingRodShaped	16355	2.88289	0.5	-51.8289	96.5991	0	0.535539	0.844511	0	None	None
ChainingRodShaped	7047	4.59726	0.5	-68.2544	97.0591	0	-0.853734	-0.520709	0	None	None
ChainingRodShaped	13735	4.2753	0.5	-39.821	60.1569	0	0.187444	-0.982275	0	None	None
ChainingRodShaped	9751	4.81447	0.5	9.33122	-40.6094	0	0.197128	-0.980378	0	None	None
ChainingRodShaped	16673	3.33618	0.5	14.4	70.6475	0	0.825091	-0.565001	0	None	None
ChainingRodShaped	15299	3.75086	0.5	94.2121	-22.7216	0	0.999356	0.0358834	0	None	None
ChainingRodShaped	11399	3.51702	0.5	52.8176	69.8611	0	-0.207958	-0.978138	0	None	None
ChainingRodShaped	12573	4.82078	0.5	23.9321	22.983	0	0.06781	0.997698	0	None	None
ChainingRodShaped	17001	3.31645	0.5	73.6596	37.1428	0	-0.994452	0.105193	0	None	None
ChainingRodShaped	19619	2.40498	0.5	21.136	14.1086	0	0.413663	-0.91043	0	None	None
ChainingRodShaped	12833	3.45452	0.5	107.076	-1.28613	0	0.904188	0.427135	0	None	None
ChainingRodShaped	18443	2.32813	0.5	6.92759	-44.2947	0	0.463259	-0.886223	0	None	None
ChainingRodShaped	17233	2.87615	0.5	0.503318	-39.0616	0	-0.568441	0.822724	0	None	None
ChainingRodShaped	14961	3.8741	0.5	-31.9154	77.6568	0	-0.392793	-0.919627	0	None	None
ChainingRodShaped	15931	3.8738	0.5	19.9201	84.235	0	0.999394	0.0348152	0	None	None
ChainingRodShaped	12969	4.01887	0.5	-47.8793	-7.76467	0	0.722387	0.691489	0	None	None
ChainingRodShaped	15407	3.62726	0.5	-9.77111	24.2173	0	0.876436	-0.481519	0	None	None
ChainingRodShaped	16547	2.66782	0.5	0.206385	68.4923	0	0.90323	-0.429157	0	None	None
ChainingRodShaped	17787	2.65018	0.5	64.3501	45.1266	0	-0.968414	-0.24935	0	None	None
ChainingRodShaped	10655	3.67148	0.5	68.1837	-0.421367	0	-0.985262	0.171055	0	None	None
ChainingRodShaped	13335	3.92695	0.5	-76.2629	17.0784	0	0.231461	-0.972844	0	None	None
ChainingRodShaped	20151	2.17718	0.5	81.1906	78.5966	0	0.504321	-0.863516	0	None	None
ChainingRodShaped	7471	4.64214	0.5	20.8587	-23.5934	0	-0.999421	0.0340285	0	None	None
ChainingRodShaped	13085	3.7074	0.5	90.9622	1.14421	0	-0.403423	-0.915014	0	None	None
ChainingRodShaped	11923	4.98564	0.5	84.0706	-12.7449	0	-0.234878	-0.972025	0	None	None
ChainingRodShaped	11919	4.20517	0.5	-33.3195	76.2482	0	-0.382744	-0.923854	0	None	None
ChainingRodShaped	10161	4.53188	0.5	-19.1049	61.1385	0	0.820434	-0.571741	0	None	None
ChainingRodShaped	17663	2.46535	0.5	-17.8944	-7.93527	0	-0.790042	-0.613053	0	None	None
ChainingRodShaped	14995	3.72957	0.5	43.4342	35.2299	0	0.86617	0.49975	0	None	None
ChainingRodShaped	16445	3.05907	0.5	-2.94843	-64.3431	0	-0.156779	0.987634	0	None	None
ChainingRodShaped	11409	3.8973	0.5	-69.8501	28.23	0	-0.997382	-0.0723191	0	None	None
ChainingRodShaped	8147	4.47143	0.5	22.1	92.3512	0	-0.975354	-0.220645	0	None	None
ChainingRodShaped	12729	3.26245	0.5	0.685686	27.048	0	-0.970782	-0.239964	0	None	None
ChainingRodShaped	8673	4.2191	0.5	-4.40841	-20.7166	0	0.490071	-0.871683	0	None	None
ChainingRodShaped	12215	4.75133	0.5	-9.59928	-26.9632	0	-0.568439	0.822726	0	None	None
ChainingRodShaped	12285	4.27374	0.5	-28.685	-41.594	0	0.9063	0.422635	0	None	None
ChainingRodShaped	13325	3.1098	0.5	-47.1743	37.5983	0	-0.810719	-0.585435	0	None	None
ChainingRodShaped	18157	2.86274	0.5	88.3696	68.8662	0	0.986961	0.16096	0	None	None
ChainingRodShaped	14893	3.48443	0.5	75.153	-35.1287	0	-0.349224	0.937039	0	None	None
ChainingRodShaped	11699	4.25706	0.5	20.0941	-37.3915	0	-0.66149	-0.749954	0	None	None
ChainingRodShaped	11607	4.75263	0.5	-12.6478	111.475	0	-0.330205	-0.943909	0	None	None
ChainingRodShaped	13523	4.50841	0.5	-42.0429	53.0966	0	-0.202875	0.979205	0	None	None
ChainingRodShaped	11255	3.95989	0.5	49.6972	64.2866	0	0.166344	-0.986068	0	None	None
ChainingRodShaped	17187	3.01259	0.5	65.9968	122.159	0	0.957613	-0.288059	0	None	None
ChainingRodShaped	17249	3.05741	0.5	49.1104	-3.63911	0	0.452281	-0.891876	0	None	None
ChainingRodShaped	18379	2.57728	0.5	-47.6762	58.7935	0	-0.0665028	0.997786	0	None	None
ChainingRodShaped	19993	2.33418	0.5	67.5261	-28.1112	0	0.209849	-0.977734	0	None	None
ChainingRodShaped	14445	4.29094	0.5	45.0081	25.1156	0	0.928975	0.370144	0	None	None
ChainingRodShaped	11379	4.15868	0.5	41.8829	-40.9568	0	0.994571	-0.104063	0	None	None
ChainingRodShaped	13817	3.25817	0.5	-3.67459	3.45641	0	0.992495	0.122288	0	None	None
ChainingRodShaped	13915	3.12016	0.5	44.0851	109.042	0	0.67979	0.733407	0	None	None
ChainingRodShaped	13245	3.43869	0.5	-73.7937	-22.0243	0	0.699755	-0.714383	0	None	None
ChainingRodShaped	11053	3.8614	0.5	-19.4613	127.762	0	0.98385	0.178996	0	None	None
ChainingRodShaped	8487	4.48615	0.5	12.2741	54.2622	0	0.806281	0.591532	0	None	None
ChainingRodShaped	18879	2.34642	0.5	73.0449	-60.0903	0	0.998066	-0.0621677	0	None	None
ChainingRodShaped	17377	3.12316	0.5	-41.3412	-4.10099	0	0.582942	-0.812514	0	None	None
ChainingRodShaped	11521	4.28444	0.5	-83.7356	4.11471	0	-0.978396	0.206739	0	None	None
ChainingRodShaped	16039	3.24631	0.5	58.0461	53.0615	0	0.96819	0.250214	0	None	None
ChainingRodShaped	12083	4.38103	0.5	-35.3288	35.1727	0	0.950038	0.312135	0	None	None
ChainingRodShaped	12707	4.72039	0.5	-63.4461	86.1069	0	0.992752	0.120183	0	None	None
ChainingRodShaped	16605	2.84792	0.5	59.357	102.781	0	-0.178425	-0.983954	0	None	None
ChainingRodShaped	14249	3.90389	0.5	38.284	-49.7481	0	0.932649	0.360785	0	None	None
ChainingRodShaped	16495	3.44439	0.5	-8.62099	117.999	0	-0.104504	-0.994525	0	None	None
ChainingRodShaped	12551	3.66872	0.5	-14.1555	-13.6485	0	-0.824138	-0.566389	0	None	None
ChainingRodShaped	9521	4.45179	0.5	17.9695	115.827	0	-0.321236	0.946999	0	None	None
ChainingRodShaped	14685	3.65329	0.5	-20.8014	118.302	0	0.988463	0.151462	0	None	None
ChainingRodShaped	11197	3.83364	0.5	68.4696	-2.00202	0	-0.986644	0.162893	0	None	None
ChainingRodShaped	9927	4.98947	0.5	-34.8901	10.9527	0	0.824279	0.566184	0	None	None
ChainingRodShaped	10341	4.78399	0.5	53.9119	46.6412	0	0.929161	0.369675	0	None	None
ChainingRodShaped	13105	3.32327	0.5	114.779	5.54953	0	-0.50204	-0.864844	0	None	None
ChainingRodShaped	13213	3.11474	0.5	22.7387	33.7801	0	-0.0735117	-0.997294	0	None	None
ChainingRodShaped	16315	2.78506	0.5	75.1582	111.095	0	0.763297	-0.646048	0	None	None
ChainingRodShaped	12327	4.37635	0.5	29.1198	18.2727	0	-0.220555	0.975374	0	None	None
ChainingRodShaped	13645	4.42261	0.5	30.1296	69.5011	0	0.690016	0.723794	0	None	None
ChainingRodShaped	16957	2.58162	0.5	-58.9372	-36.4214	0	0.730294	-0.683133	0	None	None
ChainingRodShaped	11545	4.53758	0.5	-55.4866	-3.18778	0	0.835885	-0.548905	0	None	None
ChainingRodShaped	18009	3.01061	0.5	15.0271	17.3533	0	0.896204	-0.443642	0	None	None
ChainingRodShaped	12635	3.86596	0.5	-55.3645	6.35856	0	0.169263	-0.985571	0	None	None
ChainingRodShaped	11783	3.33937	0.5	1.91683	-63.4969	0	0.88978	-0.45639	0	None	None
ChainingRodShaped	9907	4.84833	0.5	-17.1712	-31.0355	0	0.662163	0.74936	0	None	None
ChainingRodShaped	18087	2.48087	0.5	29.441	39.1431	0	0.356109	-0.934444	0	None	None
ChainingRodShaped	20413	2.17087	0.5	-35.1962	58.0276	0	-0.284028	-0.958816	0	None	None
ChainingRodShaped	12649	4.16386	0.5	-68.996	-8.32357	0	0.440821	-0.897595	0	None	None
ChainingRodShaped	20935	2.00873	0.5	84.4662	6.84195	0	0.998833	-0.0483034	0	None	None
ChainingRodShaped	13425	3.86399	0.5	19.7553	78.9029	0	-0.867353	0.497693	0	None	None
ChainingRodShaped	11415	4.55993	0.5	-42.4554	-13.308	0	-0.910442	-0.413636	0	None	None
ChainingRodShaped	13567	4.64512	0.5	-60.2655	72.935	0	0.388172	0.921587	0	None	None
ChainingRodShaped	11151	3.995	0.5	50.9084	59.031	0	-0.738535	-0.674215	0	None	None
ChainingRodShaped	16469	2.96834	0.5	26.2722	77.0248	0	-0.626171	0.779686	0	None	None
ChainingRodShaped	17197	2.61816	0.5	70.6231	103.9	0	-0.838692	-0.544605	0	None	None
ChainingRodShaped	10215	4.84657	0.5	81.5701	16.3528	0	0.855786	-0.51733	0	None	None
ChainingRodShaped	16735	2.60312	0.5	39.1242	82.1794	0	0.863752	0.503916	0	None	None
ChainingRodShaped	11479	4.56603	0.5	-5.54178	80.219	0	0.535096	-0.844791	0	None	None
ChainingRodShaped	11941	4.30963	0.5	92.7102	61.0758	0	-0.396286	-0.918127	0	None	None
ChainingRodShaped	11597	3.55258	0.5	48.1041	-12.6128	0	0.965179	-0.26159	0	None	None
ChainingRodShaped	14193	4.55573	0.5	13.4078	26.8442	0	0.997226	-0.0744385	0	None	None
ChainingRodShaped	20497	2.05664	0.5	-12.972	31.6624	0	-0.870694	-0.491826	0	None	None
ChainingRodShaped	12189	3.63927	0.5	13.6738	-74.4554	0	0.887068	-0.46164	0	None	None
ChainingRodShaped	19865	2.30467	0.5	39.2429	78.9728	0	0.941882	0.335943	0	None	None
ChainingRodShaped	19787	2.22361	0.5	-49.0688	103.735	0	-0.965354	0.260945	0	None	None
ChainingRodShaped	10099	3.76809	0.5	81.1231	74.1532	0	0.988094	0.153848	0	None	None
ChainingRodShaped	9607	4.22002	0.5	93.5558	84.2277	0	0.900035	-0.435818	0	None	None
ChainingRodShaped	14533	3.09511	0.5	99.7268	-14.0954	0	0.923852	0.382749	0	None	None
ChainingRodShaped	20173	2.25119	0.5	-45.4093	120.847	0	0.586656	0.809836	0	None	None
ChainingRodShaped	13633	4.79006	0.5	34.2088	2.81165	0	-0.418276	-0.90832	0	None	None
ChainingRodShaped	19989	2.18857	0.5	-62.7284	13.004	0	0.99211	-0.125367	0	None	None
ChainingRodShaped	15447	2.91555	0.5	-86.4657	70.1233	0	0.757733	0.652565	0	None	None
ChainingRodShaped	8381	4.92528	0.5	-30.6422	69.6987	0	-0.381896	-0.924205	0	None	None
ChainingRodShaped	19785	2.31299	0.5	-1.42214	-9.97128	0	0.50466	-0.863318	0	None	None
ChainingRodShaped	17153	2.49054	0.5	50.5359	79.4263	0	-0.499043	-0.866577	0	None	None
ChainingRodShaped	15921	3.16056	0.5	62.1865	14.1936	0	-0.983248	0.18227	0	None	None
ChainingRodShaped	12363	3.98715	0.5	57.6233	68.0494	0	-0.197442	-0.980315	0	None	None
ChainingRodShaped	13283	3.61724	0.5	38.192	-32.2615	0	-0.943837	-0.330411	0	None	None
ChainingRodShaped	19717	2.26958	0.5	-55.5375	-7.64416	0	-0.966706	-0.25589	0	None	None
ChainingRodShaped	13285	3.75839	0.5	-42.6738	38.2433	0	-0.964766	-0.26311	0	None	None
ChainingRodShaped	20059	2.25574	0.5	21.9022	50.5784	0	-0.829215	-0.55893	0	None	None
ChainingRodShaped	17219	2.58405	0.5	85.9165	65.7168	0	0.352977	0.935632	0	None	None
ChainingRodShaped	8995	4.05642	0.5	-6.44697	104.499	0	0.973011	0.230759	0	None	None
ChainingRodShaped	13183	4.48101	0.5	-40.6569	91.7674	0	0.991625	-0.129154	0	None	None
ChainingRodShaped	9561	4.54979	0.5	7.15616	55.9741	0	0.782962	0.62207	0	None	None
ChainingRodShaped	7121	4.8334	0.5	-7.81665	18.7522	0	0.47096	-0.882155	0	None	None
ChainingRodShaped	13857	3.47438	0.5	11.3246	22.7647	0	-0.947238	0.320532	0	None	None
ChainingRodShaped	12173	3.90579	0.5	94.3439	-21.4587	0	0.981396	-0.191994	0	None	None
ChainingRodShaped	13803	3.79752	0.5	31.7992	109.456	0	-0.223286	-0.974753	0	None	None
ChainingRodShaped	13145	3.55102	0.5	-11.2104	78.3058	0	0.468978	-0.88321	0	None	None
ChainingRodShaped	19465	2.31714	0.5	14.9622	34.9442	0	0.968273	0.249896	0	None	None
ChainingRodShaped	18495	2.7264	0.5	-29.6696	64.1911	0	-0.0670276	-0.997751	0	None	None
ChainingRodShaped	16383	2.79997	0.5	88.4916	-36.9033	0	-0.946347	-0.323151	0	None	None
ChainingRodShaped	14073	4.2689	0.5	-48.4034	-53.2994	0	0.993642	-0.112589	0	None	None
ChainingRodShaped	18321	2.60201	0.5	-26.9199	100.506	0	-0.271509	0.962436	0	None	None
ChainingRodShaped	19897	2.15695	0.5	-7.14753	97.6627	0	0.967182	0.254084	0	None	None
ChainingRodShaped	16587	3.4193	0.5	5.38058	-58.1085	0	-0.784753	0.619808	0	None	None
ChainingRodShaped	19793	2.28008	0.5	-33.6976	-39.1118	0	-0.996918	-0.078446	0	None	None
ChainingRodShaped	15245	2.76274	0.5	25.7075	22.5407	0	0.0378328	0.999284	0	None	None
ChainingRodShaped	12687	3.63524	0.5	5.91076	5.45906	0	0.973352	0.229317	0	None	None
ChainingRodShaped	15101	3.87856	0.5	-51.8866	-23.0809	0	-0.59968	-0.80024	0	None	None
ChainingRodShaped	17597	2.78597	0.5	-16.0439	-30.9037	0	0.669645	0.742682	0	None	None
ChainingRodShaped	7267	4.84296	0.5	38.5296	-25.7946	0	-0.0787463	-0.996895	0	None	None
ChainingRodShaped	12691	4.28058	0.5	30.9887	-6.47037	0	-0.850627	-0.525769	0	None	None
ChainingRodShaped	7527	4.34426	0.5	73.2242	-34.5626	0	0.349229	-0.937038	0	None	None
ChainingRodShaped	9881	3.92597	0.5	-26.1073	123.313	0	0.505218	0.862992	0	None	None
ChainingRodShaped	12479	3.19868	0.5	73.1515	74.4085	0	-0.122541	0.992464	0	None	None
ChainingRodShaped	20867	2.01475	0.5	50.1573	120.467	0	0.961237	0.275722	0	None	None
ChainingRodShaped	13649	3.67733	0.5	-38.5431	103.244	0	0.990869	-0.134825	0	None	None
ChainingRodShaped	20691	2.03089	0.5	-82.8101	45.1059	0	0.556337	0.830957	0	None	None
ChainingRodShaped	17275	2.61885	0.5	4.26436	55.817	0	0.769115	0.639111	0	None	None
ChainingRodShaped	13379	3.91618	0.5	27.4991	38.7929	0	0.344629	-0.938739	0	None	None
ChainingRodShaped	20177	2.10933	0.5	-86.5923	21.8066	0	0.588111	-0.80878	0	None	None
ChainingRodShaped	11069	4.19962	0.5	63.0958	6.96385	0	0.763921	-0.64531	0	None	None
ChainingRodShaped	9697	4.07703	0.5	88.8155	83.4024	0	0.0307621	0.999527	0	None	None
ChainingRodShaped	7945	4.49805	0.5	106.666	56.8794	0	-0.55062	-0.834756	0	None	None
ChainingRodShaped	16589	3.17367	0.5	-2.14402	32.3335	0	-0.975626	-0.219442	0	None	None
ChainingRodShaped	12779	3.30822	0.5	8.08463	103.771	0	-0.483735	-0.875215	0	None	None
ChainingRodShaped	14471	3.10079	0.5	39.3873	86.7883	0	0.900797	0.434241	0	None	None
ChainingRodShaped	16861	3.52564	0.5	-54.0133	38.9754	0	0.879393	0.476097	0	None	None
ChainingRodShaped	15059	3.06736	0.5	-1.35581	20.4989	0	0.335126	-0.942173	0	None	None
ChainingRodShaped	17041	2.60104	0.5	92.2721	64.3675	0	-0.377735	-0.925914	0	None	None
ChainingRodShaped	14431	3.0228	0.5	-67.6327	56.8611	0	-0.670299	0.742091	0	None	None
ChainingRodShaped	16873	2.5752	0.5	93.9493	-35.9242	0	-0.488007	0.87284	0	None	None
ChainingRodShaped	11871	4.26642	0.5	65.1335	-41.6402	0	0.344618	0.938743	0	None	None
ChainingRodShaped	13753	3.68456	0.5	27.5974	-64.2313	0	0.311966	-0.950093	0	None	None
ChainingRodShaped	11187	4.92332	0.5	-27.8973	-48.6357	0	0.999709	-0.0241234	0	None	None
ChainingRodShaped	19805	2.39185	0.5	-23.0447	93.2512	0	-0.32718	0.944962	0	None	None
ChainingRodShaped	16557	2.57158	0.5	-13.5423	86.6007	0	-0.580428	-0.814311	0	None	None
ChainingRodShaped	20545	2.0663	0.5	105.302	16.5767	0	0.362256	-0.932079	0	None	None
ChainingRodShaped	10971	4.11427	0.5	85.6232	5.97977	0	0.999261	-0.0384323	0	None	None
ChainingRodShaped	15941	2.77578	0.5	108.609	-10.9233	0	0.302631	-0.953108	0	None	None
ChainingRodShaped	13445	3.9886	0.5	71.6597	105.574	0	0.872394	0.488804	0	None	None
ChainingRodShaped	10087	4.35782	0.5	-33.5995	77.5426	0	-0.373481	-0.927638	0	None	None
ChainingRodShaped	17245	3.29861	0.5	-31.1873	39.0184	0	-0.917024	-0.398832	0	None	None
ChainingRodShaped	18829	2.45802	0.5	11.3123	-46.4243	0	0.231611	-0.972809	0	None	None
ChainingRodShaped	20097	2.25279	0.5	-50.0406	74.8354	0	0.807259	0.590197	0	None	None
ChainingRodShaped	13783	4.3952	0.5	66.6417	28.4798	0	0.853169	-0.521635	0	None	None
ChainingRodShaped	12541	3.34094	0.5	19.6101	67.0115	0	0.891755	0.452518	0	None	None
ChainingRodShaped	13539	3.92797	0.5	58.7109	10.4671	0	-0.540696	-0.841218	0	None	None
ChainingRodShaped	15717	3.44599	0.5	79.3371	83.071	0	0.568263	-0.822847	0	None	None
ChainingRodShaped	17319	2.89851	0.5	-29.6977	81.3866	0	-0.164686	-0.986346	0	None	None
ChainingRodShaped	13875	4.58327	0.5	-57.0662	-44.6244	0	0.884634	0.466286	0	None	None
ChainingRodShaped	15129	3.23374	0.5	-77.8257	43.3825	0	-0.996698	-0.0812003	0	None	None
ChainingRodShaped	15511	2.77433	0.5	-37.4989	-4.85609	0	0.299515	0.954092	0	None	None
ChainingRodShaped	10871	3.65435	0.5	16.0098	-63.1445	0	-0.984413	0.17587	0	None	None
ChainingRodShaped	17525	3.185	0.5	-6.46795	-30.2823	0	-0.529069	0.848579	0	None	None
ChainingRodShaped	10611	4.55253	0.5	-45.1416	-51.7797	0	0.704535	-0.709669	0	None	None
ChainingRodShaped	13013	4.41715	0.5	-42.2105	-21.063	0	0.906435	0.422346	0	None	None
ChainingRodShaped	12881	4.48355	0.5	9.95996	34.4474	0	0.992673	-0.120828	0	None	None
ChainingRodShaped	17297	2.61497	0.5	-29.109	-7.88452	0	-0.276848	0.960914	0	None	None
ChainingRodShaped	15177	3.79259	0.5	72.0979	6.02233	0	0.997512	0.0704931	0	None	None
ChainingRodShaped	7167	4.67031	0.5	-15.0081	37.5308	0	-0.946701	0.322114	0	None	None
ChainingRodShaped	12415	3.84412	0.5	65.1952	18.7747	0	-0.840037	0.542529	0	None	None
ChainingRodShaped	10483	4.64646	0.5	60.9315	77.4229	0	-0.00746873	-0.999972	0	None	None
ChainingRodShaped	16099	3.20041	0.5	26.274	-69.7585	0	0.999975	-0.00703734	0	None	None
ChainingRodShaped	17415	2.62501	0.5	52.1513	107.644	0	0.666584	0.74543	0	None	None
ChainingRodShaped	9287	4.7799	0.5	-49.2957	115.72	0	0.992146	0.125083	0	None	None
ChainingRodShaped	15577	2.91562	0.5	56.426	31.5794	0	0.962738	-0.270435	0	None	None
ChainingRodShaped	6471	4.76476	0.5	63.5284	101.156	0	-0.214397	-0.976747	0	None	None
ChainingRodShaped	12411	4.87074	0.5	-46.7495	-57.8181	0	-0.981028	0.193865	0	None	None
ChainingRodShaped	9007	4.55575	0.5	12.0278	48.9601	0	0.715013	0.699111	0	None	None
ChainingRodShaped	10525	4.19494	0.5	27.159	25.0009	0	0.0102693	0.999947	0	None	None
ChainingRodShaped	10489	4.97348	0.5	-86.2247	24.4549	0	0.52517	-0.850997	0	None	None
ChainingRodShaped	19855	2.33449	0.5	-4.84187	-13.1472	0	-0.439255	0.898362	0	None	None
ChainingRodShaped	20189	2.17004	0.5	-31.7678	96.5404	0	0.965952	-0.258722	0	None	None
ChainingRodShaped	8857	4.75837	0.5	-90.3599	49.0438	0	0.993695	-0.112119	0	None	None
ChainingRodShaped	19213	2.35933	0.5	53.7052	-46.0898	0	0.916326	0.400433	0	None	None
ChainingRodShaped	18089	2.67062	0.5	40.2132	107.504	0	0.761525	0.648136	0	None	None
ChainingRodShaped	13591	3.47891	0.5	-56.301	83.5095	0	0.721566	0.692345	0	None	None
ChainingRodShaped	7261	4.47182	0.5	-79.1254	65.1091	0	-0.686533	0.727099	0	None	None
ChainingRodShaped	15489	3.98764	0.5	-39.7619	28.2619	0	0.938884	0.344234	0	None	None
ChainingRodShaped	20431	2.0647	0.5	-33.1326	7.61585	0	-0.845962	-0.533243	0	None	None
ChainingRodShaped	19715	2.34745	0.5	-37.3331	-11.2366	0	0.736844	0.676063	0	None	None
ChainingRodShaped	18381	2.64397	0.5	8.5603	-43.8767	0	0.47508	-0.879942	0	None	None
ChainingRodShaped	15651	3.00288	0.5	-18.1232	-14.7279	0	-0.745243	-0.666793	0	None	None
ChainingRodShaped	16009	3.31921	0.5	-23.522	30.7104	0	0.735809	-0.677189	0	None	None
ChainingRodShaped	10577	4.55195	0.5	87.8865	62.2853	0	0.464633	0.885503	0	None	None
ChainingRodShaped	19979	2.21269	0.5	48.6009	27.8593	0	0.998548	0.0538646	0	None	None
ChainingRodShaped	13731	4.04857	0.5	89.8004	35.6102	0	0.999623	0.027451	0	None	None
ChainingRodShaped	20659	2.07596	0.5	15.2029	129.326	0	0.992007	0.126182	0	None	None
ChainingRodShaped	10131	3.76905	0.5	7.92975	21.3389	0	-0.181145	0.983456	0	None	None
ChainingRodShaped	12851	4.47755	0.5	-2.68882	125.379	0	-0.424581	-0.90539	0	None	None
ChainingRodShaped	12599	3.46247	0.5	-40.9149	0.960958	0	-0.91953	-0.393021	0	None	None
ChainingRodShaped	20911	2.01218	0.5	-37.995	29.6617	0	0.943345	0.331813	0	None	None
ChainingRodShaped	19089	2.24604	0.5	9.88163	103.771	0	-0.462341	-0.886702	0	None	None
ChainingRodShaped	18329	2.63869	0.5	6.36625	-31.3051	0	0.461252	-0.887269	0	None	None
ChainingRodShaped	18201	2.47411	0.5	38.7583	-50.4907	0	0.933185	0.359396	0	None	None
ChainingRodShaped	19681	2.43554	0.5	9.40243	55.3502	0	0.800968	0.598707	0	None	None
ChainingRodShaped	19381	2.51791	0.5	-49.0277	111.269	0	-0.953189	0.302375	0	None	None
ChainingRodShaped	15135	4.02892	0.5	81.7123	-33.4126	0	-0.574102	0.818784	0	None	None
ChainingRodShaped	10823	3.98052	0.5	-12.6345	76.1299	0	0.652412	-0.757865	0	None	None
ChainingRodShaped	20547	2.12126	0.5	1.42624	-10.5207	0	-0.851358	0.524585	0	None	None
ChainingRodShaped	18307	2.92027	0.5	3.22972	42.4128	0	-0.741227	-0.671254	0	None	None
ChainingRodShaped	13847	4.54203	0.5	59.0667	-20.4013	0	0.461011	0.887395	0	None	None
ChainingRodShaped	15133	3.95928	0.5	-8.77612	-29.2709	0	-0.560128	0.828406	0	None	None
ChainingRodShaped	14713	3.1189	0.5	36.4159	-5.12299	0	-0.741899	-0.670511	0	None	None
ChainingRodShaped	15679	3.95188	0.5	6.0332	99.5174	0	-0.624953	-0.780662	0	None	None
ChainingRodShaped	14549	3.20803	0.5	-69.1968	66.2464	0	0.962189	-0.272382	0	None	None
ChainingRodShaped	13597	4.27455	0.5	24.6494	83.7004	0	0.999354	0.0359457	0	None	None
ChainingRodShaped	13623	3.51217	0.5	59.8208	-54.3991	0	0.517517	0.855673	0	None	None
ChainingRodShaped	13023	4.16441	0.5	-5.25835	-41.5942	0	0.982054	-0.188598	0	None	None
ChainingRodShaped	11119	4.61717	0.5	99.9447	-13.0062	0	0.921165	0.389172	0	None	None
ChainingRodShaped	9163	4.50769	0.5	26.209	-42.7843	0	-0.934782	-0.355221	0	None	None
ChainingRodShaped	14419	3.2892	0.5	5.11905	130.512	0	0.36973	-0.929139	0	None	None
ChainingRodShaped	9301	4.41942	0.5	-52.7177	-51.0354	0	0.288959	-0.957341	0	None	None
ChainingRodShaped	13681	3.48377	0.5	-87.3756	-14.2774	0	-0.137138	-0.990552	0	None	None
ChainingRodShaped	17307	3.27086	0.5	-30.1167	-59.8064	0	-0.913865	-0.406018	0	None	None
ChainingRodShaped	18801	2.71672	0.5	-65.0812	79.1425	0	0.404429	0.91457	0	None	None
ChainingRodShaped	15183	3.40955	0.5	65.9971	19.0984	0	-0.834586	0.550878	0	None	None
ChainingRodShaped	17997	3.02571	0.5	-12.414	-71.1726	0	0.983535	-0.180719	0	None	None
ChainingRodShaped	15221	2.90588	0.5	-14.1892	62.9166	0	0.842559	-0.538604	0	None	None
ChainingRodShaped	10575	4.13778	0.5	-19.4193	49.2819	0	0.672415	-0.740175	0	None	None
ChainingRodShaped	15149	3.52924	0.5	-88.377	-10.7657	0	-0.477031	-0.878886	0	None	None
ChainingRodShaped	9549	3.93002	0.5	-60.368	46.1804	0	0.957866	0.287216	0	None	None
ChainingRodShaped	14433	4.03095	0.5	-52.52	70.4991	0	-0.673616	-0.739081	0	None	None
ChainingRodShaped	18605	2.3081	0.5	71.6636	6.69657	0	0.998157	0.0606803	0	None	None
ChainingRodShaped	13737	4.7968	0.5	67.8584	107.635	0	-0.87566	-0.482929	0	None	None
ChainingRodShaped	7619	4.9926	0.5	-17.8857	4.60279	0	0.0380901	-0.999274	0	None	None
ChainingRodShaped	13261	4.04933	0.5	-30.4375	62.5501	0	-0.0768728	-0.997041	0	None	None
ChainingRodShaped	7221	4.70816	0.5	-8.77803	94.8359	0	0.965643	0.259874	0	None	None
ChainingRodShaped	17379	2.74894	0.5	-3.30144	43.4661	0	0.654007	-0.756488	0	None	None
ChainingRodShaped	20043	2.19091	0.5	23.8628	-61.6811	0	0.230966	-0.972962	0	None	None
ChainingRodShaped	19869	2.38063	0.5	96.4429	54.5583	0	-0.39221	-0.919876	0	None	None
ChainingRodShaped	14905	2.98952	0.5	-49.6858	5.29594	0	-0.148474	0.988916	0	None	None
ChainingRodShaped	9049	4.41698	0.5	-28.165	87.2328	0	-0.82389	0.56675	0	None	None
ChainingRodShaped	12159	3.40819	0.5	-45.5114	66.8919	0	0.594795	0.803877	0	None	None
ChainingRodShaped	11269	4.55741	0.5	77.5518	-30.0132	0	-0.492861	0.870108	0	None	None
ChainingRodShaped	12855	4.49746	0.5	-83.1143	68.7871	0	-0.766405	0.642358	0	None	None
ChainingRodShaped	13863	3.44177	0.5	-18.3112	-57.4198	0	-0.155841	-0.987782	0	None	None
ChainingRodShaped	7207	4.56851	0.5	-56.7938	34.9848	0	-0.86048	-0.509484	0	None	None
ChainingRodShaped	11143	3.45892	0.5	-16.3144	31.7818	0	-0.950072	0.312032	0	None	None
ChainingRodShaped	12783	3.13971	0.5	32.4931	-1.17515	0	-0.813702	-0.581282	0	None	None
ChainingRodShaped	18119	2.91624	0.5	106.166	66.9664	0	-0.578833	0.815446	0	None	None
ChainingRodShaped	17141	3.1491	0.5	-14.1901	46.5451	0	0.627197	-0.77886	0	None	None
ChainingRodShaped	18787	2.53947	0.5	-26.5196	-33.1397	0	-0.97409	-0.226163	0	None	None
ChainingRodShaped	15435	2.98036	0.5	66.7413	-39.2067	0	0.214915	-0.976633	0	None	None
ChainingRodShaped	15863	3.5417	0.5	16.8939	-76.7137	0	0.976751	0.214377	0	None	None
ChainingRodShaped	11857	3.67027	0.5	70.1234	12.0271	0	-0.982127	0.188217	0	None	None
ChainingRodShaped	14323	3.89145	0.5	3.25526	-3.5986	0	0.366144	-0.930558	0	None	None
ChainingRodShaped	20037	2.26139	0.5	-4.30477	63.797	0	-0.974144	0.225928	0	None	None
ChainingRodShaped	13821	3.81294	0.5	54.1248	0.364947	0	-0.939683	-0.342047	0	None	None
ChainingRodShaped	11825	3.35882	0.5	51.3751	11.766	0	-0.668136	-0.744039	0	None	None
ChainingRodShaped	17125	2.69308	0.5	-28.8774	64.5013	0	-0.0754076	-0.997153	0	None	None
ChainingRodShaped	16427	2.98463	0.5	-34.2651	-12.7048	0	-0.0498324	-0.998758	0	None	None
ChainingRodShaped	13131	4.56393	0.5	-19.2943	-40.4232	0	0.494975	0.868907	0	None	None
ChainingRodShaped	8471	4.81366	0.5	-2.10416	76.8709	0	0.623144	-0.782107	0	None	None
ChainingRodShaped	18935	2.44845	0.5	2.88006	22.4082	0	0.128791	-0.991672	0	None	None
ChainingRodShaped	20611	2.07825	0.5	-82.9423	21.9887	0	-0.330098	0.943947	0	None	None
ChainingRodShaped	17009	2.74703	0.5	36.0766	72.4196	0	0.684733	0.728794	0	None	None
ChainingRodShaped	13747	3.00695	0.5	100.449	69.7285	0	0.272609	-0.962125	0	None	None
ChainingRodShaped	11973	4.93887	0.5	-32.9575	106.084	0	-0.760429	0.649421	0	None	None
ChainingRodShaped	20767	2.02018	0.5	84.1001	37.3223	0	-0.761939	-0.647649	0	None	None
ChainingRodShaped	19939	2.32948	0.5	36.5109	64.0637	0	0.806268	-0.59155	0	None	None
ChainingRodShaped	15673	2.98075	0.5	102.826	28.5165	0	-0.969441	-0.245323	0	None	None
ChainingRodShaped	18789	2.35239	0.5	-61.5992	23.0666	0	-0.998534	0.0541245	0	None	None
ChainingRodShaped	20105	2.23368	0.5	55.9003	98.8778	0	0.108785	-0.994065	0	None	None
ChainingRodShaped	14799	4.21487	0.5	81.2918	72.5845	0	0.985921	0.167214	0	None	None
ChainingRodShaped	14319	4.12489	0.5	-35.1396	75.8157	0	-0.429294	-0.903165	0	None	None
ChainingRodShaped	12435	3.89279	0.5	-3.08546	-19.2617	0	0.278257	-0.960507	0	None	None
ChainingRodShaped	11725	3.42843	0.5	-6.16937	23.9177	0	0.517819	-0.85549	0	None	None
ChainingRodShaped	15185	3.64383	0.5	-4.78992	119.242	0	-0.0310404	-0.999518	0	None	None
ChainingRodShaped	16831	2.8672	0.5	92.295	23.427	0	0.885007	-0.465577	0	None	None
ChainingRodShaped	19775	2.16477	0.5	-9.43746	129.22	0	0.999999	-0.00123376	0	None	None
ChainingRodShaped	13237	3.30522	0.5	50.662	95.5769	0	0.169262	-0.985571	0	None	None
ChainingRodShaped	14541	4.06331	0.5	64.407	64.0016	0	-0.248265	0.968692	0	None	None
ChainingRodShaped	14509	2.87644	0.5	-84.9444	38.7765	0	0.535772	0.844363	0	None	None
ChainingRodShaped	16719	2.70363	0.5	87.1462	16.7685	0	-0.86821	0.496197	0	None	None
ChainingRodShaped	8363	4.39643	0.5	-60.1382	-37.7035	0	0.737468	-0.675382	0	None	None
ChainingRodShaped	18423	2.46513	0.5	13.1981	104.334	0	-0.0210304	-0.999779	0	None	None
ChainingRodShaped	15973	3.5735	0.5	-3.00089	39.9003	0	0.662261	-0.749273	0	None	None
ChainingRodShaped	20355	2.1887	0.5	-13.8915	-18.6197	0	0.882942	0.469483	0	None	None
ChainingRodShaped	20675	2.04752	0.5	111.045	41.5688	0	0.705029	0.709178	0	None	None
ChainingRodShaped	13095	3.18472	0.5	-41.6013	-45.2576	0	0.473564	-0.880759	0	None	None
ChainingRodShaped	13405	4.18319	0.5	-64.4348	92.2484	0	0.719171	0.694833	0	None	None
ChainingRodShaped	11929	4.35863	0.5	8.59566	57.967	0	0.787196	0.616702	0	None	None
ChainingRodShaped	8551	4.19791	0.5	27.4216	19.9338	0	-0.198433	0.980114	0	None	None
ChainingRodShaped	15681	3.49263	0.5	-67.1503	93.1387	0	0.869324	0.494242	0	None	None
ChainingRodShaped	14727	3.37933	0.5	-56.0881	6.1776	0	0.166908	-0.985972	0	None	None
ChainingRodShaped	18383	2.55032	0.5	78.9677	41.3538	0	-0.768864	-0.639412	0	None	None
ChainingRodShaped	15429	3.04749	0.5	-50.5674	-18.5629	0	-0.583283	-0.812269	0	None	None
ChainingRodShaped	20615	2.08582	0.5	17.0454	-61.3074	0	0.429761	-0.902943	0	None	None
ChainingRodShaped	16767	2.79255	0.5	-66.7641	67.8692	0	0.500721	0.865609	0	None	None
ChainingRodShaped	10093	4.35979	0.5	21.9986	-50.9583	0	0.672208	0.740363	0	None	None
ChainingRodShaped	20017	2.14208	0.5	92.9001	10.37	0	0.719976	0.693999	0	None	None
ChainingRodShaped	16299	3.60633	0.5	31.0628	-7.20505	0	-0.850798	-0.525494	0	None	None
ChainingRodShaped	13319	3.5109	0.5	-14.0688	-46.2135	0	-0.327074	-0.944999	0	None	None
ChainingRodShaped	14427	3.08289	0.5	59.8659	-34.0668	0	0.240279	0.970704	0	None	None
ChainingRodShaped	15521	2.99116	0.5	63.1035	111.551	0	-0.471802	-0.881704	0	None	None
ChainingRodShaped	18765	2.33328	0.5	-68.5361	8.04064	0	0.981562	-0.191145	0	None	None
ChainingRodShaped	10911	3.90575	0.5	-6.70199	23.6356	0	0.524367	-0.851492	0	None	None
ChainingRodShaped	13365	3.03994	0.5	8.62766	124.336	0	0.925829	0.377943	0	None	None
ChainingRodShaped	19661	2.18561	0.5	-20.3157	121.002	0	0.991857	0.127358	0	None	None
ChainingRodShaped	13639	4.79602	0.5	101.495	34.3235	0	0.997228	0.0744118	0	None	None
ChainingRodShaped	15087	3.30268	0.5	-26.5505	48.6166	0	0.952943	-0.303149	0	None	None
ChainingRodShaped	9323	4.96944	0.5	-31.8325	10.8997	0	-0.840615	-0.541633	0	None	None
ChainingRodShaped	19507	2.17849	0.5	33.0005	65.6684	0	0.40435	0.914604	0	None	None
ChainingRodShaped	14335	3.62785	0.5	-61.106	46.6914	0	0.960714	0.27754	0	None	None
ChainingRodShaped	17429	2.61613	0.5	56.8564	64.0334	0	0.505732	-0.862691	0	None	None
ChainingRodShaped	12767	4.06958	0.5	10.2271	45.0632	0	0.728959	0.684557	0	None	None
ChainingRodShaped	14453	3.89873	0.5	11.7943	44.8438	0	0.742483	0.669865	0	None	None
ChainingRodShaped	13939	3.96496	0.5	-32.8132	-11.6282	0	-0.0618818	-0.998083	0	None	None
ChainingRodShaped	18609	2.52335	0.5	-9.90059	6.98219	0	0.788052	-0.615609	0	None	None
ChainingRodShaped	11391	4.38126	0.5	17.6283	-0.59745	0	-0.97265	0.232278	0	None	None
ChainingRodShaped	18643	2.39985	0.5	-49.6091	101.814	0	0.672231	0.740342	0	None	None
ChainingRodShaped	8915	4.80576	0.5	56.0746	33.8081	0	0.967177	-0.254104	0	None	None
ChainingRodShaped	16125	3.19164	0.5	68.3797	118.168	0	0.895834	0.444388	0	None	None
ChainingRodShaped	12081	3.67576	0.5	57.3141	-10.2428	0	0.00260925	-0.999997	0	None	None
ChainingRodShaped	16725	3.09711	0.5	-3.16886	108.866	0	0.984661	0.174479	0	None	None
ChainingRodShaped	13389	4.13623	0.5	-46.3947	83.5859	0	-0.480563	-0.87696	0	None	None
ChainingRodShaped	18797	2.66575	0.5	-13.8072	63.5109	0	0.837194	-0.546907	0	None	None
ChainingRodShaped	12809	3.279	0.5	37.0616	-26.9678	0	0.348222	-0.937412	0	None	None
ChainingRodShaped	17719	2.72965	0.5	3.99218	0.485548	0	-0.295038	-0.955485	0	None	None
ChainingRodShaped	20453	2.06378	0.5	-3.54839	-60.8706	0	0.180253	-0.98362	0	None	None
ChainingRodShaped	13383	3.31563	0.5	-24.6281	113.997	0	0.974168	0.225826	0	None	None
ChainingRodShaped	16335	3.50381	0.5	15.3703	70.773	0	0.829469	-0.558552	0	None	None
ChainingRodShaped	13421	3.85806	0.5	89.3572	9.7608	0	0.882789	0.469769	0	None	None
ChainingRodShaped	12281	4.49967	0.5	-32.5566	95.8872	0	0.96847	-0.249132	0	None	None
ChainingRodShaped	9767	4.3396	0.5	-27.8309	5.06102	0	-0.00490869	0.999988	0	None	None
ChainingRodShaped	18137	3.02184	0.5	-42.9327	105.745	0	-0.968043	0.250784	0	None	None
ChainingRodShaped	14663	3.17049	0.5	-35.7055	58.7474	0	-0.274325	-0.961637	0	None	None
ChainingRodShaped	13665	3.85169	0.5	-23.3964	91.8625	0	-0.336646	0.941631	0	None	None
ChainingRodShaped	13275	4.884	0.5	13.1511	87.2272	0	0.942511	0.334174	0	None	None
ChainingRodShaped	12243	4.18391	0.5	51.5286	-47.4882	0	0.992583	0.12157	0	None	None
ChainingRodShaped	10715	4.21608	0.5	-1.45221	117.443	0	0.246965	0.969024	0	None	None
ChainingRodShaped	14987	3.70906	0.5	-72.4283	-28.1369	0	-0.581906	0.813256	0	None	None
ChainingRodShaped	12537	3.38041	0.5	77.5864	48.5943	0	-0.64439	-0.764697	0	None	None
ChainingRodShaped	9189	4.97033	0.5	86.7379	87.2315	0	-0.339437	-0.940629	0	None	None
ChainingRodShaped	10211	4.20094	0.5	23.9134	47.1783	0	0.461176	0.887309	0	None	None
ChainingRodShaped	20479	2.08546	0.5	79.2441	103.897	0	0.81863	-0.574322	0	None	None
ChainingRodShaped	15261	3.08826	0.5	99.638	50.4725	0	-0.887958	-0.459925	0	None	None
ChainingRodShaped	10297	3.81113	0.5	0.712042	-37.9583	0	0.560855	-0.827914	0	None	None
ChainingRodShaped	17933	3.03377	0.5	79.3954	40.7922	0	-0.775268	-0.631633	0	None	None
ChainingRodShaped	15293	3.86849	0.5	-41.6557	-33.7787	0	0.0196964	-0.999806	0	None	None
ChainingRodShaped	15743	2.88975	0.5	50.5556	-38.4002	0	-0.714214	-0.699928	0	None	None
ChainingRodShaped	14923	3.97522	0.5	35.2817	-16.0211	0	0.936789	-0.349894	0	None	None
ChainingRodShaped	19165	2.63511	0.5	72.2776	38.0657	0	-0.999081	0.0428528	0	None	None
ChainingRodShaped	13679	4.28853	0.5	14.8552	-68.7523	0	0.984205	0.177032	0	None	None
ChainingRodShaped	9585	4.72991	0.5	95.9119	73.2418	0	0.158479	-0.987362	0	None	None
ChainingRodShaped	12013	4.76027	0.5	40.7029	57.0778	0	-0.43177	-0.901984	0	None	None
ChainingRodShaped	16609	3.50285	0.5	-93.9689	30.0443	0	-0.339126	0.940741	0	None	None
ChainingRodShaped	12911	4.09197	0.5	81.205	40.2353	0	-0.785024	-0.619465	0	None	None
ChainingRodShaped	10843	3.84579	0.5	45.9823	-8.08009	0	-0.552555	-0.833477	0	None	None
ChainingRodShaped	9515	4.26664	0.5	-48.3017	17.8293	0	0.975728	-0.218985	0	None	None
ChainingRodShaped	11523	3.90468	0.5	15.613	109.402	0	-0.0184283	-0.99983	0	None	None
ChainingRodShaped	14207	4.44231	0.5	27.4233	-57.9638	0	0.251796	-0.96778	0	None	None
ChainingRodShaped	16879	2.62494	0.5	75.1184	43.4971	0	-0.992109	-0.125377	0	None	None
ChainingRodShaped	11863	3.60859	0.5	-48.1708	10.9974	0	0.986473	-0.163927	0	None	None
ChainingRodShaped	13147	3.57162	0.5	4.33019	-60.5253	0	-0.802214	0.597036	0	None	None
ChainingRodShaped	7015	4.98511	0.5	1.09622	-56.5121	0	0.529101	-0.848559	0	None	None
ChainingRodShaped	13459	4.56485	0.5	-49.5683	-10.5438	0	-0.729267	-0.684229	0	None	None
ChainingRodShaped	9605	4.02999	0.5	-27.4554	-51.0289	0	0.713923	0.700224	0	None	None
ChainingRodShaped	19139	2.5592	0.5	-35.4985	7.81834	0	-0.840889	-0.541207	0	None	None
ChainingRodShaped	8057	4.36795	0.5	-90.5669	45.2563	0	0.995596	-0.0937487	0	None	None
ChainingRodShaped	18319	2.75609	0.5	-74.8891	1.48318	0	-0.876214	0.481922	0	None	None
ChainingRodShaped	13113	3.95815	0.5	-21.7073	-8.43114	0	-0.732854	-0.680386	0	None	None
ChainingRodShaped	20267	2.18726	0.5	80.4445	68.7583	0	-0.0968389	0.9953	0	None	None
ChainingRodShaped	15107	3.77903	0.5	68.8073	-25.8522	0	0.129249	-0.991612	0	None	None
ChainingRodShaped	18015	2.44163	0.5	-23.8189	7.22319	0	-0.0167714	0.999859	0	None	None
ChainingRodShaped	20727	2.06675	0.5	-48.2929	42.327	0	0.83256	0.553935	0	None	None
ChainingRodShaped	13635	3.7213	0.5	-69.7497	1.3286	0	-0.84592	0.53331	0	None	None
ChainingRodShaped	16897	3.05877	0.5	49.2313	108.134	0	0.734045	0.6791	0	None	None
ChainingRodShaped	7781	4.45879	0.5	73.0069	-15.6352	0	0.115276	-0.993334	0	None	None
ChainingRodShaped	13487	3.23492	0.5	2.48167	104.665	0	0.982802	0.184662	0	None	None
ChainingRodShaped	16147	2.93296	0.5	71.8279	-13.3142	0	0.150663	-0.988585	0	None	None
ChainingRodShaped	12463	4.003	0.5	-75.6673	52.4344	0	0.903331	-0.428944	0	None	None
ChainingRodShaped	15777	3.34126	0.5	18.3853	26.9757	0	0.342045	0.939683	0	None	None
ChainingRodShaped	13595	4.50002	0.5	-16.1343	113.748	0	-0.40077	-0.916179	0	None	None
ChainingRodShaped	14281	3.34706	0.5	16.4062	125.055	0	0.728786	0.684742	0	None	None
ChainingRodShaped	14037	3.40844	0.5	26.4428	43.3329	0	0.40251	-0.915416	0	None	None
ChainingRodShaped	17615	2.48623	0.5	-76.0119	4.15876	0	-0.845331	0.534244	0	None	None
ChainingRodShaped	15861	2.99849	0.5	-31.32	-51.9901	0	0.852448	0.522812	0	None	None
ChainingRodShaped	15745	3.22512	0.5	37.1139	-2.18897	0	-0.546171	-0.837674	0	None	None
ChainingRodShaped	16221	2.94262	0.5	-28.4003	92.3628	0	0.969186	-0.246331	0	None	None
ChainingRodShaped	18133	2.80603	0.5	1.51984	74.4635	0	0.883397	-0.468626	0	None	None
ChainingRodShaped	14009	3.73779	0.5	26.3391	-10.3013	0	0.819816	-0.572628	0	None	None
ChainingRodShaped	14497	3.07396	0.5	0.202377	-1.56722	0	0.517292	-0.855809	0	None	None
ChainingRodShaped	16585	3.19818	0.5	77.5543	-19.3342	0	-0.13846	0.990368	0	None	None
ChainingRodShaped	14447	3.35695	0.5	15.5909	104.881	0	-0.0194687	-0.99981	0	None	None
ChainingRodShaped	20939	2.0041	0.5	90.5183	43.8657	0	-0.820511	-0.571631	0	None	None
ChainingRodShaped	8461	4.75584	0.5	14.3106	83.2819	0	0.829924	0.557877	0	None	None
ChainingRodShaped	13757	3.85457	0.5	-69.3869	-23.9519	0	0.70352	-0.710675	0	None	None
ChainingRodShaped	17519	2.44484	0.5	3.45607	39.7996	0	0.976389	-0.216019	0	None	None
ChainingRodShaped	11641	3.89433	0.5	-1.8398	77.6466	0	0.615335	-0.788266	0	None	None
ChainingRodShaped	12897	3.87222	0.5	-23.477	105.86	0	0.245796	-0.969322	0	None	None
ChainingRodShaped	11481	3.75829	0.5	61.7003	76.0667	0	-0.016101	-0.99987	0	None	None
ChainingRodShaped	20901	2.01913	0.5	20.5626	97.8275	0	-0.374231	-0.927335	0	None	None
ChainingRodShaped	16379	2.90028	0.5	50.9322	91.964	0	0.388524	-0.921439	0	None	None
ChainingRodShaped	7379	4.95139	0.5	-24.6282	-6.91282	0	-0.348003	0.937493	0	None	None
ChainingRodShaped	10205	3.76111	0.5	-47.7174	-28.2251	0	-0.814522	-0.580133	0	None	None
ChainingRodShaped	13143	3.83793	0.5	40.1897	-21.1196	0	-0.641504	-0.76712	0	None	None
ChainingRodShaped	12641	4.53546	0.5	52.7074	30.2904	0	0.957041	-0.289951	0	None	None
ChainingRodShaped	14415	4.05664	0.5	-36.3722	8.04787	0	0.835323	0.549759	0	None	None
ChainingRodShaped	14673	4.37491	0.5	21.039	-39.489	0	-0.67959	-0.733592	0	None	None
ChainingRodShaped	15169	3.56817	0.5	-68.6862	-19.6677	0	-0.787413	0.616426	0	None	None
ChainingRodShaped	8451	4.47678	0.5	-15.205	-63.4462	0	-0.210173	-0.977664	0	None	None
ChainingRodShaped	17205	2.50756	0.5	83.6982	58.7307	0	0.878847	0.477103	0	None	None
ChainingRodShaped	15701	3.15844	0.5	20.4252	-39.0952	0	-0.676149	-0.736765	0	None	None
ChainingRodShaped	8923	4.29857	0.5	67.571	7.05777	0	0.823574	-0.567209	0	None	None
ChainingRodShaped	14579	3.26326	0.5	-81.9865	62.8029	0	-0.903144	0.429337	0	None	None
ChainingRodShaped	19761	2.29245	0.5	25.2007	129.96	0	0.597413	-0.801934	0	None	None
ChainingRodShaped	16919	2.87098	0.5	95.6006	31.5087	0	0.994449	0.105217	0	None	None
ChainingRodShaped	19333	2.47738	0.5	64.3946	-2.64435	0	-0.964416	0.264389	0	None	None
ChainingRodShaped	15573	3.28307	0.5	-20.314	57.3733	0	0.809256	-0.587456	0	None	None
ChainingRodShaped	13051	4.59261	0.5	90.9255	32.3488	0	0.999908	0.0135878	0	None	None
ChainingRodShaped	15367	2.95534	0.5	-46.51	76.0565	0	-0.826504	-0.56293	0	None	None
ChainingRodShaped	15093	3.87305	0.5	-19.3721	-23.3101	0	-0.867904	-0.496732	0	None	None
ChainingRodShaped	15383	2.97052	0.5	16.3094	5.01239	0	0.312844	-0.949805	0	None	None
ChainingRodShaped	13203	4.86125	0.5	24.7966	132.129	0	0.589362	-0.807869	0	None	None
ChainingRodShaped	9991	4.78588	0.5	-65.5333	48.6123	0	0.95477	-0.297345	0	None	None
ChainingRodShaped	12765	4.49312	0.5	107.422	39.8806	0	0.999984	-0.00561394	0	None	None
ChainingRodShaped	13581	4.75161	0.5	-43.0927	-55.1915	0	-0.998711	-0.0507557	0	None	None
ChainingRodShaped	10463	4.18664	0.5	14.1531	-29.3753	0	-0.99481	0.101745	0	None	None
ChainingRodShaped	8713	4.15072	0.5	27.2388	56.2428	0	0.79731	0.603569	0	None	None
ChainingRodShaped	20211	2.22832	0.5	33.1204	-38.6446	0	-0.980178	-0.198119	0	None	None
ChainingRodShaped	12859	4.7261	0.5	-58.3201	94.3001	0	0.147433	0.989072	0	None	None
ChainingRodShaped	14241	3.37824	0.5	32.9347	9.16627	0	0.658667	0.752435	0	None	None
ChainingRodShaped	16287	3.56934	0.5	-0.572705	46.188	0	0.668764	-0.743475	0	None	None
ChainingRodShaped	18925	2.46753	0.5	72.6489	-41.5718	0	0.231344	-0.972872	0	None	None
ChainingRodShaped	15709	2.8021	0.5	103.151	66.1064	0	0.551918	-0.833899	0	None	None
ChainingRodShaped	7373	4.42216	0.5	-29.0417	15.0145	0	0.603421	0.797423	0	None	None
ChainingRodShaped	7753	4.92759	0.5	-48.6658	76.6001	0	0.826493	0.562947	0	None	None
ChainingRodShaped	9611	3.99593	0.5	-20.6459	95.8625	0	0.294694	-0.955592	0	None	None
ChainingRodShaped	14411	3.74518	0.5	-49.2209	59.1012	0	-0.0757479	0.997127	0	None	None
ChainingRodShaped	16493	3.50825	0.5	58.415	83.0269	0	0.061051	-0.998135	0	None	None
ChainingRodShaped	14157	4.17278	0.5	-2.16466	-69.1116	0	-0.580328	0.814383	0	None	None
ChainingRodShaped	9677	4.39159	0.5	82.6706	-39.142	0	-0.995523	-0.0945206	0	None	None
ChainingRodShaped	13983	3.29063	0.5	-37.873	60.7825	0	0.117338	-0.993092	0	None	None
ChainingRodShaped	10223	4.34651	0.5	-56.884	72.2546	0	0.396593	0.917994	0	None	None
ChainingRodShaped	18987	2.26511	0.5	-52.4635	8.4722	0	-0.145795	0.989315	0	None	None
ChainingRodShaped	15251	2.94491	0.5	61.1596	5.7239	0	-0.907696	-0.419628	0	None	None
ChainingRodShaped	19561	2.26822	0.5	-27.6784	100.233	0	-0.274438	0.961605	0	None	None
ChainingRodShaped	12449	4.80294	0.5	-39.1499	22.9344	0	0.447593	0.894237	0	None	None
ChainingRodShaped	7763	4.77744	0.5	51.796	44.4542	0	0.915034	0.403377	0	None	None
ChainingRodShaped	7391	4.64751	0.5	43.5194	2.96468	0	-0.564151	-0.825672	0	None	None
ChainingRodShaped	13399	3.49282	0.5	-48.8849	18.7088	0	0.977843	-0.209341	0	None	None
ChainingRodShaped	18805	2.51042	0.5	101.376	78.7102	0	-0.205254	0.978709	0	None	None
ChainingRodShaped	12451	3.55588	0.5	35.9934	81.6648	0	0.963133	0.269025	0	None	None
ChainingRodShaped	12261	4.55721	0.5	-39.5362	-25.7174	0	-0.0581697	0.998307	0	None	None
ChainingRodShaped	18539	2.86267	0.5	76.3857	-4.44446	0	0.996945	0.0781058	0	None	None
ChainingRodShaped	20609	2.06666	0.5	-9.35552	7.47355	0	0.782712	-0.622385	0	None	None
ChainingRodShaped	12901	3.4427	0.5	30.6941	47.0494	0	-0.195431	-0.980717	0	None	None
ChainingRodShaped	20465	2.15544	0.5	-90.1509	7.09764	0	-0.754831	0.655919	0	None	None
ChainingRodShaped	19521	2.35957	0.5	-24.7264	123.883	0	0.496568	0.867998	0	None	None
ChainingRodShaped	14699	3.78619	0.5	26.4417	30.263	0	-0.00511264	0.999987	0	None	None
ChainingRodShaped	13883	3.51788	0.5	106.546	34.8782	0	0.978831	0.20467	0	None	None
ChainingRodShaped	15099	3.06695	0.5	116.296	33.0065	0	-0.0424583	-0.999098	0	None	None
ChainingRodShaped	12357	3.97873	0.5	24.4397	-34.0002	0	-0.925532	-0.37867	0	None	None
ChainingRodShaped	20383	2.06649	0.5	42.758	73.6821	0	0.892695	0.450661	0	None	None
ChainingRodShaped	16663	2.77163	0.5	-28.1467	64.934	0	-0.0655842	-0.997847	0	None	None
ChainingRodShaped	12021	4.44631	0.5	-0.784803	45.5673	0	0.676017	-0.736886	0	None	None
ChainingRodShaped	17725	2.67039	0.5	-58.8443	-41.3586	0	-0.881807	-0.47161	0	None	None
ChainingRodShaped	18385	2.4285	0.5	19.5954	13.4492	0	0.521278	-0.853387	0	None	None
ChainingRodShaped	14293	3.98643	0.5	-66.2781	-35.6437	0	-0.709872	0.70433	0	None	None
ChainingRodShaped	17875	2.85679	0.5	15.2885	23.6195	0	0.996066	-0.0886134	0	None	None
ChainingRodShaped	17613	3.1497	0.5	85.1963	-4.98428	0	-0.410032	-0.912071	0	None	None
ChainingRodShaped	12759	4.88031	0.5	82.2278	-47.4478	0	-0.230208	0.973141	0	None	None
ChainingRodShaped	19851	2.2665	0.5	-35.8717	50.2701	0	0.232831	-0.972517	0	None	None
ChainingRodShaped	20731	2.04954	0.5	23.4405	24.6433	0	0.0779695	0.996956	0	None	None
ChainingRodShaped	11631	4.18827	0.5	93.816	-2.19732	0	-0.535698	-0.844409	0	None	None
ChainingRodShaped	20821	2.03642	0.5	6.68505	-12.8565	0	-0.460777	0.887516	0	None	None
ChainingRodShaped	13481	4.81332	0.5	70.7982	-48.8112	0	0.391661	0.92011	0	None	None
ChainingRodShaped	12595	4.06788	0.5	-32.6622	116.316	0	-0.590393	0.807116	0	None	None
ChainingRodShaped	19377	2.37676	0.5	85.8466	27.2736	0	0.187104	0.98234	0	None	None
ChainingRodShaped	17265	2.77597	0.5	39.5075	39.247	0	0.567846	-0.823135	0	None	None
ChainingRodShaped	13655	4.56073	0.5	-31.2318	69.9202	0	-0.379652	-0.92513	0	None	None
ChainingRodShaped	14375	3.0204	0.5	-13.095	93.3056	0	0.982045	0.188649	0	None	None
ChainingRodShaped	11173	4.39728	0.5	23.3242	116.261	0	0.299916	-0.953966	0	None	None
ChainingRodShaped	15203	3.36046	0.5	78.6514	87.0347	0	0.492491	-0.870318	0	None	None
ChainingRodShaped	15391	2.84142	0.5	-66.7879	-32.6844	0	-0.741312	0.671161	0	None	None
ChainingRodShaped	17107	2.97029	0.5	23.6336	49.5162	0	0.479278	0.877663	0	None	None
ChainingRodShaped	19887	2.22702	0.5	45.772	97.8357	0	0.990537	0.137243	0	None	None
ChainingRodShaped	14607	4.26544	0.5	88.3356	-33.5362	0	-0.993602	0.112939	0	None	None
ChainingRodShaped	18725	2.38915	0.5	26.3078	-60.5258	0	0.247192	-0.968966	0	None	None
ChainingRodShaped	10617	4.80108	0.5	4.5983	-56.4378	0	-0.778536	0.6276	0	None	None
ChainingRodShaped	17021	3.34521	0.5	-9.44756	56.307	0	0.523598	-0.851966	0	None	None
ChainingRodShaped	15021	2.80851	0.5	-16.2393	61.6482	0	0.837113	-0.547029	0	None	None
ChainingRodShaped	12241	4.51255	0.5	-8.4624	1.86133	0	0.993651	0.112506	0	None	None
ChainingRodShaped	17179	3.26516	0.5	-43.7889	121.968	0	-0.00594901	-0.999982	0	None	None
ChainingRodShaped	13025	4.89227	0.5	-41.9896	118.146	0	0.756866	0.65357	0	None	None
ChainingRodShaped	15817	3.8883	0.5	71.9237	31.1558	0	0.778531	-0.627607	0	None	None
ChainingRodShaped	12519	4.76129	0.5	-30.6665	-49.4664	0	0.999993	0.00375402	0	None	None
ChainingRodShaped	15515	3.64464	0.5	12.1197	61.2904	0	0.811207	0.584759	0	None	None
ChainingRodShaped	17561	3.03013	0.5	-3.15475	-14.8847	0	-0.466861	0.884331	0	None	None
ChainingRodShaped	16829	3.18356	0.5	31.13	86.9609	0	0.998573	0.0534028	0	None	None
ChainingRodShaped	15197	3.76035	0.5	-39.0089	110.247	0	-0.99007	0.140576	0	None	None
ChainingRodShaped	14469	3.96535	0.5	23.7617	68.0549	0	0.850738	0.52559	0	None	None
ChainingRodShaped	11879	3.78394	0.5	19.6136	-36.853	0	-0.653951	-0.756537	0	None	None
ChainingRodShaped	17733	3.07419	0.5	-34.6764	22.0083	0	-0.465055	0.885282	0	None	None
ChainingRodShaped	20585	2.04066	0.5	84.1868	84.1193	0	0.582311	-0.812966	0	None	None
ChainingRodShaped	17267	2.81026	0.5	112.515	5.48559	0	0.325788	-0.945443	0	None	None
ChainingRodShaped	18555	2.86265	0.5	45.6305	-9.66798	0	-0.561047	-0.827784	0	None	None
ChainingRodShaped	20181	2.20314	0.5	99.9962	10.6781	0	0.556121	-0.831102	0	None	None
ChainingRodShaped	18199	2.35109	0.5	60.5144	69.5595	0	-0.744326	-0.667817	0	None	None
ChainingRodShaped	17633	2.53883	0.5	34.4177	-16.4283	0	0.94024	-0.340512	0	None	None
ChainingRodShaped	15303	3.96258	0.5	60.2096	26.184	0	0.331123	-0.943588	0	None	None
ChainingRodShaped	15915	3.27999	0.5	45.3301	-13.2183	0	0.959783	-0.280742	0	None	None
ChainingRodShaped	18311	2.64589	0.5	36.0136	11.5827	0	0.619459	0.785029	0	None	None
ChainingRodShaped	19615	2.22676	0.5	-13.14	36.1143	0	0.949849	-0.31271	0	None	None
ChainingRodShaped	8733	4.93413	0.5	-70.7482	76.5268	0	0.763829	-0.645419	0	None	None
ChainingRodShaped	16783	2.79981	0.5	-5.84171	-44.6966	0	-0.951234	0.30847	0	None	None
ChainingRodShaped	14287	4.05893	0.5	-37.4331	66.9747	0	-0.14888	-0.988855	0	None	None
ChainingRodShaped	17483	2.44735	0.5	109.313	18.1175	0	-0.0474548	-0.998873	0	None	None
ChainingRodShaped	17207	3.01688	0.5	51.6253	57.9897	0	-0.761238	-0.648473	0	None	None
ChainingRodShaped	8251	4.19586	0.5	-52.9026	-5.87117	0	0.923121	0.384509	0	None	None
ChainingRodShaped	15543	3.19889	0.5	-91.8415	62.4701	0	0.892494	-0.451059	0	None	None
ChainingRodShaped	17829	2.62277	0.5	-61.5909	18.4231	0	0.994299	-0.106623	0	None	None
ChainingRodShaped	15507	3.03837	0.5	109.089	-9.21292	0	0.304437	-0.952533	0	None	None
ChainingRodShaped	18595	2.32221	0.5	111.229	45.514	0	0.977189	0.212371	0	None	None
ChainingRodShaped	19195	2.27751	0.5	3.06076	98.3233	0	-0.674832	-0.737971	0	None	None
ChainingRodShaped	20409	2.15683	0.5	-78.7169	-2.71507	0	-0.959708	0.280998	0	None	None
ChainingRodShaped	14127	3.02773	0.5	-16.384	84.8562	0	0.469896	-0.882722	0	None	None
ChainingRodShaped	14337	3.33268	0.5	-69.8374	62.3831	0	-0.970113	0.242654	0	None	None
ChainingRodShaped	18773	2.40131	0.5	27.2815	-44.8685	0	0.923781	0.382922	0	None	None
ChainingRodShaped	13945	3.12397	0.5	-28.4785	4.5406	0	-0.0147706	0.999891	0	None	None
ChainingRodShaped	17531	3.08718	0.5	41.4908	40.467	0	-0.900879	-0.43407	0	None	None
ChainingRodShaped	12069	4.6673	0.5	11.5345	29.0048	0	0.999779	0.0210266	0	None	None
ChainingRodShaped	13701	3.4824	0.5	28.4792	-37.343	0	-0.97159	-0.23667	0	None	None
ChainingRodShaped	14921	3.5176	0.5	-48.6729	84.7194	0	0.506589	0.862188	0	None	None
ChainingRodShaped	9349	4.2636	0.5	78.449	-44.6108	0	-0.364206	0.931318	0	None	None
ChainingRodShaped	12201	3.65815	0.5	-51.412	6.66482	0	-0.155643	0.987813	0	None	None
ChainingRodShaped	13507	3.02054	0.5	57.4322	96.1977	0	0.306296	-0.951936	0	None	None
ChainingRodShaped	13061	3.22095	0.5	103.977	66.5711	0	0.543549	-0.839377	0	None	None
ChainingRodShaped	8515	4.85426	0.5	11.5346	-2.17572	0	0.16874	-0.985661	0	None	None
ChainingRodShaped	9265	4.58857	0.5	5.92037	133.151	0	0.655281	-0.755386	0	None	None
ChainingRodShaped	12527	3.49227	0.5	-8.96716	49.3066	0	0.984519	-0.175277	0	None	None
ChainingRodShaped	8239	4.54737	0.5	30.4743	107.157	0	-0.213434	-0.976957	0	None	None
ChainingRodShaped	16675	3.08236	0.5	-4.75711	97.0458	0	-0.733204	-0.680009	0	None	None
ChainingRodShaped	19711	2.40161	0.5	7.145	-20.2988	0	-0.9985	0.0547496	0	None	None
ChainingRodShaped	15189	4.15074	0.5	-68.7023	30.8426	0	-0.999831	-0.0183726	0	None	None
ChainingRodShaped	19635	2.36747	0.5	-57.7118	-20.2038	0	-0.634437	-0.772974	0	None	None
ChainingRodShaped	17855	2.50283	0.5	-10.2748	35.1442	0	-0.891236	-0.45354	0	None	None
ChainingRodShaped	15483	3.73703	0.5	52.2502	-32.742	0	0.461974	-0.886893	0	None	None
ChainingRodShaped	9629	4.15688	0.5	24.7694	8.97935	0	-0.237052	0.971497	0	None	None
ChainingRodShaped	10731	4.86707	0.5	-19.3799	108.321	0	0.00990099	-0.999951	0	None	None
ChainingRodShaped	7651	4.35967	0.5	-5.13591	41.3968	0	0.670268	-0.742119	0	None	None
ChainingRodShaped	12057	4.78842	0.5	-37.3771	39.4292	0	-0.957847	-0.287279	0	None	None
ChainingRodShaped	10335	4.94424	0.5	-27.8939	19.8587	0	0.93661	-0.350374	0	None	None
ChainingRodShaped	14123	3.68698	0.5	68.3478	-43.2937	0	-0.359387	-0.933189	0	None	None
ChainingRodShaped	15779	3.67061	0.5	41.7831	-25.0429	0	-0.294745	-0.955576	0	None	None
ChainingRodShaped	15355	4.06623	0.5	33.6321	-30.6075	0	-0.958266	-0.285877	0	None	None
ChainingRodShaped	12743	3.53911	0.5	7.08137	129.273	0	0.571137	0.820854	0	None	None
ChainingRodShaped	19201	2.59551	0.5	-49.8617	44.6919	0	0.966154	0.257968	0	None	None
ChainingRodShaped	14481	3.1055	0.5	-74.7853	31.4538	0	-0.957965	-0.286884	0	None	None
ChainingRodShaped	13769	4.15596	0.5	-72.1949	38.7615	0	0.997646	0.0685777	0	None	None
ChainingRodShaped	11287	3.69467	0.5	29.739	107.478	0	-0.203763	-0.97902	0	None	None
ChainingRodShaped	13475	3.37125	0.5	21.1751	33.4779	0	-0.14392	-0.989589	0	None	None
ChainingRodShaped	13843	3.3671	0.5	60.3693	35.4858	0	0.8115	-0.584353	0	None	None
ChainingRodShaped	11167	3.76594	0.5	-17.5707	82.7204	0	0.478714	-0.877971	0	None	None
ChainingRodShaped	7823	4.26312	0.5	13.3549	-38.2832	0	0.204925	-0.978778	0	None	None
ChainingRodShaped	10465	3.6899	0.5	-12.5267	-48.4564	0	-0.35523	-0.934779	0	None	None
ChainingRodShaped	20763	2.04999	0.5	-25.1143	103.436	0	0.138889	-0.990308	0	None	None
ChainingRodShaped	20083	2.2084	0.5	10.0376	-68.095	0	0.972016	-0.234915	0	None	None
ChainingRodShaped	11083	4.86385	0.5	-75.3904	12.2673	0	0.803469	-0.595347	0	None	None
ChainingRodShaped	11527	3.63673	0.5	46.6165	56.0435	0	-0.738631	-0.67411	0	None	None
ChainingRodShaped	8671	4.78321	0.5	-36.4795	-27.0185	0	0.0842744	-0.996443	0	None	None
ChainingRodShaped	12167	4.22892	0.5	-2.31759	-15.0823	0	-0.475565	0.879681	0	None	None
ChainingRodShaped	13055	4.7419	0.5	-23.1402	36.6584	0	-0.838977	0.544166	0	None	None
ChainingRodShaped	17697	2.89528	0.5	-8.76076	26.8111	0	0.874941	-0.48423	0	None	None
ChainingRodShaped	13531	4.75972	0.5	42.7501	108.807	0	0.672457	0.740136	0	None	None
ChainingRodShaped	13851	4.71556	0.5	12.787	-0.965993	0	0.149237	-0.988801	0	None	None
ChainingRodShaped	11651	4.04788	0.5	64.32	116.719	0	0.999834	-0.0182129	0	None	None
ChainingRodShaped	12811	4.24982	0.5	-55.6074	-22.7087	0	-0.635899	-0.771772	0	None	None
ChainingRodShaped	8159	4.1942	0.5	17.0765	105.653	0	-0.0395307	-0.999218	0	None	None
ChainingRodShaped	17381	2.98812	0.5	-92.3522	34.0535	0	0.323407	-0.94626	0	None	None
ChainingRodShaped	15589	2.85899	0.5	-71.7908	55.1871	0	-0.884099	0.4673	0	None	None
ChainingRodShaped	18367	2.60618	0.5	-28.677	97.7694	0	-0.290259	0.956948	0	None	None
ChainingRodShaped	15147	2.83492	0.5	-47.3439	106.001	0	-0.960657	0.277737	0	None	None
ChainingRodShaped	10965	4.36264	0.5	-31.1709	-54.1626	0	0.922888	0.385068	0	None	None
ChainingRodShaped	16403	3.53999	0.5	92.9946	81.0158	0	-0.266426	0.963855	0	None	None
ChainingRodShaped	8261	4.16825	0.5	34.1296	71.4068	0	0.668563	0.743656	0	None	None
ChainingRodShaped	8843	4.56264	0.5	-5.58543	-65.0315	0	-0.174007	0.984744	0	None	None
ChainingRodShaped	17851	3.13489	0.5	31.6755	12.1639	0	-0.69608	-0.717964	0	None	None
ChainingRodShaped	20075	2.24838	0.5	79.5991	49.4555	0	-0.733529	-0.679659	0	None	None
ChainingRodShaped	17223	2.69095	0.5	-56.6785	48.1299	0	0.974287	-0.22531	0	None	None
ChainingRodShaped	13789	4.10318	0.5	-23.5757	-41.6781	0	-0.4314	-0.902161	0	None	None
ChainingRodShaped	11911	4.87422	0.5	-58.9517	31.2571	0	-0.754238	-0.656602	0	None	None
ChainingRodShaped	11085	4.7146	0.5	25.0267	111.064	0	0.313253	-0.94967	0	None	None
ChainingRodShaped	12553	3.25865	0.5	62.3705	2.39352	0	-0.974861	0.222813	0	None	None
ChainingRodShaped	15199	3.07298	0.5	43.436	120.445	0	-0.996753	-0.0805173	0	None	None
ChainingRodShaped	19985	2.3199	0.5	87.5145	-22.4017	0	-0.160799	-0.986987	0	None	None
ChainingRodShaped	7831	4.38277	0.5	51.7024	-42.4822	0	0.983673	0.179964	0	None	None
ChainingRodShaped	10213	3.74658	0.5	41.155	-56.423	0	0.73203	0.681272	0	None	None
ChainingRodShaped	15559	3.30183	0.5	-16.6844	28.802	0	0.877993	-0.478674	0	None	None
ChainingRodShaped	9149	4.65266	0.5	15.4145	-13.9416	0	0.977166	0.21248	0	None	None
ChainingRodShaped	7795	4.7796	0.5	27.0642	90.3717	0	0.995788	0.091691	0	None	None
ChainingRodShaped	14075	3.16042	0.5	108.396	27.4634	0	-0.998925	-0.0463638	0	None	None
ChainingRodShaped	9603	4.62996	0.5	30.6426	-13.4693	0	0.939814	-0.341687	0	None	None
ChainingRodShaped	20583	2.0689	0.5	-1.99732	72.2483	0	0.865449	-0.500998	0	None	None
ChainingRodShaped	14165	3.22308	0.5	-33.6059	22.4946	0	-0.686967	0.726689	0	None	None
ChainingRodShaped	20005	2.16514	0.5	-44.654	-9.04009	0	-0.730155	-0.683282	0	None	None
ChainingRodShaped	13239	4.67884	0.5	23.5229	-2.05905	0	0.957319	0.289034	0	None	None
ChainingRodShaped	8015	4.56395	0.5	47.7198	48.8839	0	0.910759	0.412937	0	None	None
ChainingRodShaped	16095	2.9118	0.5	16.4491	39.9513	0	-0.509821	0.86028	0	None	None
ChainingRodShaped	19495	2.38031	0.5	44.9323	-31.0305	0	0.338815	-0.940853	0	None	None
ChainingRodShaped	16241	3.62643	0.5	-64.8593	51.762	0	-0.961966	0.27317	0	None	None
ChainingRodShaped	15421	2.73164	0.5	-46.3763	58.4207	0	-0.276978	0.960876	0	None	None
ChainingRodShaped	12567	3.23834	0.5	30.7457	54.6653	0	0.803382	0.595464	0	None	None
ChainingRodShaped	18775	2.49095	0.5	-15.6622	13.2737	0	-0.399073	-0.916919	0	None	None
ChainingRodShaped	8269	4.37487	0.5	29.357	-58.6781	0	-0.234893	0.972021	0	None	None
ChainingRodShaped	16323	2.73948	0.5	-80.2939	9.34662	0	-0.912848	0.408299	0	None	None
ChainingRodShaped	17461	3.15473	0.5	21.6446	40.0667	0	0.491964	-0.870616	0	None	None
ChainingRodShaped	13593	3.74861	0.5	-8.88467	-64.2632	0	0.170911	0.985286	0	None	None
ChainingRodShaped	8405	4.38242	0.5	-30.0839	69.4556	0	-0.391095	-0.92035	0	None	None
ChainingRodShaped	12959	3.26651	0.5	-33.1815	-62.1365	0	-0.910616	-0.413254	0	None	None
ChainingRodShaped	12177	4.92235	0.5	63.1062	17.7712	0	-0.922313	0.386443	0	None	None
ChainingRodShaped	18029	2.84911	0.5	60.1453	76.4714	0	-0.0159064	-0.999873	0	None	None
ChainingRodShaped	15645	3.2142	0.5	-60.2195	52.1496	0	-0.957909	0.287073	0	None	None
ChainingRodShaped	13193	4.06662	0.5	75.3641	-15.1134	0	0.121648	-0.992573	0	None	None
ChainingRodShaped	12175	3.72969	0.5	98.4104	63.8065	0	0.27109	-0.962554	0	None	None
ChainingRodShaped	18335	2.52885	0.5	-73.8406	27.3272	0	-0.954856	-0.297068	0	None	None
ChainingRodShaped	14187	4.26353	0.5	51.6015	117.955	0	0.970328	0.241792	0	None	None
ChainingRodShaped	15307	2.72186	0.5	-30.1794	74.0239	0	-0.409901	-0.91213	0	None	None
ChainingRodShaped	15397	2.91337	0.5	-16.0376	17.9563	0	0.888079	-0.459691	0	None	None
ChainingRodShaped	15897	3.74113	0.5	23.1346	61.6006	0	0.942836	0.333258	0	None	None
ChainingRodShaped	13781	4.49458	0.5	47.5556	20.5418	0	0.259182	-0.965829	0	None	None
ChainingRodShaped	18983	2.48921	0.5	-41.3802	60.3049	0	0.206751	-0.978393	0	None	None
ChainingRodShaped	14327	3.60363	0.5	57.5966	25.2877	0	0.882564	-0.470193	0	None	None
ChainingRodShaped	12711	3.87728	0.5	-52.1479	67.1518	0	-0.538849	-0.842402	0	None	None
ChainingRodShaped	13493	4.09442	0.5	-63.4339	-16.004	0	0.776866	-0.629665	0	None	None
ChainingRodShaped	14041	3.02705	0.5	0.701144	114.464	0	0.7283	0.685258	0	None	None
ChainingRodShaped	10429	3.6724	0.5	19.96	-46.3022	0	0.642048	0.766665	0	None	None
ChainingRodShaped	13333	3.31393	0.5	11.4827	109.189	0	0.064244	-0.997934	0	None	None
ChainingRodShaped	14139	4.41261	0.5	-71.7941	68.3849	0	0.859671	-0.510848	0	None	None
ChainingRodShaped	17421	3.03925	0.5	44.9141	14.0289	0	-0.738574	-0.674172	0	None	None
ChainingRodShaped	20523	2.0793	0.5	98.9232	36.8132	0	0.99762	0.0689528	0	None	None
ChainingRodShaped	19975	2.20504	0.5	38.9718	38.8508	0	0.559792	-0.828633	0	None	None
ChainingRodShaped	20929	2.00961	0.5	-37.4474	50.3392	0	0.232874	-0.972507	0	None	None
ChainingRodShaped	8933	4.21276	0.5	-23.5742	11.4722	0	0.137211	0.990542	0	None	None
ChainingRodShaped	13395	4.25647	0.5	89.8223	9.22435	0	0.878001	0.478658	0	None	None
ChainingRodShaped	17919	2.70263	0.5	-36.3515	15.9579	0	0.846559	0.532295	0	None	None
ChainingRodShaped	7979	4.73412	0.5	51.7519	-48.2185	0	0.993742	0.111703	0	None	None
ChainingRodShaped	9413	4.96214	0.5	41.0774	-66.6071	0	0.736156	0.676811	0	None	None
ChainingRodShaped	14143	4.22649	0.5	-34.8044	-46.0277	0	0.876148	0.482042	0	None	None
ChainingRodShaped	9573	4.01485	0.5	79.7461	20.1972	0	0.872748	-0.488172	0	None	None
ChainingRodShaped	13181	3.97043	0.5	11.0184	8.14676	0	0.983802	0.179259	0	None	None
ChainingRodShaped	9061	4.856	0.5	-24.3223	-41.406	0	-0.424021	-0.905652	0	None	None
ChainingRodShaped	19697	2.25958	0.5	81.4192	15.4802	0	0.8543	-0.519781	0	None	None
ChainingRodShaped	16935	3.27634	0.5	72.9359	48.6564	0	0.889845	0.456264	0	None	None
ChainingRodShaped	16769	2.61854	0.5	11.9444	9.0055	0	0.985236	0.171204	0	None	None
ChainingRodShaped	14421	3.56955	0.5	18.2941	4.64334	0	0.341201	-0.93999	0	None	None
ChainingRodShaped	10969	3.59732	0.5	-71.2612	6.32045	0	-0.86314	0.504964	0	None	None
ChainingRodShaped	10809	3.5818	0.5	26.0186	116.576	0	0.295572	-0.95532	0	None	None
ChainingRodShaped	12695	3.20204	0.5	68.0206	-34.7216	0	0.27845	-0.960451	0	None	None
ChainingRodShaped	14177	4.27334	0.5	-25.8801	-23.5063	0	-0.306224	0.95196	0	None	None
ChainingRodShaped	9421	4.45915	0.5	69.7752	82.7186	0	0.180936	0.983495	0	None	None
ChainingRodShaped	10983	4.91415	0.5	27.0084	-78.4534	0	0.793014	-0.609204	0	None	None
ChainingRodShaped	14857	3.70836	0.5	-43.1169	51.1886	0	-0.185309	0.98268	0	None	None
ChainingRodShaped	12387	4.38878	0.5	43.1462	17.8727	0	0.984358	0.176179	0	None	None
ChainingRodShaped	8859	4.93346	0.5	15.5697	133.797	0	0.893594	0.448877	0	None	None
ChainingRodShaped	10741	4.22284	0.5	51.2413	-44.2639	0	0.987052	0.160402	0	None	None
ChainingRodShaped	14155	4.56467	0.5	18.886	23.546	0	-0.155785	-0.987791	0	None	None
ChainingRodShaped	8341	4.81663	0.5	51.0897	64.3539	0	0.344571	-0.93876	0	None	None
ChainingRodShaped	9267	4.33569	0.5	-22.0975	2.99416	0	0.0500429	-0.998747	0	None	None
ChainingRodShaped	12913	3.13707	0.5	63.5222	64.5119	0	-0.257786	0.966202	0	None	None
ChainingRodShaped	13171	3.51846	0.5	64.2455	82.3984	0	-0.130283	-0.991477	0	None	None
ChainingRodShaped	16655	2.88133	0.5	-21.3311	0.0351584	0	0.0333099	-0.999445	0	None	None
ChainingRodShaped	14011	2.95535	0.5	80.3765	43.7261	0	-0.780301	-0.625404	0	None	None
ChainingRodShaped	15975	3.69549	0.5	24.5452	88.7083	0	0.997418	0.0718132	0	None	None
ChainingRodShaped	14283	4.53333	0.5	29.9377	-23.7523	0	-0.91398	-0.40576	0	None	None
ChainingRodShaped	10147	3.90143	0.5	-90.0575	10.1131	0	-0.895757	0.444544	0	None	None
ChainingRodShaped	14615	3.83	0.5	-18.5451	-10.2471	0	-0.786137	-0.618052	0	None	None
ChainingRodShaped	15005	3.49484	0.5	-23.4839	41.8287	0	-0.989952	0.141406	0	None	None
ChainingRodShaped	19329	2.41501	0.5	60.4004	52.1252	0	0.97491	0.222601	0	None	None
ChainingRodShaped	18515	2.4033	0.5	-40.66	-18.6506	0	0.908175	0.41859	0	None	None
ChainingRodShaped	10929	4.21501	0.5	-10.7274	69.5703	0	-0.837413	0.546571	0	None	None
ChainingRodShaped	18785	2.40584	0.5	33.8566	37.4111	0	0.130293	-0.991476	0	None	None
ChainingRodShaped	14379	3.65962	0.5	34.5574	28.9228	0	0.0645776	-0.997913	0	None	None
ChainingRodShaped	17825	2.99951	0.5	59.5011	-26.9814	0	0.426116	0.904668	0	None	None
ChainingRodShaped	16501	3.5528	0.5	44.0992	32.1842	0	0.808106	0.589037	0	None	None
ChainingRodShaped	15081	3.78579	0.5	67.6696	-39.5875	0	0.218618	-0.975811	0	None	None
ChainingRodShaped	18635	2.42719	0.5	45.6998	81.5064	0	0.938498	0.345284	0	None	None
ChainingRodShaped	18949	2.5202	0.5	57.9703	-13.6986	0	-0.0857772	-0.996314	0	None	None
ChainingRodShaped	14257	4.30304	0.5	-30.3345	33.5098	0	0.922532	0.385921	0	None	None
ChainingRodShaped	8757	4.12565	0.5	-40.7698	19.6894	0	-0.872099	-0.489329	0	None	None
ChainingRodShaped	9315	4.44744	0.5	50.3041	13.1546	0	-0.690139	-0.723677	0	None	None
ChainingRodShaped	18503	2.56786	0.5	79.1167	46.1224	0	-0.840821	-0.541314	0	None	None
ChainingRodShaped	16709	3.0686	0.5	23.6189	67.2465	0	0.856083	0.516838	0	None	None
ChainingRodShaped	15323	3.30457	0.5	-23.7741	115.065	0	0.976371	0.216102	0	None	None
ChainingRodShaped	14309	3.67492	0.5	63.5572	-11.6112	0	-0.0079498	0.999968	0	None	None
ChainingRodShaped	17655	2.53062	0.5	-27.4977	-21.2912	0	-0.299987	0.953943	0	None	None
ChainingRodShaped	14321	3.32491	0.5	-52.5126	59.1616	0	0.11417	-0.993461	0	None	None
ChainingRodShaped	18043	2.43535	0.5	25.3181	36.552	0	-0.0348858	0.999391	0	None	None
ChainingRodShaped	10495	4.16197	0.5	66.8662	95.9156	0	0.221841	0.975083	0	None	None
ChainingRodShaped	11609	4.27617	0.5	-34.0358	-28.6454	0	-0.0803946	0.996763	0	None	None
ChainingRodShaped	8529	4.58754	0.5	-85.878	43.7928	0	-0.556381	-0.830927	0	None	None
ChainingRodShaped	12685	3.86257	0.5	10.2392	61.776	0	0.811293	0.58464	0	None	None
ChainingRodShaped	12465	3.81228	0.5	-89.6833	46.1138	0	0.995209	-0.0977708	0	None	None
ChainingRodShaped	17753	2.99365	0.5	-60.284	33.297	0	-0.657653	-0.753321	0	None	None
ChainingRodShaped	12295	4.71502	0.5	-54.038	8.39213	0	-0.165149	0.986269	0	None	None
ChainingRodShaped	8197	4.54767	0.5	16.407	122.643	0	0.718855	0.69516	0	None	None
ChainingRodShaped	17387	2.86381	0.5	47.1289	36.4877	0	-0.998315	0.0580311	0	None	None
ChainingRodShaped	18587	2.41422	0.5	-38.9511	44.3792	0	0.3846	-0.923083	0	None	None
ChainingRodShaped	15111	3.60957	0.5	42.5987	93.7289	0	-0.510919	0.859629	0	None	None
ChainingRodShaped	15611	3.88623	0.5	28.3761	124.189	0	-0.280643	0.959812	0	None	None
ChainingRodShaped	9151	4.98962	0.5	80.0263	-19.168	0	-0.168027	0.985782	0	None	None
ChainingRodShaped	9045	4.62965	0.5	-65.3525	26.0797	0	-0.999869	-0.0161706	0	None	None
ChainingRodShaped	16211	3.3911	0.5	-11.537	-9.26453	0	-0.820099	-0.572221	0	None	None
ChainingRodShaped	16525	3.55073	0.5	-38.8685	122.168	0	-0.259767	0.965671	0	None	None
ChainingRodShaped	18621	2.48707	0.5	93.3476	40.2775	0	-0.988612	-0.150488	0	None	None
ChainingRodShaped	17823	2.65297	0.5	-29.6415	-33.1235	0	0.0801719	-0.996781	0	None	None
ChainingRodShaped	18727	2.7276	0.5	14.8239	93.6478	0	-0.575836	-0.817565	0	None	None
ChainingRodShaped	9777	4.06598	0.5	43.3412	-10.4746	0	0.744461	-0.667666	0	None	None
ChainingRodShaped	12835	4.53932	0.5	41.3616	71.4569	0	0.783799	0.621015	0	None	None
ChainingRodShaped	16151	2.88008	0.5	-6.19452	-66.6481	0	-0.164144	0.986436	0	None	None
ChainingRodShaped	14299	3.18568	0.5	0.826856	37.0278	0	0.776765	-0.629791	0	None	None
ChainingRodShaped	9829	3.75578	0.5	36.4812	37.9676	0	0.576148	-0.817346	0	None	None
ChainingRodShaped	14903	2.92278	0.5	39.2734	26.096	0	0.843365	0.53734	0	None	None
ChainingRodShaped	15693	3.96498	0.5	2.06978	98.4026	0	-0.682068	-0.731289	0	None	None
ChainingRodShaped	19665	2.36108	0.5	-5.70537	117.411	0	0.0852311	-0.996361	0	None	None
ChainingRodShaped	17101	2.61787	0.5	39.1834	29.3852	0	0.621382	0.783508	0	None	None
ChainingRodShaped	16637	3.30583	0.5	-50.1393	76.9699	0	0.690709	0.723133	0	None	None
ChainingRodShaped	16339	3.48408	0.5	24.1492	-5.91222	0	-0.89648	-0.443083	0	None	None
ChainingRodShaped	19043	2.29827	0.5	3.98196	-19.8522	0	-0.982579	0.185844	0	None	None
ChainingRodShaped	18309	2.74584	0.5	91.4665	38.9188	0	-0.9746	-0.223953	0	None	None
ChainingRodShaped	14297	3.41164	0.5	66.7027	48.9951	0	-0.971064	-0.23882	0	None	None
ChainingRodShaped	11457	4.04414	0.5	-21.14	-10.6694	0	-0.752846	-0.658196	0	None	None
ChainingRodShaped	14439	4.4967	0.5	-21.0753	22.9441	0	0.900637	-0.434571	0	None	None
ChainingRodShaped	14743	4.10839	0.5	52.0753	-21.411	0	-0.412643	-0.910893	0	None	None
ChainingRodShaped	13557	4.53114	0.5	26.785	-9.90839	0	0.814089	-0.58074	0	None	None
ChainingRodShaped	20955	2.00186	0.5	-24.2473	57.1841	0	0.735061	-0.678001	0	None	None
ChainingRodShaped	19757	2.25994	0.5	-13.1628	35.408	0	0.953043	-0.302835	0	None	None
ChainingRodShaped	9619	3.84045	0.5	2.78267	-29.5163	0	-0.629749	0.776799	0	None	None
ChainingRodShaped	18467	2.42315	0.5	84.9952	19.7982	0	0.868699	-0.495341	0	None	None
ChainingRodShaped	10937	3.65622	0.5	70.8618	44.0842	0	-0.999461	-0.0328322	0	None	None
ChainingRodShaped	8815	4.8083	0.5	88.4978	61.9449	0	-0.455642	-0.890163	0	None	None
ChainingRodShaped	18693	2.58089	0.5	95.2167	63.9878	0	-0.99592	-0.0902423	0	None	None
ChainingRodShaped	16111	3.36013	0.5	-52.908	78.7281	0	0.687295	0.726379	0	None	None
ChainingRodShaped	11023	3.98217	0.5	-47.9063	11.6456	0	0.988066	-0.154031	0	None	None
ChainingRodShaped	18345	2.34105	0.5	22.1434	-27.4142	0	-0.542908	0.839792	0	None	None
ChainingRodShaped	15805	3.16276	0.5	-5.69793	-45.5875	0	-0.949501	0.313764	0	None	None
ChainingRodShaped	8947	4.65368	0.5	71.7387	-18.4185	0	-0.103549	0.994624	0	None	None
ChainingRodShaped	8931	4.51587	0.5	-1.82458	30.9598	0	-0.975604	-0.219539	0	None	None
ChainingRodShaped	14661	3.0931	0.5	-67.5577	38.511	0	0.992728	0.120378	0	None	None
ChainingRodShaped	16129	3.14622	0.5	-21.8193	46.0035	0	0.901563	-0.432648	0	None	None
ChainingRodShaped	8971	4.95558	0.5	14.4491	130.626	0	0.798909	0.601452	0	None	None
ChainingRodShaped	10369	3.83934	0.5	-9.18326	-32.8373	0	-0.353393	0.935475	0	None	None
ChainingRodShaped	8385	4.82359	0.5	25.5028	-4.51524	0	-0.941529	-0.336932	0	None	None
ChainingRodShaped	16941	2.73568	0.5	66.4253	64.5447	0	-0.221881	0.975074	0	None	None
ChainingRodShaped	17393	2.916	0.5	53.2271	75.4287	0	-0.704899	-0.709308	0	None	None
ChainingRodShaped	13101	3.16817	0.5	-50.6419	68.1072	0	-0.547318	-0.836925	0	None	None
ChainingRodShaped	10677	4.45965	0.5	-52.1926	44.8933	0	0.968311	0.249747	0	None	None
ChainingRodShaped	14449	4.37549	0.5	82.5277	71.0841	0	-0.983314	-0.181918	0	None	None
ChainingRodShaped	13009	3.95799	0.5	82.4826	29.2151	0	0.706051	0.708161	0	None	None
ChainingRodShaped	15241	2.93959	0.5	-2.82195	9.82626	0	0.998724	0.0505071	0	None	None
ChainingRodShaped	10115	3.82563	0.5	20.9455	-77.1801	0	0.857708	0.514138	0	None	None
ChainingRodShaped	17497	2.67236	0.5	42.3905	26.4807	0	0.793931	0.608008	0	None	None
ChainingRodShaped	10407	4.03115	0.5	-11.8478	-42.0032	0	-0.995827	-0.0912595	0	None	None
ChainingRodShaped	12491	4.21868	0.5	5.46181	-7.9346	0	-0.483053	0.875591	0	None	None
ChainingRodShaped	17471	3.12297	0.5	-77.0807	-4.38985	0	-0.892081	0.451875	0	None	None
ChainingRodShaped	14101	3.6783	0.5	19.1542	78.3982	0	-0.862716	0.50569	0	None	None
ChainingRodShaped	16779	2.67607	0.5	-59.9952	63.2253	0	-0.0734764	0.997297	0	None	None
ChainingRodShaped	15795	3.63339	0.5	-63.4216	104.659	0	0.180254	0.98362	0	None	None
ChainingRodShaped	15485	3.65062	0.5	-4.30814	114.998	0	0.532273	0.846573	0	None	None
ChainingRodShaped	20245	2.16655	0.5	56.4655	7.45577	0	0.922279	0.386525	0	None	None
ChainingRodShaped	9713	4.06164	0.5	46.5897	34.0933	0	0.99984	-0.0179004	0	None	None
ChainingRodShaped	16515	2.83002	0.5	-65.8671	57.301	0	-0.670285	0.742103	0	None	None
ChainingRodShaped	17109	3.38958	0.5	60.9974	-28.7757	0	0.0372352	0.999307	0	None	None
ChainingRodShaped	14347	4.29793	0.5	-61.291	51.6347	0	-0.960041	0.279859	0	None	None
ChainingRodShaped	11723	4.38375	0.5	44.7304	61.9121	0	-0.120692	-0.99269	0	None	None
ChainingRodShaped	15229	3.53481	0.5	-53.4986	14.3303	0	0.983042	-0.183379	0	None	None
ChainingRodShaped	12179	3.77134	0.5	44.8957	-19.5877	0	-0.554754	-0.832014	0	None	None
ChainingRodShaped	8489	4.31499	0.5	-33.9869	100.681	0	0.968517	-0.248946	0	None	None
ChainingRodShaped	18743	2.63323	0.5	69.1	22.5254	0	0.828338	-0.560229	0	None	None
ChainingRodShaped	13933	4.53319	0.5	-24.016	21.5064	0	0.921883	-0.387469	0	None	None
ChainingRodShaped	16145	2.61162	0.5	-19.0015	23.6869	0	0.887206	-0.461374	0	None	None
ChainingRodShaped	9103	4.47343	0.5	93.8627	67.0753	0	0.25475	-0.967007	0	None	None
ChainingRodShaped	14137	3.02207	0.5	-59.8962	44.7743	0	0.951994	0.306117	0	None	None
ChainingRodShaped	12899	4.61159	0.5	38.9263	-64.7766	0	0.73485	0.678229	0	None	None
ChainingRodShaped	15427	3.33254	0.5	-9.90812	103.992	0	0.849105	0.528223	0	None	None
ChainingRodShaped	15737	2.76768	0.5	66.7261	48.1505	0	-0.972045	-0.234795	0	None	None
ChainingRodShaped	16107	3.8012	0.5	-89.8991	-0.312739	0	0.982141	-0.188148	0	None	None
ChainingRodShaped	14263	4.61105	0.5	95.6435	-29.4241	0	-0.145645	0.989337	0	None	None
ChainingRodShaped	13479	4.12982	0.5	63.3789	-36.9394	0	0.347436	0.937704	0	None	None
ChainingRodShaped	11435	3.52424	0.5	-81.1598	29.1276	0	0.532136	0.846659	0	None	None
ChainingRodShaped	9617	4.39726	0.5	-72.2161	37.1497	0	0.997221	0.0744969	0	None	None
ChainingRodShaped	16013	2.73129	0.5	-27.4661	49.5879	0	0.95626	-0.292518	0	None	None
ChainingRodShaped	16281	2.61694	0.5	3.04678	52.3038	0	0.997982	0.0634941	0	None	None
ChainingRodShaped	9157	3.97486	0.5	-36.7851	45.4056	0	0.421247	-0.906946	0	None	None
ChainingRodShaped	17437	2.81433	0.5	-70.7296	15.1162	0	0.697057	-0.717015	0	None	None
ChainingRodShaped	14709	3.08639	0.5	81.813	39.6875	0	-0.778805	-0.627266	0	None	None
ChainingRodShaped	9601	4.28001	0.5	38.3428	42.3586	0	0.543097	-0.83967	0	None	None
ChainingRodShaped	13297	4.46021	0.5	-30.0557	18.4248	0	-0.477997	0.878361	0	None	None
ChainingRodShaped	16115	3.68102	0.5	91.133	72.5142	0	0.979554	-0.201182	0	None	None
ChainingRodShaped	17085	2.54011	0.5	13.2325	10.6865	0	0.982304	0.187293	0	None	None
ChainingRodShaped	18151	2.45516	0.5	14.7439	-5.0478	0	0.129844	-0.991534	0	None	None
ChainingRodShaped	20341	2.14694	0.5	-18.6533	-13.026	0	0.745186	0.666857	0	None	None
ChainingRodShaped	14285	3.30579	0.5	-23.6991	49.167	0	0.897149	-0.441728	0	None	None
ChainingRodShaped	18977	2.54876	0.5	30.3314	40.6058	0	0.37454	-0.927211	0	None	None
ChainingRodShaped	13409	4.676	0.5	76.1566	70.2667	0	-0.146513	0.989209	0	None	None
ChainingRodShaped	8879	4.33292	0.5	34.4741	113.473	0	-0.217439	-0.976074	0	None	None
ChainingRodShaped	15787	3.36822	0.5	0.402212	60.3931	0	-0.652831	-0.757503	0	None	None
ChainingRodShaped	11807	4.47341	0.5	101.638	-16.6497	0	-0.96585	-0.259101	0	None	None
ChainingRodShaped	17593	3.07294	0.5	77.9529	60.466	0	0.868835	0.495102	0	None	None
ChainingRodShaped	20799	2.02914	0.5	67.8234	64.8529	0	-0.202621	0.979257	0	None	None
ChainingRodShaped	15849	3.72745	0.5	-66.1128	47.984	0	0.956346	-0.292236	0	None	None
ChainingRodShaped	8743	4.98295	0.5	-51.2713	43.5718	0	0.968676	0.248327	0	None	None
ChainingRodShaped	15917	3.18746	0.5	70.1483	-23.1597	0	0.109442	-0.993993	0	None	None
ChainingRodShaped	13303	3.30939	0.5	59.1436	-16.9034	0	0.443237	0.896404	0	None	None
ChainingRodShaped	11679	4.67362	0.5	-7.21416	57.6677	0	0.494203	-0.869347	0	None	None
ChainingRodShaped	14989	3.93474	0.5	-45.4982	98.8554	0	0.978645	0.205556	0	None	None
ChainingRodShaped	15631	3.45395	0.5	-68.1151	87.5143	0	-0.73638	-0.676568	0	None	None
ChainingRodShaped	13209	3.36051	0.5	-37.3368	-18.9075	0	-0.427209	0.904153	0	None	None
ChainingRodShaped	20931	2.00576	0.5	50.649	-67.4555	0	-0.791958	-0.610576	0	None	None
ChainingRodShaped	10273	4.39753	0.5	30.2943	87.6573	0	0.998661	0.0517292	0	None	None
ChainingRodShaped	16367	2.69485	0.5	20.1824	-38.3298	0	-0.668775	-0.743464	0	None	None
ChainingRodShaped	20015	2.23453	0.5	-32.5516	-2.75898	0	0.0896936	-0.995969	0	None	None
ChainingRodShaped	11307	4.28641	0.5	66.8057	56.3536	0	0.874491	0.485041	0	None	None
ChainingRodShaped	10167	4.33487	0.5	-39.9819	32.8471	0	0.940327	0.340273	0	None	None
ChainingRodShaped	18257	2.49077	0.5	9.95135	92.7782	0	-0.58384	-0.811869	0	None	None
ChainingRodShaped	12501	3.70272	0.5	-24.6011	59.4746	0	0.748202	-0.663471	0	None	None
ChainingRodShaped	13115	3.50107	0.5	45.4446	-30.3748	0	0.348088	-0.937462	0	None	None
ChainingRodShaped	10157	4.83382	0.5	5.27971	30.6611	0	-0.985443	-0.170009	0	None	None
ChainingRodShaped	13659	4.06908	0.5	31.8007	105.458	0	-0.217299	-0.976105	0	None	None
ChainingRodShaped	9645	4.83421	0.5	-80.2176	8.34821	0	-0.902255	0.431202	0	None	None
ChainingRodShaped	16181	2.6496	0.5	53.171	-16.5204	0	-0.504031	-0.863686	0	None	None
ChainingRodShaped	18041	2.84518	0.5	-0.776031	20.8952	0	0.344499	-0.938787	0	None	None
ChainingRodShaped	18749	2.39744	0.5	-4.99357	-40.8399	0	0.981152	-0.193238	0	None	None
ChainingRodShaped	14499	3.79684	0.5	-38.3977	-60.2048	0	0.929173	0.369645	0	None	None
ChainingRodShaped	14251	4.23311	0.5	7.65281	55.7403	0	0.789103	0.614261	0	None	None
ChainingRodShaped	15887	3.06748	0.5	-63.078	98.7745	0	-0.899263	-0.437408	0	None	None
ChainingRodShaped	20113	2.13066	0.5	6.1571	76.3383	0	0.955257	-0.295776	0	None	None
ChainingRodShaped	12907	4.3667	0.5	8.10313	81.9735	0	0.868597	0.495519	0	None	None
ChainingRodShaped	11335	4.95633	0.5	-27.7201	36.0985	0	0.88996	0.456038	0	None	None
ChainingRodShaped	13907	4.67131	0.5	52.4924	-63.657	0	0.767683	0.64083	0	None	None
ChainingRodShaped	19905	2.30428	0.5	72.8011	100.344	0	0.653105	0.757268	0	None	None
ChainingRodShaped	16531	3.29704	0.5	-9.05922	44.3652	0	0.501932	0.864907	0	None	None
ChainingRodShaped	19309	2.27215	0.5	-54.56	16.6648	0	0.987211	-0.159418	0	None	None
ChainingRodShaped	14353	4.41253	0.5	79.1932	19.6682	0	0.873982	-0.485957	0	None	None
ChainingRodShaped	18681	2.2943	0.5	10.031	-34.0226	0	0.64633	-0.763058	0	None	None
ChainingRodShaped	19545	2.36968	0.5	73.8756	80.044	0	-0.167112	0.985938	0	None	None
ChainingRodShaped	12437	3.26788	0.5	4.13364	50.6067	0	0.995691	0.0927326	0	None	None
ChainingRodShaped	13759	3.00501	0.5	101.13	62.7173	0	0.584818	-0.811164	0	None	None
ChainingRodShaped	10997	3.71415	0.5	77.4967	92.9797	0	0.451963	-0.892037	0	None	None
ChainingRodShaped	18715	2.53207	0.5	105.262	51.0456	0	0.437198	0.899365	0	None	None
ChainingRodShaped	9935	4.10181	0.5	47.0508	40.9069	0	-0.883032	-0.469313	0	None	None
ChainingRodShaped	17235	3.30867	0.5	99.2468	13.4461	0	-0.530996	0.847374	0	None	None
ChainingRodShaped	17605	2.79104	0.5	1.12035	-4.30737	0	0.547856	-0.836573	0	None	None
ChainingRodShaped	13579	4.60948	0.5	-36.1331	117.963	0	-0.180549	0.983566	0	None	None
ChainingRodShaped	12309	3.30242	0.5	17.8095	105.27	0	-0.0402496	-0.99919	0	None	None
ChainingRodShaped	14665	3.41903	0.5	56.5867	90.7442	0	0.315151	-0.949042	0	None	None
ChainingRodShaped	14121	3.35229	0.5	-65.8172	-39.9715	0	-0.741266	0.671212	0	None	None
ChainingRodShaped	14717	3.58743	0.5	13.7946	74.7661	0	0.962338	-0.271856	0	None	None
ChainingRodShaped	17801	2.86271	0.5	38.7804	26.5386	0	0.848671	0.528921	0	None	None
ChainingRodShaped	14069	3.51292	0.5	-36.2361	-37.7572	0	0.226446	0.974024	0	None	None
ChainingRodShaped	8601	4.77701	0.5	49.5535	124.482	0	0.173414	0.984849	0	None	None
ChainingRodShaped	14483	4.00331	0.5	48.4673	8.10117	0	-0.609931	-0.792455	0	None	None
ChainingRodShaped	13849	3.87702	0.5	-32.6628	22.5694	0	-0.691272	0.722595	0	None	None
ChainingRodShaped	18863	2.58757	0.5	55.3635	-21.4303	0	-0.425314	-0.905046	0	None	None
ChainingRodShaped	8831	4.43094	0.5	-75.2591	-3.31108	0	0.880618	-0.473827	0	None	None
ChainingRodShaped	20385	2.14234	0.5	-64.8382	0.00177529	0	0.152411	-0.988317	0	None	None
ChainingRodShaped	10509	4.86632	0.5	77.6655	0.50942	0	-0.996591	-0.082503	0	None	None
ChainingRodShaped	17951	3.08702	0.5	-64.2082	83.3723	0	0.742903	0.669399	0	None	None
ChainingRodShaped	18795	2.28072	0.5	-64.9875	57.4845	0	-0.662801	0.748795	0	None	None
ChainingRodShaped	13685	4.03553	0.5	39.9497	-12.5627	0	0.91807	-0.396418	0	None	None
ChainingRodShaped	16811	3.15504	0.5	-7.73077	17.1477	0	0.462112	-0.886821	0	None	None
ChainingRodShaped	16401	2.81697	0.5	-2.16074	118.34	0	0.249749	0.968311	0	None	None
ChainingRodShaped	11987	3.86747	0.5	-35.5034	15.7518	0	0.851822	0.523832	0	None	None
ChainingRodShaped	13827	4.09114	0.5	20.4333	72.8142	0	0.839225	0.543784	0	None	None
ChainingRodShaped	16079	2.79858	0.5	-75.4071	50.2974	0	0.907085	-0.420947	0	None	None
ChainingRodShaped	8579	4.1572	0.5	-78.8603	73.8815	0	0.871995	0.489515	0	None	None
ChainingRodShaped	20815	2.03437	0.5	20.5998	106.073	0	-0.33653	0.941673	0	None	None
ChainingRodShaped	15553	2.76281	0.5	-22.5734	27.7815	0	0.782857	-0.622202	0	None	None
ChainingRodShaped	16361	3.08507	0.5	-36.2337	35.6341	0	0.947123	0.32087	0	None	None
ChainingRodShaped	16527	3.46805	0.5	17.1596	-14.2866	0	0.974995	0.222227	0	None	None
ChainingRodShaped	12355	4.93863	0.5	23.3013	-1.5349	0	0.960161	0.279448	0	None	None
ChainingRodShaped	13353	4.7476	0.5	-81.3834	52.1749	0	0.901198	-0.433407	0	None	None
ChainingRodShaped	17451	3.00933	0.5	-69.9922	-15.5072	0	-0.840573	0.541698	0	None	None
ChainingRodShaped	17747	2.51947	0.5	8.43617	-19.0994	0	-0.999609	-0.0279674	0	None	None
ChainingRodShaped	16203	3.68931	0.5	15.2341	-54.5106	0	0.241348	-0.970439	0	None	None
ChainingRodShaped	11763	3.94748	0.5	-47.3898	78.4822	0	0.765122	0.643885	0	None	None
ChainingRodShaped	13229	4.08605	0.5	-43.9303	27.2182	0	0.441378	0.897322	0	None	None
ChainingRodShaped	9569	4.55545	0.5	-17.3902	61.543	0	0.831624	-0.555338	0	None	None
ChainingRodShaped	14159	4.4502	0.5	92.39	13.3231	0	0.261754	0.965135	0	None	None
ChainingRodShaped	11473	4.40914	0.5	-50.7348	-28.7564	0	0.643825	0.765173	0	None	None
ChainingRodShaped	17269	2.65652	0.5	23.6357	-29.2519	0	-0.963261	-0.268567	0	None	None
ChainingRodShaped	15075	3.38232	0.5	-73.722	43.0647	0	0.999158	0.0410394	0	None	None
ChainingRodShaped	12991	3.33002	0.5	76.1146	111.553	0	0.757133	-0.65326	0	None	None
ChainingRodShaped	19569	2.44243	0.5	42.8879	21.4955	0	0.981281	0.192583	0	None	None
ChainingRodShaped	16817	2.79382	0.5	42.3396	61.3256	0	-0.238057	-0.971251	0	None	None
ChainingRodShaped	19287	2.32556	0.5	-4.07565	-55.2159	0	0.684403	-0.729104	0	None	None
ChainingRodShaped	16937	3.43449	0.5	-41.2328	25.1505	0	0.418399	0.908264	0	None	None
ChainingRodShaped	20235	2.09874	0.5	-42.5098	-34.3931	0	0.00970521	-0.999953	0	None	None
ChainingRodShaped	17317	2.60069	0.5	52.8956	42.3209	0	0.898072	0.439849	0	None	None
ChainingRodShaped	10199	3.71194	0.5	28.9528	92.7207	0	0.994258	0.10701	0	None	None
ChainingRodShaped	11793	3.47436	0.5	-12.1963	-49.6179	0	-0.364638	-0.931149	0	None	None
ChainingRodShaped	14873	3.08612	0.5	8.67882	18.2285	0	-0.891198	0.453615	0	None	None
ChainingRodShaped	16967	3.08602	0.5	-53.9667	34.1811	0	-0.844754	-0.535155	0	None	None
ChainingRodShaped	19241	2.33468	0.5	-63.59	-48.9457	0	0.628858	-0.77752	0	None	None
ChainingRodShaped	14719	2.87022	0.5	-10.058	46.9911	0	0.991087	-0.133215	0	None	None
ChainingRodShaped	9739	3.77766	0.5	-79.3619	4.96962	0	-0.911383	0.411559	0	None	None
ChainingRodShaped	14605	4.45438	0.5	38.7459	-4.56241	0	-0.741924	-0.670484	0	None	None
ChainingRodShaped	20263	2.11552	0.5	35.1226	-1.64159	0	-0.491183	-0.871057	0	None	None
ChainingRodShaped	11967	3.35937	0.5	60.6754	43.6778	0	-0.957043	-0.289946	0	None	None
ChainingRodShaped	14233	2.92293	0.5	25.4352	56.6786	0	0.765104	0.643907	0	None	None
ChainingRodShaped	13413	4.27567	0.5	53.1337	1.46498	0	-0.946277	-0.323357	0	None	None
ChainingRodShaped	9093	4.8438	0.5	19.1225	15.2697	0	0.512464	-0.858709	0	None	None
ChainingRodShaped	15809	3.69422	0.5	-73.3062	57.0289	0	-0.862099	0.50674	0	None	None
ChainingRodShaped	10991	3.88111	0.5	-33.9201	101.523	0	0.96937	-0.245607	0	None	None
ChainingRodShaped	16257	3.02589	0.5	38.6555	29.57	0	0.613557	0.78965	0	None	None
ChainingRodShaped	19265	2.36418	0.5	-79.3362	50.0063	0	0.823848	-0.566811	0	None	None
ChainingRodShaped	14223	2.91367	0.5	76.958	76.7012	0	-0.159189	0.987248	0	None	None
ChainingRodShaped	13351	3.3337	0.5	-18.6273	2.10904	0	0.0305511	-0.999533	0	None	None
ChainingRodShaped	16019	2.82573	0.5	71.1708	30.8291	0	0.773343	-0.633988	0	None	None
ChainingRodShaped	19687	2.19693	0.5	-41.5356	-49.479	0	0.679192	-0.733961	0	None	None
ChainingRodShaped	15583	2.69794	0.5	107.866	1.51518	0	0.136579	-0.990629	0	None	None
ChainingRodShaped	20625	2.07003	0.5	4.45232	-50.7416	0	-0.684694	0.728831	0	None	None
ChainingRodShaped	18989	2.29748	0.5	-55.626	64.4975	0	-0.530125	-0.84792	0	None	None
ChainingRodShaped	15405	2.92037	0.5	-13.5584	34.7744	0	-0.955843	0.293877	0	None	None
ChainingRodShaped	8765	4.61672	0.5	13.9969	106.533	0	-0.0109614	-0.99994	0	None	None
ChainingRodShaped	17203	3.37818	0.5	20.7316	-8.88182	0	0.957317	-0.289039	0	None	None
ChainingRodShaped	17645	2.67927	0.5	84.3679	94.529	0	0.999677	0.0254107	0	None	None
ChainingRodShaped	15333	2.88891	0.5	71.6527	14.7685	0	-0.985943	0.16708	0	None	None
ChainingRodShaped	20429	2.0748	0.5	97.8222	-11.6522	0	0.998615	0.0526092	0	None	None
ChainingRodShaped	10571	4.57466	0.5	44.861	-36.1779	0	-0.923027	-0.384735	0	None	None
ChainingRodShaped	16175	2.8776	0.5	-36.6003	-22.613	0	0.320062	-0.947397	0	None	None
ChainingRodShaped	19031	2.6933	0.5	-67.8947	74.7466	0	0.395188	0.9186	0	None	None
ChainingRodShaped	12507	4.95348	0.5	-14.0607	-11.9452	0	-0.812778	-0.582574	0	None	None
ChainingRodShaped	15691	3.76052	0.5	-51.4324	42.8794	0	0.967052	0.25458	0	None	None
ChainingRodShaped	15581	3.02288	0.5	-61.5883	104.059	0	0.170989	0.985273	0	None	None
ChainingRodShaped	17391	2.92265	0.5	61.3968	57.6625	0	0.981956	0.189109	0	None	None
ChainingRodShaped	14847	3.28354	0.5	-31.729	112.218	0	-0.999943	-0.0106897	0	None	None
ChainingRodShaped	18233	2.45848	0.5	69.1649	36.7004	0	0.787992	-0.615686	0	None	None
ChainingRodShaped	19581	2.46029	0.5	-51.3696	-8.90639	0	0.721401	0.692518	0	None	None
ChainingRodShaped	18463	2.60381	0.5	-37.9414	93.1101	0	0.973749	-0.227623	0	None	None
ChainingRodShaped	14935	3.99946	0.5	-15.2986	-16.8377	0	0.879192	0.476467	0	None	None
ChainingRodShaped	19191	2.60182	0.5	31.996	11.6679	0	-0.688961	-0.724798	0	None	None
ChainingRodShaped	8839	4.68855	0.5	52.0438	86.7363	0	0.300893	-0.953658	0	None	None
ChainingRodShaped	17459	2.90292	0.5	91.3258	18.9242	0	0.232816	0.972521	0	None	None
ChainingRodShaped	17491	2.80733	0.5	44.6116	68.0293	0	-0.224341	-0.974511	0	None	None
ChainingRodShaped	9735	4.82469	0.5	-42.3367	24.4511	0	0.425421	0.904995	0	None	None
ChainingRodShaped	9327	4.74506	0.5	-47.9657	28.5332	0	0.775579	0.631251	0	None	None
ChainingRodShaped	14269	3.63581	0.5	-26.429	-9.48239	0	-0.24066	0.970609	0	None	None
ChainingRodShaped	17365	3.21803	0.5	51.5165	-32.9567	0	0.470767	-0.882258	0	None	None
ChainingRodShaped	17003	2.56853	0.5	53.4879	53.4591	0	0.968777	0.247932	0	None	None
ChainingRodShaped	15815	2.82087	0.5	58.968	17.8526	0	-0.92228	0.386524	0	None	None
ChainingRodShaped	18625	2.77597	0.5	78.1588	-25.6771	0	-0.373215	0.927745	0	None	None
ChainingRodShaped	17867	2.84809	0.5	13.527	47.9034	0	0.719484	0.694509	0	None	None
ChainingRodShaped	16749	2.81496	0.5	84.2875	22.0225	0	0.860526	-0.509406	0	None	None
ChainingRodShaped	5706	4.98211	0.5	-33.4193	72.2964	0	-0.400969	-0.916091	0	None	None
ChainingRodShaped	20781	2.03084	0.5	-31.9911	44.1853	0	0.402066	-0.915611	0	None	None
ChainingRodShaped	15935	2.81528	0.5	66.7279	26.8274	0	0.847297	-0.53112	0	None	None
ChainingRodShaped	9755	4.57208	0.5	-42.5392	38.9707	0	-0.967353	-0.253431	0	None	None
ChainingRodShaped	11739	4.23367	0.5	39.3593	-65.6134	0	0.733581	0.679602	0	None	None
ChainingRodShaped	19285	2.38602	0.5	-32.6665	27.6601	0	0.931402	0.363993	0	None	None
ChainingRodShaped	15857	2.8847	0.5	21.9654	-1.212	0	0.962944	0.269703	0	None	None
ChainingRodShaped	9251	4.49847	0.5	64.6694	-18.5594	0	0.528798	0.848748	0	None	None
ChainingRodShaped	15683	3.82085	0.5	-23.0278	-49.8624	0	-0.638649	-0.769498	0	None	None
ChainingRodShaped	18667	2.69612	0.5	22.2412	25.0487	0	-0.0981905	-0.995168	0	None	None
ChainingRodShaped	17973	2.77831	0.5	39.4444	-71.257	0	-0.778431	0.62773	0	None	None
ChainingRodShaped	11695	4.06991	0.5	-52.5856	-11.2688	0	0.727744	0.685849	0	None	None
ChainingRodShaped	15621	3.20052	0.5	79.4087	-4.84561	0	0.46803	0.883712	0	None	None
ChainingRodShaped	20001	2.15408	0.5	18.7199	49.4595	0	0.821989	0.569504	0	None	None
ChainingRodShaped	13673	4.89754	0.5	55.9538	37.5189	0	0.971433	-0.237312	0	None	None
ChainingRodShaped	18697	2.73598	0.5	-16.5835	-57.4762	0	-0.158526	-0.987355	0	None	None
ChainingRodShaped	8921	4.0321	0.5	29.3978	41.0924	0	0.365562	-0.930787	0	None	None
ChainingRodShaped	9759	4.30331	0.5	-18.8782	98.2239	0	0.292168	-0.956367	0	None	None
ChainingRodShaped	13559	3.24242	0.5	50.8376	83.0278	0	0.00752355	-0.999972	0	None	None
ChainingRodShaped	19363	2.50119	0.5	27.1887	115.844	0	0.286027	-0.958222	0	None	None
ChainingRodShaped	18543	2.89736	0.5	34.818	-59.961	0	0.174463	-0.984664	0	None	None
ChainingRodShaped	19499	2.35056	0.5	40.8096	-23.0111	0	-0.537946	-0.842979	0	None	None
ChainingRodShaped	17271	2.52425	0.5	-75.2445	-0.43581	0	-0.894399	0.44727	0	None	None
ChainingRodShaped	11645	3.40525	0.5	-45.4992	9.15334	0	0.98718	0.159611	0	None	None
ChainingRodShaped	14065	3.88912	0.5	-3.47664	-39.6483	0	0.970257	-0.242079	0	None	None
ChainingRodShaped	10541	4.6623	0.5	10.2233	62.5392	0	0.811462	0.584405	0	None	None
ChainingRodShaped	13165	3.9201	0.5	81.0238	10.0232	0	-0.999969	0.00786835	0	None	None
ChainingRodShaped	11209	3.9991	0.5	48.1554	-7.43489	0	-0.552333	-0.833623	0	None	None
ChainingRodShaped	18589	2.67392	0.5	-19.7608	-65.6429	0	-0.763157	0.646213	0	None	None
ChainingRodShaped	19217	2.47877	0.5	0.389566	16.3211	0	-0.70543	-0.70878	0	None	None
ChainingRodShaped	11907	3.38125	0.5	38.4015	60.0393	0	-0.27991	-0.960026	0	None	None
ChainingRodShaped	19871	2.15632	0.5	-23.7812	130.925	0	0.880777	0.473532	0	None	None
ChainingRodShaped	19257	2.61387	0.5	-37.4208	32.9827	0	0.943304	0.33193	0	None	None
ChainingRodShaped	16787	2.9346	0.5	32.8602	-39.5402	0	-0.982107	-0.188322	0	None	None
ChainingRodShaped	13223	4.54364	0.5	4.44838	-34.9225	0	0.636796	-0.771032	0	None	None
ChainingRodShaped	17533	3.10535	0.5	-0.50476	16.4142	0	-0.698418	-0.71569	0	None	None
ChainingRodShaped	10333	4.11676	0.5	37.397	-5.04543	0	-0.735251	-0.677794	0	None	None
ChainingRodShaped	16061	2.9719	0.5	-79.9908	49.377	0	0.823281	-0.567633	0	None	None
ChainingRodShaped	9223	4.7733	0.5	-50.188	-2.99228	0	-0.0715366	0.997438	0	None	None
ChainingRodShaped	10355	3.76125	0.5	-6.98505	13.2582	0	-0.5774	-0.816461	0	None	None
ChainingRodShaped	11779	3.65848	0.5	21.8689	58.0717	0	0.953018	0.302912	0	None	None
ChainingRodShaped	18913	2.26469	0.5	40.9146	16.1928	0	0.75413	0.656725	0	None	None
ChainingRodShaped	18055	2.43528	0.5	-28.0704	-11.0644	0	0.210924	-0.977502	0	None	None
ChainingRodShaped	13651	4.5206	0.5	-11.1272	-56.2211	0	-0.153762	-0.988108	0	None	None
ChainingRodShaped	14115	3.73282	0.5	85.112	-7.25124	0	-0.417214	-0.908808	0	None	None
ChainingRodShaped	15967	2.77396	0.5	14.4244	91.8702	0	-0.922103	-0.386944	0	None	None
ChainingRodShaped	19173	2.30489	0.5	-18.38	64.0066	0	0.831628	-0.555333	0	None	None
ChainingRodShaped	14941	3.22558	0.5	50.6291	63.8855	0	0.335063	-0.942196	0	None	None
ChainingRodShaped	17015	2.7157	0.5	62.0904	18.8842	0	-0.918465	0.395503	0	None	None
ChainingRodShaped	20899	2.01096	0.5	85.5979	-29.1575	0	-0.543122	0.839653	0	None	None
ChainingRodShaped	14351	3.43943	0.5	-22.9051	97.9129	0	0.282729	-0.9592	0	None	None
ChainingRodShaped	10527	4.34432	0.5	94.365	-2.82546	0	-0.536042	-0.844191	0	None	None
ChainingRodShaped	11707	4.44026	0.5	35.5655	131.418	0	0.939737	0.341898	0	None	None
ChainingRodShaped	17523	2.8689	0.5	-22.5463	-48.0234	0	-0.670624	-0.741798	0	None	None
ChainingRodShaped	14013	3.47153	0.5	33.5547	-3.99907	0	-0.847557	-0.530704	0	None	None
ChainingRodShaped	10783	3.76674	0.5	-63.753	-21.2441	0	-0.784619	0.619979	0	None	None
ChainingRodShaped	17027	2.51348	0.5	43.6398	124.331	0	0.569311	-0.822122	0	None	None
ChainingRodShaped	15803	3.10256	0.5	26.9995	119.511	0	0.299857	-0.953984	0	None	None
ChainingRodShaped	20599	2.07681	0.5	51.3777	18.5794	0	0.117069	-0.993124	0	None	None
ChainingRodShaped	16573	3.12985	0.5	-49.2238	-21.0188	0	-0.607434	-0.79437	0	None	None
ChainingRodShaped	20489	2.15572	0.5	24.6327	-21.751	0	0.495829	-0.86842	0	None	None
ChainingRodShaped	17647	2.49696	0.5	51.88	-43.3048	0	0.985412	0.170185	0	None	None
ChainingRodShaped	16263	3.67958	0.5	-31.7683	45.3881	0	0.414078	-0.910241	0	None	None
ChainingRodShaped	11517	3.84865	0.5	10.3426	6.73868	0	0.979954	0.199226	0	None	None
ChainingRodShaped	9357	4.68695	0.5	-85.4389	65.7121	0	-0.971846	0.235619	0	None	None
ChainingRodShaped	14997	2.97427	0.5	-75.1051	36.0174	0	0.996387	0.0849303	0	None	None
ChainingRodShaped	20535	2.07336	0.5	-73.7856	34.4227	0	0.99448	0.104926	0	None	None
ChainingRodShaped	14909	4.29629	0.5	22.3158	71.2811	0	0.844647	0.535324	0	None	None
ChainingRodShaped	13063	4.02597	0.5	60.0567	93.3827	0	0.314731	-0.949181	0	None	None
ChainingRodShaped	16057	2.94473	0.5	97.0093	25.8212	0	0.87516	-0.483833	0	None	None
ChainingRodShaped	16465	2.82744	0.5	-60.6408	69.7911	0	0.378989	0.925401	0	None	None
ChainingRodShaped	13823	4.07465	0.5	52.6714	58.0082	0	-0.76768	-0.640833	0	None	None
ChainingRodShaped	9803	4.38454	0.5	99.42	2.56611	0	-0.799402	-0.600797	0	None	None
ChainingRodShaped	20667	2.05629	0.5	43.0878	-29.4731	0	-0.137356	-0.990522	0	None	None
ChainingRodShaped	18303	2.6846	0.5	-68.7902	80.952	0	-0.71608	0.698019	0	None	None
ChainingRodShaped	12593	4.21325	0.5	-36.9893	-15.9253	0	-0.438385	0.898787	0	None	None
ChainingRodShaped	19207	2.52774	0.5	1.77631	59.9588	0	-0.667704	-0.744427	0	None	None
ChainingRodShaped	13427	3.27262	0.5	47.0744	-53.2989	0	0.999583	-0.0288788	0	None	None
ChainingRodShaped	9757	4.30147	0.5	-40.7991	99.3939	0	0.981844	-0.189688	0	None	None
ChainingRodShaped	16925	3.42279	0.5	75.7788	94.4868	0	0.383341	-0.923607	0	None	None
ChainingRodShaped	16745	3.52443	0.5	66.4491	42.6868	0	-0.982697	-0.185219	0	None	None
ChainingRodShaped	10857	3.54096	0.5	15.1519	-23.1569	0	-0.999136	-0.0415674	0	None	None
ChainingRodShaped	20259	2.11949	0.5	70.0438	42.5699	0	-0.999915	-0.0130396	0	None	None
ChainingRodShaped	20371	2.09328	0.5	58.7091	-3.04543	0	-0.303659	-0.952781	0	None	None
ChainingRodShaped	18179	2.81405	0.5	-43.6871	7.75987	0	0.997904	-0.0647177	0	None	None
ChainingRodShaped	14705	3.74739	0.5	-69.0269	40.8101	0	0.990971	0.134074	0	None	None
ChainingRodShaped	12643	4.03294	0.5	-37.0689	93.7305	0	0.97221	-0.234111	0	None	None
ChainingRodShaped	18285	2.59435	0.5	-57.8762	83.2517	0	0.724115	0.68968	0	None	None
ChainingRodShaped	13305	4.86491	0.5	-62.7292	20.8339	0	-0.996448	0.0842048	0	None	None
ChainingRodShaped	17063	2.60421	0.5	-80.1241	-21.7272	0	-0.434032	-0.900898	0	None	None
ChainingRodShaped	15195	3.26706	0.5	-0.589902	80.367	0	0.583027	-0.812453	0	None	None
ChainingRodShaped	16781	2.89519	0.5	13.135	111.444	0	-0.0313722	-0.999508	0	None	None
ChainingRodShaped	10071	4.75058	0.5	-39.7116	115.085	0	0.810582	0.585625	0	None	None
ChainingRodShaped	20125	2.19149	0.5	21.9051	-71.4381	0	0.99939	0.0349133	0	None	None
ChainingRodShaped	5894	4.97823	0.5	48.0126	-21.3568	0	-0.38776	-0.921761	0	None	None
ChainingRodShaped	18619	2.52648	0.5	4.53692	25.3783	0	-0.139017	0.99029	0	None	None
ChainingRodShaped	11775	4.47594	0.5	35.2153	37.6916	0	0.579328	-0.815094	0	None	None
ChainingRodShaped	19411	2.28029	0.5	-85.4151	74.2235	0	-0.620863	0.783919	0	None	None
ChainingRodShaped	18153	2.63447	0.5	80.2804	-37.5928	0	0.799216	-0.601044	0	None	None
ChainingRodShaped	20699	2.03577	0.5	-72.8118	85.2019	0	0.948573	0.316559	0	None	None
ChainingRodShaped	15609	2.90937	0.5	81.566	55.4796	0	-0.724666	-0.6891	0	None	None
ChainingRodShaped	9387	4.37858	0.5	41.0403	90.2651	0	-0.491117	0.871093	0	None	None
ChainingRodShaped	18291	2.61343	0.5	103.907	50.2961	0	0.446199	0.894934	0	None	None
ChainingRodShaped	13029	4.76776	0.5	-37.1627	38.8494	0	-0.954941	-0.296795	0	None	None
ChainingRodShaped	9931	4.07612	0.5	-25.2895	43.9857	0	-0.985969	0.166928	0	None	None
ChainingRodShaped	18249	2.65462	0.5	-4.132	31.2104	0	-0.977778	-0.209642	0	None	None
ChainingRodShaped	14423	3.18778	0.5	50.7035	43.3005	0	-0.910958	-0.412499	0	None	None
ChainingRodShaped	9173	4.92399	0.5	3.93246	-74.7765	0	0.664215	-0.747541	0	None	None
ChainingRodShaped	12049	4.09834	0.5	11.0003	118.559	0	-0.944645	-0.328093	0	None	None
ChainingRodShaped	16159	3.73465	0.5	71.3184	35.8182	0	0.767244	-0.641355	0	None	None
ChainingRodShaped	16945	3.24149	0.5	-66.1886	-27.0702	0	0.744679	-0.667423	0	None	None
ChainingRodShaped	20009	2.30003	0.5	83.5431	96.8619	0	0.877212	-0.480104	0	None	None
ChainingRodShaped	14951	3.76836	0.5	11.0567	-24.5968	0	-0.997425	0.0717232	0	None	None
ChainingRodShaped	14755	3.26982	0.5	18.0037	118.448	0	-0.307333	0.951602	0	None	None
ChainingRodShaped	20537	2.11563	0.5	61.3932	110.3	0	-0.477556	-0.878601	0	None	None
ChainingRodShaped	9653	3.96806	0.5	-11.0003	63.4094	0	0.7997	-0.600399	0	None	None
ChainingRodShaped	5938	4.9901	0.5	11.878	30.077	0	-0.999156	-0.0410881	0	None	None
ChainingRodShaped	12717	3.86789	0.5	93.2214	28.0874	0	0.771357	-0.636403	0	None	None
ChainingRodShaped	18763	2.77393	0.5	-57.3203	-33.1238	0	0.745075	-0.666981	0	None	None
ChainingRodShaped	18641	2.37689	0.5	-0.296324	67.9194	0	0.907376	-0.420319	0	None	None
ChainingRodShaped	10523	4.58973	0.5	-54.1827	18.1972	0	0.988241	-0.152904	0	None	None
ChainingRodShaped	19037	2.26367	0.5	-31.5242	122.044	0	0.496094	-0.868269	0	None	None
ChainingRodShaped	19189	2.31105	0.5	38.681	3.31181	0	-0.462054	-0.886852	0	None	None
ChainingRodShaped	18767	2.67981	0.5	-56.0276	91.4151	0	0.47981	0.877373	0	None	None
ChainingRodShaped	16579	3.03511	0.5	50.6428	9.77479	0	-0.620065	-0.78455	0	None	None
ChainingRodShaped	13943	3.31857	0.5	93.2435	85.3462	0	0.904355	-0.426782	0	None	None
ChainingRodShaped	13973	3.4642	0.5	-49.462	67.2932	0	0.563941	0.825815	0	None	None
ChainingRodShaped	18251	2.87846	0.5	19.2294	-64.915	0	-0.954966	-0.296714	0	None	None
ChainingRodShaped	10209	3.88274	0.5	-45.9582	34.0341	0	-0.780474	-0.625189	0	None	None
ChainingRodShaped	13415	4.9462	0.5	106.583	68.2643	0	0.520469	-0.853881	0	None	None
ChainingRodShaped	16449	3.04374	0.5	-9.75472	-64.1561	0	0.177585	0.984105	0	None	None
ChainingRodShaped	17607	2.76797	0.5	4.12886	8.26968	0	0.979527	0.201313	0	None	None
ChainingRodShaped	17055	3.10767	0.5	13.5744	41.7797	0	-0.520343	0.853958	0	None	None
ChainingRodShaped	17345	3.08295	0.5	-1.79248	-2.29657	0	-0.542844	0.839833	0	None	None
ChainingRodShaped	9281	4.49199	0.5	-16.6328	-52.0955	0	-0.137903	-0.990446	0	None	None
ChainingRodShaped	9913	4.05254	0.5	-13.2409	7.86686	0	0.787594	-0.616195	0	None	None
ChainingRodShaped	5978	4.91886	0.5	-24.1483	15.5712	0	0.93311	-0.35959	0	None	None
ChainingRodShaped	17291	3.25223	0.5	-11.788	3.95768	0	0.936123	-0.351674	0	None	None
ChainingRodShaped	17349	3.27324	0.5	95.8648	22.4198	0	-0.878811	0.47717	0	None	None
ChainingRodShaped	17359	2.99026	0.5	71.3458	87.3603	0	0.0877998	0.996138	0	None	None
ChainingRodShaped	18173	2.92083	0.5	3.86228	4.23597	0	0.987929	0.154905	0	None	None
ChainingRodShaped	15775	3.65415	0.5	-8.37518	-16.1454	0	0.742791	-0.669523	0	None	None
ChainingRodShaped	18229	2.69064	0.5	-71.4689	11.3615	0	0.782784	-0.622293	0	None	None
ChainingRodShaped	15231	4.0152	0.5	53.9105	1.03292	0	-0.943005	-0.33278	0	None	None
ChainingRodShaped	14679	4.06344	0.5	-2.353	68.1162	0	0.867486	-0.497462	0	None	None
ChainingRodShaped	17069	2.51479	0.5	21.3486	-48.3114	0	0.649574	0.760299	0	None	None
ChainingRodShaped	12385	3.92671	0.5	50.2383	50.6299	0	0.960989	0.276586	0	None	None
ChainingRodShaped	11661	4.6354	0.5	35.9091	54.9483	0	0.470995	0.882136	0	None	None
ChainingRodShaped	13683	4.39631	0.5	-28.3124	-26.4521	0	-0.284389	0.958709	0	None	None
ChainingRodShaped	15069	3.75197	0.5	-18.2389	61.3319	0	0.825979	-0.563701	0	None	None
ChainingRodShaped	19967	2.16976	0.5	59.1997	16.951	0	-0.926074	0.377341	0	None	None
ChainingRodShaped	11145	3.89719	0.5	110.514	65.4742	0	-0.505406	0.862882	0	None	None
ChainingRodShaped	11263	4.76602	0.5	75.0489	72.0937	0	-0.139046	0.990286	0	None	None
ChainingRodShaped	16297	3.10277	0.5	-0.83939	11.6703	0	0.99732	0.0731611	0	None	None
ChainingRodShaped	10381	3.82015	0.5	82.3963	102.207	0	0.282552	-0.959252	0	None	None
ChainingRodShaped	15943	2.86397	0.5	-7.72786	132.934	0	0.831099	-0.556124	0	None	None
ChainingRodShaped	9939	4.87435	0.5	55.8168	-64.5421	0	-0.762731	-0.646716	0	None	None
ChainingRodShaped	17661	2.91848	0.5	80.8369	77.4679	0	0.495684	-0.868503	0	None	None
ChainingRodShaped	16757	2.63331	0.5	72.5045	3.12092	0	0.995052	0.0993593	0	None	None
ChainingRodShaped	13241	4.27693	0.5	28.1365	-28.905	0	-0.96081	-0.277208	0	None	None
ChainingRodShaped	10837	4.2804	0.5	-57.4331	27.4928	0	-0.781105	-0.6244	0	None	None
ChainingRodShaped	13723	4.09831	0.5	47.4769	72.8323	0	-0.191095	-0.981572	0	None	None
ChainingRodShaped	19299	2.51204	0.5	53.2648	85.5056	0	0.303103	-0.952958	0	None	None
ChainingRodShaped	17939	2.82016	0.5	-4.52314	-17.3527	0	0.419222	-0.907884	0	None	None
ChainingRodShaped	18793	2.49098	0.5	-56.9676	-28.2691	0	-0.62203	-0.782994	0	None	None
ChainingRodShaped	13785	3.18377	0.5	-55.1209	82.2792	0	0.730816	0.682575	0	None	None
ChainingRodShaped	17281	3.04796	0.5	-59.9193	7.26989	0	0.131653	-0.991296	0	None	None
ChainingRodShaped	19781	2.24058	0.5	66.2553	-62.7243	0	0.389776	0.92091	0	None	None
ChainingRodShaped	11297	3.65616	0.5	63.9327	35.0592	0	0.863572	-0.504226	0	None	None
ChainingRodShaped	14035	4.74812	0.5	88.4398	-40.8692	0	-0.758652	-0.651496	0	None	None
ChainingRodShaped	11199	4.36712	0.5	-48.9147	48.2527	0	0.395963	0.918267	0	None	None
ChainingRodShaped	13247	4.19714	0.5	18.2861	-75.4255	0	0.997439	0.0715247	0	None	None
ChainingRodShaped	13157	4.55023	0.5	66.437	35.5581	0	0.812106	-0.58351	0	None	None
ChainingRodShaped	10019	4.7963	0.5	36.6943	120.422	0	0.304943	-0.95237	0	None	None
ChainingRodShaped	20619	2.05955	0.5	88.8455	-27.3139	0	0.52692	-0.849915	0	None	None
ChainingRodShaped	10417	4.90714	0.5	-22.1525	-65.1583	0	-0.824587	0.565735	0	None	None
ChainingRodShaped	16629	3.12026	0.5	-50.1319	-39.1175	0	0.610364	0.792121	0	None	None
ChainingRodShaped	17517	3.03053	0.5	-46.5077	92.474	0	0.502515	0.864568	0	None	None
ChainingRodShaped	9397	3.97468	0.5	20.949	38.9835	0	0.48481	-0.87462	0	None	None
ChainingRodShaped	15843	3.40865	0.5	1.14998	-21.0028	0	-0.230121	0.973162	0	None	None
ChainingRodShaped	17975	2.74883	0.5	-45.4088	-8.6466	0	-0.723444	-0.690383	0	None	None
ChainingRodShaped	10757	3.94026	0.5	11.9091	88.4644	0	-0.944686	-0.327976	0	None	None
ChainingRodShaped	6070	4.93096	0.5	-56.1178	82.4925	0	0.723959	0.689843	0	None	None
ChainingRodShaped	16471	3.36635	0.5	95.7468	15.3906	0	0.267748	-0.963489	0	None	None
ChainingRodShaped	20581	2.06499	0.5	-57.6217	-34.0254	0	0.738399	-0.674365	0	None	None
ChainingRodShaped	10979	4.37709	0.5	-10.2058	-19.2637	0	0.580274	-0.814421	0	None	None
ChainingRodShaped	17285	2.53314	0.5	-71.0745	16.7089	0	0.68981	-0.72399	0	None	None
ChainingRodShaped	10887	4.51332	0.5	-1.37312	73.6536	0	0.868297	-0.496045	0	None	None
ChainingRodShaped	17653	3.20656	0.5	-13.0266	49.2683	0	0.614507	-0.788912	0	None	None
ChainingRodShaped	18719	2.45049	0.5	35.4539	11.9423	0	0.627008	0.779013	0	None	None
ChainingRodShaped	11769	4.53376	0.5	-41.0839	35.3031	0	-0.953292	-0.302049	0	None	None
ChainingRodShaped	17977	2.89352	0.5	-38.969	-2.45953	0	-0.933403	-0.358829	0	None	None
ChainingRodShaped	16665	3.01208	0.5	13.0463	81.5128	0	0.824288	0.56617	0	None	None
ChainingRodShaped	11905	4.83806	0.5	113.147	13.6576	0	0.619848	-0.784722	0	None	None
ChainingRodShaped	19405	2.49755	0.5	-5.78834	-21.4933	0	0.530344	-0.847783	0	None	None
ChainingRodShaped	9683	4.92232	0.5	-11.1694	-42.7077	0	-0.996251	-0.0865116	0	None	None
ChainingRodShaped	15605	3.87576	0.5	50.8219	-39.2172	0	-0.714961	-0.699164	0	None	None
ChainingRodShaped	20073	2.20002	0.5	58.4756	26.5793	0	0.882603	-0.47012	0	None	None
ChainingRodShaped	10031	4.38055	0.5	16.2694	126.128	0	0.734002	0.679147	0	None	None
ChainingRodShaped	19947	2.22856	0.5	-89.8984	3.66836	0	0.969142	-0.246503	0	None	None
ChainingRodShaped	13647	3.02602	0.5	-42.9614	-45.0063	0	0.278051	-0.960566	0	None	None
ChainingRodShaped	15665	3.18092	0.5	66.5516	76.63	0	0.0494384	0.998777	0	None	None
ChainingRodShaped	10189	4.75077	0.5	-52.9532	30.2527	0	-0.784084	-0.620655	0	None	None
ChainingRodShaped	11339	3.87658	0.5	-5.51878	129.08	0	-0.0394503	-0.999222	0	None	None
ChainingRodShaped	13565	4.08322	0.5	23.7295	107.264	0	0.310663	-0.95052	0	None	None
ChainingRodShaped	11201	3.57408	0.5	68.8725	-14.3412	0	0.150601	-0.988595	0	None	None
ChainingRodShaped	10057	3.79783	0.5	-40.0946	18.4844	0	-0.862118	-0.506707	0	None	None
ChainingRodShaped	6120	4.91233	0.5	42.5588	41.7471	0	0.896609	0.442824	0	None	None
ChainingRodShaped	11713	4.66037	0.5	49.5407	-6.6212	0	-0.54403	-0.839066	0	None	None
ChainingRodShaped	18487	2.52275	0.5	40.5849	19.2907	0	0.979222	0.202792	0	None	None
ChainingRodShaped	12797	4.60978	0.5	14.7403	13.1672	0	0.986072	0.16632	0	None	None
ChainingRodShaped	16153	3.58596	0.5	-18.4803	69.4684	0	0.824324	-0.566118	0	None	None
ChainingRodShaped	10585	3.7166	0.5	68.7506	86.826	0	0.117478	0.993076	0	None	None
ChainingRodShaped	18903	2.46862	0.5	-54.7438	89.2868	0	0.427399	0.904063	0	None	None
ChainingRodShaped	14005	3.11675	0.5	38.5009	44.4549	0	0.559458	-0.828858	0	None	None
ChainingRodShaped	16399	2.57645	0.5	-2.90177	-53.9315	0	0.68053	-0.73272	0	None	None
ChainingRodShaped	20345	2.1239	0.5	49.3941	18.8347	0	0.165445	-0.986219	0	None	None
ChainingRodShaped	19593	2.26965	0.5	61.1758	56.8985	0	0.98003	0.198848	0	None	None
ChainingRodShaped	20007	2.31569	0.5	93.261	-16.629	0	-0.9603	-0.27897	0	None	None
ChainingRodShaped	16537	3.61534	0.5	-34.7097	-3.4154	0	0.222797	0.974865	0	None	None
ChainingRodShaped	20553	2.08293	0.5	-0.0694176	43.6976	0	0.683192	-0.730239	0	None	None
ChainingRodShaped	15687	3.47787	0.5	74.4078	58.3759	0	0.896264	0.443521	0	None	None
ChainingRodShaped	17903	2.71044	0.5	-27.3028	88.4415	0	-0.824944	0.565214	0	None	None
ChainingRodShaped	15331	4.00065	0.5	39.4161	57.1743	0	-0.41626	-0.909246	0	None	None
ChainingRodShaped	17539	3.17297	0.5	-56.676	-21.5312	0	-0.63686	-0.770979	0	None	None
ChainingRodShaped	16755	2.68941	0.5	-13.9565	37.8815	0	-0.943347	0.331808	0	None	None
ChainingRodShaped	10185	4.87874	0.5	-29.2624	41.5169	0	-0.835198	-0.549949	0	None	None
ChainingRodShaped	10313	4.43584	0.5	-57.9287	-2.50274	0	0.830361	-0.557226	0	None	None
ChainingRodShaped	9649	4.12081	0.5	-22.016	-62.1344	0	-0.580302	0.814401	0	None	None
ChainingRodShaped	15173	3.82106	0.5	20.6705	9.79582	0	0.228438	-0.973559	0	None	None
ChainingRodShaped	11463	4.255	0.5	27.2699	51.6544	0	0.857379	0.514685	0	None	None
ChainingRodShaped	19531	2.21229	0.5	2.23535	-53.1569	0	-0.708864	0.705345	0	None	None
ChainingRodShaped	15801	2.67338	0.5	-59.9765	14.8384	0	0.933947	-0.357412	0	None	None
ChainingRodShaped	17327	3.15734	0.5	101.83	63.2202	0	0.576683	-0.816968	0	None	None
ChainingRodShaped	10387	3.76452	0.5	80.3129	76.6748	0	0.492303	-0.870424	0	None	None
ChainingRodShaped	11447	4.12828	0.5	70.6901	62.3629	0	-0.61975	0.784799	0	None	None
ChainingRodShaped	10035	3.96125	0.5	-17.4782	-46.7444	0	-0.169877	-0.985465	0	None	None
ChainingRodShaped	13417	3.11345	0.5	15.1592	81.1955	0	0.812905	0.582396	0	None	None
ChainingRodShaped	19929	2.23495	0.5	50.5224	-55.0969	0	0.999958	-0.0091549	0	None	None
ChainingRodShaped	11229	4.41184	0.5	-16.8222	82.6616	0	0.469851	-0.882746	0	None	None
ChainingRodShaped	10389	3.94444	0.5	24.6479	74.5628	0	-0.405664	0.914022	0	None	None
ChainingRodShaped	11299	3.68333	0.5	62.4522	76.2238	0	-0.0260856	-0.99966	0	None	None
ChainingRodShaped	19427	2.20167	0.5	37.1732	21.7422	0	0.999159	0.0410128	0	None	None
ChainingRodShaped	11373	4.7235	0.5	85.2192	30.8583	0	0.713125	0.701037	0	None	None
ChainingRodShaped	17201	2.93377	0.5	10.4479	-69.1261	0	0.971805	-0.235786	0	None	None
ChainingRodShaped	18955	2.31147	0.5	-96.7544	39.6544	0	0.500019	0.866014	0	None	None
ChainingRodShaped	14819	4.07776	0.5	-57.853	7.22477	0	0.161431	-0.986884	0	None	None
ChainingRodShaped	15837	2.67955	0.5	114.114	2.50709	0	0.519595	0.854413	0	None	None
ChainingRodShaped	12209	4.57313	0.5	-12.1673	109.388	0	-0.631744	-0.775177	0	None	None
ChainingRodShaped	17585	2.50461	0.5	9.52121	-25.7233	0	-0.995739	0.0922205	0	None	None
ChainingRodShaped	14589	3.52741	0.5	42.2298	74.2617	0	0.897209	0.441606	0	None	None
ChainingRodShaped	19027	2.50283	0.5	3.04144	68.8318	0	0.903306	-0.428997	0	None	None
ChainingRodShaped	17845	2.58114	0.5	24.2413	57.3541	0	0.752064	0.65909	0	None	None
ChainingRodShaped	18475	2.89587	0.5	102.609	-21.9586	0	-0.778439	-0.62772	0	None	None
ChainingRodShaped	18149	2.38941	0.5	0.256767	-72.5239	0	-0.426177	0.90464	0	None	None
ChainingRodShaped	13997	2.96003	0.5	68.0632	-14.0242	0	0.154274	-0.988028	0	None	None
ChainingRodShaped	12007	4.03446	0.5	-52.5101	20.8653	0	0.981417	-0.191888	0	None	None
ChainingRodShaped	19157	2.54226	0.5	69.1256	78.4167	0	0.0548266	0.998496	0	None	None
ChainingRodShaped	11179	4.08517	0.5	16.3866	71.6395	0	0.840363	-0.542025	0	None	None
ChainingRodShaped	18333	2.76712	0.5	31.4091	-51.4357	0	0.873845	-0.486205	0	None	None
ChainingRodShaped	16643	3.47752	0.5	-1.35372	95.9225	0	-0.7013	-0.712866	0	None	None
ChainingRodShaped	14205	3.19171	0.5	-10.0459	105.797	0	0.76252	0.646964	0	None	None
ChainingRodShaped	14087	3.60766	0.5	51.2814	-41.8243	0	0.9854	0.170257	0	None	None
ChainingRodShaped	18331	2.91814	0.5	-58.5532	7.35664	0	0.151623	-0.988438	0	None	None
ChainingRodShaped	14517	3.60341	0.5	25.1386	27.3723	0	0.015048	0.999887	0	None	None
ChainingRodShaped	16599	2.63983	0.5	3.61676	112.595	0	0.46535	0.885127	0	None	None
ChainingRodShaped	19065	2.57113	0.5	14.2446	-8.33799	0	-0.115867	-0.993265	0	None	None
ChainingRodShaped	20575	2.04571	0.5	61.1268	50.7412	0	0.979172	0.203032	0	None	None
ChainingRodShaped	11501	4.30472	0.5	49.0066	64.4999	0	0.156407	-0.987693	0	None	None
ChainingRodShaped	17565	2.86435	0.5	67.9441	119.002	0	0.894309	0.44745	0	None	None
ChainingRodShaped	20577	2.11107	0.5	-16.4468	-11.1031	0	-0.780043	-0.625726	0	None	None
ChainingRodShaped	13089	4.13158	0.5	36.1157	18.6793	0	0.960139	0.279525	0	None	None
ChainingRodShaped	17095	3.118	0.5	31.5256	23.9258	0	0.0267715	-0.999642	0	None	None
ChainingRodShaped	17835	2.47789	0.5	49.2628	5.48975	0	-0.613998	-0.789308	0	None	None
ChainingRodShaped	6254	4.97896	0.5	-25.0317	127.062	0	0.908844	0.417135	0	None	None
ChainingRodShaped	15211	3.13092	0.5	-15.1865	124.469	0	0.999995	0.00309353	0	None	None
ChainingRodShaped	20761	2.04497	0.5	35.6766	111.734	0	-0.736935	-0.675964	0	None	None
ChainingRodShaped	13049	4.90727	0.5	37.2179	111.929	0	-0.730162	-0.683274	0	None	None
ChainingRodShaped	13047	4.35783	0.5	19.0264	32.1593	0	0.124517	0.992218	0	None	None
ChainingRodShaped	12197	3.29399	0.5	-13.3252	68.7212	0	-0.832038	0.554719	0	None	None
ChainingRodShaped	12027	4.94234	0.5	39.8748	60.6268	0	-0.267177	-0.963647	0	None	None
ChainingRodShaped	11853	4.95399	0.5	30.097	117.736	0	0.826371	0.563125	0	None	None
ChainingRodShaped	17859	2.81446	0.5	-15.3325	111.646	0	-0.382391	-0.924001	0	None	None
ChainingRodShaped	15115	3.39188	0.5	-6.48935	-71.4051	0	-0.592467	0.805595	0	None	None
ChainingRodShaped	12945	4.77048	0.5	88.8942	-20.3276	0	-0.256515	-0.96654	0	None	None
ChainingRodShaped	11357	4.48652	0.5	29.0087	-27.1626	0	-0.955056	-0.296427	0	None	None
ChainingRodShaped	6278	4.82064	0.5	90.7361	-2.36464	0	-0.555967	-0.831204	0	None	None
ChainingRodShaped	20541	2.06377	0.5	28.3312	-26.7395	0	-0.952042	-0.305967	0	None	None
ChainingRodShaped	17941	2.84678	0.5	54.4055	-36.387	0	0.478505	0.878085	0	None	None
ChainingRodShaped	13249	4.09637	0.5	67.5855	-17.2222	0	0.12428	-0.992247	0	None	None
ChainingRodShaped	11303	3.51506	0.5	52.6976	120.302	0	0.94361	0.331059	0	None	None
ChainingRodShaped	14733	4.18316	0.5	62.7304	-16.1205	0	0.478121	0.878294	0	None	None
ChainingRodShaped	12789	3.62841	0.5	-77.9444	40.0497	0	0.99657	0.0827587	0	None	None
ChainingRodShaped	18919	2.57475	0.5	109.595	15.0451	0	-0.611226	0.791456	0	None	None
ChainingRodShaped	13155	3.58631	0.5	-11.923	-28.0881	0	0.825884	-0.56384	0	None	None
ChainingRodShaped	11047	4.00779	0.5	-86.6602	-6.92895	0	-0.953416	-0.301658	0	None	None
ChainingRodShaped	6298	4.9697	0.5	21.0995	42.073	0	0.483031	-0.875603	0	None	None
ChainingRodShaped	14957	2.98977	0.5	34.274	-52.0015	0	0.873029	-0.487668	0	None	None
ChainingRodShaped	14545	3.95079	0.5	41.0947	8.80276	0	-0.579639	-0.814873	0	None	None
ChainingRodShaped	18833	2.44357	0.5	-10.5386	118.068	0	-0.125267	-0.992123	0	None	None
ChainingRodShaped	18037	2.97955	0.5	-55.306	-39.851	0	-0.641624	-0.767019	0	None	None
ChainingRodShaped	16863	2.70357	0.5	81.3228	-0.881947	0	-0.999478	-0.0322961	0	None	None
ChainingRodShaped	19311	2.41645	0.5	76.2908	-55.3697	0	0.986849	-0.161643	0	None	None
ChainingRodShaped	14049	2.96781	0.5	75.8499	63.8687	0	0.155639	-0.987814	0	None	None
ChainingRodShaped	16435	3.39326	0.5	-54.0079	25.4896	0	-0.761554	-0.648101	0	None	None
ChainingRodShaped	11705	3.8499	0.5	32.6154	13.9016	0	-0.763722	-0.645545	0	None	None
ChainingRodShaped	12367	3.45639	0.5	89.3334	76.3329	0	0.994391	-0.105762	0	None	None
ChainingRodShaped	18569	2.85035	0.5	-13.8389	-23.7414	0	-0.551938	0.833885	0	None	None
ChainingRodShaped	14925	2.94897	0.5	51.4259	116.969	0	0.972698	0.232076	0	None	None
ChainingRodShaped	11319	4.90066	0.5	31.2433	-42.3235	0	0.903334	-0.428938	0	None	None
ChainingRodShaped	18071	2.58742	0.5	-21.6959	-7.42763	0	-0.738927	-0.673785	0	None	None
ChainingRodShaped	10899	3.53168	0.5	82.1956	80.3105	0	0.521593	-0.853195	0	None	None
ChainingRodShaped	11177	3.69634	0.5	86.5573	-28.9277	0	0.53537	-0.844617	0	None	None
ChainingRodShaped	15213	3.15494	0.5	-0.304701	-64.277	0	0.163016	-0.986623	0	None	None
ChainingRodShaped	18145	2.36477	0.5	11.3623	84.5757	0	0.852505	0.522718	0	None	None
ChainingRodShaped	16081	3.70905	0.5	46.7036	12.4081	0	-0.629688	-0.776849	0	None	None
ChainingRodShaped	16989	2.51189	0.5	-21.7026	117.272	0	0.986897	0.16135	0	None	None
ChainingRodShaped	17513	2.81812	0.5	-18.0169	103.079	0	0.186938	-0.982372	0	None	None
ChainingRodShaped	12019	4.5552	0.5	-78.1238	-7.64033	0	-0.931017	-0.364976	0	None	None
ChainingRodShaped	19033	2.35369	0.5	62.3001	103.835	0	-0.216313	-0.976324	0	None	None
ChainingRodShaped	17253	2.96296	0.5	38.4195	43.4332	0	0.551415	-0.834231	0	None	None
ChainingRodShaped	6348	4.75726	0.5	-45.3883	52.1206	0	-0.155552	0.987828	0	None	None
ChainingRodShaped	12621	4.92807	0.5	58.0578	23.4235	0	-0.892755	0.450542	0	None	None
ChainingRodShaped	18163	2.81221	0.5	49.0931	12.9184	0	-0.695425	-0.718599	0	None	None
ChainingRodShaped	16617	3.271	0.5	62.7898	-11.9011	0	0.000166299	1	0	None	None
ChainingRodShaped	18683	2.41768	0.5	11.9076	-61.4659	0	-0.982648	0.185481	0	None	None
ChainingRodShaped	13563	4.48991	0.5	-22.9856	-42.2799	0	0.440362	0.89782	0	None	None
ChainingRodShaped	9967	4.52447	0.5	5.63939	-53.023	0	-0.743514	0.66872	0	None	None
ChainingRodShaped	20025	2.25311	0.5	-87.088	13.3892	0	-0.599456	0.800407	0	None	None
ChainingRodShaped	16845	2.95199	0.5	-20.9904	43.2443	0	-0.985238	0.171192	0	None	None
ChainingRodShaped	10049	4.44651	0.5	11.9967	-66.7177	0	0.976752	-0.214373	0	None	None
ChainingRodShaped	20671	2.07087	0.5	-36.3639	-34.4943	0	-0.217767	-0.976001	0	None	None
ChainingRodShaped	11027	4.26781	0.5	95.6911	-25.2876	0	0.99791	-0.0646205	0	None	None
ChainingRodShaped	17077	3.23646	0.5	26.3378	107.458	0	-0.199803	-0.979836	0	None	None
ChainingRodShaped	17849	2.48696	0.5	-57.6846	68.3184	0	0.349954	0.936767	0	None	None
ChainingRodShaped	12301	4.80009	0.5	52.7486	64.0179	0	0.36329	-0.931676	0	None	None
ChainingRodShaped	11141	4.21968	0.5	-28.0366	125.422	0	0.471522	-0.881854	0	None	None
ChainingRodShaped	18871	2.28591	0.5	-2.42682	56.3879	0	0.946419	-0.322941	0	None	None
ChainingRodShaped	19931	2.17419	0.5	54.1871	73.2385	0	-0.725949	-0.687749	0	None	None
ChainingRodShaped	11067	4.35922	0.5	22.49	13.8291	0	0.395045	-0.918662	0	None	None
ChainingRodShaped	14515	3.23656	0.5	-33.1757	87.2359	0	0.986564	-0.163374	0	None	None
ChainingRodShaped	14803	3.09415	0.5	-15.3283	25.6858	0	0.879822	-0.475304	0	None	None
ChainingRodShaped	20313	2.18906	0.5	57.5987	34.1986	0	0.969655	-0.244479	0	None	None
ChainingRodShaped	15121	3.84848	0.5	-86.3239	41.4911	0	-0.548034	-0.836456	0	None	None
ChainingRodShaped	13717	2.96035	0.5	65.7304	76.6117	0	0.0532354	0.998582	0	None	None
ChainingRodShaped	11273	4.50575	0.5	7.28308	65.3461	0	-0.827071	-0.562098	0	None	None
ChainingRodShaped	18531	2.53772	0.5	25.415	-60.5792	0	0.244232	-0.969717	0	None	None
ChainingRodShaped	14435	2.96203	0.5	86.1237	12.9122	0	0.850595	-0.525821	0	None	None
ChainingRodShaped	12155	3.39108	0.5	6.62161	-1.20348	0	0.113122	-0.993581	0	None	None
ChainingRodShaped	15537	3.47236	0.5	31.5253	-3.89806	0	-0.830693	-0.556731	0	None	None
ChainingRodShaped	10847	3.64533	0.5	87.7511	-38.1422	0	0.948849	0.315731	0	None	None
ChainingRodShaped	19537	2.22263	0.5	97.009	86.4845	0	0.918251	-0.395999	0	None	None
ChainingRodShaped	6410	4.99437	0.5	-84.1118	26.28	0	-0.244083	0.969754	0	None	None
ChainingRodShaped	6412	4.92889	0.5	-13.1996	105.891	0	0.742618	0.669716	0	None	None
ChainingRodShaped	13913	4.70619	0.5	-59.2944	44.2079	0	0.948882	0.315631	0	None	None
ChainingRodShaped	13887	4.5016	0.5	100.646	83.8982	0	-0.810666	0.585509	0	None	None
ChainingRodShaped	6418	4.86162	0.5	3.73188	31.4545	0	-0.981806	-0.189887	0	None	None
ChainingRodShaped	12025	4.78861	0.5	21.2551	15.2275	0	0.404263	-0.914643	0	None	None
ChainingRodShaped	19969	2.28403	0.5	22.6535	125.547	0	0.699464	-0.714668	0	None	None
ChainingRodShaped	6424	4.79937	0.5	0.968819	118.587	0	0.673799	0.738915	0	None	None
ChainingRodShaped	6426	4.92035	0.5	50.6144	41.8896	0	-0.902534	-0.430619	0	None	None
ChainingRodShaped	19647	2.18259	0.5	-27.2225	72.9746	0	-0.37347	-0.927642	0	None	None
ChainingRodShaped	15971	2.85896	0.5	37.7974	-33.1859	0	-0.947072	-0.321021	0	None	None
ChainingRodShaped	10811	4.8017	0.5	106.334	19.9485	0	0.154499	-0.987993	0	None	None
ChainingRodShaped	12277	4.89231	0.5	-29.3547	31.9398	0	0.93135	0.364126	0	None	None
ChainingRodShaped	6436	4.91273	0.5	5.22041	-46.1688	0	-0.511774	0.85912	0	None	None
ChainingRodShaped	11605	4.90118	0.5	76.0891	84.7618	0	0.558881	-0.829248	0	None	None
ChainingRodShaped	20163	2.09704	0.5	74.1683	-57.8529	0	0.779675	-0.626184	0	None	None
ChainingRodShaped	11599	4.05873	0.5	-31.4779	-27.4747	0	-0.282263	0.959337	0	None	None
ChainingRodShaped	16661	3.05387	0.5	8.90662	-26.3678	0	-0.994777	0.102071	0	None	None
ChainingRodShaped	11477	3.6734	0.5	-21.4161	-13.6413	0	0.735758	0.677245	0	None	None
ChainingRodShaped	15969	3.81792	0.5	-74.2509	16.1517	0	0.170324	-0.985388	0	None	None
ChainingRodShaped	10221	4.84143	0.5	50.3873	118.606	0	0.969187	0.246327	0	None	None
ChainingRodShaped	10403	4.12538	0.5	-40.9892	-30.0144	0	0.090017	-0.99594	0	None	None
ChainingRodShaped	20635	2.05488	0.5	48.5698	86.6743	0	0.0495915	0.99877	0	None	None
ChainingRodShaped	15997	3.55542	0.5	-20.0892	8.96621	0	-0.0983958	-0.995147	0	None	None
ChainingRodShaped	10359	4.31065	0.5	-11.4395	71.6695	0	-0.810891	0.585197	0	None	None
ChainingRodShaped	17171	3.14313	0.5	30.1145	47.4297	0	-0.195475	-0.980709	0	None	None
ChainingRodShaped	15571	3.12504	0.5	49.3562	26.5352	0	0.997304	0.0733819	0	None	None
ChainingRodShaped	16463	3.1017	0.5	-8.25844	91.3844	0	-0.806296	-0.591512	0	None	None
ChainingRodShaped	17081	2.85455	0.5	87.4745	70.3337	0	0.989122	0.147097	0	None	None
ChainingRodShaped	17761	3.00537	0.5	-58.1916	0.270623	0	0.18429	-0.982872	0	None	None
ChainingRodShaped	18123	3.03014	0.5	11.0774	90.8684	0	-0.559495	-0.828833	0	None	None
ChainingRodShaped	16867	2.63818	0.5	64.0504	107.163	0	-0.249329	-0.968419	0	None	None
ChainingRodShaped	17889	2.63494	0.5	54.6937	107.979	0	0.652447	0.757834	0	None	None
ChainingRodShaped	19741	2.25622	0.5	12.4087	-3.8404	0	0.15875	-0.987319	0	None	None
ChainingRodShaped	14653	3.50443	0.5	-13.2679	75.8784	0	0.659896	-0.751357	0	None	None
ChainingRodShaped	18817	2.53399	0.5	-15.2196	106.516	0	-0.02947	-0.999566	0	None	None
ChainingRodShaped	6482	4.71704	0.5	35.2788	101.112	0	0.281288	0.959623	0	None	None
ChainingRodShaped	19111	2.40226	0.5	-51.7689	-28.6859	0	0.636127	0.771584	0	None	None
ChainingRodShaped	16669	3.39438	0.5	97.6963	24.4227	0	0.878714	-0.477349	0	None	None
ChainingRodShaped	15601	3.08057	0.5	-58.8042	15.2153	0	0.930371	-0.366619	0	None	None
ChainingRodShaped	17105	2.9266	0.5	-32.3294	26.9796	0	0.931927	0.362647	0	None	None
ChainingRodShaped	20119	2.27191	0.5	38.8953	46.7966	0	-0.380656	-0.924717	0	None	None
ChainingRodShaped	20193	2.16332	0.5	38.1225	90.1883	0	0.934427	0.356154	0	None	None
ChainingRodShaped	11367	4.89928	0.5	108.605	66.7768	0	-0.514009	0.857785	0	None	None
ChainingRodShaped	12563	3.34994	0.5	-92.7961	21.0433	0	-0.592248	0.805756	0	None	None
ChainingRodShaped	10797	4.95497	0.5	4.55891	51.7714	0	0.997327	0.0730653	0	None	None
ChainingRodShaped	6502	4.88419	0.5	13.0514	126.387	0	0.887502	0.460804	0	None	None
ChainingRodShaped	11375	3.91653	0.5	6.15297	115.764	0	0.455298	0.890339	0	None	None
ChainingRodShaped	10245	4.59854	0.5	0.513449	90.0842	0	-0.716747	-0.697333	0	None	None
ChainingRodShaped	12819	4.64753	0.5	19.4671	-18.7506	0	-0.999331	-0.0365658	0	None	None
ChainingRodShaped	16387	2.60922	0.5	21.1031	17.844	0	0.239357	-0.970932	0	None	None
ChainingRodShaped	10781	4.37156	0.5	52.52	26.9143	0	0.948698	-0.316184	0	None	None
ChainingRodShaped	19809	2.35633	0.5	-34.879	-7.14484	0	-0.232675	-0.972555	0	None	None
ChainingRodShaped	18017	3.05881	0.5	95.7722	4.57497	0	0.894615	-0.446838	0	None	None
ChainingRodShaped	13575	3.4502	0.5	28.2423	-57.7361	0	0.242113	-0.970248	0	None	None
ChainingRodShaped	13663	4.43281	0.5	-84.0137	0.463724	0	0.981803	-0.189903	0	None	None
ChainingRodShaped	11171	4.40348	0.5	30.7763	64.1999	0	0.672879	0.739752	0	None	None
ChainingRodShaped	13343	3.95458	0.5	74.4886	90.9967	0	0.486312	-0.873785	0	None	None
ChainingRodShaped	12885	4.95668	0.5	-40.6218	-49.2232	0	0.686435	-0.727191	0	None	None
ChainingRodShaped	14959	3.70198	0.5	-26.4886	5.97706	0	-0.00479098	0.999989	0	None	None
ChainingRodShaped	11891	3.37147	0.5	90.7045	48.7646	0	-0.728987	-0.684528	0	None	None
ChainingRodShaped	17315	2.68678	0.5	72.6406	21.9708	0	0.828308	-0.560274	0	None	None
ChainingRodShaped	13119	4.72242	0.5	-14.8228	-17.3637	0	0.883591	0.46826	0	None	None
ChainingRodShaped	12395	4.45327	0.5	27.0922	81.6567	0	0.998056	0.0623211	0	None	None
ChainingRodShaped	20627	2.04605	0.5	-29.8266	-5.09414	0	0.221708	0.975113	0	None	None
ChainingRodShaped	20571	2.10098	0.5	-36.7724	-60.5772	0	-0.925435	-0.378907	0	None	None
ChainingRodShaped	13391	3.34638	0.5	-32.252	28.6535	0	0.927773	0.373146	0	None	None
ChainingRodShaped	18269	2.60866	0.5	2.60706	105.479	0	0.980902	0.194504	0	None	None
ChainingRodShaped	10645	4.92173	0.5	-3.83527	67.2727	0	0.857718	-0.514121	0	None	None
ChainingRodShaped	11239	4.48869	0.5	30.0792	84.6295	0	0.997786	0.0665127	0	None	None
ChainingRodShaped	19485	2.17944	0.5	108.056	8.22716	0	-0.0897487	0.995964	0	None	None
ChainingRodShaped	19951	2.21951	0.5	5.07123	127.908	0	0.335347	-0.942095	0	None	None
ChainingRodShaped	6554	4.71694	0.5	-53.2426	63.8826	0	-0.521686	-0.853137	0	None	None
ChainingRodShaped	19145	2.43375	0.5	56.8544	70.9159	0	-0.687437	-0.726244	0	None	None
ChainingRodShaped	10889	4.45427	0.5	-31.2603	-32.4246	0	0.0794482	-0.996839	0	None	None
ChainingRodShaped	18593	2.82369	0.5	74.9618	64.7788	0	-0.0553203	0.998469	0	None	None
ChainingRodShaped	20845	2.02477	0.5	-46.5478	96.9397	0	0.569939	0.821687	0	None	None
ChainingRodShaped	16477	3.63388	0.5	104.805	15.4664	0	0.352901	-0.935661	0	None	None
ChainingRodShaped	6566	4.89946	0.5	20.8435	-55.7999	0	-0.178334	0.98397	0	None	None
ChainingRodShaped	19331	2.45058	0.5	-47.1096	-48.244	0	0.879926	0.475112	0	None	None
ChainingRodShaped	11163	3.45581	0.5	72.2513	46.4524	0	-0.999989	0.00472852	0	None	None
ChainingRodShaped	11515	3.77777	0.5	-11.6434	-0.152419	0	0.98963	0.143637	0	None	None
ChainingRodShaped	20591	2.10607	0.5	85.4842	-39.7498	0	0.9887	0.149907	0	None	None
ChainingRodShaped	16207	3.05927	0.5	-22.8432	-43.8049	0	0.431336	0.902192	0	None	None
ChainingRodShaped	14835	2.92099	0.5	-19.9659	96.2715	0	0.292262	-0.956338	0	None	None
ChainingRodShaped	12561	4.82821	0.5	-13.2186	-0.899033	0	0.987781	0.155847	0	None	None
ChainingRodShaped	10441	4.92412	0.5	-56.8861	91.4619	0	0.470867	0.882204	0	None	None
ChainingRodShaped	10555	4.67547	0.5	-40.7808	34.7132	0	-0.950274	-0.311416	0	None	None
ChainingRodShaped	17831	2.50504	0.5	6.68194	-28.4747	0	-0.99449	0.104831	0	None	None
ChainingRodShaped	14753	4.10593	0.5	-31.2272	-1.93254	0	0.082281	-0.996609	0	None	None
ChainingRodShaped	17173	2.97771	0.5	-19.0492	78.2573	0	-0.829133	0.559051	0	None	None
ChainingRodShaped	10825	3.68393	0.5	53.6851	97.5818	0	0.118799	-0.992918	0	None	None
ChainingRodShaped	11087	4.70203	0.5	-4.78428	-5.83234	0	-0.54206	0.84034	0	None	None
ChainingRodShaped	17843	3.10091	0.5	-53.9157	39.7638	0	0.884206	0.467097	0	None	None
ChainingRodShaped	6598	4.6922	0.5	1.6581	-41.9525	0	-0.624123	0.781326	0	None	None
ChainingRodShaped	19423	2.39119	0.5	108.848	11.376	0	0.621929	-0.783074	0	None	None
ChainingRodShaped	11935	4.38955	0.5	85.8505	-7.53298	0	-0.408093	-0.912941	0	None	None
ChainingRodShaped	16813	3.53305	0.5	-42.8104	122.916	0	0.00990566	0.999951	0	None	None
ChainingRodShaped	12297	3.66585	0.5	56.3399	-28.007	0	0.421378	0.906885	0	None	None
ChainingRodShaped	20633	2.04589	0.5	-67.7815	35.9135	0	0.990168	0.139884	0	None	None
ChainingRodShaped	6610	4.65546	0.5	-90.2188	22.292	0	-0.581528	0.813527	0	None	None
ChainingRodShaped	13733	2.96583	0.5	-3.07865	59.3759	0	0.962376	-0.27172	0	None	None
ChainingRodShaped	17773	2.68069	0.5	70.6687	-41.096	0	0.23135	-0.972871	0	None	None
ChainingRodShaped	15877	2.84739	0.5	111.593	44.557	0	-0.962361	-0.271775	0	None	None
ChainingRodShaped	11097	3.81026	0.5	41.7065	102.055	0	0.792458	0.609926	0	None	None
ChainingRodShaped	20713	2.0597	0.5	-91.4248	35.3891	0	-0.0059021	-0.999983	0	None	None
ChainingRodShaped	14489	4.36143	0.5	-81.0778	46.5439	0	-0.957204	0.289415	0	None	None
ChainingRodShaped	16899	3.47669	0.5	52.8503	113.633	0	0.983138	0.182866	0	None	None
ChainingRodShaped	18713	2.40847	0.5	-19.1474	96.3001	0	0.297071	-0.954855	0	None	None
ChainingRodShaped	17841	2.38701	0.5	-10.8164	-60.0884	0	0.147182	0.989109	0	None	None
ChainingRodShaped	11237	4.44007	0.5	-32.7843	85.8724	0	0.989631	-0.143634	0	None	None
ChainingRodShaped	15783	3.94534	0.5	-8.68544	49.8603	0	0.982724	-0.185079	0	None	None
ChainingRodShaped	10951	4.23252	0.5	14.8598	-22.5538	0	-0.998654	-0.0518619	0	None	None
ChainingRodShaped	19489	2.43764	0.5	-3.93031	64.4059	0	-0.976335	0.216262	0	None	None
ChainingRodShaped	12303	4.95797	0.5	67.1544	49.9207	0	0.968637	0.248478	0	None	None
ChainingRodShaped	15159	3.96179	0.5	-27.0746	-25.08	0	-0.287238	0.957859	0	None	None
ChainingRodShaped	12877	4.18756	0.5	81.427	-0.0724723	0	-0.999107	-0.0422601	0	None	None
ChainingRodShaped	15263	3.70152	0.5	24.4728	-4.21649	0	-0.944813	-0.327611	0	None	None
ChainingRodShaped	11595	3.48362	0.5	18.1838	-30.0605	0	-0.56577	0.824563	0	None	None
ChainingRodShaped	12097	3.62192	0.5	-80.6173	76.5434	0	0.637542	0.770416	0	None	None
ChainingRodShaped	10749	4.28834	0.5	-8.53427	13.1963	0	-0.487211	-0.873284	0	None	None
ChainingRodShaped	11223	4.48434	0.5	-89.201	54.3298	0	0.962268	0.272102	0	None	None
ChainingRodShaped	10863	3.80971	0.5	-6.65766	119.355	0	-0.0885223	-0.996074	0	None	None
ChainingRodShaped	19945	2.26477	0.5	95.2886	82.2498	0	0.884367	-0.466792	0	None	None
ChainingRodShaped	20099	2.29097	0.5	77.3137	-48.2339	0	0.124747	0.992189	0	None	None
ChainingRodShaped	18135	2.41625	0.5	105.631	18.8179	0	0.164388	-0.986396	0	None	None
ChainingRodShaped	10437	4.40651	0.5	-13.5539	125.413	0	0.999933	0.0115827	0	None	None
ChainingRodShaped	6664	4.82225	0.5	-39.8337	0.589335	0	-0.92304	-0.384703	0	None	None
ChainingRodShaped	17907	2.47317	0.5	87.7956	-5.50515	0	-0.510609	-0.859813	0	None	None
ChainingRodShaped	19273	2.53	0.5	60.0992	-67.041	0	-0.999864	-0.0164974	0	None	None
ChainingRodShaped	14153	4.43823	0.5	2.64352	86.7479	0	-0.693397	-0.720556	0	None	None
ChainingRodShaped	14581	4.4768	0.5	2.81895	-36.9555	0	0.549026	-0.835806	0	None	None
ChainingRodShaped	20069	2.31481	0.5	-42.937	-37.1752	0	0.303727	-0.952759	0	None	None
ChainingRodShaped	19833	2.22335	0.5	-40.5472	-0.569018	0	-0.926708	-0.375783	0	None	None
ChainingRodShaped	11401	3.7494	0.5	-15.9653	75.6233	0	-0.843688	0.536834	0	None	None
ChainingRodShaped	14703	4.14218	0.5	-11.8284	53.9989	0	0.565758	-0.824571	0	None	None
ChainingRodShaped	14161	2.93056	0.5	78.3649	56.891	0	0.879209	0.476436	0	None	None
ChainingRodShaped	11815	3.63182	0.5	3.12808	86.191	0	-0.690365	-0.723461	0	None	None
ChainingRodShaped	12233	4.99861	0.5	4.9755	-73.1031	0	0.676077	-0.736831	0	None	None
ChainingRodShaped	15161	4.05173	0.5	-30.5367	108.215	0	-0.78378	0.621039	0	None	None
ChainingRodShaped	18409	2.66208	0.5	-74.8697	81.7978	0	0.986576	0.163304	0	None	None
ChainingRodShaped	18623	2.57841	0.5	-12.7976	18.8068	0	0.407495	-0.913207	0	None	None
ChainingRodShaped	18511	2.38846	0.5	84.7594	35.7773	0	0.745609	0.666384	0	None	None
ChainingRodShaped	20723	2.05207	0.5	56.9021	81.0376	0	0.0251646	-0.999683	0	None	None
ChainingRodShaped	18247	2.57558	0.5	-37.0195	-7.54561	0	0.066742	-0.99777	0	None	None
ChainingRodShaped	11107	4.24682	0.5	47.1004	86.4443	0	0.0732597	0.997313	0	None	None
ChainingRodShaped	17551	2.51864	0.5	-47.2563	113.176	0	-0.990862	-0.134878	0	None	None
ChainingRodShaped	6704	4.9549	0.5	-9.06988	13.3551	0	-0.478708	-0.877974	0	None	None
ChainingRodShaped	16343	3.02512	0.5	-13.0176	90.6075	0	-0.786111	-0.618085	0	None	None
ChainingRodShaped	12657	4.41579	0.5	-64.7374	27.5625	0	-0.999992	0.00394	0	None	None
ChainingRodShaped	13219	4.00537	0.5	6.69253	92.8612	0	-0.717118	-0.696952	0	None	None
ChainingRodShaped	11587	3.63506	0.5	42.5995	-44.3394	0	0.995118	-0.0986947	0	None	None
ChainingRodShaped	19477	2.35041	0.5	34.552	-34.329	0	-0.970382	-0.241577	0	None	None
ChainingRodShaped	20605	2.08415	0.5	-47.2363	2.59533	0	0.019004	0.999819	0	None	None
ChainingRodShaped	19449	2.20562	0.5	35.4865	130.363	0	0.942429	0.334407	0	None	None
ChainingRodShaped	6720	4.90012	0.5	-19.4342	126.826	0	0.98385	0.178993	0	None	None
ChainingRodShaped	16097	3.29498	0.5	70.3607	12.7134	0	-0.983111	0.183008	0	None	None
ChainingRodShaped	12089	3.66902	0.5	-24.1215	56.0977	0	0.7371	-0.675783	0	None	None
ChainingRodShaped	20419	2.06766	0.5	16.6065	77.7537	0	-0.997858	0.0654118	0	None	None
ChainingRodShaped	19631	2.29088	0.5	67.8202	-51.6122	0	-0.221122	-0.975246	0	None	None
ChainingRodShaped	11561	3.85953	0.5	-18.8983	49.6026	0	0.673785	-0.738928	0	None	None
ChainingRodShaped	12473	4.63876	0.5	-32.769	86.5619	0	0.988152	-0.153481	0	None	None
ChainingRodShaped	19349	2.38518	0.5	84.1275	-20.3249	0	0.0258087	-0.999667	0	None	None
ChainingRodShaped	17283	2.83854	0.5	-59.2442	7.40691	0	0.141345	-0.98996	0	None	None
ChainingRodShaped	11455	3.64519	0.5	-72.4156	-0.865788	0	-0.884933	0.465718	0	None	None
ChainingRodShaped	19047	2.45934	0.5	-56.3706	-28.9018	0	-0.618935	-0.785442	0	None	None
ChainingRodShaped	13689	3.43136	0.5	-87.7586	20.4364	0	-0.590369	0.807133	0	None	None
ChainingRodShaped	19185	2.63079	0.5	50.2391	-63.2657	0	0.99796	0.0638406	0	None	None
ChainingRodShaped	19359	2.41269	0.5	74.8741	6.90211	0	0.983887	-0.178791	0	None	None
ChainingRodShaped	11979	3.41307	0.5	70.6217	116.327	0	0.404099	-0.914715	0	None	None
ChainingRodShaped	18837	2.40339	0.5	0.542333	61.3713	0	-0.645324	-0.763909	0	None	None
ChainingRodShaped	20301	2.15732	0.5	54.609	-21.192	0	-0.418953	-0.908008	0	None	None
ChainingRodShaped	18241	2.95558	0.5	-49.7132	34.0789	0	-0.846347	-0.532631	0	None	None
ChainingRodShaped	13621	3.6228	0.5	56.8735	6.09783	0	0.923962	0.382484	0	None	None
ChainingRodShaped	16789	2.58854	0.5	65.1297	69.6085	0	0.666237	0.74574	0	None	None
ChainingRodShaped	17215	2.62836	0.5	-71.6815	70.3591	0	0.825003	-0.565128	0	None	None
ChainingRodShaped	10521	4.79122	0.5	-4.48883	36.2464	0	-0.805639	0.592407	0	None	None
ChainingRodShaped	16819	3.14519	0.5	-81.6701	79.8468	0	-0.0812861	0.996691	0	None	None
ChainingRodShaped	16947	2.87403	0.5	-74.5249	30.65	0	-0.955038	-0.296482	0	None	None
ChainingRodShaped	13991	4.5784	0.5	63.7845	-1.81284	0	-0.96712	0.25432	0	None	None
ChainingRodShaped	20961	2.00068	0.5	19.2905	21.9938	0	-0.145909	-0.989298	0	None	None
ChainingRodShaped	14745	3.38224	0.5	-74.8409	-1.60421	0	0.889896	-0.456164	0	None	None
ChainingRodShaped	14613	3.46629	0.5	-2.12245	-49.9973	0	-0.785932	0.618313	0	None	None
ChainingRodShaped	20041	2.27631	0.5	-58.9762	22.6271	0	-0.808426	-0.588598	0	None	None
ChainingRodShaped	16251	2.92905	0.5	114.428	34.4914	0	-0.0041493	0.999991	0	None	None
ChainingRodShaped	6780	4.79414	0.5	-5.46033	101.377	0	0.968149	0.250373	0	None	None
ChainingRodShaped	11937	4.18375	0.5	55.8444	42.8308	0	-0.926974	-0.375124	0	None	None
ChainingRodShaped	12997	4.94606	0.5	-14.9602	88.7826	0	0.11635	-0.993208	0	None	None
ChainingRodShaped	13257	3.44941	0.5	88.3738	-42.194	0	-0.759016	-0.651072	0	None	None
ChainingRodShaped	20871	2.01841	0.5	104.338	29.8397	0	-0.971848	-0.235608	0	None	None
ChainingRodShaped	19183	2.35504	0.5	-32.6065	43.8277	0	0.392447	-0.919775	0	None	None
ChainingRodShaped	19599	2.17096	0.5	-59.5206	-48.4567	0	-0.999944	-0.0105649	0	None	None
ChainingRodShaped	20111	2.13489	0.5	80.4272	7.6668	0	0.999862	0.016596	0	None	None
ChainingRodShaped	14913	3.60087	0.5	24.1959	62.7547	0	0.942555	0.334052	0	None	None
ChainingRodShaped	6798	4.89059	0.5	-37.9392	41.0396	0	-0.965574	-0.260128	0	None	None
ChainingRodShaped	13299	3.67438	0.5	16.0566	62.7845	0	0.786452	0.617652	0	None	None
ChainingRodShaped	14033	3.50324	0.5	98.3741	17.9895	0	0.296008	-0.955186	0	None	None
ChainingRodShaped	12865	3.33292	0.5	-39.6035	104.223	0	-0.991066	0.133375	0	None	None
ChainingRodShaped	12647	4.74429	0.5	-16.0604	73.9538	0	-0.84063	0.54161	0	None	None
ChainingRodShaped	18435	2.87902	0.5	45.8067	-49.7741	0	0.999178	-0.0405429	0	None	None
ChainingRodShaped	19019	2.45726	0.5	-22.6769	-11.0171	0	-0.759263	-0.650783	0	None	None
ChainingRodShaped	18221	2.80024	0.5	45.5706	69.7208	0	-0.0897002	-0.995969	0	None	None
ChainingRodShaped	17925	2.98156	0.5	58.0548	97.0839	0	0.315798	-0.948826	0	None	None
ChainingRodShaped	15003	4.06653	0.5	-49.8999	30.7897	0	-0.868738	-0.495273	0	None	None
ChainingRodShaped	17057	2.86942	0.5	-50.7858	-38.5256	0	0.615946	0.787788	0	None	None
ChainingRodShaped	17445	2.65918	0.5	28.5992	54.7711	0	0.798459	0.602049	0	None	None
ChainingRodShaped	12143	4.71853	0.5	-62.9271	-11.9234	0	0.848184	-0.529701	0	None	None
ChainingRodShaped	19709	2.28816	0.5	-72.979	60.7817	0	-0.841164	0.54078	0	None	None
ChainingRodShaped	13133	3.08903	0.5	14.5829	25.468	0	0.995685	-0.092802	0	None	None
ChainingRodShaped	10691	4.41315	0.5	-33.5858	13.8001	0	0.859716	0.510772	0	None	None
ChainingRodShaped	11217	4.68245	0.5	-45.7473	67.7712	0	0.598128	0.801401	0	None	None
ChainingRodShaped	10909	3.64283	0.5	39.1516	-60.8117	0	0.726959	0.686681	0	None	None
ChainingRodShaped	15363	3.18803	0.5	8.09754	97.7186	0	-0.672528	-0.740072	0	None	None
ChainingRodShaped	20273	2.18748	0.5	-25.2821	-21.1945	0	-0.270502	0.962719	0	None	None
ChainingRodShaped	17455	3.27786	0.5	-60.287	14.1388	0	0.937536	-0.347888	0	None	None
ChainingRodShaped	19899	2.37093	0.5	-44.7485	-37.5348	0	0.594592	0.804027	0	None	None
ChainingRodShaped	6842	4.91854	0.5	-20.5667	23.746	0	0.891675	-0.452677	0	None	None
ChainingRodShaped	6844	4.73549	0.5	-17.5742	-10.3127	0	-0.792264	-0.610179	0	None	None
ChainingRodShaped	16109	3.5044	0.5	3.50393	-20.4564	0	-0.98071	0.195468	0	None	None
ChainingRodShaped	19193	2.41947	0.5	7.68766	72.9446	0	0.950425	-0.310955	0	None	None
ChainingRodShaped	16391	2.66573	0.5	34.1122	-71.6698	0	0.749443	0.662069	0	None	None
ChainingRodShaped	12245	4.01736	0.5	26.6628	52.5079	0	-0.846677	-0.532107	0	None	None
ChainingRodShaped	15933	3.80042	0.5	101.69	38.2629	0	0.963445	0.267907	0	None	None
ChainingRodShaped	10819	3.87149	0.5	-49.8616	-43.108	0	0.612817	0.790225	0	None	None
ChainingRodShaped	19071	2.62904	0.5	26.5264	104.353	0	-0.259593	-0.965718	0	None	None
ChainingRodShaped	6860	4.85823	0.5	52.2359	106.482	0	0.659992	0.751272	0	None	None
ChainingRodShaped	19395	2.56037	0.5	-16.0965	29.2398	0	0.882602	-0.47012	0	None	None
ChainingRodShaped	13149	3.16081	0.5	-72.1297	87.6235	0	0.947448	-0.319911	0	None	None
ChainingRodShaped	15061	2.7786	0.5	-17.5667	118.246	0	-0.00912574	-0.999958	0	None	None
ChainingRodShaped	11051	4.86937	0.5	-16.7815	-47.1122	0	-0.160122	-0.987097	0	None	None
ChainingRodShaped	14397	4.12311	0.5	-0.963662	35.553	0	0.748384	-0.663266	0	None	None
ChainingRodShaped	15919	3.88489	0.5	104.478	-0.396448	0	0.820461	0.571702	0	None	None
ChainingRodShaped	18237	2.6659	0.5	31.8081	14.1656	0	-0.769962	-0.638089	0	None	None
ChainingRodShaped	19469	2.38263	0.5	23.1842	64.672	0	0.932114	0.362165	0	None	None
ChainingRodShaped	13533	3.62606	0.5	-8.37245	5.2689	0	0.921395	-0.388627	0	None	None
ChainingRodShaped	12195	4.73273	0.5	5.4148	36.2077	0	0.961381	-0.27522	0	None	None
ChainingRodShaped	16073	2.76597	0.5	3.98431	37.1967	0	0.968028	-0.250842	0	None	None
ChainingRodShaped	6884	4.72536	0.5	24.449	12.9226	0	-0.367113	0.930176	0	None	None
ChainingRodShaped	6886	4.62606	0.5	-19.3445	17.2745	0	0.891198	-0.453615	0	None	None
ChainingRodShaped	12053	3.94022	0.5	24.2458	-3.62929	0	-0.948115	-0.317926	0	None	None
ChainingRodShaped	15513	3.91735	0.5	38.7885	11.66	0	0.70724	0.706973	0	None	None
ChainingRodShaped	16393	3.02013	0.5	63.266	-41.6069	0	-0.387631	-0.921815	0	None	None
ChainingRodShaped	18607	2.5194	0.5	60.7891	51.4484	0	0.977086	0.212846	0	None	None
ChainingRodShaped	15623	3.47213	0.5	-16.4869	117.268	0	-0.387864	-0.921717	0	None	None
ChainingRodShaped	12153	4.21792	0.5	100.433	-6.33858	0	0.815778	0.578365	0	None	None
ChainingRodShaped	17011	3.34929	0.5	61.6666	-53.314	0	-0.0984619	-0.995141	0	None	None
ChainingRodShaped	11469	3.68162	0.5	-67.011	-29.9698	0	0.732015	-0.681289	0	None	None
ChainingRodShaped	12345	3.41858	0.5	83.8254	47.0039	0	-0.780705	-0.6249	0	None	None
ChainingRodShaped	6906	4.96727	0.5	84.2676	39.5551	0	-0.774887	-0.632099	0	None	None
ChainingRodShaped	11555	4.43357	0.5	-31.7227	-3.23608	0	0.0923544	-0.995726	0	None	None
ChainingRodShaped	20249	2.23639	0.5	54.7713	91.0706	0	0.334124	-0.942529	0	None	None
ChainingRodShaped	14349	4.34819	0.5	-30.1123	100.102	0	-0.207907	0.978149	0	None	None
ChainingRodShaped	20145	2.26759	0.5	-5.5792	102.173	0	0.970601	0.240694	0	None	None
ChainingRodShaped	6916	4.79703	0.5	12.4309	-50.7956	0	0.260803	-0.965392	0	None	None
ChainingRodShaped	12191	3.25699	0.5	-64.1707	1.15502	0	-0.142589	0.989782	0	None	None
ChainingRodShaped	18453	2.72885	0.5	-11.0522	45.0196	0	0.993435	-0.114394	0	None	None
ChainingRodShaped	12111	4.81922	0.5	-72.0817	20.3643	0	0.667754	-0.744382	0	None	None
ChainingRodShaped	19657	2.31791	0.5	110.006	30.6835	0	-0.857277	-0.514855	0	None	None
ChainingRodShaped	11205	3.51927	0.5	-7.20135	76.2456	0	0.562452	-0.82683	0	None	None
ChainingRodShaped	19853	2.31786	0.5	-20.2939	112.195	0	0.0406437	-0.999174	0	None	None
ChainingRodShaped	17681	2.63514	0.5	87.8473	-17.4323	0	-0.442154	-0.896939	0	None	None
ChainingRodShaped	20891	2.0082	0.5	-23.6258	32.946	0	0.810861	-0.585239	0	None	None
ChainingRodShaped	12443	4.32488	0.5	41.4378	102.919	0	0.790336	0.612674	0	None	None
ChainingRodShaped	18325	2.44883	0.5	5.25547	25.5242	0	-0.139333	0.990246	0	None	None
ChainingRodShaped	16773	3.44523	0.5	-41.6042	-11.525	0	-0.72305	-0.690795	0	None	None
ChainingRodShaped	18523	2.6405	0.5	-2.20059	32.8968	0	-0.973251	-0.229742	0	None	None
ChainingRodShaped	13855	2.97312	0.5	-34.4516	-16.5222	0	-0.270822	0.962629	0	None	None
ChainingRodShaped	11431	3.60167	0.5	31.6099	78.1362	0	0.986815	0.161854	0	None	None
ChainingRodShaped	19487	2.26554	0.5	32.2771	126.726	0	0.619579	0.784934	0	None	None
ChainingRodShaped	16035	3.22523	0.5	-31.2851	115.991	0	0.582294	-0.812979	0	None	None
ChainingRodShaped	11155	4.83824	0.5	21.7547	-65.1437	0	0.971651	0.236418	0	None	None
ChainingRodShaped	19397	2.48291	0.5	37.3356	-25.7373	0	0.338729	-0.940884	0	None	None
ChainingRodShaped	15097	3.0281	0.5	87.6923	-14.078	0	0.497144	0.867668	0	None	None
ChainingRodShaped	16277	2.59173	0.5	-25.2639	100.454	0	-0.257821	0.966193	0	None	None
ChainingRodShaped	14389	2.9798	0.5	112.547	49.7857	0	-0.953573	-0.301162	0	None	None
ChainingRodShaped	19441	2.19282	0.5	78.3082	72.0041	0	-0.136736	0.990608	0	None	None
ChainingRodShaped	12131	3.56393	0.5	68.8101	10.6907	0	-0.97809	0.208182	0	None	None
ChainingRodShaped	18099	2.92693	0.5	22.1593	-14.7109	0	0.847567	-0.530689	0	None	None
ChainingRodShaped	11383	4.60351	0.5	-28.0152	36.6	0	0.885343	0.464939	0	None	None
ChainingRodShaped	20887	2.01936	0.5	100.669	-9.53013	0	-0.832232	-0.554427	0	None	None
ChainingRodShaped	14443	4.01736	0.5	26.0081	13.7986	0	-0.232212	0.972665	0	None	None
ChainingRodShaped	15443	3.61973	0.5	-54.4327	-14.5092	0	0.641225	0.767353	0	None	None
ChainingRodShaped	14425	3.12365	0.5	61.6988	13.5109	0	-0.984968	0.172738	0	None	None
ChainingRodShaped	18631	2.39549	0.5	-10.1424	-24.7248	0	-0.576507	0.817092	0	None	None
ChainingRodShaped	20765	2.03865	0.5	71.6557	83.1973	0	0.164052	0.986452	0	None	None
ChainingRodShaped	15945	2.69118	0.5	41.8505	-46.4629	0	0.997633	-0.0687627	0	None	None
ChainingRodShaped	20247	2.1829	0.5	37.9683	-11.1028	0	0.9612	-0.275851	0	None	None
ChainingRodShaped	13985	4.65267	0.5	-70.8422	61.7985	0	-0.970292	0.241937	0	None	None
ChainingRodShaped	13483	4.47086	0.5	-68.8816	50.5701	0	0.94471	-0.327906	0	None	None
ChainingRodShaped	11341	3.70447	0.5	-63.674	71.1013	0	0.353689	0.935363	0	None	None
ChainingRodShaped	16301	3.35672	0.5	-43.4398	83.7265	0	-0.899034	-0.437879	0	None	None
ChainingRodShaped	19237	2.32882	0.5	27.8622	-21.6228	0	0.465864	-0.884856	0	None	None
ChainingRodShaped	19659	2.33884	0.5	86.4523	11.6456	0	0.855195	-0.518306	0	None	None
ChainingRodShaped	6996	4.66579	0.5	52.0827	2.45934	0	-0.952503	-0.304529	0	None	None
ChainingRodShaped	11333	4.49434	0.5	15.7841	-73.4841	0	0.888665	-0.458557	0	None	None
ChainingRodShaped	12915	3.78135	0.5	11.3784	123.596	0	0.897958	0.440081	0	None	None
ChainingRodShaped	20157	2.13142	0.5	4.7008	29.894	0	-0.990415	-0.138123	0	None	None
ChainingRodShaped	15439	3.57983	0.5	88.6379	69.7172	0	0.987606	0.156952	0	None	None
ChainingRodShaped	18617	2.59787	0.5	73.6446	-13.8813	0	-0.105297	0.994441	0	None	None
ChainingRodShaped	12837	4.60791	0.5	-17.0604	129.077	0	0.99777	0.0667444	0	None	None
ChainingRodShaped	17817	3.12478	0.5	50.9453	-11.7076	0	0.978454	-0.206464	0	None	None
ChainingRodShaped	7012	4.87108	0.5	4.93529	-17.0651	0	0.293873	-0.955845	0	None	None
ChainingRodShaped	18023	2.37155	0.5	-40.266	-28.7129	0	-0.0801183	0.996785	0	None	None
ChainingRodShaped	10905	3.6266	0.5	-2.36543	-53.2496	0	0.680387	-0.732853	0	None	None
ChainingRodShaped	12289	3.99857	0.5	-57.6804	78.571	0	0.703635	0.710561	0	None	None
ChainingRodShaped	11309	4.28251	0.5	12.8365	51.4647	0	-0.788515	-0.615016	0	None	None
ChainingRodShaped	13839	3.95334	0.5	1.35147	37.4072	0	0.774113	-0.633047	0	None	None
ChainingRodShaped	18181	2.45295	0.5	9.20678	-14.5863	0	0.460549	-0.887634	0	None	None
ChainingRodShaped	12403	4.20109	0.5	-60.0065	1.67202	0	0.141634	-0.989919	0	None	None
ChainingRodShaped	13431	4.50989	0.5	63.6016	10.3427	0	0.991074	-0.133311	0	None	None
ChainingRodShaped	15847	3.36888	0.5	73.4539	8.0685	0	0.982041	-0.188669	0	None	None
ChainingRodShaped	18509	2.86264	0.5	31.7718	-66.5114	0	0.163577	-0.986531	0	None	None
ChainingRodShaped	13813	4.00425	0.5	-56.1859	-25.9104	0	-0.640988	-0.767551	0	None	None
ChainingRodShaped	19925	2.31872	0.5	-25.866	62.2576	0	0.914604	0.40435	0	None	None
ChainingRodShaped	13501	4.09277	0.5	81.6217	49.1893	0	-0.733407	-0.67979	0	None	None
ChainingRodShaped	20277	2.1851	0.5	99.9468	33.1529	0	0.966969	0.254895	0	None	None
ChainingRodShaped	11945	3.458	0.5	76.7834	4.96801	0	0.987198	-0.159498	0	None	None
ChainingRodShaped	15527	3.43166	0.5	-48.246	-39.5362	0	0.594443	0.804138	0	None	None
ChainingRodShaped	11295	4.127	0.5	75.8649	108.04	0	-0.946107	-0.323855	0	None	None
ChainingRodShaped	13227	3.98731	0.5	-61.9794	100.3	0	-0.949674	-0.313241	0	None	None
ChainingRodShaped	14505	3.77553	0.5	-42.2328	79.2089	0	0.922736	0.385432	0	None	None
ChainingRodShaped	18999	2.66535	0.5	-25.2199	71.3918	0	-0.381737	-0.924271	0	None	None
ChainingRodShaped	13071	4.58972	0.5	14.6188	13.7916	0	0.987248	0.159189	0	None	None
ChainingRodShaped	14141	4.67122	0.5	28.9303	-34.1533	0	-0.963441	-0.267919	0	None	None
ChainingRodShaped	13087	4.65411	0.5	-42.0951	-20.2218	0	0.910595	0.4133	0	None	None
ChainingRodShaped	15073	3.91543	0.5	9.55663	-17.1728	0	-0.998814	-0.0486964	0	None	None
ChainingRodShaped	19579	2.43521	0.5	-69.0107	-33.7806	0	-0.479023	0.877802	0	None	None
ChainingRodShaped	18363	2.5277	0.5	-0.821536	95.3584	0	-0.698557	-0.715555	0	None	None
ChainingRodShaped	16875	3.12832	0.5	-62.4297	-14.1501	0	0.890855	-0.454288	0	None	None
ChainingRodShaped	14025	4.44649	0.5	-54.7811	35.3371	0	-0.855308	-0.51812	0	None	None
ChainingRodShaped	14775	2.89098	0.5	-3.09681	-55.007	0	0.677088	-0.735902	0	None	None
ChainingRodShaped	12999	3.74	0.5	74.53	34.5616	0	0.827071	-0.562098	0	None	None
ChainingRodShaped	7074	4.61683	0.5	26.5477	-48.608	0	0.956165	0.292828	0	None	None
ChainingRodShaped	17807	3.16097	0.5	-4.43534	116.385	0	0.540727	0.841198	0	None	None
ChainingRodShaped	18469	2.71691	0.5	-8.19408	115.527	0	-0.503852	-0.86379	0	None	None
ChainingRodShaped	15649	3.01129	0.5	33.8399	-16.948	0	0.943663	-0.330907	0	None	None
ChainingRodShaped	18085	2.84005	0.5	-14.7844	55.5242	0	0.625068	-0.78057	0	None	None
ChainingRodShaped	15461	3.36908	0.5	69.175	52.2904	0	0.905955	0.423373	0	None	None
ChainingRodShaped	14817	3.19379	0.5	-5.71921	94.1916	0	-0.812109	-0.583506	0	None	None
ChainingRodShaped	20695	2.03555	0.5	109.261	-6.40451	0	-0.903573	-0.428435	0	None	None
ChainingRodShaped	14107	4.1523	0.5	-80.6975	38.5051	0	0.953053	0.302804	0	None	None
ChainingRodShaped	14117	3.77759	0.5	-17.1809	4.01062	0	0.0479385	-0.99885	0	None	None
ChainingRodShaped	12065	4.94099	0.5	-53.1545	-2.87425	0	0.846702	-0.532067	0	None	None
ChainingRodShaped	13433	3.65481	0.5	81.1953	102.886	0	0.290442	-0.956892	0	None	None
ChainingRodShaped	16005	3.66308	0.5	1.87646	125.967	0	0.163045	0.986619	0	None	None
ChainingRodShaped	16141	3.54692	0.5	106.831	44.5549	0	-0.922084	-0.386989	0	None	None
ChainingRodShaped	18945	2.64391	0.5	4.8381	-58.7638	0	-0.790913	0.611928	0	None	None
ChainingRodShaped	20093	2.19918	0.5	-3.13544	132.121	0	0.311978	-0.950089	0	None	None
ChainingRodShaped	20833	2.01251	0.5	21.2194	37.0247	0	0.476084	-0.8794	0	None	None
ChainingRodShaped	20179	2.20045	0.5	-20.2973	43.8578	0	-0.98693	0.161149	0	None	None
ChainingRodShaped	12745	3.43321	0.5	-32.157	29.4394	0	0.931421	0.363944	0	None	None
ChainingRodShaped	18105	2.68724	0.5	-11.3349	4.46456	0	0.932546	-0.361051	0	None	None
ChainingRodShaped	12719	4.36351	0.5	19.1205	-30.139	0	-0.565197	0.824956	0	None	None
ChainingRodShaped	14291	3.83763	0.5	-70.5028	81.3401	0	-0.709957	0.704245	0	None	None
ChainingRodShaped	15239	2.73115	0.5	-93.8218	7.72816	0	0.761685	-0.647948	0	None	None
ChainingRodShaped	19147	2.29382	0.5	77.4539	-1.90856	0	-0.996593	-0.0824772	0	None	None
ChainingRodShaped	14701	3.95604	0.5	-10.8159	22.7348	0	0.890454	-0.455074	0	None	None
ChainingRodShaped	12343	4.54868	0.5	-56.9001	61.7798	0	0.0726951	-0.997354	0	None	None
ChainingRodShaped	16543	2.93477	0.5	-3.32268	38.7538	0	0.794875	-0.606773	0	None	None
ChainingRodShaped	7128	4.51616	0.5	-21.4307	70.5421	0	0.826779	-0.562527	0	None	None
ChainingRodShaped	19583	2.38031	0.5	1.81623	21.9099	0	0.381454	-0.924388	0	None	None
ChainingRodShaped	17025	3.36958	0.5	61.3888	12.8127	0	-0.986644	0.162889	0	None	None
ChainingRodShaped	11885	4.38958	0.5	-3.84158	-37.0562	0	-0.564863	0.825184	0	None	None
ChainingRodShaped	14805	3.2719	0.5	20.3521	92.7205	0	-0.97311	-0.23034	0	None	None
ChainingRodShaped	17225	3.36978	0.5	-62.8051	-19.846	0	-0.772101	0.6355	0	None	None
ChainingRodShaped	11103	3.66308	0.5	-30.7366	-5.77987	0	0.211838	0.977305	0	None	None
ChainingRodShaped	12009	4.48249	0.5	64.7905	-30.5326	0	0.284619	-0.958641	0	None	None
ChainingRodShaped	17797	2.83734	0.5	10.1529	81.3988	0	0.868669	0.495394	0	None	None
ChainingRodShaped	14879	4.33098	0.5	-29.8599	10.4844	0	-0.830317	-0.557291	0	None	None
ChainingRodShaped	7148	4.70967	0.5	41.782	104.242	0	0.790317	0.612698	0	None	None
ChainingRodShaped	16045	3.79086	0.5	101.199	56.7702	0	-0.808844	-0.588023	0	None	None
ChainingRodShaped	19573	2.28524	0.5	109.564	26.5923	0	-0.99841	-0.0563673	0	None	None
ChainingRodShaped	13103	4.89349	0.5	6.05248	28.227	0	-0.994143	-0.108068	0	None	None
ChainingRodShaped	7156	4.65185	0.5	14.6096	-63.7342	0	-0.982606	0.185701	0	None	None
ChainingRodShaped	14689	3.95204	0.5	54.7195	85.9359	0	0.310939	-0.95043	0	None	None
ChainingRodShaped	11977	4.73467	0.5	14.6318	-49.631	0	0.258051	-0.966131	0	None	None
ChainingRodShaped	11675	4.33752	0.5	32.003	-41.9012	0	0.907543	-0.419959	0	None	None
ChainingRodShaped	12623	3.68188	0.5	14.4436	81.5671	0	0.818678	0.574253	0	None	None
ChainingRodShaped	17713	2.47094	0.5	110.686	24.3522	0	-0.719547	-0.694444	0	None	None
ChainingRodShaped	18077	2.49833	0.5	-10.6105	37.9499	0	-0.488625	-0.872494	0	None	None
ChainingRodShaped	14045	2.96424	0.5	56.7722	22.6519	0	-0.90151	0.432759	0	None	None
ChainingRodShaped	16497	2.68062	0.5	3.62655	-2.7861	0	0.356879	-0.934151	0	None	None
ChainingRodShaped	7174	4.9637	0.5	12.3669	113.771	0	-0.0563127	-0.998413	0	None	None
ChainingRodShaped	12067	4.23173	0.5	23.938	128.493	0	0.61875	-0.785588	0	None	None
ChainingRodShaped	14173	3.35592	0.5	-7.55504	80.5383	0	0.542537	-0.840032	0	None	None
ChainingRodShaped	15529	2.69099	0.5	1.02759	54.8253	0	0.999702	0.0244298	0	None	None
ChainingRodShaped	14627	3.53074	0.5	2.69435	106.298	0	0.978949	0.204107	0	None	None
ChainingRodShaped	7184	4.63013	0.5	-11.0528	23.5503	0	0.885919	-0.463841	0	None	None
ChainingRodShaped	13691	3.4881	0.5	29.7838	92.096	0	0.995276	0.097085	0	None	None
ChainingRodShaped	13019	4.26804	0.5	15.8721	64.2557	0	0.77416	0.63299	0	None	None
ChainingRodShaped	20649	2.08405	0.5	-5.60995	48.0249	0	0.807329	-0.590102	0	None	None
ChainingRodShaped	15091	3.34976	0.5	-16.878	24.9535	0	0.887832	-0.460169	0	None	None
ChainingRodShaped	11749	4.53318	0.5	-96.2448	20.6464	0	-0.649023	0.760768	0	None	None
ChainingRodShaped	12773	3.59483	0.5	-11.043	-38.4797	0	-0.110567	-0.993869	0	None	None
ChainingRodShaped	7198	4.71109	0.5	80.5635	12.6636	0	-0.996137	0.0878082	0	None	None
ChainingRodShaped	7200	4.61635	0.5	-65.504	-4.52376	0	0.614606	0.788834	0	None	None
ChainingRodShaped	7202	4.91703	0.5	-17.278	78.9571	0	-0.838277	0.545244	0	None	None
ChainingRodShaped	12223	3.47097	0.5	71.8421	19.6782	0	0.811193	-0.584778	0	None	None
ChainingRodShaped	12417	4.48135	0.5	6.35853	-39.4665	0	0.638051	-0.769994	0	None	None
ChainingRodShaped	18997	2.63644	0.5	-52.9588	37.2954	0	-0.864809	-0.502102	0	None	None
ChainingRodShaped	16923	2.92503	0.5	-56.3562	-49.4192	0	0.749901	-0.66155	0	None	None
ChainingRodShaped	14271	3.19464	0.5	12.0307	52.4556	0	-0.800522	-0.599303	0	None	None
ChainingRodShaped	12629	4.55248	0.5	103.45	56.3071	0	-0.956788	-0.290788	0	None	None
ChainingRodShaped	14525	4.1388	0.5	29.2782	-46.6161	0	0.889329	-0.457268	0	None	None
ChainingRodShaped	19385	2.31122	0.5	64.8391	-45.1802	0	-0.350062	-0.936727	0	None	None
ChainingRodShaped	20161	2.147	0.5	-37.8307	-55.9537	0	0.925464	0.378837	0	None	None
ChainingRodShaped	16611	3.27577	0.5	-13.5	93.9966	0	0.983873	0.178869	0	None	None
ChainingRodShaped	11823	4.67371	0.5	75.2135	-32.8564	0	0.473605	-0.880737	0	None	None
ChainingRodShaped	11721	4.05771	0.5	-82.5992	13.3927	0	-0.545604	0.838043	0	None	None
ChainingRodShaped	14695	3.7296	0.5	-42.9588	108.393	0	-0.960062	0.279786	0	None	None
ChainingRodShaped	16651	2.71368	0.5	1.44444	-37.6365	0	0.557447	-0.830212	0	None	None
ChainingRodShaped	20411	2.18548	0.5	90.0825	-35.0603	0	-0.84654	-0.532325	0	None	None
ChainingRodShaped	18059	2.5886	0.5	-14.186	-4.16254	0	-0.858192	-0.513328	0	None	None
ChainingRodShaped	7236	4.78362	0.5	2.44289	-37.7237	0	0.553352	-0.832948	0	None	None
ChainingRodShaped	14339	3.12763	0.5	47.5273	100.011	0	-0.597987	-0.801506	0	None	None
ChainingRodShaped	11643	4.3249	0.5	-9.82265	9.60777	0	0.75551	-0.655137	0	None	None
ChainingRodShaped	14781	3.83031	0.5	76.0021	-43.0406	0	0.327897	-0.944714	0	None	None
ChainingRodShaped	14231	4.46726	0.5	52.8351	2.04947	0	-0.949423	-0.314001	0	None	None
ChainingRodShaped	11465	4.57397	0.5	9.90807	84.5836	0	0.857689	0.51417	0	None	None
ChainingRodShaped	17957	2.45397	0.5	-43.0526	84.862	0	-0.90026	-0.435353	0	None	None
ChainingRodShaped	19067	2.33469	0.5	82.3478	-19.3817	0	0.0142198	-0.999899	0	None	None
ChainingRodShaped	18255	2.50434	0.5	-79.5487	11.7929	0	-0.918904	0.394482	0	None	None
ChainingRodShaped	13713	4.53663	0.5	78.6018	52.93	0	0.504737	0.863273	0	None	None
ChainingRodShaped	14693	3.39737	0.5	-2.68171	10.3882	0	0.998575	0.0533725	0	None	None
ChainingRodShaped	14185	3.86731	0.5	24.518	107.326	0	0.317715	-0.948186	0	None	None
ChainingRodShaped	11697	4.20007	0.5	94.9786	7.20648	0	0.534621	-0.845092	0	None	None
ChainingRodShaped	19039	2.69035	0.5	-85.2072	66.6387	0	-0.973459	0.22886	0	None	None
ChainingRodShaped	18573	2.33937	0.5	-1.98487	96.4113	0	-0.708395	-0.705817	0	None	None
ChainingRodShaped	13419	3.77828	0.5	-39.4273	-55.5959	0	0.927723	0.373268	0	None	None
ChainingRodShaped	15043	3.86651	0.5	39.9717	-20.36	0	-0.644186	-0.764869	0	None	None
ChainingRodShaped	14895	3.58272	0.5	89.5705	41.6534	0	-0.964924	-0.262529	0	None	None
ChainingRodShaped	12539	4.21263	0.5	22.547	105.465	0	0.321044	-0.947064	0	None	None
ChainingRodShaped	14937	4.01841	0.5	87.2494	91.4888	0	0.322449	0.946587	0	None	None
ChainingRodShaped	15739	2.96154	0.5	-26.8847	56.0231	0	0.980798	0.195029	0	None	None
ChainingRodShaped	18207	2.72824	0.5	87.8512	48.4744	0	-0.742464	-0.669887	0	None	None
ChainingRodShaped	12371	3.67261	0.5	-38.7865	15.9844	0	0.846502	0.532386	0	None	None
ChainingRodShaped	15999	3.60442	0.5	-39.7845	44.6822	0	0.374913	-0.92706	0	None	None
ChainingRodShaped	12121	4.00288	0.5	-47.5425	-60.9088	0	-0.642997	0.765869	0	None	None
ChainingRodShaped	13255	3.10029	0.5	-33.3832	-20.2557	0	0.303733	-0.952757	0	None	None
ChainingRodShaped	7288	4.79269	0.5	0.017687	80.5557	0	0.574986	-0.818164	0	None	None
ChainingRodShaped	13273	3.16637	0.5	1.36421	0.48292	0	0.326293	0.945269	0	None	None
ChainingRodShaped	7292	4.45529	0.5	73.1469	17.6611	0	0.799634	-0.600488	0	None	None
ChainingRodShaped	17133	3.31719	0.5	-23.9207	-68.5952	0	0.808047	-0.589118	0	None	None
ChainingRodShaped	14019	3.89413	0.5	-60.5424	26.9415	0	-0.748399	-0.663248	0	None	None
ChainingRodShaped	14621	4.40559	0.5	29.4462	110.228	0	-0.193971	-0.981007	0	None	None
ChainingRodShaped	7300	4.48293	0.5	-34.2745	67.8932	0	-0.359492	-0.933148	0	None	None
ChainingRodShaped	13601	3.72416	0.5	-54.0134	-35.5585	0	-0.653546	-0.756887	0	None	None
ChainingRodShaped	18653	2.56566	0.5	110.366	3.69502	0	-0.506944	-0.861979	0	None	None
ChainingRodShaped	14215	4.16502	0.5	46.9404	113.623	0	0.90986	0.414916	0	None	None
ChainingRodShaped	14833	3.33084	0.5	2.68581	96.701	0	-0.688439	-0.725295	0	None	None
ChainingRodShaped	7310	4.69292	0.5	27.7061	24.608	0	0.000259697	1	0	None	None
ChainingRodShaped	18109	2.57775	0.5	-70.5892	7.78203	0	0.873013	-0.487697	0	None	None
ChainingRodShaped	14947	3.43796	0.5	12.5989	-7.72162	0	0.439302	-0.898339	0	None	None
ChainingRodShaped	15927	3.79185	0.5	-26.5294	112.733	0	0.996273	-0.0862514	0	None	None
ChainingRodShaped	7318	4.66786	0.5	16.2248	-55.0053	0	0.238805	-0.971068	0	None	None
ChainingRodShaped	12459	3.46948	0.5	85.4131	33.1543	0	0.726986	0.686652	0	None	None
ChainingRodShaped	11591	4.86204	0.5	-79.2858	-11.0671	0	-0.928519	-0.371285	0	None	None
ChainingRodShaped	18427	2.50165	0.5	51.203	33.4007	0	0.993078	-0.117453	0	None	None
ChainingRodShaped	12389	3.50805	0.5	-31.3005	123.529	0	0.490024	-0.871709	0	None	None
ChainingRodShaped	15053	2.79203	0.5	-28.2527	119.96	0	0.494989	-0.868899	0	None	None
ChainingRodShaped	19211	2.56005	0.5	-37.7191	21.6001	0	-0.462562	0.886587	0	None	None
ChainingRodShaped	19729	2.28331	0.5	105.113	-14.4537	0	-0.461056	-0.887371	0	None	None
ChainingRodShaped	19891	2.19699	0.5	-53.7724	104.046	0	-0.969788	0.24395	0	None	None
ChainingRodShaped	17333	2.99273	0.5	-3.19275	-58.3421	0	0.233503	-0.972356	0	None	None
ChainingRodShaped	11485	3.9837	0.5	12.3078	51.851	0	-0.794497	-0.607268	0	None	None
ChainingRodShaped	11745	3.99706	0.5	23.1218	17.9348	0	-0.20981	0.977742	0	None	None
ChainingRodShaped	15841	3.09191	0.5	-33.732	79.9852	0	-0.239368	-0.970929	0	None	None
ChainingRodShaped	13927	3.29516	0.5	-20.6449	67.252	0	0.821088	-0.570802	0	None	None
ChainingRodShaped	14863	3.80786	0.5	-83.5754	13.2267	0	-0.542386	0.84013	0	None	None
ChainingRodShaped	14801	3.11724	0.5	-82.7477	-19.7862	0	-0.072617	-0.99736	0	None	None
ChainingRodShaped	12947	4.26316	0.5	-88.365	39.3055	0	0.196826	0.980438	0	None	None
ChainingRodShaped	16353	3.22967	0.5	54.2352	3.90591	0	0.95548	0.295055	0	None	None
ChainingRodShaped	16101	3.49902	0.5	100.396	47.6758	0	-0.492487	-0.87032	0	None	None
ChainingRodShaped	11761	4.30351	0.5	56.938	68.1293	0	-0.2008	-0.979632	0	None	None
ChainingRodShaped	20587	2.06214	0.5	32.6293	-71.6766	0	0.660556	0.750777	0	None	None
ChainingRodShaped	16409	3.5252	0.5	-30.3601	7.60664	0	-0.832265	-0.554378	0	None	None
ChainingRodShaped	19229	2.48624	0.5	97.5684	35.0089	0	0.998146	0.060857	0	None	None
ChainingRodShaped	17993	2.39479	0.5	33.881	-75.023	0	0.427036	0.904235	0	None	None
ChainingRodShaped	14171	4.30329	0.5	39.9609	97.5078	0	0.277837	0.960628	0	None	None
ChainingRodShaped	11427	3.98371	0.5	-63.2283	97.6895	0	0.894844	0.446378	0	None	None
ChainingRodShaped	14943	3.57246	0.5	66.4227	43.3501	0	-0.98076	-0.195219	0	None	None
ChainingRodShaped	11701	4.60744	0.5	-47.2979	-58.6913	0	-0.980204	0.197992	0	None	None
ChainingRodShaped	12147	4.31839	0.5	-35.2908	11.2695	0	0.829865	0.557965	0	None	None
ChainingRodShaped	14791	3.47499	0.5	-24.0432	-0.455865	0	-0.384655	0.92306	0	None	None
ChainingRodShaped	13589	4.4941	0.5	91.0886	31.5951	0	0.999759	0.0219426	0	None	None
ChainingRodShaped	15353	3.00682	0.5	-21.2037	-8.78215	0	-0.739536	-0.673117	0	None	None
ChainingRodShaped	11933	3.46331	0.5	-57.4931	-43.7963	0	0.879925	0.475112	0	None	None
ChainingRodShaped	16069	2.80835	0.5	-39.3002	47.8514	0	-0.242484	0.970155	0	None	None
ChainingRodShaped	7386	4.71617	0.5	-4.74469	-36.9896	0	-0.566734	0.823901	0	None	None
ChainingRodShaped	12545	3.97198	0.5	63.5163	27.3797	0	0.738871	-0.673846	0	None	None
ChainingRodShaped	7390	4.79819	0.5	9.88981	109.117	0	0.0840846	-0.996459	0	None	None
ChainingRodShaped	12423	4.76227	0.5	47.949	8.4278	0	-0.60459	-0.796537	0	None	None
ChainingRodShaped	19535	2.28926	0.5	-18.2975	80.5145	0	-0.83284	0.553513	0	None	None
ChainingRodShaped	15143	4.08927	0.5	41.0735	-45.6491	0	0.996897	-0.0787207	0	None	None
ChainingRodShaped	13617	3.75083	0.5	-14.8243	11.3217	0	-0.418232	-0.90834	0	None	None
ChainingRodShaped	11507	3.36603	0.5	16.4669	62.3261	0	0.792574	0.609775	0	None	None
ChainingRodShaped	14537	3.61498	0.5	-15.4698	-20.3626	0	0.887585	0.460643	0	None	None
ChainingRodShaped	20697	2.06833	0.5	7.12302	-29.2852	0	-0.995464	0.095134	0	None	None
ChainingRodShaped	12227	3.64084	0.5	-42.8548	77.2197	0	-0.914858	-0.403776	0	None	None
ChainingRodShaped	13745	3.35609	0.5	37.3968	82.6648	0	0.96576	0.259436	0	None	None
ChainingRodShaped	17699	2.52372	0.5	-33.3706	-63.5223	0	-0.807723	-0.589562	0	None	None
ChainingRodShaped	12815	3.42427	0.5	-52.4453	116.123	0	0.363719	0.931509	0	None	None
ChainingRodShaped	18877	2.47693	0.5	-45.5468	96.9747	0	0.561812	0.827265	0	None	None
ChainingRodShaped	19955	2.20032	0.5	72.8463	-25.7236	0	0.0796158	-0.996826	0	None	None
ChainingRodShaped	11917	3.85382	0.5	10.6949	108.975	0	0.0741485	-0.997247	0	None	None
ChainingRodShaped	14203	4.4408	0.5	86.6909	61.6922	0	0.47344	0.880826	0	None	None
ChainingRodShaped	13631	3.73019	0.5	59.8073	58.1642	0	0.983819	0.179163	0	None	None
ChainingRodShaped	13963	3.65244	0.5	-30.9403	-37.9545	0	-0.992417	-0.122919	0	None	None
ChainingRodShaped	12335	3.72528	0.5	34.3393	93.7185	0	0.183072	0.9831	0	None	None
ChainingRodShaped	19483	2.36771	0.5	32.5886	80.2787	0	0.991195	0.132413	0	None	None
ChainingRodShaped	13869	3.64723	0.5	-75.9981	-19.2405	0	0.0362723	-0.999342	0	None	None
ChainingRodShaped	20665	2.06501	0.5	18.1664	50.582	0	0.81227	0.583282	0	None	None
ChainingRodShaped	15635	3.6258	0.5	75.5882	57.2273	0	0.887299	0.461194	0	None	None
ChainingRodShaped	13331	3.34148	0.5	29.682	-33.1919	0	-0.963244	-0.268626	0	None	None
ChainingRodShaped	17795	2.78637	0.5	55.7467	-6.57106	0	0.314487	-0.949262	0	None	None
ChainingRodShaped	11791	4.30279	0.5	85.5195	45.5127	0	-0.799049	-0.601266	0	None	None
ChainingRodShaped	13225	3.58592	0.5	88.503	-14.4173	0	0.505752	0.862679	0	None	None
ChainingRodShaped	18127	2.57779	0.5	62.9893	30.769	0	0.830776	-0.556606	0	None	None
ChainingRodShaped	12607	4.70214	0.5	-9.24151	18.5421	0	0.453197	-0.891411	0	None	None
ChainingRodShaped	20175	2.18596	0.5	-15.2382	29.6203	0	0.940157	-0.340741	0	None	None
ChainingRodShaped	11851	4.34015	0.5	74.617	-15.3095	0	-0.115244	0.993337	0	None	None
ChainingRodShaped	7452	4.51171	0.5	-86.505	58.7234	0	0.896625	-0.44279	0	None	None
ChainingRodShaped	13859	3.57362	0.5	85.5547	79.2536	0	0.990681	-0.136202	0	None	None
ChainingRodShaped	15599	3.78426	0.5	80.1355	20.8273	0	-0.872982	0.487752	0	None	None
ChainingRodShaped	11601	4.96078	0.5	70.3902	-53.0977	0	-0.238151	-0.971228	0	None	None
ChainingRodShaped	18971	2.46024	0.5	-33.3012	63.6168	0	-0.0945502	-0.99552	0	None	None
ChainingRodShaped	12441	3.35458	0.5	-82.3028	44.2486	0	0.547962	0.836503	0	None	None
ChainingRodShaped	7464	4.60164	0.5	-16.5484	121.123	0	0.715373	-0.698743	0	None	None
ChainingRodShaped	7466	4.99437	0.5	-62.8134	95.8736	0	-0.885355	-0.464916	0	None	None
ChainingRodShaped	12017	3.44959	0.5	7.29501	-1.36906	0	0.116246	-0.993221	0	None	None
ChainingRodShaped	12713	4.91526	0.5	106.111	32.0608	0	-0.982774	-0.184811	0	None	None
ChainingRodShaped	11735	4.39299	0.5	25.7779	-26.4436	0	-0.905749	-0.423814	0	None	None
ChainingRodShaped	13995	3.24859	0.5	56.8197	74.6335	0	-0.677397	-0.735618	0	None	None
ChainingRodShaped	13569	3.6829	0.5	54.0744	85.5286	0	0.307776	-0.951459	0	None	None
ChainingRodShaped	14677	3.46235	0.5	82.092	32.2528	0	0.725959	0.687738	0	None	None
ChainingRodShaped	12761	3.89657	0.5	-65.5321	60.8108	0	0.871356	-0.490652	0	None	None
ChainingRodShaped	15819	3.63622	0.5	89.2284	88.1734	0	0.179523	0.983754	0	None	None
ChainingRodShaped	19933	2.30074	0.5	31.4292	85.4911	0	0.998392	0.0566938	0	None	None
ChainingRodShaped	14531	2.87394	0.5	29.3496	-19.4048	0	0.474773	-0.880108	0	None	None
ChainingRodShaped	7488	4.57473	0.5	-27.3614	62.2995	0	0.918551	0.395301	0	None	None
ChainingRodShaped	15541	2.87345	0.5	39.5893	-8.54432	0	0.950964	-0.309303	0	None	None
ChainingRodShaped	17189	2.59725	0.5	-13.563	0.382699	0	0.991021	0.133708	0	None	None
ChainingRodShaped	11837	4.40432	0.5	-3.30018	55.5121	0	0.952667	-0.304015	0	None	None
ChainingRodShaped	7496	4.36552	0.5	13.5871	8.1261	0	-0.436766	-0.899575	0	None	None
ChainingRodShaped	13791	3.02957	0.5	67.3759	108.429	0	-0.874564	-0.484911	0	None	None
ChainingRodShaped	20843	2.01363	0.5	-62.4763	-0.868633	0	-0.106729	-0.994288	0	None	None
ChainingRodShaped	17803	2.85673	0.5	-9.65944	-13.689	0	-0.920462	0.390832	0	None	None
ChainingRodShaped	18779	2.71869	0.5	97.0907	5.56534	0	0.543029	-0.839714	0	None	None
ChainingRodShaped	19095	2.5845	0.5	17.9324	-48.0398	0	0.360736	-0.932668	0	None	None
ChainingRodShaped	18825	2.31671	0.5	63.1663	-62.7123	0	-0.3859	-0.922541	0	None	None
ChainingRodShaped	12655	4.4777	0.5	-13.6959	-71.9185	0	0.985293	-0.170874	0	None	None
ChainingRodShaped	17217	3.39328	0.5	-11.1035	-10.754	0	-0.829526	-0.558469	0	None	None
ChainingRodShaped	13361	4.33209	0.5	-44.6792	-16.836	0	-0.903496	-0.428596	0	None	None
ChainingRodShaped	18141	2.46359	0.5	30.9352	-28.9752	0	-0.960601	-0.277931	0	None	None
ChainingRodShaped	7518	4.91687	0.5	8.85749	16.6729	0	-0.900067	0.435752	0	None	None
ChainingRodShaped	7520	4.81164	0.5	-3.38461	12.7653	0	0.998026	0.0628067	0	None	None
ChainingRodShaped	15865	3.89181	0.5	-50.9126	-17.5867	0	-0.575205	-0.818009	0	None	None
ChainingRodShaped	7524	4.4801	0.5	114.739	43.4753	0	0.95488	0.296992	0	None	None
ChainingRodShaped	16071	3.41739	0.5	31.0853	-29.7025	0	-0.960129	-0.279556	0	None	None
ChainingRodShaped	7528	4.39772	0.5	71.5221	-29.5961	0	0.396424	-0.918067	0	None	None
ChainingRodShaped	20191	2.24725	0.5	45.7396	-57.191	0	0.883374	0.46867	0	None	None
ChainingRodShaped	12521	4.52121	0.5	43.0313	67.3475	0	-0.231925	-0.972734	0	None	None
ChainingRodShaped	14133	3.23667	0.5	-52.7371	67.6295	0	-0.547273	-0.836954	0	None	None
ChainingRodShaped	20219	2.25168	0.5	98.2642	-3.53882	0	-0.757929	-0.652337	0	None	None
ChainingRodShaped	18387	2.4153	0.5	-38.2384	113.95	0	0.798703	0.601725	0	None	None
ChainingRodShaped	13267	3.12826	0.5	4.54186	-71.2617	0	0.68341	-0.730035	0	None	None
ChainingRodShaped	12803	4.93359	0.5	-14.0956	-32.2539	0	0.747299	0.664488	0	None	None
ChainingRodShaped	17949	3.07989	0.5	34.7385	43.5999	0	0.648154	-0.761509	0	None	None
ChainingRodShaped	20339	2.09449	0.5	-68.6395	3.61007	0	0.830123	-0.557581	0	None	None
ChainingRodShaped	12925	4.01994	0.5	34.6681	84.437	0	0.986612	0.163084	0	None	None
ChainingRodShaped	20071	2.22607	0.5	96.4935	46.1085	0	-0.761174	-0.648548	0	None	None
ChainingRodShaped	7552	4.41592	0.5	81.6246	-22.1631	0	-0.255397	0.966836	0	None	None
ChainingRodShaped	15965	3.04603	0.5	-48.6948	90.1968	0	0.435491	0.900193	0	None	None
ChainingRodShaped	12689	4.00108	0.5	34.6277	-54.1016	0	0.874684	-0.484694	0	None	None
ChainingRodShaped	17175	2.67904	0.5	58.9427	-26.2735	0	0.425942	0.90475	0	None	None
ChainingRodShaped	17157	2.88065	0.5	8.83417	31.9053	0	-0.999508	-0.0313793	0	None	None
ChainingRodShaped	14089	3.17875	0.5	114.112	42.2519	0	0.955317	0.295582	0	None	None
ChainingRodShaped	7564	4.89495	0.5	-25.0966	65.3831	0	0.924528	0.381113	0	None	None
ChainingRodShaped	14151	3.66727	0.5	-8.22157	56.8979	0	0.511246	-0.859435	0	None	None
ChainingRodShaped	13547	3.54853	0.5	-65.3132	23.784	0	-0.921691	0.387924	0	None	None
ChainingRodShaped	16491	3.07284	0.5	64.41	70.0121	0	0.658924	0.752209	0	None	None
ChainingRodShaped	15413	3.50874	0.5	70.2361	-19.0067	0	0.103639	-0.994615	0	None	None
ChainingRodShaped	16679	3.24853	0.5	-11.1808	-73.3296	0	0.985641	-0.168854	0	None	None
ChainingRodShaped	12353	4.45348	0.5	8.06432	-66.6941	0	0.969601	-0.24469	0	None	None
ChainingRodShaped	11751	4.57832	0.5	-78.7412	27.3919	0	-0.796045	-0.605238	0	None	None
ChainingRodShaped	20459	2.12413	0.5	5.15857	117.703	0	0.461234	0.887279	0	None	None
ChainingRodShaped	13465	4.93656	0.5	-22.0471	-26.7689	0	-0.0200492	-0.999799	0	None	None
ChainingRodShaped	16727	3.30734	0.5	67.0583	64.896	0	-0.212161	0.977235	0	None	None
ChainingRodShaped	18507	2.68281	0.5	-47.7481	-46.5268	0	0.874171	0.485618	0	None	None
ChainingRodShaped	13397	3.48741	0.5	60.7184	42.9954	0	-0.954124	-0.299411	0	None	None
ChainingRodShaped	12769	4.91909	0.5	6.43013	58.0731	0	0.832876	0.55346	0	None	None
ChainingRodShaped	12221	3.89949	0.5	14.0161	-38.0109	0	0.199666	-0.979864	0	None	None
ChainingRodShaped	13749	4.66459	0.5	21.7439	81.0835	0	0.997363	0.072578	0	None	None
ChainingRodShaped	20365	2.10017	0.5	33.9925	-60.2538	0	0.18423	-0.982883	0	None	None
ChainingRodShaped	13553	4.26408	0.5	58.4475	23.9502	0	-0.888167	0.45952	0	None	None
ChainingRodShaped	7600	4.32253	0.5	-34.0295	25.5333	0	0.928204	0.37207	0	None	None
ChainingRodShaped	7602	4.77345	0.5	3.48356	126.95	0	0.354114	-0.935202	0	None	None
ChainingRodShaped	16093	2.75317	0.5	8.83079	125.385	0	0.921998	0.387196	0	None	None
ChainingRodShaped	15445	3.65825	0.5	49.4606	109.413	0	0.74078	0.671748	0	None	None
ChainingRodShaped	11965	3.61306	0.5	101.146	18.0417	0	0.307062	-0.95169	0	None	None
ChainingRodShaped	16067	3.69866	0.5	-11.0287	55.1346	0	0.549115	-0.835747	0	None	None
ChainingRodShaped	7612	4.83434	0.5	-2.95979	83.4956	0	0.0594663	-0.99823	0	None	None
ChainingRodShaped	11957	4.19963	0.5	-86.2309	57.5729	0	0.901003	-0.433812	0	None	None
ChainingRodShaped	11883	4.07316	0.5	81.5641	-27.8019	0	-0.64099	0.767549	0	None	None
ChainingRodShaped	12063	4.42641	0.5	47.9419	-16.3463	0	-0.527729	-0.849413	0	None	None
ChainingRodShaped	16139	2.86167	0.5	-18.0238	10.2448	0	-0.127915	-0.991785	0	None	None
ChainingRodShaped	7622	4.59442	0.5	31.0004	-55.8277	0	0.870735	-0.491752	0	None	None
ChainingRodShaped	7624	4.32663	0.5	91.0131	-6.59094	0	-0.537293	-0.843395	0	None	None
ChainingRodShaped	17959	2.71707	0.5	-78.6426	26.3348	0	-0.792174	-0.610295	0	None	None
ChainingRodShaped	19501	2.47025	0.5	-69.6378	76.7613	0	0.760279	-0.649597	0	None	None
ChainingRodShaped	17017	3.3895	0.5	49.307	85.5546	0	0.0126305	0.99992	0	None	None
ChainingRodShaped	18295	2.85026	0.5	-23.4018	96.7293	0	0.289989	-0.95703	0	None	None
ChainingRodShaped	16741	3.00294	0.5	-39.2626	-30.3941	0	-0.0900258	0.995939	0	None	None
ChainingRodShaped	16915	3.26436	0.5	-73.5115	23.7035	0	0.514891	-0.857256	0	None	None
ChainingRodShaped	12995	4.07986	0.5	6.27811	23.7428	0	-0.129513	0.991578	0	None	None
ChainingRodShaped	16795	3.18819	0.5	38.3941	88.7171	0	0.927126	0.37475	0	None	None
ChainingRodShaped	19701	2.45026	0.5	78.3954	55.5599	0	-0.980537	-0.196333	0	None	None
ChainingRodShaped	19291	2.3594	0.5	27.7657	57.4983	0	0.791234	0.611513	0	None	None
ChainingRodShaped	14881	4.03916	0.5	83.6206	61.6125	0	0.873163	0.487428	0	None	None
ChainingRodShaped	12799	3.32114	0.5	31.5019	57.8592	0	-0.731384	-0.681966	0	None	None
ChainingRodShaped	7650	4.86225	0.5	42.7423	-24.282	0	-0.295646	-0.955298	0	None	None
ChainingRodShaped	14631	4.33509	0.5	-8.391	41.6944	0	0.510397	0.859939	0	None	None
ChainingRodShaped	20813	2.02778	0.5	8.97377	23.2031	0	-0.181377	0.983414	0	None	None
ChainingRodShaped	7656	4.57679	0.5	-38.0542	15.6152	0	0.84111	0.540864	0	None	None
ChainingRodShaped	14787	3.69499	0.5	4.75937	31.1066	0	-0.983691	-0.179865	0	None	None
ChainingRodShaped	13975	3.97339	0.5	29.6934	69.8687	0	0.682743	0.730659	0	None	None
ChainingRodShaped	7662	4.55932	0.5	60.2086	-29.4105	0	0.0472124	0.998885	0	None	None
ChainingRodShaped	15727	3.66601	0.5	78.7909	92.4597	0	0.45381	-0.891099	0	None	None
ChainingRodShaped	7666	4.73386	0.5	-33.9359	72.8829	0	-0.402036	-0.915624	0	None	None
ChainingRodShaped	13979	4.67696	0.5	94.3963	41.314	0	-0.990065	-0.140613	0	None	None
ChainingRodShaped	16887	3.04959	0.5	-74.5092	33.3265	0	0.975905	0.218197	0	None	None
ChainingRodShaped	7672	4.37174	0.5	4.24385	-17.1073	0	-0.296069	0.955166	0	None	None
ChainingRodShaped	16619	3.36673	0.5	-95.3985	29.7336	0	-0.0450464	0.998985	0	None	None
ChainingRodShaped	12129	4.03912	0.5	-47.6615	-44.6011	0	0.614939	0.788574	0	None	None
ChainingRodShaped	7678	4.8451	0.5	-26.9053	-15.3977	0	-0.270859	0.962619	0	None	None
ChainingRodShaped	12023	3.92006	0.5	51.4284	34.0328	0	0.9942	-0.107548	0	None	None
ChainingRodShaped	12863	4.55283	0.5	-26.3983	67.39	0	-0.439276	-0.898352	0	None	None
ChainingRodShaped	13751	3.3527	0.5	25.4358	13.9749	0	-0.242359	0.970187	0	None	None
ChainingRodShaped	12071	4.21944	0.5	59.3899	112.987	0	0.914186	0.405294	0	None	None
ChainingRodShaped	18809	2.38261	0.5	-16.484	69.0017	0	-0.829966	0.557814	0	None	None
ChainingRodShaped	7690	4.93801	0.5	20.883	79.0612	0	-0.862371	0.506277	0	None	None
ChainingRodShaped	20305	2.08806	0.5	88.3349	45.4959	0	-0.810829	-0.585283	0	None	None
ChainingRodShaped	13771	4.63051	0.5	-12.3414	-58.442	0	-0.163648	-0.986519	0	None	None
ChainingRodShaped	7696	4.53177	0.5	4.14473	23.4506	0	-0.12892	0.991655	0	None	None
ChainingRodShaped	14785	4.23864	0.5	-26.1436	100.695	0	-0.263046	0.964783	0	None	None
ChainingRodShaped	15151	4.19473	0.5	-30.153	6.96405	0	-0.829445	-0.558589	0	None	None
ChainingRodShaped	18139	3.02414	0.5	-22.1229	40.2434	0	-0.991704	0.128542	0	None	None
ChainingRodShaped	20225	2.18777	0.5	-10.1832	104.622	0	0.843659	0.536879	0	None	None
ChainingRodShaped	13661	3.81442	0.5	-93.1372	9.66504	0	-0.765026	0.643999	0	None	None
ChainingRodShaped	20709	2.05259	0.5	-74.7112	55.8256	0	-0.888876	0.458147	0	None	None
ChainingRodShaped	19639	2.41227	0.5	10.3838	76.5672	0	0.954784	-0.297301	0	None	None
ChainingRodShaped	14795	2.87342	0.5	-51.7938	59.9518	0	0.104245	-0.994552	0	None	None
ChainingRodShaped	11949	4.75002	0.5	-8.39007	80.5257	0	0.545969	-0.837805	0	None	None
ChainingRodShaped	16451	3.67278	0.5	-15.6903	89.2636	0	0.126199	-0.992005	0	None	None
ChainingRodShaped	16143	3.08868	0.5	18.2248	-54.0219	0	-0.207941	0.978141	0	None	None
ChainingRodShaped	13715	3.72681	0.5	-36.7391	50.6778	0	0.242228	-0.970219	0	None	None
ChainingRodShaped	13153	3.15256	0.5	-6.27055	-10.0738	0	-0.549681	0.835375	0	None	None
ChainingRodShaped	14821	4.34122	0.5	2.43509	124.214	0	0.172911	0.984937	0	None	None
ChainingRodShaped	12747	4.84432	0.5	30.2746	25.0835	0	0.0103834	-0.999946	0	None	None
ChainingRodShaped	14697	2.89561	0.5	-89.2812	64.9996	0	-0.414779	-0.909922	0	None	None
ChainingRodShaped	18275	2.80713	0.5	40.1139	109.827	0	0.716394	0.697696	0	None	None
ChainingRodShaped	12439	4.82998	0.5	67.0419	35.8444	0	0.806276	-0.591539	0	None	None
ChainingRodShaped	14547	4.09815	0.5	-36.1671	-47.7426	0	0.885307	0.465007	0	None	None
ChainingRodShaped	13605	3.28543	0.5	-30.9027	107.493	0	-0.777551	0.62882	0	None	None
ChainingRodShaped	13641	3.28263	0.5	-27.6125	-5.41731	0	0.310063	-0.950716	0	None	None
ChainingRodShaped	14313	4.52602	0.5	-78.2523	-6.76248	0	-0.929823	-0.368008	0	None	None
ChainingRodShaped	13435	3.51149	0.5	41.2849	-3.25661	0	-0.371818	-0.928306	0	None	None
ChainingRodShaped	20617	2.05957	0.5	80.9572	-46.1694	0	-0.220471	0.975394	0	None	None
ChainingRodShaped	14295	3.99246	0.5	-51.1225	-14.9371	0	-0.780963	-0.624578	0	None	None
ChainingRodShaped	19375	2.24016	0.5	-14.4243	-30.4273	0	0.733698	0.679476	0	None	None
ChainingRodShaped	12181	3.33405	0.5	-12.8481	89.7302	0	-0.779955	-0.625835	0	None	None
ChainingRodShaped	15269	3.38692	0.5	35.4287	104.533	0	0.246723	0.969086	0	None	None
ChainingRodShaped	15125	4.00713	0.5	-53.125	73.5636	0	0.679326	0.733837	0	None	None
ChainingRodShaped	7756	4.97337	0.5	-86.7324	56.8261	0	0.905304	-0.424765	0	None	None
ChainingRodShaped	19843	2.29349	0.5	-38.0091	56.253	0	0.252567	-0.967579	0	None	None
ChainingRodShaped	14225	3.8577	0.5	-82.8778	18.5511	0	-0.19829	0.980143	0	None	None
ChainingRodShaped	12867	4.60552	0.5	-48.3509	57.8654	0	-0.0764613	0.997073	0	None	None
ChainingRodShaped	13629	3.67449	0.5	47.0573	42.3313	0	0.892227	0.451588	0	None	None
ChainingRodShaped	14985	2.91451	0.5	0.0903527	-8.09144	0	-0.547066	0.837089	0	None	None
ChainingRodShaped	19421	2.29346	0.5	27.296	127.392	0	0.331097	0.943597	0	None	None
ChainingRodShaped	19815	2.31746	0.5	-73.6942	-28.059	0	-0.586274	0.810113	0	None	None
ChainingRodShaped	20509	2.0571	0.5	44.4952	118.758	0	0.955065	0.296398	0	None	None
ChainingRodShaped	15895	3.16641	0.5	11.299	23.4784	0	-0.950412	0.310994	0	None	None
ChainingRodShaped	20905	2.01235	0.5	105.999	74.0829	0	0.480604	-0.876938	0	None	None
ChainingRodShaped	12467	4.50461	0.5	-42.5882	43.5859	0	0.975939	0.218042	0	None	None
ChainingRodShaped	12115	3.7337	0.5	-9.28511	120.318	0	-0.125264	-0.992123	0	None	None
ChainingRodShaped	12571	4.88502	0.5	71.7342	-10.186	0	0.369283	-0.929317	0	None	None
ChainingRodShaped	19705	2.16641	0.5	-40.0684	51.0749	0	0.222887	-0.974844	0	None	None
ChainingRodShaped	16345	2.84345	0.5	10.2232	11.4895	0	0.983626	0.18022	0	None	None
ChainingRodShaped	20109	2.1826	0.5	24.1882	49.2384	0	0.470251	0.882532	0	None	None
ChainingRodShaped	15505	3.53342	0.5	52.7926	-9.17544	0	0.36156	-0.932349	0	None	None
ChainingRodShaped	13385	4.03834	0.5	12.1322	44.4116	0	0.749022	0.662545	0	None	None
ChainingRodShaped	15569	3.6544	0.5	-4.07476	20.1784	0	0.297444	-0.954739	0	None	None
ChainingRodShaped	12347	4.46359	0.5	20.249	90.2634	0	0.958924	0.283663	0	None	None
ChainingRodShaped	20481	2.14011	0.5	37.8483	-10.3226	0	0.958459	-0.28523	0	None	None
ChainingRodShaped	7800	4.83813	0.5	-32.2191	106.488	0	-0.766902	0.641764	0	None	None
ChainingRodShaped	19085	2.51431	0.5	19.8014	46.4573	0	-0.676788	-0.736178	0	None	None
ChainingRodShaped	12723	4.37166	0.5	-64.9333	72.5155	0	0.35367	0.93537	0	None	None
ChainingRodShaped	20455	2.06343	0.5	-48.2587	87.1976	0	0.460189	0.887821	0	None	None
ChainingRodShaped	18035	3.04782	0.5	-85.6036	-1.09106	0	-0.986262	0.165186	0	None	None
ChainingRodShaped	14437	4.1862	0.5	-25.1959	6.31041	0	-0.0245803	0.999698	0	None	None
ChainingRodShaped	7812	4.36191	0.5	-26.9644	111.902	0	-0.99536	0.0962195	0	None	None
ChainingRodShaped	15467	3.10826	0.5	28.9928	36.8023	0	0.0216627	-0.999765	0	None	None
ChainingRodShaped	7816	4.95443	0.5	40.2159	57.4688	0	-0.423796	-0.905758	0	None	None
ChainingRodShaped	16973	2.99114	0.5	-31.0393	100.411	0	-0.19819	0.980164	0	None	None
ChainingRodShaped	12795	4.54717	0.5	-87.4092	34.8075	0	0.150526	0.988606	0	None	None
ChainingRodShaped	7822	4.95591	0.5	-80.1178	6.27986	0	-0.907226	0.420644	0	None	None
ChainingRodShaped	7824	4.7663	0.5	10.8089	-33.6691	0	0.653865	-0.756611	0	None	None
ChainingRodShaped	15595	3.56396	0.5	-20.2116	47.1697	0	0.681668	-0.731662	0	None	None
ChainingRodShaped	7828	4.59426	0.5	85.9192	18.3471	0	-0.87319	0.487379	0	None	None
ChainingRodShaped	15025	3.41992	0.5	-27.4331	79.4743	0	-0.0512123	-0.998688	0	None	None
ChainingRodShaped	18905	2.6746	0.5	47.4458	-42.4738	0	0.991786	-0.127912	0	None	None
ChainingRodShaped	14475	3.83248	0.5	-4.13146	-33.2535	0	-0.385865	0.922555	0	None	None
ChainingRodShaped	12103	4.53276	0.5	-28.4788	54.92	0	0.98271	0.185153	0	None	None
ChainingRodShaped	13201	3.87054	0.5	40.3907	53.6256	0	-0.413723	-0.910403	0	None	None
ChainingRodShaped	15235	3.91211	0.5	70.9288	-46.2468	0	-0.382459	-0.923972	0	None	None
ChainingRodShaped	14211	4.232	0.5	-39.0856	101.573	0	0.989309	-0.145832	0	None	None
ChainingRodShaped	7844	4.50355	0.5	10.6787	103.599	0	-0.453379	-0.891318	0	None	None
ChainingRodShaped	20847	2.03012	0.5	-54.0591	-0.218657	0	0.203408	-0.979094	0	None	None
ChainingRodShaped	12671	4.70018	0.5	10.5281	-12.7843	0	0.471739	-0.881738	0	None	None
ChainingRodShaped	15661	3.89117	0.5	-86.2588	30.1364	0	-0.102082	-0.994776	0	None	None
ChainingRodShaped	13045	3.47055	0.5	-55.4824	101.703	0	0.964311	-0.264773	0	None	None
ChainingRodShaped	18915	2.67969	0.5	-61.8569	-11.5922	0	0.847033	-0.53154	0	None	None
ChainingRodShaped	18069	2.37209	0.5	36.2769	33.4805	0	0.202943	-0.97919	0	None	None
ChainingRodShaped	17789	2.46297	0.5	51.3618	58.6035	0	-0.745442	-0.666571	0	None	None
ChainingRodShaped	13251	3.26279	0.5	-3.5057	109.711	0	0.982867	0.184316	0	None	None
ChainingRodShaped	12323	3.64425	0.5	-91.4316	16.4416	0	-0.216746	0.976228	0	None	None
ChainingRodShaped	14047	3.62518	0.5	97.1687	-1.62923	0	-0.536016	-0.844208	0	None	None
ChainingRodShaped	14979	3.96174	0.5	73.2411	15.286	0	-0.987554	0.15728	0	None	None
ChainingRodShaped	20285	2.08651	0.5	14.8018	111.015	0	-0.0284169	-0.999596	0	None	None
ChainingRodShaped	14493	3.67312	0.5	-30.434	-41.562	0	0.910513	0.413481	0	None	None
ChainingRodShaped	13577	3.32031	0.5	37.6197	-9.51631	0	0.955539	-0.294865	0	None	None
ChainingRodShaped	7874	4.31666	0.5	67.0418	-44.3012	0	-0.350036	-0.936736	0	None	None
ChainingRodShaped	12313	4.39303	0.5	-17.3847	103.82	0	0.177033	-0.984205	0	None	None
ChainingRodShaped	7878	4.52953	0.5	96.5927	74.3069	0	0.168314	-0.985733	0	None	None
ChainingRodShaped	13185	3.97075	0.5	18.8459	43.4079	0	0.465515	-0.88504	0	None	None
ChainingRodShaped	14523	3.15704	0.5	-93.918	27.0714	0	-0.320036	0.947405	0	None	None
ChainingRodShaped	7884	4.9017	0.5	62.9578	24.9276	0	0.787389	-0.616456	0	None	None
ChainingRodShaped	13099	4.53996	0.5	25.0814	42.4596	0	-0.429656	0.902992	0	None	None
ChainingRodShaped	7888	4.63127	0.5	45.7511	-52.4205	0	0.999533	-0.0305656	0	None	None
ChainingRodShaped	17705	2.46639	0.5	26.1267	80.2387	0	0.996948	0.0780622	0	None	None
ChainingRodShaped	13925	4.31644	0.5	-15.9538	130.109	0	0.998212	0.0597779	0	None	None
ChainingRodShaped	20029	2.22879	0.5	26.9222	15.602	0	-0.220232	0.975448	0	None	None
ChainingRodShaped	15201	3.49424	0.5	26.3812	8.37317	0	-0.540246	0.841507	0	None	None
ChainingRodShaped	12721	3.62201	0.5	101.304	7.58656	0	0.653448	-0.756971	0	None	None
ChainingRodShaped	15791	3.45053	0.5	70.0013	90.7115	0	0.0958212	0.995399	0	None	None
ChainingRodShaped	15793	2.66869	0.5	49.2421	28.5768	0	0.99902	0.0442615	0	None	None
ChainingRodShaped	18449	2.63297	0.5	52.012	37.3634	0	0.996964	-0.0778693	0	None	None
ChainingRodShaped	14969	4.02015	0.5	82.2888	55.0952	0	-0.717748	-0.696303	0	None	None
ChainingRodShaped	7908	4.78758	0.5	-44.4447	43.9084	0	0.973722	0.227739	0	None	None
ChainingRodShaped	19605	2.42368	0.5	-38.0438	49.4256	0	0.222742	-0.974877	0	None	None
ChainingRodShaped	13819	3.9445	0.5	-48.0823	114.004	0	0.992122	0.125274	0	None	None
ChainingRodShaped	13571	3.47202	0.5	-43.4899	76.0683	0	-0.912254	-0.409626	0	None	None
ChainingRodShaped	15869	3.80499	0.5	62.1638	3.16245	0	-0.976737	0.21444	0	None	None
ChainingRodShaped	17873	2.63221	0.5	40.9692	-53.0383	0	0.922531	0.385922	0	None	None
ChainingRodShaped	13377	3.90938	0.5	-65.1668	-15.7367	0	-0.782913	0.622131	0	None	None
ChainingRodShaped	13503	3.53969	0.5	-47.7898	114.965	0	0.992369	0.123306	0	None	None
ChainingRodShaped	14955	3.56446	0.5	5.89703	72.1737	0	0.954325	-0.298772	0	None	None
ChainingRodShaped	13961	2.99465	0.5	41.6496	15.9385	0	0.747448	0.66432	0	None	None
ChainingRodShaped	13899	4.09429	0.5	-92.0388	14.8361	0	-0.2265	0.974011	0	None	None
ChainingRodShaped	7930	4.42266	0.5	9.82721	3.90451	0	-0.442635	-0.896702	0	None	None
ChainingRodShaped	7932	4.25797	0.5	80.0756	-10.8338	0	0.197017	0.9804	0	None	None
ChainingRodShaped	7934	4.25129	0.5	-68.9529	90.5303	0	0.745933	0.666022	0	None	None
ChainingRodShaped	15033	3.04564	0.5	13.996	67.9539	0	-0.734853	-0.678226	0	None	None
ChainingRodShaped	12377	3.4742	0.5	78.2042	-13.9623	0	-0.165881	0.986146	0	None	None
ChainingRodShaped	18901	2.50425	0.5	-45.9914	47.1662	0	-0.256881	0.966443	0	None	None
ChainingRodShaped	12257	4.77111	0.5	81.7293	98.9766	0	0.867857	-0.496814	0	None	None
ChainingRodShaped	20315	2.11045	0.5	48.9685	-20.9895	0	-0.396984	-0.917826	0	None	None
ChainingRodShaped	12701	3.51083	0.5	109.183	55.7656	0	-0.776278	0.630391	0	None	None
ChainingRodShaped	13429	4.24667	0.5	53.1466	57.5652	0	-0.76974	-0.638357	0	None	None
ChainingRodShaped	19769	2.24947	0.5	-16.7323	35.0369	0	-0.958675	0.284503	0	None	None
ChainingRodShaped	14571	4.16888	0.5	-16.777	71.8381	0	-0.835956	0.548797	0	None	None
ChainingRodShaped	14825	2.95174	0.5	62.5336	91.054	0	0.317147	-0.948376	0	None	None
ChainingRodShaped	19721	2.24575	0.5	18.4422	137.827	0	0.572366	0.819998	0	None	None
ChainingRodShaped	12609	4.6462	0.5	-78.7774	-17.6692	0	0.00918682	-0.999958	0	None	None
ChainingRodShaped	14815	4.28405	0.5	-20.7971	8.49023	0	-0.0886157	-0.996066	0	None	None
ChainingRodShaped	14325	4.54923	0.5	58.2955	110.212	0	0.817071	0.576537	0	None	None
ChainingRodShaped	16871	3.43975	0.5	-46.5783	-31.7058	0	0.624508	0.781018	0	None	None
ChainingRodShaped	16117	3.61814	0.5	-48.9385	-51.1087	0	0.999852	0.0171834	0	None	None
ChainingRodShaped	13195	4.32404	0.5	49.8588	51.1396	0	0.96368	0.267058	0	None	None
ChainingRodShaped	7970	4.57215	0.5	7.5254	104.318	0	-0.475054	-0.879957	0	None	None
ChainingRodShaped	18841	2.69902	0.5	-12.6521	11.8632	0	-0.411353	-0.911476	0	None	None
ChainingRodShaped	7974	4.2395	0.5	34.2919	57.8891	0	0.514706	0.857367	0	None	None
ChainingRodShaped	13207	4.45625	0.5	-87.0551	30.5537	0	0.0987	0.995117	0	None	None
ChainingRodShaped	15715	3.03524	0.5	-74.9492	71.448	0	0.877785	-0.479054	0	None	None
ChainingRodShaped	16857	3.21097	0.5	46.9483	-48.0418	0	0.998228	-0.0594984	0	None	None
ChainingRodShaped	7982	4.32534	0.5	5.06618	83.6649	0	0.694081	0.719897	0	None	None
ChainingRodShaped	13455	4.81663	0.5	-49.0142	24.8466	0	0.770612	0.637305	0	None	None
ChainingRodShaped	19505	2.23173	0.5	1.55503	-58.9417	0	0.525769	-0.850627	0	None	None
ChainingRodShaped	14467	3.67395	0.5	17.3401	33.6315	0	0.110179	0.993912	0	None	None
ChainingRodShaped	13407	3.55146	0.5	29.9998	-17.7837	0	0.953536	-0.301278	0	None	None
ChainingRodShaped	14373	2.97192	0.5	-63.707	-14.6717	0	0.777183	-0.629275	0	None	None
ChainingRodShaped	7994	4.67242	0.5	76.9499	3.32655	0	0.990365	-0.138483	0	None	None
ChainingRodShaped	12829	3.77988	0.5	37.6129	7.36592	0	-0.570915	-0.821009	0	None	None
ChainingRodShaped	12509	3.7366	0.5	-22.0604	15.526	0	0.936662	-0.350235	0	None	None
ChainingRodShaped	14619	3.67741	0.5	-48.3829	66.4245	0	0.580217	0.814462	0	None	None
ChainingRodShaped	8002	4.89632	0.5	59.8901	84.703	0	0.0807862	-0.996731	0	None	None
ChainingRodShaped	15759	3.62163	0.5	102.512	39.4334	0	0.966075	0.258261	0	None	None
ChainingRodShaped	15317	3.73998	0.5	42.5847	-47.982	0	0.998796	-0.0490464	0	None	None
ChainingRodShaped	8008	4.59178	0.5	21.7817	63.3728	0	0.935701	0.352794	0	None	None
ChainingRodShaped	18705	2.52854	0.5	72.5566	-35.1532	0	-0.339928	0.940452	0	None	None
ChainingRodShaped	17139	2.65244	0.5	40.1037	8.52136	0	-0.571425	-0.820655	0	None	None
ChainingRodShaped	8014	4.33831	0.5	110.926	11.7538	0	0.615479	-0.788153	0	None	None
ChainingRodShaped	16671	2.69635	0.5	43.7029	47.0544	0	0.902224	0.431268	0	None	None
ChainingRodShaped	16055	2.96767	0.5	36.5282	71.7976	0	0.690989	0.722865	0	None	None
ChainingRodShaped	12611	3.17058	0.5	31.4621	73.1302	0	-0.813503	0.581561	0	None	None
ChainingRodShaped	8022	4.30516	0.5	88.1545	49.8793	0	-0.735795	-0.677204	0	None	None
ChainingRodShaped	16279	3.43842	0.5	-91.663	9.66436	0	-0.76604	0.642793	0	None	None
ChainingRodShaped	14845	4.00033	0.5	28.2923	24.2737	0	0.00601392	0.999982	0	None	None
ChainingRodShaped	14103	3.51728	0.5	-41.512	10.3125	0	0.807066	0.590462	0	None	None
ChainingRodShaped	14409	4.09477	0.5	20.0631	9.88827	0	0.219	-0.975725	0	None	None
ChainingRodShaped	13941	4.16825	0.5	35.2861	32.4823	0	0.183581	-0.983005	0	None	None
ChainingRodShaped	12693	4.61991	0.5	9.7318	-27.2241	0	-0.993716	0.11193	0	None	None
ChainingRodShaped	17309	3.36154	0.5	-62.6646	-23.2414	0	-0.787494	0.616322	0	None	None
ChainingRodShaped	20515	2.08871	0.5	-64.6028	95.9725	0	-0.88997	-0.45602	0	None	None
ChainingRodShaped	15037	3.90621	0.5	-37.4812	-31.8241	0	-0.254649	-0.967034	0	None	None
ChainingRodShaped	8042	4.86581	0.5	13.5865	40.4712	0	-0.528889	0.848691	0	None	None
ChainingRodShaped	13471	3.69207	0.5	50.2297	8.02919	0	-0.616874	-0.787062	0	None	None
ChainingRodShaped	15455	3.06079	0.5	-10.7926	55.9622	0	0.540812	-0.841143	0	None	None
ChainingRodShaped	14385	4.23745	0.5	61.2746	92.3087	0	0.307655	-0.951498	0	None	None
ChainingRodShaped	14279	3.93327	0.5	65.509	-26.3226	0	0.159026	-0.987274	0	None	None
ChainingRodShaped	8052	4.87505	0.5	47.459	77.596	0	-0.175093	-0.984552	0	None	None
ChainingRodShaped	17965	2.89325	0.5	-20.1356	-4.64654	0	-0.939424	-0.342756	0	None	None
ChainingRodShaped	12429	4.3027	0.5	43.8369	86.3984	0	0.896312	0.443425	0	None	None
ChainingRodShaped	13175	3.051	0.5	-91.1923	42.9368	0	-0.477566	-0.878596	0	None	None
ChainingRodShaped	8060	4.45201	0.5	83.8993	25.7685	0	0.167568	0.985861	0	None	None
ChainingRodShaped	13987	4.74835	0.5	44.9332	122.37	0	-0.997668	-0.0682484	0	None	None
ChainingRodShaped	18657	2.5975	0.5	-28.2887	-42.2636	0	0.902036	0.431661	0	None	None
ChainingRodShaped	8066	4.80765	0.5	53.3011	24.4382	0	-0.821608	-0.570053	0	None	None
ChainingRodShaped	14369	3.48645	0.5	50.9299	-25.5887	0	-0.47851	-0.878082	0	None	None
ChainingRodShaped	16793	3.19133	0.5	87.3082	-10.8698	0	-0.395508	-0.918463	0	None	None
ChainingRodShaped	19383	2.37007	0.5	31.3941	68.2318	0	0.678272	0.734811	0	None	None
ChainingRodShaped	15039	4.17992	0.5	-3.50443	4.11651	0	0.991226	0.132177	0	None	None
ChainingRodShaped	14911	3.73305	0.5	-71.9839	10.7527	0	0.789015	-0.614374	0	None	None
ChainingRodShaped	14113	4.68419	0.5	21.5885	-8.45793	0	0.958884	-0.283797	0	None	None
ChainingRodShaped	16507	3.07428	0.5	-10.9165	121.639	0	-0.139864	-0.990171	0	None	None
ChainingRodShaped	14383	3.79538	0.5	-76.8992	37.601	0	0.998066	0.0621585	0	None	None
ChainingRodShaped	13137	3.0705	0.5	-36.783	-63.6862	0	-0.995145	0.0984158	0	None	None
ChainingRodShaped	8086	4.18241	0.5	22.0534	60.5048	0	0.946151	0.323727	0	None	None
ChainingRodShaped	8088	4.88085	0.5	3.17246	45.1105	0	0.747343	0.664438	0	None	None
ChainingRodShaped	8090	4.55361	0.5	64.9044	46.035	0	0.970821	0.239805	0	None	None
ChainingRodShaped	8092	4.86533	0.5	-32.028	128.699	0	-0.954318	0.298793	0	None	None
ChainingRodShaped	13307	4.14217	0.5	29.2446	70.2206	0	0.675609	0.73726	0	None	None
ChainingRodShaped	12883	4.56829	0.5	4.97979	34.7219	0	0.952486	-0.304583	0	None	None
ChainingRodShaped	12575	4.88458	0.5	-71.5356	74.7719	0	0.775802	-0.630976	0	None	None
ChainingRodShaped	14831	3.28473	0.5	-31.0565	-37.1551	0	-0.992987	-0.118221	0	None	None
ChainingRodShaped	8102	4.36769	0.5	68.8757	1.92241	0	-0.824527	0.565823	0	None	None
ChainingRodShaped	13923	3.14941	0.5	-4.57107	104.11	0	0.974746	0.223318	0	None	None
ChainingRodShaped	14105	3.17596	0.5	-45.7282	-3.84042	0	0.307585	-0.951521	0	None	None
ChainingRodShaped	8108	4.74937	0.5	55.0851	92.6541	0	0.324682	-0.945823	0	None	None
ChainingRodShaped	13657	3.91541	0.5	-1.45371	-28.6156	0	0.516993	-0.85599	0	None	None
ChainingRodShaped	8112	4.26107	0.5	48.0013	60.0937	0	-0.711097	-0.703093	0	None	None
ChainingRodShaped	17023	3.44367	0.5	43.3021	94.0132	0	-0.505472	0.862843	0	None	None
ChainingRodShaped	19713	2.23006	0.5	-5.44303	-44.0011	0	-0.954244	0.299028	0	None	None
ChainingRodShaped	20393	2.17013	0.5	37.5809	-8.74633	0	0.954052	-0.299642	0	None	None
ChainingRodShaped	18663	2.43594	0.5	74.6997	94.7514	0	0.374078	-0.927397	0	None	None
ChainingRodShaped	13093	3.13779	0.5	19.4203	-68.2343	0	0.977721	0.20991	0	None	None
ChainingRodShaped	18899	2.42795	0.5	-31.0241	75.9791	0	-0.409915	-0.912124	0	None	None
ChainingRodShaped	8126	4.74356	0.5	63.275	23.8081	0	0.784161	-0.620558	0	None	None
ChainingRodShaped	8128	4.9912	0.5	68.2409	4.12474	0	0.834422	-0.551127	0	None	None
ChainingRodShaped	14585	4.27876	0.5	-34.8176	120.815	0	0.194671	-0.980869	0	None	None
ChainingRodShaped	15773	3.35451	0.5	-21.1681	-36.2584	0	0.726525	0.68714	0	None	None
ChainingRodShaped	18413	2.86547	0.5	83.1127	54.7495	0	-0.710706	-0.703489	0	None	None
ChainingRodShaped	18723	2.80805	0.5	-74.9168	-15.8366	0	-0.521273	0.85339	0	None	None
ChainingRodShaped	12683	3.82069	0.5	-17.2351	28.375	0	0.873185	-0.48739	0	None	None
ChainingRodShaped	12637	3.62973	0.5	96.9441	-12.6206	0	0.999025	0.0441446	0	None	None
ChainingRodShaped	8142	4.17849	0.5	31.3207	-12.2557	0	0.945567	-0.325428	0	None	None
ChainingRodShaped	13381	3.19695	0.5	-21.4546	-34.4046	0	-0.740175	-0.672414	0	None	None
ChainingRodShaped	16553	3.58534	0.5	58.6588	121.801	0	0.911769	0.410703	0	None	None
ChainingRodShaped	15671	3.51739	0.5	28.4995	93.3417	0	-0.99315	-0.116848	0	None	None
ChainingRodShaped	18439	2.35979	0.5	65.5809	-45.7409	0	-0.340671	-0.940183	0	None	None
ChainingRodShaped	17263	3.16493	0.5	-76.6193	-26.3505	0	-0.84213	-0.539274	0	None	None
ChainingRodShaped	15297	3.37385	0.5	69.2776	-43.3338	0	-0.363554	-0.931573	0	None	None
ChainingRodShaped	12889	3.79158	0.5	-40.5981	90.9715	0	-0.991824	0.127613	0	None	None
ChainingRodShaped	17061	2.57114	0.5	-27.4509	-26.5997	0	-0.293843	0.955854	0	None	None
ChainingRodShaped	19783	2.26961	0.5	16.4618	110.068	0	-0.0256087	-0.999672	0	None	None
ChainingRodShaped	14361	3.53876	0.5	-11.1412	105.807	0	0.755909	0.654677	0	None	None
ChainingRodShaped	8164	4.5011	0.5	-15.8767	31.0441	0	0.946884	-0.321576	0	None	None
ChainingRodShaped	15789	3.32297	0.5	-53.0858	55.1512	0	-0.0242879	-0.999705	0	None	None
ChainingRodShaped	19675	2.31447	0.5	13.4949	-16.6442	0	-0.979163	-0.203076	0	None	None
ChainingRodShaped	15855	3.07069	0.5	-55.7844	-10.1442	0	0.958672	0.284513	0	None	None
ChainingRodShaped	15045	3.49425	0.5	-62.0764	57.559	0	-0.553095	0.833118	0	None	None
ChainingRodShaped	19991	2.11522	0.5	-4.52728	-60.5197	0	0.174219	-0.984707	0	None	None
ChainingRodShaped	14981	3.4287	0.5	90.6567	74.3181	0	0.978846	-0.204601	0	None	None
ChainingRodShaped	14229	3.23832	0.5	-57.2484	49.8182	0	-0.974312	0.225204	0	None	None
ChainingRodShaped	15593	3.74632	0.5	-13.5632	95.4483	0	0.987232	0.159292	0	None	None
ChainingRodShaped	15831	3.05197	0.5	40.8936	129.015	0	0.961524	0.274723	0	None	None
ChainingRodShaped	13955	3.55715	0.5	70.2401	-36.2487	0	0.288199	-0.957571	0	None	None
ChainingRodShaped	20213	2.08949	0.5	11.377	67.0446	0	-0.486292	-0.873796	0	None	None
ChainingRodShaped	19643	2.19817	0.5	80.2787	8.45709	0	0.999978	0.00668961	0	None	None
ChainingRodShaped	19877	2.2991	0.5	-73.4329	-18.9794	0	0.741025	-0.671478	0	None	None
ChainingRodShaped	12753	3.47217	0.5	31.2359	31.4497	0	0.0455735	-0.998961	0	None	None
ChainingRodShaped	14345	3.73021	0.5	46.8735	20.6554	0	0.26883	-0.963188	0	None	None
ChainingRodShaped	16803	2.77163	0.5	-3.63214	127.196	0	0.0398337	-0.999206	0	None	None
ChainingRodShaped	15797	3.35247	0.5	12.4819	119.972	0	0.947877	0.318637	0	None	None
ChainingRodShaped	19369	2.30206	0.5	-5.08525	-71.6441	0	-0.567364	0.823467	0	None	None
ChainingRodShaped	14635	3.76024	0.5	1.82498	-45.6921	0	0.572568	-0.819857	0	None	None
ChainingRodShaped	20457	2.08057	0.5	-41.8819	-10.7297	0	0.729474	0.684009	0	None	None
ChainingRodShaped	8206	4.57388	0.5	-35.4274	71.4825	0	-0.411134	-0.911575	0	None	None
ChainingRodShaped	8208	4.61924	0.5	26.6539	-53.3448	0	-0.670159	-0.742217	0	None	None
ChainingRodShaped	16049	2.90587	0.5	22.5093	6.2874	0	0.337002	-0.941504	0	None	None
ChainingRodShaped	8212	4.73224	0.5	-57.8751	56.3716	0	-0.0450604	0.998984	0	None	None
ChainingRodShaped	15499	2.8056	0.5	60.4167	118.368	0	0.923351	0.383957	0	None	None
ChainingRodShaped	19609	2.42764	0.5	74.1881	51.9973	0	-0.894379	-0.44731	0	None	None
ChainingRodShaped	13831	4.26168	0.5	31.2315	-59.6874	0	-0.215367	0.976533	0	None	None
ChainingRodShaped	12937	3.93508	0.5	-44.4493	3.86567	0	0.976826	0.214036	0	None	None
ChainingRodShaped	14495	3.24115	0.5	106.739	52.9393	0	-0.323919	0.946085	0	None	None
ChainingRodShaped	13897	4.6012	0.5	64.5454	9.5662	0	0.992345	-0.123498	0	None	None
ChainingRodShaped	20683	2.04913	0.5	-44.4498	65.8567	0	-0.6102	-0.792247	0	None	None
ChainingRodShaped	15639	3.33003	0.5	-13.6626	94.7041	0	0.985588	0.169165	0	None	None
ChainingRodShaped	12957	4.62901	0.5	-10.7552	18.768	0	0.43512	-0.900372	0	None	None
ChainingRodShaped	15381	3.16014	0.5	9.62611	-17.6833	0	-0.99925	-0.0387105	0	None	None
ChainingRodShaped	8234	4.36608	0.5	-9.75074	-58.6614	0	0.134778	0.990876	0	None	None
ChainingRodShaped	14125	4.26848	0.5	-78.6529	-9.84559	0	-0.929356	-0.369185	0	None	None
ChainingRodShaped	16519	2.607	0.5	66.1582	30.4855	0	-0.841655	0.540015	0	None	None
ChainingRodShaped	16991	3.44878	0.5	31.5299	111.985	0	-0.213491	-0.976945	0	None	None
ChainingRodShaped	16841	2.7524	0.5	94.6991	-29.5991	0	-0.147902	0.989002	0	None	None
ChainingRodShaped	13599	4.72028	0.5	26.6005	99.4711	0	-0.398203	-0.917297	0	None	None
ChainingRodShaped	19109	2.35211	0.5	-4.24843	23.2232	0	0.50708	-0.861899	0	None	None
ChainingRodShaped	13971	4.04251	0.5	41.9549	-45.0046	0	0.996055	-0.0887399	0	None	None
ChainingRodShaped	16701	2.83415	0.5	17.9425	-20.8885	0	-0.998394	-0.0566437	0	None	None
ChainingRodShaped	14797	3.37841	0.5	-57.4095	-7.28275	0	0.9641	0.265538	0	None	None
ChainingRodShaped	8254	4.71231	0.5	-86.4299	47.6901	0	0.995312	-0.0967163	0	None	None
ChainingRodShaped	14405	3.82242	0.5	58.0144	47.1791	0	-0.966793	-0.255561	0	None	None
ChainingRodShaped	13473	4.75252	0.5	90.5448	58.2725	0	-0.405455	-0.914115	0	None	None
ChainingRodShaped	20831	2.0126	0.5	-15.7532	69.4124	0	-0.826364	0.563136	0	None	None
ChainingRodShaped	8262	4.40184	0.5	30.3536	65.9861	0	0.671021	0.741438	0	None	None
ChainingRodShaped	14195	3.10498	0.5	-67.3206	57.6679	0	-0.677655	0.73538	0	None	None
ChainingRodShaped	13703	4.11317	0.5	5.78019	-15.7379	0	0.444605	-0.895727	0	None	None
ChainingRodShaped	14757	4.23574	0.5	-29.8054	32.3846	0	0.927648	0.373456	0	None	None
ChainingRodShaped	14253	3.87122	0.5	32.7056	-68.6654	0	0.208766	0.977966	0	None	None
ChainingRodShaped	19313	2.48948	0.5	88.2655	37.9363	0	-0.998343	-0.0575418	0	None	None
ChainingRodShaped	14561	3.66256	0.5	99.0953	40.406	0	-0.969672	-0.244408	0	None	None
ChainingRodShaped	16285	2.67912	0.5	59.1526	58.7809	0	0.985554	0.16936	0	None	None
ChainingRodShaped	12943	3.97476	0.5	6.08383	-46.2402	0	0.503128	-0.864212	0	None	None
ChainingRodShaped	15923	3.85425	0.5	-48.9633	66.7411	0	0.572138	0.820158	0	None	None
ChainingRodShaped	13811	3.99261	0.5	83.2352	11.5526	0	0.995209	-0.0977736	0	None	None
ChainingRodShaped	12861	4.33517	0.5	1.16978	63.0678	0	-0.637257	-0.770651	0	None	None
ChainingRodShaped	8286	4.49378	0.5	28.693	102.56	0	-0.191822	-0.98143	0	None	None
ChainingRodShaped	8288	4.67091	0.5	-69.8201	65.6183	0	0.963416	-0.268012	0	None	None
ChainingRodShaped	14055	4.52888	0.5	57.7554	29.3073	0	0.954106	-0.299469	0	None	None
ChainingRodShaped	13327	4.33714	0.5	87.2215	80.8077	0	0.967323	-0.253548	0	None	None
ChainingRodShaped	20261	2.08121	0.5	56.3273	20.6159	0	-0.914129	0.405423	0	None	None
ChainingRodShaped	12993	4.623	0.5	-11.0323	-74.3351	0	0.984875	-0.173265	0	None	None
ChainingRodShaped	17259	3.1676	0.5	33.8962	115.497	0	-0.164019	-0.986457	0	None	None
ChainingRodShaped	16377	3.08772	0.5	-44.7101	66.7519	0	-0.602449	-0.798158	0	None	None
ChainingRodShaped	19753	2.40798	0.5	15.9515	66.0448	0	0.761505	0.648159	0	None	None
ChainingRodShaped	18161	2.97258	0.5	89.42	53.8962	0	-0.423318	-0.905981	0	None	None
ChainingRodShaped	13763	4.74043	0.5	37.8126	60.2049	0	-0.286098	-0.9582	0	None	None
ChainingRodShaped	13315	4.52205	0.5	96.6613	-35.1112	0	-0.487698	-0.873013	0	None	None
ChainingRodShaped	13065	3.70023	0.5	112.254	38.7823	0	0.267837	0.963464	0	None	None
ChainingRodShaped	14491	4.38389	0.5	-38.6622	69.7083	0	-0.698361	-0.715745	0	None	None
ChainingRodShaped	8314	4.41654	0.5	43.1227	28.665	0	0.80599	0.591929	0	None	None
ChainingRodShaped	14513	4.40915	0.5	-70.1142	57.0357	0	-0.845176	0.534487	0	None	None
ChainingRodShaped	8318	4.59223	0.5	-26.764	-5.872	0	-0.319704	0.947517	0	None	None
ChainingRodShaped	14109	2.98549	0.5	37.7957	77.0238	0	0.941692	0.336477	0	None	None
ChainingRodShaped	13329	3.13086	0.5	-73.9227	32.5859	0	0.973677	0.227934	0	None	None
ChainingRodShaped	13161	4.40515	0.5	59.8075	54.3058	0	0.969804	0.243884	0	None	None
ChainingRodShaped	20893	2.01172	0.5	94.3789	58.5774	0	-0.411109	-0.911586	0	None	None
ChainingRodShaped	16591	3.00836	0.5	-33.5894	-4.88995	0	-0.165556	-0.9862	0	None	None
ChainingRodShaped	18583	2.40305	0.5	54.046	50.3607	0	0.946599	0.322415	0	None	None
ChainingRodShaped	13067	3.47506	0.5	51.4072	-21.1017	0	-0.421685	-0.906742	0	None	None
ChainingRodShaped	13259	3.28563	0.5	6.10074	11.3844	0	0.983955	0.178415	0	None	None
ChainingRodShaped	16961	2.87561	0.5	96.1517	60.2386	0	-0.41364	-0.910441	0	None	None
ChainingRodShaped	13277	3.31743	0.5	3.51801	-53.254	0	-0.730022	0.683424	0	None	None
ChainingRodShaped	17045	2.7516	0.5	26.0002	70.3192	0	0.848308	0.529503	0	None	None
ChainingRodShaped	15885	3.61205	0.5	50.4158	69.1903	0	-0.19442	-0.980918	0	None	None
ChainingRodShaped	14751	2.98545	0.5	60.788	-20.5011	0	0.444307	0.895874	0	None	None
ChainingRodShaped	16255	3.22455	0.5	-2.78656	6.61738	0	0.998155	0.0607159	0	None	None
ChainingRodShaped	20909	2.00718	0.5	-49.726	80.6512	0	0.731086	0.682286	0	None	None
ChainingRodShaped	8350	4.11812	0.5	-33.6871	-52.1688	0	-0.904378	-0.426732	0	None	None
ChainingRodShaped	8352	4.97784	0.5	33.248	68.2552	0	0.662432	0.749122	0	None	None
ChainingRodShaped	8354	4.30098	0.5	10.0968	-47.8933	0	0.241474	-0.970407	0	None	None
ChainingRodShaped	17755	2.62913	0.5	57.6058	-6.97039	0	0.309083	-0.951035	0	None	None
ChainingRodShaped	14887	3.43032	0.5	-27.1941	70.8621	0	-0.400161	-0.916445	0	None	None
ChainingRodShaped	13921	3.77178	0.5	95.6601	66.8617	0	0.271549	-0.962425	0	None	None
ChainingRodShaped	17947	2.80847	0.5	104.101	-3.77342	0	-0.82777	-0.561068	0	None	None
ChainingRodShaped	14557	2.94166	0.5	-63.5084	-34.534	0	0.722618	-0.691247	0	None	None
ChainingRodShaped	8366	4.99973	0.5	17.8857	33.6194	0	0.116299	0.993214	0	None	None
ChainingRodShaped	13441	4.3963	0.5	-52.3454	-14.5498	0	-0.647387	-0.762161	0	None	None
ChainingRodShaped	16225	2.88258	0.5	14.7758	14.5726	0	0.988453	0.151529	0	None	None
ChainingRodShaped	15985	2.90369	0.5	-31.913	89.957	0	0.976999	-0.213242	0	None	None
ChainingRodShaped	8374	4.24451	0.5	64.5422	-8.8124	0	0.160851	0.986979	0	None	None
ChainingRodShaped	15769	3.04414	0.5	0.239395	81.386	0	0.566689	-0.823932	0	None	None
ChainingRodShaped	16541	3.14529	0.5	-66.9373	29.1947	0	-0.999977	-0.00678574	0	None	None
ChainingRodShaped	13349	3.98336	0.5	104.722	61.6673	0	0.364514	-0.931198	0	None	None
ChainingRodShaped	15249	2.75802	0.5	-28.5693	73.8613	0	-0.391446	-0.920201	0	None	None
ChainingRodShaped	16593	2.99884	0.5	-77.6766	-13.8351	0	0.744969	-0.667099	0	None	None
ChainingRodShaped	13469	4.98661	0.5	32.2587	-2.04443	0	-0.819363	-0.573276	0	None	None
ChainingRodShaped	16307	3.49749	0.5	28.9232	70.8198	0	0.669571	0.742748	0	None	None
ChainingRodShaped	14919	4.21033	0.5	58.8917	-45.7616	0	0.601926	0.798552	0	None	None
ChainingRodShaped	18215	2.48929	0.5	39.2639	-5.0224	0	-0.735066	-0.677996	0	None	None
ChainingRodShaped	16231	3.71415	0.5	-61.6629	-38.7469	0	-0.736475	0.676465	0	None	None
ChainingRodShaped	16229	2.70182	0.5	79.5231	-39.2866	0	-0.144491	0.989506	0	None	None
ChainingRodShaped	8398	4.46569	0.5	105.745	40.8043	0	0.999878	-0.0156138	0	None	None
ChainingRodShaped	12961	4.43792	0.5	-19.7029	103.581	0	0.226352	-0.974045	0	None	None
ChainingRodShaped	14463	3.43874	0.5	-23.2162	116.082	0	0.978325	0.207077	0	None	None
ChainingRodShaped	8404	4.51911	0.5	-50.3336	4.60603	0	-0.1458	0.989314	0	None	None
ChainingRodShaped	17479	3.07735	0.5	-27.9173	73.4058	0	-0.382347	-0.924019	0	None	None
ChainingRodShaped	15243	3.48286	0.5	-59.1632	109.705	0	0.440436	0.897784	0	None	None
ChainingRodShaped	15555	3.10592	0.5	-86.662	-5.93857	0	-0.954309	-0.298822	0	None	None
ChainingRodShaped	18225	2.81663	0.5	58.0765	-37.3783	0	0.433755	0.901031	0	None	None
ChainingRodShaped	14667	2.87811	0.5	85.6416	-23.4491	0	0.0288893	-0.999583	0	None	None
ChainingRodShaped	14063	4.34147	0.5	-15.2948	-26.3809	0	-0.451699	0.892171	0	None	None
ChainingRodShaped	8418	4.82261	0.5	-52.5486	20.2311	0	0.98328	-0.1821	0	None	None
ChainingRodShaped	13187	3.25819	0.5	-5.01856	1.41568	0	0.991221	0.132214	0	None	None
ChainingRodShaped	17935	2.79268	0.5	-17.0238	16.8689	0	0.886657	-0.462429	0	None	None
ChainingRodShaped	13535	4.24923	0.5	46.4223	81.0585	0	0.941932	0.335804	0	None	None
ChainingRodShaped	15369	3.62053	0.5	-12.099	-29.6257	0	0.836958	-0.547268	0	None	None
ChainingRodShaped	13005	4.71513	0.5	11.1524	11.0466	0	0.981788	0.189981	0	None	None
ChainingRodShaped	8430	4.77066	0.5	-31.621	107.059	0	-0.771178	0.63662	0	None	None
ChainingRodShaped	8432	4.19939	0.5	-62.5167	20.0869	0	0.995562	-0.0941085	0	None	None
ChainingRodShaped	8434	4.7602	0.5	20.7609	-43.1438	0	-0.657287	-0.75364	0	None	None
ChainingRodShaped	15047	2.86276	0.5	-19.9228	67.6438	0	0.81609	-0.577925	0	None	None
ChainingRodShaped	14939	3.05496	0.5	74.1082	-46.9293	0	-0.527987	0.849252	0	None	None
ChainingRodShaped	17237	3.16344	0.5	81.8872	63.5676	0	0.863846	0.503756	0	None	None
ChainingRodShaped	20011	2.17607	0.5	53.6171	54.2589	0	0.968795	0.247863	0	None	None
ChainingRodShaped	15451	3.00484	0.5	-24.2921	105.596	0	0.236115	-0.971725	0	None	None
ChainingRodShaped	8446	4.83491	0.5	90.4796	60.2087	0	-0.414582	-0.910012	0	None	None
ChainingRodShaped	16425	3.6956	0.5	99.0694	35.9492	0	0.997488	0.0708382	0	None	None
ChainingRodShaped	14623	2.972	0.5	37.1386	101.838	0	0.300492	0.953784	0	None	None
ChainingRodShaped	14235	4.16901	0.5	-14.9184	-58.3934	0	-0.158523	-0.987355	0	None	None
ChainingRodShaped	17611	2.92781	0.5	-22.2666	-2.88391	0	0.297827	-0.95462	0	None	None
ChainingRodShaped	17573	3.08181	0.5	50.8167	-50.8585	0	0.999129	-0.0417266	0	None	None
ChainingRodShaped	13611	3.2933	0.5	74.2016	-24.8644	0	0.382053	-0.924141	0	None	None
ChainingRodShaped	14691	3.98585	0.5	-22.7126	-13.0075	0	-0.742661	-0.669667	0	None	None
ChainingRodShaped	8462	4.74665	0.5	9.59044	80.247	0	0.866394	0.499361	0	None	None
ChainingRodShaped	8464	4.50357	0.5	-48.2901	47.8379	0	0.398195	0.917301	0	None	None
ChainingRodShaped	13221	4.60972	0.5	-29.8713	-21.3533	0	0.291296	-0.956633	0	None	None
ChainingRodShaped	18791	2.43999	0.5	97.6328	-27.9941	0	-0.963712	-0.266944	0	None	None
ChainingRodShaped	19475	2.23508	0.5	56.4197	72.8844	0	-0.672821	-0.739806	0	None	None
ChainingRodShaped	13401	4.08661	0.5	-5.04628	82.3248	0	0.0898218	-0.995958	0	None	None
ChainingRodShaped	13891	4.51935	0.5	12.9089	56.8022	0	0.816634	0.577156	0	None	None
ChainingRodShaped	8476	4.90892	0.5	-66.3138	-28.1536	0	0.740627	-0.671917	0	None	None
ChainingRodShaped	14017	4.12838	0.5	-5.47883	37.7451	0	-0.800347	0.599536	0	None	None
ChainingRodShaped	14367	4.09716	0.5	-29.1787	-56.2866	0	0.911466	0.411375	0	None	None
ChainingRodShaped	8482	4.47048	0.5	-26.6103	93.8524	0	-0.30621	0.951964	0	None	None
ChainingRodShaped	13711	4.57488	0.5	6.40053	74.1464	0	0.951337	-0.308153	0	None	None
ChainingRodShaped	13515	3.43001	0.5	61.2808	-46.8395	0	0.623853	0.781542	0	None	None
ChainingRodShaped	13337	3.06861	0.5	8.16458	51.1202	0	0.77746	0.628932	0	None	None
ChainingRodShaped	8490	4.62297	0.5	-44.536	100.863	0	0.863821	0.503799	0	None	None
ChainingRodShaped	19941	2.36336	0.5	73.4566	64.7511	0	-0.035352	0.999375	0	None	None
ChainingRodShaped	8494	4.52694	0.5	91.5835	-31.1444	0	-0.709545	-0.704661	0	None	None
ChainingRodShaped	18545	2.86817	0.5	38.1445	89.3919	0	0.930829	0.365456	0	None	None
ChainingRodShaped	14899	3.51572	0.5	-20.5913	-61.0256	0	-0.596574	0.802558	0	None	None
ChainingRodShaped	15615	3.65679	0.5	-10.753	46.3801	0	0.99235	-0.12346	0	None	None
ChainingRodShaped	8502	4.14329	0.5	-60.7141	31.655	0	-0.665197	-0.746668	0	None	None
ChainingRodShaped	8504	4.87815	0.5	-44.7345	44.5364	0	0.971398	0.237457	0	None	None
ChainingRodShaped	16261	3.52322	0.5	33.6589	-48.1237	0	0.893707	-0.448651	0	None	None
ChainingRodShaped	14487	4.44654	0.5	64.3316	36.1091	0	0.806286	-0.591525	0	None	None
ChainingRodShaped	15187	4.15249	0.5	44.141	-67.7229	0	0.726868	0.686777	0	None	None
ChainingRodShaped	17059	3.42897	0.5	-85.1071	26.7585	0	-0.253749	0.96727	0	None	None
ChainingRodShaped	8514	4.93728	0.5	-39.3824	71.1944	0	0.678493	0.734607	0	None	None
ChainingRodShaped	13805	2.94898	0.5	13.4381	-5.60152	0	0.149385	-0.988779	0	None	None
ChainingRodShaped	8518	4.8604	0.5	-9.82084	-7.26986	0	-0.825699	-0.564111	0	None	None
ChainingRodShaped	19911	2.26943	0.5	33.9011	-12.2873	0	0.943737	-0.330696	0	None	None
ChainingRodShaped	8522	4.64325	0.5	-9.41726	28.7773	0	0.878031	-0.478603	0	None	None
ChainingRodShaped	15343	3.3862	0.5	-73.5149	53.3445	0	0.911254	-0.411845	0	None	None
ChainingRodShaped	13517	4.96042	0.5	-75.9825	-23.7938	0	0.996397	0.0848077	0	None	None
ChainingRodShaped	16995	3.14271	0.5	78.7698	23.4914	0	0.855098	-0.518466	0	None	None
ChainingRodShaped	16993	3.18962	0.5	-77.726	44.2522	0	-0.997454	-0.0713191	0	None	None
ChainingRodShaped	13765	3.58251	0.5	-2.19223	124.386	0	0.425643	0.904891	0	None	None
ChainingRodShaped	15699	3.28035	0.5	48.2058	73.0258	0	-0.185063	-0.982727	0	None	None
ChainingRodShaped	13529	3.42391	0.5	-10.2937	-38.5811	0	-0.100625	-0.994924	0	None	None
ChainingRodShaped	18417	2.92377	0.5	13.5389	-51.7243	0	0.260377	-0.965507	0	None	None
ChainingRodShaped	13603	3.85421	0.5	100.006	13.7791	0	-0.522499	0.85264	0	None	None
ChainingRodShaped	16891	2.73978	0.5	-40.7102	60.8422	0	0.197222	-0.980359	0	None	None
ChainingRodShaped	14429	3.85126	0.5	30.1851	-17.1534	0	0.950516	-0.310674	0	None	None
ChainingRodShaped	8546	4.6188	0.5	-4.52633	58.5379	0	0.956767	-0.290855	0	None	None
ChainingRodShaped	14945	3.77659	0.5	79.3453	-10.2321	0	0.187252	0.982312	0	None	None
ChainingRodShaped	16983	2.57571	0.5	-89.983	27.2028	0	0.333244	-0.942841	0	None	None
ChainingRodShaped	13607	4.08601	0.5	28.4511	14.9726	0	-0.200935	0.979605	0	None	None
ChainingRodShaped	15013	2.80307	0.5	41.1065	11.2179	0	-0.689191	-0.72458	0	None	None
ChainingRodShaped	8556	4.37734	0.5	47.5579	112.943	0	0.909021	0.416751	0	None	None
ChainingRodShaped	19907	2.19239	0.5	-67.2591	42.6529	0	0.989197	0.146593	0	None	None
ChainingRodShaped	20613	2.04308	0.5	96.5214	-33.0597	0	-0.341563	-0.939859	0	None	None
ChainingRodShaped	19135	2.45322	0.5	5.92735	131.073	0	0.372606	-0.927989	0	None	None
ChainingRodShaped	16999	3.43365	0.5	37.5093	-35.5604	0	-0.984291	-0.176554	0	None	None
ChainingRodShaped	13957	3.61607	0.5	-54.6945	54.445	0	-0.00102793	-0.999999	0	None	None
ChainingRodShaped	14079	3.91528	0.5	88.1794	14.2601	0	0.855811	-0.517289	0	None	None
ChainingRodShaped	18577	2.6028	0.5	52.8018	-32.2625	0	0.470852	-0.882212	0	None	None
ChainingRodShaped	8572	4.0835	0.5	2.63403	-71.9322	0	0.671653	-0.740866	0	None	None
ChainingRodShaped	8574	4.56824	0.5	32.0707	-17.0935	0	0.946956	-0.321365	0	None	None
ChainingRodShaped	8576	4.9325	0.5	73.2504	-2.97075	0	-0.996596	-0.0824449	0	None	None
ChainingRodShaped	8578	4.80515	0.5	17.6086	-33.1721	0	-0.596184	0.802848	0	None	None
ChainingRodShaped	15015	4.06084	0.5	-79.3995	76.5589	0	0.636089	0.771615	0	None	None
ChainingRodShaped	8582	4.81872	0.5	62.1685	68.6636	0	-0.65263	-0.757677	0	None	None
ChainingRodShaped	14583	3.58995	0.5	-4.4426	-66.3405	0	-0.168669	0.985673	0	None	None
ChainingRodShaped	13519	3.96124	0.5	71.6778	41.7423	0	-0.999883	-0.0152688	0	None	None
ChainingRodShaped	14915	3.84209	0.5	48.4438	112.391	0	0.90989	0.414851	0	None	None
ChainingRodShaped	19803	2.34024	0.5	55.0795	47.8513	0	0.932806	0.360378	0	None	None
ChainingRodShaped	15393	4.09769	0.5	-45.2915	101.403	0	0.868802	0.495159	0	None	None
ChainingRodShaped	14273	3.39981	0.5	-51.3627	94.0927	0	0.488546	0.872538	0	None	None
ChainingRodShaped	8596	4.71085	0.5	81.3137	67.6006	0	0.0865529	-0.996247	0	None	None
ChainingRodShaped	15657	3.74499	0.5	111.686	18.0191	0	-0.362317	-0.932055	0	None	None
ChainingRodShaped	15365	3.18584	0.5	38.2713	102.683	0	0.309899	0.950769	0	None	None
ChainingRodShaped	8602	4.97969	0.5	44.7311	121.431	0	0.99751	0.070532	0	None	None
ChainingRodShaped	16523	3.63398	0.5	66.9907	54.7256	0	0.883975	0.467534	0	None	None
ChainingRodShaped	13527	4.45775	0.5	-31.1256	38.4811	0	-0.920935	-0.389717	0	None	None
ChainingRodShaped	8608	4.44108	0.5	21.8569	58.7057	0	0.955375	0.295394	0	None	None
ChainingRodShaped	8610	4.93127	0.5	63.6839	3.55984	0	-0.97579	0.21871	0	None	None
ChainingRodShaped	8612	4.40426	0.5	13.2928	95.586	0	-0.578346	-0.815792	0	None	None
ChainingRodShaped	8614	4.50256	0.5	50.1732	-20.3139	0	-0.437824	-0.899061	0	None	None
ChainingRodShaped	15465	2.93499	0.5	-9.0361	-22.1893	0	0.56825	-0.822856	0	None	None
ChainingRodShaped	14265	4.19853	0.5	-41.3691	89.3218	0	-0.794148	0.607725	0	None	None
ChainingRodShaped	15757	3.86078	0.5	23.7366	-72.3953	0	0.999833	-0.0182775	0	None	None
ChainingRodShaped	8622	4.17146	0.5	-10.7691	-4.58826	0	-0.852812	-0.522218	0	None	None
ChainingRodShaped	13393	4.56968	0.5	30.5479	79.2451	0	0.989825	0.142294	0	None	None
ChainingRodShaped	15735	2.90665	0.5	39.7295	110.659	0	0.723321	0.690512	0	None	None
ChainingRodShaped	15171	2.78348	0.5	-43.1006	5.0396	0	0.9638	0.266627	0	None	None
ChainingRodShaped	19269	2.36599	0.5	56.9405	104.711	0	-0.293589	-0.955932	0	None	None
ChainingRodShaped	13411	4.68728	0.5	43.8745	24.1132	0	0.932585	0.36095	0	None	None
ChainingRodShaped	13719	4.62453	0.5	-2.2335	-19.7929	0	-0.268599	0.963252	0	None	None
ChainingRodShaped	16239	3.72831	0.5	-64.9606	-17.0117	0	-0.789106	0.614256	0	None	None
ChainingRodShaped	14031	3.19868	0.5	97.3595	75.1289	0	0.178047	-0.984022	0	None	None
ChainingRodShaped	13873	2.96441	0.5	-68.4961	-20.9768	0	0.781211	-0.624267	0	None	None
ChainingRodShaped	13671	3.24957	0.5	67.7175	95.8296	0	0.215129	0.976586	0	None	None
ChainingRodShaped	8644	4.63833	0.5	-28.5986	83.104	0	-0.15991	-0.987132	0	None	None
ChainingRodShaped	18673	2.34248	0.5	7.83178	92.879	0	-0.724009	-0.68979	0	None	None
ChainingRodShaped	16881	3.05378	0.5	17.7726	4.50855	0	0.332156	-0.943225	0	None	None
ChainingRodShaped	15079	3.6646	0.5	67.4502	101.335	0	0.752271	0.658854	0	None	None
ChainingRodShaped	20353	2.09093	0.5	46.8489	39.2696	0	0.873475	0.486869	0	None	None
ChainingRodShaped	14739	2.84881	0.5	72.6562	63.8374	0	0.0349296	0.99939	0	None	None
ChainingRodShaped	8656	4.37188	0.5	-75.5493	11.3655	0	-0.809358	0.587316	0	None	None
ChainingRodShaped	17915	2.46814	0.5	17.2672	-36.5143	0	-0.571781	0.820406	0	None	None
ChainingRodShaped	16351	3.44818	0.5	63.3562	91.0912	0	0.318619	-0.947883	0	None	None
ChainingRodShaped	15719	3.56528	0.5	56.926	21.9049	0	-0.905975	0.423332	0	None	None
ChainingRodShaped	15625	3.23141	0.5	-2.78682	15.0735	0	-0.728947	-0.68457	0	None	None
ChainingRodShaped	15711	2.88656	0.5	-66.3082	71.8814	0	0.48335	0.875427	0	None	None
ChainingRodShaped	8668	4.74465	0.5	-20.5147	125.634	0	0.992587	0.121536	0	None	None
ChainingRodShaped	13911	3.91131	0.5	-44.5742	-33.0197	0	0.586842	0.809702	0	None	None
ChainingRodShaped	8672	4.0176	0.5	-38.2235	-20.7286	0	0.444699	-0.89568	0	None	None
ChainingRodShaped	8674	4.16981	0.5	-6.24861	-15.3609	0	0.428321	-0.903627	0	None	None
ChainingRodShaped	15051	3.06305	0.5	31.5136	-9.98342	0	0.951279	-0.30833	0	None	None
ChainingRodShaped	16927	3.372	0.5	9.21822	1.11067	0	-0.433633	-0.901089	0	None	None
ChainingRodShaped	15675	3.64123	0.5	82.981	-46.5642	0	0.239933	-0.970789	0	None	None
ChainingRodShaped	14181	3.16694	0.5	-11.5137	54.6897	0	0.55746	-0.830204	0	None	None
ChainingRodShaped	19413	2.33216	0.5	18.9472	-69.2908	0	0.977253	0.212076	0	None	None
ChainingRodShaped	15677	3.0222	0.5	-9.4891	81.048	0	0.495545	-0.868582	0	None	None
ChainingRodShaped	13741	3.80298	0.5	-17.3267	98.1957	0	0.298384	-0.954446	0	None	None
ChainingRodShaped	16563	3.57159	0.5	70.2612	57.1854	0	0.909417	0.415885	0	None	None
ChainingRodShaped	15703	3.32467	0.5	-60.3553	66.0138	0	0.368731	0.929536	0	None	None
ChainingRodShaped	19479	2.25579	0.5	73.5007	50.6957	0	-0.889893	-0.456169	0	None	None
ChainingRodShaped	17305	2.90763	0.5	93.4483	-24.1507	0	0.931638	0.363387	0	None	None
ChainingRodShaped	20035	2.15044	0.5	-8.21572	83.2006	0	0.546005	-0.837782	0	None	None
ChainingRodShaped	18317	2.51347	0.5	30.9964	78.6729	0	0.988356	0.152162	0	None	None
ChainingRodShaped	16839	3.31533	0.5	67.2633	-34.803	0	0.268824	-0.963189	0	None	None
ChainingRodShaped	14051	3.60949	0.5	-68.8584	15.6121	0	0.6734	-0.739278	0	None	None
ChainingRodShaped	8706	4.58796	0.5	39.2909	11.3287	0	-0.700298	-0.713851	0	None	None
ChainingRodShaped	14759	3.83589	0.5	17.4623	58.8747	0	0.942467	0.334299	0	None	None
ChainingRodShaped	15127	3.59961	0.5	59.764	-42.92	0	0.497536	0.867444	0	None	None
ChainingRodShaped	15781	2.97178	0.5	76.0886	17.977	0	0.817331	-0.576168	0	None	None
ChainingRodShaped	18703	2.4953	0.5	23.9022	53.7314	0	0.824576	0.565751	0	None	None
ChainingRodShaped	8716	4.86142	0.5	0.469369	-42.6733	0	0.639701	-0.768624	0	None	None
ChainingRodShaped	15575	3.60818	0.5	37.0705	95.8026	0	0.221168	0.975236	0	None	None
ChainingRodShaped	17887	2.70458	0.5	26.2308	-40.2264	0	-0.952556	-0.304364	0	None	None
ChainingRodShaped	14053	4.41576	0.5	-69.7227	-8.77279	0	0.439152	-0.898413	0	None	None
ChainingRodShaped	8724	4.91665	0.5	16.733	90.6552	0	-0.933284	-0.35914	0	None	None
ChainingRodShaped	14601	3.45079	0.5	22.2308	89.9941	0	0.958619	0.284693	0	None	None
ChainingRodShaped	16149	3.06746	0.5	-41.3713	40.9416	0	-0.966396	-0.257057	0	None	None
ChainingRodShaped	17617	2.65784	0.5	-20.39	-53.8856	0	-0.159004	-0.987278	0	None	None
ChainingRodShaped	18973	2.53283	0.5	-31.7644	53.4452	0	0.958823	-0.284006	0	None	None
ChainingRodShaped	15617	3.82836	0.5	-75.3263	78.7822	0	0.988573	0.15074	0	None	None
ChainingRodShaped	14503	3.65605	0.5	99.7009	32.1824	0	0.964384	0.264504	0	None	None
ChainingRodShaped	8738	4.78221	0.5	35.5858	38.1392	0	0.584345	-0.811505	0	None	None
ChainingRodShaped	14135	4.171	0.5	57.6778	-21.3911	0	0.452166	0.891934	0	None	None
ChainingRodShaped	14563	4.49753	0.5	14.635	12.5215	0	0.984604	0.1748	0	None	None
ChainingRodShaped	8744	4.94516	0.5	-56.8366	41.8001	0	0.932063	0.362296	0	None	None
ChainingRodShaped	13561	3.96196	0.5	-41.4251	-43.5051	0	0.392377	-0.919804	0	None	None
ChainingRodShaped	17163	3.32021	0.5	-61.3219	34.5284	0	0.6464	0.762998	0	None	None
ChainingRodShaped	18217	2.91294	0.5	-28.3687	122.037	0	0.481385	-0.876509	0	None	None
ChainingRodShaped	8752	4.64252	0.5	72.95	80.5984	0	-0.176973	0.984216	0	None	None
ChainingRodShaped	8754	4.73688	0.5	4.29817	38.948	0	0.975151	-0.221543	0	None	None
ChainingRodShaped	14865	2.90401	0.5	88.3199	44.4364	0	-0.814974	-0.579497	0	None	None
ChainingRodShaped	14891	3.93384	0.5	-39.1706	16.5811	0	0.851704	0.524023	0	None	None
ChainingRodShaped	8760	4.67891	0.5	11.5815	73.2634	0	0.953794	-0.300462	0	None	None
ChainingRodShaped	20149	2.24744	0.5	-8.05647	111.73	0	-0.269118	-0.963107	0	None	None
ChainingRodShaped	13795	4.1313	0.5	31.4914	-48.7263	0	0.884691	-0.466178	0	None	None
ChainingRodShaped	8766	4.92278	0.5	14.0161	112.196	0	-0.0385095	-0.999258	0	None	None
ChainingRodShaped	16777	3.28723	0.5	-60.5752	13.4017	0	0.940922	-0.338622	0	None	None
ChainingRodShaped	8770	4.12992	0.5	20.365	-44.6428	0	-0.649707	-0.760184	0	None	None
ChainingRodShaped	15663	3.12687	0.5	92.4989	36.6268	0	0.99176	0.128113	0	None	None
ChainingRodShaped	14395	3.77967	0.5	-13.3831	-59.416	0	-0.173445	-0.984844	0	None	None
ChainingRodShaped	8776	4.43215	0.5	-35.0966	34.6338	0	0.946873	0.321608	0	None	None
ChainingRodShaped	13779	4.01895	0.5	-73.3449	5.58405	0	-0.856273	0.516524	0	None	None
ChainingRodShaped	20513	2.05843	0.5	2.75854	-5.97223	0	0.351704	-0.936111	0	None	None
ChainingRodShaped	14761	3.36173	0.5	-53.4541	-36.2163	0	-0.645966	-0.763366	0	None	None
ChainingRodShaped	8784	4.41007	0.5	-7.91493	29.3803	0	0.912832	-0.408335	0	None	None
ChainingRodShaped	16997	3.18537	0.5	48.6765	98.9629	0	-0.581832	-0.813309	0	None	None
ChainingRodShaped	16161	3.66133	0.5	59.999	15.8164	0	-0.929787	0.368097	0	None	None
ChainingRodShaped	15875	3.1301	0.5	-39.9027	81.8979	0	0.916171	0.400787	0	None	None
ChainingRodShaped	14023	3.87888	0.5	95.196	20.8908	0	-0.87098	0.491318	0	None	None
ChainingRodShaped	17757	2.42182	0.5	12.4294	104.669	0	-0.0309109	-0.999522	0	None	None
ChainingRodShaped	15377	3.3263	0.5	20.2572	-10.7769	0	0.952863	-0.3034	0	None	None
ChainingRodShaped	13845	3.65193	0.5	-35.8533	22.6273	0	-0.47385	0.880605	0	None	None
ChainingRodShaped	8800	4.73686	0.5	-40.3352	30.4502	0	0.949785	0.312904	0	None	None
ChainingRodShaped	15591	2.96246	0.5	-2.35164	106.355	0	0.983184	0.182617	0	None	None
ChainingRodShaped	15095	2.78889	0.5	88.0923	88.2744	0	0.330004	0.943979	0	None	None
ChainingRodShaped	13959	4.42552	0.5	-19.6087	45.5845	0	0.674306	-0.738452	0	None	None
ChainingRodShaped	19767	2.34772	0.5	-64.3647	57.9446	0	0.655245	-0.755417	0	None	None
ChainingRodShaped	8810	4.8753	0.5	40.1087	54.5879	0	-0.422778	-0.906233	0	None	None
ChainingRodShaped	14657	3.19257	0.5	63.9045	111.182	0	-0.480607	-0.876936	0	None	None
ChainingRodShaped	8814	4.84232	0.5	50.8356	-20.602	0	-0.43072	-0.902486	0	None	None
ChainingRodShaped	20141	2.28143	0.5	88.6925	65.414	0	-0.507931	-0.861398	0	None	None
ChainingRodShaped	14097	3.42279	0.5	71.447	106.478	0	0.874688	0.484686	0	None	None
ChainingRodShaped	15767	3.23949	0.5	14.849	-32.3819	0	-0.668546	0.743671	0	None	None
ChainingRodShaped	15325	4.00285	0.5	-20.4348	119.204	0	0.989924	0.141599	0	None	None
ChainingRodShaped	15023	3.02367	0.5	22.0394	5.74375	0	0.346314	-0.938119	0	None	None
ChainingRodShaped	13833	4.05465	0.5	11.733	-50.9984	0	0.251165	-0.967944	0	None	None
ChainingRodShaped	18991	2.56991	0.5	-7.84947	40.3297	0	0.527905	0.849303	0	None	None
ChainingRodShaped	13917	3.20269	0.5	12.6963	37.2767	0	0.988156	-0.153453	0	None	None
ChainingRodShaped	15315	3.82189	0.5	-79.8957	-1.43656	0	0.961261	-0.27564	0	None	None
ChainingRodShaped	17423	2.57685	0.5	0.323664	51.9762	0	0.810321	-0.585986	0	None	None
ChainingRodShaped	8836	4.20979	0.5	-65.0231	30.0249	0	-0.999995	0.00318308	0	None	None
ChainingRodShaped	16083	3.82375	0.5	62.5628	47.6528	0	0.976154	0.217081	0	None	None
ChainingRodShaped	18095	2.96599	0.5	49.9473	90.2804	0	0.406818	-0.913509	0	None	None
ChainingRodShaped	8842	3.97365	0.5	-67.0483	96.653	0	-0.85223	-0.523168	0	None	None
ChainingRodShaped	16479	3.0091	0.5	-4.20149	-69.5875	0	-0.567378	0.823458	0	None	None
ChainingRodShaped	14671	4.08249	0.5	70.4264	-14.2542	0	0.13084	-0.991404	0	None	None
ChainingRodShaped	20203	2.09706	0.5	-85.8499	-14.6462	0	-0.663917	-0.747806	0	None	None
ChainingRodShaped	16113	2.65614	0.5	28.8828	75.2313	0	-0.369059	0.929406	0	None	None
ChainingRodShaped	8852	4.05645	0.5	34.3141	22.7132	0	0.969672	0.244411	0	None	None
ChainingRodShaped	8854	4.48656	0.5	-30.0215	58.4821	0	0.945327	0.326123	0	None	None
ChainingRodShaped	20933	2.00617	0.5	77.6441	-2.71411	0	-0.996202	-0.087076	0	None	None
ChainingRodShaped	8858	4.39716	0.5	-91.7064	50.1565	0	0.993195	-0.116466	0	None	None
ChainingRodShaped	17229	2.88813	0.5	11.7336	130.98	0	0.791133	0.611644	0	None	None
ChainingRodShaped	8862	4.25923	0.5	73.7139	75.3623	0	-0.132508	0.991182	0	None	None
ChainingRodShaped	20159	2.10579	0.5	-52.2448	88.6379	0	0.454375	0.890811	0	None	None
ChainingRodShaped	8866	4.92288	0.5	46.0398	77.1415	0	-0.193374	-0.981125	0	None	None
ChainingRodShaped	16549	2.90316	0.5	7.42171	45.2083	0	0.734586	0.678515	0	None	None
ChainingRodShaped	20223	2.13413	0.5	-20.5298	21.2026	0	0.890023	-0.455915	0	None	None
ChainingRodShaped	8872	4.81393	0.5	61.3027	-4.63096	0	-0.235738	-0.971817	0	None	None
ChainingRodShaped	14725	3.53784	0.5	-39.7853	17.8407	0	0.857122	0.515113	0	None	None
ChainingRodShaped	8876	4.89594	0.5	80.9529	92.3139	0	0.460774	-0.887518	0	None	None
ChainingRodShaped	14095	3.70953	0.5	-27.8936	52.1236	0	0.989296	0.14592	0	None	None
ChainingRodShaped	8880	4.90951	0.5	34.4027	118.851	0	0.303909	-0.952701	0	None	None
ChainingRodShaped	14933	4.21234	0.5	-68.0891	90.0711	0	0.739232	0.673451	0	None	None
ChainingRodShaped	13787	3.83618	0.5	-10.5099	-75.4157	0	0.985022	-0.172426	0	None	None
ChainingRodShaped	13953	3.13561	0.5	106.798	22.7288	0	0.672229	-0.740343	0	None	None
ChainingRodShaped	8888	4.9509	0.5	15.283	44.371	0	-0.486332	0.873774	0	None	None
ChainingRodShaped	15257	3.82502	0.5	73.1488	-3.7385	0	-0.997129	-0.0757183	0	None	None
ChainingRodShaped	8892	4.26756	0.5	41.9367	-6.71729	0	0.983071	-0.183224	0	None	None
ChainingRodShaped	15433	3.81917	0.5	-52.6433	51.1687	0	-0.401369	-0.915917	0	None	None
ChainingRodShaped	16001	3.51382	0.5	-11.0187	45.742	0	0.992252	-0.12424	0	None	None
ChainingRodShaped	14363	3.38112	0.5	-56.385	-9.51295	0	0.961426	0.275062	0	None	None
ChainingRodShaped	14587	3.41212	0.5	-19.7905	-46.6732	0	0.250156	0.968205	0	None	None
ChainingRodShaped	15167	3.76359	0.5	103.856	76.3615	0	-0.200639	0.979665	0	None	None
ChainingRodShaped	18191	2.38071	0.5	-81.3371	4.5722	0	-0.981863	0.189591	0	None	None
ChainingRodShaped	8906	4.92906	0.5	-39.9634	22.665	0	0.438711	0.898628	0	None	None
ChainingRodShaped	18245	2.58452	0.5	-63.1828	-2.41609	0	0.524939	-0.85114	0	None	None
ChainingRodShaped	18357	2.62713	0.5	-92.3766	37.6122	0	9.3506e-07	-1	0	None	None
ChainingRodShaped	20229	2.11919	0.5	-1.20556	-27.5837	0	0.525617	-0.850721	0	None	None
ChainingRodShaped	17053	2.76009	0.5	77.3245	68.419	0	-0.136711	0.990611	0	None	None
ChainingRodShaped	15889	3.29776	0.5	51.2133	34.7066	0	0.995197	-0.0978939	0	None	None
ChainingRodShaped	13901	3.34955	0.5	-57.256	95.6797	0	0.157339	0.987545	0	None	None
ChainingRodShaped	15273	3.97827	0.5	46.3491	56.7399	0	-0.744171	-0.667989	0	None	None
ChainingRodShaped	19957	2.16591	0.5	28.8139	47.3132	0	-0.215334	-0.97654	0	None	None
ChainingRodShaped	14511	3.11302	0.5	63.6176	8.98712	0	0.993555	-0.113352	0	None	None
ChainingRodShaped	8926	4.9746	0.5	74.0482	0.979057	0	-0.996025	-0.0890757	0	None	None
ChainingRodShaped	14061	3.28183	0.5	34.5928	20.6422	0	0.967405	0.253234	0	None	None
ChainingRodShaped	15347	3.65115	0.5	-29.9657	-39.4773	0	-0.989757	-0.142762	0	None	None
ChainingRodShaped	8932	4.72111	0.5	3.57984	31.8941	0	-0.97985	-0.199733	0	None	None
ChainingRodShaped	16851	3.38753	0.5	-25.8366	5.82747	0	-0.0147788	0.999891	0	None	None
ChainingRodShaped	19625	2.17656	0.5	1.99218	-8.89868	0	-0.792633	0.609699	0	None	None
ChainingRodShaped	19881	2.32566	0.5	36.1186	63.5387	0	0.800195	-0.599739	0	None	None
ChainingRodShaped	8940	4.80972	0.5	107.18	42.7194	0	0.909929	0.414763	0	None	None
ChainingRodShaped	8942	4.93901	0.5	102.397	54.3455	0	-0.847539	-0.530733	0	None	None
ChainingRodShaped	8944	4.25464	0.5	-28.1078	-6.15896	0	-0.296043	0.955174	0	None	None
ChainingRodShaped	8946	4.50595	0.5	61.2472	-37.8052	0	0.390714	0.920512	0	None	None
ChainingRodShaped	8948	4.129	0.5	71.8289	-23.5945	0	-0.0896124	0.995977	0	None	None
ChainingRodShaped	16751	2.79977	0.5	0.726415	82.0298	0	0.55865	-0.829403	0	None	None
ChainingRodShaped	14317	3.75425	0.5	1.06297	-14.2657	0	-0.866304	0.499517	0	None	None
ChainingRodShaped	15961	3.25652	0.5	8.33751	36.6772	0	0.978373	-0.206848	0	None	None
ChainingRodShaped	8956	4.99522	0.5	60.5087	-37.5568	0	0.391982	0.919973	0	None	None
ChainingRodShaped	16623	3.17771	0.5	33.9892	28.5091	0	0.054327	-0.998523	0	None	None
ChainingRodShaped	14823	3.88792	0.5	9.93814	33.8948	0	0.993837	-0.110852	0	None	None
ChainingRodShaped	18081	2.66585	0.5	8.88179	-48.9038	0	0.222936	-0.974833	0	None	None
ChainingRodShaped	13951	3.97978	0.5	-75.1071	85.4168	0	-0.946079	-0.323937	0	None	None
ChainingRodShaped	18479	2.66691	0.5	78.0474	111.157	0	0.729321	-0.684172	0	None	None
ChainingRodShaped	18889	2.3304	0.5	85.0213	9.84683	0	0.996278	-0.0861936	0	None	None
ChainingRodShaped	20797	2.03469	0.5	-28.7887	-44.4916	0	0.863305	0.504682	0	None	None
ChainingRodShaped	8972	4.45675	0.5	9.62815	127.699	0	0.911086	0.412216	0	None	None
ChainingRodShaped	14485	4.49625	0.5	45.5762	-38.8745	0	-0.996401	0.0847631	0	None	None
ChainingRodShaped	17837	2.50288	0.5	-62.7413	-46.4556	0	-0.726709	-0.686945	0	None	None
ChainingRodShaped	18049	2.95659	0.5	51.2744	-11.0243	0	0.976928	-0.213568	0	None	None
ChainingRodShaped	16347	3.17624	0.5	-17.2231	52.1128	0	0.673929	-0.738796	0	None	None
ChainingRodShaped	15893	3.84658	0.5	56.541	-14.7747	0	-0.0282	-0.999602	0	None	None
ChainingRodShaped	8984	3.98071	0.5	-35.5576	-66.4028	0	-0.911385	0.411555	0	None	None
ChainingRodShaped	8986	4.54263	0.5	63.1033	95.7114	0	0.158827	-0.987306	0	None	None
ChainingRodShaped	20155	2.17659	0.5	-44.7683	-45.3977	0	0.25563	-0.966775	0	None	None
ChainingRodShaped	18277	2.55156	0.5	0.484641	21.4196	0	0.363166	-0.931724	0	None	None
ChainingRodShaped	15911	3.51083	0.5	-53.9259	37.5401	0	-0.869768	-0.493461	0	None	None
ChainingRodShaped	17231	3.35633	0.5	9.67499	76.0163	0	0.957689	-0.287806	0	None	None
ChainingRodShaped	8996	3.93389	0.5	-8.85497	103.059	0	0.970651	0.240491	0	None	None
ChainingRodShaped	8998	4.77253	0.5	-11.7231	-21.11	0	-0.560893	0.827888	0	None	None
ChainingRodShaped	9000	4.7956	0.5	70.6446	24.3414	0	0.832159	-0.554537	0	None	None
ChainingRodShaped	16053	3.15232	0.5	68.7858	16.7716	0	-0.988662	0.15016	0	None	None
ChainingRodShaped	17683	2.81003	0.5	79.6196	69.0677	0	-0.10672	0.994289	0	None	None
ChainingRodShaped	18025	2.64047	0.5	-70.7512	6.9479	0	0.868132	-0.496333	0	None	None
ChainingRodShaped	14591	4.43534	0.5	8.33339	45.2133	0	0.728868	0.684654	0	None	None
ChainingRodShaped	17169	3.36387	0.5	-29.0549	-63.4909	0	-0.940534	-0.3397	0	None	None
ChainingRodShaped	15979	3.25755	0.5	24.5472	27.6282	0	0.0249155	0.99969	0	None	None
ChainingRodShaped	20187	2.14383	0.5	-76.4007	36.7683	0	0.997395	0.0721384	0	None	None
ChainingRodShaped	9016	4.38901	0.5	33.2761	108.319	0	-0.227072	-0.973878	0	None	None
ChainingRodShaped	20031	2.13131	0.5	-49.6981	52.1368	0	0.376575	0.926386	0	None	None
ChainingRodShaped	9020	4.02277	0.5	77.3658	-13.8466	0	-0.160925	0.986967	0	None	None
ChainingRodShaped	14315	3.71971	0.5	10.443	-38.8104	0	0.194692	-0.980864	0	None	None
ChainingRodShaped	18377	2.47012	0.5	-54.0859	-34.2895	0	0.660128	0.751153	0	None	None
ChainingRodShaped	9026	4.04968	0.5	-65.9765	53.9523	0	-0.738098	0.674693	0	None	None
ChainingRodShaped	14169	3.45723	0.5	0.691509	69.0517	0	0.898945	-0.43806	0	None	None
ChainingRodShaped	9030	4.77641	0.5	-52.0119	0.554624	0	-0.150738	0.988574	0	None	None
ChainingRodShaped	15259	3.00536	0.5	12.4407	41.0485	0	-0.537376	0.843343	0	None	None
ChainingRodShaped	17547	2.59333	0.5	9.61888	81.9235	0	0.873372	0.487053	0	None	None
ChainingRodShaped	17159	2.87731	0.5	-76.6868	66.6973	0	-0.710815	0.703379	0	None	None
ChainingRodShaped	13999	4.69125	0.5	-29.238	-54.3392	0	-0.918994	-0.394272	0	None	None
ChainingRodShaped	9040	4.43156	0.5	36.7916	110.377	0	0.736943	0.675954	0	None	None
ChainingRodShaped	15193	3.71788	0.5	27.7078	-13.5225	0	0.836631	-0.547766	0	None	None
ChainingRodShaped	9044	4.4321	0.5	-48.8792	-7.6691	0	0.718114	0.695925	0	None	None
ChainingRodShaped	19645	2.2757	0.5	-60.177	26.2185	0	-0.746505	-0.66538	0	None	None
ChainingRodShaped	14527	3.32887	0.5	-60.5621	28.8283	0	-0.759492	-0.650517	0	None	None
ChainingRodShaped	14227	3.45047	0.5	-21.5134	81.8584	0	-0.817897	0.575365	0	None	None
ChainingRodShaped	16649	2.97331	0.5	45.4656	-35.0901	0	-0.919164	-0.393875	0	None	None
ChainingRodShaped	17331	3.23735	0.5	-73.6155	50.4565	0	0.907586	-0.419865	0	None	None
ChainingRodShaped	19341	2.51775	0.5	-31.5798	54.0717	0	0.956042	-0.293229	0	None	None
ChainingRodShaped	9058	4.31935	0.5	42.9636	18.4452	0	0.982541	0.186047	0	None	None
ChainingRodShaped	9060	4.7142	0.5	64.8782	103.294	0	-0.224154	-0.974554	0	None	None
ChainingRodShaped	16713	2.62855	0.5	-30.5644	-40.3712	0	0.988253	0.152828	0	None	None
ChainingRodShaped	14221	3.30959	0.5	-15.5037	-50.0594	0	-0.122675	-0.992447	0	None	None
ChainingRodShaped	18927	2.71495	0.5	-3.48663	15.1564	0	-0.735748	-0.677255	0	None	None
ChainingRodShaped	18339	2.69177	0.5	-21.0078	-57.5321	0	-0.597246	0.802058	0	None	None
ChainingRodShaped	19023	2.35191	0.5	56.4421	-41.9885	0	0.53021	0.847866	0	None	None
ChainingRodShaped	17419	2.45325	0.5	78.2765	97.7398	0	0.83591	-0.548867	0	None	None
ChainingRodShaped	20897	2.0156	0.5	51.693	84.0508	0	0.00253232	-0.999997	0	None	None
ChainingRodShaped	19275	2.583	0.5	93.6063	58.9852	0	-0.41439	-0.910099	0	None	None
ChainingRodShaped	17007	3.41957	0.5	36.6011	49.0465	0	-0.411863	-0.911246	0	None	None
ChainingRodShaped	14993	4.03063	0.5	28.3545	-0.0698097	0	0.965709	0.259626	0	None	None
ChainingRodShaped	15137	4.08611	0.5	68.8498	107.139	0	-0.874693	-0.484677	0	None	None
ChainingRodShaped	14163	3.21619	0.5	0.508365	91.0921	0	-0.709779	-0.704424	0	None	None
ChainingRodShaped	9086	4.1471	0.5	-1.14965	-76.2161	0	0.399088	-0.916913	0	None	None
ChainingRodShaped	14129	4.42169	0.5	37.977	26.7916	0	0.853772	0.520647	0	None	None
ChainingRodShaped	18169	2.97374	0.5	4.3525	49.3581	0	0.859039	0.511911	0	None	None
ChainingRodShaped	16459	2.70201	0.5	32.2007	53.3549	0	0.816054	0.577976	0	None	None
ChainingRodShaped	15279	4.13762	0.5	15.503	19.0642	0	0.900403	-0.435057	0	None	None
ChainingRodShaped	14145	3.99577	0.5	-60.3187	57.2199	0	-0.0869466	0.996213	0	None	None
ChainingRodShaped	15327	3.10096	0.5	6.89424	104.647	0	-0.483744	-0.87521	0	None	None
ChainingRodShaped	18279	2.36332	0.5	24.473	126.344	0	0.626587	-0.779352	0	None	None
ChainingRodShaped	16551	3.64519	0.5	-25.9252	25.2257	0	0.70949	-0.704715	0	None	None
ChainingRodShaped	9104	4.79035	0.5	94.7037	67.1494	0	0.261929	-0.965087	0	None	None
ChainingRodShaped	16327	3.30085	0.5	-37.8226	12.0038	0	0.846444	0.532477	0	None	None
ChainingRodShaped	15103	3.88387	0.5	21.1121	94.5152	0	-0.969121	-0.246585	0	None	None
ChainingRodShaped	15085	4.1024	0.5	-3.23212	52.3092	0	0.94891	-0.315546	0	None	None
ChainingRodShaped	9112	4.58646	0.5	63.8792	-18.4255	0	0.520347	0.853955	0	None	None
ChainingRodShaped	19143	2.25088	0.5	-5.00588	43.2796	0	0.662528	-0.749037	0	None	None
ChainingRodShaped	19595	2.18866	0.5	89.9524	0.809984	0	-0.377746	-0.925909	0	None	None
ChainingRodShaped	15313	3.5398	0.5	56.7482	30.8506	0	0.959966	-0.280116	0	None	None
ChainingRodShaped	16131	3.07751	0.5	-63.362	81.767	0	0.226624	0.973982	0	None	None
ChainingRodShaped	19473	2.38792	0.5	-36.2718	-51.4871	0	0.911836	0.410555	0	None	None
ChainingRodShaped	16641	3.52114	0.5	17.3669	68.2613	0	0.754883	0.655859	0	None	None
ChainingRodShaped	19345	2.31525	0.5	-51.2724	78.1164	0	-0.681648	-0.73168	0	None	None
ChainingRodShaped	15409	3.30272	0.5	71.4902	40.9822	0	-0.999776	-0.0211516	0	None	None
ChainingRodShaped	15557	3.58083	0.5	-15.2836	54.0126	0	0.640537	-0.767927	0	None	None
ChainingRodShaped	17363	3.10957	0.5	-53.9641	78.8056	0	0.68693	0.726724	0	None	None
ChainingRodShaped	14461	3.42302	0.5	-63.8485	-35.4636	0	-0.722093	0.691796	0	None	None
ChainingRodShaped	19125	2.44027	0.5	-61.6991	-25.1563	0	-0.784356	0.620311	0	None	None
ChainingRodShaped	15225	2.90094	0.5	77.453	26.1041	0	0.860859	-0.508843	0	None	None
ChainingRodShaped	16797	3.49766	0.5	41.9224	4.9713	0	-0.5425	-0.840056	0	None	None
ChainingRodShaped	17335	2.70842	0.5	-17.2121	73.9226	0	-0.835117	0.550072	0	None	None
ChainingRodShaped	14763	3.23749	0.5	-53.43	51.2928	0	-0.410379	-0.911915	0	None	None
ChainingRodShaped	17117	2.72081	0.5	-80.849	69.3276	0	-0.753478	0.657473	0	None	None
ChainingRodShaped	9148	4.61762	0.5	-20.0681	-60.2362	0	-0.605153	0.796109	0	None	None
ChainingRodShaped	14197	4.06131	0.5	10.0211	-13.1394	0	0.463108	-0.886302	0	None	None
ChainingRodShaped	16155	2.77994	0.5	80.2178	-23.6955	0	-0.284164	0.958776	0	None	None
ChainingRodShaped	15453	3.03222	0.5	31.1591	-10.6462	0	0.951778	-0.306787	0	None	None
ChainingRodShaped	15487	3.96833	0.5	-18.1583	-35.7964	0	0.693871	0.720099	0	None	None
ChainingRodShaped	9158	4.08078	0.5	-39.5365	52.0557	0	0.232365	-0.972629	0	None	None
ChainingRodShaped	9160	4.51045	0.5	-75.5905	39.3837	0	0.99691	0.0785531	0	None	None
ChainingRodShaped	9162	4.80877	0.5	7.1158	65.8712	0	-0.832622	-0.553842	0	None	None
ChainingRodShaped	9164	4.61437	0.5	32.3218	-43.7206	0	-0.902031	0.431671	0	None	None
ChainingRodShaped	15145	4.21232	0.5	-8.563	50.4296	0	0.980834	-0.194845	0	None	None
ChainingRodShaped	9168	4.35767	0.5	-66.2024	82.7611	0	0.746027	0.665915	0	None	None
ChainingRodShaped	17767	3.14773	0.5	49.1281	29.2297	0	0.998545	0.0539188	0	None	None
ChainingRodShaped	16089	2.94417	0.5	-66.9702	-23.3758	0	0.804101	-0.594493	0	None	None
ChainingRodShaped	9174	4.12849	0.5	-0.702336	-68.1225	0	0.596523	-0.802596	0	None	None
ChainingRodShaped	9176	4.3308	0.5	-43.1998	81.289	0	0.910654	0.41317	0	None	None
ChainingRodShaped	9178	4.60833	0.5	22.2229	34.214	0	-0.0835302	-0.996505	0	None	None
ChainingRodShaped	9180	4.46474	0.5	5.79914	72.8196	0	0.953465	-0.301505	0	None	None
ChainingRodShaped	14649	4.0853	0.5	-81.7319	-18.9605	0	-0.066716	-0.997772	0	None	None
ChainingRodShaped	16715	2.92268	0.5	91.5621	-36.4983	0	0.714071	0.700073	0	None	None
ChainingRodShaped	15437	2.92388	0.5	40.6633	97.258	0	0.283756	0.958897	0	None	None
ChainingRodShaped	9188	3.9113	0.5	47.2641	55.7064	0	-0.738673	-0.674064	0	None	None
ChainingRodShaped	17417	2.63246	0.5	89.5436	91.9309	0	-0.960997	-0.276558	0	None	None
ChainingRodShaped	14277	4.44646	0.5	-50.9218	-35.8383	0	-0.630591	-0.776116	0	None	None
ChainingRodShaped	14809	3.17939	0.5	38.0868	22.6894	0	0.980308	0.197474	0	None	None
ChainingRodShaped	16625	2.9996	0.5	-45.0141	59.2689	0	-0.25786	0.966182	0	None	None
ChainingRodShaped	9198	4.02971	0.5	56.818	14.9221	0	-0.377611	-0.925964	0	None	None
ChainingRodShaped	14877	4.21405	0.5	96.9184	17.173	0	0.276926	-0.960891	0	None	None
ChainingRodShaped	15017	3.53781	0.5	30.2305	-30.7451	0	-0.961737	-0.273975	0	None	None
ChainingRodShaped	9204	4.70306	0.5	41.8451	25.1787	0	0.787795	0.615937	0	None	None
ChainingRodShaped	16105	3.45574	0.5	53.8438	123.897	0	0.915872	0.401469	0	None	None
ChainingRodShaped	18031	2.5433	0.5	15.5136	77.233	0	-0.96333	0.268319	0	None	None
ChainingRodShaped	17927	3.07141	0.5	11.274	-9.60011	0	0.464203	-0.885729	0	None	None
ChainingRodShaped	14883	4.18742	0.5	-37.1177	3.56983	0	-0.621608	-0.783328	0	None	None
ChainingRodShaped	15647	3.65098	0.5	-36.7126	32.4905	0	0.946523	0.322637	0	None	None
ChainingRodShaped	17715	2.52006	0.5	-51.5657	106.285	0	-0.951877	0.306479	0	None	None
ChainingRodShaped	16385	2.89854	0.5	19.8578	100.251	0	0.355599	0.934639	0	None	None
ChainingRodShaped	15523	3.38041	0.5	-38.0711	96.3251	0	0.981101	-0.193494	0	None	None
ChainingRodShaped	14357	3.49544	0.5	97.2981	-10.7627	0	0.998504	0.0546846	0	None	None
ChainingRodShaped	14331	4.25573	0.5	-56.8171	-8.83786	0	0.964134	0.265415	0	None	None
ChainingRodShaped	20117	2.25895	0.5	50.379	72.8224	0	-0.185181	-0.982704	0	None	None
ChainingRodShaped	9228	4.38671	0.5	-38.3277	-21.9902	0	0.453542	-0.891235	0	None	None
ChainingRodShaped	18921	2.73574	0.5	-35.5486	63.5917	0	-0.0852258	-0.996362	0	None	None
ChainingRodShaped	14789	3.05329	0.5	99.5023	44.9068	0	0.860926	0.508731	0	None	None
ChainingRodShaped	14569	4.44939	0.5	62.0242	-12.2045	0	0.00805838	0.999968	0	None	None
ChainingRodShaped	16265	3.10947	0.5	7.9608	132.303	0	0.659894	-0.751359	0	None	None
ChainingRodShaped	9238	4.60018	0.5	94.3842	74.9185	0	-0.315922	-0.948785	0	None	None
ChainingRodShaped	9240	4.27008	0.5	-78.8535	29.3437	0	-0.808072	-0.589083	0	None	None
ChainingRodShaped	16017	2.95596	0.5	32.9382	62.323	0	0.701678	0.712495	0	None	None
ChainingRodShaped	9244	3.96859	0.5	31.3079	36.6875	0	0.0612867	-0.99812	0	None	None
ChainingRodShaped	18121	3.02371	0.5	-12.3286	-43.5963	0	-0.995337	-0.0964615	0	None	None
ChainingRodShaped	15233	2.81845	0.5	44.5823	44.298	0	0.896834	0.442367	0	None	None
ChainingRodShaped	16411	3.14777	0.5	26.6737	-26.7049	0	-0.909918	-0.414787	0	None	None
ChainingRodShaped	17983	2.37944	0.5	63.8523	-21.4621	0	0.453671	0.891169	0	None	None
ChainingRodShaped	9254	4.48482	0.5	-88.6868	-1.50925	0	0.983973	-0.178317	0	None	None
ChainingRodShaped	19251	2.51188	0.5	30.7533	-0.122979	0	0.810515	0.585718	0	None	None
ChainingRodShaped	14687	4.33881	0.5	-17.9087	39.7545	0	-0.939789	0.341757	0	None	None
ChainingRodShaped	14723	3.88251	0.5	9.59215	-13.7734	0	0.454186	-0.890907	0	None	None
ChainingRodShaped	18759	2.48032	0.5	-25.8765	71.8296	0	-0.390923	-0.920423	0	None	None
ChainingRodShaped	9264	4.59448	0.5	37.5396	-37.1227	0	-0.986203	-0.165542	0	None	None
ChainingRodShaped	14567	4.3953	0.5	-0.894912	133.574	0	-0.843568	0.537023	0	None	None
ChainingRodShaped	14901	3.52977	0.5	-21.4932	7.67778	0	-0.098294	-0.995157	0	None	None
ChainingRodShaped	20507	2.14707	0.5	86.7153	24.5703	0	-0.520474	0.853878	0	None	None
ChainingRodShaped	15063	3.1673	0.5	-49.1566	10.4455	0	0.984818	-0.173588	0	None	None
ChainingRodShaped	15139	3.8726	0.5	-16.3162	131.065	0	0.998412	0.0563348	0	None	None
ChainingRodShaped	16349	2.83382	0.5	50.3533	123.486	0	-0.180277	-0.983616	0	None	None
ChainingRodShaped	16373	3.69781	0.5	-86.2667	3.67924	0	-0.980434	0.196849	0	None	None
ChainingRodShaped	16441	2.75255	0.5	-20.1103	32.7901	0	0.973965	-0.226697	0	None	None
ChainingRodShaped	19391	2.23615	0.5	-16.0718	-47.8053	0	-0.150344	-0.988634	0	None	None
ChainingRodShaped	16473	3.45217	0.5	16.7922	68.6332	0	0.748387	0.663262	0	None	None
ChainingRodShaped	18753	2.48433	0.5	-5.93795	47.4196	0	0.801508	-0.597984	0	None	None
ChainingRodShaped	17413	3.17876	0.5	-54.9853	112.892	0	0.595131	0.803629	0	None	None
ChainingRodShaped	9290	4.73519	0.5	52.6413	-67.7973	0	0.901601	0.432568	0	None	None
ChainingRodShaped	9292	4.31674	0.5	86.8906	14.0588	0	0.860921	-0.508739	0	None	None
ChainingRodShaped	15829	2.80136	0.5	84.9477	99.8572	0	0.786719	-0.617311	0	None	None
ChainingRodShaped	14811	3.15455	0.5	20.4639	22.0611	0	-0.126483	-0.991969	0	None	None
ChainingRodShaped	9298	4.01254	0.5	4.19881	51.1998	0	0.996557	0.0829094	0	None	None
ChainingRodShaped	9300	4.2905	0.5	35.68	33.0698	0	0.193373	-0.981125	0	None	None
ChainingRodShaped	16177	3.16711	0.5	-53.1155	-52.9263	0	0.298526	-0.954402	0	None	None
ChainingRodShaped	16187	3.19561	0.5	-39.4694	12.7508	0	0.851494	0.524364	0	None	None
ChainingRodShaped	9306	4.58233	0.5	-31.3249	46.0489	0	-0.423299	0.90599	0	None	None
ChainingRodShaped	17609	2.52026	0.5	-15.4433	-15.4374	0	0.869446	0.494028	0	None	None
ChainingRodShaped	18457	2.69924	0.5	-30.7085	87.4753	0	0.979015	-0.20379	0	None	None
ChainingRodShaped	15119	3.38074	0.5	-13.9753	-10.2007	0	0.781544	0.62385	0	None	None
ChainingRodShaped	19091	2.31655	0.5	-33.5105	-8.99039	0	-0.0597108	-0.998216	0	None	None
ChainingRodShaped	9316	4.80031	0.5	53.1664	20.2909	0	0.0867589	-0.996229	0	None	None
ChainingRodShaped	9318	4.48907	0.5	102.252	64.1407	0	0.568483	-0.822695	0	None	None
ChainingRodShaped	15291	4.05184	0.5	-6.21021	72.2061	0	0.578806	-0.815465	0	None	None
ChainingRodShaped	9322	4.52709	0.5	-1.71851	85.61	0	0.0394734	-0.999221	0	None	None
ChainingRodShaped	16955	2.7752	0.5	-29.8648	11.2832	0	-0.835706	-0.549177	0	None	None
ChainingRodShaped	14991	3.65989	0.5	-87.0189	63.2624	0	-0.884162	0.46718	0	None	None
ChainingRodShaped	17487	2.7934	0.5	-50.376	27.4923	0	0.8092	0.587534	0	None	None
ChainingRodShaped	19119	2.37701	0.5	-80.6177	40.6697	0	-0.0881686	-0.996106	0	None	None
ChainingRodShaped	9332	3.89977	0.5	75.5029	19.1641	0	0.823033	-0.567993	0	None	None
ChainingRodShaped	17493	2.92036	0.5	60.1622	114.285	0	0.918225	0.396059	0	None	None
ChainingRodShaped	16123	2.6982	0.5	112.882	37.5133	0	0.272349	0.962199	0	None	None
ChainingRodShaped	9338	4.50826	0.5	56.438	106.081	0	-0.303078	-0.952966	0	None	None
ChainingRodShaped	20647	2.07068	0.5	89.6707	21.6975	0	0.242432	0.970168	0	None	None
ChainingRodShaped	14929	3.68406	0.5	-69.779	-5.12436	0	-0.545408	0.838171	0	None	None
ChainingRodShaped	16133	3.0946	0.5	-75.2264	16.5113	0	0.221749	-0.975104	0	None	None
ChainingRodShaped	9346	3.94706	0.5	112.111	55.2306	0	-0.471735	-0.88174	0	None	None
ChainingRodShaped	15449	3.21738	0.5	45.1441	-56.5619	0	0.878623	0.477516	0	None	None
ChainingRodShaped	9350	4.5363	0.5	77.8753	-50.4973	0	0.213184	0.977012	0	None	None
ChainingRodShaped	9352	4.91941	0.5	-35.7312	-27.3035	0	0.0743299	-0.997234	0	None	None
ChainingRodShaped	9354	4.95039	0.5	-27.3292	62.9729	0	0.922187	0.386744	0	None	None
ChainingRodShaped	19001	2.53891	0.5	99.7505	19.3981	0	-0.316574	0.948568	0	None	None
ChainingRodShaped	16313	3.02076	0.5	-81.4913	63.5939	0	-0.907397	0.420275	0	None	None
ChainingRodShaped	18185	2.44465	0.5	-12.3984	3.48639	0	0.93955	-0.342413	0	None	None
ChainingRodShaped	9362	4.12902	0.5	-61.0227	89.0808	0	0.456433	0.889758	0	None	None
ChainingRodShaped	18651	2.73537	0.5	62.3466	36.8074	0	0.812257	-0.5833	0	None	None
ChainingRodShaped	9366	4.68027	0.5	22.0329	-65.9211	0	0.973559	0.228436	0	None	None
ChainingRodShaped	15423	3.24127	0.5	-5.24896	124.184	0	-0.156066	-0.987747	0	None	None
ChainingRodShaped	14519	4.14429	0.5	1.23117	92.9118	0	-0.702705	-0.711481	0	None	None
ChainingRodShaped	15469	4.00144	0.5	41.4052	5.40663	0	-0.534238	-0.845334	0	None	None
ChainingRodShaped	18459	2.85581	0.5	-64.5551	78.1369	0	0.395239	0.918578	0	None	None
ChainingRodShaped	18981	2.51139	0.5	-35.7828	28.8074	0	0.943077	0.332574	0	None	None
ChainingRodShaped	9378	4.35538	0.5	36.7991	-73.1289	0	0.743195	0.669075	0	None	None
ChainingRodShaped	9380	3.87327	0.5	95.4095	28.2455	0	0.758502	-0.651671	0	None	None
ChainingRodShaped	9382	4.69182	0.5	-64.0468	41.7656	0	0.95727	0.289197	0	None	None
ChainingRodShaped	9384	4.51834	0.5	15.5116	117.396	0	-0.579537	-0.814946	0	None	None
ChainingRodShaped	16933	2.85602	0.5	70.1234	-58.895	0	0.79416	0.607709	0	None	None
ChainingRodShaped	16275	3.25193	0.5	38.9781	87.377	0	0.905096	0.425207	0	None	None
ChainingRodShaped	16319	3.66696	0.5	17.7325	39.7562	0	-0.483532	0.875327	0	None	None
ChainingRodShaped	14841	4.02682	0.5	75.6236	83.9443	0	0.557457	-0.830206	0	None	None
ChainingRodShaped	18679	2.80339	0.5	-64.4817	67.0521	0	-0.100561	0.994931	0	None	None
ChainingRodShaped	14773	3.01525	0.5	-21.344	-50.4398	0	-0.634639	-0.772809	0	None	None
ChainingRodShaped	15597	3.92944	0.5	18.346	43.0187	0	0.470731	-0.882277	0	None	None
ChainingRodShaped	9400	4.24951	0.5	16.3579	105.859	0	-0.0295152	-0.999564	0	None	None
ChainingRodShaped	19577	2.44651	0.5	63.9742	75.4629	0	-0.0459826	-0.998942	0	None	None
ChainingRodShaped	9404	4.45035	0.5	-42.4821	37.6031	0	-0.962106	-0.272677	0	None	None
ChainingRodShaped	16397	2.97203	0.5	41.41	52.8636	0	-0.395326	-0.918541	0	None	None
ChainingRodShaped	15535	3.3625	0.5	-5.73338	27.4117	0	0.824149	-0.566374	0	None	None
ChainingRodShaped	20401	2.06517	0.5	-31.0018	41.141	0	-0.829625	-0.558321	0	None	None
ChainingRodShaped	9412	4.02179	0.5	-33.8128	-25.6745	0	-0.329912	0.944012	0	None	None
ChainingRodShaped	17703	2.77693	0.5	37.5064	-69.8606	0	0.729466	0.684017	0	None	None
ChainingRodShaped	15165	3.99966	0.5	-15.4298	-16.127	0	0.874512	0.485004	0	None	None
ChainingRodShaped	14765	4.29595	0.5	-27.933	19.2331	0	0.933133	-0.35953	0	None	None
ChainingRodShaped	20275	2.17175	0.5	-9.53133	66.8774	0	-0.830871	0.556464	0	None	None
ChainingRodShaped	17091	2.68551	0.5	70.1728	80.2932	0	0.162721	0.986672	0	None	None
ChainingRodShaped	16183	3.61684	0.5	44.1693	68.6884	0	-0.234105	-0.972211	0	None	None
ChainingRodShaped	19913	2.15703	0.5	44.4331	-39.6152	0	-0.99584	0.0911192	0	None	None
ChainingRodShaped	14597	3.92563	0.5	20.4756	116.641	0	0.314623	-0.949217	0	None	None
ChainingRodShaped	16213	3.42686	0.5	46.2671	57.5486	0	-0.737445	-0.675407	0	None	None
ChainingRodShaped	15153	3.56239	0.5	-42.7437	82.345	0	0.906483	0.422242	0	None	None
ChainingRodShaped	19799	2.38797	0.5	66.6991	29.2749	0	-0.848037	0.529936	0	None	None
ChainingRodShaped	15729	3.63415	0.5	54.7845	10.7296	0	-0.553538	-0.832824	0	None	None
ChainingRodShaped	15845	2.68982	0.5	57.6943	-54.4072	0	0.500285	0.865861	0	None	None
ChainingRodShaped	15833	3.43324	0.5	-16.8153	45.65	0	0.65468	-0.755906	0	None	None
ChainingRodShaped	16065	2.91622	0.5	63.0008	85.4542	0	0.391881	-0.920016	0	None	None
ChainingRodShaped	19689	2.23076	0.5	49.4791	-38.3139	0	-0.707206	-0.707008	0	None	None
ChainingRodShaped	16771	3.07084	0.5	-19.4875	38.2327	0	0.94977	-0.312949	0	None	None
ChainingRodShaped	15991	2.8727	0.5	-76.0618	75.9103	0	0.991807	0.127743	0	None	None
ChainingRodShaped	15987	3.11327	0.5	19.5629	56.0135	0	0.776212	0.630471	0	None	None
ChainingRodShaped	9452	3.85283	0.5	27.0288	30.1213	0	-0.0146981	0.999892	0	None	None
ChainingRodShaped	15835	3.37183	0.5	4.24604	67.5258	0	0.857304	0.514811	0	None	None
ChainingRodShaped	18591	2.54794	0.5	74.8727	12.6502	0	-0.985943	0.167084	0	None	None
ChainingRodShaped	9458	4.404	0.5	58.4295	114.557	0	0.922143	0.386848	0	None	None
ChainingRodShaped	14715	3.26583	0.5	10.8219	65.3101	0	-0.828525	-0.559953	0	None	None
ChainingRodShaped	9462	4.82769	0.5	-32.4729	64.5003	0	-0.104587	-0.994516	0	None	None
ChainingRodShaped	9464	3.88361	0.5	104.361	67.8633	0	0.51036	-0.859961	0	None	None
ChainingRodShaped	15403	3.97229	0.5	-59.7676	39.7043	0	0.929868	0.367894	0	None	None
ChainingRodShaped	19059	2.45389	0.5	54.9491	55.4475	0	0.971172	0.238381	0	None	None
ChainingRodShaped	16639	2.93034	0.5	18.9799	-53.8935	0	-0.198139	0.980174	0	None	None
ChainingRodShaped	9472	4.52587	0.5	71.16	25.7287	0	0.840604	-0.54165	0	None	None
ChainingRodShaped	15689	3.28959	0.5	10.3897	-52.2484	0	0.237689	-0.971341	0	None	None
ChainingRodShaped	17541	3.06181	0.5	3.19628	-23.8768	0	-0.986462	0.163989	0	None	None
ChainingRodShaped	15157	4.06589	0.5	35.3855	19.6896	0	0.962178	0.272423	0	None	None
ChainingRodShaped	18923	2.34149	0.5	-22.1608	-44.1582	0	0.422286	0.906463	0	None	None
ChainingRodShaped	9482	4.59728	0.5	-30.3893	48.9304	0	0.956275	-0.292468	0	None	None
ChainingRodShaped	18843	2.26059	0.5	18.631	1.18962	0	0.970274	-0.24201	0	None	None
ChainingRodShaped	9486	4.06963	0.5	-18.5395	-40.5951	0	-0.486253	-0.873818	0	None	None
ChainingRodShaped	19567	2.19197	0.5	53.1537	-3.71182	0	0.333501	-0.94275	0	None	None
ChainingRodShaped	9490	3.93207	0.5	-54.1967	96.0932	0	0.504177	0.8636	0	None	None
ChainingRodShaped	15763	3.6251	0.5	38.1061	-30.7861	0	-0.945193	-0.326512	0	None	None
ChainingRodShaped	19305	2.4041	0.5	-70.5556	-9.02432	0	0.448014	-0.894027	0	None	None
ChainingRodShaped	9496	4.65975	0.5	76.6018	73.0004	0	-0.136674	0.990616	0	None	None
ChainingRodShaped	9498	4.71067	0.5	-54.4434	102.364	0	-0.96579	0.259325	0	None	None
ChainingRodShaped	17729	3.08993	0.5	-16.2844	46.0312	0	0.647042	-0.762454	0	None	None
ChainingRodShaped	15785	3.67079	0.5	0.418032	-16.4534	0	-0.863784	0.503863	0	None	None
ChainingRodShaped	9504	4.81001	0.5	20.0743	23.1178	0	-0.136111	-0.990694	0	None	None
ChainingRodShaped	18939	2.3766	0.5	24.5911	-30.6364	0	-0.963273	-0.268524	0	None	None
ChainingRodShaped	18579	2.85188	0.5	42.3944	8.15515	0	-0.59565	-0.803244	0	None	None
ChainingRodShaped	16007	3.75763	0.5	-56.1436	17.6736	0	0.988761	-0.149502	0	None	None
ChainingRodShaped	20327	2.14746	0.5	-3.43429	81.0929	0	0.0700636	-0.997543	0	None	None
ChainingRodShaped	15479	3.78848	0.5	-57.5353	-6.54276	0	-0.961395	-0.275174	0	None	None
ChainingRodShaped	18131	2.83321	0.5	-46.0174	16.5244	0	0.97856	-0.205962	0	None	None
ChainingRodShaped	16615	3.04849	0.5	34.104	41.4492	0	0.551671	-0.834062	0	None	None
ChainingRodShaped	17083	2.7616	0.5	23.3372	33.8242	0	-0.0636696	-0.997971	0	None	None
ChainingRodShaped	9522	4.11243	0.5	19.815	110.904	0	-0.359764	0.933043	0	None	None
ChainingRodShaped	9524	3.87875	0.5	40.0234	-37.5347	0	-0.987803	-0.155707	0	None	None
ChainingRodShaped	20527	2.07876	0.5	81.2032	-13.4524	0	-0.243334	-0.969943	0	None	None
ChainingRodShaped	14861	4.1116	0.5	15.6809	97.5507	0	0.586415	0.810011	0	None	None
ChainingRodShaped	19839	2.37911	0.5	44.0313	30.273	0	0.808066	0.589092	0	None	None
ChainingRodShaped	15641	3.50145	0.5	46.1706	-30.1919	0	0.357369	-0.933963	0	None	None
ChainingRodShaped	18757	2.49021	0.5	67.459	5.47769	0	0.828991	-0.559262	0	None	None
ChainingRodShaped	18527	2.56247	0.5	-42.7345	-14.2521	0	0.912376	0.409353	0	None	None
ChainingRodShaped	15339	3.90972	0.5	56.5213	51.9092	0	0.968963	0.247207	0	None	None
ChainingRodShaped	18213	2.37728	0.5	-29.5571	91.8022	0	0.972586	-0.232543	0	None	None
ChainingRodShaped	17673	2.65839	0.5	75.824	-32.2086	0	0.464829	-0.8854	0	None	None
ChainingRodShaped	19651	2.23301	0.5	38.2768	110.531	0	0.730177	0.683258	0	None	None
ChainingRodShaped	16217	3.23042	0.5	21.3377	95.333	0	-0.971521	-0.236955	0	None	None
ChainingRodShaped	15041	3.1455	0.5	-90.8144	60.8508	0	0.895011	-0.446044	0	None	None
ChainingRodShaped	9550	4.83205	0.5	-65.4311	44.7358	0	0.968023	0.250863	0	None	None
ChainingRodShaped	15827	2.80521	0.5	76.1623	-11.9201	0	-0.170853	0.985297	0	None	None
ChainingRodShaped	16859	2.99967	0.5	-44.1523	-9.67144	0	-0.73598	-0.677003	0	None	None
ChainingRodShaped	16407	2.84745	0.5	-4.17748	-8.15858	0	0.541933	-0.840422	0	None	None
ChainingRodShaped	9558	4.85227	0.5	-44.1403	107.83	0	-0.96282	0.270145	0	None	None
ChainingRodShaped	18227	2.73191	0.5	8.02285	44.0252	0	0.731139	0.682228	0	None	None
ChainingRodShaped	17897	2.55533	0.5	5.27089	55.2336	0	0.768887	0.639385	0	None	None
ChainingRodShaped	17119	2.81199	0.5	20.1258	-16.9135	0	-0.751714	-0.65949	0	None	None
ChainingRodShaped	9566	4.70992	0.5	-63.0109	16.9732	0	0.993465	-0.114138	0	None	None
ChainingRodShaped	14971	3.54483	0.5	98.8086	-22.5143	0	0.999714	0.0239002	0	None	None
ChainingRodShaped	14827	3.76	0.5	-21.4944	64.3513	0	0.842532	-0.538647	0	None	None
ChainingRodShaped	18425	2.69205	0.5	-18.0984	54.2013	0	0.663464	-0.748209	0	None	None
ChainingRodShaped	9574	4.19568	0.5	75.521	22.7932	0	0.840656	-0.541569	0	None	None
ChainingRodShaped	18533	2.49218	0.5	-54.0287	-30.0697	0	0.623166	0.782089	0	None	None
ChainingRodShaped	17449	2.44537	0.5	71.1046	-33.6065	0	0.313145	-0.949705	0	None	None
ChainingRodShaped	15117	3.59859	0.5	81.1162	5.37476	0	0.995481	0.0949621	0	None	None
ChainingRodShaped	9582	4.23511	0.5	-51.9171	100.643	0	-0.672769	-0.739852	0	None	None
ChainingRodShaped	17247	2.48247	0.5	33.6212	-40.1378	0	-0.983977	-0.178297	0	None	None
ChainingRodShaped	15359	2.94065	0.5	94.5132	72.5888	0	-0.306452	-0.951886	0	None	None
ChainingRodShaped	19603	2.26815	0.5	52.2235	-65.1128	0	0.761238	0.648473	0	None	None
ChainingRodShaped	20427	2.15112	0.5	71.4039	9.29967	0	-0.9801	0.198505	0	None	None
ChainingRodShaped	17971	3.07745	0.5	92.8358	44.3584	0	-0.826224	-0.563342	0	None	None
ChainingRodShaped	17921	2.85717	0.5	16.5671	46.5648	0	-0.696724	-0.717339	0	None	None
ChainingRodShaped	9596	3.80794	0.5	29.8866	64.2896	0	0.669758	0.742579	0	None	None
ChainingRodShaped	16331	3.52422	0.5	51.9332	-59.4659	0	0.999385	0.0350687	0	None	None
ChainingRodShaped	15747	3.54411	0.5	89.9643	-31.4497	0	-0.71656	-0.697525	0	None	None
ChainingRodShaped	15031	3.62381	0.5	34.9583	45.837	0	0.636702	-0.77111	0	None	None
ChainingRodShaped	19279	2.26741	0.5	26.6989	-12.0585	0	0.830884	-0.556446	0	None	None
ChainingRodShaped	9606	4.93067	0.5	-28.8545	-51.2257	0	0.719545	0.694446	0	None	None
ChainingRodShaped	16247	2.80456	0.5	90.6599	84.9182	0	0.0958819	0.995393	0	None	None
ChainingRodShaped	9610	4.63116	0.5	106.702	-13.513	0	-0.457586	-0.889165	0	None	None
ChainingRodShaped	9612	4.61621	0.5	-22.1066	100.875	0	0.273191	-0.96196	0	None	None
ChainingRodShaped	20505	2.08225	0.5	-81.1341	1.70135	0	-0.974068	0.226253	0	None	None
ChainingRodShaped	18885	2.3678	0.5	43.1127	61.3088	0	-0.244896	-0.969549	0	None	None
ChainingRodShaped	17303	2.8009	0.5	-79.1852	35.3632	0	0.921665	0.387986	0	None	None
ChainingRodShaped	15721	3.69903	0.5	6.49289	-27.7097	0	-0.993394	0.114757	0	None	None
ChainingRodShaped	17341	3.03076	0.5	105.222	26.21	0	-0.87311	0.487523	0	None	None
ChainingRodShaped	16337	3.06521	0.5	19.1053	100.397	0	0.346164	0.938174	0	None	None
ChainingRodShaped	9626	4.25131	0.5	63.2028	76.4065	0	-0.0359825	-0.999352	0	None	None
ChainingRodShaped	9628	4.00304	0.5	-44.6003	22.8201	0	0.333848	-0.942627	0	None	None
ChainingRodShaped	17901	2.61117	0.5	26.2486	7.3302	0	-0.531672	0.846951	0	None	None
ChainingRodShaped	15753	2.96496	0.5	-83.134	-6.80432	0	-0.949298	-0.314379	0	None	None
ChainingRodShaped	9634	4.4692	0.5	59.2993	115.864	0	0.918224	0.396061	0	None	None
ChainingRodShaped	9636	4.71489	0.5	-30.327	32.7953	0	0.923898	0.382638	0	None	None
ChainingRodShaped	9638	4.4113	0.5	45.2952	-62.9017	0	0.794434	0.607351	0	None	None
ChainingRodShaped	9640	4.71051	0.5	-16.8881	9.07162	0	-0.147742	-0.989026	0	None	None
ChainingRodShaped	18649	2.79691	0.5	17.7268	-20.2177	0	-0.998912	-0.0466353	0	None	None
ChainingRodShaped	9644	3.82202	0.5	54.4905	-54.9204	0	0.996641	0.0818936	0	None	None
ChainingRodShaped	9646	4.38973	0.5	-75.3807	5.79268	0	-0.861405	0.507919	0	None	None
ChainingRodShaped	9648	4.64744	0.5	2.78429	-65.9658	0	0.884927	-0.46573	0	None	None
ChainingRodShaped	9650	3.80423	0.5	-18.5287	-65.4539	0	-0.756976	0.653443	0	None	None
ChainingRodShaped	15725	3.81091	0.5	-47.2984	-3.67673	0	-0.326597	0.945164	0	None	None
ChainingRodShaped	17909	2.57486	0.5	-14.4133	65.7392	0	0.830332	-0.557269	0	None	None
ChainingRodShaped	16987	2.76199	0.5	-0.731681	12.3297	0	0.997332	0.0729933	0	None	None
ChainingRodShaped	9658	4.96572	0.5	0.244291	14.9127	0	0.989927	0.141576	0	None	None
ChainingRodShaped	16357	3.67093	0.5	113.521	36.2848	0	0.269351	0.963042	0	None	None
ChainingRodShaped	9662	3.92987	0.5	0.906652	109.739	0	0.555446	0.831553	0	None	None
ChainingRodShaped	9664	4.66315	0.5	15.1238	-11.7878	0	0.971408	0.237416	0	None	None
ChainingRodShaped	15345	3.14894	0.5	7.08587	64.4291	0	-0.821483	-0.570233	0	None	None
ChainingRodShaped	15385	3.74367	0.5	16.7868	33.6142	0	0.105455	0.994424	0	None	None
ChainingRodShaped	19355	2.37031	0.5	64.3216	-62.3838	0	-0.378606	-0.925558	0	None	None
ChainingRodShaped	9672	4.32867	0.5	44.9376	-16.922	0	-0.529432	-0.848353	0	None	None
ChainingRodShaped	20183	2.17318	0.5	39.092	-27.0467	0	-0.0887998	-0.996049	0	None	None
ChainingRodShaped	16953	2.77013	0.5	-11.6822	-7.22788	0	-0.83719	-0.546912	0	None	None
ChainingRodShaped	15713	3.89117	0.5	82.3743	-36.9439	0	0.792896	-0.609357	0	None	None
ChainingRodShaped	18033	2.43433	0.5	-63.4709	90.0429	0	-0.464247	-0.885706	0	None	None
ChainingRodShaped	9682	4.46312	0.5	-62.6764	-43.5806	0	-0.703929	-0.71027	0	None	None
ChainingRodShaped	9684	4.73705	0.5	-4.16288	-43.5528	0	-0.956338	0.292261	0	None	None
ChainingRodShaped	9686	4.88216	0.5	13.9983	18.5255	0	0.89168	-0.452666	0	None	None
ChainingRodShaped	9688	4.53929	0.5	70.4707	-34.3517	0	0.303695	-0.952769	0	None	None
ChainingRodShaped	16193	3.16159	0.5	-38.8987	118.39	0	0.631419	0.775442	0	None	None
ChainingRodShaped	15141	4.10648	0.5	-67.5305	18.9942	0	0.666166	-0.745803	0	None	None
ChainingRodShaped	17891	2.75362	0.5	70.9373	79.9481	0	0.15797	0.987444	0	None	None
ChainingRodShaped	16191	3.05813	0.5	-52.5797	46.9879	0	0.97318	0.230045	0	None	None
ChainingRodShaped	9698	4.03949	0.5	85.8999	82.0746	0	0.964743	-0.263194	0	None	None
ChainingRodShaped	16025	3.10465	0.5	27.0061	45.5726	0	-0.161161	-0.986928	0	None	None
ChainingRodShaped	19517	2.32183	0.5	62.2512	4.67287	0	-0.977079	0.212877	0	None	None
ChainingRodShaped	17251	3.26605	0.5	-89.3432	28.1136	0	0.301384	-0.953503	0	None	None
ChainingRodShaped	18535	2.84645	0.5	-64.3487	10.6197	0	0.984145	-0.177367	0	None	None
ChainingRodShaped	20283	2.08862	0.5	51.823	-2.87953	0	0.452317	-0.891857	0	None	None
ChainingRodShaped	9710	4.61468	0.5	21.6019	-55.565	0	0.180767	-0.983526	0	None	None
ChainingRodShaped	16511	3.25616	0.5	55.9507	36.0739	0	-0.97434	0.22508	0	None	None
ChainingRodShaped	9714	4.25862	0.5	41.8728	32.7493	0	0.821758	0.569837	0	None	None
ChainingRodShaped	18615	2.41572	0.5	89.6068	94.7965	0	0.900608	-0.434633	0	None	None
ChainingRodShaped	19543	2.45748	0.5	-82.0757	53.5182	0	0.90187	-0.432008	0	None	None
ChainingRodShaped	9720	4.91148	0.5	73.5183	95.3075	0	0.365925	-0.930644	0	None	None
ChainingRodShaped	15707	3.84232	0.5	33.3031	10.5655	0	-0.666083	-0.745878	0	None	None
ChainingRodShaped	18965	2.72154	0.5	61.0053	-44.3432	0	0.59389	0.804546	0	None	None
ChainingRodShaped	15191	3.3455	0.5	62.4487	21.2268	0	-0.91177	0.4107	0	None	None
ChainingRodShaped	15247	2.96396	0.5	-54.9813	9.46554	0	0.175081	-0.984554	0	None	None
ChainingRodShaped	16763	3.1371	0.5	76.6994	42.5916	0	-0.999996	0.00273823	0	None	None
ChainingRodShaped	18431	2.76462	0.5	18.2045	53.9198	0	0.788738	0.61473	0	None	None
ChainingRodShaped	18873	2.40962	0.5	-63.7021	58.3831	0	0.647863	-0.761756	0	None	None
ChainingRodShaped	19763	2.33157	0.5	-45.1019	22.0632	0	0.32426	-0.945968	0	None	None
ChainingRodShaped	20701	2.05038	0.5	-34.7234	105.304	0	-0.760454	0.649392	0	None	None
ChainingRodShaped	9740	4.3793	0.5	-73.9643	1.92092	0	-0.871362	0.490641	0	None	None
ChainingRodShaped	9742	4.41103	0.5	89.5613	1.87774	0	-0.36839	-0.929671	0	None	None
ChainingRodShaped	9744	4.29272	0.5	-28.9191	-31.5465	0	-0.070536	0.997509	0	None	None
ChainingRodShaped	19277	2.48381	0.5	-32.6539	11.6895	0	0.829884	0.557936	0	None	None
ChainingRodShaped	15441	3.11974	0.5	-39.5578	73.1348	0	0.663534	0.748146	0	None	None
ChainingRodShaped	9750	4.2683	0.5	-78.6821	65.9971	0	-0.693762	0.720205	0	None	None
ChainingRodShaped	9752	4.95253	0.5	5.9898	-40.0278	0	0.63038	-0.776287	0	None	None
ChainingRodShaped	16975	3.12619	0.5	-15.3503	-55.4569	0	-0.14862	-0.988894	0	None	None
ChainingRodShaped	9756	4.28109	0.5	-37.5132	40.4944	0	-0.963395	-0.268087	0	None	None
ChainingRodShaped	15175	3.36013	0.5	-42.382	97.9585	0	0.984405	-0.17592	0	None	None
ChainingRodShaped	16027	3.73352	0.5	-20.3448	103.143	0	0.236064	-0.971737	0	None	None
ChainingRodShaped	15989	3.25739	0.5	55.2721	-9.41806	0	-0.0270518	-0.999634	0	None	None
ChainingRodShaped	18733	2.74006	0.5	-2.28464	114.065	0	0.771441	0.636301	0	None	None
ChainingRodShaped	15705	3.83105	0.5	-1.10879	-73.9577	0	-0.408237	0.912876	0	None	None
ChainingRodShaped	16613	3.22848	0.5	-27.6392	0.549015	0	-0.115775	0.993275	0	None	None
ChainingRodShaped	15237	2.89739	0.5	41.0395	65.2892	0	-0.251219	-0.96793	0	None	None
ChainingRodShaped	18561	2.59906	0.5	65.2684	-9.01051	0	0.170785	0.985308	0	None	None
ChainingRodShaped	15341	3.35791	0.5	17.3456	-53.4198	0	-0.217795	0.975994	0	None	None
ChainingRodShaped	9776	4.3571	0.5	-6.46745	128.985	0	-0.044604	-0.999005	0	None	None
ChainingRodShaped	15131	2.95672	0.5	41.8996	-8.28971	0	0.983965	-0.178363	0	None	None
ChainingRodShaped	18351	2.32938	0.5	46.6081	124.426	0	0.741205	-0.671278	0	None	None
ChainingRodShaped	20561	2.06338	0.5	12.2709	101.133	0	-0.651857	-0.758342	0	None	None
ChainingRodShaped	9784	4.49163	0.5	-14.5827	66.7547	0	0.830689	-0.556736	0	None	None
ChainingRodShaped	15373	4.06097	0.5	-56.1683	106.008	0	-0.996866	-0.079108	0	None	None
ChainingRodShaped	17879	2.93876	0.5	-39.5763	79.3882	0	-0.920183	-0.391489	0	None	None
ChainingRodShaped	15301	3.42187	0.5	85.7021	32.4213	0	0.720069	0.693903	0	None	None
ChainingRodShaped	9792	4.0063	0.5	-44.4924	-2.12615	0	0.214862	-0.976644	0	None	None
ChainingRodShaped	9794	3.87867	0.5	32.7573	90.1133	0	0.996864	0.0791339	0	None	None
ChainingRodShaped	19999	2.1916	0.5	68.9653	-4.75136	0	1	-0.000860523	0	None	None
ChainingRodShaped	9798	4.63238	0.5	2.13368	3.40546	0	0.991578	0.129513	0	None	None
ChainingRodShaped	17147	2.97935	0.5	-85.498	46.6974	0	0.996229	-0.0867629	0	None	None
ChainingRodShaped	9802	4.50739	0.5	11.4791	28.3944	0	0.999939	0.011049	0	None	None
ChainingRodShaped	19847	2.14209	0.5	101.817	4.53972	0	0.844375	-0.535753	0	None	None
ChainingRodShaped	9806	4.51662	0.5	30.7432	36.2767	0	0.0513892	-0.998679	0	None	None
ChainingRodShaped	9808	4.57551	0.5	-94.1161	48.0495	0	0.926961	-0.375157	0	None	None
ChainingRodShaped	9810	4.92014	0.5	-6.74778	-15.8489	0	0.431159	-0.902276	0	None	None
ChainingRodShaped	20499	2.10325	0.5	-68.5008	24.927	0	-0.505907	0.862588	0	None	None
ChainingRodShaped	15685	3.17611	0.5	48.2912	2.96793	0	-0.622066	-0.782965	0	None	None
ChainingRodShaped	9816	4.42385	0.5	67.1408	15.6228	0	-0.987142	0.159846	0	None	None
ChainingRodShaped	9818	3.79501	0.5	-11.9017	132.131	0	-0.999963	0.00857695	0	None	None
ChainingRodShaped	9820	3.75995	0.5	-40.5318	122.111	0	-0.588009	0.808855	0	None	None
ChainingRodShaped	9822	4.2713	0.5	-43.3154	66.0944	0	-0.618275	-0.785962	0	None	None
ChainingRodShaped	18917	2.56457	0.5	111.49	-4.10561	0	0.841764	0.539845	0	None	None
ChainingRodShaped	15547	3.36412	0.5	-89.1341	40.9624	0	-0.455904	-0.890029	0	None	None
ChainingRodShaped	9828	4.97387	0.5	19.5549	31.9811	0	0.134288	0.990942	0	None	None
ChainingRodShaped	9830	4.71341	0.5	32.5185	42.996	0	0.543052	-0.839699	0	None	None
ChainingRodShaped	17151	3.25378	0.5	-73.422	60.0397	0	-0.846495	0.532397	0	None	None
ChainingRodShaped	16273	3.26058	0.5	31.4459	86.2277	0	0.998904	0.0468138	0	None	None
ChainingRodShaped	9836	4.66188	0.5	46.6162	9.09652	0	-0.606238	-0.795283	0	None	None
ChainingRodShaped	9838	4.5789	0.5	38.712	-52.2742	0	0.930091	0.36733	0	None	None
ChainingRodShaped	17241	2.93276	0.5	23.1927	6.67324	0	0.2593	-0.965797	0	None	None
ChainingRodShaped	19677	2.34866	0.5	-50.6928	-34.1462	0	-0.636876	-0.770966	0	None	None
ChainingRodShaped	9844	3.8728	0.5	-27.5185	129.102	0	0.340019	-0.940419	0	None	None
ChainingRodShaped	18195	2.97731	0.5	90.2984	66.3194	0	-0.479985	-0.877277	0	None	None
ChainingRodShaped	18111	2.47433	0.5	24.1313	53.093	0	0.829988	0.557781	0	None	None
ChainingRodShaped	9850	4.07708	0.5	-12.7134	-23.9569	0	-0.560194	0.828361	0	None	None
ChainingRodShaped	9852	2.50155	0.5	-89.8064	62.5423	0	0.889845	-0.456263	0	None	9851
ChainingRodShaped	9854	4.76712	0.5	-75.7927	23.0886	0	0.680566	-0.732687	0	None	None
ChainingRodShaped	17727	2.55804	0.5	11.2922	-4.14712	0	0.178729	-0.983898	0	None	None
ChainingRodShaped	9858	4.37281	0.5	66.9265	50.5915	0	0.97105	0.238877	0	None	None
ChainingRodShaped	17221	2.77898	0.5	-79.5202	32.1133	0	0.869024	0.494769	0	None	None
ChainingRodShaped	15389	3.23953	0.5	-18.719	-42.6459	0	-0.477483	-0.878641	0	None	None
ChainingRodShaped	9864	4.12702	0.5	6.72912	113.057	0	-0.43864	-0.898663	0	None	None
ChainingRodShaped	15255	3.67701	0.5	27.7305	-43.0055	0	0.931197	0.364518	0	None	None
ChainingRodShaped	15533	3.76055	0.5	40.0777	-41.5573	0	0.993477	-0.114029	0	None	None
ChainingRodShaped	15587	3.99287	0.5	-23.9744	85.2716	0	-0.823424	0.567426	0	None	None
ChainingRodShaped	16607	3.25486	0.5	40.5182	93.3504	0	-0.305136	0.952309	0	None	None
ChainingRodShaped	9874	4.20007	0.5	16.1011	63.6349	0	0.780384	0.625301	0	None	None
ChainingRodShaped	16723	3.44556	0.5	57.0156	-37.8835	0	0.442805	0.896618	0	None	None
ChainingRodShaped	9878	4.54782	0.5	43.9337	82.9431	0	0.898539	0.438894	0	None	None
ChainingRodShaped	17637	3.19857	0.5	-32.82	-59.9544	0	-0.918683	-0.394996	0	None	None
ChainingRodShaped	20785	2.0393	0.5	-28.0877	123.495	0	0.476399	-0.879229	0	None	None
ChainingRodShaped	9884	4.81696	0.5	-89.1382	17.656	0	-0.595805	0.803129	0	None	None
ChainingRodShaped	16969	2.71627	0.5	-47.6038	38.1665	0	-0.816383	-0.57751	0	None	None
ChainingRodShaped	9888	4.91588	0.5	-14.5242	40.8401	0	-0.950841	-0.309679	0	None	None
ChainingRodShaped	20689	2.04611	0.5	64.8209	75.4015	0	-0.0432437	-0.999065	0	None	None
ChainingRodShaped	16535	3.2912	0.5	-0.137972	21.0834	0	0.353681	-0.935366	0	None	None
ChainingRodShaped	19041	2.29519	0.5	-3.04268	-28.7735	0	0.514485	-0.8575	0	None	None
ChainingRodShaped	17373	2.64731	0.5	34.0639	104.954	0	-0.22717	-0.973855	0	None	None
ChainingRodShaped	20755	2.03907	0.5	-3.39386	5.93487	0	0.992956	0.118483	0	None	None
ChainingRodShaped	19513	2.27432	0.5	100.405	-19.6124	0	0.932974	-0.359944	0	None	None
ChainingRodShaped	9902	4.21388	0.5	7.60443	-5.70982	0	0.447986	-0.894041	0	None	None
ChainingRodShaped	18993	2.6823	0.5	-8.93577	-30.3361	0	-0.556129	0.831096	0	None	None
ChainingRodShaped	9906	3.82314	0.5	90.8471	-11.9292	0	0.999569	0.0293415	0	None	None
ChainingRodShaped	19243	2.35667	0.5	-18.8117	-35.2466	0	0.690979	0.722875	0	None	None
ChainingRodShaped	20049	2.29342	0.5	66.3112	38.121	0	0.779641	-0.626226	0	None	None
ChainingRodShaped	16321	3.63684	0.5	-22.6895	9.01047	0	-0.137351	-0.990522	0	None	None
ChainingRodShaped	17799	2.8204	0.5	-14.1745	11.3559	0	-0.410686	-0.911777	0	None	None
ChainingRodShaped	16243	2.99853	0.5	50.3713	91.2462	0	0.3977	-0.917516	0	None	None
ChainingRodShaped	16201	3.20774	0.5	65.9632	-5.34304	0	0.967082	-0.254465	0	None	None
ChainingRodShaped	9920	4.84691	0.5	-20.5372	-21.8545	0	0.882306	0.470677	0	None	None
ChainingRodShaped	16087	2.95483	0.5	58.5338	-7.61505	0	0.29935	-0.954143	0	None	None
ChainingRodShaped	20597	2.07447	0.5	19.0547	-70.2221	0	0.975736	0.218951	0	None	None
ChainingRodShaped	18297	2.79314	0.5	-44.7751	40.9752	0	-0.834811	-0.550537	0	None	None
ChainingRodShaped	16199	2.72856	0.5	-38.7368	8.0547	0	0.824328	0.566112	0	None	None
ChainingRodShaped	9930	4.01946	0.5	-33.9443	64.5746	0	-0.0829901	-0.99655	0	None	None
ChainingRodShaped	17299	2.94739	0.5	-29.3848	46.5329	0	-0.959348	0.282224	0	None	None
ChainingRodShaped	9934	4.06878	0.5	-69.5315	64.7601	0	0.96606	-0.258319	0	None	None
ChainingRodShaped	15399	3.16261	0.5	51.0716	42.7877	0	-0.906787	-0.421589	0	None	None
ChainingRodShaped	17639	2.97887	0.5	40.358	121.371	0	-0.314923	-0.949117	0	None	None
ChainingRodShaped	20019	2.22803	0.5	59.0002	-61.4351	0	-0.448731	-0.893667	0	None	None
ChainingRodShaped	9942	3.73797	0.5	3.12814	32.3022	0	-0.9778	-0.209539	0	None	None
ChainingRodShaped	15619	2.96766	0.5	-52.4198	-22.4971	0	-0.607661	-0.794196	0	None	None
ChainingRodShaped	16509	3.61912	0.5	-69.7014	0.377322	0	-0.851178	0.524877	0	None	None
ChainingRodShaped	16521	3.16415	0.5	20.1264	-25.4459	0	-0.997929	0.064325	0	None	None
ChainingRodShaped	15613	3.27418	0.5	-53.819	28.507	0	-0.779234	-0.626733	0	None	None
ChainingRodShaped	16233	3.14517	0.5	13.691	26.2338	0	0.996462	-0.0840416	0	None	None
ChainingRodShaped	18183	2.50223	0.5	-69.9393	13.2798	0	0.755028	-0.655692	0	None	None
ChainingRodShaped	9956	4.30311	0.5	-64.5094	71.1981	0	0.344281	0.938867	0	None	None
ChainingRodShaped	17581	2.49941	0.5	-34.2246	49.7272	0	0.239628	-0.970865	0	None	None
ChainingRodShaped	9960	4.87328	0.5	31.3203	-4.6934	0	-0.836365	-0.548173	0	None	None
ChainingRodShaped	15425	4.09555	0.5	-29.4107	90.9369	0	0.97285	-0.231438	0	None	None
ChainingRodShaped	20137	2.25893	0.5	-52.2995	46.3086	0	0.970904	0.239468	0	None	None
ChainingRodShaped	9966	3.80367	0.5	-15.9942	14.0098	0	-0.389526	-0.921015	0	None	None
ChainingRodShaped	17563	2.76725	0.5	6.91102	-55.1521	0	-0.808435	0.588585	0	None	None
ChainingRodShaped	9970	4.83098	0.5	106.387	62.6381	0	0.73959	-0.673058	0	None	None
ChainingRodShaped	9972	4.92394	0.5	52.6463	79.893	0	-0.49911	-0.866539	0	None	None
ChainingRodShaped	9974	4.09906	0.5	-42.1046	-54.1944	0	0.996444	0.0842595	0	None	None
ChainingRodShaped	20095	2.23513	0.5	38.1913	68.7366	0	-0.874229	-0.485514	0	None	None
ChainingRodShaped	9978	4.11689	0.5	56.0734	81.4257	0	0.0151427	-0.999885	0	None	None
ChainingRodShaped	9980	3.90158	0.5	-2.78507	61.2081	0	-0.970023	0.243013	0	None	None
ChainingRodShaped	19389	2.25393	0.5	29.4836	47.5824	0	-0.205108	-0.978739	0	None	None
ChainingRodShaped	17499	2.59172	0.5	3.66537	-31.7539	0	0.637465	-0.77048	0	None	None
ChainingRodShaped	17435	2.78049	0.5	-14.6009	62.3148	0	0.842567	-0.538592	0	None	None
ChainingRodShaped	19503	2.20557	0.5	76.0172	45.156	0	-0.989416	-0.145108	0	None	None
ChainingRodShaped	15907	3.01394	0.5	26.4697	-70.6461	0	0.999855	-0.017037	0	None	None
ChainingRodShaped	9992	4.5423	0.5	-70.8567	50.377	0	0.947928	-0.318484	0	None	None
ChainingRodShaped	18373	2.6293	0.5	-65.1609	22.9108	0	-0.918097	0.396355	0	None	None
ChainingRodShaped	9996	4.87362	0.5	93.4315	60.6985	0	-0.405313	-0.914178	0	None	None
ChainingRodShaped	9998	4.08277	0.5	0.983431	58.3356	0	-0.999614	-0.0277869	0	None	None
ChainingRodShaped	10000	4.80939	0.5	50.1225	-9.99641	0	0.974746	-0.223318	0	None	None
ChainingRodShaped	10002	4.102	0.5	24.9081	123.185	0	0.298075	-0.954542	0	None	None
ChainingRodShaped	16311	2.70105	0.5	-73.3649	-6.06107	0	-0.53766	0.843161	0	None	None
ChainingRodShaped	10006	4.24907	0.5	-5.65971	-28.8647	0	0.52609	-0.850429	0	None	None
ChainingRodShaped	10008	3.79375	0.5	92.1188	88.3814	0	0.999702	0.0244096	0	None	None
ChainingRodShaped	10010	3.90555	0.5	42.5306	119.483	0	-0.995898	-0.0904864	0	None	None
ChainingRodShaped	10012	4.28507	0.5	31.9675	-54.5433	0	0.874631	-0.484788	0	None	None
ChainingRodShaped	15881	3.9114	0.5	11.0402	-37.8555	0	0.193438	-0.981112	0	None	None
ChainingRodShaped	17427	2.95549	0.5	67.9918	-21.7615	0	-0.448607	-0.893729	0	None	None
ChainingRodShaped	15871	3.14854	0.5	-37.345	56.6611	0	0.242858	-0.970062	0	None	None
ChainingRodShaped	18637	2.47581	0.5	35.4306	124.896	0	0.0580092	-0.998316	0	None	None
ChainingRodShaped	19795	2.20858	0.5	-53.5251	88.1093	0	0.445373	0.895345	0	None	None
ChainingRodShaped	10024	3.96042	0.5	64.8768	51.5542	0	0.975662	0.219279	0	None	None
ChainingRodShaped	17619	2.55401	0.5	81.1313	-23.7422	0	-0.274522	0.961581	0	None	None
ChainingRodShaped	10028	3.87707	0.5	94.1464	14.5704	0	0.324119	-0.946016	0	None	None
ChainingRodShaped	19515	2.1876	0.5	-57.712	72.4379	0	0.387361	0.921928	0	None	None
ChainingRodShaped	18115	2.87237	0.5	12.8185	123.249	0	0.86487	0.501997	0	None	None
ChainingRodShaped	20061	2.30435	0.5	-76.8069	74.0118	0	-0.867058	-0.498207	0	None	None
ChainingRodShaped	17495	2.4426	0.5	-16.8343	-42.5678	0	-0.477486	-0.878639	0	None	None
ChainingRodShaped	18001	2.58203	0.5	45.8394	6.84353	0	-0.596601	-0.802538	0	None	None
ChainingRodShaped	18441	2.64097	0.5	56.8726	92.4171	0	0.300607	-0.953748	0	None	None
ChainingRodShaped	10042	4.44961	0.5	14.8656	48.3496	0	0.726424	0.687247	0	None	None
ChainingRodShaped	10044	4.3692	0.5	-83.8683	50.0862	0	-0.965446	0.260603	0	None	None
ChainingRodShaped	16269	3.45073	0.5	84.8967	-2.05973	0	-0.664394	-0.747383	0	None	None
ChainingRodShaped	17355	2.57272	0.5	-16.8604	108.192	0	-0.00942173	-0.999956	0	None	None
ChainingRodShaped	10050	4.50532	0.5	6.71227	-65.4302	0	0.968778	-0.24793	0	None	None
ChainingRodShaped	18931	2.4155	0.5	17.5593	87.1221	0	0.998012	0.0630184	0	None	None
ChainingRodShaped	16103	2.86736	0.5	54.5578	35.5787	0	-0.972074	0.234676	0	None	None
ChainingRodShaped	10056	4.30348	0.5	7.63161	-50.981	0	-0.216852	0.976204	0	None	None
ChainingRodShaped	10058	4.91349	0.5	-40.0245	16.8599	0	0.851935	0.523648	0	None	None
ChainingRodShaped	19433	2.39156	0.5	9.38774	56.1957	0	0.795198	0.606349	0	None	None
ChainingRodShaped	15655	3.63776	0.5	-22.6053	-30.2394	0	-0.945036	-0.326966	0	None	None
ChainingRodShaped	10064	3.68679	0.5	100.711	23.7412	0	0.869865	-0.49329	0	None	None
ChainingRodShaped	10066	3.95055	0.5	55.0375	-31.7262	0	-0.498814	0.866709	0	None	None
ChainingRodShaped	20467	2.16495	0.5	-32.7586	3.64103	0	-0.615223	-0.788353	0	None	None
ChainingRodShaped	16809	2.59926	0.5	-24.4955	27.5956	0	0.712722	-0.701447	0	None	None
ChainingRodShaped	18209	2.36841	0.5	-38.9083	114.561	0	0.804656	0.593741	0	None	None
ChainingRodShaped	17999	2.42736	0.5	-94.9993	32.5567	0	0.968715	0.248175	0	None	None
ChainingRodShaped	10076	3.90986	0.5	14.9856	24.2294	0	0.996893	-0.0787666	0	None	None
ChainingRodShaped	17485	2.53072	0.5	59.3676	41.7736	0	-0.951057	-0.309015	0	None	None
ChainingRodShaped	19049	2.6142	0.5	88.3387	43.4177	0	-0.814883	-0.579625	0	None	None
ChainingRodShaped	18911	2.65038	0.5	-43.7226	92.4443	0	0.0864591	0.996255	0	None	None
ChainingRodShaped	17447	2.71967	0.5	89.3697	17.2068	0	-0.232848	-0.972513	0	None	None
ChainingRodShaped	16369	3.58595	0.5	74.1841	64.9943	0	-0.0453166	0.998973	0	None	None
ChainingRodShaped	10088	4.6042	0.5	-32.4828	82.6662	0	-0.134056	-0.990974	0	None	None
ChainingRodShaped	17099	2.58745	0.5	18.9521	26.6791	0	0.35121	0.936297	0	None	None
ChainingRodShaped	20051	2.31787	0.5	61.6115	-0.541754	0	-0.969652	0.244489	0	None	None
ChainingRodShaped	18627	2.6216	0.5	19.7134	-53.7901	0	-0.188113	0.982147	0	None	None
ChainingRodShaped	15643	2.99985	0.5	51.0506	35.3769	0	0.996143	-0.0877471	0	None	None
ChainingRodShaped	10098	4.57901	0.5	-36.4041	77.8751	0	-0.229514	-0.973305	0	None	None
ChainingRodShaped	19831	2.18673	0.5	79.879	75.8815	0	0.483545	-0.87532	0	None	None
ChainingRodShaped	17695	2.50248	0.5	23.7956	7.01999	0	0.249576	-0.968355	0	None	None
ChainingRodShaped	10104	4.04118	0.5	-46.9471	5.78953	0	0.997883	-0.0650421	0	None	None
ChainingRodShaped	10106	4.86245	0.5	89.4912	28.5295	0	0.88476	-0.466047	0	None	None
ChainingRodShaped	20443	2.07671	0.5	-35.7226	-10.6042	0	0.0300282	0.999549	0	None	None
ChainingRodShaped	18551	2.72934	0.5	76.2661	-8.43023	0	-0.318262	-0.948003	0	None	None
ChainingRodShaped	17737	3.11508	0.5	22.5394	17.642	0	0.219645	-0.97558	0	None	None
ChainingRodShaped	16893	3.22477	0.5	-64.0013	38.3425	0	0.963981	0.26597	0	None	None
ChainingRodShaped	17501	3.04919	0.5	18.5763	-79.1258	0	0.948854	-0.315715	0	None	None
ChainingRodShaped	19589	2.36349	0.5	-44.7703	-4.43911	0	0.297955	-0.95458	0	None	None
ChainingRodShaped	10120	3.79478	0.5	-86.2835	67.8729	0	-0.973893	0.227007	0	None	None
ChainingRodShaped	10122	4.3382	0.5	16.7327	-47.09	0	0.351568	-0.936162	0	None	None
ChainingRodShaped	16395	3.67933	0.5	19.8241	-11.3049	0	0.952719	-0.303852	0	None	None
ChainingRodShaped	17473	2.92628	0.5	11.8546	-64.0341	0	-0.975496	0.220018	0	None	None
ChainingRodShaped	18807	2.66116	0.5	57.9977	-41.0905	0	0.501039	0.865425	0	None	None
ChainingRodShaped	18343	2.85386	0.5	-39.659	-7.73979	0	-0.750264	-0.661138	0	None	None
ChainingRodShaped	19453	2.5374	0.5	8.16877	17.7444	0	-0.895657	0.444745	0	None	None
ChainingRodShaped	20199	2.11247	0.5	-13.3094	-37.2634	0	0.140163	0.990128	0	None	None
ChainingRodShaped	15909	3.27029	0.5	98.2304	-5.78617	0	0.808356	0.588693	0	None	None
ChainingRodShaped	10138	4.7348	0.5	3.37017	-9.02484	0	-0.786563	0.61751	0	None	None
ChainingRodShaped	19337	2.4523	0.5	-51.4169	2.07588	0	-0.158704	0.987326	0	None	None
ChainingRodShaped	17559	2.96861	0.5	-33.8101	94.5533	0	0.970867	-0.23962	0	None	None
ChainingRodShaped	19179	2.58018	0.5	-85.4548	-10.2039	0	-0.711053	-0.703138	0	None	None
ChainingRodShaped	16165	3.13116	0.5	-59.9239	45.5326	0	0.954963	0.296726	0	None	None
ChainingRodShaped	19017	2.42729	0.5	-86.6287	7.93184	0	-0.821917	0.569607	0	None	None
ChainingRodShaped	10150	4.68341	0.5	52.0031	24.3024	0	-0.815918	-0.578168	0	None	None
ChainingRodShaped	16245	3.13062	0.5	60.5717	55.2469	0	0.972212	0.234101	0	None	None
ChainingRodShaped	16747	2.85887	0.5	-96.2685	44.0617	0	-0.531795	0.846873	0	None	None
ChainingRodShaped	10156	4.51881	0.5	37.2013	-18.7285	0	-0.41798	-0.908456	0	None	None
ChainingRodShaped	17477	2.94288	0.5	9.84217	31.2839	0	-0.999144	-0.0413576	0	None	None
ChainingRodShaped	16429	2.88634	0.5	19.1982	-0.343626	0	0.97024	-0.242145	0	None	None
ChainingRodShaped	10162	4.47045	0.5	-22.2743	62.7863	0	0.775291	-0.631604	0	None	None
ChainingRodShaped	10164	4.48079	0.5	8.26401	-69.5248	0	0.9694	-0.245488	0	None	None
ChainingRodShaped	10166	4.69886	0.5	-20.425	83.8411	0	-0.829056	0.559165	0	None	None
ChainingRodShaped	10168	3.73253	0.5	-43.8358	31.4701	0	0.752983	0.65804	0	None	None
ChainingRodShaped	10170	4.47029	0.5	29.6416	34.9936	0	0.0315785	-0.999501	0	None	None
ChainingRodShaped	17771	2.87294	0.5	-23.0557	-68.0342	0	0.803978	-0.594659	0	None	None
ChainingRodShaped	17515	3.02132	0.5	-44.1446	-50.3647	0	0.69022	-0.723599	0	None	None
ChainingRodShaped	10176	4.97257	0.5	88.9032	6.5085	0	0.998523	-0.0543352	0	None	None
ChainingRodShaped	16015	2.88086	0.5	-20.1053	-29.7039	0	-0.552717	-0.833369	0	None	None
ChainingRodShaped	17273	2.96932	0.5	-5.29707	66.628	0	0.847234	-0.53122	0	None	None
ChainingRodShaped	10182	4.2408	0.5	-5.94863	-50.0922	0	0.780296	-0.625411	0	None	None
ChainingRodShaped	16169	2.68882	0.5	99.6163	-15.1427	0	-0.923361	-0.383933	0	None	None
ChainingRodShaped	10186	4.65613	0.5	-24.3582	43.1343	0	-0.986926	0.161171	0	None	None
ChainingRodShaped	17129	2.81054	0.5	102.797	71.8323	0	-0.225315	0.974286	0	None	None
ChainingRodShaped	10190	3.71381	0.5	-48.7395	32.9746	0	-0.856657	-0.515886	0	None	None
ChainingRodShaped	10192	4.31619	0.5	-71.5879	13.6165	0	0.748439	-0.663203	0	None	None
ChainingRodShaped	10194	3.83083	0.5	25.0612	32.0015	0	0.0146592	0.999893	0	None	None
ChainingRodShaped	10196	4.04478	0.5	54.0451	48.199	0	0.936433	0.350847	0	None	None
ChainingRodShaped	15995	3.42608	0.5	76.8106	-0.319498	0	-0.99736	-0.0726222	0	None	None
ChainingRodShaped	10200	4.41891	0.5	24.0565	92.0071	0	0.986911	0.161263	0	None	None
ChainingRodShaped	10202	4.04374	0.5	66.2362	-21.6516	0	-0.444669	-0.895695	0	None	None
ChainingRodShaped	10204	4.91563	0.5	19.9283	47.6774	0	-0.674855	-0.73795	0	None	None
ChainingRodShaped	18869	2.36347	0.5	-44.4644	-25.9586	0	-0.854858	-0.518862	0	None	None
ChainingRodShaped	10208	4.56414	0.5	-86.5307	52.4029	0	0.994893	-0.100933	0	None	None
ChainingRodShaped	10210	4.88084	0.5	-41.4056	36.5903	0	-0.956414	-0.292015	0	None	None
ChainingRodShaped	17199	2.78191	0.5	22.178	43.8649	0	-0.456324	0.889814	0	None	None
ChainingRodShaped	10214	4.19335	0.5	37.5823	-59.841	0	0.735369	0.677667	0	None	None
ChainingRodShaped	20565	2.09347	0.5	77.9007	18.6126	0	0.866306	-0.499514	0	None	None
ChainingRodShaped	10218	4.58931	0.5	-59.5147	-29.1004	0	-0.794842	0.606817	0	None	None
ChainingRodShaped	18155	3.02073	0.5	-58.0159	65.0096	0	0.347388	0.937722	0	None	None
ChainingRodShaped	10222	3.92479	0.5	45.3114	117.109	0	0.953491	0.30142	0	None	None
ChainingRodShaped	10224	4.32785	0.5	-58.8849	67.3911	0	0.359415	0.933178	0	None	None
ChainingRodShaped	17985	2.86989	0.5	58.8487	1.55431	0	-0.941112	-0.338096	0	None	None
ChainingRodShaped	17325	3.11214	0.5	75.5241	-54.2854	0	-0.987502	0.157606	0	None	None
ChainingRodShaped	10230	4.85013	0.5	32.9958	5.09275	0	0.454454	0.89077	0	None	None
ChainingRodShaped	16545	3.45488	0.5	77.8885	99.1005	0	0.830371	-0.557211	0	None	None
ChainingRodShaped	16917	3.39643	0.5	33.019	89.3694	0	0.997579	0.0695367	0	None	None
ChainingRodShaped	10236	4.27148	0.5	20.8984	121.135	0	0.299905	-0.953969	0	None	None
ChainingRodShaped	10238	4.40698	0.5	-35.8632	-5.00798	0	0.232608	0.972571	0	None	None
ChainingRodShaped	18129	2.40958	0.5	-1.42999	93.6222	0	-0.707749	-0.706464	0	None	None
ChainingRodShaped	10242	4.67842	0.5	35.3714	55.1491	0	-0.479767	-0.877396	0	None	None
ChainingRodShaped	16805	3.51559	0.5	-43.7063	-63.1604	0	-0.947724	-0.319092	0	None	None
ChainingRodShaped	20567	2.08901	0.5	3.5479	93.0504	0	-0.702433	-0.71175	0	None	None
ChainingRodShaped	17751	2.90517	0.5	27.5268	-1.73006	0	0.961818	0.27369	0	None	None
ChainingRodShaped	10250	3.65457	0.5	21.098	54.9798	0	0.794933	0.606697	0	None	None
ChainingRodShaped	10252	4.33289	0.5	28.6966	60.0566	0	0.702723	0.711464	0	None	None
ChainingRodShaped	16667	2.59744	0.5	16.747	-4.5902	0	-0.953121	0.302588	0	None	None
ChainingRodShaped	18887	2.37672	0.5	81.1607	24.8451	0	0.855614	-0.517614	0	None	None
ChainingRodShaped	10258	3.66094	0.5	-44.061	32.0685	0	-0.759086	-0.650991	0	None	None
ChainingRodShaped	20397	2.06874	0.5	66.5855	82.937	0	0.160101	0.987101	0	None	None
ChainingRodShaped	16595	2.94408	0.5	-41.9335	-4.60869	0	0.574822	-0.818278	0	None	None
ChainingRodShaped	16031	3.5471	0.5	67.1099	-21.67	0	-0.453594	-0.891208	0	None	None
ChainingRodShaped	17911	2.42466	0.5	27.5561	-67.6118	0	0.148971	-0.988842	0	None	None
ChainingRodShaped	18517	2.5589	0.5	30.2514	102.099	0	-0.172055	-0.985087	0	None	None
ChainingRodShaped	15947	3.29686	0.5	-11.5589	-4.26613	0	-0.857699	-0.514153	0	None	None
ChainingRodShaped	19129	2.65858	0.5	-0.874924	-21.6793	0	-0.259107	0.965849	0	None	None
ChainingRodShaped	10274	4.57045	0.5	24.8825	87.3715	0	0.998644	0.0520497	0	None	None
ChainingRodShaped	10276	4.16223	0.5	-4.41604	7.14796	0	0.998715	0.0506736	0	None	None
ChainingRodShaped	16869	2.78305	0.5	79.6039	-51.5051	0	0.20086	0.97962	0	None	None
ChainingRodShaped	10280	3.74321	0.5	29.5044	-62.2338	0	0.340332	-0.940305	0	None	None
ChainingRodShaped	10282	3.69046	0.5	-31.5491	51.321	0	0.964536	-0.263951	0	None	None
ChainingRodShaped	10284	4.69512	0.5	-7.11338	-23.6862	0	0.549034	-0.8358	0	None	None
ChainingRodShaped	10286	4.96861	0.5	53.4898	-9.01358	0	0.352271	-0.935898	0	None	None
ChainingRodShaped	19719	2.42712	0.5	-54.2608	40.3626	0	0.888905	0.458091	0	None	None
ChainingRodShaped	18995	2.50758	0.5	31.4002	41.6133	0	0.392911	-0.919576	0	None	None
ChainingRodShaped	19973	2.17825	0.5	-3.12629	-36.7029	0	-0.572152	0.820147	0	None	None
ChainingRodShaped	10294	4.48224	0.5	4.27525	121.84	0	0.947729	0.319078	0	None	None
ChainingRodShaped	18433	2.6656	0.5	-76.2337	5.31521	0	-0.856297	0.516484	0	None	None
ChainingRodShaped	18909	2.73644	0.5	-1.60498	-34.6009	0	0.577076	-0.816691	0	None	None
ChainingRodShaped	10300	3.70441	0.5	75.3376	57.9905	0	0.891748	0.452532	0	None	None
ChainingRodShaped	15983	3.19353	0.5	-13.3549	18.4382	0	0.398702	-0.91708	0	None	None
ChainingRodShaped	17035	3.23071	0.5	77.8856	-40.3588	0	0.252539	-0.967587	0	None	None
ChainingRodShaped	17869	3.12113	0.5	31.0021	40.8247	0	0.38362	-0.923491	0	None	None
ChainingRodShaped	16979	2.7838	0.5	-19.3922	16.6543	0	0.895679	-0.4447	0	None	None
ChainingRodShaped	17067	2.95401	0.5	-51.832	42.0968	0	0.964553	0.263889	0	None	None
ChainingRodShaped	17521	2.58903	0.5	50.0231	81.3663	0	0.0135889	-0.999908	0	None	None
ChainingRodShaped	17675	2.72425	0.5	-58.9848	0.256703	0	0.182739	-0.983161	0	None	None
ChainingRodShaped	17087	2.87565	0.5	79.8602	-27.0409	0	-0.558847	0.829271	0	None	None
ChainingRodShaped	10318	4.94717	0.5	45.4104	39.2798	0	-0.878229	-0.478241	0	None	None
ChainingRodShaped	19419	2.45957	0.5	-57.0234	54.1918	0	0.026201	-0.999657	0	None	None
ChainingRodShaped	10322	4.99574	0.5	1.624	2.81706	0	0.992819	0.119623	0	None	None
ChainingRodShaped	17583	2.73046	0.5	24.5343	-39.7999	0	-0.941416	-0.337246	0	None	None
ChainingRodShaped	10326	4.57864	0.5	-20.3293	-67.6974	0	0.795195	-0.606353	0	None	None
ChainingRodShaped	20777	2.04814	0.5	43.6171	43.0154	0	0.892267	0.451508	0	None	None
ChainingRodShaped	16303	3.27345	0.5	46.9401	13.876	0	-0.696337	-0.717715	0	None	None
ChainingRodShaped	10332	3.94246	0.5	15.6726	19.5889	0	0.904694	-0.426062	0	None	None
ChainingRodShaped	10334	4.04612	0.5	40.9694	1.99499	0	-0.534019	-0.845472	0	None	None
ChainingRodShaped	10336	3.91146	0.5	-30.794	22.657	0	0.676813	-0.736155	0	None	None
ChainingRodShaped	10338	3.74858	0.5	-46.9392	36.893	0	-0.804775	-0.593579	0	None	None
ChainingRodShaped	16985	3.12589	0.5	61.031	119.646	0	0.927143	0.374707	0	None	None
ChainingRodShaped	19365	2.34931	0.5	49.6283	45.0337	0	0.915005	0.403442	0	None	None
ChainingRodShaped	17627	2.64162	0.5	-17.456	-16.0065	0	-0.751351	-0.659903	0	None	None
ChainingRodShaped	19919	2.18466	0.5	34.2698	17.3722	0	0.957301	0.289093	0	None	None
ChainingRodShaped	16901	2.98495	0.5	-30.4786	90.353	0	0.974262	-0.22542	0	None	None
ChainingRodShaped	16559	2.92766	0.5	94.6509	11.2516	0	0.524041	-0.851693	0	None	None
ChainingRodShaped	10352	4.06126	0.5	57.758	73.0929	0	-0.680156	-0.733067	0	None	None
ChainingRodShaped	10354	3.8718	0.5	5.67666	-17.5078	0	-0.303383	0.952869	0	None	None
ChainingRodShaped	16503	3.61226	0.5	-4.15371	16.8222	0	-0.742001	-0.670398	0	None	None
ChainingRodShaped	10358	4.67394	0.5	-56.5497	-45.38	0	0.882879	0.469601	0	None	None
ChainingRodShaped	16683	3.58415	0.5	-7.94582	69.7144	0	-0.662714	0.748873	0	None	None
ChainingRodShaped	17161	2.75353	0.5	104.113	4.99026	0	0.434495	-0.900674	0	None	None
ChainingRodShaped	17883	2.40138	0.5	3.52388	71.6366	0	0.891379	-0.453259	0	None	None
ChainingRodShaped	10366	3.98535	0.5	-28.1291	29.0652	0	0.757137	-0.653256	0	None	None
ChainingRodShaped	18189	2.83305	0.5	26.8794	-13.8534	0	0.831393	-0.555685	0	None	None
ChainingRodShaped	16293	3.19447	0.5	-8.26651	-33.3252	0	-0.362566	0.931958	0	None	None
ChainingRodShaped	10372	4.22983	0.5	6.06441	-75.7377	0	0.663392	-0.748272	0	None	None
ChainingRodShaped	10374	4.65387	0.5	28.9831	-63.2392	0	0.330922	-0.943658	0	None	None
ChainingRodShaped	10376	4.93717	0.5	99.7036	69.0758	0	0.276446	-0.96103	0	None	None
ChainingRodShaped	18415	2.53454	0.5	97.5541	50.4108	0	-0.883229	-0.468942	0	None	None
ChainingRodShaped	17051	3.32443	0.5	27.7708	-43.7682	0	0.927553	0.373692	0	None	None
ChainingRodShaped	10382	3.94824	0.5	78.9957	106.548	0	0.872447	-0.488708	0	None	None
ChainingRodShaped	16657	3.44116	0.5	3.67151	-33.0086	0	0.62907	-0.777349	0	None	None
ChainingRodShaped	10386	4.23065	0.5	7.61364	-64.7558	0	0.967067	-0.254521	0	None	None
ChainingRodShaped	16965	3.0426	0.5	78.1368	80.3395	0	0.544711	-0.838624	0	None	None
ChainingRodShaped	20629	2.05104	0.5	25.1355	70.5979	0	0.841936	0.539577	0	None	None
ChainingRodShaped	10392	4.61714	0.5	34.2541	75.0916	0	0.977192	0.212359	0	None	None
ChainingRodShaped	17407	3.07803	0.5	59.3923	18.4626	0	-0.91834	0.395793	0	None	None
ChainingRodShaped	20415	2.18134	0.5	106.793	64.7474	0	-0.752875	0.658163	0	None	None
ChainingRodShaped	10398	4.48136	0.5	48.2522	-54.1776	0	0.999817	-0.0191073	0	None	None
ChainingRodShaped	20195	2.19391	0.5	-35.0267	-13.2012	0	-0.0401168	-0.999195	0	None	None
ChainingRodShaped	10402	4.67307	0.5	69.2489	100.487	0	0.737241	0.67563	0	None	None
ChainingRodShaped	18521	2.49704	0.5	-41.4316	-27.0205	0	0.880841	0.473412	0	None	None
ChainingRodShaped	20511	2.12989	0.5	102.028	30.147	0	-0.960056	-0.279808	0	None	None
ChainingRodShaped	16489	3.52586	0.5	-7.19243	-42.0087	0	-0.983891	0.178771	0	None	None
ChainingRodShaped	10410	4.98146	0.5	-4.33825	33.5306	0	-0.968535	-0.248877	0	None	None
ChainingRodShaped	16237	2.8134	0.5	53.1199	102.721	0	0.59324	-0.805026	0	None	None
ChainingRodShaped	19021	2.26621	0.5	0.878028	-71.7303	0	-0.435213	0.900327	0	None	None
ChainingRodShaped	19141	2.61101	0.5	98.5707	81.4363	0	0.416246	-0.909252	0	None	None
ChainingRodShaped	18761	2.40994	0.5	-18.4893	-67.9321	0	-0.796268	0.604944	0	None	None
ChainingRodShaped	19417	2.19265	0.5	103.469	16.581	0	0.343527	-0.939143	0	None	None
ChainingRodShaped	16753	2.59395	0.5	-23.4563	-56.3717	0	-0.864487	-0.502654	0	None	None
ChainingRodShaped	10424	4.5953	0.5	0.729276	57.2719	0	0.999969	0.00793304	0	None	None
ChainingRodShaped	19271	2.39022	0.5	107.605	54.4681	0	-0.725498	0.688224	0	None	None
ChainingRodShaped	20289	2.19271	0.5	82.9239	-13.8324	0	-0.234278	-0.97217	0	None	None
ChainingRodShaped	16903	3.44461	0.5	17.5915	-45.242	0	0.436431	-0.899738	0	None	None
ChainingRodShaped	16931	2.55484	0.5	70.7351	71.2511	0	0.747489	0.664274	0	None	None
ChainingRodShaped	16569	2.63782	0.5	-12.9136	-34.9091	0	-0.408207	0.91289	0	None	None
ChainingRodShaped	20873	2.01106	0.5	0.705195	101.986	0	0.987895	0.155122	0	None	None
ChainingRodShaped	17623	2.62484	0.5	-17.8909	125.001	0	0.943253	0.332075	0	None	None
ChainingRodShaped	19743	2.2824	0.5	27.0174	132.273	0	0.282139	0.959374	0	None	None
ChainingRodShaped	17321	3.16433	0.5	-58.8319	87.374	0	0.726339	0.687336	0	None	None
ChainingRodShaped	10444	4.69085	0.5	55.6566	17.3243	0	-0.349612	-0.936894	0	None	None
ChainingRodShaped	18007	2.60351	0.5	-75.2247	-9.75487	0	-0.487882	0.872909	0	None	None
ChainingRodShaped	10448	4.91252	0.5	28.873	23.7322	0	0.009616	0.999954	0	None	None
ChainingRodShaped	16289	3.41676	0.5	-2.6196	96.9015	0	-0.715324	-0.698792	0	None	None
ChainingRodShaped	10452	4.32587	0.5	61.9437	-60.5385	0	0.0833329	-0.996522	0	None	None
ChainingRodShaped	10454	4.3784	0.5	-25.6863	-28.9205	0	-0.019966	0.999801	0	None	None
ChainingRodShaped	10456	4.14693	0.5	-45.4732	-35.7035	0	0.594902	0.803798	0	None	None
ChainingRodShaped	18053	2.65993	0.5	-14.8185	41.3915	0	-0.947808	-0.318841	0	None	None
ChainingRodShaped	17433	2.5122	0.5	45.0728	94.0474	0	-0.505447	0.862858	0	None	None
ChainingRodShaped	16565	3.34601	0.5	84.5062	66.5233	0	-0.334096	-0.942539	0	None	None
ChainingRodShaped	10464	4.36647	0.5	18.2014	-32.7932	0	-0.588167	0.80874	0	None	None
ChainingRodShaped	10466	4.39899	0.5	-8.75264	-46.3769	0	-0.997897	-0.0648133	0	None	None
ChainingRodShaped	18341	2.89215	0.5	21.9383	123.922	0	0.286701	-0.95802	0	None	None
ChainingRodShaped	20257	2.12146	0.5	23.1116	-74.2778	0	0.999958	-0.00917427	0	None	None
ChainingRodShaped	10472	4.0398	0.5	35.0853	24.2419	0	0.848483	0.529223	0	None	None
ChainingRodShaped	16575	3.12791	0.5	1.00178	60.1503	0	-0.660291	-0.751009	0	None	None
ChainingRodShaped	10476	4.69722	0.5	-36.746	5.33247	0	-0.856492	-0.51616	0	None	None
ChainingRodShaped	10478	4.52564	0.5	34.7492	45.1623	0	0.633448	-0.773785	0	None	None
ChainingRodShaped	10480	3.85413	0.5	-50.1681	85.6184	0	0.522903	0.852392	0	None	None
ChainingRodShaped	16295	3.57087	0.5	14.6703	98.8441	0	-0.639513	-0.76878	0	None	None
ChainingRodShaped	10484	4.43033	0.5	60.8228	82.8648	0	0.0708475	-0.997487	0	None	None
ChainingRodShaped	16601	3.29085	0.5	-26.2775	24.6958	0	0.702649	-0.711537	0	None	None
ChainingRodShaped	16877	3.27243	0.5	14.918	18.6991	0	0.896105	-0.443842	0	None	None
ChainingRodShaped	10490	3.96189	0.5	-89.5807	31.7196	0	0.339294	-0.940681	0	None	None
ChainingRodShaped	18075	2.58409	0.5	11.1292	17.765	0	-0.885739	0.464184	0	None	None
ChainingRodShaped	16939	3.16699	0.5	57.7877	63.9468	0	0.506757	-0.862089	0	None	None
ChainingRodShaped	10496	3.633	0.5	65.8735	91.2023	0	0.119351	0.992852	0	None	None
ChainingRodShaped	16483	2.69935	0.5	36.4078	124.853	0	0.0481441	-0.99884	0	None	None
ChainingRodShaped	10500	4.68864	0.5	-43.1055	13.1613	0	0.979021	0.203758	0	None	None
ChainingRodShaped	10502	4.37075	0.5	80.1102	-32.4773	0	-0.565854	0.824506	0	None	None
ChainingRodShaped	17135	2.51674	0.5	-56.4337	42.7325	0	0.935747	0.352673	0	None	None
ChainingRodShaped	10506	4.18848	0.5	-54.4462	13.839	0	0.981163	-0.193179	0	None	None
ChainingRodShaped	18205	2.55628	0.5	-37.8282	97.94	0	0.983858	-0.178953	0	None	None
ChainingRodShaped	19841	2.27017	0.5	82.6034	1.66904	0	-0.9945	-0.104734	0	None	None
ChainingRodShaped	10512	4.801	0.5	44.3183	82.4697	0	0.902898	0.429856	0	None	None
ChainingRodShaped	16577	3.16471	0.5	-18.8061	34.3831	0	-0.964231	0.265062	0	None	None
ChainingRodShaped	17481	3.03209	0.5	-11.3926	98.2282	0	0.975324	0.220776	0	None	None
ChainingRodShaped	17361	3.21153	0.5	-22.6884	-32.3153	0	0.954555	0.298033	0	None	None
ChainingRodShaped	10520	3.83611	0.5	5.7919	-40.9704	0	0.622678	-0.782478	0	None	None
ChainingRodShaped	17555	2.67667	0.5	-2.3471	33.4572	0	-0.971107	-0.238646	0	None	None
ChainingRodShaped	10524	4.37749	0.5	-62.5804	19.3537	0	0.99458	-0.103978	0	None	None
ChainingRodShaped	17923	2.74243	0.5	26.3571	22.2808	0	0.0279964	0.999608	0	None	None
ChainingRodShaped	17881	2.98831	0.5	95.8951	1.8	0	-0.41873	-0.908111	0	None	None
ChainingRodShaped	18933	2.66604	0.5	106.251	46.248	0	0.92965	0.368443	0	None	None
ChainingRodShaped	18369	2.46689	0.5	41.4677	86.9681	0	0.896347	0.443353	0	None	None
ChainingRodShaped	18353	2.33037	0.5	-51.5013	95.5604	0	0.512136	0.858904	0	None	None
ChainingRodShaped	10536	4.14397	0.5	70.4406	-45.222	0	-0.373186	-0.927757	0	None	None
ChainingRodShaped	10538	4.72513	0.5	-62.925	70.7779	0	0.362947	0.93181	0	None	None
ChainingRodShaped	10540	4.33231	0.5	-36.1656	37.8281	0	-0.948865	-0.315682	0	None	None
ChainingRodShaped	17579	2.50565	0.5	10.8111	63.7774	0	0.81721	0.57634	0	None	None
ChainingRodShaped	10544	4.27658	0.5	-35.785	113.648	0	0.786514	0.617572	0	None	None
ChainingRodShaped	10546	4.729	0.5	-16.6891	19.0989	0	0.885761	-0.464141	0	None	None
ChainingRodShaped	18393	2.40351	0.5	13.2978	3.22999	0	-0.459429	-0.888215	0	None	None
ChainingRodShaped	17149	2.5294	0.5	-3.14922	107.97	0	0.983982	0.178268	0	None	None
ChainingRodShaped	17131	2.59655	0.5	63.8111	-30.0449	0	-0.275098	0.961416	0	None	None
ChainingRodShaped	17775	2.49265	0.5	95.1788	14.1507	0	0.314657	-0.949205	0	None	None
ChainingRodShaped	10556	4.61064	0.5	-36.0418	37.1992	0	-0.945695	-0.325056	0	None	None
ChainingRodShaped	10558	4.36854	0.5	-29.4121	118.319	0	0.499386	-0.866379	0	None	None
ChainingRodShaped	10560	4.77604	0.5	-20.2262	-22.3753	0	0.877599	0.479395	0	None	None
ChainingRodShaped	20023	2.11462	0.5	65.5156	-18.7887	0	0.520247	0.854016	0	None	None
ChainingRodShaped	10564	3.99272	0.5	15.0895	43.4947	0	-0.495097	0.868838	0	None	None
ChainingRodShaped	17165	3.04635	0.5	37.6036	75.3368	0	0.903895	0.427753	0	None	None
ChainingRodShaped	10568	3.81667	0.5	93.3588	2.53726	0	-0.40335	-0.915046	0	None	None
ChainingRodShaped	17917	2.79476	0.5	29.9099	91.4196	0	0.996174	0.0873912	0	None	None
ChainingRodShaped	10572	3.68565	0.5	49.4692	-34.5199	0	-0.983891	-0.178771	0	None	None
ChainingRodShaped	19771	2.4053	0.5	55.2268	-58.3823	0	0.996473	0.0839134	0	None	None
ChainingRodShaped	17257	3.3375	0.5	-23.556	49.8485	0	0.892699	-0.450654	0	None	None
ChainingRodShaped	20563	2.09852	0.5	83.9982	59.8964	0	0.882762	0.469821	0	None	None
ChainingRodShaped	10580	4.20603	0.5	81.9095	62.6645	0	0.868808	0.495149	0	None	None
ChainingRodShaped	16697	3.54523	0.5	-34.3455	-33.3692	0	0.231585	0.972815	0	None	None
ChainingRodShaped	10584	4.51076	0.5	38.5315	4.53521	0	-0.470902	-0.882186	0	None	None
ChainingRodShaped	10586	4.54912	0.5	68.001	81.7971	0	0.179814	0.983701	0	None	None
ChainingRodShaped	19335	2.32337	0.5	52.263	-27.0872	0	-0.259998	-0.965609	0	None	None
ChainingRodShaped	10590	4.43079	0.5	-4.13899	92.4484	0	-0.800518	-0.599309	0	None	None
ChainingRodShaped	17785	2.53748	0.5	52.6968	28.8601	0	0.951054	-0.309024	0	None	None
ChainingRodShaped	19791	2.41246	0.5	-23.9395	-65.0939	0	-0.830202	0.557463	0	None	None
ChainingRodShaped	18867	2.49227	0.5	1.29999	101.274	0	-0.997373	-0.0724405	0	None	None
ChainingRodShaped	10598	4.61701	0.5	-21.2299	54.3102	0	0.671727	-0.740799	0	None	None
ChainingRodShaped	19557	2.24906	0.5	68.7331	-34.3392	0	0.287931	-0.957651	0	None	None
ChainingRodShaped	10602	3.99752	0.5	43.6767	90.1884	0	-0.502298	0.864695	0	None	None
ChainingRodShaped	18067	2.86244	0.5	-45.296	47.4469	0	-0.266523	0.963829	0	None	None
ChainingRodShaped	10606	4.35955	0.5	-26.3301	-38.0288	0	-0.983667	-0.18	0	None	None
ChainingRodShaped	16847	2.84716	0.5	27.6381	45.6348	0	-0.171076	-0.985258	0	None	None
ChainingRodShaped	10610	4.30611	0.5	-19.1251	-5.10802	0	-0.941627	-0.336657	0	None	None
ChainingRodShaped	17353	2.61788	0.5	-46.4771	-52.4681	0	0.935147	-0.354259	0	None	None
ChainingRodShaped	19297	2.36352	0.5	29.1698	51.9881	0	0.879639	0.475642	0	None	None
ChainingRodShaped	10616	4.23937	0.5	-23.2407	110.68	0	-0.160116	-0.987098	0	None	None
ChainingRodShaped	18107	2.72903	0.5	8.36232	-59.1264	0	-0.825701	0.564109	0	None	None
ChainingRodShaped	10620	3.61069	0.5	46.9699	108.842	0	0.888049	0.459749	0	None	None
ChainingRodShaped	10622	4.88754	0.5	33.282	-33.7808	0	-0.967919	-0.251261	0	None	None
ChainingRodShaped	17397	3.06726	0.5	93.5175	-19.6799	0	0.946139	0.323761	0	None	None
ChainingRodShaped	10626	3.76897	0.5	97.3087	79.1064	0	0.267664	-0.963512	0	None	None
ChainingRodShaped	10628	4.83953	0.5	-43.3394	26.8435	0	0.449742	0.893159	0	None	None
ChainingRodShaped	19051	2.323	0.5	-18.5146	78.8324	0	-0.834149	0.551539	0	None	None
ChainingRodShaped	10632	4.18176	0.5	24.9164	94.5764	0	-0.969795	-0.243922	0	None	None
ChainingRodShaped	10634	4.09556	0.5	67.0977	47.3901	0	0.973172	0.23008	0	None	None
ChainingRodShaped	17405	3.06101	0.5	-13.8661	22.0065	0	0.911427	-0.411461	0	None	None
ChainingRodShaped	20927	2.0054	0.5	64.6789	59.829	0	0.418595	0.908173	0	None	None
ChainingRodShaped	18073	2.91231	0.5	106.718	45.4788	0	-0.925907	-0.37775	0	None	None
ChainingRodShaped	19255	2.32702	0.5	24.0483	86.5657	0	0.999038	0.0438587	0	None	None
ChainingRodShaped	10644	4.04485	0.5	-12.7961	22.9214	0	0.903068	-0.429498	0	None	None
ChainingRodShaped	17791	2.95738	0.5	-6.35017	70.2803	0	0.595111	-0.803643	0	None	None
ChainingRodShaped	17301	3.10809	0.5	66.5326	26.0814	0	0.84324	-0.537537	0	None	None
ChainingRodShaped	16835	3.07459	0.5	-40.6966	24.5608	0	0.42724	0.904138	0	None	None
ChainingRodShaped	18051	2.58685	0.5	39.2504	-66.9988	0	0.733357	0.679843	0	None	None
ChainingRodShaped	10654	4.67667	0.5	4.69749	-68.7511	0	0.696003	-0.718039	0	None	None
ChainingRodShaped	10656	3.63032	0.5	72.5156	0.0116317	0	-0.995721	-0.0924062	0	None	None
ChainingRodShaped	10658	4.73515	0.5	41.4765	-38.1108	0	-0.98931	-0.145828	0	None	None
ChainingRodShaped	10660	4.12638	0.5	-16.2881	9.2434	0	-0.157558	-0.98751	0	None	None
ChainingRodShaped	17121	2.61457	0.5	-46.6448	24.0248	0	0.314908	-0.949122	0	None	None
ChainingRodShaped	17711	2.59442	0.5	-33.549	-41.5747	0	0.994115	0.108326	0	None	None
ChainingRodShaped	10666	4.87853	0.5	19.1984	123.536	0	0.29736	-0.954765	0	None	None
ChainingRodShaped	10668	4.20717	0.5	5.12243	81.761	0	0.679668	0.73352	0	None	None
ChainingRodShaped	18803	2.64768	0.5	72.7244	-51.6258	0	-0.246757	-0.969077	0	None	None
ChainingRodShaped	10672	3.88267	0.5	29.784	128.101	0	0.60122	0.799084	0	None	None
ChainingRodShaped	17895	2.97853	0.5	28.733	114.552	0	0.737626	0.67521	0	None	None
ChainingRodShaped	10676	3.75013	0.5	53.6937	55.9032	0	0.968832	0.24772	0	None	None
ChainingRodShaped	10678	4.9981	0.5	-57.5099	43.1309	0	0.942372	0.334566	0	None	None
ChainingRodShaped	10680	3.92446	0.5	4.98574	-59.9476	0	-0.796973	0.604015	0	None	None
ChainingRodShaped	18079	2.5729	0.5	5.28319	47.5614	0	0.87339	0.487021	0	None	None
ChainingRodShaped	16729	3.44231	0.5	-64.6136	-30.9392	0	0.725259	-0.688476	0	None	None
ChainingRodShaped	18777	2.63095	0.5	85.6387	-2.38718	0	-0.656899	-0.753978	0	None	None
ChainingRodShaped	10688	4.14566	0.5	-26.1759	30.2732	0	0.754796	-0.655959	0	None	None
ChainingRodShaped	18799	2.5824	0.5	71.1403	103.193	0	0.840413	0.541946	0	None	None
ChainingRodShaped	16687	3.21501	0.5	-37.5948	11.3675	0	0.841062	0.540938	0	None	None
ChainingRodShaped	10694	4.78001	0.5	55.6882	-56.5724	0	0.997247	0.0741564	0	None	None
ChainingRodShaped	10696	4.11659	0.5	-45.3518	118.114	0	0.295586	0.955316	0	None	None
ChainingRodShaped	18407	2.60244	0.5	-9.99816	25.1269	0	0.871667	-0.490099	0	None	None
ChainingRodShaped	10700	3.79084	0.5	44.8908	-22.9694	0	-0.372626	-0.927982	0	None	None
ChainingRodShaped	17075	2.55253	0.5	35.1301	66.0767	0	0.375958	0.926637	0	None	None
ChainingRodShaped	20593	2.08137	0.5	24.7651	-54.2183	0	-0.662692	-0.748892	0	None	None
ChainingRodShaped	16843	3.25426	0.5	88.2347	26.4069	0	-0.882738	0.469865	0	None	None
ChainingRodShaped	10708	3.55697	0.5	-13.8158	113.751	0	-0.196031	-0.980598	0	None	None
ChainingRodShaped	19323	2.54719	0.5	-34.0995	-20.5727	0	-0.313214	0.949683	0	None	None
ChainingRodShaped	10712	4.3145	0.5	60.7732	-22.3355	0	0.435321	0.900275	0	None	None
ChainingRodShaped	19155	2.36347	0.5	0.778495	-59.3444	0	0.517362	-0.855767	0	None	None
ChainingRodShaped	18125	2.65414	0.5	-0.45934	114.541	0	0.735048	0.678015	0	None	None
ChainingRodShaped	10718	4.31492	0.5	65.1411	57.5905	0	0.751903	0.659274	0	None	None
ChainingRodShaped	10720	4.40828	0.5	38.8394	24.5218	0	0.800114	0.599848	0	None	None
ChainingRodShaped	10722	4.5341	0.5	42.7132	18.9835	0	0.980621	0.195915	0	None	None
ChainingRodShaped	10724	4.8887	0.5	28.3448	-63.9107	0	0.321489	-0.946913	0	None	None
ChainingRodShaped	16717	3.43079	0.5	39.872	63.991	0	0.257777	0.966204	0	None	None
ChainingRodShaped	10728	4.37715	0.5	89.9425	-15.5106	0	-0.512315	-0.858798	0	None	None
ChainingRodShaped	10730	4.67348	0.5	-46.5342	-25.4043	0	0.844283	0.535897	0	None	None
ChainingRodShaped	17465	3.19864	0.5	-19.4828	113.271	0	0.0506342	-0.998717	0	None	None
ChainingRodShaped	10734	4.58325	0.5	72.3857	52.0132	0	0.898755	0.438452	0	None	None
ChainingRodShaped	16949	3.12566	0.5	84.178	77.7085	0	0.99229	-0.123934	0	None	None
ChainingRodShaped	10738	4.56968	0.5	43.1286	100.968	0	0.962837	0.270083	0	None	None
ChainingRodShaped	17031	2.85793	0.5	-35.7277	0.0712711	0	0.926174	0.377096	0	None	None
ChainingRodShaped	10742	4.73841	0.5	45.8534	-43.9158	0	0.993779	-0.111372	0	None	None
ChainingRodShaped	10744	3.95072	0.5	-6.87917	-68.1012	0	-0.243785	0.969829	0	None	None
ChainingRodShaped	19239	2.3215	0.5	-54.455	70.7541	0	0.673571	0.739123	0	None	None
ChainingRodShaped	20643	2.03447	0.5	14.0552	-5.07993	0	0.139592	-0.990209	0	None	None
ChainingRodShaped	20855	2.01907	0.5	-6.20934	18.5758	0	0.488064	-0.872808	0	None	None
ChainingRodShaped	16889	3.4063	0.5	103.141	13.7653	0	-0.634007	0.773327	0	None	None
ChainingRodShaped	10754	4.91121	0.5	6.14127	29.4096	0	-0.991784	-0.127927	0	None	None
ChainingRodShaped	18011	2.66691	0.5	54.0736	49.611	0	0.943227	0.332149	0	None	None
ChainingRodShaped	17489	2.98342	0.5	16.022	89.7055	0	-0.936872	-0.349672	0	None	None
ChainingRodShaped	10760	3.82449	0.5	-3.93568	-20.087	0	0.481367	-0.876519	0	None	None
ChainingRodShaped	10762	4.96914	0.5	-2.13466	10.9465	0	0.997985	0.0634469	0	None	None
ChainingRodShaped	10764	4.52074	0.5	113.625	8.63212	0	-0.253003	0.967466	0	None	None
ChainingRodShaped	10766	3.71986	0.5	45.6504	105.458	0	0.916179	0.400769	0	None	None
ChainingRodShaped	10768	4.10726	0.5	-29.4618	69.2714	0	-0.400066	-0.916486	0	None	None
ChainingRodShaped	10770	4.92756	0.5	-11.5097	73.3029	0	-0.802445	0.596726	0	None	None
ChainingRodShaped	17401	3.233	0.5	91.6129	0.758948	0	-0.412478	-0.910968	0	None	None
ChainingRodShaped	19121	2.43336	0.5	46.7756	103.128	0	0.919812	0.39236	0	None	None
ChainingRodShaped	10776	4.02541	0.5	-47.233	106.865	0	-0.960578	0.278011	0	None	None
ChainingRodShaped	10778	4.65744	0.5	-86.9478	55.9292	0	0.9095	-0.415705	0	None	None
ChainingRodShaped	10780	4.59595	0.5	54.5918	-25.9308	0	0.432159	0.901797	0	None	None
ChainingRodShaped	20757	2.05217	0.5	48.6334	27.1675	0	0.997971	0.0636637	0	None	None
ChainingRodShaped	10784	4.30263	0.5	-59.8885	-24.3294	0	-0.793651	0.608373	0	None	None
ChainingRodShaped	20067	2.17394	0.5	55.1011	-36.6185	0	0.469337	0.883019	0	None	None
ChainingRodShaped	10788	4.60381	0.5	41.7222	45.2618	0	0.896476	0.443092	0	None	None
ChainingRodShaped	10790	3.69112	0.5	-53.0281	22.4525	0	-0.973157	0.230143	0	None	None
ChainingRodShaped	10792	3.5601	0.5	-56.2397	-5.46925	0	-0.958124	-0.286354	0	None	None
ChainingRodShaped	10794	4.6899	0.5	46.1154	-32.8435	0	-0.978114	-0.208071	0	None	None
ChainingRodShaped	19281	2.28481	0.5	-60.2145	36.9523	0	0.936026	0.35193	0	None	None
ChainingRodShaped	19087	2.48518	0.5	0.0552327	49.6399	0	0.816071	-0.577952	0	None	None
ChainingRodShaped	10800	4.09562	0.5	-47.4251	-35.4418	0	0.607038	0.794673	0	None	None
ChainingRodShaped	10802	4.02509	0.5	-13.4158	-54.0538	0	-0.141261	-0.989972	0	None	None
ChainingRodShaped	10804	4.48998	0.5	-26.3011	10.3045	0	-0.840467	-0.541862	0	None	None
ChainingRodShaped	10806	4.91908	0.5	103.827	1.42956	0	0.81603	0.57801	0	None	None
ChainingRodShaped	17857	3.12917	0.5	-90.1996	4.88549	0	0.998464	-0.0554023	0	None	None
ChainingRodShaped	10810	4.85648	0.5	24.4982	121.522	0	0.295572	-0.95532	0	None	None
ChainingRodShaped	10812	4.01135	0.5	102.129	25.8997	0	0.87323	-0.487309	0	None	None
ChainingRodShaped	17389	2.71581	0.5	-44.4972	-25.0465	0	-0.849643	-0.527358	0	None	None
ChainingRodShaped	18117	2.66631	0.5	84.8172	43.9538	0	-0.797663	-0.603103	0	None	None
ChainingRodShaped	10818	4.97498	0.5	55.6293	32.4377	0	0.965436	-0.260639	0	None	None
ChainingRodShaped	10820	3.9863	0.5	-53.6769	-45.9522	0	0.892088	0.451862	0	None	None
ChainingRodShaped	10822	4.5763	0.5	-43.7906	79.4576	0	0.918811	0.394698	0	None	None
ChainingRodShaped	10824	4.94237	0.5	-14.1087	80.567	0	0.486443	-0.873712	0	None	None
ChainingRodShaped	10826	4.8006	0.5	51.9853	100.216	0	-0.032837	-0.999461	0	None	None
ChainingRodShaped	10828	3.60378	0.5	11.0558	-25.2139	0	-0.996671	0.0815323	0	None	None
ChainingRodShaped	10830	4.23987	0.5	84.4923	7.65381	0	0.998294	-0.0583792	0	None	None
ChainingRodShaped	10832	3.82785	0.5	98.6757	83.4118	0	0.470147	-0.882588	0	None	None
ChainingRodShaped	10834	4.30949	0.5	-15.6013	30.3832	0	0.943634	-0.330991	0	None	None
ChainingRodShaped	10836	3.8336	0.5	80.4501	36.1058	0	-0.970772	-0.240004	0	None	None
ChainingRodShaped	10838	4.62399	0.5	-53.2373	30.9438	0	-0.790265	-0.612766	0	None	None
ChainingRodShaped	18717	2.45939	0.5	-3.7145	9.1786	0	0.999166	0.0408393	0	None	None
ChainingRodShaped	18647	2.68596	0.5	46.8543	65.4835	0	0.0533579	-0.998575	0	None	None
ChainingRodShaped	10844	3.72319	0.5	43.1867	-5.57564	0	0.984913	-0.173051	0	None	None
ChainingRodShaped	10846	4.83097	0.5	45.1179	92.4469	0	-0.496828	0.867849	0	None	None
ChainingRodShaped	10848	4.7782	0.5	85.2715	-40.7055	0	0.988794	0.149286	0	None	None
ChainingRodShaped	17191	3.09548	0.5	51.076	-3.06058	0	0.443723	-0.896164	0	None	None
ChainingRodShaped	16905	3.00832	0.5	-66.8557	31.7192	0	-0.999965	-0.00836413	0	None	None
ChainingRodShaped	18003	3.08669	0.5	40.8651	47.9882	0	-0.398377	-0.917222	0	None	None
ChainingRodShaped	10856	4.18661	0.5	-55.9596	16.1145	0	0.986502	-0.163747	0	None	None
ChainingRodShaped	17945	2.61989	0.5	19.1018	-22.9234	0	-0.999716	0.0238318	0	None	None
ChainingRodShaped	17783	2.61606	0.5	-30.3936	81.4071	0	-0.154796	-0.987946	0	None	None
ChainingRodShaped	17635	2.76621	0.5	8.75117	85.5264	0	-0.867808	-0.4969	0	None	None
ChainingRodShaped	10864	4.10465	0.5	-6.11386	124.199	0	-0.146234	-0.98925	0	None	None
ChainingRodShaped	10866	4.03545	0.5	-23.5636	-27.595	0	0.0100322	0.99995	0	None	None
ChainingRodShaped	20251	2.19214	0.5	109.941	24.9547	0	-0.717084	-0.696987	0	None	None
ChainingRodShaped	17779	2.97458	0.5	-69.9996	-0.392329	0	-0.850041	0.526717	0	None	None
ChainingRodShaped	10872	3.55638	0.5	20.4312	-62.7542	0	-0.950793	-0.309827	0	None	None
ChainingRodShaped	17671	3.13282	0.5	-53.8531	26.6092	0	-0.779115	-0.626881	0	None	None
ChainingRodShaped	18103	2.66418	0.5	24.9202	-38.7667	0	-0.938008	-0.346615	0	None	None
ChainingRodShaped	10878	4.53932	0.5	-1.05992	-2.17773	0	0.534491	-0.845174	0	None	None
ChainingRodShaped	17403	3.15485	0.5	-44.9873	69.9144	0	0.63545	0.772142	0	None	None
ChainingRodShaped	10882	4.07794	0.5	-12.5092	-2.28562	0	0.863511	0.50433	0	None	None
ChainingRodShaped	18259	2.7375	0.5	9.18312	-34.2926	0	0.642245	-0.7665	0	None	None
ChainingRodShaped	10886	4.9514	0.5	-31.5988	118.419	0	0.495187	-0.868786	0	None	None
ChainingRodShaped	17005	2.57814	0.5	-2.42227	75.1164	0	0.85794	-0.51375	0	None	None
ChainingRodShaped	17847	2.51884	0.5	-32.1264	-28.1758	0	0.275897	-0.961187	0	None	None
ChainingRodShaped	10892	3.55946	0.5	-45.3971	103.697	0	-0.975664	0.219272	0	None	None
ChainingRodShaped	19491	2.35383	0.5	69.3995	95.2884	0	0.195582	0.980687	0	None	None
ChainingRodShaped	17701	2.85712	0.5	70.8976	29.0748	0	0.762663	-0.646796	0	None	None
ChainingRodShaped	17553	2.90931	0.5	39.4403	79.7659	0	0.938352	0.345682	0	None	None
ChainingRodShaped	19163	2.53629	0.5	80.0097	83.6236	0	0.562093	-0.827074	0	None	None
ChainingRodShaped	10902	3.88821	0.5	20.1345	-61.9994	0	0.947644	0.319329	0	None	None
ChainingRodShaped	18815	2.59877	0.5	-5.27244	18.4882	0	0.495512	-0.868601	0	None	None
ChainingRodShaped	10906	3.51127	0.5	-4.91269	-49.8993	0	0.785895	-0.618359	0	None	None
ChainingRodShaped	18485	2.3654	0.5	30.4555	-27.4455	0	-0.957996	-0.28678	0	None	None
ChainingRodShaped	18669	2.66902	0.5	36.1596	-63.5992	0	0.737478	0.675372	0	None	None
ChainingRodShaped	17535	2.77303	0.5	-9.78238	25.786	0	0.876393	-0.481597	0	None	None
ChainingRodShaped	10914	3.65234	0.5	-48.2183	-35.1663	0	0.614966	0.788553	0	None	None
ChainingRodShaped	10916	4.08566	0.5	47.6207	-60.602	0	0.998077	0.0619941	0	None	None
ChainingRodShaped	10918	4.49423	0.5	-40.1889	-35.1828	0	-0.279032	0.960282	0	None	None
ChainingRodShaped	17735	2.60434	0.5	-9.2346	132.769	0	0.836619	-0.547785	0	None	None
ChainingRodShaped	10922	4.24244	0.5	-12.4546	-67.6102	0	0.274708	0.961528	0	None	None
ChainingRodShaped	10924	3.67183	0.5	42.7484	39.221	0	-0.887506	-0.460797	0	None	None
ChainingRodShaped	10926	4.12271	0.5	-29.9818	-26.6289	0	0.301235	-0.95355	0	None	None
ChainingRodShaped	10928	3.8572	0.5	-39.824	8.85728	0	0.816609	0.577191	0	None	None
ChainingRodShaped	10930	4.29191	0.5	-6.49699	66.6016	0	-0.841811	0.539773	0	None	None
ChainingRodShaped	10932	4.70367	0.5	35.4141	20.2976	0	0.964796	0.263	0	None	None
ChainingRodShaped	20351	2.15441	0.5	-8.43772	31.3634	0	-0.825475	-0.564439	0	None	None
ChainingRodShaped	17527	2.90408	0.5	-13.1033	81.9267	0	0.47791	-0.878409	0	None	None
ChainingRodShaped	10938	4.16326	0.5	75.5847	44.3351	0	-0.990812	-0.135247	0	None	None
ChainingRodShaped	10940	4.45992	0.5	-5.21332	8.50291	0	0.999529	0.030691	0	None	None
ChainingRodShaped	17969	3.04006	0.5	46.1279	3.54079	0	-0.588636	-0.808398	0	None	None
ChainingRodShaped	20027	2.30077	0.5	44.3589	-42.9017	0	0.993014	-0.117994	0	None	None
ChainingRodShaped	10946	4.27602	0.5	-4.54825	57.9561	0	0.953788	-0.300482	0	None	None
ChainingRodShaped	10948	3.98036	0.5	20.049	98.6187	0	0.364883	0.931053	0	None	None
ChainingRodShaped	10950	4.0241	0.5	20.1179	132.721	0	0.994063	-0.108809	0	None	None
ChainingRodShaped	18745	2.40986	0.5	19.0788	-22.307	0	-0.999901	0.0140615	0	None	None
ChainingRodShaped	10954	4.61128	0.5	66.0878	68.3435	0	0.671095	0.741371	0	None	None
ChainingRodShaped	19457	2.22804	0.5	-88.7834	2.36024	0	0.976054	-0.217526	0	None	None
ChainingRodShaped	10958	4.56939	0.5	7.82715	42.023	0	0.779705	0.626147	0	None	None
ChainingRodShaped	19107	2.52385	0.5	25.4056	-21.5127	0	0.487238	-0.873269	0	None	None
ChainingRodShaped	19261	2.51981	0.5	61.411	-8.22329	0	-0.141104	-0.989995	0	None	None
ChainingRodShaped	10964	3.53603	0.5	14.9754	-12.5553	0	0.97307	0.230508	0	None	None
ChainingRodShaped	10966	4.1722	0.5	-35.9757	-56.1955	0	0.922892	0.385059	0	None	None
ChainingRodShaped	17905	2.5623	0.5	4.40643	-69.7592	0	0.690667	-0.723173	0	None	None
ChainingRodShaped	17685	2.83286	0.5	-67.565	5.23641	0	-0.969417	-0.245419	0	None	None
ChainingRodShaped	19361	2.54315	0.5	81.4404	6.15714	0	0.996382	0.0849916	0	None	None
ChainingRodShaped	10974	4.82552	0.5	9.02896	47.7747	0	-0.728814	-0.684712	0	None	None
ChainingRodShaped	10976	3.71466	0.5	34.5291	25.3893	0	0.837653	0.546202	0	None	None
ChainingRodShaped	17601	2.97186	0.5	4.95742	48.947	0	0.86371	0.503989	0	None	None
ChainingRodShaped	17991	3.02336	0.5	-9.97918	-18.2819	0	0.588356	-0.808602	0	None	None
ChainingRodShaped	17243	3.12647	0.5	64.541	110.508	0	-0.489893	-0.871782	0	None	None
ChainingRodShaped	10984	4.81426	0.5	22.392	-77.4416	0	0.85766	0.514217	0	None	None
ChainingRodShaped	17371	3.33064	0.5	-10.3998	34.373	0	-0.886698	-0.462348	0	None	None
ChainingRodShaped	20737	2.03914	0.5	74.7517	39.505	0	-0.999742	0.0227353	0	None	None
ChainingRodShaped	17383	3.02903	0.5	60.0632	-61.3766	0	-0.4398	-0.898096	0	None	None
ChainingRodShaped	18403	2.48997	0.5	-37.9008	102.276	0	0.990007	-0.141018	0	None	None
ChainingRodShaped	10994	3.95491	0.5	-45.1345	111.675	0	-0.993171	-0.116666	0	None	None
ChainingRodShaped	10996	4.49775	0.5	4.94541	66.6288	0	-0.847311	-0.531097	0	None	None
ChainingRodShaped	10998	3.50572	0.5	75.7115	97.1695	0	0.353212	-0.935543	0	None	None
ChainingRodShaped	20441	2.12826	0.5	-63.6577	107.259	0	-0.919789	-0.392414	0	None	None
ChainingRodShaped	11002	4.07191	0.5	-59.9303	83.74	0	0.703761	0.710437	0	None	None
ChainingRodShaped	17261	2.64397	0.5	-55.1903	59.7634	0	-0.110772	-0.993846	0	None	None
ChainingRodShaped	18047	2.53021	0.5	-29.7879	-14.808	0	-0.30883	0.951117	0	None	None
ChainingRodShaped	17369	2.46722	0.5	53.4483	92.1676	0	0.343644	-0.9391	0	None	None
ChainingRodShaped	17453	2.45948	0.5	12.4045	120.872	0	0.944639	0.328112	0	None	None
ChainingRodShaped	11012	3.51083	0.5	-61.6771	1.77453	0	0.133957	-0.990987	0	None	None
ChainingRodShaped	11014	4.3738	0.5	-82.0074	24.6482	0	-0.224595	0.974452	0	None	None
ChainingRodShaped	18639	2.65665	0.5	24.2159	42.7671	0	-0.438648	0.898659	0	None	None
ChainingRodShaped	20877	2.0216	0.5	5.57209	93.945	0	-0.710038	-0.704164	0	None	None
ChainingRodShaped	17679	2.95908	0.5	68.5601	95.7	0	0.205353	0.978688	0	None	None
ChainingRodShaped	20803	2.04591	0.5	-50.8631	59.0923	0	0.0955255	-0.995427	0	None	None
ChainingRodShaped	11024	4.55911	0.5	-54.5457	13.1899	0	0.980046	-0.19877	0	None	None
ChainingRodShaped	17185	2.61715	0.5	-23.6032	79.5322	0	-0.827666	0.561221	0	None	None
ChainingRodShaped	19825	2.38263	0.5	91.9924	-26.4387	0	0.572355	0.820006	0	None	None
ChainingRodShaped	20745	2.03257	0.5	61.6666	105.107	0	-0.226061	-0.974113	0	None	None
ChainingRodShaped	17717	3.11257	0.5	31.721	-9.26963	0	0.950911	-0.309464	0	None	None
ChainingRodShaped	11034	3.69933	0.5	-4.10985	5.22044	0	0.991721	0.128412	0	None	None
ChainingRodShaped	11036	4.32618	0.5	22.7883	29.3041	0	-0.0550581	-0.998483	0	None	None
ChainingRodShaped	17981	2.61546	0.5	31.198	83.1608	0	0.992733	0.120339	0	None	None
ChainingRodShaped	11040	3.70478	0.5	-10.2272	13.6774	0	-0.475733	-0.87959	0	None	None
ChainingRodShaped	11042	4.50926	0.5	50.793	-14.6971	0	-0.521066	-0.853516	0	None	None
ChainingRodShaped	11044	4.05418	0.5	-6.61452	-21.6802	0	0.538684	-0.842508	0	None	None
ChainingRodShaped	17537	2.89873	0.5	78.718	76.1501	0	0.178913	-0.983865	0	None	None
ChainingRodShaped	20741	2.0209	0.5	-82.8948	-5.71679	0	-0.947695	-0.319178	0	None	None
ChainingRodShaped	20363	2.08358	0.5	36.1907	16.4021	0	-0.957477	-0.288509	0	None	None
ChainingRodShaped	20135	2.1771	0.5	-16.1332	-42.9768	0	-0.478205	-0.878248	0	None	None
ChainingRodShaped	20749	2.03424	0.5	-23.1641	126.543	0	0.763398	0.645929	0	None	None
ChainingRodShaped	11056	3.49191	0.5	14.4568	-42.9816	0	0.237988	-0.971268	0	None	None
ChainingRodShaped	11058	4.45763	0.5	-75.9633	24.3893	0	0.673492	-0.739195	0	None	None
ChainingRodShaped	11060	4.7459	0.5	39.1186	-51.281	0	0.933707	0.358038	0	None	None
ChainingRodShaped	17693	2.45528	0.5	37.7309	125.472	0	-0.287847	-0.957677	0	None	None
ChainingRodShaped	17667	3.06452	0.5	94.414	-4.35148	0	-0.535027	-0.844835	0	None	None
ChainingRodShaped	11066	4.43898	0.5	95.3206	24.7291	0	0.88345	-0.468526	0	None	None
ChainingRodShaped	17463	2.85533	0.5	21.8363	17.8145	0	0.229427	-0.973326	0	None	None
ChainingRodShaped	19083	2.42563	0.5	60.8034	6.29996	0	0.903407	0.428783	0	None	None
ChainingRodShaped	18265	2.42336	0.5	16.5621	-39.101	0	-0.264011	0.96452	0	None	None
ChainingRodShaped	17411	2.80611	0.5	-86.248	13.8091	0	-0.599728	0.800204	0	None	None
ChainingRodShaped	11076	4.01208	0.5	-67.3564	17.6629	0	0.673555	-0.739137	0	None	None
ChainingRodShaped	11078	4.95283	0.5	24.1145	8.70288	0	0.239597	-0.970872	0	None	None
ChainingRodShaped	11080	4.58275	0.5	16.5652	-65.9397	0	-0.97379	0.227451	0	None	None
ChainingRodShaped	11082	4.76682	0.5	-21.8022	-33.7381	0	-0.746855	-0.664987	0	None	None
ChainingRodShaped	17631	2.78983	0.5	-78.3841	14.4693	0	0.209132	-0.977887	0	None	None
ChainingRodShaped	11086	3.54183	0.5	24.9887	114.014	0	0.307125	-0.951669	0	None	None
ChainingRodShaped	11088	3.8017	0.5	-2.13997	-10.2063	0	-0.513043	0.858363	0	None	None
ChainingRodShaped	11090	4.35366	0.5	35.0998	29.7688	0	0.0743887	-0.997229	0	None	None
ChainingRodShaped	17741	3.14328	0.5	60.3571	36.3891	0	0.805674	-0.592359	0	None	None
ChainingRodShaped	18167	2.92656	0.5	38.179	-1.93078	0	-0.554537	-0.832159	0	None	None
ChainingRodShaped	18821	2.52259	0.5	5.15008	-5.79594	0	0.474141	-0.880449	0	None	None
ChainingRodShaped	20947	2.00398	0.5	39.6032	99.0489	0	0.287316	0.957836	0	None	None
ChainingRodShaped	18613	2.76272	0.5	77.9138	100.187	0	0.830066	-0.557665	0	None	None
ChainingRodShaped	11102	4.20814	0.5	68.8926	-57.4427	0	0.788996	0.614398	0	None	None
ChainingRodShaped	11104	4.73193	0.5	-31.3729	-10.7976	0	0.0816607	0.99666	0	None	None
ChainingRodShaped	11106	4.39162	0.5	30.9254	19.7047	0	0.259858	-0.965647	0	None	None
ChainingRodShaped	18315	2.47864	0.5	44.3844	84.0177	0	0.894128	0.447811	0	None	None
ChainingRodShaped	11110	4.0252	0.5	5.89394	66.514	0	-0.842063	-0.539379	0	None	None
ChainingRodShaped	11112	3.88796	0.5	1.3176	5.17017	0	0.987967	0.154668	0	None	None
ChainingRodShaped	11114	4.36861	0.5	-0.13675	102.585	0	0.9863	0.164962	0	None	None
ChainingRodShaped	11116	3.93674	0.5	49.9068	-25.8038	0	-0.487289	-0.873241	0	None	None
ChainingRodShaped	20217	2.23072	0.5	82.3804	93.7846	0	0.585349	-0.810781	0	None	None
ChainingRodShaped	11120	4.05787	0.5	94.1601	-13.5887	0	0.99957	0.0293106	0	None	None
ChainingRodShaped	17509	3.10765	0.5	-19.0266	67.9093	0	0.819391	-0.573236	0	None	None
ChainingRodShaped	11124	4.48334	0.5	58.8421	-15.9466	0	-0.434313	-0.900762	0	None	None
ChainingRodShaped	11126	4.90828	0.5	77.869	2.49336	0	0.991699	-0.128582	0	None	None
ChainingRodShaped	18875	2.3904	0.5	47.3771	-40.7242	0	-0.994156	0.107949	0	None	None
ChainingRodShaped	20207	2.19842	0.5	4.78068	0.714197	0	-0.304541	-0.952499	0	None	None
ChainingRodShaped	11132	4.56467	0.5	-7.37351	75.2809	0	0.570677	-0.821174	0	None	None
ChainingRodShaped	11134	3.9456	0.5	66.6233	-52.6971	0	-0.211364	-0.977407	0	None	None
ChainingRodShaped	11136	3.99501	0.5	47.7353	15.6621	0	-0.70357	-0.710626	0	None	None
ChainingRodShaped	11138	4.2435	0.5	-23.5723	21.8908	0	0.917946	-0.396704	0	None	None
ChainingRodShaped	18857	2.29045	0.5	3.61094	69.3555	0	0.89907	-0.437804	0	None	None
ChainingRodShaped	17853	2.8001	0.5	-28.2253	128.204	0	0.34842	-0.937338	0	None	None
ChainingRodShaped	17819	2.43367	0.5	-9.97714	33.8723	0	-0.884756	-0.466054	0	None	None
ChainingRodShaped	19613	2.39935	0.5	112.095	62.0337	0	0.167734	0.985832	0	None	None
ChainingRodShaped	18747	2.72148	0.5	-52.3612	97.321	0	0.54399	0.839092	0	None	None
ChainingRodShaped	18571	2.47246	0.5	110.745	-0.779858	0	0.329064	-0.944308	0	None	None
ChainingRodShaped	19393	2.3664	0.5	53.8188	63.2106	0	0.37261	-0.927988	0	None	None
ChainingRodShaped	11154	4.39477	0.5	-68.3569	16.2627	0	0.680766	-0.732501	0	None	None
ChainingRodShaped	11156	3.76577	0.5	16.9385	-67.4797	0	0.998621	0.0524919	0	None	None
ChainingRodShaped	17839	2.68587	0.5	44.6914	-25.9761	0	-0.293395	-0.955991	0	None	None
ChainingRodShaped	11160	4.22189	0.5	-21.6137	44.8178	0	-0.985296	0.170859	0	None	None
ChainingRodShaped	11162	3.67859	0.5	51.5498	24.653	0	-0.810134	-0.586245	0	None	None
ChainingRodShaped	11164	3.92412	0.5	73.6178	47.088	0	-0.999891	0.0147376	0	None	None
ChainingRodShaped	20091	2.12421	0.5	56.1065	10.2437	0	-0.552536	-0.833489	0	None	None
ChainingRodShaped	19327	2.45257	0.5	-18.5281	86.4529	0	0.0236502	-0.99972	0	None	None
ChainingRodShaped	11170	4.88153	0.5	21.7017	4.90261	0	0.355953	-0.934504	0	None	None
ChainingRodShaped	11172	3.4973	0.5	28.1696	60.4043	0	0.695449	0.718575	0	None	None
ChainingRodShaped	20131	2.13623	0.5	22.091	120.304	0	0.299947	-0.953956	0	None	None
ChainingRodShaped	11176	3.71624	0.5	-46.4364	-3.96643	0	-0.317256	0.94834	0	None	None
ChainingRodShaped	11178	3.48473	0.5	84.0459	-24.145	0	0.0489245	-0.998802	0	None	None
ChainingRodShaped	11180	4.98011	0.5	11.5578	73.9323	0	0.956745	-0.290926	0	None	None
ChainingRodShaped	11182	4.69425	0.5	76.0108	10.0988	0	-0.982158	0.188059	0	None	None
ChainingRodShaped	11184	4.61744	0.5	-41.5997	-38.4965	0	0.307724	-0.951476	0	None	None
ChainingRodShaped	11186	4.61744	0.5	42.7137	31.9498	0	0.813934	0.580958	0	None	None
ChainingRodShaped	17641	2.8864	0.5	-32.6873	-48.5846	0	0.999905	0.0137744	0	None	None
ChainingRodShaped	17625	2.89623	0.5	33.5292	7.53028	0	0.534371	0.84525	0	None	None
ChainingRodShaped	17677	2.81003	0.5	-11.2582	99.046	0	0.97309	0.230425	0	None	None
ChainingRodShaped	20239	2.17265	0.5	14.7522	117.808	0	-0.578736	-0.815515	0	None	None
ChainingRodShaped	11196	4.01993	0.5	-53.3773	102.985	0	-0.968335	0.249654	0	None	None
ChainingRodShaped	11198	4.02019	0.5	72.9619	-1.50812	0	-0.996638	-0.081929	0	None	None
ChainingRodShaped	11200	3.66241	0.5	-52.4758	45.5138	0	0.968457	0.249179	0	None	None
ChainingRodShaped	20715	2.06175	0.5	69.0002	-11.5794	0	0.401967	-0.915654	0	None	None
ChainingRodShaped	11204	3.87912	0.5	-63.8934	-39.1936	0	-0.738944	0.673767	0	None	None
ChainingRodShaped	11206	4.58248	0.5	-9.82745	80.4677	0	0.486595	-0.873628	0	None	None
ChainingRodShaped	19859	2.21053	0.5	53.8724	-20.964	0	-0.41006	-0.912059	0	None	None
ChainingRodShaped	18027	2.6277	0.5	47.493	-4.58989	0	0.861069	-0.508488	0	None	None
ChainingRodShaped	11212	4.06549	0.5	99.4264	60.215	0	-0.900242	-0.43539	0	None	None
ChainingRodShaped	11214	4.74157	0.5	-66.6733	-16.779	0	-0.795198	0.606349	0	None	None
ChainingRodShaped	11216	3.88337	0.5	-91.0936	27.6792	0	-0.342685	0.93945	0	None	None
ChainingRodShaped	11218	4.9081	0.5	-45.7387	63.3344	0	-0.687754	0.725944	0	None	None
ChainingRodShaped	11220	3.4874	0.5	68.9322	115.305	0	0.407807	-0.913068	0	None	None
ChainingRodShaped	20517	2.12707	0.5	112.887	2.35747	0	0.511021	0.859568	0	None	None
ChainingRodShaped	11224	3.68906	0.5	-91.3846	52.6983	0	0.961304	0.275491	0	None	None
ChainingRodShaped	11226	4.87274	0.5	-18.2578	-46.8552	0	-0.179729	-0.983716	0	None	None
ChainingRodShaped	20895	2.01776	0.5	-59.1995	-5.63741	0	-0.920136	-0.3916	0	None	None
ChainingRodShaped	11230	4.28578	0.5	-17.8187	89.1114	0	0.155812	-0.987787	0	None	None
ChainingRodShaped	11232	4.62978	0.5	-9.24661	36.8739	0	0.881781	0.471659	0	None	None
ChainingRodShaped	11234	3.59117	0.5	-13.999	119.127	0	-0.108718	-0.994073	0	None	None
ChainingRodShaped	19069	2.26788	0.5	-8.42613	-47.95	0	-0.998965	-0.0454758	0	None	None
ChainingRodShaped	18483	2.5602	0.5	-37.509	86.981	0	0.673263	-0.739403	0	None	None
ChainingRodShaped	11240	4.34073	0.5	24.8751	84.3586	0	0.999614	0.0277873	0	None	None
ChainingRodShaped	11242	4.82113	0.5	101.281	25.4495	0	0.86834	-0.495969	0	None	None
ChainingRodShaped	19197	2.45615	0.5	105.88	48.1476	0	-0.95666	-0.291208	0	None	None
ChainingRodShaped	17815	2.51715	0.5	-66.8066	2.30675	0	-0.172078	0.985083	0	None	None
ChainingRodShaped	11248	4.05154	0.5	-60.1236	-27.5368	0	-0.788757	0.614705	0	None	None
ChainingRodShaped	20101	2.2815	0.5	104.933	37.1273	0	0.999614	-0.0277725	0	None	None
ChainingRodShaped	11252	3.57637	0.5	-9.6383	5.09387	0	0.925153	-0.379594	0	None	None
ChainingRodShaped	11254	4.01363	0.5	-22.0754	112.458	0	0.0206476	-0.999787	0	None	None
ChainingRodShaped	11256	3.64428	0.5	49.0987	69.3162	0	-0.174766	-0.98461	0	None	None
ChainingRodShaped	11258	4.63424	0.5	-68.15	47.7821	0	0.953383	-0.301762	0	None	None
ChainingRodShaped	11260	3.74564	0.5	28.7264	-19.9496	0	0.466065	-0.88475	0	None	None
ChainingRodShaped	19025	2.27116	0.5	-20.2483	88.0548	0	-0.319314	0.947649	0	None	None
ChainingRodShaped	17577	2.58911	0.5	75.716	67.5046	0	-0.134843	0.990867	0	None	None
ChainingRodShaped	11266	4.2893	0.5	39.4966	121.597	0	-0.30543	-0.952215	0	None	None
ChainingRodShaped	11268	4.21626	0.5	-59.4203	-23.6809	0	-0.799681	0.600425	0	None	None
ChainingRodShaped	11270	4.73051	0.5	83.4137	-36.6435	0	-0.791829	0.610743	0	None	None
ChainingRodShaped	18701	2.74999	0.5	-85.1256	13.8476	0	-0.591681	0.806172	0	None	None
ChainingRodShaped	11274	4.16396	0.5	10.1667	67.1734	0	-0.468789	-0.88331	0	None	None
ChainingRodShaped	11276	3.6509	0.5	-15.2082	61.8407	0	0.842569	-0.538588	0	None	None
ChainingRodShaped	11278	3.60267	0.5	-11.0337	60.6678	0	0.546972	-0.837151	0	None	None
ChainingRodShaped	18323	2.95319	0.5	-15.0215	-21.8605	0	-0.894418	-0.447233	0	None	None
ChainingRodShaped	19401	2.29866	0.5	60.1603	-6.17597	0	-0.225992	-0.974129	0	None	None
ChainingRodShaped	11284	4.70253	0.5	112.927	53.9243	0	-0.325425	-0.945568	0	None	None
ChainingRodShaped	11286	3.7107	0.5	16.6889	57.2983	0	0.948926	0.315498	0	None	None
ChainingRodShaped	20641	2.08325	0.5	30.5164	111.252	0	-0.20383	-0.979006	0	None	None
ChainingRodShaped	11290	3.98157	0.5	22.3563	75.3332	0	-0.39037	0.920658	0	None	None
ChainingRodShaped	11292	3.58826	0.5	98.8104	-17.9984	0	-0.935197	0.354129	0	None	None
ChainingRodShaped	11294	4.10761	0.5	43.6529	-66.8416	0	0.726643	0.687016	0	None	None
ChainingRodShaped	11296	3.82194	0.5	80.1261	107.03	0	0.872122	-0.489288	0	None	None
ChainingRodShaped	11298	4.22974	0.5	59.9125	37.6136	0	0.806382	-0.591395	0	None	None
ChainingRodShaped	20103	2.19427	0.5	62.5281	80.0733	0	-0.0102768	-0.999947	0	None	None
ChainingRodShaped	20077	2.28795	0.5	-4.70005	-4.60196	0	0.540798	-0.841153	0	None	None
ChainingRodShaped	18455	2.77969	0.5	48.7385	119.102	0	0.966675	0.256005	0	None	None
ChainingRodShaped	20653	2.07616	0.5	-50.5107	-58.5111	0	0.0915576	-0.9958	0	None	None
ChainingRodShaped	11308	3.88277	0.5	62.3772	54.127	0	0.969725	0.2442	0	None	None
ChainingRodShaped	18445	2.91592	0.5	15.6074	54.5686	0	-0.78696	-0.617004	0	None	None
ChainingRodShaped	19547	2.48526	0.5	110.464	29.8895	0	-0.852154	-0.52329	0	None	None
ChainingRodShaped	11314	4.96939	0.5	5.69457	116.785	0	0.452398	0.891816	0	None	None
ChainingRodShaped	18947	2.64957	0.5	52.8533	-27.744	0	-0.269617	-0.962968	0	None	None
ChainingRodShaped	18491	2.7369	0.5	25.8297	29.3785	0	0.00488044	0.999988	0	None	None
ChainingRodShaped	11320	4.18729	0.5	26.2122	-42.0135	0	0.938285	0.345862	0	None	None
ChainingRodShaped	11322	4.57966	0.5	-60.8442	1.77517	0	0.134361	-0.990932	0	None	None
ChainingRodShaped	11324	3.57927	0.5	-50.6268	35.2468	0	-0.842067	-0.539372	0	None	None
ChainingRodShaped	11326	3.87959	0.5	-62.1316	88.8612	0	0.464259	0.885699	0	None	None
ChainingRodShaped	11328	4.59029	0.5	63.7377	115.769	0	0.999966	-0.00823162	0	None	None
ChainingRodShaped	11330	3.5908	0.5	52.6529	4.81095	0	0.955534	0.294881	0	None	None
ChainingRodShaped	11332	4.43841	0.5	-27.5219	-18.6314	0	-0.290255	0.956949	0	None	None
ChainingRodShaped	18395	2.55124	0.5	11.7846	-71.4897	0	0.923146	-0.38445	0	None	None
ChainingRodShaped	11336	3.8138	0.5	-32.5332	34.1825	0	0.942122	0.335269	0	None	None
ChainingRodShaped	11338	4.97059	0.5	54.0922	48.8807	0	0.939897	0.341459	0	None	None
ChainingRodShaped	11340	4.03369	0.5	-5.02932	133.908	0	-0.2751	-0.961416	0	None	None
ChainingRodShaped	11342	4.63769	0.5	-65.9014	65.1214	0	-0.0805254	0.996753	0	None	None
ChainingRodShaped	11344	4.80465	0.5	5.97662	107.601	0	0.504663	0.863316	0	None	None
ChainingRodShaped	19015	2.24197	0.5	33.105	-46.9352	0	0.8981	-0.439791	0	None	None
ChainingRodShaped	11348	3.59663	0.5	-35.2835	103.605	0	-0.969362	0.245635	0	None	None
ChainingRodShaped	11350	3.48021	0.5	32.0694	15.3169	0	0.776352	0.630299	0	None	None
ChainingRodShaped	11352	4.46186	0.5	46.767	77.4525	0	-0.184618	-0.98281	0	None	None
ChainingRodShaped	19081	2.66037	0.5	-2.51631	91.5451	0	-0.764446	-0.644688	0	None	None
ChainingRodShaped	19553	2.37812	0.5	44.4117	-59.3948	0	0.660368	0.750942	0	None	None
ChainingRodShaped	11358	3.42968	0.5	33.6805	-25.7514	0	-0.955806	-0.293999	0	None	None
ChainingRodShaped	11360	4.07725	0.5	-81.1622	15.1998	0	-0.261924	0.965089	0	None	None
ChainingRodShaped	11362	3.87519	0.5	-43.2488	25.5565	0	0.440778	0.897616	0	None	None
ChainingRodShaped	11364	4.25388	0.5	-10.2652	-55.8463	0	0.143859	0.989598	0	None	None
ChainingRodShaped	18281	2.88191	0.5	6.8165	46.6594	0	-0.734564	-0.678539	0	None	None
ChainingRodShaped	11368	3.85943	0.5	110.932	61.0028	0	0.0409088	0.999163	0	None	None
ChainingRodShaped	11370	4.83086	0.5	55.4384	105.755	0	-0.30844	-0.951244	0	None	None
ChainingRodShaped	19105	2.24184	0.5	-2.24826	-7.09709	0	-0.530412	0.84774	0	None	None
ChainingRodShaped	11374	4.47878	0.5	83.2597	26.0748	0	0.157789	0.987473	0	None	None
ChainingRodShaped	19225	2.44608	0.5	4.34066	112.048	0	0.456556	0.889695	0	None	None
ChainingRodShaped	11378	3.98953	0.5	27.8097	106.43	0	-0.18929	-0.981921	0	None	None
ChainingRodShaped	11380	4.97585	0.5	36.0731	-40.607	0	0.991313	0.131521	0	None	None
ChainingRodShaped	18581	2.8248	0.5	-37.308	99.637	0	0.986203	-0.16554	0	None	None
ChainingRodShaped	11384	4.65453	0.5	-33.1528	34.6223	0	0.943641	0.330971	0	None	None
ChainingRodShaped	20127	2.26306	0.5	78.4877	3.85996	0	0.988944	-0.148287	0	None	None
ChainingRodShaped	11388	4.33585	0.5	-90.4676	42.3023	0	-0.473588	-0.880746	0	None	None
ChainingRodShaped	11390	4.95972	0.5	8.21119	-58.0171	0	-0.820008	0.572352	0	None	None
ChainingRodShaped	11392	4.26017	0.5	23.6017	0.0124585	0	-0.965549	-0.260222	0	None	None
ChainingRodShaped	18019	2.81312	0.5	1.69838	81.9501	0	0.524485	-0.85142	0	None	None
ChainingRodShaped	17861	2.85662	0.5	-80.8744	64.5524	0	-0.960696	0.277604	0	None	None
ChainingRodShaped	19585	2.2759	0.5	-75.0096	48.1844	0	0.907093	-0.42093	0	None	None
ChainingRodShaped	11400	4.22373	0.5	54.4363	74.5708	0	-0.719082	-0.694925	0	None	None
ChainingRodShaped	11402	4.72418	0.5	-11.8061	72.7414	0	-0.804988	0.593291	0	None	None
ChainingRodShaped	18091	2.38367	0.5	-31.0231	-58.1538	0	-0.913865	-0.406018	0	None	None
ChainingRodShaped	11406	4.56611	0.5	4.31445	17.9443	0	0.541978	0.840393	0	None	None
ChainingRodShaped	18013	3.04051	0.5	103.053	-14.2022	0	-0.47089	-0.882192	0	None	None
ChainingRodShaped	11410	4.22574	0.5	-69.842	27.4363	0	-0.9968	-0.0799329	0	None	None
ChainingRodShaped	20013	2.31337	0.5	31.8104	88.4714	0	0.998105	0.0615373	0	None	None
ChainingRodShaped	18721	2.64188	0.5	84.6247	52.1678	0	-0.64953	-0.760336	0	None	None
ChainingRodShaped	11416	3.63718	0.5	-37.9643	-10.8404	0	-0.743272	-0.66899	0	None	None
ChainingRodShaped	11418	4.43065	0.5	75.2334	32.2402	0	0.786618	-0.61744	0	None	None
ChainingRodShaped	11420	3.63075	0.5	-29.3394	23.2942	0	0.68134	-0.731967	0	None	None
ChainingRodShaped	19751	2.37382	0.5	37.4915	-15.4723	0	0.929624	-0.36851	0	None	None
ChainingRodShaped	11424	3.64695	0.5	45.5884	104.496	0	0.920119	0.391639	0	None	None
ChainingRodShaped	17899	2.77579	0.5	-2.04406	90.9203	0	-0.758109	-0.652128	0	None	None
ChainingRodShaped	11428	4.96928	0.5	-68.4596	94.6414	0	0.850042	0.526715	0	None	None
ChainingRodShaped	11430	4.80588	0.5	60.8116	-63.6783	0	-0.120256	-0.992743	0	None	None
ChainingRodShaped	11432	4.15815	0.5	28.4574	74.4967	0	-0.378186	0.92573	0	None	None
ChainingRodShaped	20759	2.04409	0.5	18.5509	2.00902	0	0.972585	-0.232549	0	None	None
ChainingRodShaped	11436	3.77172	0.5	-81.2451	24.7611	0	-0.214908	0.976634	0	None	None
ChainingRodShaped	11438	3.75905	0.5	38.5523	13.2029	0	0.708239	0.705972	0	None	None
ChainingRodShaped	11440	4.49624	0.5	73.6209	-56.1782	0	0.782251	-0.622963	0	None	None
ChainingRodShaped	11442	4.95474	0.5	103.593	-5.22476	0	-0.821523	-0.570175	0	None	None
ChainingRodShaped	11444	3.50115	0.5	13.5695	83.5351	0	0.835588	0.549357	0	None	None
ChainingRodShaped	11446	3.704	0.5	-98.1114	32.5018	0	0.289611	0.957145	0	None	None
ChainingRodShaped	11448	3.70929	0.5	71.6277	59.5434	0	0.903548	0.428488	0	None	None
ChainingRodShaped	11450	4.23567	0.5	42.2291	32.3054	0	0.819499	0.573081	0	None	None
ChainingRodShaped	11452	3.7888	0.5	5.5721	-77.6673	0	-0.908586	0.417697	0	None	None
ChainingRodShaped	11454	4.31663	0.5	-27.8513	18.5369	0	0.929476	-0.368883	0	None	None
ChainingRodShaped	11456	4.05945	0.5	-69.3242	-3.33178	0	-0.311168	0.950355	0	None	None
ChainingRodShaped	11458	4.31484	0.5	-15.1968	-7.06931	0	-0.863672	-0.504053	0	None	None
ChainingRodShaped	11460	4.76313	0.5	-37.4627	-2.76326	0	0.936933	0.349508	0	None	None
ChainingRodShaped	18267	2.74972	0.5	-47.8682	84.4741	0	0.497997	0.867179	0	None	None
ChainingRodShaped	11464	4.655	0.5	24.4543	46.8974	0	0.452403	0.891814	0	None	None
ChainingRodShaped	11466	4.3372	0.5	5.305	82.9534	0	0.686883	0.726768	0	None	None
ChainingRodShaped	11468	4.00122	0.5	-0.944998	79.8262	0	0.591149	-0.806563	0	None	None
ChainingRodShaped	11470	3.5236	0.5	-70.7761	-25.2616	0	0.707441	-0.706772	0	None	None
ChainingRodShaped	11472	4.67033	0.5	20.0508	-60.0142	0	0.838247	0.54529	0	None	None
ChainingRodShaped	18519	2.73539	0.5	-53.5367	-32.1956	0	0.627162	0.778889	0	None	None
ChainingRodShaped	11476	4.22083	0.5	-46.4433	88.8939	0	0.449486	0.893287	0	None	None
ChainingRodShaped	11478	3.90765	0.5	-24.6108	-17.0488	0	0.654592	0.755983	0	None	None
ChainingRodShaped	11480	4.94235	0.5	-8.50271	85.0166	0	0.554202	-0.832382	0	None	None
ChainingRodShaped	18553	2.70047	0.5	61.7751	80.1605	0	-0.000177021	-1	0	None	None
ChainingRodShaped	18405	2.37779	0.5	109.379	9.46667	0	0.82171	-0.569906	0	None	None
ChainingRodShaped	11486	4.15855	0.5	15.6209	55.3777	0	-0.780979	-0.624557	0	None	None
ChainingRodShaped	19123	2.38479	0.5	-41.5348	54.3108	0	-0.207637	0.978206	0	None	None
ChainingRodShaped	11490	3.68164	0.5	29.2687	118.205	0	0.820711	0.571343	0	None	None
ChainingRodShaped	11492	3.62463	0.5	-79.8739	32.9582	0	0.869299	0.494286	0	None	None
ChainingRodShaped	20205	2.23126	0.5	-29.3572	-20.4581	0	-0.299958	0.953952	0	None	None
ChainingRodShaped	20445	2.13286	0.5	-59.4564	-12.0331	0	0.855845	-0.517233	0	None	None
ChainingRodShaped	11498	4.47419	0.5	0.237945	-49.708	0	-0.634254	0.773125	0	None	None
ChainingRodShaped	11500	4.1863	0.5	42.0234	52.7899	0	-0.386158	-0.922433	0	None	None
ChainingRodShaped	11502	3.81451	0.5	48.3836	69.1606	0	-0.165004	-0.986293	0	None	None
ChainingRodShaped	19233	2.52997	0.5	-80.6523	79.3448	0	-0.0713144	0.997454	0	None	None
ChainingRodShaped	18461	2.38136	0.5	-45.3452	-19.8315	0	0.908149	0.418646	0	None	None
ChainingRodShaped	20367	2.0966	0.5	13.0465	60.4327	0	0.799274	0.600967	0	None	None
ChainingRodShaped	18499	2.56503	0.5	77.0239	-40.4581	0	0.262185	-0.965018	0	None	None
ChainingRodShaped	19927	2.24922	0.5	55.397	-63.6549	0	-0.763569	-0.645726	0	None	None
ChainingRodShaped	11514	4.77697	0.5	-7.31954	-1.75188	0	-0.983385	-0.181532	0	None	None
ChainingRodShaped	11516	4.88709	0.5	-16.7217	-0.819973	0	0.985774	0.168076	0	None	None
ChainingRodShaped	18709	2.74206	0.5	10.7804	7.46636	0	0.981877	0.189521	0	None	None
ChainingRodShaped	11520	4.70539	0.5	-17.7496	-64.9943	0	-0.750403	0.66098	0	None	None
ChainingRodShaped	11522	3.91221	0.5	-78.8643	2.85362	0	-0.93957	0.342356	0	None	None
ChainingRodShaped	11524	4.39361	0.5	15.8404	114.384	0	-0.0534457	-0.998571	0	None	None
ChainingRodShaped	11526	3.37665	0.5	-73.2796	24.8745	0	0.523356	-0.852114	0	None	None
ChainingRodShaped	20865	2.01467	0.5	49.3882	58.5877	0	-0.731677	-0.681651	0	None	None
ChainingRodShaped	19953	2.34417	0.5	16.0832	-9.98016	0	0.931917	-0.362672	0	None	None
ChainingRodShaped	11532	3.80136	0.5	88.5422	27.1572	0	0.884877	-0.465825	0	None	None
ChainingRodShaped	11534	3.48234	0.5	-3.54444	2.2164	0	0.99251	0.12216	0	None	None
ChainingRodShaped	11536	4.56379	0.5	11.1142	-22.4623	0	-0.768632	0.639692	0	None	None
ChainingRodShaped	19169	2.44933	0.5	41.9758	8.80866	0	-0.587685	-0.80909	0	None	None
ChainingRodShaped	11540	3.87511	0.5	15.2392	126.369	0	0.739062	0.673637	0	None	None
ChainingRodShaped	11542	4.06128	0.5	77.4912	46.9943	0	-0.860205	-0.509948	0	None	None
ChainingRodShaped	11544	4.90471	0.5	48.7954	-1.34889	0	0.443349	-0.896349	0	None	None
ChainingRodShaped	19863	2.25696	0.5	-57.3492	0.0326031	0	0.193933	-0.981015	0	None	None
ChainingRodShaped	11548	3.54113	0.5	-40.4036	-16.6721	0	-0.90811	-0.418732	0	None	None
ChainingRodShaped	11550	3.58878	0.5	45.7888	103.67	0	0.92369	0.383141	0	None	None
ChainingRodShaped	19965	2.34232	0.5	59.9526	66.1337	0	0.495836	-0.868416	0	None	None
ChainingRodShaped	11554	3.48306	0.5	-31.979	11.4394	0	0.835117	0.550073	0	None	None
ChainingRodShaped	11556	3.75205	0.5	-32.0828	1.58022	0	-0.0158855	-0.999874	0	None	None
ChainingRodShaped	11558	3.68285	0.5	107.178	15.1861	0	0.529021	-0.848609	0	None	None
ChainingRodShaped	11560	3.45778	0.5	40.8809	-29.419	0	-0.156747	-0.987639	0	None	None
ChainingRodShaped	19949	2.19266	0.5	-23.0595	50.3543	0	0.887963	-0.459914	0	None	None
ChainingRodShaped	11564	4.81957	0.5	101.983	48.6529	0	-0.494819	-0.868996	0	None	None
ChainingRodShaped	11566	4.66725	0.5	-29.0661	23.9299	0	0.688567	-0.725173	0	None	None
ChainingRodShaped	11568	3.66362	0.5	-86.738	49.5995	0	-0.99398	0.109562	0	None	None
ChainingRodShaped	20201	2.24131	0.5	-28.7185	21.5337	0	0.674017	-0.738716	0	None	None
ChainingRodShaped	18203	2.41655	0.5	18.5263	8.27518	0	0.208915	-0.977934	0	None	None
ChainingRodShaped	11574	4.75928	0.5	28.871	111.597	0	-0.203754	-0.979022	0	None	None
ChainingRodShaped	19353	2.39629	0.5	-39.0925	126.034	0	0.934397	0.356233	0	None	None
ChainingRodShaped	19629	2.16249	0.5	-27.8128	10.2113	0	-0.84579	-0.533515	0	None	None
ChainingRodShaped	11580	3.92672	0.5	30.2691	-59.0081	0	0.225161	-0.974321	0	None	None
ChainingRodShaped	11582	3.5692	0.5	5.2318	92.5583	0	-0.71687	-0.697206	0	None	None
ChainingRodShaped	11584	4.78635	0.5	-68.6418	71.2482	0	0.485106	0.874455	0	None	None
ChainingRodShaped	20311	2.19896	0.5	-17.1535	75.4979	0	-0.845905	0.533333	0	None	None
ChainingRodShaped	11588	4.24126	0.5	37.8567	-43.7228	0	0.996077	-0.0884936	0	None	None
ChainingRodShaped	20805	2.01698	0.5	-35.0215	-57.8402	0	-0.92107	-0.389398	0	None	None
ChainingRodShaped	19293	2.32724	0.5	-76.0296	-12.0944	0	-0.461428	0.887178	0	None	None
ChainingRodShaped	11594	3.90736	0.5	78.5185	32.6228	0	0.787352	-0.616503	0	None	None
ChainingRodShaped	18349	2.82786	0.5	17.7998	-30.8669	0	-0.563074	0.826407	0	None	None
ChainingRodShaped	20123	2.26381	0.5	43.1923	-11.1801	0	0.751362	-0.65989	0	None	None
ChainingRodShaped	11600	4.28352	0.5	-30.5094	-32.4293	0	-0.0855687	0.996332	0	None	None
ChainingRodShaped	18893	2.50327	0.5	71.9099	-49.8165	0	0.00202535	0.999998	0	None	None
ChainingRodShaped	11604	4.69416	0.5	67.1385	81.384	0	0.170011	0.985442	0	None	None
ChainingRodShaped	18975	2.36716	0.5	74.8025	88.5447	0	0.48179	-0.876287	0	None	None
ChainingRodShaped	11608	4.57089	0.5	-11.5098	116.902	0	-0.115275	-0.993334	0	None	None
ChainingRodShaped	20951	2.00176	0.5	-33.793	-34.4167	0	0.221827	0.975086	0	None	None
ChainingRodShaped	11612	3.70541	0.5	84.6789	45.8534	0	-0.792997	-0.609225	0	None	None
ChainingRodShaped	11614	3.60049	0.5	-5.65686	-36.9787	0	0.55844	-0.829545	0	None	None
ChainingRodShaped	20543	2.10404	0.5	39.6385	-18.9575	0	-0.409459	-0.912328	0	None	None
ChainingRodShaped	11618	4.55632	0.5	-96.2421	24.4042	0	-0.837267	0.546794	0	None	None
ChainingRodShaped	18541	2.68369	0.5	-8.59586	-56.6975	0	0.125634	0.992077	0	None	None
ChainingRodShaped	20253	2.13204	0.5	79.4376	93.2224	0	0.455422	-0.890276	0	None	None
ChainingRodShaped	18741	2.67074	0.5	59.6483	-47.6331	0	-0.600522	-0.799608	0	None	None
ChainingRodShaped	20169	2.22027	0.5	-1.53281	-60.8108	0	0.39869	-0.917086	0	None	None
ChainingRodShaped	18305	2.95371	0.5	-19.3765	9.40589	0	-0.108097	-0.99414	0	None	None
ChainingRodShaped	11630	4.52447	0.5	-44.6698	112.605	0	0.992164	0.124944	0	None	None
ChainingRodShaped	11632	3.84365	0.5	94.9242	1.82463	0	-0.413409	-0.910546	0	None	None
ChainingRodShaped	11634	3.82445	0.5	-25.6682	93.4054	0	-0.315664	0.948871	0	None	None
ChainingRodShaped	11636	4.46091	0.5	26.0181	-64.8986	0	0.255391	-0.966838	0	None	None
ChainingRodShaped	18239	2.5858	0.5	10.0743	1.29274	0	-0.432588	-0.901592	0	None	None
ChainingRodShaped	18827	2.4433	0.5	23.9616	34.1775	0	-0.0540993	-0.998536	0	None	None
ChainingRodShaped	19885	2.30173	0.5	-4.14806	80.6155	0	0.0798985	-0.996803	0	None	None
ChainingRodShaped	11644	3.85338	0.5	-9.74357	13.3398	0	-0.479723	-0.87742	0	None	None
ChainingRodShaped	20839	2.01756	0.5	-48.8555	9.65474	0	0.986512	-0.163686	0	None	None
ChainingRodShaped	11648	3.88679	0.5	-42.0967	42.9549	0	-0.973732	-0.227695	0	None	None
ChainingRodShaped	11650	3.53689	0.5	44.3543	-4.42365	0	0.984948	-0.172852	0	None	None
ChainingRodShaped	11652	3.86734	0.5	59.5719	116.985	0	0.919466	0.393168	0	None	None
ChainingRodShaped	11654	3.5605	0.5	75.4526	75.2836	0	-0.146557	0.989202	0	None	None
ChainingRodShaped	19633	2.3684	0.5	-54.4904	22.0395	0	-0.975472	0.220124	0	None	None
ChainingRodShaped	11658	4.69197	0.5	45.6866	-63.7715	0	0.791794	0.610788	0	None	None
ChainingRodShaped	11660	4.90866	0.5	4.17938	-26.144	0	-0.990898	0.134617	0	None	None
ChainingRodShaped	20917	2.00715	0.5	33.8964	51.2334	0	0.426563	0.904458	0	None	None
ChainingRodShaped	11664	4.18945	0.5	25.1537	-19.612	0	0.478534	-0.878069	0	None	None
ChainingRodShaped	19509	2.49944	0.5	-15.2233	54.9848	0	0.633035	-0.774123	0	None	None
ChainingRodShaped	11668	4.84328	0.5	65.2833	68.5827	0	0.670493	0.741916	0	None	None
ChainingRodShaped	11670	4.80687	0.5	-20.4393	-13.671	0	-0.739392	-0.673275	0	None	None
ChainingRodShaped	19203	2.40505	0.5	98.9769	9.08622	0	0.550507	-0.83483	0	None	None
ChainingRodShaped	11674	4.09523	0.5	7.21116	89.4186	0	-0.687408	-0.726272	0	None	None
ChainingRodShaped	20233	2.23179	0.5	28.8605	-40.3852	0	0.979936	0.199314	0	None	None
ChainingRodShaped	11678	4.72103	0.5	9.36796	-23.8551	0	-0.998095	0.0616982	0	None	None
ChainingRodShaped	19703	2.20209	0.5	-9.97639	60.2924	0	0.555196	-0.831719	0	None	None
ChainingRodShaped	18375	2.82358	0.5	78.088	68.594	0	-0.126652	0.991947	0	None	None
ChainingRodShaped	11684	4.98251	0.5	-43.9691	3.24556	0	0.978902	0.20433	0	None	None
ChainingRodShaped	11686	4.59013	0.5	-0.18108	122.457	0	0.431077	0.902315	0	None	None
ChainingRodShaped	11688	3.55556	0.5	51.0544	24.9834	0	-0.804353	-0.594151	0	None	None
ChainingRodShaped	18501	2.48739	0.5	-42.4569	-14.9594	0	-0.912269	-0.409591	0	None	None
ChainingRodShaped	11692	3.97309	0.5	59.3975	92.9066	0	0.306346	-0.95192	0	None	None
ChainingRodShaped	20791	2.04684	0.5	5.93432	9.39413	0	0.982572	0.185885	0	None	None
ChainingRodShaped	11696	4.86841	0.5	-56.164	-15.3257	0	0.633474	0.773764	0	None	None
ChainingRodShaped	11698	4.75809	0.5	89.8985	7.20183	0	0.997934	-0.0642496	0	None	None
ChainingRodShaped	11700	4.13312	0.5	23.9035	-35.7828	0	-0.933261	-0.3592	0	None	None
ChainingRodShaped	11702	4.64642	0.5	-43.0602	-59.8537	0	-0.948983	-0.315327	0	None	None
ChainingRodShaped	11704	4.38222	0.5	94.0029	43.1967	0	-0.814791	-0.579755	0	None	None
ChainingRodShaped	11706	3.69963	0.5	37.9244	17.7156	0	-0.960252	-0.279133	0	None	None
ChainingRodShaped	19415	2.55306	0.5	31.8369	129.221	0	0.60603	0.795441	0	None	None
ChainingRodShaped	20835	2.01731	0.5	-25.0793	94.1581	0	-0.310061	0.950717	0	None	None
ChainingRodShaped	20325	2.17703	0.5	-1.78606	29.139	0	-0.97755	-0.210704	0	None	None
ChainingRodShaped	18547	2.86088	0.5	47.6881	-3.91483	0	0.855907	-0.51713	0	None	None
ChainingRodShaped	11716	3.68055	0.5	-46.7185	51.1073	0	-0.135813	0.990735	0	None	None
ChainingRodShaped	11718	4.86744	0.5	103.934	42.1558	0	0.893134	0.44979	0	None	None
ChainingRodShaped	11720	4.71671	0.5	-22.8251	60.4975	0	0.767266	-0.641329	0	None	None
ChainingRodShaped	11722	4.91262	0.5	-78.3946	10.3764	0	-0.9207	0.390271	0	None	None
ChainingRodShaped	11724	3.49713	0.5	46.2214	64.6155	0	0.0431965	-0.999067	0	None	None
ChainingRodShaped	18401	2.40669	0.5	-9.46712	26.4079	0	0.873848	-0.4862	0	None	None
ChainingRodShaped	11728	3.44869	0.5	-5.65364	7.80408	0	0.99917	0.0407463	0	None	None
ChainingRodShaped	11730	4.38284	0.5	106.882	1.88285	0	-0.126662	0.991946	0	None	None
ChainingRodShaped	19253	2.27406	0.5	-68.9142	47.2565	0	0.950237	-0.311529	0	None	None
ChainingRodShaped	11734	4.66576	0.5	-55.156	26.4762	0	-0.785473	-0.618896	0	None	None
ChainingRodShaped	18695	2.7997	0.5	32.7114	-23.1103	0	-0.210751	-0.97754	0	None	None
ChainingRodShaped	11738	3.607	0.5	43.7093	-55.2505	0	0.757112	0.653285	0	None	None
ChainingRodShaped	11740	4.01402	0.5	35.6057	-69.0463	0	0.732043	0.681258	0	None	None
ChainingRodShaped	11742	3.36933	0.5	58.7531	92.2495	0	0.30978	-0.950808	0	None	None
ChainingRodShaped	11744	3.74959	0.5	16.9616	71.9547	0	0.845731	-0.53361	0	None	None
ChainingRodShaped	11746	3.44861	0.5	23.6507	13.5798	0	-0.376121	0.92657	0	None	None
ChainingRodShaped	18967	2.24156	0.5	44.4975	-55.6969	0	0.76361	0.645677	0	None	None
ChainingRodShaped	11750	4.55635	0.5	-95.2715	15.8349	0	-0.231414	0.972855	0	None	None
ChainingRodShaped	11752	4.71204	0.5	-73.8953	29.9891	0	-0.951998	-0.306103	0	None	None
ChainingRodShaped	11754	3.46639	0.5	3.56539	17.6603	0	0.55073	0.834684	0	None	None
ChainingRodShaped	11756	3.98926	0.5	81.3866	4.7062	0	0.994498	0.104759	0	None	None
ChainingRodShaped	19127	2.55029	0.5	-13.4583	96.2181	0	0.988776	0.149409	0	None	None
ChainingRodShaped	11760	3.67199	0.5	56.5059	41.5571	0	-0.934182	-0.356796	0	None	None
ChainingRodShaped	11762	4.35204	0.5	59.4217	72.5347	0	-0.640028	-0.768352	0	None	None
ChainingRodShaped	11764	4.06158	0.5	-53.5627	74.2648	0	0.674552	0.738227	0	None	None
ChainingRodShaped	18451	2.53273	0.5	22.2827	103.64	0	0.322091	-0.946709	0	None	None
ChainingRodShaped	11768	3.85066	0.5	11.4227	-62.2129	0	-0.980772	0.195157	0	None	None
ChainingRodShaped	11770	3.75146	0.5	-31.5265	39.4315	0	-0.913075	-0.407791	0	None	None
ChainingRodShaped	11772	3.8266	0.5	48.6856	24.6637	0	-0.804074	-0.594529	0	None	None
ChainingRodShaped	11774	4.45995	0.5	84.8521	-24.4199	0	0.0389492	-0.999241	0	None	None
ChainingRodShaped	11776	4.74736	0.5	32.1242	42.5864	0	0.55137	-0.834261	0	None	None
ChainingRodShaped	19669	2.42196	0.5	60.3278	6.82736	0	0.899268	0.437398	0	None	None
ChainingRodShaped	18537	2.41979	0.5	18.6587	56.1535	0	0.770086	0.63794	0	None	None
ChainingRodShaped	11782	4.82588	0.5	-7.08961	123.465	0	-0.136327	-0.990664	0	None	None
ChainingRodShaped	11784	3.45458	0.5	-0.793939	-58.4206	0	0.508761	-0.860908	0	None	None
ChainingRodShaped	18497	2.37233	0.5	53.7143	74.8791	0	-0.712216	-0.70196	0	None	None
ChainingRodShaped	19005	2.59117	0.5	27.6698	32.4978	0	-0.0251034	0.999685	0	None	None
ChainingRodShaped	11790	4.60012	0.5	34.2403	45.0618	0	0.641018	-0.767526	0	None	None
ChainingRodShaped	20521	2.07259	0.5	88.6656	48.0511	0	-0.735855	-0.677139	0	None	None
ChainingRodShaped	11794	4.30432	0.5	-8.97968	-47.1332	0	-0.998495	-0.0548493	0	None	None
ChainingRodShaped	19319	2.58159	0.5	1.14578	21.6385	0	0.372301	-0.928112	0	None	None
ChainingRodShaped	11798	3.73072	0.5	-62.9251	-30.0223	0	0.731558	-0.681779	0	None	None
ChainingRodShaped	11800	3.8387	0.5	92.7429	9.19986	0	0.726914	0.686729	0	None	None
ChainingRodShaped	18513	2.47993	0.5	102.047	-1.15896	0	-0.703288	-0.710905	0	None	None
ChainingRodShaped	11804	4.94314	0.5	115.768	26.3477	0	0.403843	-0.914829	0	None	None
ChainingRodShaped	11806	4.10185	0.5	-48.1424	-47.7414	0	0.878988	0.476844	0	None	None
ChainingRodShaped	11808	4.48783	0.5	104.844	-12.8761	0	-0.463982	-0.885845	0	None	None
ChainingRodShaped	11810	4.07643	0.5	-28.9864	119.367	0	0.490711	-0.871322	0	None	None
ChainingRodShaped	11812	3.42652	0.5	-49.384	116.677	0	0.992072	0.125669	0	None	None
ChainingRodShaped	11814	4.89146	0.5	84.4455	70.6172	0	0.98144	0.191768	0	None	None
ChainingRodShaped	11816	4.59988	0.5	6.72065	89.8266	0	-0.694694	-0.719305	0	None	None
ChainingRodShaped	19917	2.15665	0.5	-46.6938	-21.5564	0	0.846037	0.533123	0	None	None
ChainingRodShaped	11820	3.46083	0.5	62.5306	46.2611	0	-0.971666	-0.236359	0	None	None
ChainingRodShaped	11822	4.8664	0.5	3.21401	18.0074	0	0.559004	0.829165	0	None	None
ChainingRodShaped	11824	3.92827	0.5	72.7372	-28.2336	0	0.473439	-0.880827	0	None	None
ChainingRodShaped	11826	4.93911	0.5	55.0641	17.555	0	-0.348	-0.937495	0	None	None
ChainingRodShaped	11828	4.93239	0.5	25.5041	-52.0123	0	-0.655233	-0.755427	0	None	None
ChainingRodShaped	19117	2.4787	0.5	52.9175	97.0414	0	0.128548	-0.991703	0	None	None
ChainingRodShaped	20485	2.0855	0.5	20.5829	133.655	0	0.994103	-0.108444	0	None	None
ChainingRodShaped	11834	4.94211	0.5	-29.994	48.148	0	0.953554	-0.301221	0	None	None
ChainingRodShaped	11836	3.92098	0.5	-40.4229	19.0913	0	-0.8672	-0.49796	0	None	None
ChainingRodShaped	11838	3.73032	0.5	-8.88811	56.7612	0	0.515068	-0.857149	0	None	None
ChainingRodShaped	11840	4.33487	0.5	20.3641	-46.9976	0	0.634412	0.772995	0	None	None
ChainingRodShaped	11842	4.00082	0.5	108.413	18.8754	0	0.0388985	0.999243	0	None	None
ChainingRodShaped	11844	3.30411	0.5	46.9641	2.57432	0	-0.605014	-0.796215	0	None	None
ChainingRodShaped	11846	3.87425	0.5	16.7297	-58.8537	0	0.461038	-0.88738	0	None	None
ChainingRodShaped	11848	4.47373	0.5	29.0264	59.6037	0	0.709686	0.704518	0	None	None
ChainingRodShaped	11850	4.09194	0.5	-44.6438	-57.2652	0	0.981967	-0.189053	0	None	None
ChainingRodShaped	11852	4.7005	0.5	75.234	-20.6826	0	-0.101001	0.994886	0	None	None
ChainingRodShaped	11854	3.47141	0.5	26.4502	112.305	0	0.224756	0.974415	0	None	None
ChainingRodShaped	19307	2.45513	0.5	-67.9723	40.113	0	0.991839	0.127493	0	None	None
ChainingRodShaped	11858	3.65942	0.5	74.6132	11.1767	0	-0.982443	0.18656	0	None	None
ChainingRodShaped	11860	4.71647	0.5	86.7799	21.9472	0	-0.29618	0.955132	0	None	None
ChainingRodShaped	11862	3.32765	0.5	85.1321	-35.7508	0	-0.803868	0.594807	0	None	None
ChainingRodShaped	19523	2.4106	0.5	-51.8951	11.8677	0	0.982005	-0.188857	0	None	None
ChainingRodShaped	19215	2.22599	0.5	44.0435	44.8033	0	0.900677	0.434489	0	None	None
ChainingRodShaped	19177	2.57667	0.5	-67.1435	-41.3945	0	0.741896	-0.670515	0	None	None
ChainingRodShaped	18853	2.27497	0.5	-9.16094	67.5318	0	-0.828395	0.560145	0	None	None
ChainingRodShaped	11872	4.91588	0.5	62.5445	-46.5102	0	0.631621	0.775278	0	None	None
ChainingRodShaped	11874	4.88775	0.5	-54.803	-53.9405	0	-0.296491	0.955036	0	None	None
ChainingRodShaped	20725	2.04207	0.5	33.3802	76.9793	0	0.983134	0.182888	0	None	None
ChainingRodShaped	11878	4.31409	0.5	-72.0053	84.4865	0	0.951692	0.307055	0	None	None
ChainingRodShaped	19895	2.13834	0.5	23.3573	-35.2095	0	-0.929602	-0.368566	0	None	None
ChainingRodShaped	11882	4.60447	0.5	35.0104	119.742	0	0.304251	-0.952592	0	None	None
ChainingRodShaped	11884	3.46961	0.5	84.6999	-31.1118	0	-0.559087	0.829109	0	None	None
ChainingRodShaped	11886	4.30917	0.5	1.20893	-42.4963	0	-0.631964	0.774998	0	None	None
ChainingRodShaped	20359	2.12578	0.5	71.5488	77.9864	0	0.0533401	0.998576	0	None	None
ChainingRodShaped	11890	3.67625	0.5	-97.3179	31.7627	0	0.290632	0.956835	0	None	None
ChainingRodShaped	11892	4.18488	0.5	93.8095	52.2297	0	-0.613153	-0.789964	0	None	None
ChainingRodShaped	11894	4.34264	0.5	-72.5899	72.1895	0	0.794393	-0.607404	0	None	None
ChainingRodShaped	20087	2.10488	0.5	1.60231	113.089	0	0.728476	0.685072	0	None	None
ChainingRodShaped	19823	2.3772	0.5	-0.154713	124.585	0	0.439086	0.898445	0	None	None
ChainingRodShaped	18671	2.42752	0.5	61.7565	0.192895	0	-0.971757	0.235984	0	None	None
ChainingRodShaped	18771	2.65241	0.5	-3.36169	52.9458	0	0.952108	-0.305762	0	None	None
ChainingRodShaped	11904	4.76002	0.5	-6.31256	34.3497	0	-0.966045	-0.258376	0	None	None
ChainingRodShaped	19611	2.36632	0.5	112.786	16.7628	0	0.0729147	-0.997338	0	None	None
ChainingRodShaped	19263	2.23694	0.5	38.4562	64.4813	0	-0.239312	-0.970943	0	None	None
ChainingRodShaped	11910	4.23375	0.5	-3.43452	72.1415	0	0.867633	-0.497205	0	None	None
ChainingRodShaped	11912	3.87048	0.5	-54.8228	34.4903	0	-0.850183	-0.526488	0	None	None
ChainingRodShaped	11914	3.75127	0.5	80.9551	35.4714	0	-0.96834	-0.249635	0	None	None
ChainingRodShaped	11916	4.50021	0.5	1.71476	-55.0298	0	-0.708807	0.705403	0	None	None
ChainingRodShaped	11918	4.37667	0.5	10.8108	113.968	0	-0.0762597	-0.997088	0	None	None
ChainingRodShaped	18751	2.70955	0.5	-31.981	80.277	0	-0.135042	-0.99084	0	None	None
ChainingRodShaped	11922	3.86599	0.5	-9.57672	125.394	0	-0.108714	-0.994073	0	None	None
ChainingRodShaped	19295	2.56451	0.5	86.2795	-8.67058	0	-0.398881	-0.917002	0	None	None
ChainingRodShaped	20331	2.08411	0.5	72.6716	-19.6259	0	0.0936008	-0.99561	0	None	None
ChainingRodShaped	18845	2.52245	0.5	-19.303	37.4103	0	0.952766	-0.303705	0	None	None
ChainingRodShaped	11930	4.41252	0.5	4.89918	55.7388	0	0.762482	0.64701	0	None	None
ChainingRodShaped	11932	4.84233	0.5	-73.2613	-20.3625	0	0.747694	-0.664043	0	None	None
ChainingRodShaped	11934	4.357	0.5	-61.442	-46.581	0	0.730134	0.683305	0	None	None
ChainingRodShaped	11936	4.34883	0.5	88.3581	-2.95932	0	-0.539237	-0.842154	0	None	None
ChainingRodShaped	11938	3.60065	0.5	60.4279	44.2799	0	-0.95988	-0.280412	0	None	None
ChainingRodShaped	11940	4.9273	0.5	21.143	-21.5701	0	-0.999993	0.00385217	0	None	None
ChainingRodShaped	11942	3.51458	0.5	92.7641	67.9334	0	0.259447	-0.965757	0	None	None
ChainingRodShaped	11944	4.25095	0.5	-53.2013	-14.3432	0	-0.648809	-0.760951	0	None	None
ChainingRodShaped	11946	4.28984	0.5	72.0518	5.2981	0	0.997433	0.0715994	0	None	None
ChainingRodShaped	11948	3.52593	0.5	-18.2417	-51.549	0	-0.146738	-0.989175	0	None	None
ChainingRodShaped	11950	4.22613	0.5	-11.1735	85.0851	0	0.529089	-0.848566	0	None	None
ChainingRodShaped	11952	4.07155	0.5	23.3791	122.196	0	0.296272	-0.955104	0	None	None
ChainingRodShaped	11954	4.70336	0.5	6.67905	-14.4521	0	-0.451889	0.892074	0	None	None
ChainingRodShaped	11956	4.56655	0.5	12.5777	59.2795	0	0.793035	0.609176	0	None	None
ChainingRodShaped	19407	2.33548	0.5	-89.5274	55.2282	0	0.961839	0.273616	0	None	None
ChainingRodShaped	11960	4.3174	0.5	84.7606	58.3346	0	-0.875735	-0.482792	0	None	None
ChainingRodShaped	11962	4.78636	0.5	-13.3026	122.491	0	-0.809215	-0.587512	0	None	None
ChainingRodShaped	19003	2.61686	0.5	-45.5696	18.3851	0	-0.304965	0.952363	0	None	None
ChainingRodShaped	19983	2.19095	0.5	99.9251	21.2324	0	0.866347	-0.499442	0	None	None
ChainingRodShaped	19903	2.19392	0.5	64.1926	44.2699	0	-0.966752	-0.255715	0	None	None
ChainingRodShaped	11970	4.2913	0.5	-35.1897	46.2124	0	0.429923	-0.902865	0	None	None
ChainingRodShaped	11972	3.3228	0.5	41.6259	128.213	0	0.960815	0.277189	0	None	None
ChainingRodShaped	11974	4.46443	0.5	-29.7521	101.954	0	-0.198038	0.980194	0	None	None
ChainingRodShaped	11976	4.72569	0.5	-54.7583	-45.4694	0	0.887529	0.460753	0	None	None
ChainingRodShaped	19113	2.39251	0.5	13.4972	-45.3321	0	0.247754	-0.968823	0	None	None
ChainingRodShaped	11980	4.68431	0.5	64.9955	120.41	0	0.949847	-0.312715	0	None	None
ChainingRodShaped	19637	2.34834	0.5	21.9243	-32.1118	0	-0.910647	-0.413186	0	None	None
ChainingRodShaped	18907	2.58472	0.5	63.0968	-51.314	0	-0.160793	-0.986988	0	None	None
ChainingRodShaped	11986	3.80272	0.5	14.0092	7.58818	0	-0.438436	-0.898763	0	None	None
ChainingRodShaped	11988	4.48797	0.5	-43.0558	12.4655	0	0.980475	0.196642	0	None	None
ChainingRodShaped	11990	3.58514	0.5	13.2217	130.898	0	0.794792	0.606882	0	None	None
ChainingRodShaped	11992	4.38147	0.5	84.8784	-12.8495	0	-0.225208	-0.974311	0	None	None
ChainingRodShaped	11994	4.97949	0.5	26.0179	-19.9126	0	0.469798	-0.882774	0	None	None
ChainingRodShaped	11996	3.84826	0.5	-5.07108	76.7986	0	0.547221	-0.836988	0	None	None
ChainingRodShaped	11998	4.49626	0.5	26.4903	14.226	0	-0.222746	0.974877	0	None	None
ChainingRodShaped	12000	3.37244	0.5	20.72	-27.6743	0	-0.559878	0.828575	0	None	None
ChainingRodShaped	12002	3.94645	0.5	16.0955	96.8782	0	0.59444	0.80414	0	None	None
ChainingRodShaped	12004	3.38017	0.5	-16.6406	27.1994	0	0.875026	-0.484076	0	None	None
ChainingRodShaped	19607	2.35385	0.5	11.6557	18.3261	0	-0.884664	0.466229	0	None	None
ChainingRodShaped	12008	4.87817	0.5	-57.5442	20.1112	0	0.830986	0.556294	0	None	None
ChainingRodShaped	19987	2.22468	0.5	64.8708	-27.8604	0	0.287515	-0.957776	0	None	None
ChainingRodShaped	12012	4.04377	0.5	41.383	-17.2256	0	-0.516394	-0.856351	0	None	None
ChainingRodShaped	12014	3.82052	0.5	41.8728	62.4183	0	-0.24781	-0.968809	0	None	None
ChainingRodShaped	12016	4.19549	0.5	42.4054	-32.9033	0	-0.960611	-0.277898	0	None	None
ChainingRodShaped	20623	2.07853	0.5	7.46893	2.13773	0	-0.45278	-0.891622	0	None	None
ChainingRodShaped	12020	3.86984	0.5	-74.5015	-9.25455	0	-0.496558	0.868003	0	None	None
ChainingRodShaped	12022	3.4783	0.5	-4.30902	48.6884	0	0.817696	-0.57565	0	None	None
ChainingRodShaped	12024	4.66413	0.5	46.3848	34.691	0	0.999613	-0.0278201	0	None	None
ChainingRodShaped	19789	2.2771	0.5	18.9052	19.4797	0	0.904731	-0.425983	0	None	None
ChainingRodShaped	12028	3.33418	0.5	40.9126	68.1033	0	-0.258527	-0.966004	0	None	None
ChainingRodShaped	12030	4.95863	0.5	-87.3367	60.1882	0	0.892149	-0.451742	0	None	None
ChainingRodShaped	19187	2.63292	0.5	-35.1719	110.527	0	-0.999824	0.0187489	0	None	None
ChainingRodShaped	20881	2.01602	0.5	61.7162	1.00544	0	-0.971504	0.237023	0	None	None
ChainingRodShaped	19959	2.12446	0.5	19.8232	70.684	0	-0.849855	-0.527017	0	None	None
ChainingRodShaped	12038	3.74434	0.5	-3.96035	24.2209	0	0.506468	-0.862259	0	None	None
ChainingRodShaped	12040	4.93927	0.5	78.5477	-53.8017	0	-0.989029	0.147722	0	None	None
ChainingRodShaped	12042	4.76965	0.5	46.3704	-46.2775	0	0.996897	-0.0787134	0	None	None
ChainingRodShaped	19601	2.37562	0.5	83.0105	-50.779	0	-0.94397	-0.330031	0	None	None
ChainingRodShaped	12046	3.5828	0.5	51.2181	100.254	0	-0.0228061	-0.99974	0	None	None
ChainingRodShaped	12048	4.4919	0.5	-24.2738	-22.4906	0	0.261261	-0.965268	0	None	None
ChainingRodShaped	12050	3.80332	0.5	16.1953	121.206	0	-0.725747	-0.687962	0	None	None
ChainingRodShaped	12052	4.39697	0.5	4.06449	-25.5218	0	-0.989529	0.144334	0	None	None
ChainingRodShaped	19373	2.26205	0.5	27.9952	-2.31588	0	-0.964376	-0.264537	0	None	None
ChainingRodShaped	12056	4.39355	0.5	46.1628	9.54059	0	-0.614053	-0.789265	0	None	None
ChainingRodShaped	12058	4.70993	0.5	-29.9957	43.3515	0	-0.81836	-0.574706	0	None	None
ChainingRodShaped	12060	4.68802	0.5	74.8621	40.2631	0	-0.999917	0.0129077	0	None	None
ChainingRodShaped	12062	3.9399	0.5	-10.6707	-32.8567	0	0.371979	-0.928241	0	None	None
ChainingRodShaped	20469	2.14603	0.5	49.3794	-12.1957	0	0.967794	-0.251744	0	None	None
ChainingRodShaped	12066	4.66278	0.5	-55.1431	1.37299	0	0.193587	-0.981083	0	None	None
ChainingRodShaped	12068	4.00488	0.5	19.6748	131.821	0	0.993704	-0.112034	0	None	None
ChainingRodShaped	12070	4.28046	0.5	5.93978	27.5994	0	0.995168	0.0981828	0	None	None
ChainingRodShaped	12072	4.93271	0.5	54.1293	111.41	0	0.988842	0.148966	0	None	None
ChainingRodShaped	12074	3.43595	0.5	-49.5481	21.2508	0	-0.285995	0.958231	0	None	None
ChainingRodShaped	12076	3.46551	0.5	-31.8149	70.3803	0	-0.383167	-0.923679	0	None	None
ChainingRodShaped	12078	4.7742	0.5	77.9893	90.0893	0	0.478507	-0.878084	0	None	None
ChainingRodShaped	12080	3.25494	0.5	29.4685	28.8904	0	0.0354057	-0.999373	0	None	None
ChainingRodShaped	20883	2.01293	0.5	56.6053	-6.56583	0	0.305186	-0.952293	0	None	None
ChainingRodShaped	12084	3.82605	0.5	-39.9272	33.6125	0	0.943726	0.33073	0	None	None
ChainingRodShaped	20589	2.09527	0.5	-73.7012	6.80797	0	0.851049	-0.525087	0	None	None
ChainingRodShaped	12088	4.86349	0.5	-49.2563	-43.7039	0	0.610291	0.792177	0	None	None
ChainingRodShaped	12090	4.04731	0.5	-28.2856	56.524	0	0.957719	0.287704	0	None	None
ChainingRodShaped	12092	3.80848	0.5	-24.6772	66.2501	0	0.920717	0.390232	0	None	None
ChainingRodShaped	20783	2.02539	0.5	57.5426	93.1295	0	0.309758	-0.950816	0	None	None
ChainingRodShaped	12096	4.39434	0.5	88.9989	-23.0891	0	0.266188	0.963921	0	None	None
ChainingRodShaped	12098	3.53368	0.5	-83.4125	73.2902	0	-0.627028	0.778997	0	None	None
ChainingRodShaped	12100	3.68137	0.5	-9.72979	-45.682	0	-0.997271	-0.0738254	0	None	None
ChainingRodShaped	12102	3.32175	0.5	61.7371	41.0436	0	-0.944711	-0.327903	0	None	None
ChainingRodShaped	12104	3.81052	0.5	-34.6086	55.9155	0	0.96163	-0.274351	0	None	None
ChainingRodShaped	12106	4.46239	0.5	-61.0297	93.7878	0	-0.160892	-0.986972	0	None	None
ChainingRodShaped	12108	4.28927	0.5	79.5701	60.3972	0	0.87373	0.48641	0	None	None
ChainingRodShaped	12110	4.50965	0.5	-60.3988	81.9806	0	0.700573	0.713581	0	None	None
ChainingRodShaped	12112	4.07005	0.5	-75.5602	25.0043	0	0.666022	-0.745932	0	None	None
ChainingRodShaped	12114	3.76208	0.5	14.6051	-28.1452	0	0.996672	-0.0815134	0	None	None
ChainingRodShaped	12116	4.25049	0.5	-8.70307	125.228	0	-0.11862	-0.99294	0	None	None
ChainingRodShaped	12118	3.84318	0.5	-53.353	-46.8255	0	0.894166	0.447735	0	None	None
ChainingRodShaped	12120	3.4987	0.5	1.224	29.0578	0	-0.975355	-0.220641	0	None	None
ChainingRodShaped	19057	2.4382	0.5	-46.4943	-60.6296	0	-0.638033	0.770009	0	None	None
ChainingRodShaped	12124	4.42366	0.5	-40.2144	76.6345	0	-0.931485	-0.363781	0	None	None
ChainingRodShaped	20021	2.30741	0.5	100.025	59.4908	0	-0.897519	-0.440976	0	None	None
ChainingRodShaped	19247	2.61366	0.5	35.8185	53.459	0	-0.461783	-0.886993	0	None	None
ChainingRodShaped	12130	3.84519	0.5	-52.5026	-47.4458	0	0.898598	0.438773	0	None	None
ChainingRodShaped	12132	3.84028	0.5	73.2649	9.78482	0	-0.981236	0.192812	0	None	None
ChainingRodShaped	12134	4.39333	0.5	-26.1008	12.0922	0	-0.829522	-0.558474	0	None	None
ChainingRodShaped	12136	3.44082	0.5	40.2736	113.758	0	0.643794	0.765199	0	None	None
ChainingRodShaped	12138	4.63941	0.5	0.680929	133.71	0	0.840012	-0.542567	0	None	None
ChainingRodShaped	12140	4.68647	0.5	18.2284	130.126	0	0.992945	-0.118573	0	None	None
ChainingRodShaped	12142	4.7571	0.5	89.8464	34.8351	0	0.999724	0.023477	0	None	None
ChainingRodShaped	19519	2.22144	0.5	-66.231	-10.0626	0	0.422781	-0.906232	0	None	None
ChainingRodShaped	12146	3.47539	0.5	-30.9622	36.8214	0	0.932248	0.361821	0	None	None
ChainingRodShaped	12148	3.98432	0.5	-39.423	8.318	0	0.818381	0.574675	0	None	None
ChainingRodShaped	12150	4.1519	0.5	-22.7919	-62.6103	0	-0.572116	0.820172	0	None	None
ChainingRodShaped	12152	3.43689	0.5	89.6678	12.3334	0	0.89641	0.443225	0	None	None
ChainingRodShaped	12154	3.46963	0.5	96.5118	-9.11015	0	0.821636	0.570013	0	None	None
ChainingRodShaped	12156	4.4609	0.5	7.44217	3.5016	0	-0.461573	-0.887102	0	None	None
ChainingRodShaped	12158	4.85358	0.5	-48.5346	-25.6624	0	0.848912	0.528534	0	None	None
ChainingRodShaped	12160	3.74101	0.5	-44.7674	63.3838	0	-0.694062	0.719915	0	None	None
ChainingRodShaped	19845	2.34087	0.5	-59.651	-30.0573	0	-0.796192	0.605044	0	None	None
ChainingRodShaped	12164	3.83602	0.5	-66.739	21.5447	0	-0.643347	0.765575	0	None	None
ChainingRodShaped	20047	2.16236	0.5	58.3877	120.624	0	0.915391	0.402566	0	None	None
ChainingRodShaped	12168	4.40595	0.5	-0.453021	-20.3712	0	-0.249432	0.968392	0	None	None
ChainingRodShaped	19053	2.30194	0.5	106.539	33.9626	0	0.980828	0.194876	0	None	None
ChainingRodShaped	12172	4.8664	0.5	-7.36143	52.2243	0	0.974588	-0.224007	0	None	None
ChainingRodShaped	12174	4.46625	0.5	90.3708	-23.9834	0	0.584109	0.811675	0	None	None
ChainingRodShaped	12176	4.01065	0.5	97.7674	69.2103	0	0.276433	-0.961033	0	None	None
ChainingRodShaped	12178	4.26944	0.5	68.2704	16.117	0	-0.988697	0.149926	0	None	None
ChainingRodShaped	12180	3.47373	0.5	47.4373	-15.7866	0	-0.528367	-0.849016	0	None	None
ChainingRodShaped	19343	2.42341	0.5	-9.96579	92.0501	0	-0.806263	-0.591557	0	None	None
ChainingRodShaped	12184	4.04624	0.5	9.25669	4.06657	0	-0.443616	-0.896217	0	None	None
ChainingRodShaped	12186	4.26041	0.5	8.10396	36.1137	0	0.976263	-0.216587	0	None	None
ChainingRodShaped	12188	4.77445	0.5	-15.2493	84.1833	0	0.478647	-0.878008	0	None	None
ChainingRodShaped	12190	4.7517	0.5	8.87784	-72.7487	0	0.979499	-0.201447	0	None	None
ChainingRodShaped	12192	4.52685	0.5	-65.9513	-3.74056	0	0.615872	0.787846	0	None	None
ChainingRodShaped	12194	4.73465	0.5	-71.326	83.7478	0	0.953976	0.299884	0	None	None
ChainingRodShaped	19511	2.43351	0.5	0.974087	38.5479	0	0.767929	-0.640535	0	None	None
ChainingRodShaped	19963	2.30843	0.5	-10.4452	66.5651	0	-0.825423	0.564514	0	None	None
ChainingRodShaped	20859	2.0219	0.5	59.9584	109.45	0	-0.244599	-0.969624	0	None	None
ChainingRodShaped	12202	3.7272	0.5	-50.6004	2.11426	0	-0.155655	0.987811	0	None	None
ChainingRodShaped	12204	4.71495	0.5	28.047	-20.3084	0	0.474692	-0.880152	0	None	None
ChainingRodShaped	12206	4.24487	0.5	38.3437	16.2294	0	-0.960267	-0.279084	0	None	None
ChainingRodShaped	12208	3.62926	0.5	41.2917	-11.6689	0	0.883908	-0.467661	0	None	None
ChainingRodShaped	12210	3.72621	0.5	-10.0386	113.822	0	-0.34899	-0.937126	0	None	None
ChainingRodShaped	12212	3.54945	0.5	-77.9962	40.8533	0	0.997347	0.0727992	0	None	None
ChainingRodShaped	12214	3.41631	0.5	-17.6811	-15.2703	0	-0.751719	-0.659484	0	None	None
ChainingRodShaped	20603	2.1092	0.5	-7.09147	-30.5769	0	-0.537445	0.843299	0	None	None
ChainingRodShaped	19371	2.41214	0.5	78.7634	37.5482	0	-0.994326	0.106376	0	None	None
ChainingRodShaped	12220	4.3857	0.5	101.995	2.33051	0	-0.805934	-0.592005	0	None	None
ChainingRodShaped	12222	4.57297	0.5	11.6789	-33.6057	0	0.661388	-0.750044	0	None	None
ChainingRodShaped	12224	4.07764	0.5	68.0026	22.3453	0	0.833482	-0.552547	0	None	None
ChainingRodShaped	12226	4.42251	0.5	-36.0368	46.5805	0	0.438775	-0.898597	0	None	None
ChainingRodShaped	12228	3.57954	0.5	-38.6172	78.9325	0	-0.923994	-0.382408	0	None	None
ChainingRodShaped	12230	4.81991	0.5	-0.0227736	112.602	0	0.721403	0.692515	0	None	None
ChainingRodShaped	20033	2.21156	0.5	82.2359	86.4605	0	0.577851	-0.816142	0	None	None
ChainingRodShaped	12234	4.65476	0.5	1.11404	-68.8474	0	0.654468	-0.75609	0	None	None
ChainingRodShaped	12236	3.90493	0.5	-23.6486	-17.9182	0	0.644688	0.764446	0	None	None
ChainingRodShaped	12238	4.74888	0.5	-69.5068	-36.5527	0	-0.725179	0.688561	0	None	None
ChainingRodShaped	12240	3.47642	0.5	14.7667	-47.1147	0	0.267712	-0.963499	0	None	None
ChainingRodShaped	12242	4.46756	0.5	-13.5271	2.61416	0	0.946237	-0.323474	0	None	None
ChainingRodShaped	12244	4.49671	0.5	46.3209	-47.1401	0	0.997585	-0.0694625	0	None	None
ChainingRodShaped	12246	3.44538	0.5	30.4072	55.1713	0	-0.797353	-0.603514	0	None	None
ChainingRodShaped	12248	4.06982	0.5	-63.0354	17.745	0	0.993579	-0.113138	0	None	None
ChainingRodShaped	12250	4.96322	0.5	86.0307	90.7313	0	-0.318969	-0.947765	0	None	None
ChainingRodShaped	12252	4.70572	0.5	-23.15	35.1264	0	0.827932	-0.560828	0	None	None
ChainingRodShaped	12254	4.86293	0.5	8.55306	-6.12524	0	0.451126	-0.89246	0	None	None
ChainingRodShaped	19813	2.36842	0.5	76.2413	-22.3982	0	0.130409	-0.99146	0	None	None
ChainingRodShaped	20129	2.24697	0.5	77.9376	101.302	0	0.824452	-0.565932	0	None	None
ChainingRodShaped	20743	2.05308	0.5	41.6096	37.1819	0	-0.866207	-0.499685	0	None	None
ChainingRodShaped	12262	3.39267	0.5	-38.4859	-30.2615	0	-0.0880691	0.996114	0	None	None
ChainingRodShaped	12264	4.00837	0.5	19.0082	9.44636	0	0.199337	-0.979931	0	None	None
ChainingRodShaped	12266	4.38551	0.5	13.4824	-21.2484	0	-0.990253	-0.139283	0	None	None
ChainingRodShaped	12268	3.52901	0.5	108.645	31.6062	0	-0.979217	-0.202817	0	None	None
ChainingRodShaped	12270	3.97326	0.5	56.1473	33.0443	0	0.966595	-0.25631	0	None	None
ChainingRodShaped	12272	3.28795	0.5	63.5415	39.2533	0	0.777948	-0.628328	0	None	None
ChainingRodShaped	12274	4.31921	0.5	68.3397	9.19859	0	0.819052	-0.57372	0	None	None
ChainingRodShaped	12276	3.3428	0.5	88.0604	37.148	0	0.998871	0.0474954	0	None	None
ChainingRodShaped	12278	4.94927	0.5	-34.7032	29.9208	0	0.93974	0.341891	0	None	None
ChainingRodShaped	12280	4.47967	0.5	-85.0191	9.03299	0	-0.830121	0.557583	0	None	None
ChainingRodShaped	12282	4.38564	0.5	-37.6986	97.0593	0	0.982983	-0.183695	0	None	None
ChainingRodShaped	12284	4.18129	0.5	64.3773	33.2382	0	0.853311	-0.521402	0	None	None
ChainingRodShaped	20423	2.17188	0.5	-32.334	-43.5902	0	0.855747	0.517395	0	None	None
ChainingRodShaped	12288	3.97644	0.5	67.5263	109.591	0	-0.878604	-0.477551	0	None	None
ChainingRodShaped	19399	2.25252	0.5	-60.1492	75.4993	0	0.381798	0.924246	0	None	None
ChainingRodShaped	12292	3.24591	0.5	69.1063	-50.2111	0	-0.222571	-0.974916	0	None	None
ChainingRodShaped	12294	3.57952	0.5	30.38	125.811	0	0.609203	0.793014	0	None	None
ChainingRodShaped	12296	4.96559	0.5	-53.0169	2.74335	0	-0.1731	0.984904	0	None	None
ChainingRodShaped	12298	4.31011	0.5	55.6436	-31.3458	0	-0.499066	0.866564	0	None	None
ChainingRodShaped	12300	3.593	0.5	86.8063	-21.285	0	-0.170632	-0.985335	0	None	None
ChainingRodShaped	12302	4.46035	0.5	52.0973	70.0295	0	-0.214191	-0.976792	0	None	None
ChainingRodShaped	20231	2.12668	0.5	61.5416	48.7185	0	0.98009	0.198555	0	None	None
ChainingRodShaped	12306	4.00114	0.5	-31.0753	14.5975	0	0.603368	0.797463	0	None	None
ChainingRodShaped	12308	4.94942	0.5	4.42671	110.241	0	0.447612	0.894228	0	None	None
ChainingRodShaped	12310	4.21319	0.5	17.3259	110.794	0	-0.0334674	-0.99944	0	None	None
ChainingRodShaped	19827	2.26038	0.5	0.878098	-45.7219	0	-0.56434	0.825542	0	None	None
ChainingRodShaped	12314	4.11506	0.5	-17.6824	108.945	0	-0.00260565	-0.999997	0	None	None
ChainingRodShaped	12316	4.98998	0.5	24.7906	79.3963	0	0.99612	0.088009	0	None	None
ChainingRodShaped	12318	4.08433	0.5	-38.8104	-22.6401	0	0.446821	-0.894623	0	None	None
ChainingRodShaped	12320	3.52431	0.5	55.6934	-45.753	0	0.625048	0.780586	0	None	None
ChainingRodShaped	12322	4.8065	0.5	9.31617	40.0232	0	-0.992322	0.123685	0	None	None
ChainingRodShaped	12324	4.35719	0.5	-88.8421	12.6741	0	-0.600908	0.799318	0	None	None
ChainingRodShaped	20171	2.2706	0.5	19.408	117.073	0	0.315039	-0.949079	0	None	None
ChainingRodShaped	20693	2.06157	0.5	28.8113	16.6191	0	-0.210749	0.97754	0	None	None
ChainingRodShaped	19765	2.36832	0.5	32.0494	-8.62333	0	0.953923	-0.30005	0	None	None
ChainingRodShaped	12332	3.28498	0.5	89.7256	11.5385	0	0.891979	0.452078	0	None	None
ChainingRodShaped	19829	2.32897	0.5	-47.1968	119.886	0	-0.467228	-0.884137	0	None	None
ChainingRodShaped	12336	4.44134	0.5	32.5789	90.8067	0	0.99603	0.0890162	0	None	None
ChainingRodShaped	12338	3.43366	0.5	35.6036	-18.7502	0	-0.424725	-0.905323	0	None	None
ChainingRodShaped	12340	4.78285	0.5	61.6217	41.7183	0	-0.947941	-0.318446	0	None	None
ChainingRodShaped	12342	3.68782	0.5	22.2096	80.503	0	0.996582	0.0826035	0	None	None
ChainingRodShaped	12344	4.23483	0.5	-55.3932	66.4684	0	-0.521697	-0.853131	0	None	None
ChainingRodShaped	12346	4.9219	0.5	87.6427	50.4533	0	-0.736883	-0.67602	0	None	None
ChainingRodShaped	12348	4.15787	0.5	15.3078	88.7913	0	0.940391	0.340095	0	None	None
ChainingRodShaped	12350	3.52234	0.5	-33.3211	-36.4764	0	0.231635	0.972803	0	None	None
ChainingRodShaped	12352	4.32536	0.5	56.3037	-46.334	0	0.617791	0.786342	0	None	None
ChainingRodShaped	20335	2.11967	0.5	4.09654	-65.6573	0	0.887417	-0.460968	0	None	None
ChainingRodShaped	12356	4.88328	0.5	17.6982	-1.68334	0	0.977069	-0.212925	0	None	None
ChainingRodShaped	12358	3.33337	0.5	29.3972	-32.5192	0	-0.962865	-0.269982	0	None	None
ChainingRodShaped	20055	2.12278	0.5	92.7173	49.5286	0	-0.698555	-0.715556	0	None	None
ChainingRodShaped	12362	3.36527	0.5	-57.4659	-14.1155	0	0.630769	0.77597	0	None	None
ChainingRodShaped	12364	3.7959	0.5	59.9624	71.9679	0	-0.632235	-0.774776	0	None	None
ChainingRodShaped	12366	4.46638	0.5	-52.4289	81.5407	0	0.728509	0.685036	0	None	None
ChainingRodShaped	12368	4.25783	0.5	84.5327	76.7905	0	0.993475	-0.114048	0	None	None
ChainingRodShaped	19759	2.14693	0.5	103.48	-9.30978	0	0.998879	0.0473436	0	None	None
ChainingRodShaped	12372	4.63321	0.5	-43.146	13.8216	0	0.979228	0.202762	0	None	None
ChainingRodShaped	12374	4.00503	0.5	-86.643	39.3708	0	0.552456	0.833542	0	None	None
ChainingRodShaped	19357	2.5626	0.5	19.8031	-76.7421	0	0.85914	0.511741	0	None	None
ChainingRodShaped	20949	2.0018	0.5	78.9411	-17.5722	0	-0.157937	0.987449	0	None	None
ChainingRodShaped	12380	4.47066	0.5	3.20243	71.0248	0	0.892486	-0.451075	0	None	None
ChainingRodShaped	12382	3.93281	0.5	-81.8796	56.3907	0	0.895357	-0.445349	0	None	None
ChainingRodShaped	20645	2.06383	0.5	6.83291	47.4902	0	-0.741754	-0.670672	0	None	None
ChainingRodShaped	20107	2.1777	0.5	46.6591	49.1496	0	0.906554	0.422089	0	None	None
ChainingRodShaped	12388	3.31611	0.5	41.7131	15.0104	0	0.740908	0.671607	0	None	None
ChainingRodShaped	12390	3.50275	0.5	-34.3669	126.401	0	0.952545	-0.304398	0	None	None
ChainingRodShaped	12392	3.98872	0.5	95.9609	47.9586	0	-0.748094	-0.663593	0	None	None
ChainingRodShaped	12394	3.87792	0.5	59.4223	65.5798	0	0.504442	-0.863446	0	None	None
ChainingRodShaped	12396	3.44379	0.5	22.0154	81.6891	0	0.998031	0.0627268	0	None	None
ChainingRodShaped	19571	2.46946	0.5	-21.159	111.208	0	0.0306912	-0.999529	0	None	None
ChainingRodShaped	12400	4.9815	0.5	4.17102	-26.743	0	-0.992192	0.124721	0	None	None
ChainingRodShaped	12402	4.55496	0.5	12.9002	58.8937	0	0.799095	0.601204	0	None	None
ChainingRodShaped	12404	3.50502	0.5	-60.5688	6.34912	0	0.121814	-0.992553	0	None	None
ChainingRodShaped	12406	3.55521	0.5	-38.4563	-36.2814	0	-0.19723	-0.980357	0	None	None
ChainingRodShaped	12408	4.77259	0.5	93.9822	1.86561	0	-0.412462	-0.910975	0	None	None
ChainingRodShaped	12410	3.4723	0.5	-16.6329	-10.3722	0	0.786184	0.617993	0	None	None
ChainingRodShaped	19565	2.45375	0.5	-42.9306	-58.8064	0	-0.946378	-0.323062	0	None	None
ChainingRodShaped	12414	3.96398	0.5	-72.8608	-33.7331	0	0.589297	0.807917	0	None	None
ChainingRodShaped	12416	4.75684	0.5	70.4424	17.286	0	-0.988665	0.150138	0	None	None
ChainingRodShaped	12418	4.27744	0.5	6.39887	-38.4871	0	0.644612	-0.76451	0	None	None
ChainingRodShaped	19683	2.20051	0.5	88.8964	58.8758	0	-0.423645	-0.905828	0	None	None
ChainingRodShaped	12422	4.57522	0.5	-31.7871	37.1838	0	0.92867	0.370907	0	None	None
ChainingRodShaped	12424	4.60534	0.5	50.748	12.7836	0	-0.682855	-0.730554	0	None	None
ChainingRodShaped	12426	3.95146	0.5	50.809	40.5609	0	-0.914654	-0.404239	0	None	None
ChainingRodShaped	12428	3.94923	0.5	-23.4674	80.3596	0	-0.825188	0.564859	0	None	None
ChainingRodShaped	19445	2.21226	0.5	40.1906	84.5137	0	0.896331	0.443386	0	None	None
ChainingRodShaped	12432	4.82233	0.5	-28.3853	57.0766	0	0.954746	0.297423	0	None	None
ChainingRodShaped	12434	3.51416	0.5	68.7231	2.93757	0	0.828967	-0.559297	0	None	None
ChainingRodShaped	12436	4.25928	0.5	-4.97776	-14.6042	0	0.446199	-0.894934	0	None	None
ChainingRodShaped	12438	3.23815	0.5	-1.3738	48.8543	0	0.834395	-0.551167	0	None	None
ChainingRodShaped	12440	3.66768	0.5	62.8989	38.9123	0	0.782154	-0.623085	0	None	None
ChainingRodShaped	12442	4.74459	0.5	-85.2835	39.8251	0	0.544187	0.838964	0	None	None
ChainingRodShaped	12444	3.72348	0.5	38.7663	98.9996	0	0.290929	0.956745	0	None	None
ChainingRodShaped	12446	3.97517	0.5	84.4034	75.9705	0	0.994174	-0.107785	0	None	None
ChainingRodShaped	12448	3.83612	0.5	-42.0716	-26.4548	0	-0.876048	-0.482225	0	None	None
ChainingRodShaped	20221	2.16196	0.5	-38.2821	21.0855	0	-0.457522	0.889198	0	None	None
ChainingRodShaped	20115	2.14904	0.5	32.321	81.0408	0	0.990387	0.138326	0	None	None
ChainingRodShaped	12454	4.24818	0.5	29.2904	8.98472	0	-0.552111	0.833771	0	None	None
ChainingRodShaped	12456	4.14494	0.5	-26.2772	-39.709	0	0.981045	0.193781	0	None	None
ChainingRodShaped	12458	4.75651	0.5	-28.0208	35.2875	0	0.894479	0.447111	0	None	None
ChainingRodShaped	12460	3.51081	0.5	82.0681	31.1118	0	0.719995	0.69398	0	None	None
ChainingRodShaped	12462	4.70198	0.5	77.1062	84.7737	0	0.559229	-0.829014	0	None	None
ChainingRodShaped	12464	4.30248	0.5	-80.4408	54.7014	0	0.899763	-0.43638	0	None	None
ChainingRodShaped	19463	2.28318	0.5	-93.6174	46.8114	0	0.930534	-0.366207	0	None	None
ChainingRodShaped	12468	4.02232	0.5	-46.8139	41.3463	0	0.8325	0.554024	0	None	None
ChainingRodShaped	20769	2.03335	0.5	45.2457	100.672	0	0.960091	0.279686	0	None	None
ChainingRodShaped	12472	3.50509	0.5	-30.7738	-11.2723	0	0.0717418	0.997423	0	None	None
ChainingRodShaped	20057	2.31463	0.5	-36.6211	87.2125	0	0.673108	-0.739544	0	None	None
ChainingRodShaped	12476	4.72113	0.5	53.5323	69.657	0	-0.203315	-0.979113	0	None	None
ChainingRodShaped	12478	4.59877	0.5	-42.1584	95.2555	0	0.986405	-0.164333	0	None	None
ChainingRodShaped	12480	4.44965	0.5	69.3562	68.4234	0	0.586763	0.809758	0	None	None
ChainingRodShaped	12482	4.19423	0.5	98.6754	54.1124	0	-0.872981	-0.487754	0	None	None
ChainingRodShaped	12484	3.77709	0.5	86.023	-43.41	0	0.393722	-0.91923	0	None	None
ChainingRodShaped	19621	2.35386	0.5	-22.436	99.1762	0	0.277677	-0.960675	0	None	None
ChainingRodShaped	12488	4.50715	0.5	30.6325	30.685	0	0.0354218	-0.999372	0	None	None
ChainingRodShaped	20369	2.18685	0.5	48.3691	115.252	0	0.919732	0.392547	0	None	None
ChainingRodShaped	12492	4.2863	0.5	7.92887	-13.736	0	-0.46943	0.882969	0	None	None
ChainingRodShaped	12494	4.97117	0.5	-29.0639	60.0827	0	0.93859	0.345034	0	None	None
ChainingRodShaped	19861	2.38373	0.5	54.1195	68.716	0	-0.212932	-0.977067	0	None	None
ChainingRodShaped	19915	2.2024	0.5	-55.6612	-13.3163	0	0.63056	0.77614	0	None	None
ChainingRodShaped	12500	3.34057	0.5	-45.7899	70.0706	0	0.643076	0.765803	0	None	None
ChainingRodShaped	12502	4.42368	0.5	-29.3643	58.0863	0	0.948558	0.316604	0	None	None
ChainingRodShaped	12504	4.39042	0.5	95.2793	-15.3005	0	-0.998974	-0.0452772	0	None	None
ChainingRodShaped	20417	2.16271	0.5	37.5847	32.1691	0	0.813937	0.580953	0	None	None
ChainingRodShaped	12508	4.7875	0.5	-9.35325	-8.62746	0	-0.814354	-0.580369	0	None	None
ChainingRodShaped	12510	4.81736	0.5	-26.8597	17.3799	0	0.933133	-0.35953	0	None	None
ChainingRodShaped	12512	3.54796	0.5	-40.4843	56.5694	0	0.249562	-0.968359	0	None	None
ChainingRodShaped	12514	3.58421	0.5	13.9433	49.1718	0	0.707832	0.706381	0	None	None
ChainingRodShaped	12516	3.85518	0.5	-48.8667	21.3969	0	-0.295357	0.955387	0	None	None
ChainingRodShaped	12518	3.4011	0.5	18.5294	18.9467	0	0.908922	-0.416966	0	None	None
ChainingRodShaped	12520	4.50905	0.5	-36.0078	-50.4491	0	0.911914	0.410382	0	None	None
ChainingRodShaped	12522	4.66182	0.5	44.1825	73.4534	0	-0.333612	-0.942711	0	None	None
ChainingRodShaped	19773	2.15924	0.5	15.7294	75.7084	0	0.962328	-0.271891	0	None	None
ChainingRodShaped	12526	4.69537	0.5	73.9589	-34.4308	0	-0.358593	0.933494	0	None	None
ChainingRodShaped	12528	3.98775	0.5	-12.5997	51.8589	0	0.590387	-0.80712	0	None	None
ChainingRodShaped	12530	4.96389	0.5	113.757	28.4406	0	-0.230177	-0.973149	0	None	None
ChainingRodShaped	12532	3.88652	0.5	-30.2207	-35.4494	0	0.995151	0.0983567	0	None	None
ChainingRodShaped	12534	4.37134	0.5	-52.9158	23.0789	0	-0.970846	0.239705	0	None	None
ChainingRodShaped	12536	3.76647	0.5	100.855	39.9105	0	-0.96875	-0.248038	0	None	None
ChainingRodShaped	12538	3.51598	0.5	80.4416	51.7343	0	-0.562954	-0.826488	0	None	None
ChainingRodShaped	12540	4.11814	0.5	20.9144	110.236	0	0.350355	-0.936617	0	None	None
ChainingRodShaped	12542	4.63511	0.5	15.5135	64.7588	0	0.767816	0.640671	0	None	None
ChainingRodShaped	12544	4.33583	0.5	-76.6623	82.4936	0	0.985982	0.16685	0	None	None
ChainingRodShaped	12546	3.36451	0.5	60.0501	30.2205	0	0.795136	-0.606431	0	None	None
ChainingRodShaped	12548	4.96976	0.5	-81.8014	-2.84133	0	-0.970061	0.24286	0	None	None
ChainingRodShaped	12550	4.03185	0.5	-46.4166	94.0716	0	0.525105	0.851037	0	None	None
ChainingRodShaped	12552	4.86389	0.5	-9.85274	-10.7247	0	-0.835001	-0.550249	0	None	None
ChainingRodShaped	12554	4.25798	0.5	66.9239	1.33586	0	-0.976182	0.216953	0	None	None
ChainingRodShaped	12556	3.78692	0.5	-16.0973	100.835	0	0.999264	0.0383675	0	None	None
ChainingRodShaped	12558	4.66064	0.5	69.9236	66.3814	0	0.569253	0.822162	0	None	None
ChainingRodShaped	12560	4.99149	0.5	111.69	-6.23303	0	-0.852393	-0.522901	0	None	None
ChainingRodShaped	12562	3.64516	0.5	-18.1102	-1.74054	0	0.983158	0.182756	0	None	None
ChainingRodShaped	12564	4.85805	0.5	-89.7736	16.9929	0	-0.594954	0.80376	0	None	None
ChainingRodShaped	12566	4.13639	0.5	-0.681193	65.0073	0	0.980499	-0.196523	0	None	None
ChainingRodShaped	12568	3.55707	0.5	27.1659	52.2034	0	0.852168	0.523269	0	None	None
ChainingRodShaped	19623	2.40852	0.5	-58.8664	98.328	0	-0.831078	-0.556155	0	None	None
ChainingRodShaped	12572	3.70865	0.5	73.9466	-6.324	0	-0.861943	-0.507005	0	None	None
ChainingRodShaped	12574	3.40197	0.5	24.3346	18.0767	0	-0.190181	0.981749	0	None	None
ChainingRodShaped	12576	4.26704	0.5	-76.1432	76.8039	0	0.990485	0.137621	0	None	None
ChainingRodShaped	12578	4.97271	0.5	9.8916	130.672	0	0.744941	0.66713	0	None	None
ChainingRodShaped	12580	4.15244	0.5	-11.2409	-20.4615	0	0.56278	-0.826607	0	None	None
ChainingRodShaped	12582	4.16123	0.5	-91.157	57.6074	0	0.407827	0.913059	0	None	None
ChainingRodShaped	19909	2.26333	0.5	-38.5398	109.278	0	-0.988621	0.150427	0	None	None
ChainingRodShaped	12586	4.19445	0.5	66.776	14.9602	0	-0.986665	0.162765	0	None	None
ChainingRodShaped	20729	2.0618	0.5	18.5515	111.959	0	-0.350386	0.936606	0	None	None
ChainingRodShaped	12590	3.34177	0.5	49.3443	54.8339	0	-0.725197	-0.688542	0	None	None
ChainingRodShaped	12592	3.67657	0.5	66.8989	68.058	0	0.663697	0.748002	0	None	None
ChainingRodShaped	12594	4.60058	0.5	-34.8681	-20.7177	0	-0.322524	0.946561	0	None	None
ChainingRodShaped	12596	3.522	0.5	-34.4484	112.556	0	0.789641	0.613569	0	None	None
ChainingRodShaped	20841	2.02161	0.5	98.4938	48.7611	0	-0.8292	-0.558951	0	None	None
ChainingRodShaped	12600	3.5141	0.5	-35.612	3.53171	0	-0.605917	-0.795528	0	None	None
ChainingRodShaped	12602	4.40275	0.5	32.4009	-75.8656	0	0.401855	0.915703	0	None	None
ChainingRodShaped	20089	2.10822	0.5	67.6794	120.682	0	0.980898	-0.194522	0	None	None
ChainingRodShaped	12606	3.92334	0.5	-5.33499	33.9394	0	-0.967292	-0.253667	0	None	None
ChainingRodShaped	12608	4.09405	0.5	-12.9332	22.2921	0	0.907222	-0.420651	0	None	None
ChainingRodShaped	20747	2.03851	0.5	-79.5422	-14.531	0	0.979568	0.201113	0	None	None
ChainingRodShaped	12612	3.30966	0.5	30.2811	68.8046	0	0.686301	0.727317	0	None	None
ChainingRodShaped	12614	3.19822	0.5	11.027	64.7406	0	-0.823089	-0.567912	0	None	None
ChainingRodShaped	12616	3.22435	0.5	28.3146	28.8467	0	-0.0342188	0.999414	0	None	None
ChainingRodShaped	12618	3.96378	0.5	40.9193	53.2243	0	-0.404701	-0.914449	0	None	None
ChainingRodShaped	12620	4.47135	0.5	-66.5135	-20.2081	0	-0.790799	0.612076	0	None	None
ChainingRodShaped	12622	3.29652	0.5	62.6725	21.8812	0	-0.907676	0.419672	0	None	None
ChainingRodShaped	12624	3.21844	0.5	10.8369	79.1954	0	0.873132	0.487484	0	None	None
ChainingRodShaped	12626	3.62592	0.5	71.1439	32.7062	0	0.784729	-0.619839	0	None	None
ChainingRodShaped	12628	3.33381	0.5	36.576	60.3796	0	0.298065	0.954545	0	None	None
ChainingRodShaped	12630	3.33691	0.5	104.755	57.6222	0	-0.953823	-0.300369	0	None	None
ChainingRodShaped	12632	3.80812	0.5	-39.1945	84.813	0	-0.924426	-0.381362	0	None	None
ChainingRodShaped	12634	4.04285	0.5	68.9357	-58.5952	0	0.79314	0.60904	0	None	None
ChainingRodShaped	12636	4.57461	0.5	-56.9342	11.0338	0	0.552962	-0.833206	0	None	None
ChainingRodShaped	12638	3.25898	0.5	92.5953	-12.7308	0	0.999814	0.0193113	0	None	None
ChainingRodShaped	12640	4.59235	0.5	-26.6581	40.0445	0	-0.856344	-0.516406	0	None	None
ChainingRodShaped	12642	4.40988	0.5	47.7809	31.6169	0	0.999836	0.0181179	0	None	None
ChainingRodShaped	12644	4.00553	0.5	-41.9505	94.3988	0	0.98732	-0.158744	0	None	None
ChainingRodShaped	19971	2.25663	0.5	29.0891	10.6906	0	-0.54035	0.84144	0	None	None
ChainingRodShaped	12648	3.95492	0.5	-11.6556	71.0307	0	-0.816652	0.57713	0	None	None
ChainingRodShaped	12650	3.81393	0.5	-71.4299	-4.20099	0	0.553768	-0.832671	0	None	None
ChainingRodShaped	12652	4.74273	0.5	96.577	83.248	0	0.473148	-0.880983	0	None	None
ChainingRodShaped	12654	3.77798	0.5	-50.7271	16.0777	0	0.985042	-0.172313	0	None	None
ChainingRodShaped	12656	4.45649	0.5	-18.7213	-70.0715	0	0.809515	-0.587099	0	None	None
ChainingRodShaped	12658	4.5292	0.5	-60.4629	27.9922	0	-0.754995	-0.65573	0	None	None
ChainingRodShaped	12660	3.94787	0.5	55.5446	118.293	0	0.912286	0.409553	0	None	None
ChainingRodShaped	12662	4.93323	0.5	43.2517	84.2923	0	0.889634	0.456675	0	None	None
ChainingRodShaped	12664	3.54906	0.5	20.0513	61.2591	0	0.935637	0.352963	0	None	None
ChainingRodShaped	12666	4.42846	0.5	35.6163	-65.3344	0	0.736039	0.676939	0	None	None
ChainingRodShaped	12668	3.76995	0.5	74.6909	35.3469	0	0.828101	-0.560578	0	None	None
ChainingRodShaped	20287	2.16586	0.5	-39.4602	62.3535	0	0.177654	-0.984093	0	None	None
ChainingRodShaped	12672	3.30132	0.5	8.17936	-8.48509	0	0.471718	-0.881749	0	None	None
ChainingRodShaped	12674	4.88529	0.5	37.9746	-57.0665	0	0.737536	0.675308	0	None	None
ChainingRodShaped	12676	3.77793	0.5	-71.2766	69.0201	0	0.854532	-0.519399	0	None	None
ChainingRodShaped	12678	3.78463	0.5	-36.9181	117.127	0	-0.178021	0.984027	0	None	None
ChainingRodShaped	12680	4.87479	0.5	47.1453	3.87973	0	-0.59688	-0.802331	0	None	None
ChainingRodShaped	12682	3.53646	0.5	-37.7251	-40.5069	0	0.285396	-0.95841	0	None	None
ChainingRodShaped	12684	3.34359	0.5	-20.842	30.7967	0	0.729085	-0.684423	0	None	None
ChainingRodShaped	20573	2.04182	0.5	6.89426	60.1438	0	0.826987	0.56222	0	None	None
ChainingRodShaped	12688	3.90128	0.5	1.36262	4.58823	0	0.988424	0.15172	0	None	None
ChainingRodShaped	12690	4.64194	0.5	30.0057	-51.5899	0	0.878598	-0.477561	0	None	None
ChainingRodShaped	20395	2.13289	0.5	34.4432	-4.25531	0	-0.815457	-0.578817	0	None	None
ChainingRodShaped	12694	4.56018	0.5	15.1117	-27.5304	0	-0.997424	0.0717291	0	None	None
ChainingRodShaped	12696	3.35453	0.5	66.5592	-30.7587	0	0.303885	-0.952709	0	None	None
ChainingRodShaped	12698	4.65359	0.5	49.8936	24.8326	0	-0.798353	-0.602189	0	None	None
ChainingRodShaped	12700	4.34959	0.5	12.6281	84.4765	0	0.847236	0.531217	0	None	None
ChainingRodShaped	12702	4.63818	0.5	112.219	57.4776	0	-0.468075	-0.883689	0	None	None
ChainingRodShaped	12704	4.23899	0.5	-38.5751	100.694	0	0.987805	-0.155694	0	None	None
ChainingRodShaped	12706	4.72013	0.5	40.2571	-62.2667	0	0.728035	0.68554	0	None	None
ChainingRodShaped	12708	4.40967	0.5	-68.4175	83.7449	0	0.86136	0.507994	0	None	None
ChainingRodShaped	20685	2.03016	0.5	-64.0401	24.6145	0	-0.999828	-0.0185644	0	None	None
ChainingRodShaped	12712	3.32742	0.5	-48.4428	71.6211	0	-0.666241	-0.745736	0	None	None
ChainingRodShaped	12714	4.18975	0.5	111.459	33.1785	0	-0.97477	-0.223211	0	None	None
ChainingRodShaped	12716	3.61351	0.5	45.5502	3.76825	0	-0.580441	-0.814302	0	None	None
ChainingRodShaped	20825	2.01561	0.5	91.4232	28.565	0	0.777689	-0.62865	0	None	None
ChainingRodShaped	12720	3.55301	0.5	20.563	-33.6373	0	-0.604298	0.796758	0	None	None
ChainingRodShaped	12722	4.58598	0.5	98.3509	11.6726	0	0.547763	-0.836634	0	None	None
ChainingRodShaped	12724	3.56171	0.5	-67.3633	68.4254	0	0.509348	0.860561	0	None	None
ChainingRodShaped	12726	3.75342	0.5	7.03869	63.5953	0	-0.824405	-0.566	0	None	None
ChainingRodShaped	12728	4.51738	0.5	-28.9988	78.5695	0	-0.388716	-0.921357	0	None	None
ChainingRodShaped	12730	4.29128	0.5	6.12252	28.8201	0	-0.993019	-0.117954	0	None	None
ChainingRodShaped	12732	3.68263	0.5	-49.4238	62.2864	0	-0.666486	0.745517	0	None	None
ChainingRodShaped	12734	4.15606	0.5	79.2362	-23.4196	0	-0.293762	0.955879	0	None	None
ChainingRodShaped	20291	2.18188	0.5	13.5284	-15.9176	0	0.977115	0.212709	0	None	None
ChainingRodShaped	12738	4.19435	0.5	18.8287	82.9912	0	0.999889	0.0148834	0	None	None
ChainingRodShaped	12740	4.65722	0.5	58.2141	105.833	0	-0.284945	-0.958544	0	None	None
ChainingRodShaped	12742	3.51192	0.5	-49.881	9.08566	0	0.988172	-0.153353	0	None	None
ChainingRodShaped	12744	3.92513	0.5	6.37012	126.605	0	0.570129	0.821555	0	None	None
ChainingRodShaped	20085	2.23395	0.5	-35.6206	28.1342	0	0.945016	0.327023	0	None	None
ChainingRodShaped	12748	3.67599	0.5	30.06	30.1545	0	0.0453987	-0.998969	0	None	None
ChainingRodShaped	12750	4.28971	0.5	-90.4798	24.342	0	-0.553454	0.83288	0	None	None
ChainingRodShaped	20053	2.30829	0.5	93.2825	-7.54973	0	-0.481402	-0.8765	0	None	None
ChainingRodShaped	12754	3.24586	0.5	30.2025	35.46	0	0.0416056	-0.999134	0	None	None
ChainingRodShaped	12756	3.71182	0.5	57.8097	78.5975	0	-0.0300144	-0.999549	0	None	None
ChainingRodShaped	12758	3.59481	0.5	-24.3179	-28.0562	0	-2.68871e-05	1	0	None	None
ChainingRodShaped	12760	3.47602	0.5	85.3443	-49.6757	0	-0.971738	0.23606	0	None	None
ChainingRodShaped	12762	4.36768	0.5	-69.4453	63.1218	0	0.971	-0.23908	0	None	None
ChainingRodShaped	20875	2.01106	0.5	76.765	32.0336	0	0.785523	-0.618833	0	None	None
ChainingRodShaped	20677	2.0639	0.5	108.417	38.9373	0	0.999984	-0.00562843	0	None	None
ChainingRodShaped	12768	3.17988	0.5	6.81815	42.013	0	0.773412	0.633904	0	None	None
ChainingRodShaped	12770	4.42649	0.5	1.50848	56.1935	0	0.999969	0.00791443	0	None	None
ChainingRodShaped	12772	4.05619	0.5	-43.449	106.762	0	-0.96547	0.260514	0	None	None
ChainingRodShaped	12774	4.12515	0.5	-11.7461	-33.9256	0	0.389984	-0.920822	0	None	None
ChainingRodShaped	12776	4.89742	0.5	12.0336	30.6439	0	-0.998698	-0.0510048	0	None	None
ChainingRodShaped	12778	3.6329	0.5	-12.3211	-21.6149	0	-0.558563	0.829462	0	None	None
ChainingRodShaped	12780	4.89376	0.5	9.15729	108.489	0	0.0913164	-0.995822	0	None	None
ChainingRodShaped	12782	3.25131	0.5	89.6677	40.0882	0	-0.969949	-0.24331	0	None	None
ChainingRodShaped	12784	4.57535	0.5	34.7718	2.69341	0	-0.409203	-0.912444	0	None	None
ChainingRodShaped	12786	4.04108	0.5	31.8764	57.3174	0	0.732144	0.68115	0	None	None
ChainingRodShaped	12788	3.9456	0.5	26.1362	-10.8694	0	0.825397	-0.564553	0	None	None
ChainingRodShaped	20133	2.22162	0.5	-81.5454	40.2724	0	-0.0901602	-0.995927	0	None	None
ChainingRodShaped	12792	4.38626	0.5	-40.7441	-38.6488	0	0.298206	-0.954502	0	None	None
ChainingRodShaped	12794	4.60924	0.5	-53.3195	-18.4286	0	-0.591517	-0.806293	0	None	None
ChainingRodShaped	12796	4.40209	0.5	-87.9925	29.4601	0	0.0887516	0.996054	0	None	None
ChainingRodShaped	12798	3.52107	0.5	9.77757	13.299	0	0.987277	0.159007	0	None	None
ChainingRodShaped	12800	4.44662	0.5	33.5962	60.9335	0	-0.715644	-0.698465	0	None	None
ChainingRodShaped	20003	2.30433	0.5	43.8603	45.489	0	0.900875	0.434079	0	None	None
ChainingRodShaped	12804	4.33479	0.5	-14.9161	-33.8399	0	0.753966	0.656913	0	None	None
ChainingRodShaped	12806	4.27812	0.5	-58.9499	-42.4568	0	-0.879052	-0.476726	0	None	None
ChainingRodShaped	12808	4.32996	0.5	16.058	91.0373	0	-0.929653	-0.368437	0	None	None
ChainingRodShaped	12810	3.20258	0.5	36.3728	-23.1292	0	-0.195391	-0.980725	0	None	None
ChainingRodShaped	12812	3.85742	0.5	-52.499	-18.5519	0	-0.583405	-0.812182	0	None	None
ChainingRodShaped	12814	4.7589	0.5	22.165	42.4329	0	-0.465028	0.885296	0	None	None
ChainingRodShaped	20265	2.18796	0.5	-54.2339	115.384	0	0.690276	0.723546	0	None	None
ChainingRodShaped	12818	4.45783	0.5	27.7545	54.9996	0	-0.799835	-0.60022	0	None	None
ChainingRodShaped	12820	3.86768	0.5	21.8927	-17.4637	0	-0.957776	-0.287515	0	None	None
ChainingRodShaped	12822	3.90648	0.5	-28.6965	57.64	0	0.951677	0.307101	0	None	None
ChainingRodShaped	12824	3.62882	0.5	-9.07195	96.294	0	0.969787	0.243954	0	None	None
ChainingRodShaped	12826	3.37464	0.5	-26.8088	-10.702	0	0.230783	-0.973005	0	None	None
ChainingRodShaped	12828	4.93552	0.5	98.8346	-6.38638	0	-0.814181	-0.580611	0	None	None
ChainingRodShaped	12830	3.24097	0.5	40.0892	11.1808	0	-0.693128	-0.720814	0	None	None
ChainingRodShaped	20549	2.07668	0.5	6.91997	19.8328	0	0.525086	0.851049	0	None	None
ChainingRodShaped	12834	3.7128	0.5	103.103	-3.36075	0	0.833349	0.552748	0	None	None
ChainingRodShaped	12836	4.96791	0.5	36.5179	68.688	0	0.879101	0.476636	0	None	None
ChainingRodShaped	12838	3.5593	0.5	-20.423	129.303	0	0.793882	0.608072	0	None	None
ChainingRodShaped	12840	4.80168	0.5	-35.7571	67.6115	0	-0.196502	-0.980503	0	None	None
ChainingRodShaped	20387	2.07191	0.5	17.893	29.9342	0	0.351101	0.936338	0	None	None
ChainingRodShaped	20487	2.13256	0.5	8.24877	-49.9626	0	0.213367	-0.976972	0	None	None
ChainingRodShaped	20879	2.01884	0.5	-38.961	-49.7168	0	0.69367	-0.720293	0	None	None
ChainingRodShaped	12848	4.25926	0.5	-5.3859	76.1026	0	0.555528	-0.831498	0	None	None
ChainingRodShaped	12850	4.90615	0.5	71.0057	-30.7254	0	-0.332087	0.943249	0	None	None
ChainingRodShaped	12852	4.56197	0.5	-2.19961	129.558	0	-0.239849	-0.97081	0	None	None
ChainingRodShaped	12854	4.36177	0.5	-10.1729	-44.9478	0	-0.996484	-0.0837791	0	None	None
ChainingRodShaped	12856	4.26765	0.5	-83.9122	68.2342	0	-0.772792	0.63466	0	None	None
ChainingRodShaped	12858	4.28224	0.5	-8.15241	50.9409	0	0.978837	-0.20464	0	None	None
ChainingRodShaped	12860	4.2449	0.5	-59.9815	89.1837	0	0.45946	0.888199	0	None	None
ChainingRodShaped	12862	4.18469	0.5	6.60009	66.2396	0	-0.837349	-0.546668	0	None	None
ChainingRodShaped	12864	4.61421	0.5	-24.0456	72.2976	0	-0.372446	-0.928054	0	None	None
ChainingRodShaped	12866	3.23006	0.5	-34.0593	102.434	0	-0.971772	0.235921	0	None	None
ChainingRodShaped	12868	3.95433	0.5	-47.7455	52.7834	0	-0.145655	0.989335	0	None	None
ChainingRodShaped	12870	4.27462	0.5	-75.3106	-29.7277	0	-0.719091	0.694916	0	None	None
ChainingRodShaped	12872	4.79545	0.5	-10.8433	13.7688	0	-0.472036	-0.881579	0	None	None
ChainingRodShaped	12874	3.30981	0.5	-2.99111	120.133	0	0.0379098	0.999281	0	None	None
ChainingRodShaped	12876	3.54798	0.5	54.5784	81.11	0	-0.00260986	-0.999997	0	None	None
ChainingRodShaped	20389	2.08051	0.5	82.0698	0.748943	0	-0.998626	-0.0524111	0	None	None
ChainingRodShaped	12880	4.48955	0.5	11.4366	-53.0743	0	0.241462	-0.97041	0	None	None
ChainingRodShaped	12882	3.45311	0.5	5.38334	35.6707	0	0.958503	-0.285081	0	None	None
ChainingRodShaped	12884	4.19032	0.5	0.340152	36.6169	0	0.779035	-0.62698	0	None	None
ChainingRodShaped	12886	4.34001	0.5	-44.7654	-42.3518	0	0.330165	-0.943923	0	None	None
ChainingRodShaped	12888	4.65109	0.5	63.4097	22.8346	0	0.779191	-0.626786	0	None	None
ChainingRodShaped	12890	4.7707	0.5	-33.2934	88.7802	0	-0.981033	0.193841	0	None	None
ChainingRodShaped	12892	3.67473	0.5	55.9319	87.4673	0	0.315519	-0.948919	0	None	None
ChainingRodShaped	12894	3.43231	0.5	-21.0815	53.0723	0	0.678995	-0.734143	0	None	None
ChainingRodShaped	12896	4.16024	0.5	-9.8282	111.491	0	-0.269072	-0.96312	0	None	None
ChainingRodShaped	12898	4.95243	0.5	-23.9931	110.989	0	-0.169908	-0.98546	0	None	None
ChainingRodShaped	12900	4.41026	0.5	34.9191	-68.446	0	0.728816	0.68471	0	None	None
ChainingRodShaped	12902	3.3264	0.5	32.3389	50.967	0	-0.408402	-0.912802	0	None	None
ChainingRodShaped	12904	3.51621	0.5	72.8218	2.38928	0	0.994806	0.101785	0	None	None
ChainingRodShaped	12906	4.49816	0.5	32.5699	-53.9679	0	0.877576	-0.479437	0	None	None
ChainingRodShaped	12908	4.40153	0.5	5.68322	81.4018	0	0.672303	0.740276	0	None	None
ChainingRodShaped	12910	3.2054	0.5	-25.9281	33.7345	0	0.795837	-0.605511	0	None	None
ChainingRodShaped	12912	4.04083	0.5	85.1293	43.1798	0	-0.793455	-0.608629	0	None	None
ChainingRodShaped	12914	3.55828	0.5	63.2583	60.4218	0	0.400353	0.916361	0	None	None
ChainingRodShaped	12916	3.81515	0.5	6.95643	121.83	0	0.938202	0.346087	0	None	None
ChainingRodShaped	12918	3.51258	0.5	-78.7647	-6.03659	0	-0.931448	-0.363874	0	None	None
ChainingRodShaped	12920	4.54698	0.5	31.8534	31.6513	0	0.0552781	-0.998471	0	None	None
ChainingRodShaped	12922	4.0484	0.5	30.1228	-56.2618	0	0.874171	-0.485618	0	None	None
ChainingRodShaped	12924	3.31503	0.5	-67.4713	21.2245	0	-0.649185	0.760631	0	None	None
ChainingRodShaped	12926	4.01542	0.5	29.7472	83.9104	0	0.998398	0.0565739	0	None	None
ChainingRodShaped	12928	3.55017	0.5	37.6101	38.5749	0	-0.559838	0.828602	0	None	None
ChainingRodShaped	12930	3.28986	0.5	-4.65953	48.1849	0	0.813346	-0.58178	0	None	None
ChainingRodShaped	12932	3.11033	0.5	13.6414	78.3151	0	0.858492	0.512827	0	None	None
ChainingRodShaped	12934	4.77176	0.5	-83.6729	18.2144	0	-0.192137	0.981368	0	None	None
ChainingRodShaped	12936	3.28988	0.5	8.82557	-19.6326	0	0.999277	0.0380085	0	None	None
ChainingRodShaped	12938	3.32293	0.5	-47.03	4.45291	0	0.998982	-0.0451065	0	None	None
ChainingRodShaped	12940	3.62892	0.5	33.2447	104.471	0	-0.217319	-0.976101	0	None	None
ChainingRodShaped	12942	4.50859	0.5	31.4847	-55.1872	0	0.871874	-0.48973	0	None	None
ChainingRodShaped	12944	4.39938	0.5	3.5192	-42.005	0	0.608215	-0.793772	0	None	None
ChainingRodShaped	12946	3.18717	0.5	90.7772	-15.7998	0	-0.519648	-0.85438	0	None	None
ChainingRodShaped	12948	4.9882	0.5	-88.3524	34.3204	0	0.142869	0.989742	0	None	None
ChainingRodShaped	12950	4.58808	0.5	50.7969	111.607	0	0.90589	0.423513	0	None	None
ChainingRodShaped	20775	2.04784	0.5	-6.34945	91.7771	0	-0.812234	-0.583331	0	None	None
ChainingRodShaped	20829	2.01505	0.5	108.133	37.9932	0	0.999914	-0.0131373	0	None	None
ChainingRodShaped	12956	3.34852	0.5	37.1147	70.6441	0	0.877451	0.479667	0	None	None
ChainingRodShaped	12958	3.80315	0.5	-15.3529	21.9427	0	0.915485	-0.402351	0	None	None
ChainingRodShaped	12960	3.75495	0.5	-29.0673	-60.3708	0	-0.917184	-0.398465	0	None	None
ChainingRodShaped	12962	3.46464	0.5	-20.2045	108.382	0	0.0063474	-0.99998	0	None	None
ChainingRodShaped	12964	4.25951	0.5	18.8618	130.974	0	0.994081	-0.108646	0	None	None
ChainingRodShaped	20721	2.06974	0.5	-48.7269	42.9812	0	0.826928	0.562308	0	None	None
ChainingRodShaped	12968	4.42963	0.5	86.4079	20.8203	0	-0.293736	0.955887	0	None	None
ChainingRodShaped	12970	3.85443	0.5	-51.3109	-11.1226	0	0.730642	0.682761	0	None	None
ChainingRodShaped	12972	3.32234	0.5	15.0746	-13.283	0	0.975002	0.222197	0	None	None
ChainingRodShaped	12974	3.77421	0.5	25.2539	-65.2243	0	-0.245743	0.969335	0	None	None
ChainingRodShaped	12976	4.01863	0.5	35.4923	-15.4326	0	0.933206	-0.359341	0	None	None
ChainingRodShaped	20817	2.02564	0.5	45.6037	63.6228	0	0.0333311	-0.999444	0	None	None
ChainingRodShaped	12980	4.01196	0.5	6.17332	-14.9278	0	-0.442947	0.896548	0	None	None
ChainingRodShaped	12982	3.93043	0.5	-3.22709	44.4477	0	0.66099	-0.750395	0	None	None
ChainingRodShaped	12984	4.75581	0.5	57.093	-28.2204	0	0.421051	0.907037	0	None	None
ChainingRodShaped	12986	4.34388	0.5	74.8573	31.7064	0	0.780505	-0.62515	0	None	None
ChainingRodShaped	12988	4.59001	0.5	-47.0997	-15.6821	0	0.749807	0.661657	0	None	None
ChainingRodShaped	20809	2.04388	0.5	-78.0257	21.2254	0	0.202239	-0.979336	0	None	None
ChainingRodShaped	12992	4.69687	0.5	73.1731	115.182	0	0.324892	-0.945751	0	None	None
ChainingRodShaped	12994	3.48119	0.5	-15.9719	-73.4417	0	0.982102	-0.188352	0	None	None
ChainingRodShaped	12996	4.61466	0.5	5.53861	18.8051	0	0.533874	0.845564	0	None	None
ChainingRodShaped	12998	4.77597	0.5	-12.3985	92.0764	0	-0.792281	-0.610156	0	None	None
ChainingRodShaped	13000	4.24622	0.5	70.6157	37.4052	0	0.773538	-0.63375	0	None	None
ChainingRodShaped	13002	3.26726	0.5	58.6577	63.931	0	0.498175	-0.867076	0	None	None
ChainingRodShaped	13004	3.08396	0.5	-54.2288	75.9975	0	0.689207	0.724565	0	None	None
ChainingRodShaped	13006	3.5323	0.5	6.32833	10.1923	0	0.980696	0.195536	0	None	None
ChainingRodShaped	13008	4.6317	0.5	-67.8007	-18.1297	0	-0.797425	0.603418	0	None	None
ChainingRodShaped	13010	3.27278	0.5	82.5756	26.7737	0	0.149529	0.988757	0	None	None
ChainingRodShaped	13012	4.3228	0.5	-0.337943	35.7131	0	0.754986	-0.655741	0	None	None
ChainingRodShaped	13014	4.98286	0.5	-47.0729	-23.7889	0	0.843597	0.536977	0	None	None
ChainingRodShaped	20281	2.129	0.5	54.4514	41.5836	0	-0.930698	-0.365789	0	None	None
ChainingRodShaped	13018	3.55506	0.5	-32.5975	52.9823	0	0.959138	-0.282939	0	None	None
ChainingRodShaped	20945	2.0047	0.5	12.239	62.1982	0	0.816819	0.576894	0	None	None
ChainingRodShaped	13022	4.83702	0.5	109.15	6.20718	0	0.0797801	-0.996812	0	None	None
ChainingRodShaped	13024	4.78046	0.5	-10.5767	-41.0913	0	0.996686	0.081351	0	None	None
ChainingRodShaped	13026	4.7875	0.5	-43.3033	115.81	0	0.795927	0.605392	0	None	None
ChainingRodShaped	13028	3.23013	0.5	7.42502	-38.5826	0	0.636965	-0.770893	0	None	None
ChainingRodShaped	13030	4.27623	0.5	-29.8264	42.7719	0	-0.823971	-0.566632	0	None	None
ChainingRodShaped	13032	3.31894	0.5	-20.7826	3.85817	0	0.0301998	-0.999544	0	None	None
ChainingRodShaped	20753	2.02864	0.5	-21.3966	90.8369	0	0.358203	-0.933644	0	None	None
ChainingRodShaped	13036	4.36024	0.5	82.0866	-6.10174	0	0.436979	0.899472	0	None	None
ChainingRodShaped	13038	3.86601	0.5	35.9472	2.51901	0	-0.407681	-0.913124	0	None	None
ChainingRodShaped	13040	3.95944	0.5	2.11137	-49.3361	0	-0.636563	0.771225	0	None	None
ChainingRodShaped	13042	4.36537	0.5	64.225	-49.3472	0	-0.0692008	-0.997603	0	None	None
ChainingRodShaped	13044	4.37985	0.5	49.2778	-25.4787	0	-0.478566	-0.878052	0	None	None
ChainingRodShaped	13046	3.87632	0.5	-60.0524	101.841	0	0.991609	0.129272	0	None	None
ChainingRodShaped	13048	4.51379	0.5	17.7594	27.0144	0	0.342327	0.939581	0	None	None
ChainingRodShaped	20421	2.10959	0.5	40.3059	115.099	0	-0.636122	-0.771589	0	None	None
ChainingRodShaped	13052	4.8132	0.5	85.991	30.5707	0	0.716595	0.697489	0	None	None
ChainingRodShaped	13054	4.69876	0.5	84.9184	51.3598	0	-0.657178	-0.753735	0	None	None
ChainingRodShaped	13056	4.41148	0.5	-18.2638	34.799	0	-0.961482	0.274867	0	None	None
ChainingRodShaped	13058	3.714	0.5	21.5201	-4.41492	0	-0.572579	0.819849	0	None	None
ChainingRodShaped	13060	3.75177	0.5	-52.5592	86.3489	0	0.54377	0.839234	0	None	None
ChainingRodShaped	20403	2.14845	0.5	102.338	69.7578	0	0.264236	-0.964458	0	None	None
ChainingRodShaped	13064	4.34551	0.5	59.2277	98.3323	0	0.0781444	-0.996942	0	None	None
ChainingRodShaped	13066	3.56075	0.5	109.779	36.1022	0	0.999735	-0.0230305	0	None	None
ChainingRodShaped	13068	3.73486	0.5	53.6044	-17.1222	0	-0.495039	-0.868871	0	None	None
ChainingRodShaped	13070	3.78636	0.5	82.6691	-42.8076	0	-0.405695	0.914009	0	None	None
ChainingRodShaped	13072	4.22694	0.5	9.9474	13.9183	0	0.988778	0.149395	0	None	None
ChainingRodShaped	13074	4.49562	0.5	-99.174	25.1314	0	0.108688	0.994076	0	None	None
ChainingRodShaped	13076	4.10775	0.5	78.6812	-9.40811	0	0.177409	0.984137	0	None	None
ChainingRodShaped	20657	2.0873	0.5	65.9035	95.6596	0	-0.222918	-0.974837	0	None	None
ChainingRodShaped	13080	3.3936	0.5	47.4705	30.4693	0	0.999282	0.0378999	0	None	None
ChainingRodShaped	13082	3.43636	0.5	14.5712	-28.7791	0	-0.995778	0.0917984	0	None	None
ChainingRodShaped	13084	3.72464	0.5	93.7396	75.5913	0	0.306476	0.951878	0	None	None
ChainingRodShaped	13086	3.38309	0.5	92.6058	5.26325	0	-0.342125	-0.939654	0	None	None
ChainingRodShaped	13088	4.58331	0.5	-46.9986	-22.7861	0	0.844006	0.536334	0	None	None
ChainingRodShaped	13090	3.078	0.5	30.5886	18.8832	0	0.250587	-0.968094	0	None	None
ChainingRodShaped	13092	3.10732	0.5	1.83195	24.8255	0	0.139033	-0.990288	0	None	None
ChainingRodShaped	13094	3.9631	0.5	14.9561	-69.6113	0	0.982798	0.184682	0	None	None
ChainingRodShaped	13096	4.83228	0.5	-43.5059	-40.7321	0	0.348948	-0.937142	0	None	None
ChainingRodShaped	13098	3.12265	0.5	75.4733	-25.7608	0	-0.391225	0.920295	0	None	None
ChainingRodShaped	13100	3.55742	0.5	26.1756	34.831	0	-0.0251361	0.999684	0	None	None
ChainingRodShaped	13102	3.95667	0.5	-47.6247	71.5182	0	-0.658676	-0.752427	0	None	None
ChainingRodShaped	13104	4.09072	0.5	11.8957	29.5474	0	-0.999518	-0.0310352	0	None	None
ChainingRodShaped	13106	4.17642	0.5	115.236	9.21701	0	0.575708	-0.817655	0	None	None
ChainingRodShaped	13108	4.09376	0.5	-92.6211	11.8765	0	-0.999994	-0.0035164	0	None	None
ChainingRodShaped	13110	3.07945	0.5	18.1716	-50.7942	0	0.999101	0.0423921	0	None	None
ChainingRodShaped	13112	4.53748	0.5	51.8334	-53.3339	0	0.999959	-0.00910106	0	None	None
ChainingRodShaped	13114	4.97785	0.5	-17.3818	-5.66952	0	-0.793351	-0.608765	0	None	None
ChainingRodShaped	13116	4.25533	0.5	45.5285	-25.8522	0	-0.289236	-0.957258	0	None	None
ChainingRodShaped	13118	3.49744	0.5	45.3197	16.8228	0	-0.994337	-0.106272	0	None	None
ChainingRodShaped	13120	3.64994	0.5	-20.5005	-21.0795	0	0.885116	0.46537	0	None	None
ChainingRodShaped	13122	4.1323	0.5	19.1564	-16.8125	0	-0.749124	-0.66243	0	None	None
ChainingRodShaped	13124	3.84511	0.5	-9.34932	47.6023	0	0.989687	-0.143247	0	None	None
ChainingRodShaped	13126	4.40147	0.5	8.72363	126.328	0	0.9163	0.400492	0	None	None
ChainingRodShaped	13128	4.57418	0.5	63.2318	-16.5519	0	0.486824	0.8735	0	None	None
ChainingRodShaped	13130	3.92323	0.5	66.9771	-55.5769	0	-0.213656	-0.976909	0	None	None
ChainingRodShaped	13132	3.77045	0.5	-21.6393	-44.8781	0	0.413115	0.910679	0	None	None
ChainingRodShaped	20857	2.02658	0.5	11.0968	25.6479	0	0.995558	-0.0941471	0	None	None
ChainingRodShaped	13136	3.71725	0.5	-82.6892	29.6575	0	-0.548973	-0.83584	0	None	None
ChainingRodShaped	20733	2.03177	0.5	-36.1698	-62.3626	0	-0.930101	-0.367304	0	None	None
ChainingRodShaped	13140	3.09409	0.5	-93.7748	2.74453	0	0.578923	-0.815382	0	None	None
ChainingRodShaped	20555	2.08269	0.5	-46.9734	31.4934	0	-0.762777	-0.646662	0	None	None
ChainingRodShaped	13144	4.61432	0.5	43.2472	-17.1563	0	-0.512419	-0.858736	0	None	None
ChainingRodShaped	13146	4.1605	0.5	-12.9119	83.021	0	0.486623	-0.873612	0	None	None
ChainingRodShaped	13148	4.56326	0.5	9.19793	-62.5071	0	-0.970389	0.241549	0	None	None
ChainingRodShaped	13150	4.03357	0.5	-76.1632	86.622	0	0.797194	0.603724	0	None	None
ChainingRodShaped	13152	4.3601	0.5	30.7238	-20.989	0	-0.379105	-0.925354	0	None	None
ChainingRodShaped	13154	3.82673	0.5	0.00271433	-15.3742	0	-0.868705	0.495329	0	None	None
ChainingRodShaped	13156	3.26979	0.5	-14.8826	-25.472	0	0.44281	-0.896615	0	None	None
ChainingRodShaped	13158	3.77301	0.5	62.2902	38.574	0	0.7883	-0.615291	0	None	None
ChainingRodShaped	13160	4.79288	0.5	-23.5019	-70.4551	0	0.994126	-0.108229	0	None	None
ChainingRodShaped	13162	3.27079	0.5	55.258	53.1579	0	0.966229	0.257684	0	None	None
ChainingRodShaped	13164	3.36822	0.5	-79.1011	-24.809	0	0.420855	-0.907128	0	None	None
ChainingRodShaped	13166	4.22625	0.5	84.8583	10.6011	0	-0.995353	0.0962897	0	None	None
ChainingRodShaped	13168	4.62082	0.5	-12.0078	-61.6126	0	-0.18329	-0.983059	0	None	None
ChainingRodShaped	20621	2.07666	0.5	-44.0185	-26.6047	0	-0.860021	-0.510259	0	None	None
ChainingRodShaped	13172	4.77709	0.5	63.151	87.1977	0	0.388384	-0.921497	0	None	None
ChainingRodShaped	13174	3.07828	0.5	-11.8936	121.041	0	-0.14973	-0.988727	0	None	None
ChainingRodShaped	13176	4.56238	0.5	-93.7967	44.801	0	0.958344	-0.285616	0	None	None
ChainingRodShaped	13178	4.14795	0.5	-28.5884	45.5824	0	0.962149	-0.272523	0	None	None
ChainingRodShaped	13180	4.54022	0.5	23.7179	102.615	0	-0.47956	-0.877509	0	None	None
ChainingRodShaped	20851	2.01243	0.5	7.1769	7.66351	0	0.983625	0.180226	0	None	None
ChainingRodShaped	13184	4.99874	0.5	-41.4092	86.5007	0	0.935412	0.35356	0	None	None
ChainingRodShaped	13186	4.88608	0.5	18.9071	47.3572	0	-0.682124	-0.731237	0	None	None
ChainingRodShaped	13188	3.81575	0.5	-9.44737	0.703541	0	0.991239	0.132082	0	None	None
ChainingRodShaped	13190	3.50473	0.5	-29.7155	59.2142	0	0.942001	0.335611	0	None	None
ChainingRodShaped	13192	4.67479	0.5	20.7117	28.6961	0	-0.104401	-0.994535	0	None	None
ChainingRodShaped	13194	4.23242	0.5	74.2599	-10.2452	0	0.190473	-0.981692	0	None	None
ChainingRodShaped	13196	3.2522	0.5	44.6302	49.0414	0	0.905234	0.424913	0	None	None
ChainingRodShaped	13198	4.35446	0.5	-37.7497	127.545	0	0.948745	0.316042	0	None	None
ChainingRodShaped	13200	3.48078	0.5	1.59055	13.3708	0	0.988504	0.151194	0	None	None
ChainingRodShaped	13202	3.30787	0.5	42.0798	57.7415	0	-0.333409	-0.942782	0	None	None
ChainingRodShaped	13204	3.24594	0.5	20.8342	135.241	0	0.837373	-0.546632	0	None	None
ChainingRodShaped	13206	3.576	0.5	30.0953	18.6379	0	0.240383	-0.970678	0	None	None
ChainingRodShaped	13208	3.34416	0.5	-86.1927	26.0078	0	-0.516613	0.856219	0	None	None
ChainingRodShaped	13210	3.3045	0.5	-35.7361	-22.8043	0	-0.324273	0.945963	0	None	None
ChainingRodShaped	13212	3.7715	0.5	70.0927	61.9031	0	-0.618774	0.785569	0	None	None
ChainingRodShaped	13214	4.60984	0.5	21.4644	39.2254	0	0.49347	-0.869763	0	None	None
ChainingRodShaped	13216	4.67209	0.5	23.8405	17.5729	0	-0.200042	0.979787	0	None	None
ChainingRodShaped	20811	2.01878	0.5	10.1617	33.2028	0	0.994905	-0.10082	0	None	None
ChainingRodShaped	13220	4.98739	0.5	10.5017	96.7769	0	-0.687482	-0.726201	0	None	None
ChainingRodShaped	13222	4.7067	0.5	-31.443	-16.1656	0	0.305558	-0.952173	0	None	None
ChainingRodShaped	13224	4.47285	0.5	1.0811	-30.924	0	0.60797	-0.79396	0	None	None
ChainingRodShaped	13226	4.83347	0.5	86.3508	-18.7333	0	0.180498	0.983575	0	None	None
ChainingRodShaped	13228	4.48755	0.5	-62.7051	103.157	0	-0.17041	-0.985373	0	None	None
ChainingRodShaped	13230	4.7515	0.5	-44.4667	27.7095	0	0.438837	0.898567	0	None	None
ChainingRodShaped	20941	2.00517	0.5	-47.9149	-55.8897	0	-0.837371	-0.546636	0	None	None
ChainingRodShaped	13234	3.41611	0.5	21.9744	82.2833	0	0.998631	0.0523157	0	None	None
ChainingRodShaped	20607	2.0942	0.5	-27.0343	1.26873	0	0.00434883	0.999991	0	None	None
ChainingRodShaped	13238	3.65696	0.5	50.4421	99.9647	0	-0.0127999	-0.999918	0	None	None
ChainingRodShaped	13240	4.19666	0.5	17.6002	-2.25033	0	0.978402	-0.20671	0	None	None
ChainingRodShaped	13242	4.60238	0.5	33.2398	-27.4493	0	-0.960818	-0.277181	0	None	None
ChainingRodShaped	13244	4.6951	0.5	102.436	80.1885	0	0.805197	-0.593008	0	None	None
ChainingRodShaped	13246	4.6581	0.5	-76.5281	-21.8309	0	0.924673	-0.380763	0	None	None
ChainingRodShaped	13248	3.90967	0.5	14.0281	-73.6126	0	0.888379	-0.45911	0	None	None
ChainingRodShaped	13250	4.24983	0.5	67.0775	-12.2744	0	0.164237	-0.986421	0	None	None
ChainingRodShaped	20807	2.03837	0.5	-6.6249	108.434	0	0.981835	0.189735	0	None	None
ChainingRodShaped	13254	4.61617	0.5	-9.87863	65.2424	0	-0.819768	0.572696	0	None	None
ChainingRodShaped	13256	4.00016	0.5	-36.2387	-14.0209	0	0.428307	-0.903633	0	None	None
ChainingRodShaped	13258	3.90922	0.5	91.8451	-39.042	0	-0.687139	-0.726526	0	None	None
ChainingRodShaped	13260	3.84033	0.5	1.68398	10.5351	0	0.984687	0.174333	0	None	None
ChainingRodShaped	13262	4.67998	0.5	-28.8979	68.9763	0	-0.40926	-0.912418	0	None	None
ChainingRodShaped	13264	4.82991	0.5	-26.2024	88.6052	0	0.829274	-0.558842	0	None	None
ChainingRodShaped	13266	3.6882	0.5	77.8045	7.16287	0	0.980108	-0.198465	0	None	None
ChainingRodShaped	13268	3.65766	0.5	1.59069	-68.0602	0	0.661143	-0.75026	0	None	None
ChainingRodShaped	13270	4.2041	0.5	114.306	-1.40834	0	0.0893834	-0.995997	0	None	None
ChainingRodShaped	13272	3.11563	0.5	-0.160029	-50.4978	0	-0.641931	0.766762	0	None	None
ChainingRodShaped	13274	4.55479	0.5	-1.42806	1.12475	0	0.994996	0.0999141	0	None	None
ChainingRodShaped	13276	3.43819	0.5	8.88612	84.7771	0	0.862772	0.505593	0	None	None
ChainingRodShaped	13278	4.922	0.5	7.41122	-56.4812	0	-0.814244	0.580523	0	None	None
ChainingRodShaped	13280	4.21339	0.5	40.3618	116.776	0	-0.554763	-0.832009	0	None	None
ChainingRodShaped	13282	3.52209	0.5	69.6959	-44.7239	0	-0.365104	-0.930967	0	None	None
ChainingRodShaped	13284	4.36438	0.5	42.0098	-31.779	0	-0.954764	-0.297363	0	None	None
ChainingRodShaped	13286	3.05426	0.5	-37.9101	39.8283	0	-0.960787	-0.277287	0	None	None
ChainingRodShaped	13288	3.6547	0.5	-79.1642	-0.744269	0	0.958458	-0.285235	0	None	None
ChainingRodShaped	13290	4.09176	0.5	-50.2698	73.8257	0	-0.80125	-0.598329	0	None	None
ChainingRodShaped	13292	4.5707	0.5	-68.1349	93.6597	0	-0.864342	-0.502904	0	None	None
ChainingRodShaped	13294	3.10749	0.5	65.0758	-49.3683	0	-0.0592345	-0.998244	0	None	None
ChainingRodShaped	13296	4.45175	0.5	-27.8509	109.263	0	0.783415	-0.621499	0	None	None
ChainingRodShaped	13298	3.14078	0.5	-30.3382	14.4372	0	0.595518	0.803342	0	None	None
ChainingRodShaped	13300	3.36206	0.5	12.3945	60.7349	0	0.805354	0.592794	0	None	None
ChainingRodShaped	13302	4.46741	0.5	71.6467	33.2716	0	0.779939	-0.625856	0	None	None
ChainingRodShaped	13304	4.65645	0.5	56.4784	-20.8423	0	0.434282	0.900777	0	None	None
ChainingRodShaped	13306	4.52881	0.5	-62.785	21.5658	0	-0.997234	0.0743196	0	None	None
ChainingRodShaped	13308	4.29295	0.5	25.609	67.4121	0	0.697741	0.71635	0	None	None
ChainingRodShaped	13310	3.68925	0.5	-8.76389	74.5808	0	0.570583	-0.82124	0	None	None
ChainingRodShaped	13312	4.60297	0.5	-70.5825	19.9531	0	0.664164	-0.747587	0	None	None
ChainingRodShaped	13314	4.44949	0.5	71.3885	62.6983	0	-0.620458	0.78424	0	None	None
ChainingRodShaped	13316	3.33218	0.5	98.0323	-30.4959	0	-0.112136	-0.993693	0	None	None
ChainingRodShaped	13318	4.89819	0.5	83.6957	16.7995	0	0.865978	-0.500081	0	None	None
ChainingRodShaped	13320	4.28342	0.5	-10.2668	-44.2324	0	-0.996132	-0.0878656	0	None	None
ChainingRodShaped	13322	4.8699	0.5	101.978	59.4294	0	-0.897337	-0.441346	0	None	None
ChainingRodShaped	13324	4.22592	0.5	-17.112	89.212	0	0.145936	-0.989294	0	None	None
ChainingRodShaped	13326	4.25887	0.5	-43.1563	39.545	0	-0.964753	-0.263155	0	None	None
ChainingRodShaped	13328	3.1991	0.5	83.92	81.3375	0	0.669391	-0.74291	0	None	None
ChainingRodShaped	13330	4.82802	0.5	-78.2605	30.7221	0	0.80649	0.591247	0	None	None
ChainingRodShaped	13332	3.44319	0.5	33.8507	-32.0741	0	-0.962718	-0.270505	0	None	None
ChainingRodShaped	13334	4.04201	0.5	11.5845	113.806	0	-0.0663025	-0.9978	0	None	None
ChainingRodShaped	13336	4.2448	0.5	-77.3012	21.9275	0	0.211977	-0.977275	0	None	None
ChainingRodShaped	13338	4.60787	0.5	1.73221	48.3262	0	0.779127	0.626866	0	None	None
ChainingRodShaped	13340	3.25902	0.5	-25.4501	-53.222	0	-0.782286	-0.622919	0	None	None
ChainingRodShaped	13342	4.00634	0.5	-6.41477	-28.9584	0	-0.532754	0.84627	0	None	None
ChainingRodShaped	13344	3.56605	0.5	72.59	95.2726	0	0.362968	-0.931801	0	None	None
ChainingRodShaped	13346	3.33554	0.5	83.7333	75.2467	0	0.995208	-0.0977778	0	None	None
ChainingRodShaped	13348	3.10621	0.5	-42.5544	71.2289	0	0.722472	0.6914	0	None	None
ChainingRodShaped	13350	3.87413	0.5	102.244	65.7808	0	0.560231	-0.828337	0	None	None
ChainingRodShaped	13352	3.31906	0.5	-18.6351	6.33228	0	0.0280602	-0.999606	0	None	None
ChainingRodShaped	13354	4.29938	0.5	-86.5648	53.3058	0	0.994607	-0.103711	0	None	None
ChainingRodShaped	13356	4.3468	0.5	37.9567	-36.277	0	-0.986007	-0.166707	0	None	None
ChainingRodShaped	13358	4.52637	0.5	17.1592	58.1036	0	0.945782	0.324802	0	None	None
ChainingRodShaped	13360	4.37089	0.5	-8.13509	-65.0269	0	0.161093	0.986939	0	None	None
ChainingRodShaped	13362	3.32362	0.5	-40.291	-14.9401	0	-0.916293	-0.40051	0	None	None
ChainingRodShaped	13364	3.15149	0.5	-93.3542	20.2154	0	-0.60028	0.79979	0	None	None
ChainingRodShaped	13366	3.50251	0.5	4.69104	122.903	0	0.948045	0.318135	0	None	None
ChainingRodShaped	13368	4.14976	0.5	-63.4828	-33.3085	0	0.718346	-0.695686	0	None	None
ChainingRodShaped	13370	4.43446	0.5	89.1733	39.1751	0	-0.97234	-0.233572	0	None	None
ChainingRodShaped	13372	3.80799	0.5	12.6059	-38.2482	0	0.199276	-0.979943	0	None	None
ChainingRodShaped	13374	4.18968	0.5	-39.7551	56.6306	0	0.258556	-0.965996	0	None	None
ChainingRodShaped	20863	2.0259	0.5	98.0418	52.7216	0	-0.875713	-0.482831	0	None	None
ChainingRodShaped	13378	3.57617	0.5	-61.6325	-18.6619	0	-0.748456	0.663185	0	None	None
ChainingRodShaped	13380	3.08331	0.5	26.0009	42.9875	0	0.411608	-0.911361	0	None	None
ChainingRodShaped	13382	4.89014	0.5	-17.7802	-29.7483	0	-0.647079	-0.762423	0	None	None
ChainingRodShaped	13384	4.08603	0.5	-29.1858	113.781	0	0.999956	-0.00937117	0	None	None
ChainingRodShaped	13386	4.42495	0.5	10.5793	42.3135	0	0.755721	0.654894	0	None	None
ChainingRodShaped	13388	3.2658	0.5	29.4838	102.411	0	-0.18199	-0.9833	0	None	None
ChainingRodShaped	13390	4.59557	0.5	-42.7338	86.8737	0	-0.938903	-0.344181	0	None	None
ChainingRodShaped	13392	4.26716	0.5	-36.6419	26.4228	0	0.939065	0.343739	0	None	None
ChainingRodShaped	13394	4.49301	0.5	25.2068	78.8771	0	0.996946	0.0780992	0	None	None
ChainingRodShaped	13396	4.82529	0.5	84.6351	8.36865	0	0.998168	-0.0605104	0	None	None
ChainingRodShaped	13398	3.79182	0.5	66.4118	44.0291	0	-0.978736	-0.205124	0	None	None
ChainingRodShaped	13400	4.77493	0.5	-53.7435	19.7234	0	0.985037	-0.172342	0	None	None
ChainingRodShaped	13402	4.62222	0.5	-7.15181	84.2679	0	0.551565	-0.834132	0	None	None
ChainingRodShaped	20925	2.00652	0.5	-80.6378	16.6063	0	-0.252216	0.967671	0	None	None
ChainingRodShaped	13406	4.18707	0.5	-68.1709	88.7292	0	0.732844	0.680396	0	None	None
ChainingRodShaped	13408	3.40603	0.5	25.8961	-16.3731	0	0.946444	-0.322869	0	None	None
ChainingRodShaped	13410	4.02305	0.5	77.0547	65.0874	0	-0.175641	0.984454	0	None	None
ChainingRodShaped	13412	4.80269	0.5	41.3911	22.5757	0	0.981265	0.192662	0	None	None
ChainingRodShaped	13414	4.81004	0.5	58.1185	3.60021	0	-0.934739	-0.355335	0	None	None
ChainingRodShaped	13416	4.28412	0.5	105.857	71.1891	0	0.772308	-0.635248	0	None	None
ChainingRodShaped	13418	3.96921	0.5	11.4652	78.7204	0	0.868202	0.496212	0	None	None
ChainingRodShaped	13420	3.2615	0.5	-43.728	-56.1415	0	0.999169	0.0407714	0	None	None
ChainingRodShaped	13422	3.40483	0.5	84.2903	9.13765	0	0.997745	-0.0671184	0	None	None
ChainingRodShaped	13424	3.69993	0.5	-8.11091	-11.9554	0	-0.85116	-0.524906	0	None	None
ChainingRodShaped	13426	4.93872	0.5	24.0051	74.6825	0	-0.396736	0.917933	0	None	None
ChainingRodShaped	13428	3.76383	0.5	42.8409	-54.0364	0	0.922541	0.3859	0	None	None
ChainingRodShaped	13430	4.03288	0.5	57.1016	60.632	0	-0.808462	-0.588549	0	None	None
ChainingRodShaped	13432	4.47934	0.5	59.3357	10.2364	0	0.545542	0.838084	0	None	None
ChainingRodShaped	13434	3.3777	0.5	77.5798	106.186	0	0.835462	-0.549548	0	None	None
ChainingRodShaped	13436	3.79084	0.5	42.2183	-2.66585	0	-0.362499	-0.931984	0	None	None
ChainingRodShaped	13438	3.15615	0.5	-8.28221	-73.7518	0	-0.582137	0.81309	0	None	None
ChainingRodShaped	20943	2.00383	0.5	10.5104	-18.2883	0	0.99959	0.0286175	0	None	None
ChainingRodShaped	13442	3.74914	0.5	-48.9418	-11.0082	0	-0.729303	-0.684191	0	None	None
ChainingRodShaped	13444	3.86267	0.5	-21.524	93.5571	0	0.308192	-0.951324	0	None	None
ChainingRodShaped	13446	4.06324	0.5	67.6587	102.685	0	0.745657	0.66633	0	None	None
ChainingRodShaped	13448	4.93773	0.5	67.0019	6.63859	0	0.82331	-0.567591	0	None	None
ChainingRodShaped	13450	3.89804	0.5	8.0374	51.7907	0	0.783457	0.621446	0	None	None
ChainingRodShaped	13452	3.89399	0.5	-79.2102	14.3755	0	-0.218849	0.975759	0	None	None
ChainingRodShaped	13454	3.13336	0.5	0.500253	116.4	0	0.908468	0.417954	0	None	None
ChainingRodShaped	13456	4.72946	0.5	-48.1878	21.5422	0	-0.304954	0.952367	0	None	None
ChainingRodShaped	13458	3.09941	0.5	-36.6163	-31.8211	0	-0.245038	-0.969513	0	None	None
ChainingRodShaped	13460	3.09591	0.5	-46.1677	-7.25516	0	-0.729286	-0.684209	0	None	None
ChainingRodShaped	13462	3.3363	0.5	-46.0073	51.3394	0	-0.145695	0.98933	0	None	None
ChainingRodShaped	13464	3.71303	0.5	46.7148	-15.5784	0	-0.531104	-0.847307	0	None	None
ChainingRodShaped	13466	4.76758	0.5	-23.5706	-22.5615	0	0.270855	-0.96262	0	None	None
ChainingRodShaped	13468	4.63937	0.5	47.6441	32.1688	0	0.999952	0.00983356	0	None	None
ChainingRodShaped	13470	4.90673	0.5	35.345	2.63218	0	-0.400244	-0.916409	0	None	None
ChainingRodShaped	13472	4.55531	0.5	53.2797	11.9978	0	-0.572207	-0.820109	0	None	None
ChainingRodShaped	13474	4.00654	0.5	92.685	63.1405	0	-0.387071	-0.92205	0	None	None
ChainingRodShaped	13476	4.4162	0.5	20.0355	37.7862	0	0.475466	-0.879734	0	None	None
ChainingRodShaped	13478	3.23316	0.5	-38.0034	12.6919	0	0.851621	0.524157	0	None	None
ChainingRodShaped	13480	3.84263	0.5	61.4843	-41.497	0	0.405994	0.913876	0	None	None
ChainingRodShaped	13482	4.65919	0.5	69.1673	-54.2058	0	0.23097	0.972961	0	None	None
ChainingRodShaped	13484	3.48483	0.5	-73.4325	52.3433	0	0.907583	-0.419873	0	None	None
ChainingRodShaped	13486	3.58744	0.5	-7.865	60.3695	0	0.960191	-0.279343	0	None	None
ChainingRodShaped	13488	4.28937	0.5	-2.02867	103.864	0	0.978844	0.20461	0	None	None
ChainingRodShaped	13490	3.12414	0.5	76.5021	23.0403	0	-0.845986	0.533205	0	None	None
ChainingRodShaped	13492	3.45333	0.5	-61.9429	75.4505	0	0.386248	0.922395	0	None	None
ChainingRodShaped	13494	3.16236	0.5	-66.9569	-12.3894	0	0.853436	-0.521198	0	None	None
ChainingRodShaped	13496	3.44502	0.5	19.985	84.889	0	0.998986	0.0450295	0	None	None
ChainingRodShaped	13498	4.34808	0.5	-52.0321	85.7196	0	0.552127	0.83376	0	None	None
ChainingRodShaped	13500	4.78924	0.5	-15.485	1.54596	0	0.99038	0.138373	0	None	None
ChainingRodShaped	13502	4.24596	0.5	84.3229	53.2716	0	-0.571369	-0.820693	0	None	None
ChainingRodShaped	13504	3.26418	0.5	-52.0016	113.936	0	0.916164	0.400803	0	None	None
ChainingRodShaped	13506	4.63221	0.5	-17.504	-57.6889	0	-0.165381	-0.98623	0	None	None
ChainingRodShaped	13508	4.2263	0.5	56.5691	100.607	0	0.0779732	-0.996955	0	None	None
ChainingRodShaped	13510	4.27632	0.5	-22.502	37.9029	0	0.880755	-0.473573	0	None	None
ChainingRodShaped	13512	3.86111	0.5	-32.7829	-16.9695	0	0.286286	-0.958144	0	None	None
ChainingRodShaped	13514	3.49636	0.5	-60.1672	-14.4833	0	-0.14885	-0.98886	0	None	None
ChainingRodShaped	13516	3.58677	0.5	57.7451	-51.0763	0	0.625975	0.779843	0	None	None
ChainingRodShaped	13518	3.03428	0.5	-77.6828	-22.3495	0	0.928444	-0.371473	0	None	None
ChainingRodShaped	13520	3.64192	0.5	76.4216	41.7895	0	-0.999975	-0.00707715	0	None	None
ChainingRodShaped	13522	4.48977	0.5	10.6875	34.8923	0	0.991435	-0.130599	0	None	None
ChainingRodShaped	13524	3.8857	0.5	-41.2514	46.7464	0	-0.276458	0.961026	0	None	None
ChainingRodShaped	13526	3.97134	0.5	58.8542	13.3021	0	-0.527651	-0.849461	0	None	None
ChainingRodShaped	13528	3.01156	0.5	-27.0279	40.5932	0	-0.851072	-0.525048	0	None	None
ChainingRodShaped	13530	3.35769	0.5	-11.3082	-33.1455	0	0.381185	-0.924499	0	None	None
ChainingRodShaped	13532	4.63679	0.5	38.5999	105.101	0	0.786099	0.618101	0	None	None
ChainingRodShaped	13534	4.10661	0.5	-12.1576	7.82104	0	0.781429	-0.623994	0	None	None
ChainingRodShaped	13536	4.02784	0.5	41.9822	78.9221	0	0.902805	0.43005	0	None	None
ChainingRodShaped	13538	3.51948	0.5	75.94	17.2641	0	0.811353	-0.584557	0	None	None
ChainingRodShaped	13540	4.8317	0.5	63.7944	11.6315	0	-0.988224	0.153012	0	None	None
ChainingRodShaped	13542	3.47675	0.5	-37.1447	122.86	0	-0.240378	0.970679	0	None	None
ChainingRodShaped	13544	3.64773	0.5	31.2537	54.2859	0	0.809092	0.587682	0	None	None
ChainingRodShaped	13546	4.92461	0.5	9.84357	25.0357	0	0.996098	-0.08825	0	None	None
ChainingRodShaped	13548	3.86381	0.5	-61.8058	23.8804	0	-0.999784	0.0208066	0	None	None
ChainingRodShaped	13550	3.65757	0.5	34.1387	-35.2983	0	-0.971854	-0.235583	0	None	None
ChainingRodShaped	13552	3.72668	0.5	-1.33602	30.4614	0	-0.97768	-0.2101	0	None	None
ChainingRodShaped	13554	3.21742	0.5	61.403	23.2547	0	-0.883525	0.468384	0	None	None
ChainingRodShaped	13556	4.2027	0.5	16.2773	38.1502	0	-0.526946	0.849899	0	None	None
ChainingRodShaped	13558	4.25911	0.5	22.286	-7.44753	0	0.964336	-0.26468	0	None	None
ChainingRodShaped	13560	3.76493	0.5	50.3163	87.3642	0	0.338877	-0.940831	0	None	None
ChainingRodShaped	13562	3.49741	0.5	-43.1495	-39.2475	0	0.342535	-0.939505	0	None	None
ChainingRodShaped	13564	3.38626	0.5	-26.4139	-45.1583	0	0.868124	0.496348	0	None	None
ChainingRodShaped	13566	4.21983	0.5	22.0291	111.97	0	0.331428	-0.943481	0	None	None
ChainingRodShaped	13568	4.95747	0.5	-62.4884	67.6027	0	0.381491	0.924372	0	None	None
ChainingRodShaped	13570	4.35695	0.5	52.4739	90.2017	0	0.337057	-0.941484	0	None	None
ChainingRodShaped	13572	3.5586	0.5	-39.4748	77.7342	0	-0.92779	-0.373102	0	None	None
ChainingRodShaped	13574	3.43671	0.5	54.3357	24.38	0	-0.824939	-0.565222	0	None	None
ChainingRodShaped	13576	3.5324	0.5	28.5513	-53.7676	0	-0.681744	-0.731591	0	None	None
ChainingRodShaped	13578	3.71912	0.5	33.4091	-8.2751	0	0.956893	-0.290439	0	None	None
ChainingRodShaped	13580	4.16941	0.5	-37.3543	113.508	0	0.792644	0.609684	0	None	None
ChainingRodShaped	13582	3.64002	0.5	-38.0977	-54.1466	0	-0.923932	-0.382558	0	None	None
ChainingRodShaped	13584	3.68326	0.5	-16.479	20.9986	0	0.915455	-0.402421	0	None	None
ChainingRodShaped	13586	4.18915	0.5	64.1289	86.8876	0	0.381179	-0.924501	0	None	None
ChainingRodShaped	13588	3.217	0.5	-45.673	-45.5708	0	0.247981	-0.968765	0	None	None
ChainingRodShaped	13590	3.81489	0.5	86.6011	30.1242	0	0.722867	0.690987	0	None	None
ChainingRodShaped	13592	4.45719	0.5	-59.8176	80.1386	0	0.714737	0.699393	0	None	None
ChainingRodShaped	13594	3.75609	0.5	-10.0164	-68.7839	0	0.303434	0.952852	0	None	None
ChainingRodShaped	13596	4.67171	0.5	-15.9047	116.433	0	-0.397055	-0.917795	0	None	None
ChainingRodShaped	13598	3.52144	0.5	19.5231	83.6289	0	0.999692	0.0248157	0	None	None
ChainingRodShaped	13600	4.77999	0.5	28.3161	104.814	0	-0.195617	-0.98068	0	None	None
ChainingRodShaped	13602	4.15934	0.5	-50.9789	-31.7503	0	-0.63272	-0.774381	0	None	None
ChainingRodShaped	13604	4.85277	0.5	103.127	9.62133	0	-0.62866	0.77768	0	None	None
ChainingRodShaped	13606	3.69131	0.5	-28.5618	104.042	0	-0.17841	0.983956	0	None	None
ChainingRodShaped	13608	4.3076	0.5	30.196	10.3475	0	-0.548633	0.836063	0	None	None
ChainingRodShaped	13610	4.50301	0.5	-16.8566	43.7218	0	0.666891	-0.745156	0	None	None
ChainingRodShaped	13612	3.37132	0.5	73.5384	-20.7218	0	0.0834834	-0.996509	0	None	None
ChainingRodShaped	13614	3.99557	0.5	2.22012	76.5626	0	0.894182	-0.447703	0	None	None
ChainingRodShaped	13616	3.26404	0.5	16.0183	-39.8745	0	-0.254493	0.967075	0	None	None
ChainingRodShaped	13618	3.61411	0.5	-12.7859	15.2543	0	-0.436682	-0.899616	0	None	None
ChainingRodShaped	13620	4.76155	0.5	70.891	91.7891	0	0.0858555	0.996308	0	None	None
ChainingRodShaped	13622	4.25749	0.5	52.0621	3.98566	0	0.958358	0.285568	0	None	None
ChainingRodShaped	13624	3.85445	0.5	56.253	-57.3951	0	0.997127	0.0757508	0	None	None
ChainingRodShaped	13626	3.19024	0.5	-28.4827	-20.7409	0	-0.309496	0.950901	0	None	None
ChainingRodShaped	13628	3.61701	0.5	-28.5982	108.775	0	-0.787966	0.615718	0	None	None
ChainingRodShaped	13630	4.50372	0.5	42.5299	40.2327	0	0.896525	0.442993	0	None	None
ChainingRodShaped	13632	4.30976	0.5	55.0626	56.9986	0	0.967548	0.252688	0	None	None
ChainingRodShaped	13634	4.58196	0.5	37.0499	7.5343	0	-0.579148	-0.815222	0	None	None
ChainingRodShaped	13636	4.43757	0.5	-67.0903	-1.11736	0	-0.179493	0.983759	0	None	None
ChainingRodShaped	13638	4.19751	0.5	-15.7545	21.4384	0	0.919434	-0.393245	0	None	None
ChainingRodShaped	13640	3.1087	0.5	96.662	34.1176	0	0.998198	0.0600092	0	None	None
ChainingRodShaped	13642	4.78941	0.5	-28.8052	-0.814972	0	0.122259	-0.992498	0	None	None
ChainingRodShaped	13644	4.80919	0.5	-84.4569	-11.9959	0	-0.76093	-0.648834	0	None	None
ChainingRodShaped	13646	4.25286	0.5	26.3336	66.048	0	0.700585	0.713569	0	None	None
ChainingRodShaped	13648	3.59114	0.5	-44.3323	-40.9812	0	0.339604	-0.940568	0	None	None
ChainingRodShaped	13650	4.07066	0.5	-43.8639	104.224	0	0.973423	-0.229015	0	None	None
ChainingRodShaped	13652	4.40957	0.5	-10.4211	-50.8896	0	-0.148561	-0.988903	0	None	None
ChainingRodShaped	13654	3.93107	0.5	2.16445	82.5393	0	0.515793	-0.856713	0	None	None
ChainingRodShaped	13656	4.55962	0.5	-28.9408	74.9377	0	-0.400762	-0.916182	0	None	None
ChainingRodShaped	13658	3.33656	0.5	-3.79782	-24.7653	0	0.507842	-0.861451	0	None	None
ChainingRodShaped	13660	4.91392	0.5	32.9659	110.706	0	-0.227188	-0.973851	0	None	None
ChainingRodShaped	13662	4.88717	0.5	-91.9594	7.41016	0	-0.761349	0.648343	0	None	None
ChainingRodShaped	13664	4.24821	0.5	-89.2178	1.4935	0	0.978181	-0.207757	0	None	None
ChainingRodShaped	13666	3.09963	0.5	-20.5562	86.9516	0	-0.329092	0.944298	0	None	None
ChainingRodShaped	13668	4.49755	0.5	82.4474	3.34361	0	0.9922	0.124658	0	None	None
ChainingRodShaped	13670	4.80065	0.5	75.0521	-46.7253	0	0.529562	-0.848271	0	None	None
ChainingRodShaped	13672	4.89742	0.5	66.5875	90.625	0	0.128334	0.991731	0	None	None
ChainingRodShaped	13674	4.7987	0.5	50.4253	38.1723	0	0.996144	-0.0877311	0	None	None
ChainingRodShaped	13676	3.98109	0.5	-17.0815	71.2503	0	-0.831964	0.55483	0	None	None
ChainingRodShaped	13678	2.98859	0.5	-58.2102	36.0035	0	0.871896	0.489692	0	None	None
ChainingRodShaped	13680	3.22769	0.5	12.665	-67.7135	0	0.97885	-0.20458	0	None	None
ChainingRodShaped	13682	3.79426	0.5	-83.0018	-11.9725	0	-0.754406	-0.656408	0	None	None
ChainingRodShaped	13684	3.19331	0.5	-27.5841	-30.9542	0	-0.050131	0.998743	0	None	None
ChainingRodShaped	13686	3.59773	0.5	35.5121	-11.3191	0	0.950125	-0.31187	0	None	None
ChainingRodShaped	13688	4.05657	0.5	81.0348	34.7271	0	-0.967116	-0.254335	0	None	None
ChainingRodShaped	13690	3.24065	0.5	-85.2235	17.0608	0	-0.61028	0.792186	0	None	None
ChainingRodShaped	13692	4.08831	0.5	25.2007	91.4753	0	0.992157	0.124995	0	None	None
ChainingRodShaped	13694	3.36709	0.5	36.3005	13.9203	0	-0.725265	-0.68847	0	None	None
ChainingRodShaped	13696	4.25858	0.5	-13.7693	7.48961	0	0.793657	-0.608365	0	None	None
ChainingRodShaped	13698	3.35443	0.5	29.9541	-6.3227	0	-0.845358	-0.5342	0	None	None
ChainingRodShaped	13700	4.11697	0.5	12.7763	127.228	0	0.883117	0.469153	0	None	None
ChainingRodShaped	13702	4.1962	0.5	33.0445	-36.3674	0	-0.973826	-0.227294	0	None	None
ChainingRodShaped	13704	3.53636	0.5	2.08208	-12.4685	0	0.851113	-0.524982	0	None	None
ChainingRodShaped	13706	3.72439	0.5	6.80999	3.46556	0	-0.470405	-0.88245	0	None	None
ChainingRodShaped	13708	3.63948	0.5	53.6722	45.828	0	-0.925467	-0.378828	0	None	None
ChainingRodShaped	13710	3.32161	0.5	-49.0937	7.51855	0	0.991046	-0.133524	0	None	None
ChainingRodShaped	13712	3.83151	0.5	1.59664	76.0564	0	0.892631	-0.450788	0	None	None
ChainingRodShaped	13714	4.11784	0.5	75.3749	49.5632	0	0.621107	0.783726	0	None	None
ChainingRodShaped	13716	4.76328	0.5	-38.4531	55.0458	0	0.262173	-0.965021	0	None	None
ChainingRodShaped	13718	3.06909	0.5	64.95	73.1492	0	0.640724	0.767771	0	None	None
ChainingRodShaped	13720	3.74483	0.5	-1.50671	-24.1223	0	-0.49015	0.871638	0	None	None
ChainingRodShaped	13722	3.43744	0.5	66.5305	27.846	0	0.848015	-0.529973	0	None	None
ChainingRodShaped	13724	4.49452	0.5	48.1941	77.9497	0	-0.165336	-0.986237	0	None	None
ChainingRodShaped	13726	3.94948	0.5	65.039	86.7456	0	0.371915	-0.928267	0	None	None
ChainingRodShaped	13728	4.43836	0.5	77.8506	38.3547	0	-0.993204	0.116386	0	None	None
ChainingRodShaped	13730	3.6385	0.5	8.77622	-23.1466	0	-0.998156	0.0607036	0	None	None
ChainingRodShaped	13732	3.90177	0.5	85.42	34.1856	0	0.733803	0.679362	0	None	None
ChainingRodShaped	13734	4.70453	0.5	-7.56136	60.9506	0	0.962915	-0.269806	0	None	None
ChainingRodShaped	13736	3.65634	0.5	-40.7903	64.7688	0	0.171724	-0.985145	0	None	None
ChainingRodShaped	13738	3.12209	0.5	72.308	109.725	0	-0.939037	-0.343815	0	None	None
ChainingRodShaped	13740	3.46505	0.5	-16.0475	107.72	0	-0.0194159	-0.999811	0	None	None
ChainingRodShaped	13742	3.59798	0.5	-18.8579	103.24	0	0.216586	-0.976264	0	None	None
ChainingRodShaped	13744	4.65478	0.5	93.3764	20.189	0	0.860946	-0.508697	0	None	None
ChainingRodShaped	13746	4.41831	0.5	32.6846	81.8855	0	0.990083	0.140482	0	None	None
ChainingRodShaped	13748	3.54167	0.5	99.4753	73.8327	0	0.188034	-0.982162	0	None	None
ChainingRodShaped	13750	4.49831	0.5	17.6815	80.5486	0	0.795189	0.606362	0	None	None
ChainingRodShaped	13752	4.18613	0.5	25.2398	12.5327	0	-0.357712	0.933832	0	None	None
ChainingRodShaped	13754	4.75261	0.5	26.7036	-58.4729	0	0.249206	-0.96845	0	None	None
ChainingRodShaped	13756	4.17731	0.5	33.661	71.9736	0	0.6612	0.750209	0	None	None
ChainingRodShaped	13758	3.11824	0.5	-70.7177	-21.4297	0	0.774999	-0.631962	0	None	None
ChainingRodShaped	13760	4.09103	0.5	99.1772	64.3847	0	0.276952	-0.960884	0	None	None
ChainingRodShaped	13762	3.43896	0.5	-39.9872	2.84402	0	-0.919592	-0.392874	0	None	None
ChainingRodShaped	13764	3.59564	0.5	38.0472	66.1413	0	-0.255785	-0.966734	0	None	None
ChainingRodShaped	13766	3.79605	0.5	-3.86007	120.459	0	0.0410429	0.999157	0	None	None
ChainingRodShaped	13768	3.53034	0.5	15.0998	-42.5235	0	0.238097	-0.971241	0	None	None
ChainingRodShaped	13770	3.02457	0.5	-76.7364	38.4444	0	0.997624	0.068887	0	None	None
ChainingRodShaped	13772	3.94994	0.5	-11.5486	-53.2661	0	-0.158963	-0.987284	0	None	None
ChainingRodShaped	13774	3.65674	0.5	46.854	-48.9116	0	0.998773	-0.0495178	0	None	None
ChainingRodShaped	13776	4.08557	0.5	-62.3539	-31.8805	0	0.71465	-0.699483	0	None	None
ChainingRodShaped	13778	3.23221	0.5	23.1803	96.5963	0	-0.969176	-0.246371	0	None	None
ChainingRodShaped	13780	3.81673	0.5	-69.2604	3.02886	0	-0.835655	0.549255	0	None	None
ChainingRodShaped	13782	4.78406	0.5	47.4217	24.4551	0	-0.809996	-0.586435	0	None	None
ChainingRodShaped	13784	3.0501	0.5	63.7587	31.1654	0	0.836205	-0.548417	0	None	None
ChainingRodShaped	13786	3.83161	0.5	-58.2722	79.1761	0	0.710677	0.703519	0	None	None
ChainingRodShaped	13788	3.12874	0.5	-14.92	-74.6386	0	0.982776	-0.184801	0	None	None
ChainingRodShaped	13790	4.58272	0.5	-21.0869	-35.0592	0	-0.733357	-0.679844	0	None	None
ChainingRodShaped	13792	4.3156	0.5	71.5528	110.403	0	-0.935561	-0.353165	0	None	None
ChainingRodShaped	13794	3.99265	0.5	-20.7369	57.0745	0	0.81508	-0.579349	0	None	None
ChainingRodShaped	13796	4.79643	0.5	26.289	-47.9124	0	0.953257	0.302159	0	None	None
ChainingRodShaped	13798	4.74304	0.5	-0.289958	30.0378	0	-0.979607	-0.200926	0	None	None
ChainingRodShaped	13800	4.47561	0.5	-24.5268	6.59955	0	-0.0267896	0.999641	0	None	None
ChainingRodShaped	13802	3.75566	0.5	61.4048	107.589	0	-0.274841	-0.96149	0	None	None
ChainingRodShaped	13804	4.62365	0.5	32.8726	114.43	0	-0.173908	-0.984762	0	None	None
ChainingRodShaped	13806	3.08915	0.5	13.5393	-1.58387	0	0.13953	-0.990218	0	None	None
ChainingRodShaped	13808	2.99133	0.5	26.3451	124.721	0	0.265286	-0.96417	0	None	None
ChainingRodShaped	13810	3.35187	0.5	-23.7801	1.95249	0	0.385048	-0.922897	0	None	None
ChainingRodShaped	13812	3.29481	0.5	78.7414	11.4547	0	0.999968	-0.0079579	0	None	None
ChainingRodShaped	13814	4.06897	0.5	-53.1141	-22.1219	0	-0.615531	-0.788113	0	None	None
ChainingRodShaped	13816	3.22605	0.5	42.5228	14.7791	0	0.745411	0.666605	0	None	None
ChainingRodShaped	13818	4.27588	0.5	-8.37481	2.88167	0	0.991152	0.132734	0	None	None
ChainingRodShaped	13820	4.03214	0.5	-52.7505	112.572	0	0.921721	0.387854	0	None	None
ChainingRodShaped	13822	3.48654	0.5	58.3134	2.14182	0	-0.937767	-0.347265	0	None	None
ChainingRodShaped	13824	3.63714	0.5	56.4018	60.9691	0	-0.802578	-0.596548	0	None	None
ChainingRodShaped	13826	4.01149	0.5	88.3606	53.4107	0	-0.414221	-0.910176	0	None	None
ChainingRodShaped	13828	3.24011	0.5	15.9358	71.1685	0	0.835013	-0.550231	0	None	None
ChainingRodShaped	13830	3.76703	0.5	-74.3056	64.9392	0	-0.451526	0.892258	0	None	None
ChainingRodShaped	13832	3.4852	0.5	32.175	-64.2787	0	-0.361108	0.932524	0	None	None
ChainingRodShaped	13834	4.4607	0.5	10.4132	-46.0333	0	0.241273	-0.970457	0	None	None
ChainingRodShaped	13836	2.98587	0.5	85.5162	78.4392	0	0.991988	-0.126335	0	None	None
ChainingRodShaped	13838	4.1093	0.5	79.7782	88.699	0	0.48265	-0.875813	0	None	None
ChainingRodShaped	13840	4.19144	0.5	-2.11383	40.7854	0	0.647361	-0.762183	0	None	None
ChainingRodShaped	13842	3.62513	0.5	-89.722	-4.72811	0	-0.938955	0.344039	0	None	None
ChainingRodShaped	13844	3.51596	0.5	55.8977	36.8183	0	0.973723	-0.227737	0	None	None
ChainingRodShaped	13846	3.72971	0.5	-33.757	18.5399	0	-0.469463	0.882952	0	None	None
ChainingRodShaped	13848	4.02673	0.5	56.8483	-24.9126	0	0.450201	0.892927	0	None	None
ChainingRodShaped	13850	4.35609	0.5	-31.5612	18.6016	0	-0.46041	0.887706	0	None	None
ChainingRodShaped	13852	4.47543	0.5	14.3072	3.66213	0	-0.468047	-0.883704	0	None	None
ChainingRodShaped	13854	4.43137	0.5	44.9487	3.96081	0	-0.57235	-0.820009	0	None	None
ChainingRodShaped	13856	4.10937	0.5	-31.9007	-22.0948	0	-0.312951	0.949769	0	None	None
ChainingRodShaped	13858	2.95685	0.5	15.1345	22.4496	0	-0.994169	0.107834	0	None	None
ChainingRodShaped	13860	4.79235	0.5	81.8724	82.461	0	0.561299	-0.827613	0	None	None
ChainingRodShaped	13862	4.79507	0.5	-57.3586	77.698	0	0.696503	0.717553	0	None	None
ChainingRodShaped	13864	4.4506	0.5	-17.5344	-52.6108	0	-0.139016	-0.99029	0	None	None
ChainingRodShaped	13866	3.21888	0.5	26.9818	61.0842	0	0.690339	0.723486	0	None	None
ChainingRodShaped	13868	3.28591	0.5	-40.7351	-7.65267	0	-0.756932	-0.653493	0	None	None
ChainingRodShaped	13870	4.09886	0.5	-76.9545	-17.7453	0	0.0262865	-0.999654	0	None	None
ChainingRodShaped	13872	3.60467	0.5	17.6578	-43.8635	0	-0.445362	0.895351	0	None	None
ChainingRodShaped	13874	3.68763	0.5	-71.9205	-18.5398	0	0.862394	-0.506238	0	None	None
ChainingRodShaped	13876	3.62662	0.5	-61.1035	-47.5875	0	0.725428	0.688298	0	None	None
ChainingRodShaped	13878	4.60343	0.5	-69.0716	-14.0218	0	-0.840563	0.541714	0	None	None
ChainingRodShaped	13880	3.68727	0.5	-17.9395	39.1928	0	-0.943224	0.332156	0	None	None
ChainingRodShaped	13882	4.79257	0.5	-52.1673	-24.8892	0	-0.606094	-0.795393	0	None	None
ChainingRodShaped	13884	3.6376	0.5	101.549	35.2294	0	0.996729	0.0808129	0	None	None
ChainingRodShaped	13886	3.12669	0.5	47.6621	69.024	0	-0.155218	-0.98788	0	None	None
ChainingRodShaped	13888	4.09508	0.5	101.504	82.0714	0	-0.809347	0.587331	0	None	None
ChainingRodShaped	13890	4.07857	0.5	36.826	-61.7476	0	0.733794	0.679372	0	None	None
ChainingRodShaped	13892	4.5507	0.5	8.52997	53.878	0	0.807037	0.590501	0	None	None
ChainingRodShaped	13894	3.36647	0.5	-3.82327	16.3836	0	-0.748564	-0.663062	0	None	None
ChainingRodShaped	13896	3.9851	0.5	42.4334	36.0772	0	-0.876149	-0.482041	0	None	None
ChainingRodShaped	13898	3.17548	0.5	59.6079	9.4409	0	0.551277	0.834322	0	None	None
ChainingRodShaped	13900	4.43122	0.5	-89.4748	11.9767	0	-0.602624	0.798025	0	None	None
ChainingRodShaped	13902	3.5959	0.5	-58.9915	89.2453	0	0.46204	0.886859	0	None	None
ChainingRodShaped	13904	3.93797	0.5	-12.4647	83.5436	0	0.49533	-0.868705	0	None	None
ChainingRodShaped	13906	4.28572	0.5	-1.11254	-7.56095	0	-0.538703	0.842495	0	None	None
ChainingRodShaped	13908	4.27207	0.5	48.3585	-64.916	0	0.940506	0.339778	0	None	None
ChainingRodShaped	13910	4.72535	0.5	42.1984	-6.08027	0	0.983166	-0.182714	0	None	None
ChainingRodShaped	13912	3.25874	0.5	-47.2407	-36.6109	0	0.601904	0.798568	0	None	None
ChainingRodShaped	13914	3.33235	0.5	-63.86	42.6239	0	0.960102	0.279651	0	None	None
ChainingRodShaped	13916	3.90032	0.5	41.0551	105.857	0	0.782279	0.622928	0	None	None
ChainingRodShaped	13918	2.96764	0.5	8.84138	37.8698	0	0.982341	-0.187099	0	None	None
ChainingRodShaped	13920	3.97848	0.5	-31.7485	64.5091	0	-0.111114	-0.993808	0	None	None
ChainingRodShaped	13922	3.73976	0.5	95.7358	69.67	0	0.301142	-0.953579	0	None	None
ChainingRodShaped	13924	3.45399	0.5	-6.5841	102.745	0	0.973001	0.230802	0	None	None
ChainingRodShaped	13926	3.9399	0.5	-21.0981	130.803	0	0.958677	0.284496	0	None	None
ChainingRodShaped	13928	4.42919	0.5	-23.7754	68.1425	0	0.89913	0.437682	0	None	None
ChainingRodShaped	13930	3.25732	0.5	-62.1017	-4.21628	0	-0.926121	-0.377226	0	None	None
ChainingRodShaped	13932	4.19034	0.5	-3.01516	-11.4038	0	-0.547417	0.83686	0	None	None
ChainingRodShaped	13934	4.59247	0.5	-28.5682	24.3527	0	0.690748	-0.723095	0	None	None
ChainingRodShaped	13936	3.58446	0.5	-60.767	67.314	0	0.369685	0.929157	0	None	None
ChainingRodShaped	13938	3.43326	0.5	17.8	-40.6289	0	-0.350302	0.936637	0	None	None
ChainingRodShaped	13940	3.81614	0.5	-32.5349	-6.83951	0	-0.130024	-0.991511	0	None	None
ChainingRodShaped	13942	3.86524	0.5	34.3215	33.51	0	0.0288648	-0.999583	0	None	None
ChainingRodShaped	13944	4.13065	0.5	92.6953	86.5768	0	0.910537	-0.413427	0	None	None
ChainingRodShaped	13946	4.44659	0.5	-28.2037	-0.57435	0	-0.125564	0.992086	0	None	None
ChainingRodShaped	13948	4.35874	0.5	3.10427	26.5075	0	0.118943	-0.992901	0	None	None
ChainingRodShaped	13950	2.94923	0.5	90.0547	81.2564	0	-0.237374	0.971418	0	None	None
ChainingRodShaped	13952	3.67752	0.5	-72.0576	86.6205	0	-0.947529	0.319669	0	None	None
ChainingRodShaped	13954	3.96304	0.5	104.271	25.7296	0	0.876182	-0.48198	0	None	None
ChainingRodShaped	13956	3.90437	0.5	68.7736	-31.8833	0	0.322821	-0.94646	0	None	None
ChainingRodShaped	13958	3.62363	0.5	-54.4763	58.9973	0	-0.100919	-0.994895	0	None	None
ChainingRodShaped	13960	3.18943	0.5	-22.7526	47.1898	0	0.897199	-0.441627	0	None	None
ChainingRodShaped	13962	3.27985	0.5	38.5801	12.3173	0	0.701293	0.712873	0	None	None
ChainingRodShaped	13964	3.18312	0.5	-26.2932	-37.2509	0	-0.981816	-0.189835	0	None	None
ChainingRodShaped	13966	3.7661	0.5	-21.0256	122.722	0	0.994198	0.10757	0	None	None
ChainingRodShaped	13968	3.59692	0.5	8.37438	-22.4573	0	-0.997517	0.0704281	0	None	None
ChainingRodShaped	13970	3.28566	0.5	-4.20501	-25.4936	0	0.509541	-0.860447	0	None	None
ChainingRodShaped	13972	3.82848	0.5	37.0962	-44.445	0	0.995265	-0.097201	0	None	None
ChainingRodShaped	13974	4.75476	0.5	-48.6171	62.4648	0	-0.659016	0.752129	0	None	None
ChainingRodShaped	13976	3.18303	0.5	26.1005	66.861	0	0.69921	0.714916	0	None	None
ChainingRodShaped	13978	4.37471	0.5	53.8059	110.492	0	0.98832	0.152394	0	None	None
ChainingRodShaped	13980	3.8328	0.5	99.3418	42.7342	0	-0.862577	-0.505925	0	None	None
ChainingRodShaped	13982	3.74824	0.5	-59.0699	73.6608	0	0.378941	0.925421	0	None	None
ChainingRodShaped	13984	3.05332	0.5	-39.1505	64.9158	0	0.189038	-0.98197	0	None	None
ChainingRodShaped	13986	3.26425	0.5	-70.5429	60.227	0	-0.848324	0.529478	0	None	None
ChainingRodShaped	13988	4.6764	0.5	48.5354	124.16	0	-0.165343	-0.986236	0	None	None
ChainingRodShaped	13990	3.41533	0.5	1.95166	0.395957	0	-0.3168	-0.948492	0	None	None
ChainingRodShaped	13992	3.11251	0.5	68.3974	-2.72005	0	-0.987911	0.155025	0	None	None
ChainingRodShaped	13994	4.48554	0.5	-64.4643	76.0476	0	0.38596	0.922516	0	None	None
ChainingRodShaped	13996	3.93231	0.5	58.5486	78.4482	0	-0.0200535	-0.999799	0	None	None
ChainingRodShaped	13998	4.16962	0.5	67.2898	-9.83809	0	0.411053	-0.911612	0	None	None
ChainingRodShaped	14000	3.81424	0.5	-25.2484	-51.2798	0	-0.630907	-0.775859	0	None	None
ChainingRodShaped	14002	3.65853	0.5	-9.82983	-33.154	0	0.362629	-0.931934	0	None	None
ChainingRodShaped	14004	3.84473	0.5	52.5555	-13.318	0	-0.529554	-0.848276	0	None	None
ChainingRodShaped	14006	4.01846	0.5	35.7966	46.6201	0	0.621294	-0.783577	0	None	None
ChainingRodShaped	14008	4.49249	0.5	-63.7538	48.9145	0	0.954293	-0.298873	0	None	None
ChainingRodShaped	14010	4.17222	0.5	22.092	-8.00811	0	0.961646	-0.274294	0	None	None
ChainingRodShaped	14012	4.34675	0.5	84.2351	46.4792	0	-0.786865	-0.617125	0	None	None
ChainingRodShaped	14014	4.68501	0.5	36.6897	-0.448971	0	-0.49962	-0.866244	0	None	None
ChainingRodShaped	14016	3.35238	0.5	-79.6039	69.4717	0	-0.74311	0.669169	0	None	None
ChainingRodShaped	14018	3.67707	0.5	-1.66616	35.0348	0	-0.811506	0.584344	0	None	None
ChainingRodShaped	14020	4.14359	0.5	-56.8115	30.0502	0	-0.77349	-0.633809	0	None	None
ChainingRodShaped	14022	2.99642	0.5	-9.12646	-18.1407	0	0.596245	-0.802803	0	None	None
ChainingRodShaped	14024	3.54206	0.5	97.6885	17.4401	0	-0.286479	0.958086	0	None	None
ChainingRodShaped	14026	3.86769	0.5	-50.4459	37.9698	0	-0.852577	-0.522602	0	None	None
ChainingRodShaped	14028	3.62958	0.5	42.5658	39.6888	0	0.891931	0.452172	0	None	None
ChainingRodShaped	14030	3.39768	0.5	56.6456	87.8701	0	0.323374	-0.946271	0	None	None
ChainingRodShaped	14032	3.26676	0.5	96.3254	79.2063	0	0.258015	-0.966141	0	None	None
ChainingRodShaped	14034	3.73776	0.5	95.9282	21.4236	0	0.874021	-0.485889	0	None	None
ChainingRodShaped	14036	3.16265	0.5	92.0132	-37.4804	0	-0.679841	-0.733359	0	None	None
ChainingRodShaped	14038	4.07236	0.5	26.6677	47.5582	0	-0.425183	-0.905107	0	None	None
ChainingRodShaped	14040	3.15518	0.5	-11.3088	15.4134	0	-0.454309	-0.890844	0	None	None
ChainingRodShaped	14042	3.03736	0.5	-2.18819	111.724	0	0.714605	0.699529	0	None	None
ChainingRodShaped	14044	3.41754	0.5	-56.3249	66.4226	0	-0.513094	-0.858333	0	None	None
ChainingRodShaped	14046	3.30794	0.5	61.2924	20.8954	0	-0.913751	0.406276	0	None	None
ChainingRodShaped	14048	4.32756	0.5	100.172	2.07302	0	-0.799987	-0.600017	0	None	None
ChainingRodShaped	14050	4.17971	0.5	74.6597	69.1984	0	0.124905	-0.992169	0	None	None
ChainingRodShaped	14052	4.05235	0.5	-72.1153	19.1542	0	0.665238	-0.746631	0	None	None
ChainingRodShaped	14054	3.11573	0.5	-72.0737	-4.72488	0	0.545435	-0.838153	0	None	None
ChainingRodShaped	14056	2.91797	0.5	56.9042	30.1868	0	0.957104	-0.289745	0	None	None
ChainingRodShaped	14058	4.06727	0.5	97.7379	51.5476	0	-0.880495	-0.474055	0	None	None
ChainingRodShaped	14060	2.98397	0.5	2.91213	77.0449	0	0.889646	-0.456651	0	None	None
ChainingRodShaped	14062	3.35765	0.5	32.1688	20.0034	0	0.279003	-0.96029	0	None	None
ChainingRodShaped	14064	4.50586	0.5	-11.8536	-28.9537	0	-0.831475	0.555562	0	None	None
ChainingRodShaped	14066	4.00805	0.5	-7.42187	-39.5202	0	0.974296	-0.22527	0	None	None
ChainingRodShaped	14068	3.64535	0.5	8.5621	37.2461	0	0.980412	-0.196959	0	None	None
ChainingRodShaped	14070	3.49629	0.5	-34.3163	-40.0111	0	-0.996079	-0.0884708	0	None	None
ChainingRodShaped	14072	3.17338	0.5	-52.2849	-7.1166	0	0.915187	0.403028	0	None	None
ChainingRodShaped	14074	4.37214	0.5	-54.012	-53.234	0	0.296896	-0.95491	0	None	None
ChainingRodShaped	14076	3.94062	0.5	111.602	29.5358	0	-0.846877	-0.531789	0	None	None
ChainingRodShaped	14078	3.01503	0.5	14.5813	-55.4026	0	0.231636	-0.972803	0	None	None
ChainingRodShaped	14080	3.69542	0.5	83.7538	17.6563	0	0.867867	-0.496796	0	None	None
ChainingRodShaped	14082	2.92655	0.5	36.7776	-59.3932	0	0.730741	0.682655	0	None	None
ChainingRodShaped	14084	4.04513	0.5	-7.06369	-73.809	0	-0.583302	0.812255	0	None	None
ChainingRodShaped	14086	4.42879	0.5	72.3245	-9.73246	0	-0.359997	0.932954	0	None	None
ChainingRodShaped	14088	3.71647	0.5	46.7031	-41.5086	0	0.993022	-0.117927	0	None	None
ChainingRodShaped	14090	3.43891	0.5	111.476	39.4293	0	0.25843	0.96603	0	None	None
ChainingRodShaped	14092	3.02039	0.5	-27.8031	53.5689	0	0.986182	0.165664	0	None	None
ChainingRodShaped	14094	3.8268	0.5	-31.0342	74.0101	0	-0.418984	-0.907994	0	None	None
ChainingRodShaped	14096	3.28774	0.5	-32.2029	52.2041	0	0.96189	-0.273435	0	None	None
ChainingRodShaped	14098	3.53624	0.5	67.8355	104.016	0	0.740381	0.672188	0	None	None
ChainingRodShaped	14100	4.25012	0.5	48.4654	-25.4772	0	-0.469881	-0.88273	0	None	None
ChainingRodShaped	14102	4.53611	0.5	23.0581	75.3227	0	-0.399551	0.916711	0	None	None
ChainingRodShaped	14104	4.18678	0.5	-43.5079	10.9526	0	0.984199	0.177067	0	None	None
ChainingRodShaped	14106	3.41589	0.5	-46.4692	0.201161	0	0.00223354	-0.999998	0	None	None
ChainingRodShaped	14108	3.77305	0.5	-82.3831	40.7971	0	-0.0953173	-0.995447	0	None	None
ChainingRodShaped	14110	4.20144	0.5	33.514	75.591	0	0.979235	0.202729	0	None	None
ChainingRodShaped	14112	3.15992	0.5	-27.0795	105.17	0	-0.158601	0.987343	0	None	None
ChainingRodShaped	14114	4.13805	0.5	17.4838	-6.22167	0	0.94745	-0.319903	0	None	None
ChainingRodShaped	14116	4.39889	0.5	87.4492	-2.88083	0	-0.540888	-0.841095	0	None	None
ChainingRodShaped	14118	3.57983	0.5	-17.4699	9.7124	0	-0.138133	-0.990414	0	None	None
ChainingRodShaped	14120	3.57404	0.5	113.705	47.2923	0	0.483651	-0.875261	0	None	None
ChainingRodShaped	14122	3.06307	0.5	-64.4411	-43.1669	0	0.384753	0.92302	0	None	None
ChainingRodShaped	14124	3.53519	0.5	68.3741	-38.9809	0	0.228299	-0.973591	0	None	None
ChainingRodShaped	14126	3.81901	0.5	-75.1902	-11.7147	0	-0.470307	0.882503	0	None	None
ChainingRodShaped	14128	4.00163	0.5	-16.4543	89.5517	0	0.136163	-0.990686	0	None	None
ChainingRodShaped	14130	3.74293	0.5	33.8886	24.1772	0	0.843163	0.537658	0	None	None
ChainingRodShaped	14132	3.0697	0.5	-33.6704	-56.2344	0	-0.919742	-0.392524	0	None	None
ChainingRodShaped	14134	4.37218	0.5	-49.6284	71.2623	0	-0.67365	-0.739051	0	None	None
ChainingRodShaped	14136	3.13665	0.5	55.6619	-25.5083	0	0.441227	0.897396	0	None	None
ChainingRodShaped	14138	2.93018	0.5	-63.8201	43.4632	0	0.962842	0.270067	0	None	None
ChainingRodShaped	14140	3.34677	0.5	-75.8034	70.8751	0	0.882537	-0.470244	0	None	None
ChainingRodShaped	14142	3.15372	0.5	33.6007	-32.9148	0	-0.965386	-0.260826	0	None	None
ChainingRodShaped	14144	3.30714	0.5	-39.2067	-46.0575	0	0.465776	-0.884902	0	None	None
ChainingRodShaped	14146	4.0254	0.5	-59.3383	55.5226	0	-0.0651506	0.997875	0	None	None
ChainingRodShaped	14148	3.58526	0.5	3.74704	-40.9828	0	0.611027	-0.79161	0	None	None
ChainingRodShaped	14150	3.24016	0.5	33.0641	-64.0658	0	-0.369201	0.92935	0	None	None
ChainingRodShaped	14152	3.55619	0.5	-11.5181	60.0793	0	0.538687	-0.842506	0	None	None
ChainingRodShaped	14154	4.47544	0.5	6.39836	90.4321	0	-0.701726	-0.712447	0	None	None
ChainingRodShaped	14156	3.6523	0.5	20.2498	28.6387	0	-0.114558	-0.993417	0	None	None
ChainingRodShaped	14158	4.32355	0.5	-0.190705	-73.7464	0	-0.417111	0.908855	0	None	None
ChainingRodShaped	14160	4.43981	0.5	88.9036	10.3063	0	0.887402	0.460996	0	None	None
ChainingRodShaped	14162	4.47819	0.5	72.9024	54.965	0	0.901696	0.432371	0	None	None
ChainingRodShaped	14164	3.2246	0.5	3.33004	93.9639	0	-0.695557	-0.718471	0	None	None
ChainingRodShaped	14166	4.37686	0.5	-32.7117	19.4852	0	-0.451529	0.892257	0	None	None
ChainingRodShaped	14168	2.98676	0.5	-38.1697	44.1925	0	0.39342	-0.919359	0	None	None
ChainingRodShaped	14170	4.412	0.5	-3.56888	71.4407	0	0.862606	-0.505877	0	None	None
ChainingRodShaped	14172	3.34517	0.5	38.998	92.9306	0	0.14216	0.989844	0	None	None
ChainingRodShaped	14174	4.20727	0.5	-10.0068	84.5097	0	0.53766	-0.843161	0	None	None
ChainingRodShaped	14176	3.58848	0.5	-30.1138	6.19364	0	-0.833416	-0.552646	0	None	None
ChainingRodShaped	14178	4.64906	0.5	-25.0704	-28.6538	0	-0.00986788	0.999951	0	None	None
ChainingRodShaped	14180	3.69389	0.5	41.6141	-29.2953	0	-0.15029	-0.988642	0	None	None
ChainingRodShaped	14182	3.4461	0.5	-14.178	58.0266	0	0.567579	-0.823319	0	None	None
ChainingRodShaped	14184	4.21059	0.5	47.8853	-25.0961	0	-0.461032	-0.887383	0	None	None
ChainingRodShaped	14186	3.0289	0.5	23.1006	111.473	0	0.325678	-0.945481	0	None	None
ChainingRodShaped	14188	3.54895	0.5	46.9851	116.646	0	0.938139	0.346259	0	None	None
ChainingRodShaped	14190	3.17699	0.5	-62.4866	4.2331	0	-0.801095	-0.598537	0	None	None
ChainingRodShaped	14192	3.12097	0.5	60.3828	29.0707	0	0.788997	-0.614397	0	None	None
ChainingRodShaped	14194	4.53668	0.5	8.10775	27.0026	0	0.999562	0.0295851	0	None	None
ChainingRodShaped	14196	4.24185	0.5	-64.1245	54.4153	0	-0.731327	0.682027	0	None	None
ChainingRodShaped	14198	3.61168	0.5	7.68373	-9.02128	0	0.47827	-0.878213	0	None	None
ChainingRodShaped	14200	4.4011	0.5	54.6177	21.3579	0	0.0739359	-0.997263	0	None	None
ChainingRodShaped	14202	4.65415	0.5	49.2379	-0.88228	0	0.434443	-0.900699	0	None	None
ChainingRodShaped	14204	4.5813	0.5	82.4659	60.0678	0	0.877994	0.478671	0	None	None
ChainingRodShaped	14206	3.18268	0.5	-13.4219	103.592	0	0.979943	0.19928	0	None	None
ChainingRodShaped	14208	4.56167	0.5	27.4481	-53.684	0	-0.677564	-0.735464	0	None	None
ChainingRodShaped	14210	4.09212	0.5	8.27775	-73.5811	0	0.97798	-0.2087	0	None	None
ChainingRodShaped	14212	3.01679	0.5	-43.2672	100.645	0	0.8688	0.495162	0	None	None
ChainingRodShaped	14214	3.57839	0.5	110.968	2.87336	0	-0.505941	-0.862568	0	None	None
ChainingRodShaped	14216	3.99376	0.5	43.1402	110.55	0	0.665003	0.74684	0	None	None
ChainingRodShaped	14218	3.50888	0.5	-14.839	128.211	0	0.999805	0.0197633	0	None	None
ChainingRodShaped	14220	2.91996	0.5	41.9749	-36.2875	0	-0.965428	-0.260669	0	None	None
ChainingRodShaped	14222	4.21743	0.5	-14.8482	-45.2459	0	-0.166071	-0.986114	0	None	None
ChainingRodShaped	14224	3.48876	0.5	77.4375	72.6274	0	-0.126741	0.991936	0	None	None
ChainingRodShaped	14226	2.93746	0.5	-81.7853	14.3999	0	-0.271572	0.962418	0	None	None
ChainingRodShaped	14228	4.3195	0.5	-16.6678	80.3245	0	-0.827302	0.561758	0	None	None
ChainingRodShaped	14230	3.08211	0.5	-53.5282	48.5532	0	-0.880675	0.473721	0	None	None
ChainingRodShaped	14232	3.71717	0.5	57.2901	4.05451	0	-0.935152	-0.354246	0	None	None
ChainingRodShaped	14234	3.44087	0.5	21.5456	54.5233	0	0.800687	0.599083	0	None	None
ChainingRodShaped	14236	4.52634	0.5	-14.1495	-53.159	0	-0.138711	-0.990333	0	None	None
ChainingRodShaped	14238	4.19263	0.5	-53.2009	14.9376	0	0.984824	-0.173553	0	None	None
ChainingRodShaped	14240	4.60042	0.5	1.15085	108.86	0	0.547026	0.837116	0	None	None
ChainingRodShaped	14242	4.12319	0.5	31.6507	5.6454	0	0.436788	0.899565	0	None	None
ChainingRodShaped	14244	3.20136	0.5	-77.8941	57.4353	0	-0.888763	0.458367	0	None	None
ChainingRodShaped	14246	4.23083	0.5	92.45	-39.792	0	-0.685534	-0.728041	0	None	None
ChainingRodShaped	14248	4.3492	0.5	55.0074	69.1058	0	-0.222538	-0.974924	0	None	None
ChainingRodShaped	14250	4.39359	0.5	33.8002	-49.0557	0	0.889342	-0.457243	0	None	None
ChainingRodShaped	14252	4.1984	0.5	2.75031	53.548	0	0.999058	0.043401	0	None	None
ChainingRodShaped	14254	3.76734	0.5	30.5885	-72.7717	0	0.561006	0.827812	0	None	None
ChainingRodShaped	14256	4.31352	0.5	58.5057	-1.14064	0	-0.31293	-0.949776	0	None	None
ChainingRodShaped	14258	4.49501	0.5	-35.2628	31.6342	0	0.939947	0.34132	0	None	None
ChainingRodShaped	14260	4.25023	0.5	-31.627	-66.7286	0	0.966048	-0.258362	0	None	None
ChainingRodShaped	14262	4.38476	0.5	91.2927	-28.8378	0	0.695201	0.718816	0	None	None
ChainingRodShaped	14264	3.5271	0.5	95.1912	-33.6795	0	-0.0886618	0.996062	0	None	None
ChainingRodShaped	14266	3.14939	0.5	-42.8329	87.6637	0	0.935387	0.353627	0	None	None
ChainingRodShaped	14268	2.94692	0.5	16.2203	9.62378	0	0.179781	-0.983707	0	None	None
ChainingRodShaped	14270	4.16622	0.5	-25.203	-13.9782	0	-0.263327	0.964707	0	None	None
ChainingRodShaped	14272	3.14727	0.5	14.9799	55.5548	0	-0.787006	-0.616945	0	None	None
ChainingRodShaped	14274	4.20359	0.5	-53.5303	89.9259	0	0.436424	0.899741	0	None	None
ChainingRodShaped	14276	3.50355	0.5	-45.4079	83.7404	0	-0.477947	-0.878388	0	None	None
ChainingRodShaped	14278	4.12565	0.5	-47.6596	-31.7482	0	-0.632251	-0.774764	0	None	None
ChainingRodShaped	14280	3.77142	0.5	65.578	-21.2446	0	-0.435769	-0.900059	0	None	None
ChainingRodShaped	14282	3.08267	0.5	13.2246	122.448	0	0.85981	0.510615	0	None	None
ChainingRodShaped	14284	4.387	0.5	31.8218	-20.3045	0	-0.388311	-0.921528	0	None	None
ChainingRodShaped	14286	3.02923	0.5	-27.4667	50.2297	0	0.959144	-0.282919	0	None	None
ChainingRodShaped	14288	4.02891	0.5	-37.9668	69.3449	0	-0.701181	-0.712983	0	None	None
ChainingRodShaped	14290	4.02795	0.5	78.4724	-38.1384	0	0.134576	-0.990903	0	None	None
ChainingRodShaped	14292	3.91901	0.5	-68.4707	78.1166	0	-0.75097	0.660336	0	None	None
ChainingRodShaped	14294	3.05497	0.5	-63.0064	-38.7585	0	-0.736556	0.676377	0	None	None
ChainingRodShaped	14296	3.72853	0.5	-47.5279	-11.7871	0	-0.724414	-0.689365	0	None	None
ChainingRodShaped	14298	3.54151	0.5	70.7266	50.2866	0	-0.894314	-0.447439	0	None	None
ChainingRodShaped	14300	4.07542	0.5	-2.42491	40.232	0	0.654824	-0.755782	0	None	None
ChainingRodShaped	14302	4.62711	0.5	41.2775	104.915	0	0.78514	0.619318	0	None	None
ChainingRodShaped	14304	3.20797	0.5	13.8343	101.431	0	-0.704142	-0.71006	0	None	None
ChainingRodShaped	14306	2.89925	0.5	-64.5062	36.5601	0	0.968711	0.248191	0	None	None
ChainingRodShaped	14308	3.72894	0.5	94.3765	56.3634	0	-0.415218	-0.909722	0	None	None
ChainingRodShaped	14310	3.48912	0.5	62.0372	-15.9373	0	0.470005	0.882664	0	None	None
ChainingRodShaped	14312	3.23065	0.5	12.9398	83.9014	0	0.841784	0.539815	0	None	None
ChainingRodShaped	14314	2.97159	0.5	-74.495	-7.50415	0	-0.520733	0.85372	0	None	None
ChainingRodShaped	14316	2.90235	0.5	7.86568	-35.1667	0	0.626877	-0.779119	0	None	None
ChainingRodShaped	14318	3.10063	0.5	3.63007	-17.4632	0	-0.286645	0.958037	0	None	None
ChainingRodShaped	14320	4.58716	0.5	-34.6094	79.5605	0	-0.249004	-0.968502	0	None	None
ChainingRodShaped	14322	4.18359	0.5	-52.4778	63.7269	0	-0.516963	-0.856008	0	None	None
ChainingRodShaped	14324	3.40373	0.5	2.64336	0.540423	0	-0.307662	-0.951496	0	None	None
ChainingRodShaped	14326	4.16096	0.5	54.5113	109.729	0	0.987475	0.157774	0	None	None
ChainingRodShaped	14328	4.22167	0.5	53.1968	27.3469	0	0.947034	-0.321134	0	None	None
ChainingRodShaped	14330	3.76486	0.5	-26.9286	-51.6974	0	0.712686	0.701483	0	None	None
ChainingRodShaped	14332	3.70623	0.5	-59.3125	-8.59137	0	0.966738	0.25577	0	None	None
ChainingRodShaped	14334	3.63383	0.5	19.5434	9.64647	0	0.209144	-0.977885	0	None	None
ChainingRodShaped	14336	4.29942	0.5	-65.7387	45.4746	0	0.965473	0.260504	0	None	None
ChainingRodShaped	14338	3.60905	0.5	-68.8081	60.0049	0	-0.85623	0.516594	0	None	None
ChainingRodShaped	14340	3.09245	0.5	50.1403	102.671	0	-0.921539	-0.388287	0	None	None
ChainingRodShaped	14342	4.50229	0.5	14.5317	-33.2194	0	-0.665438	0.746454	0	None	None
ChainingRodShaped	14344	3.75828	0.5	45.9207	60.0446	0	-0.140572	-0.99007	0	None	None
ChainingRodShaped	14346	3.40573	0.5	46.6776	24.6751	0	-0.815836	-0.578283	0	None	None
ChainingRodShaped	14348	3.4388	0.5	-56.6464	50.4804	0	-0.976543	0.215323	0	None	None
ChainingRodShaped	14350	3.31876	0.5	-28.8041	95.554	0	-0.323691	0.946163	0	None	None
ChainingRodShaped	14352	2.94771	0.5	-23.9619	101.903	0	0.253737	-0.967273	0	None	None
ChainingRodShaped	14354	3.74837	0.5	75.0717	22.2246	0	0.836148	-0.548504	0	None	None
ChainingRodShaped	14356	3.37185	0.5	25.5095	42.7759	0	-0.420607	0.907243	0	None	None
ChainingRodShaped	14358	3.20143	0.5	92.9872	-10.9932	0	0.998579	0.0532885	0	None	None
ChainingRodShaped	14360	4.39079	0.5	-79.1373	22.392	0	0.192553	-0.981287	0	None	None
ChainingRodShaped	14362	3.95512	0.5	-12.4288	105.634	0	0.749346	0.662178	0	None	None
ChainingRodShaped	14364	3.23219	0.5	-58.8285	-10.5289	0	0.846036	-0.533125	0	None	None
ChainingRodShaped	14366	2.96433	0.5	46.4016	-45.5004	0	0.995955	-0.0898526	0	None	None
ChainingRodShaped	14368	4.22585	0.5	-33.8221	-58.3396	0	0.917128	0.398594	0	None	None
ChainingRodShaped	14370	3.97104	0.5	52.8139	-21.4767	0	-0.403589	-0.914941	0	None	None
ChainingRodShaped	14372	3.7707	0.5	83.4743	53.4217	0	-0.563155	-0.826352	0	None	None
ChainingRodShaped	14374	3.87006	0.5	-66.1245	-11.9301	0	0.858584	-0.512673	0	None	None
ChainingRodShaped	14376	4.12692	0.5	-17.3066	92.2986	0	0.965923	0.25883	0	None	None
ChainingRodShaped	14378	4.12827	0.5	78.9028	52.028	0	-0.513304	-0.858207	0	None	None
ChainingRodShaped	14380	4.12755	0.5	33.3244	37.0701	0	0.120038	-0.992769	0	None	None
ChainingRodShaped	14382	4.49695	0.5	14.3457	75.3445	0	0.964987	-0.262296	0	None	None
ChainingRodShaped	14384	4.04273	0.5	-81.5069	36.4453	0	0.946821	0.32176	0	None	None
ChainingRodShaped	14386	3.76151	0.5	60.1719	97.0919	0	0.0881366	-0.996108	0	None	None
ChainingRodShaped	14388	3.05648	0.5	-81.2471	-15.8714	0	0.980076	0.198624	0	None	None
ChainingRodShaped	14390	3.18919	0.5	114.562	47.7577	0	-0.484003	0.875066	0	None	None
ChainingRodShaped	14392	3.18057	0.5	39.7794	73.848	0	0.892722	0.450608	0	None	None
ChainingRodShaped	14394	3.23321	0.5	101.306	30.8668	0	-0.962282	-0.272053	0	None	None
ChainingRodShaped	14396	4.04862	0.5	-12.639	-54.6556	0	-0.14908	-0.988825	0	None	None
ChainingRodShaped	14398	4.19551	0.5	-4.59952	38.923	0	0.788754	-0.614709	0	None	None
ChainingRodShaped	14400	4.3744	0.5	2.69226	70.5928	0	0.894582	-0.446904	0	None	None
ChainingRodShaped	14402	3.43397	0.5	99.9458	16.1126	0	0.343827	-0.939033	0	None	None
ChainingRodShaped	14404	4.11832	0.5	64.5831	56.0181	0	0.869509	0.493917	0	None	None
ChainingRodShaped	14406	3.5609	0.5	62.3912	48.3167	0	-0.978069	-0.208283	0	None	None
ChainingRodShaped	14408	3.50867	0.5	63.1008	103.367	0	-0.211868	-0.977298	0	None	None
ChainingRodShaped	14410	4.36433	0.5	17.6806	14.0919	0	0.537996	-0.842947	0	None	None
ChainingRodShaped	14412	4.24283	0.5	-48.7377	54.2655	0	-0.155512	0.987834	0	None	None
ChainingRodShaped	14414	3.33362	0.5	102.591	13.0702	0	0.628624	-0.777709	0	None	None
ChainingRodShaped	14416	3.5179	0.5	-40.2508	5.48539	0	0.840673	0.541543	0	None	None
ChainingRodShaped	14418	3.8306	0.5	65.8598	103.795	0	-0.223828	-0.974629	0	None	None
ChainingRodShaped	14420	4.37231	0.5	1.74215	134.166	0	0.834545	-0.55094	0	None	None
ChainingRodShaped	14422	3.70371	0.5	17.5087	9.64935	0	0.199329	-0.979933	0	None	None
ChainingRodShaped	14424	2.94414	0.5	54.3318	44.8225	0	-0.910928	-0.412565	0	None	None
ChainingRodShaped	14426	3.43107	0.5	65.7917	12.8173	0	-0.987268	0.159069	0	None	None
ChainingRodShaped	14428	4.24279	0.5	58.4758	-38.3652	0	0.424679	0.905344	0	None	None
ChainingRodShaped	14430	3.03852	0.5	26.11	-15.7488	0	0.943193	-0.332244	0	None	None
ChainingRodShaped	14432	3.06324	0.5	-64.8945	54.0494	0	-0.735028	0.678037	0	None	None
ChainingRodShaped	14434	3.07008	0.5	-49.4424	73.5988	0	-0.795253	-0.606278	0	None	None
ChainingRodShaped	14436	3.99058	0.5	82.4817	16.6718	0	0.860921	-0.508739	0	None	None
ChainingRodShaped	14438	4.3356	0.5	-25.2392	1.15939	0	-0.00497253	0.999988	0	None	None
ChainingRodShaped	14440	3.94219	0.5	-25.4149	25.6207	0	0.716489	-0.697598	0	None	None
ChainingRodShaped	14442	3.14801	0.5	48.8373	55.263	0	-0.731896	-0.681416	0	None	None
ChainingRodShaped	14444	2.8858	0.5	27.6243	9.13323	0	-0.555584	0.83146	0	None	None
ChainingRodShaped	14446	4.47369	0.5	42.2009	24.7208	0	0.78162	0.623755	0	None	None
ChainingRodShaped	14448	4.21608	0.5	14.7767	106.965	0	-0.00842058	-0.999965	0	None	None
ChainingRodShaped	14450	3.98582	0.5	90.6177	73.4845	0	-0.978452	0.206476	0	None	None
ChainingRodShaped	14452	2.93331	0.5	-54.2046	-41.4781	0	0.605042	0.796194	0	None	None
ChainingRodShaped	14454	2.94299	0.5	8.77118	41.8283	0	0.7802	0.62553	0	None	None
ChainingRodShaped	14456	3.177	0.5	53.859	21.1841	0	0.0804037	-0.996762	0	None	None
ChainingRodShaped	14458	3.99433	0.5	40.5743	89.7109	0	-0.482384	0.87596	0	None	None
ChainingRodShaped	14460	4.34464	0.5	-58.1211	10.3262	0	0.569396	-0.822063	0	None	None
ChainingRodShaped	14462	3.43359	0.5	-60.6636	-38.431	0	-0.737434	0.675419	0	None	None
ChainingRodShaped	14464	3.955	0.5	-27.8107	115.51	0	0.999942	-0.010748	0	None	None
ChainingRodShaped	14466	4.46248	0.5	-83.11	33.201	0	0.914724	0.40408	0	None	None
ChainingRodShaped	14468	3.13564	0.5	16.1884	29.491	0	0.360986	0.932571	0	None	None
ChainingRodShaped	14470	3.10065	0.5	19.7821	66.3347	0	0.896366	0.443315	0	None	None
ChainingRodShaped	14472	4.1432	0.5	35.2232	85.2765	0	0.988177	0.153317	0	None	None
ChainingRodShaped	14474	3.88514	0.5	57.7584	13.7395	0	-0.396101	-0.918207	0	None	None
ChainingRodShaped	14476	4.41033	0.5	-1.53919	-37.5167	0	-0.576654	0.816989	0	None	None
ChainingRodShaped	14478	4.5201	0.5	69.8289	99.8807	0	0.730449	0.682967	0	None	None
ChainingRodShaped	14480	3.2439	0.5	48.3418	55.7249	0	-0.738583	-0.674162	0	None	None
ChainingRodShaped	14482	3.81201	0.5	-69.706	32.4783	0	-0.999307	-0.03723	0	None	None
ChainingRodShaped	14484	3.47356	0.5	51.1626	12.3624	0	-0.675544	-0.737319	0	None	None
ChainingRodShaped	14486	4.46284	0.5	49.952	-36.6843	0	-0.710218	-0.703982	0	None	None
ChainingRodShaped	14488	4.27056	0.5	60.3113	39.2367	0	0.794387	-0.607412	0	None	None
ChainingRodShaped	14490	4.08149	0.5	-77.2051	45.1382	0	-0.998117	-0.0613394	0	None	None
ChainingRodShaped	14492	3.64337	0.5	-35.5294	73.1868	0	-0.420197	-0.907433	0	None	None
ChainingRodShaped	14494	3.77348	0.5	-34.3725	-43.8341	0	0.86086	0.508842	0	None	None
ChainingRodShaped	14496	3.84079	0.5	109.482	52.1518	0	-0.917835	0.396963	0	None	None
ChainingRodShaped	14498	3.35388	0.5	-0.911736	0.560681	0	0.99593	0.0901265	0	None	None
ChainingRodShaped	14500	4.47378	0.5	-43.1742	-61.9456	0	0.948285	0.317419	0	None	None
ChainingRodShaped	14502	3.21163	0.5	16.5331	38.7713	0	-0.518562	0.85504	0	None	None
ChainingRodShaped	14504	3.67246	0.5	95.9705	32.3914	0	0.995455	0.0952311	0	None	None
ChainingRodShaped	14506	4.3591	0.5	-46.5387	77.0384	0	0.832074	0.554665	0	None	None
ChainingRodShaped	14508	3.52967	0.5	20.6167	103.577	0	-0.322171	0.946682	0	None	None
ChainingRodShaped	14510	3.13782	0.5	-86.4392	35.2331	0	0.148926	0.988848	0	None	None
ChainingRodShaped	14512	3.03367	0.5	59.961	8.73494	0	0.555696	0.831386	0	None	None
ChainingRodShaped	14514	3.22989	0.5	-67.0568	53.9041	0	-0.744863	0.667218	0	None	None
ChainingRodShaped	14516	2.97832	0.5	-36.7286	88.5695	0	0.665779	-0.746149	0	None	None
ChainingRodShaped	14518	3.03597	0.5	25.0789	23.1033	0	0.048055	0.998845	0	None	None
ChainingRodShaped	14520	3.17261	0.5	3.12588	96.1021	0	-0.695672	-0.718359	0	None	None
ChainingRodShaped	14522	4.45343	0.5	33.3813	3.20929	0	0.436748	0.899584	0	None	None
ChainingRodShaped	14524	3.45944	0.5	-92.0966	23.2709	0	-0.589634	0.807671	0	None	None
ChainingRodShaped	14526	4.05586	0.5	25.7027	-47.3307	0	0.950183	0.311692	0	None	None
ChainingRodShaped	14528	3.71447	0.5	-57.2711	31.6771	0	-0.760765	-0.649028	0	None	None
ChainingRodShaped	14530	4.05509	0.5	32.4944	76.0558	0	0.981236	0.192812	0	None	None
ChainingRodShaped	14532	3.06691	0.5	25.9644	-17.1044	0	0.94963	-0.313373	0	None	None
ChainingRodShaped	14534	4.47471	0.5	94.7899	-14.4379	0	0.999377	0.0352836	0	None	None
ChainingRodShaped	14536	2.96524	0.5	-87.5233	44.6452	0	-0.569224	-0.822183	0	None	None
ChainingRodShaped	14538	4.15338	0.5	-19.5702	-22.7227	0	0.872815	0.488051	0	None	None
ChainingRodShaped	14540	2.98576	0.5	-30.8159	36.1655	0	0.935763	0.35263	0	None	None
ChainingRodShaped	14542	2.99026	0.5	63.9156	59.9648	0	0.409538	0.912293	0	None	None
ChainingRodShaped	14544	3.24266	0.5	27.6072	65.1542	0	0.695767	0.718268	0	None	None
ChainingRodShaped	14546	3.94062	0.5	44.2016	12.3612	0	-0.703395	-0.710799	0	None	None
ChainingRodShaped	14548	2.87254	0.5	-39.5195	-47.3465	0	0.464317	-0.885669	0	None	None
ChainingRodShaped	14550	4.1698	0.5	-73.3081	68.2224	0	0.854748	-0.519042	0	None	None
ChainingRodShaped	14552	3.53641	0.5	-21.1385	56.6659	0	0.820962	-0.570982	0	None	None
ChainingRodShaped	14554	4.02008	0.5	50.1881	-14.3203	0	-0.527971	-0.849262	0	None	None
ChainingRodShaped	14556	3.81882	0.5	-61.5161	-4.85704	0	-0.927768	-0.373157	0	None	None
ChainingRodShaped	14558	4.13864	0.5	-66.7836	-31.4466	0	0.734554	-0.67855	0	None	None
ChainingRodShaped	14560	4.1708	0.5	106.885	60.9787	0	0.732809	-0.680434	0	None	None
ChainingRodShaped	14562	3.6108	0.5	102.764	42.5669	0	-0.888595	-0.458693	0	None	None
ChainingRodShaped	14564	3.57016	0.5	9.83887	12.6882	0	0.987004	0.160697	0	None	None
ChainingRodShaped	14566	4.43183	0.5	-21.1457	12.031	0	-0.335309	-0.942108	0	None	None
ChainingRodShaped	14568	4.06209	0.5	-0.425327	128.754	0	0.227023	0.973889	0	None	None
ChainingRodShaped	14570	3.37556	0.5	59.7902	-17.1687	0	0.452155	0.891939	0	None	None
ChainingRodShaped	14572	3.38865	0.5	-16.2344	72.3026	0	-0.838793	0.54445	0	None	None
ChainingRodShaped	14574	3.67562	0.5	-17.6978	-28.788	0	-0.639311	-0.768948	0	None	None
ChainingRodShaped	14576	3.38623	0.5	83.4861	87.8067	0	0.565772	-0.824562	0	None	None
ChainingRodShaped	14578	4.29219	0.5	-47.5758	74.1493	0	-0.789212	-0.614121	0	None	None
ChainingRodShaped	14580	4.20205	0.5	-77.8958	60.567	0	-0.882166	0.470938	0	None	None
ChainingRodShaped	14582	3.42488	0.5	0.0899667	-32.9629	0	0.591209	-0.806518	0	None	None
ChainingRodShaped	14584	2.89697	0.5	-2.70102	-70.027	0	-0.575092	0.818088	0	None	None
ChainingRodShaped	14586	3.78239	0.5	-36.5976	124.84	0	0.215843	-0.976428	0	None	None
ChainingRodShaped	14588	3.31708	0.5	-22.3708	-50.3553	0	0.640819	0.767692	0	None	None
ChainingRodShaped	14590	3.11521	0.5	38.5293	72.256	0	0.872591	0.488452	0	None	None
ChainingRodShaped	14592	3.16178	0.5	4.89207	42.2079	0	0.760684	0.649122	0	None	None
ChainingRodShaped	14594	3.35291	0.5	44.08	52.4707	0	-0.38273	-0.92386	0	None	None
ChainingRodShaped	14596	4.01479	0.5	-41.932	46.6511	0	-0.285967	0.95824	0	None	None
ChainingRodShaped	14598	4.17082	0.5	18.9504	121.307	0	0.295942	-0.955206	0	None	None
ChainingRodShaped	14600	2.84026	0.5	66.5062	-6.25048	0	0.96953	-0.244974	0	None	None
ChainingRodShaped	14602	3.58649	0.5	17.9923	88.8338	0	0.95604	0.293237	0	None	None
ChainingRodShaped	14604	3.86795	0.5	-11.9052	-14.9775	0	0.926266	-0.376869	0	None	None
ChainingRodShaped	14606	3.82426	0.5	40.434	-1.31423	0	-0.564184	-0.825649	0	None	None
ChainingRodShaped	14608	3.94741	0.5	92.4185	-31.6094	0	-0.708354	-0.705857	0	None	None
ChainingRodShaped	14610	4.00785	0.5	-19.8813	74.9571	0	-0.810038	0.586378	0	None	None
ChainingRodShaped	14612	4.20907	0.5	-73.3173	41.3033	0	0.998281	0.0586076	0	None	None
ChainingRodShaped	14614	3.47845	0.5	0.949888	-53.0207	0	-0.701709	0.712464	0	None	None
ChainingRodShaped	14616	3.54693	0.5	-14.86	-7.65322	0	-0.867293	-0.497798	0	None	None
ChainingRodShaped	14618	4.33004	0.5	35.295	-53.5045	0	0.877873	-0.478893	0	None	None
ChainingRodShaped	14620	4.30963	0.5	-47.3075	62.9528	0	-0.674146	0.738598	0	None	None
ChainingRodShaped	14622	2.86647	0.5	30.4428	114.672	0	-0.233178	-0.972434	0	None	None
ChainingRodShaped	14624	2.82902	0.5	36.1271	98.1985	0	0.281254	0.959633	0	None	None
ChainingRodShaped	14626	3.62244	0.5	78.2383	62.531	0	0.878621	0.47752	0	None	None
ChainingRodShaped	14628	3.74022	0.5	-1.80571	105.622	0	0.981323	0.192369	0	None	None
ChainingRodShaped	14630	3.44745	0.5	-2.69171	61.8362	0	-0.972386	0.233379	0	None	None
ChainingRodShaped	14632	4.4098	0.5	-11.0098	38.5134	0	0.479957	0.877292	0	None	None
ChainingRodShaped	14634	3.75253	0.5	-18.3872	59.7213	0	0.814709	-0.57987	0	None	None
ChainingRodShaped	14636	3.2218	0.5	-0.866831	-42.178	0	0.647425	-0.762129	0	None	None
ChainingRodShaped	14638	3.62909	0.5	56.5149	6.73174	0	0.926169	0.377109	0	None	None
ChainingRodShaped	14640	3.85758	0.5	-2.31234	89.5946	0	-0.751518	-0.659713	0	None	None
ChainingRodShaped	14642	3.67958	0.5	79.6021	15.6512	0	0.820332	-0.571887	0	None	None
ChainingRodShaped	14644	4.12803	0.5	28.8441	-31.9349	0	-0.962078	-0.272774	0	None	None
ChainingRodShaped	14646	4.34964	0.5	81.2467	21.0562	0	-0.868106	0.496379	0	None	None
ChainingRodShaped	14648	4.19658	0.5	-60.0015	84.9147	0	0.701863	0.712312	0	None	None
ChainingRodShaped	14650	2.95225	0.5	-84.0024	-16.2498	0	0.680591	-0.732664	0	None	None
ChainingRodShaped	14652	3.71567	0.5	25.0179	103.391	0	-0.470791	-0.882245	0	None	None
ChainingRodShaped	14654	4.3561	0.5	-14.6807	80.2877	0	0.477772	-0.878484	0	None	None
ChainingRodShaped	14656	4.32615	0.5	-83.3379	39.7619	0	-0.105278	-0.994443	0	None	None
ChainingRodShaped	14658	3.30697	0.5	65.7942	113.841	0	-0.999539	-0.0303719	0	None	None
ChainingRodShaped	14660	4.06351	0.5	-6.65867	106.057	0	0.98441	0.175889	0	None	None
ChainingRodShaped	14662	4.17566	0.5	-72.0081	37.967	0	0.99762	0.068951	0	None	None
ChainingRodShaped	14664	4.09124	0.5	-34.8055	63.0897	0	-0.0824915	-0.996592	0	None	None
ChainingRodShaped	14666	2.94959	0.5	55.2387	94.6098	0	0.310089	-0.950707	0	None	None
ChainingRodShaped	14668	4.21846	0.5	84.9746	-19.145	0	0.0329645	-0.999457	0	None	None
ChainingRodShaped	14670	3.96306	0.5	-71.6633	12.6055	0	0.755024	-0.655697	0	None	None
ChainingRodShaped	14672	3.40827	0.5	69.1321	-9.79226	0	0.397036	-0.917803	0	None	None
ChainingRodShaped	14674	3.00031	0.5	24.6805	-37.9492	0	-0.935561	-0.353164	0	None	None
ChainingRodShaped	14676	3.30099	0.5	-24.4272	-11.6239	0	-0.282383	0.959302	0	None	None
ChainingRodShaped	14678	4.14377	0.5	78.4643	31.7406	0	0.787427	-0.616408	0	None	None
ChainingRodShaped	14680	3.72829	0.5	-6.03852	70.9451	0	0.58702	-0.809573	0	None	None
ChainingRodShaped	14682	3.27471	0.5	99.0841	25.696	0	0.870286	-0.492546	0	None	None
ChainingRodShaped	14684	3.65334	0.5	67.2869	24.6915	0	0.837869	-0.545871	0	None	None
ChainingRodShaped	14686	3.78161	0.5	-25.3957	117.413	0	0.978331	0.207046	0	None	None
ChainingRodShaped	14688	3.12207	0.5	-14.2817	40.1653	0	-0.953902	-0.300117	0	None	None
ChainingRodShaped	14690	3.97387	0.5	53.149	90.5633	0	0.334489	-0.9424	0	None	None
ChainingRodShaped	14692	3.70548	0.5	-19.1513	-9.8862	0	-0.779963	-0.625826	0	None	None
ChainingRodShaped	14694	4.12927	0.5	-7.50956	10.5727	0	0.999077	0.0429578	0	None	None
ChainingRodShaped	14696	3.47182	0.5	-38.5442	107.472	0	-0.986585	0.163251	0	None	None
ChainingRodShaped	14698	4.12147	0.5	-86.7779	62.056	0	-0.885226	0.465161	0	None	None
ChainingRodShaped	14700	3.1667	0.5	26.5373	25.9608	0	0.0148342	0.99989	0	None	None
ChainingRodShaped	14702	4.24332	0.5	-15.2232	24.8534	0	0.883236	-0.468929	0	None	None
ChainingRodShaped	14704	4.15757	0.5	-14.8938	57.9336	0	0.560471	-0.828174	0	None	None
ChainingRodShaped	14706	3.44445	0.5	-73.5093	40.4378	0	0.997644	0.0685984	0	None	None
ChainingRodShaped	14708	3.02581	0.5	-28.1051	30.0348	0	0.758575	-0.651586	0	None	None
ChainingRodShaped	14710	3.34592	0.5	85.048	42.1614	0	-0.787383	-0.616464	0	None	None
ChainingRodShaped	14712	4.28205	0.5	6.39719	110.272	0	0.447615	0.894226	0	None	None
ChainingRodShaped	14714	3.42637	0.5	39.0512	-1.94128	0	-0.562769	-0.826614	0	None	None
ChainingRodShaped	14716	3.74966	0.5	13.3722	68.2464	0	-0.727978	-0.6856	0	None	None
ChainingRodShaped	14718	3.13083	0.5	13.3608	74.1534	0	0.959561	-0.2815	0	None	None
ChainingRodShaped	14720	3.48349	0.5	-13.3485	48.6785	0	0.62245	-0.78266	0	None	None
ChainingRodShaped	14722	4.32542	0.5	0.530525	51.0332	0	0.8043	-0.594223	0	None	None
ChainingRodShaped	14724	4.37414	0.5	7.20351	-9.47291	0	0.486875	-0.873472	0	None	None
ChainingRodShaped	14726	3.45746	0.5	-45.7767	15.743	0	0.980555	-0.196243	0	None	None
ChainingRodShaped	14728	3.26899	0.5	-57.5399	10.7007	0	0.561122	-0.827733	0	None	None
ChainingRodShaped	14730	4.13456	0.5	-2.73444	44.7111	0	0.668195	-0.743986	0	None	None
ChainingRodShaped	14732	4.09218	0.5	-9.15078	95.4901	0	0.968174	0.250278	0	None	None
ChainingRodShaped	14734	3.49713	0.5	60.1963	-19.8928	0	0.452171	0.891931	0	None	None
ChainingRodShaped	14736	2.81117	0.5	10.0571	12.0941	0	0.985351	0.170538	0	None	None
ChainingRodShaped	14738	2.9581	0.5	-20.0612	5.02775	0	0.0401777	-0.999193	0	None	None
ChainingRodShaped	14740	4.21478	0.5	71.4957	58.6622	0	0.905237	0.424906	0	None	None
ChainingRodShaped	14742	3.99564	0.5	-73.3392	64.9542	0	-0.460425	0.887699	0	None	None
ChainingRodShaped	14744	4.38971	0.5	54.5442	-16.8188	0	-0.48635	-0.873764	0	None	None
ChainingRodShaped	14746	4.35061	0.5	-79.2307	0.193223	0	0.955643	-0.294529	0	None	None
ChainingRodShaped	14748	3.46324	0.5	-75.3674	57.1727	0	-0.884275	0.466967	0	None	None
ChainingRodShaped	14750	3.63083	0.5	19.2482	68.1107	0	0.754955	0.655777	0	None	None
ChainingRodShaped	14752	2.84049	0.5	59.0962	-23.9652	0	0.444385	0.895836	0	None	None
ChainingRodShaped	14754	2.83796	0.5	-31.3524	2.42569	0	-0.00606529	-0.999982	0	None	None
ChainingRodShaped	14756	3.24092	0.5	19.3286	114.519	0	-0.3307	0.943736	0	None	None
ChainingRodShaped	14758	3.05387	0.5	-34.594	30.6088	0	0.940086	0.340939	0	None	None
ChainingRodShaped	14760	3.79418	0.5	12.7006	57.3598	0	0.811038	0.584993	0	None	None
ChainingRodShaped	14762	4.33169	0.5	-50.4665	-32.4377	0	-0.629767	-0.776784	0	None	None
ChainingRodShaped	14764	3.02834	0.5	-52.3015	55.1414	0	-0.0242678	-0.999705	0	None	None
ChainingRodShaped	14766	2.94125	0.5	-31.638	22.5232	0	0.68404	-0.729444	0	None	None
ChainingRodShaped	14768	3.32021	0.5	-8.06117	-59.9	0	0.120797	0.992677	0	None	None
ChainingRodShaped	14770	3.01193	0.5	-53.619	75.4301	0	-0.68186	-0.731483	0	None	None
ChainingRodShaped	14772	3.57818	0.5	-52.2994	-7.92754	0	0.911129	0.412122	0	None	None
ChainingRodShaped	14774	3.67315	0.5	-18.8676	-46.0538	0	-0.189522	-0.981877	0	None	None
ChainingRodShaped	14776	3.15355	0.5	-5.89926	-52.2516	0	0.768878	-0.639396	0	None	None
ChainingRodShaped	14778	4.09825	0.5	-69.1696	-12.9995	0	-0.845917	0.533315	0	None	None
ChainingRodShaped	14780	3.73	0.5	-69.4445	51.6165	0	0.941382	-0.337343	0	None	None
ChainingRodShaped	14782	2.93137	0.5	74.7326	-38.8912	0	0.270099	-0.962832	0	None	None
ChainingRodShaped	14784	3.12449	0.5	110.947	21.1103	0	-0.455158	-0.890411	0	None	None
ChainingRodShaped	14786	3.39154	0.5	-24.8371	96.1683	0	-0.300622	0.953743	0	None	None
ChainingRodShaped	14788	3.71996	0.5	8.6116	32.5214	0	-0.999772	-0.0213734	0	None	None
ChainingRodShaped	14790	3.27028	0.5	98.5835	43.2749	0	0.857464	0.514545	0	None	None
ChainingRodShaped	14792	3.98463	0.5	-22.4568	-4.64838	0	-0.307381	0.951586	0	None	None
ChainingRodShaped	14794	3.85153	0.5	-40.1246	2.1433	0	-0.915539	-0.402229	0	None	None
ChainingRodShaped	14796	3.96213	0.5	-51.8522	63.3475	0	-0.508368	-0.86114	0	None	None
ChainingRodShaped	14798	2.99659	0.5	-61.4208	-8.31035	0	0.931222	0.364452	0	None	None
ChainingRodShaped	14800	3.26689	0.5	77.9773	75.5978	0	0.16903	-0.985611	0	None	None
ChainingRodShaped	14802	2.91263	0.5	-84.5855	-17.0612	0	0.673229	-0.739434	0	None	None
ChainingRodShaped	14804	3.26619	0.5	-18.9072	27.6482	0	0.842023	-0.539441	0	None	None
ChainingRodShaped	14806	2.965	0.5	24.2122	93.6837	0	-0.967307	-0.25361	0	None	None
ChainingRodShaped	14808	3.88086	0.5	0.662807	-32.6591	0	0.599223	-0.800582	0	None	None
ChainingRodShaped	14810	3.24594	0.5	34.1197	21.9984	0	0.967251	0.253822	0	None	None
ChainingRodShaped	14812	3.09284	0.5	21.1024	26.0068	0	-0.114515	-0.993421	0	None	None
ChainingRodShaped	14814	2.92176	0.5	-11.6345	-68.0253	0	0.284274	0.958743	0	None	None
ChainingRodShaped	14816	4.33688	0.5	-19.3368	13.4215	0	-0.354109	-0.935204	0	None	None
ChainingRodShaped	14818	3.16977	0.5	-4.56607	96.145	0	-0.735744	-0.67726	0	None	None
ChainingRodShaped	14820	3.24674	0.5	-59.7365	11.2085	0	0.574518	-0.818492	0	None	None
ChainingRodShaped	14822	3.60752	0.5	0.501026	119.948	0	0.461968	0.886897	0	None	None
ChainingRodShaped	14824	3.05011	0.5	5.31945	35.1538	0	0.95546	-0.29512	0	None	None
ChainingRodShaped	14826	3.43558	0.5	61.4272	94.9801	0	0.227544	-0.973768	0	None	None
ChainingRodShaped	14828	2.91348	0.5	-25.9828	64.2713	0	0.926006	0.37751	0	None	None
ChainingRodShaped	14830	4.02221	0.5	-15.6007	46.2167	0	0.639359	-0.768908	0	None	None
ChainingRodShaped	14832	3.68197	0.5	-26.7858	-36.5781	0	-0.979872	-0.199627	0	None	None
ChainingRodShaped	14834	3.79228	0.5	5.54287	100.065	0	-0.630994	-0.775787	0	None	None
ChainingRodShaped	14836	3.60206	0.5	-21.1491	100.262	0	0.273031	-0.962005	0	None	None
ChainingRodShaped	14838	3.09227	0.5	21.0455	56.3987	0	0.782535	0.622607	0	None	None
ChainingRodShaped	14840	4.13033	0.5	25.6971	3.86354	0	0.942523	-0.334141	0	None	None
ChainingRodShaped	14842	3.495	0.5	73.4482	89.178	0	0.489559	-0.87197	0	None	None
ChainingRodShaped	14844	3.57648	0.5	53.9377	-39.5067	0	0.694065	0.719912	0	None	None
ChainingRodShaped	14846	2.93811	0.5	28.1343	19.9645	0	-0.208084	0.978111	0	None	None
ChainingRodShaped	14848	4.07174	0.5	-26.9268	111.049	0	-0.994346	0.106185	0	None	None
ChainingRodShaped	14850	2.9521	0.5	59.1985	83.2107	0	0.0708514	-0.997487	0	None	None
ChainingRodShaped	14852	3.35273	0.5	-70.481	56.3209	0	-0.845665	0.533714	0	None	None
ChainingRodShaped	14854	4.21091	0.5	0.742777	57.7808	0	0.999842	0.0177918	0	None	None
ChainingRodShaped	14856	4.2606	0.5	-14.6721	99.424	0	0.998281	0.0586097	0	None	None
ChainingRodShaped	14858	3.42093	0.5	-43.0574	47.6641	0	-0.295399	0.955374	0	None	None
ChainingRodShaped	14860	3.47754	0.5	-50.7255	55.4742	0	-0.0134002	-0.99991	0	None	None
ChainingRodShaped	14862	4.25901	0.5	13.2834	92.7542	0	0.567552	0.823337	0	None	None
ChainingRodShaped	14864	4.36103	0.5	-79.9036	10.0981	0	-0.916889	0.399143	0	None	None
ChainingRodShaped	14866	3.86366	0.5	91.5602	47.198	0	-0.727822	-0.685767	0	None	None
ChainingRodShaped	14868	4.01679	0.5	95.39	-5.90004	0	-0.551781	-0.833989	0	None	None
ChainingRodShaped	14870	2.83724	0.5	22.9706	49.6764	0	-0.487826	-0.872941	0	None	None
ChainingRodShaped	14872	4.0414	0.5	26.7668	-30.8663	0	-0.965889	-0.258957	0	None	None
ChainingRodShaped	14874	3.51392	0.5	12.4562	16.2196	0	-0.890487	0.455009	0	None	None
ChainingRodShaped	14876	3.738	0.5	-42.6488	62.218	0	0.201112	-0.979568	0	None	None
ChainingRodShaped	14878	4.2083	0.5	93.7054	20.7987	0	0.866001	-0.500043	0	None	None
ChainingRodShaped	14880	3.51751	0.5	-25.8588	13.0789	0	-0.823845	-0.566816	0	None	None
ChainingRodShaped	14882	3.67382	0.5	79.4569	59.407	0	0.873197	0.487368	0	None	None
ChainingRodShaped	14884	3.86417	0.5	-36.1641	3.83249	0	-0.613565	-0.789644	0	None	None
ChainingRodShaped	14886	3.01717	0.5	-14.8055	32.8621	0	-0.9588	0.284083	0	None	None
ChainingRodShaped	14888	3.8332	0.5	-25.5074	74.9212	0	-0.375088	-0.926989	0	None	None
ChainingRodShaped	14890	4.20893	0.5	77.9383	-9.1308	0	0.173328	0.984864	0	None	None
ChainingRodShaped	14892	3.61343	0.5	-43.061	14.5304	0	0.977179	0.212415	0	None	None
ChainingRodShaped	14894	3.4798	0.5	75.7233	-39.1112	0	-0.273378	0.961907	0	None	None
ChainingRodShaped	14896	3.57704	0.5	93.4306	43.7928	0	-0.820504	-0.571641	0	None	None
ChainingRodShaped	14898	3.33478	0.5	89.5233	90.9344	0	0.961747	0.273939	0	None	None
ChainingRodShaped	14900	2.8497	0.5	-17.5584	-63.9496	0	-0.750695	0.660648	0	None	None
ChainingRodShaped	14902	2.98339	0.5	-20.1779	12.9125	0	-0.344853	-0.938657	0	None	None
ChainingRodShaped	14904	3.17518	0.5	38.2747	24.7156	0	0.805944	0.591992	0	None	None
ChainingRodShaped	14906	3.31265	0.5	-49.3897	1.28741	0	0.0376013	0.999293	0	None	None
ChainingRodShaped	14908	3.67897	0.5	-3.26024	24.1804	0	0.514893	-0.857254	0	None	None
ChainingRodShaped	14910	3.38953	0.5	18.6738	68.4855	0	0.748364	0.663289	0	None	None
ChainingRodShaped	14912	4.17125	0.5	-75.8738	13.6538	0	0.809375	-0.587292	0	None	None
ChainingRodShaped	14914	3.87698	0.5	19.8659	61.8758	0	0.932139	0.3621	0	None	None
ChainingRodShaped	14916	3.19333	0.5	46.387	110.741	0	0.941836	-0.336072	0	None	None
ChainingRodShaped	14918	3.22679	0.5	-13.2303	-63.2209	0	-0.206204	-0.978509	0	None	None
ChainingRodShaped	14920	2.85364	0.5	55.7708	-49.5992	0	0.638637	0.769508	0	None	None
ChainingRodShaped	14922	2.91461	0.5	-51.2288	81.5726	0	0.735255	0.67779	0	None	None
ChainingRodShaped	14924	3.9193	0.5	30.7735	-14.1913	0	0.936932	-0.349512	0	None	None
ChainingRodShaped	14926	3.5777	0.5	47.4545	115.841	0	0.923597	0.383365	0	None	None
ChainingRodShaped	14928	3.44507	0.5	-35.4236	-21.3339	0	-0.327402	0.944885	0	None	None
ChainingRodShaped	14930	3.10143	0.5	-67.7488	-8.91779	0	-0.431818	0.901961	0	None	None
ChainingRodShaped	14932	4.24836	0.5	81.3423	-5.9362	0	0.444189	0.895933	0	None	None
ChainingRodShaped	14934	4.31774	0.5	-72.406	88.6993	0	0.949268	-0.314469	0	None	None
ChainingRodShaped	14936	3.85213	0.5	-19.4414	-19.7396	0	0.880454	0.474131	0	None	None
ChainingRodShaped	14938	3.01836	0.5	85.7808	87.2476	0	0.343754	0.93906	0	None	None
ChainingRodShaped	14940	3.04323	0.5	74.9624	-50.5566	0	0.266079	0.963951	0	None	None
ChainingRodShaped	14942	3.80147	0.5	49.7279	68.9733	0	-0.184615	-0.982811	0	None	None
ChainingRodShaped	14944	3.94532	0.5	70.9647	43.3654	0	-0.999739	-0.0228342	0	None	None
ChainingRodShaped	14946	2.85569	0.5	79.0922	-14.3881	0	-0.175739	0.984437	0	None	None
ChainingRodShaped	14948	4.32363	0.5	12.0735	-8.05879	0	0.448224	-0.893921	0	None	None
ChainingRodShaped	14950	3.29708	0.5	24.9048	3.47357	0	0.94398	-0.330004	0	None	None
ChainingRodShaped	14952	3.98113	0.5	15.6965	-23.7771	0	-0.999502	-0.0315425	0	None	None
ChainingRodShaped	14954	3.50415	0.5	-36.401	45.9769	0	0.43004	-0.90281	0	None	None
ChainingRodShaped	14956	3.58436	0.5	1.6583	73.5695	0	0.878694	-0.477386	0	None	None
ChainingRodShaped	14958	3.21729	0.5	30.1201	-49.7494	0	0.878653	-0.477461	0	None	None
ChainingRodShaped	14960	4.30778	0.5	-26.4645	1.23568	0	0.014912	0.999889	0	None	None
ChainingRodShaped	14962	4.17298	0.5	-30.9277	82.4894	0	-0.144838	-0.989455	0	None	None
ChainingRodShaped	14964	4.10615	0.5	-3.40408	-11.9902	0	-0.549602	0.835427	0	None	None
ChainingRodShaped	14966	3.50544	0.5	-35.4589	18.7409	0	-0.480673	0.8769	0	None	None
ChainingRodShaped	14968	2.86736	0.5	16.9781	-7.39763	0	0.941029	-0.338327	0	None	None
ChainingRodShaped	14970	3.3123	0.5	86.1048	57.315	0	-0.865907	-0.500206	0	None	None
ChainingRodShaped	14972	3.62022	0.5	96.2612	-20.943	0	0.937064	-0.349156	0	None	None
ChainingRodShaped	14974	3.6474	0.5	74.8988	21.4378	0	0.834161	-0.551521	0	None	None
ChainingRodShaped	14976	4.00148	0.5	64.4446	-66.3199	0	0.959312	0.282347	0	None	None
ChainingRodShaped	14978	3.77415	0.5	-74.7907	49.056	0	0.902848	-0.42996	0	None	None
ChainingRodShaped	14980	3.61587	0.5	76.9989	14.6803	0	-0.811464	0.584402	0	None	None
ChainingRodShaped	14982	3.45021	0.5	85.9974	73.5148	0	0.986754	0.162223	0	None	None
ChainingRodShaped	14984	3.88271	0.5	-69.9517	34.8136	0	0.997851	0.0655287	0	None	None
ChainingRodShaped	14986	4.14432	0.5	3.31098	-10.7383	0	-0.840575	0.541694	0	None	None
ChainingRodShaped	14988	3.54313	0.5	-69.0908	-31.8921	0	-0.73455	0.678554	0	None	None
ChainingRodShaped	14990	4.14402	0.5	-48.763	97.9696	0	0.618717	0.785614	0	None	None
ChainingRodShaped	14992	3.48823	0.5	-83.0073	61.1607	0	-0.884229	0.467053	0	None	None
ChainingRodShaped	14994	4.0847	0.5	26.1421	0.0315569	0	0.962932	0.269745	0	None	None
ChainingRodShaped	14996	3.10536	0.5	39.9103	32.9319	0	0.820721	0.571329	0	None	None
ChainingRodShaped	14998	3.08181	0.5	-78.681	34.6745	0	0.917723	0.39722	0	None	None
ChainingRodShaped	15000	3.17449	0.5	-70.5377	33.9671	0	0.99846	0.0554692	0	None	None
ChainingRodShaped	15002	3.87469	0.5	92.2659	76.8003	0	0.304908	0.952382	0	None	None
ChainingRodShaped	15004	3.99435	0.5	-45.7355	33.3726	0	-0.774286	-0.632836	0	None	None
ChainingRodShaped	15006	3.54131	0.5	-19.256	41.0841	0	-0.944334	0.328988	0	None	None
ChainingRodShaped	15008	3.23909	0.5	-28.0301	98.4084	0	-0.284024	0.958817	0	None	None
ChainingRodShaped	15010	3.61265	0.5	-7.43457	115.067	0	-0.508356	-0.861147	0	None	None
ChainingRodShaped	15012	4.29849	0.5	117.142	30.4629	0	-0.0530616	-0.998591	0	None	None
ChainingRodShaped	15014	4.26048	0.5	44.2483	14.2901	0	-0.74534	-0.666684	0	None	None
ChainingRodShaped	15016	3.25382	0.5	-82.5052	73.6752	0	-0.619205	0.78523	0	None	None
ChainingRodShaped	15018	3.69281	0.5	34.4901	-29.544	0	-0.955377	-0.295389	0	None	None
ChainingRodShaped	15020	3.8165	0.5	-23.7729	14.7057	0	-0.92951	0.368798	0	None	None
ChainingRodShaped	15022	4.28349	0.5	-20.1651	64.3362	0	0.837159	-0.54696	0	None	None
ChainingRodShaped	15024	3.31819	0.5	21.2156	10.0905	0	0.227778	-0.973713	0	None	None
ChainingRodShaped	15026	3.34699	0.5	-27.8816	83.2185	0	-0.150159	-0.988662	0	None	None
ChainingRodShaped	15028	3.20657	0.5	-89.9949	-2.24747	0	0.985315	-0.170746	0	None	None
ChainingRodShaped	15030	4.29374	0.5	-50.3933	92.2886	0	0.454106	0.890948	0	None	None
ChainingRodShaped	15032	3.5226	0.5	34.5185	49.5538	0	-0.439146	-0.898416	0	None	None
ChainingRodShaped	15034	3.17816	0.5	20.8798	72.2631	0	-0.844631	-0.53535	0	None	None
ChainingRodShaped	15036	3.15932	0.5	-39.7485	67.2367	0	-0.997613	0.0690516	0	None	None
ChainingRodShaped	15038	3.93263	0.5	-37.2067	-27.0983	0	0.0780829	-0.996947	0	None	None
ChainingRodShaped	15040	2.93203	0.5	-7.94797	3.62301	0	0.991534	0.129847	0	None	None
ChainingRodShaped	15042	4.19596	0.5	-92.0363	58.0066	0	-0.408114	-0.912931	0	None	None
ChainingRodShaped	15044	3.08893	0.5	42.4871	-16.9357	0	-0.514967	-0.85721	0	None	None
ChainingRodShaped	15046	3.80659	0.5	-61.4428	55.245	0	-0.710448	0.703749	0	None	None
ChainingRodShaped	15048	2.82235	0.5	-23.871	68.9585	0	0.894753	0.446562	0	None	None
ChainingRodShaped	15050	3.6985	0.5	10.1451	91.865	0	-0.575652	-0.817695	0	None	None
ChainingRodShaped	15052	3.03923	0.5	27.63	-9.07144	0	0.802864	-0.596162	0	None	None
ChainingRodShaped	15054	4.21685	0.5	-30.4243	123.824	0	0.481282	-0.876566	0	None	None
ChainingRodShaped	15056	4.25072	0.5	72.1644	87.1826	0	0.0871543	0.996195	0	None	None
ChainingRodShaped	15058	3.67319	0.5	82.7771	-23.1616	0	0.265034	-0.964239	0	None	None
ChainingRodShaped	15060	3.47808	0.5	-2.68181	24.386	0	0.523298	-0.852149	0	None	None
ChainingRodShaped	15062	2.80057	0.5	-20.7275	121.857	0	0.993077	0.117461	0	None	None
ChainingRodShaped	15064	4.05252	0.5	-53.536	11.3983	0	0.980026	-0.198869	0	None	None
ChainingRodShaped	15066	2.81249	0.5	-34.4279	24.6851	0	0.924487	0.381213	0	None	None
ChainingRodShaped	15068	2.85684	0.5	-30.9653	-47.6684	0	0.999855	-0.0170543	0	None	None
ChainingRodShaped	15070	3.75838	0.5	-22.1156	63.9294	0	0.847883	-0.530183	0	None	None
ChainingRodShaped	15072	3.62608	0.5	-53.5872	-21.4374	0	-0.623308	-0.781976	0	None	None
ChainingRodShaped	15074	3.97498	0.5	14.0961	-17.2537	0	-0.980022	-0.198889	0	None	None
ChainingRodShaped	15076	3.46896	0.5	-77.9534	42.5142	0	0.995836	0.091165	0	None	None
ChainingRodShaped	15078	3.77487	0.5	98.1215	-26.8667	0	0.962878	0.269936	0	None	None
ChainingRodShaped	15080	4.06853	0.5	65.3504	97.2417	0	0.213188	0.977011	0	None	None
ChainingRodShaped	15082	3.73584	0.5	66.5814	-35.0909	0	0.259294	-0.965798	0	None	None
ChainingRodShaped	15084	3.20785	0.5	-2.15192	-11.501	0	0.539078	-0.842256	0	None	None
ChainingRodShaped	15086	3.66859	0.5	-7.56625	53.7614	0	0.978216	-0.20759	0	None	None
ChainingRodShaped	15088	3.9815	0.5	-30.8446	49.7463	0	0.959132	-0.282959	0	None	None
ChainingRodShaped	15090	3.67698	0.5	71.0246	-23.4303	0	0.0994843	-0.995039	0	None	None
ChainingRodShaped	15092	4.0377	0.5	-20.7587	27.3757	0	0.831205	-0.555966	0	None	None
ChainingRodShaped	15094	3.04131	0.5	-15.4761	-21.2298	0	-0.890939	-0.454123	0	None	None
ChainingRodShaped	15096	3.03904	0.5	87.056	84.2604	0	0.0507119	0.998713	0	None	None
ChainingRodShaped	15098	3.63388	0.5	86.0468	-15.4889	0	0.183649	0.982992	0	None	None
ChainingRodShaped	15100	2.8621	0.5	116.076	37.2092	0	0.145728	-0.989325	0	None	None
ChainingRodShaped	15102	3.18329	0.5	-49.2002	-19.5958	0	-0.599494	-0.800379	0	None	None
ChainingRodShaped	15104	2.884	0.5	25.2796	95.4883	0	-0.968079	-0.250646	0	None	None
ChainingRodShaped	15106	3.26032	0.5	-30.0459	-1.65929	0	-0.102546	0.994728	0	None	None
ChainingRodShaped	15108	2.96281	0.5	68.8802	-21.828	0	-0.439643	-0.898173	0	None	None
ChainingRodShaped	15110	4.02999	0.5	75.3964	-45.5963	0	-0.53801	0.842938	0	None	None
ChainingRodShaped	15112	3.54723	0.5	44.7734	89.8242	0	-0.499782	0.866151	0	None	None
ChainingRodShaped	15114	3.99825	0.5	67.0847	73.3498	0	0.625439	0.780273	0	None	None
ChainingRodShaped	15116	2.88765	0.5	-4.8543	-74.9355	0	0.0515656	0.99867	0	None	None
ChainingRodShaped	15118	3.75147	0.5	76.6816	5.76661	0	0.985556	-0.16935	0	None	None
ChainingRodShaped	15120	2.78303	0.5	-17.1005	-12.6862	0	0.751787	0.659406	0	None	None
ChainingRodShaped	15122	2.85514	0.5	-83.9487	45.0386	0	-0.564663	-0.825321	0	None	None
ChainingRodShaped	15124	3.46451	0.5	-64.748	26.8315	0	-0.999981	-0.00622382	0	None	None
ChainingRodShaped	15126	3.37321	0.5	-56.0264	70.3233	0	0.410079	0.91205	0	None	None
ChainingRodShaped	15128	3.00156	0.5	57.3603	-46.3588	0	0.609865	0.792505	0	None	None
ChainingRodShaped	15130	4.11289	0.5	-73.2914	43.9462	0	-0.999228	-0.0392772	0	None	None
ChainingRodShaped	15132	3.07961	0.5	38.1553	-7.31305	0	0.953985	-0.299854	0	None	None
ChainingRodShaped	15134	2.82756	0.5	-6.78325	-32.9772	0	-0.380905	0.924614	0	None	None
ChainingRodShaped	15136	3.2446	0.5	84.8842	-36.6637	0	-0.797887	0.602807	0	None	None
ChainingRodShaped	15138	3.94131	0.5	73.3518	109.156	0	-0.942431	-0.334401	0	None	None
ChainingRodShaped	15140	3.00424	0.5	-16.8729	132.013	0	0.998384	0.0568276	0	None	None
ChainingRodShaped	15142	3.11717	0.5	-70.5114	22.3337	0	0.649144	-0.760666	0	None	None
ChainingRodShaped	15144	2.92614	0.5	36.6985	-45.2597	0	0.994364	-0.106024	0	None	None
ChainingRodShaped	15146	4.11596	0.5	-12.2178	53.4772	0	0.574026	-0.818837	0	None	None
ChainingRodShaped	15148	2.8905	0.5	-43.6033	105.035	0	-0.971079	0.238757	0	None	None
ChainingRodShaped	15150	3.20725	0.5	-86.9973	-8.03709	0	-0.95209	-0.305818	0	None	None
ChainingRodShaped	15152	3.86041	0.5	-26.0355	8.96432	0	-0.84552	-0.533944	0	None	None
ChainingRodShaped	15154	4.05612	0.5	-46.7703	80.0521	0	0.748553	0.663074	0	None	None
ChainingRodShaped	15156	2.92723	0.5	46.7748	-44.7586	0	0.99485	-0.101357	0	None	None
ChainingRodShaped	15158	4.12926	0.5	31.4651	19.9853	0	0.269398	-0.963029	0	None	None
ChainingRodShaped	15160	2.9333	0.5	-26.2872	-29.8343	0	-0.0299641	0.999551	0	None	None
ChainingRodShaped	15162	3.9615	0.5	-27.8465	104.49	0	-0.16848	0.985705	0	None	None
ChainingRodShaped	15164	3.73344	0.5	23.4836	-42.5445	0	-0.371606	-0.928391	0	None	None
ChainingRodShaped	15166	2.76567	0.5	-19.1294	-18.8377	0	0.875719	0.482822	0	None	None
ChainingRodShaped	15168	3.79095	0.5	105.926	72.3798	0	-0.776312	0.630349	0	None	None
ChainingRodShaped	15170	4.04638	0.5	-64.9472	-22.5922	0	-0.793076	0.609122	0	None	None
ChainingRodShaped	15172	3.48478	0.5	-47.0144	5.12757	0	0.998471	-0.0552837	0	None	None
ChainingRodShaped	15174	4.13485	0.5	18.1549	14.4303	0	0.52983	-0.848104	0	None	None
ChainingRodShaped	15176	2.76794	0.5	-48.7815	96.6122	0	0.610788	0.791794	0	None	None
ChainingRodShaped	15178	3.62736	0.5	68.0763	7.52882	0	0.82913	-0.559056	0	None	None
ChainingRodShaped	15180	3.56433	0.5	10.2525	48.1118	0	0.722005	0.691888	0	None	None
ChainingRodShaped	15182	2.83492	0.5	9.64313	-52.5064	0	0.228153	-0.973625	0	None	None
ChainingRodShaped	15184	3.46984	0.5	69.9721	18.0882	0	-0.98765	0.156676	0	None	None
ChainingRodShaped	15186	3.19213	0.5	-4.47172	123.573	0	-0.165909	-0.986141	0	None	None
ChainingRodShaped	15188	3.52298	0.5	42.3815	-71.4658	0	-0.280501	0.959854	0	None	None
ChainingRodShaped	15190	3.34114	0.5	-64.1292	30.8714	0	-0.999997	0.00232549	0	None	None
ChainingRodShaped	15192	2.79746	0.5	66.3896	19.7307	0	-0.838197	0.545368	0	None	None
ChainingRodShaped	15194	3.44712	0.5	24.0964	-11.2282	0	0.814338	-0.58039	0	None	None
ChainingRodShaped	15196	3.959	0.5	-2.32764	84.3533	0	0.0494322	-0.998777	0	None	None
ChainingRodShaped	15198	3.18553	0.5	-34.6518	109.642	0	-0.999763	0.0217899	0	None	None
ChainingRodShaped	15200	3.92096	0.5	47.7229	120.753	0	-0.963946	-0.266097	0	None	None
ChainingRodShaped	15202	2.78651	0.5	29.344	5.98052	0	-0.939012	0.343884	0	None	None
ChainingRodShaped	15204	3.83995	0.5	76.4414	91.0422	0	0.487251	-0.873262	0	None	None
ChainingRodShaped	15206	2.9581	0.5	40.431	4.98586	0	-0.525527	-0.850777	0	None	None
ChainingRodShaped	15208	4.04411	0.5	27.5339	73.0699	0	-0.396581	0.918	0	None	None
ChainingRodShaped	15210	3.3922	0.5	-20.5818	74.5736	0	-0.815842	0.578275	0	None	None
ChainingRodShaped	15212	3.18996	0.5	-21.2294	123.633	0	0.994656	0.103244	0	None	None
ChainingRodShaped	15214	2.99406	0.5	-0.696314	-60.5502	0	0.407828	-0.913059	0	None	None
ChainingRodShaped	15216	4.11806	0.5	7.60631	100.37	0	-0.632801	-0.774314	0	None	None
ChainingRodShaped	15218	4.15815	0.5	-26.3077	-15.1256	0	-0.27093	0.962599	0	None	None
ChainingRodShaped	15220	2.85315	0.5	-12.259	84.4636	0	0.504017	-0.863694	0	None	None
ChainingRodShaped	15222	3.09565	0.5	-17.2782	65.0133	0	0.820548	-0.571578	0	None	None
ChainingRodShaped	15224	3.2786	0.5	30.0243	13.5181	0	-0.181003	0.983483	0	None	None
ChainingRodShaped	15226	3.1684	0.5	75.3307	28.5035	0	0.790892	-0.611956	0	None	None
ChainingRodShaped	15228	3.39259	0.5	3.48149	-46.5952	0	0.528875	-0.8487	0	None	None
ChainingRodShaped	15230	4.05762	0.5	-57.9714	15.7493	0	0.932857	-0.360246	0	None	None
ChainingRodShaped	15232	3.07827	0.5	57.9818	2.78541	0	-0.93657	-0.350481	0	None	None
ChainingRodShaped	15234	3.31755	0.5	41.2079	42.5198	0	0.883366	0.468683	0	None	None
ChainingRodShaped	15236	3.73603	0.5	73.0679	-44.1667	0	-0.511907	-0.859041	0	None	None
ChainingRodShaped	15238	3.66004	0.5	42.0456	69.3871	0	-0.25097	-0.967995	0	None	None
ChainingRodShaped	15240	4.10755	0.5	-95.6115	11.4436	0	0.0641027	-0.997943	0	None	None
ChainingRodShaped	15242	3.80603	0.5	-7.08874	9.97212	0	0.999448	0.0332174	0	None	None
ChainingRodShaped	15244	3.22065	0.5	-61.2032	107.84	0	0.814003	-0.580861	0	None	None
ChainingRodShaped	15246	2.79903	0.5	26.1462	18.8537	0	-0.199482	0.979901	0	None	None
ChainingRodShaped	15248	3.25093	0.5	-57.0049	12.4939	0	0.548521	-0.836136	0	None	None
ChainingRodShaped	15250	2.74879	0.5	-27.0348	77.1896	0	-0.391502	-0.920177	0	None	None
ChainingRodShaped	15252	4.04954	0.5	64.3987	4.9585	0	-0.97295	0.231016	0	None	None
ChainingRodShaped	15254	2.80042	0.5	19.7279	103.832	0	-0.312713	0.949848	0	None	None
ChainingRodShaped	15256	3.06268	0.5	23.9279	-44.6356	0	0.936935	0.349503	0	None	None
ChainingRodShaped	15258	3.40698	0.5	77.5556	-3.54155	0	-0.996108	-0.0881382	0	None	None
ChainingRodShaped	15260	3.20542	0.5	14.6781	37.8598	0	-0.537503	0.843262	0	None	None
ChainingRodShaped	15262	3.90301	0.5	103.392	52.8456	0	-0.851832	-0.523815	0	None	None
ChainingRodShaped	15264	3.62531	0.5	28.6833	-2.85221	0	-0.965725	-0.259569	0	None	None
ChainingRodShaped	15266	2.87783	0.5	-32.3403	-45.6723	0	0.871282	0.490782	0	None	None
ChainingRodShaped	15268	2.99843	0.5	10.7395	46.4602	0	0.721922	0.691975	0	None	None
ChainingRodShaped	15270	3.55339	0.5	34.2514	100.416	0	0.271659	0.962394	0	None	None
ChainingRodShaped	15272	3.73437	0.5	-5.21138	-61.8074	0	-0.164383	0.986397	0	None	None
ChainingRodShaped	15274	4.13834	0.5	49.9025	60.0757	0	-0.724875	-0.688881	0	None	None
ChainingRodShaped	15276	2.7961	0.5	67.3426	72.4343	0	0.633183	0.774002	0	None	None
ChainingRodShaped	15278	3.81456	0.5	38.3097	128.484	0	0.580723	-0.814101	0	None	None
ChainingRodShaped	15280	3.29659	0.5	11.4907	21.1886	0	0.941749	-0.336317	0	None	None
ChainingRodShaped	15282	3.07758	0.5	19.071	-12.4164	0	0.958489	-0.28513	0	None	None
ChainingRodShaped	15284	4.15038	0.5	-72.1003	72.9371	0	0.788283	-0.615313	0	None	None
ChainingRodShaped	15286	3.77073	0.5	-46.3581	70.4948	0	0.650716	0.759321	0	None	None
ChainingRodShaped	15288	3.10129	0.5	73.5189	-10.1997	0	-0.200291	0.979737	0	None	None
ChainingRodShaped	15290	3.70108	0.5	44.0958	-17.0004	0	-0.520967	-0.853577	0	None	None
ChainingRodShaped	15292	3.05101	0.5	-8.68861	75.8235	0	0.578573	-0.815631	0	None	None
ChainingRodShaped	15294	2.79594	0.5	-41.8576	-29.6305	0	0.090237	-0.99592	0	None	None
ChainingRodShaped	15296	2.91933	0.5	26.08	73.1451	0	-0.39683	0.917892	0	None	None
ChainingRodShaped	15298	3.85607	0.5	69.2269	-38.9894	0	0.237403	-0.971411	0	None	None
ChainingRodShaped	15300	3.7894	0.5	90.6635	-25.099	0	0.58786	0.808963	0	None	None
ChainingRodShaped	15302	2.73373	0.5	82.4977	30.382	0	0.713063	0.7011	0	None	None
ChainingRodShaped	15304	3.09877	0.5	57.1961	28.7826	0	0.950963	-0.309304	0	None	None
ChainingRodShaped	15306	2.78654	0.5	52.0735	36.6862	0	-0.997685	0.0680078	0	None	None
ChainingRodShaped	15308	3.08062	0.5	-28.7086	77.4585	0	-0.379416	-0.925226	0	None	None
ChainingRodShaped	15310	3.61501	0.5	-54.7823	96.7522	0	-0.495535	-0.868588	0	None	None
ChainingRodShaped	15312	3.45022	0.5	74.1926	28.3447	0	0.796965	-0.604026	0	None	None
ChainingRodShaped	15314	3.61805	0.5	52.477	31.7588	0	0.962096	-0.272712	0	None	None
ChainingRodShaped	15316	3.50176	0.5	-84.3492	-0.385088	0	0.983653	-0.180074	0	None	None
ChainingRodShaped	15318	3.28458	0.5	42.4788	-48.7829	0	0.998521	-0.0543684	0	None	None
ChainingRodShaped	15320	3.269	0.5	30.1906	122.501	0	0.593222	0.805039	0	None	None
ChainingRodShaped	15322	3.08208	0.5	34.5345	41.7244	0	0.56001	-0.828486	0	None	None
ChainingRodShaped	15324	3.11002	0.5	-27.8625	114.636	0	0.999817	-0.0191357	0	None	None
ChainingRodShaped	15326	3.92796	0.5	-25.2182	118.332	0	0.979046	0.203637	0	None	None
ChainingRodShaped	15328	3.25851	0.5	8.05921	108.463	0	-0.0929126	-0.995674	0	None	None
ChainingRodShaped	15330	3.41108	0.5	-23.7815	42.4632	0	-0.988487	0.151303	0	None	None
ChainingRodShaped	15332	2.88839	0.5	40.7983	61.183	0	-0.25761	-0.966249	0	None	None
ChainingRodShaped	15334	2.77827	0.5	75.3722	14.1238	0	-0.987334	0.158657	0	None	None
ChainingRodShaped	15336	3.1089	0.5	-23.801	-7.32421	0	-0.338566	0.940943	0	None	None
ChainingRodShaped	15338	3.05374	0.5	-61.3134	59.0831	0	-0.0968762	0.995296	0	None	None
ChainingRodShaped	15340	3.4914	0.5	52.2354	50.5434	0	0.950049	0.3121	0	None	None
ChainingRodShaped	15342	4.00132	0.5	17.7778	-57.9074	0	-0.21663	0.976254	0	None	None
ChainingRodShaped	15344	3.2606	0.5	-77.3173	55.1632	0	0.895069	-0.445928	0	None	None
ChainingRodShaped	15346	3.87899	0.5	10.964	67.4991	0	-0.477477	-0.878644	0	None	None
ChainingRodShaped	15348	3.71718	0.5	-25.535	-38.7293	0	-0.982925	-0.184005	0	None	None
ChainingRodShaped	15350	2.87968	0.5	29.2835	128.979	0	0.593204	0.805052	0	None	None
ChainingRodShaped	15352	2.98887	0.5	-67.7372	39.3082	0	0.99269	0.120693	0	None	None
ChainingRodShaped	15354	3.56174	0.5	-17.2117	-6.52608	0	-0.796235	-0.604988	0	None	None
ChainingRodShaped	15356	3.03347	0.5	37.8841	-29.3366	0	-0.949592	-0.313488	0	None	None
ChainingRodShaped	15358	3.23747	0.5	48.3969	89.7623	0	-0.475044	0.879962	0	None	None
ChainingRodShaped	15360	3.62614	0.5	95.2759	79.5936	0	0.250582	-0.968096	0	None	None
ChainingRodShaped	15362	3.90744	0.5	-34.6825	46.5291	0	0.42105	-0.907037	0	None	None
ChainingRodShaped	15364	3.98489	0.5	11.1133	101.032	0	-0.644293	-0.764779	0	None	None
ChainingRodShaped	15366	3.70579	0.5	37.0273	98.6077	0	0.290789	0.956787	0	None	None
ChainingRodShaped	15368	3.02428	0.5	-43.1753	77.9446	0	-0.918815	-0.394689	0	None	None
ChainingRodShaped	15370	4.09133	0.5	-15.466	-27.4992	0	0.460544	-0.887637	0	None	None
ChainingRodShaped	15372	2.71628	0.5	-48.6745	-2.62194	0	-0.0913184	0.995822	0	None	None
ChainingRodShaped	15374	2.72315	0.5	-52.3618	104.648	0	-0.95783	0.287336	0	None	None
ChainingRodShaped	15376	2.89299	0.5	-38.6646	108.391	0	-0.98707	0.160289	0	None	None
ChainingRodShaped	15378	3.00583	0.5	16.5082	-8.64384	0	0.934629	-0.355623	0	None	None
ChainingRodShaped	15380	3.14688	0.5	-32.933	59.5808	0	-0.106736	-0.994287	0	None	None
ChainingRodShaped	15382	4.07877	0.5	14.2727	-17.8855	0	-0.981932	-0.189235	0	None	None
ChainingRodShaped	15384	3.38493	0.5	15.5537	9.54195	0	0.182444	-0.983216	0	None	None
ChainingRodShaped	15386	3.1604	0.5	15.5865	29.6018	0	0.352093	0.935965	0	None	None
ChainingRodShaped	15388	3.53141	0.5	53.5329	27.8883	0	0.947838	-0.318753	0	None	None
ChainingRodShaped	15390	3.20364	0.5	-16.8026	-39.0166	0	-0.457471	-0.889224	0	None	None
ChainingRodShaped	15392	3.78585	0.5	-65.1266	-35.5091	0	-0.71688	0.697197	0	None	None
ChainingRodShaped	15394	3.44184	0.5	-49.2071	98.6165	0	0.626536	0.779392	0	None	None
ChainingRodShaped	15396	3.38676	0.5	23.4716	-2.6922	0	-0.95436	-0.298659	0	None	None
ChainingRodShaped	15398	3.2796	0.5	-19.549	19.7862	0	0.890388	-0.455203	0	None	None
ChainingRodShaped	15400	2.8897	0.5	54.6942	44.2292	0	-0.915089	-0.403253	0	None	None
ChainingRodShaped	15402	3.09271	0.5	39.9222	-26.4434	0	-0.156619	-0.987659	0	None	None
ChainingRodShaped	15404	3.93967	0.5	-64.4162	37.4091	0	0.966571	0.256398	0	None	None
ChainingRodShaped	15406	3.40931	0.5	-8.82853	36.5543	0	-0.886577	-0.46258	0	None	None
ChainingRodShaped	15408	3.17158	0.5	-13.4017	26.4096	0	0.876423	-0.481543	0	None	None
ChainingRodShaped	15410	3.35132	0.5	75.6747	40.996	0	-0.999996	0.00286379	0	None	None
ChainingRodShaped	15412	3.80366	0.5	58.3724	45.9306	0	0.964602	0.26371	0	None	None
ChainingRodShaped	15414	3.07148	0.5	69.725	-14.8863	0	0.140746	-0.990046	0	None	None
ChainingRodShaped	15416	3.19865	0.5	49.5947	-61.4223	0	0.998647	0.0520074	0	None	None
ChainingRodShaped	15418	2.84147	0.5	-9.17848	-54.129	0	0.133952	0.990988	0	None	None
ChainingRodShaped	15420	2.76184	0.5	11.7486	-8.98451	0	0.455586	-0.890192	0	None	None
ChainingRodShaped	15422	3.06272	0.5	-45.0607	54.8294	0	-0.517797	0.855504	0	None	None
ChainingRodShaped	15424	3.68224	0.5	-4.60206	128.508	0	-0.0294614	-0.999566	0	None	None
ChainingRodShaped	15426	3.72968	0.5	-34.0425	92.0696	0	0.973702	-0.227827	0	None	None
ChainingRodShaped	15428	2.92571	0.5	-13.1374	102.028	0	0.975805	0.218641	0	None	None
ChainingRodShaped	15430	3.75057	0.5	-47.8319	-15.3269	0	-0.743214	-0.669054	0	None	None
ChainingRodShaped	15432	2.74943	0.5	10.6544	91.4263	0	-0.567501	-0.823373	0	None	None
ChainingRodShaped	15434	3.86603	0.5	-51.5008	55.6629	0	-0.01428	-0.999898	0	None	None
ChainingRodShaped	15436	3.40253	0.5	65.8446	-35.1954	0	0.249745	-0.968312	0	None	None
ChainingRodShaped	15438	3.02311	0.5	41.5556	93.934	0	-0.513979	0.857803	0	None	None
ChainingRodShaped	15440	3.91512	0.5	84.0427	68.7819	0	0.969818	0.243831	0	None	None
ChainingRodShaped	15442	3.5899	0.5	-42.5724	70.1574	0	0.715522	0.698591	0	None	None
ChainingRodShaped	15444	2.82674	0.5	-56.9583	-17.7668	0	0.585356	0.810776	0	None	None
ChainingRodShaped	15446	3.50599	0.5	45.6335	107.26	0	0.907972	0.419031	0	None	None
ChainingRodShaped	15448	3.56642	0.5	-90.0233	65.7155	0	0.417586	0.908637	0	None	None
ChainingRodShaped	15450	3.27636	0.5	42.0815	-59.225	0	0.703162	0.711029	0	None	None
ChainingRodShaped	15452	3.80653	0.5	-26.3618	109.109	0	0.777144	-0.629323	0	None	None
ChainingRodShaped	15454	3.7018	0.5	27.3548	-9.58277	0	0.80877	-0.588125	0	None	None
ChainingRodShaped	15456	3.38613	0.5	-13.3008	58.9983	0	0.560886	-0.827893	0	None	None
ChainingRodShaped	15458	2.92018	0.5	74.1657	-27.0327	0	0.382172	-0.924091	0	None	None
ChainingRodShaped	15460	3.41805	0.5	30.9392	100.957	0	-0.146593	-0.989197	0	None	None
ChainingRodShaped	15462	2.95263	0.5	65.4134	50.9461	0	0.973445	0.228923	0	None	None
ChainingRodShaped	15464	3.18416	0.5	63.5444	-32.399	0	-0.230161	0.973153	0	None	None
ChainingRodShaped	15466	3.02858	0.5	-11.2713	-19.0373	0	0.572041	-0.820225	0	None	None
ChainingRodShaped	15468	3.24347	0.5	27.8663	39.444	0	0.335292	-0.942114	0	None	None
ChainingRodShaped	15470	3.37336	0.5	43.9335	9.06582	0	-0.603695	-0.797215	0	None	None
ChainingRodShaped	15472	4.01889	0.5	47.7562	31.0433	0	0.999601	0.0282446	0	None	None
ChainingRodShaped	15474	2.83311	0.5	65.3306	59.441	0	0.427752	0.903896	0	None	None
ChainingRodShaped	15476	2.73025	0.5	67.0876	-47.2411	0	-0.212731	-0.977111	0	None	None
ChainingRodShaped	15478	3.97322	0.5	68.1352	31.9465	0	0.848069	-0.529886	0	None	None
ChainingRodShaped	15480	3.33908	0.5	-53.3671	-5.27968	0	-0.921651	-0.388019	0	None	None
ChainingRodShaped	15482	3.133	0.5	71.1261	-13.7243	0	-0.140615	0.990064	0	None	None
ChainingRodShaped	15484	3.06182	0.5	50.1873	-29.2365	0	0.371182	-0.92856	0	None	None
ChainingRodShaped	15486	2.74148	0.5	-6.37678	111.674	0	0.778615	0.627502	0	None	None
ChainingRodShaped	15488	4.05517	0.5	-20.6123	-39.9117	0	0.512162	0.858889	0	None	None
ChainingRodShaped	15490	4.00564	0.5	-42.8424	24.8802	0	0.434425	0.900708	0	None	None
ChainingRodShaped	15492	3.52311	0.5	-33.635	59.8269	0	-0.116736	-0.993163	0	None	None
ChainingRodShaped	15494	3.60178	0.5	-30.0773	-23.4314	0	-0.293975	0.955813	0	None	None
ChainingRodShaped	15496	2.7095	0.5	61.5292	-39.2884	0	0.396814	0.917899	0	None	None
ChainingRodShaped	15498	3.57925	0.5	75.3314	16.916	0	0.805593	-0.592469	0	None	None
ChainingRodShaped	15500	3.88926	0.5	56.5114	116.629	0	0.893701	0.448664	0	None	None
ChainingRodShaped	15502	3.86918	0.5	-22.9067	-18.0611	0	0.646186	0.76318	0	None	None
ChainingRodShaped	15504	3.52808	0.5	-27.8269	54.3071	0	0.984475	0.175526	0	None	None
ChainingRodShaped	15506	3.33322	0.5	50.536	-9.45336	0	0.976932	-0.21355	0	None	None
ChainingRodShaped	15508	3.88941	0.5	105.878	-6.80407	0	0.924816	-0.380414	0	None	None
ChainingRodShaped	15510	2.75735	0.5	-61.0409	33.6223	0	-0.650187	-0.759774	0	None	None
ChainingRodShaped	15512	3.50318	0.5	-39.184	-8.25058	0	0.743628	0.668593	0	None	None
ChainingRodShaped	15514	3.88592	0.5	36.1291	7.39408	0	0.587308	0.809364	0	None	None
ChainingRodShaped	15516	3.59227	0.5	8.58254	58.7307	0	0.793279	0.608858	0	None	None
ChainingRodShaped	15518	3.93108	0.5	12.9076	-55.7356	0	0.23173	-0.97278	0	None	None
ChainingRodShaped	15520	3.06765	0.5	63.5193	-43.3374	0	0.390021	0.920806	0	None	None
ChainingRodShaped	15522	4.0186	0.5	64.8775	114.822	0	-0.999987	0.00505344	0	None	None
ChainingRodShaped	15524	3.50855	0.5	-42.3881	97.0988	0	0.986104	-0.166132	0	None	None
ChainingRodShaped	15526	3.22925	0.5	-22.1123	-53.9226	0	-0.650061	-0.759882	0	None	None
ChainingRodShaped	15528	3.09992	0.5	-50.7969	-42.876	0	0.607805	0.794087	0	None	None
ChainingRodShaped	15530	3.8766	0.5	-3.30101	54.9484	0	0.955617	-0.294611	0	None	None
ChainingRodShaped	15532	3.04369	0.5	2.91792	-17.5421	0	-0.277098	0.960842	0	None	None
ChainingRodShaped	15534	4.03231	0.5	35.8116	-42.4785	0	0.788897	0.614526	0	None	None
ChainingRodShaped	15536	3.42779	0.5	-9.41005	29.4213	0	0.882795	-0.469758	0	None	None
ChainingRodShaped	15538	2.95222	0.5	34.5586	-1.42529	0	-0.482698	-0.875787	0	None	None
ChainingRodShaped	15540	4.00031	0.5	-11.8846	-27.2728	0	-0.827803	0.561019	0	None	None
ChainingRodShaped	15542	2.94813	0.5	35.9365	-7.37657	0	0.951014	-0.309147	0	None	None
ChainingRodShaped	15544	2.84363	0.5	-93.0394	59.8125	0	-0.075197	0.997169	0	None	None
ChainingRodShaped	15546	3.89943	0.5	12.1914	78.3339	0	0.86358	0.504212	0	None	None
ChainingRodShaped	15548	3.35865	0.5	-86.6004	44.3569	0	-0.560976	-0.827832	0	None	None
ChainingRodShaped	15550	3.32954	0.5	8.2397	50.3608	0	0.771151	0.636652	0	None	None
ChainingRodShaped	15552	2.84854	0.5	90.5732	64.5875	0	-0.359219	-0.933253	0	None	None
ChainingRodShaped	15554	4.02377	0.5	-25.5805	30.6573	0	0.749127	-0.662426	0	None	None
ChainingRodShaped	15556	3.55423	0.5	-82.5838	-4.59346	0	-0.945044	-0.326942	0	None	None
ChainingRodShaped	15558	3.97908	0.5	-18.408	57.392	0	0.802119	-0.597164	0	None	None
ChainingRodShaped	15560	2.9799	0.5	-20.4033	31.1506	0	0.722028	-0.691864	0	None	None
ChainingRodShaped	15562	3.1314	0.5	95.8935	30.6919	0	-0.993354	-0.115097	0	None	None
ChainingRodShaped	15564	3.68133	0.5	43.6659	99.296	0	0.962849	0.270042	0	None	None
ChainingRodShaped	15566	2.99669	0.5	58.9355	-11.3923	0	-0.00900798	-0.999959	0	None	None
ChainingRodShaped	15568	3.05599	0.5	47.6786	-24.1818	0	-0.452079	-0.891978	0	None	None
ChainingRodShaped	15570	3.63612	0.5	-5.71044	24.3419	0	0.515735	-0.856748	0	None	None
ChainingRodShaped	15572	3.86958	0.5	45.1861	25.7003	0	0.9252	0.37948	0	None	None
ChainingRodShaped	15574	3.75763	0.5	-24.3555	60.1061	0	0.754637	-0.656142	0	None	None
ChainingRodShaped	15576	3.50617	0.5	36.4615	91.3952	0	0.112225	0.993683	0	None	None
ChainingRodShaped	15578	2.84742	0.5	52.7175	32.3541	0	0.96471	-0.263313	0	None	None
ChainingRodShaped	15580	3.87968	0.5	76.7547	103.336	0	0.814155	-0.580648	0	None	None
ChainingRodShaped	15582	3.07884	0.5	-59.2097	102.896	0	-0.992852	-0.11935	0	None	None
ChainingRodShaped	15584	3.63061	0.5	106.974	5.42034	0	0.402627	-0.915364	0	None	None
ChainingRodShaped	15586	3.11363	0.5	5.28909	90.3677	0	-0.707685	-0.706528	0	None	None
ChainingRodShaped	15588	2.88339	0.5	-20.3651	82.8869	0	-0.824423	0.565974	0	None	None
ChainingRodShaped	15590	3.0373	0.5	-68.7506	53.2292	0	-0.942939	0.332965	0	None	None
ChainingRodShaped	15592	3.02186	0.5	-6.11611	105.339	0	0.975279	0.220975	0	None	None
ChainingRodShaped	15594	3.02373	0.5	-17.7127	94.4975	0	0.962931	0.269748	0	None	None
ChainingRodShaped	15596	3.6673	0.5	-23.593	48.4054	0	0.901505	-0.432768	0	None	None
ChainingRodShaped	15598	3.0991	0.5	17.4911	46.6205	0	-0.689634	-0.724158	0	None	None
ChainingRodShaped	15600	3.15926	0.5	83.8096	18.5486	0	-0.870128	0.492825	0	None	None
ChainingRodShaped	15602	3.23606	0.5	-63.4389	16.256	0	0.994134	-0.108153	0	None	None
ChainingRodShaped	15604	3.11218	0.5	-47.0302	-12.3664	0	-0.722343	-0.691535	0	None	None
ChainingRodShaped	15606	3.64947	0.5	53.8615	-35.9115	0	-0.487102	-0.873345	0	None	None
ChainingRodShaped	15608	3.12585	0.5	11.7509	89.2009	0	-0.947542	-0.319633	0	None	None
ChainingRodShaped	15610	2.85799	0.5	85.6022	57.9165	0	-0.870894	-0.49147	0	None	None
ChainingRodShaped	15612	3.15123	0.5	28.4948	120.636	0	-0.309514	0.950895	0	None	None
ChainingRodShaped	15614	3.03818	0.5	-49.6155	31.666	0	-0.863647	-0.504097	0	None	None
ChainingRodShaped	15616	3.83232	0.5	-14.2972	48.8234	0	0.630343	-0.776317	0	None	None
ChainingRodShaped	15618	3.05858	0.5	-75.1764	77.8754	0	0.98906	0.147517	0	None	None
ChainingRodShaped	15620	3.03644	0.5	-50.0322	-19.3011	0	-0.591435	-0.806353	0	None	None
ChainingRodShaped	15622	3.21094	0.5	77.0827	-9.28169	0	0.17588	0.984412	0	None	None
ChainingRodShaped	15624	2.9005	0.5	-17.3771	120.678	0	0.719933	-0.694043	0	None	None
ChainingRodShaped	15626	3.96131	0.5	0.285549	18.206	0	-0.691237	-0.722628	0	None	None
ChainingRodShaped	15628	2.78237	0.5	-55.0371	106.99	0	-0.997607	-0.0691385	0	None	None
ChainingRodShaped	15630	3.49573	0.5	35.8329	79.295	0	0.954506	0.298191	0	None	None
ChainingRodShaped	15632	3.97556	0.5	-64.6898	90.7287	0	-0.723931	-0.689873	0	None	None
ChainingRodShaped	15634	3.9528	0.5	-11.4365	40.5472	0	0.497082	0.867703	0	None	None
ChainingRodShaped	15636	3.3954	0.5	71.7632	55.2837	0	0.905949	0.423386	0	None	None
ChainingRodShaped	15638	2.89785	0.5	81.3448	-37.2879	0	-0.793176	0.608992	0	None	None
ChainingRodShaped	15640	3.69424	0.5	-17.9171	93.6438	0	0.963729	0.266882	0	None	None
ChainingRodShaped	15642	3.45148	0.5	46.1959	-26.043	0	-0.279761	-0.96007	0	None	None
ChainingRodShaped	15644	2.74107	0.5	47.2167	35.853	0	0.99885	-0.0479464	0	None	None
ChainingRodShaped	15646	3.30888	0.5	-56.1969	51.1892	0	-0.978611	0.205722	0	None	None
ChainingRodShaped	15648	3.65274	0.5	-40.984	30.9694	0	0.946959	0.321354	0	None	None
ChainingRodShaped	15650	2.93516	0.5	30.1791	-15.6027	0	0.943676	-0.330872	0	None	None
ChainingRodShaped	15652	3.68576	0.5	-15.0116	-11.9149	0	-0.8069	-0.590688	0	None	None
ChainingRodShaped	15654	3.94862	0.5	-86.069	-3.7718	0	-0.955578	-0.294739	0	None	None
ChainingRodShaped	15656	3.93179	0.5	-19.3915	-27.244	0	-0.564572	-0.825384	0	None	None
ChainingRodShaped	15658	3.12094	0.5	112.56	21.767	0	-0.555814	-0.831307	0	None	None
ChainingRodShaped	15660	3.89666	0.5	46.7862	61.452	0	-0.154567	-0.987982	0	None	None
ChainingRodShaped	15662	3.37718	0.5	-83.8383	31.0875	0	-0.906445	-0.422325	0	None	None
ChainingRodShaped	15664	3.01318	0.5	88.5327	36.4039	0	0.999299	0.0374311	0	None	None
ChainingRodShaped	15666	3.87065	0.5	65.5558	72.6908	0	0.633138	0.774039	0	None	None
ChainingRodShaped	15668	3.28513	0.5	16.6504	-7.96659	0	0.937679	-0.347501	0	None	None
ChainingRodShaped	15670	3.44055	0.5	-9.13751	91.7215	0	-0.81212	-0.58349	0	None	None
ChainingRodShaped	15672	3.62599	0.5	31.3702	95.5038	0	-0.1733	-0.984869	0	None	None
ChainingRodShaped	15674	3.18498	0.5	106.816	29.2231	0	-0.998381	-0.0568781	0	None	None
ChainingRodShaped	15676	3.96817	0.5	81.3544	-42.1177	0	0.396534	-0.91802	0	None	None
ChainingRodShaped	15678	2.75737	0.5	-11.5976	84.5889	0	0.520333	-0.853963	0	None	None
ChainingRodShaped	15680	3.63081	0.5	8.7234	103.378	0	-0.492399	-0.87037	0	None	None
ChainingRodShaped	15682	3.21062	0.5	-70.4699	90.4924	0	0.764356	0.644794	0	None	None
ChainingRodShaped	15684	3.55895	0.5	-20.4819	-46.534	0	-0.259999	-0.965609	0	None	None
ChainingRodShaped	15686	2.92738	0.5	50.6907	6.13546	0	-0.621854	-0.783134	0	None	None
ChainingRodShaped	15688	3.00661	0.5	70.7467	56.5383	0	0.910291	0.413968	0	None	None
ChainingRodShaped	15690	3.82294	0.5	9.34898	-47.8912	0	0.232934	-0.972493	0	None	None
ChainingRodShaped	15692	3.26737	0.5	-55.6109	41.4819	0	0.928451	0.371454	0	None	None
ChainingRodShaped	15694	3.67365	0.5	4.14476	101.42	0	-0.813822	-0.581114	0	None	None
ChainingRodShaped	15696	2.91744	0.5	57.232	-14.4508	0	-0.0383684	-0.999264	0	None	None
ChainingRodShaped	15698	3.6391	0.5	71.404	52.4118	0	0.901686	0.432391	0	None	None
ChainingRodShaped	15700	3.44953	0.5	48.8165	77.2362	0	-0.175197	-0.984533	0	None	None
ChainingRodShaped	15702	2.93761	0.5	24.7069	-37.1175	0	-0.939058	-0.343759	0	None	None
ChainingRodShaped	15704	3.40846	0.5	-60.7359	61.8538	0	-0.0834309	0.996514	0	None	None
ChainingRodShaped	15706	3.56414	0.5	1.82263	-77.1765	0	-0.937901	0.346902	0	None	None
ChainingRodShaped	15708	3.31459	0.5	38.0537	14.6114	0	-0.718414	-0.695615	0	None	None
ChainingRodShaped	15710	3.92588	0.5	101.324	69.9541	0	0.26879	-0.963199	0	None	None
ChainingRodShaped	15712	3.05915	0.5	-68.2563	68.5275	0	0.500757	0.865588	0	None	None
ChainingRodShaped	15714	3.99604	0.5	79.1544	-33.5006	0	0.75318	-0.657814	0	None	None
ChainingRodShaped	15716	3.1796	0.5	-78.4043	72	0	0.862119	0.506706	0	None	None
ChainingRodShaped	15718	3.74307	0.5	76.8207	86.8311	0	0.509876	-0.860248	0	None	None
ChainingRodShaped	15720	3.69327	0.5	61.0161	20.2096	0	-0.914408	0.404793	0	None	None
ChainingRodShaped	15722	2.67638	0.5	10.5728	-28.1011	0	-0.993397	0.114723	0	None	None
ChainingRodShaped	15724	3.48643	0.5	-68.61	13.6516	0	0.506133	-0.862456	0	None	None
ChainingRodShaped	15726	3.20839	0.5	-48.7091	-6.40403	0	0.71112	0.703071	0	None	None
ChainingRodShaped	15728	3.31862	0.5	76.9534	96.4655	0	0.352735	-0.935723	0	None	None
ChainingRodShaped	15730	2.97555	0.5	57.2597	14.255	0	-0.38677	-0.922176	0	None	None
ChainingRodShaped	15732	2.81172	0.5	-23.2675	-58.3534	0	-0.868925	-0.494944	0	None	None
ChainingRodShaped	15734	3.64965	0.5	56.5009	43.7375	0	0.923136	0.384473	0	None	None
ChainingRodShaped	15736	3.86432	0.5	36.5878	107.876	0	0.780142	0.625602	0	None	None
ChainingRodShaped	15738	2.68669	0.5	70.444	49.2854	0	-0.898734	-0.438494	0	None	None
ChainingRodShaped	15740	2.98448	0.5	-30.6113	55.2438	0	0.981544	0.191235	0	None	None
ChainingRodShaped	15742	3.2352	0.5	-67.8798	10.4256	0	0.979016	-0.203782	0	None	None
ChainingRodShaped	15744	3.63626	0.5	53.3614	-35.4228	0	-0.495916	-0.868371	0	None	None
ChainingRodShaped	15746	3.8201	0.5	39.229	1.40306	0	-0.516933	-0.856026	0	None	None
ChainingRodShaped	15748	3.58959	0.5	93.1123	-28.2942	0	-0.702358	-0.711824	0	None	None
ChainingRodShaped	15750	3.95571	0.5	7.6892	-62.982	0	-0.967923	0.251245	0	None	None
ChainingRodShaped	15752	3.02618	0.5	-46.7219	90.2494	0	0.440583	0.897712	0	None	None
ChainingRodShaped	15754	2.9337	0.5	-79.522	-5.39098	0	-0.934914	-0.354874	0	None	None
ChainingRodShaped	15756	3.39602	0.5	-67.104	6.23019	0	0.967905	0.251314	0	None	None
ChainingRodShaped	15758	2.86865	0.5	19.4269	-72.4905	0	0.998282	0.0585955	0	None	None
ChainingRodShaped	15760	3.53592	0.5	98.171	38.4377	0	0.990419	0.138092	0	None	None
ChainingRodShaped	15762	3.96992	0.5	-0.420244	-5.84849	0	-0.553956	0.832546	0	None	None
ChainingRodShaped	15764	3.68725	0.5	40.5143	-26.9486	0	-0.16662	-0.986021	0	None	None
ChainingRodShaped	15766	3.88257	0.5	-84.7111	34.9755	0	0.38094	0.9246	0	None	None
ChainingRodShaped	15768	3.19927	0.5	17.5033	-35.5277	0	-0.579999	0.814617	0	None	None
ChainingRodShaped	15770	3.66482	0.5	-1.03067	85.2187	0	0.0359491	-0.999354	0	None	None
ChainingRodShaped	15772	3.05885	0.5	33.0922	3.97713	0	0.445813	0.895126	0	None	None
ChainingRodShaped	15774	3.11964	0.5	-21.1627	-37.9693	0	0.495119	0.868825	0	None	None
ChainingRodShaped	15776	2.8052	0.5	-11.7849	-14.3409	0	0.922409	-0.386214	0	None	None
ChainingRodShaped	15778	2.68338	0.5	17.552	23.2099	0	0.160057	0.987108	0	None	None
ChainingRodShaped	15780	3.70774	0.5	41.9082	-22.7177	0	-0.546292	-0.837595	0	None	None
ChainingRodShaped	15782	3.95159	0.5	72.4157	20.2128	0	0.816968	-0.576682	0	None	None
ChainingRodShaped	15784	3.28215	0.5	-12.3247	52.5299	0	0.582275	-0.812992	0	None	None
ChainingRodShaped	15786	3.23334	0.5	0.902586	-17.5874	0	-0.858715	0.512454	0	None	None
ChainingRodShaped	15788	3.10532	0.5	3.2433	63.3576	0	-0.652302	-0.757959	0	None	None
ChainingRodShaped	15790	3.46956	0.5	-53.2984	59.3514	0	0.124142	-0.992265	0	None	None
ChainingRodShaped	15792	2.7122	0.5	70.4876	87.1327	0	0.0977052	0.995215	0	None	None
ChainingRodShaped	15794	3.00604	0.5	45.6375	27.9288	0	0.913297	0.407294	0	None	None
ChainingRodShaped	15796	3.61178	0.5	-64.6463	100.285	0	0.416308	0.909224	0	None	None
ChainingRodShaped	15798	2.67492	0.5	8.75469	118.765	0	0.951113	0.308844	0	None	None
ChainingRodShaped	15800	2.96051	0.5	43.7422	5.34774	0	-0.564284	-0.825581	0	None	None
ChainingRodShaped	15802	3.0298	0.5	-63.7865	15.5393	0	0.995149	-0.0983776	0	None	None
ChainingRodShaped	15804	2.81118	0.5	25.8349	123.19	0	0.288546	-0.957466	0	None	None
ChainingRodShaped	15806	3.53745	0.5	-1.66625	-46.9202	0	-0.950301	0.311334	0	None	None
ChainingRodShaped	15808	3.6246	0.5	24.5451	31.9891	0	0.0248305	0.999692	0	None	None
ChainingRodShaped	15810	3.15421	0.5	-69.5976	54.7877	0	-0.840299	0.542123	0	None	None
ChainingRodShaped	15812	3.05762	0.5	-7.60595	53.0268	0	0.976385	-0.216037	0	None	None
ChainingRodShaped	15814	3.64933	0.5	18.5016	51.5546	0	0.80653	0.591193	0	None	None
ChainingRodShaped	15816	3.29943	0.5	62.5658	16.4378	0	-0.92991	0.367786	0	None	None
ChainingRodShaped	15818	3.36562	0.5	68.2529	33.562	0	0.854177	-0.519982	0	None	None
ChainingRodShaped	15820	3.61858	0.5	87.9426	84.291	0	0.0407568	0.999169	0	None	None
ChainingRodShaped	15822	3.43729	0.5	-13.801	-1.62082	0	-0.986174	-0.16571	0	None	None
ChainingRodShaped	15824	3.0319	0.5	67.9102	115.213	0	0.404256	-0.914646	0	None	None
ChainingRodShaped	15826	2.67886	0.5	99.319	3.5047	0	-0.793281	-0.608855	0	None	None
ChainingRodShaped	15828	2.74435	0.5	76.8824	-15.4969	0	-0.141616	0.989922	0	None	None
ChainingRodShaped	15830	2.82867	0.5	83.1735	103.026	0	0.282873	-0.959157	0	None	None
ChainingRodShaped	15832	3.53526	0.5	39.1784	130.499	0	0.962816	-0.270157	0	None	None
ChainingRodShaped	15834	2.77321	0.5	-20.3143	48.2804	0	0.674998	-0.73782	0	None	None
ChainingRodShaped	15836	2.78697	0.5	0.803225	66.0632	0	0.928662	0.370928	0	None	None
ChainingRodShaped	15838	2.95117	0.5	113.122	-0.872044	0	-0.201188	0.979553	0	None	None
ChainingRodShaped	15840	3.37638	0.5	16.1733	101.546	0	-0.713878	-0.70027	0	None	None
ChainingRodShaped	15842	2.76855	0.5	-33.1099	83.6929	0	-0.124113	-0.992268	0	None	None
ChainingRodShaped	15844	3.71474	0.5	0.326519	-20.6314	0	-0.239669	0.970855	0	None	None
ChainingRodShaped	15846	3.78596	0.5	54.2424	-55.7921	0	0.997407	0.0719663	0	None	None
ChainingRodShaped	15848	3.08999	0.5	69.6549	9.14873	0	0.824731	-0.565525	0	None	None
ChainingRodShaped	15850	2.76429	0.5	-69.9958	49.2569	0	0.951064	-0.308995	0	None	None
ChainingRodShaped	15852	3.65264	0.5	-77.3241	59.238	0	-0.885211	0.465189	0	None	None
ChainingRodShaped	15854	2.67535	0.5	-54.0679	-28.7169	0	0.615331	0.788269	0	None	None
ChainingRodShaped	15856	2.97426	0.5	-57.2067	-12.4171	0	0.633398	0.773826	0	None	None
ChainingRodShaped	15858	3.55527	0.5	17.2636	-1.05036	0	0.974909	-0.222603	0	None	None
ChainingRodShaped	15860	2.83671	0.5	-21.6103	-52.0987	0	-0.642328	-0.76643	0	None	None
ChainingRodShaped	15862	3.66587	0.5	-35.1151	-53.8532	0	0.915005	0.403443	0	None	None
ChainingRodShaped	15864	2.91774	0.5	12.9831	-77.9218	0	0.997581	0.0695101	0	None	None
ChainingRodShaped	15866	3.05437	0.5	-47.946	-14.3382	0	-0.739952	-0.67266	0	None	None
ChainingRodShaped	15868	3.39234	0.5	63.1953	72.206	0	-0.648489	-0.761224	0	None	None
ChainingRodShaped	15870	3.36293	0.5	66.4356	2.09799	0	-0.973956	0.226738	0	None	None
ChainingRodShaped	15872	3.86732	0.5	-38.4815	60.7092	0	0.127279	-0.991867	0	None	None
ChainingRodShaped	15874	3.24481	0.5	36.2208	-19.134	0	-0.418768	-0.908093	0	None	None
ChainingRodShaped	15876	3.05652	0.5	-43.5983	80.312	0	0.914771	0.403972	0	None	None
ChainingRodShaped	15878	3.11778	0.5	112.663	47.1926	0	0.486474	-0.873695	0	None	None
ChainingRodShaped	15880	2.75415	0.5	-7.82466	2.44408	0	0.992504	0.122211	0	None	None
ChainingRodShaped	15882	3.86778	0.5	8.5638	-34.753	0	0.634656	-0.772795	0	None	None
ChainingRodShaped	15884	2.81831	0.5	83.6222	-8.48039	0	-0.427406	-0.90406	0	None	None
ChainingRodShaped	15886	3.28322	0.5	51.2611	73.4903	0	-0.194763	-0.98085	0	None	None
ChainingRodShaped	15888	3.53753	0.5	-59.1429	100.401	0	-0.863866	-0.503723	0	None	None
ChainingRodShaped	15890	3.48665	0.5	46.9573	35.2665	0	0.999286	-0.0377779	0	None	None
ChainingRodShaped	15892	2.83096	0.5	-21.1064	82.455	0	-0.823535	0.567265	0	None	None
ChainingRodShaped	15894	3.51879	0.5	56.6685	-10.272	0	-0.00710947	-0.999975	0	None	None
ChainingRodShaped	15896	2.88404	0.5	15.1954	23.0323	0	-0.995137	0.0984982	0	None	None
ChainingRodShaped	15898	3.72157	0.5	18.8134	60.0361	0	0.939089	0.343675	0	None	None
ChainingRodShaped	15900	3.27009	0.5	22.6561	-26.0435	0	-0.236387	0.971659	0	None	None
ChainingRodShaped	15902	3.24643	0.5	-33.5564	-12.6547	0	-0.0520072	-0.998647	0	None	None
ChainingRodShaped	15904	3.75278	0.5	64.7046	52.2268	0	0.976568	0.21521	0	None	None
ChainingRodShaped	15906	3.59135	0.5	65.7175	-52.5737	0	-0.211709	-0.977333	0	None	None
ChainingRodShaped	15908	3.27122	0.5	22.4149	-70.5025	0	0.998991	0.0449059	0	None	None
ChainingRodShaped	15910	3.23466	0.5	96.0773	-6.4447	0	0.543434	0.839452	0	None	None
ChainingRodShaped	15912	2.72134	0.5	-50.4164	39.5118	0	-0.86311	-0.505016	0	None	None
ChainingRodShaped	15914	3.38175	0.5	-86.6541	20.4382	0	-0.596136	0.802883	0	None	None
ChainingRodShaped	15916	3.72874	0.5	41.6174	-11.1322	0	0.879247	-0.476366	0	None	None
ChainingRodShaped	15918	3.50661	0.5	71.0109	-18.9465	0	0.103352	-0.994645	0	None	None
ChainingRodShaped	15920	3.55536	0.5	99.2179	-3.87657	0	0.764458	0.644673	0	None	None
ChainingRodShaped	15922	3.15661	0.5	66.2295	13.4636	0	-0.986703	0.162535	0	None	None
ChainingRodShaped	15924	2.65209	0.5	-47.5856	62.284	0	-0.666798	0.745239	0	None	None
ChainingRodShaped	15926	3.59843	0.5	-55.0683	63.9592	0	-0.538541	-0.842599	0	None	None
ChainingRodShaped	15928	3.10613	0.5	-30.8869	113.001	0	1	0.000716748	0	None	None
ChainingRodShaped	15930	3.74028	0.5	17.9049	-34.8332	0	-0.588184	0.808727	0	None	None
ChainingRodShaped	15932	2.94789	0.5	16.1748	83.7377	0	0.824346	0.566087	0	None	None
ChainingRodShaped	15934	2.71662	0.5	97.6284	37.5908	0	0.991761	0.128106	0	None	None
ChainingRodShaped	15936	2.6705	0.5	63.901	28.9477	0	0.725454	-0.68827	0	None	None
ChainingRodShaped	15938	2.75057	0.5	-36.4936	98.6065	0	0.984509	-0.175335	0	None	None
ChainingRodShaped	15940	2.80854	0.5	-2.35937	88.5804	0	-0.758114	-0.652122	0	None	None
ChainingRodShaped	15942	3.32726	0.5	106.373	-8.00837	0	0.921569	-0.388215	0	None	None
ChainingRodShaped	15944	3.24837	0.5	-5.82793	134.675	0	-0.271992	-0.962299	0	None	None
ChainingRodShaped	15946	3.49794	0.5	37.8818	-46.272	0	0.995372	-0.0960923	0	None	None
ChainingRodShaped	15948	3.26229	0.5	-7.84559	-2.53318	0	-0.98443	-0.175777	0	None	None
ChainingRodShaped	15950	3.70037	0.5	39.4317	85.025	0	0.900723	0.434394	0	None	None
ChainingRodShaped	15952	3.59928	0.5	-51.8899	25.2696	0	0.758525	0.651644	0	None	None
ChainingRodShaped	15954	2.65832	0.5	-37.2955	72.2805	0	-0.703651	-0.710545	0	None	None
ChainingRodShaped	15956	3.32346	0.5	75.7685	13.2838	0	-0.98756	0.15724	0	None	None
ChainingRodShaped	15958	3.23582	0.5	-55.8596	51.9037	0	-0.980626	0.195889	0	None	None
ChainingRodShaped	15960	3.34763	0.5	68.7779	-4.02201	0	-0.999943	0.0106363	0	None	None
ChainingRodShaped	15962	3.44066	0.5	4.40175	38.3465	0	0.972845	-0.231459	0	None	None
ChainingRodShaped	15964	3.19048	0.5	9.10057	53.477	0	0.801155	0.598457	0	None	None
ChainingRodShaped	15966	3.75496	0.5	-50.6821	86.3319	0	0.531403	0.847119	0	None	None
ChainingRodShaped	15968	2.93535	0.5	16.9058	93.5022	0	-0.970298	-0.241911	0	None	None
ChainingRodShaped	15970	3.40463	0.5	-75.3885	20.4055	0	0.231492	-0.972837	0	None	None
ChainingRodShaped	15972	2.9225	0.5	42.7619	-32.1731	0	-0.957695	-0.287784	0	None	None
ChainingRodShaped	15974	3.78416	0.5	-5.96182	43.3419	0	0.666281	-0.745701	0	None	None
ChainingRodShaped	15976	2.85529	0.5	22.3393	89.2126	0	0.959109	0.283037	0	None	None
ChainingRodShaped	15978	2.98843	0.5	-55.446	99.2735	0	-0.657798	-0.753195	0	None	None
ChainingRodShaped	15980	2.98224	0.5	24.5233	23.3621	0	0.0578337	0.998326	0	None	None
ChainingRodShaped	15982	3.7967	0.5	-29.4933	47.2923	0	0.95649	-0.291766	0	None	None
ChainingRodShaped	15984	2.99385	0.5	-15.6197	19.2142	0	0.890401	-0.455178	0	None	None
ChainingRodShaped	15986	3.45861	0.5	-35.894	90.9206	0	0.97805	-0.208369	0	None	None
ChainingRodShaped	15988	2.86151	0.5	16.5695	53.6117	0	0.791872	0.610687	0	None	None
ChainingRodShaped	15990	2.77437	0.5	54.1388	-6.93767	0	0.333448	-0.942769	0	None	None
ChainingRodShaped	15992	3.36633	0.5	-79.7795	74.4472	0	0.869228	0.494411	0	None	None
ChainingRodShaped	15994	3.76859	0.5	32.6522	-20.2165	0	-0.397281	-0.917697	0	None	None
ChainingRodShaped	15996	3.20805	0.5	77.4569	-1.09401	0	-0.99736	-0.0726127	0	None	None
ChainingRodShaped	15998	3.46415	0.5	-18.6839	13.4595	0	-0.352597	-0.935775	0	None	None
ChainingRodShaped	16000	3.05354	0.5	-41.0116	48.6173	0	0.261829	-0.965114	0	None	None
ChainingRodShaped	16002	2.85719	0.5	-14.3129	47.7378	0	0.634953	-0.772551	0	None	None
ChainingRodShaped	16004	2.82447	0.5	58.3176	48.651	0	0.971608	0.236596	0	None	None
ChainingRodShaped	16006	3.4775	0.5	0.461942	121.735	0	0.453055	0.891483	0	None	None
ChainingRodShaped	16008	2.77495	0.5	-58.9092	18.2198	0	0.82559	0.564271	0	None	None
ChainingRodShaped	16010	2.86541	0.5	-26.4031	33.2823	0	0.789956	-0.613163	0	None	None
ChainingRodShaped	16012	3.857	0.5	31.1284	-49.4047	0	0.880038	-0.474904	0	None	None
ChainingRodShaped	16014	3.29224	0.5	-31.2648	50.5509	0	0.961918	-0.273339	0	None	None
ChainingRodShaped	16016	3.13638	0.5	-17.875	-26.3917	0	-0.556347	-0.83095	0	None	None
ChainingRodShaped	16018	3.55121	0.5	30.847	59.2972	0	0.723235	0.690602	0	None	None
ChainingRodShaped	16020	3.60691	0.5	67.8314	32.9775	0	0.853181	-0.521614	0	None	None
ChainingRodShaped	16022	3.83092	0.5	59.0537	64.7504	0	0.495764	-0.868457	0	None	None
ChainingRodShaped	16024	3.22922	0.5	-76.4008	47.8284	0	0.911234	-0.411889	0	None	None
ChainingRodShaped	16026	2.66659	0.5	28.0838	49.0174	0	-0.416361	-0.909199	0	None	None
ChainingRodShaped	16028	3.22059	0.5	-21.0439	107.449	0	-0.00358491	-0.999994	0	None	None
ChainingRodShaped	16030	2.9868	0.5	-10.0845	116.164	0	-0.358364	-0.933582	0	None	None
ChainingRodShaped	16032	3.17178	0.5	68.4788	-17.9575	0	0.114949	-0.993371	0	None	None
ChainingRodShaped	16034	2.82929	0.5	-83.1712	6.78063	0	-0.86635	0.499437	0	None	None
ChainingRodShaped	16036	3.38175	0.5	-33.3861	119.587	0	0.370508	-0.928829	0	None	None
ChainingRodShaped	16038	3.42299	0.5	-15.6612	53.4954	0	0.648421	-0.761282	0	None	None
ChainingRodShaped	16040	2.89114	0.5	54.2759	52.0461	0	0.963688	0.267032	0	None	None
ChainingRodShaped	16042	2.96981	0.5	-69.8653	43.7747	0	0.882706	0.469926	0	None	None
ChainingRodShaped	16044	3.65787	0.5	-34.9376	113.246	0	0.789745	0.613436	0	None	None
ChainingRodShaped	16046	3.81364	0.5	105.393	58.8197	0	-0.953056	-0.302793	0	None	None
ChainingRodShaped	16048	2.93643	0.5	-34.7648	18.9234	0	-0.475135	0.879913	0	None	None
ChainingRodShaped	16050	3.40236	0.5	21.8082	10.1865	0	0.23019	-0.973146	0	None	None
ChainingRodShaped	16052	2.80846	0.5	-69.1516	77.5238	0	-0.756738	0.653719	0	None	None
ChainingRodShaped	16054	3.09431	0.5	72.7555	16.1071	0	-0.987557	0.157264	0	None	None
ChainingRodShaped	16056	3.57759	0.5	33.7732	67.9645	0	0.66982	0.742523	0	None	None
ChainingRodShaped	16058	3.16904	0.5	94.0897	28.3541	0	0.764981	-0.644053	0	None	None
ChainingRodShaped	16060	3.10389	0.5	28.4143	77.2705	0	0.993558	-0.113327	0	None	None
ChainingRodShaped	16062	2.97606	0.5	-83.5581	50.9451	0	0.965412	-0.26073	0	None	None
ChainingRodShaped	16064	2.78234	0.5	-2.63282	28.2019	0	-0.977587	-0.210531	0	None	None
ChainingRodShaped	16066	3.31219	0.5	61.4828	89.0986	0	0.379137	-0.92534	0	None	None
ChainingRodShaped	16068	3.44786	0.5	-13.7485	58.5306	0	0.561936	-0.827181	0	None	None
ChainingRodShaped	16070	3.54147	0.5	-37.5729	44.4007	0	-0.402629	0.915363	0	None	None
ChainingRodShaped	16072	2.70072	0.5	34.7426	-28.6426	0	-0.956211	-0.292679	0	None	None
ChainingRodShaped	16074	3.14064	0.5	4.31427	37.7465	0	0.970605	-0.240678	0	None	None
ChainingRodShaped	16076	3.28412	0.5	55.4106	-67.4883	0	0.742314	0.670052	0	None	None
ChainingRodShaped	16078	3.75094	0.5	-67.8611	9.58412	0	0.979474	-0.201572	0	None	None
ChainingRodShaped	16080	2.88124	0.5	-78.8055	51.9307	0	0.899486	-0.436949	0	None	None
ChainingRodShaped	16082	3.50605	0.5	49.7761	15.6027	0	-0.70578	-0.708432	0	None	None
ChainingRodShaped	16084	3.81832	0.5	58.0467	46.5252	0	0.967127	0.254295	0	None	None
ChainingRodShaped	16086	3.75309	0.5	67.9929	-25.7648	0	0.139069	-0.990283	0	None	None
ChainingRodShaped	16088	3.66385	0.5	57.3089	-3.68461	0	0.354452	-0.935074	0	None	None
ChainingRodShaped	16090	3.72268	0.5	-70.2561	-20.7406	0	0.781321	-0.624129	0	None	None
ChainingRodShaped	16092	3.16323	0.5	31.1068	-0.633479	0	0.804719	0.593656	0	None	None
ChainingRodShaped	16094	3.71951	0.5	4.93822	123.93	0	0.947852	0.318711	0	None	None
ChainingRodShaped	16096	3.46425	0.5	18.6405	36.6808	0	-0.488277	0.872689	0	None	None
ChainingRodShaped	16098	3.2924	0.5	74.5643	11.9307	0	-0.984249	0.176786	0	None	None
ChainingRodShaped	16100	2.82843	0.5	22.3552	-69.588	0	0.99833	0.0577655	0	None	None
ChainingRodShaped	16102	3.7066	0.5	104.071	52.2793	0	-0.857033	-0.515262	0	None	None
ChainingRodShaped	16104	2.61963	0.5	58.0146	34.879	0	-0.971969	0.235109	0	None	None
ChainingRodShaped	16106	2.89761	0.5	51.2571	123.122	0	0.190106	0.981764	0	None	None
ChainingRodShaped	16108	3.57098	0.5	-93.1743	0.281223	0	0.609719	-0.792617	0	None	None
ChainingRodShaped	16110	3.35069	0.5	7.36307	-21.6554	0	-0.99723	0.0743793	0	None	None
ChainingRodShaped	16112	3.5784	0.5	-55.8548	75.5679	0	0.696454	0.717602	0	None	None
ChainingRodShaped	16114	2.89216	0.5	31.0809	72.4817	0	-0.819262	0.573419	0	None	None
ChainingRodShaped	16116	3.25272	0.5	86.8059	72.7745	0	0.985082	0.172087	0	None	None
ChainingRodShaped	16118	2.86992	0.5	-52.0939	-49.8447	0	0.279375	-0.960182	0	None	None
ChainingRodShaped	16120	3.53951	0.5	79.3308	-44.4048	0	0.368855	-0.929487	0	None	None
ChainingRodShaped	16122	3.65854	0.5	19.6356	-24.698	0	-0.998518	0.0544147	0	None	None
ChainingRodShaped	16124	3.76395	0.5	110.414	34.8335	0	0.972009	0.234945	0	None	None
ChainingRodShaped	16126	3.80267	0.5	64.1166	117.858	0	0.993633	-0.112669	0	None	None
ChainingRodShaped	16128	3.49699	0.5	-24.8067	25.9473	0	0.709605	-0.7046	0	None	None
ChainingRodShaped	16130	3.61575	0.5	-25.689	47.5988	0	0.944958	-0.327192	0	None	None
ChainingRodShaped	16132	3.82263	0.5	-65.4537	80.3888	0	0.529247	0.848468	0	None	None
ChainingRodShaped	16134	3.77114	0.5	-76.2431	20.7952	0	0.221661	-0.975124	0	None	None
ChainingRodShaped	16136	3.18982	0.5	89.4708	97.271	0	0.750554	-0.660809	0	None	None
ChainingRodShaped	16138	3.22997	0.5	4.13107	14.5445	0	0.991516	0.129985	0	None	None
ChainingRodShaped	16140	3.24302	0.5	-16.6505	13.8943	0	-0.380358	-0.924839	0	None	None
ChainingRodShaped	16142	2.93331	0.5	110.451	46.329	0	-0.978633	-0.205615	0	None	None
ChainingRodShaped	16144	3.18727	0.5	18.6692	-58.0148	0	-0.207816	0.978168	0	None	None
ChainingRodShaped	16146	2.61319	0.5	-21.9044	25.421	0	0.830225	-0.557428	0	None	None
ChainingRodShaped	16148	3.40692	0.5	70.6315	-9.46739	0	0.378582	-0.925568	0	None	None
ChainingRodShaped	16150	3.21023	0.5	-37.4681	41.8784	0	-0.966417	-0.25698	0	None	None
ChainingRodShaped	16152	3.53349	0.5	-4.723	-70.4671	0	-0.559109	0.829094	0	None	None
ChainingRodShaped	16154	3.02329	0.5	-21.881	71.8063	0	0.82305	-0.56797	0	None	None
ChainingRodShaped	16156	3.79204	0.5	82.2001	-27.319	0	-0.648631	0.761103	0	None	None
ChainingRodShaped	16158	3.30265	0.5	89.2818	33.1604	0	0.999722	0.023577	0	None	None
ChainingRodShaped	16160	3.42208	0.5	67.872	38.7357	0	0.767109	-0.641517	0	None	None
ChainingRodShaped	16162	2.90833	0.5	63.8899	14.6292	0	-0.985004	0.172534	0	None	None
ChainingRodShaped	16164	3.69366	0.5	-67.1092	-40.1048	0	0.741674	-0.67076	0	None	None
ChainingRodShaped	16166	3.27607	0.5	-63.8163	44.2876	0	0.965497	0.260414	0	None	None
ChainingRodShaped	16168	3.59571	0.5	103.774	14.3293	0	0.641694	-0.766961	0	None	None
ChainingRodShaped	16170	3.29941	0.5	102.601	-13.0254	0	-0.476806	-0.879008	0	None	None
ChainingRodShaped	16172	3.79828	0.5	-39.2275	-10.1962	0	0.729925	0.683527	0	None	None
ChainingRodShaped	16174	3.63785	0.5	39.5108	74.507	0	0.897146	0.441734	0	None	None
ChainingRodShaped	16176	3.03749	0.5	-38.1122	-19.1095	0	0.436059	-0.899918	0	None	None
ChainingRodShaped	16178	2.85381	0.5	-54.8294	-49.4264	0	0.668282	-0.743908	0	None	None
ChainingRodShaped	16180	2.94846	0.5	87.0546	71.9728	0	0.983331	0.181822	0	None	None
ChainingRodShaped	16182	2.87574	0.5	54.9415	-13.2777	0	-0.0926095	-0.995703	0	None	None
ChainingRodShaped	16184	3.76444	0.5	44.4392	72.1963	0	-0.324229	-0.945979	0	None	None
ChainingRodShaped	16186	3.69215	0.5	46.7651	72.5805	0	-0.200699	-0.979653	0	None	None
ChainingRodShaped	16188	2.7329	0.5	-43.3441	11.6938	0	0.982385	0.186869	0	None	None
ChainingRodShaped	16190	3.22401	0.5	32.2804	103.716	0	-0.207569	-0.97822	0	None	None
ChainingRodShaped	16192	2.62418	0.5	-56.2643	46.0684	0	0.962436	0.271509	0	None	None
ChainingRodShaped	16194	3.43935	0.5	-42.059	115.618	0	0.801937	0.597408	0	None	None
ChainingRodShaped	16196	3.73806	0.5	55.3263	81.2372	0	0.0073943	-0.999973	0	None	None
ChainingRodShaped	16198	3.10224	0.5	63.0497	32.5359	0	-0.842726	0.538342	0	None	None
ChainingRodShaped	16200	2.84703	0.5	-42.7605	5.94894	0	0.962419	0.27157	0	None	None
ChainingRodShaped	16202	3.1364	0.5	63.9646	-7.36069	0	0.170715	0.98532	0	None	None
ChainingRodShaped	16204	3.40317	0.5	14.0011	-50.2386	0	0.250777	-0.968045	0	None	None
ChainingRodShaped	16206	2.73583	0.5	-35.9563	53.1871	0	0.521871	-0.853024	0	None	None
ChainingRodShaped	16208	3.23789	0.5	-25.92	-45.8105	0	0.86314	0.504964	0	None	None
ChainingRodShaped	16210	2.78276	0.5	-14.6346	96.934	0	0.996081	0.0884454	0	None	None
ChainingRodShaped	16212	2.61315	0.5	-8.32858	-7.05891	0	-0.819982	-0.57239	0	None	None
ChainingRodShaped	16214	3.41878	0.5	49.3967	60.4955	0	-0.718126	-0.695913	0	None	None
ChainingRodShaped	16216	3.24578	0.5	85.7865	5.27382	0	0.9996	-0.0282737	0	None	None
ChainingRodShaped	16218	2.66711	0.5	25.1111	96.2718	0	-0.966669	-0.25603	0	None	None
ChainingRodShaped	16220	3.6898	0.5	97.1286	68.2684	0	0.286075	-0.958207	0	None	None
ChainingRodShaped	16222	2.64573	0.5	-32.056	93.2094	0	0.968967	-0.247192	0	None	None
ChainingRodShaped	16224	2.90062	0.5	-76.8086	-12.601	0	-0.452521	0.891754	0	None	None
ChainingRodShaped	16226	2.94408	0.5	11.3848	14.8149	0	0.987514	0.157532	0	None	None
ChainingRodShaped	16228	3.21378	0.5	-67.2462	7.02949	0	0.967714	0.252049	0	None	None
ChainingRodShaped	16230	2.98456	0.5	80.6758	-42.8484	0	-0.387347	0.921934	0	None	None
ChainingRodShaped	16232	3.17405	0.5	-62.2168	-41.6828	0	0.665832	0.746102	0	None	None
ChainingRodShaped	16234	3.24671	0.5	8.72461	26.4421	0	0.99981	0.0195155	0	None	None
ChainingRodShaped	16236	2.89719	0.5	-42.1585	37.0291	0	-0.959377	-0.282128	0	None	None
ChainingRodShaped	16238	3.27251	0.5	53.9376	105.773	0	-0.659962	-0.751299	0	None	None
ChainingRodShaped	16240	3.33992	0.5	-61.5037	-19.8383	0	-0.755048	0.65567	0	None	None
ChainingRodShaped	16242	2.71077	0.5	-60.9364	50.7253	0	-0.962824	0.270129	0	None	None
ChainingRodShaped	16244	3.02995	0.5	49.138	94.9409	0	0.149548	-0.988754	0	None	None
ChainingRodShaped	16246	2.64883	0.5	56.8906	54.4029	0	0.968776	0.247939	0	None	None
ChainingRodShaped	16248	2.89576	0.5	91.0318	81.1409	0	-0.247098	0.96899	0	None	None
ChainingRodShaped	16250	3.09604	0.5	14.3638	6.79288	0	-0.44722	-0.894424	0	None	None
ChainingRodShaped	16252	3.07552	0.5	115.312	30.8407	0	-0.0905376	0.995893	0	None	None
ChainingRodShaped	16254	3.51279	0.5	28.2375	130.992	0	-0.0271362	0.999632	0	None	None
ChainingRodShaped	16256	2.93306	0.5	-6.63542	6.28255	0	0.991254	0.131968	0	None	None
ChainingRodShaped	16258	3.0907	0.5	34.3894	26.0513	0	0.843004	0.537907	0	None	None
ChainingRodShaped	16260	2.67726	0.5	10.198	27.7376	0	0.999806	0.0196973	0	None	None
ChainingRodShaped	16262	2.95789	0.5	29.8652	-46.0535	0	0.890828	-0.454341	0	None	None
ChainingRodShaped	16264	3.2053	0.5	-33.3615	49.3919	0	0.239855	-0.970809	0	None	None
ChainingRodShaped	16266	2.91389	0.5	5.33157	135.306	0	0.659992	-0.751273	0	None	None
ChainingRodShaped	16268	3.65063	0.5	-44.6398	-51.0642	0	0.697401	-0.716681	0	None	None
ChainingRodShaped	16270	3.63666	0.5	87.5674	1.1854	0	-0.349665	-0.936875	0	None	None
ChainingRodShaped	16272	2.6428	0.5	-12.3087	-34.4532	0	0.399129	-0.916895	0	None	None
ChainingRodShaped	16274	2.72128	0.5	27.6559	86.0206	0	0.997461	0.0712198	0	None	None
ChainingRodShaped	16276	2.9819	0.5	35.2402	85.9108	0	0.989657	0.143454	0	None	None
ChainingRodShaped	16278	3.40887	0.5	-24.2218	96.7507	0	-0.297203	0.954814	0	None	None
ChainingRodShaped	16280	3.7246	0.5	-87.7818	6.49173	0	-0.817469	0.575973	0	None	None
ChainingRodShaped	16282	2.94088	0.5	0.491707	50.1956	0	0.810271	-0.586055	0	None	None
ChainingRodShaped	16284	3.14022	0.5	-10.9876	40.0214	0	0.488753	0.872422	0	None	None
ChainingRodShaped	16286	3.12644	0.5	55.5582	57.7911	0	0.970021	0.24302	0	None	None
ChainingRodShaped	16288	3.36013	0.5	-3.82995	49.1041	0	0.82325	-0.567679	0	None	None
ChainingRodShaped	16290	3.75888	0.5	-1.48494	99.1032	0	-0.701077	-0.713086	0	None	None
ChainingRodShaped	16292	2.78959	0.5	18.1658	74.2833	0	0.837179	0.546929	0	None	None
ChainingRodShaped	16294	3.16905	0.5	-6.53658	-37.0003	0	-0.550257	0.834996	0	None	None
ChainingRodShaped	16296	2.65742	0.5	15.8467	99.1849	0	-0.594546	-0.804062	0	None	None
ChainingRodShaped	16298	3.69103	0.5	-5.06724	11.3897	0	0.997308	0.0733245	0	None	None
ChainingRodShaped	16300	3.18412	0.5	34.498	-5.0188	0	-0.809536	-0.58707	0	None	None
ChainingRodShaped	16302	3.58877	0.5	-39.5277	85.5007	0	-0.928184	-0.372122	0	None	None
ChainingRodShaped	16304	2.71246	0.5	49.5959	16.437	0	-0.71279	-0.701377	0	None	None
ChainingRodShaped	16306	3.07878	0.5	47.4874	-57.9088	0	0.996855	0.0792505	0	None	None
ChainingRodShaped	16308	3.01195	0.5	26.6995	69.5236	0	0.69057	0.723266	0	None	None
ChainingRodShaped	16310	3.31068	0.5	12.8427	-70.943	0	0.919247	-0.393681	0	None	None
ChainingRodShaped	16312	3.62847	0.5	-71.2669	-9.52792	0	-0.457011	0.889461	0	None	None
ChainingRodShaped	16314	3.39108	0.5	-77.8636	61.5644	0	-0.884766	0.466036	0	None	None
ChainingRodShaped	16316	2.62654	0.5	71.6204	112.542	0	0.878975	-0.476867	0	None	None
ChainingRodShaped	16318	2.956	0.5	-44.7164	116.973	0	0.296167	0.955136	0	None	None
ChainingRodShaped	16320	3.28745	0.5	19.7147	37.3378	0	-0.468553	0.883435	0	None	None
ChainingRodShaped	16322	3.10893	0.5	-21.5947	12.929	0	-0.34468	-0.93872	0	None	None
ChainingRodShaped	16324	2.67924	0.5	-77.0209	7.73522	0	-0.866485	0.499204	0	None	None
ChainingRodShaped	16326	3.22516	0.5	85.4968	-34.9156	0	-0.804155	0.594419	0	None	None
ChainingRodShaped	16328	3.48844	0.5	-41.3024	9.58345	0	0.808265	0.588819	0	None	None
ChainingRodShaped	16330	3.45059	0.5	25.3143	39.0821	0	-0.447461	0.894304	0	None	None
ChainingRodShaped	16332	3.02124	0.5	47.7707	-59.6948	0	0.997545	0.0700308	0	None	None
ChainingRodShaped	16334	2.6933	0.5	56.0458	40.6631	0	-0.937599	-0.347718	0	None	None
ChainingRodShaped	16336	3.10183	0.5	10.9821	72.7335	0	0.950809	-0.309778	0	None	None
ChainingRodShaped	16338	3.43385	0.5	17.0411	96.8782	0	0.602348	0.798233	0	None	None
ChainingRodShaped	16340	3.29544	0.5	27.929	-4.19718	0	-0.920627	-0.390442	0	None	None
ChainingRodShaped	16342	3.74058	0.5	23.7174	-13.4878	0	0.831322	-0.555792	0	None	None
ChainingRodShaped	16344	3.03102	0.5	-9.89732	93.0624	0	-0.786118	-0.618076	0	None	None
ChainingRodShaped	16346	3.68182	0.5	6.14192	10.7766	0	0.982141	0.188145	0	None	None
ChainingRodShaped	16348	2.72287	0.5	-20.1112	54.6283	0	0.832485	-0.554047	0	None	None
ChainingRodShaped	16350	3.0125	0.5	52.2198	125.363	0	-0.946307	0.32327	0	None	None
ChainingRodShaped	16352	2.68029	0.5	62.3722	94.9256	0	0.168689	-0.985669	0	None	None
ChainingRodShaped	16354	3.51077	0.5	50.1903	2.63696	0	0.955482	0.29505	0	None	None
ChainingRodShaped	16356	3.50128	0.5	-53.9458	93.0776	0	0.512165	0.858887	0	None	None
ChainingRodShaped	16358	3.15406	0.5	110.175	33.8326	0	0.973325	0.22943	0	None	None
ChainingRodShaped	16360	3.49108	0.5	97.3503	-20.4007	0	0.933529	-0.358501	0	None	None
ChainingRodShaped	16362	2.6396	0.5	-40.2739	34.1868	0	0.94706	0.321057	0	None	None
ChainingRodShaped	16364	2.677	0.5	44.6571	52.3995	0	-0.392304	-0.919836	0	None	None
ChainingRodShaped	16366	3.0991	0.5	25.872	4.4536	0	0.939146	-0.34352	0	None	None
ChainingRodShaped	16368	3.32514	0.5	23.5985	-36.6488	0	-0.936835	-0.34977	0	None	None
ChainingRodShaped	16370	3.47548	0.5	74.689	61.4103	0	-0.681066	0.732222	0	None	None
ChainingRodShaped	16372	3.26177	0.5	-1.30181	79.1402	0	0.599161	-0.800629	0	None	None
ChainingRodShaped	16374	3.35033	0.5	-81.9034	2.79004	0	-0.976282	0.216503	0	None	None
ChainingRodShaped	16376	3.72722	0.5	2.07077	-61.6607	0	0.890305	-0.455365	0	None	None
ChainingRodShaped	16378	2.65592	0.5	-42.1429	69.5259	0	-0.708636	-0.705574	0	None	None
ChainingRodShaped	16380	3.21539	0.5	49.8245	95.7483	0	0.159312	-0.987228	0	None	None
ChainingRodShaped	16382	3.02951	0.5	108.368	42.2777	0	0.913179	0.40756	0	None	None
ChainingRodShaped	16384	3.57551	0.5	91.9676	-34.7795	0	-0.713214	-0.700946	0	None	None
ChainingRodShaped	16386	2.59239	0.5	18.2067	97.0738	0	0.605539	0.795816	0	None	None
ChainingRodShaped	16388	3.70603	0.5	20.963	21.7028	0	-0.116469	-0.993194	0	None	None
ChainingRodShaped	16390	3.30361	0.5	-4.33778	91.3137	0	-0.80608	-0.591807	0	None	None
ChainingRodShaped	16392	3.59863	0.5	31.5279	-74.7879	0	0.544317	0.83888	0	None	None
ChainingRodShaped	16394	3.40061	0.5	64.699	-37.7769	0	-0.328594	-0.944471	0	None	None
ChainingRodShaped	16396	3.04979	0.5	16.4192	-9.3504	0	0.93229	-0.361711	0	None	None
ChainingRodShaped	16398	3.68385	0.5	43.2404	57.3149	0	-0.349272	-0.937021	0	None	None
ChainingRodShaped	16400	3.40451	0.5	-5.72305	-51.3172	0	0.775217	-0.631695	0	None	None
ChainingRodShaped	16402	3.66686	0.5	-3.59437	114.543	0	0.527198	0.849743	0	None	None
ChainingRodShaped	16404	3.64705	0.5	93.1276	76.6107	0	0.306773	0.951783	0	None	None
ChainingRodShaped	16406	3.68306	0.5	-26.0023	90.2912	0	0.816243	-0.577709	0	None	None
ChainingRodShaped	16408	2.68465	0.5	-6.1447	-5.09172	0	0.544091	-0.839026	0	None	None
ChainingRodShaped	16410	3.48719	0.5	-26.1446	9.64877	0	-0.84357	-0.537019	0	None	None
ChainingRodShaped	16412	2.88108	0.5	30.2401	-25.1521	0	-0.921931	-0.387353	0	None	None
ChainingRodShaped	16414	3.09796	0.5	34.9377	-11.8535	0	0.94698	-0.321292	0	None	None
ChainingRodShaped	16416	3.5391	0.5	-17.5931	-24.3168	0	-0.852476	-0.522766	0	None	None
ChainingRodShaped	16418	3.48839	0.5	112.596	50.8126	0	0.952853	0.303433	0	None	None
ChainingRodShaped	16420	2.95446	0.5	-32.5546	-29.7944	0	0.285503	-0.958378	0	None	None
ChainingRodShaped	16422	3.44726	0.5	108.623	55.0103	0	-0.782538	0.622603	0	None	None
ChainingRodShaped	16424	3.16873	0.5	7.38517	63.0429	0	-0.818702	-0.574219	0	None	None
ChainingRodShaped	16426	3.53524	0.5	94.518	35.7985	0	0.999944	0.0105406	0	None	None
ChainingRodShaped	16428	3.05467	0.5	-34.2126	-8.7708	0	-0.0498167	-0.998758	0	None	None
ChainingRodShaped	16430	3.69205	0.5	15.1354	0.591773	0	0.986979	-0.160851	0	None	None
ChainingRodShaped	16432	2.64945	0.5	20.7242	87.9055	0	0.996354	0.0853202	0	None	None
ChainingRodShaped	16434	3.24252	0.5	85.1829	41.3349	0	-0.78118	-0.624306	0	None	None
ChainingRodShaped	16436	3.56564	0.5	-50.5855	28.1087	0	-0.815113	-0.579301	0	None	None
ChainingRodShaped	16438	3.46852	0.5	18.4831	20.4066	0	-0.900569	0.434712	0	None	None
ChainingRodShaped	16440	3.4133	0.5	42.6253	68.9181	0	-0.241457	-0.970412	0	None	None
ChainingRodShaped	16442	3.1113	0.5	-23.7718	34.7455	0	0.822182	-0.569225	0	None	None
ChainingRodShaped	16444	3.03499	0.5	107.289	19.5499	0	0.14463	-0.989486	0	None	None
ChainingRodShaped	16446	3.15611	0.5	-1.76158	-68.1577	0	-0.588463	0.808524	0	None	None
ChainingRodShaped	16448	3.09683	0.5	83.9459	-43.3928	0	0.396535	-0.918019	0	None	None
ChainingRodShaped	16450	2.8178	0.5	-10.6781	-67.9316	0	0.293892	0.955839	0	None	None
ChainingRodShaped	16452	2.73076	0.5	-14.5405	92.1873	0	-0.980105	-0.198479	0	None	None
ChainingRodShaped	16454	3.23444	0.5	9.97875	98.5479	0	-0.679847	-0.733354	0	None	None
ChainingRodShaped	16456	2.64952	0.5	3.41836	-21.152	0	-0.982565	0.185919	0	None	None
ChainingRodShaped	16458	3.20999	0.5	41.9551	78.2151	0	0.898379	0.439221	0	None	None
ChainingRodShaped	16460	3.41814	0.5	28.0012	50.5504	0	0.874869	0.484359	0	None	None
ChainingRodShaped	16462	3.64385	0.5	5.68434	71.6256	0	0.955396	-0.295329	0	None	None
ChainingRodShaped	16464	3.50897	0.5	-4.87899	93.8738	0	-0.812341	-0.583182	0	None	None
ChainingRodShaped	16466	3.26621	0.5	-62.1703	66.1675	0	0.374331	0.927295	0	None	None
ChainingRodShaped	16468	2.73353	0.5	-43.5334	17.3852	0	-0.556939	0.830553	0	None	None
ChainingRodShaped	16470	3.52225	0.5	28.113	73.4621	0	-0.387452	0.92189	0	None	None
ChainingRodShaped	16472	3.43052	0.5	93.7482	18.8771	0	0.806116	-0.591758	0	None	None
ChainingRodShaped	16474	3.08569	0.5	13.6891	65.8938	0	0.748345	0.66331	0	None	None
ChainingRodShaped	16476	3.09705	0.5	20.7369	-47.7903	0	0.642013	0.766694	0	None	None
ChainingRodShaped	16478	3.31506	0.5	103.492	19.6321	0	0.268446	-0.963295	0	None	None
ChainingRodShaped	16480	3.07344	0.5	-2.85655	-73.1462	0	0.0468812	0.9989	0	None	None
ChainingRodShaped	16482	2.78991	0.5	38.8499	-6.85173	0	0.957019	-0.290026	0	None	None
ChainingRodShaped	16484	2.91579	0.5	36.2786	127.993	0	0.575167	-0.818036	0	None	None
ChainingRodShaped	16486	3.6007	0.5	3.84997	-52.4677	0	-0.73677	0.676144	0	None	None
ChainingRodShaped	16488	2.69993	0.5	-69.5223	-30.2062	0	-0.727732	0.685861	0	None	None
ChainingRodShaped	16490	3.0066	0.5	-3.18885	-42.9942	0	-0.954957	0.296743	0	None	None
ChainingRodShaped	16492	2.88176	0.5	61.8454	67.147	0	0.660254	0.751043	0	None	None
ChainingRodShaped	16494	2.76925	0.5	57.8549	86.9465	0	0.307527	-0.951539	0	None	None
ChainingRodShaped	16496	3.2962	0.5	-8.12571	122.264	0	-0.126445	-0.991974	0	None	None
ChainingRodShaped	16498	3.07615	0.5	3.37694	0.732258	0	-0.304455	-0.952527	0	None	None
ChainingRodShaped	16500	2.93517	0.5	-84.7299	5.64373	0	-0.875173	0.48381	0	None	None
ChainingRodShaped	16502	2.9038	0.5	40.9562	29.8106	0	0.819662	0.572847	0	None	None
ChainingRodShaped	16504	3.58262	0.5	-4.65467	19.6631	0	0.299549	-0.954081	0	None	None
ChainingRodShaped	16506	3.64704	0.5	11.0455	38.2779	0	-0.989638	0.143583	0	None	None
ChainingRodShaped	16508	3.04555	0.5	-10.4128	125.814	0	-0.0987384	-0.995113	0	None	None
ChainingRodShaped	16510	2.67695	0.5	-67.6128	-2.75869	0	-0.189329	0.981914	0	None	None
ChainingRodShaped	16512	3.50739	0.5	59.8023	35.008	0	-0.81259	0.582836	0	None	None
ChainingRodShaped	16514	3.13848	0.5	-8.50571	-0.502694	0	0.986809	0.16189	0	None	None
ChainingRodShaped	16516	3.24963	0.5	-63.0815	54.5819	0	-0.724476	0.6893	0	None	None
ChainingRodShaped	16518	3.48927	0.5	72.5548	-0.768817	0	-0.996122	-0.0879797	0	None	None
ChainingRodShaped	16520	3.05126	0.5	69.2994	28.7179	0	-0.852278	0.52309	0	None	None
ChainingRodShaped	16522	2.96647	0.5	21.4254	-27.5273	0	-0.551445	0.834211	0	None	None
ChainingRodShaped	16524	2.5704	0.5	63.7361	52.8145	0	0.974382	0.2249	0	None	None
ChainingRodShaped	16526	2.59176	0.5	-39.8008	118.732	0	0.637129	0.770757	0	None	None
ChainingRodShaped	16528	3.55882	0.5	12.9379	-15.3387	0	0.975017	0.222131	0	None	None
ChainingRodShaped	16530	3.08619	0.5	-30.4454	-63.0087	0	-0.924967	-0.380047	0	None	None
ChainingRodShaped	16532	3.40237	0.5	-12.0127	40.6017	0	0.505887	0.8626	0	None	None
ChainingRodShaped	16534	3.2771	0.5	-29.3517	-1.72814	0	-0.112382	0.993665	0	None	None
ChainingRodShaped	16536	3.0956	0.5	-1.28569	24.717	0	0.539997	-0.841667	0	None	None
ChainingRodShaped	16538	2.97307	0.5	-35.6964	-7.40143	0	0.242298	0.970202	0	None	None
ChainingRodShaped	16540	2.86734	0.5	-15.4274	5.23696	0	0.768916	-0.63935	0	None	None
ChainingRodShaped	16542	2.86046	0.5	-63.0409	29.1362	0	-0.999912	0.0132746	0	None	None
ChainingRodShaped	16544	3.13389	0.5	-6.0066	41.3833	0	0.662871	-0.748734	0	None	None
ChainingRodShaped	16546	2.91424	0.5	74.5681	101.566	0	0.815208	-0.579169	0	None	None
ChainingRodShaped	16548	3.52061	0.5	-3.23531	70.4525	0	0.857587	-0.514339	0	None	None
ChainingRodShaped	16550	3.51369	0.5	4.36329	42.5734	0	0.754129	0.656726	0	None	None
ChainingRodShaped	16552	3.21736	0.5	-28.6422	28.5773	0	0.760547	-0.649283	0	None	None
ChainingRodShaped	16554	2.7895	0.5	54.8847	120.074	0	0.913203	0.407504	0	None	None
ChainingRodShaped	16556	2.85516	0.5	12.586	57.9621	0	0.804844	0.593487	0	None	None
ChainingRodShaped	16558	2.71304	0.5	-11.2447	89.1159	0	-0.779901	-0.625902	0	None	None
ChainingRodShaped	16560	2.82493	0.5	93.0518	12.6779	0	-0.265993	-0.963975	0	None	None
ChainingRodShaped	16562	3.42645	0.5	28.8911	28.7971	0	-0.035406	0.999373	0	None	None
ChainingRodShaped	16564	3.19571	0.5	66.5032	55.3137	0	0.879254	0.476353	0	None	None
ChainingRodShaped	16566	2.61737	0.5	88.0652	68.0016	0	-0.985319	-0.170723	0	None	None
ChainingRodShaped	16568	2.67147	0.5	-48.6724	109.184	0	-0.951792	0.306744	0	None	None
ChainingRodShaped	16570	3.37414	0.5	-12.649	-38.6924	0	0.130281	0.991477	0	None	None
ChainingRodShaped	16572	3.56483	0.5	49.7581	54.3017	0	-0.718316	-0.695717	0	None	None
ChainingRodShaped	16574	2.95912	0.5	-46.3958	-18.484	0	-0.907767	-0.419476	0	None	None
ChainingRodShaped	16576	2.82422	0.5	3.68524	62.8425	0	-0.660018	-0.75125	0	None	None
ChainingRodShaped	16578	3.61909	0.5	-13.6246	33.3105	0	-0.961561	0.27459	0	None	None
ChainingRodShaped	16580	3.53539	0.5	53.2014	12.9713	0	-0.580402	-0.81433	0	None	None
ChainingRodShaped	16582	2.8592	0.5	-55.811	0.780093	0	0.194029	-0.980996	0	None	None
ChainingRodShaped	16584	3.09242	0.5	75.1321	-10.6997	0	0.180721	-0.983534	0	None	None
ChainingRodShaped	16586	3.32007	0.5	78.3235	-23.3984	0	-0.2942	0.955744	0	None	None
ChainingRodShaped	16588	2.72221	0.5	8.64178	-60.3084	0	-0.831347	0.555754	0	None	None
ChainingRodShaped	16590	3.1968	0.5	2.73081	32.7199	0	-0.975762	-0.218835	0	None	None
ChainingRodShaped	16592	3.29284	0.5	-33.4633	-0.694123	0	0.0043542	-0.999991	0	None	None
ChainingRodShaped	16594	3.27295	0.5	-81.0717	-13.8695	0	0.977509	0.210894	0	None	None
ChainingRodShaped	16596	2.96013	0.5	-43.8891	-1.4888	0	0.204915	-0.97878	0	None	None
ChainingRodShaped	16598	3.53359	0.5	-48.0539	38.7212	0	-0.822163	-0.569252	0	None	None
ChainingRodShaped	16600	3.3371	0.5	2.10972	109.055	0	0.538691	0.842503	0	None	None
ChainingRodShaped	16602	2.69691	0.5	-28.9645	27.8898	0	0.766377	-0.642392	0	None	None
ChainingRodShaped	16604	3.47365	0.5	24.0131	63.4339	0	0.939254	0.343223	0	None	None
ChainingRodShaped	16606	3.55276	0.5	60.2548	106.768	0	-0.26579	-0.964031	0	None	None
ChainingRodShaped	16608	3.60814	0.5	42.3939	89.4795	0	-0.499131	0.866527	0	None	None
ChainingRodShaped	16610	2.74006	0.5	-92.6234	26.2111	0	-0.329487	0.94416	0	None	None
ChainingRodShaped	16612	3.60351	0.5	-17.6607	92.9564	0	0.965053	0.262056	0	None	None
ChainingRodShaped	16614	2.9827	0.5	-26.8134	-3.18659	0	-0.33824	0.94106	0	None	None
ChainingRodShaped	16616	3.39945	0.5	32.1244	44.9332	0	0.534574	-0.845121	0	None	None
ChainingRodShaped	16618	2.80651	0.5	61.0249	-16.3442	0	0.461053	0.887373	0	None	None
ChainingRodShaped	16620	2.80524	0.5	-94.5014	25.7962	0	-0.326246	0.945285	0	None	None
ChainingRodShaped	16622	2.64247	0.5	35.6462	90.8797	0	0.10226	0.994758	0	None	None
ChainingRodShaped	16624	2.85874	0.5	33.7601	32.7155	0	0.0387821	-0.999248	0	None	None
ChainingRodShaped	16626	3.26466	0.5	-44.0389	55.4079	0	-0.257728	0.966218	0	None	None
ChainingRodShaped	16628	2.88294	0.5	-31.869	-7.61747	0	-0.139814	-0.990178	0	None	None
ChainingRodShaped	16630	3.36554	0.5	-52.6758	-42.4305	0	0.59186	0.80604	0	None	None
ChainingRodShaped	16632	3.30497	0.5	56.6866	16.0345	0	-0.36821	-0.929743	0	None	None
ChainingRodShaped	16634	2.58853	0.5	61.4918	27.1134	0	0.781175	-0.624312	0	None	None
ChainingRodShaped	16636	3.17804	0.5	-36.3583	75.0566	0	0.44273	0.896655	0	None	None
ChainingRodShaped	16638	2.69208	0.5	-50.72	77.516	0	0.685523	0.728051	0	None	None
ChainingRodShaped	16640	2.98637	0.5	19.4698	-57.7068	0	-0.198014	0.980199	0	None	None
ChainingRodShaped	16642	3.4539	0.5	14.0758	65.4273	0	0.755099	0.655611	0	None	None
ChainingRodShaped	16644	3.32127	0.5	0.63126	99.147	0	-0.686704	-0.726937	0	None	None
ChainingRodShaped	16646	3.39048	0.5	8.93089	-75.2901	0	0.976673	0.214734	0	None	None
ChainingRodShaped	16648	3.26999	0.5	-27.285	-64.1233	0	-0.981899	-0.189405	0	None	None
ChainingRodShaped	16650	3.44652	0.5	49.206	-33.7903	0	-0.982064	-0.188548	0	None	None
ChainingRodShaped	16652	2.83631	0.5	-0.642057	-34.6025	0	0.585137	-0.810935	0	None	None
ChainingRodShaped	16654	3.11265	0.5	41.119	76.9979	0	0.893961	0.448145	0	None	None
ChainingRodShaped	16656	2.68456	0.5	-21.4556	3.73649	0	0.0401958	-0.999192	0	None	None
ChainingRodShaped	16658	2.82766	0.5	1.17076	-29.8675	0	0.614027	-0.789285	0	None	None
ChainingRodShaped	16660	3.10845	0.5	-85.4015	64.7267	0	0.971146	-0.238486	0	None	None
ChainingRodShaped	16662	3.16743	0.5	12.8234	-26.7696	0	-0.996651	0.0817706	0	None	None
ChainingRodShaped	16664	2.71383	0.5	-26.803	68.1716	0	-0.430265	-0.902703	0	None	None
ChainingRodShaped	16666	3.18476	0.5	9.73667	79.4956	0	0.871356	0.490652	0	None	None
ChainingRodShaped	16668	2.70471	0.5	20.2184	-5.54519	0	-0.969471	0.245205	0	None	None
ChainingRodShaped	16670	3.27272	0.5	93.9978	26.375	0	0.885472	-0.464693	0	None	None
ChainingRodShaped	16672	2.87946	0.5	40.4931	45.4704	0	0.895612	0.444836	0	None	None
ChainingRodShaped	16674	2.60049	0.5	10.9596	72.0133	0	0.947663	-0.319273	0	None	None
ChainingRodShaped	16676	3.16345	0.5	-1.87054	99.7905	0	-0.693894	-0.720077	0	None	None
ChainingRodShaped	16678	2.9344	0.5	-47.2348	-39.6391	0	0.586342	0.810063	0	None	None
ChainingRodShaped	16680	2.82882	0.5	-15.1334	-72.6242	0	0.983534	-0.180725	0	None	None
ChainingRodShaped	16682	3.3603	0.5	9.68302	-9.76305	0	0.480638	-0.876919	0	None	None
ChainingRodShaped	16684	3.44226	0.5	-4.62132	66.985	0	-0.852593	0.522575	0	None	None
ChainingRodShaped	16686	3.4048	0.5	64.1817	91.0319	0	0.318411	-0.947953	0	None	None
ChainingRodShaped	16688	2.63152	0.5	-40.6768	9.14608	0	0.814097	0.580728	0	None	None
ChainingRodShaped	16690	3.10465	0.5	-81.9641	47.722	0	0.96005	-0.279829	0	None	None
ChainingRodShaped	16692	3.11514	0.5	34.3847	-19.6555	0	-0.415581	-0.909556	0	None	None
ChainingRodShaped	16694	3.03133	0.5	-39.6676	29.9283	0	0.946632	0.322316	0	None	None
ChainingRodShaped	16696	2.58638	0.5	5.44095	-32.6504	0	0.479176	-0.877719	0	None	None
ChainingRodShaped	16698	3.34811	0.5	-35.3649	-37.6186	0	0.227244	0.973838	0	None	None
ChainingRodShaped	16700	3.03684	0.5	21.5496	69.0301	0	0.832145	0.554559	0	None	None
ChainingRodShaped	16702	2.86169	0.5	21.7062	-20.8548	0	-0.999981	-0.00621411	0	None	None
ChainingRodShaped	16704	3.46036	0.5	3.81436	-28.7286	0	0.630372	-0.776293	0	None	None
ChainingRodShaped	16706	3.04783	0.5	33.2153	32.3267	0	0.0493578	-0.998781	0	None	None
ChainingRodShaped	16708	3.50914	0.5	7.9405	99.7525	0	-0.640436	-0.768011	0	None	None
ChainingRodShaped	16710	3.16945	0.5	20.0036	65.703	0	0.900756	0.434325	0	None	None
ChainingRodShaped	16712	2.57655	0.5	22.4335	-55.4584	0	-0.190481	0.981691	0	None	None
ChainingRodShaped	16714	2.66777	0.5	-34.0931	-40.8051	0	0.995157	0.0982964	0	None	None
ChainingRodShaped	16716	2.85865	0.5	88.7179	-38.8193	0	0.945641	0.325211	0	None	None
ChainingRodShaped	16718	3.30076	0.5	39.0246	59.9127	0	0.276616	0.960981	0	None	None
ChainingRodShaped	16720	3.58195	0.5	87.7945	15.4742	0	-0.863187	0.504884	0	None	None
ChainingRodShaped	16722	3.01798	0.5	-6.84045	62.2531	0	-0.966962	0.254922	0	None	None
ChainingRodShaped	16724	3.48542	0.5	54.8558	-41.7411	0	0.442211	0.896911	0	None	None
ChainingRodShaped	16726	2.80051	0.5	-6.66639	107.605	0	0.981438	0.191779	0	None	None
ChainingRodShaped	16728	3.42928	0.5	67.7586	61.2957	0	0.249338	0.968416	0	None	None
ChainingRodShaped	16730	3.02079	0.5	-67.6941	-28.1333	0	0.738806	-0.673918	0	None	None
ChainingRodShaped	16732	3.44374	0.5	-67.4389	83.2575	0	0.856232	0.516592	0	None	None
ChainingRodShaped	16734	3.49939	0.5	-25.6688	120.499	0	0.508073	0.861314	0	None	None
ChainingRodShaped	16736	2.61216	0.5	35.8783	80.9145	0	0.960323	0.278889	0	None	None
ChainingRodShaped	16738	2.67268	0.5	2.17192	-56.8806	0	-0.537589	0.843207	0	None	None
ChainingRodShaped	16740	2.85047	0.5	-32.0909	89.2717	0	-0.979102	0.203368	0	None	None
ChainingRodShaped	16742	3.07973	0.5	-38.9925	-34.2673	0	0.12401	0.992281	0	None	None
ChainingRodShaped	16744	3.46138	0.5	-16.5222	-19.0937	0	0.878861	0.477078	0	None	None
ChainingRodShaped	16746	3.36631	0.5	66.3692	42.0187	0	-0.984469	-0.175559	0	None	None
ChainingRodShaped	16748	3.41003	0.5	-95.2002	40.2217	0	0.0180591	0.999837	0	None	None
ChainingRodShaped	16750	3.38448	0.5	80.8989	24.0742	0	0.8586	-0.512646	0	None	None
ChainingRodShaped	16752	2.92245	0.5	-0.345459	85.5037	0	0.0259922	-0.999662	0	None	None
ChainingRodShaped	16754	2.96339	0.5	-20.9234	-56.1401	0	-0.589232	0.807964	0	None	None
ChainingRodShaped	16756	2.92698	0.5	-13.6162	38.4696	0	-0.939982	0.341225	0	None	None
ChainingRodShaped	16758	2.98439	0.5	72.0125	3.84	0	0.995828	0.0912465	0	None	None
ChainingRodShaped	16760	3.20638	0.5	14.0705	86.8363	0	0.939479	0.342605	0	None	None
ChainingRodShaped	16762	3.23082	0.5	-25.481	88.9751	0	0.823621	-0.56714	0	None	None
ChainingRodShaped	16764	3.34458	0.5	79.9942	44.4925	0	-0.778667	-0.627438	0	None	None
ChainingRodShaped	16766	2.57251	0.5	-22.7235	108.459	0	-0.0853759	-0.996349	0	None	None
ChainingRodShaped	16768	2.90636	0.5	-66.6724	64.604	0	-0.070639	0.997502	0	None	None
ChainingRodShaped	16770	3.48685	0.5	8.03559	8.46974	0	0.985751	0.16821	0	None	None
ChainingRodShaped	16772	3.0304	0.5	-22.7047	39.6162	0	0.991232	-0.132135	0	None	None
ChainingRodShaped	16774	2.56894	0.5	-38.7931	-8.84757	0	-0.7368	-0.676111	0	None	None
ChainingRodShaped	16776	3.51973	0.5	12.0009	-42.3388	0	0.215223	-0.976565	0	None	None
ChainingRodShaped	16778	3.10434	0.5	-64.53	14.0379	0	0.993314	-0.11544	0	None	None
ChainingRodShaped	16780	2.70359	0.5	-59.6818	59.7107	0	-0.0871062	0.996199	0	None	None
ChainingRodShaped	16782	2.77562	0.5	13.2727	115.152	0	-0.0484754	-0.998824	0	None	None
ChainingRodShaped	16784	3.01713	0.5	-2.1392	-45.8976	0	-0.950409	0.311004	0	None	None
ChainingRodShaped	16786	3.49287	0.5	-32.3372	121.617	0	0.494752	-0.869034	0	None	None
ChainingRodShaped	16788	3.16296	0.5	36.705	-38.8674	0	-0.99011	-0.140293	0	None	None
ChainingRodShaped	16790	3.36875	0.5	62.463	66.7394	0	0.667686	0.744443	0	None	None
ChainingRodShaped	16792	2.73384	0.5	-44.5689	47.5937	0	-0.276036	0.961147	0	None	None
ChainingRodShaped	16794	3.46691	0.5	89.5541	-7.33725	0	-0.531946	-0.846779	0	None	None
ChainingRodShaped	16796	3.32183	0.5	35.2526	87.1796	0	0.992387	0.123158	0	None	None
ChainingRodShaped	16798	3.31082	0.5	44.311	8.43372	0	-0.606242	-0.795281	0	None	None
ChainingRodShaped	16800	2.84124	0.5	27.3129	96.862	0	0.216604	-0.976259	0	None	None
ChainingRodShaped	16802	2.57984	0.5	49.261	-35.3246	0	-0.982074	-0.188494	0	None	None
ChainingRodShaped	16804	3.54412	0.5	-3.79325	131.084	0	0.321457	-0.946924	0	None	None
ChainingRodShaped	16806	2.69311	0.5	-39.8681	-61.8166	0	-0.930013	-0.367526	0	None	None
ChainingRodShaped	16808	3.53028	0.5	-61.0178	-17.0491	0	0.407414	-0.913243	0	None	None
ChainingRodShaped	16810	3.52747	0.5	-27.2471	30.2862	0	0.761252	-0.648456	0	None	None
ChainingRodShaped	16812	2.75041	0.5	-9.54922	20.4449	0	0.462156	-0.886799	0	None	None
ChainingRodShaped	16814	3.38987	0.5	-42.4316	120.246	0	0.756115	0.654439	0	None	None
ChainingRodShaped	16816	3.34672	0.5	-51.2435	107.125	0	-0.94875	0.316029	0	None	None
ChainingRodShaped	16818	2.98851	0.5	43.1966	64.796	0	-0.15055	-0.988602	0	None	None
ChainingRodShaped	16820	2.83353	0.5	-83.2507	76.6125	0	0.704437	0.709767	0	None	None
ChainingRodShaped	16822	3.13047	0.5	111.142	-3.19546	0	-0.836453	-0.548038	0	None	None
ChainingRodShaped	16824	2.81347	0.5	-50.8109	112.362	0	-0.925587	-0.378534	0	None	None
ChainingRodShaped	16826	3.033	0.5	-2.90468	59.9694	0	-0.964939	0.262473	0	None	None
ChainingRodShaped	16828	2.66764	0.5	105.875	-17.5833	0	-0.784112	-0.62062	0	None	None
ChainingRodShaped	16830	2.53433	0.5	27.3476	86.7209	0	0.998077	0.0619854	0	None	None
ChainingRodShaped	16832	3.01996	0.5	88.9542	25.1556	0	0.877962	-0.47873	0	None	None
ChainingRodShaped	16834	3.06409	0.5	-39.4008	81.3171	0	0.920124	0.391628	0	None	None
ChainingRodShaped	16836	3.04959	0.5	-42.3005	20.9037	0	0.420628	0.907233	0	None	None
ChainingRodShaped	16838	2.56771	0.5	31.9539	94.348	0	0.183034	0.983107	0	None	None
ChainingRodShaped	16840	2.66464	0.5	65.8129	-31.1134	0	0.294257	-0.955726	0	None	None
ChainingRodShaped	16842	3.39792	0.5	94.1832	-33.0375	0	-0.095042	0.995473	0	None	None
ChainingRodShaped	16844	3.39849	0.5	92.0723	24.478	0	-0.880637	0.473792	0	None	None
ChainingRodShaped	16846	2.83877	0.5	-17.5833	42.0847	0	-0.950763	0.30992	0	None	None
ChainingRodShaped	16848	2.51474	0.5	28.7153	49.0403	0	-0.40718	-0.913348	0	None	None
ChainingRodShaped	16850	2.81867	0.5	101.315	-3.2818	0	0.749625	0.661863	0	None	None
ChainingRodShaped	16852	3.10313	0.5	-25.85	1.50524	0	0.00503818	0.999987	0	None	None
ChainingRodShaped	16854	2.7072	0.5	56.8705	55.1076	0	0.969335	0.245744	0	None	None
ChainingRodShaped	16856	2.80066	0.5	28.0146	-72.6399	0	0.995919	-0.0902561	0	None	None
ChainingRodShaped	16858	2.92795	0.5	41.7818	-47.2008	0	0.998267	-0.0588528	0	None	None
ChainingRodShaped	16860	3.09119	0.5	-41.1701	-7.04775	0	-0.754774	-0.655985	0	None	None
ChainingRodShaped	16862	3.41493	0.5	-57.9602	37.0548	0	0.876735	0.480973	0	None	None
ChainingRodShaped	16864	2.54464	0.5	85.2585	0.6922	0	-0.999958	-0.00915226	0	None	None
ChainingRodShaped	16866	3.16382	0.5	-23.7736	119.563	0	0.979223	0.202785	0	None	None
ChainingRodShaped	16868	3.24668	0.5	66.2644	109.943	0	-0.883338	-0.468737	0	None	None
ChainingRodShaped	16870	3.12386	0.5	81.3051	-52.3266	0	-0.377245	0.926114	0	None	None
ChainingRodShaped	16872	3.52926	0.5	-49.2808	-35.1684	0	0.622788	0.782391	0	None	None
ChainingRodShaped	16874	3.42308	0.5	93.7358	-39.8455	0	0.684281	0.729219	0	None	None
ChainingRodShaped	16876	3.50228	0.5	-63.485	-12.5311	0	0.853418	-0.521227	0	None	None
ChainingRodShaped	16878	2.72452	0.5	11.4959	20.4221	0	0.944689	-0.327966	0	None	None
ChainingRodShaped	16880	3.05039	0.5	78.3998	44.3053	0	-0.772374	-0.635168	0	None	None
ChainingRodShaped	16882	3.1906	0.5	16.9613	9.21626	0	0.189373	-0.981905	0	None	None
ChainingRodShaped	16884	2.5182	0.5	18.7791	17.1866	0	0.503851	-0.863791	0	None	None
ChainingRodShaped	16886	3.24778	0.5	20.7093	118.765	0	0.305107	-0.952318	0	None	None
ChainingRodShaped	16888	2.91693	0.5	-78.1552	31.8087	0	0.812368	0.583145	0	None	None
ChainingRodShaped	16890	3.43657	0.5	105.971	10.4697	0	-0.61998	0.784617	0	None	None
ChainingRodShaped	16892	2.60363	0.5	-41.4929	64.3188	0	0.181423	-0.983405	0	None	None
ChainingRodShaped	16894	2.76965	0.5	-67.7938	37.6415	0	0.992756	0.120148	0	None	None
ChainingRodShaped	16896	2.72102	0.5	41.5835	-33.9082	0	-0.963346	-0.26826	0	None	None
ChainingRodShaped	16898	2.82892	0.5	45.8669	106.455	0	0.912122	0.409918	0	None	None
ChainingRodShaped	16900	3.35995	0.5	49.3159	111.826	0	0.910095	0.414399	0	None	None
ChainingRodShaped	16902	3.04072	0.5	-34.2349	91.3667	0	0.975894	-0.218246	0	None	None
ChainingRodShaped	16904	3.41655	0.5	15.6508	-41.5211	0	0.247846	-0.9688	0	None	None
ChainingRodShaped	16906	2.60989	0.5	-63.2234	31.6433	0	-0.999924	0.0123254	0	None	None
ChainingRodShaped	16908	2.56329	0.5	23.8785	111.825	0	0.320238	-0.947337	0	None	None
ChainingRodShaped	16910	3.20188	0.5	35.592	-13.7775	0	0.925871	-0.37784	0	None	None
ChainingRodShaped	16912	2.51538	0.5	-94.6941	34.9215	0	-0.348794	0.937199	0	None	None
ChainingRodShaped	16914	2.7404	0.5	-50.3135	34.577	0	-0.844452	-0.535631	0	None	None
ChainingRodShaped	16916	2.84893	0.5	-75.9305	26.6989	0	0.673456	-0.739227	0	None	None
ChainingRodShaped	16918	3.22314	0.5	28.8496	89.0295	0	0.997412	0.0719037	0	None	None
ChainingRodShaped	16920	3.17381	0.5	90.4567	30.8701	0	0.999486	0.0320635	0	None	None
ChainingRodShaped	16922	2.65532	0.5	3.80801	102.989	0	0.825377	0.564582	0	None	None
ChainingRodShaped	16924	3.44969	0.5	-57.8852	-47.488	0	0.999995	-0.00306874	0	None	None
ChainingRodShaped	16926	3.4063	0.5	74.2502	98.4461	0	0.347861	-0.937546	0	None	None
ChainingRodShaped	16928	3.39798	0.5	11.0769	4.82344	0	-0.446607	-0.89473	0	None	None
ChainingRodShaped	16930	2.84233	0.5	9.53446	-2.05931	0	0.198319	-0.980138	0	None	None
ChainingRodShaped	16932	3.2098	0.5	68.315	68.3863	0	0.59485	0.803837	0	None	None
ChainingRodShaped	16934	2.53009	0.5	68.0632	-60.8839	0	0.991772	-0.128016	0	None	None
ChainingRodShaped	16936	2.95858	0.5	69.3424	47.1145	0	0.975473	0.22012	0	None	None
ChainingRodShaped	16938	3.01681	0.5	-42.872	21.4081	0	0.415561	0.909565	0	None	None
ChainingRodShaped	16940	3.38253	0.5	56.1553	67.6925	0	-0.210594	-0.977574	0	None	None
ChainingRodShaped	16942	2.55079	0.5	66.8386	61.1325	0	0.240358	0.970684	0	None	None
ChainingRodShaped	16944	2.50653	0.5	-30.6354	-1.79368	0	-0.0926619	0.995698	0	None	None
ChainingRodShaped	16946	3.21728	0.5	-67.7536	-24.259	0	0.696624	-0.717436	0	None	None
ChainingRodShaped	16948	3.24782	0.5	-70.8148	31.6357	0	-0.999628	-0.0272615	0	None	None
ChainingRodShaped	16950	2.55715	0.5	81.504	79.7988	0	0.513025	-0.858373	0	None	None
ChainingRodShaped	16952	2.52306	0.5	33.2924	57.4154	0	0.52322	0.852198	0	None	None
ChainingRodShaped	16954	2.71755	0.5	-8.85973	-4.91885	0	-0.837069	-0.547097	0	None	None
ChainingRodShaped	16956	3.35661	0.5	-26.4862	13.4799	0	-0.818199	-0.574935	0	None	None
ChainingRodShaped	16958	3.00943	0.5	-61.6378	-33.8445	0	0.716973	-0.697101	0	None	None
ChainingRodShaped	16960	2.64783	0.5	-77.6152	-8.40034	0	-0.927325	-0.374257	0	None	None
ChainingRodShaped	16962	3.00725	0.5	99.2155	61.1143	0	-0.898308	-0.439366	0	None	None
ChainingRodShaped	16964	2.62347	0.5	59.067	-33.8493	0	0.249372	0.968408	0	None	None
ChainingRodShaped	16966	3.01513	0.5	75.3837	82.7798	0	0.565758	-0.824571	0	None	None
ChainingRodShaped	16968	2.9202	0.5	-50.6107	36.0852	0	-0.84462	-0.535366	0	None	None
ChainingRodShaped	16970	2.68422	0.5	-44.6706	40.1586	0	-0.840176	-0.542314	0	None	None
ChainingRodShaped	16972	3.02563	0.5	-4.65231	-27.7287	0	0.5229	-0.852394	0	None	None
ChainingRodShaped	16974	3.19562	0.5	-29.9635	96.5741	0	-0.333149	0.942874	0	None	None
ChainingRodShaped	16976	3.28671	0.5	-14.8336	-51.3836	0	-0.110984	-0.993822	0	None	None
ChainingRodShaped	16978	2.81021	0.5	77.724	-28.6365	0	-0.501571	0.865116	0	None	None
ChainingRodShaped	16980	3.33785	0.5	-23.0941	18.212	0	0.934327	-0.356416	0	None	None
ChainingRodShaped	16982	3.38964	0.5	58.2347	-33.7724	0	0.258215	0.966088	0	None	None
ChainingRodShaped	16984	2.55974	0.5	-91.1222	30.543	0	0.333277	-0.942829	0	None	None
ChainingRodShaped	16986	3.26559	0.5	57.2225	118.021	0	0.908142	0.418661	0	None	None
ChainingRodShaped	16988	3.41993	0.5	-4.71862	12.0473	0	0.997354	0.0727043	0	None	None
ChainingRodShaped	16990	2.58736	0.5	-25.1313	116.6	0	0.980337	0.197331	0	None	None
ChainingRodShaped	16992	2.73428	0.5	32.2857	115.934	0	-0.164023	-0.986457	0	None	None
ChainingRodShaped	16994	2.66792	0.5	-73.0548	44.7921	0	-0.999468	-0.0326161	0	None	None
ChainingRodShaped	16996	2.62805	0.5	75.2326	26.5881	0	0.82051	-0.571633	0	None	None
ChainingRodShaped	16998	3.3431	0.5	48.5009	100.017	0	-0.589974	-0.807422	0	None	None
ChainingRodShaped	17000	3.30315	0.5	41.5223	-34.7157	0	-0.96592	-0.258842	0	None	None
ChainingRodShaped	17002	2.54088	0.5	77.4842	36.7425	0	-0.995328	0.0965515	0	None	None
ChainingRodShaped	17004	2.86869	0.5	49.9041	52.5104	0	0.968774	0.247947	0	None	None
ChainingRodShaped	17006	2.76179	0.5	-2.81933	76.6699	0	0.630896	-0.775867	0	None	None
ChainingRodShaped	17008	3.41936	0.5	38.418	52.8269	0	-0.417537	-0.90866	0	None	None
ChainingRodShaped	17010	3.37361	0.5	33.4727	69.5382	0	0.661138	0.750265	0	None	None
ChainingRodShaped	17012	3.27019	0.5	62.539	-49.2639	0	-0.124117	-0.992268	0	None	None
ChainingRodShaped	17014	3.1429	0.5	-13.5174	111.462	0	-0.320737	-0.947168	0	None	None
ChainingRodShaped	17016	3.44393	0.5	64.8907	18.1437	0	-0.835389	0.54966	0	None	None
ChainingRodShaped	17018	3.12423	0.5	49.2843	81.358	0	-0.0234114	0.999726	0	None	None
ChainingRodShaped	17020	3.18903	0.5	73.6328	-51.9093	0	0.256432	0.966562	0	None	None
ChainingRodShaped	17022	3.18392	0.5	-11.9746	59.4821	0	0.54397	-0.839105	0	None	None
ChainingRodShaped	17024	2.54506	0.5	45.2024	90.633	0	-0.491297	0.870992	0	None	None
ChainingRodShaped	17026	2.70645	0.5	65.2665	12.1516	0	-0.986659	0.162799	0	None	None
ChainingRodShaped	17028	2.6328	0.5	40.8226	125.825	0	-0.305434	-0.952213	0	None	None
ChainingRodShaped	17030	2.78497	0.5	21.8023	29.7006	0	-0.083162	-0.996536	0	None	None
ChainingRodShaped	17032	3.06206	0.5	-39.618	-1.05298	0	0.926048	0.377407	0	None	None
ChainingRodShaped	17034	2.51733	0.5	19.838	-4.7456	0	-0.971777	0.235902	0	None	None
ChainingRodShaped	17036	2.61071	0.5	77.3871	-36.5738	0	0.124651	-0.992201	0	None	None
ChainingRodShaped	17038	2.63344	0.5	-23.1057	27.3327	0	0.776429	-0.630205	0	None	None
ChainingRodShaped	17040	3.15523	0.5	-3.66759	13.3375	0	0.998605	0.0528064	0	None	None
ChainingRodShaped	17042	2.5859	0.5	91.6471	65.0426	0	-0.368582	-0.929595	0	None	None
ChainingRodShaped	17044	2.75003	0.5	30.2665	59.7751	0	0.716363	0.697728	0	None	None
ChainingRodShaped	17046	2.72376	0.5	23.0064	68.3333	0	0.8454	0.534133	0	None	None
ChainingRodShaped	17048	3.16119	0.5	53.005	82.0846	0	-0.507632	-0.861574	0	None	None
ChainingRodShaped	17050	2.93636	0.5	38.1662	56.1787	0	-0.407399	-0.91325	0	None	None
ChainingRodShaped	17052	3.1953	0.5	23.9072	-45.4281	0	0.940362	0.340176	0	None	None
ChainingRodShaped	17054	2.69033	0.5	77.9762	64.8586	0	-0.16581	0.986158	0	None	None
ChainingRodShaped	17056	3.13247	0.5	15.5096	38.2422	0	-0.518488	0.855085	0	None	None
ChainingRodShaped	17058	3.30453	0.5	-53.2532	-41.7195	0	0.598828	0.800878	0	None	None
ChainingRodShaped	17060	2.90202	0.5	-84.1038	22.7018	0	-0.320602	0.947214	0	None	None
ChainingRodShaped	17062	3.34476	0.5	-26.8904	-30.6146	0	-0.0401008	0.999196	0	None	None
ChainingRodShaped	17064	2.64895	0.5	-80.6644	-18.0526	0	-0.0108145	-0.999942	0	None	None
ChainingRodShaped	17066	2.8811	0.5	83.5697	90.53	0	0.788916	-0.614501	0	None	None
ChainingRodShaped	17068	3.13409	0.5	-55.5039	40.715	0	0.924751	0.380574	0	None	None
ChainingRodShaped	17070	2.50164	0.5	18.5643	-49.9751	0	0.998631	0.0523151	0	None	None
ChainingRodShaped	17072	3.1884	0.5	-20.1047	36.0568	0	-0.958713	0.284376	0	None	None
ChainingRodShaped	17074	2.78044	0.5	41.0868	-12.2952	0	0.88863	-0.458624	0	None	None
ChainingRodShaped	17076	2.7039	0.5	34.2339	65.5016	0	0.385691	0.922628	0	None	None
ChainingRodShaped	17078	3.18927	0.5	27.9785	111.384	0	-0.213546	-0.976933	0	None	None
ChainingRodShaped	17080	2.58921	0.5	-76.9758	70.4733	0	0.887191	-0.461402	0	None	None
ChainingRodShaped	17082	3.232	0.5	83.6234	69.5436	0	0.972214	0.234094	0	None	None
ChainingRodShaped	17084	3.40498	0.5	23.2862	37.7286	0	0.00552187	-0.999985	0	None	None
ChainingRodShaped	17086	3.36644	0.5	9.46483	10.0027	0	0.98227	0.18747	0	None	None
ChainingRodShaped	17088	2.84864	0.5	82.2494	-29.878	0	-0.649595	0.76028	0	None	None
ChainingRodShaped	17090	2.83119	0.5	26.2005	-75.2307	0	0.746391	-0.665507	0	None	None
ChainingRodShaped	17092	3.29591	0.5	69.8803	76.4069	0	0.0271994	0.99963	0	None	None
ChainingRodShaped	17094	3.41549	0.5	-22.3127	22.8411	0	0.909704	-0.415257	0	None	None
ChainingRodShaped	17096	2.64037	0.5	31.511	27.5933	0	0.027028	-0.999635	0	None	None
ChainingRodShaped	17098	3.41089	0.5	-32.1064	104.212	0	-0.747283	0.664506	0	None	None
ChainingRodShaped	17100	3.21067	0.5	18.1945	23.0921	0	0.153623	0.988129	0	None	None
ChainingRodShaped	17102	3.18548	0.5	38.1058	27.5329	0	0.858998	0.511979	0	None	None
ChainingRodShaped	17104	2.82876	0.5	20.4248	-6.2869	0	-0.966956	0.254945	0	None	None
ChainingRodShaped	17106	3.03921	0.5	-35.8702	25.46	0	0.931861	0.362815	0	None	None
ChainingRodShaped	17108	2.82608	0.5	21.6573	46.4043	0	0.664872	0.746957	0	None	None
ChainingRodShaped	17110	3.06239	0.5	61.2609	-32.885	0	-0.213168	0.977016	0	None	None
ChainingRodShaped	17112	2.61627	0.5	-10.0514	73.1246	0	0.804431	-0.594046	0	None	None
ChainingRodShaped	17114	2.71708	0.5	87.1923	79.9117	0	0.969807	-0.243875	0	None	None
ChainingRodShaped	17116	2.93073	0.5	-82.0044	69.0793	0	-0.762187	0.647357	0	None	None
ChainingRodShaped	17118	2.56905	0.5	-78.2262	66.8713	0	-0.700936	0.713225	0	None	None
ChainingRodShaped	17120	2.70842	0.5	22.2986	-16.6729	0	-0.959789	-0.280722	0	None	None
ChainingRodShaped	17122	2.93903	0.5	-45.908	28.1665	0	-0.420884	-0.907114	0	None	None
ChainingRodShaped	17124	3.36694	0.5	38.1127	5.24838	0	-0.470093	-0.882617	0	None	None
ChainingRodShaped	17126	2.88413	0.5	-27.4137	68.5618	0	-0.421473	-0.906841	0	None	None
ChainingRodShaped	17128	2.54024	0.5	-1.8049	62.3684	0	-0.97464	0.223776	0	None	None
ChainingRodShaped	17130	2.91263	0.5	104.296	70.3222	0	-0.354994	0.934869	0	None	None
ChainingRodShaped	17132	2.95208	0.5	64.669	-33.5756	0	-0.239946	0.970786	0	None	None
ChainingRodShaped	17134	2.917	0.5	-26.2694	-65.9062	0	0.850552	-0.525892	0	None	None
ChainingRodShaped	17136	3.00354	0.5	-59.9385	41.4368	0	0.935646	0.352941	0	None	None
ChainingRodShaped	17138	2.59682	0.5	87.3303	-35.1133	0	-0.744926	0.667147	0	None	None
ChainingRodShaped	17140	2.87785	0.5	42.2106	11.3755	0	-0.696337	-0.717715	0	None	None
ChainingRodShaped	17142	3.32549	0.5	-18.2405	49.8649	0	0.666445	-0.745554	0	None	None
ChainingRodShaped	17144	2.81225	0.5	-62.9235	35.0777	0	0.649878	0.760038	0	None	None
ChainingRodShaped	17146	3.31084	0.5	86.2234	62.5066	0	0.481741	0.876314	0	None	None
ChainingRodShaped	17148	3.13974	0.5	-89.4791	47.0329	0	0.994591	-0.103872	0	None	None
ChainingRodShaped	17150	2.85379	0.5	-6.51334	106.85	0	0.983131	0.1829	0	None	None
ChainingRodShaped	17152	3.11184	0.5	-70.0064	57.8167	0	-0.839839	0.542835	0	None	None
ChainingRodShaped	17154	2.70768	0.5	52.3285	82.4848	0	-0.499162	-0.866509	0	None	None
ChainingRodShaped	17156	2.57847	0.5	68.2987	53.6551	0	0.901695	0.432373	0	None	None
ChainingRodShaped	17158	2.75426	0.5	13.5327	31.8644	0	-0.997452	-0.0713377	0	None	None
ChainingRodShaped	17160	2.81096	0.5	-74.6578	63.5851	0	-0.453237	0.89139	0	None	None
ChainingRodShaped	17162	2.64656	0.5	102.087	8.0325	0	0.645879	-0.76344	0	None	None
ChainingRodShaped	17164	3.15738	0.5	-64.9066	33.2694	0	0.998598	-0.0529425	0	None	None
ChainingRodShaped	17166	2.73717	0.5	34.1166	74.2532	0	0.979258	0.202616	0	None	None
ChainingRodShaped	17168	2.91244	0.5	-52.6701	5.28086	0	-0.175285	0.984518	0	None	None
ChainingRodShaped	17170	2.79412	0.5	-25.1426	-62.876	0	-0.99979	-0.0204885	0	None	None
ChainingRodShaped	17172	3.32257	0.5	31.7333	51.1179	0	-0.39955	-0.916711	0	None	None
ChainingRodShaped	17174	3.23997	0.5	-15.5894	76.1879	0	-0.848904	0.528547	0	None	None
ChainingRodShaped	17176	3.37154	0.5	57.2368	-29.7446	0	0.412073	0.911151	0	None	None
ChainingRodShaped	17178	2.16736	0.5	-68.3837	52.1228	0	0.940359	-0.340182	0	500	17177
ChainingRodShaped	17180	3.22142	0.5	-43.9779	124.873	0	-0.708251	-0.705961	0	None	None
ChainingRodShaped	17182	2.52963	0.5	27.9021	-4.94032	0	-0.916782	-0.399389	0	None	None
ChainingRodShaped	17184	2.65297	0.5	63.9319	98.785	0	-0.204517	-0.978863	0	None	None
ChainingRodShaped	17186	3.24709	0.5	-19.7445	77.7983	0	-0.823555	0.567237	0	None	None
ChainingRodShaped	17188	2.75666	0.5	62.4334	123.523	0	0.909248	0.416254	0	None	None
ChainingRodShaped	17190	3.34291	0.5	-17.3901	-0.218092	0	0.987406	0.158204	0	None	None
ChainingRodShaped	17192	2.67224	0.5	49.4927	0.236856	0	0.425508	-0.904955	0	None	None
ChainingRodShaped	17194	3.33771	0.5	-12.8882	79.766	0	0.477658	-0.878546	0	None	None
ChainingRodShaped	17196	2.61799	0.5	-24.6514	66.9705	0	0.916701	0.399575	0	None	None
ChainingRodShaped	17198	3.17533	0.5	73.8781	105.768	0	-0.765467	-0.643475	0	None	None
ChainingRodShaped	17200	2.69782	0.5	23.7162	40.6023	0	-0.456032	0.889963	0	None	None
ChainingRodShaped	17202	2.93014	0.5	6.65727	-68.2285	0	0.971813	-0.235753	0	None	None
ChainingRodShaped	17204	2.76014	0.5	17.2417	-6.81367	0	0.94423	-0.329287	0	None	None
ChainingRodShaped	17206	2.7081	0.5	80.5515	57.1589	0	0.883946	0.467588	0	None	None
ChainingRodShaped	17208	2.99892	0.5	54.5267	60.4881	0	-0.773954	-0.633242	0	None	None
ChainingRodShaped	17210	2.82445	0.5	88.03	28.368	0	0.884801	-0.46597	0	None	None
ChainingRodShaped	17212	2.77571	0.5	26.192	5.0268	0	0.935725	-0.352731	0	None	None
ChainingRodShaped	17214	2.88385	0.5	-1.17068	129.746	0	0.23468	0.972073	0	None	None
ChainingRodShaped	17216	3.04049	0.5	-74.8238	72.457	0	0.87295	-0.487809	0	None	None
ChainingRodShaped	17218	2.54967	0.5	-8.06983	-8.53096	0	-0.808649	-0.588292	0	None	None
ChainingRodShaped	17220	2.90916	0.5	83.5462	62.5664	0	0.873731	0.48641	0	None	None
ChainingRodShaped	17222	2.51276	0.5	-84.2964	29.9189	0	0.902156	0.431411	0	None	None
ChainingRodShaped	17224	3.16906	0.5	-60.3472	48.8935	0	0.970905	-0.239467	0	None	None
ChainingRodShaped	17226	3.35118	0.5	-59.5584	-22.5702	0	-0.798071	0.602564	0	None	None
ChainingRodShaped	17228	3.05476	0.5	-7.37024	129.976	0	-0.0372011	-0.999308	0	None	None
ChainingRodShaped	17230	2.84328	0.5	9.71053	128.723	0	0.914102	0.405484	0	None	None
ChainingRodShaped	17232	2.7333	0.5	7.1517	77.5908	0	0.952447	-0.304706	0	None	None
ChainingRodShaped	17234	2.76912	0.5	2.70079	-42.1091	0	-0.616287	0.787522	0	None	None
ChainingRodShaped	17236	2.70577	0.5	101.459	10.2395	0	-0.620873	0.783911	0	None	None
ChainingRodShaped	17238	2.77475	0.5	78.4746	61.7334	0	0.873758	0.486361	0	None	None
ChainingRodShaped	17240	3.37849	0.5	-27.1872	-35.8458	0	-0.977828	-0.209412	0	None	None
ChainingRodShaped	17242	3.36477	0.5	22.3636	10.5185	0	0.239807	-0.970821	0	None	None
ChainingRodShaped	17244	3.38788	0.5	67.0451	112.035	0	-0.874147	0.485662	0	None	None
ChainingRodShaped	17246	3.33549	0.5	-27.4743	41.0958	0	-0.845973	-0.533226	0	None	None
ChainingRodShaped	17248	3.04043	0.5	37.2117	-39.6206	0	-0.989964	-0.141321	0	None	None
ChainingRodShaped	17250	3.12552	0.5	47.4158	-0.270423	0	0.434354	-0.900742	0	None	None
ChainingRodShaped	17252	3.07169	0.5	-90.6425	32.0071	0	0.331924	-0.943306	0	None	None
ChainingRodShaped	17254	2.5054	0.5	35.2615	46.3711	0	0.62909	-0.777333	0	None	None
ChainingRodShaped	17256	3.11691	0.5	-55.1371	-18.1682	0	-0.575345	-0.817911	0	None	None
ChainingRodShaped	17258	3.13266	0.5	-27.3994	50.8583	0	0.961917	-0.27334	0	None	None
ChainingRodShaped	17260	2.84613	0.5	33.1967	118.994	0	0.15239	-0.988321	0	None	None
ChainingRodShaped	17262	2.74301	0.5	-54.393	63.5284	0	-0.530123	-0.847921	0	None	None
ChainingRodShaped	17264	2.68603	0.5	-74.4308	-26.0699	0	-0.84989	-0.52696	0	None	None
ChainingRodShaped	17266	3.37727	0.5	37.541	42.4961	0	0.534788	-0.844986	0	None	None
ChainingRodShaped	17268	3.09331	0.5	111.171	7.31189	0	-0.0860066	-0.996295	0	None	None
ChainingRodShaped	17270	2.77937	0.5	27.1173	-28.4568	0	-0.958004	-0.286756	0	None	None
ChainingRodShaped	17272	3.19185	0.5	-71.8521	-2.0658	0	-0.889544	0.45685	0	None	None
ChainingRodShaped	17274	2.72486	0.5	-8.16879	68.906	0	0.670202	-0.742179	0	None	None
ChainingRodShaped	17276	2.96507	0.5	1.12249	55.5199	0	0.999873	0.0159123	0	None	None
ChainingRodShaped	17278	2.60524	0.5	0.904723	7.08034	0	0.986356	0.164629	0	None	None
ChainingRodShaped	17280	2.99285	0.5	-34.0548	95.4388	0	0.970915	-0.239426	0	None	None
ChainingRodShaped	17282	3.08122	0.5	-61.8555	10.1811	0	0.598705	-0.800969	0	None	None
ChainingRodShaped	17284	2.56398	0.5	-61.1758	10.5847	0	0.590821	-0.806803	0	None	None
ChainingRodShaped	17286	2.65936	0.5	-73.4439	19.3691	0	0.657711	-0.75327	0	None	None
ChainingRodShaped	17288	3.00096	0.5	-7.62523	99.1781	0	0.967771	0.251831	0	None	None
ChainingRodShaped	17290	2.74001	0.5	60.4974	-9.26172	0	-0.0148646	-0.99989	0	None	None
ChainingRodShaped	17292	3.20691	0.5	-14.5756	6.40219	0	0.781459	-0.623957	0	None	None
ChainingRodShaped	17294	2.92886	0.5	-38.371	64.8009	0	0.179193	-0.983814	0	None	None
ChainingRodShaped	17296	3.27452	0.5	-29.4967	27.3826	0	0.772717	-0.634751	0	None	None
ChainingRodShaped	17298	3.01505	0.5	-30.1203	-11.1761	0	0.0619577	0.998079	0	None	None
ChainingRodShaped	17300	2.62784	0.5	-25.8515	45.6124	0	-0.949267	0.314472	0	None	None
ChainingRodShaped	17302	2.6229	0.5	63.5787	28.2822	0	0.732048	-0.681253	0	None	None
ChainingRodShaped	17304	2.64543	0.5	-82.5365	35.234	0	0.943534	0.331275	0	None	None
ChainingRodShaped	17306	2.47769	0.5	90.8122	-26.467	0	0.58951	0.807761	0	None	None
ChainingRodShaped	17308	2.76574	0.5	-26.5753	-58.1195	0	-0.871316	-0.490722	0	None	None
ChainingRodShaped	17310	3.05636	0.5	-59.368	-25.83	0	-0.787536	0.616268	0	None	None
ChainingRodShaped	17312	3.19365	0.5	-74.1588	59.504	0	-0.851767	0.523921	0	None	None
ChainingRodShaped	17314	3.1083	0.5	-35.8728	32.0923	0	0.943272	0.33202	0	None	None
ChainingRodShaped	17316	2.7519	0.5	69.6866	24.044	0	0.828431	-0.560092	0	None	None
ChainingRodShaped	17318	2.89128	0.5	49.7568	40.7871	0	0.906889	0.42137	0	None	None
ChainingRodShaped	17320	2.87881	0.5	-29.0334	85.1305	0	-0.16475	-0.986335	0	None	None
ChainingRodShaped	17322	2.54876	0.5	-61.4407	84.7422	0	0.706899	0.707314	0	None	None
ChainingRodShaped	17324	2.79644	0.5	101.149	22.4949	0	0.868128	-0.496341	0	None	None
ChainingRodShaped	17326	3.02276	0.5	79.5068	-54.9386	0	-0.989155	0.146876	0	None	None
ChainingRodShaped	17328	2.75613	0.5	99.6244	66.1676	0	0.28601	-0.958227	0	None	None
ChainingRodShaped	17330	3.30494	0.5	-21.5314	80.9576	0	-0.815792	0.578345	0	None	None
ChainingRodShaped	17332	2.92554	0.5	-77.2132	52.1787	0	0.903804	-0.427947	0	None	None
ChainingRodShaped	17334	2.64627	0.5	-5.56817	-54.9657	0	0.691603	-0.722278	0	None	None
ChainingRodShaped	17336	2.59432	0.5	-14.3086	71.9286	0	-0.844228	0.535984	0	None	None
ChainingRodShaped	17338	3.29098	0.5	-51.3674	15.4262	0	0.985291	-0.170885	0	None	None
ChainingRodShaped	17340	3.1536	0.5	3.13466	117.643	0	0.446678	0.894695	0	None	None
ChainingRodShaped	17342	2.56154	0.5	108.171	23.9361	0	-0.657305	0.753625	0	None	None
ChainingRodShaped	17344	2.51158	0.5	-42.2861	-10.0588	0	-0.736043	-0.676935	0	None	None
ChainingRodShaped	17346	2.80737	0.5	0.248834	-5.59019	0	-0.562117	0.827058	0	None	None
ChainingRodShaped	17348	3.17173	0.5	56.6291	17.9218	0	-0.358875	-0.933386	0	None	None
ChainingRodShaped	17350	2.90646	0.5	98.6554	19.9353	0	-0.307086	0.951682	0	None	None
ChainingRodShaped	17352	3.06671	0.5	62.6007	-41.0449	0	0.39683	0.917892	0	None	None
ChainingRodShaped	17354	2.8386	0.5	-50.0155	-52.1024	0	0.999876	0.0157586	0	None	None
ChainingRodShaped	17356	3.22254	0.5	-16.0841	111.872	0	-0.391536	-0.920163	0	None	None
ChainingRodShaped	17358	3.28281	0.5	-38.9265	83.2289	0	0.916665	0.399656	0	None	None
ChainingRodShaped	17360	2.46685	0.5	70.8459	83.741	0	0.171148	0.985245	0	None	None
ChainingRodShaped	17362	2.46019	0.5	-27.4576	-34.2254	0	0.971953	0.235175	0	None	None
ChainingRodShaped	17364	2.91713	0.5	-56.6578	75.9274	0	0.689232	0.72454	0	None	None
ChainingRodShaped	17366	2.56779	0.5	49.6767	-29.6025	0	0.380795	-0.924659	0	None	None
ChainingRodShaped	17368	2.83347	0.5	1.38293	-5.85153	0	0.556408	-0.830909	0	None	None
ChainingRodShaped	17370	2.99603	0.5	52.3221	95.5046	0	0.163885	-0.986479	0	None	None
ChainingRodShaped	17372	2.99305	0.5	-6.75746	35.5881	0	-0.960727	-0.277497	0	None	None
ChainingRodShaped	17374	3.23949	0.5	34.2038	108.691	0	-0.217333	-0.976097	0	None	None
ChainingRodShaped	17376	2.93147	0.5	30.5062	121.447	0	0.601227	0.799079	0	None	None
ChainingRodShaped	17378	2.78942	0.5	-43.2261	-1.14279	0	0.195374	-0.980729	0	None	None
ChainingRodShaped	17380	2.72455	0.5	-5.69189	46.1001	0	0.662768	-0.748825	0	None	None
ChainingRodShaped	17382	3.13624	0.5	-93.3065	37.8988	0	-0.00266855	-0.999996	0	None	None
ChainingRodShaped	17384	3.27426	0.5	60.951	-57.4461	0	-0.080107	-0.996786	0	None	None
ChainingRodShaped	17386	2.90558	0.5	-57.0412	2.94701	0	0.161433	-0.986884	0	None	None
ChainingRodShaped	17388	3.13546	0.5	50.8857	36.0439	0	-0.996939	0.0781835	0	None	None
ChainingRodShaped	17390	3.05637	0.5	-41.2034	-23.2283	0	-0.890809	-0.454378	0	None	None
ChainingRodShaped	17392	2.87683	0.5	57.784	56.9253	0	0.970028	0.242994	0	None	None
ChainingRodShaped	17394	3.26864	0.5	55.9185	78.1191	0	-0.738008	-0.674792	0	None	None
ChainingRodShaped	17396	2.60531	0.5	85.8995	50.0323	0	-0.67213	-0.740433	0	None	None
ChainingRodShaped	17398	2.67224	0.5	90.7043	-22.0165	0	0.592177	0.805808	0	None	None
ChainingRodShaped	17400	2.86522	0.5	43.8596	-40.407	0	-0.99613	0.0878904	0	None	None
ChainingRodShaped	17402	3.06302	0.5	93.2094	4.50178	0	-0.35146	-0.936203	0	None	None
ChainingRodShaped	17404	2.68923	0.5	-47.2363	66.8797	0	0.58848	0.808512	0	None	None
ChainingRodShaped	17406	2.62117	0.5	-17.1926	23.6076	0	0.888944	-0.458016	0	None	None
ChainingRodShaped	17408	2.61908	0.5	62.9267	17.0681	0	-0.92614	0.37718	0	None	None
ChainingRodShaped	17410	3.19683	0.5	1.18199	-32.2065	0	0.605092	-0.796156	0	None	None
ChainingRodShaped	17412	3.30007	0.5	-84.4933	10.834	0	-0.803903	0.594761	0	None	None
ChainingRodShaped	17414	2.47897	0.5	-55.6178	109.765	0	-0.68751	0.726175	0	None	None
ChainingRodShaped	17416	2.8386	0.5	49.7266	104.964	0	0.685054	0.728492	0	None	None
ChainingRodShaped	17418	3.28496	0.5	93.3647	91.7337	0	-0.970828	0.239775	0	None	None
ChainingRodShaped	17420	2.68065	0.5	75.3738	99.7832	0	0.777657	-0.628688	0	None	None
ChainingRodShaped	17422	3.03669	0.5	47.7386	16.6988	0	-0.696361	-0.717692	0	None	None
ChainingRodShaped	17424	3.01658	0.5	-3.05379	53.4499	0	0.955077	-0.296358	0	None	None
ChainingRodShaped	17426	2.8559	0.5	91.9456	-6.67977	0	-0.531367	-0.847142	0	None	None
ChainingRodShaped	17428	2.60369	0.5	69.3345	-18.3049	0	0.105121	-0.994459	0	None	None
ChainingRodShaped	17430	2.92232	0.5	55.4487	67.7916	0	-0.220114	-0.975474	0	None	None
ChainingRodShaped	17432	2.92354	0.5	37.0566	69.7851	0	0.874335	0.485322	0	None	None
ChainingRodShaped	17434	2.97206	0.5	46.852	90.9174	0	-0.483873	0.875139	0	None	None
ChainingRodShaped	17436	3.07063	0.5	-17.7755	64.4973	0	0.826156	-0.563441	0	None	None
ChainingRodShaped	17438	2.99274	0.5	-73.3043	17.8854	0	0.61913	-0.785289	0	None	None
ChainingRodShaped	17440	3.12665	0.5	99.5909	77.7803	0	0.234585	-0.972096	0	None	None
ChainingRodShaped	17442	2.63088	0.5	40.1458	33.9546	0	0.826235	0.563326	0	None	None
ChainingRodShaped	17444	2.6689	0.5	10.9564	102.453	0	-0.462229	-0.886761	0	None	None
ChainingRodShaped	17446	3.25076	0.5	25.5612	52.5145	0	0.841307	0.540558	0	None	None
ChainingRodShaped	17448	2.83596	0.5	90.2876	20.8543	0	-0.252141	-0.967691	0	None	None
ChainingRodShaped	17450	3.12509	0.5	69.9133	-30.0574	0	0.327825	-0.944738	0	None	None
ChainingRodShaped	17452	3.15813	0.5	-66.7131	-17.8484	0	-0.79635	0.604836	0	None	None
ChainingRodShaped	17454	2.75747	0.5	9.01162	119.764	0	0.947971	0.318358	0	None	None
ChainingRodShaped	17456	2.43813	0.5	-63.9581	14.7663	0	0.994298	-0.106642	0	None	None
ChainingRodShaped	17458	2.58313	0.5	51.306	66.028	0	0.353879	-0.935291	0	None	None
ChainingRodShaped	17460	2.94376	0.5	90.5338	15.3463	0	0.252096	0.967702	0	None	None
ChainingRodShaped	17462	2.89969	0.5	19.6002	43.4053	0	0.474222	-0.880405	0	None	None
ChainingRodShaped	17464	2.53118	0.5	21.4597	21.4013	0	-0.106754	-0.994285	0	None	None
ChainingRodShaped	17466	2.87261	0.5	-19.1304	116.208	0	0.283109	-0.959088	0	None	None
ChainingRodShaped	17468	2.60396	0.5	-7.05591	-25.1783	0	0.55452	-0.83217	0	None	None
ChainingRodShaped	17470	2.46201	0.5	-34.9865	116.822	0	-0.170711	0.985321	0	None	None
ChainingRodShaped	17472	2.68188	0.5	-74.1145	-6.48946	0	-0.529314	0.848426	0	None	None
ChainingRodShaped	17474	2.96085	0.5	15.5769	-64.8025	0	-0.980702	0.19551	0	None	None
ChainingRodShaped	17476	2.99089	0.5	17.2632	-17.6196	0	-0.755659	-0.654965	0	None	None
ChainingRodShaped	17478	2.78028	0.5	13.4311	31.2829	0	-0.998126	-0.0611941	0	None	None
ChainingRodShaped	17480	3.18006	0.5	-26.2942	77.0342	0	-0.386866	-0.922136	0	None	None
ChainingRodShaped	17482	2.44861	0.5	-14.9902	97.732	0	0.996905	0.0786148	0	None	None
ChainingRodShaped	17484	2.46546	0.5	109.829	21.4461	0	-0.318688	-0.94786	0	None	None
ChainingRodShaped	17486	2.56513	0.5	62.5988	42.8557	0	-0.951051	-0.309034	0	None	None
ChainingRodShaped	17488	2.58345	0.5	-53.1756	25.1911	0	0.755178	0.65552	0	None	None
ChainingRodShaped	17490	2.92218	0.5	19.6701	90.8799	0	-0.956069	-0.293143	0	None	None
ChainingRodShaped	17492	2.92774	0.5	45.2743	72.5676	0	-0.314631	-0.949214	0	None	None
ChainingRodShaped	17494	2.49534	0.5	56.7825	112.918	0	0.93755	0.34785	0	None	None
ChainingRodShaped	17496	2.57743	0.5	-15.3321	-37.7587	0	-0.448447	-0.89381	0	None	None
ChainingRodShaped	17498	2.47864	0.5	39.6633	24.3125	0	0.793959	0.607971	0	None	None
ChainingRodShaped	17500	2.44594	0.5	1.55228	-29.139	0	0.621833	-0.78315	0	None	None
ChainingRodShaped	17502	2.71077	0.5	14.8518	-78.9404	0	0.998715	-0.0506796	0	None	None
ChainingRodShaped	17504	2.56911	0.5	-79.3651	6.936	0	-0.905893	0.423507	0	None	None
ChainingRodShaped	17506	2.85857	0.5	-39.9956	-63.8373	0	0.914259	-0.40513	0	None	None
ChainingRodShaped	17508	3.10965	0.5	31.9634	54.0135	0	0.814857	0.579662	0	None	None
ChainingRodShaped	17510	3.16873	0.5	-22.2482	70.2829	0	0.832332	-0.554278	0	None	None
ChainingRodShaped	17512	2.43433	0.5	-87.6371	51.5871	0	-0.995325	0.0965804	0	None	None
ChainingRodShaped	17514	2.97243	0.5	-18.5321	106.84	0	0.00737358	-0.999973	0	None	None
ChainingRodShaped	17516	3.16037	0.5	-47.2839	-49.4052	0	0.875756	0.482754	0	None	None
ChainingRodShaped	17518	2.61083	0.5	-48.2097	89.2261	0	0.441534	0.897245	0	None	None
ChainingRodShaped	17520	2.79452	0.5	0.784032	41.699	0	0.675813	-0.737073	0	None	None
ChainingRodShaped	17522	2.92376	0.5	49.9593	84.9633	0	-0.00255938	-0.999997	0	None	None
ChainingRodShaped	17524	3.21002	0.5	-20.6847	-44.6464	0	-0.403991	-0.914763	0	None	None
ChainingRodShaped	17526	2.96337	0.5	-4.75084	-33.7416	0	-0.380917	0.924609	0	None	None
ChainingRodShaped	17528	3.23544	0.5	-15.0982	85.3274	0	0.477858	-0.878437	0	None	None
ChainingRodShaped	17530	2.48261	0.5	-43.3452	55.5577	0	-0.248187	0.968712	0	None	None
ChainingRodShaped	17532	3.07408	0.5	45.0662	42.1514	0	-0.90094	-0.433943	0	None	None
ChainingRodShaped	17534	3.18894	0.5	2.11383	19.2397	0	-0.583925	-0.811808	0	None	None
ChainingRodShaped	17536	2.95202	0.5	-12.9216	27.6333	0	0.866762	-0.498721	0	None	None
ChainingRodShaped	17538	2.88277	0.5	76.9663	79.3479	0	0.527497	-0.849557	0	None	None
ChainingRodShaped	17540	2.58997	0.5	-54.0937	-18.1125	0	-0.583385	-0.812196	0	None	None
ChainingRodShaped	17542	2.91543	0.5	6.94936	-24.4754	0	-0.989486	0.144626	0	None	None
ChainingRodShaped	17544	2.84969	0.5	114.85	40.2808	0	0.92743	0.373996	0	None	None
ChainingRodShaped	17546	2.76231	0.5	53.3108	121.54	0	0.940252	0.34048	0	None	None
ChainingRodShaped	17548	3.1125	0.5	6.31689	80.1579	0	0.873443	0.486926	0	None	None
ChainingRodShaped	17550	2.679	0.5	38.4022	-13.3507	0	0.918142	-0.396251	0	None	None
ChainingRodShaped	17552	2.45638	0.5	-43.8106	113.627	0	-0.990865	-0.134861	0	None	None
ChainingRodShaped	17554	3.21686	0.5	35.7644	78.5014	0	0.951549	0.307496	0	None	None
ChainingRodShaped	17556	2.6584	0.5	1.29023	33.5297	0	-0.971286	-0.237913	0	None	None
ChainingRodShaped	17558	2.62794	0.5	34.9022	79.8226	0	0.957457	0.288576	0	None	None
ChainingRodShaped	17560	2.64659	0.5	-37.4417	95.3998	0	0.975472	-0.220122	0	None	None
ChainingRodShaped	17562	2.55769	0.5	-1.83604	-18.3114	0	-0.258974	0.965884	0	None	None
ChainingRodShaped	17564	3.20125	0.5	8.7339	-55.4389	0	-0.429326	0.90315	0	None	None
ChainingRodShaped	17566	3.10908	0.5	64.1992	118.841	0	0.993289	-0.115659	0	None	None
ChainingRodShaped	17568	3.08089	0.5	35.5207	13.9497	0	-0.731825	-0.681493	0	None	None
ChainingRodShaped	17570	2.84306	0.5	-94.0286	41.716	0	-0.365016	0.931001	0	None	None
ChainingRodShaped	17572	3.05119	0.5	3.14958	91.5417	0	-0.709735	-0.704468	0	None	None
ChainingRodShaped	17574	3.1565	0.5	48.7104	-51.63	0	0.999235	-0.0390979	0	None	None
ChainingRodShaped	17576	2.7346	0.5	-43.6264	-5.54502	0	-0.367915	-0.92986	0	None	None
ChainingRodShaped	17578	2.44391	0.5	76.5318	64.0285	0	-0.165539	0.986203	0	None	None
ChainingRodShaped	17580	2.46801	0.5	8.05313	61.8997	0	0.811499	0.584353	0	None	None
ChainingRodShaped	17582	2.8636	0.5	-34.9238	52.906	0	0.53024	-0.847848	0	None	None
ChainingRodShaped	17584	3.16669	0.5	28.1812	-38.9078	0	-0.976055	-0.217523	0	None	None
ChainingRodShaped	17586	2.78214	0.5	13.0265	-26.175	0	-0.995816	0.0913797	0	None	None
ChainingRodShaped	17588	2.92079	0.5	-55.7266	96.8037	0	0.486788	0.87352	0	None	None
ChainingRodShaped	17590	3.10459	0.5	-26.2791	-41.9789	0	-0.405806	-0.913959	0	None	None
ChainingRodShaped	17592	3.07754	0.5	-17.1524	14.1254	0	-0.371133	-0.92858	0	None	None
ChainingRodShaped	17594	3.02019	0.5	73.9234	58.9672	0	0.900597	0.434655	0	None	None
ChainingRodShaped	17596	2.58288	0.5	69.595	86.7866	0	0.107556	0.994199	0	None	None
ChainingRodShaped	17598	2.64981	0.5	-18.4203	-33.6084	0	0.669837	0.742508	0	None	None
ChainingRodShaped	17600	2.74255	0.5	35.6572	-22.9885	0	-0.205173	-0.978726	0	None	None
ChainingRodShaped	17602	2.99468	0.5	1.91892	46.7386	0	0.766514	0.642227	0	None	None
ChainingRodShaped	17604	2.52943	0.5	41.5602	36.3327	0	-0.871231	-0.490874	0	None	None
ChainingRodShaped	17606	2.43216	0.5	-0.741013	-1.36764	0	0.525801	-0.850607	0	None	None
ChainingRodShaped	17608	2.61956	0.5	0.00404113	7.57726	0	0.99074	0.135775	0	None	None
ChainingRodShaped	17610	2.6819	0.5	-19.1246	-18.1426	0	0.870791	0.491653	0	None	None
ChainingRodShaped	17612	2.91261	0.5	-23.85	0.550991	0	0.394049	-0.919089	0	None	None
ChainingRodShaped	17614	2.88263	0.5	87.2081	-1.7137	0	-0.532479	-0.846443	0	None	None
ChainingRodShaped	17616	2.46559	0.5	-73.1219	2.40313	0	-0.866429	0.499301	0	None	None
ChainingRodShaped	17618	3.0491	0.5	-19.6926	-50.1963	0	-0.166541	-0.986035	0	None	None
ChainingRodShaped	17620	2.96313	0.5	82.9165	-26.9539	0	-0.656099	0.754675	0	None	None
ChainingRodShaped	17622	3.12197	0.5	-0.16055	109.632	0	0.563601	0.826047	0	None	None
ChainingRodShaped	17624	3.01774	0.5	-21.5098	124.575	0	0.993752	0.111608	0	None	None
ChainingRodShaped	17626	2.94788	0.5	31.9005	4.33078	0	0.445568	0.895248	0	None	None
ChainingRodShaped	17628	2.88008	0.5	-14.3989	-13.0151	0	-0.81842	-0.574621	0	None	None
ChainingRodShaped	17630	2.94727	0.5	37.7756	53.1562	0	-0.420999	-0.907061	0	None	None
ChainingRodShaped	17632	2.61844	0.5	-79.0975	18.0467	0	0.20908	-0.977899	0	None	None
ChainingRodShaped	17634	2.6265	0.5	31.234	-15.1247	0	0.94037	-0.340153	0	None	None
ChainingRodShaped	17636	2.57594	0.5	11.3107	87.4256	0	-0.945824	-0.324678	0	None	None
ChainingRodShaped	17638	3.11274	0.5	-29.0662	-58.2948	0	-0.909756	-0.415143	0	None	None
ChainingRodShaped	17640	2.65461	0.5	41.5301	124.979	0	-0.314941	-0.949111	0	None	None
ChainingRodShaped	17642	2.64208	0.5	-36.1554	-49.6189	0	0.907744	0.419525	0	None	None
ChainingRodShaped	17644	3.03633	0.5	-39.8365	-15.5444	0	-0.912229	-0.40968	0	None	None
ChainingRodShaped	17646	2.63302	0.5	81.3174	95.9456	0	0.877796	-0.479035	0	None	None
ChainingRodShaped	17648	3.13054	0.5	47.9825	-43.4257	0	0.990465	-0.137768	0	None	None
ChainingRodShaped	17650	2.96932	0.5	62.7338	-32.4131	0	-0.220382	0.975414	0	None	None
ChainingRodShaped	17652	2.80778	0.5	-46.7512	19.5164	0	-0.314503	0.949257	0	None	None
ChainingRodShaped	17654	2.75793	0.5	-15.7079	51.6735	0	0.666466	-0.745536	0	None	None
ChainingRodShaped	17656	2.69894	0.5	-26.3675	-24.6216	0	-0.296697	0.954972	0	None	None
ChainingRodShaped	17658	2.99818	0.5	58.2621	49.3541	0	0.971166	0.238403	0	None	None
ChainingRodShaped	17660	2.65886	0.5	-35.5835	-0.580142	0	-0.92984	-0.367964	0	None	None
ChainingRodShaped	17662	2.959	0.5	78.8523	80.7376	0	0.552982	-0.833193	0	None	None
ChainingRodShaped	17664	2.56215	0.5	-14.9395	-6.13998	0	-0.868612	-0.495492	0	None	None
ChainingRodShaped	17666	2.95577	0.5	103.285	36.3128	0	0.999843	-0.0177402	0	None	None
ChainingRodShaped	17668	3.1363	0.5	96.5758	-0.941348	0	-0.527551	-0.849523	0	None	None
ChainingRodShaped	17670	3.18554	0.5	-81.1915	-21.7502	0	-0.439899	-0.898047	0	None	None
ChainingRodShaped	17672	2.54955	0.5	-50.7577	28.7059	0	-0.820942	-0.571012	0	None	None
ChainingRodShaped	17674	3.02947	0.5	74.0748	-28.8756	0	0.469684	-0.882835	0	None	None
ChainingRodShaped	17676	2.54765	0.5	-59.3853	3.64553	0	0.131744	-0.991284	0	None	None
ChainingRodShaped	17678	2.89719	0.5	-14.9943	98.5611	0	0.997652	0.0684848	0	None	None
ChainingRodShaped	17680	2.62117	0.5	67.6363	92.1573	0	0.118455	0.992959	0	None	None
ChainingRodShaped	17682	2.60775	0.5	89.5664	-14.3686	0	-0.503687	-0.863886	0	None	None
ChainingRodShaped	17684	2.55949	0.5	79.6542	65.5365	0	-0.154067	0.98806	0	None	None
ChainingRodShaped	17686	2.80263	0.5	-63.9581	6.0392	0	-0.985574	-0.169246	0	None	None
ChainingRodShaped	17688	3.1686	0.5	-39.8044	-42.9105	0	0.439498	-0.898244	0	None	None
ChainingRodShaped	17690	3.15468	0.5	19.781	77.205	0	-0.857562	0.514381	0	None	None
ChainingRodShaped	17692	2.92835	0.5	108.387	50.6897	0	-0.976042	-0.217581	0	None	None
ChainingRodShaped	17694	2.5192	0.5	37.0413	128.588	0	0.578921	-0.815383	0	None	None
ChainingRodShaped	17696	3.20598	0.5	22.9336	10.656	0	0.249142	-0.968467	0	None	None
ChainingRodShaped	17698	2.46854	0.5	-11.797	28.5665	0	0.868469	-0.495744	0	None	None
ChainingRodShaped	17700	2.80228	0.5	-30.1829	-61.8722	0	-0.921124	-0.389269	0	None	None
ChainingRodShaped	17702	2.4409	0.5	68.0394	31.1273	0	0.852112	-0.523359	0	None	None
ChainingRodShaped	17704	2.52175	0.5	34.8465	-72.2809	0	0.750213	0.661196	0	None	None
ChainingRodShaped	17706	2.74479	0.5	22.6607	79.8978	0	0.995731	0.0923019	0	None	None
ChainingRodShaped	17708	2.90892	0.5	-11.2651	9.89342	0	0.761999	-0.647579	0	None	None
ChainingRodShaped	17710	2.55517	0.5	47.2644	-37.6629	0	-0.920214	-0.391415	0	None	None
ChainingRodShaped	17712	2.46515	0.5	-34.6489	-43.0265	0	0.865894	0.500227	0	None	None
ChainingRodShaped	17714	2.76039	0.5	113.707	25.1852	0	-0.947489	-0.319789	0	None	None
ChainingRodShaped	17716	2.63468	0.5	-48.0661	105.3	0	-0.961256	0.275658	0	None	None
ChainingRodShaped	17718	2.74112	0.5	28.081	-8.65694	0	0.796915	-0.604092	0	None	None
ChainingRodShaped	17720	3.08862	0.5	5.62203	3.73352	0	-0.586231	-0.810144	0	None	None
ChainingRodShaped	17722	2.52281	0.5	23.2022	-54.9972	0	-0.186172	0.982517	0	None	None
ChainingRodShaped	17724	2.52697	0.5	69.6077	116.185	0	0.406006	-0.913871	0	None	None
ChainingRodShaped	17726	2.59309	0.5	-55.9897	-39.2456	0	-0.64923	-0.760592	0	None	None
ChainingRodShaped	17728	2.48364	0.5	10.6591	-0.849072	0	0.178481	-0.983943	0	None	None
ChainingRodShaped	17730	2.51232	0.5	-19.7543	48.6587	0	0.673682	-0.739022	0	None	None
ChainingRodShaped	17732	2.43267	0.5	22.4891	-51.6686	0	0.671384	0.74111	0	None	None
ChainingRodShaped	17734	2.82525	0.5	-32.9821	18.5213	0	-0.460615	0.8876	0	None	None
ChainingRodShaped	17736	2.51615	0.5	-8.27112	134.534	0	-0.940097	0.340906	0	None	None
ChainingRodShaped	17738	2.91984	0.5	21.9983	21.4015	0	-0.0968268	-0.995301	0	None	None
ChainingRodShaped	17740	2.82069	0.5	53.349	122.578	0	0.936915	0.349558	0	None	None
ChainingRodShaped	17742	2.64149	0.5	57.0307	37.9553	0	0.973762	-0.22757	0	None	None
ChainingRodShaped	17744	2.6376	0.5	54.5773	88.9735	0	0.325088	-0.945684	0	None	None
ChainingRodShaped	17746	2.70857	0.5	8.5485	123.368	0	0.929585	0.368609	0	None	None
ChainingRodShaped	17748	3.16368	0.5	13.7602	-19.2337	0	-0.98549	-0.169732	0	None	None
ChainingRodShaped	17750	2.54502	0.5	-53.0115	-0.44398	0	0.403318	-0.91506	0	None	None
ChainingRodShaped	17752	2.9309	0.5	23.59	-3.24937	0	0.951294	0.308284	0	None	None
ChainingRodShaped	17754	2.63963	0.5	-57.4061	35.5371	0	-0.865601	-0.500735	0	None	None
ChainingRodShaped	17756	2.73964	0.5	56.4366	-3.60683	0	0.345154	-0.938546	0	None	None
ChainingRodShaped	17758	2.67175	0.5	12.3082	109.086	0	0.0543013	-0.998525	0	None	None
ChainingRodShaped	17760	2.80057	0.5	89.1389	33.9949	0	0.999812	0.0193738	0	None	None
ChainingRodShaped	17762	2.41021	0.5	-58.6291	3.87298	0	0.141494	-0.989939	0	None	None
ChainingRodShaped	17764	2.82921	0.5	-49.9189	56.6832	0	0.00333794	0.999994	0	None	None
ChainingRodShaped	17766	2.75131	0.5	-40.9249	3.24744	0	-0.923391	-0.38386	0	None	None
ChainingRodShaped	17768	2.92374	0.5	45.3743	28.4969	0	0.909065	0.416655	0	None	None
ChainingRodShaped	17770	2.4745	0.5	-53.9669	33.2738	0	-0.835789	-0.54905	0	None	None
ChainingRodShaped	17772	2.61067	0.5	-24.9899	-65.567	0	0.84525	-0.534372	0	None	None
ChainingRodShaped	17774	2.76965	0.5	69.7348	-37.5955	0	0.247151	-0.968977	0	None	None
ChainingRodShaped	17776	2.80364	0.5	93.8536	17.3381	0	0.59558	-0.803296	0	None	None
ChainingRodShaped	17778	2.4196	0.5	16.6554	27.1773	0	0.360518	0.932752	0	None	None
ChainingRodShaped	17780	2.62111	0.5	-68.4177	-3.4	0	-0.301575	0.953442	0	None	None
ChainingRodShaped	17782	2.63948	0.5	17.7743	101.232	0	0.327534	0.944839	0	None	None
ChainingRodShaped	17784	2.87667	0.5	-29.7907	84.9968	0	-0.154798	-0.987946	0	None	None
ChainingRodShaped	17786	2.53606	0.5	48.367	29.857	0	0.998909	0.0467082	0	None	None
ChainingRodShaped	17788	3.03691	0.5	68.0691	45.9916	0	-0.973726	-0.227723	0	None	None
ChainingRodShaped	17790	3.02734	0.5	54.1877	60.9936	0	-0.767768	-0.640728	0	None	None
ChainingRodShaped	17792	2.58941	0.5	-8.60898	73.0689	0	0.578625	-0.815594	0	None	None
ChainingRodShaped	17794	2.89005	0.5	-68.9752	63.8118	0	0.968559	-0.248785	0	None	None
ChainingRodShaped	17796	2.58603	0.5	54.5868	-3.26906	0	0.328056	-0.944658	0	None	None
ChainingRodShaped	17798	2.83142	0.5	6.87507	79.6413	0	0.87128	0.490786	0	None	None
ChainingRodShaped	17800	2.70997	0.5	-11.9298	15.5897	0	-0.445664	-0.8952	0	None	None
ChainingRodShaped	17802	2.52506	0.5	36.2306	24.2022	0	0.853625	0.520887	0	None	None
ChainingRodShaped	17804	2.82755	0.5	-7.44165	-12.4618	0	-0.856372	-0.516359	0	None	None
ChainingRodShaped	17806	2.67138	0.5	4.9288	-2.33892	0	0.338655	-0.940911	0	None	None
ChainingRodShaped	17808	2.43664	0.5	-6.40638	113.264	0	0.514782	0.857321	0	None	None
ChainingRodShaped	17810	2.58404	0.5	15.4574	1.31838	0	0.986461	-0.163999	0	None	None
ChainingRodShaped	17812	2.49271	0.5	47.5272	65.3692	0	0.0634004	-0.997988	0	None	None
ChainingRodShaped	17814	2.40282	0.5	54.0578	102.893	0	0.585128	-0.810941	0	None	None
ChainingRodShaped	17816	2.50237	0.5	-66.2402	-1.10955	0	-0.172227	0.985057	0	None	None
ChainingRodShaped	17818	2.816	0.5	47.3039	-10.8753	0	0.97473	-0.223385	0	None	None
ChainingRodShaped	17820	2.55046	0.5	-6.18845	35.0594	0	-0.963451	-0.267885	0	None	None
ChainingRodShaped	17822	2.40159	0.5	19.0813	-51.5813	0	0.999131	0.041678	0	None	None
ChainingRodShaped	17824	2.67726	0.5	-30.0301	-29.592	0	0.210657	-0.97756	0	None	None
ChainingRodShaped	17826	3.03953	0.5	57.6993	-30.5348	0	0.402856	0.915263	0	None	None
ChainingRodShaped	17828	2.45248	0.5	42.2376	27.2085	0	0.799918	0.60011	0	None	None
ChainingRodShaped	17830	2.68584	0.5	-65.0992	18.8534	0	0.993481	-0.113995	0	None	None
ChainingRodShaped	17832	2.42068	0.5	10.0334	-28.8012	0	-0.994472	0.105002	0	None	None
ChainingRodShaped	17834	2.96477	0.5	-30.8962	65.1765	0	-0.121055	-0.992646	0	None	None
ChainingRodShaped	17836	2.58879	0.5	51.3111	8.2206	0	-0.614041	-0.789275	0	None	None
ChainingRodShaped	17838	3.05929	0.5	-59.9435	-44.0711	0	-0.874243	-0.485489	0	None	None
ChainingRodShaped	17840	2.62617	0.5	45.8085	-22.6313	0	-0.381649	-0.924308	0	None	None
ChainingRodShaped	17842	2.49165	0.5	-11.4174	-63.4098	0	0.184669	0.982801	0	None	None
ChainingRodShaped	17844	2.56902	0.5	-57.2714	38.2505	0	0.881599	0.471999	0	None	None
ChainingRodShaped	17846	2.96031	0.5	21.3024	55.845	0	0.788619	0.614882	0	None	None
ChainingRodShaped	17848	2.64349	0.5	-33.2671	-24.913	0	0.339162	-0.940728	0	None	None
ChainingRodShaped	17850	2.53034	0.5	-58.8346	65.1444	0	0.340386	0.940286	0	None	None
ChainingRodShaped	17852	2.75306	0.5	34.4425	14.5623	0	-0.745612	-0.66638	0	None	None
ChainingRodShaped	17854	2.723	0.5	-30.8383	129.349	0	0.953239	-0.302218	0	None	None
ChainingRodShaped	17856	2.43785	0.5	-7.24559	36.2478	0	-0.962293	-0.272016	0	None	None
ChainingRodShaped	17858	2.70069	0.5	-93.009	5.86902	0	0.999345	0.0361936	0	None	None
ChainingRodShaped	17860	2.5205	0.5	-14.4761	115.15	0	-0.186214	-0.982509	0	None	None
ChainingRodShaped	17862	2.69704	0.5	-78.0235	62.654	0	-0.880077	0.474831	0	None	None
ChainingRodShaped	17864	2.50544	0.5	-36.1812	-41.4211	0	-0.57776	0.816207	0	None	None
ChainingRodShaped	17866	3.06736	0.5	-53.8556	-39.525	0	-0.633898	-0.773417	0	None	None
ChainingRodShaped	17868	2.9012	0.5	11.1945	45.1319	0	0.735843	0.677152	0	None	None
ChainingRodShaped	17870	2.72018	0.5	29.3049	44.2462	0	0.574237	-0.818689	0	None	None
ChainingRodShaped	17872	2.93331	0.5	26.8079	102.208	0	-0.317816	-0.948152	0	None	None
ChainingRodShaped	17874	2.86068	0.5	37.4484	-56.4449	0	0.744214	0.667941	0	None	None
ChainingRodShaped	17876	2.57252	0.5	11.7467	23.9806	0	0.953384	-0.30176	0	None	None
ChainingRodShaped	17878	2.68799	0.5	43.0785	-25.6901	0	-0.286184	-0.958175	0	None	None
ChainingRodShaped	17880	2.91571	0.5	-36.1933	80.9585	0	-0.90256	-0.430564	0	None	None
ChainingRodShaped	17882	2.63209	0.5	98.9459	4.23992	0	-0.787216	-0.616677	0	None	None
ChainingRodShaped	17884	2.87717	0.5	0.599592	73.3511	0	0.873853	-0.48619	0	None	None
ChainingRodShaped	17886	2.3929	0.5	-6.61491	80.4788	0	0.538068	-0.842901	0	None	None
ChainingRodShaped	17888	2.93233	0.5	29.7439	-39.3779	0	-0.978164	-0.207836	0	None	None
ChainingRodShaped	17890	3.02866	0.5	52.2436	105.204	0	0.663637	0.748055	0	None	None
ChainingRodShaped	17892	2.64498	0.5	70.6693	76.3913	0	0.0270495	0.999634	0	None	None
ChainingRodShaped	17894	2.62446	0.5	-15.4235	32.2661	0	-0.955871	0.293786	0	None	None
ChainingRodShaped	17896	2.90059	0.5	27.0902	111.3	0	0.223249	0.974761	0	None	None
ChainingRodShaped	17898	2.96042	0.5	0.913678	54.1332	0	0.999444	0.033332	0	None	None
ChainingRodShaped	17900	2.47497	0.5	0.554884	93.3368	0	-0.701881	-0.712294	0	None	None
ChainingRodShaped	17902	2.56292	0.5	29.0196	5.34904	0	-0.935575	0.353128	0	None	None
ChainingRodShaped	17904	2.63302	0.5	-24.3131	86.3535	0	-0.828997	0.559253	0	None	None
ChainingRodShaped	17906	2.9173	0.5	1.89538	-67.0683	0	0.668588	-0.743633	0	None	None
ChainingRodShaped	17908	2.50377	0.5	89.6023	-2.5589	0	-0.547612	-0.836732	0	None	None
ChainingRodShaped	17910	3.12237	0.5	-17.5445	67.8298	0	0.82509	-0.565002	0	None	None
ChainingRodShaped	17912	2.80322	0.5	26.6565	-64.1409	0	0.265084	-0.964225	0	None	None
ChainingRodShaped	17914	2.50466	0.5	0.650515	5.70323	0	0.986341	0.164718	0	None	None
ChainingRodShaped	17916	2.79038	0.5	18.4214	-40.3272	0	-0.35933	0.93321	0	None	None
ChainingRodShaped	17918	2.80066	0.5	26.1855	90.9346	0	0.994801	0.101842	0	None	None
ChainingRodShaped	17920	2.41685	0.5	-39.0762	13.9217	0	0.846221	0.532832	0	None	None
ChainingRodShaped	17922	2.42488	0.5	19.0704	48.9014	0	-0.827442	-0.561552	0	None	None
ChainingRodShaped	17924	2.92035	0.5	26.9194	18.7585	0	-0.197319	0.980339	0	None	None
ChainingRodShaped	17926	2.49756	0.5	58.3171	99.7346	0	0.0799677	-0.996797	0	None	None
ChainingRodShaped	17928	3.06902	0.5	9.29389	-6.25821	0	0.444388	-0.895834	0	None	None
ChainingRodShaped	17930	2.4401	0.5	41.796	-64.6503	0	0.729941	0.68351	0	None	None
ChainingRodShaped	17932	3.0039	0.5	46.7296	95.5178	0	0.988699	0.149913	0	None	None
ChainingRodShaped	17934	2.43229	0.5	82.1326	43.0291	0	-0.787708	-0.616049	0	None	None
ChainingRodShaped	17936	2.40302	0.5	-19.9752	18.3979	0	0.894456	-0.447155	0	None	None
ChainingRodShaped	17938	2.87255	0.5	103.262	43.8736	0	-0.886447	-0.462831	0	None	None
ChainingRodShaped	17940	2.52889	0.5	-6.0329	-14.1299	0	0.437144	-0.899391	0	None	None
ChainingRodShaped	17942	2.61563	0.5	51.8868	-39.2978	0	0.708264	0.705947	0	None	None
ChainingRodShaped	17944	2.42987	0.5	17.547	-19.5473	0	0.999335	0.0364634	0	None	None
ChainingRodShaped	17946	3.04345	0.5	22.8372	-22.9443	0	-0.999712	0.0240002	0	None	None
ChainingRodShaped	17948	2.94065	0.5	107.51	-2.04625	0	-0.899875	-0.436148	0	None	None
ChainingRodShaped	17950	2.40355	0.5	32.2664	46.2899	0	0.63325	-0.773947	0	None	None
ChainingRodShaped	17952	2.58716	0.5	-66.4908	80.4548	0	0.520738	0.853716	0	None	None
ChainingRodShaped	17954	2.57827	0.5	32.5142	92.8735	0	0.193013	0.981196	0	None	None
ChainingRodShaped	17956	2.62414	0.5	-56.7138	-38.6893	0	-0.656791	-0.754073	0	None	None
ChainingRodShaped	17958	2.80726	0.5	-39.8145	86.2457	0	-0.931863	-0.36281	0	None	None
ChainingRodShaped	17960	2.44868	0.5	-75.0509	28.6943	0	-0.94874	-0.316057	0	None	None
ChainingRodShaped	17962	3.01933	0.5	-6.17055	15.7039	0	-0.552502	-0.833512	0	None	None
ChainingRodShaped	17964	2.62635	0.5	-0.25378	36.3933	0	0.772657	-0.634823	0	None	None
ChainingRodShaped	17966	3.06852	0.5	-16.5351	-3.63374	0	-0.98303	-0.183445	0	None	None
ChainingRodShaped	17968	2.89653	0.5	13.6934	-55.3532	0	0.227398	-0.973802	0	None	None
ChainingRodShaped	17970	3.00899	0.5	48.3221	6.74203	0	-0.608918	-0.793233	0	None	None
ChainingRodShaped	17972	2.86154	0.5	95.8701	46.7227	0	-0.754687	-0.656085	0	None	None
ChainingRodShaped	17974	2.9045	0.5	38.1018	-73.2744	0	0.743319	0.668937	0	None	None
ChainingRodShaped	17976	2.46485	0.5	-43.1299	-6.23008	0	-0.377483	-0.926016	0	None	None
ChainingRodShaped	17978	2.7935	0.5	-35.495	-1.24849	0	-0.933463	-0.358675	0	None	None
ChainingRodShaped	17980	2.53102	0.5	19.8965	29.9304	0	0.124433	0.992228	0	None	None
ChainingRodShaped	17982	2.43413	0.5	27.8796	83.0396	0	0.998524	0.0543203	0	None	None
ChainingRodShaped	17984	2.76797	0.5	62.7924	-24.7789	0	0.0374388	0.999299	0	None	None
ChainingRodShaped	17986	2.41553	0.5	62.2342	1.67522	0	-0.973819	0.227326	0	None	None
ChainingRodShaped	17988	2.58308	0.5	39.6206	20.4244	0	0.983087	0.183137	0	None	None
ChainingRodShaped	17990	2.62089	0.5	3.93937	103.959	0	0.831106	0.556114	0	None	None
ChainingRodShaped	17992	2.59423	0.5	-11.6607	-15.8099	0	0.92989	-0.367838	0	None	None
ChainingRodShaped	17994	2.74386	0.5	32.4238	-78.2422	0	0.410992	0.911639	0	None	None
ChainingRodShaped	17996	2.39412	0.5	72.2246	-36.8117	0	0.31301	-0.94975	0	None	None
ChainingRodShaped	17998	3.06502	0.5	-16.2947	-70.2114	0	0.922289	-0.386501	0	None	None
ChainingRodShaped	18000	2.98887	0.5	-96.868	29.8903	0	0.294552	0.955635	0	None	None
ChainingRodShaped	18002	2.40583	0.5	47.8752	9.54573	0	-0.603595	-0.797291	0	None	None
ChainingRodShaped	18004	2.64256	0.5	42.2666	51.5582	0	-0.38273	-0.92386	0	None	None
ChainingRodShaped	18006	2.95503	0.5	62.8871	64.0553	0	0.263425	-0.96468	0	None	None
ChainingRodShaped	18008	2.38179	0.5	-73.612	-12.7213	0	-0.445089	0.895486	0	None	None
ChainingRodShaped	18010	3.04498	0.5	11.7063	19.1318	0	0.88701	-0.46175	0	None	None
ChainingRodShaped	18012	2.99269	0.5	50.6329	48.5262	0	0.936707	0.350116	0	None	None
ChainingRodShaped	18014	2.75839	0.5	104.848	-10.8199	0	-0.463859	-0.885909	0	None	None
ChainingRodShaped	18016	2.88358	0.5	-23.5226	3.75932	0	-0.136372	0.990658	0	None	None
ChainingRodShaped	18018	2.79521	0.5	93.9769	7.24094	0	0.54309	-0.839674	0	None	None
ChainingRodShaped	18020	3.02596	0.5	0.36784	85.3478	0	0.0160553	-0.999871	0	None	None
ChainingRodShaped	18022	2.76263	0.5	82.1842	33.4246	0	0.732854	0.680386	0	None	None
ChainingRodShaped	18024	2.36508	0.5	-39.9428	-32.026	0	-0.0999518	0.994992	0	None	None
ChainingRodShaped	18026	2.65778	0.5	-73.9581	8.40523	0	0.975146	-0.221563	0	None	None
ChainingRodShaped	18028	2.59614	0.5	44.1507	-3.73968	0	0.983164	-0.182726	0	None	None
ChainingRodShaped	18030	2.72399	0.5	60.1143	80.1054	0	-0.0111098	-0.999938	0	None	None
ChainingRodShaped	18032	2.49542	0.5	18.784	76.1845	0	-0.867532	0.497382	0	None	None
ChainingRodShaped	18034	2.45991	0.5	-62.0849	93.0721	0	-0.17076	-0.985313	0	None	None
ChainingRodShaped	18036	2.64963	0.5	-81.9139	-1.85871	0	-0.969573	0.244803	0	None	None
ChainingRodShaped	18038	2.81599	0.5	-52.8874	-36.8833	0	-0.63833	-0.769763	0	None	None
ChainingRodShaped	18040	2.8993	0.5	-14.5868	-40.8938	0	0.150128	0.988667	0	None	None
ChainingRodShaped	18042	2.51078	0.5	-1.91016	24.4269	0	0.531535	-0.847036	0	None	None
ChainingRodShaped	18044	3.04526	0.5	25.6211	33.0849	0	0.00456589	0.99999	0	None	None
ChainingRodShaped	18046	2.6688	0.5	60.3593	-2.48443	0	-0.284399	-0.958706	0	None	None
ChainingRodShaped	18048	2.57313	0.5	-28.4918	-18.0136	0	-0.29977	0.954012	0	None	None
ChainingRodShaped	18050	2.61197	0.5	47.7387	-10.2056	0	0.972472	-0.233019	0	None	None
ChainingRodShaped	18052	2.43219	0.5	36.6871	-69.3264	0	0.730206	0.683227	0	None	None
ChainingRodShaped	18054	2.95787	0.5	-13.3426	42.4918	0	-0.996315	0.0857681	0	None	None
ChainingRodShaped	18056	2.98425	0.5	-28.6569	-6.76044	0	0.286373	-0.958118	0	None	None
ChainingRodShaped	18058	2.41088	0.5	35.2868	98.0611	0	0.271494	0.96244	0	None	None
ChainingRodShaped	18060	2.57773	0.5	-11.2705	-2.30701	0	-0.858514	-0.51279	0	None	None
ChainingRodShaped	18062	2.40682	0.5	2.61285	12.0934	0	0.985633	0.168898	0	None	None
ChainingRodShaped	18064	3.0137	0.5	102.848	27.6606	0	-0.971851	-0.235596	0	None	None
ChainingRodShaped	18066	2.79521	0.5	72.4343	73.2624	0	-0.118629	0.992939	0	None	None
ChainingRodShaped	18068	2.41595	0.5	-47.2478	46.3916	0	0.382042	0.924145	0	None	None
ChainingRodShaped	18070	2.84217	0.5	35.2293	36.5696	0	0.571256	-0.820772	0	None	None
ChainingRodShaped	18072	2.51582	0.5	-18.9051	-5.65617	0	-0.938214	-0.346056	0	None	None
ChainingRodShaped	18074	2.63649	0.5	109.755	47.1627	0	-0.98064	-0.195818	0	None	None
ChainingRodShaped	18076	2.97634	0.5	14.323	16.1146	0	-0.894993	0.44608	0	None	None
ChainingRodShaped	18078	2.61727	0.5	-8.24143	40.8113	0	-0.518978	-0.854788	0	None	None
ChainingRodShaped	18080	2.75597	0.5	2.47978	45.4027	0	0.753894	0.656996	0	None	None
ChainingRodShaped	18082	2.35955	0.5	7.84487	-44.2724	0	0.47216	-0.881513	0	None	None
ChainingRodShaped	18084	3.00928	0.5	70.7845	66.4141	0	0.577594	0.816324	0	None	None
ChainingRodShaped	18086	2.71765	0.5	-17.2711	58.0832	0	0.813772	-0.581185	0	None	None
ChainingRodShaped	18088	2.61387	0.5	28.2848	42.3505	0	0.35423	-0.935158	0	None	None
ChainingRodShaped	18090	2.92236	0.5	37.3769	105.177	0	0.77984	0.625978	0	None	None
ChainingRodShaped	18092	2.92502	0.5	-27.7863	-56.6532	0	-0.907306	-0.420472	0	None	None
ChainingRodShaped	18094	2.50226	0.5	-90.9721	48.1601	0	0.993503	-0.11381	0	None	None
ChainingRodShaped	18096	2.75751	0.5	48.2836	93.5978	0	0.457409	-0.889256	0	None	None
ChainingRodShaped	18098	2.80934	0.5	-20.0978	76.1407	0	-0.814999	0.579463	0	None	None
ChainingRodShaped	18100	2.90913	0.5	18.87	-13.02	0	0.961209	-0.275822	0	None	None
ChainingRodShaped	18102	2.52923	0.5	48.4326	-18.426	0	-0.520001	-0.854166	0	None	None
ChainingRodShaped	18104	3.03041	0.5	28.4192	-38.1271	0	-0.973811	-0.22736	0	None	None
ChainingRodShaped	18106	2.85686	0.5	-14.3668	7.09624	0	0.787458	-0.616368	0	None	None
ChainingRodShaped	18108	2.94607	0.5	11.7062	-60.5914	0	-0.984446	0.17569	0	None	None
ChainingRodShaped	18110	2.95674	0.5	-73.8243	9.26128	0	0.97707	-0.212916	0	None	None
ChainingRodShaped	18112	2.45719	0.5	21.484	51.1249	0	0.823935	0.566684	0	None	None
ChainingRodShaped	18114	2.42405	0.5	69.4481	-5.493	0	0.999957	0.00925547	0	None	None
ChainingRodShaped	18116	2.7648	0.5	9.43472	121.76	0	0.941619	0.336682	0	None	None
ChainingRodShaped	18118	2.83474	0.5	87.7495	46.1222	0	-0.805001	-0.593274	0	None	None
ChainingRodShaped	18120	2.97802	0.5	108.919	64.2118	0	-0.766043	0.64279	0	None	None
ChainingRodShaped	18122	2.81308	0.5	-8.58115	-43.2512	0	-0.99533	-0.0965301	0	None	None
ChainingRodShaped	18124	2.8176	0.5	13.1761	94.0085	0	-0.575837	-0.817565	0	None	None
ChainingRodShaped	18126	2.35165	0.5	-2.97772	112.165	0	0.713851	0.700298	0	None	None
ChainingRodShaped	18128	2.35892	0.5	60.2636	32.6593	0	0.808561	-0.588412	0	None	None
ChainingRodShaped	18130	2.42779	0.5	0.858406	95.9733	0	-0.691313	-0.722555	0	None	None
ChainingRodShaped	18132	2.71929	0.5	-49.6094	17.3713	0	0.97786	-0.20926	0	None	None
ChainingRodShaped	18134	2.71342	0.5	-1.69751	78.5486	0	0.60723	-0.794526	0	None	None
ChainingRodShaped	18136	2.45903	0.5	104.898	23.2469	0	0.175818	-0.984423	0	None	None
ChainingRodShaped	18138	2.93576	0.5	-39.1014	104.994	0	-0.989973	0.141256	0	None	None
ChainingRodShaped	18140	2.46658	0.5	-19.2126	38.8821	0	-0.946489	0.322735	0	None	None
ChainingRodShaped	18142	2.67727	0.5	34.3157	-27.9469	0	-0.959032	-0.283298	0	None	None
ChainingRodShaped	18144	2.42098	0.5	100.195	79.6384	0	0.195458	-0.980712	0	None	None
ChainingRodShaped	18146	2.37506	0.5	8.56193	82.9571	0	0.863443	0.504446	0	None	None
ChainingRodShaped	18148	2.67427	0.5	26.4401	-31.7418	0	-0.964755	-0.263149	0	None	None
ChainingRodShaped	18150	2.70764	0.5	2.05664	-75.5125	0	-0.649138	0.76067	0	None	None
ChainingRodShaped	18152	2.65325	0.5	14.6772	-1.47577	0	0.119571	-0.992826	0	None	None
ChainingRodShaped	18154	2.99771	0.5	78.2321	-34.9537	0	0.755472	-0.655181	0	None	None
ChainingRodShaped	18156	2.45681	0.5	-58.3201	61.4016	0	-0.074457	0.997224	0	None	None
ChainingRodShaped	18158	2.57421	0.5	83.186	66.8434	0	0.633647	0.773622	0	None	None
ChainingRodShaped	18160	2.51684	0.5	97.7305	44.8988	0	-0.82728	-0.56179	0	None	None
ChainingRodShaped	18162	2.45829	0.5	90.9807	57.1711	0	-0.414565	-0.91002	0	None	None
ChainingRodShaped	18164	2.66872	0.5	51.6373	15.5325	0	-0.697346	-0.716735	0	None	None
ChainingRodShaped	18166	2.71395	0.5	98.9472	86.5247	0	-0.742872	0.669433	0	None	None
ChainingRodShaped	18168	2.98667	0.5	39.9347	1.40945	0	-0.525548	-0.850764	0	None	None
ChainingRodShaped	18170	2.592	0.5	1.41669	47.2018	0	0.772885	0.634546	0	None	None
ChainingRodShaped	18172	2.56245	0.5	-6.10077	-19.1857	0	0.437448	-0.899244	0	None	None
ChainingRodShaped	18174	2.81187	0.5	0.276967	3.77895	0	0.989902	0.14175	0	None	None
ChainingRodShaped	18176	2.7099	0.5	-41.5203	92.6654	0	0.990292	-0.139002	0	None	None
ChainingRodShaped	18178	2.87394	0.5	33.3997	93.1098	0	0.189477	0.981885	0	None	None
ChainingRodShaped	18180	2.99755	0.5	-49.373	8.28745	0	0.989664	-0.143408	0	None	None
ChainingRodShaped	18182	2.63373	0.5	7.60601	-11.6557	0	0.478267	-0.878214	0	None	None
ChainingRodShaped	18184	2.39049	0.5	-72.4606	15.5519	0	0.74175	-0.670677	0	None	None
ChainingRodShaped	18186	2.66109	0.5	-14.9991	5.81395	0	0.775258	-0.631645	0	None	None
ChainingRodShaped	18188	2.56014	0.5	66.7547	22.2744	0	0.833659	-0.552279	0	None	None
ChainingRodShaped	18190	2.52318	0.5	23.8232	-11.8686	0	0.819907	-0.572496	0	None	None
ChainingRodShaped	18192	2.75233	0.5	-78.0566	3.48312	0	-0.936107	0.351717	0	None	None
ChainingRodShaped	18194	2.6082	0.5	-3.35747	20.1174	0	0.306998	-0.95171	0	None	None
ChainingRodShaped	18196	2.60823	0.5	91.7315	68.4855	0	0.249784	-0.968302	0	None	None
ChainingRodShaped	18198	2.85265	0.5	20.4336	-60.7139	0	0.843707	0.536804	0	None	None
ChainingRodShaped	18200	2.9639	0.5	62.3137	72.3514	0	-0.647601	-0.76198	0	None	None
ChainingRodShaped	18202	2.55014	0.5	35.2806	-50.7372	0	0.880183	-0.474634	0	None	None
ChainingRodShaped	18204	2.72604	0.5	17.9332	11.5626	0	0.189406	-0.981899	0	None	None
ChainingRodShaped	18206	2.89673	0.5	-41.3879	98.6542	0	0.983691	-0.179869	0	None	None
ChainingRodShaped	18208	2.56198	0.5	90.431	50.854	0	-0.728984	-0.684531	0	None	None
ChainingRodShaped	18210	2.391	0.5	-41.9021	112.04	0	0.643292	0.765621	0	None	None
ChainingRodShaped	18212	2.75732	0.5	-3.59531	-32.7029	0	0.39495	-0.918703	0	None	None
ChainingRodShaped	18214	2.60156	0.5	-32.9393	92.6136	0	0.971377	-0.237541	0	None	None
ChainingRodShaped	18216	2.76378	0.5	41.5185	-1.08436	0	-0.564781	-0.825241	0	None	None
ChainingRodShaped	18218	2.37418	0.5	-30.1042	125.222	0	0.48067	-0.876902	0	None	None
ChainingRodShaped	18220	2.74352	0.5	37.1406	74.29	0	0.908132	0.418683	0	None	None
ChainingRodShaped	18222	2.50213	0.5	46.2002	73.1681	0	-0.21067	-0.977557	0	None	None
ChainingRodShaped	18224	2.84499	0.5	-70.7878	94.3417	0	-0.848595	-0.529043	0	None	None
ChainingRodShaped	18226	2.78278	0.5	56.336	-40.7243	0	0.521508	0.853246	0	None	None
ChainingRodShaped	18228	2.44232	0.5	5.47007	41.8032	0	0.767033	0.641607	0	None	None
ChainingRodShaped	18230	2.76051	0.5	-74.3661	13.5571	0	0.815216	-0.579157	0	None	None
ChainingRodShaped	18232	2.96232	0.5	-23.193	62.5786	0	0.770375	-0.63759	0	None	None
ChainingRodShaped	18234	2.63023	0.5	66.551	38.8778	0	0.773591	-0.633686	0	None	None
ChainingRodShaped	18236	2.88147	0.5	-28.8621	-27.4186	0	0.293628	-0.95592	0	None	None
ChainingRodShaped	18238	2.40155	0.5	34.3943	16.2515	0	-0.776686	-0.629888	0	None	None
ChainingRodShaped	18240	2.40428	0.5	11.6126	4.31491	0	-0.442206	-0.896914	0	None	None
ChainingRodShaped	18242	2.83142	0.5	-46.624	36.266	0	-0.798778	-0.601627	0	None	None
ChainingRodShaped	18244	2.61404	0.5	-23.9361	17.1103	0	0.933764	-0.357889	0	None	None
ChainingRodShaped	18246	2.6374	0.5	-63.3733	1.08565	0	0.132579	-0.991172	0	None	None
ChainingRodShaped	18248	2.4477	0.5	-36.4769	-4.32466	0	-0.24224	-0.970216	0	None	None
ChainingRodShaped	18250	2.39196	0.5	-0.84985	31.8845	0	-0.973351	-0.229322	0	None	None
ChainingRodShaped	18252	2.64672	0.5	22.7142	-64.0218	0	-0.973963	-0.226708	0	None	None
ChainingRodShaped	18254	2.43259	0.5	-7.61489	89.8565	0	-0.792231	-0.610222	0	None	None
ChainingRodShaped	18256	2.84717	0.5	-76.8259	11.2179	0	-0.803437	0.59539	0	None	None
ChainingRodShaped	18258	2.81095	0.5	12.3575	95.4177	0	-0.586743	-0.809773	0	None	None
ChainingRodShaped	18260	2.70717	0.5	7.20382	-31.287	0	0.452532	-0.891748	0	None	None
ChainingRodShaped	18262	2.88921	0.5	15.9272	47.5875	0	0.7115	0.702686	0	None	None
ChainingRodShaped	18264	2.96613	0.5	36.2718	-48.459	0	0.898151	-0.439688	0	None	None
ChainingRodShaped	18266	2.5402	0.5	17.6865	-42.3229	0	-0.38592	0.922532	0	None	None
ChainingRodShaped	18268	2.89979	0.5	-50.0449	81.5114	0	0.730389	0.683032	0	None	None
ChainingRodShaped	18270	2.62771	0.5	-0.905849	104.936	0	0.980843	0.194799	0	None	None
ChainingRodShaped	18272	2.7383	0.5	103.112	2.03374	0	-0.810893	-0.585194	0	None	None
ChainingRodShaped	18274	2.88426	0.5	-31.0413	-65.8826	0	0.96831	-0.249751	0	None	None
ChainingRodShaped	18276	2.51996	0.5	37.4937	107.483	0	0.773823	0.633402	0	None	None
ChainingRodShaped	18278	2.63508	0.5	-0.781482	25.1615	0	0.536914	-0.843637	0	None	None
ChainingRodShaped	18280	2.58674	0.5	22.3371	129.006	0	0.620124	-0.784504	0	None	None
ChainingRodShaped	18282	2.4792	0.5	9.45874	49.0194	0	-0.735859	-0.677135	0	None	None
ChainingRodShaped	18284	2.90198	0.5	-15.5096	100.116	0	0.99882	0.0485575	0	None	None
ChainingRodShaped	18286	2.57716	0.5	-60.3639	80.7891	0	0.707708	0.706505	0	None	None
ChainingRodShaped	18288	2.40952	0.5	-35.9724	104.918	0	-0.887782	0.460264	0	None	None
ChainingRodShaped	18290	2.69922	0.5	48.3332	-33.1925	0	-0.98014	-0.198308	0	None	None
ChainingRodShaped	18292	2.49334	0.5	102.244	47.231	0	0.486261	0.873813	0	None	None
ChainingRodShaped	18294	2.65126	0.5	76.849	-42.8853	0	0.337323	-0.941389	0	None	None
ChainingRodShaped	18296	2.79765	0.5	-24.3952	100.268	0	0.258661	-0.965968	0	None	None
ChainingRodShaped	18298	2.97492	0.5	-41.3638	42.385	0	-0.971375	-0.237553	0	None	None
ChainingRodShaped	18300	2.37671	0.5	-5.2623	89.7338	0	-0.790434	-0.612548	0	None	None
ChainingRodShaped	18302	2.68402	0.5	13.2875	118.498	0	-0.92613	-0.377204	0	None	None
ChainingRodShaped	18304	2.96268	0.5	-67.4441	78.388	0	-0.746391	0.665508	0	None	None
ChainingRodShaped	18306	2.88092	0.5	-17.8146	13.9983	0	-0.361513	-0.932367	0	None	None
ChainingRodShaped	18308	2.34416	0.5	5.84932	44.7533	0	-0.74145	-0.671009	0	None	None
ChainingRodShaped	18310	2.80221	0.5	95.0535	39.6146	0	-0.990003	-0.14105	0	None	None
ChainingRodShaped	18312	2.88377	0.5	35.7908	10.2101	0	0.611491	0.791252	0	None	None
ChainingRodShaped	18314	2.72225	0.5	54.6536	-39.9143	0	0.686855	0.726795	0	None	None
ChainingRodShaped	18316	2.54901	0.5	41.3742	82.4196	0	0.894021	0.448025	0	None	None
ChainingRodShaped	18318	2.46859	0.5	27.7175	78.0914	0	0.994647	-0.103327	0	None	None
ChainingRodShaped	18320	2.41812	0.5	-71.8124	-0.28487	0	-0.880241	0.474527	0	None	None
ChainingRodShaped	18322	2.67474	0.5	-26.0113	97.1792	0	-0.292978	0.956119	0	None	None
ChainingRodShaped	18324	2.80679	0.5	-12.3233	-23.1023	0	-0.558596	0.82944	0	None	None
ChainingRodShaped	18326	2.8752	0.5	5.72362	22.1352	0	-0.119599	0.992822	0	None	None
ChainingRodShaped	18328	2.95774	0.5	88.9495	-6.81645	0	-0.523483	-0.852036	0	None	None
ChainingRodShaped	18330	2.40928	0.5	4.48728	-28.4518	0	0.638043	-0.770001	0	None	None
ChainingRodShaped	18332	2.76381	0.5	-60.4458	10.8732	0	0.582597	-0.812761	0	None	None
ChainingRodShaped	18334	2.58395	0.5	28.3853	-49.7933	0	0.883344	-0.468725	0	None	None
ChainingRodShaped	18336	2.83225	0.5	-71.2907	26.0881	0	-0.934971	0.354725	0	None	None
ChainingRodShaped	18338	2.56046	0.5	43.5412	-50.6084	0	0.999092	-0.0426016	0	None	None
ChainingRodShaped	18340	2.36548	0.5	-18.7023	-60.495	0	-0.613053	0.790042	0	None	None
ChainingRodShaped	18342	2.62877	0.5	20.1451	126.507	0	0.316393	-0.948628	0	None	None
ChainingRodShaped	18344	2.36442	0.5	-38.3634	-4.89396	0	-0.308863	-0.951107	0	None	None
ChainingRodShaped	18346	2.37404	0.5	24.8215	-28.1466	0	-0.981186	-0.193063	0	None	None
ChainingRodShaped	18348	2.89086	0.5	20.6306	-73.3755	0	0.99867	0.0515567	0	None	None
ChainingRodShaped	18350	2.33949	0.5	19.7461	-33.7168	0	-0.596321	0.802746	0	None	None
ChainingRodShaped	18352	2.50365	0.5	44.197	126.808	0	0.731057	-0.682316	0	None	None
ChainingRodShaped	18354	2.8073	0.5	-53.2697	92.5126	0	0.503539	0.863972	0	None	None
ChainingRodShaped	18356	2.87769	0.5	21.9163	1.04883	0	0.965541	0.26025	0	None	None
ChainingRodShaped	18358	2.95221	0.5	-92.8297	41.2675	0	0.347789	-0.937573	0	None	None
ChainingRodShaped	18360	2.88259	0.5	35.0966	-46.9163	0	0.900622	-0.434602	0	None	None
ChainingRodShaped	18362	2.7562	0.5	22.0492	-40.4214	0	-0.664676	-0.747132	0	None	None
ChainingRodShaped	18364	2.47338	0.5	1.30136	98.7184	0	-0.685833	-0.727759	0	None	None
ChainingRodShaped	18366	2.35315	0.5	25.5144	-68.0103	0	-0.999916	-0.0129815	0	None	None
ChainingRodShaped	18368	2.32148	0.5	-27.6669	94.6859	0	-0.314406	0.949288	0	None	None
ChainingRodShaped	18370	2.41012	0.5	38.5401	85.3992	0	0.896316	0.443416	0	None	None
ChainingRodShaped	18372	2.73175	0.5	-35.3817	-17.3169	0	-0.494589	0.869127	0	None	None
ChainingRodShaped	18374	2.3249	0.5	-61.8927	22.2966	0	-0.99793	0.0643028	0	None	None
ChainingRodShaped	18376	2.42816	0.5	78.8145	65.1692	0	-0.156054	0.987749	0	None	None
ChainingRodShaped	18378	2.64929	0.5	-56.3961	-36.9235	0	0.664271	0.747492	0	None	None
ChainingRodShaped	18380	2.77647	0.5	-47.3264	55.224	0	-0.126806	0.991928	0	None	None
ChainingRodShaped	18382	2.83946	0.5	8.8427	-42.0403	0	0.206895	-0.978363	0	None	None
ChainingRodShaped	18384	2.43677	0.5	81.4369	43.5233	0	-0.786475	-0.617623	0	None	None
ChainingRodShaped	18386	2.69981	0.5	17.7593	16.305	0	0.521234	-0.853414	0	None	None
ChainingRodShaped	18388	2.72837	0.5	-40.9208	111.843	0	0.644074	0.764963	0	None	None
ChainingRodShaped	18390	2.86377	0.5	-87.3785	16.8293	0	-0.604445	0.796647	0	None	None
ChainingRodShaped	18392	2.39564	0.5	6.32215	-25.1383	0	-0.988001	0.154447	0	None	None
ChainingRodShaped	18394	2.36691	0.5	14.8117	6.14691	0	-0.456266	-0.889844	0	None	None
ChainingRodShaped	18396	2.44185	0.5	8.46226	-70.5568	0	0.969256	-0.246056	0	None	None
ChainingRodShaped	18398	2.88481	0.5	-46.4283	35.5263	0	-0.792928	-0.609315	0	None	None
ChainingRodShaped	18400	2.7709	0.5	-18.4846	71.3004	0	-0.834205	0.551454	0	None	None
ChainingRodShaped	18402	2.55389	0.5	-12.3613	28.0982	0	0.863645	-0.504101	0	None	None
ChainingRodShaped	18404	2.78099	0.5	-41.4211	102.803	0	0.989467	-0.144758	0	None	None
ChainingRodShaped	18406	2.87443	0.5	107.058	12.0799	0	0.622236	-0.78283	0	None	None
ChainingRodShaped	18408	2.37153	0.5	-13.2933	27.095	0	0.871619	-0.490184	0	None	None
ChainingRodShaped	18410	2.73133	0.5	-78.4872	81.1873	0	0.986445	0.164095	0	None	None
ChainingRodShaped	18412	2.46431	0.5	-38.572	48.0216	0	0.232492	-0.972598	0	None	None
ChainingRodShaped	18414	2.85682	0.5	86.2408	56.5104	0	-0.86088	-0.508807	0	None	None
ChainingRodShaped	18416	2.35108	0.5	100.445	52.034	0	-0.841804	-0.539783	0	None	None
ChainingRodShaped	18418	2.71089	0.5	12.5605	-48.1361	0	0.252829	-0.967511	0	None	None
ChainingRodShaped	18420	2.85844	0.5	47.6974	83.7249	0	0.0632907	0.997995	0	None	None
ChainingRodShaped	18422	2.4749	0.5	12.1001	36.0702	0	0.990431	-0.138008	0	None	None
ChainingRodShaped	18424	2.68167	0.5	13.196	107.787	0	-0.00090632	-1	0	None	None
ChainingRodShaped	18426	2.74449	0.5	-20.9266	55.8347	0	0.826672	-0.562685	0	None	None
ChainingRodShaped	18428	2.89887	0.5	47.7252	33.4172	0	0.999969	-0.00790916	0	None	None
ChainingRodShaped	18430	2.78199	0.5	71.3061	13.3428	0	-0.984232	0.176885	0	None	None
ChainingRodShaped	18432	2.65797	0.5	15.4381	51.74	0	0.788565	0.614951	0	None	None
ChainingRodShaped	18434	2.6168	0.5	-73.1974	3.43366	0	-0.861388	0.507947	0	None	None
ChainingRodShaped	18436	2.63499	0.5	42.1178	-49.6318	0	0.999012	-0.0444393	0	None	None
ChainingRodShaped	18438	2.35491	0.5	-2.26742	-24.3177	0	0.490705	-0.871326	0	None	None
ChainingRodShaped	18440	2.41605	0.5	66.6693	-42.6614	0	-0.351673	-0.936123	0	None	None
ChainingRodShaped	18442	2.75486	0.5	55.7425	95.8249	0	0.30047	-0.953791	0	None	None
ChainingRodShaped	18444	2.65467	0.5	5.13736	-41.4348	0	0.618934	-0.785443	0	None	None
ChainingRodShaped	18446	2.3905	0.5	18.2771	56.7115	0	-0.763725	-0.645541	0	None	None
ChainingRodShaped	18448	2.38215	0.5	-55.7743	19.2641	0	0.986715	-0.16246	0	None	None
ChainingRodShaped	18450	2.70711	0.5	48.4581	37.6606	0	0.996966	-0.0778406	0	None	None
ChainingRodShaped	18452	2.46565	0.5	21.1863	106.87	0	0.327021	-0.945017	0	None	None
ChainingRodShaped	18454	2.55181	0.5	-14.7874	46.25	0	0.634892	-0.772601	0	None	None
ChainingRodShaped	18456	2.3969	0.5	45.307	118.06	0	0.952073	0.305871	0	None	None
ChainingRodShaped	18458	2.90026	0.5	-34.2391	88.1979	0	0.982578	-0.18585	0	None	None
ChainingRodShaped	18460	2.89181	0.5	-65.9942	74.6371	0	0.395186	0.918601	0	None	None
ChainingRodShaped	18462	2.71991	0.5	-48.297	-21.5622	0	0.785701	0.618606	0	None	None
ChainingRodShaped	18464	2.8827	0.5	-41.412	93.4676	0	0.988844	-0.148956	0	None	None
ChainingRodShaped	18466	2.70554	0.5	8.92899	19.9967	0	-0.190903	0.981609	0	None	None
ChainingRodShaped	18468	2.63138	0.5	82.005	21.5486	0	0.865739	-0.500495	0	None	None
ChainingRodShaped	18470	2.5479	0.5	-7.61751	118.864	0	-0.094855	-0.995491	0	None	None
ChainingRodShaped	18472	2.41232	0.5	18.9319	-64.1036	0	0.953849	0.300288	0	None	None
ChainingRodShaped	18474	2.34533	0.5	8.83816	9.25438	0	0.984102	0.177605	0	None	None
ChainingRodShaped	18476	2.35951	0.5	103.43	-19.5463	0	0.997045	-0.0768228	0	None	None
ChainingRodShaped	18478	2.61979	0.5	-46.8792	109.578	0	-0.952709	0.303885	0	None	None
ChainingRodShaped	18480	2.45215	0.5	75.3959	113.519	0	0.735645	-0.677367	0	None	None
ChainingRodShaped	18482	2.34785	0.5	61.4835	72.5802	0	-0.639979	-0.768392	0	None	None
ChainingRodShaped	18484	2.43795	0.5	-40.036	89.3162	0	0.788101	-0.615546	0	None	None
ChainingRodShaped	18486	2.72693	0.5	33.7928	-26.5051	0	-0.958234	-0.285985	0	None	None
ChainingRodShaped	18488	2.51975	0.5	37.3855	18.3008	0	0.958099	0.286438	0	None	None
ChainingRodShaped	18490	2.47639	0.5	-1.78397	-5.1301	0	-0.547103	0.837065	0	None	None
ChainingRodShaped	18492	2.35902	0.5	25.8667	25.9537	0	0.00500659	0.999987	0	None	None
ChainingRodShaped	18494	2.84373	0.5	-29.2003	-14.5418	0	-0.299788	0.954006	0	None	None
ChainingRodShaped	18496	2.53941	0.5	-28.8119	67.488	0	-0.418368	-0.908278	0	None	None
ChainingRodShaped	18498	2.32138	0.5	56.0525	77.1491	0	-0.744677	-0.667426	0	None	None
ChainingRodShaped	18500	2.48332	0.5	76.583	-37.0407	0	0.114675	-0.993403	0	None	None
ChainingRodShaped	18502	2.49346	0.5	-39.4276	-13.7386	0	-0.920284	-0.39125	0	None	None
ChainingRodShaped	18504	2.38298	0.5	81.7388	48.2598	0	-0.740205	-0.672381	0	None	None
ChainingRodShaped	18506	2.7629	0.5	-38.4994	80.7932	0	0.916171	0.400787	0	None	None
ChainingRodShaped	18508	2.45354	0.5	-50.6111	-48.0231	0	0.600499	0.799626	0	None	None
ChainingRodShaped	18510	2.75264	0.5	30.7097	-62.9592	0	0.349763	-0.936838	0	None	None
ChainingRodShaped	18512	2.40376	0.5	80.8767	33.9255	0	0.964547	0.263912	0	None	None
ChainingRodShaped	18514	2.7321	0.5	104.831	1.00197	0	-0.816625	-0.577168	0	None	None
ChainingRodShaped	18516	2.60692	0.5	-43.7581	-20.0789	0	0.912289	0.409548	0	None	None
ChainingRodShaped	18518	2.53989	0.5	30.9601	105.457	0	-0.220181	-0.975459	0	None	None
ChainingRodShaped	18520	2.77146	0.5	-55.8769	-34.99	0	0.671704	0.74082	0	None	None
ChainingRodShaped	18522	2.7954	0.5	-44.3968	-28.8578	0	0.86029	0.509805	0	None	None
ChainingRodShaped	18524	2.3439	0.5	2.07227	33.1231	0	-0.973497	-0.2287	0	None	None
ChainingRodShaped	18526	2.65337	0.5	-25.5837	21.39	0	0.925691	-0.37828	0	None	None
ChainingRodShaped	18528	2.77142	0.5	-45.8299	-15.8691	0	0.894697	0.446673	0	None	None
ChainingRodShaped	18530	2.65368	0.5	-26.1825	20.8197	0	0.929378	-0.369129	0	None	None
ChainingRodShaped	18532	2.49071	0.5	24.5868	-57.1704	0	0.239497	-0.970897	0	None	None
ChainingRodShaped	18534	2.40328	0.5	-55.5161	-31.9866	0	-0.157852	0.987463	0	None	None
ChainingRodShaped	18536	2.81967	0.5	-67.9483	11.2875	0	0.976928	-0.213569	0	None	None
ChainingRodShaped	18538	2.38269	0.5	16.1291	54.1232	0	0.790373	0.612626	0	None	None
ChainingRodShaped	18540	2.85938	0.5	72.5732	-4.57597	0	0.996445	0.0842436	0	None	None
ChainingRodShaped	18542	2.80354	0.5	-9.04763	-60.3577	0	0.130711	0.991421	0	None	None
ChainingRodShaped	18544	2.61961	0.5	35.3832	-56.8667	0	0.0283439	-0.999598	0	None	None
ChainingRodShaped	18546	2.664	0.5	34.713	87.88	0	0.993562	0.11329	0	None	None
ChainingRodShaped	18548	2.87644	0.5	44.3114	-3.11753	0	0.981378	-0.192085	0	None	None
ChainingRodShaped	18550	2.59946	0.5	82.5043	2.50221	0	0.993408	0.114629	0	None	None
ChainingRodShaped	18552	2.87609	0.5	78.1379	-5.50866	0	-0.476821	-0.879001	0	None	None
ChainingRodShaped	18554	2.40207	0.5	61.5926	83.615	0	0.08079	-0.996731	0	None	None
ChainingRodShaped	18556	2.48567	0.5	47.5857	-6.91301	0	-0.544233	-0.838934	0	None	None
ChainingRodShaped	18558	2.37934	0.5	42.3616	96.3947	0	0.965523	0.260318	0	None	None
ChainingRodShaped	18560	2.88781	0.5	69.3906	67.0619	0	0.577483	0.816403	0	None	None
ChainingRodShaped	18562	2.53975	0.5	64.6689	-12.4246	0	0.19037	0.981712	0	None	None
ChainingRodShaped	18564	2.5196	0.5	-0.935755	8.66338	0	0.990759	0.135636	0	None	None
ChainingRodShaped	18566	2.6327	0.5	-50.088	53.2939	0	-0.382916	-0.923783	0	None	None
ChainingRodShaped	18568	2.67628	0.5	76.5957	104.583	0	0.819919	-0.57248	0	None	None
ChainingRodShaped	18570	2.76153	0.5	-11.7418	-26.46	0	-0.833397	0.552675	0	None	None
ChainingRodShaped	18572	2.68092	0.5	111.693	2.23722	0	-0.507775	-0.86149	0	None	None
ChainingRodShaped	18574	2.39774	0.5	0.0229696	99.5638	0	-0.694003	-0.719972	0	None	None
ChainingRodShaped	18576	2.61527	0.5	-15.9304	-59.2258	0	-0.148673	-0.988886	0	None	None
ChainingRodShaped	18578	2.42626	0.5	50.8334	-29.0735	0	0.361903	-0.932216	0	None	None
ChainingRodShaped	18580	2.79537	0.5	44.5557	10.9806	0	-0.688979	-0.724781	0	None	None
ChainingRodShaped	18582	2.33064	0.5	-40.7342	100.219	0	0.983694	-0.179851	0	None	None
ChainingRodShaped	18584	2.83733	0.5	50.7193	49.2869	0	0.940082	0.340947	0	None	None
ChainingRodShaped	18586	2.29601	0.5	21.1499	85.7603	0	0.998485	0.0550158	0	None	None
ChainingRodShaped	18588	2.81896	0.5	-39.9774	47.7084	0	0.252024	-0.967721	0	None	None
ChainingRodShaped	18590	2.84974	0.5	-16.8035	-67.8317	0	-0.879569	0.475772	0	None	None
ChainingRodShaped	18592	2.82482	0.5	78.4206	12.1099	0	-0.999837	0.0180597	0	None	None
ChainingRodShaped	18594	2.4481	0.5	75.632	61.5674	0	-0.673782	0.73893	0	None	None
ChainingRodShaped	18596	2.63947	0.5	108.162	44.1433	0	0.91405	0.405601	0	None	None
ChainingRodShaped	18598	2.4939	0.5	-49.569	99.3713	0	0.634355	0.773042	0	None	None
ChainingRodShaped	18600	2.45365	0.5	-70.3529	-14.2146	0	-0.835115	0.550076	0	None	None
ChainingRodShaped	18602	2.53587	0.5	-52.7655	32.2216	0	-0.796366	-0.604815	0	None	None
ChainingRodShaped	18604	2.50592	0.5	61.899	-25.426	0	0.0275005	0.999622	0	None	None
ChainingRodShaped	18606	2.70747	0.5	68.672	8.02753	0	0.823571	-0.567214	0	None	None
ChainingRodShaped	18608	2.79917	0.5	57.4034	50.7261	0	0.973624	0.228159	0	None	None
ChainingRodShaped	18610	2.40823	0.5	-12.4578	8.98216	0	0.775032	-0.631922	0	None	None
ChainingRodShaped	18612	2.55318	0.5	-19.7471	25.753	0	0.830314	-0.557295	0	None	None
ChainingRodShaped	18614	2.61725	0.5	75.0178	102.345	0	0.818488	-0.574523	0	None	None
ChainingRodShaped	18616	2.51375	0.5	86.3026	95.5376	0	0.999724	0.0234807	0	None	None
ChainingRodShaped	18618	2.43838	0.5	73.9887	-17.2794	0	-0.105384	0.994432	0	None	None
ChainingRodShaped	18620	2.71887	0.5	5.02896	21.986	0	-0.119136	0.992878	0	None	None
ChainingRodShaped	18622	2.36503	0.5	96.6635	40.7514	0	-0.988816	-0.149142	0	None	None
ChainingRodShaped	18624	2.51818	0.5	-15.6302	19.9284	0	0.894724	-0.446619	0	None	None
ChainingRodShaped	18626	2.48384	0.5	79.9453	-28.7143	0	-0.594015	0.804454	0	None	None
ChainingRodShaped	18628	2.32808	0.5	20.2333	-57.1962	0	-0.188236	0.982124	0	None	None
ChainingRodShaped	18630	2.57135	0.5	70.6303	107.041	0	-0.879504	-0.475891	0	None	None
ChainingRodShaped	18632	2.38931	0.5	-8.41481	-27.3347	0	-0.564443	0.825472	0	None	None
ChainingRodShaped	18634	2.78323	0.5	-23.7354	17.7472	0	0.934892	-0.354932	0	None	None
ChainingRodShaped	18636	2.45203	0.5	42.3693	79.9175	0	0.906996	0.421139	0	None	None
ChainingRodShaped	18638	2.52497	0.5	35.0853	128.024	0	0.579863	-0.814714	0	None	None
ChainingRodShaped	18640	2.66598	0.5	25.7437	39.5056	0	-0.438625	0.89867	0	None	None
ChainingRodShaped	18642	2.81749	0.5	-3.17695	69.5302	0	0.862644	-0.505811	0	None	None
ChainingRodShaped	18644	2.31405	0.5	-51.8786	99.4001	0	0.678521	0.734581	0	None	None
ChainingRodShaped	18646	2.43592	0.5	105.711	5.94908	0	-0.40791	0.913022	0	None	None
ChainingRodShaped	18648	2.31099	0.5	46.9307	68.8248	0	-0.144813	-0.989459	0	None	None
ChainingRodShaped	18650	2.63884	0.5	21.3224	-20.1333	0	-0.999868	-0.0162436	0	None	None
ChainingRodShaped	18652	2.48038	0.5	59.5078	38.8764	0	0.800364	-0.599515	0	None	None
ChainingRodShaped	18654	2.7397	0.5	110.048	6.55159	0	0.0698036	-0.997561	0	None	None
ChainingRodShaped	18656	2.37761	0.5	-60.7138	-1.53311	0	0.822902	-0.568183	0	None	None
ChainingRodShaped	18658	2.28762	0.5	-31.1929	-43.9325	0	0.851514	0.524332	0	None	None
ChainingRodShaped	18660	2.78015	0.5	-50.3887	40.2347	0	0.868189	0.496233	0	None	None
ChainingRodShaped	18662	2.64036	0.5	11.9484	95.9986	0	-0.594571	-0.804043	0	None	None
ChainingRodShaped	18664	2.36713	0.5	73.4793	97.9096	0	0.356593	-0.93426	0	None	None
ChainingRodShaped	18666	2.59399	0.5	64.4773	-65.2967	0	0.959085	0.283119	0	None	None
ChainingRodShaped	18668	2.76237	0.5	22.3171	29.7492	0	-0.0651923	-0.997873	0	None	None
ChainingRodShaped	18670	2.33935	0.5	34.4079	-63.3541	0	0.138768	0.990325	0	None	None
ChainingRodShaped	18672	2.50745	0.5	65.0035	-0.585314	0	-0.970254	0.24209	0	None	None
ChainingRodShaped	18674	2.68733	0.5	10.1677	95.3073	0	-0.692799	-0.721131	0	None	None
ChainingRodShaped	18676	2.50627	0.5	68.7797	36.1742	0	0.794427	-0.607359	0	None	None
ChainingRodShaped	18678	2.79089	0.5	27.8924	-23.8205	0	-0.909934	-0.414753	0	None	None
ChainingRodShaped	18680	2.83899	0.5	-64.0899	63.3239	0	-0.0811646	0.996701	0	None	None
ChainingRodShaped	18682	2.60961	0.5	8.07172	-31.3124	0	0.45233	-0.891851	0	None	None
ChainingRodShaped	18684	2.53824	0.5	15.2682	-62.1592	0	-0.986133	0.165959	0	None	None
ChainingRodShaped	18686	2.68029	0.5	29.6573	6.61202	0	-0.942346	0.334639	0	None	None
ChainingRodShaped	18688	2.74598	0.5	101.716	58.3292	0	-0.892856	-0.450341	0	None	None
ChainingRodShaped	18690	2.41498	0.5	37.2948	91.9219	0	0.122292	0.992494	0	None	None
ChainingRodShaped	18692	2.5241	0.5	5.97193	86.909	0	-0.694652	-0.719346	0	None	None
ChainingRodShaped	18694	2.32201	0.5	97.2587	62.3757	0	-0.715677	0.698432	0	None	None
ChainingRodShaped	18696	2.45636	0.5	33.5771	-19.7759	0	-0.406468	-0.913665	0	None	None
ChainingRodShaped	18698	2.67537	0.5	-16.0203	-53.9059	0	-0.139035	-0.990287	0	None	None
ChainingRodShaped	18700	2.3528	0.5	96.5097	-24.4652	0	0.998505	-0.0546537	0	None	None
ChainingRodShaped	18702	2.49802	0.5	-83.415	11.0771	0	-0.797895	0.602797	0	None	None
ChainingRodShaped	18704	2.6233	0.5	21.1715	51.7425	0	0.818066	0.575125	0	None	None
ChainingRodShaped	18706	2.34417	0.5	73.6411	-38.368	0	-0.267746	0.963489	0	None	None
ChainingRodShaped	18708	2.50456	0.5	-8.08868	-1.16215	0	0.985153	0.171681	0	None	None
ChainingRodShaped	18710	2.43668	0.5	7.27115	7.00375	0	0.981756	0.190145	0	None	None
ChainingRodShaped	18712	2.65864	0.5	70.1929	94.5866	0	0.199597	0.979878	0	None	None
ChainingRodShaped	18714	2.38071	0.5	-20.0871	99.4672	0	0.282507	-0.959265	0	None	None
ChainingRodShaped	18716	2.44137	0.5	103.725	47.9551	0	0.494976	0.868907	0	None	None
ChainingRodShaped	18718	2.81501	0.5	-7.03281	9.29514	0	0.999734	0.0230728	0	None	None
ChainingRodShaped	18720	2.59693	0.5	33.7671	9.09299	0	0.651178	0.758925	0	None	None
ChainingRodShaped	18722	2.34611	0.5	86.433	54.9591	0	-0.432737	-0.90152	0	None	None
ChainingRodShaped	18724	2.80895	0.5	-72.103	-17.3847	0	-0.857298	0.514821	0	None	None
ChainingRodShaped	18726	2.5983	0.5	25.4772	-57.2059	0	0.239955	-0.970784	0	None	None
ChainingRodShaped	18728	2.68851	0.5	17.5398	94.4936	0	-0.967861	-0.251488	0	None	None
ChainingRodShaped	18730	2.561	0.5	-5.62578	32.4569	0	-0.971043	-0.238905	0	None	None
ChainingRodShaped	18732	2.76105	0.5	-44.6442	32.4526	0	-0.756468	-0.65403	0	None	None
ChainingRodShaped	18734	2.64146	0.5	-4.91824	111.716	0	0.82025	0.572005	0	None	None
ChainingRodShaped	18736	2.33956	0.5	71.7308	10.9284	0	-0.98035	0.197264	0	None	None
ChainingRodShaped	18738	2.35808	0.5	31.3757	-35.0805	0	-0.970194	-0.242329	0	None	None
ChainingRodShaped	18740	2.71086	0.5	77.0384	-22.2538	0	-0.140439	0.990089	0	None	None
ChainingRodShaped	18742	2.43575	0.5	61.6826	-44.8556	0	-0.586139	-0.81021	0	None	None
ChainingRodShaped	18744	2.66556	0.5	66.2896	24.4284	0	0.838942	-0.544221	0	None	None
ChainingRodShaped	18746	2.73341	0.5	22.5709	-22.2618	0	-0.999902	0.0139825	0	None	None
ChainingRodShaped	18748	2.494	0.5	-54.2031	94.3551	0	0.512793	0.858512	0	None	None
ChainingRodShaped	18750	2.64886	0.5	-8.28067	-40.1016	0	0.976517	-0.215438	0	None	None
ChainingRodShaped	18752	2.43221	0.5	-31.5538	83.6785	0	-0.143778	-0.98961	0	None	None
ChainingRodShaped	18754	2.52353	0.5	-8.96504	48.1358	0	0.98823	-0.152978	0	None	None
ChainingRodShaped	18756	2.48806	0.5	109.31	-3.14799	0	-0.890958	-0.454086	0	None	None
ChainingRodShaped	18758	2.36441	0.5	64.7505	7.37946	0	0.776481	-0.63014	0	None	None
ChainingRodShaped	18760	2.39443	0.5	-24.677	74.984	0	-0.369348	-0.929291	0	None	None
ChainingRodShaped	18762	2.50736	0.5	-15.5134	-69.5564	0	-0.918375	0.395711	0	None	None
ChainingRodShaped	18764	2.79695	0.5	-60.1831	-30.7264	0	0.799453	-0.600729	0	None	None
ChainingRodShaped	18766	2.75066	0.5	-71.6173	9.48013	0	0.795201	-0.606346	0	None	None
ChainingRodShaped	18768	2.61536	0.5	-55.9997	89.8279	0	0.739935	0.672679	0	None	None
ChainingRodShaped	18770	2.40325	0.5	31.6457	62.9867	0	0.687548	0.726139	0	None	None
ChainingRodShaped	18772	2.54168	0.5	-6.53863	54.2453	0	0.9802	-0.198012	0	None	None
ChainingRodShaped	18774	2.71782	0.5	24.0439	-46.1784	0	0.943745	0.330675	0	None	None
ChainingRodShaped	18776	2.63843	0.5	-14.2834	16.3995	0	-0.399146	-0.916888	0	None	None
ChainingRodShaped	18778	2.3706	0.5	88.6413	1.74663	0	-0.359053	-0.933317	0	None	None
ChainingRodShaped	18780	2.72474	0.5	95.187	8.55298	0	0.532521	-0.846417	0	None	None
ChainingRodShaped	18782	2.44288	0.5	83.0322	-17.0018	0	0.148384	-0.98893	0	None	None
ChainingRodShaped	18784	2.33485	0.5	92.2915	55.8907	0	-0.415032	-0.909807	0	None	None
ChainingRodShaped	18786	2.38023	0.5	32.485	40.9952	0	0.543039	-0.839708	0	None	None
ChainingRodShaped	18788	2.33915	0.5	-22.8518	-31.7336	0	-0.951495	-0.307665	0	None	None
ChainingRodShaped	18790	2.32299	0.5	-58.6186	23.7992	0	-0.797639	-0.603135	0	None	None
ChainingRodShaped	18792	2.79222	0.5	100.117	-27.6496	0	-0.652287	-0.757972	0	None	None
ChainingRodShaped	18794	2.59145	0.5	-54.7959	-25.5555	0	-0.633336	-0.773877	0	None	None
ChainingRodShaped	18796	2.32747	0.5	-62.3697	55.0239	0	-0.717452	0.696607	0	None	None
ChainingRodShaped	18798	2.39419	0.5	-16.63	65.443	0	0.826173	-0.563417	0	None	None
ChainingRodShaped	18800	2.5685	0.5	68.4451	100.986	0	0.743968	0.668215	0	None	None
ChainingRodShaped	18802	2.64584	0.5	-66.6123	75.3726	0	0.404346	0.914606	0	None	None
ChainingRodShaped	18804	2.44765	0.5	72.9596	-48.5183	0	0.515145	-0.857103	0	None	None
ChainingRodShaped	18806	2.41101	0.5	102.075	75.3376	0	-0.200633	0.979667	0	None	None
ChainingRodShaped	18808	2.62257	0.5	56.0172	-43.9251	0	0.690628	0.72321	0	None	None
ChainingRodShaped	18810	2.62639	0.5	-13.6902	67.0398	0	-0.825057	0.56505	0	None	None
ChainingRodShaped	18812	2.4454	0.5	-20.6249	-17.3352	0	-0.646492	-0.762921	0	None	None
ChainingRodShaped	18814	2.63217	0.5	15.1381	-36.1178	0	-0.219162	0.975689	0	None	None
ChainingRodShaped	18816	2.76264	0.5	-7.14065	21.4531	0	0.50733	-0.861752	0	None	None
ChainingRodShaped	18818	2.64923	0.5	-14.9214	109.96	0	-0.250459	-0.968127	0	None	None
ChainingRodShaped	18820	2.63722	0.5	38.4374	76.6054	0	0.938225	0.346027	0	None	None
ChainingRodShaped	18822	2.31473	0.5	4.31348	-2.67399	0	0.347747	-0.937588	0	None	None
ChainingRodShaped	18824	2.43112	0.5	18.4458	5.93432	0	0.350865	-0.936426	0	None	None
ChainingRodShaped	18826	2.51663	0.5	62.7826	-59.8048	0	0.0933096	-0.995637	0	None	None
ChainingRodShaped	18828	2.37973	0.5	23.9646	37.4449	0	0.0155393	-0.999879	0	None	None
ChainingRodShaped	18830	2.68473	0.5	10.6008	-43.0559	0	0.207054	-0.978329	0	None	None
ChainingRodShaped	18832	2.64161	0.5	-30.4875	8.34632	0	-0.837293	-0.546755	0	None	None
ChainingRodShaped	18834	2.34166	0.5	-10.049	121.371	0	-0.135139	-0.990827	0	None	None
ChainingRodShaped	18836	2.35027	0.5	-41.4408	21.097	0	0.429505	0.903064	0	None	None
ChainingRodShaped	18838	2.49536	0.5	2.77276	63.8615	0	-0.645041	-0.764148	0	None	None
ChainingRodShaped	18840	2.26022	0.5	-65.4852	92.9741	0	0.874223	0.485524	0	None	None
ChainingRodShaped	18842	2.47932	0.5	-10.909	14.8914	0	-0.463429	-0.886134	0	None	None
ChainingRodShaped	18844	2.55859	0.5	15.6095	2.09718	0	0.987302	-0.158853	0	None	None
ChainingRodShaped	18846	2.26607	0.5	-22.2867	38.5319	0	0.885348	-0.464928	0	None	None
ChainingRodShaped	18848	2.6945	0.5	-59.7349	43.2082	0	0.945713	0.325002	0	None	None
ChainingRodShaped	18850	2.51165	0.5	80.3578	-13.3091	0	0.247691	0.968839	0	None	None
ChainingRodShaped	18852	2.59621	0.5	-29.4881	-46.8332	0	0.999634	-0.0270362	0	None	None
ChainingRodShaped	18854	2.28118	0.5	-6.66427	65.7832	0	-0.836524	0.547931	0	None	None
ChainingRodShaped	18856	2.5267	0.5	51.8286	-60.3734	0	0.999117	0.0420096	0	None	None
ChainingRodShaped	18858	2.33914	0.5	0.684688	70.7366	0	0.89244	-0.451165	0	None	None
ChainingRodShaped	18860	2.32662	0.5	-4.49605	54.5696	0	0.958087	-0.286479	0	None	None
ChainingRodShaped	18862	2.46823	0.5	-19.6184	-30.2424	0	0.54431	0.838884	0	None	None
ChainingRodShaped	18864	2.73462	0.5	56.7853	-18.2536	0	-0.443279	-0.896384	0	None	None
ChainingRodShaped	18866	2.59964	0.5	62.2014	-7.9933	0	0.15094	0.988543	0	None	None
ChainingRodShaped	18868	2.49757	0.5	4.30321	102.456	0	-0.819668	-0.572838	0	None	None
ChainingRodShaped	18870	2.49674	0.5	-41.5916	-24.3286	0	-0.885614	-0.464421	0	None	None
ChainingRodShaped	18872	2.73912	0.5	-5.38473	57.5594	0	0.95084	-0.309683	0	None	None
ChainingRodShaped	18874	2.7275	0.5	-66.4761	60.4561	0	0.866404	-0.499343	0	None	None
ChainingRodShaped	18876	2.45414	0.5	50.5819	-41.1512	0	-0.983658	-0.180046	0	None	None
ChainingRodShaped	18878	2.29097	0.5	-47.3111	94.248	0	0.51663	0.856209	0	None	None
ChainingRodShaped	18880	2.73755	0.5	70.9881	-59.4599	0	0.798031	0.602617	0	None	None
ChainingRodShaped	18882	2.59683	0.5	37.9974	-42.5933	0	0.987682	0.156477	0	None	None
ChainingRodShaped	18884	2.35543	0.5	43.023	126.576	0	0.737849	-0.674966	0	None	None
ChainingRodShaped	18886	2.50779	0.5	43.8003	64.5645	0	-0.140395	-0.990096	0	None	None
ChainingRodShaped	18888	2.51724	0.5	78.3943	26.5083	0	0.865792	-0.500404	0	None	None
ChainingRodShaped	18890	2.46116	0.5	80.4052	9.24505	0	0.999995	-0.0030364	0	None	None
ChainingRodShaped	18892	2.52171	0.5	31.9047	37.2145	0	0.0710513	-0.997473	0	None	None
ChainingRodShaped	18894	2.31962	0.5	71.356	-53.1046	0	0.240374	0.97068	0	None	None
ChainingRodShaped	18896	2.62914	0.5	24.6003	118.076	0	0.305105	-0.952319	0	None	None
ChainingRodShaped	18898	2.60694	0.5	45.7949	19.5163	0	-0.287762	0.957702	0	None	None
ChainingRodShaped	18900	2.44198	0.5	-29.6242	78.8979	0	-0.397725	-0.917505	0	None	None
ChainingRodShaped	18902	2.5768	0.5	-47.7627	47.1048	0	0.391082	0.920356	0	None	None
ChainingRodShaped	18904	2.46919	0.5	-56.878	86.6825	0	0.730604	0.682801	0	None	None
ChainingRodShaped	18906	2.52903	0.5	44.0114	-42.0298	0	0.991797	-0.12782	0	None	None
ChainingRodShaped	18908	2.48315	0.5	63.5001	-47.8886	0	-0.0792178	-0.996857	0	None	None
ChainingRodShaped	18910	2.29112	0.5	-3.24353	-31.6473	0	0.404128	-0.914702	0	None	None
ChainingRodShaped	18912	2.28293	0.5	-43.9446	89.1194	0	0.169416	0.985545	0	None	None
ChainingRodShaped	18914	2.63846	0.5	38.4341	14.0441	0	0.711561	0.702624	0	None	None
ChainingRodShaped	18916	2.30055	0.5	-64.7517	-9.72412	0	0.849842	-0.527037	0	None	None
ChainingRodShaped	18918	2.56008	0.5	108.371	-5.76315	0	0.899242	0.437452	0	None	None
ChainingRodShaped	18920	2.27716	0.5	111.672	12.3739	0	-0.615785	0.787914	0	None	None
ChainingRodShaped	18922	2.56298	0.5	-34.8913	67.9462	0	-0.350123	-0.936704	0	None	None
ChainingRodShaped	18924	2.25834	0.5	-24.0452	-46.5975	0	0.863082	0.505064	0	None	None
ChainingRodShaped	18926	2.32972	0.5	71.8001	-38.4284	0	0.26371	-0.964602	0	None	None
ChainingRodShaped	18928	2.4207	0.5	-0.912625	17.8837	0	-0.698283	-0.715821	0	None	None
ChainingRodShaped	18930	2.59021	0.5	31.4029	121.192	0	0.609181	0.793031	0	None	None
ChainingRodShaped	18932	2.6693	0.5	14.3032	86.1715	0	0.93978	0.341781	0	None	None
ChainingRodShaped	18934	2.62036	0.5	102.984	44.7566	0	0.885381	0.464867	0	None	None
ChainingRodShaped	18936	2.40487	0.5	2.47545	25.5915	0	0.128722	-0.991681	0	None	None
ChainingRodShaped	18938	2.33629	0.5	-64.7729	40.6747	0	0.956421	0.291992	0	None	None
ChainingRodShaped	18940	2.24999	0.5	27.7469	-29.8024	0	-0.963458	-0.267861	0	None	None
ChainingRodShaped	18942	2.55364	0.5	57.1456	0.0124277	0	-0.923973	-0.382457	0	None	None
ChainingRodShaped	18944	2.68696	0.5	35.28	86.5536	0	0.991116	0.133004	0	None	None
ChainingRodShaped	18946	2.44641	0.5	7.6737	-60.7689	0	-0.832051	0.5547	0	None	None
ChainingRodShaped	18948	2.53839	0.5	54.221	-24.6562	0	-0.441193	-0.897412	0	None	None
ChainingRodShaped	18950	2.51468	0.5	58.1128	-10.3424	0	0.00100644	-0.999999	0	None	None
ChainingRodShaped	18952	2.29409	0.5	-64.9426	63.6149	0	-0.0712987	0.997455	0	None	None
ChainingRodShaped	18954	2.69324	0.5	2.29568	46.1719	0	0.760241	0.649641	0	None	None
ChainingRodShaped	18956	2.5474	0.5	-96.9829	36.2327	0	-0.0805666	0.996749	0	None	None
ChainingRodShaped	18958	2.51492	0.5	82.5156	-33.0043	0	-0.582301	0.812973	0	None	None
ChainingRodShaped	18960	2.39088	0.5	91.1783	-19.8205	0	0.589928	0.807456	0	None	None
ChainingRodShaped	18962	2.26189	0.5	-92.4683	31.4773	0	-0.339897	0.940463	0	None	None
ChainingRodShaped	18964	2.32434	0.5	-41.8411	-2.005	0	0.575692	-0.817667	0	None	None
ChainingRodShaped	18966	2.72093	0.5	58.8725	-47.2302	0	0.601596	0.798801	0	None	None
ChainingRodShaped	18968	2.44777	0.5	41.9875	-58.0421	0	0.71024	0.70396	0	None	None
ChainingRodShaped	18970	2.7186	0.5	67.7854	85.8726	0	0.107601	0.994194	0	None	None
ChainingRodShaped	18972	2.34276	0.5	-32.9988	66.8148	0	-0.114477	-0.993426	0	None	None
ChainingRodShaped	18974	2.53984	0.5	-34.9183	54.6094	0	0.955963	-0.293487	0	None	None
ChainingRodShaped	18976	2.30627	0.5	73.2431	91.4148	0	0.485709	-0.87412	0	None	None
ChainingRodShaped	18978	2.67778	0.5	28.9088	43.6856	0	0.566396	-0.824133	0	None	None
ChainingRodShaped	18980	2.50457	0.5	-19.3933	18.9277	0	0.894615	-0.446839	0	None	None
ChainingRodShaped	18982	2.39158	0.5	-38.9623	27.7979	0	0.941057	0.338248	0	None	None
ChainingRodShaped	18984	2.69835	0.5	-42.1567	63.6025	0	0.191184	-0.981554	0	None	None
ChainingRodShaped	18986	2.3752	0.5	49.4404	76.3098	0	-0.165482	-0.986213	0	None	None
ChainingRodShaped	18988	2.36407	0.5	-51.9523	5.36667	0	-0.165414	0.986224	0	None	None
ChainingRodShaped	18990	2.66733	0.5	-53.9062	67.3541	0	-0.538891	-0.842376	0	None	None
ChainingRodShaped	18992	2.52093	0.5	-9.94462	37.883	0	0.497941	0.867211	0	None	None
ChainingRodShaped	18994	2.56825	0.5	-7.40459	-33.4496	0	-0.371924	0.928263	0	None	None
ChainingRodShaped	18996	2.49587	0.5	29.8849	44.5692	0	0.582211	-0.813038	0	None	None
ChainingRodShaped	18998	2.26749	0.5	-50.0661	38.9619	0	-0.858003	-0.513645	0	None	None
ChainingRodShaped	19000	2.5936	0.5	-24.0231	74.6058	0	-0.363144	-0.931733	0	None	None
ChainingRodShaped	19002	2.2635	0.5	100.794	16.2818	0	-0.334456	0.942412	0	None	None
ChainingRodShaped	19004	2.68339	0.5	-43.8329	16.5439	0	-0.54864	0.836059	0	None	None
ChainingRodShaped	19006	2.43449	0.5	27.6869	29.0661	0	-0.0246349	0.999697	0	None	None
ChainingRodShaped	19008	2.59548	0.5	2.43667	11.3517	0	0.983924	0.178586	0	None	None
ChainingRodShaped	19010	2.58441	0.5	106.528	63.7477	0	0.746283	-0.665629	0	None	None
ChainingRodShaped	19012	2.41724	0.5	16.6394	-21.6747	0	-0.997774	-0.0666934	0	None	None
ChainingRodShaped	19014	2.24368	0.5	-19.0375	-51.3063	0	-0.156644	-0.987655	0	None	None
ChainingRodShaped	19016	2.4474	0.5	30.2493	-45.381	0	0.89454	-0.446989	0	None	None
ChainingRodShaped	19018	2.29314	0.5	-83.8609	6.18288	0	-0.871269	0.490806	0	None	None
ChainingRodShaped	19020	2.55302	0.5	-20.2182	-8.89344	0	-0.746123	-0.665808	0	None	None
ChainingRodShaped	19022	2.63755	0.5	2.59616	-74.6848	0	-0.656703	0.754149	0	None	None
ChainingRodShaped	19024	2.43157	0.5	54.2507	-44.4039	0	0.697821	0.716273	0	None	None
ChainingRodShaped	19026	2.30283	0.5	-19.249	85.2076	0	-0.0336416	0.999434	0	None	None
ChainingRodShaped	19028	2.31925	0.5	0.149179	70.1554	0	0.894578	-0.446913	0	None	None
ChainingRodShaped	19030	2.61912	0.5	22.3008	-68.6965	0	0.997698	0.0678181	0	None	None
ChainingRodShaped	19032	2.6309	0.5	-69.4718	71.5417	0	0.476351	0.879255	0	None	None
ChainingRodShaped	19034	2.39688	0.5	63.116	107.069	0	-0.258949	-0.965891	0	None	None
ChainingRodShaped	19036	2.43315	0.5	3.07584	78.613	0	0.880275	-0.474465	0	None	None
ChainingRodShaped	19038	2.52965	0.5	-33.5459	124.652	0	0.773435	-0.633876	0	None	None
ChainingRodShaped	19040	2.26588	0.5	-81.8638	65.8058	0	-0.963419	0.267998	0	None	None
ChainingRodShaped	19042	2.65685	0.5	-4.81139	-25.8978	0	0.51438	-0.857563	0	None	None
ChainingRodShaped	19044	2.32796	0.5	7.29794	-20.9822	0	-0.997924	0.064404	0	None	None
ChainingRodShaped	19046	2.4527	0.5	-44.688	-23.2405	0	0.849654	0.52734	0	None	None
ChainingRodShaped	19048	2.46365	0.5	-54.295	-26.2674	0	-0.62559	-0.780152	0	None	None
ChainingRodShaped	19050	2.36456	0.5	90.996	45.4265	0	-0.734671	-0.678424	0	None	None
ChainingRodShaped	19052	2.64251	0.5	-15.6949	77.0272	0	-0.843639	0.53691	0	None	None
ChainingRodShaped	19054	2.54416	0.5	103.222	33.5175	0	0.997399	0.0720791	0	None	None
ChainingRodShaped	19056	2.59187	0.5	19.5363	-11.8873	0	0.955606	-0.294647	0	None	None
ChainingRodShaped	19058	2.50306	0.5	-43.5663	-61.0469	0	-0.948337	-0.317264	0	None	None
ChainingRodShaped	19060	2.38193	0.5	51.8552	54.5993	0	0.966248	0.257612	0	None	None
ChainingRodShaped	19062	2.49747	0.5	86.4296	-26.9365	0	0.526927	-0.849911	0	None	None
ChainingRodShaped	19064	2.33659	0.5	-21.9366	80.2941	0	-0.820841	0.571157	0	None	None
ChainingRodShaped	19066	2.54225	0.5	12.9217	-6.93408	0	0.43021	-0.902729	0	None	None
ChainingRodShaped	19068	2.51539	0.5	81.97	-16.1378	0	0.158254	-0.987398	0	None	None
ChainingRodShaped	19070	2.26203	0.5	-5.31686	-48.1501	0	-0.947194	0.32066	0	None	None
ChainingRodShaped	19072	2.46537	0.5	27.2259	107.718	0	-0.19909	-0.979981	0	None	None
ChainingRodShaped	19074	2.30329	0.5	5.2206	16.0643	0	0.991532	0.129864	0	None	None
ChainingRodShaped	19076	2.46604	0.5	-54.4907	5.92208	0	0.170415	-0.985372	0	None	None
ChainingRodShaped	19078	2.42876	0.5	-7.09733	-64.0795	0	0.170918	0.985285	0	None	None
ChainingRodShaped	19080	2.50828	0.5	-2.39788	102.989	0	0.980822	0.194906	0	None	None
ChainingRodShaped	19082	2.654	0.5	0.0364668	93.9267	0	-0.700632	-0.713522	0	None	None
ChainingRodShaped	19084	2.39946	0.5	57.7695	4.97719	0	0.931471	0.363816	0	None	None
ChainingRodShaped	19086	2.48592	0.5	21.9302	49.0674	0	-0.528557	-0.848898	0	None	None
ChainingRodShaped	19088	2.42595	0.5	-2.93091	51.0519	0	0.954259	-0.29898	0	None	None
ChainingRodShaped	19090	2.48193	0.5	11.239	106.273	0	-0.872564	-0.488499	0	None	None
ChainingRodShaped	19092	2.5121	0.5	-33.0613	-5.79401	0	-0.14031	-0.990108	0	None	None
ChainingRodShaped	19094	2.39202	0.5	-11.1966	28.9891	0	0.873174	-0.487408	0	None	None
ChainingRodShaped	19096	2.40187	0.5	16.7387	-45.0279	0	0.427329	-0.904096	0	None	None
ChainingRodShaped	19098	2.53265	0.5	73.6393	45.7877	0	-0.999919	-0.0127579	0	None	None
ChainingRodShaped	19100	2.38874	0.5	-53.8842	56.9497	0	-0.0142984	-0.999898	0	None	None
ChainingRodShaped	19102	2.64538	0.5	89.8723	71.092	0	0.976812	-0.214101	0	None	None
ChainingRodShaped	19104	2.27759	0.5	51.5736	-29.1197	0	0.352783	-0.935705	0	None	None
ChainingRodShaped	19106	2.37361	0.5	-0.663302	-9.79641	0	-0.496084	0.868274	0	None	None
ChainingRodShaped	19108	2.64968	0.5	23.745	-18.8143	0	0.478424	-0.878129	0	None	None
ChainingRodShaped	19110	2.64398	0.5	-5.93562	26.1053	0	0.511332	-0.859383	0	None	None
ChainingRodShaped	19112	2.24262	0.5	-53.8542	-31.2153	0	0.63098	0.775799	0	None	None
ChainingRodShaped	19114	2.42523	0.5	12.7181	-42.0816	0	0.225149	-0.974324	0	None	None
ChainingRodShaped	19116	2.24985	0.5	-15.1201	-34.9159	0	-0.760504	-0.649334	0	None	None
ChainingRodShaped	19118	2.55274	0.5	52.7635	100.425	0	-0.0427456	-0.999086	0	None	None
ChainingRodShaped	19120	2.50481	0.5	-80.2837	44.0639	0	-0.107434	-0.994212	0	None	None
ChainingRodShaped	19122	2.4245	0.5	43.6526	101.964	0	0.960123	0.279579	0	None	None
ChainingRodShaped	19124	2.42384	0.5	-40.8353	51.0697	0	-0.213308	0.976985	0	None	None
ChainingRodShaped	19126	2.59951	0.5	-59.007	-27.3155	0	-0.782582	0.622547	0	None	None
ChainingRodShaped	19128	2.41174	0.5	-16.7585	95.599	0	0.960177	0.279392	0	None	None
ChainingRodShaped	19130	2.28722	0.5	-0.939368	-23.7901	0	-0.481357	0.876525	0	None	None
ChainingRodShaped	19132	2.35597	0.5	-22.9934	5.31452	0	0.0901063	-0.995932	0	None	None
ChainingRodShaped	19134	2.4735	0.5	-51.6295	-42.4988	0	0.599889	0.800083	0	None	None
ChainingRodShaped	19136	2.22626	0.5	4.0872	133.793	0	0.662801	-0.748795	0	None	None
ChainingRodShaped	19138	2.64913	0.5	103.232	74.4858	0	-0.190828	0.981623	0	None	None
ChainingRodShaped	19140	2.3207	0.5	-32.6935	9.55409	0	-0.845878	-0.533376	0	None	None
ChainingRodShaped	19142	2.61225	0.5	96.9307	84.6017	0	0.476518	-0.879165	0	None	None
ChainingRodShaped	19144	2.48456	0.5	-7.03008	45.6855	0	0.668908	-0.743345	0	None	None
ChainingRodShaped	19146	2.61063	0.5	59.1013	73.316	0	-0.647648	-0.76194	0	None	None
ChainingRodShaped	19148	2.44907	0.5	80.7332	-1.72837	0	-0.99972	-0.023646	0	None	None
ChainingRodShaped	19150	2.64484	0.5	91.7221	89.3212	0	0.999408	0.0344035	0	None	None
ChainingRodShaped	19152	2.48797	0.5	78.1248	28.9852	0	0.772186	-0.635397	0	None	None
ChainingRodShaped	19154	2.28038	0.5	-20.2489	-17.8817	0	-0.653982	-0.75651	0	None	None
ChainingRodShaped	19156	2.34557	0.5	-0.847077	-56.5147	0	0.512028	-0.858969	0	None	None
ChainingRodShaped	19158	2.36619	0.5	69.0521	75.1262	0	0.0172592	0.999851	0	None	None
ChainingRodShaped	19160	2.40794	0.5	-24.597	54.4721	0	0.724292	-0.689493	0	None	None
ChainingRodShaped	19162	2.38074	0.5	58.8006	45.3098	0	-0.965452	-0.26058	0	None	None
ChainingRodShaped	19164	2.60479	0.5	77.973	86.5258	0	0.501161	-0.865354	0	None	None
ChainingRodShaped	19166	2.25828	0.5	75.5467	37.7807	0	-0.994312	0.106507	0	None	None
ChainingRodShaped	19168	2.56984	0.5	35.4611	63.2251	0	-0.79428	0.607552	0	None	None
ChainingRodShaped	19170	2.53688	0.5	44.0948	11.3971	0	-0.696591	-0.717469	0	None	None
ChainingRodShaped	19172	2.4557	0.5	5.54655	-34.4839	0	0.472479	-0.881342	0	None	None
ChainingRodShaped	19174	2.36385	0.5	-21.0566	65.8342	0	0.831772	-0.555118	0	None	None
ChainingRodShaped	19176	2.53902	0.5	71.0166	48.6484	0	0.894346	0.447375	0	None	None
ChainingRodShaped	19178	2.46145	0.5	-69.6628	-38.4928	0	0.354152	-0.935188	0	None	None
ChainingRodShaped	19180	2.62553	0.5	-82.3996	-8.52994	0	-0.952379	-0.304916	0	None	None
ChainingRodShaped	19182	2.59438	0.5	20.7857	93.6304	0	-0.971197	-0.238278	0	None	None
ChainingRodShaped	19184	2.32788	0.5	-33.9614	46.626	0	0.414657	-0.909978	0	None	None
ChainingRodShaped	19186	2.62278	0.5	46.9189	-64.0281	0	0.797865	0.602836	0	None	None
ChainingRodShaped	19188	2.54009	0.5	-31.7405	110.625	0	-0.999526	-0.0307714	0	None	None
ChainingRodShaped	19190	2.44509	0.5	40.2002	6.05449	0	-0.499016	-0.866593	0	None	None
ChainingRodShaped	19192	2.50555	0.5	34.656	13.9625	0	-0.738857	-0.673862	0	None	None
ChainingRodShaped	19194	2.50652	0.5	4.53245	73.9853	0	0.951361	-0.308078	0	None	None
ChainingRodShaped	19196	2.27685	0.5	5.07401	100.761	0	-0.638697	-0.769458	0	None	None
ChainingRodShaped	19198	2.21936	0.5	109.082	48.9609	0	-0.978896	-0.20436	0	None	None
ChainingRodShaped	19200	2.35674	0.5	33.6376	61.9923	0	-0.708749	-0.705461	0	None	None
ChainingRodShaped	19202	2.42195	0.5	-53.1847	43.8646	0	0.967167	0.254143	0	None	None
ChainingRodShaped	19204	2.43482	0.5	97.1718	11.9065	0	0.548748	-0.835988	0	None	None
ChainingRodShaped	19206	2.56548	0.5	-68.0879	86.2695	0	0.742664	0.669664	0	None	None
ChainingRodShaped	19208	2.54722	0.5	4.1474	62.376	0	-0.667315	-0.744776	0	None	None
ChainingRodShaped	19210	2.45903	0.5	31.2038	-44.0881	0	0.899212	-0.437513	0	None	None
ChainingRodShaped	19212	2.22242	0.5	-36.2655	18.6261	0	-0.489225	0.872157	0	None	None
ChainingRodShaped	19214	2.43542	0.5	50.6087	-46.8255	0	0.991308	0.131562	0	None	None
ChainingRodShaped	19216	2.39299	0.5	41.1893	43.3311	0	0.887914	0.460009	0	None	None
ChainingRodShaped	19218	2.38108	0.5	2.53253	18.8705	0	-0.575693	-0.817666	0	None	None
ChainingRodShaped	19220	2.56299	0.5	23.444	130.674	0	0.615034	-0.788501	0	None	None
ChainingRodShaped	19222	2.35033	0.5	62.8204	-18.7074	0	0.511855	0.859072	0	None	None
ChainingRodShaped	19224	2.42018	0.5	31.2219	82.4208	0	0.99143	0.130636	0	None	None
ChainingRodShaped	19226	2.54846	0.5	2.87836	108.95	0	0.529973	0.848015	0	None	None
ChainingRodShaped	19228	2.52423	0.5	-23.4009	-6.25524	0	-0.326292	0.945269	0	None	None
ChainingRodShaped	19230	2.27772	0.5	94.2703	34.9281	0	0.999941	0.0108462	0	None	None
ChainingRodShaped	19232	2.30279	0.5	86.1351	40.0694	0	-0.781181	-0.624304	0	None	None
ChainingRodShaped	19234	2.38714	0.5	-81.9621	76.437	0	0.63877	0.769398	0	None	None
ChainingRodShaped	19236	2.58525	0.5	-33.3724	5.1927	0	-0.59934	-0.800494	0	None	None
ChainingRodShaped	19238	2.22155	0.5	26.3331	-18.8657	0	0.474346	-0.880339	0	None	None
ChainingRodShaped	19240	2.43319	0.5	-56.31	68.1202	0	0.493998	0.869463	0	None	None
ChainingRodShaped	19242	2.53142	0.5	-65.8736	-46.6315	0	-0.277296	-0.960785	0	None	None
ChainingRodShaped	19244	2.23928	0.5	-20.7552	-38.7413	0	0.503487	0.864003	0	None	None
ChainingRodShaped	19246	2.29166	0.5	-62.2509	-28.1897	0	-0.757899	0.652372	0	None	None
ChainingRodShaped	19248	2.49078	0.5	37.4837	56.4298	0	-0.416286	-0.909234	0	None	None
ChainingRodShaped	19250	2.32349	0.5	-5.71409	38.853	0	0.79453	-0.607225	0	None	None
ChainingRodShaped	19252	2.55742	0.5	27.7863	-0.91637	0	0.963153	0.268956	0	None	None
ChainingRodShaped	19254	2.22968	0.5	-72.2674	48.8363	0	0.908736	-0.417372	0	None	None
ChainingRodShaped	19256	2.61566	0.5	20.6526	86.5111	0	0.997884	0.0650246	0	None	None
ChainingRodShaped	19258	2.32336	0.5	-40.6475	31.8413	0	0.943718	0.33075	0	None	None
ChainingRodShaped	19260	2.34967	0.5	8.22138	114.077	0	-0.559496	-0.828833	0	None	None
ChainingRodShaped	19262	2.50899	0.5	62.0241	-4.86399	0	-0.233163	-0.972438	0	None	None
ChainingRodShaped	19264	2.33864	0.5	39.2289	67.4683	0	-0.258288	-0.966068	0	None	None
ChainingRodShaped	19266	2.35116	0.5	-82.2491	51.6194	0	0.90548	-0.42439	0	None	None
ChainingRodShaped	19268	2.45546	0.5	27.7848	98.6361	0	0.206505	-0.978445	0	None	None
ChainingRodShaped	19270	2.56911	0.5	57.9809	107.952	0	-0.294575	-0.955628	0	None	None
ChainingRodShaped	19272	2.23036	0.5	110.345	52.7879	0	-0.921748	0.387789	0	None	None
ChainingRodShaped	19274	2.27857	0.5	61.6489	-64.729	0	-0.110328	-0.993895	0	None	None
ChainingRodShaped	19276	2.36939	0.5	95.0167	62.0637	0	-0.41443	-0.910081	0	None	None
ChainingRodShaped	19278	2.43796	0.5	-35.3788	9.67834	0	0.829816	0.558036	0	None	None
ChainingRodShaped	19280	2.23157	0.5	24.109	-10.373	0	0.819719	-0.572765	0	None	None
ChainingRodShaped	19282	2.44028	0.5	-62.0724	34.8181	0	0.653985	0.756508	0	None	None
ChainingRodShaped	19284	2.49021	0.5	-43.8299	47.6737	0	-0.285895	0.958261	0	None	None
ChainingRodShaped	19286	2.58844	0.5	-36.0256	26.0262	0	0.935658	0.352907	0	None	None
ChainingRodShaped	19288	2.33594	0.5	-6.36445	-52.964	0	0.762531	-0.646952	0	None	None
ChainingRodShaped	19290	2.2076	0.5	60.2753	52.8331	0	0.972712	0.232017	0	None	None
ChainingRodShaped	19292	2.39795	0.5	25.2058	55.6469	0	0.771658	0.636038	0	None	None
ChainingRodShaped	19294	2.22535	0.5	-74.4363	-14.9277	0	-0.529857	0.848087	0	None	None
ChainingRodShaped	19296	2.4132	0.5	88.3288	-6.23692	0	-0.519116	-0.854704	0	None	None
ChainingRodShaped	19298	2.56369	0.5	26.4241	50.3888	0	0.862537	0.505994	0	None	None
ChainingRodShaped	19300	2.42406	0.5	52.2306	88.6725	0	0.327636	-0.944804	0	None	None
ChainingRodShaped	19302	2.37141	0.5	51.8124	72.4758	0	-0.204582	-0.978849	0	None	None
ChainingRodShaped	19304	2.41565	0.5	-9.10362	32.4213	0	-0.825604	-0.564249	0	None	None
ChainingRodShaped	19306	2.27827	0.5	-72.2254	-6.15519	0	0.546099	-0.837721	0	None	None
ChainingRodShaped	19308	2.40572	0.5	-71.2271	39.6797	0	0.997508	0.0705479	0	None	None
ChainingRodShaped	19310	2.38731	0.5	-57.7504	17.0729	0	0.988123	-0.153663	0	None	None
ChainingRodShaped	19312	2.50188	0.5	73.1605	-54.6102	0	0.788441	-0.61511	0	None	None
ChainingRodShaped	19314	2.57521	0.5	91.6834	38.1664	0	-0.976831	-0.214012	0	None	None
ChainingRodShaped	19316	2.47706	0.5	-1.30648	-51.9274	0	-0.694573	0.719423	0	None	None
ChainingRodShaped	19318	2.42207	0.5	59.4808	-38.0045	0	0.415595	0.90955	0	None	None
ChainingRodShaped	19320	2.4984	0.5	0.44009	24.88	0	0.158634	-0.987338	0	None	None
ChainingRodShaped	19322	2.40572	0.5	-18.8434	52.7055	0	0.681273	-0.732029	0	None	None
ChainingRodShaped	19324	2.32511	0.5	-32.9106	-23.6853	0	-0.329869	0.944027	0	None	None
ChainingRodShaped	19326	2.56887	0.5	58.7713	-54.3532	0	0.508918	0.860815	0	None	None
ChainingRodShaped	19328	2.51564	0.5	-18.5828	89.7605	0	0.166067	-0.986114	0	None	None
ChainingRodShaped	19330	2.33798	0.5	57.1855	51.377	0	0.971279	0.237942	0	None	None
ChainingRodShaped	19332	2.19802	0.5	-50.0004	-49.7508	0	0.907918	0.419149	0	None	None
ChainingRodShaped	19334	2.25317	0.5	67.6824	-3.24707	0	-0.989481	0.14466	0	None	None
ChainingRodShaped	19336	2.51766	0.5	53.5178	-24.1543	0	-0.450118	-0.892969	0	None	None
ChainingRodShaped	19338	2.42096	0.5	-51.0204	-1.21365	0	-0.081526	0.996671	0	None	None
ChainingRodShaped	19340	2.55227	0.5	62.2186	63.687	0	0.261212	-0.965281	0	None	None
ChainingRodShaped	19342	2.33496	0.5	-34.7397	55.2555	0	0.958829	-0.283984	0	None	None
ChainingRodShaped	19344	2.34666	0.5	-7.43642	93.9776	0	-0.817888	-0.575378	0	None	None
ChainingRodShaped	19346	2.48015	0.5	-48.8726	80.2926	0	-0.737714	-0.675113	0	None	None
ChainingRodShaped	19348	2.48682	0.5	-15.9647	126.331	0	0.999838	0.0180143	0	None	None
ChainingRodShaped	19350	2.36654	0.5	84.0289	-17.037	0	0.0230176	-0.999735	0	None	None
ChainingRodShaped	19352	2.54979	0.5	17.7131	72.7826	0	0.992335	-0.123577	0	None	None
ChainingRodShaped	19354	2.30857	0.5	-41.3093	125.632	0	0.453795	0.891106	0	None	None
ChainingRodShaped	19356	2.44381	0.5	63.6614	-59.4498	0	0.103231	-0.994657	0	None	None
ChainingRodShaped	19358	2.2682	0.5	16.6186	-77.7599	0	0.977581	0.210559	0	None	None
ChainingRodShaped	19360	2.2381	0.5	71.7831	7.4195	0	0.998718	0.0506189	0	None	None
ChainingRodShaped	19362	2.38419	0.5	78.1173	6.31052	0	0.982032	-0.188715	0	None	None
ChainingRodShaped	19364	2.5773	0.5	26.2034	119.116	0	0.297077	-0.954853	0	None	None
ChainingRodShaped	19366	2.45353	0.5	46.6506	43.6998	0	0.9054	0.424559	0	None	None
ChainingRodShaped	19368	2.2751	0.5	24.9389	101.566	0	-0.423795	-0.905758	0	None	None
ChainingRodShaped	19370	2.31301	0.5	-3.87136	-74.4992	0	0.042069	0.999115	0	None	None
ChainingRodShaped	19372	2.29908	0.5	80.7535	36.9198	0	-0.968377	-0.249492	0	None	None
ChainingRodShaped	19374	2.57136	0.5	31.8325	-0.870617	0	-0.810492	-0.58575	0	None	None
ChainingRodShaped	19376	2.40731	0.5	-16.6427	-32.7699	0	0.677225	0.735776	0	None	None
ChainingRodShaped	19378	2.42512	0.5	85.1544	23.8921	0	0.186992	0.982361	0	None	None
ChainingRodShaped	19380	2.36318	0.5	54.7433	-62.9678	0	0.761218	0.648496	0	None	None
ChainingRodShaped	19382	2.27773	0.5	-45.8508	110.2	0	-0.951234	0.30847	0	None	None
ChainingRodShaped	19384	2.45749	0.5	29.2318	65.6941	0	0.678605	0.734503	0	None	None
ChainingRodShaped	19386	2.38673	0.5	65.8902	-42.1291	0	-0.337093	-0.941471	0	None	None
ChainingRodShaped	19388	2.30982	0.5	49.3185	-49.9404	0	0.999145	-0.0413459	0	None	None
ChainingRodShaped	19390	2.25236	0.5	30.8806	50.809	0	-0.390497	-0.920604	0	None	None
ChainingRodShaped	19392	2.5335	0.5	-15.5154	-44.5004	0	-0.156403	-0.987693	0	None	None
ChainingRodShaped	19394	2.27462	0.5	52.6383	66.1945	0	0.372728	-0.927941	0	None	None
ChainingRodShaped	19396	2.21883	0.5	-19.5279	31.1162	0	0.715305	-0.698813	0	None	None
ChainingRodShaped	19398	2.21638	0.5	37.3076	-22.6587	0	-0.078703	-0.996898	0	None	None
ChainingRodShaped	19400	2.49608	0.5	-61.3766	72.435	0	0.378925	0.925427	0	None	None
ChainingRodShaped	19402	2.47578	0.5	60.941	-3.11432	0	-0.245462	-0.969406	0	None	None
ChainingRodShaped	19404	2.2424	0.5	-58.2279	32.9779	0	-0.760683	-0.649123	0	None	None
ChainingRodShaped	19406	2.44524	0.5	-7.69432	-18.7455	0	0.699589	-0.714546	0	None	None
ChainingRodShaped	19408	2.26099	0.5	-92.4244	54.009	0	0.703229	0.710963	0	None	None
ChainingRodShaped	19410	2.24638	0.5	52.3833	21.6031	0	0.0970488	-0.99528	0	None	None
ChainingRodShaped	19412	2.28173	0.5	-83.3546	71.7096	0	-0.640689	0.767801	0	None	None
ChainingRodShaped	19414	2.28906	0.5	15.8962	-70.3266	0	0.9846	0.17482	0	None	None
ChainingRodShaped	19416	2.48337	0.5	29.7164	126.456	0	0.604588	0.796538	0	None	None
ChainingRodShaped	19418	2.45817	0.5	102.52	19.6898	0	0.278065	-0.960562	0	None	None
ChainingRodShaped	19420	2.45022	0.5	-57.1075	57.5309	0	0.0351347	-0.999383	0	None	None
ChainingRodShaped	19422	2.40656	0.5	27.4282	124.207	0	-0.271074	0.962559	0	None	None
ChainingRodShaped	19424	2.20257	0.5	106.78	13.9026	0	0.614372	-0.789016	0	None	None
ChainingRodShaped	19426	2.30127	0.5	-19.341	5.70073	0	0.0379197	-0.999281	0	None	None
ChainingRodShaped	19428	2.43913	0.5	34.0147	21.2325	0	0.967177	0.254102	0	None	None
ChainingRodShaped	19430	2.44773	0.5	24.2642	2.99634	0	0.947258	-0.320472	0	None	None
ChainingRodShaped	19432	2.30594	0.5	72.4576	53.8751	0	0.897414	0.441189	0	None	None
ChainingRodShaped	19434	2.36288	0.5	6.67703	54.2368	0	0.795086	0.606496	0	None	None
ChainingRodShaped	19436	2.18973	0.5	-47.5023	70.4187	0	0.657291	0.753637	0	None	None
ChainingRodShaped	19438	2.27013	0.5	-23.9959	54.9441	0	0.731037	-0.682338	0	None	None
ChainingRodShaped	19440	2.36875	0.5	-12.8373	120.751	0	-0.159611	-0.98718	0	None	None
ChainingRodShaped	19442	2.51287	0.5	78.8438	68.8069	0	-0.116715	0.993165	0	None	None
ChainingRodShaped	19444	2.51111	0.5	15.0381	21.8281	0	-0.99412	0.108288	0	None	None
ChainingRodShaped	19446	2.19072	0.5	37.4526	83.4052	0	0.96822	0.250102	0	None	None
ChainingRodShaped	19448	2.40657	0.5	-67.4954	-37.1268	0	-0.718256	0.695779	0	None	None
ChainingRodShaped	19450	2.22859	0.5	32.7923	128.832	0	0.646687	0.762755	0	None	None
ChainingRodShaped	19452	2.42163	0.5	-71.4832	36.3815	0	0.996661	0.0816465	0	None	None
ChainingRodShaped	19454	2.34144	0.5	11.1958	16.1969	0	-0.895554	0.444952	0	None	None
ChainingRodShaped	19456	2.44626	0.5	-73.1522	-30.4482	0	-0.648142	0.761519	0	None	None
ChainingRodShaped	19458	2.31048	0.5	-91.9161	3.08353	0	0.973372	-0.229232	0	None	None
ChainingRodShaped	19460	2.44586	0.5	35.3424	121.695	0	0.299679	-0.95404	0	None	None
ChainingRodShaped	19462	2.31564	0.5	19.3725	64.6458	0	0.924553	0.381053	0	None	None
ChainingRodShaped	19464	2.3703	0.5	-95.795	46.8854	0	0.77701	-0.629488	0	None	None
ChainingRodShaped	19466	2.28036	0.5	12.0264	35.3853	0	0.990118	-0.140236	0	None	None
ChainingRodShaped	19468	2.3407	0.5	79.6618	51.9223	0	-0.521966	-0.852966	0	None	None
ChainingRodShaped	19470	2.26387	0.5	20.1822	63.5156	0	0.932096	0.362212	0	None	None
ChainingRodShaped	19472	2.18608	0.5	38.6047	125.06	0	-0.286826	-0.957983	0	None	None
ChainingRodShaped	19474	2.26166	0.5	-41.0376	-51.3325	0	0.999833	0.0182888	0	None	None
ChainingRodShaped	19476	2.33173	0.5	58.5434	75.2177	0	-0.680136	-0.733086	0	None	None
ChainingRodShaped	19478	2.40834	0.5	38.3341	-33.7636	0	-0.950357	-0.311161	0	None	None
ChainingRodShaped	19480	2.5098	0.5	76.4545	52.1439	0	-0.895462	-0.445138	0	None	None
ChainingRodShaped	19482	2.22831	0.5	3.90102	-45.6381	0	0.520366	-0.853943	0	None	None
ChainingRodShaped	19484	2.41723	0.5	29.3398	79.7928	0	0.9912	0.132375	0	None	None
ChainingRodShaped	19486	2.49196	0.5	107.919	5.4756	0	-0.397448	0.917625	0	None	None
ChainingRodShaped	19488	2.23263	0.5	30.297	124.186	0	0.601239	0.799069	0	None	None
ChainingRodShaped	19490	2.43301	0.5	-0.717768	63.6665	0	-0.976597	0.215077	0	None	None
ChainingRodShaped	19492	2.25314	0.5	68.5189	92.3128	0	0.115632	0.993292	0	None	None
ChainingRodShaped	19494	2.31871	0.5	7.93496	0.341323	0	-0.0815865	-0.996666	0	None	None
ChainingRodShaped	19496	2.32729	0.5	43.8853	-29.2457	0	-0.145874	-0.989303	0	None	None
ChainingRodShaped	19498	2.2866	0.5	-12.5413	59.1035	0	0.552666	-0.833403	0	None	None
ChainingRodShaped	19500	2.29746	0.5	42.5259	-20.3773	0	-0.554781	-0.831996	0	None	None
ChainingRodShaped	19502	2.44563	0.5	-71.7527	80.0059	0	0.706107	-0.708105	0	None	None
ChainingRodShaped	19504	2.30378	0.5	78.4674	46.6562	0	-0.855023	-0.518591	0	None	None
ChainingRodShaped	19506	2.24778	0.5	-0.0464919	-56.232	0	0.520465	-0.853883	0	None	None
ChainingRodShaped	19508	2.17717	0.5	30.9987	63.3619	0	0.680222	0.733007	0	None	None
ChainingRodShaped	19510	2.49317	0.5	-17.6078	57.5636	0	0.807889	-0.589335	0	None	None
ChainingRodShaped	19512	2.21688	0.5	-1.22597	40.8167	0	0.654738	-0.755856	0	None	None
ChainingRodShaped	19514	2.39512	0.5	97.3112	-18.4328	0	0.934889	-0.35494	0	None	None
ChainingRodShaped	19516	2.41851	0.5	-58.9459	69.524	0	0.368691	0.929552	0	None	None
ChainingRodShaped	19518	2.30045	0.5	65.3288	3.9655	0	-0.975211	0.221278	0	None	None
ChainingRodShaped	19520	2.43568	0.5	-67.6182	-7.07271	0	0.419014	-0.90798	0	None	None
ChainingRodShaped	19522	2.50912	0.5	-26.452	120.943	0	0.513835	0.857889	0	None	None
ChainingRodShaped	19524	2.51376	0.5	-55.0802	12.5397	0	0.978331	-0.207048	0	None	None
ChainingRodShaped	19526	2.5148	0.5	-72.1269	-22.546	0	0.706881	-0.707333	0	None	None
ChainingRodShaped	19528	2.3964	0.5	23.938	30.9391	0	-0.0349756	-0.999388	0	None	None
ChainingRodShaped	19530	2.2233	0.5	-16.6599	0.638433	0	0.9889	0.148581	0	None	None
ChainingRodShaped	19532	2.31028	0.5	4.52932	-55.3402	0	-0.772271	0.635293	0	None	None
ChainingRodShaped	19534	2.29362	0.5	52.5813	-54.1654	0	1	0.000974338	0	None	None
ChainingRodShaped	19536	2.37223	0.5	-15.6024	78.7708	0	-0.833025	0.553235	0	None	None
ChainingRodShaped	19538	2.18848	0.5	94.074	87.0036	0	0.913942	-0.405845	0	None	None
ChainingRodShaped	19540	2.4907	0.5	42.6901	80.9005	0	0.907112	0.420888	0	None	None
ChainingRodShaped	19542	2.25683	0.5	39.8943	-68.9902	0	0.742044	0.670351	0	None	None
ChainingRodShaped	19544	2.26357	0.5	-85.2631	54.1035	0	0.993524	-0.113626	0	None	None
ChainingRodShaped	19546	2.49333	0.5	74.3658	76.6375	0	-0.142424	0.989806	0	None	None
ChainingRodShaped	19548	2.3131	0.5	113.117	31.5958	0	-0.978414	-0.206656	0	None	None
ChainingRodShaped	19550	2.35175	0.5	60.5874	89.0912	0	0.374963	-0.92704	0	None	None
ChainingRodShaped	19552	2.46525	0.5	101.299	28.9806	0	-0.962805	-0.270197	0	None	None
ChainingRodShaped	19554	2.40188	0.5	42.1527	-61.7484	0	0.730088	0.683353	0	None	None
ChainingRodShaped	19556	2.30966	0.5	-50.4155	12.8663	0	0.988481	-0.151346	0	None	None
ChainingRodShaped	19558	2.3993	0.5	67.6596	-31.2977	0	0.313362	-0.949634	0	None	None
ChainingRodShaped	19560	2.23628	0.5	-34.7826	13.9205	0	0.862339	0.506332	0	None	None
ChainingRodShaped	19562	2.26007	0.5	-26.8207	97.175	0	-0.293572	0.955937	0	None	None
ChainingRodShaped	19564	2.4962	0.5	21.6837	-39.7891	0	-0.672098	-0.740462	0	None	None
ChainingRodShaped	19566	2.23396	0.5	-39.8187	-57.7422	0	-0.928711	-0.370806	0	None	None
ChainingRodShaped	19568	2.27853	0.5	51.7334	-1.06693	0	0.407513	-0.913199	0	None	None
ChainingRodShaped	19570	2.27081	0.5	39.6912	21.0846	0	0.984858	0.173362	0	None	None
ChainingRodShaped	19572	2.27014	0.5	-21.2443	114.46	0	0.0106834	-0.999943	0	None	None
ChainingRodShaped	19574	2.44133	0.5	111.88	28.5999	0	-0.841524	-0.54022	0	None	None
ChainingRodShaped	19576	2.34286	0.5	2.64534	12.8123	0	0.987008	0.160671	0	None	None
ChainingRodShaped	19578	2.19563	0.5	64.1445	78.6277	0	-0.0332695	-0.999446	0	None	None
ChainingRodShaped	19580	2.39198	0.5	-66.8875	-36.3783	0	-0.713929	0.700218	0	None	None
ChainingRodShaped	19582	2.20115	0.5	-53.6033	-11.1327	0	0.734515	0.678592	0	None	None
ChainingRodShaped	19584	2.47614	0.5	1.11113	25.0495	0	0.148775	-0.988871	0	None	None
ChainingRodShaped	19586	2.33123	0.5	-77.659	49.8762	0	0.670264	-0.742123	0	None	None
ChainingRodShaped	19588	2.30148	0.5	-46.2446	87.492	0	0.44062	0.897694	0	None	None
ChainingRodShaped	19590	2.4491	0.5	-45.4649	-1.35037	0	0.204977	-0.978767	0	None	None
ChainingRodShaped	19592	2.2488	0.5	4.46978	45.5228	0	-0.740705	-0.67183	0	None	None
ChainingRodShaped	19594	2.2564	0.5	58.1203	56.244	0	0.971726	0.23611	0	None	None
ChainingRodShaped	19596	2.17411	0.5	91.1256	3.67976	0	-0.359066	-0.933312	0	None	None
ChainingRodShaped	19598	2.24082	0.5	5.38623	-1.2113	0	0.123519	-0.992342	0	None	None
ChainingRodShaped	19600	2.41955	0.5	-57.0827	-50.0946	0	-0.75564	0.654987	0	None	None
ChainingRodShaped	19602	2.30299	0.5	83.5349	-51.6354	0	-0.943851	-0.330371	0	None	None
ChainingRodShaped	19604	2.22991	0.5	48.7032	-65.8348	0	0.94041	0.340043	0	None	None
ChainingRodShaped	19606	2.23222	0.5	-39.0322	52.5185	0	0.242676	-0.970107	0	None	None
ChainingRodShaped	19608	2.39899	0.5	14.5691	16.7862	0	-0.895385	0.445293	0	None	None
ChainingRodShaped	19610	2.38487	0.5	77.1291	53.3775	0	-0.917251	-0.398311	0	None	None
ChainingRodShaped	19612	2.48372	0.5	113.348	19.8997	0	0.0207911	-0.999784	0	None	None
ChainingRodShaped	19614	2.31178	0.5	111.955	59.067	0	0.467696	0.88389	0	None	None
ChainingRodShaped	19616	2.28769	0.5	-16.0987	37.1561	0	0.949868	-0.31265	0	None	None
ChainingRodShaped	19618	2.27114	0.5	-22.8754	-5.59927	0	-0.316704	0.948524	0	None	None
ChainingRodShaped	19620	2.25504	0.5	19.6879	16.9424	0	0.495388	-0.868672	0	None	None
ChainingRodShaped	19622	2.21983	0.5	-23.2686	102.22	0	0.263431	-0.964678	0	None	None
ChainingRodShaped	19624	2.31292	0.5	-56.1362	99.8422	0	-0.665333	-0.746546	0	None	None
ChainingRodShaped	19626	2.43661	0.5	4.54009	-10.7316	0	-0.835016	0.550226	0	None	None
ChainingRodShaped	19628	2.40879	0.5	105.19	4.84175	0	-0.42544	0.904986	0	None	None
ChainingRodShaped	19630	2.33555	0.5	-25.2067	11.8579	0	-0.834988	-0.550268	0	None	None
ChainingRodShaped	19632	2.32496	0.5	68.5636	-48.4376	0	-0.212766	-0.977103	0	None	None
ChainingRodShaped	19634	2.44118	0.5	-51.4344	21.3622	0	-0.979443	0.201723	0	None	None
ChainingRodShaped	19636	2.39631	0.5	-55.7852	-17.6223	0	-0.580601	-0.814188	0	None	None
ChainingRodShaped	19638	2.46579	0.5	23.9866	-29.9715	0	-0.960776	-0.277326	0	None	None
ChainingRodShaped	19640	2.42552	0.5	7.69369	78.1536	0	0.949391	-0.314098	0	None	None
ChainingRodShaped	19642	2.47861	0.5	59.2493	106.331	0	-0.275356	-0.961342	0	None	None
ChainingRodShaped	19644	2.37571	0.5	77.2049	9.00496	0	0.982632	-0.185567	0	None	None
ChainingRodShaped	19646	2.25294	0.5	-57.8032	28.181	0	-0.779745	-0.626097	0	None	None
ChainingRodShaped	19648	2.40429	0.5	-25.9292	75.8975	0	-0.38335	-0.923603	0	None	None
ChainingRodShaped	19650	2.44156	0.5	6.80042	119.94	0	0.938219	0.346042	0	None	None
ChainingRodShaped	19652	2.46974	0.5	35.8261	108.35	0	0.773824	0.6334	0	None	None
ChainingRodShaped	19654	2.45465	0.5	46.9245	46.2917	0	0.908997	0.416802	0	None	None
ChainingRodShaped	19656	2.30433	0.5	4.71606	15.2935	0	0.992765	0.120071	0	None	None
ChainingRodShaped	19658	2.28006	0.5	112.425	32.428	0	-0.976952	-0.21346	0	None	None
ChainingRodShaped	19660	2.40951	0.5	83.9153	13.5799	0	0.791217	-0.611535	0	None	None
ChainingRodShaped	19662	2.37339	0.5	-23.5313	120.528	0	0.978201	0.20766	0	None	None
ChainingRodShaped	19664	2.18582	0.5	-59.2433	-14.3473	0	-0.157832	-0.987466	0	None	None
ChainingRodShaped	19666	2.17623	0.5	-5.64623	120.566	0	-0.0410936	-0.999155	0	None	None
ChainingRodShaped	19668	2.27983	0.5	-82.9022	48.9169	0	0.962776	-0.270301	0	None	None
ChainingRodShaped	19670	2.41374	0.5	57.3182	5.55377	0	0.927868	0.37291	0	None	None
ChainingRodShaped	19672	2.4584	0.5	-70.6422	29.0099	0	-0.996614	-0.0822257	0	None	None
ChainingRodShaped	19674	2.39245	0.5	68.6468	0.276112	0	-0.983497	0.180926	0	None	None
ChainingRodShaped	19676	2.16845	0.5	16.5007	-15.9038	0	-0.974259	-0.225432	0	None	None
ChainingRodShaped	19678	2.38099	0.5	-48.6792	-31.6225	0	-0.624536	-0.780996	0	None	None
ChainingRodShaped	19680	2.29896	0.5	-49.0986	104.662	0	-0.963965	0.26603	0	None	None
ChainingRodShaped	19682	2.27536	0.5	6.74503	53.4266	0	0.801159	0.598452	0	None	None
ChainingRodShaped	19684	2.42961	0.5	90.3299	61.8251	0	-0.423748	-0.90578	0	None	None
ChainingRodShaped	19686	2.42027	0.5	-77.5986	41.7126	0	0.996681	0.081405	0	None	None
ChainingRodShaped	19688	2.41155	0.5	-43.5076	-46.4642	0	0.265276	-0.964173	0	None	None
ChainingRodShaped	19690	2.39185	0.5	51.7563	-36.0402	0	-0.70315	-0.711041	0	None	None
ChainingRodShaped	19692	2.3385	0.5	-50.5836	24.4826	0	0.764222	0.644953	0	None	None
ChainingRodShaped	19694	2.29224	0.5	1.19577	127.433	0	0.172902	0.984939	0	None	None
ChainingRodShaped	19696	2.38867	0.5	-45.1979	27.9153	0	0.429945	0.902855	0	None	None
ChainingRodShaped	19698	2.1875	0.5	78.8415	17.0916	0	0.826108	-0.563511	0	None	None
ChainingRodShaped	19700	2.45053	0.5	-93.445	18.7515	0	-0.604301	0.796756	0	None	None
ChainingRodShaped	19702	2.22937	0.5	81.2006	56.2799	0	-0.731471	-0.681873	0	None	None
ChainingRodShaped	19704	2.30742	0.5	-11.5086	62.8464	0	0.793642	-0.608385	0	None	None
ChainingRodShaped	19706	2.4255	0.5	-40.7439	54.1955	0	0.217403	-0.976082	0	None	None
ChainingRodShaped	19708	2.40277	0.5	99.6265	-9.11605	0	0.826609	0.562777	0	None	None
ChainingRodShaped	19710	2.19784	0.5	-70.3009	59.0567	0	-0.845116	0.534584	0	None	None
ChainingRodShaped	19712	2.42875	0.5	10.3455	-20.1913	0	-0.998846	-0.0480316	0	None	None
ChainingRodShaped	19714	2.28452	0.5	-2.41809	-44.9606	0	-0.953377	0.301783	0	None	None
ChainingRodShaped	19716	2.21633	0.5	-39.7513	-13.0638	0	0.924068	0.382228	0	None	None
ChainingRodShaped	19718	2.44747	0.5	-52.4359	-6.42626	0	-0.919231	-0.393718	0	None	None
ChainingRodShaped	19720	2.37248	0.5	-57.2819	39.0425	0	0.88623	0.463245	0	None	None
ChainingRodShaped	19722	2.34131	0.5	16.4565	136.205	0	0.367127	0.930171	0	None	None
ChainingRodShaped	19724	2.25743	0.5	36.057	-4.66096	0	-0.748317	-0.663341	0	None	None
ChainingRodShaped	19726	2.17542	0.5	32.5755	30.4063	0	0.0587719	-0.998271	0	None	None
ChainingRodShaped	19728	2.41946	0.5	-42.3111	-18.4676	0	0.912249	0.409636	0	None	None
ChainingRodShaped	19730	2.41811	0.5	106.653	-11.4827	0	-0.455106	-0.890437	0	None	None
ChainingRodShaped	19732	2.22497	0.5	46.2835	44.3076	0	0.901272	0.433254	0	None	None
ChainingRodShaped	19734	2.21016	0.5	-1.70903	-31.5133	0	0.404219	-0.914662	0	None	None
ChainingRodShaped	19736	2.36161	0.5	-71.4353	-25.9844	0	0.704735	-0.709471	0	None	None
ChainingRodShaped	19738	2.30848	0.5	15.7646	-50.8002	0	0.267612	-0.963527	0	None	None
ChainingRodShaped	19740	2.35842	0.5	54.2423	65.6718	0	0.391702	-0.920092	0	None	None
ChainingRodShaped	19742	2.37968	0.5	12.0183	-0.646374	0	0.158963	-0.987285	0	None	None
ChainingRodShaped	19744	2.39486	0.5	26.9487	129.283	0	0.30565	0.952144	0	None	None
ChainingRodShaped	19746	2.41304	0.5	-13.3014	25.5504	0	0.88123	-0.472688	0	None	None
ChainingRodShaped	19748	2.15434	0.5	110.806	-7.93103	0	-0.851771	-0.523915	0	None	None
ChainingRodShaped	19750	2.38983	0.5	29.2882	98.7476	0	0.226193	-0.974082	0	None	None
ChainingRodShaped	19752	2.41117	0.5	34.5234	-14.196	0	0.92958	-0.36862	0	None	None
ChainingRodShaped	19754	2.38369	0.5	13.4313	64.0012	0	0.761573	0.648079	0	None	None
ChainingRodShaped	19756	2.16953	0.5	-52.4316	17.1839	0	0.986655	-0.162824	0	None	None
ChainingRodShaped	19758	2.29423	0.5	-16.1769	36.4221	0	0.952802	-0.303592	0	None	None
ChainingRodShaped	19760	2.25148	0.5	100.892	-10.6232	0	0.913187	0.40754	0	None	None
ChainingRodShaped	19762	2.2671	0.5	23.2705	132.556	0	0.586869	-0.809682	0	None	None
ChainingRodShaped	19764	2.15927	0.5	-46.1229	24.9262	0	0.305395	-0.952226	0	None	None
ChainingRodShaped	19766	2.29657	0.5	28.5147	-8.21285	0	0.791144	-0.611629	0	None	None
ChainingRodShaped	19768	2.40675	0.5	-67.0214	59.8593	0	0.861354	-0.508005	0	None	None
ChainingRodShaped	19770	2.28397	0.5	-13.7499	34.0817	0	-0.958841	0.283944	0	None	None
ChainingRodShaped	19772	2.21097	0.5	51.8158	-58.5872	0	0.999686	0.0250527	0	None	None
ChainingRodShaped	19774	2.33418	0.5	12.6502	76.6766	0	0.962348	-0.271821	0	None	None
ChainingRodShaped	19776	2.31171	0.5	-12.6479	129.227	0	0.999992	0.00406832	0	None	None
ChainingRodShaped	19778	2.24764	0.5	7.09701	-71.4052	0	0.998088	-0.0618075	0	None	None
ChainingRodShaped	19780	2.16441	0.5	0.948495	28.3345	0	-0.974956	-0.222399	0	None	None
ChainingRodShaped	19782	2.33276	0.5	63.7394	-64.5106	0	0.961431	0.275045	0	None	None
ChainingRodShaped	19784	2.1571	0.5	16.6141	113.202	0	-0.0435493	-0.999051	0	None	None
ChainingRodShaped	19786	2.19514	0.5	-2.98582	-7.26933	0	0.533537	-0.845777	0	None	None
ChainingRodShaped	19788	2.263	0.5	-45.9707	102.924	0	-0.977806	0.209512	0	None	None
ChainingRodShaped	19790	2.31073	0.5	15.9347	20.4604	0	0.991809	-0.127733	0	None	None
ChainingRodShaped	19792	2.23572	0.5	-22.1862	-67.4823	0	-0.797992	0.602668	0	None	None
ChainingRodShaped	19794	2.38335	0.5	-30.5158	-38.7278	0	-0.99112	-0.132968	0	None	None
ChainingRodShaped	19796	2.31053	0.5	-55.4279	85.6018	0	0.728442	0.685107	0	None	None
ChainingRodShaped	19798	2.27368	0.5	42.4415	-62.747	0	0.736892	0.67601	0	None	None
ChainingRodShaped	19800	2.18122	0.5	69.4294	27.7279	0	-0.847215	0.53125	0	None	None
ChainingRodShaped	19802	2.17428	0.5	77.4252	35.4147	0	-0.816737	0.577011	0	None	None
ChainingRodShaped	19804	2.31544	0.5	52.1128	46.7028	0	0.932753	0.360516	0	None	None
ChainingRodShaped	19806	2.40797	0.5	-22.0108	90.2444	0	-0.352674	0.935746	0	None	None
ChainingRodShaped	19808	2.28908	0.5	22.441	0.441317	0	0.965206	0.261491	0	None	None
ChainingRodShaped	19810	2.15607	0.5	-34.1727	-4.10469	0	-0.212776	-0.977101	0	None	None
ChainingRodShaped	19812	2.27032	0.5	25.4417	60.6134	0	0.697436	0.716648	0	None	None
ChainingRodShaped	19814	2.31565	0.5	75.8886	-19.1913	0	0.118443	-0.992961	0	None	None
ChainingRodShaped	19816	2.22856	0.5	-71.7599	-30.5991	0	-0.655724	0.755	0	None	None
ChainingRodShaped	19818	2.35902	0.5	27.2472	-74.8781	0	0.753015	-0.658004	0	None	None
ChainingRodShaped	19820	2.20054	0.5	52.948	7.56293	0	-0.679201	-0.733952	0	None	None
ChainingRodShaped	19822	2.40023	0.5	62.9682	-8.21416	0	0.160974	0.986959	0	None	None
ChainingRodShaped	19824	2.38036	0.5	-1.58056	121.607	0	0.439088	0.898444	0	None	None
ChainingRodShaped	19826	2.19443	0.5	89.9742	-28.9342	0	0.688022	0.72569	0	None	None
ChainingRodShaped	19828	2.39817	0.5	2.45066	-48.3996	0	-0.629881	0.776692	0	None	None
ChainingRodShaped	19830	2.141	0.5	-45.7479	122.358	0	-0.904709	-0.42603	0	None	None
ChainingRodShaped	19832	2.17661	0.5	77.7932	79.4607	0	0.536032	-0.844198	0	None	None
ChainingRodShaped	19834	2.34886	0.5	-37.7698	0.751469	0	-0.919087	-0.394054	0	None	None
ChainingRodShaped	19836	2.16483	0.5	41.4474	84.2267	0	0.89195	0.452134	0	None	None
ChainingRodShaped	19838	2.36242	0.5	46.8085	125.612	0	0.715581	-0.698529	0	None	None
ChainingRodShaped	19840	2.1639	0.5	41.5406	28.4217	0	0.808291	0.588784	0	None	None
ChainingRodShaped	19842	2.30335	0.5	85.778	2.17084	0	-0.999581	-0.0289311	0	None	None
ChainingRodShaped	19844	2.2445	0.5	-38.9432	59.2794	0	0.177626	-0.984098	0	None	None
ChainingRodShaped	19846	2.3884	0.5	-57.1266	-32.1326	0	-0.751134	0.660149	0	None	None
ChainingRodShaped	19848	2.31287	0.5	99.3824	6.34084	0	0.91944	-0.39323	0	None	None
ChainingRodShaped	19850	2.35493	0.5	-25.6056	80.3667	0	-0.278787	0.960353	0	None	None
ChainingRodShaped	19852	2.3426	0.5	-36.8222	53.2426	0	0.513445	-0.858123	0	None	None
ChainingRodShaped	19854	2.30016	0.5	-20.3759	115.41	0	0.000677541	-1	0	None	None
ChainingRodShaped	19856	2.2236	0.5	-3.52409	-15.8326	0	-0.458014	0.888945	0	None	None
ChainingRodShaped	19858	2.19255	0.5	-63.2766	-25.0277	0	-0.770816	0.637057	0	None	None
ChainingRodShaped	19860	2.1772	0.5	55.2588	-18.2022	0	-0.468338	-0.88355	0	None	None
ChainingRodShaped	19862	2.25203	0.5	54.7967	71.8329	0	-0.214346	-0.976758	0	None	None
ChainingRodShaped	19864	2.34475	0.5	-57.8135	3.24897	0	0.151367	-0.988478	0	None	None
ChainingRodShaped	19866	2.14726	0.5	36.252	77.8986	0	0.948287	0.317414	0	None	None
ChainingRodShaped	19868	2.33038	0.5	66.8607	-7.14735	0	0.971953	-0.235175	0	None	None
ChainingRodShaped	19870	2.217	0.5	97.7206	57.5399	0	-0.395416	-0.918502	0	None	None
ChainingRodShaped	19872	2.25261	0.5	-25.2704	129.092	0	0.9134	0.407063	0	None	None
ChainingRodShaped	19874	2.3113	0.5	66.8593	-17.7674	0	-0.114562	0.993416	0	None	None
ChainingRodShaped	19876	2.18987	0.5	47.5312	45.7444	0	0.911982	0.41023	0	None	None
ChainingRodShaped	19878	2.26704	0.5	-75.5098	-16.6062	0	0.512787	-0.858516	0	None	None
ChainingRodShaped	19880	2.18494	0.5	-36.5617	67.4554	0	-0.186468	-0.982461	0	None	None
ChainingRodShaped	19882	2.31993	0.5	36.7141	66.2551	0	-0.275459	-0.961313	0	None	None
ChainingRodShaped	19884	2.33039	0.5	15.9925	50.3381	0	0.719494	0.694498	0	None	None
ChainingRodShaped	19886	2.25468	0.5	-4.42903	83.7611	0	0.079555	-0.99683	0	None	None
ChainingRodShaped	19888	2.35547	0.5	42.6397	97.312	0	0.968056	0.250735	0	None	None
ChainingRodShaped	19890	2.22986	0.5	97.8267	46.0199	0	-0.81144	-0.584436	0	None	None
ChainingRodShaped	19892	2.14882	0.5	-50.8008	103.245	0	-0.965776	0.259378	0	None	None
ChainingRodShaped	19894	2.15104	0.5	49.3723	22.1699	0	0.229858	-0.973224	0	None	None
ChainingRodShaped	19896	2.16165	0.5	26.1938	-34.0705	0	-0.92923	-0.369503	0	None	None
ChainingRodShaped	19898	2.35876	0.5	-10.1821	96.876	0	0.972161	0.234314	0	None	None
ChainingRodShaped	19900	2.18359	0.5	-46.5176	-40.2019	0	0.578279	0.815839	0	None	None
ChainingRodShaped	19902	2.30055	0.5	6.44596	70.7204	0	0.958266	-0.285877	0	None	None
ChainingRodShaped	19904	2.21304	0.5	67.1358	44.9612	0	-0.976665	-0.214768	0	None	None
ChainingRodShaped	19906	2.27827	0.5	70.5397	98.1502	0	0.717369	0.696693	0	None	None
ChainingRodShaped	19908	2.37037	0.5	-70.9394	42.2859	0	0.997568	0.0696987	0	None	None
ChainingRodShaped	19910	2.14703	0.5	-35.4831	108.808	0	-0.99993	0.0118703	0	None	None
ChainingRodShaped	19912	2.22447	0.5	30.8396	-11.3138	0	0.948779	-0.315941	0	None	None
ChainingRodShaped	19914	2.34044	0.5	47.5977	-39.8975	0	-0.995186	0.0980013	0	None	None
ChainingRodShaped	19916	2.32992	0.5	-57.6349	-15.749	0	0.630426	0.776249	0	None	None
ChainingRodShaped	19918	2.21655	0.5	-49.3194	-23.2688	0	0.849327	0.527867	0	None	None
ChainingRodShaped	19920	2.2578	0.5	31.5733	15.7838	0	0.782884	0.622168	0	None	None
ChainingRodShaped	19922	2.17237	0.5	-14.2005	-63.2502	0	-0.207694	-0.978194	0	None	None
ChainingRodShaped	19924	2.17113	0.5	34.7395	104.697	0	-0.237069	-0.971493	0	None	None
ChainingRodShaped	19926	2.23974	0.5	-28.6997	60.9683	0	0.935062	0.354485	0	None	None
ChainingRodShaped	19928	2.32597	0.5	58.2007	-60.9749	0	-0.455349	-0.890313	0	None	None
ChainingRodShaped	19930	2.18104	0.5	47.3782	-55.0012	0	0.999574	-0.0291845	0	None	None
ChainingRodShaped	19932	2.18496	0.5	56.3547	75.3695	0	-0.684651	-0.728871	0	None	None
ChainingRodShaped	19934	2.18535	0.5	28.273	85.3032	0	0.998059	0.0622827	0	None	None
ChainingRodShaped	19936	2.21179	0.5	-77.2107	47.2606	0	0.915339	-0.402685	0	None	None
ChainingRodShaped	19938	2.30783	0.5	-36.6577	11.1681	0	0.835619	0.54931	0	None	None
ChainingRodShaped	19940	2.34488	0.5	37.3314	66.0132	0	-0.265113	-0.964217	0	None	None
ChainingRodShaped	19942	2.12742	0.5	73.9045	61.0168	0	-0.673762	0.738948	0	None	None
ChainingRodShaped	19944	2.3236	0.5	76.0401	77.3468	0	-0.149298	0.988792	0	None	None
ChainingRodShaped	19946	2.17232	0.5	92.5157	83.7687	0	0.895649	-0.444762	0	None	None
ChainingRodShaped	19948	2.34953	0.5	-93.0495	4.44703	0	0.940976	-0.338474	0	None	None
ChainingRodShaped	19950	2.27862	0.5	-25.9877	51.4335	0	0.996886	-0.0788571	0	None	None
ChainingRodShaped	19952	2.34328	0.5	3.93559	130.919	0	0.378974	-0.925407	0	None	None
ChainingRodShaped	19954	2.20215	0.5	13.9336	-10.6248	0	0.971913	0.23534	0	None	None
ChainingRodShaped	19956	2.30577	0.5	72.6426	-22.6026	0	0.0796088	-0.996826	0	None	None
ChainingRodShaped	19958	2.31595	0.5	30.1242	50.6663	0	-0.381156	-0.924511	0	None	None
ChainingRodShaped	19960	2.19553	0.5	22.3982	72.2011	0	-0.849941	-0.526877	0	None	None
ChainingRodShaped	19962	2.32277	0.5	66.2002	-25.21	0	0.154828	-0.987941	0	None	None
ChainingRodShaped	19964	2.27017	0.5	-7.84915	64.7583	0	-0.825414	0.564528	0	None	None
ChainingRodShaped	19966	2.1459	0.5	59.3917	67.9855	0	0.962712	-0.270528	0	None	None
ChainingRodShaped	19968	2.34459	0.5	62.144	15.8599	0	-0.93347	0.358656	0	None	None
ChainingRodShaped	19970	2.23987	0.5	20.6493	127.826	0	0.325871	-0.945414	0	None	None
ChainingRodShaped	19972	2.32069	0.5	30.7719	7.98951	0	-0.543671	0.839298	0	None	None
ChainingRodShaped	19974	2.3182	0.5	-1.33098	-39.146	0	-0.584741	0.81122	0	None	None
ChainingRodShaped	19976	2.30806	0.5	37.2279	41.5907	0	0.543302	-0.839538	0	None	None
ChainingRodShaped	19978	2.28054	0.5	-64.0712	39.1636	0	0.961223	0.275773	0	None	None
ChainingRodShaped	19980	2.28464	0.5	45.62	27.2358	0	0.917237	0.398343	0	None	None
ChainingRodShaped	19982	2.27069	0.5	116.961	37.9309	0	0.147303	-0.989091	0	None	None
ChainingRodShaped	19984	2.21049	0.5	97.1735	22.7187	0	0.883504	-0.468423	0	None	None
ChainingRodShaped	19986	2.23352	0.5	88.1962	-19.3045	0	-0.257701	-0.966225	0	None	None
ChainingRodShaped	19988	2.19544	0.5	64.4087	-24.8452	0	-0.0175712	-0.999846	0	None	None
ChainingRodShaped	19990	2.25476	0.5	-65.8921	13.4147	0	0.992099	-0.125461	0	None	None
ChainingRodShaped	19992	2.14331	0.5	-5.17214	-57.4901	0	0.240526	-0.970643	0	None	None
ChainingRodShaped	19994	2.22858	0.5	67.0295	-25.0084	0	0.145019	-0.989429	0	None	None
ChainingRodShaped	19996	2.34038	0.5	-11.3521	-7.6602	0	0.831615	0.555353	0	None	None
ChainingRodShaped	19998	2.33111	0.5	-78.505	79.165	0	0.97467	0.223646	0	None	None
ChainingRodShaped	20000	2.23719	0.5	65.8297	-4.53092	0	0.964486	-0.264135	0	None	None
ChainingRodShaped	20002	2.18577	0.5	16.141	46.971	0	0.704399	0.709804	0	None	None
ChainingRodShaped	20004	2.33541	0.5	41.0745	44.0975	0	0.892403	0.45124	0	None	None
ChainingRodShaped	20006	2.16919	0.5	-42.5902	-6.77922	0	-0.3869	-0.922122	0	None	None
ChainingRodShaped	20008	2.25384	0.5	96.4009	-16.1565	0	-0.998656	-0.0518202	0	None	None
ChainingRodShaped	20010	2.13271	0.5	80.7893	98.4053	0	0.8695	-0.493933	0	None	None
ChainingRodShaped	20012	2.17464	0.5	50.6646	53.4586	0	0.966256	0.257583	0	None	None
ChainingRodShaped	20014	2.21101	0.5	28.6475	88.3248	0	0.998075	0.0620238	0	None	None
ChainingRodShaped	20016	2.15973	0.5	-32.779	0.269146	0	-0.00588118	-0.999983	0	None	None
ChainingRodShaped	20018	2.27712	0.5	90.3795	8.57865	0	0.882738	0.469865	0	None	None
ChainingRodShaped	20020	2.12974	0.5	59.9639	-58.5074	0	-0.0900245	-0.99594	0	None	None
ChainingRodShaped	20022	2.13818	0.5	102.863	60.8928	0	-0.892884	-0.450287	0	None	None
ChainingRodShaped	20024	2.21237	0.5	64.6284	-21.5514	0	0.444912	0.895574	0	None	None
ChainingRodShaped	20026	2.15284	0.5	-85.7112	10.6189	0	-0.809859	0.586624	0	None	None
ChainingRodShaped	20028	2.13899	0.5	41.2126	-42.4949	0	0.992287	-0.12396	0	None	None
ChainingRodShaped	20030	2.17496	0.5	27.5467	12.6079	0	-0.213114	0.977027	0	None	None
ChainingRodShaped	20032	2.32526	0.5	-50.9279	49.2603	0	0.381522	0.92436	0	None	None
ChainingRodShaped	20034	2.16455	0.5	80.5761	89.073	0	0.47381	-0.880627	0	None	None
ChainingRodShaped	20036	2.28178	0.5	-9.91251	85.7796	0	0.545983	-0.837796	0	None	None
ChainingRodShaped	20038	2.12367	0.5	-1.26275	63.0248	0	-0.974446	0.22462	0	None	None
ChainingRodShaped	20040	2.26872	0.5	84.099	91.2827	0	-0.795013	0.606593	0	None	None
ChainingRodShaped	20042	2.20448	0.5	-56.5059	24.3895	0	-0.791591	-0.611051	0	None	None
ChainingRodShaped	20044	2.16762	0.5	23.1524	-58.6621	0	0.249181	-0.968457	0	None	None
ChainingRodShaped	20046	2.25945	0.5	-69.1042	29.9945	0	-0.9996	-0.0282727	0	None	None
ChainingRodShaped	20048	2.2247	0.5	55.5196	119.318	0	0.912999	0.407961	0	None	None
ChainingRodShaped	20050	2.29534	0.5	63.7932	39.9762	0	0.784264	-0.620427	0	None	None
ChainingRodShaped	20052	2.1156	0.5	64.6748	-1.27443	0	-0.968337	0.249648	0	None	None
ChainingRodShaped	20054	2.21615	0.5	95.059	-4.8895	0	-0.543418	-0.839462	0	None	None
ChainingRodShaped	20056	2.25084	0.5	94.6829	51.9003	0	-0.621072	-0.783754	0	None	None
ChainingRodShaped	20058	2.30672	0.5	-38.8738	89.4208	0	0.794203	-0.607653	0	None	None
ChainingRodShaped	20060	2.17331	0.5	24.3827	52.4697	0	-0.835782	-0.549061	0	None	None
ChainingRodShaped	20062	2.16934	0.5	-74.6028	74.6491	0	-0.610106	-0.79232	0	None	None
ChainingRodShaped	20064	2.25526	0.5	-0.630501	9.36102	0	0.98927	0.146099	0	None	None
ChainingRodShaped	20066	2.23947	0.5	-52.0935	90.9247	0	0.445413	0.895325	0	None	None
ChainingRodShaped	20068	2.20131	0.5	52.985	-39.328	0	0.701275	0.712891	0	None	None
ChainingRodShaped	20070	2.14906	0.5	-43.3903	-34.049	0	-0.000176599	-1	0	None	None
ChainingRodShaped	20072	2.2448	0.5	99.0057	48.0197	0	-0.823528	-0.567276	0	None	None
ChainingRodShaped	20074	2.21569	0.5	55.7369	27.8562	0	0.944673	-0.328013	0	None	None
ChainingRodShaped	20076	2.19861	0.5	81.5367	51.9065	0	-0.554728	-0.832032	0	None	None
ChainingRodShaped	20078	2.19172	0.5	-6.97412	-3.15121	0	0.985701	0.168504	0	None	None
ChainingRodShaped	20080	2.218	0.5	34.7427	-41.6115	0	-0.989957	-0.141368	0	None	None
ChainingRodShaped	20082	2.29449	0.5	-69.2463	2.001	0	-0.840564	0.541712	0	None	None
ChainingRodShaped	20084	2.22478	0.5	6.91296	-67.3451	0	0.970687	-0.240347	0	None	None
ChainingRodShaped	20086	2.29665	0.5	-38.5566	27.1447	0	0.939138	0.34354	0	None	None
ChainingRodShaped	20088	2.26981	0.5	-0.416231	110.76	0	0.571889	0.820331	0	None	None
ChainingRodShaped	20090	2.27421	0.5	64.6355	121.544	0	0.952512	-0.304501	0	None	None
ChainingRodShaped	20092	2.28868	0.5	58.7174	14.1619	0	-0.518545	-0.85505	0	None	None
ChainingRodShaped	20094	2.12118	0.5	-3.68805	135.013	0	-0.283336	-0.959021	0	None	None
ChainingRodShaped	20096	2.25911	0.5	40.8124	70.1808	0	-0.777574	-0.628791	0	None	None
ChainingRodShaped	20098	2.1026	0.5	-52.4427	73.1225	0	0.673553	0.739139	0	None	None
ChainingRodShaped	20100	2.24163	0.5	76.6649	-51.403	0	0.265142	0.964209	0	None	None
ChainingRodShaped	20102	2.27326	0.5	101.959	37.374	0	0.960723	0.277509	0	None	None
ChainingRodShaped	20104	2.22634	0.5	62.5317	83.1503	0	0.00343495	-0.999994	0	None	None
ChainingRodShaped	20106	2.16901	0.5	55.6144	101.962	0	0.0878671	-0.996132	0	None	None
ChainingRodShaped	20108	2.20632	0.5	43.8333	47.8746	0	0.90603	0.423213	0	None	None
ChainingRodShaped	20110	2.27298	0.5	22.795	46.4425	0	0.46988	0.88273	0	None	None
ChainingRodShaped	20112	2.29713	0.5	77.3572	8.10602	0	0.980752	-0.195258	0	None	None
ChainingRodShaped	20114	2.1286	0.5	3.13981	77.7354	0	0.885041	-0.465514	0	None	None
ChainingRodShaped	20116	2.1709	0.5	29.3162	80.5154	0	0.992525	0.122041	0	None	None
ChainingRodShaped	20118	2.26415	0.5	50.9326	75.8958	0	-0.184837	-0.982769	0	None	None
ChainingRodShaped	20120	2.16215	0.5	40.011	49.627	0	-0.380708	-0.924695	0	None	None
ChainingRodShaped	20122	2.1607	0.5	15.4832	59.8667	0	0.804772	0.593584	0	None	None
ChainingRodShaped	20124	2.19645	0.5	40.506	-9.62755	0	0.937	-0.349329	0	None	None
ChainingRodShaped	20126	2.20417	0.5	18.901	-71.3515	0	0.954322	0.298781	0	None	None
ChainingRodShaped	20128	2.2842	0.5	75.389	4.37632	0	0.988924	-0.148421	0	None	None
ChainingRodShaped	20130	2.12104	0.5	75.4304	103.16	0	0.816735	-0.577013	0	None	None
ChainingRodShaped	20132	2.19874	0.5	21.1887	123.291	0	0.290357	-0.956918	0	None	None
ChainingRodShaped	20134	2.23062	0.5	-81.2353	43.4044	0	-0.105988	-0.994367	0	None	None
ChainingRodShaped	20136	2.27054	0.5	-15.2459	-40.0312	0	-0.159968	-0.987122	0	None	None
ChainingRodShaped	20138	2.1192	0.5	-55.2817	45.5485	0	0.959646	0.281212	0	None	None
ChainingRodShaped	20140	2.14614	0.5	32.8088	-58.863	0	0.195191	-0.980765	0	None	None
ChainingRodShaped	20142	2.10082	0.5	90.2477	68.0557	0	-0.461386	-0.887199	0	None	None
ChainingRodShaped	20144	2.2287	0.5	91.5603	-16.2401	0	-0.528108	-0.849177	0	None	None
ChainingRodShaped	20146	2.21798	0.5	-8.6206	101.403	0	0.975141	0.221586	0	None	None
ChainingRodShaped	20148	2.23725	0.5	-32.1808	-23.5561	0	0.322221	-0.946665	0	None	None
ChainingRodShaped	20150	2.22967	0.5	-6.70463	114.536	0	-0.513625	-0.858015	0	None	None
ChainingRodShaped	20152	2.10118	0.5	79.573	81.1905	0	0.559997	-0.828494	0	None	None
ChainingRodShaped	20154	2.25985	0.5	-27.835	38.6616	0	0.870743	0.491738	0	None	None
ChainingRodShaped	20156	2.26144	0.5	-45.7141	-42.33	0	0.332548	-0.943086	0	None	None
ChainingRodShaped	20158	2.15352	0.5	7.66598	30.3321	0	-0.990469	-0.137734	0	None	None
ChainingRodShaped	20160	2.17572	0.5	-53.7307	86.06	0	0.552139	0.833752	0	None	None
ChainingRodShaped	20162	2.11601	0.5	-40.6954	-57.0758	0	0.931409	0.363975	0	None	None
ChainingRodShaped	20164	2.21647	0.5	71.7281	-55.8788	0	0.776062	-0.630656	0	None	None
ChainingRodShaped	20166	2.10871	0.5	11.6368	-65.7396	0	0.975525	-0.21989	0	None	None
ChainingRodShaped	20168	2.12591	0.5	-11.2947	-3.22802	0	-0.857572	-0.514364	0	None	None
ChainingRodShaped	20170	2.13537	0.5	-2.39942	-57.8175	0	0.242965	-0.970035	0	None	None
ChainingRodShaped	20172	2.21296	0.5	18.4053	120.108	0	0.297794	-0.95463	0	None	None
ChainingRodShaped	20174	2.13464	0.5	-46.4003	117.963	0	0.291482	0.956576	0	None	None
ChainingRodShaped	20176	2.20612	0.5	-18.6256	31.1616	0	0.708277	-0.705935	0	None	None
ChainingRodShaped	20178	2.18368	0.5	-88.2824	24.399	0	0.542066	-0.840336	0	None	None
ChainingRodShaped	20180	2.12579	0.5	-17.6205	42.8215	0	-0.947537	0.319646	0	None	None
ChainingRodShaped	20182	2.17178	0.5	98.3176	13.3023	0	0.539436	-0.842026	0	None	None
ChainingRodShaped	20184	2.19136	0.5	39.4412	-24.0845	0	-0.129826	-0.991537	0	None	None
ChainingRodShaped	20186	2.23333	0.5	-18.5746	-3.2849	0	0.979354	0.202155	0	None	None
ChainingRodShaped	20188	2.11791	0.5	-79.3945	36.2161	0	0.925473	0.378815	0	None	None
ChainingRodShaped	20190	2.1828	0.5	-34.6721	97.3447	0	0.970914	-0.239431	0	None	None
ChainingRodShaped	20192	2.14555	0.5	43.3815	-59.2	0	0.667845	0.7443	0	None	None
ChainingRodShaped	20194	2.18948	0.5	34.8787	88.6732	0	0.994628	0.103514	0	None	None
ChainingRodShaped	20196	2.1122	0.5	-34.9855	-10.1492	0	-0.0393639	-0.999225	0	None	None
ChainingRodShaped	20198	2.22521	0.5	32.4539	38.6943	0	0.109928	-0.99394	0	None	None
ChainingRodShaped	20200	2.16189	0.5	-13.6899	-40.2762	0	0.140319	0.990106	0	None	None
ChainingRodShaped	20202	2.21064	0.5	-30.8194	23.829	0	0.674011	-0.738721	0	None	None
ChainingRodShaped	20204	2.23489	0.5	-83.5367	-13.6972	0	-0.743991	-0.668189	0	None	None
ChainingRodShaped	20206	2.12968	0.5	-28.3965	-23.437	0	-0.296796	0.954941	0	None	None
ChainingRodShaped	20208	2.18766	0.5	6.18234	3.40276	0	-0.479255	-0.877676	0	None	None
ChainingRodShaped	20210	2.23843	0.5	3.99291	-48.9149	0	0.637589	-0.770376	0	None	None
ChainingRodShaped	20212	2.23338	0.5	36.1291	-38.1485	0	-0.988637	-0.150325	0	None	None
ChainingRodShaped	20214	2.15814	0.5	13.2269	69.2547	0	-0.721155	-0.692774	0	None	None
ChainingRodShaped	20216	2.2065	0.5	20.39	114.029	0	0.322	-0.946739	0	None	None
ChainingRodShaped	20218	2.1981	0.5	79.9252	95.6185	0	0.855635	-0.517579	0	None	None
ChainingRodShaped	20220	2.11346	0.5	100.502	-1.42959	0	-0.675212	-0.737623	0	None	None
ChainingRodShaped	20222	2.19013	0.5	-37.0545	18.4343	0	-0.497511	0.867458	0	None	None
ChainingRodShaped	20224	2.18122	0.5	-23.3432	22.546	0	0.913814	-0.406134	0	None	None
ChainingRodShaped	20226	2.13559	0.5	-13.5727	102.747	0	0.977953	0.208825	0	None	None
ChainingRodShaped	20228	2.19937	0.5	20.849	43.7113	0	0.474223	-0.880405	0	None	None
ChainingRodShaped	20230	2.24358	0.5	-2.74317	-25.0703	0	0.499387	-0.866379	0	None	None
ChainingRodShaped	20232	2.18412	0.5	58.1486	47.9132	0	0.96923	0.246159	0	None	None
ChainingRodShaped	20234	2.16459	0.5	25.85	-41.2529	0	0.941681	0.336506	0	None	None
ChainingRodShaped	20236	2.10323	0.5	-42.5999	-31.3714	0	0.00971127	-0.999953	0	None	None
ChainingRodShaped	20238	2.11181	0.5	15.0441	91.3796	0	-0.925991	-0.377544	0	None	None
ChainingRodShaped	20240	2.08263	0.5	16.4599	120.241	0	-0.718879	-0.695135	0	None	None
ChainingRodShaped	20242	2.21847	0.5	-95.5856	34.5388	0	-0.340689	0.940176	0	None	None
ChainingRodShaped	20244	2.14778	0.5	115.026	37.6653	0	0.135824	-0.990733	0	None	None
ChainingRodShaped	20246	2.09816	0.5	53.9944	6.49749	0	0.693794	0.720174	0	None	None
ChainingRodShaped	20248	2.16035	0.5	35.0636	-10.408	0	0.953135	-0.302545	0	None	None
ChainingRodShaped	20250	2.16167	0.5	53.7281	93.9837	0	0.33419	-0.942506	0	None	None
ChainingRodShaped	20252	2.22694	0.5	112.141	27.1089	0	-0.522518	-0.852628	0	None	None
ChainingRodShaped	20254	2.12957	0.5	78.1059	95.9869	0	0.354122	-0.935199	0	None	None
ChainingRodShaped	20256	2.11919	0.5	-18.365	51.1689	0	0.673698	-0.739007	0	None	None
ChainingRodShaped	20258	2.10132	0.5	20.0341	-74.352	0	0.998104	0.0615504	0	None	None
ChainingRodShaped	20260	2.13528	0.5	73.1008	42.5588	0	-0.999914	-0.0131218	0	None	None
ChainingRodShaped	20262	2.15727	0.5	59.0617	19.3992	0	-0.914319	0.404996	0	None	None
ChainingRodShaped	20264	2.16629	0.5	36.724	0.887994	0	-0.490788	-0.871279	0	None	None
ChainingRodShaped	20266	2.16573	0.5	-56.1931	112.908	0	0.59409	0.804398	0	None	None
ChainingRodShaped	20268	2.14816	0.5	80.5084	65.794	0	-0.144193	0.98955	0	None	None
ChainingRodShaped	20270	2.20284	0.5	66.8321	21.2884	0	0.834862	-0.550459	0	None	None
ChainingRodShaped	20272	2.1554	0.5	22.9341	120.591	0	0.30153	-0.953457	0	None	None
ChainingRodShaped	20274	2.17879	0.5	-24.6963	-24.3089	0	-0.270876	0.962614	0	None	None
ChainingRodShaped	20276	2.11422	0.5	-7.01958	65.1168	0	-0.830847	0.5565	0	None	None
ChainingRodShaped	20278	2.11941	0.5	97.1384	33.3362	0	0.997542	0.0700705	0	None	None
ChainingRodShaped	20280	2.23251	0.5	36.7885	-13.4766	0	0.922063	-0.387039	0	None	None
ChainingRodShaped	20282	2.08311	0.5	57.2591	42.6229	0	-0.930565	-0.366126	0	None	None
ChainingRodShaped	20284	2.14761	0.5	50.4844	-0.103784	0	0.416598	-0.909091	0	None	None
ChainingRodShaped	20286	2.1458	0.5	14.9659	114.054	0	-0.0481775	-0.998839	0	None	None
ChainingRodShaped	20288	2.16789	0.5	-40.0718	65.3589	0	0.17932	-0.983791	0	None	None
ChainingRodShaped	20290	2.20601	0.5	83.6704	-10.8362	0	-0.244657	-0.96961	0	None	None
ChainingRodShaped	20292	2.12774	0.5	10.4683	-16.4409	0	0.999255	0.0386014	0	None	None
ChainingRodShaped	20294	2.09752	0.5	-27.9212	-14.1944	0	0.280808	-0.959764	0	None	None
ChainingRodShaped	20296	2.22268	0.5	63.629	-53.4725	0	-0.205011	-0.97876	0	None	None
ChainingRodShaped	20298	2.1761	0.5	5.95601	85.7458	0	-0.70025	-0.713897	0	None	None
ChainingRodShaped	20300	2.22485	0.5	-8.87347	51.8292	0	0.976742	-0.214419	0	None	None
ChainingRodShaped	20302	2.11431	0.5	55.9007	-18.4885	0	-0.459244	-0.88831	0	None	None
ChainingRodShaped	20304	2.14945	0.5	38.7813	50.1137	0	-0.399161	-0.916881	0	None	None
ChainingRodShaped	20306	2.07982	0.5	90.572	47.4502	0	-0.73101	-0.682367	0	None	None
ChainingRodShaped	20308	2.20302	0.5	99.8278	7.08416	0	0.923335	-0.383995	0	None	None
ChainingRodShaped	20310	2.18098	0.5	-93.7898	13.8791	0	-0.235763	0.971811	0	None	None
ChainingRodShaped	20312	2.07548	0.5	-14.7046	73.9323	0	-0.835307	0.549784	0	None	None
ChainingRodShaped	20314	2.19909	0.5	54.5533	34.8908	0	0.969674	-0.244403	0	None	None
ChainingRodShaped	20316	2.19683	0.5	50.3465	-18.3112	0	-0.490684	-0.871338	0	None	None
ChainingRodShaped	20318	2.19764	0.5	11.078	-55.7264	0	0.0615134	-0.998106	0	None	None
ChainingRodShaped	20320	2.18607	0.5	39.2936	8.51089	0	-0.562954	-0.826488	0	None	None
ChainingRodShaped	20322	2.18904	0.5	-2.93428	50.4033	0	0.951224	-0.3085	0	None	None
ChainingRodShaped	20324	2.16159	0.5	27.4974	35.6938	0	-0.0443455	0.999016	0	None	None
ChainingRodShaped	20326	2.1493	0.5	1.17267	29.6804	0	-0.977434	-0.211243	0	None	None
ChainingRodShaped	20328	2.20864	0.5	-3.72914	84.1925	0	0.0694129	-0.997588	0	None	None
ChainingRodShaped	20330	2.21397	0.5	19.5075	36.3746	0	-0.477573	0.878592	0	None	None
ChainingRodShaped	20332	2.20445	0.5	72.3456	-16.6779	0	0.113425	-0.993547	0	None	None
ChainingRodShaped	20334	2.19968	0.5	-55.0555	-11.3313	0	0.727692	0.685904	0	None	None
ChainingRodShaped	20336	2.09715	0.5	1.41864	-64.2235	0	0.886582	-0.462571	0	None	None
ChainingRodShaped	20338	2.15255	0.5	77.1174	-25.4015	0	0.381942	-0.924186	0	None	None
ChainingRodShaped	20340	2.17076	0.5	-71.1246	5.27194	0	0.858463	-0.512875	0	None	None
ChainingRodShaped	20342	2.2093	0.5	-20.8799	-15.0902	0	0.746061	0.665878	0	None	None
ChainingRodShaped	20344	2.07667	0.5	-36.8762	-49.0539	0	0.903477	0.428637	0	None	None
ChainingRodShaped	20346	2.09782	0.5	48.7033	21.7079	0	0.239907	-0.970796	0	None	None
ChainingRodShaped	20348	2.15029	0.5	57.5866	39.6334	0	-0.296639	-0.95499	0	None	None
ChainingRodShaped	20350	2.17307	0.5	-0.756969	41.3708	0	0.661115	-0.750284	0	None	None
ChainingRodShaped	20352	2.16555	0.5	-5.62914	31.6992	0	-0.973338	-0.229376	0	None	None
ChainingRodShaped	20354	2.15248	0.5	44.2959	37.8853	0	0.88105	0.473023	0	None	None
ChainingRodShaped	20356	2.10558	0.5	-16.5752	-20.0443	0	0.882964	0.46944	0	None	None
ChainingRodShaped	20358	2.16624	0.5	61.0085	-25.0574	0	0.0175996	0.999845	0	None	None
ChainingRodShaped	20360	2.12189	0.5	71.4376	74.9959	0	0.0170427	0.999855	0	None	None
ChainingRodShaped	20362	2.18974	0.5	10.4605	132.562	0	0.696493	0.717564	0	None	None
ChainingRodShaped	20364	2.17716	0.5	39.0749	17.246	0	-0.957582	-0.288161	0	None	None
ChainingRodShaped	20366	2.09823	0.5	34.049	-57.2919	0	-0.379708	-0.925106	0	None	None
ChainingRodShaped	20368	2.18621	0.5	10.6209	58.5696	0	0.787111	0.616812	0	None	None
ChainingRodShaped	20370	2.09605	0.5	45.6034	114.006	0	0.905677	0.423969	0	None	None
ChainingRodShaped	20372	2.07483	0.5	59.581	-0.135138	0	-0.303755	-0.95275	0	None	None
ChainingRodShaped	20374	2.07417	0.5	41.3755	-71.5473	0	-0.281393	0.959593	0	None	None
ChainingRodShaped	20376	2.06635	0.5	12.5623	117.229	0	-0.922322	-0.386422	0	None	None
ChainingRodShaped	20378	2.06735	0.5	54.6166	112.884	0	0.826089	0.56354	0	None	None
ChainingRodShaped	20380	2.13825	0.5	45.6162	-19.8635	0	-0.562909	-0.826519	0	None	None
ChainingRodShaped	20382	2.15608	0.5	53.596	-13.1284	0	-0.521347	-0.853345	0	None	None
ChainingRodShaped	20384	2.13528	0.5	40.2046	72.2308	0	0.796139	0.605113	0	None	None
ChainingRodShaped	20386	2.06588	0.5	-65.2976	2.97861	0	0.15241	-0.988317	0	None	None
ChainingRodShaped	20388	2.17682	0.5	17.1684	26.9781	0	0.35171	0.936109	0	None	None
ChainingRodShaped	20390	2.15856	0.5	85.6255	1.43016	0	-0.999824	-0.0187578	0	None	None
ChainingRodShaped	20392	2.08941	0.5	-33.8499	1.73575	0	-0.901132	-0.433545	0	None	None
ChainingRodShaped	20394	2.13503	0.5	34.6552	-7.82296	0	0.953953	-0.299955	0	None	None
ChainingRodShaped	20396	2.1725	0.5	36.6562	-1.71619	0	-0.508688	-0.860951	0	None	None
ChainingRodShaped	20398	2.10282	0.5	66.0646	79.9864	0	0.160242	0.987078	0	None	None
ChainingRodShaped	20400	2.10781	0.5	28.2492	-5.56408	0	-0.912724	-0.408577	0	None	None
ChainingRodShaped	20402	2.18752	0.5	-28.4791	42.8569	0	-0.829773	-0.558101	0	None	None
ChainingRodShaped	20404	2.1886	0.5	101.608	72.773	0	0.204918	-0.978779	0	None	None
ChainingRodShaped	20406	2.18064	0.5	-42.4665	72.394	0	0.729312	0.684181	0	None	None
ChainingRodShaped	20408	2.10553	0.5	80.304	71.56	0	0.984196	0.17708	0	None	None
ChainingRodShaped	20410	2.18507	0.5	-75.9042	-3.95479	0	-0.885324	0.464975	0	None	None
ChainingRodShaped	20412	2.17224	0.5	92.3884	-32.9867	0	-0.70617	-0.708043	0	None	None
ChainingRodShaped	20414	2.12711	0.5	-34.2898	60.7215	0	-0.106809	-0.99428	0	None	None
ChainingRodShaped	20416	2.13008	0.5	109.177	62.7347	0	-0.772433	0.635096	0	None	None
ChainingRodShaped	20418	2.11509	0.5	36.5927	30.2194	0	0.605305	0.795994	0	None	None
ChainingRodShaped	20420	2.16987	0.5	19.3973	76.6189	0	-0.862662	0.505782	0	None	None
ChainingRodShaped	20422	2.08959	0.5	42.0026	117.616	0	-0.546465	-0.837482	0	None	None
ChainingRodShaped	20424	2.08275	0.5	-34.9976	-45.1662	0	0.871302	0.490747	0	None	None
ChainingRodShaped	20426	2.1366	0.5	-38.7796	-39.8564	0	0.281922	-0.959437	0	None	None
ChainingRodShaped	20428	2.10444	0.5	74.32	8.73725	0	-0.98254	0.186049	0	None	None
ChainingRodShaped	20430	2.11894	0.5	94.7608	-11.7966	0	0.999062	0.043301	0	None	None
ChainingRodShaped	20432	2.16275	0.5	-30.5236	9.19028	0	-0.835843	-0.548969	0	None	None
ChainingRodShaped	20434	2.15016	0.5	-18.2592	112.94	0	0.332283	-0.94318	0	None	None
ChainingRodShaped	20436	2.0678	0.5	-47.7734	82.8676	0	0.489289	0.872121	0	None	None
ChainingRodShaped	20438	2.15118	0.5	10.6622	-10.0219	0	0.472022	-0.881587	0	None	None
ChainingRodShaped	20440	2.11842	0.5	-83.3265	58.1705	0	0.88907	-0.457771	0	None	None
ChainingRodShaped	20442	2.08368	0.5	-60.9837	106.48	0	-0.816025	0.578017	0	None	None
ChainingRodShaped	20444	2.16774	0.5	-36.1504	-12.6165	0	-0.419201	0.907894	0	None	None
ChainingRodShaped	20446	2.14532	0.5	-62.0679	-10.419	0	0.846072	-0.533069	0	None	None
ChainingRodShaped	20448	2.13976	0.5	-76.5441	34.6556	0	0.921889	0.387454	0	None	None
ChainingRodShaped	20450	2.13795	0.5	66.9466	85.8757	0	0.100451	0.994942	0	None	None
ChainingRodShaped	20452	2.06427	0.5	71.2601	-39.7996	0	0.241084	-0.970504	0	None	None
ChainingRodShaped	20454	2.15013	0.5	-4.19461	-57.8769	0	0.230777	-0.973007	0	None	None
ChainingRodShaped	20456	2.08905	0.5	-49.7325	84.6466	0	0.514421	0.857538	0	None	None
ChainingRodShaped	20458	2.08346	0.5	-44.0517	-12.7267	0	0.716015	0.698084	0	None	None
ChainingRodShaped	20460	2.07069	0.5	3.79377	115.064	0	0.446851	0.894608	0	None	None
ChainingRodShaped	20462	2.06516	0.5	-10.4671	19.6105	0	0.44452	-0.895769	0	None	None
ChainingRodShaped	20464	2.08193	0.5	-15.7933	-32.8256	0	0.701035	0.713127	0	None	None
ChainingRodShaped	20466	2.09341	0.5	-87.6695	5.29956	0	-0.823196	0.567757	0	None	None
ChainingRodShaped	20468	2.0602	0.5	-30.267	5.29738	0	-0.828066	-0.560631	0	None	None
ChainingRodShaped	20470	2.08975	0.5	46.5536	-11.502	0	0.972449	-0.233114	0	None	None
ChainingRodShaped	20472	2.09151	0.5	-64.7276	103.052	0	-0.191741	-0.981446	0	None	None
ChainingRodShaped	20474	2.05742	0.5	29.5749	25.339	0	0.000189265	-1	0	None	None
ChainingRodShaped	20476	2.13428	0.5	-28.5109	-14.517	0	-0.289871	0.957066	0	None	None
ChainingRodShaped	20478	2.08379	0.5	25.6246	89.5229	0	0.996656	0.0817116	0	None	None
ChainingRodShaped	20480	2.12638	0.5	76.7219	105.618	0	0.82561	-0.564241	0	None	None
ChainingRodShaped	20482	2.07313	0.5	35.0176	-9.60953	0	0.953941	-0.299994	0	None	None
ChainingRodShaped	20484	2.15473	0.5	61.4875	63.5421	0	0.270807	-0.962634	0	None	None
ChainingRodShaped	20486	2.11025	0.5	18.8641	135.355	0	0.833647	-0.552298	0	None	None
ChainingRodShaped	20488	2.06209	0.5	7.9187	-47.089	0	-0.0757961	-0.997123	0	None	None
ChainingRodShaped	20490	2.15382	0.5	23.0443	-19.1217	0	0.486968	-0.87342	0	None	None
ChainingRodShaped	20492	2.14671	0.5	41.33	29.1857	0	0.814042	0.580806	0	None	None
ChainingRodShaped	20494	2.05342	0.5	80.0461	86.3054	0	0.483714	-0.875226	0	None	None
ChainingRodShaped	20496	2.12354	0.5	-49.3062	-45.2393	0	0.608205	0.79378	0	None	None
ChainingRodShaped	20498	2.08295	0.5	-10.2875	32.9118	0	-0.880462	-0.474117	0	None	None
ChainingRodShaped	20500	2.14222	0.5	-66.601	22.6063	0	-0.650809	0.759241	0	None	None
ChainingRodShaped	20502	2.08459	0.5	-43.6689	96.4036	0	0.987497	-0.15764	0	None	None
ChainingRodShaped	20504	2.09523	0.5	-85.8382	16.3593	0	-0.610034	0.792375	0	None	None
ChainingRodShaped	20506	2.10557	0.5	-78.247	0.79827	0	-0.946231	0.323492	0	None	None
ChainingRodShaped	20508	2.05893	0.5	87.5761	21.8714	0	-0.28646	0.958092	0	None	None
ChainingRodShaped	20510	2.11279	0.5	42.5176	116.726	0	0.554719	0.832038	0	None	None
ChainingRodShaped	20512	2.12817	0.5	104.965	30.9077	0	-0.98142	-0.19187	0	None	None
ChainingRodShaped	20514	2.14476	0.5	1.70182	-3.11574	0	0.351697	-0.936114	0	None	None
ChainingRodShaped	20516	2.08579	0.5	-61.9001	97.3386	0	-0.88998	-0.456	0	None	None
ChainingRodShaped	20518	2.05646	0.5	111.93	-0.4295	0	-0.0852521	0.996359	0	None	None
ChainingRodShaped	20520	2.12555	0.5	-92.2285	28.0399	0	-0.334105	0.942536	0	None	None
ChainingRodShaped	20522	2.0822	0.5	90.8563	50.0861	0	-0.732326	-0.680954	0	None	None
ChainingRodShaped	20524	2.05673	0.5	95.9429	36.659	0	1	0.000611626	0	None	None
ChainingRodShaped	20526	2.10745	0.5	93.1758	-1.64783	0	-0.543259	-0.839565	0	None	None
ChainingRodShaped	20528	2.06016	0.5	81.898	-10.5478	0	-0.216458	-0.976292	0	None	None
ChainingRodShaped	20530	2.0836	0.5	-76.948	-24.8487	0	0.99591	0.0903534	0	None	None
ChainingRodShaped	20532	2.12209	0.5	-26.137	20.0014	0	0.933127	-0.359548	0	None	None
ChainingRodShaped	20534	2.08533	0.5	-72.3431	76.6515	0	0.765773	-0.643111	0	None	None
ChainingRodShaped	20536	2.09653	0.5	-76.6123	33.7054	0	0.92569	0.378283	0	None	None
ChainingRodShaped	20538	2.07199	0.5	62.7535	112.975	0	-0.427588	-0.903974	0	None	None
ChainingRodShaped	20540	2.12415	0.5	-12.3695	131.156	0	0.999992	-0.00402762	0	None	None
ChainingRodShaped	20542	2.06953	0.5	31.0811	-25.6508	0	-0.934358	-0.356335	0	None	None
ChainingRodShaped	20544	2.05333	0.5	41.0546	-16.2881	0	-0.507842	-0.86145	0	None	None
ChainingRodShaped	20546	2.09616	0.5	104.486	19.4775	0	0.264646	-0.964346	0	None	None
ChainingRodShaped	20548	2.07018	0.5	3.88106	-11.9739	0	-0.84307	0.537803	0	None	None
ChainingRodShaped	20550	2.12585	0.5	5.45335	17.5053	0	0.542487	0.840064	0	None	None
ChainingRodShaped	20552	2.06686	0.5	17.7933	-26.1009	0	-0.997231	0.074362	0	None	None
ChainingRodShaped	20554	2.0725	0.5	-2.06617	45.8642	0	0.675538	-0.737325	0	None	None
ChainingRodShaped	20556	2.10438	0.5	-44.6733	33.3542	0	-0.767926	-0.640539	0	None	None
ChainingRodShaped	20558	2.06771	0.5	91.6114	37.3525	0	0.978949	0.204106	0	None	None
ChainingRodShaped	20560	2.12297	0.5	48.7401	106.401	0	0.681615	0.731711	0	None	None
ChainingRodShaped	20562	2.05525	0.5	14.2215	103.147	0	-0.582107	-0.813112	0	None	None
ChainingRodShaped	20564	2.084	0.5	81.3461	58.5403	0	0.882719	0.469901	0	None	None
ChainingRodShaped	20566	2.09992	0.5	75.4009	20.1682	0	0.828561	-0.559899	0	None	None
ChainingRodShaped	20568	2.0482	0.5	5.6642	95.1803	0	-0.702817	-0.711371	0	None	None
ChainingRodShaped	20570	2.07621	0.5	39.9257	19.8157	0	0.981194	0.193023	0	None	None
ChainingRodShaped	20572	2.11892	0.5	-33.9618	-59.4235	0	-0.916202	-0.400716	0	None	None
ChainingRodShaped	20574	2.07463	0.5	4.51898	58.492	0	0.822334	0.569005	0	None	None
ChainingRodShaped	20576	2.11776	0.5	58.2505	50.1233	0	0.972631	0.232353	0	None	None
ChainingRodShaped	20578	2.08149	0.5	-14.0837	-9.30997	0	-0.775218	-0.631694	0	None	None
ChainingRodShaped	20580	2.06118	0.5	0.28037	127.565	0	0.182796	0.983151	0	None	None
ChainingRodShaped	20582	2.07532	0.5	-59.8853	-32.0388	0	0.738468	-0.674289	0	None	None
ChainingRodShaped	20584	2.07987	0.5	-4.57835	73.6878	0	0.872486	-0.488639	0	None	None
ChainingRodShaped	20586	2.0795	0.5	83.0539	86.8413	0	0.569717	-0.821841	0	None	None
ChainingRodShaped	20588	2.05901	0.5	30.8425	-74.09	0	0.552689	0.833387	0	None	None
ChainingRodShaped	20590	2.05771	0.5	-76.2429	8.29608	0	0.861393	-0.507939	0	None	None
ChainingRodShaped	20592	2.09501	0.5	82.5139	-40.0811	0	0.996417	0.0845792	0	None	None
ChainingRodShaped	20594	2.09665	0.5	26.7293	-51.9411	0	-0.662774	-0.748819	0	None	None
ChainingRodShaped	20596	2.06916	0.5	36.9048	28.3207	0	0.589477	0.807785	0	None	None
ChainingRodShaped	20598	2.11035	0.5	16.2657	-71.1418	0	0.986289	0.165024	0	None	None
ChainingRodShaped	20600	2.0726	0.5	51.0347	21.4034	0	0.135448	-0.990784	0	None	None
ChainingRodShaped	20602	2.08185	0.5	-18.4445	-24.1525	0	-0.857703	-0.514146	0	None	None
ChainingRodShaped	20604	2.09782	0.5	-5.77472	-33.3628	0	-0.371892	0.928276	0	None	None
ChainingRodShaped	20606	2.08035	0.5	-47.2457	-0.311311	0	0.00761507	0.999971	0	None	None
ChainingRodShaped	20608	2.08247	0.5	-26.2084	-2.76409	0	-0.347633	0.937631	0	None	None
ChainingRodShaped	20610	2.06558	0.5	-11.7428	9.34399	0	0.768418	-0.639948	0	None	None
ChainingRodShaped	20612	2.0534	0.5	-82.0541	19.1105	0	-0.204303	0.978908	0	None	None
ChainingRodShaped	20614	2.05545	0.5	97.0411	-30.1191	0	-0.153844	-0.988095	0	None	None
ChainingRodShaped	20616	2.09417	0.5	15.7114	-58.6386	0	0.452098	-0.891969	0	None	None
ChainingRodShaped	20618	2.0766	0.5	81.6283	-49.136	0	-0.226616	0.973984	0	None	None
ChainingRodShaped	20620	2.06822	0.5	87.143	-24.8619	0	0.543789	-0.839222	0	None	None
ChainingRodShaped	20622	2.06755	0.5	-41.4118	-25.1598	0	-0.880844	-0.473407	0	None	None
ChainingRodShaped	20624	2.03938	0.5	8.84372	4.76673	0	-0.452685	-0.891671	0	None	None
ChainingRodShaped	20626	2.06625	0.5	6.5601	-52.765	0	-0.736914	0.675986	0	None	None
ChainingRodShaped	20628	2.1029	0.5	-29.9378	-7.94662	0	-0.267217	0.963636	0	None	None
ChainingRodShaped	20630	2.03619	0.5	22.6416	68.9237	0	0.83988	0.542772	0	None	None
ChainingRodShaped	20632	2.05219	0.5	17.3795	86.2809	0	0.997962	0.0638113	0	None	None
ChainingRodShaped	20634	2.08296	0.5	-70.6889	35.5977	0	0.997154	0.0753935	0	None	None
ChainingRodShaped	20636	2.05422	0.5	48.466	83.6846	0	0.0532847	0.998579	0	None	None
ChainingRodShaped	20638	2.07316	0.5	16.3982	43.8176	0	0.477873	-0.878429	0	None	None
ChainingRodShaped	20640	2.07001	0.5	-77.5662	29.2992	0	-0.80215	-0.597123	0	None	None
ChainingRodShaped	20642	2.03948	0.5	31.1309	114.198	0	-0.223199	-0.974773	0	None	None
ChainingRodShaped	20644	2.07192	0.5	14.0652	-1.20463	0	0.128839	-0.991666	0	None	None
ChainingRodShaped	20646	2.06573	0.5	9.10111	49.49	0	-0.742909	-0.669392	0	None	None
ChainingRodShaped	20648	2.07229	0.5	88.8793	18.7894	0	0.242319	0.970197	0	None	None
ChainingRodShaped	20650	2.0835	0.5	-9.00085	48.7262	0	0.986346	-0.164687	0	None	None
ChainingRodShaped	20652	2.04831	0.5	4.84631	57.8749	0	0.82779	0.561038	0	None	None
ChainingRodShaped	20654	2.06926	0.5	-49.5351	-55.7961	0	-0.828128	-0.560538	0	None	None
ChainingRodShaped	20656	2.08397	0.5	-90.9872	0.882115	0	0.980212	-0.197952	0	None	None
ChainingRodShaped	20658	2.05517	0.5	66.537	98.5758	0	-0.222927	-0.974835	0	None	None
ChainingRodShaped	20660	2.08208	0.5	12.5187	128.097	0	0.878384	0.477956	0	None	None
ChainingRodShaped	20662	2.03326	0.5	22.8333	24.769	0	-0.0887576	-0.996053	0	None	None
ChainingRodShaped	20664	2.08704	0.5	24.61	-61.0217	0	-0.240593	0.970626	0	None	None
ChainingRodShaped	20666	2.07363	0.5	15.4356	48.0067	0	0.718743	0.695275	0	None	None
ChainingRodShaped	20668	2.04087	0.5	43.6618	-26.5456	0	-0.291982	-0.956424	0	None	None
ChainingRodShaped	20670	2.05503	0.5	35.4841	41.5503	0	-0.567991	0.823034	0	None	None
ChainingRodShaped	20672	2.04208	0.5	-35.6955	-31.6526	0	-0.235263	-0.971932	0	None	None
ChainingRodShaped	20674	2.04873	0.5	73.0536	44.9577	0	-0.999741	-0.0227396	0	None	None
ChainingRodShaped	20676	2.03269	0.5	110.395	38.9601	0	0.264708	0.964329	0	None	None
ChainingRodShaped	20678	2.06666	0.5	105.427	38.9592	0	0.999878	-0.0156067	0	None	None
ChainingRodShaped	20680	2.05458	0.5	3.37309	129.793	0	0.36973	-0.929139	0	None	None
ChainingRodShaped	20682	2.05302	0.5	64.7072	-52.9018	0	-0.214746	-0.97667	0	None	None
ChainingRodShaped	20684	2.07435	0.5	-42.5266	68.1343	0	-0.696607	-0.717453	0	None	None
ChainingRodShaped	20686	2.06819	0.5	-61.0933	24.6917	0	-0.999535	0.0304763	0	None	None
ChainingRodShaped	20688	2.05563	0.5	53.943	-31.305	0	0.488789	-0.872402	0	None	None
ChainingRodShaped	20690	2.06902	0.5	64.9553	78.4218	0	-0.0433387	-0.99906	0	None	None
ChainingRodShaped	20692	2.05668	0.5	-84.4611	42.6563	0	0.566362	0.824157	0	None	None
ChainingRodShaped	20694	2.04386	0.5	29.3535	13.7649	0	-0.190372	0.981712	0	None	None
ChainingRodShaped	20696	2.07622	0.5	111.926	-4.96043	0	-0.847111	-0.531416	0	None	None
ChainingRodShaped	20698	2.05398	0.5	10.0803	-29.58	0	-0.994132	0.108174	0	None	None
ChainingRodShaped	20700	2.03437	0.5	-75.612	84.0206	0	0.870945	0.49138	0	None	None
ChainingRodShaped	20702	2.04839	0.5	-32.4886	103.368	0	-0.740607	0.671938	0	None	None
ChainingRodShaped	20704	2.03146	0.5	10.9935	39.0438	0	-0.991041	0.133561	0	None	None
ChainingRodShaped	20706	2.07234	0.5	-47.3228	107.814	0	-0.957772	0.28753	0	None	None
ChainingRodShaped	20708	2.03222	0.5	38.2494	50.6601	0	-0.408258	-0.912866	0	None	None
ChainingRodShaped	20710	2.04975	0.5	-72.0159	54.4742	0	-0.888821	0.458254	0	None	None
ChainingRodShaped	20712	2.05126	0.5	-12.8835	123.9	0	-0.80521	-0.592989	0	None	None
ChainingRodShaped	20714	2.04674	0.5	-91.4387	38.4067	0	0.00299271	-0.999996	0	None	None
ChainingRodShaped	20716	2.03346	0.5	67.8234	-8.98561	0	0.42005	-0.907501	0	None	None
ChainingRodShaped	20718	2.04687	0.5	-7.50502	23.6076	0	0.516228	-0.856451	0	None	None
ChainingRodShaped	20720	2.03518	0.5	-47.9985	6.59444	0	0.997154	-0.0753893	0	None	None
ChainingRodShaped	20722	2.05016	0.5	-51.3048	41.5311	0	0.961767	0.273869	0	None	None
ChainingRodShaped	20724	2.05926	0.5	56.8349	83.9156	0	0.0482113	-0.998837	0	None	None
ChainingRodShaped	20726	2.04435	0.5	30.4582	76.4048	0	0.983123	0.182944	0	None	None
ChainingRodShaped	20728	2.0305	0.5	-50.7832	40.7947	0	0.873158	0.487437	0	None	None
ChainingRodShaped	20730	2.02856	0.5	19.5753	109.246	0	-0.433795	0.901011	0	None	None
ChainingRodShaped	20732	2.03616	0.5	23.2434	21.7077	0	0.0773968	0.997	0	None	None
ChainingRodShaped	20734	2.03161	0.5	-33.4279	-61.2293	0	-0.914698	-0.404138	0	None	None
ChainingRodShaped	20736	2.04475	0.5	42.3577	112.236	0	0.663999	0.747733	0	None	None
ChainingRodShaped	20738	2.0338	0.5	77.6405	39.1453	0	-0.991973	0.12645	0	None	None
ChainingRodShaped	20740	2.02738	0.5	-37.7562	-58.9339	0	-0.928372	-0.371652	0	None	None
ChainingRodShaped	20742	2.05863	0.5	-80.1155	-4.67288	0	-0.938391	-0.345576	0	None	None
ChainingRodShaped	20744	2.05685	0.5	43.5536	38.9706	0	-0.882984	-0.469404	0	None	None
ChainingRodShaped	20746	2.04727	0.5	62.444	107.963	0	-0.26859	-0.963255	0	None	None
ChainingRodShaped	20748	2.05379	0.5	-82.5023	-15.1412	0	0.979571	0.2011	0	None	None
ChainingRodShaped	20750	2.04806	0.5	-25.8744	125.645	0	0.904624	0.426211	0	None	None
ChainingRodShaped	20752	2.05763	0.5	11.628	-20.8517	0	0.991622	0.129174	0	None	None
ChainingRodShaped	20754	2.03353	0.5	-22.3439	93.5873	0	0.317741	-0.948177	0	None	None
ChainingRodShaped	20756	2.04863	0.5	-6.21952	5.6837	0	0.990405	0.138192	0	None	None
ChainingRodShaped	20758	2.02324	0.5	45.7843	26.6188	0	0.921421	0.388567	0	None	None
ChainingRodShaped	20760	2.03756	0.5	15.8834	2.92184	0	0.98567	-0.168684	0	None	None
ChainingRodShaped	20762	2.05012	0.5	37.8193	113.712	0	-0.723316	-0.690518	0	None	None
ChainingRodShaped	20764	2.04485	0.5	-25.3419	106.248	0	0.226301	-0.974057	0	None	None
ChainingRodShaped	20766	2.02031	0.5	72.1463	80.4407	0	-0.170671	0.985328	0	None	None
ChainingRodShaped	20768	2.04042	0.5	86.3546	39.237	0	-0.787484	-0.616335	0	None	None
ChainingRodShaped	20770	2.05176	0.5	42.405	99.8459	0	0.960127	0.279563	0	None	None
ChainingRodShaped	20772	2.05221	0.5	19.4619	-3.93493	0	-0.974065	0.226267	0	None	None
ChainingRodShaped	20774	2.02215	0.5	84.3917	24.0725	0	0.177423	0.984135	0	None	None
ChainingRodShaped	20776	2.05088	0.5	-4.02732	93.5094	0	-0.806575	-0.591132	0	None	None
ChainingRodShaped	20778	2.03996	0.5	40.9917	41.6913	0	0.889325	0.457276	0	None	None
ChainingRodShaped	20780	2.02313	0.5	-96.919	26.5887	0	-0.446528	0.89477	0	None	None
ChainingRodShaped	20782	2.04284	0.5	-33.2537	46.7744	0	0.423197	-0.906038	0	None	None
ChainingRodShaped	20784	2.01809	0.5	56.6086	95.9386	0	0.302843	-0.953041	0	None	None
ChainingRodShaped	20786	2.03721	0.5	-29.5117	126.143	0	0.475381	-0.87978	0	None	None
ChainingRodShaped	20788	2.03615	0.5	83.8881	98.8668	0	0.862845	-0.505468	0	None	None
ChainingRodShaped	20790	2.02544	0.5	107.032	47.5125	0	0.95637	0.292158	0	None	None
ChainingRodShaped	20792	2.03914	0.5	3.1969	8.76993	0	0.979108	0.203341	0	None	None
ChainingRodShaped	20794	2.03605	0.5	66.1232	-59.4217	0	-0.21553	-0.976497	0	None	None
ChainingRodShaped	20796	2.03484	0.5	12.1864	32.3801	0	0.975441	0.220259	0	None	None
ChainingRodShaped	20798	2.0212	0.5	-31.3535	-46.1407	0	0.866362	0.499417	0	None	None
ChainingRodShaped	20800	2.04481	0.5	68.5574	61.2247	0	0.258856	0.965916	0	None	None
ChainingRodShaped	20802	2.01969	0.5	23.3941	-12.4282	0	0.825917	-0.563791	0	None	None
ChainingRodShaped	20804	2.02278	0.5	-51.097	61.927	0	0.0756457	-0.997135	0	None	None
ChainingRodShaped	20806	2.04526	0.5	-32.3247	-56.6591	0	-0.915771	-0.401701	0	None	None
ChainingRodShaped	20808	2.02889	0.5	-9.49061	107.882	0	0.98378	0.179382	0	None	None
ChainingRodShaped	20810	2.02631	0.5	-78.5848	24.1118	0	0.182735	-0.983162	0	None	None
ChainingRodShaped	20812	2.02549	0.5	7.39373	33.2406	0	0.999511	0.0312724	0	None	None
ChainingRodShaped	20814	2.02431	0.5	9.56096	20.2155	0	-0.200192	0.979757	0	None	None
ChainingRodShaped	20816	2.02317	0.5	21.5555	103.303	0	-0.32398	0.946064	0	None	None
ChainingRodShaped	20818	2.0267	0.5	45.2946	66.484	0	0.0334395	-0.999441	0	None	None
ChainingRodShaped	20820	2.02608	0.5	-61.963	-6.7655	0	-0.930756	-0.365642	0	None	None
ChainingRodShaped	20822	2.02238	0.5	8.008	-15.4768	0	-0.460768	0.88752	0	None	None
ChainingRodShaped	20824	2.01592	0.5	95.7505	11.0359	0	0.532648	-0.846337	0	None	None
ChainingRodShaped	20826	2.0346	0.5	88.8727	29.7541	0	0.87999	-0.474992	0	None	None
ChainingRodShaped	20828	2.02198	0.5	-8.22598	-15.3637	0	-0.749151	0.6624	0	None	None
ChainingRodShaped	20830	2.02863	0.5	105.134	38.0351	0	0.99983	-0.0184192	0	None	None
ChainingRodShaped	20832	2.02934	0.5	-13.2944	67.7404	0	-0.82925	0.558877	0	None	None
ChainingRodShaped	20834	2.01985	0.5	19.8522	39.5217	0	0.484006	-0.875065	0	None	None
ChainingRodShaped	20836	2.02065	0.5	-24.0881	91.5062	0	-0.345882	0.938278	0	None	None
ChainingRodShaped	20838	2.02037	0.5	-43.3078	72.7452	0	0.73177	0.681552	0	None	None
ChainingRodShaped	20840	2.01288	0.5	-51.7083	10.1961	0	0.976499	-0.21552	0	None	None
ChainingRodShaped	20842	2.01536	0.5	101.062	50.1293	0	-0.894297	-0.447473	0	None	None
ChainingRodShaped	20844	2.02977	0.5	-62.5845	1.99703	0	0.126113	-0.992016	0	None	None
ChainingRodShaped	20846	2.02774	0.5	-48.2077	94.4412	0	0.525031	0.851083	0	None	None
ChainingRodShaped	20848	2.01224	0.5	-54.5859	2.63436	0	0.183927	-0.98294	0	None	None
ChainingRodShaped	20850	2.01034	0.5	24.9707	-71.5023	0	0.999615	-0.0277516	0	None	None
ChainingRodShaped	20852	2.01086	0.5	4.31189	7.02762	0	0.979717	0.200385	0	None	None
ChainingRodShaped	20854	2.01671	0.5	44.5844	15.507	0	-0.751799	-0.659393	0	None	None
ChainingRodShaped	20856	2.02682	0.5	-7.69352	21.0984	0	0.498381	-0.866958	0	None	None
ChainingRodShaped	20858	2.0263	0.5	8.13046	25.8267	0	0.999958	0.00912833	0	None	None
ChainingRodShaped	20860	2.01307	0.5	61.2957	112.041	0	-0.405066	-0.914287	0	None	None
ChainingRodShaped	20862	2.01236	0.5	38.7943	-17.2348	0	-0.426999	-0.904252	0	None	None
ChainingRodShaped	20864	2.01843	0.5	100.602	54.2194	0	-0.852829	-0.52219	0	None	None
ChainingRodShaped	20866	2.00905	0.5	51.4803	60.5526	0	-0.731851	-0.681465	0	None	None
ChainingRodShaped	20868	2.02407	0.5	47.3147	119.672	0	0.964055	0.265703	0	None	None
ChainingRodShaped	20870	2.0212	0.5	-8.66163	90.0752	0	-0.800285	-0.59962	0	None	None
ChainingRodShaped	20872	2.00902	0.5	107.226	30.3426	0	-0.980475	-0.196641	0	None	None
ChainingRodShaped	20874	2.02363	0.5	-2.35106	101.331	0	0.972519	0.232823	0	None	None
ChainingRodShaped	20876	2.01279	0.5	74.432	33.7727	0	0.82135	-0.570424	0	None	None
ChainingRodShaped	20878	2.0224	0.5	7.57841	95.9695	0	-0.680048	-0.733167	0	None	None
ChainingRodShaped	20880	2.01373	0.5	-41.0219	-47.5869	0	0.693628	-0.720334	0	None	None
ChainingRodShaped	20882	2.01066	0.5	64.5946	0.295258	0	-0.972625	0.23238	0	None	None
ChainingRodShaped	20884	2.0126	0.5	55.592	-3.64362	0	0.337469	-0.941337	0	None	None
ChainingRodShaped	20886	2.01885	0.5	91.9601	25.4486	0	0.885331	-0.464961	0	None	None
ChainingRodShaped	20888	2.01947	0.5	103.116	-7.81081	0	-0.792556	-0.609799	0	None	None
ChainingRodShaped	20890	2.01007	0.5	-89.6201	37.5567	0	-0.00595024	-0.999982	0	None	None
ChainingRodShaped	20892	2.01283	0.5	-25.8715	34.5417	0	0.802125	-0.597156	0	None	None
ChainingRodShaped	20894	2.01389	0.5	95.6381	61.2706	0	-0.422667	-0.906285	0	None	None
ChainingRodShaped	20896	2.01056	0.5	-56.2018	-4.69625	0	-0.955231	-0.29586	0	None	None
ChainingRodShaped	20898	2.01198	0.5	51.1727	87.0743	0	0.329394	-0.944192	0	None	None
ChainingRodShaped	20900	2.01155	0.5	87.2251	-31.6415	0	-0.549197	0.835693	0	None	None
ChainingRodShaped	20902	2.01529	0.5	21.6883	100.524	0	-0.355644	-0.934622	0	None	None
ChainingRodShaped	20904	2.01156	0.5	-25.0696	128.11	0	0.910811	0.412825	0	None	None
ChainingRodShaped	20906	2.01051	0.5	104.859	76.8528	0	0.289077	-0.957306	0	None	None
ChainingRodShaped	20908	2.01156	0.5	-52.0652	-27.6459	0	0.611917	0.790922	0	None	None
ChainingRodShaped	20910	2.01407	0.5	-51.8935	78.6285	0	0.684419	0.729089	0	None	None
ChainingRodShaped	20912	2.0063	0.5	-40.7367	28.7384	0	0.942186	0.335091	0	None	None
ChainingRodShaped	20914	2.01109	0.5	84.2084	-5.19011	0	-0.41889	-0.908037	0	None	None
ChainingRodShaped	20916	2.00523	0.5	-25.7506	59.4859	0	0.749727	-0.661747	0	None	None
ChainingRodShaped	20918	2.01024	0.5	32.6922	48.5691	0	0.421045	0.90704	0	None	None
ChainingRodShaped	20920	2.0073	0.5	-34.7784	-29.1844	0	-0.0749524	0.997187	0	None	None
ChainingRodShaped	20922	2.00903	0.5	22.5455	108.241	0	0.320056	-0.947398	0	None	None
ChainingRodShaped	20924	2.01117	0.5	71.3427	65.863	0	0.590345	0.807151	0	None	None
ChainingRodShaped	20926	2.0084	0.5	-79.9223	13.792	0	-0.228653	0.973508	0	None	None
ChainingRodShaped	20928	2.00427	0.5	63.3042	57.1011	0	0.606207	0.795307	0	None	None
ChainingRodShaped	20930	2.00636	0.5	-38.5004	52.8705	0	0.252267	-0.967658	0	None	None
ChainingRodShaped	20932	2.00945	0.5	53.0392	-65.6696	0	-0.754727	-0.656039	0	None	None
ChainingRodShaped	20934	2.00478	0.5	80.5583	-2.55929	0	-0.999906	-0.0136913	0	None	None
ChainingRodShaped	20936	2.0072	0.5	81.522	6.90073	0	0.997185	0.0749817	0	None	None
ChainingRodShaped	20938	2.00746	0.5	55.9628	-9.96701	0	-0.017588	-0.999845	0	None	None
ChainingRodShaped	20940	2.00614	0.5	92.9669	45.4429	0	-0.831761	-0.555134	0	None	None
ChainingRodShaped	20942	2.00273	0.5	-45.4879	-54.1697	0	-0.835033	-0.5502	0	None	None
ChainingRodShaped	20944	2.00584	0.5	7.69301	-18.3764	0	0.999658	0.0261547	0	None	None
ChainingRodShaped	20946	2.00383	0.5	9.86354	60.653	0	0.805316	0.592845	0	None	None
ChainingRodShaped	20948	2.00205	0.5	38.814	96.2315	0	0.268091	0.963394	0	None	None
ChainingRodShaped	20950	2.00302	0.5	79.405	-20.4852	0	-0.158274	0.987395	0	None	None
ChainingRodShaped	20952	2.00327	0.5	-34.4043	-37.2924	0	0.226647	0.973977	0	None	None
ChainingRodShaped	20954	2.00133	0.5	29.4336	-68.1129	0	0.153618	-0.98813	0	None	None
ChainingRodShaped	20956	2.00196	0.5	-26.429	59.1056	0	0.749245	-0.662293	0	None	None
ChainingRodShaped	20958	2.00064	0.5	-55.6005	105.155	0	-0.996028	-0.0890459	0	None	None
ChainingRodShaped	20960	2.00063	0.5	83.1257	48.3399	0	-0.780629	-0.624995	0	None	None
ChainingRodShaped	20962	2.00084	0.5	19.6834	24.8718	0	-0.146317	-0.989238	0	None	None
