cell_type	cell_id	length	radius	pos_x	pos_y	pos_z	ori_x	ori_y	ori_z	lower_link	upper_link
ChainingRodShaped	2884	4.63303	0.5	47.3974	56.7568	0	-0.821324	0.570462	0	None	None
ChainingRodShaped	3120	4.2903	0.5	231.137	132.95	0	0.985129	-0.171817	0	3121	None
ChainingRodShaped	3514	4.10326	0.5	39.4237	94.2796	0	0.107147	0.994243	0	3515	1197
ChainingRodShaped	4606	3.07396	0.5	49.1703	40.7177	0	0.402822	-0.915278	0	None	None
ChainingRodShaped	5218	2.8294	0.5	-13.4839	98.8092	0	-0.955126	-0.2962	0	None	None
ChainingRodShaped	3874	3.40488	0.5	-89.2308	16.0698	0	0.526287	0.850307	0	3875	1899
ChainingRodShaped	3506	3.54516	0.5	19.6309	97.9771	0	0.995434	0.0954477	0	None	None
ChainingRodShaped	3388	4.14945	0.5	109.531	35.0844	0	0.999997	-0.00239571	0	3389	2327
ChainingRodShaped	5234	2.52522	0.5	26.831	84.3349	0	0.981953	0.189127	0	None	None
ChainingRodShaped	3382	4.18264	0.5	-19.3172	90.1545	0	-0.588876	0.808223	0	None	None
ChainingRodShaped	3264	3.90906	0.5	21.0314	62.5767	0	-0.517748	0.855533	0	None	None
ChainingRodShaped	4008	3.56548	0.5	-100.045	-80.9041	0	0.984378	-0.176066	0	4009	2593
ChainingRodShaped	3598	3.53583	0.5	-12.3822	-24.785	0	0.849113	-0.528211	0	3599	4139
ChainingRodShaped	3130	3.68092	0.5	33.9856	84.6855	0	0.915728	-0.401798	0	None	None
ChainingRodShaped	4110	4.30938	0.5	33.1641	62.9471	0	0.547621	0.836726	0	None	None
ChainingRodShaped	2042	4.18236	0.5	80.7487	64.3705	0	0.15765	-0.987495	0	4472	4021
ChainingRodShaped	2168	4.27473	0.5	124.953	111.629	0	0.0528415	0.998603	0	2169	2405
ChainingRodShaped	4952	3.21005	0.5	-11.3007	91.9416	0	-0.577894	0.816112	0	None	None
ChainingRodShaped	2406	4.3993	0.5	1.31003	92.341	0	0.996237	0.0866688	0	None	None
ChainingRodShaped	4728	3.2307	0.5	-6.65369	71.2484	0	0.736092	-0.676882	0	None	None
ChainingRodShaped	2482	4.34267	0.5	12.3985	86.1751	0	0.981252	0.192728	0	None	None
ChainingRodShaped	3500	3.38757	0.5	17.735	92.8569	0	0.587193	0.809447	0	None	None
ChainingRodShaped	3994	3.10269	0.5	1.82463	74.1452	0	-0.675044	0.737777	0	None	None
ChainingRodShaped	3724	2.76425	0.5	-59.1625	-33.2429	0	-0.575133	0.81806	0	3725	4227
ChainingRodShaped	3958	4.55914	0.5	33.7706	62.2247	0	0.550263	0.834992	0	None	None
ChainingRodShaped	3304	3.10356	0.5	63.0481	14.6422	0	-0.148391	0.988929	0	3305	1765
ChainingRodShaped	2574	4.61626	0.5	-127.361	-73.6091	0	0.957583	-0.288158	0	2575	5299
ChainingRodShaped	5724	2.19661	0.5	25.1754	35.933	0	0.975683	-0.219188	0	None	None
ChainingRodShaped	5810	2.09477	0.5	20.4707	26.7529	0	-0.788942	0.614468	0	None	None
ChainingRodShaped	3504	4.77996	0.5	15.5609	50.1213	0	0.913767	-0.406238	0	None	None
ChainingRodShaped	5072	2.81103	0.5	-31.9939	49.0088	0	-0.999887	0.0150146	0	None	None
ChainingRodShaped	3852	3.28902	0.5	50.0328	57.4673	0	0.882171	-0.470928	0	None	None
ChainingRodShaped	5372	2.43114	0.5	35.157	49.5642	0	0.919125	0.393966	0	None	None
ChainingRodShaped	2290	4.34346	0.5	-49.4659	68.9134	0	0.916339	0.400402	0	None	None
ChainingRodShaped	4088	3.88461	0.5	-1.41065	26.0158	0	0.994869	-0.101174	0	None	None
ChainingRodShaped	4304	4.03671	0.5	-24.2761	59.0683	0	-0.529711	-0.848178	0	None	None
ChainingRodShaped	3022	3.7021	0.5	-30.3286	72.3886	0	0.883284	0.468838	0	None	None
ChainingRodShaped	3084	4.37005	0.5	20.1701	97.0522	0	0.995575	0.0939733	0	None	None
ChainingRodShaped	4844	3.42038	0.5	49.4603	23.6745	0	0.951848	-0.306571	0	None	None
ChainingRodShaped	5278	2.86235	0.5	25.7016	56.4048	0	-0.47795	0.878387	0	None	None
ChainingRodShaped	3718	3.65039	0.5	72.725	96.3258	0	0.540074	-0.841618	0	3719	3345
ChainingRodShaped	4938	2.67035	0.5	3.56224	82.4018	0	-0.856476	0.516188	0	None	None
ChainingRodShaped	4802	2.93112	0.5	-0.108541	24.173	0	0.99663	-0.0820305	0	None	None
ChainingRodShaped	3328	4.75087	0.5	-18.9648	79.5969	0	-0.443516	0.896266	0	None	None
ChainingRodShaped	2212	4.75331	0.5	167.205	144.145	0	0.997877	-0.0651277	0	2213	5839
ChainingRodShaped	4336	4.03797	0.5	53.7775	46.0496	0	-0.459621	0.888115	0	None	None
ChainingRodShaped	1742	4.63799	0.5	48.4748	-31.1043	0	0.776163	0.630532	0	3850	2443
ChainingRodShaped	3900	3.40862	0.5	135.061	58.3312	0	0.123359	0.992362	0	3901	2197
ChainingRodShaped	4628	2.55601	0.5	-56.3494	-66.3933	0	0.491014	0.871152	0	4629	2569
ChainingRodShaped	5578	2.16306	0.5	-46.5628	48.2449	0	-0.901978	0.431783	0	None	None
ChainingRodShaped	5670	2.16289	0.5	-8.20328	81.8744	0	0.65633	-0.754474	0	None	None
ChainingRodShaped	4038	3.67126	0.5	-4.29142	85.7079	0	-0.678011	0.735051	0	None	None
ChainingRodShaped	3536	3.29787	0.5	0.790122	22.5191	0	0.999692	0.0248287	0	None	None
ChainingRodShaped	3004	3.91549	0.5	-23.3586	58.9591	0	-0.538177	-0.842832	0	None	None
ChainingRodShaped	5118	2.63067	0.5	-1.42593	18.8378	0	0.993626	0.112729	0	None	None
ChainingRodShaped	5774	2.06103	0.5	36.0014	63.8662	0	0.55829	0.829646	0	None	None
ChainingRodShaped	3296	3.67856	0.5	-21.2767	78.0335	0	0.903382	0.428836	0	None	None
ChainingRodShaped	4406	3.70943	0.5	-28.1276	52.4482	0	-0.427717	-0.903913	0	None	None
ChainingRodShaped	2392	3.96821	0.5	53.925	53.0285	0	-0.335129	0.942172	0	2393	1895
ChainingRodShaped	2718	4.38225	0.5	-15.1141	59.7275	0	-0.373515	0.927624	0	None	None
ChainingRodShaped	5250	2.44603	0.5	47.8985	5.75859	0	-0.135745	0.990744	0	None	None
ChainingRodShaped	2922	4.67836	0.5	-42.9079	-2.58363	0	0.686894	-0.726758	0	2923	3529
ChainingRodShaped	3522	3.23216	0.5	3.18084	34.1888	0	-0.720837	0.693105	0	None	None
ChainingRodShaped	5040	2.77191	0.5	-7.27514	88.0076	0	-0.586646	0.809843	0	None	None
ChainingRodShaped	4016	4.01736	0.5	15.1509	52.281	0	0.912638	-0.408769	0	None	None
ChainingRodShaped	2812	4.39535	0.5	-83.9085	-9.22575	0	-0.668976	0.743284	0	2813	5179
ChainingRodShaped	3784	3.95132	0.5	-36.076	44.339	0	-0.990055	0.14068	0	None	None
ChainingRodShaped	2544	4.0607	0.5	29.8168	44.1897	0	0.673107	0.739545	0	None	None
ChainingRodShaped	3760	3.2093	0.5	6.06485	59.1836	0	0.801825	-0.597559	0	None	None
ChainingRodShaped	2148	4.43375	0.5	25.3352	83.0651	0	0.98007	0.198654	0	None	None
ChainingRodShaped	2872	4.04104	0.5	24.723	22.0256	0	-0.0608535	0.998147	0	None	None
ChainingRodShaped	2124	4.70951	0.5	-5.42476	49.4446	0	-0.353211	0.935544	0	None	None
ChainingRodShaped	3052	4.35749	0.5	-54.36	51.5245	0	-0.894583	0.446901	0	None	None
ChainingRodShaped	4652	3.47932	0.5	-0.715491	25.0886	0	0.995759	-0.0919972	0	None	None
ChainingRodShaped	4142	3.71797	0.5	-21.3925	96.9578	0	0.975316	-0.220813	0	None	None
ChainingRodShaped	5678	2.13061	0.5	-49.706	31.9988	0	0.815931	0.57815	0	None	None
ChainingRodShaped	5498	2.27439	0.5	85.3121	49.9648	0	0.509209	-0.860643	0	5499	3009
ChainingRodShaped	4108	3.65667	0.5	-6.06562	71.8575	0	0.729289	-0.684206	0	None	None
ChainingRodShaped	5042	2.41784	0.5	28.925	16.6109	0	0.714842	0.699286	0	None	None
ChainingRodShaped	5140	2.77644	0.5	-3.69448	-0.777049	0	0.977966	-0.208764	0	None	None
ChainingRodShaped	4524	2.85547	0.5	27.3772	85.3955	0	0.983796	0.179291	0	None	None
ChainingRodShaped	3484	4.63615	0.5	3.26276	57.9023	0	0.821168	-0.570686	0	None	None
ChainingRodShaped	3538	3.39379	0.5	5.31043	40.6749	0	-0.839742	0.542986	0	None	None
ChainingRodShaped	2582	4.55203	0.5	24.644	29.6287	0	-0.793567	0.608482	0	None	None
ChainingRodShaped	3640	3.66238	0.5	140.956	139.559	0	0.863611	0.504159	0	3641	4371
ChainingRodShaped	3244	4.74014	0.5	-35.4879	-2.74751	0	0.963859	-0.266412	0	None	None
ChainingRodShaped	5450	2.31492	0.5	50.1002	108.113	0	0.982764	0.184864	0	5451	2283
ChainingRodShaped	5834	2.08695	0.5	38.4639	27.3981	0	0.123036	-0.992402	0	None	None
ChainingRodShaped	5668	2.15448	0.5	23.9536	84.7382	0	0.993367	0.114985	0	None	None
ChainingRodShaped	4522	2.72628	0.5	-34.8554	-0.707635	0	-0.983063	0.18327	0	None	None
ChainingRodShaped	3988	3.88226	0.5	-22.4699	80.6906	0	0.999987	0.0050167	0	None	None
ChainingRodShaped	4052	3.63077	0.5	18.843	71.5359	0	0.0782413	0.996934	0	None	None
ChainingRodShaped	5006	2.24644	0.5	-74.7767	-80.9535	0	0.958568	0.284864	0	5007	5595
ChainingRodShaped	4810	2.5813	0.5	15.9527	-38.6377	0	0.97305	-0.230595	0	4811	5045
ChainingRodShaped	5310	2.66672	0.5	-47.9967	26.8697	0	-0.334414	0.942426	0	None	None
ChainingRodShaped	3206	3.57709	0.5	39.9036	25.0174	0	-0.55421	-0.832377	0	None	None
ChainingRodShaped	3034	4.62652	0.5	39.6337	62.3777	0	-0.527345	-0.849651	0	None	None
ChainingRodShaped	3266	4.51256	0.5	-45.912	51.9705	0	-0.906584	0.422026	0	None	None
ChainingRodShaped	5740	2.12371	0.5	-0.84813	67.7553	0	0.787971	-0.615712	0	None	None
ChainingRodShaped	3160	3.59079	0.5	-154.97	-65.9438	0	0.968888	-0.247501	0	3161	2219
ChainingRodShaped	5144	2.87047	0.5	19.6805	94.1167	0	0.150876	0.988553	0	None	None
ChainingRodShaped	2398	4.98288	0.5	40.2296	32.6468	0	-0.302206	-0.953243	0	None	None
ChainingRodShaped	3030	4.24062	0.5	-53.638	52.2209	0	-0.900869	0.434091	0	None	None
ChainingRodShaped	5566	2.10845	0.5	207.185	137.207	0	0.983128	-0.182921	0	5567	4571
ChainingRodShaped	3544	3.83231	0.5	26.4357	21.8835	0	-0.0446093	0.999005	0	None	None
ChainingRodShaped	5158	2.41762	0.5	38.6871	18.0114	0	-0.884192	0.467124	0	None	None
ChainingRodShaped	3136	4.68677	0.5	129.036	88.7133	0	-0.325446	0.945561	0	3137	1547
ChainingRodShaped	4280	3.74177	0.5	-39.6077	61.3356	0	0.824972	-0.565173	0	None	None
ChainingRodShaped	5776	2.15881	0.5	-35.8985	37.699	0	0.776631	0.629955	0	None	None
ChainingRodShaped	4224	3.16931	0.5	-16.2424	22.7071	0	0.687539	-0.726147	0	None	None
ChainingRodShaped	3638	3.46853	0.5	63.3454	-6.28357	0	0.183824	0.982959	0	3639	4467
ChainingRodShaped	5570	2.43688	0.5	-35.7051	-4.75849	0	-0.977513	0.210873	0	None	None
ChainingRodShaped	5640	2.18832	0.5	-5.53063	-3.23776	0	0.66334	-0.748318	0	None	None
ChainingRodShaped	4352	3.29884	0.5	-13.0512	0.133128	0	0.0969601	0.995288	0	None	None
ChainingRodShaped	2494	4.13686	0.5	-47.9425	41.5525	0	0.381057	0.924552	0	None	None
ChainingRodShaped	3272	4.15545	0.5	-3.66465	44.7211	0	-0.625739	0.780033	0	None	None
ChainingRodShaped	4064	3.7418	0.5	-7.52775	5.77604	0	0.693707	-0.720257	0	None	None
ChainingRodShaped	3648	4.4842	0.5	-56.3299	60.5648	0	-0.870489	-0.492189	0	None	None
ChainingRodShaped	3494	4.12985	0.5	-49.4904	49.505	0	-0.658977	0.752164	0	None	None
ChainingRodShaped	3002	3.71218	0.5	16.2264	24.7993	0	-0.654482	0.756078	0	None	None
ChainingRodShaped	3200	4.22393	0.5	-62.3168	19.9257	0	0.801471	-0.598034	0	3201	3067
ChainingRodShaped	2560	4.82016	0.5	-18.7755	76.1922	0	0.933289	0.359126	0	None	None
ChainingRodShaped	3770	3.19031	0.5	17.9784	71.9391	0	0.0833029	0.996524	0	None	None
ChainingRodShaped	4374	4.13033	0.5	-31.2205	49.8709	0	-0.99996	-0.00899766	0	None	None
ChainingRodShaped	5414	2.50495	0.5	23.6894	63.3188	0	-0.528542	0.848907	0	None	None
ChainingRodShaped	3722	3.93479	0.5	-50.789	53.5945	0	-0.986396	0.164384	0	None	None
ChainingRodShaped	2178	4.93506	0.5	-32.7117	41.5925	0	0.970581	0.240777	0	None	None
ChainingRodShaped	4608	2.95919	0.5	29.6417	56.3397	0	-0.413174	0.910652	0	None	None
ChainingRodShaped	2790	4.91032	0.5	20.7695	45.1991	0	0.923249	-0.384201	0	None	None
ChainingRodShaped	5408	2.59335	0.5	18.5386	27.4634	0	-0.655943	0.754811	0	None	None
ChainingRodShaped	4080	2.87108	0.5	38.1587	38.2824	0	0.343102	0.939298	0	None	None
ChainingRodShaped	4690	2.70472	0.5	27.505	86.4089	0	0.988295	0.152553	0	None	None
ChainingRodShaped	4758	2.42502	0.5	59.0234	35.1133	0	-0.227697	0.973732	0	4759	2501
ChainingRodShaped	3794	4.81882	0.5	18.0739	31.3571	0	-0.818329	0.574751	0	None	None
ChainingRodShaped	5716	2.19878	0.5	11.5546	51.1026	0	0.942507	-0.334187	0	None	None
ChainingRodShaped	4234	3.78124	0.5	18.2495	-11.7806	0	0.910745	0.41297	0	None	None
ChainingRodShaped	4674	2.65751	0.5	-43.3854	32.0537	0	0.309227	0.950988	0	None	None
ChainingRodShaped	2140	4.05547	0.5	79.0957	76.704	0	0.13495	-0.990852	0	4630	4473
ChainingRodShaped	4744	2.77981	0.5	43.8068	72.329	0	0.375299	-0.926904	0	None	None
ChainingRodShaped	4624	3.75186	0.5	54.1531	28.311	0	0.861083	-0.508465	0	None	None
ChainingRodShaped	2656	4.5154	0.5	-1.89322	23.482	0	0.997403	-0.0720189	0	None	None
ChainingRodShaped	5674	2.18461	0.5	15.728	31.9118	0	-0.813872	0.581044	0	None	None
ChainingRodShaped	5522	2.24503	0.5	-17.3671	27.0348	0	0.107469	-0.994208	0	None	None
ChainingRodShaped	4994	2.601	0.5	43.1016	76.3064	0	-0.419362	0.907819	0	4995	3395
ChainingRodShaped	4854	2.83819	0.5	9.5733	20.9855	0	0.879792	0.475359	0	None	None
ChainingRodShaped	4436	3.97996	0.5	23.2612	62.3445	0	-0.52006	0.85413	0	None	None
ChainingRodShaped	4442	3.78492	0.5	46.6884	20.5239	0	-0.470118	0.882604	0	None	None
ChainingRodShaped	3730	3.50111	0.5	-28.0308	15.822	0	0.480595	0.876943	0	None	None
ChainingRodShaped	4432	3.73597	0.5	-1.724	31.5423	0	-0.717522	0.696536	0	None	None
ChainingRodShaped	3240	3.75915	0.5	18.0152	78.3158	0	-0.699075	0.715048	0	None	None
ChainingRodShaped	5162	2.7128	0.5	28.5676	-0.577987	0	0.990941	0.134299	0	None	None
ChainingRodShaped	3292	3.86453	0.5	14.0617	74.6146	0	-0.700856	0.713303	0	None	None
ChainingRodShaped	1972	4.90794	0.5	15.9316	49.06	0	0.917783	-0.397083	0	None	None
ChainingRodShaped	3430	4.89862	0.5	28.7996	21.5462	0	-0.531635	0.846974	0	None	None
ChainingRodShaped	2086	4.78011	0.5	-115.815	-77.0471	0	0.960372	-0.27872	0	5298	4455
ChainingRodShaped	2454	4.91553	0.5	-6.29447	43.9313	0	-0.581964	0.813214	0	None	None
ChainingRodShaped	3854	4.65515	0.5	17.4758	94.2441	0	0.665272	0.746601	0	None	None
ChainingRodShaped	3664	4.05771	0.5	-31.0417	2.42841	0	-0.898819	-0.43832	0	None	None
ChainingRodShaped	2908	3.89133	0.5	127.541	42.4365	0	0.70981	0.704394	0	2909	3931
ChainingRodShaped	5502	2.31942	0.5	-61.1538	34.8986	0	-0.329483	0.944162	0	None	None
ChainingRodShaped	5264	2.63757	0.5	-23.1103	29.0465	0	0.763309	0.646034	0	None	None
ChainingRodShaped	4576	2.64803	0.5	-39.1128	59.9041	0	0.830585	-0.556892	0	None	None
ChainingRodShaped	4002	3.93451	0.5	20.702	20.7413	0	0.680663	0.732596	0	None	None
ChainingRodShaped	4654	3.42223	0.5	-54.9599	30.0869	0	0.753748	0.657164	0	None	None
ChainingRodShaped	5420	2.4105	0.5	0.184657	-5.68574	0	0.841262	-0.540628	0	None	None
ChainingRodShaped	2746	4.50069	0.5	26.8434	-6.22655	0	0.87366	-0.486537	0	None	None
ChainingRodShaped	3258	4.05946	0.5	-8.05784	79.0744	0	-0.708765	0.705445	0	None	None
ChainingRodShaped	4530	3.63097	0.5	-38.726	58.5704	0	0.836098	-0.548579	0	None	None
ChainingRodShaped	5002	2.72189	0.5	-33.8401	-1.87355	0	-0.999942	0.0108015	0	None	None
ChainingRodShaped	5080	2.43025	0.5	0.904383	-5.08296	0	0.824549	-0.565791	0	None	None
ChainingRodShaped	3842	3.38788	0.5	4.90703	48.2413	0	0.932212	-0.361913	0	None	None
ChainingRodShaped	5098	3.06861	0.5	-26.4609	94.439	0	-0.888947	0.45801	0	None	None
ChainingRodShaped	4220	3.61446	0.5	-23.0843	94.28	0	-0.957569	0.288205	0	None	None
ChainingRodShaped	5146	2.54343	0.5	-52.6649	-49.9285	0	-0.0950044	0.995477	0	5147	3683
ChainingRodShaped	4540	3.53407	0.5	-20.7106	90.4597	0	-0.589223	0.807971	0	None	None
ChainingRodShaped	2682	4.81612	0.5	-43.1691	59.3754	0	0.838796	-0.544446	0	None	None
ChainingRodShaped	2282	4.03299	0.5	58.5018	107.438	0	0.958699	-0.284423	0	2283	2345
ChainingRodShaped	2374	4.67235	0.5	13.8867	23.4313	0	-0.674443	0.738327	0	None	None
ChainingRodShaped	2874	4.59278	0.5	-41.863	59.5435	0	0.833307	-0.552811	0	None	None
ChainingRodShaped	4178	3.98443	0.5	37.8015	-1.19204	0	0.979649	0.200717	0	None	None
ChainingRodShaped	5380	2.39501	0.5	-23.0695	-2.3567	0	-0.686604	0.727031	0	None	None
ChainingRodShaped	1956	4.72752	0.5	7.0907	25.1662	0	-0.612798	0.790239	0	None	None
ChainingRodShaped	2306	4.93891	0.5	26.0705	49.9039	0	-0.461409	0.887188	0	None	None
ChainingRodShaped	3008	3.9023	0.5	91.3895	42.5553	0	0.73569	-0.677318	0	3009	2839
ChainingRodShaped	4760	3.43851	0.5	2.0625	93.3618	0	0.995321	0.0966238	0	None	None
ChainingRodShaped	4368	3.65424	0.5	39.1352	73.6005	0	0.785938	-0.618305	0	None	None
ChainingRodShaped	5620	2.36069	0.5	-7.48664	74.2545	0	0.842004	-0.539472	0	None	None
ChainingRodShaped	5602	2.27201	0.5	-41.0718	83.4998	0	0.925892	0.377788	0	None	None
ChainingRodShaped	2732	4.05752	0.5	14.871	23.6741	0	-0.669423	0.742881	0	None	None
ChainingRodShaped	4004	3.35661	0.5	23.6701	70.3417	0	-0.653285	0.757112	0	None	None
ChainingRodShaped	5830	2.05171	0.5	42.7785	32.3348	0	-0.860226	-0.509912	0	None	None
ChainingRodShaped	4422	4.07009	0.5	-23.0017	81.5469	0	0.999887	0.0150363	0	None	None
ChainingRodShaped	2438	3.64281	0.5	26.8672	-39.49	0	0.997504	0.0706034	0	5044	2403
ChainingRodShaped	3464	4.03108	0.5	-70.606	-21.4444	0	-0.761833	0.647773	0	3465	3493
ChainingRodShaped	4912	3.31273	0.5	27.5579	38.1748	0	-0.226929	0.973911	0	None	None
ChainingRodShaped	5856	2.05275	0.5	-2.76653	67.82	0	0.888068	-0.459712	0	None	None
ChainingRodShaped	3402	4.97526	0.5	17.2776	10.6854	0	0.861201	0.508265	0	None	None
ChainingRodShaped	4970	2.88316	0.5	-28.711	39.2516	0	-0.961012	-0.276507	0	None	None
ChainingRodShaped	3690	3.91546	0.5	-29.2814	40.7735	0	0.96632	0.257344	0	None	None
ChainingRodShaped	3524	3.26325	0.5	-7.85781	23.0467	0	0.998098	-0.0616467	0	None	None
ChainingRodShaped	2666	4.14437	0.5	14.1342	3.98408	0	0.373484	0.927636	0	None	None
ChainingRodShaped	2100	4.67895	0.5	30.8704	40.118	0	0.622316	0.782766	0	None	None
ChainingRodShaped	2936	3.94494	0.5	-28.0168	-14.78	0	0.828068	-0.560627	0	2937	3521
ChainingRodShaped	4356	2.92497	0.5	50.9058	42.073	0	0.308447	-0.951242	0	None	None
ChainingRodShaped	4484	3.70967	0.5	15.2508	42.7729	0	0.955831	-0.293918	0	None	None
ChainingRodShaped	4456	2.99598	0.5	33.3419	35.2289	0	0.28704	0.957919	0	None	None
ChainingRodShaped	4900	2.74755	0.5	16.0312	50.8415	0	0.909672	-0.415328	0	None	None
ChainingRodShaped	2928	4.42614	0.5	-18.4069	44.7936	0	-0.622837	0.782351	0	None	None
ChainingRodShaped	3830	3.5715	0.5	157.191	144.205	0	0.997552	0.0699273	0	3831	2213
ChainingRodShaped	2196	3.80864	0.5	135.032	67.4494	0	-0.113929	0.993489	0	2197	4421
ChainingRodShaped	5376	2.45649	0.5	4.11329	56.2471	0	0.826864	-0.562401	0	None	None
ChainingRodShaped	3734	4.73577	0.5	47.1639	59.5551	0	0.972394	-0.233343	0	None	None
ChainingRodShaped	5430	2.38914	0.5	-32.943	0.520894	0	-0.927962	-0.372676	0	None	None
ChainingRodShaped	3338	3.76362	0.5	10.8113	66.9114	0	-0.490221	0.871598	0	None	None
ChainingRodShaped	4444	2.71061	0.5	31.1828	34.1642	0	0.291016	0.956718	0	None	None
ChainingRodShaped	5582	2.23867	0.5	-6.28762	34.7289	0	-0.621447	0.783456	0	None	None
ChainingRodShaped	3546	3.67025	0.5	-50.6793	24.9859	0	0.102362	0.994747	0	None	None
ChainingRodShaped	5508	2.24369	0.5	-26.4691	30.9782	0	0.917207	0.398412	0	None	None
ChainingRodShaped	5060	2.41322	0.5	-2.82553	27.8897	0	0.996312	-0.0858078	0	None	None
ChainingRodShaped	3400	3.69641	0.5	18.111	-2.17641	0	-0.842272	-0.539052	0	None	None
ChainingRodShaped	4482	2.71748	0.5	46.1157	40.4816	0	-0.280761	-0.959778	0	None	None
ChainingRodShaped	4774	3.27236	0.5	-28.5749	24.8063	0	0.432652	0.901561	0	None	None
ChainingRodShaped	3342	4.71637	0.5	26.8337	70.9295	0	-0.666404	0.745591	0	None	None
ChainingRodShaped	4890	2.94825	0.5	-0.408501	26.7643	0	0.993808	-0.111115	0	None	None
ChainingRodShaped	3972	3.96377	0.5	-38.4889	37.0855	0	0.867354	0.497692	0	None	None
ChainingRodShaped	2338	4.45601	0.5	-20.1702	32.0308	0	0.960251	0.279138	0	None	None
ChainingRodShaped	5296	2.48243	0.5	4.54421	92.7926	0	-0.263953	-0.964536	0	None	None
ChainingRodShaped	4182	4.17606	0.5	-16.9615	-10.3236	0	0.949182	0.314729	0	None	None
ChainingRodShaped	2594	4.38315	0.5	4.39306	-34.2992	0	0.902981	-0.429681	0	5390	1989
ChainingRodShaped	3592	3.89878	0.5	40.6665	21.858	0	-0.898479	-0.439017	0	None	None
ChainingRodShaped	4446	3.83565	0.5	10.6104	71.2958	0	0.17005	0.985435	0	None	None
ChainingRodShaped	2974	3.7996	0.5	-33.1254	82.6187	0	0.274495	0.961589	0	None	None
ChainingRodShaped	3904	3.35754	0.5	222.372	134.482	0	0.984958	-0.172797	0	3905	3121
ChainingRodShaped	3878	3.63314	0.5	-20.4406	39.3668	0	0.879321	-0.47623	0	None	None
ChainingRodShaped	3028	3.32312	0.5	131.063	130.368	0	0.569592	0.821927	0	3029	1681
ChainingRodShaped	4536	3.69158	0.5	-38.914	-3.86643	0	-0.708753	0.705457	0	None	None
ChainingRodShaped	3218	4.39853	0.5	-0.386935	21.6279	0	0.999394	0.0348006	0	None	None
ChainingRodShaped	2218	4.59773	0.5	-144.419	-68.7107	0	0.96554	-0.260254	0	2219	4501
ChainingRodShaped	5116	2.93257	0.5	-41.6733	49.9552	0	-0.906598	0.421995	0	None	None
ChainingRodShaped	2418	4.42661	0.5	1.1258	30.0267	0	-0.725947	0.687751	0	None	None
ChainingRodShaped	4154	4.03003	0.5	36.7265	80.3276	0	0.611848	-0.790976	0	None	None
ChainingRodShaped	5132	2.88969	0.5	10.8448	5.24741	0	0.874714	0.48464	0	None	None
ChainingRodShaped	4478	3.21036	0.5	54.2724	30.2241	0	0.621071	-0.783754	0	None	None
ChainingRodShaped	4720	3.26341	0.5	3.44357	-17.2939	0	-0.979852	0.199723	0	None	None
ChainingRodShaped	2408	4.82354	0.5	15.6035	40.8402	0	0.957904	-0.28709	0	None	None
ChainingRodShaped	5174	2.53938	0.5	-45.9262	16.3767	0	-0.390263	0.920703	0	None	None
ChainingRodShaped	4042	3.9371	0.5	-1.72944	-3.03945	0	0.973591	-0.228297	0	None	None
ChainingRodShaped	4578	3.83979	0.5	37.301	25.9087	0	0.556018	-0.831171	0	None	None
ChainingRodShaped	4764	3.08463	0.5	-1.88057	45.0422	0	-0.641314	0.767279	0	None	None
ChainingRodShaped	5706	2.18246	0.5	0.769178	33.9998	0	-0.721408	0.692511	0	None	None
ChainingRodShaped	5206	2.70236	0.5	-39.6489	23.8343	0	-0.650811	0.75924	0	None	None
ChainingRodShaped	5064	2.47806	0.5	10.9124	80.5751	0	-0.997057	0.0766667	0	None	None
ChainingRodShaped	3552	3.74197	0.5	43.3823	53.8228	0	0.756406	-0.654102	0	None	None
ChainingRodShaped	5258	2.69153	0.5	-28.4356	49.1476	0	-0.999818	-0.0191012	0	None	None
ChainingRodShaped	4104	2.90568	0.5	36.655	15.5818	0	0.866317	0.499494	0	None	None
ChainingRodShaped	4670	2.8494	0.5	2.48542	41.8943	0	-0.642332	0.766426	0	None	None
ChainingRodShaped	4516	3.61297	0.5	34.7525	28.3113	0	-0.461377	0.887204	0	None	None
ChainingRodShaped	4350	4.06108	0.5	-9.8137	15.9331	0	0.863962	0.503557	0	None	None
ChainingRodShaped	2996	4.7082	0.5	16.9504	8.34113	0	0.551917	0.833899	0	None	None
ChainingRodShaped	2758	4.48137	0.5	-65.3853	-76.0681	0	0.801848	0.597529	0	5594	1573
ChainingRodShaped	3260	4.54552	0.5	12.0204	19.486	0	0.865105	0.501591	0	None	None
ChainingRodShaped	1896	4.91245	0.5	42.5313	47.1882	0	0.387138	0.922022	0	None	None
ChainingRodShaped	2760	4.57493	0.5	-18.6337	68.6446	0	0.980023	0.198883	0	None	None
ChainingRodShaped	2604	4.40419	0.5	28.1067	8.73754	0	0.542872	0.839816	0	None	None
ChainingRodShaped	3210	3.64574	0.5	-30.8081	-1.94892	0	-0.862051	-0.506822	0	None	None
ChainingRodShaped	3550	4.80453	0.5	10.6119	96.6423	0	-0.963621	-0.267273	0	None	None
ChainingRodShaped	2712	4.35806	0.5	18.7694	38.2564	0	0.977793	-0.209572	0	None	None
ChainingRodShaped	4800	2.52806	0.5	21.2249	44.0849	0	0.924866	-0.380294	0	None	None
ChainingRodShaped	2442	4.08205	0.5	55.8417	-23.4407	0	0.594832	0.80385	0	2443	3227
ChainingRodShaped	4172	3.61345	0.5	-13.926	0.457223	0	0.0986026	0.995127	0	None	None
ChainingRodShaped	2516	4.54393	0.5	-35.0643	9.5822	0	0.327101	0.944989	0	None	None
ChainingRodShaped	3976	3.27058	0.5	27.9228	47.1579	0	0.634802	0.772674	0	None	None
ChainingRodShaped	2754	4.09497	0.5	14.2932	-10.4381	0	0.904541	0.426386	0	None	None
ChainingRodShaped	3066	4.16124	0.5	-55.5607	13.2827	0	0.629309	-0.777155	0	3067	2629
ChainingRodShaped	2480	3.62619	0.5	189.716	140.632	0	0.980285	-0.197587	0	2481	2607
ChainingRodShaped	4880	3.27607	0.5	17.0221	71.3969	0	0.0813849	0.996683	0	None	None
ChainingRodShaped	3134	4.58953	0.5	-5.46548	68.2704	0	0.876107	-0.482117	0	None	None
ChainingRodShaped	4748	3.42071	0.5	-5.42674	73.7772	0	-0.703327	0.710867	0	None	None
ChainingRodShaped	2662	4.42626	0.5	-23.5498	8.01972	0	-0.534786	0.844987	0	None	None
ChainingRodShaped	5014	2.84645	0.5	-24.7508	59.977	0	-0.538187	-0.842825	0	None	None
ChainingRodShaped	3736	3.8285	0.5	-12.2159	91.6149	0	-0.573465	0.81923	0	None	None
ChainingRodShaped	5794	2.09758	0.5	-26.0918	79.6791	0	0.894611	0.446845	0	None	None
ChainingRodShaped	2428	4.83939	0.5	28.7037	15.0851	0	0.707827	0.706385	0	None	None
ChainingRodShaped	3922	4.41706	0.5	14.8784	-5.73974	0	-0.818627	-0.574325	0	None	None
ChainingRodShaped	3378	4.73949	0.5	26.47	60.693	0	-0.528037	0.849221	0	None	None
ChainingRodShaped	3162	4.58555	0.5	-20.8827	-9.46653	0	-0.171349	-0.98521	0	None	None
ChainingRodShaped	2308	4.93706	0.5	6.13424	74.7561	0	-0.882194	0.470887	0	None	None
ChainingRodShaped	1898	3.71827	0.5	-81.8424	22.6629	0	0.905454	0.424445	0	1899	3051
ChainingRodShaped	5660	2.16538	0.5	-20.1428	97.6837	0	0.974857	-0.222832	0	None	None
ChainingRodShaped	4378	3.99529	0.5	-14.2191	91.3452	0	-0.556964	0.830536	0	None	None
ChainingRodShaped	5012	2.5605	0.5	-16.2688	94.8645	0	-0.948913	-0.315537	0	None	None
ChainingRodShaped	5054	3.12777	0.5	1.57691	39.2226	0	-0.722152	0.691734	0	None	None
ChainingRodShaped	4572	3.07408	0.5	-49.5577	44.8085	0	0.403937	0.914787	0	None	None
ChainingRodShaped	3414	3.9941	0.5	-37.3421	55.7421	0	0.906987	-0.421159	0	None	None
ChainingRodShaped	4556	2.91273	0.5	-48.8887	70.2549	0	-0.905842	-0.423617	0	None	None
ChainingRodShaped	4640	3.74096	0.5	5.1329	63.849	0	-0.662721	0.748867	0	None	None
ChainingRodShaped	2804	4.966	0.5	-38.2061	41.098	0	0.97389	0.22702	0	None	None
ChainingRodShaped	5490	2.40702	0.5	27.2295	-2.74026	0	0.985225	0.171265	0	None	None
ChainingRodShaped	4232	4.25667	0.5	-33.6178	61.9443	0	-0.0355226	0.999369	0	None	None
ChainingRodShaped	5046	3.1425	0.5	-10.3076	19.5943	0	0.999517	-0.0310686	0	None	None
ChainingRodShaped	4106	3.51856	0.5	11.1452	27.7635	0	-0.754171	0.656678	0	None	None
ChainingRodShaped	3918	4.85521	0.5	-0.966189	61.4217	0	0.830834	-0.556521	0	None	None
ChainingRodShaped	1926	4.88675	0.5	41.5796	13.8311	0	0.935326	0.353787	0	None	None
ChainingRodShaped	5652	2.2458	0.5	-13.9398	51.4082	0	-0.60379	0.797144	0	None	None
ChainingRodShaped	5520	2.42642	0.5	3.50917	80.2012	0	-0.75897	0.651126	0	None	None
ChainingRodShaped	5784	2.163	0.5	20.059	46.4032	0	0.927059	-0.374916	0	None	None
ChainingRodShaped	3728	3.29801	0.5	-44.3643	24.4366	0	-0.108118	0.994138	0	None	None
ChainingRodShaped	5050	3.14838	0.5	-19.5355	48.0699	0	-0.514275	0.857625	0	None	None
ChainingRodShaped	5114	2.56813	0.5	-19.9519	74.7678	0	-0.933257	-0.35921	0	None	None
ChainingRodShaped	5052	2.47248	0.5	10.5106	6.00786	0	0.879481	0.475935	0	None	None
ChainingRodShaped	4214	4.33562	0.5	-1.61377	6.31002	0	-0.356364	0.934347	0	None	None
ChainingRodShaped	2980	4.1069	0.5	1.33571	42.0838	0	-0.634552	0.77288	0	None	None
ChainingRodShaped	3998	3.84163	0.5	-29.6079	87.9361	0	0.451234	-0.892406	0	None	None
ChainingRodShaped	5198	2.75705	0.5	-30.2852	91.6983	0	0.478652	0.878005	0	None	None
ChainingRodShaped	4906	2.33288	0.5	125.386	101.877	0	-0.150713	0.988578	0	4907	2169
ChainingRodShaped	5326	2.46543	0.5	-13.7813	48.4082	0	-0.589207	0.807982	0	None	None
ChainingRodShaped	2280	4.57845	0.5	1.90049	2.12407	0	-0.741256	0.671222	0	None	None
ChainingRodShaped	3856	3.46824	0.5	49.3808	56.727	0	0.877415	-0.479732	0	None	None
ChainingRodShaped	4520	2.80256	0.5	-6.18977	60.6303	0	0.877543	-0.479498	0	None	None
ChainingRodShaped	5820	2.11145	0.5	-23.1206	53.0603	0	-0.546184	-0.837665	0	None	None
ChainingRodShaped	3750	4.06296	0.5	-29.3959	69.3486	0	0.966099	0.258174	0	None	None
ChainingRodShaped	3844	3.85264	0.5	8.93403	66.6128	0	-0.490223	0.871597	0	None	None
ChainingRodShaped	3646	2.73681	0.5	60.5893	28.0234	0	-0.204705	0.978824	0	3647	4759
ChainingRodShaped	4820	3.39202	0.5	-8.73364	-15.0325	0	-0.51814	0.855296	0	None	None
ChainingRodShaped	4918	3.30004	0.5	-29.8421	44.0095	0	-0.975448	0.220231	0	None	None
ChainingRodShaped	5378	2.4556	0.5	-19.4551	28.7331	0	0.750648	0.660703	0	None	None
ChainingRodShaped	3098	3.82945	0.5	-31.0932	72.9943	0	0.883151	0.469089	0	None	None
ChainingRodShaped	4638	3.01037	0.5	29.079	47.2472	0	0.642526	0.766264	0	None	None
ChainingRodShaped	3116	4.76227	0.5	29.9029	40.2613	0	0.624776	0.780804	0	None	None
ChainingRodShaped	2500	3.51483	0.5	56.8512	43.6934	0	-0.265253	0.964179	0	2501	2393
ChainingRodShaped	3678	4.23103	0.5	-47.7755	44.4063	0	0.39243	0.919782	0	None	None
ChainingRodShaped	5020	2.91823	0.5	-60.038	23.5047	0	-0.87286	0.48797	0	None	None
ChainingRodShaped	3890	4.95784	0.5	-10.431	30.2157	0	0.714405	-0.699732	0	None	None
ChainingRodShaped	2226	4.48194	0.5	-20.1958	-11.1328	0	0.163105	0.986609	0	None	None
ChainingRodShaped	1872	4.91335	0.5	-18.5626	36.8866	0	0.999588	0.0287188	0	None	None
ChainingRodShaped	2820	4.80089	0.5	2.67427	19.8007	0	0.593906	0.804535	0	None	None
ChainingRodShaped	3228	4.99801	0.5	39.4735	74.5485	0	0.784589	-0.620016	0	None	None
ChainingRodShaped	4066	3.70441	0.5	-59.7324	31.4736	0	-0.9968	0.0799371	0	None	None
ChainingRodShaped	3320	3.77287	0.5	-25.0007	22.0174	0	0.550964	0.834529	0	None	None
ChainingRodShaped	5624	2.31755	0.5	-13.5157	43.8245	0	-0.572929	0.819605	0	None	None
ChainingRodShaped	4388	3.47065	0.5	-31.7629	92.5782	0	0.813278	0.581875	0	None	None
ChainingRodShaped	3364	3.92782	0.5	-23.2263	95.3306	0	-0.959551	0.281534	0	None	None
ChainingRodShaped	3758	4.32623	0.5	16.2948	1.89626	0	0.416268	0.909242	0	None	None
ChainingRodShaped	2342	4.74291	0.5	-25.3405	62.2236	0	0.596121	0.802894	0	None	None
ChainingRodShaped	5814	2.05817	0.5	-23.478	29.8367	0	0.756859	0.653578	0	None	None
ChainingRodShaped	2180	4.82136	0.5	30.9083	71.854	0	0.983334	-0.18181	0	None	None
ChainingRodShaped	4414	3.56398	0.5	41.3521	33.189	0	-0.311714	-0.950176	0	None	None
ChainingRodShaped	5440	2.54571	0.5	-19.2923	-4.51297	0	-0.0877825	0.99614	0	None	None
ChainingRodShaped	4950	2.77964	0.5	-20.6007	4.6163	0	-0.83062	0.55684	0	None	None
ChainingRodShaped	4868	2.87737	0.5	52.0185	41.7966	0	-0.324344	0.945939	0	None	None
ChainingRodShaped	3902	3.89067	0.5	-18.5763	37.684	0	0.999716	0.0238205	0	None	None
ChainingRodShaped	4538	3.00246	0.5	42.354	49.1242	0	0.396332	0.918107	0	None	None
ChainingRodShaped	3582	4.48896	0.5	-1.63539	81.6	0	-0.693043	0.720897	0	None	None
ChainingRodShaped	5878	2.0334	0.5	18.564	82.3389	0	-0.975708	0.219073	0	None	None
ChainingRodShaped	4162	3.76451	0.5	-24.3572	88.0621	0	0.999974	0.00718889	0	None	None
ChainingRodShaped	4992	2.50952	0.5	-13.8924	49.8704	0	-0.597291	0.802024	0	None	None
ChainingRodShaped	3778	4.38535	0.5	10.6976	0.611084	0	0.399198	0.916865	0	None	None
ChainingRodShaped	4850	2.67153	0.5	2.13569	24.6393	0	-0.413445	0.910529	0	None	None
ChainingRodShaped	5472	2.42346	0.5	48.6094	21.7717	0	-0.110117	0.993919	0	None	None
ChainingRodShaped	3478	4.69261	0.5	-24.6244	68.8065	0	0.957958	0.286909	0	None	None
ChainingRodShaped	4888	2.65084	0.5	-53.5065	68.7694	0	0.693812	0.720157	0	None	None
ChainingRodShaped	3110	4.60054	0.5	7.62598	92.8801	0	-0.976752	-0.214371	0	None	None
ChainingRodShaped	2326	4.09096	0.5	119.456	37.0525	0	0.923048	0.384686	0	2327	2909
ChainingRodShaped	4114	4.27786	0.5	-3.01638	75.2909	0	0.715897	-0.698206	0	None	None
ChainingRodShaped	3622	3.60445	0.5	-29.2329	39.9553	0	0.963703	0.266977	0	None	None
ChainingRodShaped	5756	2.15107	0.5	24.9072	30.4599	0	-0.799688	0.600416	0	None	None
ChainingRodShaped	4202	3.85435	0.5	5.87964	82.0876	0	-0.861595	0.507596	0	None	None
ChainingRodShaped	2748	4.78161	0.5	30.0298	13.8419	0	0.711537	0.702649	0	None	None
ChainingRodShaped	5238	2.6402	0.5	-3.14146	85.806	0	-0.680014	0.733199	0	None	None
ChainingRodShaped	2592	4.49926	0.5	-89.6257	-82.2114	0	0.997534	-0.0701795	0	2593	4377
ChainingRodShaped	2586	4.1867	0.5	33.5589	77.2442	0	0.816433	-0.577441	0	None	None
ChainingRodShaped	5242	2.64417	0.5	10.3346	-9.25392	0	0.586119	0.810225	0	None	None
ChainingRodShaped	2568	4.68418	0.5	-53.2879	-57.879	0	0.209589	0.97779	0	2569	5147
ChainingRodShaped	4712	3.22172	0.5	1.25691	8.96759	0	0.482411	0.875945	0	None	None
ChainingRodShaped	2640	4.22958	0.5	44.7677	50.1049	0	0.38018	0.924912	0	None	None
ChainingRodShaped	3768	4.95247	0.5	14.9594	-17.0645	0	-0.475061	-0.879953	0	None	None
ChainingRodShaped	3686	4.93999	0.5	-45.7146	30.4689	0	0.159578	0.987185	0	None	None
ChainingRodShaped	3914	3.72172	0.5	-49.0014	28.9565	0	0.768959	0.639298	0	None	None
ChainingRodShaped	2800	4.34022	0.5	-16.5434	15.2751	0	0.997844	-0.0656335	0	None	None
ChainingRodShaped	3670	3.93281	0.5	-61.4295	47.9385	0	-0.084328	0.996438	0	None	None
ChainingRodShaped	3652	4.40669	0.5	18.0118	37.5882	0	0.975672	-0.219235	0	None	None
ChainingRodShaped	5896	2.00198	0.5	-23.9224	19.0816	0	0.630252	0.776391	0	None	None
ChainingRodShaped	4708	3.50915	0.5	-29.8674	80.7244	0	0.999676	-0.0254479	0	None	None
ChainingRodShaped	3892	3.71651	0.5	-55.4886	51.044	0	-0.89007	0.455825	0	None	None
ChainingRodShaped	4354	2.94341	0.5	-13.9723	65.057	0	0.904819	-0.425796	0	None	None
ChainingRodShaped	4984	2.95801	0.5	-10.9319	50.2806	0	-0.609525	0.792767	0	None	None
ChainingRodShaped	2158	4.48101	0.5	-45.051	38.9172	0	0.390431	0.920632	0	None	None
ChainingRodShaped	5466	2.3987	0.5	43.2286	13.47	0	0.932903	0.360129	0	None	None
ChainingRodShaped	3164	4.105	0.5	-56.7297	49.547	0	-0.880572	0.473912	0	None	None
ChainingRodShaped	3046	3.95649	0.5	-7.0484	15.7321	0	0.98724	0.15924	0	None	None
ChainingRodShaped	2570	4.23775	0.5	9.76347	43.6335	0	0.947192	-0.320667	0	None	None
ChainingRodShaped	5122	2.78939	0.5	25.0248	71.6212	0	-0.658923	0.75221	0	None	None
ChainingRodShaped	2436	4.99531	0.5	-18.9701	2.63407	0	-0.924538	0.381089	0	None	None
ChainingRodShaped	4020	3.12082	0.5	82.566	56.311	0	0.300171	-0.953885	0	4021	5499
ChainingRodShaped	5846	2.06425	0.5	10.8684	24.4335	0	-0.636895	0.770951	0	None	None
ChainingRodShaped	3804	4.19204	0.5	-10.089	10.4399	0	-0.904498	0.426478	0	None	None
ChainingRodShaped	3540	4.92706	0.5	-17.7005	20.4471	0	0.679546	-0.733633	0	None	None
ChainingRodShaped	5728	2.21878	0.5	-30.8116	26.349	0	0.427269	0.904124	0	None	None
ChainingRodShaped	2002	4.85936	0.5	-17.4388	67.1301	0	0.983803	0.179254	0	None	None
ChainingRodShaped	4998	3.04695	0.5	-14.9885	47.0144	0	-0.531172	0.847264	0	None	None
ChainingRodShaped	3676	3.91342	0.5	19.0231	-10.0007	0	-0.999273	0.038128	0	None	None
ChainingRodShaped	4532	2.89576	0.5	-11.5371	5.26837	0	0.903538	-0.428507	0	None	None
ChainingRodShaped	5444	2.37724	0.5	29.0543	87.8415	0	0.644882	-0.764282	0	None	None
ChainingRodShaped	5216	2.82644	0.5	-7.06972	51.4815	0	-0.343774	0.939053	0	None	None
ChainingRodShaped	4460	3.1414	0.5	-34.9424	39.3073	0	0.970519	0.241023	0	None	None
ChainingRodShaped	2704	4.75595	0.5	41.547	40.7252	0	-0.835523	-0.549456	0	None	None
ChainingRodShaped	5494	2.53012	0.5	34.3365	35.4226	0	0.296607	0.955	0	None	None
ChainingRodShaped	3154	4.37873	0.5	10.0662	82.4344	0	-0.997523	0.0703366	0	None	None
ChainingRodShaped	3992	3.88091	0.5	-6.6892	14.9456	0	0.986969	0.160913	0	None	None
ChainingRodShaped	4102	3.96009	0.5	-11.2871	52.1115	0	-0.601573	0.798818	0	None	None
ChainingRodShaped	2706	4.55043	0.5	-33.1356	73.9979	0	0.882706	0.469926	0	None	None
ChainingRodShaped	2710	4.37111	0.5	3.52211	96.6123	0	0.240703	-0.970599	0	None	None
ChainingRodShaped	5618	2.38898	0.5	8.67623	-5.59451	0	0.0808113	0.996729	0	None	None
ChainingRodShaped	5194	2.73601	0.5	31.2763	4.5352	0	-0.99206	-0.125763	0	None	None
ChainingRodShaped	4392	3.25467	0.5	-42.744	6.26262	0	0.842537	-0.538638	0	None	None
ChainingRodShaped	4072	3.15792	0.5	5.35641	48.9573	0	0.928548	-0.371214	0	None	None
ChainingRodShaped	3344	3.86305	0.5	76.4577	88.5004	0	0.325671	-0.945483	0	3345	4631
ChainingRodShaped	2154	4.79144	0.5	23.1711	29.7281	0	-0.799341	0.600877	0	None	None
ChainingRodShaped	5630	2.32762	0.5	-43.2848	7.75618	0	0.840591	-0.54167	0	None	None
ChainingRodShaped	4316	3.29455	0.5	-51.4717	62.2996	0	-0.848137	-0.529777	0	None	None
ChainingRodShaped	3840	4.60071	0.5	19.7005	43.7725	0	0.928599	-0.371085	0	None	None
ChainingRodShaped	4330	4.15745	0.5	25.1978	35.0366	0	0.977799	-0.209546	0	None	None
ChainingRodShaped	2842	4.09174	0.5	-27.8164	-6.83874	0	-0.677205	-0.735795	0	None	None
ChainingRodShaped	4824	3.21806	0.5	-9.75427	11.2585	0	-0.904044	0.42744	0	None	None
ChainingRodShaped	4856	3.29439	0.5	31.0794	-0.84765	0	0.865901	0.500216	0	None	None
ChainingRodShaped	4246	3.76532	0.5	1.21494	70.8867	0	-0.674382	0.738383	0	None	None
ChainingRodShaped	3930	3.62162	0.5	132.621	49.6937	0	0.418142	0.908382	0	3931	3901
ChainingRodShaped	3744	3.57789	0.5	-41.3033	25.2655	0	0.293133	0.956072	0	None	None
ChainingRodShaped	5764	2.10223	0.5	-17.5239	-13.0895	0	-0.999806	0.0196751	0	None	None
ChainingRodShaped	2402	4.04988	0.5	36.2199	-37.7066	0	0.954171	0.299262	0	2403	3851
ChainingRodShaped	3170	4.65393	0.5	30.6283	47.7311	0	0.66071	0.750642	0	None	None
ChainingRodShaped	5890	2.00465	0.5	32.513	35.6034	0	0.277426	0.960747	0	None	None
ChainingRodShaped	4176	4.18603	0.5	-33.5576	75.8121	0	0.876573	0.481269	0	None	None
ChainingRodShaped	3580	4.78816	0.5	5.40941	-7.92844	0	0.957323	0.289019	0	None	None
ChainingRodShaped	2194	4.75021	0.5	-90.1963	1.08284	0	-0.338583	0.940937	0	5178	4977
ChainingRodShaped	1916	4.8304	0.5	-40.5851	-3.55166	0	-0.70824	0.705972	0	None	None
ChainingRodShaped	5568	2.41086	0.5	-0.912308	54.2899	0	0.817963	-0.575271	0	None	None
ChainingRodShaped	4024	3.29187	0.5	-21.829	29.0486	0	0.756814	0.653631	0	None	None
ChainingRodShaped	2878	3.88027	0.5	49.4789	48.5802	0	0.0795892	-0.996828	0	None	None
ChainingRodShaped	4778	2.58723	0.5	-23.387	3.29128	0	-0.686762	0.726882	0	None	None
ChainingRodShaped	2520	4.32337	0.5	-11.8817	70.7599	0	0.887485	-0.460838	0	None	None
ChainingRodShaped	4542	3.66547	0.5	-12.3895	55.8677	0	-0.835353	0.549714	0	None	None
ChainingRodShaped	5236	2.85571	0.5	-29.7337	26.5291	0	0.420158	0.907451	0	None	None
ChainingRodShaped	2898	4.75578	0.5	7.6004	-9.9003	0	0.565785	0.824553	0	None	None
ChainingRodShaped	5588	2.31146	0.5	2.52149	60.8903	0	0.730703	-0.682696	0	None	None
ChainingRodShaped	5446	2.40311	0.5	34.2055	50.1167	0	0.923033	0.384721	0	None	None
ChainingRodShaped	4144	4.44472	0.5	-3.04502	100.808	0	0.989392	0.145272	0	None	None
ChainingRodShaped	3554	3.29091	0.5	21.1435	18.7578	0	0.689502	0.724284	0	None	None
ChainingRodShaped	3026	3.94988	0.5	0.704355	55.3471	0	0.835189	-0.549963	0	None	None
ChainingRodShaped	4772	2.82399	0.5	48.4989	65.7655	0	-0.452555	0.891736	0	4773	2251
ChainingRodShaped	4056	4.03309	0.5	24.5873	88.1162	0	0.899406	-0.437114	0	None	None
ChainingRodShaped	5048	2.57665	0.5	3.19399	90.5588	0	0.997649	0.0685338	0	None	None
ChainingRodShaped	5712	2.18195	0.5	-29.5622	62.7578	0	-0.413261	0.910613	0	None	None
ChainingRodShaped	4852	3.27767	0.5	2.31047	82.1235	0	-0.856213	0.516623	0	None	None
ChainingRodShaped	2624	4.81916	0.5	19.7931	5.78624	0	0.657665	0.75331	0	None	None
ChainingRodShaped	4788	2.51945	0.5	22.1303	18.4904	0	0.682196	0.731169	0	None	None
ChainingRodShaped	4098	3.28031	0.5	56.0573	37.7171	0	-0.438307	0.898825	0	None	None
ChainingRodShaped	4780	3.36315	0.5	-1.555	88.5176	0	0.999704	-0.0243415	0	None	None
ChainingRodShaped	2952	4.95365	0.5	31.0177	69.9233	0	-0.982624	0.185606	0	None	None
ChainingRodShaped	4920	3.11425	0.5	-32.0588	11.937	0	0.482258	0.876029	0	None	None
ChainingRodShaped	4292	3.52187	0.5	38.9537	10.8512	0	0.949244	0.31454	0	None	None
ChainingRodShaped	5596	2.20747	0.5	-16.9486	8.73524	0	0.903512	-0.428563	0	None	None
ChainingRodShaped	5302	2.77935	0.5	1.69036	72.9564	0	-0.667641	0.744483	0	None	None
ChainingRodShaped	4384	4.08806	0.5	-32.7059	61.3141	0	-0.0265254	0.999648	0	None	None
ChainingRodShaped	4120	3.50948	0.5	44.8769	56.2187	0	0.773453	-0.633853	0	None	None
ChainingRodShaped	5608	2.2398	0.5	-16.3093	6.43744	0	0.914219	-0.40522	0	None	None
ChainingRodShaped	2772	4.52949	0.5	32.4	63.4336	0	0.544963	0.83846	0	None	None
ChainingRodShaped	4916	2.84571	0.5	4.29421	12.3475	0	0.508158	0.861264	0	None	None
ChainingRodShaped	4922	2.7518	0.5	-13.0275	75.9585	0	0.586783	-0.809744	0	None	None
ChainingRodShaped	4112	3.95062	0.5	38.7949	51.8289	0	-0.744147	0.668016	0	None	None
ChainingRodShaped	4396	3.38529	0.5	35.9346	78.211	0	0.613386	-0.789783	0	None	None
ChainingRodShaped	5478	2.34545	0.5	-31.7605	16.4233	0	0.458539	0.888674	0	None	None
ChainingRodShaped	4014	3.05801	0.5	-28.6208	62.9971	0	-0.408357	0.912822	0	None	None
ChainingRodShaped	3790	4.76353	0.5	-48.1267	20.3722	0	-0.403618	0.914928	0	None	None
ChainingRodShaped	2122	4.46481	0.5	132.275	79.265	0	-0.312158	0.95003	0	4420	3137
ChainingRodShaped	4614	2.66503	0.5	-53.9532	29.7303	0	0.755834	0.654763	0	None	None
ChainingRodShaped	3516	4.01894	0.5	-40.8407	76.1964	0	0.907403	0.420263	0	None	None
ChainingRodShaped	4454	2.83008	0.5	-107.696	-79.2675	0	0.970395	-0.241525	0	4455	4009
ChainingRodShaped	4288	3.39859	0.5	3.26045	89.6044	0	0.997966	0.0637509	0	None	None
ChainingRodShaped	4566	3.73663	0.5	-24.9312	-4.1589	0	0.300041	0.953926	0	None	None
ChainingRodShaped	5610	2.19561	0.5	-2.86691	69.8101	0	-0.901078	0.433657	0	None	None
ChainingRodShaped	3870	4.56731	0.5	-50.1151	15.6956	0	0.989827	0.142273	0	None	None
ChainingRodShaped	2968	4.34009	0.5	21.1141	1.05569	0	-0.786444	-0.617661	0	None	None
ChainingRodShaped	3278	3.4533	0.5	42.5335	3.2296	0	-0.999996	-0.00276313	0	None	None
ChainingRodShaped	5476	2.494	0.5	-18.5434	34.3149	0	0.999107	0.042255	0	None	None
ChainingRodShaped	2778	4.38577	0.5	11.8096	16.8846	0	0.710746	0.703449	0	None	None
ChainingRodShaped	2832	3.94535	0.5	8.29977	40.8182	0	0.839074	-0.544017	0	None	None
ChainingRodShaped	2578	4.00232	0.5	19.6159	86.9196	0	0.972723	-0.231969	0	None	None
ChainingRodShaped	5016	3.05678	0.5	2.13776	60.1157	0	0.723829	-0.68998	0	None	None
ChainingRodShaped	5720	2.23911	0.5	20.3486	12.6177	0	0.0142609	0.999898	0	None	None
ChainingRodShaped	5818	2.04416	0.5	-53.7584	34.1231	0	0.8911	0.453807	0	None	None
ChainingRodShaped	4956	2.68512	0.5	3.53019	36.2628	0	-0.724134	0.68966	0	None	None
ChainingRodShaped	4500	2.93837	0.5	-136.48	-70.9148	0	0.961074	-0.276291	0	4501	2575
ChainingRodShaped	4290	3.83419	0.5	37.5852	20.6368	0	-0.887977	0.459889	0	None	None
ChainingRodShaped	5304	2.61626	0.5	7.45588	9.19807	0	0.565167	0.824976	0	None	None
ChainingRodShaped	3528	3.66073	0.5	-36.2437	-8.76786	0	0.778793	-0.627281	0	3529	2937
ChainingRodShaped	5214	2.8223	0.5	-5.84748	79.3905	0	-0.694883	0.719123	0	None	None
ChainingRodShaped	4260	4.32494	0.5	37.8302	46.7343	0	0.837285	0.546767	0	None	None
ChainingRodShaped	4580	3.7613	0.5	-29.1807	11.3425	0	0.526928	0.84991	0	None	None
ChainingRodShaped	3938	3.33926	0.5	9.11552	33.2577	0	-0.714551	0.699583	0	None	None
ChainingRodShaped	4978	3.09651	0.5	4.37993	-7.29595	0	0.954385	0.298579	0	None	None
ChainingRodShaped	5212	2.39962	0.5	39.2348	0.118565	0	0.986177	0.165697	0	None	None
ChainingRodShaped	4180	4.18579	0.5	-2.27214	56.2986	0	0.829651	-0.558282	0	None	None
ChainingRodShaped	2534	4.52352	0.5	20.3189	67.5904	0	0.0848939	0.99639	0	None	None
ChainingRodShaped	4726	3.45779	0.5	-19.9408	58.3108	0	-0.42543	0.904991	0	None	None
ChainingRodShaped	2056	4.11958	0.5	63.9784	5.75534	0	-0.0579145	0.998322	0	4466	3305
ChainingRodShaped	5228	2.49072	0.5	0.111025	20.8041	0	0.998994	0.044843	0	None	None
ChainingRodShaped	4590	3.13886	0.5	-37.2032	71.9713	0	0.141965	0.989872	0	None	None
ChainingRodShaped	5232	2.75096	0.5	29.6036	88.6854	0	0.644588	-0.76453	0	None	None
ChainingRodShaped	2504	4.72168	0.5	17.5673	77.5046	0	-0.697143	0.716932	0	None	None
ChainingRodShaped	5702	2.13036	0.5	4.11195	66.3536	0	-0.655259	0.755404	0	None	None
ChainingRodShaped	3560	4.20106	0.5	-6.31646	39.4539	0	-0.55941	0.828891	0	None	None
ChainingRodShaped	5166	2.57195	0.5	46.2562	27.2618	0	0.993563	-0.113282	0	None	None
ChainingRodShaped	1920	4.858	0.5	-39.4078	6.955	0	0.498702	0.866774	0	None	None
ChainingRodShaped	4550	2.67319	0.5	37.7236	15.137	0	0.864408	0.502792	0	None	None
ChainingRodShaped	4238	4.33482	0.5	-57.1566	50.8483	0	-0.885266	0.465084	0	None	None
ChainingRodShaped	5148	3.02128	0.5	14.857	43.8005	0	0.953196	-0.302353	0	None	None
ChainingRodShaped	2486	4.95276	0.5	-18.5048	47.9729	0	-0.522836	0.852433	0	None	None
ChainingRodShaped	3248	3.68994	0.5	40.2183	71.1629	0	0.853586	0.520951	0	None	None
ChainingRodShaped	3886	4.30565	0.5	36.1105	57.3321	0	0.489547	-0.871977	0	None	None
ChainingRodShaped	4620	3.23283	0.5	18.0659	29.205	0	-0.829666	0.55826	0	None	None
ChainingRodShaped	4174	2.95089	0.5	-39.4538	46.5078	0	-0.708147	0.706065	0	None	None
ChainingRodShaped	4200	3.01913	0.5	-51.4333	36.1561	0	0.0830832	-0.996543	0	None	None
ChainingRodShaped	2274	4.50585	0.5	42.1246	68.5555	0	0.601511	-0.798865	0	None	None
ChainingRodShaped	5556	2.38143	0.5	23.5147	80.7842	0	-0.977471	-0.211068	0	None	None
ChainingRodShaped	4476	3.10929	0.5	-13.5888	-15.3405	0	-0.986903	0.161318	0	None	None
ChainingRodShaped	3710	3.11365	0.5	-15.4763	25.789	0	0.127382	-0.991854	0	None	None
ChainingRodShaped	5580	2.2441	0.5	-57.8011	35.77	0	-0.994519	-0.104552	0	None	None
ChainingRodShaped	4876	2.89895	0.5	8.61579	38.3441	0	-0.764266	0.644901	0	None	None
ChainingRodShaped	5108	2.40605	0.5	-25.3515	-7.89624	0	-0.33977	-0.940509	0	None	None
ChainingRodShaped	4366	3.2419	0.5	-17.4778	96.3988	0	-0.493483	-0.869755	0	None	None
ChainingRodShaped	5806	2.06897	0.5	36.4115	52.838	0	-0.701077	0.713086	0	None	None
ChainingRodShaped	2344	3.92361	0.5	66.7472	103.047	0	0.775583	-0.631246	0	2345	3719
ChainingRodShaped	5134	2.44553	0.5	-31.3494	21.1088	0	0.43841	0.898775	0	None	None
ChainingRodShaped	2376	4.2118	0.5	46.334	31.9933	0	0.916064	0.401031	0	None	None
ChainingRodShaped	4974	3.2357	0.5	11.7105	63.7834	0	-0.573408	0.81927	0	None	None
ChainingRodShaped	2836	4.96416	0.5	-25.8962	34.8424	0	0.952489	0.304573	0	None	None
ChainingRodShaped	3684	3.76377	0.5	-37.1714	56.6308	0	0.905873	-0.42355	0	None	None
ChainingRodShaped	1982	4.93887	0.5	32.7376	55.3224	0	-0.779631	0.626239	0	None	None
ChainingRodShaped	5314	2.76964	0.5	21.8908	-1.904	0	0.828496	0.559995	0	None	None
ChainingRodShaped	4318	3.0325	0.5	51.4721	30.0867	0	0.989147	0.146929	0	None	None
ChainingRodShaped	5252	2.41288	0.5	-5.02826	72.0706	0	-0.722419	0.691456	0	None	None
ChainingRodShaped	3656	4.09593	0.5	28.3795	20.6847	0	-0.535975	0.844234	0	None	None
ChainingRodShaped	4184	3.01659	0.5	-52.691	60.4283	0	0.982004	-0.188861	0	None	None
ChainingRodShaped	5018	2.82869	0.5	-51.4498	26.8699	0	0.0924535	0.995717	0	None	None
ChainingRodShaped	2134	4.82568	0.5	-26.5943	22.6449	0	0.486148	0.873877	0	None	None
ChainingRodShaped	5026	3.1837	0.5	42.3733	55.914	0	0.749818	-0.661644	0	None	None
ChainingRodShaped	2268	4.82462	0.5	-23.1965	33.8807	0	0.96179	0.273788	0	None	None
ChainingRodShaped	2696	4.54317	0.5	-16.1507	73.5659	0	0.958319	0.285701	0	None	None
ChainingRodShaped	3884	3.96715	0.5	18.7683	57.7766	0	-0.522253	0.85279	0	None	None
ChainingRodShaped	4664	3.4114	0.5	17.3159	58.4161	0	-0.52614	0.850398	0	None	None
ChainingRodShaped	5804	2.10188	0.5	-0.924425	64.6447	0	0.858446	-0.512905	0	None	None
ChainingRodShaped	2628	3.68789	0.5	-49.6491	5.48181	0	0.598962	-0.800777	0	2629	2923
ChainingRodShaped	5266	2.54786	0.5	-2.73858	16.7628	0	0.99877	-0.0495763	0	None	None
ChainingRodShaped	5396	2.65989	0.5	24.0303	18.0356	0	0.66738	0.744717	0	None	None
ChainingRodShaped	5076	2.39367	0.5	13.1543	31.5693	0	-0.776231	0.630449	0	None	None
ChainingRodShaped	4514	2.85364	0.5	-14.7686	1.36261	0	0.138482	0.990365	0	None	None
ChainingRodShaped	3322	4.32049	0.5	-54.0701	58.3611	0	0.888544	0.458792	0	None	None
ChainingRodShaped	3270	4.20036	0.5	-19.1665	69.3913	0	0.978069	0.20828	0	None	None
ChainingRodShaped	5428	2.54151	0.5	-21.666	82.5039	0	0.999687	0.0250372	0	None	None
ChainingRodShaped	4030	3.03237	0.5	2.00783	51.3396	0	0.846329	-0.532661	0	None	None
ChainingRodShaped	4424	3.50018	0.5	-24.9605	88.9955	0	0.999991	0.00416685	0	None	None
ChainingRodShaped	3952	4.26276	0.5	-11.6095	71.5328	0	0.882844	-0.469667	0	None	None
ChainingRodShaped	3226	3.76162	0.5	60.8204	-14.7077	0	0.387654	0.921805	0	3227	3639
ChainingRodShaped	3398	3.72183	0.5	-42.2522	77.6366	0	0.912234	0.40967	0	None	None
ChainingRodShaped	3962	3.1155	0.5	-15.8452	5.22802	0	0.916175	-0.400778	0	None	None
ChainingRodShaped	2348	4.94293	0.5	-22.2201	-0.524834	0	-0.686762	0.726883	0	None	None
ChainingRodShaped	2304	4.27617	0.5	-17.993	97.4064	0	0.492741	0.870176	0	None	None
ChainingRodShaped	4410	3.23594	0.5	8.13066	0.0133135	0	0.0511145	0.998693	0	None	None
ChainingRodShaped	3716	4.0891	0.5	10.361	27.2881	0	-0.748815	0.662779	0	None	None
ChainingRodShaped	4096	3.47788	0.5	-26.9401	73.1199	0	0.890095	0.455776	0	None	None
ChainingRodShaped	5532	2.49629	0.5	10.3752	84.7948	0	0.967672	0.252213	0	None	None
ChainingRodShaped	4492	3.71717	0.5	52.0783	22.8533	0	0.631768	0.775157	0	None	None
ChainingRodShaped	5530	2.32776	0.5	25.8531	31.354	0	-0.972019	0.234901	0	None	None
ChainingRodShaped	3314	4.99655	0.5	8.80508	63.437	0	-0.552019	0.833832	0	None	None
ChainingRodShaped	2404	4.14067	0.5	126.752	121.511	0	0.309288	0.950968	0	2405	3029
ChainingRodShaped	3726	4.98272	0.5	1.21013	-20.4643	0	0.872464	0.488678	0	None	None
ChainingRodShaped	5308	2.37044	0.5	5.10668	76.3366	0	-0.883683	0.468086	0	None	None
ChainingRodShaped	4908	3.3274	0.5	33.5529	76.1403	0	0.822167	-0.569246	0	None	None
ChainingRodShaped	4138	2.99582	0.5	-5.41096	-29.0406	0	0.859867	-0.510519	0	4139	5391
ChainingRodShaped	3628	4.41815	0.5	12.0761	-17.4934	0	0.919261	0.393649	0	None	None
ChainingRodShaped	4740	2.96908	0.5	-35.2235	33.2939	0	0.393302	0.919409	0	None	None
ChainingRodShaped	4338	3.96747	0.5	36.5492	7.99496	0	-0.999804	0.0197973	0	None	None
ChainingRodShaped	5772	2.14429	0.5	27.0321	66.3224	0	-0.999415	0.0342027	0	None	None
ChainingRodShaped	5462	2.32738	0.5	-12.9069	77.4023	0	0.650133	-0.75982	0	None	None
ChainingRodShaped	3012	4.07196	0.5	42.2905	38.9602	0	-0.841329	-0.540523	0	None	None
ChainingRodShaped	4000	4.6268	0.5	42.5392	63.6153	0	-0.32401	-0.946054	0	None	None
ChainingRodShaped	4400	2.92132	0.5	-28.7502	38.4078	0	-0.958159	-0.286236	0	None	None
ChainingRodShaped	5708	2.15554	0.5	-36.0469	33.6546	0	0.384076	0.923301	0	None	None
ChainingRodShaped	4346	3.32068	0.5	-42.7801	68.3026	0	0.960707	0.277566	0	None	None
ChainingRodShaped	5812	2.06391	0.5	180.444	142.456	0	0.983299	-0.181995	0	5813	2481
ChainingRodShaped	2920	4.35254	0.5	11.9457	-10.4755	0	0.683528	0.729924	0	None	None
ChainingRodShaped	1197	4.41045	0.5	40.5944	99.3206	0	0.335863	0.941911	0	3514	5513
ChainingRodShaped	5418	2.33441	0.5	-22.5915	34.8822	0	0.964474	0.264178	0	None	None
ChainingRodShaped	2360	4.6045	0.5	12.9046	16.8394	0	0.703663	0.710534	0	None	None
ChainingRodShaped	5110	2.46021	0.5	-16.6941	20.5935	0	0.686885	-0.726766	0	None	None
ChainingRodShaped	5898	2.00066	0.5	9.77579	16.0692	0	0.698156	0.715946	0	None	None
ChainingRodShaped	4082	3.1471	0.5	1.58231	15.5612	0	0.570059	0.821604	0	None	None
ChainingRodShaped	2970	4.00937	0.5	-59.6801	45.8288	0	-0.839849	-0.54282	0	None	None
ChainingRodShaped	4954	2.72321	0.5	-23.2293	-11.0486	0	0.226187	0.974084	0	None	None
ChainingRodShaped	5664	2.13028	0.5	-33.0493	48.2016	0	-0.98939	0.145287	0	None	None
ChainingRodShaped	2558	4.36003	0.5	-44.5649	19.894	0	-0.519479	0.854483	0	None	None
ChainingRodShaped	3346	3.44628	0.5	19.0768	78.4879	0	-0.7062	0.708013	0	None	None
ChainingRodShaped	4914	2.89446	0.5	0.101449	38.261	0	-0.711986	0.702193	0	None	None
ChainingRodShaped	3832	4.44395	0.5	-11.0762	38.6487	0	-0.558608	0.829432	0	None	None
ChainingRodShaped	2416	4.50873	0.5	28.1352	6.04384	0	-0.991154	-0.132717	0	None	None
ChainingRodShaped	2358	4.77781	0.5	-54.0951	57.2936	0	0.8856	0.464449	0	None	None
ChainingRodShaped	3880	4.23204	0.5	-35.6012	39.9905	0	0.972881	0.231305	0	None	None
ChainingRodShaped	4298	2.82248	0.5	9.00621	88.3807	0	0.983219	0.182427	0	None	None
ChainingRodShaped	3460	4.51544	0.5	-18.7628	57.747	0	-0.416377	0.909192	0	None	None
ChainingRodShaped	4186	4.31354	0.5	-17.447	83.1949	0	0.62072	-0.784033	0	None	None
ChainingRodShaped	3394	4.01456	0.5	40.267	84.2203	0	-0.24924	0.968442	0	3395	3515
ChainingRodShaped	5356	2.29316	0.5	16.5856	98.871	0	-0.911147	-0.412081	0	None	None
ChainingRodShaped	4326	3.90006	0.5	7.31588	21.6643	0	0.884242	0.46703	0	None	None
ChainingRodShaped	3102	4.66538	0.5	-13.9314	94.0613	0	0.997441	0.0714921	0	None	None
ChainingRodShaped	5412	2.30601	0.5	12.3604	83.3619	0	-0.991975	-0.126433	0	None	None
ChainingRodShaped	2288	4.63252	0.5	3.57466	19.6148	0	0.601925	0.798553	0	None	None
ChainingRodShaped	3000	4.94327	0.5	-30.2566	41.3607	0	0.968118	0.250494	0	None	None
ChainingRodShaped	1998	4.59144	0.5	-37.0278	86.219	0	0.284495	0.958678	0	None	None
ChainingRodShaped	4528	3.67452	0.5	-39.0632	33.3601	0	0.348515	0.937303	0	None	None
ChainingRodShaped	2554	4.5324	0.5	5.27657	28.5531	0	-0.722707	0.691155	0	None	None
ChainingRodShaped	3692	3.29185	0.5	-34.8514	46.7772	0	-0.987465	0.157836	0	None	None
ChainingRodShaped	5788	2.09266	0.5	-31.8748	50.9035	0	0.981026	0.193876	0	None	None
ChainingRodShaped	3688	3.27456	0.5	-42.2623	32.5091	0	0.307078	0.951684	0	None	None
ChainingRodShaped	5542	2.3747	0.5	-8.93104	77.1509	0	-0.865826	0.500345	0	None	None
ChainingRodShaped	4494	3.12028	0.5	31.727	19.2834	0	-0.725755	0.687953	0	None	None
ChainingRodShaped	5276	2.78138	0.5	32.3286	21.1694	0	-0.723934	0.689869	0	None	None
ChainingRodShaped	5438	2.23778	0.5	201.029	138.377	0	0.98167	-0.190586	0	5439	5567
ChainingRodShaped	4192	4.30387	0.5	14.9672	37.4871	0	0.965985	-0.258598	0	None	None
ChainingRodShaped	5760	2.08996	0.5	32.0073	7.49841	0	-0.991947	0.126653	0	None	None
ChainingRodShaped	4714	3.13089	0.5	-34.8162	5.56833	0	0.512937	0.858426	0	None	None
ChainingRodShaped	5286	2.31113	0.5	-17.1114	88.7324	0	-0.58586	0.810412	0	None	None
ChainingRodShaped	5398	2.59887	0.5	-36.7226	80.8834	0	0.944095	0.329672	0	None	None
ChainingRodShaped	2900	3.80183	0.5	-55.0605	43.3823	0	0.824464	0.565914	0	None	None
ChainingRodShaped	3498	4.67465	0.5	15.7709	88.7683	0	0.978967	0.204016	0	None	None
ChainingRodShaped	3420	4.00181	0.5	6.86488	45.7593	0	0.917308	-0.398178	0	None	None
ChainingRodShaped	2328	4.44589	0.5	-16.9932	57.968	0	-0.401107	0.916031	0	None	None
ChainingRodShaped	2838	4.02984	0.5	100.127	36.9569	0	0.924651	-0.380815	0	2839	3389
ChainingRodShaped	4982	3.20718	0.5	-31.8358	61.5167	0	-0.0165885	0.999862	0	None	None
ChainingRodShaped	4034	3.81516	0.5	5.80803	73.9593	0	-0.877437	0.479692	0	None	None
ChainingRodShaped	4240	3.13856	0.5	-16.1255	-14.0907	0	-0.999834	0.0182276	0	None	None
ChainingRodShaped	2794	4.05132	0.5	5.11677	-16.6618	0	0.971605	-0.236608	0	None	None
ChainingRodShaped	4680	2.98007	0.5	-22.52	63.8534	0	0.792198	0.610264	0	None	None
ChainingRodShaped	2932	3.99562	0.5	-164.88	-63.4496	0	0.97033	-0.241786	0	2933	3161
ChainingRodShaped	4032	3.84627	0.5	4.2043	43.3529	0	0.869879	-0.493265	0	None	None
ChainingRodShaped	3766	3.36018	0.5	-17.7931	18.1973	0	0.973474	-0.228798	0	None	None
ChainingRodShaped	4910	2.66483	0.5	-30.7276	-8.72246	0	-0.612498	-0.790472	0	None	None
ChainingRodShaped	3472	3.49859	0.5	-3.61619	1.62755	0	-0.410539	0.911843	0	None	None
ChainingRodShaped	3762	4.57227	0.5	-41.3362	21.3977	0	-0.581784	0.813344	0	None	None
ChainingRodShaped	4084	3.19979	0.5	-15.3837	-12.1543	0	-0.999953	0.0096729	0	None	None
ChainingRodShaped	5340	2.2572	0.5	-8.89879	81.2804	0	0.66382	-0.747892	0	None	None
ChainingRodShaped	4078	4.36416	0.5	-30.4521	16.9956	0	0.457231	0.889348	0	None	None
ChainingRodShaped	4870	3.12074	0.5	27.7449	31.6505	0	-0.29795	0.954581	0	None	None
ChainingRodShaped	3330	4.31737	0.5	-45.1338	43.0065	0	-0.756668	0.653799	0	None	None
ChainingRodShaped	3232	3.54003	0.5	26.0776	53.7343	0	-0.451431	0.892306	0	None	None
ChainingRodShaped	5370	2.35087	0.5	46.1826	13.0392	0	0.985491	-0.169728	0	None	None
ChainingRodShaped	3404	3.78593	0.5	-41.88	64.5098	0	-0.964583	0.263781	0	None	None
ChainingRodShaped	3124	3.64099	0.5	37.1539	0.724332	0	0.974735	0.223363	0	None	None
ChainingRodShaped	4124	3.97037	0.5	-51.8676	71.0903	0	-0.377886	0.925852	0	None	None
ChainingRodShaped	5136	2.62748	0.5	40.0265	22.5529	0	-0.896921	-0.442192	0	None	None
ChainingRodShaped	2780	4.96341	0.5	45.204	48.7511	0	0.380475	0.924791	0	None	None
ChainingRodShaped	3234	4.291	0.5	-7.76756	-6.22333	0	-0.684959	0.728582	0	None	None
ChainingRodShaped	4434	2.9336	0.5	45.3004	41.0265	0	-0.284824	-0.95858	0	None	None
ChainingRodShaped	3980	4.27808	0.5	-8.59601	67.2853	0	0.890169	-0.45563	0	None	None
ChainingRodShaped	4626	3.47459	0.5	-12.8874	17.0085	0	0.853195	0.521592	0	None	None
ChainingRodShaped	4678	3.1771	0.5	-44.7282	45.3223	0	-0.897644	0.440722	0	None	None
ChainingRodShaped	3604	4.67445	0.5	-18.6103	43.7222	0	-0.626565	0.779369	0	None	None
ChainingRodShaped	3782	3.11351	0.5	17.1519	63.9504	0	-0.500356	0.86582	0	None	None
ChainingRodShaped	3824	3.72096	0.5	48.2226	62.1536	0	-0.0626997	-0.998032	0	None	None
ChainingRodShaped	3384	4.93673	0.5	-32.5939	24.6832	0	0.436286	0.899808	0	None	None
ChainingRodShaped	3492	3.2051	0.5	-77.0817	-15.916	0	-0.751447	0.659794	0	3493	2813
ChainingRodShaped	5650	2.1591	0.5	-22.7892	87.1185	0	0.999897	0.0143222	0	None	None
ChainingRodShaped	4132	3.98307	0.5	26.9174	-7.38739	0	0.873532	-0.486767	0	None	None
ChainingRodShaped	2254	4.86173	0.5	27.3975	1.18203	0	-0.990854	-0.13494	0	None	None
ChainingRodShaped	4986	2.7232	0.5	38.1798	32.2968	0	-0.288773	-0.957398	0	None	None
ChainingRodShaped	3898	3.77592	0.5	-51.5883	29.2402	0	0.753561	0.657378	0	None	None
ChainingRodShaped	3700	4.90704	0.5	20.5078	19.3319	0	0.687936	0.725772	0	None	None
ChainingRodShaped	5388	2.40884	0.5	40.4332	43.2798	0	0.824662	0.565626	0	None	None
ChainingRodShaped	3372	4.62179	0.5	37.5792	42.9137	0	0.615521	0.78812	0	None	None
ChainingRodShaped	2684	4.83605	0.5	-6.74813	43.17	0	-0.574634	0.818411	0	None	None
ChainingRodShaped	2298	4.28213	0.5	-37.6098	54.9011	0	0.90674	-0.421689	0	None	None
ChainingRodShaped	5718	2.1719	0.5	-40.6733	34.1461	0	0.35816	0.93366	0	None	None
ChainingRodShaped	3596	3.80466	0.5	-12.1134	23.4054	0	0.857326	0.514774	0	None	None
ChainingRodShaped	2976	4.32565	0.5	55.1109	30.7467	0	0.624651	-0.780904	0	None	None
ChainingRodShaped	4610	3.38378	0.5	-24.102	69.8738	0	0.960243	0.279164	0	None	None
ChainingRodShaped	5548	2.26535	0.5	-9.18705	55.8493	0	0.835361	-0.549702	0	None	None
ChainingRodShaped	4816	3.05444	0.5	9.49676	-8.80803	0	0.572685	0.819776	0	None	None
ChainingRodShaped	3810	4.30602	0.5	21.2401	90.8032	0	0.901946	-0.431848	0	None	None
ChainingRodShaped	4398	3.68312	0.5	37.4209	77.8859	0	0.61973	-0.784815	0	None	None
ChainingRodShaped	4360	3.13701	0.5	19.1369	31.6217	0	-0.824008	0.566578	0	None	None
ChainingRodShaped	4244	4.34693	0.5	21.6407	58.1603	0	-0.512071	0.858943	0	None	None
ChainingRodShaped	4716	2.57036	0.5	-34.6013	89.4468	0	0.258169	0.9661	0	None	None
ChainingRodShaped	3680	4.79548	0.5	14.6968	57.7342	0	-0.524654	0.851316	0	None	None
ChainingRodShaped	2978	4.34898	0.5	-19.5791	53.4741	0	-0.43158	0.902075	0	None	None
ChainingRodShaped	4754	3.35893	0.5	21.6828	69.9408	0	-0.638045	0.769999	0	None	None
ChainingRodShaped	4116	3.34007	0.5	-37.1979	16.4394	0	0.302599	0.953118	0	None	None
ChainingRodShaped	5078	2.4137	0.5	3.09909	33.0413	0	-0.71606	0.698039	0	None	None
ChainingRodShaped	3828	3.256	0.5	-27.293	65.7929	0	0.598474	0.801142	0	None	None
ChainingRodShaped	3230	4.23757	0.5	-54.2562	13.6584	0	-0.727256	0.686366	0	None	None
ChainingRodShaped	2914	4.32007	0.5	-11.283	34.5061	0	-0.581335	0.813664	0	None	None
ChainingRodShaped	5694	2.16041	0.5	52.2467	54.7894	0	-0.3388	0.940859	0	None	None
ChainingRodShaped	5824	2.05754	0.5	-14.282	-4.80241	0	-0.995901	0.0904456	0	None	None
ChainingRodShaped	4568	2.87002	0.5	-42.0826	47.1523	0	-0.908303	0.418314	0	None	None
ChainingRodShaped	2186	4.477	0.5	0.0348647	97.7723	0	-0.974916	0.222571	0	None	None
ChainingRodShaped	4036	3.23955	0.5	17.2759	17.7863	0	0.846766	0.531966	0	None	None
ChainingRodShaped	3050	3.86246	0.5	-71.5996	24.0489	0	0.987377	-0.158388	0	3051	3201
ChainingRodShaped	3820	4.27341	0.5	16.8275	57.5304	0	-0.528505	0.84893	0	None	None
ChainingRodShaped	3058	4.34878	0.5	24.6538	75.5624	0	0.43343	-0.901187	0	None	None
ChainingRodShaped	5866	2.04035	0.5	6.93011	56.0163	0	0.866421	-0.499313	0	None	None
ChainingRodShaped	2642	4.69458	0.5	-50.5455	16.5706	0	0.989863	0.142027	0	None	None
ChainingRodShaped	5270	2.59949	0.5	-0.974634	10.488	0	0.975368	0.220584	0	None	None
ChainingRodShaped	4136	3.94232	0.5	-24.6261	14.2554	0	0.643214	0.765687	0	None	None
ChainingRodShaped	3896	4.4821	0.5	-19.5044	55.3331	0	-0.427392	0.904067	0	None	None
ChainingRodShaped	4846	3.25674	0.5	13.7023	78.5754	0	-0.786573	0.617497	0	None	None
ChainingRodShaped	3738	3.42268	0.5	-18.5835	10.5532	0	0.902541	-0.430603	0	None	None
ChainingRodShaped	5682	2.2554	0.5	-8.39767	84.9039	0	-0.656331	0.754473	0	None	None
ChainingRodShaped	3392	4.34006	0.5	-7.18253	62.9337	0	0.916168	-0.400794	0	None	None
ChainingRodShaped	2276	4.63889	0.5	-0.501255	58.2094	0	0.84485	-0.535003	0	None	None
ChainingRodShaped	3020	4.23107	0.5	-16.54	74.3258	0	0.955658	0.294479	0	None	None
ChainingRodShaped	4046	3.12487	0.5	29.0206	71.2598	0	-0.981729	0.190282	0	None	None
ChainingRodShaped	4242	4.13198	0.5	-46.4932	31.2165	0	0.157001	0.987598	0	None	None
ChainingRodShaped	3178	4.65701	0.5	-30.0102	70.0666	0	0.964366	0.264572	0	None	None
ChainingRodShaped	2728	4.06453	0.5	27.5801	76.2762	0	0.775369	0.631509	0	None	None
ChainingRodShaped	4596	3.07908	0.5	-52.0797	44.6578	0	0.633285	0.773919	0	None	None
ChainingRodShaped	5768	2.14411	0.5	8.47465	17.2143	0	0.675737	0.737143	0	None	None
ChainingRodShaped	4942	3.14901	0.5	-8.14736	40.5654	0	-0.558168	0.829728	0	None	None
ChainingRodShaped	4548	3.7938	0.5	-6.42366	84.0317	0	-0.665197	0.746667	0	None	None
ChainingRodShaped	3746	4.84053	0.5	-17.6083	-2.18047	0	-0.0779066	0.996961	0	None	None
ChainingRodShaped	4924	2.81328	0.5	5.05184	6.77421	0	0.515961	0.856612	0	None	None
ChainingRodShaped	4226	2.84099	0.5	-64.2092	-27.2731	0	-0.703048	0.711142	0	4227	3465
ChainingRodShaped	2722	4.33115	0.5	15.8102	-11.8257	0	0.908887	0.417043	0	None	None
ChainingRodShaped	3698	3.41682	0.5	4.32801	14.1627	0	0.724418	0.689361	0	None	None
ChainingRodShaped	3964	4.57544	0.5	18.4582	9.02646	0	0.494119	0.869394	0	None	None
ChainingRodShaped	4734	3.46167	0.5	-34.8497	47.6456	0	-0.987883	0.155203	0	None	None
ChainingRodShaped	5874	2.03508	0.5	-60.8266	28.7782	0	-0.446394	0.894836	0	None	None
ChainingRodShaped	4822	3.27419	0.5	0.432018	9.23472	0	0.484148	0.874986	0	None	None
ChainingRodShaped	5294	2.47948	0.5	-6.98725	86.0834	0	-0.630076	0.776533	0	None	None
ChainingRodShaped	5074	2.54426	0.5	50.571	53.8216	0	0.32129	-0.946981	0	None	None
ChainingRodShaped	3864	3.12313	0.5	8.90479	25.6321	0	-0.596867	0.80234	0	None	None
ChainingRodShaped	3090	3.61153	0.5	20.5996	-5.11401	0	0.828087	0.560599	0	None	None
ChainingRodShaped	2786	4.30596	0.5	-0.773302	65.571	0	-0.863515	0.504323	0	None	None
ChainingRodShaped	5248	2.81545	0.5	18.8655	43.2984	0	0.932253	-0.361806	0	None	None
ChainingRodShaped	3910	4.13483	0.5	49.5126	38.3786	0	0.816585	-0.577226	0	None	None
ChainingRodShaped	5038	2.43245	0.5	-8.94282	54.2881	0	0.627543	-0.778582	0	None	None
ChainingRodShaped	3802	4.66065	0.5	-13.0117	45.8478	0	-0.589495	0.807772	0	None	None
ChainingRodShaped	3594	4.44399	0.5	-41.4925	76.9357	0	0.910179	0.414215	0	None	None
ChainingRodShaped	4438	2.90989	0.5	-40.6176	66.9482	0	-0.946902	-0.321523	0	None	None
ChainingRodShaped	4830	3.01108	0.5	9.46895	75.3636	0	-0.90388	0.427787	0	None	None
ChainingRodShaped	2320	4.51467	0.5	-4.87407	64.5683	0	0.921418	-0.388573	0	None	None
ChainingRodShaped	5658	2.11175	0.5	-32.2919	51.7338	0	0.967934	0.251206	0	None	None
ChainingRodShaped	4558	3.88623	0.5	-46.2689	6.28429	0	0.843659	-0.536879	0	None	None
ChainingRodShaped	5384	2.36242	0.5	3.14919	45.904	0	0.869139	-0.494567	0	None	None
ChainingRodShaped	4150	4.45915	0.5	50.3641	40.583	0	-0.303558	0.952813	0	None	None
ChainingRodShaped	3986	2.96517	0.5	-5.51138	-1.85194	0	0.657447	-0.753501	0	None	None
ChainingRodShaped	4236	2.99936	0.5	-17.8493	67.9265	0	0.981963	0.189071	0	None	None
ChainingRodShaped	5386	2.37717	0.5	22.9304	18.089	0	0.674893	0.737916	0	None	None
ChainingRodShaped	4724	2.77082	0.5	29.2266	84.583	0	-0.570613	-0.821219	0	None	None
ChainingRodShaped	4426	3.21747	0.5	-24.7532	15.3492	0	0.63553	0.772076	0	None	None
ChainingRodShaped	3488	4.75503	0.5	14.5022	84.5393	0	0.995512	0.0946349	0	None	None
ChainingRodShaped	2378	4.97638	0.5	21.2598	6.10252	0	0.665161	0.7467	0	None	None
ChainingRodShaped	2678	4.19649	0.5	-25.0389	16.2589	0	0.627842	0.778341	0	None	None
ChainingRodShaped	4334	3.02278	0.5	12.6747	11.6217	0	0.68104	0.732246	0	None	None
ChainingRodShaped	5460	2.57071	0.5	-8.89974	60.9101	0	0.91038	-0.413774	0	None	None
ChainingRodShaped	4762	3.52487	0.5	21.1867	67.268	0	0.0805774	0.996748	0	None	None
ChainingRodShaped	4508	2.80719	0.5	-4.59647	-8.84614	0	-0.529303	0.848433	0	None	None
ChainingRodShaped	2506	4.34726	0.5	-35.0676	13.9699	0	0.478725	0.877965	0	None	None
ChainingRodShaped	5876	2.0188	0.5	13.6033	76.3626	0	-0.707974	0.706239	0	None	None
ChainingRodShaped	1547	4.90677	0.5	127.26	94.1865	0	-0.291915	0.956444	0	3136	4907
ChainingRodShaped	5394	2.54378	0.5	40.9467	76.125	0	0.502663	-0.864482	0	None	None
ChainingRodShaped	4094	4.16349	0.5	2.40373	79.9915	0	-0.694162	0.719819	0	None	None
ChainingRodShaped	4086	4.03508	0.5	31.8016	64.1323	0	0.536561	0.843862	0	None	None
ChainingRodShaped	2636	4.70179	0.5	4.00322	44.427	0	0.871264	-0.490815	0	None	None
ChainingRodShaped	4786	2.51539	0.5	50.7906	47.6261	0	0.285769	-0.958299	0	None	None
ChainingRodShaped	4372	3.96775	0.5	-16.793	-1.15218	0	-0.0679284	0.99769	0	None	None
ChainingRodShaped	2588	4.83995	0.5	-46.5487	40.0172	0	0.374264	0.927322	0	None	None
ChainingRodShaped	5344	2.41417	0.5	-44.2052	15.3233	0	-0.461142	0.887327	0	None	None
ChainingRodShaped	5374	2.63097	0.5	30.8604	5.43554	0	0.992575	0.121635	0	None	None
ChainingRodShaped	4386	3.32989	0.5	19.2421	65.8288	0	0.0906737	0.995881	0	None	None
ChainingRodShaped	4570	2.75137	0.5	213.866	135.988	0	0.984302	-0.176493	0	4571	3905
ChainingRodShaped	2630	4.71215	0.5	7.15265	-1.25649	0	0.0502057	0.998739	0	None	None
ChainingRodShaped	1573	4.34463	0.5	-61.3003	-72.5929	0	0.71705	0.697022	0	2758	4629
ChainingRodShaped	4448	3.60711	0.5	-4.71418	1.93775	0	0.405016	-0.91431	0	None	None
ChainingRodShaped	4166	3.24265	0.5	22.3582	14.6921	0	0.523978	0.851732	0	None	None
ChainingRodShaped	4230	3.51633	0.5	24.1036	37.9463	0	0.974403	-0.224809	0	None	None
ChainingRodShaped	5316	2.42869	0.5	-50.6425	19.5269	0	0.321875	0.946782	0	None	None
ChainingRodShaped	4418	3.68014	0.5	31.5195	44.814	0	0.680454	0.73279	0	None	None
ChainingRodShaped	5300	2.79093	0.5	-15.1538	80.4591	0	-0.989696	0.143186	0	None	None
ChainingRodShaped	4656	3.13004	0.5	10.5323	11.8156	0	0.641436	0.767176	0	None	None
ChainingRodShaped	5696	2.23867	0.5	8.22383	49.6591	0	0.928418	-0.371537	0	None	None
ChainingRodShaped	3454	4.24641	0.5	-0.226327	48.4823	0	0.788218	-0.615395	0	None	None
ChainingRodShaped	3422	4.34921	0.5	-32.2213	-4.28968	0	0.745517	0.666486	0	None	None
ChainingRodShaped	2730	4.16568	0.5	-7.7139	98.7486	0	0.889302	0.457321	0	None	None
ChainingRodShaped	4504	3.16332	0.5	-52.8532	39.1409	0	0.82184	0.569718	0	None	None
ChainingRodShaped	2602	4.98513	0.5	30.1162	3.4516	0	-0.990755	-0.135664	0	None	None
ChainingRodShaped	3584	3.32175	0.5	45.2724	67.5934	0	0.421244	-0.906947	0	None	None
ChainingRodShaped	4286	3.90997	0.5	-9.23089	18.6851	0	0.999157	-0.0410607	0	None	None
ChainingRodShaped	4462	4.04664	0.5	38.492	5.11219	0	-0.999996	-0.00269572	0	None	None
ChainingRodShaped	3054	3.90565	0.5	48.4152	28.581	0	0.860452	-0.509531	0	None	None
ChainingRodShaped	2536	4.20286	0.5	-36.5688	15.051	0	0.447344	0.894362	0	None	None
ChainingRodShaped	4584	3.16211	0.5	-13.1007	55.2795	0	-0.831681	0.555254	0	None	None
ChainingRodShaped	3174	4.01617	0.5	12.4856	78.4567	0	-0.792679	0.60964	0	None	None
ChainingRodShaped	5368	2.54854	0.5	-36.5269	67.4622	0	-0.0704669	0.997514	0	None	None
ChainingRodShaped	2998	3.93473	0.5	26.6342	9.76822	0	0.554542	0.832156	0	None	None
ChainingRodShaped	4076	3.18138	0.5	-18.0216	58.1846	0	-0.408703	0.912667	0	None	None
ChainingRodShaped	3356	4.79501	0.5	-47.9872	58.8387	0	0.837011	0.547186	0	None	None
ChainingRodShaped	4878	2.76287	0.5	8.20744	58.5055	0	-0.123793	0.992308	0	None	None
ChainingRodShaped	4308	2.99658	0.5	25.4765	2.01676	0	-0.954387	-0.298573	0	None	None
ChainingRodShaped	4394	3.61325	0.5	-11.8126	38.258	0	-0.560018	0.82848	0	None	None
ChainingRodShaped	2954	3.88219	0.5	-21.9143	43.8412	0	-0.991829	-0.127572	0	None	None
ChainingRodShaped	5176	2.80116	0.5	40.1002	38.6476	0	-0.835878	-0.548916	0	None	None
ChainingRodShaped	5150	2.56162	0.5	32.7228	26.6608	0	-0.487762	0.872977	0	None	None
ChainingRodShaped	2802	3.85355	0.5	38.9247	7.02992	0	-1	-0.000980584	0	None	None
ChainingRodShaped	4750	2.73103	0.5	22.4285	70.4148	0	-0.645724	0.763571	0	None	None
ChainingRodShaped	4344	2.92326	0.5	1.38553	55.9468	0	0.839458	-0.543424	0	None	None
ChainingRodShaped	5034	2.69372	0.5	19.3596	58.4921	0	-0.519814	0.85428	0	None	None
ChainingRodShaped	4814	2.87275	0.5	-3.26436	92.3207	0	0.998463	-0.0554248	0	None	None
ChainingRodShaped	4070	4.27175	0.5	-14.5501	25.2632	0	0.137274	-0.990533	0	None	None
ChainingRodShaped	2502	4.80168	0.5	-32.6698	29.2443	0	0.913214	0.407479	0	None	None
ChainingRodShaped	5032	3.10412	0.5	37.5529	45.4822	0	0.838567	0.544798	0	None	None
ChainingRodShaped	5070	2.43162	0.5	-7.17723	91.9109	0	0.997539	0.0701205	0	None	None
ChainingRodShaped	5342	2.27998	0.5	-13.5848	24.8086	0	0.147133	-0.989117	0	None	None
ChainingRodShaped	4718	2.93056	0.5	-44.2403	66.8518	0	0.954673	0.297655	0	None	None
ChainingRodShaped	4266	3.3108	0.5	-29.8952	44.8901	0	-0.973351	0.229319	0	None	None
ChainingRodShaped	5738	2.1366	0.5	-0.737732	74.2174	0	-0.687149	0.726517	0	None	None
ChainingRodShaped	5770	2.13177	0.5	32.8486	-2.14264	0	0.895912	0.444231	0	None	None
ChainingRodShaped	3520	4.1532	0.5	-20.2585	-19.8391	0	0.84454	-0.535492	0	3521	3599
ChainingRodShaped	3142	4.84028	0.5	5.17013	10.4529	0	0.525134	0.85102	0	None	None
ChainingRodShaped	4060	4.18259	0.5	39.4162	54.8829	0	-0.751045	0.660251	0	None	None
ChainingRodShaped	2612	4.22398	0.5	41.9807	19.1161	0	-0.563926	0.825825	0	None	None
ChainingRodShaped	3668	3.92476	0.5	5.10778	-15.6899	0	0.96919	-0.246313	0	None	None
ChainingRodShaped	3894	4.38538	0.5	-38.3535	5.14067	0	0.50753	0.861634	0	None	None
ChainingRodShaped	3618	4.48678	0.5	-22.8709	-6.53512	0	-0.0768363	0.997044	0	None	None
ChainingRodShaped	4404	3.85971	0.5	-44.6956	46.31	0	-0.901995	0.431746	0	None	None
ChainingRodShaped	5028	3.06283	0.5	7.7757	36.9039	0	-0.751214	0.660059	0	None	None
ChainingRodShaped	1681	4.31263	0.5	134.086	134.044	0	0.685134	0.728417	0	3028	3641
ChainingRodShaped	4996	3.14616	0.5	-11.0313	21.1915	0	0.85013	0.526572	0	None	None
ChainingRodShaped	4272	3.72973	0.5	-5.89768	89.7977	0	0.993155	-0.116804	0	None	None
ChainingRodShaped	3792	4.40077	0.5	18.7419	52.5176	0	-0.48374	0.875212	0	None	None
ChainingRodShaped	5084	2.82702	0.5	-38.5442	18.1188	0	0.318897	0.947789	0	None	None
ChainingRodShaped	3934	3.80048	0.5	-1.26844	29.9345	0	-0.710483	0.703714	0	None	None
ChainingRodShaped	4130	4.25969	0.5	52.2351	34.0981	0	0.983203	0.182514	0	None	None
ChainingRodShaped	5000	2.67432	0.5	18.2614	12.2495	0	0.866233	0.49964	0	None	None
ChainingRodShaped	3650	4.45469	0.5	10.6604	59.2049	0	-0.587901	0.808933	0	None	None
ChainingRodShaped	5102	2.85041	0.5	-51.3016	44.1217	0	0.637395	0.770538	0	None	None
ChainingRodShaped	4926	3.2692	0.5	32.2506	19.9857	0	-0.722082	0.691808	0	None	None
ChainingRodShaped	4966	2.73181	0.5	10.3548	86.7192	0	0.980051	0.198745	0	None	None
ChainingRodShaped	4248	2.82397	0.5	-18.3339	33.485	0	0.998638	0.0521676	0	None	None
ChainingRodShaped	5862	2.05711	0.5	42.8733	61.6688	0	-0.314533	-0.949247	0	None	None
ChainingRodShaped	3018	4.43047	0.5	28.7137	78.4053	0	0.779788	0.626044	0	None	None
ChainingRodShaped	3936	3.29976	0.5	14.7637	78.8442	0	-0.780433	0.62524	0	None	None
ChainingRodShaped	3358	3.42432	0.5	-35.1318	30.644	0	0.255365	0.966845	0	None	None
ChainingRodShaped	4370	2.72433	0.5	148.445	142.775	0	0.962798	0.270221	0	4371	3831
ChainingRodShaped	3712	4.26062	0.5	-48.3509	67.3161	0	0.91583	0.401566	0	None	None
ChainingRodShaped	4278	2.79129	0.5	-37.2892	64.5522	0	-0.0354839	0.99937	0	None	None
ChainingRodShaped	5280	2.39443	0.5	23.7609	7.43223	0	0.691818	0.722072	0	None	None
ChainingRodShaped	3434	3.97111	0.5	-6.12955	56.7771	0	0.842055	-0.539391	0	None	None
ChainingRodShaped	4546	3.02968	0.5	-32.9907	77.199	0	0.874904	0.484296	0	None	None
ChainingRodShaped	4832	2.98862	0.5	4.73311	71.6418	0	-0.465196	0.885208	0	None	None
ChainingRodShaped	4794	3.03492	0.5	-12.5668	29.9166	0	0.711862	-0.70232	0	None	None
ChainingRodShaped	5422	2.61169	0.5	31.3348	-4.06396	0	0.864287	0.502999	0	None	None
ChainingRodShaped	5352	2.38911	0.5	8.44174	50.4921	0	0.926756	-0.375665	0	None	None
ChainingRodShaped	3288	4.86216	0.5	-33.1866	52.3902	0	0.965356	0.260936	0	None	None
ChainingRodShaped	5488	2.30904	0.5	-31.8767	-5.28905	0	-0.740555	-0.671995	0	None	None
ChainingRodShaped	2912	4.70325	0.5	-16.1811	58.033	0	-0.391956	0.919984	0	None	None
ChainingRodShaped	2880	4.50734	0.5	0.370944	-14.5169	0	0.886616	0.462506	0	None	None
ChainingRodShaped	3850	3.24503	0.5	44.5318	-33.9647	0	0.850055	0.526694	0	3851	1742
ChainingRodShaped	2940	4.4015	0.5	-12.7075	70.2372	0	0.887813	-0.460205	0	None	None
ChainingRodShaped	3924	4.0231	0.5	-32.4241	81.4484	0	0.21935	0.975646	0	None	None
ChainingRodShaped	3448	3.94866	0.5	-22.7011	83.4061	0	0.999767	0.0215967	0	None	None
ChainingRodShaped	5036	2.70293	0.5	3.37676	38.7352	0	-0.746178	0.665746	0	None	None
ChainingRodShaped	5022	3.08108	0.5	-51.815	22.987	0	0.0924498	0.995717	0	None	None
ChainingRodShaped	2814	3.94456	0.5	40.0308	51.9517	0	-0.74992	0.661529	0	None	None
ChainingRodShaped	5138	2.56176	0.5	-12.913	-3.98864	0	-0.814165	0.580633	0	None	None
ChainingRodShaped	4962	3.07184	0.5	-10.0153	34.1568	0	-0.589503	0.807766	0	None	None
ChainingRodShaped	5366	2.46494	0.5	31.5117	53.6252	0	-0.947925	0.318494	0	None	None
ChainingRodShaped	4722	3.06839	0.5	-22.2131	7.52923	0	0.537167	-0.843476	0	None	None
ChainingRodShaped	1765	4.78129	0.5	62.245	19.4524	0	-0.175953	0.984399	0	3304	3647
ChainingRodShaped	4976	2.47355	0.5	-91.5905	8.84364	0	0.058961	0.99826	0	4977	3875
ChainingRodShaped	2826	4.68577	0.5	2.84598	-18.1512	0	-0.979739	0.200279	0	None	None
ChainingRodShaped	3558	3.98674	0.5	34.4872	32.7223	0	-0.287022	-0.957924	0	None	None
ChainingRodShaped	2806	4.48118	0.5	-35.4974	64.9186	0	-0.0155273	0.999879	0	None	None
ChainingRodShaped	4676	2.78611	0.5	14.1233	1.47898	0	0.398022	0.917376	0	None	None
ChainingRodShaped	4710	2.80379	0.5	-40.9531	54.615	0	0.995457	0.0952077	0	None	None
ChainingRodShaped	5260	2.39196	0.5	10.068	33.5399	0	-0.721575	0.692337	0	None	None
ChainingRodShaped	3822	3.67646	0.5	39.6201	76.4864	0	0.511287	-0.85941	0	None	None
ChainingRodShaped	5354	2.57583	0.5	25.1172	92.5195	0	0.44763	-0.894219	0	None	None
ChainingRodShaped	5392	2.59775	0.5	30.6298	84.8347	0	-0.610783	-0.791798	0	None	None
ChainingRodShaped	2846	4.08689	0.5	-44.9401	2.56898	0	0.641312	-0.76728	0	None	None
ChainingRodShaped	4688	3.46563	0.5	22.4429	41.8307	0	0.988468	-0.15143	0	None	None
ChainingRodShaped	3282	4.04366	0.5	-7.35172	-3.95299	0	0.672818	-0.739808	0	None	None
ChainingRodShaped	5734	2.15261	0.5	1.58305	11.4562	0	0.983172	-0.18268	0	None	None
ChainingRodShaped	3696	3.68287	0.5	15.5209	24.2675	0	-0.661987	0.749515	0	None	None
ChainingRodShaped	5406	2.35772	0.5	22.2988	40.974	0	0.986914	-0.161249	0	None	None
ChainingRodShaped	4770	2.80689	0.5	-10.195	-6.35366	0	-0.69619	0.717858	0	None	None
ChainingRodShaped	1801	4.95421	0.5	19.5123	33.97	0	0.988953	-0.148226	0	None	None
ChainingRodShaped	3682	3.91156	0.5	-54.9339	-41.1011	0	-0.371619	0.928385	0	3683	3725
ChainingRodShaped	3754	4.28286	0.5	-17.1205	11.809	0	-0.89374	0.448586	0	None	None
ChainingRodShaped	4168	2.9666	0.5	-24.6825	91.2054	0	-0.55266	0.833407	0	None	None
ChainingRodShaped	2918	3.84409	0.5	-39.9738	0.419088	0	0.95187	-0.306502	0	None	None
ChainingRodShaped	3452	3.47943	0.5	24.6171	33.3851	0	0.976537	-0.215348	0	None	None
ChainingRodShaped	5880	2.03753	0.5	-34.6108	64.8705	0	-0.00552467	0.999985	0	None	None
ChainingRodShaped	3024	4.50734	0.5	41.9182	24.5857	0	-0.874107	-0.485734	0	None	None
ChainingRodShaped	5334	2.56348	0.5	-25.7749	42.5731	0	-0.906329	-0.422572	0	None	None
ChainingRodShaped	3944	3.74941	0.5	50.1821	11.9825	0	0.927719	0.37328	0	None	None
ChainingRodShaped	4948	2.58024	0.5	-18.8928	19.3616	0	0.975708	-0.219074	0	None	None
ChainingRodShaped	5766	2.13577	0.5	12.3134	2.01673	0	0.408368	0.912817	0	None	None
ChainingRodShaped	3978	3.65778	0.5	-52.9144	56.8634	0	0.880906	0.47329	0	None	None
ChainingRodShaped	3362	3.55391	0.5	-23.5451	2.18187	0	-0.693989	0.719986	0	None	None
ChainingRodShaped	4208	4.30904	0.5	-46.7693	7.72988	0	0.847287	-0.531136	0	None	None
ChainingRodShaped	5598	2.29806	0.5	-10.2042	0.639505	0	0.664809	-0.747013	0	None	None
ChainingRodShaped	4632	3.14091	0.5	-3.46822	-6.27565	0	0.962355	-0.271797	0	None	None
ChainingRodShaped	4512	3.60156	0.5	-56.014	23.3987	0	-0.531118	0.847298	0	None	None
ChainingRodShaped	4312	3.15731	0.5	20.0913	78.7795	0	-0.711983	0.702197	0	None	None
ChainingRodShaped	3906	3.08626	0.5	-10.4589	-16.1621	0	-0.57449	0.818512	0	None	None
ChainingRodShaped	5730	2.20463	0.5	-21.6453	85.2732	0	0.999594	0.0284895	0	None	None
ChainingRodShaped	3426	4.11895	0.5	31.2303	52.8295	0	-0.951096	0.308896	0	None	None
ChainingRodShaped	4058	3.42709	0.5	-47.5081	50.7541	0	-0.898163	0.439662	0	None	None
ChainingRodShaped	3942	3.40372	0.5	-30.9695	62.1392	0	-0.00653614	0.999979	0	None	None
ChainingRodShaped	2964	4.60894	0.5	-3.45411	41.4169	0	-0.573799	0.818996	0	None	None
ChainingRodShaped	3984	4.54963	0.5	45.2114	54.7289	0	0.77086	-0.637005	0	None	None
ChainingRodShaped	4276	2.86624	0.5	-26.812	-11.793	0	0.996198	0.087113	0	None	None
ChainingRodShaped	4412	4.08304	0.5	12.7731	69.4217	0	-0.655022	0.75561	0	None	None
ChainingRodShaped	4074	4.61956	0.5	14.9933	1.17782	0	0.407157	0.913358	0	None	None
ChainingRodShaped	3376	4.19903	0.5	12.0425	56.4685	0	-0.90786	0.419272	0	None	None
ChainingRodShaped	5496	2.20246	0.5	-57.7729	36.7254	0	-0.995513	-0.09462	0	None	None
ChainingRodShaped	5220	2.48545	0.5	-46.5574	64.1184	0	0.873175	0.487407	0	None	None
ChainingRodShaped	5684	2.16904	0.5	-4.5444	21.9864	0	0.998089	-0.0617986	0	None	None
ChainingRodShaped	2992	4.45101	0.5	36.3183	72.6646	0	0.919687	-0.392653	0	None	None
ChainingRodShaped	4604	2.96973	0.5	37.535	59.7744	0	0.0153199	-0.999883	0	None	None
ChainingRodShaped	3038	4.8461	0.5	1.21821	-7.19111	0	-0.975005	-0.222184	0	None	None
ChainingRodShaped	5154	2.6169	0.5	-23.1078	36.7317	0	0.945587	0.325369	0	None	None
ChainingRodShaped	3606	4.87786	0.5	-33.4385	6.0657	0	0.516315	0.856399	0	None	None
ChainingRodShaped	4300	2.97106	0.5	48.2448	47.2568	0	0.453908	-0.891049	0	None	None
ChainingRodShaped	2934	4.13056	0.5	-0.608475	1.39233	0	-0.470897	0.882188	0	None	None
ChainingRodShaped	4282	3.30915	0.5	41.5852	63.7018	0	-0.331353	-0.943507	0	None	None
ChainingRodShaped	3798	4.44269	0.5	32.2527	44.3777	0	0.687758	0.72594	0	None	None
ChainingRodShaped	2916	4.29548	0.5	-21.7191	25.6896	0	0.770924	0.636927	0	None	None
ChainingRodShaped	5544	2.38416	0.5	-7.2423	100.122	0	0.87494	0.484232	0	None	None
ChainingRodShaped	4960	2.55371	0.5	18.2089	-5.60742	0	0.801143	0.598472	0	None	None
ChainingRodShaped	3444	3.63916	0.5	-39.9766	44.2111	0	-0.576542	0.817068	0	None	None
ChainingRodShaped	3300	4.43814	0.5	7.84035	33.301	0	-0.709014	0.705195	0	None	None
ChainingRodShaped	1895	4.94856	0.5	51.9866	58.0627	0	-0.379369	0.925245	0	2392	4773
ChainingRodShaped	2938	4.02361	0.5	36.5488	43.0175	0	0.623354	0.78194	0	None	None
ChainingRodShaped	1899	4.61245	0.5	-86.0189	19.7998	0	0.740474	0.672085	0	3874	1898
ChainingRodShaped	5292	2.59283	0.5	24.3354	38.7737	0	0.975663	-0.219274	0	None	None
ChainingRodShaped	3108	4.44783	0.5	-40.9242	72.9389	0	0.0779906	0.996954	0	None	None
ChainingRodShaped	4122	3.78764	0.5	33.1485	27.6629	0	-0.478965	0.877834	0	None	None
ChainingRodShaped	4776	3.21154	0.5	-37.5743	18.138	0	0.312151	0.950032	0	None	None
ChainingRodShaped	5888	2.00598	0.5	-2.19685	-11.4045	0	0.449531	-0.893265	0	None	None
ChainingRodShaped	5426	2.39972	0.5	32.2755	14.6739	0	0.748741	0.662863	0	None	None
ChainingRodShaped	3480	4.27657	0.5	27.8948	54.0626	0	-0.438989	0.898493	0	None	None
ChainingRodShaped	3380	4.66255	0.5	-35.5653	84.3176	0	0.28284	0.959167	0	None	None
ChainingRodShaped	3306	3.69407	0.5	-36.1999	-7.53008	0	-0.774297	0.632822	0	None	None
ChainingRodShaped	5654	2.16306	0.5	-59.7201	61.0474	0	0.492434	0.87035	0	None	None
ChainingRodShaped	4210	4.25258	0.5	-43.7357	9.17034	0	0.842822	-0.538192	0	None	None
ChainingRodShaped	1923	4.96053	0.5	-16.3602	83.2538	0	0.628309	-0.777964	0	None	None
ChainingRodShaped	4736	3.04821	0.5	-57.7833	43.7305	0	0.999957	-0.00931756	0	None	None
ChainingRodShaped	5246	2.68151	0.5	37.2713	12.6103	0	0.840328	0.542079	0	None	None
ChainingRodShaped	5584	2.15439	0.5	-36.7039	35.9766	0	0.895422	0.445218	0	None	None
ChainingRodShaped	5062	2.50001	0.5	-7.18438	34.5428	0	-0.613536	0.789667	0	None	None
ChainingRodShaped	4376	2.54993	0.5	-81.6057	-82.2294	0	0.99595	0.0899088	0	4377	5007
ChainingRodShaped	4416	3.1073	0.5	26.9933	27.2195	0	-0.985585	0.169183	0	None	None
ChainingRodShaped	5822	2.07576	0.5	-19.2849	30.056	0	0.751822	0.659366	0	None	None
ChainingRodShaped	5848	2.04347	0.5	42.9406	15.3195	0	0.938821	0.344407	0	None	None
ChainingRodShaped	3764	4.91339	0.5	15.4353	54.7544	0	-0.491573	0.870836	0	None	None
ChainingRodShaped	3630	4.97722	0.5	15.9214	27.9759	0	-0.650804	0.759246	0	None	None
ChainingRodShaped	4732	2.98006	0.5	7.15108	93.7382	0	-0.976315	-0.216356	0	None	None
ChainingRodShaped	5274	2.35324	0.5	9.85825	91.4042	0	0.980552	0.196258	0	None	None
ChainingRodShaped	3432	3.79981	0.5	-4.17133	96.1739	0	-0.795678	0.60572	0	None	None
ChainingRodShaped	5534	2.2637	0.5	48.9757	12.7048	0	0.864768	0.502172	0	None	None
ChainingRodShaped	4554	2.93785	0.5	-1.92726	72.0889	0	-0.913702	0.406384	0	None	None
ChainingRodShaped	5748	2.07653	0.5	-12.8054	81.8037	0	-0.634546	0.772885	0	None	None
ChainingRodShaped	4594	2.67812	0.5	8.37891	21.3111	0	0.888865	0.458168	0	None	None
ChainingRodShaped	3862	3.01769	0.5	-61.3038	27.5023	0	-0.441336	0.897342	0	None	None
ChainingRodShaped	3086	4.96501	0.5	-23.1643	84.3034	0	0.999813	0.0193536	0	None	None
ChainingRodShaped	5454	2.39377	0.5	2.88486	21.5704	0	0.579726	0.814811	0	None	None
ChainingRodShaped	4806	3.31525	0.5	-44.524	57.8459	0	0.989206	0.146533	0	None	None
ChainingRodShaped	5124	2.39018	0.5	4.08421	26.0439	0	-0.722159	0.691727	0	None	None
ChainingRodShaped	3332	4.40207	0.5	-6.31616	63.4454	0	0.920117	-0.391645	0	None	None
ChainingRodShaped	3658	4.37704	0.5	-11.5846	30.1417	0	0.718848	-0.695167	0	None	None
ChainingRodShaped	5778	2.17024	0.5	11.7425	50.2	0	0.946485	-0.322747	0	None	None
ChainingRodShaped	3526	3.25389	0.5	-49.7007	37.2122	0	0.382477	0.923965	0	None	None
ChainingRodShaped	3474	4.04654	0.5	-2.35617	53.2467	0	0.806337	-0.591457	0	None	None
ChainingRodShaped	4860	2.8431	0.5	-0.841891	34.295	0	-0.715891	0.698212	0	None	None
ChainingRodShaped	4930	2.84946	0.5	5.39776	33.28	0	-0.708224	0.705988	0	None	None
ChainingRodShaped	1983	4.76278	0.5	39.7876	53.376	0	-0.744404	0.667729	0	None	None
ChainingRodShaped	5184	2.71956	0.5	32.6364	22.0391	0	-0.73083	0.68256	0	None	None
ChainingRodShaped	5628	2.29333	0.5	-23.8888	39.251	0	0.938519	0.345226	0	None	None
ChainingRodShaped	1989	3.71668	0.5	8.94316	-36.3214	0	0.925569	-0.378579	0	2594	4811
ChainingRodShaped	3608	3.95773	0.5	25.578	21.9295	0	-0.051085	0.998694	0	None	None
ChainingRodShaped	4328	4.12417	0.5	21.6705	27.8214	0	-0.801077	0.598561	0	None	None
ChainingRodShaped	5256	2.73642	0.5	11.7966	36.5218	0	-0.965214	0.26146	0	None	None
ChainingRodShaped	4158	3.31537	0.5	-32.7918	53.3628	0	0.962688	0.270615	0	None	None
ChainingRodShaped	4730	2.64013	0.5	-39.7309	82.9782	0	0.916338	0.400406	0	None	None
ChainingRodShaped	3450	4.8531	0.5	13.5331	39.677	0	0.95889	-0.283779	0	None	None
ChainingRodShaped	4006	4.58595	0.5	-22.7348	65.6201	0	0.908406	0.418089	0	None	None
ChainingRodShaped	2005	4.95359	0.5	13.7593	89.2879	0	0.980958	0.194221	0	None	None
ChainingRodShaped	4028	3.89846	0.5	-7.7659	-12.741	0	0.0204826	0.99979	0	None	None
ChainingRodShaped	4666	3.63888	0.5	-20.9546	71.689	0	0.971378	0.237538	0	None	None
ChainingRodShaped	3866	4.81792	0.5	5.12104	86.9483	0	0.996164	0.087501	0	None	None
ChainingRodShaped	3192	3.57352	0.5	-47.0859	55.9061	0	0.880275	0.474464	0	None	None
ChainingRodShaped	4228	3.43763	0.5	34.0457	89.3498	0	0.712109	-0.702069	0	None	None
ChainingRodShaped	3132	4.79788	0.5	-12.4068	10.5348	0	-0.902109	0.431509	0	None	None
ChainingRodShaped	3324	4.36227	0.5	-28.3477	76.4875	0	0.888484	0.458907	0	None	None
ChainingRodShaped	3800	3.09505	0.5	-25.8338	46.2541	0	-0.915228	-0.402936	0	None	None
ChainingRodShaped	4196	3.14155	0.5	-28.0816	23.7437	0	0.438477	0.898743	0	None	None
ChainingRodShaped	4218	3.54751	0.5	5.39019	9.1375	0	0.529607	0.848243	0	None	None
ChainingRodShaped	3588	3.56314	0.5	-12.7189	83.0911	0	-0.626786	0.779192	0	None	None
ChainingRodShaped	3290	3.87528	0.5	24.7898	34.2411	0	0.978253	-0.207416	0	None	None
ChainingRodShaped	5560	2.1664	0.5	-42.1638	51.2087	0	-0.9104	0.413729	0	None	None
ChainingRodShaped	2033	4.80262	0.5	8.15294	54.4465	0	0.916687	-0.399606	0	None	None
ChainingRodShaped	4294	4.23595	0.5	-39.2095	37.637	0	0.870828	0.491588	0	None	None
ChainingRodShaped	3644	3.40865	0.5	45.7182	2.29727	0	0.509805	0.86029	0	None	None
ChainingRodShaped	3834	3.61777	0.5	11.2256	92.6684	0	0.97886	0.204533	0	None	None
ChainingRodShaped	3490	3.97163	0.5	33.7747	28.3059	0	-0.470182	0.88257	0	None	None
ChainingRodShaped	4472	2.91051	0.5	80.0971	68.8403	0	0.127154	-0.991883	0	4473	2042
ChainingRodShaped	4048	3.65506	0.5	-3.74788	-13.8753	0	-0.106198	0.994345	0	None	None
ChainingRodShaped	5612	2.1487	0.5	19.7634	85.9383	0	0.971615	-0.236569	0	None	None
ChainingRodShaped	3616	3.51679	0.5	-24.0394	20.3004	0	0.622456	0.782654	0	None	None
ChainingRodShaped	3312	4.85467	0.5	-44.2205	21.0937	0	-0.516384	0.856357	0	None	None
ChainingRodShaped	5350	2.7158	0.5	-55.6576	65.8442	0	0.408616	0.912706	0	None	None
ChainingRodShaped	4874	3.12646	0.5	14.3182	46.7399	0	0.949651	-0.313311	0	None	None
ChainingRodShaped	4466	2.82501	0.5	64.1044	1.35106	0	0.0112284	0.999937	0	4467	2056
ChainingRodShaped	3262	4.72255	0.5	20.4497	79.7197	0	-0.718963	0.695048	0	None	None
ChainingRodShaped	3780	3.77617	0.5	21.9101	-5.38445	0	0.828929	0.559354	0	None	None
ChainingRodShaped	4156	2.87828	0.5	-16.7103	46.5779	0	-0.514237	0.857648	0	None	None
ChainingRodShaped	3882	3.72329	0.5	7.73954	89.1277	0	0.984285	0.176587	0	None	None
ChainingRodShaped	4464	3.64822	0.5	43.5053	20.1593	0	-0.547293	0.836941	0	None	None
ChainingRodShaped	4092	3.94637	0.5	-45.6783	39.7571	0	0.381681	0.924294	0	None	None
ChainingRodShaped	2071	4.80292	0.5	-22.5233	50.7457	0	-0.531555	-0.847024	0	None	None
ChainingRodShaped	5606	2.17707	0.5	53.6809	23.2622	0	0.627826	0.778354	0	None	None
ChainingRodShaped	5576	2.28632	0.5	-5.20981	39.3894	0	-0.555928	0.83123	0	None	None
ChainingRodShaped	3772	3.22341	0.5	-5.15039	45.1918	0	-0.617896	0.78626	0	None	None
ChainingRodShaped	3310	3.47599	0.5	-20.0392	31.197	0	0.959024	0.283326	0	None	None
ChainingRodShaped	5346	2.59653	0.5	-50.9156	64.9224	0	0.850964	0.525225	0	None	None
ChainingRodShaped	2083	4.9691	0.5	-34.0573	69.25	0	0.172465	0.985016	0	None	None
ChainingRodShaped	4700	3.00835	0.5	-45.7821	63.5362	0	0.868241	0.496143	0	None	None
ChainingRodShaped	5298	2.24952	0.5	-120.113	-75.7875	0	0.958354	-0.285583	0	5299	2086
ChainingRodShaped	5886	2.01363	0.5	-15.4087	20.6256	0	0.741483	-0.670972	0	None	None
ChainingRodShaped	2091	4.72694	0.5	-26.2745	91.9292	0	-0.5443	0.838891	0	None	None
ChainingRodShaped	5470	2.27217	0.5	37.3239	32.5703	0	-0.279227	-0.960225	0	None	None
ChainingRodShaped	3390	3.54685	0.5	-20.8714	77.2622	0	0.907616	0.419801	0	None	None
ChainingRodShaped	4946	3.1186	0.5	-16.6499	90.6902	0	-0.24538	0.969427	0	None	None
ChainingRodShaped	3530	3.80914	0.5	-14.3206	64.2695	0	0.904278	-0.426943	0	None	None
ChainingRodShaped	3396	4.11653	0.5	29.8307	35.3231	0	-0.0782924	0.99693	0	None	None
ChainingRodShaped	3462	4.43284	0.5	2.29653	0.100987	0	-0.589044	0.808101	0	None	None
ChainingRodShaped	4250	3.23541	0.5	-32.1702	27.5747	0	0.916824	0.399291	0	None	None
ChainingRodShaped	3216	4.86655	0.5	-1.66833	50.6711	0	0.794337	-0.607478	0	None	None
ChainingRodShaped	2109	4.69904	0.5	44.311	37.4409	0	0.995346	-0.0963628	0	None	None
ChainingRodShaped	5536	2.20743	0.5	-24.738	76.2958	0	0.88232	0.47065	0	None	None
ChainingRodShaped	3860	3.42238	0.5	46.7979	49.4738	0	-0.185272	-0.982687	0	None	None
ChainingRodShaped	4348	2.88503	0.5	-58.5671	34.7327	0	-0.993423	-0.114499	0	None	None
ChainingRodShaped	3816	4.62529	0.5	22.4696	54.9055	0	-0.473407	0.880844	0	None	None
ChainingRodShaped	4274	3.9812	0.5	-30.1051	13.6834	0	0.447065	0.894501	0	None	None
ChainingRodShaped	3442	3.58472	0.5	-37.1643	33.2875	0	0.36716	0.930158	0	None	None
ChainingRodShaped	4420	2.51193	0.5	133.583	75.013	0	-0.265042	0.964237	0	4421	2122
ChainingRodShaped	5550	2.36915	0.5	-2.62936	44.6999	0	-0.633612	0.773651	0	None	None
ChainingRodShaped	3542	3.97489	0.5	-26.2039	57.4627	0	-0.190001	0.981784	0	None	None
ChainingRodShaped	3662	4.86098	0.5	38.5609	48.3111	0	0.837223	0.546861	0	None	None
ChainingRodShaped	3620	3.57609	0.5	12.8368	5.49492	0	0.732602	0.680657	0	None	None
ChainingRodShaped	3268	4.44812	0.5	21.6207	94.0424	0	0.15375	0.98811	0	None	None
ChainingRodShaped	4958	2.67616	0.5	-28.6699	18.45	0	0.465023	0.885299	0	None	None
ChainingRodShaped	4808	2.53102	0.5	31.2908	10.6001	0	0.935319	0.353805	0	None	None
ChainingRodShaped	5126	2.98399	0.5	-0.150533	77.4901	0	-0.692672	0.721253	0	None	None
ChainingRodShaped	4630	2.7023	0.5	78.4282	81.0038	0	0.179344	-0.983786	0	4631	2140
ChainingRodShaped	3562	3.60998	0.5	-30.4443	7.48674	0	0.502598	0.86452	0	None	None
ChainingRodShaped	3602	3.85759	0.5	13.4028	13.6177	0	0.68833	0.725398	0	None	None
ChainingRodShaped	4258	3.37252	0.5	22.7522	73.5078	0	-0.408753	0.912645	0	None	None
ChainingRodShaped	4836	2.81254	0.5	20.8727	82.8087	0	0.976779	-0.214249	0	None	None
ChainingRodShaped	5090	2.59138	0.5	20.4084	-12.151	0	0.535858	0.844308	0	None	None
ChainingRodShaped	4622	3.00713	0.5	8.94019	30.9107	0	-0.703543	0.710653	0	None	None
ChainingRodShaped	3848	3.79647	0.5	25.8359	25.6708	0	-0.98606	0.166393	0	None	None
ChainingRodShaped	3956	3.91456	0.5	-42.798	49.4735	0	-0.905395	0.42457	0	None	None
ChainingRodShaped	5182	2.4557	0.5	-46.606	34.8126	0	0.342359	0.939569	0	None	None
ChainingRodShaped	4990	2.47637	0.5	-42.1982	25.3715	0	0.291095	0.956694	0	None	None
ChainingRodShaped	3368	4.193	0.5	-46.7235	75.779	0	-0.552759	0.833341	0	None	None
ChainingRodShaped	5168	2.90304	0.5	-7.92902	71.1769	0	0.729279	-0.684217	0	None	None
ChainingRodShaped	5852	2.05998	0.5	-10.7368	16.3589	0	0.858854	0.512221	0	None	None
ChainingRodShaped	2169	4.57039	0.5	124.977	106.26	0	-0.0583172	0.998298	0	4906	2168
ChainingRodShaped	3632	4.55736	0.5	37.5979	66.5629	0	0.605116	-0.796137	0	None	None
ChainingRodShaped	3336	4.32028	0.5	6.76411	69.2609	0	-0.338832	0.940847	0	None	None
ChainingRodShaped	2175	4.87598	0.5	-29.2056	93.8414	0	0.701301	-0.712865	0	None	None
ChainingRodShaped	2177	4.86092	0.5	-30.0462	59.2269	0	-0.0126713	0.99992	0	None	None
ChainingRodShaped	3660	4.30451	0.5	-38.1143	40.2935	0	0.975141	0.221584	0	None	None
ChainingRodShaped	2181	4.87159	0.5	28.8456	73.7636	0	0.793145	0.609033	0	None	None
ChainingRodShaped	4090	4.30272	0.5	32.5514	56.5783	0	-0.773336	0.633996	0	None	None
ChainingRodShaped	4012	4.28629	0.5	-9.05369	-16.4524	0	-0.573353	0.819309	0	None	None
ChainingRodShaped	3742	4.37512	0.5	1.69866	99.4475	0	0.965733	0.259536	0	None	None
ChainingRodShaped	2189	4.73362	0.5	-44.3754	70.9334	0	0.98499	-0.172611	0	None	None
ChainingRodShaped	3966	3.95125	0.5	-5.21496	9.17557	0	-0.628516	0.777796	0	None	None
ChainingRodShaped	4044	3.8245	0.5	-25.3743	53.2077	0	-0.630056	-0.776549	0	None	None
ChainingRodShaped	5178	2.42163	0.5	-88.4153	-3.10699	0	-0.476219	0.879327	0	5179	2194
ChainingRodShaped	2197	3.61581	0.5	135.317	62.79	0	-0.00533522	0.999986	0	3900	2196
ChainingRodShaped	5742	2.12769	0.5	44.5173	22.6663	0	-0.444002	0.896026	0	None	None
ChainingRodShaped	3836	4.45458	0.5	-34.0929	82.6378	0	0.283705	0.958912	0	None	None
ChainingRodShaped	4818	2.77419	0.5	-46.1894	73.1641	0	0.985253	-0.171103	0	None	None
ChainingRodShaped	2205	4.70042	0.5	13.3578	34.5263	0	-0.850802	0.525487	0	None	None
ChainingRodShaped	5662	2.27482	0.5	14.1694	81.5003	0	-0.969915	0.243445	0	None	None
ChainingRodShaped	5754	2.08757	0.5	-36.397	45.266	0	-0.988606	0.150527	0	None	None
ChainingRodShaped	5330	2.41044	0.5	-16.2626	66.457	0	0.985536	0.169464	0	None	None
ChainingRodShaped	2213	3.95053	0.5	161.903	144.347	0	0.99998	-0.00639941	0	3830	2212
ChainingRodShaped	4642	3.72033	0.5	0.66032	31.65	0	-0.725889	0.687812	0	None	None
ChainingRodShaped	5646	2.14899	0.5	-6.60698	0.801134	0	0.674014	-0.738719	0	None	None
ChainingRodShaped	2219	4.85949	0.5	-149.932	-67.2477	0	0.967468	-0.252995	0	3160	2218
ChainingRodShaped	3470	3.26547	0.5	-18.763	8.61763	0	0.890029	-0.455904	0	None	None
ChainingRodShaped	3694	3.95969	0.5	-25.6972	51.4969	0	-0.711131	-0.703059	0	None	None
ChainingRodShaped	4040	4.4458	0.5	-7.0934	58.3851	0	0.847376	-0.530994	0	None	None
ChainingRodShaped	5320	2.75842	0.5	-17.4829	-15.0442	0	-0.999822	0.0188504	0	None	None
ChainingRodShaped	4068	3.33792	0.5	-13.8952	75.6097	0	0.59062	-0.80695	0	None	None
ChainingRodShaped	5538	2.43827	0.5	-22.3006	86.1943	0	0.999769	0.0214945	0	None	None
ChainingRodShaped	4270	3.46689	0.5	50.1334	26.5439	0	0.941846	-0.336045	0	None	None
ChainingRodShaped	2235	4.50971	0.5	19.5318	49.2616	0	-0.443122	0.896461	0	None	None
ChainingRodShaped	2237	4.76067	0.5	-16.5471	27.5092	0	0.117499	-0.993073	0	None	None
ChainingRodShaped	4026	4.17368	0.5	31.5321	27.0325	0	-0.496499	0.868037	0	None	None
ChainingRodShaped	2241	4.74318	0.5	-29.3817	25.1926	0	0.42921	0.903205	0	None	None
ChainingRodShaped	4662	2.90449	0.5	-5.39006	7.91652	0	-0.556431	0.830894	0	None	None
ChainingRodShaped	3578	4.17704	0.5	-23.5812	4.93602	0	-0.636701	0.771111	0	None	None
ChainingRodShaped	3410	3.79735	0.5	54.3968	41.8972	0	-0.263211	0.964738	0	None	None
ChainingRodShaped	3954	4.50534	0.5	-1.20919	0.710606	0	-0.471445	0.881896	0	None	None
ChainingRodShaped	2251	3.61838	0.5	46.5759	69.4573	0	-0.469069	0.883162	0	4772	4995
ChainingRodShaped	4944	2.77765	0.5	16.5229	25.7726	0	-0.646842	0.762624	0	None	None
ChainingRodShaped	5894	2.00251	0.5	31.7658	1.76196	0	-0.990552	-0.137137	0	None	None
ChainingRodShaped	3912	3.30247	0.5	15.5254	-14.0917	0	0.913109	0.407715	0	None	None
ChainingRodShaped	2259	4.96611	0.5	51.6449	33.0484	0	0.984979	0.172676	0	None	None
ChainingRodShaped	4672	3.0472	0.5	22.7897	-0.159872	0	-0.834057	-0.551678	0	None	None
ChainingRodShaped	4988	2.9294	0.5	6.77614	54.0825	0	0.920638	-0.390416	0	None	None
ChainingRodShaped	3752	3.11367	0.5	13.9438	96.8326	0	0.404155	0.914691	0	None	None
ChainingRodShaped	3732	3.74218	0.5	-51.0703	41.5666	0	-0.811849	-0.583867	0	None	None
ChainingRodShaped	4658	3.49601	0.5	-28.3611	32.1014	0	0.919449	0.39321	0	None	None
ChainingRodShaped	4126	3.95716	0.5	-43.2415	9.95494	0	0.840894	-0.5412	0	None	None
ChainingRodShaped	2273	4.96026	0.5	-46.3719	14.9484	0	-0.382096	0.924122	0	None	None
ChainingRodShaped	4866	3.02959	0.5	34.2486	74.5163	0	0.923571	-0.383427	0	None	None
ChainingRodShaped	3796	4.0756	0.5	-5.03195	60.9568	0	0.882301	-0.470685	0	None	None
ChainingRodShaped	2279	4.73349	0.5	-12.8127	35.217	0	-0.575812	0.817582	0	None	None
ChainingRodShaped	4148	2.95208	0.5	2.12618	-1.28373	0	-0.581831	0.81331	0	None	None
ChainingRodShaped	2283	3.4227	0.5	53.9074	108.284	0	0.998179	-0.0603293	0	5450	2282
ChainingRodShaped	3872	3.05336	0.5	-16.1203	36.1315	0	0.999251	0.0386959	0	None	None
ChainingRodShaped	2287	4.94592	0.5	-39.1823	82.1469	0	0.916154	0.400827	0	None	None
ChainingRodShaped	4440	3.01819	0.5	0.683952	15.7642	0	0.569864	0.821739	0	None	None
ChainingRodShaped	4296	3.70821	0.5	-52.4416	66.274	0	0.850339	0.526235	0	None	None
ChainingRodShaped	2293	4.56173	0.5	-14.3638	-11.2038	0	1	-7.40181e-05	0	None	None
ChainingRodShaped	4134	2.94628	0.5	-4.22348	13.1892	0	0.991294	-0.131664	0	None	None
ChainingRodShaped	3512	4.42002	0.5	28.6107	51.1877	0	-0.99992	0.0126166	0	None	None
ChainingRodShaped	3808	3.89448	0.5	-42.4181	55.3628	0	0.996641	0.0818964	0	None	None
ChainingRodShaped	2301	4.99347	0.5	-12.7195	-9.20694	0	-0.711573	0.702613	0	None	None
ChainingRodShaped	3666	4.07874	0.5	-26.1212	47.0517	0	-0.912714	-0.4086	0	None	None
ChainingRodShaped	5710	2.11734	0.5	-23.2736	96.3626	0	0.960626	-0.277846	0	None	None
ChainingRodShaped	5528	2.42545	0.5	25.8376	46.0712	0	0.672514	0.740084	0	None	None
ChainingRodShaped	3846	4.07862	0.5	8.929	71.4776	0	0.171502	0.985184	0	None	None
ChainingRodShaped	2311	4.97444	0.5	-41.8011	20.5865	0	-0.573625	0.819118	0	None	None
ChainingRodShaped	2313	4.61521	0.5	46.1199	9.57295	0	-0.945531	-0.325533	0	None	None
ChainingRodShaped	4526	2.70416	0.5	21.0996	49.9981	0	-0.457279	0.889323	0	None	None
ChainingRodShaped	2317	4.65318	0.5	9.93578	47.3096	0	0.946553	-0.322548	0	None	None
ChainingRodShaped	3888	3.26411	0.5	-45.4586	72.0798	0	0.986666	-0.162758	0	None	None
ChainingRodShaped	3548	3.54173	0.5	-9.29776	66.6946	0	0.894641	-0.446785	0	None	None
ChainingRodShaped	4022	3.5425	0.5	27.1779	16.1893	0	0.66942	0.742884	0	None	None
ChainingRodShaped	4686	2.84381	0.5	-10.1877	66.1876	0	0.899096	-0.437751	0	None	None
ChainingRodShaped	2327	4.16484	0.5	114.605	35.579	0	0.980776	0.195135	0	3388	2326
ChainingRodShaped	2329	4.23933	0.5	-14.1762	53.1816	0	-0.595765	0.803159	0	None	None
ChainingRodShaped	4324	3.2861	0.5	-33.449	24.9031	0	0.428004	0.903777	0	None	None
ChainingRodShaped	4468	3.25251	0.5	-31.0365	-7.52625	0	-0.617534	-0.786545	0	None	None
ChainingRodShaped	5564	2.36376	0.5	-18.643	-0.636816	0	-0.0878539	0.996133	0	None	None
ChainingRodShaped	5642	2.19384	0.5	-10.7571	3.69723	0	0.819259	-0.573423	0	None	None
ChainingRodShaped	2339	4.95048	0.5	-27.5167	29.569	0	0.913179	0.407558	0	None	None
ChainingRodShaped	3740	4.1034	0.5	4.31433	10.6987	0	0.516773	0.856122	0	None	None
ChainingRodShaped	5676	2.27873	0.5	-27.3314	58.6542	0	-0.175287	0.984517	0	None	None
ChainingRodShaped	2345	3.5071	0.5	62.8748	105.66	0	0.879903	-0.475153	0	2282	2344
ChainingRodShaped	5086	2.94672	0.5	11.9292	45.6774	0	0.943698	-0.330808	0	None	None
ChainingRodShaped	4864	3.14543	0.5	-20.2094	-4.77106	0	-0.0786437	0.996903	0	None	None
ChainingRodShaped	5786	2.06395	0.5	-5.35307	31.1851	0	-0.692917	0.721017	0	None	None
ChainingRodShaped	3634	3.89519	0.5	21.17	10.4745	0	0.00423708	0.999991	0	None	None
ChainingRodShaped	2355	4.64372	0.5	23.822	48.4538	0	-0.453594	0.891208	0	None	None
ChainingRodShaped	4896	2.51045	0.5	33.9026	14.8334	0	0.755326	0.65535	0	None	None
ChainingRodShaped	5704	2.09344	0.5	-57.8076	54.9528	0	0.796839	0.604192	0	None	None
ChainingRodShaped	3950	3.58443	0.5	13.4223	16.1596	0	0.69655	0.717509	0	None	None
ChainingRodShaped	2363	4.88412	0.5	-16.6135	10.5886	0	0.898177	-0.439634	0	None	None
ChainingRodShaped	3612	3.50736	0.5	34.1008	83.5883	0	0.913978	-0.405763	0	None	None
ChainingRodShaped	4884	3.00462	0.5	0.105744	66.0554	0	-0.864137	0.503256	0	None	None
ChainingRodShaped	5638	2.21835	0.5	-43.9592	65.9288	0	-0.95165	-0.307185	0	None	None
ChainingRodShaped	5328	2.46762	0.5	-24.6476	8.02943	0	-0.528935	0.848662	0	None	None
ChainingRodShaped	4100	4.14901	0.5	-24.1152	44.3208	0	-0.925916	-0.37773	0	None	None
ChainingRodShaped	4018	4.22131	0.5	16.8388	21.5423	0	0.848339	0.529453	0	None	None
ChainingRodShaped	3928	3.75663	0.5	44.0898	32.0143	0	0.859865	0.510522	0	None	None
ChainingRodShaped	5600	2.237	0.5	18.5686	2.4386	0	0.401609	0.915811	0	None	None
ChainingRodShaped	3920	4.80626	0.5	-57.2524	47.5514	0	-0.5806	0.814189	0	None	None
ChainingRodShaped	5282	2.53253	0.5	-21.203	13.1442	0	0.449387	-0.893337	0	None	None
ChainingRodShaped	3748	3.80671	0.5	36.3005	30.2311	0	-0.14287	0.989741	0	None	None
ChainingRodShaped	5672	2.10441	0.5	8.47512	5.96802	0	0.896759	0.442519	0	None	None
ChainingRodShaped	3946	3.83707	0.5	29.3086	44.8778	0	0.665688	0.746231	0	None	None
ChainingRodShaped	5230	2.54069	0.5	40.6667	79.2063	0	0.221871	-0.975076	0	None	None
ChainingRodShaped	2393	4.17266	0.5	55.504	48.2781	0	-0.296519	0.955027	0	2500	2392
ChainingRodShaped	3908	4.32881	0.5	-11.8733	60.4057	0	0.939609	-0.342249	0	None	None
ChainingRodShaped	3714	4.57262	0.5	-2.79821	52.5636	0	0.800394	-0.599475	0	None	None
ChainingRodShaped	4486	3.64725	0.5	42.6294	35.7652	0	-0.993221	0.11624	0	None	None
ChainingRodShaped	2401	4.58938	0.5	8.14842	90.1238	0	0.982471	0.186417	0	None	None
ChainingRodShaped	2403	3.83211	0.5	31.4955	-38.8907	0	0.983	0.183608	0	2438	2402
ChainingRodShaped	2405	3.97103	0.5	125.528	116.664	0	0.177496	0.984121	0	2168	2404
ChainingRodShaped	5190	2.48591	0.5	-5.2715	94.3392	0	0.621308	-0.783566	0	None	None
ChainingRodShaped	4534	3.84396	0.5	10.5684	42.4275	0	0.95035	-0.311183	0	None	None
ChainingRodShaped	4826	2.66485	0.5	-48.8808	24.8462	0	0.101341	0.994852	0	None	None
ChainingRodShaped	3858	4.05012	0.5	9.5881	20.0372	0	0.87498	0.484159	0	None	None
ChainingRodShaped	2415	4.47715	0.5	49.2809	35.3338	0	0.917534	0.397658	0	None	None
ChainingRodShaped	2417	4.30073	0.5	33.4145	6.35887	0	-0.990788	0.135422	0	None	None
ChainingRodShaped	5106	2.66147	0.5	4.38065	26.9565	0	-0.717284	0.696781	0	None	None
ChainingRodShaped	2421	4.74225	0.5	49.4477	24.6647	0	0.954864	-0.297043	0	None	None
ChainingRodShaped	4284	3.57493	0.5	-7.85423	38.5541	0	-0.549846	0.835266	0	None	None
ChainingRodShaped	4362	3.42413	0.5	-27.6137	36.9742	0	0.952965	0.303081	0	None	None
ChainingRodShaped	5066	2.68785	0.5	24.5996	3.62351	0	0.948234	0.317573	0	None	None
ChainingRodShaped	2429	4.8459	0.5	25.0352	10.6163	0	0.558108	0.829768	0	None	None
ChainingRodShaped	2431	4.20947	0.5	-29.5505	5.43797	0	0.502248	0.864724	0	None	None
ChainingRodShaped	4340	3.59334	0.5	23.5396	90.8456	0	-0.691749	0.722138	0	None	None
ChainingRodShaped	4480	3.57827	0.5	-44.6127	31.6312	0	0.149705	0.988731	0	None	None
ChainingRodShaped	2437	4.2071	0.5	-15.9008	-1.13922	0	-0.0579634	0.998319	0	None	None
ChainingRodShaped	5044	2.5864	0.5	22.8236	-39.5857	0	0.999305	-0.0372735	0	5045	2438
ChainingRodShaped	4796	2.53039	0.5	-17.5005	-7.04011	0	-0.324076	0.946031	0	None	None
ChainingRodShaped	2443	4.43327	0.5	52.4939	-27.4023	0	0.690363	0.723463	0	1742	2442
ChainingRodShaped	4342	3.15066	0.5	39.4422	56.0722	0	-0.747126	0.664682	0	None	None
ChainingRodShaped	3968	3.22249	0.5	44.5435	61.0572	0	-0.780779	-0.624807	0	None	None
ChainingRodShaped	3990	3.941	0.5	47.2401	40.9895	0	-0.27115	-0.962537	0	None	None
ChainingRodShaped	3838	3.91812	0.5	-52.5273	25.3477	0	0.0824995	0.996591	0	None	None
ChainingRodShaped	5338	2.43699	0.5	-15.9894	84.2307	0	-0.625299	0.780386	0	None	None
ChainingRodShaped	3806	3.84269	0.5	-3.27638	39.6163	0	-0.565769	0.824564	0	None	None
ChainingRodShaped	4648	2.89083	0.5	-40.5488	11.0533	0	0.413677	0.910424	0	None	None
ChainingRodShaped	2459	4.93842	0.5	43.0214	36.6404	0	-0.994334	0.106301	0	None	None
ChainingRodShaped	4470	3.2284	0.5	-40.0861	33.1424	0	0.348766	0.93721	0	None	None
ChainingRodShaped	5892	2.00272	0.5	-6.63583	20.3843	0	0.999501	-0.0315784	0	None	None
ChainingRodShaped	4650	3.19807	0.5	23.0071	57.5866	0	-0.503469	0.864013	0	None	None
ChainingRodShaped	4380	3.31655	0.5	25.0782	17.8723	0	0.661529	0.749919	0	None	None
ChainingRodShaped	3916	3.89135	0.5	-0.140806	87.5805	0	0.999897	-0.0143441	0	None	None
ChainingRodShaped	4704	3.45245	0.5	-21.8073	41.137	0	-0.874498	0.48503	0	None	None
ChainingRodShaped	5512	2.11322	0.5	44.4437	105.448	0	0.7605	0.649338	0	5513	5451
ChainingRodShaped	2475	4.39714	0.5	-34.0913	19.6748	0	0.434542	0.900652	0	None	None
ChainingRodShaped	2477	4.49626	0.5	-51.117	14.6075	0	0.98836	0.152133	0	None	None
ChainingRodShaped	3826	3.27539	0.5	-8.7177	4.40406	0	0.699377	-0.714753	0	None	None
ChainingRodShaped	2481	4.6802	0.5	184.696	141.633	0	0.980995	-0.194032	0	5812	2480
ChainingRodShaped	5816	2.10339	0.5	8.29107	85.3938	0	0.994279	0.106811	0	None	None
ChainingRodShaped	4264	3.88714	0.5	47.9494	29.9443	0	0.864183	-0.503177	0	None	None
ChainingRodShaped	2487	4.58435	0.5	-14.5764	42.507	0	-0.563231	0.826299	0	None	None
ChainingRodShaped	4634	2.89859	0.5	-8.03272	48.8315	0	-0.347245	0.937774	0	None	None
ChainingRodShaped	5648	2.15805	0.5	26.8415	65.4473	0	-0.999708	0.0241776	0	None	None
ChainingRodShaped	4050	2.92089	0.5	45.183	57.1728	0	0.777571	-0.628796	0	None	None
ChainingRodShaped	4768	2.71531	0.5	-46.9211	41.5834	0	0.378332	0.92567	0	None	None
ChainingRodShaped	2497	4.20341	0.5	-10.5902	26.9742	0	0.990516	-0.137401	0	None	None
ChainingRodShaped	2499	4.85656	0.5	-2.31941	60.4012	0	0.841798	-0.539792	0	None	None
ChainingRodShaped	2501	4.01297	0.5	58.0411	39.1483	0	-0.242614	0.970123	0	4758	2500
ChainingRodShaped	3996	3.19664	0.5	-34.1552	30.9081	0	0.260184	0.965559	0	None	None
ChainingRodShaped	2505	4.83554	0.5	19.6749	70.8018	0	0.0749267	0.997189	0	None	None
ChainingRodShaped	4600	3.19926	0.5	-36.9764	9.65184	0	0.343896	0.939008	0	None	None
ChainingRodShaped	3960	4.36957	0.5	-55.556	58.6677	0	0.892051	0.451934	0	None	None
ChainingRodShaped	4190	3.37692	0.5	10.3021	75.8526	0	-0.899499	0.436922	0	None	None
ChainingRodShaped	4010	4.72837	0.5	-12.6864	100.071	0	-0.968435	-0.249265	0	None	None
ChainingRodShaped	5744	2.14964	0.5	-42.844	37.0435	0	0.995947	0.0899446	0	None	None
ChainingRodShaped	5884	2.01809	0.5	-36.8796	5.78236	0	0.505676	0.862724	0	None	None
ChainingRodShaped	4390	3.62529	0.5	21.8118	-9.14984	0	-0.998842	0.0481191	0	None	None
ChainingRodShaped	4746	3.53999	0.5	-16.1398	71.8678	0	0.96382	0.266552	0	None	None
ChainingRodShaped	3876	4.09044	0.5	-27.1482	36.2532	0	0.954135	0.299376	0	None	None
ChainingRodShaped	4204	3.09664	0.5	-45.7859	78.9406	0	0.999315	-0.0370156	0	None	None
ChainingRodShaped	4980	3.04603	0.5	-10.5483	41.0692	0	-0.558308	0.829634	0	None	None
ChainingRodShaped	4872	2.86805	0.5	-39.2019	70.8251	0	0.122129	0.992514	0	None	None
ChainingRodShaped	3982	4.10561	0.5	43.3205	11.5129	0	0.935331	0.353774	0	None	None
ChainingRodShaped	2533	4.24487	0.5	33.9323	57.5746	0	-0.49909	0.86655	0	None	None
ChainingRodShaped	4322	2.82469	0.5	21.5249	63.4553	0	-0.517524	0.855669	0	None	None
ChainingRodShaped	2537	4.94531	0.5	-38.9406	10.0452	0	0.415204	0.909728	0	None	None
ChainingRodShaped	2539	4.05617	0.5	17.1194	62.2118	0	-0.509008	0.860762	0	None	None
ChainingRodShaped	3948	3.55512	0.5	-13.5502	87.1257	0	0.611807	-0.791007	0	None	None
ChainingRodShaped	2543	4.34328	0.5	6.5642	40.9057	0	0.844474	-0.535596	0	None	None
ChainingRodShaped	3940	4.52875	0.5	23.9373	37.1177	0	0.973419	-0.229032	0	None	None
ChainingRodShaped	2547	4.31988	0.5	-29.4283	53.8734	0	0.421787	0.906695	0	None	None
ChainingRodShaped	2549	4.49814	0.5	-42.2434	4.83956	0	0.844205	-0.53602	0	None	None
ChainingRodShaped	4518	3.28086	0.5	-22.2057	90.913	0	-0.565216	0.824943	0	None	None
ChainingRodShaped	4188	3.96881	0.5	-56.1521	30.2859	0	-0.760275	-0.649601	0	None	None
ChainingRodShaped	2555	4.78846	0.5	8.84343	24.3193	0	-0.604876	0.79632	0	None	None
ChainingRodShaped	4562	2.77879	0.5	-37.3989	-1.23494	0	0.987543	-0.157349	0	None	None
ChainingRodShaped	4506	3.23887	0.5	-43.8126	16.6459	0	-0.452233	0.8919	0	None	None
ChainingRodShaped	4682	3.615	0.5	-23.4404	73.9489	0	0.880154	0.474687	0	None	None
ChainingRodShaped	3970	3.47875	0.5	1.53661	91.3995	0	0.996913	0.0785117	0	None	None
ChainingRodShaped	3926	4.48467	0.5	-2.98729	96.4714	0	-0.794749	0.606939	0	None	None
ChainingRodShaped	4054	4.16708	0.5	2.06122	79.0803	0	-0.686935	0.726719	0	None	None
ChainingRodShaped	2569	3.55649	0.5	-54.6826	-62.7499	0	0.355533	0.934664	0	4628	2568
ChainingRodShaped	5552	2.25767	0.5	5.98973	45.2638	0	0.913281	-0.40733	0	None	None
ChainingRodShaped	2573	4.0093	0.5	4.94144	23.6111	0	-0.601054	0.799208	0	None	None
ChainingRodShaped	2575	3.79784	0.5	-132.318	-72.1297	0	0.959016	-0.283353	0	4500	2574
ChainingRodShaped	4684	2.84796	0.5	33.984	3.05725	0	-0.989345	-0.145587	0	None	None
ChainingRodShaped	3932	4.37569	0.5	20.0086	87.7686	0	0.972622	-0.232393	0	None	None
ChainingRodShaped	5094	2.47531	0.5	22.5678	88.0619	0	0.903736	-0.42809	0	None	None
ChainingRodShaped	4268	3.8928	0.5	26.2181	26.4685	0	-0.985363	0.170469	0	None	None
ChainingRodShaped	2585	4.00253	0.5	-17.0374	14.4559	0	0.998451	-0.0556434	0	None	None
ChainingRodShaped	4618	2.98135	0.5	30.6781	78.3041	0	0.488899	0.872341	0	None	None
ChainingRodShaped	4588	3.65809	0.5	-48.4323	35.2141	0	0.342356	0.93957	0	None	None
ChainingRodShaped	4544	3.69846	0.5	-10.8459	6.95838	0	0.908586	-0.417699	0	None	None
ChainingRodShaped	2593	4.56001	0.5	-95.0837	-81.661	0	0.991533	-0.129858	0	4008	2592
ChainingRodShaped	5390	2.33098	0.5	0.551789	-32.3997	0	0.8854	-0.464829	0	5391	2594
ChainingRodShaped	4170	2.99324	0.5	36.7074	11.138	0	0.950369	0.311125	0	None	None
ChainingRodShaped	5364	2.60368	0.5	-49.8812	10.7414	0	0.606025	-0.795446	0	None	None
ChainingRodShaped	4140	4.3772	0.5	10.018	-15.2677	0	0.923595	0.383368	0	None	None
ChainingRodShaped	3974	3.53457	0.5	35.2448	4.1925	0	-0.999183	0.040416	0	None	None
ChainingRodShaped	4756	2.57281	0.5	25.1346	6.30995	0	0.691791	0.722098	0	None	None
ChainingRodShaped	2607	3.44394	0.5	194.13	139.743	0	0.980406	-0.196985	0	2480	5439
ChainingRodShaped	5434	2.29217	0.5	35.0947	68.3673	0	-0.586186	0.810177	0	None	None
ChainingRodShaped	4364	2.89599	0.5	-26.4695	-2.84647	0	-0.280904	-0.959736	0	None	None
ChainingRodShaped	4206	4.12505	0.5	42.7801	19.587	0	-0.555632	0.831428	0	None	None
ChainingRodShaped	5792	2.13461	0.5	17.9878	64.3006	0	-0.50428	0.86354	0	None	None
ChainingRodShaped	2617	4.09123	0.5	-6.78522	14.0875	0	0.985434	0.170058	0	None	None
ChainingRodShaped	5592	2.23395	0.5	-4.0206	90.5262	0	0.997157	-0.0753578	0	None	None
ChainingRodShaped	4574	3.79592	0.5	36.0375	34.6866	0	-0.29659	-0.955005	0	None	None
ChainingRodShaped	2623	4.89313	0.5	-7.64383	67.7245	0	0.885572	-0.464502	0	None	None
ChainingRodShaped	4222	3.07472	0.5	17.2135	1.69266	0	0.407674	0.913128	0	None	None
ChainingRodShaped	5838	2.03366	0.5	174.499	143.434	0	0.990333	-0.138711	0	5839	5813
ChainingRodShaped	2629	3.97682	0.5	-52.4975	9.32016	0	0.593739	-0.804658	0	3066	2628
ChainingRodShaped	2631	4.62831	0.5	8.98445	-1.11977	0	0.0610863	0.998132	0	None	None
ChainingRodShaped	2633	4.47584	0.5	-26.3709	9.16393	0	0.55959	0.82877	0	None	None
ChainingRodShaped	2635	4.75845	0.5	-33.2471	92.7129	0	0.810669	0.585505	0	None	None
ChainingRodShaped	4118	3.30768	0.5	0.394842	45.7184	0	0.789763	-0.613412	0	None	None
ChainingRodShaped	2639	4.32641	0.5	-41.2595	15.7715	0	-0.0738373	0.99727	0	None	None
ChainingRodShaped	4160	3.35379	0.5	42.9487	45.7289	0	0.371193	0.928556	0	None	None
ChainingRodShaped	4062	3.12444	0.5	-55.293	16.9528	0	0.935805	-0.352519	0	None	None
ChainingRodShaped	5780	2.14019	0.5	-27.1916	23.4284	0	0.477347	0.878715	0	None	None
ChainingRodShaped	5636	2.18505	0.5	-33.4504	4.24013	0	0.510596	0.859821	0	None	None
ChainingRodShaped	5558	2.18357	0.5	29.6818	75.5882	0	0.787021	0.616926	0	None	None
ChainingRodShaped	2651	4.9292	0.5	38.0244	19.4082	0	-0.886794	0.462165	0	None	None
ChainingRodShaped	4804	2.49557	0.5	-28.7859	32.8683	0	0.918026	0.39652	0	None	None
ChainingRodShaped	4928	3.0759	0.5	-39.7727	74.2903	0	0.179064	0.983837	0	None	None
ChainingRodShaped	2657	4.47836	0.5	-7.34766	23.8905	0	0.997432	-0.0716217	0	None	None
ChainingRodShaped	4452	2.71977	0.5	25.3611	64.5191	0	-0.999999	-0.00152993	0	None	None
ChainingRodShaped	4498	2.81958	0.5	23.061	51.8998	0	-0.462514	0.886612	0	None	None
ChainingRodShaped	5196	2.44478	0.5	-19.5782	5.05582	0	-0.860873	0.50882	0	None	None
ChainingRodShaped	4698	2.79895	0.5	11.5905	8.48591	0	0.88178	0.471661	0	None	None
ChainingRodShaped	4128	3.60962	0.5	12.264	-0.411082	0	0.402708	0.915328	0	None	None
ChainingRodShaped	4320	2.9605	0.5	-3.83862	79.9785	0	-0.706091	0.708121	0	None	None
ChainingRodShaped	2671	4.93248	0.5	7.50484	63.81	0	-0.555155	0.831747	0	None	None
ChainingRodShaped	4840	2.80975	0.5	-13.9334	-6.68959	0	-0.718558	0.695467	0	None	None
ChainingRodShaped	2675	4.86255	0.5	16.0716	13.0305	0	0.864186	0.503172	0	None	None
ChainingRodShaped	4902	2.58589	0.5	-24.9114	45.7835	0	-0.919152	-0.393903	0	None	None
ChainingRodShaped	2679	4.43467	0.5	-30.1751	6.13443	0	0.502293	0.864698	0	None	None
ChainingRodShaped	4694	3.64715	0.5	44.6688	66.6368	0	0.412143	-0.911119	0	None	None
ChainingRodShaped	4152	3.04891	0.5	-45.555	58.6003	0	0.987692	0.156409	0	None	None
ChainingRodShaped	4862	3.2151	0.5	-3.96412	39.1127	0	-0.560565	0.82811	0	None	None
ChainingRodShaped	2687	4.61461	0.5	-51.6126	47.7947	0	-0.67616	0.736755	0	None	None
ChainingRodShaped	2689	4.70049	0.5	27.5714	60.6409	0	-0.523717	0.851892	0	None	None
ChainingRodShaped	4146	3.77536	0.5	-25.3753	78.9977	0	0.899045	0.437855	0	None	None
ChainingRodShaped	4164	4.16664	0.5	-1.81563	80.5156	0	-0.700222	0.713925	0	None	None
ChainingRodShaped	4582	2.71863	0.5	12.9967	65.0641	0	-0.584227	0.81159	0	None	None
ChainingRodShaped	4194	3.8136	0.5	-21.0586	72.5681	0	0.968954	0.24724	0	None	None
ChainingRodShaped	5008	2.66543	0.5	-3.29467	78.1171	0	-0.701801	0.712373	0	None	None
ChainingRodShaped	2701	4.91175	0.5	6.27762	-1.62601	0	0.0402065	0.999191	0	None	None
ChainingRodShaped	4502	3.30909	0.5	-21.7906	-9.08465	0	0.175702	0.984443	0	None	None
ChainingRodShaped	2705	4.84802	0.5	44.7342	45.1735	0	-0.371205	-0.928551	0	None	None
ChainingRodShaped	2707	3.99068	0.5	-36.3315	71.6593	0	0.146065	0.989275	0	None	None
ChainingRodShaped	4564	3.81089	0.5	-39.0357	51.7544	0	0.904002	-0.427528	0	None	None
ChainingRodShaped	4812	3.34679	0.5	0.94943	96.1484	0	0.993702	0.112053	0	None	None
ChainingRodShaped	4488	3.94619	0.5	15.3957	40.0324	0	0.959154	-0.282883	0	None	None
ChainingRodShaped	4252	3.12932	0.5	-33.3036	54.1052	0	0.959964	0.280124	0	None	None
ChainingRodShaped	5204	2.3787	0.5	-32.9133	20.0542	0	0.443452	0.896298	0	None	None
ChainingRodShaped	2719	4.52613	0.5	-15.7225	59.0596	0	-0.382769	0.923844	0	None	None
ChainingRodShaped	2721	4.86506	0.5	33.4044	-3.75936	0	0.615613	0.788048	0	None	None
ChainingRodShaped	2723	4.75051	0.5	10.7168	-13.9711	0	0.927382	0.374115	0	None	None
ChainingRodShaped	2725	4.43812	0.5	26.7637	63.6033	0	-0.999985	0.00556063	0	None	None
ChainingRodShaped	5058	2.46904	0.5	-35.9137	5.55897	0	0.50799	0.861363	0	None	None
ChainingRodShaped	2729	4.53442	0.5	24.5321	77.8193	0	0.442413	-0.896812	0	None	None
ChainingRodShaped	5222	2.91948	0.5	-11.739	97.0205	0	0.997115	0.0758999	0	None	None
ChainingRodShaped	2733	4.72945	0.5	17.2252	20.7888	0	0.84979	0.527121	0	None	None
ChainingRodShaped	4792	2.6303	0.5	10.5467	19.6087	0	0.870065	0.492936	0	None	None
ChainingRodShaped	5324	2.34913	0.5	33.3882	41.8232	0	0.63889	0.769298	0	None	None
ChainingRodShaped	2739	4.42091	0.5	-8.32938	-6.94242	0	-0.689001	0.72476	0	None	None
ChainingRodShaped	2741	4.25517	0.5	-48.0284	68.487	0	0.918091	0.396371	0	None	None
ChainingRodShaped	2743	4.35283	0.5	-60.043	22.3548	0	-0.899491	0.436939	0	None	None
ChainingRodShaped	4636	2.78172	0.5	-38.9875	41.7832	0	-0.97611	-0.217278	0	None	None
ChainingRodShaped	4766	3.13009	0.5	22.6123	-6.0601	0	0.829186	0.558973	0	None	None
ChainingRodShaped	4256	4.03429	0.5	29.624	14.7221	0	0.709668	0.704537	0	None	None
ChainingRodShaped	2751	4.98334	0.5	-19.827	40.9989	0	-0.879315	0.476241	0	None	None
ChainingRodShaped	4216	3.73366	0.5	-18.1153	-16.067	0	-0.999949	-0.0100857	0	None	None
ChainingRodShaped	4598	3.26824	0.5	14.8283	-11.2308	0	0.906581	0.422033	0	None	None
ChainingRodShaped	4254	3.96519	0.5	-15.0225	41.7104	0	-0.555547	0.831485	0	None	None
ChainingRodShaped	5594	2.20825	0.5	-68.9443	-78.4783	0	0.868866	0.495047	0	5595	2758
ChainingRodShaped	4310	3.89881	0.5	-23.6308	67.3006	0	0.95299	0.303002	0	None	None
ChainingRodShaped	4198	4.00535	0.5	16.0488	70.698	0	0.0714255	0.997446	0	None	None
ChainingRodShaped	4458	4.0415	0.5	-22.5044	58.7644	0	-0.546546	-0.837429	0	None	None
ChainingRodShaped	4358	4.02368	0.5	21.4488	51.1515	0	-0.462485	0.886627	0	None	None
ChainingRodShaped	4212	4.21052	0.5	5.66055	-8.77423	0	0.958444	0.285282	0	None	None
ChainingRodShaped	4302	3.22027	0.5	42.3855	6.4512	0	-0.963238	-0.268648	0	None	None
ChainingRodShaped	2773	3.97508	0.5	29.5502	59.4305	0	-0.269506	0.962999	0	None	None
ChainingRodShaped	4706	2.71647	0.5	55.3051	36.0825	0	0.81253	-0.582919	0	None	None
ChainingRodShaped	2777	4.44364	0.5	-26.1435	64.2293	0	0.582344	0.812942	0	None	None
ChainingRodShaped	4306	3.52638	0.5	9.47871	13.1809	0	0.6566	0.754239	0	None	None
ChainingRodShaped	4408	3.01391	0.5	43.3514	44.1635	0	0.361891	0.932221	0	None	None
ChainingRodShaped	2783	3.86717	0.5	-54.9627	38.8509	0	0.826873	0.562388	0	None	None
ChainingRodShaped	2785	4.34289	0.5	8.77098	27.5526	0	-0.742128	0.670258	0	None	None
ChainingRodShaped	5164	2.57427	0.5	3.22894	62.4914	0	-0.739742	0.672891	0	None	None
ChainingRodShaped	2789	4.02804	0.5	-2.52881	-16.1638	0	-0.117249	0.993103	0	None	None
ChainingRodShaped	4262	2.89498	0.5	16.3295	47.0004	0	0.930799	-0.365531	0	None	None
ChainingRodShaped	4474	3.93145	0.5	-1.16455	19.7766	0	0.993082	0.117425	0	None	None
ChainingRodShaped	4314	4.03815	0.5	0.539232	-16.5875	0	0.886034	0.463621	0	None	None
ChainingRodShaped	2797	4.17858	0.5	-35.9635	9.72553	0	0.335105	0.942181	0	None	None
ChainingRodShaped	4402	3.44564	0.5	-27.3028	80.1014	0	0.890109	0.455747	0	None	None
ChainingRodShaped	2801	4.55344	0.5	-21.3497	17.0212	0	0.741477	-0.670979	0	None	None
ChainingRodShaped	4332	3.91041	0.5	43.6648	7.80725	0	-0.962788	-0.270258	0	None	None
ChainingRodShaped	4790	3.12876	0.5	-42.0587	42.5256	0	0.551795	-0.83398	0	None	None
ChainingRodShaped	2807	4.82534	0.5	-35.4014	59.2887	0	-0.0026009	0.999997	0	None	None
ChainingRodShaped	4450	3.31358	0.5	26.8032	40.6771	0	0.648007	0.761634	0	None	None
ChainingRodShaped	4592	3.3997	0.5	-47.3708	23.1781	0	-0.38597	0.922511	0	None	None
ChainingRodShaped	2813	3.81279	0.5	-80.3815	-12.8801	0	-0.721614	0.692296	0	3492	2812
ChainingRodShaped	2815	4.7823	0.5	40.5743	47.6329	0	0.460826	0.887491	0	None	None
ChainingRodShaped	4798	3.40296	0.5	-8.49774	83.6381	0	-0.648749	0.761002	0	None	None
ChainingRodShaped	5200	2.7158	0.5	-22.4398	42.9439	0	-0.993043	-0.117754	0	None	None
ChainingRodShaped	2821	3.81974	0.5	-2.26924	15.8612	0	0.999214	-0.0396464	0	None	None
ChainingRodShaped	2823	4.33549	0.5	-24.5771	-8.60361	0	0.34461	0.938746	0	None	None
ChainingRodShaped	4616	3.5814	0.5	-9.67698	52.5747	0	-0.616407	0.787428	0	None	None
ChainingRodShaped	4428	2.70359	0.5	5.63237	-19.8728	0	-0.954462	0.298331	0	None	None
ChainingRodShaped	2829	4.91364	0.5	28.4686	79.3953	0	0.781196	0.624286	0	None	None
ChainingRodShaped	4382	3.10185	0.5	-46.1291	62.255	0	0.863237	0.504798	0	None	None
ChainingRodShaped	2833	4.67968	0.5	1.84531	43.6889	0	0.864905	-0.501936	0	None	None
ChainingRodShaped	4848	2.52524	0.5	14.533	64.4372	0	-0.592326	0.805698	0	None	None
ChainingRodShaped	2837	4.17322	0.5	-31.0016	32.8502	0	0.913935	0.405861	0	None	None
ChainingRodShaped	2839	4.55703	0.5	95.4986	39.4075	0	0.839851	-0.542817	0	3008	2838
ChainingRodShaped	4496	2.91252	0.5	-3.74376	11.7058	0	0.927264	-0.374408	0	None	None
ChainingRodShaped	5858	2.05547	0.5	-25.6903	-3.48773	0	-0.290526	-0.956867	0	None	None
ChainingRodShaped	2845	4.51393	0.5	15.0572	-6.70407	0	0.82274	0.568417	0	None	None
ChainingRodShaped	5004	3.09787	0.5	-45.1077	1.29133	0	0.638434	-0.769677	0	None	None
ChainingRodShaped	2849	4.59969	0.5	12.3003	7.88816	0	0.886478	0.462771	0	None	None
ChainingRodShaped	2851	4.0873	0.5	26.4277	-3.86732	0	0.985898	0.167346	0	None	None
ChainingRodShaped	2853	4.36684	0.5	25.598	94.3142	0	0.337518	-0.941319	0	None	None
ChainingRodShaped	5348	2.28307	0.5	-9.77089	1.54375	0	0.667252	-0.744832	0	None	None
ChainingRodShaped	2857	4.0251	0.5	-18.0423	35.1702	0	0.999483	0.0321438	0	None	None
ChainingRodShaped	4660	3.30346	0.5	53.5735	25.7509	0	0.807462	0.58992	0	None	None
ChainingRodShaped	5024	3.06908	0.5	17.3505	85.5384	0	0.978197	-0.207681	0	None	None
ChainingRodShaped	2863	4.24698	0.5	32.1554	80.1647	0	0.606205	-0.795309	0	None	None
ChainingRodShaped	5306	2.29331	0.5	-8.78694	94.3285	0	0.868688	-0.495359	0	None	None
ChainingRodShaped	2867	4.35632	0.5	-8.01436	94.9762	0	0.867939	-0.496671	0	None	None
ChainingRodShaped	5480	2.38005	0.5	-27.415	1.31466	0	-0.74407	-0.668102	0	None	None
ChainingRodShaped	2871	4.75147	0.5	12.2244	-6.66763	0	0.0992469	0.995063	0	None	None
ChainingRodShaped	4560	3.56211	0.5	26.02	17.5875	0	0.659207	0.751961	0	None	None
ChainingRodShaped	4838	3.26878	0.5	-45.6842	61.4407	0	0.863654	0.504085	0	None	None
ChainingRodShaped	2877	3.95977	0.5	51.4265	49.7099	0	0.168796	-0.985651	0	None	None
ChainingRodShaped	2879	3.90731	0.5	48.1602	53.0965	0	0.541288	-0.840837	0	None	None
ChainingRodShaped	4586	3.23231	0.5	3.08831	-11.3971	0	0.967456	0.253039	0	None	None
ChainingRodShaped	5104	2.47418	0.5	-54.1543	27.6463	0	0.390158	0.920748	0	None	None
ChainingRodShaped	5180	2.6354	0.5	51.6113	53.7235	0	-0.329365	0.944203	0	None	None
ChainingRodShaped	4904	2.82586	0.5	-38.3061	66.7173	0	-0.0382533	0.999268	0	None	None
ChainingRodShaped	2889	4.23543	0.5	-12.0559	21.516	0	0.846987	0.531614	0	None	None
ChainingRodShaped	2891	4.96877	0.5	2.47245	83.9708	0	0.999736	0.0229828	0	None	None
ChainingRodShaped	2893	3.81359	0.5	-7.97843	17.7668	0	0.999233	-0.0391633	0	None	None
ChainingRodShaped	5540	2.49101	0.5	-17.6647	80.9621	0	0.425588	-0.904917	0	None	None
ChainingRodShaped	5262	2.38697	0.5	-28.3074	1.76594	0	-0.750692	-0.660652	0	None	None
ChainingRodShaped	2899	3.97478	0.5	3.49253	-10.3335	0	0.966261	0.257565	0	None	None
ChainingRodShaped	4784	2.53452	0.5	-58.1575	40.6661	0	0.614522	0.788899	0	None	None
ChainingRodShaped	2903	4.34808	0.5	-39.05	50.7864	0	0.905191	-0.425005	0	None	None
ChainingRodShaped	4430	3.45078	0.5	36.4644	58.5138	0	0.480794	-0.876833	0	None	None
ChainingRodShaped	4972	2.89512	0.5	-6.7125	31.3022	0	-0.700114	0.714031	0	None	None
ChainingRodShaped	2909	3.88197	0.5	123.804	39.3756	0	0.830563	0.556924	0	2326	2908
ChainingRodShaped	2911	4.45335	0.5	25.5839	82.1698	0	-0.979534	-0.201279	0	None	None
ChainingRodShaped	2913	3.76439	0.5	-13.4916	53.6887	0	-0.593568	0.804784	0	None	None
ChainingRodShaped	2915	4.52411	0.5	-9.76803	30.7431	0	-0.707384	0.70683	0	None	None
ChainingRodShaped	2917	4.02497	0.5	-21.2642	22.311	0	0.485299	-0.874348	0	None	None
ChainingRodShaped	4510	3.18887	0.5	-43.7098	2.58149	0	0.633607	-0.773655	0	None	None
ChainingRodShaped	5762	2.13248	0.5	10.6552	-10.4972	0	0.676176	0.73674	0	None	None
ChainingRodShaped	2923	4.4693	0.5	-46.5497	1.54186	0	0.635003	-0.77251	0	2628	2922
ChainingRodShaped	5526	2.35737	0.5	27.0614	79.4993	0	-0.780658	-0.624959	0	None	None
ChainingRodShaped	5186	2.50852	0.5	3.34218	85.8585	0	0.99699	0.0775348	0	None	None
ChainingRodShaped	4842	2.64268	0.5	-15.7129	41.2534	0	-0.54727	0.836956	0	None	None
ChainingRodShaped	5464	2.47709	0.5	-58.6416	26.5433	0	0.435632	-0.900125	0	None	None
ChainingRodShaped	2933	4.45044	0.5	-169.941	-62.1901	0	0.970473	-0.241212	0	None	2932
ChainingRodShaped	5574	2.40874	0.5	1.61352	-2.19756	0	-0.582495	0.812834	0	None	None
ChainingRodShaped	2937	4.53639	0.5	-32.2451	-11.8109	0	0.809409	-0.587245	0	3528	2936
ChainingRodShaped	5156	2.79929	0.5	33.8342	39.6197	0	0.590503	0.807036	0	None	None
ChainingRodShaped	5626	2.37175	0.5	-17.1808	70.7396	0	0.966437	0.256905	0	None	None
ChainingRodShaped	5240	2.76299	0.5	18.2243	26.5569	0	-0.658385	0.752681	0	None	None
ChainingRodShaped	2945	4.71896	0.5	-2.85276	33.83	0	-0.709863	0.70434	0	None	None
ChainingRodShaped	2947	4.56672	0.5	-20.9037	17.7511	0	0.739209	-0.673476	0	None	None
ChainingRodShaped	2949	3.70315	0.5	-8.4065	30.5823	0	-0.702479	0.711705	0	None	None
ChainingRodShaped	4490	2.94777	0.5	-25.3075	49.2757	0	-0.866908	-0.498468	0	None	None
ChainingRodShaped	4936	2.73487	0.5	34.6072	67.4506	0	-0.589355	0.807874	0	None	None
ChainingRodShaped	4646	2.85723	0.5	-18.4615	42.2291	0	-0.634205	0.773165	0	None	None
ChainingRodShaped	4742	3.42815	0.5	38.4683	66.9803	0	0.611063	-0.791582	0	None	None
ChainingRodShaped	2959	4.59225	0.5	-31.2568	66.0787	0	0.737478	0.675371	0	None	None
ChainingRodShaped	2961	4.49793	0.5	10.0537	77.7863	0	-0.890573	0.45484	0	None	None
ChainingRodShaped	2963	3.89341	0.5	23.9591	10.5347	0	0.549786	0.835306	0	None	None
ChainingRodShaped	2965	4.16165	0.5	-0.159338	37.3381	0	-0.714505	0.69963	0	None	None
ChainingRodShaped	5160	2.63361	0.5	-57.2984	39.5725	0	0.833844	0.552001	0	None	None
ChainingRodShaped	5506	2.52164	0.5	24.9857	2.80429	0	-0.951356	-0.308095	0	None	None
ChainingRodShaped	4932	3.24979	0.5	-58.7936	45.2357	0	-0.841045	-0.540965	0	None	None
ChainingRodShaped	5474	2.47478	0.5	-12.1488	86.8248	0	0.603895	-0.797064	0	None	None
ChainingRodShaped	5782	2.16646	0.5	-34.7407	79.5122	0	0.945855	0.32459	0	None	None
ChainingRodShaped	5518	2.21852	0.5	51.5712	32.0579	0	0.986011	0.166681	0	None	None
ChainingRodShaped	5486	2.42753	0.5	-17.5316	49.6754	0	-0.503519	0.863984	0	None	None
ChainingRodShaped	4882	3.11376	0.5	4.53112	38.8778	0	-0.752818	0.658228	0	None	None
ChainingRodShaped	5152	2.56569	0.5	33.4303	-0.484042	0	0.78007	0.625693	0	None	None
ChainingRodShaped	2985	4.67815	0.5	-58.435	28.3519	0	0.426607	-0.904437	0	None	None
ChainingRodShaped	4552	3.80248	0.5	2.94951	-12.3845	0	0.969938	0.243353	0	None	None
ChainingRodShaped	5268	2.63611	0.5	-24.4471	24.4528	0	0.559292	0.828971	0	None	None
ChainingRodShaped	2991	4.08864	0.5	-37.3981	25.0775	0	0.219043	0.975715	0	None	None
ChainingRodShaped	2993	3.88732	0.5	31.2799	72.7092	0	0.984707	-0.174218	0	None	None
ChainingRodShaped	2995	4.83403	0.5	27.7183	56.3975	0	-0.429998	0.90283	0	None	None
ChainingRodShaped	5416	2.34514	0.5	12.8173	4.29286	0	0.725756	0.687952	0	None	None
ChainingRodShaped	2999	4.75582	0.5	23.293	5.64704	0	0.684546	0.72897	0	None	None
ChainingRodShaped	3001	4.35269	0.5	-33.5892	38.5054	0	0.782961	0.622071	0	None	None
ChainingRodShaped	4834	3.06359	0.5	19.7352	20.9169	0	0.673346	0.739327	0	None	None
ChainingRodShaped	3005	4.91461	0.5	-19.1878	61.6726	0	-0.988	-0.154455	0	None	None
ChainingRodShaped	3007	4.08559	0.5	-9.19638	43.5988	0	-0.580415	0.814321	0	None	None
ChainingRodShaped	3009	4.60788	0.5	87.8678	46.3873	0	0.621455	-0.78345	0	5498	3008
ChainingRodShaped	5288	2.55352	0.5	-4.145	94.95	0	0.794115	-0.607768	0	None	None
ChainingRodShaped	3013	4.82646	0.5	45.5016	44.6484	0	-0.376318	-0.926491	0	None	None
ChainingRodShaped	5226	2.48937	0.5	-14.9649	63.602	0	0.908498	-0.41789	0	None	None
ChainingRodShaped	3017	4.07921	0.5	-29.2311	82.4995	0	0.999511	-0.0312541	0	None	None
ChainingRodShaped	3019	4.0511	0.5	25.3457	78.2076	0	0.438645	-0.89866	0	None	None
ChainingRodShaped	3021	4.64321	0.5	-21.7227	73.2932	0	0.966438	0.2569	0	None	None
ChainingRodShaped	3023	3.65397	0.5	-34.8348	69.8651	0	0.165844	0.986152	0	None	None
ChainingRodShaped	5130	2.43448	0.5	45.2016	24.2807	0	-0.143606	0.989635	0	None	None
ChainingRodShaped	5192	2.59557	0.5	-2.81312	57.6562	0	0.835666	-0.549238	0	None	None
ChainingRodShaped	3029	4.25933	0.5	128.693	126.272	0	0.442118	0.896957	0	2404	3028
ChainingRodShaped	3031	4.85135	0.5	-52.2052	52.6865	0	-0.917825	0.396985	0	None	None
ChainingRodShaped	5714	2.16467	0.5	3.47958	16.6613	0	0.578174	0.815914	0	None	None
ChainingRodShaped	4602	2.82818	0.5	40.2087	66.3519	0	0.617856	-0.786292	0	None	None
ChainingRodShaped	3037	3.69509	0.5	12.5357	34.0573	0	-0.845792	0.533513	0	None	None
ChainingRodShaped	3039	3.87348	0.5	-2.98499	-5.49775	0	0.965024	-0.262161	0	None	None
ChainingRodShaped	4702	3.55809	0.5	-32.2072	17.5273	0	0.45842	0.888736	0	None	None
ChainingRodShaped	4752	2.96466	0.5	18.1878	40.9715	0	0.96073	-0.277484	0	None	None
ChainingRodShaped	4612	2.79003	0.5	-7.67245	27.483	0	0.994048	-0.108946	0	None	None
ChainingRodShaped	3047	3.86665	0.5	-12.0177	13.4742	0	0.814389	0.580319	0	None	None
ChainingRodShaped	4894	2.72848	0.5	-15.8915	4.26806	0	0.917799	-0.397046	0	None	None
ChainingRodShaped	3051	4.86272	0.5	-76.8494	24.042	0	0.991019	0.13372	0	1898	3050
ChainingRodShaped	3053	4.40261	0.5	-50.0105	48.7331	0	-0.663827	0.747886	0	None	None
ChainingRodShaped	4644	3.63903	0.5	43.9869	29.2721	0	0.997713	0.0675914	0	None	None
ChainingRodShaped	4668	2.60343	0.5	-24.8835	32.4948	0	0.960435	0.278506	0	None	None
ChainingRodShaped	3059	3.88056	0.5	21.8225	79.6839	0	0.722473	-0.691399	0	None	None
ChainingRodShaped	3061	3.79289	0.5	10.0656	76.8669	0	-0.895072	0.445921	0	None	None
ChainingRodShaped	3063	4.57084	0.5	-36.3105	76.9711	0	0.944867	0.327455	0	None	None
ChainingRodShaped	5484	2.53432	0.5	-5.82655	-9.90571	0	-0.00871193	0.999962	0	None	None
ChainingRodShaped	3067	3.43809	0.5	-58.7064	16.8231	0	0.70389	-0.710309	0	3200	3066
ChainingRodShaped	3069	3.85775	0.5	-10.8993	-1.34956	0	0.65567	-0.755048	0	None	None
ChainingRodShaped	3071	4.39777	0.5	16.1214	57.0667	0	-0.528016	0.849234	0	None	None
ChainingRodShaped	3073	4.46186	0.5	11.7288	-16.5992	0	-0.919861	-0.392245	0	None	None
ChainingRodShaped	5860	2.05183	0.5	-8.98432	25.8581	0	0.990885	-0.134708	0	None	None
ChainingRodShaped	3077	4.93188	0.5	-23.1408	11.0788	0	0.451805	-0.892117	0	None	None
ChainingRodShaped	5210	2.87588	0.5	7.27469	96.0149	0	-0.312225	-0.950008	0	None	None
ChainingRodShaped	3081	3.75959	0.5	-22.1543	13.1183	0	0.447735	-0.894166	0	None	None
ChainingRodShaped	4696	3.46943	0.5	-30.548	36.9328	0	0.949886	0.312596	0	None	None
ChainingRodShaped	4692	3.55127	0.5	16.4905	94.5886	0	0.661183	0.750225	0	None	None
ChainingRodShaped	3087	3.72117	0.5	-28.4774	84.3691	0	0.99927	-0.0382086	0	None	None
ChainingRodShaped	5128	2.92402	0.5	-7.61067	24.7787	0	0.996668	-0.0815616	0	None	None
ChainingRodShaped	5868	2.02353	0.5	17.5187	-7.3141	0	0.807089	0.59043	0	None	None
ChainingRodShaped	4828	2.57478	0.5	-8.97924	-8.98961	0	-0.700591	0.713563	0	None	None
ChainingRodShaped	3095	3.62204	0.5	30.4852	8.47229	0	0.685639	0.727942	0	None	None
ChainingRodShaped	3097	4.8915	0.5	-59.2432	40.8489	0	0.622384	0.782712	0	None	None
ChainingRodShaped	4782	2.75878	0.5	-32.5472	73.2735	0	0.884047	0.467398	0	None	None
ChainingRodShaped	3101	4.44323	0.5	20.1078	36.2672	0	0.977812	-0.209487	0	None	None
ChainingRodShaped	3103	4.9266	0.5	-19.2783	94.5279	0	0.818203	-0.574929	0	None	None
ChainingRodShaped	5336	2.43758	0.5	36.9735	49.4075	0	0.848002	0.529994	0	None	None
ChainingRodShaped	3107	4.9485	0.5	39.069	16.7468	0	-0.881381	0.472406	0	None	None
ChainingRodShaped	3109	4.49328	0.5	-43.3495	69.1452	0	0.963434	0.267947	0	None	None
ChainingRodShaped	4738	3.42707	0.5	12.4065	94.0956	0	-0.949431	-0.313975	0	None	None
ChainingRodShaped	5562	2.23649	0.5	42.9124	10.3623	0	0.9353	0.353855	0	None	None
ChainingRodShaped	5322	2.31088	0.5	-4.71565	-19.5144	0	-0.407101	0.913383	0	None	None
ChainingRodShaped	3117	3.5534	0.5	28.918	35.7462	0	-0.0690409	0.997614	0	None	None
ChainingRodShaped	3119	3.71803	0.5	-4.85115	11.0541	0	-0.951635	0.307232	0	None	None
ChainingRodShaped	3121	3.0931	0.5	226.522	133.756	0	0.985085	-0.172067	0	3904	3120
ChainingRodShaped	5736	2.18786	0.5	-8.88445	70.862	0	0.722387	-0.691489	0	None	None
ChainingRodShaped	4968	2.69027	0.5	32.5262	0.909837	0	0.989797	0.142488	0	None	None
ChainingRodShaped	3127	4.06575	0.5	-14.0998	97.6019	0	0.952116	0.305736	0	None	None
ChainingRodShaped	3129	4.64086	0.5	-27.8087	-2.09879	0	-0.601298	-0.799025	0	None	None
ChainingRodShaped	4940	2.84097	0.5	34.3768	85.5682	0	-0.916544	0.399934	0	None	None
ChainingRodShaped	4964	3.24664	0.5	-8.28196	7.90447	0	-0.688588	0.725153	0	None	None
ChainingRodShaped	3135	4.63023	0.5	-7.07853	68.278	0	0.880876	-0.473347	0	None	None
ChainingRodShaped	3137	3.48761	0.5	130.692	83.9407	0	-0.330337	0.943863	0	2122	3136
ChainingRodShaped	5244	2.49692	0.5	11.8502	72.9675	0	-0.216027	0.976387	0	None	None
ChainingRodShaped	3141	4.59016	0.5	-16.0067	50.4835	0	-0.486105	0.8739	0	None	None
ChainingRodShaped	3143	4.42392	0.5	2.51783	5.61864	0	0.425906	0.904767	0	None	None
ChainingRodShaped	3145	4.89338	0.5	-56.9765	18.7948	0	0.899724	-0.436459	0	None	None
ChainingRodShaped	3147	4.89422	0.5	18.9919	1.09996	0	0.399312	0.916815	0	None	None
ChainingRodShaped	5492	2.35868	0.5	18.4276	13.3346	0	0.871165	0.490991	0	None	None
ChainingRodShaped	3151	3.69424	0.5	-9.05432	76.2314	0	-0.870778	0.491676	0	None	None
ChainingRodShaped	3153	4.59573	0.5	-18.7653	81.2003	0	0.434651	-0.900599	0	None	None
ChainingRodShaped	3155	4.38682	0.5	15.6618	82.053	0	-0.973167	0.230099	0	None	None
ChainingRodShaped	5802	2.06311	0.5	14.378	48.7501	0	0.921718	-0.38786	0	None	None
ChainingRodShaped	5224	2.66392	0.5	29.5499	90.2651	0	0.6482	-0.76147	0	None	None
ChainingRodShaped	3161	4.45635	0.5	-159.823	-64.7153	0	0.969855	-0.243683	0	2932	3160
ChainingRodShaped	5068	2.83697	0.5	-21.1436	-4.73672	0	0.0842151	-0.996448	0	None	None
ChainingRodShaped	3165	4.95253	0.5	-54.4107	47.1818	0	-0.872323	0.48893	0	None	None
ChainingRodShaped	3167	4.40522	0.5	-14.2451	59.7138	0	0.373679	-0.927558	0	None	None
ChainingRodShaped	3169	3.51237	0.5	5.85825	49.6517	0	0.924809	-0.380431	0	None	None
ChainingRodShaped	4898	3.34899	0.5	27.3935	43.9804	0	0.658167	0.752872	0	None	None
ChainingRodShaped	5700	2.2052	0.5	23.6328	-2.38831	0	0.984321	0.176389	0	None	None
ChainingRodShaped	3175	3.6449	0.5	16.0045	75.272	0	-0.699569	0.714565	0	None	None
ChainingRodShaped	3177	4.30509	0.5	16.32	36.2682	0	-0.968527	0.248908	0	None	None
ChainingRodShaped	5458	2.32064	0.5	-33.22	68.9814	0	0.162599	0.986692	0	None	None
ChainingRodShaped	5312	2.3773	0.5	27.3648	67.2001	0	-0.999024	0.0441814	0	None	None
ChainingRodShaped	3183	4.97152	0.5	3.42671	15.0969	0	0.570038	0.821618	0	None	None
ChainingRodShaped	5872	2.04183	0.5	29.8969	-6.7696	0	0.884846	-0.465884	0	None	None
ChainingRodShaped	4934	2.84854	0.5	-9.53772	45.5668	0	-0.57224	0.820086	0	None	None
ChainingRodShaped	3189	3.68588	0.5	21.7688	31.993	0	0.997666	-0.0682803	0	None	None
ChainingRodShaped	4858	2.50064	0.5	-23.6412	22.4454	0	0.543596	0.839347	0	None	None
ChainingRodShaped	3193	4.65642	0.5	-51.5535	54.6666	0	0.986573	-0.16332	0	None	None
ChainingRodShaped	3195	4.73185	0.5	-2.56127	6.39001	0	-0.349241	0.937033	0	None	None
ChainingRodShaped	5096	3.0835	0.5	-33.1737	87.2014	0	0.292779	0.95618	0	None	None
ChainingRodShaped	5056	2.79431	0.5	-14.7672	17.2885	0	0.970476	0.241197	0	None	None
ChainingRodShaped	3201	4.37462	0.5	-66.8068	22.5696	0	0.910852	-0.412734	0	3050	3200
ChainingRodShaped	3203	4.77141	0.5	12.4878	54.4534	0	-0.912961	0.408046	0	None	None
ChainingRodShaped	4892	2.81755	0.5	5.52474	1.98284	0	0.0590943	0.998252	0	None	None
ChainingRodShaped	5092	2.66907	0.5	42.178	25.7638	0	-0.869208	-0.494447	0	None	None
ChainingRodShaped	3209	4.68889	0.5	-7.24346	-2.70515	0	0.665385	-0.7465	0	None	None
ChainingRodShaped	5808	2.06531	0.5	-27.6475	-0.36452	0	-0.609262	-0.792969	0	None	None
ChainingRodShaped	5692	2.2381	0.5	-12.7381	84.5669	0	-0.625182	0.780479	0	None	None
ChainingRodShaped	5030	3.10774	0.5	50.8113	18.9151	0	-0.0747025	0.997206	0	None	None
ChainingRodShaped	3217	3.67252	0.5	-5.92452	53.6896	0	0.835999	-0.548731	0	None	None
ChainingRodShaped	5622	2.272	0.5	-4.86549	21.222	0	0.998664	-0.0516659	0	None	None
ChainingRodShaped	3221	4.38975	0.5	31.1658	68.0373	0	-0.984369	0.176118	0	None	None
ChainingRodShaped	4886	2.94415	0.5	-12.8285	90.9057	0	-0.565253	0.824917	0	None	None
ChainingRodShaped	3225	4.96933	0.5	9.82431	71.6451	0	0.179906	0.983684	0	None	None
ChainingRodShaped	3227	4.28871	0.5	58.6224	-19.1481	0	0.492621	0.870244	0	2442	3226
ChainingRodShaped	3229	4.28759	0.5	32.6705	81.0175	0	0.602485	-0.79813	0	None	None
ChainingRodShaped	5590	2.18464	0.5	-52.0616	10.358	0	-0.600053	0.799961	0	None	None
ChainingRodShaped	3233	3.58229	0.5	29.1293	49.3589	0	-0.999985	-0.00538664	0	None	None
ChainingRodShaped	5284	2.3853	0.5	-4.8587	-11.4873	0	0.00128776	0.999999	0	None	None
ChainingRodShaped	3237	4.05385	0.5	14.3545	31.8218	0	-0.815123	0.579288	0	None	None
ChainingRodShaped	5120	3.04612	0.5	-20.3973	53.1963	0	-0.42253	0.906349	0	None	None
ChainingRodShaped	3241	4.21111	0.5	20.5161	74.2714	0	-0.230592	0.973051	0	None	None
ChainingRodShaped	3243	4.54527	0.5	32.0315	38.7295	0	0.623103	0.78214	0	None	None
ChainingRodShaped	3245	4.30055	0.5	-41.2802	-1.17979	0	0.948531	-0.316684	0	None	None
ChainingRodShaped	3247	4.08393	0.5	5.948	29.0372	0	-0.724054	0.689744	0	None	None
ChainingRodShaped	3249	4.86345	0.5	37.7626	73.4646	0	0.784883	-0.619645	0	None	None
ChainingRodShaped	5828	2.07523	0.5	9.04236	79.9224	0	-0.556538	0.830822	0	None	None
ChainingRodShaped	3253	3.49543	0.5	-29.6121	55.4655	0	0.412685	0.910874	0	None	None
ChainingRodShaped	5500	2.39588	0.5	38.5553	82.0341	0	0.0218277	-0.999762	0	None	None
ChainingRodShaped	3257	3.60402	0.5	19.53	84.0586	0	0.974587	-0.224008	0	None	None
ChainingRodShaped	3259	3.86966	0.5	-4.61152	75.6731	0	-0.741051	0.671449	0	None	None
ChainingRodShaped	5254	2.34067	0.5	8.99748	16.5088	0	0.682981	0.730436	0	None	None
ChainingRodShaped	3263	4.38864	0.5	23.7506	75.4269	0	-0.424404	0.905473	0	None	None
ChainingRodShaped	3265	4.57514	0.5	23.7086	58.1374	0	-0.496432	0.868076	0	None	None
ChainingRodShaped	5142	2.51611	0.5	-46.21	53.0812	0	-0.903628	0.428318	0	None	None
ChainingRodShaped	5826	2.05512	0.5	23.3405	97.0914	0	0.388586	0.921412	0	None	None
ChainingRodShaped	3271	3.56416	0.5	-23.8254	68.1446	0	0.955732	0.294237	0	None	None
ChainingRodShaped	5290	2.73413	0.5	-1.2924	41.258	0	-0.581421	0.813603	0	None	None
ChainingRodShaped	5208	2.39565	0.5	-36.1459	13.9012	0	0.456319	0.889816	0	None	None
ChainingRodShaped	3277	3.73572	0.5	5.11579	98.5278	0	0.19305	-0.981189	0	None	None
ChainingRodShaped	3279	4.068	0.5	45.0125	5.15307	0	-0.893967	-0.448134	0	None	None
ChainingRodShaped	3281	4.91781	0.5	-58.2129	20.4251	0	0.903816	-0.427922	0	None	None
ChainingRodShaped	3283	3.93505	0.5	-10.6613	-0.250698	0	0.657886	-0.753117	0	None	None
ChainingRodShaped	5172	2.54304	0.5	-18.5456	62.6354	0	-0.989487	-0.144624	0	None	None
ChainingRodShaped	3287	4.49092	0.5	-55.8091	39.4151	0	0.828279	0.560316	0	None	None
ChainingRodShaped	3289	4.97178	0.5	-38.7254	52.5784	0	0.903676	-0.428216	0	None	None
ChainingRodShaped	3291	4.07143	0.5	19.7546	34.6978	0	0.987432	-0.158044	0	None	None
ChainingRodShaped	5010	2.41293	0.5	15.1494	70.8931	0	0.0614595	0.99811	0	None	None
ChainingRodShaped	3295	3.81472	0.5	-10.5644	-12.7967	0	-0.97997	-0.199144	0	None	None
ChainingRodShaped	5082	2.60786	0.5	-21.2082	79.0674	0	0.899037	0.437872	0	None	None
ChainingRodShaped	3299	3.50466	0.5	-57.2249	33.9449	0	-0.992229	-0.124425	0	None	None
ChainingRodShaped	3301	4.96256	0.5	11.9475	29.3758	0	-0.756863	0.653573	0	None	None
ChainingRodShaped	5524	2.20494	0.5	38.7388	14.6617	0	0.862013	0.506886	0	None	None
ChainingRodShaped	3305	3.4578	0.5	63.5898	10.4621	0	-0.109924	0.99394	0	2056	3304
ChainingRodShaped	5188	2.63249	0.5	-30.0556	-10.0007	0	-0.842425	-0.538813	0	None	None
ChainingRodShaped	5360	2.44132	0.5	-39.0633	30.2629	0	0.234115	0.972209	0	None	None
ChainingRodShaped	5170	2.82263	0.5	-24.2198	30.3035	0	0.750402	0.660982	0	None	None
ChainingRodShaped	5112	2.75775	0.5	-42.2982	16.8695	0	-0.0838054	0.996482	0	None	None
ChainingRodShaped	5100	2.60895	0.5	11.0412	61.6789	0	-0.560337	0.828265	0	None	None
ChainingRodShaped	5750	2.14697	0.5	0.551847	69.0284	0	-0.6744	0.738366	0	None	None
ChainingRodShaped	5432	2.24162	0.5	49.8687	17.7067	0	-0.169865	0.985467	0	None	None
ChainingRodShaped	3321	3.70285	0.5	-27.9323	17.9267	0	0.473838	0.880612	0	None	None
ChainingRodShaped	3323	4.32005	0.5	-58.5736	55.6028	0	0.796069	0.605205	0	None	None
ChainingRodShaped	3325	3.86176	0.5	-33.4659	74.8346	0	0.879817	0.475313	0	None	None
ChainingRodShaped	5318	2.54651	0.5	42.4825	28.235	0	0.996988	0.0775592	0	None	None
ChainingRodShaped	5088	2.47834	0.5	-19.9196	76.6843	0	0.929651	0.368442	0	None	None
ChainingRodShaped	5870	2.02024	0.5	-43.5547	39.8332	0	0.465776	0.884902	0	None	None
ChainingRodShaped	5456	2.47702	0.5	-10.2252	65.2557	0	0.903443	-0.428708	0	None	None
ChainingRodShaped	3335	4.97953	0.5	-21.0036	98.9011	0	0.973822	-0.227311	0	None	None
ChainingRodShaped	3337	3.38869	0.5	8.83239	64.9463	0	-0.543643	0.839317	0	None	None
ChainingRodShaped	5516	2.30086	0.5	12.8829	63.6746	0	-0.576062	0.817406	0	None	None
ChainingRodShaped	3341	4.05853	0.5	7.36259	46.3782	0	0.921246	-0.38898	0	None	None
ChainingRodShaped	3343	3.53281	0.5	31.093	68.9791	0	-0.983358	0.18168	0	None	None
ChainingRodShaped	3345	2.99734	0.5	74.822	92.5833	0	0.427453	-0.904038	0	3718	3344
ChainingRodShaped	3347	4.36158	0.5	21.3914	74.4293	0	-0.238039	0.971256	0	None	None
ChainingRodShaped	3349	3.74364	0.5	1.77637	53.5488	0	0.835535	-0.549438	0	None	None
ChainingRodShaped	5272	2.37528	0.5	18.8284	7.85323	0	0.485395	0.874295	0	None	None
ChainingRodShaped	5202	2.37063	0.5	3.55612	69.9989	0	-0.465292	0.885157	0	None	None
ChainingRodShaped	3355	4.40156	0.5	5.43945	-13.8547	0	0.964075	-0.265632	0	None	None
ChainingRodShaped	5332	2.35323	0.5	-51.8066	56.4026	0	0.87613	0.482075	0	None	None
ChainingRodShaped	5436	2.33942	0.5	-36.0301	26.885	0	0.224279	0.974525	0	None	None
ChainingRodShaped	3361	4.68125	0.5	-30.8035	33.8825	0	0.909829	0.414984	0	None	None
ChainingRodShaped	3363	3.40527	0.5	-20.4969	-1.02914	0	-0.679459	0.733714	0	None	None
ChainingRodShaped	3365	3.36621	0.5	-19.239	93.1917	0	-0.767975	0.640479	0	None	None
ChainingRodShaped	5404	2.54486	0.5	-14.2098	30.2651	0	0.445655	-0.895205	0	None	None
ChainingRodShaped	3369	3.97579	0.5	-48.9039	74.447	0	0.998203	-0.0599294	0	None	None
ChainingRodShaped	3371	3.77547	0.5	5.03703	53.8144	0	0.921397	-0.388623	0	None	None
ChainingRodShaped	3373	3.76312	0.5	34.3445	38.9489	0	0.582305	0.812971	0	None	None
ChainingRodShaped	5452	2.58751	0.5	-0.835351	17.3623	0	0.913993	-0.40573	0	None	None
ChainingRodShaped	3377	4.94238	0.5	12.4629	55.3561	0	-0.908846	0.417132	0	None	None
ChainingRodShaped	3379	3.70883	0.5	28.773	56.1301	0	-0.420962	0.907078	0	None	None
ChainingRodShaped	5614	2.18373	0.5	-38.1706	81.4288	0	0.944508	0.328488	0	None	None
ChainingRodShaped	5546	2.33956	0.5	-16.8063	86.7701	0	-0.614137	0.7892	0	None	None
ChainingRodShaped	3385	4.13378	0.5	-34.96	19.7576	0	0.425476	0.90497	0	None	None
ChainingRodShaped	3387	3.77371	0.5	-33.236	28.0396	0	0.912788	0.408433	0	None	None
ChainingRodShaped	3389	3.66096	0.5	104.705	35.548	0	0.980272	-0.197653	0	2838	3388
ChainingRodShaped	5854	2.05488	0.5	-24.2303	75.5441	0	0.880771	0.473542	0	None	None
ChainingRodShaped	3393	4.71198	0.5	-12.1495	65.1797	0	0.907697	-0.419627	0	None	None
ChainingRodShaped	3395	3.22283	0.5	41.6217	79.8667	0	-0.352257	0.935903	0	4994	3394
ChainingRodShaped	3397	3.83066	0.5	29.0492	30.421	0	-0.296483	0.955038	0	None	None
ChainingRodShaped	3399	4.76644	0.5	-45.0612	74.9946	0	-0.548389	0.836223	0	None	None
ChainingRodShaped	3401	3.32441	0.5	21.7869	0.385807	0	-0.792464	-0.609919	0	None	None
ChainingRodShaped	5468	2.45839	0.5	15.7002	8.0885	0	0.555852	0.831281	0	None	None
ChainingRodShaped	3405	4.33078	0.5	-39.1125	64.2295	0	0.0598474	-0.998208	0	None	None
ChainingRodShaped	3407	3.93161	0.5	10.6039	-4.63931	0	0.0924746	0.995715	0	None	None
ChainingRodShaped	5666	2.11249	0.5	-37.7183	27.8562	0	0.233366	0.972389	0	None	None
ChainingRodShaped	3411	4.24162	0.5	54.1779	39.309	0	-0.440815	0.897598	0	None	None
ChainingRodShaped	3413	4.19398	0.5	42.3234	2.26264	0	0.999994	-0.00334521	0	None	None
ChainingRodShaped	3415	3.62523	0.5	-42.0819	56.2683	0	0.996768	0.0803376	0	None	None
ChainingRodShaped	3417	4.97062	0.5	-11.0212	44.6333	0	-0.58845	0.808534	0	None	None
ChainingRodShaped	3419	3.63594	0.5	15.1027	34.4559	0	-0.854783	0.518986	0	None	None
ChainingRodShaped	3421	3.73649	0.5	2.80766	48.033	0	0.935779	-0.352587	0	None	None
ChainingRodShaped	5698	2.15217	0.5	-34.6609	-3.97739	0	0.966434	-0.256916	0	None	None
ChainingRodShaped	5586	2.16005	0.5	-27.7597	3.93839	0	-0.536877	-0.84366	0	None	None
ChainingRodShaped	3427	3.42694	0.5	35.6765	51.3593	0	-0.919881	0.392198	0	None	None
ChainingRodShaped	5616	2.36209	0.5	-58.2395	61.7164	0	0.282374	0.959304	0	None	None
ChainingRodShaped	3431	4.17639	0.5	32.3622	17.4838	0	-0.73259	0.68067	0	None	None
ChainingRodShaped	5746	2.14637	0.5	-1.10855	94.1248	0	-0.999038	0.0438549	0	None	None
ChainingRodShaped	3435	4.04977	0.5	-11.0397	58.4426	0	0.946275	-0.323363	0	None	None
ChainingRodShaped	5842	2.03227	0.5	-43.0516	78.3471	0	0.910295	0.413961	0	None	None
ChainingRodShaped	3439	3.96151	0.5	24.7989	90.9161	0	0.690273	-0.723549	0	None	None
ChainingRodShaped	3441	3.69591	0.5	-9.98699	-9.29677	0	-0.699692	0.714444	0	None	None
ChainingRodShaped	3443	4.7519	0.5	-38.5504	28.3434	0	0.2286	0.97352	0	None	None
ChainingRodShaped	5382	2.47471	0.5	-36.1381	43.4837	0	-0.990285	0.139049	0	None	None
ChainingRodShaped	5686	2.14428	0.5	-34.4837	58.9266	0	0.00735958	0.999973	0	None	None
ChainingRodShaped	5690	2.11094	0.5	-26.7045	83.3575	0	0.999151	-0.0412069	0	None	None
ChainingRodShaped	3451	4.37202	0.5	8.57637	41.6187	0	0.833609	-0.552355	0	None	None
ChainingRodShaped	5424	2.53969	0.5	22.0877	32.8137	0	0.997497	-0.0707153	0	None	None
ChainingRodShaped	5448	2.35356	0.5	-3.57691	51.0748	0	0.786202	-0.61797	0	None	None
ChainingRodShaped	3457	4.52896	0.5	-27.84	11.7809	0	0.535383	0.844609	0	None	None
ChainingRodShaped	3459	4.93275	0.5	-3.37445	49.8672	0	0.779969	-0.625818	0	None	None
ChainingRodShaped	3461	4.04685	0.5	-16.4154	53.095	0	-0.489185	0.87218	0	None	None
ChainingRodShaped	3463	4.91238	0.5	5.38503	-4.55869	0	-0.585615	0.810589	0	None	None
ChainingRodShaped	3465	3.28409	0.5	-67.1242	-24.4918	0	-0.740899	0.671616	0	4226	3464
ChainingRodShaped	5504	2.46915	0.5	-28.1578	85.2777	0	0.999209	-0.0397603	0	None	None
ChainingRodShaped	3469	3.47893	0.5	23.0106	21.9968	0	-0.0795556	0.99683	0	None	None
ChainingRodShaped	5402	2.57909	0.5	-21.5582	9.95267	0	0.458995	-0.888439	0	None	None
ChainingRodShaped	5850	2.06717	0.5	-2.39291	1.10656	0	-0.46256	0.886588	0	None	None
ChainingRodShaped	3475	4.21956	0.5	-6.56482	56.0918	0	0.840692	-0.541513	0	None	None
ChainingRodShaped	5400	2.4802	0.5	53.7265	48.7482	0	-0.299569	0.954075	0	None	None
ChainingRodShaped	5554	2.40868	0.5	-28.7649	67.1335	0	0.744196	0.667961	0	None	None
ChainingRodShaped	3481	4.52653	0.5	31.8599	51.7183	0	-0.952648	0.304075	0	None	None
ChainingRodShaped	3483	3.45436	0.5	27.4953	9.44918	0	0.547891	0.83655	0	None	None
ChainingRodShaped	3485	4.7449	0.5	-1.52374	60.8555	0	0.836354	-0.54819	0	None	None
ChainingRodShaped	3487	3.39161	0.5	35.2462	38.8041	0	0.574199	0.818716	0	None	None
ChainingRodShaped	5482	2.4111	0.5	10.0777	83.8012	0	0.965102	0.261874	0	None	None
ChainingRodShaped	5758	2.16429	0.5	35.821	24.912	0	-0.539309	0.842108	0	None	None
ChainingRodShaped	3493	2.94705	0.5	-74.0125	-18.5586	0	-0.764065	0.645139	0	3464	3492
ChainingRodShaped	5358	2.53108	0.5	-48.2377	50.1206	0	-0.893714	0.448638	0	None	None
ChainingRodShaped	5362	2.40047	0.5	-2.30226	-8.03987	0	0.80492	-0.593384	0	None	None
ChainingRodShaped	3499	4.20435	0.5	10.5036	87.6949	0	0.981491	0.191507	0	None	None
ChainingRodShaped	5572	2.43201	0.5	14.9842	90.4746	0	0.982076	0.188484	0	None	None
ChainingRodShaped	3503	4.53699	0.5	-36.2631	59.4916	0	-0.0102914	0.999947	0	None	None
ChainingRodShaped	3505	3.70576	0.5	10.7146	52.3727	0	0.920639	-0.390416	0	None	None
ChainingRodShaped	3507	4.69106	0.5	15.5023	94.9221	0	0.654429	0.756124	0	None	None
ChainingRodShaped	5410	2.26392	0.5	7.49173	56.6841	0	0.861345	-0.50802	0	None	None
ChainingRodShaped	5604	2.27604	0.5	-12.3459	78.1365	0	0.657733	-0.753251	0	None	None
ChainingRodShaped	5442	2.33443	0.5	28.0763	50.2775	0	-0.999989	0.00461738	0	None	None
ChainingRodShaped	3515	4.21662	0.5	39.4005	89.1946	0	-0.0951319	0.995465	0	3394	3514
ChainingRodShaped	3517	3.23818	0.5	-41.8496	73.1036	0	0.0726187	0.99736	0	None	None
ChainingRodShaped	3519	3.60597	0.5	48.442	35.9812	0	-0.915064	-0.403309	0	None	None
ChainingRodShaped	3521	3.36283	0.5	-24.2014	-17.3123	0	0.838781	-0.54447	0	2936	3520
ChainingRodShaped	3523	4.51419	0.5	6.57828	30.8337	0	-0.715236	0.698884	0	None	None
ChainingRodShaped	3525	4.69093	0.5	-12.3842	22.2662	0	0.852248	0.523138	0	None	None
ChainingRodShaped	3527	4.95717	0.5	-51.1448	33.5138	0	0.710705	0.703491	0	None	None
ChainingRodShaped	3529	3.0747	0.5	-39.5063	-5.97533	0	0.736796	-0.676115	0	2922	3528
ChainingRodShaped	3531	3.84426	0.5	-18.7558	64.3349	0	0.988724	0.149747	0	None	None
ChainingRodShaped	3533	4.77885	0.5	-19.0554	25.4147	0	0.0524157	-0.998625	0	None	None
ChainingRodShaped	5798	2.14251	0.5	7.87114	61.5912	0	-0.553658	0.832744	0	None	None
ChainingRodShaped	3537	3.55137	0.5	-3.54353	22.7164	0	0.99742	-0.0717909	0	None	None
ChainingRodShaped	3539	3.90602	0.5	8.88048	37.0307	0	-0.757751	0.652544	0	None	None
ChainingRodShaped	3541	4.64598	0.5	-20.4428	22.5118	0	0.476588	-0.879127	0	None	None
ChainingRodShaped	5514	2.25867	0.5	-28.0631	54.6944	0	0.430774	0.90246	0	None	None
ChainingRodShaped	3545	3.23109	0.5	28.2055	19.3956	0	-0.54434	0.838865	0	None	None
ChainingRodShaped	3547	3.50272	0.5	-49.1307	20.3663	0	-0.394464	0.918911	0	None	None
ChainingRodShaped	5864	2.0361	0.5	-12.6523	68.292	0	0.896779	-0.44248	0	None	None
ChainingRodShaped	3551	4.36969	0.5	14.6229	99.302	0	-0.94696	-0.321352	0	None	None
ChainingRodShaped	3553	3.75509	0.5	39.8652	56.9175	0	0.743128	-0.669149	0	None	None
ChainingRodShaped	3555	4.62857	0.5	16.5231	14.3054	0	0.869179	0.494497	0	None	None
ChainingRodShaped	5726	2.08089	0.5	46.4832	17.1206	0	-0.670981	0.741474	0	None	None
ChainingRodShaped	3559	4.49571	0.5	36.064	37.6147	0	-0.352492	-0.935815	0	None	None
ChainingRodShaped	3561	4.75681	0.5	-3.01585	35.2298	0	-0.706185	0.708027	0	None	None
ChainingRodShaped	3563	4.7685	0.5	-33.0603	3.05548	0	0.502476	0.864591	0	None	None
ChainingRodShaped	3565	4.0385	0.5	-2.75336	73.3559	0	-0.917734	0.397196	0	None	None
ChainingRodShaped	3567	3.41437	0.5	-59.1846	32.7389	0	0.993424	0.114495	0	None	None
ChainingRodShaped	5510	2.41465	0.5	30.6736	26.7614	0	-0.498021	0.867165	0	None	None
ChainingRodShaped	3571	3.7571	0.5	-1.77403	29.2932	0	-0.70349	0.710705	0	None	None
ChainingRodShaped	3573	3.8561	0.5	-9.53959	37.9178	0	-0.560172	0.828376	0	None	None
ChainingRodShaped	3575	4.09725	0.5	-28.6463	75.3185	0	0.887798	0.460234	0	None	None
ChainingRodShaped	5796	2.11802	0.5	-32.4884	-7.78198	0	-0.609638	-0.79268	0	None	None
ChainingRodShaped	3579	4.00581	0.5	-19.6904	1.93038	0	-0.927218	0.374521	0	None	None
ChainingRodShaped	3581	4.19638	0.5	0.110643	-9.32067	0	0.970357	0.241677	0	None	None
ChainingRodShaped	3583	3.8471	0.5	1.90606	77.928	0	-0.684822	0.72871	0	None	None
ChainingRodShaped	3585	4.71261	0.5	42.9073	71.9468	0	0.381253	-0.924471	0	None	None
ChainingRodShaped	3587	3.89231	0.5	-35.9965	48.9782	0	-0.972741	-0.231894	0	None	None
ChainingRodShaped	5656	2.256	0.5	-10.358	80.0872	0	-0.701657	0.712515	0	None	None
ChainingRodShaped	3591	3.80515	0.5	-48.7151	12.3572	0	0.631491	-0.775383	0	None	None
ChainingRodShaped	3593	4.90658	0.5	44.3286	20.9759	0	-0.452935	0.891544	0	None	None
ChainingRodShaped	5634	2.16683	0.5	-44.1293	75.2954	0	-0.554257	0.832345	0	None	None
ChainingRodShaped	3597	3.95289	0.5	-15.8847	23.5299	0	0.686166	-0.727445	0	None	None
ChainingRodShaped	3599	3.58325	0.5	-16.1951	-22.4027	0	0.847051	-0.531512	0	3520	3598
ChainingRodShaped	3601	3.72723	0.5	-60.5681	49.4498	0	-0.0840771	0.996459	0	None	None
ChainingRodShaped	3603	4.54662	0.5	10.0283	9.78994	0	0.609042	0.793138	0	None	None
ChainingRodShaped	3605	3.50925	0.5	-15.6361	39.4638	0	-0.543922	0.839136	0	None	None
ChainingRodShaped	3607	3.98884	0.5	-36.1853	1.44164	0	0.50292	0.864333	0	None	None
ChainingRodShaped	3609	3.76761	0.5	26.6181	16.906	0	0.661969	0.749531	0	None	None
ChainingRodShaped	3611	4.43208	0.5	-61.8247	53.7197	0	0.140208	0.990122	0	None	None
ChainingRodShaped	3613	4.58425	0.5	30.1588	82.6467	0	0.605521	0.79583	0	None	None
ChainingRodShaped	3615	4.23178	0.5	8.22455	13.0527	0	0.664092	0.747651	0	None	None
ChainingRodShaped	3617	4.98471	0.5	-26.9508	16.0292	0	0.489346	0.87209	0	None	None
ChainingRodShaped	5832	2.04294	0.5	-23.9852	-9.76165	0	0.335199	0.942147	0	None	None
ChainingRodShaped	3621	4.75502	0.5	8.54482	2.92348	0	0.869787	0.493428	0	None	None
ChainingRodShaped	3623	3.70245	0.5	-32.3535	37.4292	0	0.79524	0.606295	0	None	None
ChainingRodShaped	5844	2.03365	0.5	-42.386	28.2244	0	0.201972	0.979391	0	None	None
ChainingRodShaped	3627	3.95025	0.5	-56.7581	22.8369	0	-0.536179	0.844104	0	None	None
ChainingRodShaped	3629	4.85626	0.5	8.4719	-19.1941	0	0.996183	-0.0872877	0	None	None
ChainingRodShaped	3631	4.08717	0.5	19.6695	24.019	0	-0.784208	0.620499	0	None	None
ChainingRodShaped	3633	3.93427	0.5	35.0061	70.9555	0	0.489252	-0.872143	0	None	None
ChainingRodShaped	3635	3.63295	0.5	18.8493	6.04174	0	0.650081	0.759864	0	None	None
ChainingRodShaped	3637	4.13672	0.5	2.69391	65.2538	0	-0.709454	0.704752	0	None	None
ChainingRodShaped	3639	3.33086	0.5	62.3359	-10.4953	0	0.283502	0.958971	0	3226	3638
ChainingRodShaped	3641	2.96551	0.5	137.426	137.179	0	0.783898	0.62089	0	1681	3640
ChainingRodShaped	3643	4.42182	0.5	-3.82048	65.0158	0	0.922602	-0.385754	0	None	None
ChainingRodShaped	3645	4.10274	0.5	41.9252	1.28992	0	0.99998	-0.0063586	0	None	None
ChainingRodShaped	3647	3.10326	0.5	61.3535	24.2463	0	-0.192413	0.981314	0	1765	3646
ChainingRodShaped	3649	4.19632	0.5	-51.7706	63.2469	0	-0.847674	-0.530517	0	None	None
ChainingRodShaped	3651	4.50434	0.5	11.9855	58.7464	0	-0.579762	0.814786	0	None	None
ChainingRodShaped	3653	4.17952	0.5	12.9175	38.9607	0	0.961681	-0.274171	0	None	None
ChainingRodShaped	3655	3.74381	0.5	30.9435	30.3489	0	-0.342726	0.939436	0	None	None
ChainingRodShaped	3657	3.21406	0.5	31.3304	17.2253	0	-0.725764	0.687944	0	None	None
ChainingRodShaped	3659	3.443	0.5	-13.9908	33.9096	0	0.590032	-0.80738	0	None	None
ChainingRodShaped	3661	3.19353	0.5	-42.2377	41.1911	0	0.543453	-0.839439	0	None	None
ChainingRodShaped	5644	2.17222	0.5	34.9365	45.7812	0	0.737066	0.675821	0	None	None
ChainingRodShaped	3665	4.4576	0.5	-27.2156	6.44897	0	-0.567868	-0.82312	0	None	None
ChainingRodShaped	5632	2.14832	0.5	-23.0508	48.2038	0	-0.5095	-0.86047	0	None	None
ChainingRodShaped	5840	2.03475	0.5	2.07514	-14.6948	0	0.885221	0.46517	0	None	None
ChainingRodShaped	3671	3.23166	0.5	-59.5357	48.7989	0	0.0881412	-0.996108	0	None	None
ChainingRodShaped	3673	3.81944	0.5	-24.7568	26.0452	0	0.909224	0.416307	0	None	None
ChainingRodShaped	3675	4.49706	0.5	-28.3114	96.1937	0	0.991394	-0.13091	0	None	None
ChainingRodShaped	3677	3.59454	0.5	23.6681	-10.2247	0	-0.991701	-0.128563	0	None	None
ChainingRodShaped	3679	4.46434	0.5	-49.7779	39.5069	0	0.373905	0.927467	0	None	None
ChainingRodShaped	3681	3.20864	0.5	17.1778	53.4619	0	-0.482849	0.875703	0	None	None
ChainingRodShaped	3683	4.008	0.5	-53.4298	-45.7737	0	-0.240801	0.970575	0	5146	3682
ChainingRodShaped	3685	4.75307	0.5	-42.1827	57.1317	0	0.996949	0.0780598	0	None	None
ChainingRodShaped	5680	2.12251	0.5	-47.1416	27.8805	0	-0.537131	0.843499	0	None	None
ChainingRodShaped	3689	3.61862	0.5	-43.3377	28.2455	0	0.19213	0.98137	0	None	None
ChainingRodShaped	3691	3.82382	0.5	-33.2541	37.7285	0	0.789161	0.614187	0	None	None
ChainingRodShaped	3693	4.30274	0.5	-30.2028	45.8319	0	-0.971022	0.238989	0	None	None
ChainingRodShaped	5752	2.12941	0.5	-23.1745	54.5866	0	-0.554575	-0.832134	0	None	None
ChainingRodShaped	3697	3.3019	0.5	16.8132	19.5818	0	0.844512	0.535537	0	None	None
ChainingRodShaped	5790	2.10999	0.5	2.0679	12.1966	0	0.984957	-0.172802	0	None	None
ChainingRodShaped	3701	4.36412	0.5	17.4918	15.8056	0	0.874075	0.485791	0	None	None
ChainingRodShaped	3703	3.85602	0.5	-28.5458	87.9335	0	0.454412	-0.890792	0	None	None
ChainingRodShaped	3705	3.50996	0.5	-26.3752	47.8298	0	-0.912017	-0.410153	0	None	None
ChainingRodShaped	3707	4.76356	0.5	-17.2221	13.6132	0	0.998956	-0.0456818	0	None	None
ChainingRodShaped	3709	3.30982	0.5	2.18727	52.2449	0	0.841012	-0.541017	0	None	None
ChainingRodShaped	3711	4.83759	0.5	-16.1954	30.4068	0	0.391714	-0.920087	0	None	None
ChainingRodShaped	3713	3.38804	0.5	-52.571	65.0486	0	0.851305	0.524671	0	None	None
ChainingRodShaped	3715	4.97762	0.5	-7.48036	55.7182	0	0.840819	-0.541316	0	None	None
ChainingRodShaped	5688	2.23538	0.5	11.7973	24.5964	0	-0.644482	0.764619	0	None	None
ChainingRodShaped	3719	3.31549	0.5	70.0617	99.8864	0	0.659385	-0.751805	0	2344	3718
ChainingRodShaped	3721	4.3211	0.5	4.55084	0.842926	0	0.0490879	0.998794	0	None	None
ChainingRodShaped	3723	3.68949	0.5	-47.094	51.5366	0	-0.902324	0.431058	0	None	None
ChainingRodShaped	3725	3.69059	0.5	-56.9648	-36.8035	0	-0.483593	0.875293	0	3682	3724
ChainingRodShaped	5722	2.15357	0.5	0.286113	-19.368	0	0.860619	0.50925	0	None	None
ChainingRodShaped	3729	3.81581	0.5	-42.6968	20.3854	0	-0.565403	0.824815	0	None	None
ChainingRodShaped	5800	2.07018	0.5	-29.5687	12.4951	0	0.518424	0.855124	0	None	None
ChainingRodShaped	3733	4.45647	0.5	-48.2143	45.5267	0	-0.401643	-0.915796	0	None	None
ChainingRodShaped	3735	4.75942	0.5	47.0635	62.9675	0	-0.275357	-0.961342	0	None	None
ChainingRodShaped	3737	3.9233	0.5	-9.40298	87.7415	0	-0.588478	0.808513	0	None	None
ChainingRodShaped	5732	2.17839	0.5	-20.2296	13.0881	0	0.45824	-0.888828	0	None	None
ChainingRodShaped	3741	4.40331	0.5	1.84951	6.20148	0	0.43493	0.900464	0	None	None
ChainingRodShaped	3743	4.18761	0.5	4.41794	96.9962	0	-0.2354	0.971898	0	None	None
ChainingRodShaped	3745	4.66888	0.5	-39.2744	22.0692	0	-0.658382	0.752684	0	None	None
ChainingRodShaped	3747	3.64633	0.5	-16.4585	-7.20537	0	-0.314613	0.94922	0	None	None
ChainingRodShaped	3749	3.23763	0.5	37.3958	28.6897	0	-0.132962	0.991121	0	None	None
ChainingRodShaped	3751	4.71035	0.5	-32.0094	66.5943	0	0.734792	0.678293	0	None	None
ChainingRodShaped	3753	4.84148	0.5	10.2515	95.5305	0	0.964022	0.265822	0	None	None
ChainingRodShaped	3755	4.96506	0.5	-12.1125	9.4314	0	-0.90005	0.435787	0	None	None
ChainingRodShaped	3757	4.74079	0.5	30.1711	25.875	0	-0.499589	0.866263	0	None	None
ChainingRodShaped	3759	4.15252	0.5	14.6724	-2.99268	0	0.200314	0.979732	0	None	None
ChainingRodShaped	3761	4.43203	0.5	2.3886	62.1296	0	0.737385	-0.675473	0	None	None
ChainingRodShaped	3763	4.66847	0.5	-39.5869	17.9039	0	0.327777	0.944755	0	None	None
ChainingRodShaped	3765	4.00532	0.5	18.6448	49.321	0	-0.434145	0.900843	0	None	None
ChainingRodShaped	3767	3.27356	0.5	-21.4673	19.4254	0	0.732421	-0.680852	0	None	None
ChainingRodShaped	3769	4.65865	0.5	17.7334	-14.4234	0	-0.554989	-0.831858	0	None	None
ChainingRodShaped	3771	3.35544	0.5	17.6121	67.7749	0	0.110531	0.993873	0	None	None
ChainingRodShaped	3773	3.84655	0.5	-2.54302	41.5979	0	-0.57325	0.81938	0	None	None
ChainingRodShaped	3775	4.3382	0.5	5.04957	52.8711	0	0.918263	-0.39597	0	None	None
ChainingRodShaped	3777	3.51086	0.5	23.8993	21.5745	0	-0.0696545	0.997571	0	None	None
ChainingRodShaped	3779	4.78997	0.5	9.67834	-4.73719	0	0.0838206	0.996481	0	None	None
ChainingRodShaped	3781	3.35116	0.5	18.2329	-7.97418	0	0.803001	0.595977	0	None	None
ChainingRodShaped	3783	4.93421	0.5	19.6242	59.7537	0	-0.517588	0.85563	0	None	None
ChainingRodShaped	3785	3.22419	0.5	-31.618	43.5034	0	-0.975331	0.220749	0	None	None
ChainingRodShaped	3787	4.72731	0.5	35.016	57.4356	0	-0.498224	0.867048	0	None	None
ChainingRodShaped	3789	3.31238	0.5	38.1805	6.07181	0	-1	-0.000874254	0	None	None
ChainingRodShaped	3791	4.78767	0.5	-50.434	17.5239	0	0.989998	0.141082	0	None	None
ChainingRodShaped	5836	2.04498	0.5	20.667	48.9177	0	-0.448341	0.893863	0	None	None
ChainingRodShaped	3795	3.3948	0.5	22.2063	28.4354	0	-0.800062	0.599917	0	None	None
ChainingRodShaped	3797	4.43838	0.5	-9.75662	63.1318	0	0.912121	-0.409921	0	None	None
ChainingRodShaped	3799	3.10186	0.5	29.1941	40.7627	0	0.632538	0.77453	0	None	None
ChainingRodShaped	3801	4.628	0.5	-21.6934	48.7864	0	-0.51424	-0.857646	0	None	None
ChainingRodShaped	3803	3.05845	0.5	-10.183	42.0356	0	-0.566511	0.824054	0	None	None
ChainingRodShaped	3805	3.7863	0.5	-6.55024	7.32512	0	-0.709659	0.704546	0	None	None
ChainingRodShaped	3807	4.21373	0.5	0.0153994	35.9759	0	-0.71451	0.699626	0	None	None
ChainingRodShaped	3809	3.90865	0.5	-46.5807	55.1254	0	0.88268	0.469975	0	None	None
ChainingRodShaped	3811	3.35218	0.5	20.6307	93.9535	0	-0.151911	-0.988394	0	None	None
ChainingRodShaped	3813	3.24259	0.5	39.6323	33.8142	0	-0.298341	-0.954459	0	None	None
ChainingRodShaped	3815	4.11036	0.5	1.23638	84.8466	0	0.999838	0.0180148	0	None	None
ChainingRodShaped	5882	2.03281	0.5	24.4119	51.2132	0	-0.453603	0.891204	0	None	None
ChainingRodShaped	3819	4.54661	0.5	37.0409	1.70061	0	-0.975229	-0.221196	0	None	None
ChainingRodShaped	3821	3.5356	0.5	19.2047	53.4519	0	-0.480786	0.876838	0	None	None
ChainingRodShaped	3823	4.917	0.5	37.6076	83.1697	0	0.0118338	-0.99993	0	None	None
ChainingRodShaped	3825	4.87158	0.5	46.0574	68.1817	0	0.430285	-0.902693	0	None	None
ChainingRodShaped	3827	4.80839	0.5	-12.9124	6.88739	0	0.907783	-0.419439	0	None	None
ChainingRodShaped	3829	4.09358	0.5	-28.8025	65.9201	0	0.750465	0.660911	0	None	None
ChainingRodShaped	3831	3.82455	0.5	152.575	143.659	0	0.986718	0.162445	0	4370	3830
ChainingRodShaped	3833	4.41717	0.5	-8.04997	34.2976	0	-0.605597	0.795772	0	None	None
ChainingRodShaped	3835	3.41	0.5	6.82596	91.758	0	0.97854	0.206056	0	None	None
ChainingRodShaped	3837	4.24178	0.5	-37.6555	79.5167	0	0.940936	0.338584	0	None	None
ChainingRodShaped	3839	3.27213	0.5	-53.9994	20.1632	0	0.675467	0.73739	0	None	None
ChainingRodShaped	3841	3.82903	0.5	14.8659	45.6246	0	0.946959	-0.321356	0	None	None
ChainingRodShaped	3843	3.18422	0.5	1.10433	49.867	0	0.856174	-0.516687	0	None	None
ChainingRodShaped	3845	4.37184	0.5	11.6513	62.3484	0	-0.567069	0.823671	0	None	None
ChainingRodShaped	3847	3.16056	0.5	9.56067	67.2281	0	-0.498904	0.866657	0	None	None
ChainingRodShaped	3849	3.11772	0.5	29.2322	22.4171	0	-0.523103	0.852269	0	None	None
ChainingRodShaped	3851	3.62555	0.5	40.6766	-36.0135	0	0.909871	0.414892	0	2402	3850
ChainingRodShaped	3853	4.20321	0.5	50.0498	60.0655	0	0.400901	-0.916121	0	None	None
ChainingRodShaped	3855	4.51296	0.5	13.5657	91.1564	0	0.982475	0.186394	0	None	None
ChainingRodShaped	3857	3.77108	0.5	45.8105	58.9319	0	0.971326	-0.237753	0	None	None
ChainingRodShaped	3859	3.43426	0.5	6.03543	17.1019	0	0.671883	0.740657	0	None	None
ChainingRodShaped	3861	3.56806	0.5	45.6772	53.181	0	0.777195	-0.62926	0	None	None
ChainingRodShaped	3863	3.65264	0.5	-60.0329	24.615	0	-0.867936	0.496675	0	None	None
ChainingRodShaped	3865	3.51278	0.5	11.497	22.2655	0	-0.629906	0.776671	0	None	None
ChainingRodShaped	3867	4.53418	0.5	-0.464807	86.6721	0	0.999965	-0.00830686	0	None	None
ChainingRodShaped	3869	3.58443	0.5	-41.165	2.06465	0	0.888695	-0.458499	0	None	None
ChainingRodShaped	3871	4.10927	0.5	-55.2661	15.9377	0	0.937837	-0.347076	0	None	None
ChainingRodShaped	3873	4.1933	0.5	-20.6109	35.9885	0	0.999824	0.0187363	0	None	None
ChainingRodShaped	3875	2.8429	0.5	-90.9349	12.3882	0	0.291261	0.956643	0	4976	3874
ChainingRodShaped	3877	4.74598	0.5	-32.0885	34.2329	0	0.906561	0.422075	0	None	None
ChainingRodShaped	3879	3.59052	0.5	-23.4375	38.4589	0	0.940558	0.339632	0	None	None
ChainingRodShaped	3881	4.55437	0.5	-40.7828	38.9557	0	0.997545	0.0700335	0	None	None
ChainingRodShaped	3883	3.85597	0.5	3.02143	88.6412	0	0.997664	0.0683066	0	None	None
ChainingRodShaped	3885	4.46794	0.5	21.2978	53.3123	0	-0.471325	0.88196	0	None	None
ChainingRodShaped	3887	4.85403	0.5	35.9047	62.049	0	-0.56262	-0.826716	0	None	None
ChainingRodShaped	3889	3.24753	0.5	-49.2996	71.5362	0	0.786444	0.617662	0	None	None
ChainingRodShaped	3891	3.22497	0.5	-13.1123	34.167	0	0.583781	-0.811911	0	None	None
ChainingRodShaped	3893	3.59801	0.5	-50.8104	48.2667	0	-0.669967	0.742391	0	None	None
ChainingRodShaped	3895	4.5587	0.5	-41.9204	3.4756	0	0.884069	-0.467356	0	None	None
ChainingRodShaped	3897	4.0633	0.5	-17.1727	50.7942	0	-0.494812	0.869	0	None	None
ChainingRodShaped	3899	3.7033	0.5	-53.4488	25.231	0	0.0725055	0.997368	0	None	None
ChainingRodShaped	3901	3.58582	0.5	134.186	53.9693	0	0.266587	0.963811	0	3930	3900
ChainingRodShaped	3903	3.82105	0.5	-22.5414	37.8623	0	0.942305	0.334756	0	None	None
ChainingRodShaped	3905	3.62031	0.5	217.967	135.258	0	0.984707	-0.17422	0	4570	3904
ChainingRodShaped	3907	4.04781	0.5	-7.67022	-19.6815	0	-0.731173	0.682192	0	None	None
ChainingRodShaped	3909	3.19575	0.5	-11.5921	61.1282	0	0.936139	-0.351629	0	None	None
ChainingRodShaped	3911	4.81629	0.5	45.7021	38.2389	0	0.994827	-0.101583	0	None	None
ChainingRodShaped	3913	4.05925	0.5	10.8977	-15.921	0	0.921141	0.389228	0	None	None
ChainingRodShaped	3915	4.40766	0.5	-49.7533	25.1137	0	0.108746	0.99407	0	None	None
ChainingRodShaped	3917	3.14839	0.5	-4.58945	87.8128	0	0.990622	-0.13663	0	None	None
ChainingRodShaped	3919	4.7824	0.5	-5.95523	64.1493	0	0.919948	-0.392041	0	None	None
ChainingRodShaped	3921	3.13655	0.5	-54.2062	45.9915	0	-0.867392	0.497625	0	None	None
ChainingRodShaped	3923	4.14189	0.5	19.0267	-2.68285	0	-0.837597	-0.546289	0	None	None
ChainingRodShaped	3925	4.64187	0.5	-35.8936	78.1108	0	0.942561	0.334035	0	None	None
ChainingRodShaped	3927	3.05073	0.5	1.29514	95.2182	0	-0.99419	-0.107643	0	None	None
ChainingRodShaped	3929	3.15888	0.5	40.3619	29.8637	0	0.750463	0.660912	0	None	None
ChainingRodShaped	3931	3.2478	0.5	130.463	45.8789	0	0.569415	0.822051	0	2908	3930
ChainingRodShaped	3933	4.39504	0.5	14.796	87.6107	0	0.979275	0.202535	0	None	None
ChainingRodShaped	3935	3.19979	0.5	1.90906	26.8683	0	-0.715204	0.698916	0	None	None
ChainingRodShaped	3937	4.1792	0.5	18.1389	75.6259	0	-0.694149	0.719832	0	None	None
ChainingRodShaped	3939	4.79281	0.5	12.6978	29.8095	0	-0.763345	0.645992	0	None	None
ChainingRodShaped	3941	3.31011	0.5	19.8261	38.878	0	0.979839	-0.199788	0	None	None
ChainingRodShaped	3943	4.73195	0.5	-30.9272	57.1126	0	-0.00701066	0.999975	0	None	None
ChainingRodShaped	3945	4.48208	0.5	45.3775	10.2849	0	0.942225	0.334981	0	None	None
ChainingRodShaped	3947	4.19693	0.5	26.1052	41.1688	0	0.648959	0.760823	0	None	None
ChainingRodShaped	3949	3.84883	0.5	-15.803	91.0946	0	0.255047	-0.966929	0	None	None
ChainingRodShaped	3951	4.3533	0.5	10.1154	12.631	0	0.649059	0.760738	0	None	None
ChainingRodShaped	3953	4.69028	0.5	-15.945	72.7798	0	0.96112	0.276131	0	None	None
ChainingRodShaped	3955	4.72197	0.5	1.68403	-3.94669	0	-0.576564	0.817052	0	None	None
ChainingRodShaped	3957	3.1291	0.5	-39.0131	47.2993	0	-0.715158	0.698963	0	None	None
ChainingRodShaped	3959	4.15781	0.5	32.2235	58.8281	0	-0.507747	0.861506	0	None	None
ChainingRodShaped	3961	2.96972	0.5	-59.4351	56.1678	0	0.795855	0.605487	0	None	None
ChainingRodShaped	3963	3.93898	0.5	-19.7998	7.16652	0	0.880712	-0.473651	0	None	None
ChainingRodShaped	3965	3.30713	0.5	15.8335	5.00429	0	0.543568	0.839365	0	None	None
ChainingRodShaped	3967	3.46222	0.5	-3.06759	5.18756	0	-0.345663	0.938359	0	None	None
ChainingRodShaped	3969	4.48767	0.5	45.2677	63.3668	0	-0.64198	-0.766721	0	None	None
ChainingRodShaped	3971	4.02022	0.5	-3.15228	91.3831	0	0.99786	-0.0653916	0	None	None
ChainingRodShaped	3973	3.14714	0.5	-42.3435	34.8135	0	0.836463	0.548023	0	None	None
ChainingRodShaped	3975	3.99483	0.5	39.9786	4.17183	0	-0.999919	-0.0127639	0	None	None
ChainingRodShaped	3977	3.54966	0.5	25.0602	43.8778	0	0.661708	0.749762	0	None	None
ChainingRodShaped	3979	4.51793	0.5	-57.1907	54.1962	0	0.797457	0.603376	0	None	None
ChainingRodShaped	3981	4.3127	0.5	-13.307	69.5991	0	0.892359	-0.451326	0	None	None
ChainingRodShaped	3983	4.56456	0.5	38.3717	9.64856	0	0.949495	0.313782	0	None	None
ChainingRodShaped	3985	4.71662	0.5	40.9953	58.3912	0	0.737855	-0.674959	0	None	None
ChainingRodShaped	3987	3.29592	0.5	-8.18196	1.16389	0	0.666605	-0.745411	0	None	None
ChainingRodShaped	3989	4.14004	0.5	-23.7145	78.8496	0	0.894627	0.446814	0	None	None
ChainingRodShaped	3991	3.06757	0.5	49.2131	44.8857	0	-0.704241	-0.709961	0	None	None
ChainingRodShaped	3993	4.37735	0.5	-11.2176	13.0652	0	0.80856	0.588414	0	None	None
ChainingRodShaped	3995	3.63817	0.5	5.7657	72.6908	0	-0.782626	0.622492	0	None	None
ChainingRodShaped	3997	4.13163	0.5	-35.6835	24.3038	0	0.234382	0.972144	0	None	None
ChainingRodShaped	3999	4.45325	0.5	-32.0526	87.5182	0	0.284244	0.958752	0	None	None
ChainingRodShaped	4001	4.27113	0.5	41.2422	68.1402	0	0.602157	-0.798378	0	None	None
ChainingRodShaped	4003	2.95746	0.5	16.7122	16.3855	0	0.869173	0.494508	0	None	None
ChainingRodShaped	4005	3.04801	0.5	25.1014	66.8906	0	0.235505	0.971873	0	None	None
ChainingRodShaped	4007	3.99501	0.5	-26.4189	62.269	0	0.590442	0.80708	0	None	None
ChainingRodShaped	4009	2.71494	0.5	-104.065	-80.1154	0	0.97716	-0.212506	0	4454	4008
ChainingRodShaped	4011	4.34471	0.5	-9.34467	101.531	0	-0.994383	0.105845	0	None	None
ChainingRodShaped	4013	4.0189	0.5	-6.25045	-18.9844	0	-0.499391	0.866376	0	None	None
ChainingRodShaped	4015	4.61945	0.5	-28.241	58.7681	0	-0.165404	0.986226	0	None	None
ChainingRodShaped	4017	4.23283	0.5	10.5645	54.3487	0	0.916643	-0.399707	0	None	None
ChainingRodShaped	4019	4.41891	0.5	12.4786	18.7991	0	0.861199	0.508268	0	None	None
ChainingRodShaped	4021	2.68337	0.5	81.5535	60.0437	0	0.219008	-0.975723	0	2042	4020
ChainingRodShaped	4023	4.69051	0.5	24.0474	12.3539	0	0.512799	0.858509	0	None	None
ChainingRodShaped	4025	3.45495	0.5	-25.3727	26.6799	0	0.913351	0.407172	0	None	None
ChainingRodShaped	4027	3.88801	0.5	34.0309	22.7446	0	-0.514801	0.85731	0	None	None
ChainingRodShaped	4029	4.10292	0.5	-5.61523	-16.2078	0	-0.592022	0.805922	0	None	None
ChainingRodShaped	4031	4.34582	0.5	-1.87224	53.898	0	0.812178	-0.58341	0	None	None
ChainingRodShaped	4033	4.05178	0.5	-2.38625	46.8411	0	0.76729	-0.641301	0	None	None
ChainingRodShaped	4035	3.48928	0.5	7.98127	70.9361	0	0.166759	0.985998	0	None	None
ChainingRodShaped	4037	4.0388	0.5	13.6279	15.1227	0	0.694763	0.719239	0	None	None
ChainingRodShaped	4039	3.45405	0.5	-1.21697	82.496	0	-0.691709	0.722176	0	None	None
ChainingRodShaped	4041	4.24201	0.5	-11.3344	59.3873	0	0.942983	-0.332842	0	None	None
ChainingRodShaped	4043	3.03131	0.5	-3.20325	-1.77856	0	0.975827	-0.218546	0	None	None
ChainingRodShaped	4045	4.32045	0.5	-22.4932	57.2737	0	-0.550008	-0.83516	0	None	None
ChainingRodShaped	4047	2.9652	0.5	32.9311	70.5124	0	-0.981939	0.189198	0	None	None
ChainingRodShaped	4049	3.38789	0.5	-3.43148	-18.3365	0	-0.00903286	0.999959	0	None	None
ChainingRodShaped	4051	4.17129	0.5	41.7799	60.1338	0	0.732605	-0.680654	0	None	None
ChainingRodShaped	4053	3.08325	0.5	18.451	67.2076	0	0.100605	0.994926	0	None	None
ChainingRodShaped	4055	3.12467	0.5	5.81104	76.9895	0	-0.883135	0.469118	0	None	None
ChainingRodShaped	4057	2.99523	0.5	20.5408	90.092	0	0.902057	-0.431618	0	None	None
ChainingRodShaped	4059	4.12558	0.5	-43.2516	48.7115	0	-0.904072	0.427381	0	None	None
ChainingRodShaped	4061	3.14877	0.5	42.8705	51.8494	0	-0.743158	0.669116	0	None	None
ChainingRodShaped	4063	4.28495	0.5	-59.3813	18.845	0	0.766442	-0.642314	0	None	None
ChainingRodShaped	4065	4.11877	0.5	-11.6382	8.27781	0	0.904358	-0.426775	0	None	None
ChainingRodShaped	4067	3.22608	0.5	-56.8411	30.9371	0	-0.766733	-0.641967	0	None	None
ChainingRodShaped	4069	3.15315	0.5	-16.5555	75.1724	0	0.952665	0.304022	0	None	None
ChainingRodShaped	4071	3.30249	0.5	-15.6845	31.3375	0	0.400889	-0.916127	0	None	None
ChainingRodShaped	4073	3.40996	0.5	1.50478	50.6356	0	0.851597	-0.524197	0	None	None
ChainingRodShaped	4075	3.93028	0.5	13.5612	-3.79715	0	0.173474	0.984838	0	None	None
ChainingRodShaped	4077	3.39788	0.5	-16.1392	54.3668	0	-0.497846	0.867265	0	None	None
ChainingRodShaped	4079	4.29187	0.5	-32.8523	12.344	0	0.473912	0.880572	0	None	None
ChainingRodShaped	4081	3.23914	0.5	36.93	34.4899	0	0.28883	0.95738	0	None	None
ChainingRodShaped	4083	4.11962	0.5	-1.88317	13.8125	0	0.989928	-0.141569	0	None	None
ChainingRodShaped	4085	3.84723	0.5	-10.9213	-11.9171	0	-0.979324	-0.202297	0	None	None
ChainingRodShaped	4087	3.06762	0.5	29.173	62.6634	0	0.80022	0.599707	0	None	None
ChainingRodShaped	4089	3.13214	0.5	-5.89189	26.3912	0	0.99509	-0.0989726	0	None	None
ChainingRodShaped	4091	3.06724	0.5	36.4345	54.3313	0	-0.960373	0.278717	0	None	None
ChainingRodShaped	4093	4.0305	0.5	-47.4818	35.1595	0	0.33295	0.942944	0	None	None
ChainingRodShaped	4095	3.47723	0.5	6.32929	77.7199	0	-0.882429	0.470446	0	None	None
ChainingRodShaped	4097	3.17849	0.5	-30.7453	71.1415	0	0.887921	0.459996	0	None	None
ChainingRodShaped	4099	4.55642	0.5	55.8834	32.7333	0	-0.284009	0.958822	0	None	None
ChainingRodShaped	4101	3.05082	0.5	-20.8446	46.2376	0	-0.332416	-0.943133	0	None	None
ChainingRodShaped	4103	3.37345	0.5	-8.78457	48.2945	0	-0.356628	0.934247	0	None	None
ChainingRodShaped	4105	3.82156	0.5	33.2364	12.9969	0	0.751601	0.659618	0	None	None
ChainingRodShaped	4107	3.06418	0.5	14.0299	26.6655	0	-0.783841	-0.620962	0	None	None
ChainingRodShaped	4109	4.09494	0.5	-9.9298	74.6714	0	0.870146	-0.492793	0	None	None
ChainingRodShaped	4111	3.35942	0.5	30.2721	60.4316	0	-0.262778	0.964856	0	None	None
ChainingRodShaped	4113	3.98009	0.5	36.3321	47.9414	0	0.842656	0.538453	0	None	None
ChainingRodShaped	4115	3.23426	0.5	-6.33639	78.6231	0	0.701694	-0.712478	0	None	None
ChainingRodShaped	4117	3.72424	0.5	-38.8886	12.3581	0	0.422767	0.906238	0	None	None
ChainingRodShaped	4119	4.01412	0.5	-3.13878	48.6067	0	0.77366	-0.633602	0	None	None
ChainingRodShaped	4121	4.15525	0.5	41.2762	59.3627	0	0.735529	-0.677493	0	None	None
ChainingRodShaped	4123	3.46508	0.5	35.4975	23.7423	0	-0.530985	0.847381	0	None	None
ChainingRodShaped	4125	3.58009	0.5	-53.2157	67.5462	0	0.665516	0.746383	0	None	None
ChainingRodShaped	4127	4.08453	0.5	-46.8403	13.2703	0	0.527089	-0.84981	0	None	None
ChainingRodShaped	4129	4.33879	0.5	11.4795	-5.10774	0	0.101131	0.994873	0	None	None
ChainingRodShaped	4131	3.85208	0.5	48.3841	33.9381	0	0.915936	0.401325	0	None	None
ChainingRodShaped	4133	3.63579	0.5	22.7414	-7.13244	0	0.830739	0.556662	0	None	None
ChainingRodShaped	4135	3.86747	0.5	-8.48382	12.9476	0	0.983687	0.179886	0	None	None
ChainingRodShaped	4137	4.37586	0.5	-26.8825	9.98504	0	0.552146	0.833747	0	None	None
ChainingRodShaped	4139	3.03886	0.5	-8.78794	-27.0042	0	0.852938	-0.522011	0	3598	4138
ChainingRodShaped	4141	3.63575	0.5	5.67233	-14.8698	0	0.96668	-0.255986	0	None	None
ChainingRodShaped	4143	3.37717	0.5	-25.7991	97.9638	0	0.979953	-0.199228	0	None	None
ChainingRodShaped	4145	4.00517	0.5	-5.42149	98.8232	0	0.888521	0.458836	0	None	None
ChainingRodShaped	4147	3.44001	0.5	-29.4127	76.9464	0	0.893011	0.450035	0	None	None
ChainingRodShaped	4149	3.05863	0.5	4.32959	-4.60804	0	-0.577601	0.816319	0	None	None
ChainingRodShaped	4151	3.78582	0.5	52.0666	37.943	0	-0.156266	0.987715	0	None	None
ChainingRodShaped	4153	3.92647	0.5	-49.5034	56.6945	0	0.842437	0.538795	0	None	None
ChainingRodShaped	4155	4.4701	0.5	36.6483	84.1666	0	0.0163623	-0.999866	0	None	None
ChainingRodShaped	4157	4.30706	0.5	-13.9844	43.0741	0	-0.564832	0.825206	0	None	None
ChainingRodShaped	4159	3.50535	0.5	-37.8378	53.0974	0	0.904889	-0.425647	0	None	None
ChainingRodShaped	4161	3.99496	0.5	40.3561	42.1724	0	0.830289	0.557333	0	None	None
ChainingRodShaped	4163	3.92886	0.5	-28.3085	89.6693	0	0.551093	-0.834444	0	None	None
ChainingRodShaped	4165	4.42045	0.5	1.78563	76.7782	0	-0.686643	0.726995	0	None	None
ChainingRodShaped	4167	4.09824	0.5	21.9739	10.3944	0	-0.00574841	0.999983	0	None	None
ChainingRodShaped	4169	4.21849	0.5	-23.4871	91.107	0	-0.560965	0.82784	0	None	None
ChainingRodShaped	4171	3.1567	0.5	33.1446	9.31353	0	0.8582	0.513315	0	None	None
ChainingRodShaped	4173	4.09321	0.5	-12.1404	-3.4196	0	-0.811774	0.583972	0	None	None
ChainingRodShaped	4175	4.33116	0.5	-34.7015	45.8819	0	-0.987046	0.160435	0	None	None
ChainingRodShaped	4177	3.35766	0.5	-37.6463	74.2022	0	0.84536	0.534197	0	None	None
ChainingRodShaped	4179	3.481	0.5	34.5263	-3.91971	0	0.616051	0.787706	0	None	None
ChainingRodShaped	4181	3.04322	0.5	-6.12125	58.7122	0	0.852713	-0.522379	0	None	None
ChainingRodShaped	4183	3.29176	0.5	-19.608	-13.4814	0	0.167365	0.985895	0	None	None
ChainingRodShaped	4185	3.74114	0.5	-56.5767	59.2397	0	0.890059	0.455845	0	None	None
ChainingRodShaped	4187	3.82948	0.5	-20.5562	87.1133	0	0.592834	-0.805325	0	None	None
ChainingRodShaped	4189	3.12841	0.5	-53.4006	33.2419	0	-0.886521	-0.462687	0	None	None
ChainingRodShaped	4191	3.84817	0.5	13.7926	72.293	0	-0.235561	0.97186	0	None	None
ChainingRodShaped	4193	2.99215	0.5	10.5377	38.6961	0	0.964372	-0.264549	0	None	None
ChainingRodShaped	4195	3.27186	0.5	-25.3014	71.3659	0	0.964985	0.262304	0	None	None
ChainingRodShaped	4197	3.54292	0.5	-29.9862	19.889	0	0.448318	0.893874	0	None	None
ChainingRodShaped	4199	3.14689	0.5	15.6458	66.2399	0	0.13039	0.991463	0	None	None
ChainingRodShaped	4201	2.91726	0.5	-50.6113	39.8526	0	-0.383178	-0.923674	0	None	None
ChainingRodShaped	4203	3.97042	0.5	10.2262	81.5467	0	-0.996773	0.0802781	0	None	None
ChainingRodShaped	4205	3.44929	0.5	-49.321	75.4579	0	0.997875	-0.0651526	0	None	None
ChainingRodShaped	4207	4.15588	0.5	45.4406	15.4025	0	-0.680244	0.732985	0	None	None
ChainingRodShaped	4209	4.11241	0.5	-49.7408	12.1112	0	0.639216	-0.769028	0	None	None
ChainingRodShaped	4211	3.87243	0.5	-47.4159	12.4558	0	0.535564	-0.844495	0	None	None
ChainingRodShaped	4213	4.38975	0.5	0.603591	-10.1245	0	0.968788	0.247892	0	None	None
ChainingRodShaped	4215	3.0147	0.5	0.0180228	2.02569	0	-0.464875	0.885376	0	None	None
ChainingRodShaped	4217	2.9462	0.5	-14.3969	-17.2016	0	-0.986506	0.163726	0	None	None
ChainingRodShaped	4219	3.51196	0.5	3.24458	5.17831	0	0.416866	0.908968	0	None	None
ChainingRodShaped	4221	3.5125	0.5	-18.9468	91.7193	0	-0.762905	0.64651	0	None	None
ChainingRodShaped	4223	3.81043	0.5	15.7475	-2.42581	0	0.21599	0.976396	0	None	None
ChainingRodShaped	4225	4.1527	0.5	-18.2414	26.4026	0	0.0620005	-0.998076	0	None	None
ChainingRodShaped	4227	3.09713	0.5	-61.5525	-30.1726	0	-0.648513	0.761204	0	3724	4226
ChainingRodShaped	4229	3.1062	0.5	31.5837	89.8284	0	0.261427	0.965223	0	None	None
ChainingRodShaped	4231	3.35111	0.5	20.4717	39.5652	0	0.981781	-0.190014	0	None	None
ChainingRodShaped	4233	4.05422	0.5	-33.6081	56.9214	0	0.022952	0.999737	0	None	None
ChainingRodShaped	4235	2.91307	0.5	14.3063	-13.5677	0	0.913013	0.407931	0	None	None
ChainingRodShaped	4237	3.24939	0.5	-22.4501	66.6531	0	0.912547	0.408971	0	None	None
ChainingRodShaped	4239	3.29898	0.5	-53.2505	48.1767	0	-0.681819	0.731521	0	None	None
ChainingRodShaped	4241	3.09018	0.5	-12.0829	-14.0645	0	-0.981912	-0.189339	0	None	None
ChainingRodShaped	4243	4.07872	0.5	-48.9834	30.1606	0	0.775311	0.631579	0	None	None
ChainingRodShaped	4245	2.90736	0.5	23.8447	54.2165	0	-0.464602	0.88552	0	None	None
ChainingRodShaped	4247	3.44188	0.5	4.19789	67.516	0	-0.647679	0.761914	0	None	None
ChainingRodShaped	4249	4.20423	0.5	-22.5199	32.2612	0	0.959045	0.283253	0	None	None
ChainingRodShaped	4251	2.90011	0.5	-34.6674	24.8688	0	0.244145	0.969739	0	None	None
ChainingRodShaped	4253	3.84756	0.5	-36.988	53.6497	0	0.902485	-0.43072	0	None	None
ChainingRodShaped	4255	3.81133	0.5	-12.4289	37.6907	0	-0.560593	0.828092	0	None	None
ChainingRodShaped	4257	4.27339	0.5	26.2918	10.8572	0	0.562831	0.826572	0	None	None
ChainingRodShaped	4259	4.13117	0.5	25.4562	69.717	0	-0.660822	0.750543	0	None	None
ChainingRodShaped	4261	3.20642	0.5	34.1306	43.7914	0	0.730268	0.683161	0	None	None
ChainingRodShaped	4263	4.2056	0.5	12.1212	48.3839	0	0.952797	-0.303609	0	None	None
ChainingRodShaped	4265	3.44297	0.5	43.7889	30.189	0	0.997757	0.0669427	0	None	None
ChainingRodShaped	4267	4.26566	0.5	-25.2237	44.791	0	-0.92311	-0.384537	0	None	None
ChainingRodShaped	4269	3.80429	0.5	29.531	23.4972	0	-0.514532	0.857471	0	None	None
ChainingRodShaped	4271	2.81966	0.5	46.1034	28.2178	0	0.99323	-0.116168	0	None	None
ChainingRodShaped	4273	4.26122	0.5	-9.9178	91.6399	0	0.57847	-0.815704	0	None	None
ChainingRodShaped	4275	3.9439	0.5	-32.4969	9.41201	0	0.524853	0.851193	0	None	None
ChainingRodShaped	4277	3.07121	0.5	-27.8276	-10.8897	0	0.996725	0.0808616	0	None	None
ChainingRodShaped	4279	3.73082	0.5	-37.1281	60.3928	0	-0.020318	0.999794	0	None	None
ChainingRodShaped	4281	3.82093	0.5	-41.7691	63.5093	0	0.9619	-0.273401	0	None	None
ChainingRodShaped	4283	4.11425	0.5	40.3722	67.7193	0	0.604136	-0.796881	0	None	None
ChainingRodShaped	4285	4.04139	0.5	-5.10556	34.8391	0	-0.695278	0.718741	0	None	None
ChainingRodShaped	4287	3.4051	0.5	-12.1272	16.4871	0	0.853644	0.520857	0	None	None
ChainingRodShaped	4289	3.78387	0.5	-1.24112	89.4214	0	0.999542	-0.0302633	0	None	None
ChainingRodShaped	4291	3.83844	0.5	41.0185	18.9235	0	-0.572154	0.820146	0	None	None
ChainingRodShaped	4293	3.62336	0.5	34.7557	9.18003	0	0.87284	0.488007	0	None	None
ChainingRodShaped	4295	4.18815	0.5	-43.6707	35.0232	0	0.831256	0.55589	0	None	None
ChainingRodShaped	4297	3.48299	0.5	-55.58	63.4106	0	0.356699	0.93422	0	None	None
ChainingRodShaped	4299	3.95701	0.5	4.71299	87.8142	0	0.996988	0.0775543	0	None	None
ChainingRodShaped	4301	2.95828	0.5	48.2452	50.2178	0	0.189133	-0.981952	0	None	None
ChainingRodShaped	4303	3.26375	0.5	46.4477	7.61523	0	-0.960037	-0.279872	0	None	None
ChainingRodShaped	4305	2.8217	0.5	-21.6018	62.3416	0	-0.805548	-0.59253	0	None	None
ChainingRodShaped	4307	2.80134	0.5	6.94938	9.98051	0	0.556906	0.830575	0	None	None
ChainingRodShaped	4309	3.88005	0.5	29.7055	2.45168	0	-0.990403	-0.138209	0	None	None
ChainingRodShaped	4311	2.85942	0.5	-26.9356	64.7127	0	0.59043	0.807089	0	None	None
ChainingRodShaped	4313	4.03093	0.5	22.8323	75.3102	0	-0.420199	0.907432	0	None	None
ChainingRodShaped	4315	3.66854	0.5	-1.57017	-19.468	0	0.684332	0.729171	0	None	None
ChainingRodShaped	4317	3.78199	0.5	-47.614	64.5845	0	-0.883164	-0.469064	0	None	None
ChainingRodShaped	4319	2.97312	0.5	51.5719	27.5037	0	-0.719432	0.694563	0	None	None
ChainingRodShaped	4321	3.24462	0.5	-1.00773	77.1046	0	-0.69464	0.719357	0	None	None
ChainingRodShaped	4323	3.58742	0.5	23.6656	59.9717	0	-0.505093	0.863065	0	None	None
ChainingRodShaped	4325	4.14171	0.5	-35.4804	20.7423	0	0.41644	0.909163	0	None	None
ChainingRodShaped	4327	3.1534	0.5	4.02499	18.8158	0	0.609889	0.792487	0	None	None
ChainingRodShaped	4329	4.16806	0.5	25.8162	24.8227	0	-0.985411	0.170191	0	None	None
ChainingRodShaped	4331	2.77592	0.5	20.6871	35.3609	0	0.979866	-0.199658	0	None	None
ChainingRodShaped	4333	3.26562	0.5	48.0139	9.18799	0	-0.94492	-0.327302	0	None	None
ChainingRodShaped	4335	3.98347	0.5	12.0211	9.74173	0	0.863059	0.505103	0	None	None
ChainingRodShaped	4337	3.43816	0.5	52.942	43.8422	0	0.0152309	0.999884	0	None	None
ChainingRodShaped	4339	3.55316	0.5	41.2346	8.3117	0	-0.984881	-0.173234	0	None	None
ChainingRodShaped	4341	3.03253	0.5	26.7371	88.1357	0	-0.899856	0.436187	0	None	None
ChainingRodShaped	4343	2.85815	0.5	42.9327	53.004	0	-0.749816	0.661647	0	None	None
ChainingRodShaped	4345	4.18973	0.5	-2.39614	58.3909	0	0.841145	-0.54081	0	None	None
ChainingRodShaped	4347	4.03444	0.5	-47.1292	66.8307	0	0.915864	0.40149	0	None	None
ChainingRodShaped	4349	2.92712	0.5	-54.7269	35.2523	0	-0.991272	-0.131832	0	None	None
ChainingRodShaped	4351	4.14095	0.5	-13.9149	13.1751	0	0.820153	0.572145	0	None	None
ChainingRodShaped	4353	3.62417	0.5	-11.0618	-2.58426	0	-0.661021	0.750368	0	None	None
ChainingRodShaped	4355	3.47872	0.5	-18.6513	65.149	0	0.987187	0.15957	0	None	None
ChainingRodShaped	4357	2.85309	0.5	52.0217	45.492	0	-0.129881	-0.99153	0	None	None
ChainingRodShaped	4359	3.16662	0.5	23.5193	47.1004	0	-0.462461	0.88664	0	None	None
ChainingRodShaped	4361	4.18457	0.5	22.8641	28.9566	0	-0.799106	0.60119	0	None	None
ChainingRodShaped	4363	4.04461	0.5	-31.9389	35.2394	0	0.902317	0.431074	0	None	None
ChainingRodShaped	4365	2.73887	0.5	-25.1047	0.655933	0	-0.345494	-0.938421	0	None	None
ChainingRodShaped	4367	3.59887	0.5	-16.0284	99.8641	0	0.148714	-0.98888	0	None	None
ChainingRodShaped	4369	4.08023	0.5	35.7158	76.9161	0	0.612567	-0.790419	0	None	None
ChainingRodShaped	4371	3.08088	0.5	144.812	141.5	0	0.922671	0.385589	0	3640	4370
ChainingRodShaped	4373	3.5625	0.5	-15.9645	-5.72013	0	-0.305103	0.952319	0	None	None
ChainingRodShaped	4375	3.24643	0.5	-27.5893	51.5603	0	-0.418633	-0.908155	0	None	None
ChainingRodShaped	4377	2.58943	0.5	-85.1284	-82.3951	0	0.999988	0.00480441	0	2592	4376
ChainingRodShaped	4379	4.06131	0.5	-11.3482	87.3051	0	-0.603939	0.797031	0	None	None
ChainingRodShaped	4381	2.91821	0.5	23.2659	14.4504	0	0.515416	0.85694	0	None	None
ChainingRodShaped	4383	3.55543	0.5	-49.736	59.9591	0	0.837714	0.546109	0	None	None
ChainingRodShaped	4385	3.05378	0.5	-32.7157	56.7871	0	0.012997	0.999916	0	None	None
ChainingRodShaped	4387	4.14588	0.5	20.6235	61.5623	0	-0.520643	0.853775	0	None	None
ChainingRodShaped	4389	3.51896	0.5	-33.7303	88.8948	0	0.258986	0.965881	0	None	None
ChainingRodShaped	4391	3.4425	0.5	24.5586	-8.19107	0	-0.999794	-0.0202888	0	None	None
ChainingRodShaped	4393	3.81544	0.5	-46.4999	8.65897	0	0.849609	-0.527413	0	None	None
ChainingRodShaped	4395	3.45476	0.5	-9.2671	34.5492	0	-0.597534	0.801844	0	None	None
ChainingRodShaped	4397	3.9268	0.5	33.1704	81.8986	0	0.59941	-0.800442	0	None	None
ChainingRodShaped	4399	3.30272	0.5	34.7059	81.4162	0	0.603904	-0.797057	0	None	None
ChainingRodShaped	4401	3.88901	0.5	-24.6745	39.9175	0	-0.935883	-0.352312	0	None	None
ChainingRodShaped	4403	2.85182	0.5	-30.2967	78.5416	0	0.450426	0.892814	0	None	None
ChainingRodShaped	4405	3.7706	0.5	-40.938	44.0868	0	-0.568335	0.822797	0	None	None
ChainingRodShaped	4407	3.48832	0.5	-25.1614	54.9469	0	-0.577611	-0.816312	0	None	None
ChainingRodShaped	4409	3.34164	0.5	40.6607	41.2603	0	0.833922	0.551883	0	None	None
ChainingRodShaped	4411	3.72939	0.5	7.83724	-4.39974	0	0.0708413	0.997488	0	None	None
ChainingRodShaped	4413	3.58792	0.5	12.5902	68.2598	0	-0.686075	0.727531	0	None	None
ChainingRodShaped	4415	4.11768	0.5	44.048	34.2102	0	-0.855082	-0.518492	0	None	None
ChainingRodShaped	4417	3.14532	0.5	29.8919	24.6106	0	-0.508225	0.861224	0	None	None
ChainingRodShaped	4419	3.02351	0.5	28.7539	41.5966	0	0.640264	0.768155	0	None	None
ChainingRodShaped	4421	2.62925	0.5	134.402	71.5788	0	-0.19898	0.980004	0	2196	4420
ChainingRodShaped	4423	3.52162	0.5	-28.5375	81.5701	0	0.999372	-0.0354238	0	None	None
ChainingRodShaped	4425	2.90915	0.5	-27.3148	90.8025	0	0.807069	-0.590458	0	None	None
ChainingRodShaped	4427	3.77738	0.5	-27.5886	10.5096	0	0.543782	0.839226	0	None	None
ChainingRodShaped	4429	2.72026	0.5	9.25953	-20.2509	0	-0.996131	0.0878831	0	None	None
ChainingRodShaped	4431	3.75484	0.5	37.2408	62.3861	0	-0.570848	-0.821055	0	None	None
ChainingRodShaped	4433	3.13712	0.5	1.41964	28.5602	0	-0.722143	0.691744	0	None	None
ChainingRodShaped	4435	3.28445	0.5	46.637	45.0107	0	-0.383864	-0.92339	0	None	None
ChainingRodShaped	4437	3.49133	0.5	25.6745	58.3439	0	-0.486716	0.87356	0	None	None
ChainingRodShaped	4439	3.90038	0.5	-38.2724	70.9703	0	-0.132086	-0.991238	0	None	None
ChainingRodShaped	4441	2.82109	0.5	-2.45691	14.9407	0	0.998767	-0.0496419	0	None	None
ChainingRodShaped	4443	3.58061	0.5	48.1006	16.7789	0	-0.663532	0.748148	0	None	None
ChainingRodShaped	4445	3.46368	0.5	29.6593	31.3706	0	-0.30601	0.952028	0	None	None
ChainingRodShaped	4447	3.47414	0.5	12.116	67.4875	0	-0.69334	0.720611	0	None	None
ChainingRodShaped	4449	3.49453	0.5	-7.33284	4.23614	0	0.69219	-0.721715	0	None	None
ChainingRodShaped	4451	3.24381	0.5	26.8485	37.2706	0	-0.217196	0.976128	0	None	None
ChainingRodShaped	4453	3.33461	0.5	29.2908	64.5028	0	-0.9999	0.014144	0	None	None
ChainingRodShaped	4455	2.69878	0.5	-111.297	-78.3284	0	0.964704	-0.263338	0	2086	4454
ChainingRodShaped	4457	2.79651	0.5	32.2999	31.576	0	0.271865	0.962335	0	None	None
ChainingRodShaped	4459	2.68697	0.5	-18.8503	60.8333	0	-0.989488	-0.144617	0	None	None
ChainingRodShaped	4461	3.63296	0.5	-41.7352	38.044	0	0.996796	0.0799856	0	None	None
ChainingRodShaped	4463	3.68326	0.5	43.2366	5.68509	0	-0.960504	-0.278267	0	None	None
ChainingRodShaped	4465	3.44427	0.5	45.9743	16.235	0	-0.67288	0.739752	0	None	None
ChainingRodShaped	4467	2.66785	0.5	63.9168	-2.32401	0	0.0927367	0.995691	0	3638	4466
ChainingRodShaped	4469	2.95567	0.5	-28.4046	-4.44194	0	-0.595108	-0.803646	0	None	None
ChainingRodShaped	4471	3.34671	0.5	-41.2525	29.0981	0	0.214629	0.976696	0	None	None
ChainingRodShaped	4473	2.4966	0.5	79.6425	72.4908	0	0.12044	-0.992721	0	2140	4472
ChainingRodShaped	4475	3.90328	0.5	-5.89034	19.4786	0	0.999367	-0.0355795	0	None	None
ChainingRodShaped	4477	3.82174	0.5	-10.4821	-18.0209	0	-0.532106	0.846678	0	None	None
ChainingRodShaped	4479	3.64647	0.5	50.5153	30.9079	0	0.987629	0.156809	0	None	None
ChainingRodShaped	4481	3.44476	0.5	-45.2823	27.2338	0	0.150654	0.988587	0	None	None
ChainingRodShaped	4483	3.31226	0.5	47.3106	44.238	0	-0.388887	-0.921285	0	None	None
ChainingRodShaped	4485	3.3096	0.5	11.0794	44.1277	0	0.948679	-0.316242	0	None	None
ChainingRodShaped	4487	3.30176	0.5	47.8393	36.7249	0	-0.913838	-0.406078	0	None	None
ChainingRodShaped	4489	2.92514	0.5	11.2144	41.3179	0	0.948548	-0.316634	0	None	None
ChainingRodShaped	4491	3.56595	0.5	-22.5989	52.2629	0	-0.539994	-0.841669	0	None	None
ChainingRodShaped	4493	2.841	0.5	49.649	21.2066	0	-0.0846707	0.996409	0	None	None
ChainingRodShaped	4495	2.82071	0.5	34.7826	16.9373	0	-0.868875	0.495032	0	None	None
ChainingRodShaped	4497	3.21397	0.5	-7.60283	12.2665	0	0.983495	0.180936	0	None	None
ChainingRodShaped	4499	2.97066	0.5	24.802	48.4327	0	-0.461107	0.887344	0	None	None
ChainingRodShaped	4501	2.53072	0.5	-140.044	-69.9053	0	0.963324	-0.26834	0	2218	4500
ChainingRodShaped	4503	3.56841	0.5	-21.6432	-13.2881	0	-0.408075	0.912948	0	None	None
ChainingRodShaped	4505	2.88133	0.5	-52.4151	36.7863	0	-0.0783339	0.996927	0	None	None
ChainingRodShaped	4507	3.25273	0.5	-42.387	12.0793	0	-0.346404	0.938085	0	None	None
ChainingRodShaped	4509	2.70074	0.5	-2.8799	-12.1323	0	-0.452857	0.891583	0	None	None
ChainingRodShaped	4511	3.93195	0.5	-46.9501	5.63081	0	0.848986	-0.528415	0	None	None
ChainingRodShaped	4513	3.30576	0.5	-54.238	21.3203	0	0.68142	0.731893	0	None	None
ChainingRodShaped	4515	2.83323	0.5	-14.9246	-2.39637	0	-0.0612542	0.998122	0	None	None
ChainingRodShaped	4517	3.89816	0.5	37.2548	24.3719	0	-0.547667	0.836696	0	None	None
ChainingRodShaped	4519	3.59807	0.5	-19.596	87.3627	0	-0.59823	0.801324	0	None	None
ChainingRodShaped	4521	3.76684	0.5	-10.0224	62.3373	0	0.914463	-0.40467	0	None	None
ChainingRodShaped	4523	2.86271	0.5	-31.4121	0.125436	0	-0.924186	-0.381943	0	None	None
ChainingRodShaped	4525	3.6106	0.5	23.5078	85.6322	0	0.994469	0.105031	0	None	None
ChainingRodShaped	4527	3.64291	0.5	22.8843	46.4285	0	-0.469751	0.882799	0	None	None
ChainingRodShaped	4529	3.08267	0.5	-40.2548	29.3124	0	0.224371	0.974504	0	None	None
ChainingRodShaped	4531	2.94265	0.5	-42.2533	60.9164	0	0.827736	-0.561118	0	None	None
ChainingRodShaped	4533	3.00724	0.5	-15.071	6.89333	0	0.91194	-0.410323	0	None	None
ChainingRodShaped	4535	3.22292	0.5	6.41521	44.0358	0	0.87613	-0.482076	0	None	None
ChainingRodShaped	4537	3.67919	0.5	-35.3962	-6.93193	0	-0.77309	0.634296	0	None	None
ChainingRodShaped	4539	3.81934	0.5	40.3844	45.252	0	0.525716	0.85066	0	None	None
ChainingRodShaped	4541	2.9596	0.5	-18.2267	87.0917	0	-0.606216	0.7953	0	None	None
ChainingRodShaped	4543	3.06079	0.5	-9.11042	53.1648	0	-0.619738	0.784808	0	None	None
ChainingRodShaped	4545	3.13809	0.5	-14.7832	8.72916	0	0.902538	-0.430611	0	None	None
ChainingRodShaped	4547	3.55843	0.5	-36.952	75.765	0	0.94159	0.336761	0	None	None
ChainingRodShaped	4549	3.89284	0.5	-3.17629	80.5833	0	-0.707318	0.706896	0	None	None
ChainingRodShaped	4551	3.51152	0.5	34.4635	12.825	0	0.749936	0.66151	0	None	None
ChainingRodShaped	4553	2.7706	0.5	0.169723	-12.5539	0	0.401793	0.915731	0	None	None
ChainingRodShaped	4555	3.78277	0.5	1.51055	69.2359	0	-0.666971	0.745083	0	None	None
ChainingRodShaped	4557	2.7881	0.5	-45.3414	70.1583	0	-0.986537	0.163535	0	None	None
ChainingRodShaped	4559	3.22711	0.5	-49.7993	8.94357	0	0.584359	-0.811495	0	None	None
ChainingRodShaped	4561	3.65766	0.5	23.7057	13.4592	0	0.5042	0.863587	0	None	None
ChainingRodShaped	4563	3.44459	0.5	-41.2874	-0.163662	0	0.950039	-0.312131	0	None	None
ChainingRodShaped	4565	2.92742	0.5	-43.3536	53.4825	0	0.998621	0.0524904	0	None	None
ChainingRodShaped	4567	3.28088	0.5	-26.5303	-8.31046	0	0.335178	0.942155	0	None	None
ChainingRodShaped	4569	3.60375	0.5	-39.0453	44.4315	0	-0.580252	0.814437	0	None	None
ChainingRodShaped	4571	2.40938	0.5	210.365	136.621	0	0.983768	-0.179446	0	5566	4570
ChainingRodShaped	4573	2.72794	0.5	-52.0402	42.0138	0	0.813416	0.581683	0	None	None
ChainingRodShaped	4575	3.2896	0.5	37.4594	38.8999	0	-0.343151	-0.93928	0	None	None
ChainingRodShaped	4577	3.48691	0.5	-42.4204	62.1418	0	0.822086	-0.569363	0	None	None
ChainingRodShaped	4579	3.78821	0.5	35.436	30.1378	0	0.147638	-0.989041	0	None	None
ChainingRodShaped	4581	3.39527	0.5	-31.5102	7.4635	0	0.507727	0.861518	0	None	None
ChainingRodShaped	4583	3.00778	0.5	15.1867	61.9618	0	-0.555547	0.831485	0	None	None
ChainingRodShaped	4585	3.61038	0.5	-10.3558	52.1742	0	-0.609531	0.792762	0	None	None
ChainingRodShaped	4587	3.60411	0.5	-1.01017	-12.9303	0	0.41093	0.911667	0	None	None
ChainingRodShaped	4589	3.00958	0.5	-51.0855	32.25	0	0.717706	0.696346	0	None	None
ChainingRodShaped	4591	2.63743	0.5	-37.468	68.175	0	-0.0604993	0.998168	0	None	None
ChainingRodShaped	4593	3.81499	0.5	-45.7363	19.0006	0	-0.253558	0.96732	0	None	None
ChainingRodShaped	4595	2.66721	0.5	5.57006	19.1989	0	0.671899	0.740643	0	None	None
ChainingRodShaped	4597	3.24114	0.5	-55.2324	42.1039	0	0.821943	0.56957	0	None	None
ChainingRodShaped	4599	2.78935	0.5	11.1342	-12.7908	0	0.926481	0.376341	0	None	None
ChainingRodShaped	4601	3.23108	0.5	-38.9192	5.9775	0	0.502915	0.864336	0	None	None
ChainingRodShaped	4603	3.78188	0.5	37.775	69.8139	0	0.499582	-0.866267	0	None	None
ChainingRodShaped	4605	3.45819	0.5	39.1675	63.3755	0	-0.535811	-0.844338	0	None	None
ChainingRodShaped	4607	3.34517	0.5	49.8922	44.2521	0	-0.704104	-0.710096	0	None	None
ChainingRodShaped	4609	2.77847	0.5	31.9751	54.8388	0	-0.785838	0.618433	0	None	None
ChainingRodShaped	4611	2.93793	0.5	-27.9992	68.8374	0	0.968634	0.248493	0	None	None
ChainingRodShaped	4613	3.59535	0.5	-11.6458	27.9851	0	0.98909	-0.147315	0	None	None
ChainingRodShaped	4615	2.72615	0.5	-55.6243	26.699	0	-0.218892	0.975749	0	None	None
ChainingRodShaped	4617	3.71053	0.5	-7.15571	49.0261	0	-0.338594	0.940933	0	None	None
ChainingRodShaped	4619	3.63641	0.5	27.7896	75.2884	0	0.781546	0.623848	0	None	None
ChainingRodShaped	4621	3.50036	0.5	21.646	26.8579	0	-0.795051	0.606543	0	None	None
ChainingRodShaped	4623	3.51116	0.5	11.9583	28.2291	0	-0.756611	0.653865	0	None	None
ChainingRodShaped	4625	3.07125	0.5	52.4374	28.0204	0	0.723716	-0.690098	0	None	None
ChainingRodShaped	4627	3.04527	0.5	-16.7921	16.159	0	0.997142	-0.0755566	0	None	None
ChainingRodShaped	4629	2.60356	0.5	-58.3053	-69.3344	0	0.612551	0.790431	0	1573	4628
ChainingRodShaped	4631	2.53359	0.5	77.6719	84.5129	0	0.243999	-0.969776	0	3344	4630
ChainingRodShaped	4633	2.95664	0.5	-8.029	-4.57878	0	0.677643	-0.735391	0	None	None
ChainingRodShaped	4635	3.22747	0.5	-6.2804	45.3108	0	-0.590088	0.807339	0	None	None
ChainingRodShaped	4637	3.67913	0.5	-35.2483	42.4833	0	-0.990632	0.136555	0	None	None
ChainingRodShaped	4639	2.69338	0.5	26.2068	43.916	0	0.654242	0.756285	0	None	None
ChainingRodShaped	4641	2.64379	0.5	6.38345	61.312	0	-0.806746	0.590899	0	None	None
ChainingRodShaped	4643	3.1192	0.5	3.86087	28.7016	0	-0.724194	0.689597	0	None	None
ChainingRodShaped	4645	2.59119	0.5	40.3317	28.6075	0	0.743842	0.668356	0	None	None
ChainingRodShaped	4647	3.15351	0.5	-15.9419	38.4051	0	-0.535516	0.844525	0	None	None
ChainingRodShaped	4649	3.60164	0.5	-40.7838	8.20451	0	0.404275	0.914637	0	None	None
ChainingRodShaped	4651	3.38254	0.5	25.0592	53.8388	0	-0.46027	0.887779	0	None	None
ChainingRodShaped	4653	3.71663	0.5	-5.23271	25.4656	0	0.9958	-0.0915592	0	None	None
ChainingRodShaped	4655	2.77527	0.5	-56.6405	26.9615	0	-0.228667	0.973505	0	None	None
ChainingRodShaped	4657	2.88546	0.5	8.14179	8.66108	0	0.573325	0.819328	0	None	None
ChainingRodShaped	4659	2.92082	0.5	-32.1641	30.4151	0	0.915711	0.401837	0	None	None
ChainingRodShaped	4661	3.65971	0.5	49.5793	25.6433	0	0.953552	-0.301228	0	None	None
ChainingRodShaped	4663	3.17401	0.5	-3.74008	4.36431	0	-0.348347	0.937366	0	None	None
ChainingRodShaped	4665	2.78456	0.5	19.3972	54.9668	0	-0.480124	0.8772	0	None	None
ChainingRodShaped	4667	2.94613	0.5	-25.0541	70.5214	0	0.962987	0.269548	0	None	None
ChainingRodShaped	4669	2.87041	0.5	-28.2963	31.1817	0	0.917368	0.39804	0	None	None
ChainingRodShaped	4671	2.85192	0.5	5.38672	39.5697	0	-0.839807	0.542885	0	None	None
ChainingRodShaped	4673	2.5979	0.5	25.3469	-0.156521	0	-0.980567	-0.196184	0	None	None
ChainingRodShaped	4675	2.90372	0.5	-44.1863	28.4364	0	0.182337	0.983236	0	None	None
ChainingRodShaped	4677	2.86424	0.5	12.8958	-2.01339	0	0.187235	0.982315	0	None	None
ChainingRodShaped	4679	2.87458	0.5	-41.5914	43.4839	0	-0.560095	0.828428	0	None	None
ChainingRodShaped	4681	2.59436	0.5	-25.1281	61.0887	0	0.588005	0.808857	0	None	None
ChainingRodShaped	4683	3.25882	0.5	-26.9953	71.8458	0	0.962317	0.27193	0	None	None
ChainingRodShaped	4685	3.51933	0.5	38.0887	3.15372	0	-0.999744	-0.0226438	0	None	None
ChainingRodShaped	4687	3.58934	0.5	-13.9411	67.9659	0	0.901206	-0.433391	0	None	None
ChainingRodShaped	4689	2.63344	0.5	18.4467	42.6468	0	0.935858	-0.352378	0	None	None
ChainingRodShaped	4691	2.57841	0.5	23.9166	86.6105	0	0.993664	0.112388	0	None	None
ChainingRodShaped	4693	3.04471	0.5	13.4516	92.0961	0	0.983945	0.178469	0	None	None
ChainingRodShaped	4695	2.69613	0.5	42.6329	70.0131	0	0.371827	-0.928302	0	None	None
ChainingRodShaped	4697	2.59174	0.5	-34.4295	35.5402	0	0.999689	0.0249451	0	None	None
ChainingRodShaped	4699	3.07277	0.5	8.10423	6.77045	0	0.901154	0.433499	0	None	None
ChainingRodShaped	4701	3.04149	0.5	-49.1617	61.4903	0	0.837373	0.546632	0	None	None
ChainingRodShaped	4703	2.96732	0.5	-34.1239	13.8224	0	0.480606	0.876937	0	None	None
ChainingRodShaped	4705	2.80674	0.5	-18.3151	39.2139	0	-0.884021	0.467447	0	None	None
ChainingRodShaped	4707	3.4361	0.5	52.77	35.1839	0	0.983094	0.183101	0	None	None
ChainingRodShaped	4709	3.03362	0.5	-31.9922	78.9299	0	0.829546	0.558439	0	None	None
ChainingRodShaped	4711	3.26643	0.5	-44.8529	54.2894	0	0.998047	0.0624623	0	None	None
ChainingRodShaped	4713	2.89244	0.5	0.680014	5.89102	0	0.443179	0.896433	0	None	None
ChainingRodShaped	4715	2.66911	0.5	-36.8005	2.24542	0	0.503939	0.863739	0	None	None
ChainingRodShaped	4717	3.56672	0.5	-36.1372	85.7925	0	0.285191	0.958471	0	None	None
ChainingRodShaped	4719	2.94164	0.5	-47.8467	65.463	0	0.887812	0.460206	0	None	None
ChainingRodShaped	4721	3.15561	0.5	7.50084	-18.1302	0	-0.996786	0.0801063	0	None	None
ChainingRodShaped	4723	3.23332	0.5	-24.1603	11.0869	0	0.44578	-0.895142	0	None	None
ChainingRodShaped	4725	3.48006	0.5	31.8897	87.666	0	-0.710983	-0.703209	0	None	None
ChainingRodShaped	4727	2.94758	0.5	-18.2238	54.5931	0	-0.436365	0.89977	0	None	None
ChainingRodShaped	4729	3.19021	0.5	-9.96033	73.7087	0	0.875031	-0.484066	0	None	None
ChainingRodShaped	4731	2.95513	0.5	-42.7619	80.7987	0	0.488357	0.872644	0	None	None
ChainingRodShaped	4733	2.9757	0.5	10.9632	94.7072	0	-0.962491	-0.271315	0	None	None
ChainingRodShaped	4735	3.41636	0.5	-30.5574	46.7782	0	-0.97335	0.229323	0	None	None
ChainingRodShaped	4737	3.19068	0.5	-59.9613	41.5212	0	0.625137	0.780515	0	None	None
ChainingRodShaped	4739	3.47685	0.5	15.6647	96.7249	0	-0.71204	-0.702139	0	None	None
ChainingRodShaped	4741	3.1908	0.5	-36.3629	29.5017	0	0.245691	0.969348	0	None	None
ChainingRodShaped	4743	3.12151	0.5	36.2728	70.5943	0	0.490899	-0.871216	0	None	None
ChainingRodShaped	4745	3.07028	0.5	42.2435	75.8746	0	0.428414	-0.903582	0	None	None
ChainingRodShaped	4747	2.99188	0.5	-20.1892	70.9766	0	0.973699	0.227838	0	None	None
ChainingRodShaped	4749	3.23025	0.5	-2.12172	71.2671	0	-0.909587	0.415513	0	None	None
ChainingRodShaped	4751	2.81148	0.5	24.1471	66.7975	0	0.245227	0.969466	0	None	None
ChainingRodShaped	4753	3.49082	0.5	14.2709	42.1666	0	0.954994	-0.296627	0	None	None
ChainingRodShaped	4755	3.37867	0.5	23.244	66.9056	0	0.254879	0.966973	0	None	None
ChainingRodShaped	4757	2.5192	0.5	24.2488	4.46168	0	0.945383	0.325962	0	None	None
ChainingRodShaped	4759	2.81281	0.5	59.8096	31.6489	0	-0.215669	0.976467	0	3646	4758
ChainingRodShaped	4761	2.97419	0.5	-2.07649	93.1948	0	0.998968	-0.0454153	0	None	None
ChainingRodShaped	4763	2.97284	0.5	22.0211	66.4038	0	0.0977723	0.995209	0	None	None
ChainingRodShaped	4765	3.38657	0.5	0.610854	41.6504	0	-0.626842	0.779146	0	None	None
ChainingRodShaped	4767	2.59086	0.5	19.4695	-8.24894	0	0.80418	0.594386	0	None	None
ChainingRodShaped	4769	3.49219	0.5	-48.4493	37.8009	0	0.375665	0.926755	0	None	None
ChainingRodShaped	4771	2.55976	0.5	-7.67324	-8.98244	0	-0.69621	0.717838	0	None	None
ChainingRodShaped	4773	2.69282	0.5	50.1104	62.4365	0	-0.417991	0.908451	0	1895	4772
ChainingRodShaped	4775	2.85338	0.5	-30.328	21.1837	0	0.440062	0.897967	0	None	None
ChainingRodShaped	4777	2.80071	0.5	-38.921	14.4551	0	0.373376	0.92768	0	None	None
ChainingRodShaped	4779	3.29519	0.5	-20.6562	0.536143	0	-0.673007	0.739637	0	None	None
ChainingRodShaped	4781	2.56355	0.5	-5.48489	88.8263	0	0.991941	-0.126702	0	None	None
ChainingRodShaped	4783	2.98947	0.5	-35.581	70.5568	0	0.155931	0.987768	0	None	None
ChainingRodShaped	4785	3.00919	0.5	-60.5763	37.8567	0	0.80676	0.59088	0	None	None
ChainingRodShaped	4787	3.15098	0.5	50.1618	51.3615	0	0.178645	-0.983914	0	None	None
ChainingRodShaped	4789	2.83581	0.5	19.823	15.7962	0	0.575979	0.817464	0	None	None
ChainingRodShaped	4791	2.95938	0.5	-44.9056	44.1342	0	0.805817	-0.592165	0	None	None
ChainingRodShaped	4793	3.21825	0.5	7.30563	17.2065	0	0.676503	0.73644	0	None	None
ChainingRodShaped	4795	2.63586	0.5	-14.6515	33.3861	0	0.581957	-0.81322	0	None	None
ChainingRodShaped	4797	2.93783	0.5	-13.9984	-9.2792	0	-0.725886	0.687815	0	None	None
ChainingRodShaped	4799	2.69869	0.5	-5.83759	80.7037	0	-0.697697	0.716393	0	None	None
ChainingRodShaped	4801	2.68521	0.5	17.925	45.4388	0	0.927045	-0.374951	0	None	None
ChainingRodShaped	4803	2.67573	0.5	-3.86553	24.4784	0	0.996632	-0.0819999	0	None	None
ChainingRodShaped	4805	2.59519	0.5	-31.9917	31.4504	0	0.917935	0.396731	0	None	None
ChainingRodShaped	4807	3.45571	0.5	-48.4699	56.2588	0	0.847786	0.530339	0	None	None
ChainingRodShaped	4809	2.89875	0.5	28.8129	8.1602	0	0.551259	0.834334	0	None	None
ChainingRodShaped	4811	2.37882	0.5	12.6686	-37.7169	0	0.950467	-0.310824	0	1989	4810
ChainingRodShaped	4813	3.21756	0.5	-2.74728	97.5047	0	0.798307	-0.60225	0	None	None
ChainingRodShaped	4815	2.99879	0.5	-6.94087	92.8833	0	0.997649	0.0685297	0	None	None
ChainingRodShaped	4817	2.81087	0.5	7.27943	-12.0063	0	0.564867	0.825182	0	None	None
ChainingRodShaped	4819	3.15114	0.5	-49.7452	72.4547	0	0.778271	0.627929	0	None	None
ChainingRodShaped	4821	2.64153	0.5	-6.52943	-16.5924	0	-0.586848	0.809697	0	None	None
ChainingRodShaped	4823	2.90343	0.5	-0.963092	7.07891	0	-0.360613	0.932716	0	None	None
ChainingRodShaped	4825	2.68323	0.5	-7.25552	10.1012	0	-0.240647	0.970613	0	None	None
ChainingRodShaped	4827	3.40124	0.5	-47.5745	21.3586	0	-0.395172	0.918607	0	None	None
ChainingRodShaped	4829	2.73461	0.5	-6.80108	-12.2225	0	0.0119637	0.999928	0	None	None
ChainingRodShaped	4831	2.52667	0.5	12.7145	73.1097	0	-0.225753	0.974185	0	None	None
ChainingRodShaped	4833	3.4161	0.5	6.36457	67.8987	0	-0.348203	0.937419	0	None	None
ChainingRodShaped	4835	2.96575	0.5	16.7478	18.4885	0	0.846092	0.533037	0	None	None
ChainingRodShaped	4837	2.86676	0.5	17.1861	83.5661	0	0.983922	-0.178599	0	None	None
ChainingRodShaped	4839	3.20018	0.5	-49.1977	59.1765	0	0.837648	0.54621	0	None	None
ChainingRodShaped	4841	3.31546	0.5	-11.0691	-9.52959	0	-0.704515	0.709689	0	None	None
ChainingRodShaped	4843	2.74081	0.5	-13.7753	38.1761	0	-0.552326	0.833628	0	None	None
ChainingRodShaped	4845	2.80542	0.5	46.7641	24.1689	0	0.525321	-0.850904	0	None	None
ChainingRodShaped	4847	3.42173	0.5	16.8522	75.6825	0	-0.696481	0.717575	0	None	None
ChainingRodShaped	4849	2.80229	0.5	16.5387	61.4856	0	-0.517559	0.855648	0	None	None
ChainingRodShaped	4851	2.98017	0.5	3.89457	23.585	0	-0.593989	0.804473	0	None	None
ChainingRodShaped	4853	3.09553	0.5	5.85802	79.9961	0	-0.872855	0.48798	0	None	None
ChainingRodShaped	4855	3.02989	0.5	6.46374	18.8475	0	0.679267	0.733891	0	None	None
ChainingRodShaped	4857	3.11017	0.5	27.1961	-1.76853	0	0.985737	0.168293	0	None	None
ChainingRodShaped	4859	3.16199	0.5	-25.8349	19.4347	0	0.614622	0.788822	0	None	None
ChainingRodShaped	4861	2.89884	0.5	1.86315	31.7074	0	-0.728274	0.685286	0	None	None
ChainingRodShaped	4863	2.50357	0.5	-1.53414	36.2597	0	-0.711955	0.702225	0	None	None
ChainingRodShaped	4865	2.98744	0.5	-19.0036	-8.45033	0	-0.33023	0.9439	0	None	None
ChainingRodShaped	4867	2.88747	0.5	31.9013	73.5828	0	0.98625	-0.165261	0	None	None
ChainingRodShaped	4869	3.24485	0.5	53.0593	37.899	0	-0.152086	0.988367	0	None	None
ChainingRodShaped	4871	2.528	0.5	25.4734	32.3094	0	0.974354	-0.22502	0	None	None
ChainingRodShaped	4873	2.82443	0.5	-40.5961	67.9607	0	0.946338	0.323179	0	None	None
ChainingRodShaped	4875	2.81758	0.5	10.5782	47.9511	0	0.949739	-0.313042	0	None	None
ChainingRodShaped	4877	2.90532	0.5	11.9444	37.3789	0	-0.963355	0.268228	0	None	None
ChainingRodShaped	4879	2.71602	0.5	9.23761	57.1652	0	-0.133724	0.991019	0	None	None
ChainingRodShaped	4881	2.67774	0.5	16.6944	67.5218	0	0.120446	0.99272	0	None	None
ChainingRodShaped	4883	3.0284	0.5	7.43744	36.1059	0	-0.744488	0.667636	0	None	None
ChainingRodShaped	4885	3.36272	0.5	3.28489	63.5747	0	-0.733896	0.679262	0	None	None
ChainingRodShaped	4887	2.93093	0.5	-10.5319	87.739	0	-0.59596	0.803014	0	None	None
ChainingRodShaped	4889	3.22902	0.5	-56.988	65.2842	0	0.407033	0.913413	0	None	None
ChainingRodShaped	4891	2.80365	0.5	-4.08173	27.1179	0	0.996024	-0.0890803	0	None	None
ChainingRodShaped	4893	2.78634	0.5	5.39706	-1.69181	0	0.0302161	0.999543	0	None	None
ChainingRodShaped	4895	2.95096	0.5	-19.285	5.92522	0	0.875924	-0.482449	0	None	None
ChainingRodShaped	4897	3.03107	0.5	31.1258	12.2974	0	0.711779	0.702403	0	None	None
ChainingRodShaped	4899	2.69033	0.5	24.8527	40.9903	0	0.641299	0.767291	0	None	None
ChainingRodShaped	4901	3.13392	0.5	12.6015	52.4606	0	0.91667	-0.399646	0	None	None
ChainingRodShaped	4903	2.95857	0.5	-21.5951	47.2473	0	-0.505884	-0.862602	0	None	None
ChainingRodShaped	4905	3.05294	0.5	-38.1228	62.8735	0	-0.0498659	0.998756	0	None	None
ChainingRodShaped	4907	2.39292	0.5	126.019	98.6211	0	-0.229328	0.973349	0	1547	4906
ChainingRodShaped	4909	2.71938	0.5	31.6038	75.8714	0	0.292464	-0.956276	0	None	None
ChainingRodShaped	4911	2.63955	0.5	-28.3437	-5.98882	0	-0.673131	-0.739523	0	None	None
ChainingRodShaped	4913	2.63529	0.5	28.1547	34.4049	0	-0.0590267	0.998256	0	None	None
ChainingRodShaped	4915	2.60242	0.5	2.7799	35.7875	0	-0.725685	0.688028	0	None	None
ChainingRodShaped	4917	2.70509	0.5	2.38075	9.19375	0	0.48761	0.873061	0	None	None
ChainingRodShaped	4919	2.66608	0.5	-28.1182	42.7837	0	-0.97058	-0.240778	0	None	None
ChainingRodShaped	4921	2.7538	0.5	-34.0674	8.59445	0	0.536904	0.843643	0	None	None
ChainingRodShaped	4923	2.73444	0.5	-15.8248	77.924	0	0.993544	-0.11345	0	None	None
ChainingRodShaped	4925	2.85143	0.5	3.76762	3.28071	0	0.16757	0.98586	0	None	None
ChainingRodShaped	4927	3.06837	0.5	35.5531	17.5751	0	-0.869043	0.494736	0	None	None
ChainingRodShaped	4929	2.79605	0.5	-40.1558	70.455	0	0.112184	0.993687	0	None	None
ChainingRodShaped	4931	2.91365	0.5	8.08207	30.5599	0	-0.708201	0.706011	0	None	None
ChainingRodShaped	4933	2.94828	0.5	-56.362	44.6755	0	-0.999903	0.0139459	0	None	None
ChainingRodShaped	4935	3.1563	0.5	-7.23911	42.375	0	-0.572261	0.820071	0	None	None
ChainingRodShaped	4937	2.89431	0.5	34.4642	65.872	0	-0.808197	0.588912	0	None	None
ChainingRodShaped	4939	3.00898	0.5	6.79357	80.4873	0	-0.867909	0.496724	0	None	None
ChainingRodShaped	4941	2.6948	0.5	35.1944	87.1211	0	-0.980759	-0.195224	0	None	None
ChainingRodShaped	4943	2.79643	0.5	-5.96373	37.3132	0	-0.551091	0.834445	0	None	None
ChainingRodShaped	4945	2.54232	0.5	19.077	23.3663	0	-0.789975	0.613139	0	None	None
ChainingRodShaped	4947	2.83424	0.5	-14.8605	87.3096	0	-0.619698	0.78484	0	None	None
ChainingRodShaped	4949	2.96563	0.5	-21.7119	21.3822	0	0.494029	-0.869446	0	None	None
ChainingRodShaped	4951	3.29443	0.5	-17.0988	2.80629	0	-0.920674	0.390332	0	None	None
ChainingRodShaped	4953	2.59731	0.5	-9.05873	88.8419	0	-0.58712	0.8095	0	None	None
ChainingRodShaped	4955	3.19954	0.5	-22.1728	-14.5124	0	-0.408162	0.91291	0	None	None
ChainingRodShaped	4957	3.13234	0.5	6.19659	33.7181	0	-0.701926	0.712249	0	None	None
ChainingRodShaped	4959	2.54196	0.5	-30.313	15.2901	0	0.453213	0.891402	0	None	None
ChainingRodShaped	4961	2.59275	0.5	15.3375	-7.65991	0	0.827693	0.561182	0	None	None
ChainingRodShaped	4963	3.20762	0.5	-7.63306	31.0211	0	-0.707192	0.707021	0	None	None
ChainingRodShaped	4965	2.68911	0.5	-5.59632	5.07593	0	-0.702578	0.711607	0	None	None
ChainingRodShaped	4967	2.56647	0.5	6.80439	86.1866	0	0.995241	0.0974486	0	None	None
ChainingRodShaped	4969	2.68697	0.5	28.8963	0.428331	0	0.990981	0.133999	0	None	None
ChainingRodShaped	4971	3.18299	0.5	-25.1109	40.6664	0	-0.939373	-0.342896	0	None	None
ChainingRodShaped	4973	2.5189	0.5	-4.92976	29.0015	0	-0.996027	0.0890542	0	None	None
ChainingRodShaped	4975	2.53019	0.5	13.8747	60.7445	0	-0.558803	0.829301	0	None	None
ChainingRodShaped	4977	2.40686	0.5	-91.4294	5.45081	0	-0.154423	0.988005	0	2194	4976
ChainingRodShaped	4979	2.45009	0.5	0.774516	-8.21985	0	0.972728	0.23195	0	None	None
ChainingRodShaped	4981	3.22294	0.5	-8.33662	37.6907	0	-0.551871	0.833929	0	None	None
ChainingRodShaped	4983	2.79651	0.5	-31.8192	56.9263	0	0.00294484	0.999996	0	None	None
ChainingRodShaped	4985	2.93742	0.5	-9.53602	47.1052	0	-0.580403	0.81433	0	None	None
ChainingRodShaped	4987	2.96903	0.5	39.3087	35.9134	0	-0.298302	-0.954472	0	None	None
ChainingRodShaped	4989	2.67273	0.5	3.3753	55.7161	0	0.832442	-0.554112	0	None	None
ChainingRodShaped	4991	2.72933	0.5	-40.3309	21.8257	0	-0.650822	0.75923	0	None	None
ChainingRodShaped	4993	2.92868	0.5	-11.7955	48.6056	0	-0.59957	0.800322	0	None	None
ChainingRodShaped	4995	2.68271	0.5	44.6756	73.084	0	-0.456979	0.889478	0	2251	4994
ChainingRodShaped	4997	2.51478	0.5	-13.9885	19.2411	0	0.972674	0.232175	0	None	None
ChainingRodShaped	4999	2.76997	0.5	-12.7166	44.1175	0	-0.581263	0.813716	0	None	None
ChainingRodShaped	5001	3.01223	0.5	14.9572	10.3584	0	0.866242	0.499626	0	None	None
ChainingRodShaped	5003	3.09313	0.5	-30.5234	-0.543067	0	-0.927963	-0.372673	0	None	None
ChainingRodShaped	5005	2.54784	0.5	-47.5044	4.26713	0	0.60112	-0.799159	0	None	None
ChainingRodShaped	5007	2.64451	0.5	-78.0858	-81.741	0	0.982967	0.183782	0	4376	5006
ChainingRodShaped	5009	2.61621	0.5	-0.795063	75.5833	0	-0.694357	0.719631	0	None	None
ChainingRodShaped	5011	2.63328	0.5	14.8714	67.016	0	0.14026	0.990115	0	None	None
ChainingRodShaped	5013	2.56331	0.5	-12.8676	95.066	0	-0.997711	-0.0676243	0	None	None
ChainingRodShaped	5015	2.61092	0.5	-22.4476	62.7767	0	-0.798287	-0.602278	0	None	None
ChainingRodShaped	5017	2.82732	0.5	-0.879237	62.4306	0	0.825227	-0.564802	0	None	None
ChainingRodShaped	5019	2.52962	0.5	-51.1388	21.006	0	0.316443	0.948612	0	None	None
ChainingRodShaped	5021	2.4291	0.5	-57.1412	21.6837	0	-0.538933	0.842349	0	None	None
ChainingRodShaped	5023	2.85214	0.5	-53.2574	19.5315	0	0.678753	0.734367	0	None	None
ChainingRodShaped	5025	2.45735	0.5	13.7431	85.3963	0	0.994517	0.104576	0	None	None
ChainingRodShaped	5027	2.79202	0.5	39.4803	58.5245	0	0.738377	-0.674389	0	None	None
ChainingRodShaped	5029	3.17515	0.5	10.6541	34.1815	0	-0.728388	0.685165	0	None	None
ChainingRodShaped	5031	2.86793	0.5	51.4645	15.0306	0	-0.303403	0.952862	0	None	None
ChainingRodShaped	5033	3.1659	0.5	34.9829	42.5063	0	0.631084	0.775714	0	None	None
ChainingRodShaped	5035	2.85956	0.5	21.2726	55.2759	0	-0.470527	0.882386	0	None	None
ChainingRodShaped	5037	3.06025	0.5	6.17243	36.1453	0	-0.737795	0.675025	0	None	None
ChainingRodShaped	5039	2.74198	0.5	-11.5978	56.3843	0	0.829848	-0.557989	0	None	None
ChainingRodShaped	5041	3.0232	0.5	-4.85671	85.0149	0	-0.672806	0.739819	0	None	None
ChainingRodShaped	5043	2.93758	0.5	26.4385	14.0499	0	0.676834	0.736136	0	None	None
ChainingRodShaped	5045	2.49954	0.5	19.3634	-39.2816	0	0.990347	-0.138611	0	4810	5044
ChainingRodShaped	5047	3.15686	0.5	-13.6929	18.3924	0	0.973743	0.227651	0	None	None
ChainingRodShaped	5049	2.89416	0.5	-0.490695	90.323	0	0.999687	-0.025027	0	None	None
ChainingRodShaped	5051	2.57886	0.5	-17.5045	44.9846	0	-0.630554	0.776145	0	None	None
ChainingRodShaped	5053	2.41954	0.5	7.49588	4.42082	0	0.878794	0.477201	0	None	None
ChainingRodShaped	5055	2.58677	0.5	4.38215	36.6268	0	-0.731011	0.682366	0	None	None
ChainingRodShaped	5057	2.44698	0.5	-18.2592	17.3715	0	0.973585	-0.228327	0	None	None
ChainingRodShaped	5059	3.11473	0.5	-37.835	2.33189	0	0.508136	0.861277	0	None	None
ChainingRodShaped	5061	2.66954	0.5	-6.30505	28.2444	0	0.995083	-0.0990432	0	None	None
ChainingRodShaped	5063	2.5459	0.5	-4.86911	31.9866	0	-0.700109	0.714036	0	None	None
ChainingRodShaped	5065	2.9286	0.5	14.4433	80.5083	0	-0.967433	0.253125	0	None	None
ChainingRodShaped	5067	3.02199	0.5	21.2497	2.35656	0	0.768934	0.639329	0	None	None
ChainingRodShaped	5069	2.6379	0.5	-22.6001	-1.48419	0	0.688485	-0.72525	0	None	None
ChainingRodShaped	5071	2.87425	0.5	-9.99373	93.4717	0	0.534481	-0.845181	0	None	None
ChainingRodShaped	5073	2.47397	0.5	-28.7082	48.3337	0	-0.99996	-0.00895889	0	None	None
ChainingRodShaped	5075	2.74615	0.5	48.2943	54.999	0	0.815577	-0.578649	0	None	None
ChainingRodShaped	5077	2.83911	0.5	15.8182	29.3942	0	-0.658427	0.752645	0	None	None
ChainingRodShaped	5079	2.67635	0.5	5.58911	30.5991	0	-0.718097	0.695943	0	None	None
ChainingRodShaped	5081	2.86306	0.5	-2.39314	-3.80736	0	0.972257	-0.233915	0	None	None
ChainingRodShaped	5083	3.06782	0.5	-24.5987	77.394	0	0.884116	0.467268	0	None	None
ChainingRodShaped	5085	2.70788	0.5	-39.7819	14.6232	0	0.36406	0.931376	0	None	None
ChainingRodShaped	5087	2.57404	0.5	8.49629	46.8361	0	0.92509	-0.379748	0	None	None
ChainingRodShaped	5089	3.06955	0.5	-23.2314	75.0585	0	0.881846	0.471538	0	None	None
ChainingRodShaped	5091	2.80066	0.5	18.3814	-15.2262	0	0.555054	0.831814	0	None	None
ChainingRodShaped	5093	2.61859	0.5	45.5809	26.3922	0	-0.994232	0.107254	0	None	None
ChainingRodShaped	5095	2.7774	0.5	19.3668	89.4547	0	0.811583	-0.584237	0	None	None
ChainingRodShaped	5097	2.91334	0.5	-34.7779	83.6411	0	0.283344	0.959018	0	None	None
ChainingRodShaped	5099	3.05685	0.5	-22.6732	93.162	0	-0.954641	0.297758	0	None	None
ChainingRodShaped	5101	2.54233	0.5	13.0101	58.7571	0	-0.571588	0.820541	0	None	None
ChainingRodShaped	5103	2.93632	0.5	-54.2021	41.6592	0	0.822634	0.568571	0	None	None
ChainingRodShaped	5105	2.90821	0.5	-54.4327	24.1816	0	0.0625304	0.998043	0	None	None
ChainingRodShaped	5107	2.97034	0.5	6.80336	24.0982	0	-0.611228	0.791455	0	None	None
ChainingRodShaped	5109	2.88528	0.5	-24.0691	-4.51154	0	-0.296185	-0.955131	0	None	None
ChainingRodShaped	5111	3.00148	0.5	-19.8825	24.5578	0	0.0586543	-0.998278	0	None	None
ChainingRodShaped	5113	3.03647	0.5	-41.826	13.1291	0	-0.355736	0.934586	0	None	None
ChainingRodShaped	5115	2.41125	0.5	-16.7568	76.0052	0	-0.949535	-0.31366	0	None	None
ChainingRodShaped	5117	2.84072	0.5	-38.4539	47.9603	0	-0.71689	0.697186	0	None	None
ChainingRodShaped	5119	2.68746	0.5	-5.00041	18.5978	0	0.999671	-0.0256469	0	None	None
ChainingRodShaped	5121	2.81696	0.5	-18.6201	49.8027	0	-0.525038	0.851079	0	None	None
ChainingRodShaped	5123	2.42905	0.5	27.3586	68.9578	0	-0.664742	0.747073	0	None	None
ChainingRodShaped	5125	2.57163	0.5	6.16808	23.4612	0	-0.608976	0.793189	0	None	None
ChainingRodShaped	5127	2.86563	0.5	2.48026	74.7312	0	-0.679334	0.733829	0	None	None
ChainingRodShaped	5129	2.81098	0.5	-11.3577	25.2927	0	0.993071	-0.117514	0	None	None
ChainingRodShaped	5131	3.04405	0.5	47.0581	21.8024	0	-0.478933	0.877852	0	None	None
ChainingRodShaped	5133	2.57625	0.5	7.62362	3.44821	0	0.873971	0.485978	0	None	None
ChainingRodShaped	5135	2.80468	0.5	-32.9741	17.9541	0	0.461627	0.887074	0	None	None
ChainingRodShaped	5137	2.43247	0.5	43.1021	24.1811	0	-0.875664	-0.482922	0	None	None
ChainingRodShaped	5139	2.74212	0.5	-11.5002	-6.40794	0	-0.713568	0.700586	0	None	None
ChainingRodShaped	5141	2.96447	0.5	-5.98579	1.48375	0	0.681354	-0.731954	0	None	None
ChainingRodShaped	5143	2.4084	0.5	-42.9101	52.5677	0	-0.998867	-0.0475994	0	None	None
ChainingRodShaped	5145	2.61355	0.5	17.7942	91.2875	0	0.579068	0.815279	0	None	None
ChainingRodShaped	5147	2.49294	0.5	-52.5973	-53.3958	0	0.0573756	0.998353	0	2568	5146
ChainingRodShaped	5149	2.48826	0.5	11.333	44.9628	0	0.945738	-0.324931	0	None	None
ChainingRodShaped	5151	2.82654	0.5	34.5961	23.5194	0	-0.522907	0.85239	0	None	None
ChainingRodShaped	5153	2.68575	0.5	30.4099	-2.34807	0	0.86553	0.500857	0	None	None
ChainingRodShaped	5155	2.69422	0.5	-26.4992	35.5532	0	0.953466	0.301501	0	None	None
ChainingRodShaped	5157	2.71495	0.5	31.5471	36.7351	0	0.630916	0.775851	0	None	None
ChainingRodShaped	5159	2.35008	0.5	41.6548	16.5956	0	-0.941842	0.336057	0	None	None
ChainingRodShaped	5161	2.46249	0.5	-59.6883	37.2237	0	0.831676	0.555261	0	None	None
ChainingRodShaped	5163	2.34279	0.5	25.118	-1.15814	0	0.98248	0.186367	0	None	None
ChainingRodShaped	5165	2.48613	0.5	6.04369	60.3829	0	-0.806794	0.590832	0	None	None
ChainingRodShaped	5167	2.53978	0.5	42.7596	27.3278	0	0.996165	0.0874942	0	None	None
ChainingRodShaped	5169	2.70738	0.5	-10.9487	73.222	0	0.873298	-0.487187	0	None	None
ChainingRodShaped	5171	2.5119	0.5	-27.2471	28.7599	0	0.912199	0.409748	0	None	None
ChainingRodShaped	5173	2.43675	0.5	-15.0407	62.6603	0	-0.912633	0.40878	0	None	None
ChainingRodShaped	5175	2.72853	0.5	-44.6155	13.0049	0	-0.331263	0.943539	0	None	None
ChainingRodShaped	5177	2.93448	0.5	43.2727	40.7216	0	-0.84084	-0.541283	0	None	None
ChainingRodShaped	5179	2.25993	0.5	-86.656	-5.91516	0	-0.585245	0.810856	0	2812	5178
ChainingRodShaped	5181	2.78123	0.5	52.336	50.1423	0	-0.166808	0.985989	0	None	None
ChainingRodShaped	5183	2.79495	0.5	-48.3066	31.8772	0	0.781604	0.623775	0	None	None
ChainingRodShaped	5185	2.94464	0.5	35.5301	19.7105	0	-0.869014	0.494788	0	None	None
ChainingRodShaped	5187	2.92975	0.5	-0.329092	85.7474	0	0.999999	0.00168252	0	None	None
ChainingRodShaped	5189	2.40393	0.5	-27.7197	-8.80139	0	-0.344585	-0.938755	0	None	None
ChainingRodShaped	5191	2.72585	0.5	-8.17025	96.1636	0	0.87108	-0.491142	0	None	None
ChainingRodShaped	5193	2.55052	0.5	-5.77929	59.4519	0	0.857839	-0.513918	0	None	None
ChainingRodShaped	5195	2.45738	0.5	34.3236	5.30221	0	-0.989388	0.145298	0	None	None
ChainingRodShaped	5197	2.43264	0.5	-16.5636	3.56756	0	-0.918353	0.395761	0	None	None
ChainingRodShaped	5199	2.35633	0.5	-31.9594	90.6516	0	0.488771	0.872412	0	None	None
ChainingRodShaped	5201	2.45841	0.5	-19.4374	42.1687	0	-0.642072	0.766645	0	None	None
ChainingRodShaped	5203	2.66807	0.5	5.41348	68.0395	0	-0.357573	0.933885	0	None	None
ChainingRodShaped	5205	2.83705	0.5	-34.4973	16.9684	0	0.470473	0.882414	0	None	None
ChainingRodShaped	5207	2.38248	0.5	-37.3524	21.3185	0	-0.665886	0.746054	0	None	None
ChainingRodShaped	5209	2.3331	0.5	-37.5181	10.9684	0	0.40609	0.913833	0	None	None
ChainingRodShaped	5211	2.7603	0.5	8.40939	98.1073	0	0.853102	-0.521744	0	None	None
ChainingRodShaped	5213	2.73539	0.5	35.7641	-0.608062	0	0.973474	0.228797	0	None	None
ChainingRodShaped	5215	2.92416	0.5	-3.16781	76.6898	0	-0.708892	0.705317	0	None	None
ChainingRodShaped	5217	2.53311	0.5	-5.88918	48.1486	0	-0.34797	0.937506	0	None	None
ChainingRodShaped	5219	2.87991	0.5	-9.89568	99.8096	0	-0.88653	-0.462671	0	None	None
ChainingRodShaped	5221	2.48249	0.5	-49.5539	62.3661	0	0.842796	0.538234	0	None	None
ChainingRodShaped	5223	2.78946	0.5	-15.4487	96.1475	0	0.949061	0.315091	0	None	None
ChainingRodShaped	5225	2.44778	0.5	28.3028	93.0777	0	0.668268	-0.743921	0	None	None
ChainingRodShaped	5227	2.69919	0.5	-18.2504	63.5445	0	0.990165	0.139906	0	None	None
ChainingRodShaped	5229	2.75168	0.5	-3.36431	20.427	0	0.994207	0.107481	0	None	None
ChainingRodShaped	5231	2.85019	0.5	39.4844	82.2716	0	0.0318236	-0.999494	0	None	None
ChainingRodShaped	5233	2.65216	0.5	27.5613	91.5872	0	0.287018	-0.957925	0	None	None
ChainingRodShaped	5235	2.45195	0.5	23.4436	83.6878	0	0.98792	0.154964	0	None	None
ChainingRodShaped	5237	2.89015	0.5	-31.3674	23.1827	0	0.433771	0.901023	0	None	None
ChainingRodShaped	5239	2.71141	0.5	-0.61295	83.2012	0	-0.689496	0.72429	0	None	None
ChainingRodShaped	5241	2.79518	0.5	20.9373	24.0969	0	-0.781259	0.624207	0	None	None
ChainingRodShaped	5243	2.83448	0.5	8.22545	-12.2641	0	0.556592	0.830786	0	None	None
ChainingRodShaped	5245	2.71854	0.5	13.5024	69.9584	0	-0.654784	0.755816	0	None	None
ChainingRodShaped	5247	2.30504	0.5	33.7255	10.8	0	0.828898	0.5594	0	None	None
ChainingRodShaped	5249	2.68023	0.5	15.4418	44.5241	0	0.950127	-0.311863	0	None	None
ChainingRodShaped	5251	2.39174	0.5	45.9337	4.52935	0	0.894162	0.447744	0	None	None
ChainingRodShaped	5253	2.40865	0.5	-2.1997	70.403	0	-0.905395	0.42457	0	None	None
ChainingRodShaped	5255	2.55109	0.5	6.76391	14.0768	0	0.710601	0.703596	0	None	None
ChainingRodShaped	5257	2.54514	0.5	15.5844	35.568	0	-0.96597	0.258653	0	None	None
ChainingRodShaped	5259	2.79656	0.5	-25.2828	50.5741	0	-0.755476	-0.655176	0	None	None
ChainingRodShaped	5261	2.55506	0.5	12.4524	31.098	0	-0.769707	0.638397	0	None	None
ChainingRodShaped	5263	2.88046	0.5	-26.2554	4.59552	0	-0.547569	-0.836761	0	None	None
ChainingRodShaped	5265	2.36139	0.5	-26.0563	27.3446	0	0.91263	0.408787	0	None	None
ChainingRodShaped	5267	2.37277	0.5	-6.10319	16.7326	0	0.988793	0.14929	0	None	None
ChainingRodShaped	5269	2.4987	0.5	-26.3049	21.531	0	0.494935	0.86893	0	None	None
ChainingRodShaped	5271	2.82659	0.5	-3.38255	9.61212	0	0.954658	-0.297705	0	None	None
ChainingRodShaped	5273	2.3965	0.5	16.9521	5.13484	0	0.551914	0.833901	0	None	None
ChainingRodShaped	5275	2.35137	0.5	6.5969	90.7671	0	0.980556	0.196238	0	None	None
ChainingRodShaped	5277	2.39612	0.5	35.0333	18.9477	0	-0.864046	0.503413	0	None	None
ChainingRodShaped	5279	2.53685	0.5	27.3359	53.214	0	-0.445122	0.89547	0	None	None
ChainingRodShaped	5281	2.50625	0.5	21.4481	4.96164	0	0.672609	0.739998	0	None	None
ChainingRodShaped	5283	2.44651	0.5	-22.5681	16.2147	0	0.380838	-0.924642	0	None	None
ChainingRodShaped	5285	2.40118	0.5	-4.61847	-14.8581	0	-0.0983593	0.995151	0	None	None
ChainingRodShaped	5287	2.31159	0.5	-15.1291	86.1541	0	-0.625043	0.78059	0	None	None
ChainingRodShaped	5289	2.67525	0.5	-7.14504	96.818	0	0.915523	-0.402266	0	None	None
ChainingRodShaped	5291	2.68122	0.5	0.970298	38.6033	0	-0.715225	0.698894	0	None	None
ChainingRodShaped	5293	2.68655	0.5	21.8067	40.1729	0	0.985244	-0.171158	0	None	None
ChainingRodShaped	5295	2.47246	0.5	-4.75835	83.5426	0	-0.672626	0.739983	0	None	None
ChainingRodShaped	5297	2.73795	0.5	6.1728	95.7351	0	-0.305927	-0.952055	0	None	None
ChainingRodShaped	5299	2.20688	0.5	-123.171	-74.871	0	0.957468	-0.28854	0	2574	5298
ChainingRodShaped	5301	2.75684	0.5	-11.8707	78.9903	0	-0.690755	0.723089	0	None	None
ChainingRodShaped	5303	2.44683	0.5	3.97975	71.1822	0	-0.456376	0.889787	0	None	None
ChainingRodShaped	5305	2.76368	0.5	5.64345	6.12993	0	0.524498	0.851412	0	None	None
ChainingRodShaped	5307	2.54392	0.5	-12.1328	96.0464	0	0.997785	0.0665189	0	None	None
ChainingRodShaped	5309	2.73738	0.5	8.17994	74.8707	0	-0.930038	0.367463	0	None	None
ChainingRodShaped	5311	2.30529	0.5	-46.6335	23.6784	0	-0.390964	0.920406	0	None	None
ChainingRodShaped	5313	2.63692	0.5	30.7995	67.1724	0	-0.986079	0.166275	0	None	None
ChainingRodShaped	5315	2.77586	0.5	18.7765	-3.99272	0	0.832882	0.55345	0	None	None
ChainingRodShaped	5317	2.32803	0.5	-53.0518	18.3117	0	0.682989	0.730428	0	None	None
ChainingRodShaped	5319	2.7862	0.5	39.6987	26.351	0	0.562499	0.826798	0	None	None
ChainingRodShaped	5321	2.32739	0.5	-14.1073	-16.2491	0	-0.986674	0.162711	0	None	None
ChainingRodShaped	5323	2.7308	0.5	-4.91202	-21.7592	0	0.970176	0.2424	0	None	None
ChainingRodShaped	5325	2.75567	0.5	31.1975	39.1046	0	0.62206	0.782969	0	None	None
ChainingRodShaped	5327	2.70266	0.5	-11.6992	47.0903	0	-0.591532	0.806282	0	None	None
ChainingRodShaped	5329	2.47289	0.5	-22.7161	5.22565	0	-0.635967	0.771716	0	None	None
ChainingRodShaped	5331	2.52987	0.5	-19.608	65.8022	0	0.985534	0.169479	0	None	None
ChainingRodShaped	5333	2.48388	0.5	-55.7953	54.082	0	0.803452	0.59537	0	None	None
ChainingRodShaped	5335	2.46265	0.5	-25.3842	41.552	0	-0.935885	-0.352306	0	None	None
ChainingRodShaped	5337	2.41063	0.5	34.2079	47.6919	0	0.708908	0.705301	0	None	None
ChainingRodShaped	5339	2.3045	0.5	-13.8744	81.7075	0	-0.656585	0.754252	0	None	None
ChainingRodShaped	5341	2.65712	0.5	-11.0424	83.9251	0	0.620201	-0.784443	0	None	None
ChainingRodShaped	5343	2.34532	0.5	-14.1769	27.9484	0	0.382484	-0.923962	0	None	None
ChainingRodShaped	5345	2.71454	0.5	-43.3414	12.0686	0	-0.340698	0.940173	0	None	None
ChainingRodShaped	5347	2.49966	0.5	-53.8992	63.074	0	0.850878	0.525364	0	None	None
ChainingRodShaped	5349	2.734	0.5	-12.4193	3.59263	0	0.880204	-0.474595	0	None	None
ChainingRodShaped	5351	2.71667	0.5	-57.0101	62.3968	0	0.291953	0.956433	0	None	None
ChainingRodShaped	5353	2.4321	0.5	5.35467	51.7872	0	0.922179	-0.386764	0	None	None
ChainingRodShaped	5355	2.7335	0.5	23.7168	94.6632	0	-0.168013	-0.985785	0	None	None
ChainingRodShaped	5357	2.4279	0.5	19.7026	98.9733	0	-0.995326	-0.0965739	0	None	None
ChainingRodShaped	5359	2.29101	0.5	-45.2482	48.6382	0	-0.903763	0.428033	0	None	None
ChainingRodShaped	5361	2.5209	0.5	-39.8322	26.9183	0	0.22834	0.973582	0	None	None
ChainingRodShaped	5363	2.3991	0.5	-5.2684	-6.68497	0	0.959577	-0.281447	0	None	None
ChainingRodShaped	5365	2.37049	0.5	-51.7548	12.3327	0	0.22436	-0.974506	0	None	None
ChainingRodShaped	5367	2.47235	0.5	34.7353	52.6916	0	-0.915904	0.401398	0	None	None
ChainingRodShaped	5369	2.57892	0.5	-36.3617	63.9877	0	-0.0255263	0.999674	0	None	None
ChainingRodShaped	5371	2.64779	0.5	42.7606	12.2811	0	0.932114	0.362166	0	None	None
ChainingRodShaped	5373	2.52947	0.5	32.6326	47.383	0	0.675603	0.737266	0	None	None
ChainingRodShaped	5375	2.27	0.5	27.5066	5.01148	0	0.990698	0.136076	0	None	None
ChainingRodShaped	5377	2.25908	0.5	1.46664	58.0214	0	0.839461	-0.54342	0	None	None
ChainingRodShaped	5379	2.29653	0.5	-21.9653	26.5974	0	0.764507	0.644616	0	None	None
ChainingRodShaped	5381	2.41552	0.5	-22.0252	-5.38464	0	-0.0820829	0.996626	0	None	None
ChainingRodShaped	5383	2.37437	0.5	-32.829	42.9446	0	-0.977489	0.210985	0	None	None
ChainingRodShaped	5385	2.62849	0.5	0.273738	46.9399	0	0.783621	-0.621239	0	None	None
ChainingRodShaped	5387	2.36826	0.5	20.7714	15.604	0	0.567749	0.823202	0	None	None
ChainingRodShaped	5389	2.51074	0.5	37.7782	41.6755	0	0.6076	0.794243	0	None	None
ChainingRodShaped	5391	2.32653	0.5	-2.30783	-30.842	0	0.870882	-0.491492	0	4138	5390
ChainingRodShaped	5393	2.25205	0.5	32.9337	87.3303	0	-0.717977	-0.696067	0	None	None
ChainingRodShaped	5395	2.41818	0.5	39.097	79.0279	0	0.67716	-0.735836	0	None	None
ChainingRodShaped	5397	2.32042	0.5	21.7048	15.3212	0	0.532529	0.846412	0	None	None
ChainingRodShaped	5399	2.56212	0.5	-40.0505	79.6522	0	0.920795	0.390048	0	None	None
ChainingRodShaped	5401	2.36211	0.5	55.0754	45.643	0	-0.450715	0.892668	0	None	None
ChainingRodShaped	5403	2.53018	0.5	-23.0839	12.9931	0	0.442868	-0.896587	0	None	None
ChainingRodShaped	5405	2.45352	0.5	-15.6372	33.3019	0	0.573753	-0.819029	0	None	None
ChainingRodShaped	5407	2.39635	0.5	19.0528	41.5915	0	0.957914	-0.287057	0	None	None
ChainingRodShaped	5409	2.62812	0.5	21.0992	25.0723	0	-0.787476	0.616346	0	None	None
ChainingRodShaped	5411	2.42263	0.5	5.09469	58.805	0	0.807771	-0.589496	0	None	None
ChainingRodShaped	5413	2.31328	0.5	15.5325	83.0087	0	-0.972553	0.232683	0	None	None
ChainingRodShaped	5415	2.53011	0.5	25.5462	60.4365	0	-0.519529	0.854453	0	None	None
ChainingRodShaped	5417	2.38082	0.5	10.0186	2.74061	0	0.864818	0.502085	0	None	None
ChainingRodShaped	5419	2.25149	0.5	-25.6827	34.0266	0	0.955464	0.295107	0	None	None
ChainingRodShaped	5421	2.30877	0.5	-2.83235	-4.62257	0	0.967618	-0.252421	0	None	None
ChainingRodShaped	5423	2.39716	0.5	28.9896	-5.17268	0	0.880143	-0.474709	0	None	None
ChainingRodShaped	5425	2.44279	0.5	18.7354	33.2122	0	0.987429	-0.158061	0	None	None
ChainingRodShaped	5427	2.33548	0.5	29.8963	12.399	0	0.709154	0.705054	0	None	None
ChainingRodShaped	5429	2.46668	0.5	-25.0862	82.3988	0	0.999685	0.0250932	0	None	None
ChainingRodShaped	5431	2.21261	0.5	-30.0069	1.87883	0	-0.894389	-0.44729	0	None	None
ChainingRodShaped	5433	2.35506	0.5	50.5964	14.5064	0	-0.299164	0.954202	0	None	None
ChainingRodShaped	5435	2.43228	0.5	37.0812	65.7263	0	-0.61306	0.790036	0	None	None
ChainingRodShaped	5437	2.39768	0.5	-36.7882	23.6267	0	0.228767	0.973481	0	None	None
ChainingRodShaped	5439	2.25366	0.5	197.873	138.996	0	0.980967	-0.194177	0	2607	5438
ChainingRodShaped	5441	2.51145	0.5	-18.2361	-7.78808	0	-0.331573	0.943429	0	None	None
ChainingRodShaped	5443	2.53774	0.5	31.4402	50.3612	0	-0.995927	-0.0901675	0	None	None
ChainingRodShaped	5445	2.36664	0.5	26.9952	90.0678	0	0.286339	-0.958128	0	None	None
ChainingRodShaped	5447	2.41205	0.5	31.9617	47.9385	0	0.668231	0.743953	0	None	None
ChainingRodShaped	5449	2.50218	0.5	-6.34871	53.0067	0	0.83051	-0.557004	0	None	None
ChainingRodShaped	5451	2.21644	0.5	47.0497	107.128	0	0.903371	0.428859	0	5512	5450
ChainingRodShaped	5453	2.1991	0.5	-4.02028	17.7219	0	0.999366	-0.0356033	0	None	None
ChainingRodShaped	5455	2.4659	0.5	0.938856	18.8678	0	0.60194	0.798541	0	None	None
ChainingRodShaped	5457	2.32703	0.5	-13.2276	66.6567	0	0.905487	-0.424374	0	None	None
ChainingRodShaped	5459	2.44443	0.5	-32.7768	67.1578	0	0.727975	0.685604	0	None	None
ChainingRodShaped	5461	2.37166	0.5	-11.9797	62.2055	0	0.932557	-0.361022	0	None	None
ChainingRodShaped	5463	2.36668	0.5	-15.6891	78.7783	0	0.992365	-0.123332	0	None	None
ChainingRodShaped	5465	2.27823	0.5	-60.1107	29.5511	0	0.446801	-0.894633	0	None	None
ChainingRodShaped	5467	2.29498	0.5	40.123	12.2858	0	0.935149	0.354256	0	None	None
ChainingRodShaped	5469	2.38617	0.5	13.5363	7.4748	0	0.874692	0.48468	0	None	None
ChainingRodShaped	5471	2.55519	0.5	38.3	35.7658	0	-0.295304	-0.955403	0	None	None
ChainingRodShaped	5473	2.47376	0.5	48.6692	18.4677	0	-0.235962	0.971762	0	None	None
ChainingRodShaped	5475	2.28702	0.5	-14.0919	89.5237	0	0.548625	-0.836069	0	None	None
ChainingRodShaped	5477	2.2422	0.5	-21.6593	33.425	0	0.959052	0.283229	0	None	None
ChainingRodShaped	5479	2.26615	0.5	-33.2488	13.5244	0	0.477049	0.878877	0	None	None
ChainingRodShaped	5481	2.46004	0.5	-25.5436	4.01719	0	-0.54879	-0.83596	0	None	None
ChainingRodShaped	5483	2.41783	0.5	6.79527	83.3977	0	0.996075	0.0885162	0	None	None
ChainingRodShaped	5485	2.48489	0.5	-5.74001	-13.3649	0	-0.0945125	0.995524	0	None	None
ChainingRodShaped	5487	2.39028	0.5	-15.8474	46.7877	0	-0.522779	0.852469	0	None	None
ChainingRodShaped	5489	2.37568	0.5	-29.5615	-2.91712	0	-0.593253	-0.805016	0	None	None
ChainingRodShaped	5491	2.27911	0.5	23.9541	-3.29238	0	0.985937	0.167117	0	None	None
ChainingRodShaped	5493	2.30937	0.5	15.5844	11.7517	0	0.861194	0.508276	0	None	None
ChainingRodShaped	5495	2.48493	0.5	33.3919	32.133	0	0.281456	0.959574	0	None	None
ChainingRodShaped	5497	2.3353	0.5	-54.5834	37.2321	0	-0.993709	-0.111989	0	None	None
ChainingRodShaped	5499	2.30748	0.5	83.8334	52.8599	0	0.399982	-0.916523	0	4020	5498
ChainingRodShaped	5501	2.34305	0.5	38.5718	85.389	0	0.0162926	-0.999867	0	None	None
ChainingRodShaped	5503	2.25499	0.5	-62.2431	32.4235	0	0.503753	0.863848	0	None	None
ChainingRodShaped	5505	2.3724	0.5	-30.7277	85.4261	0	0.728536	0.685007	0	None	None
ChainingRodShaped	5507	2.25613	0.5	27.9002	4.10588	0	-0.98935	-0.145553	0	None	None
ChainingRodShaped	5509	2.46349	0.5	-29.4888	29.6624	0	0.913343	0.407192	0	None	None
ChainingRodShaped	5511	2.51798	0.5	32.3853	23.8464	0	-0.523358	0.852113	0	None	None
ChainingRodShaped	5513	2.19149	0.5	42.3851	103.149	0	0.564787	0.825237	0	1197	5512
ChainingRodShaped	5515	2.49585	0.5	-29.4704	51.7735	0	0.436768	0.899574	0	None	None
ChainingRodShaped	5517	2.40463	0.5	14.7179	61.0923	0	-0.56304	0.82643	0	None	None
ChainingRodShaped	5519	2.17482	0.5	48.4424	31.5524	0	0.989148	0.146924	0	None	None
ChainingRodShaped	5521	2.42055	0.5	6.4249	78.6616	0	-0.877666	0.479273	0	None	None
ChainingRodShaped	5523	2.18642	0.5	-17.6196	30.1833	0	-0.0503626	-0.998731	0	None	None
ChainingRodShaped	5525	2.1738	0.5	36.0735	12.9359	0	0.798422	0.602098	0	None	None
ChainingRodShaped	5527	2.30657	0.5	28.566	82.0973	0	-0.613447	-0.789736	0	None	None
ChainingRodShaped	5529	2.4762	0.5	23.6486	43.5519	0	0.689058	0.724706	0	None	None
ChainingRodShaped	5531	2.31579	0.5	27.6231	29.4912	0	-0.787173	0.616732	0	None	None
ChainingRodShaped	5533	2.36427	0.5	7.05438	84.3326	0	0.995297	0.0968755	0	None	None
ChainingRodShaped	5535	2.32464	0.5	45.9545	11.4971	0	0.938822	0.344402	0	None	None
ChainingRodShaped	5537	2.23138	0.5	-27.5634	74.848	0	0.884642	0.466272	0	None	None
ChainingRodShaped	5539	2.18138	0.5	-25.5818	86.156	0	0.999958	0.00919956	0	None	None
ChainingRodShaped	5541	2.18688	0.5	-19.1153	83.8417	0	0.618622	-0.785689	0	None	None
ChainingRodShaped	5543	2.40078	0.5	-6.05791	75.7135	0	-0.737562	0.675279	0	None	None
ChainingRodShaped	5545	2.32198	0.5	-10.1812	98.5656	0	0.886497	0.462733	0	None	None
ChainingRodShaped	5547	2.24482	0.5	-14.7932	84.2066	0	-0.620359	0.784318	0	None	None
ChainingRodShaped	5549	2.33328	0.5	-11.561	57.7043	0	0.943	-0.332794	0	None	None
ChainingRodShaped	5551	2.25775	0.5	-0.75917	42.0034	0	-0.58958	0.80771	0	None	None
ChainingRodShaped	5553	2.1779	0.5	3.25414	46.8283	0	0.874062	-0.485814	0	None	None
ChainingRodShaped	5555	2.40781	0.5	-31.2471	64.8815	0	0.730768	0.682626	0	None	None
ChainingRodShaped	5557	2.23941	0.5	26.3249	80.564	0	-0.562859	-0.826553	0	None	None
ChainingRodShaped	5559	2.30416	0.5	27.1708	73.6324	0	0.787756	0.615987	0	None	None
ChainingRodShaped	5561	2.39363	0.5	-39.2241	49.8758	0	-0.909384	0.415958	0	None	None
ChainingRodShaped	5563	2.24641	0.5	39.9496	9.17238	0	0.95259	0.304256	0	None	None
ChainingRodShaped	5565	2.16118	0.5	-18.4093	-3.87431	0	-0.0878349	0.996135	0	None	None
ChainingRodShaped	5567	2.14929	0.5	204.137	137.78	0	0.982414	-0.186714	0	5438	5566
ChainingRodShaped	5569	2.26508	0.5	-3.53388	56.1207	0	0.828808	-0.559533	0	None	None
ChainingRodShaped	5571	2.34479	0.5	-34.2908	-6.59253	0	-0.779393	0.626536	0	None	None
ChainingRodShaped	5573	2.36358	0.5	11.6756	89.8326	0	0.980556	0.196241	0	None	None
ChainingRodShaped	5575	2.29647	0.5	3.48057	-4.94069	0	-0.573346	0.819313	0	None	None
ChainingRodShaped	5577	2.44103	0.5	-3.32876	36.7782	0	-0.704908	0.709299	0	None	None
ChainingRodShaped	5579	2.31266	0.5	-43.6771	46.8458	0	-0.90627	0.4227	0	None	None
ChainingRodShaped	5581	2.37147	0.5	-54.5423	36.2573	0	-0.992541	-0.121914	0	None	None
ChainingRodShaped	5583	2.2087	0.5	-4.12719	32.5366	0	-0.702434	0.711749	0	None	None
ChainingRodShaped	5585	2.40277	0.5	-38.0663	33.4566	0	0.357889	0.933764	0	None	None
ChainingRodShaped	5587	2.28201	0.5	-26.0352	6.56376	0	-0.560466	-0.828178	0	None	None
ChainingRodShaped	5589	2.33988	0.5	-0.0408338	62.9411	0	0.819563	-0.572989	0	None	None
ChainingRodShaped	5591	2.17745	0.5	-50.1839	7.82537	0	-0.586759	0.809762	0	None	None
ChainingRodShaped	5593	2.18714	0.5	-7.11029	90.9744	0	0.998192	0.0601086	0	None	None
ChainingRodShaped	5595	2.20789	0.5	-71.7803	-79.8797	0	0.920949	0.389684	0	5006	5594
ChainingRodShaped	5597	2.32472	0.5	-19.8107	10.1291	0	0.89821	-0.439566	0	None	None
ChainingRodShaped	5599	2.41615	0.5	-12.7174	2.73234	0	0.876859	-0.480748	0	None	None
ChainingRodShaped	5601	2.22288	0.5	17.3091	-0.500599	0	0.378549	0.925581	0	None	None
ChainingRodShaped	5603	2.36527	0.5	-43.6379	81.2479	0	0.488452	0.872591	0	None	None
ChainingRodShaped	5605	2.32262	0.5	-15.067	79.5646	0	0.991078	-0.133286	0	None	None
ChainingRodShaped	5607	2.20864	0.5	52.0608	20.5879	0	0.277358	0.960767	0	None	None
ChainingRodShaped	5609	2.36006	0.5	-19.1613	7.82724	0	0.885403	-0.464824	0	None	None
ChainingRodShaped	5611	2.28851	0.5	-0.101358	68.25	0	-0.78165	0.623717	0	None	None
ChainingRodShaped	5613	2.37956	0.5	16.6351	86.6001	0	0.980253	-0.197746	0	None	None
ChainingRodShaped	5615	2.35161	0.5	-41.1664	80.2173	0	0.916851	0.399229	0	None	None
ChainingRodShaped	5617	2.29235	0.5	-59.2353	58.7171	0	-0.0224803	0.999747	0	None	None
ChainingRodShaped	5619	2.30057	0.5	6.18216	-10.3465	0	0.563248	0.826288	0	None	None
ChainingRodShaped	5621	2.22141	0.5	-10.247	75.8756	0	0.870222	-0.49266	0	None	None
ChainingRodShaped	5623	2.16465	0.5	-8.00482	21.3187	0	0.999135	-0.0415737	0	None	None
ChainingRodShaped	5625	2.15584	0.5	-11.6909	41.2146	0	-0.55029	0.834974	0	None	None
ChainingRodShaped	5627	2.24694	0.5	-20.3687	70.0313	0	0.975919	0.218134	0	None	None
ChainingRodShaped	5629	2.23941	0.5	-26.9234	38.1118	0	0.953533	0.301289	0	None	None
ChainingRodShaped	5631	2.24582	0.5	-46.0323	9.48807	0	0.85092	-0.525296	0	None	None
ChainingRodShaped	5633	2.32308	0.5	-21.4059	50.8994	0	-0.523034	-0.852312	0	None	None
ChainingRodShaped	5635	2.13781	0.5	-42.8239	72.7343	0	0.0686293	0.997642	0	None	None
ChainingRodShaped	5637	2.34008	0.5	-35.0817	1.45589	0	0.494252	0.869319	0	None	None
ChainingRodShaped	5639	2.17906	0.5	-41.1774	65.2942	0	-0.967174	0.254114	0	None	None
ChainingRodShaped	5641	2.31632	0.5	-7.63637	-0.869356	0	0.67079	-0.741647	0	None	None
ChainingRodShaped	5643	2.24044	0.5	-13.4713	5.15628	0	0.901714	-0.432334	0	None	None
ChainingRodShaped	5645	2.20885	0.5	32.7161	43.6294	0	0.694971	0.719038	0	None	None
ChainingRodShaped	5647	2.28885	0.5	-8.7407	3.16028	0	0.692226	-0.721681	0	None	None
ChainingRodShaped	5649	2.28437	0.5	30.0483	65.3794	0	-0.999362	0.0357169	0	None	None
ChainingRodShaped	5651	2.24224	0.5	-25.9454	87.0984	0	0.999972	0.00747383	0	None	None
ChainingRodShaped	5653	2.17475	0.5	-11.6691	49.855	0	-0.607555	0.794278	0	None	None
ChainingRodShaped	5655	2.25582	0.5	-60.2066	57.9681	0	-0.0219109	0.99976	0	None	None
ChainingRodShaped	5657	2.13434	0.5	-8.40836	77.8528	0	-0.860741	0.509044	0	None	None
ChainingRodShaped	5659	2.27258	0.5	-35.3316	50.8923	0	0.967927	0.25123	0	None	None
ChainingRodShaped	5661	2.11111	0.5	-23.1794	98.3957	0	0.970923	-0.239393	0	None	None
ChainingRodShaped	5663	2.15265	0.5	17.2247	80.7629	0	-0.975416	0.220372	0	None	None
ChainingRodShaped	5665	2.15724	0.5	-29.9941	47.532	0	-0.975587	0.219613	0	None	None
ChainingRodShaped	5667	2.11895	0.5	-38.3582	24.939	0	0.209285	0.977855	0	None	None
ChainingRodShaped	5669	2.23712	0.5	20.8543	84.6947	0	0.972302	-0.23373	0	None	None
ChainingRodShaped	5671	2.13847	0.5	-10.1689	84.2509	0	0.628038	-0.778182	0	None	None
ChainingRodShaped	5673	2.20238	0.5	5.76401	4.52003	0	0.839676	0.543088	0	None	None
ChainingRodShaped	5675	2.2598	0.5	18.2877	30.1199	0	-0.824051	0.566516	0	None	None
ChainingRodShaped	5677	2.1953	0.5	-26.7279	55.588	0	-0.184513	0.98283	0	None	None
ChainingRodShaped	5679	2.20011	0.5	-52.0892	30.0477	0	0.75914	0.650927	0	None	None
ChainingRodShaped	5681	2.15569	0.5	-46.2655	25.0504	0	-0.400225	0.916417	0	None	None
ChainingRodShaped	5683	2.21655	0.5	-6.28709	82.5208	0	-0.672615	0.739993	0	None	None
ChainingRodShaped	5685	2.20872	0.5	-7.67272	22.1607	0	0.998664	-0.051679	0	None	None
ChainingRodShaped	5687	2.25194	0.5	-34.5296	55.812	0	0.0330095	0.999455	0	None	None
ChainingRodShaped	5689	2.27094	0.5	13.8772	22.1481	0	-0.66704	0.745022	0	None	None
ChainingRodShaped	5691	2.27313	0.5	-29.8768	83.4708	0	0.999218	-0.0395318	0	None	None
ChainingRodShaped	5693	2.26481	0.5	-10.7755	82.0652	0	-0.61895	0.785431	0	None	None
ChainingRodShaped	5695	2.12272	0.5	53.304	51.8522	0	-0.331059	0.94361	0	None	None
ChainingRodShaped	5697	2.15013	0.5	5.40701	50.8082	0	0.923833	-0.382795	0	None	None
ChainingRodShaped	5699	2.2607	0.5	-37.7011	-3.13932	0	0.925842	-0.377911	0	None	None
ChainingRodShaped	5701	2.10872	0.5	20.9104	-3.74122	0	0.830323	0.557283	0	None	None
ChainingRodShaped	5703	2.1297	0.5	6.19387	64.1753	0	-0.563426	0.826166	0	None	None
ChainingRodShaped	5705	2.20745	0.5	-60.2353	52.9892	0	0.73264	0.680616	0	None	None
ChainingRodShaped	5707	2.16251	0.5	3.00397	31.8464	0	-0.721412	0.692506	0	None	None
ChainingRodShaped	5709	2.12211	0.5	-37.0057	30.8045	0	0.239693	0.970849	0	None	None
ChainingRodShaped	5711	2.10756	0.5	-26.3027	96.9742	0	0.993262	-0.115893	0	None	None
ChainingRodShaped	5713	2.10424	0.5	-29.1005	59.0329	0	-0.155372	0.987856	0	None	None
ChainingRodShaped	5715	2.18873	0.5	1.67641	14.1442	0	0.578233	0.815872	0	None	None
ChainingRodShaped	5717	2.22221	0.5	8.66944	52.2728	0	0.922604	-0.385748	0	None	None
ChainingRodShaped	5719	2.21816	0.5	-41.7234	31.21	0	0.297539	0.95471	0	None	None
ChainingRodShaped	5721	2.238	0.5	20.2923	9.40516	0	0.0104642	0.999945	0	None	None
ChainingRodShaped	5723	2.23375	0.5	-2.08679	-21.4462	0	0.688693	0.725053	0	None	None
ChainingRodShaped	5725	2.1268	0.5	22.147	36.6631	0	0.975641	-0.219372	0	None	None
ChainingRodShaped	5727	2.12397	0.5	48.4063	14.7341	0	-0.534643	0.845078	0	None	None
ChainingRodShaped	5729	2.18665	0.5	-32.1933	23.4923	0	0.434776	0.900539	0	None	None
ChainingRodShaped	5731	2.21908	0.5	-24.8358	85.2078	0	0.999895	0.0145159	0	None	None
ChainingRodShaped	5733	2.17276	0.5	-20.7794	15.3175	0	0.734743	-0.678346	0	None	None
ChainingRodShaped	5735	2.11997	0.5	-1.43652	11.8603	0	0.967344	-0.253467	0	None	None
ChainingRodShaped	5737	2.15256	0.5	-11.7427	72.6264	0	0.878117	-0.478447	0	None	None
ChainingRodShaped	5739	2.10039	0.5	1.37278	72.0001	0	-0.670605	0.741814	0	None	None
ChainingRodShaped	5741	2.07893	0.5	-3.54394	69.2045	0	0.896654	-0.442733	0	None	None
ChainingRodShaped	5743	2.16413	0.5	45.9367	19.9115	0	-0.461286	0.887251	0	None	None
ChainingRodShaped	5745	2.14226	0.5	-44.6984	35.4343	0	0.834349	0.551236	0	None	None
ChainingRodShaped	5747	2.184	0.5	1.99355	94.3207	0	-0.994912	-0.100744	0	None	None
ChainingRodShaped	5749	2.08858	0.5	-10.988	79.4041	0	-0.697807	0.716286	0	None	None
ChainingRodShaped	5751	2.16285	0.5	2.52859	66.7017	0	-0.702382	0.7118	0	None	None
ChainingRodShaped	5753	2.15999	0.5	-21.5256	57.2312	0	-0.541667	-0.840593	0	None	None
ChainingRodShaped	5755	2.13919	0.5	-33.3944	44.7946	0	-0.986462	0.163988	0	None	None
ChainingRodShaped	5757	2.07744	0.5	27.2904	28.6372	0	-0.780952	0.624591	0	None	None
ChainingRodShaped	5759	2.17096	0.5	37.5039	22.311	0	-0.539276	0.842129	0	None	None
ChainingRodShaped	5761	2.07542	0.5	35.0241	7.07394	0	-0.992092	0.125512	0	None	None
ChainingRodShaped	5763	2.12399	0.5	8.90365	-12.995	0	0.54826	0.836308	0	None	None
ChainingRodShaped	5765	2.13249	0.5	-14.4414	-13.1389	0	-0.999892	0.0146895	0	None	None
ChainingRodShaped	5767	2.06258	0.5	11.0857	-0.793774	0	0.403379	0.915033	0	None	None
ChainingRodShaped	5769	2.11497	0.5	6.41998	14.9661	0	0.717429	0.696632	0	None	None
ChainingRodShaped	5771	2.15555	0.5	30.1185	-3.63725	0	0.866952	0.498392	0	None	None
ChainingRodShaped	5773	2.1396	0.5	30.1409	66.2635	0	-0.998953	0.0457499	0	None	None
ChainingRodShaped	5775	2.09383	0.5	34.2857	61.322	0	0.556171	0.831068	0	None	None
ChainingRodShaped	5777	2.08434	0.5	-38.4777	36.0795	0	0.872256	0.489049	0	None	None
ChainingRodShaped	5779	2.15937	0.5	8.85191	51.2485	0	0.92524	-0.379381	0	None	None
ChainingRodShaped	5781	2.15313	0.5	-28.5802	20.7051	0	0.446119	0.894974	0	None	None
ChainingRodShaped	5783	2.11265	0.5	-37.6174	78.5118	0	0.940815	0.338921	0	None	None
ChainingRodShaped	5785	2.11695	0.5	17.1819	47.5858	0	0.927084	-0.374853	0	None	None
ChainingRodShaped	5787	2.1458	0.5	-3.03578	29.4168	0	-0.71046	0.703737	0	None	None
ChainingRodShaped	5789	2.06224	0.5	-35.1124	50.0674	0	0.97037	0.241623	0	None	None
ChainingRodShaped	5791	2.09139	0.5	-0.852378	12.75	0	0.98846	-0.151485	0	None	None
ChainingRodShaped	5793	2.12284	0.5	19.4981	61.6856	0	-0.525331	0.850898	0	None	None
ChainingRodShaped	5795	2.08521	0.5	-28.7584	78.2882	0	0.888483	0.458909	0	None	None
ChainingRodShaped	5797	2.05443	0.5	-30.5681	-5.41847	0	-0.736626	-0.676301	0	None	None
ChainingRodShaped	5799	2.08672	0.5	9.65047	59.108	0	-0.595935	0.803032	0	None	None
ChainingRodShaped	5801	2.12007	0.5	-31.1414	9.88296	0	0.518358	0.855163	0	None	None
ChainingRodShaped	5803	2.12796	0.5	11.4635	49.4386	0	0.94965	-0.313312	0	None	None
ChainingRodShaped	5805	2.07854	0.5	-3.61167	65.9676	0	0.921381	-0.38866	0	None	None
ChainingRodShaped	5807	2.11599	0.5	38.6213	50.7295	0	-0.738093	0.674699	0	None	None
ChainingRodShaped	5809	2.05307	0.5	-25.7071	1.65153	0	-0.354884	-0.93491	0	None	None
ChainingRodShaped	5811	2.12551	0.5	22.8045	24.8536	0	-0.801086	0.598549	0	None	None
ChainingRodShaped	5813	2.06227	0.5	177.469	142.979	0	0.986488	-0.163834	0	5838	5812
ChainingRodShaped	5815	2.0482	0.5	-26.5448	28.0917	0	0.914474	0.404644	0	None	None
ChainingRodShaped	5817	2.03871	0.5	5.26282	85.0769	0	0.994278	0.106828	0	None	None
ChainingRodShaped	5819	2.06942	0.5	-56.3478	32.5847	0	0.803826	0.594864	0	None	None
ChainingRodShaped	5821	2.10035	0.5	-21.5098	55.558	0	-0.502937	-0.864323	0	None	None
ChainingRodShaped	5823	2.09659	0.5	-21.5635	28.1162	0	0.757239	0.653137	0	None	None
ChainingRodShaped	5825	2.0771	0.5	-12.7054	-6.56291	0	-0.714966	0.699159	0	None	None
ChainingRodShaped	5827	2.09911	0.5	22.6297	94.137	0	0.158148	0.987415	0	None	None
ChainingRodShaped	5829	2.05609	0.5	11.3301	78.2731	0	-0.798809	0.601584	0	None	None
ChainingRodShaped	5831	2.07271	0.5	45.3756	33.897	0	-0.859885	-0.510487	0	None	None
ChainingRodShaped	5833	2.05293	0.5	-24.6083	-12.7032	0	0.21643	0.976298	0	None	None
ChainingRodShaped	5835	2.05527	0.5	38.5608	30.3661	0	-0.292647	-0.956221	0	None	None
ChainingRodShaped	5837	2.05103	0.5	21.9769	46.2971	0	-0.478649	0.878006	0	None	None
ChainingRodShaped	5839	2.02327	0.5	171.536	143.8	0	0.994369	-0.105974	0	2212	5838
ChainingRodShaped	5841	2.03147	0.5	-0.593023	-16.0981	0	0.887225	0.461336	0	None	None
ChainingRodShaped	5843	2.05067	0.5	-45.98	77.9533	0	0.999077	-0.0429572	0	None	None
ChainingRodShaped	5845	2.06537	0.5	-43.1349	25.329	0	0.300622	0.953743	0	None	None
ChainingRodShaped	5847	2.04292	0.5	12.7435	22.1002	0	-0.637686	0.770297	0	None	None
ChainingRodShaped	5849	2.04441	0.5	40.1342	14.2579	0	0.931736	0.363136	0	None	None
ChainingRodShaped	5851	2.03808	0.5	-1.01917	-1.51148	0	-0.480303	0.877102	0	None	None
ChainingRodShaped	5853	2.03621	0.5	-13.27	14.7084	0	0.825853	0.563885	0	None	None
ChainingRodShaped	5855	2.02354	0.5	-26.9087	74.1599	0	0.886496	0.462736	0	None	None
ChainingRodShaped	5857	2.02368	0.5	-5.33777	69.1419	0	0.880857	-0.473382	0	None	None
ChainingRodShaped	5859	2.03634	0.5	-24.6149	-0.687378	0	-0.354894	-0.934906	0	None	None
ChainingRodShaped	5861	2.05108	0.5	-11.9335	26.2608	0	0.991848	-0.12743	0	None	None
ChainingRodShaped	5863	2.03855	0.5	43.8514	64.5141	0	-0.314512	-0.949254	0	None	None
ChainingRodShaped	5865	2.03541	0.5	-15.3	69.6255	0	0.896827	-0.442382	0	None	None
ChainingRodShaped	5867	2.04742	0.5	4.77447	57.9313	0	0.815381	-0.578924	0	None	None
ChainingRodShaped	5869	2.04279	0.5	15.0803	-9.03289	0	0.898281	0.439422	0	None	None
ChainingRodShaped	5871	2.04228	0.5	-44.8319	37.1322	0	0.385676	0.922634	0	None	None
ChainingRodShaped	5873	2.01575	0.5	27.2477	-5.34037	0	0.87611	-0.482112	0	None	None
ChainingRodShaped	5875	2.02493	0.5	-59.4927	26.0692	0	-0.443035	0.896504	0	None	None
ChainingRodShaped	5877	2.02878	0.5	15.6991	74.2859	0	-0.706639	0.707575	0	None	None
ChainingRodShaped	5879	2.02814	0.5	21.4857	81.7246	0	-0.976479	0.215611	0	None	None
ChainingRodShaped	5881	2.01484	0.5	-34.5123	61.9245	0	-0.0255446	0.999674	0	None	None
ChainingRodShaped	5883	2.02716	0.5	25.7318	48.5905	0	-0.459809	0.888018	0	None	None
ChainingRodShaped	5885	2.01353	0.5	-38.4085	3.20176	0	0.512295	0.85881	0	None	None
ChainingRodShaped	5887	2.01088	0.5	-17.4128	22.6736	0	0.691207	-0.722657	0	None	None
ChainingRodShaped	5889	2.00707	0.5	-3.49928	-8.7824	0	0.545855	-0.83788	0	None	None
ChainingRodShaped	5891	2.00408	0.5	31.6883	32.7311	0	0.28141	0.959588	0	None	None
ChainingRodShaped	5893	2.00372	0.5	-9.55525	20.4572	0	0.999778	-0.0210901	0	None	None
ChainingRodShaped	5895	2.00178	0.5	34.7047	2.20551	0	-0.987844	-0.155451	0	None	None
ChainingRodShaped	5897	2.00301	0.5	-25.6013	16.7001	0	0.61638	0.787449	0	None	None
ChainingRodShaped	5899	2.00059	0.5	7.79589	13.8657	0	0.671532	0.740976	0	None	None
