cell_type	cell_id	length	radius	pos_x	pos_y	pos_z	ori_x	ori_y	ori_z	lower_link	upper_link
ChainingRodShaped	11657	2.16246	0.5	42.705	-46.3281	0	0.875205	0.483752	0	None	None
ChainingRodShaped	2187	3.73668	0.5	-46.7244	47.8848	0	0.973724	-0.227733	0	2188	None
ChainingRodShaped	2193	4.20406	0.5	-66.3595	53.2623	0	0.957643	-0.287959	0	2194	500
ChainingRodShaped	5043	4.95256	0.5	66.1702	-14.6523	0	0.428609	-0.90349	0	None	None
ChainingRodShaped	7457	4.5584	0.5	54.697	-40.0351	0	-0.135419	-0.990788	0	None	None
ChainingRodShaped	8153	3.86465	0.5	55.3165	-32.6514	0	-0.538248	-0.842786	0	None	None
ChainingRodShaped	8613	4.06129	0.5	40.1256	-15.3643	0	-0.267666	-0.963512	0	None	None
ChainingRodShaped	7769	4.83949	0.5	-57.821	-18.3004	0	-0.754431	0.65638	0	None	None
ChainingRodShaped	3865	4.89289	0.5	57.76	-39.7925	0	0.898571	0.438827	0	None	None
ChainingRodShaped	9335	3.25997	0.5	92.5714	34.1243	0	0.987662	0.156603	0	None	None
ChainingRodShaped	10723	2.57085	0.5	26.3289	-50.2807	0	0.0995111	-0.995036	0	None	None
ChainingRodShaped	9023	2.70708	0.5	-39.5442	-17.1497	0	0.747502	0.664259	0	None	None
ChainingRodShaped	11079	2.41691	0.5	11.6807	-43.6453	0	-0.982095	0.188387	0	None	None
ChainingRodShaped	11759	2.10709	0.5	49.9124	36.9087	0	-0.880537	-0.473977	0	None	None
ChainingRodShaped	6781	4.87232	0.5	45.6609	36.5348	0	-0.886199	-0.463304	0	None	None
ChainingRodShaped	8361	3.06077	0.5	83.5277	1.01385	0	-0.78707	-0.616864	0	None	None
ChainingRodShaped	7061	3.34692	0.5	-54.7021	-20.5445	0	-0.960829	-0.27714	0	None	None
ChainingRodShaped	7857	4.13964	0.5	42.6872	51.1593	0	-0.289508	-0.957176	0	None	None
ChainingRodShaped	9051	3.95176	0.5	34.503	-21.1784	0	-0.883022	-0.469332	0	None	None
ChainingRodShaped	6667	4.22453	0.5	54.7755	-45.1536	0	0.971423	0.237354	0	None	None
ChainingRodShaped	6705	4.43617	0.5	-8.7564	74.1763	0	0.561515	-0.827466	0	None	None
ChainingRodShaped	7347	3.7257	0.5	-63.2095	-12.9235	0	0.245766	-0.969329	0	None	None
ChainingRodShaped	8871	3.422	0.5	51.0201	-5.3616	0	-0.69206	-0.72184	0	None	None
ChainingRodShaped	7607	4.19241	0.5	83.133	14.6123	0	0.400826	-0.916154	0	None	None
ChainingRodShaped	9851	2.17187	0.5	-74.7749	55.7702	0	0.958923	-0.283668	0	9852	2194
ChainingRodShaped	7789	3.2228	0.5	42.569	-7.38784	0	-0.431951	-0.901897	0	None	None
ChainingRodShaped	11417	2.34003	0.5	67.5194	29.661	0	0.684214	-0.729282	0	None	None
ChainingRodShaped	7303	4.2893	0.5	88.8446	6.69335	0	-0.625825	-0.779963	0	None	None
ChainingRodShaped	499	4.71333	0.5	-55.8562	50.1851	0	0.964315	-0.264758	0	500	2188
ChainingRodShaped	6685	4.37867	0.5	11.5528	-53.146	0	0.927129	-0.374743	0	None	None
ChainingRodShaped	10733	2.30352	0.5	60.2668	47.9625	0	0.929625	0.368506	0	None	None
ChainingRodShaped	11999	2.02962	0.5	16.81	-15.6187	0	-0.988721	-0.149766	0	None	None
ChainingRodShaped	8109	4.01525	0.5	4.21189	-22.2418	0	0.690448	-0.723382	0	None	None
ChainingRodShaped	10279	2.6942	0.5	27.5772	-47.78	0	0.6721	-0.740461	0	None	None
ChainingRodShaped	10531	2.58377	0.5	32.9114	77.3782	0	0.825039	0.565075	0	None	None
ChainingRodShaped	11995	2.02529	0.5	1.58788	69.074	0	0.715383	-0.698732	0	None	None
ChainingRodShaped	9187	3.45725	0.5	41.2535	48.3968	0	-0.183834	-0.982957	0	None	None
ChainingRodShaped	8497	2.97783	0.5	-16.9341	-43.5016	0	-0.83694	-0.547294	0	None	None
ChainingRodShaped	9917	3.02286	0.5	58.8352	-4.02302	0	0.801337	0.598213	0	None	None
ChainingRodShaped	10897	2.5721	0.5	32.6643	69.2287	0	0.856391	0.516329	0	None	None
ChainingRodShaped	9197	2.84511	0.5	46.632	10.5586	0	-0.522737	-0.852494	0	None	None
ChainingRodShaped	8453	3.2505	0.5	-11.8877	4.13081	0	0.976626	0.214944	0	None	None
ChainingRodShaped	7087	4.80746	0.5	91.1723	-0.0820111	0	-0.166015	-0.986123	0	None	None
ChainingRodShaped	11065	2.26626	0.5	81.8815	20.1367	0	0.457349	-0.889287	0	None	None
ChainingRodShaped	7275	3.56269	0.5	-15.2088	47.0411	0	0.780052	-0.625715	0	None	None
ChainingRodShaped	9911	2.93559	0.5	-16.037	8.15988	0	0.535248	-0.844695	0	None	None
ChainingRodShaped	8151	4.5891	0.5	-61.4562	-14.9645	0	-0.343777	0.939051	0	None	None
ChainingRodShaped	6275	3.61583	0.5	18.2967	-16.6439	0	-0.997169	0.0751878	0	None	None
ChainingRodShaped	10815	2.50173	0.5	70.1701	39.8326	0	-0.674431	-0.738338	0	None	None
ChainingRodShaped	6477	3.95516	0.5	-6.90814	68.021	0	0.647757	-0.761847	0	None	None
ChainingRodShaped	10989	2.34545	0.5	49.0428	-43.4688	0	-0.0646644	-0.997907	0	None	None
ChainingRodShaped	8033	4.83308	0.5	6.96651	-17.7127	0	-0.999305	-0.0372713	0	None	None
ChainingRodShaped	9059	3.38116	0.5	54.9759	84.1914	0	0.0204119	-0.999792	0	None	None
ChainingRodShaped	3565	4.91621	0.5	-20.1796	-20.2001	0	0.919649	-0.392742	0	None	None
ChainingRodShaped	6701	3.94905	0.5	-38.8305	96.4727	0	-0.963263	-0.268559	0	None	None
ChainingRodShaped	10243	2.97083	0.5	-26.909	-46.0318	0	0.91168	-0.410901	0	None	None
ChainingRodShaped	6271	4.61176	0.5	-2.48815	-46.7766	0	0.0641901	0.997938	0	None	None
ChainingRodShaped	3957	4.76059	0.5	70.937	67.0768	0	0.841866	-0.539687	0	None	None
ChainingRodShaped	7687	3.258	0.5	-12.6898	62.5214	0	-0.94134	0.337461	0	None	None
ChainingRodShaped	9065	3.39668	0.5	2.59068	19.6694	0	0.936807	-0.349847	0	None	None
ChainingRodShaped	7873	3.85935	0.5	53.3094	-36.8733	0	-0.155748	-0.987797	0	None	None
ChainingRodShaped	11037	2.24387	0.5	29.1871	73.9184	0	0.829393	0.558666	0	None	None
ChainingRodShaped	6537	4.21752	0.5	-22.2753	1.31586	0	-0.518011	0.855374	0	None	None
ChainingRodShaped	8963	2.74985	0.5	-60.1592	74.2926	0	-0.251812	-0.967776	0	None	None
ChainingRodShaped	10045	2.61955	0.5	68.801	1.69298	0	-0.0259782	-0.999663	0	None	None
ChainingRodShaped	9557	3.31821	0.5	-36.3582	94.9912	0	-0.860591	0.509297	0	None	None
ChainingRodShaped	9483	3.13718	0.5	19.8152	10.2331	0	0.958738	-0.284291	0	None	None
ChainingRodShaped	5847	4.84644	0.5	44.071	51.3366	0	-0.30867	-0.951169	0	None	None
ChainingRodShaped	10881	2.62922	0.5	-3.25339	3.68226	0	0.999672	-0.025599	0	None	None
ChainingRodShaped	6317	4.27112	0.5	75.2045	67.3764	0	0.579959	0.814646	0	None	None
ChainingRodShaped	5451	4.23637	0.5	-0.41972	29.5938	0	-0.929841	-0.367962	0	None	None
ChainingRodShaped	8235	4.28802	0.5	-63.5881	-4.96323	0	-0.989937	0.141507	0	None	None
ChainingRodShaped	6919	3.9839	0.5	-7.67672	40.5477	0	0.939903	0.341442	0	None	None
ChainingRodShaped	10791	2.5503	0.5	-50.7614	2.90956	0	-0.886177	-0.463347	0	None	None
ChainingRodShaped	8433	4.26368	0.5	18.1907	-27.2676	0	-0.849995	0.526791	0	None	None
ChainingRodShaped	4807	4.22883	0.5	89.4688	4.3968	0	-0.635357	-0.772218	0	None	None
ChainingRodShaped	10853	2.45605	0.5	39.2295	45.424	0	0.00277888	-0.999996	0	None	None
ChainingRodShaped	6179	4.78844	0.5	21.6418	71.6319	0	0.973494	0.228713	0	None	None
ChainingRodShaped	7997	4.09303	0.5	-17.0646	11.4487	0	0.534543	-0.845141	0	None	None
ChainingRodShaped	5637	4.78359	0.5	81.4869	1.75003	0	-0.795127	-0.606443	0	None	None
ChainingRodShaped	10685	2.58593	0.5	69.6483	2.41124	0	-0.0359766	-0.999353	0	None	None
ChainingRodShaped	5835	3.83102	0.5	-52.7152	35.9012	0	0.912228	0.409683	0	None	None
ChainingRodShaped	11663	2.11574	0.5	18.6527	-11.0817	0	-0.352529	-0.935801	0	None	None
ChainingRodShaped	7481	3.54669	0.5	78.7292	75.5068	0	0.758746	-0.651387	0	None	None
ChainingRodShaped	8209	3.97941	0.5	23.0011	11.3831	0	0.594529	-0.804074	0	None	None
ChainingRodShaped	6587	3.99107	0.5	-22.1479	-4.62879	0	0.12561	-0.99208	0	None	None
ChainingRodShaped	9473	2.97861	0.5	10.1048	-36.4746	0	0.0832728	-0.996527	0	None	None
ChainingRodShaped	11117	2.34329	0.5	70.583	81.4793	0	0.980385	-0.197093	0	None	None
ChainingRodShaped	7739	4.60981	0.5	-63.1417	-2.2916	0	-0.967851	-0.251526	0	None	None
ChainingRodShaped	11629	2.17896	0.5	-30.3702	99.3009	0	0.825502	0.5644	0	None	None
ChainingRodShaped	9973	2.72163	0.5	-28.4543	-36.2532	0	0.845764	0.533557	0	None	None
ChainingRodShaped	7487	3.63857	0.5	-12.2669	52.3741	0	0.448425	-0.89382	0	None	None
ChainingRodShaped	8945	3.35285	0.5	50.7062	-24.4102	0	0.450926	0.892561	0	None	None
ChainingRodShaped	4621	4.61877	0.5	17.641	-24.996	0	-0.880714	0.473648	0	None	None
ChainingRodShaped	6141	4.8626	0.5	79.2893	-7.6056	0	-0.236124	-0.971723	0	None	None
ChainingRodShaped	9209	3.60837	0.5	14.221	-0.538454	0	0.795138	-0.606428	0	None	None
ChainingRodShaped	4579	4.61555	0.5	4.35469	3.30576	0	0.647876	-0.761746	0	None	None
ChainingRodShaped	5785	4.53527	0.5	20.6878	53.6452	0	0.875366	0.483461	0	None	None
ChainingRodShaped	11899	2.06303	0.5	51.6951	-1.50275	0	-0.844738	-0.535181	0	None	None
ChainingRodShaped	11077	2.44226	0.5	23.8317	14.1464	0	0.618477	-0.785803	0	None	None
ChainingRodShaped	9587	3.01575	0.5	46.1287	-43.7571	0	0.0312568	0.999511	0	None	None
ChainingRodShaped	8185	4.65867	0.5	5.37111	58.8404	0	-0.828077	-0.560614	0	None	None
ChainingRodShaped	9505	2.84652	0.5	19.6767	-18.3595	0	-0.991134	0.132865	0	None	None
ChainingRodShaped	11419	2.36436	0.5	-20.6709	18.5625	0	0.83075	-0.556645	0	None	None
ChainingRodShaped	7011	4.6705	0.5	9.60112	-9.14349	0	0.921541	-0.388281	0	None	None
ChainingRodShaped	9369	3.74193	0.5	-0.378983	77.6837	0	-0.161197	-0.986922	0	None	None
ChainingRodShaped	5285	4.27608	0.5	16.5407	-13.9898	0	-0.985523	-0.169541	0	None	None
ChainingRodShaped	8265	4.35163	0.5	8.60814	-7.17814	0	0.931316	-0.364211	0	None	None
ChainingRodShaped	11407	2.15503	0.5	83.2403	-5.75238	0	-0.730756	-0.682639	0	None	None
ChainingRodShaped	4265	4.76992	0.5	-16.8818	54.0255	0	0.85141	-0.524501	0	None	None
ChainingRodShaped	7947	3.74281	0.5	44.6482	50.9641	0	-0.317978	-0.948098	0	None	None
ChainingRodShaped	9577	3.14171	0.5	60.1175	-26.4495	0	0.0960805	-0.995374	0	None	None
ChainingRodShaped	10331	3.01265	0.5	17.0959	18.9911	0	0.695335	-0.718685	0	None	None
ChainingRodShaped	6241	4.179	0.5	38.2266	54.8099	0	0.0573329	-0.998355	0	None	None
ChainingRodShaped	10077	3.17517	0.5	51.5835	36.83	0	-0.876205	-0.481938	0	None	None
ChainingRodShaped	6851	4.22017	0.5	20.853	40.9557	0	-0.000472106	-1	0	None	None
ChainingRodShaped	5625	3.77555	0.5	37.4091	31.4669	0	0.996213	-0.0869442	0	None	None
ChainingRodShaped	9727	2.99444	0.5	-42.6415	9.94096	0	0.0780178	-0.996952	0	None	None
ChainingRodShaped	9435	3.02797	0.5	46.4898	8.6771	0	-0.589317	-0.807902	0	None	None
ChainingRodShaped	10729	2.39063	0.5	-33.4038	-15.2929	0	0.985979	-0.166871	0	None	None
ChainingRodShaped	10679	2.88543	0.5	1.66436	-38.6219	0	-0.902234	0.431247	0	None	None
ChainingRodShaped	10987	2.40903	0.5	64.7062	36.6321	0	-0.954943	-0.29679	0	None	None
ChainingRodShaped	9527	3.18657	0.5	15.0356	89.0462	0	0.00819451	0.999966	0	None	None
ChainingRodShaped	7075	4.68618	0.5	0.0870701	106.356	0	0.306017	0.952026	0	None	None
ChainingRodShaped	10985	2.6395	0.5	-10.5965	32.3357	0	-0.949952	-0.312397	0	None	None
ChainingRodShaped	8511	4.01021	0.5	-61.8938	32.4027	0	0.861232	0.508212	0	None	None
ChainingRodShaped	11091	2.26448	0.5	55.9362	32.19	0	0.846314	-0.532685	0	None	None
ChainingRodShaped	5595	4.11948	0.5	28.9036	86.6008	0	0.764833	0.644228	0	None	None
ChainingRodShaped	6845	4.10506	0.5	2.70399	-7.87902	0	-0.701488	0.712681	0	None	None
ChainingRodShaped	11495	2.28668	0.5	-46.2855	-3.42305	0	0.688017	-0.725695	0	None	None
ChainingRodShaped	8985	3.4657	0.5	54.3555	78.3556	0	0.0651752	-0.997874	0	None	None
ChainingRodShaped	7407	3.50647	0.5	34.428	75.291	0	0.839962	0.542645	0	None	None
ChainingRodShaped	11169	2.46113	0.5	21.9463	10.436	0	0.608172	-0.793805	0	None	None
ChainingRodShaped	6955	3.30675	0.5	-20.6607	88.8346	0	-0.0972773	0.995257	0	None	None
ChainingRodShaped	11149	2.50408	0.5	88.1747	4.32947	0	-0.633302	-0.773905	0	None	None
ChainingRodShaped	4751	4.32266	0.5	-25.357	97.3067	0	-0.107883	0.994164	0	None	None
ChainingRodShaped	11877	2.10813	0.5	-51.1088	76.3334	0	0.826334	0.56318	0	None	None
ChainingRodShaped	8769	4.11024	0.5	18.2865	-28.2781	0	-0.844696	0.535246	0	None	None
ChainingRodShaped	11487	2.23677	0.5	-31.6633	50.6229	0	-0.0867	0.996234	0	None	None
ChainingRodShaped	9695	2.5419	0.5	-41.3094	47.7318	0	0.745963	0.665987	0	None	None
ChainingRodShaped	9313	3.49648	0.5	-23.1423	-8.05078	0	0.287964	-0.957641	0	None	None
ChainingRodShaped	7023	4.74446	0.5	11.3729	-4.99504	0	0.945144	-0.326654	0	None	None
ChainingRodShaped	7355	4.61416	0.5	48.3836	59.0684	0	-0.0671298	-0.997744	0	None	None
ChainingRodShaped	10789	2.43736	0.5	-41.4129	23.2516	0	-0.859615	-0.510943	0	None	None
ChainingRodShaped	8131	3.08727	0.5	-14.0972	-21.3551	0	0.815661	0.578531	0	None	None
ChainingRodShaped	9405	2.66263	0.5	37.6831	46.3278	0	-0.0173302	-0.99985	0	None	None
ChainingRodShaped	6687	4.50168	0.5	-24.1293	93.2483	0	-0.788389	0.615176	0	None	None
ChainingRodShaped	10551	2.54075	0.5	53.7035	-19.9934	0	0.167497	0.985873	0	None	None
ChainingRodShaped	9513	2.90513	0.5	-49.8338	2.37586	0	-0.890767	-0.45446	0	None	None
ChainingRodShaped	11111	2.23083	0.5	6.09378	8.71848	0	0.993184	-0.116556	0	None	None
ChainingRodShaped	4833	4.52631	0.5	43.2922	50.9883	0	-0.298943	-0.954271	0	None	None
ChainingRodShaped	11613	2.16278	0.5	-4.3706	-25.2494	0	0.820009	-0.572351	0	None	None
ChainingRodShaped	9559	3.52853	0.5	13.7561	44.6608	0	0.751212	0.660061	0	None	None
ChainingRodShaped	9403	3.15632	0.5	-34.8692	35.4753	0	-0.725644	-0.688071	0	None	None
ChainingRodShaped	5725	3.83928	0.5	36.2766	-49.3376	0	0.902781	0.430101	0	None	None
ChainingRodShaped	10013	3.13836	0.5	12.6717	-28.2165	0	0.340585	-0.940214	0	None	None
ChainingRodShaped	6093	4.48792	0.5	0.383323	-18.8784	0	0.565177	-0.82497	0	None	None
ChainingRodShaped	4639	4.83709	0.5	-9.91365	-15.2809	0	-0.928505	0.37132	0	None	None
ChainingRodShaped	10257	2.85982	0.5	-33.8097	31.068	0	-0.753539	-0.657403	0	None	None
ChainingRodShaped	7181	4.90343	0.5	5.53628	97.411	0	0.534476	0.845184	0	None	None
ChainingRodShaped	10047	2.60311	0.5	-10.855	90.4626	0	0.198028	-0.980196	0	None	None
ChainingRodShaped	5983	4.56956	0.5	59.4837	75.3212	0	0.175172	0.984538	0	None	None
ChainingRodShaped	8031	4.77808	0.5	40.2371	32.7395	0	0.999134	-0.0416197	0	None	None
ChainingRodShaped	9247	3.0695	0.5	46.1016	44.2793	0	0.920675	0.39033	0	None	None
ChainingRodShaped	8939	3.99816	0.5	92.0272	40.942	0	0.530472	-0.847703	0	None	None
ChainingRodShaped	5503	4.62317	0.5	-27.7863	102.591	0	-0.0689163	0.997622	0	None	None
ChainingRodShaped	10475	2.87425	0.5	-33.3038	5.57964	0	-0.949537	-0.313655	0	None	None
ChainingRodShaped	11727	2.14531	0.5	3.03256	13.0123	0	0.997663	-0.0683216	0	None	None
ChainingRodShaped	7249	4.11365	0.5	71.3266	-11.6661	0	0.0986334	-0.995124	0	None	None
ChainingRodShaped	8165	3.78541	0.5	-47.5832	51.7716	0	-0.994038	0.109034	0	None	None
ChainingRodShaped	7415	4.00974	0.5	64.3049	-19.1717	0	0.408101	-0.912937	0	None	None
ChainingRodShaped	9147	3.57486	0.5	-17.9903	-43.0843	0	-0.831434	-0.555624	0	None	None
ChainingRodShaped	8977	4.02384	0.5	41.0928	-6.9414	0	-0.44981	-0.893124	0	None	None
ChainingRodShaped	7515	4.10656	0.5	23.0409	-18.3937	0	-0.874557	-0.484923	0	None	None
ChainingRodShaped	8023	4.50427	0.5	-70.587	16.8798	0	-0.569383	0.822072	0	None	None
ChainingRodShaped	5289	4.32433	0.5	59.6039	-9.23559	0	-0.289332	0.957229	0	None	None
ChainingRodShaped	9947	3.25506	0.5	16.4678	-14.7981	0	-0.987162	-0.159725	0	None	None
ChainingRodShaped	11265	2.22269	0.5	32.6552	101.59	0	-0.716976	-0.697098	0	None	None
ChainingRodShaped	5465	4.91148	0.5	13.3993	53.2733	0	0.981094	0.19353	0	None	None
ChainingRodShaped	9121	2.73078	0.5	-25.3498	-34.9433	0	0.993142	-0.11691	0	None	None
ChainingRodShaped	8779	2.99419	0.5	6.31978	-1.14491	0	0.464216	-0.885722	0	None	None
ChainingRodShaped	10891	2.56856	0.5	-36.677	89.8012	0	-0.846216	0.53284	0	None	None
ChainingRodShaped	7863	4.67613	0.5	78.222	1.6308	0	-0.503248	-0.864142	0	None	None
ChainingRodShaped	6633	4.47693	0.5	7.66921	-12.7175	0	-0.999303	-0.0373341	0	None	None
ChainingRodShaped	10933	2.60508	0.5	-5.85938	30.674	0	-0.692553	-0.721367	0	None	None
ChainingRodShaped	4935	4.49406	0.5	40.5411	48.5698	0	-0.193556	-0.981089	0	None	None
ChainingRodShaped	7935	4.73123	0.5	8.05921	58.8697	0	-0.816741	-0.577004	0	None	None
ChainingRodShaped	8599	4.03406	0.5	36.6795	88.8101	0	0.670023	0.74234	0	None	None
ChainingRodShaped	10101	3.05758	0.5	23.2158	13.7262	0	0.610508	-0.79201	0	None	None
ChainingRodShaped	11071	2.54114	0.5	16.8444	-25.4606	0	-0.875956	0.482391	0	None	None
ChainingRodShaped	10439	3.05559	0.5	24.719	111.149	0	0.786917	0.617059	0	None	None
ChainingRodShaped	7627	4.94376	0.5	-51.2512	75.0733	0	0.820662	0.571415	0	None	None
ChainingRodShaped	4053	4.92743	0.5	57.9759	5.2958	0	0.957173	-0.289516	0	None	None
ChainingRodShaped	5485	4.66631	0.5	13.8763	-26.625	0	0.346058	-0.938213	0	None	None
ChainingRodShaped	10125	3.25019	0.5	7.86968	-41.9223	0	-0.978493	0.206281	0	None	None
ChainingRodShaped	11743	2.18776	0.5	15.4233	64.2859	0	0.912192	-0.409762	0	None	None
ChainingRodShaped	10287	2.85482	0.5	-40.2759	39.9941	0	0.793289	0.608845	0	None	None
ChainingRodShaped	7645	4.99207	0.5	66.1493	55.899	0	0.93806	0.346474	0	None	None
ChainingRodShaped	9563	3.19935	0.5	12.7872	-8.13896	0	-0.835264	-0.54985	0	None	None
ChainingRodShaped	7257	3.57492	0.5	21.9464	90.9076	0	0.142504	-0.989794	0	None	None
ChainingRodShaped	7841	4.70306	0.5	-29.931	85.0676	0	0.95847	0.285195	0	None	None
ChainingRodShaped	10427	2.80499	0.5	71.821	-7.77185	0	0.108221	-0.994127	0	None	None
ChainingRodShaped	7953	4.35301	0.5	52.908	76.0697	0	0.1036	-0.994619	0	None	None
ChainingRodShaped	9241	3.12578	0.5	27.3343	54.0088	0	0.668662	0.743567	0	None	None
ChainingRodShaped	8679	3.58268	0.5	69.8782	-31.2514	0	-0.289091	-0.957302	0	None	None
ChainingRodShaped	6479	4.49198	0.5	-10.1386	91.1733	0	0.188174	-0.982136	0	None	None
ChainingRodShaped	8259	3.45094	0.5	-12.4839	63.2523	0	-0.937951	0.346769	0	None	None
ChainingRodShaped	6997	3.731	0.5	20.3426	-52.6712	0	0.997764	-0.0668423	0	None	None
ChainingRodShaped	7547	3.91333	0.5	32.546	76.105	0	0.830653	0.556791	0	None	None
ChainingRodShaped	7635	4.48524	0.5	-49.9266	21.0167	0	0.657099	-0.753804	0	None	None
ChainingRodShaped	10005	2.98784	0.5	-0.463868	-22.996	0	0.625203	-0.780462	0	None	None
ChainingRodShaped	9451	2.66309	0.5	25.6073	34.9239	0	0.043227	0.999065	0	None	None
ChainingRodShaped	6829	4.56602	0.5	-30.936	61.25	0	0.12667	0.991945	0	None	None
ChainingRodShaped	7135	4.70676	0.5	17.7495	82.2326	0	-0.996906	-0.0786076	0	None	None
ChainingRodShaped	5003	4.51759	0.5	4.86586	65.3685	0	0.609667	-0.792657	0	None	None
ChainingRodShaped	7661	3.41052	0.5	51.3455	-18.5227	0	0.202784	0.979223	0	None	None
ChainingRodShaped	10543	2.86831	0.5	-26.6607	100.328	0	-0.125112	0.992143	0	None	None
ChainingRodShaped	7897	4.92166	0.5	80.7819	8.33509	0	0.0433233	-0.999061	0	None	None
ChainingRodShaped	7745	4.66304	0.5	-42.7112	-7.5422	0	-0.789746	-0.613434	0	None	None
ChainingRodShaped	10145	2.58055	0.5	-44.3997	46.6762	0	0.949151	0.314821	0	None	None
ChainingRodShaped	5955	4.82834	0.5	81.0078	66.8298	0	0.310497	-0.950574	0	None	None
ChainingRodShaped	5989	4.36735	0.5	-53.8854	16.1796	0	0.647998	-0.761642	0	None	None
ChainingRodShaped	9289	3.47429	0.5	49.8684	-45.7018	0	0.0567571	0.998388	0	None	None
ChainingRodShaped	8325	3.05279	0.5	75.3512	49.494	0	-0.565591	-0.824686	0	None	None
ChainingRodShaped	11671	2.2032	0.5	79.1858	10.9367	0	0.575754	-0.817623	0	None	None
ChainingRodShaped	10767	2.74241	0.5	-18.8977	58.4524	0	-0.0652689	-0.997868	0	None	None
ChainingRodShaped	5579	4.21794	0.5	-52.2172	43.6816	0	0.926203	0.377025	0	None	None
ChainingRodShaped	6035	4.59064	0.5	-38.2164	76.0828	0	0.690981	0.722873	0	None	None
ChainingRodShaped	11183	2.55136	0.5	-28.7382	-28.4515	0	0.787465	-0.616359	0	None	None
ChainingRodShaped	8807	2.83487	0.5	-47.6518	59.8741	0	0.615313	0.788283	0	None	None
ChainingRodShaped	7273	4.91916	0.5	70.6761	80.4584	0	-0.981117	0.193416	0	None	None
ChainingRodShaped	9091	3.02102	0.5	27.7582	46.0248	0	0.652431	0.757848	0	None	None
ChainingRodShaped	11551	2.27241	0.5	50.8679	58.8468	0	-0.0486089	-0.998818	0	None	None
ChainingRodShaped	7071	4.73038	0.5	67.141	31.3087	0	0.680605	-0.732651	0	None	None
ChainingRodShaped	7231	3.81099	0.5	69.6051	-17.4109	0	-0.506361	0.862321	0	None	None
ChainingRodShaped	4649	4.74014	0.5	-34.1998	-40.8852	0	-0.208657	-0.977989	0	None	None
ChainingRodShaped	9711	3.46914	0.5	46.5803	34.7073	0	-0.957285	0.289147	0	None	None
ChainingRodShaped	10841	2.7085	0.5	38.2709	58.0021	0	0.533739	-0.845649	0	None	None
ChainingRodShaped	9895	2.88267	0.5	31.1616	90.0763	0	-0.100037	-0.994984	0	None	None
ChainingRodShaped	11247	2.40141	0.5	-50.2594	-11.409	0	-0.971276	0.237956	0	None	None
ChainingRodShaped	9743	3.42674	0.5	-21.6895	-12.1374	0	-0.351701	0.936112	0	None	None
ChainingRodShaped	6807	3.67083	0.5	38.2822	-34.4163	0	0.987565	0.157211	0	None	None
ChainingRodShaped	6739	4.97153	0.5	-44.835	-14.4992	0	-0.980563	0.196205	0	None	None
ChainingRodShaped	11835	2.09626	0.5	-30.9619	25.2895	0	0.105253	0.994446	0	None	None
ChainingRodShaped	7707	4.21911	0.5	-63.076	53.2737	0	-0.957524	0.288355	0	None	None
ChainingRodShaped	4433	4.48525	0.5	18.2975	1.03282	0	0.764537	-0.644579	0	None	None
ChainingRodShaped	10861	2.54901	0.5	11.5532	77.8127	0	-0.961216	-0.275798	0	None	None
ChainingRodShaped	5535	4.05454	0.5	33.0185	-5.6341	0	0.950328	-0.311251	0	None	None
ChainingRodShaped	11195	2.38782	0.5	-41.8982	90.9991	0	-0.632833	0.774288	0	None	None
ChainingRodShaped	500	4.51544	0.5	-61.237	51.7273	0	0.958187	-0.286141	0	2193	499
ChainingRodShaped	4599	4.75292	0.5	20.268	90.6082	0	0.150995	-0.988535	0	None	None
ChainingRodShaped	9429	2.62274	0.5	39.6494	52.1241	0	-0.173971	-0.984751	0	None	None
ChainingRodShaped	9449	3.67236	0.5	19.4702	51.2561	0	0.644704	0.764432	0	None	None
ChainingRodShaped	8447	3.48881	0.5	85.9981	34.1438	0	0.992294	0.123908	0	None	None
ChainingRodShaped	8463	4.30993	0.5	-37.1002	47.9032	0	0.740837	0.671685	0	None	None
ChainingRodShaped	8135	3.75394	0.5	-59.7901	-7.68001	0	-0.952639	0.304104	0	None	None
ChainingRodShaped	8295	4.34922	0.5	-4.32863	-51.7013	0	0.53615	0.844123	0	None	None
ChainingRodShaped	4701	4.86705	0.5	34.0821	74.0763	0	0.839976	0.542624	0	None	None
ChainingRodShaped	10091	2.9724	0.5	51.5352	-2.63904	0	-0.845754	-0.533573	0	None	None
ChainingRodShaped	10639	2.78656	0.5	84.5	39.8975	0	-0.901911	-0.431923	0	None	None
ChainingRodShaped	8847	2.80818	0.5	-67.1568	-6.54484	0	-0.491587	-0.870828	0	None	None
ChainingRodShaped	4877	4.48003	0.5	-0.104279	42.8895	0	0.854284	-0.519806	0	None	None
ChainingRodShaped	10337	3.0072	0.5	-38.5592	34.2832	0	-0.72576	-0.687948	0	None	None
ChainingRodShaped	5087	4.28292	0.5	-27.5156	19.8867	0	0.521786	0.853076	0	None	None
ChainingRodShaped	8659	4.17208	0.5	53.6894	76.677	0	0.0972364	-0.995261	0	None	None
ChainingRodShaped	8485	3.77835	0.5	51.7466	-30.3148	0	0.753273	0.657708	0	None	None
ChainingRodShaped	7039	4.96692	0.5	85.5065	31.7157	0	0.957246	0.289276	0	None	None
ChainingRodShaped	8615	3.46322	0.5	-2.46566	-18.9868	0	0.563529	-0.826096	0	None	None
ChainingRodShaped	9499	3.66059	0.5	-11.437	42.7048	0	0.93948	-0.342603	0	None	None
ChainingRodShaped	11231	2.19211	0.5	-7.46016	37.4849	0	0.951437	0.307842	0	None	None
ChainingRodShaped	5207	4.93621	0.5	15.9713	99.0674	0	0.562275	-0.826951	0	None	None
ChainingRodShaped	11533	2.13139	0.5	1.29066	6.11617	0	0.941813	-0.336137	0	None	None
ChainingRodShaped	7837	4.73803	0.5	36.9027	47.7148	0	-0.0272842	-0.999628	0	None	None
ChainingRodShaped	9771	2.92543	0.5	58.8276	-6.14612	0	0.813117	0.5821	0	None	None
ChainingRodShaped	10701	2.80497	0.5	31.5973	58.3759	0	0.829052	0.559171	0	None	None
ChainingRodShaped	11617	2.11342	0.5	-73.3021	26.386	0	-0.152591	0.988289	0	None	None
ChainingRodShaped	3833	4.91283	0.5	62.1385	-21.7512	0	-0.174299	0.984693	0	None	None
ChainingRodShaped	9365	3.23305	0.5	20.9724	-40.2016	0	0.414366	0.91011	0	None	None
ChainingRodShaped	5865	4.99559	0.5	54.1379	36.5841	0	-0.866391	-0.499366	0	None	None
ChainingRodShaped	8571	3.57986	0.5	10.5376	-53.7711	0	0.92718	-0.374616	0	None	None
ChainingRodShaped	11719	2.15587	0.5	-12.6373	51.3973	0	0.439532	-0.898227	0	None	None
ChainingRodShaped	9583	2.96385	0.5	29.6636	-26.8705	0	-0.995044	0.0994325	0	None	None
ChainingRodShaped	9243	3.39213	0.5	33.1365	32.9417	0	0.399572	-0.916702	0	None	None
ChainingRodShaped	8907	4.06149	0.5	-53.0374	4.21531	0	-0.606865	-0.794805	0	None	None
ChainingRodShaped	4889	4.45498	0.5	-12.4777	32.5571	0	-0.946772	-0.321904	0	None	None
ChainingRodShaped	10041	3.27198	0.5	19.6245	47.0857	0	0.668362	0.743836	0	None	None
ChainingRodShaped	10949	2.56968	0.5	21.2559	108.541	0	0.884603	-0.466344	0	None	None
ChainingRodShaped	12011	2.03176	0.5	30.9115	-9.90147	0	-0.506933	-0.861985	0	None	None
ChainingRodShaped	7835	3.47559	0.5	-17.7436	48.0485	0	0.814664	-0.579934	0	None	None
ChainingRodShaped	11461	2.30276	0.5	-34.5333	74.0986	0	0.637581	0.770383	0	None	None
ChainingRodShaped	5325	4.87259	0.5	-65.1535	1.19959	0	-0.983002	0.183595	0	None	None
ChainingRodShaped	8459	3.05957	0.5	-15.7365	-2.27699	0	-0.775223	0.631687	0	None	None
ChainingRodShaped	10155	2.98793	0.5	28.1507	-11.9148	0	0.275887	-0.96119	0	None	None
ChainingRodShaped	9971	2.73298	0.5	39.0141	66.7246	0	-0.361622	-0.932325	0	None	None
ChainingRodShaped	11913	2.08661	0.5	68.9941	34.431	0	-0.952781	-0.303659	0	None	None
ChainingRodShaped	7333	3.43541	0.5	-41.8026	92.3758	0	-0.630017	0.776581	0	None	None
ChainingRodShaped	8531	3.51696	0.5	0.20016	111.332	0	0.172304	0.985044	0	None	None
ChainingRodShaped	7869	4.8121	0.5	-20.9511	-27.4255	0	0.136509	-0.990639	0	None	None
ChainingRodShaped	6643	4.65694	0.5	20.1687	4.05618	0	-0.996672	-0.0815144	0	None	None
ChainingRodShaped	6949	3.92279	0.5	20.6245	-38.9476	0	0.423433	0.905928	0	None	None
ChainingRodShaped	9531	3.13252	0.5	37.4881	-18.5745	0	-0.881819	-0.471588	0	None	None
ChainingRodShaped	6113	4.36018	0.5	21.0781	90.8276	0	0.149163	-0.988813	0	None	None
ChainingRodShaped	5753	3.8406	0.5	2.7715	-29.0766	0	0.840556	-0.541724	0	None	None
ChainingRodShaped	7025	4.33877	0.5	-52.3825	10.9345	0	-0.894151	-0.447765	0	None	None
ChainingRodShaped	8219	2.96601	0.5	-29.5185	8.43499	0	0.973871	0.227101	0	None	None
ChainingRodShaped	10877	2.73097	0.5	3.05312	2.05962	0	0.860533	-0.509395	0	None	None
ChainingRodShaped	8455	2.9325	0.5	43.2815	-33.0308	0	0.750416	0.660966	0	None	None
ChainingRodShaped	4321	4.78272	0.5	3.30869	25.4356	0	0.0535797	-0.998564	0	None	None
ChainingRodShaped	11963	2.04775	0.5	-32.6456	24.5198	0	0.114443	0.99343	0	None	None
ChainingRodShaped	6543	4.2928	0.5	4.40396	93.007	0	0.907199	0.420701	0	None	None
ChainingRodShaped	7941	3.2495	0.5	69.1557	85.0184	0	0.958994	-0.283426	0	None	None
ChainingRodShaped	9361	2.75422	0.5	-45.7158	82.5151	0	0.323725	0.946151	0	None	None
ChainingRodShaped	6749	4.27807	0.5	-2.37881	60.2144	0	-0.996269	0.086298	0	None	None
ChainingRodShaped	10089	2.97811	0.5	16.3087	30.7304	0	0.232922	0.972495	0	None	None
ChainingRodShaped	6019	4.8847	0.5	71.1805	67.9541	0	0.844181	-0.536059	0	None	None
ChainingRodShaped	6455	4.30232	0.5	-12.9899	9.218	0	0.516234	-0.856448	0	None	None
ChainingRodShaped	10305	2.83035	0.5	31.4379	36.4801	0	0.413468	-0.910518	0	None	None
ChainingRodShaped	8961	3.71723	0.5	9.05351	-35.0761	0	0.150603	-0.988594	0	None	None
ChainingRodShaped	8009	4.61387	0.5	59.9443	-19.0873	0	-0.133281	0.991078	0	None	None
ChainingRodShaped	5905	3.81849	0.5	63.6598	47.266	0	-0.154374	-0.988012	0	None	None
ChainingRodShaped	4685	4.84522	0.5	-36.8732	10.9795	0	0.969493	0.24512	0	None	None
ChainingRodShaped	6889	4.4318	0.5	35.3752	16.2615	0	0.66493	0.746906	0	None	None
ChainingRodShaped	10383	2.78617	0.5	7.12478	-21.6469	0	0.67408	-0.738658	0	None	None
ChainingRodShaped	11589	2.22191	0.5	-25.4402	-41.0585	0	-0.850605	-0.525805	0	None	None
ChainingRodShaped	3843	4.89776	0.5	51.754	99.8182	0	0.999934	0.0115046	0	None	None
ChainingRodShaped	11113	2.56887	0.5	1.21657	89.3295	0	0.832785	0.553596	0	None	None
ChainingRodShaped	8139	3.20731	0.5	83.275	-2.55708	0	0.999697	0.0246011	0	None	None
ChainingRodShaped	10903	2.66863	0.5	-2.19678	18.4386	0	0.564339	-0.825543	0	None	None
ChainingRodShaped	9955	2.56725	0.5	-46.7437	68.3018	0	0.623878	0.781522	0	None	None
ChainingRodShaped	7291	4.02724	0.5	61.0683	18.9236	0	0.808064	-0.589095	0	None	None
ChainingRodShaped	11093	2.48701	0.5	30.2252	1.77856	0	-0.728326	-0.68523	0	None	None
ChainingRodShaped	5861	4.19236	0.5	-29.0057	83.4863	0	0.96398	0.265976	0	None	None
ChainingRodShaped	8895	3.65281	0.5	-7.44644	41.4199	0	0.939	0.343917	0	None	None
ChainingRodShaped	10119	3.11619	0.5	-65.7691	56.1056	0	0.951567	-0.307443	0	None	None
ChainingRodShaped	7677	3.99999	0.5	-16.7418	-4.23259	0	-0.755913	0.654673	0	None	None
ChainingRodShaped	10593	2.93141	0.5	-18.3771	-47.1464	0	-0.985902	0.167323	0	None	None
ChainingRodShaped	7929	3.12037	0.5	11.8168	2.82235	0	0.42553	-0.904944	0	None	None
ChainingRodShaped	10445	2.96277	0.5	-61.4234	-4.35404	0	-0.988471	0.151413	0	None	None
ChainingRodShaped	10379	2.51572	0.5	29.5326	-31.0233	0	0.992353	-0.123431	0	None	None
ChainingRodShaped	9471	2.70645	0.5	60.602	26.5995	0	0.774344	-0.632765	0	None	None
ChainingRodShaped	11139	2.21872	0.5	4.97234	63.8171	0	0.601837	-0.798619	0	None	None
ChainingRodShaped	10447	3.01036	0.5	27.7905	30.3203	0	0.0060993	0.999981	0	None	None
ChainingRodShaped	7433	3.15989	0.5	62.4154	52.6129	0	0.933258	0.359208	0	None	None
ChainingRodShaped	10253	3.02073	0.5	19.4781	3.26882	0	-0.997435	-0.071574	0	None	None
ChainingRodShaped	7849	4.51495	0.5	-61.7097	26.6365	0	-0.265569	-0.964092	0	None	None
ChainingRodShaped	10423	2.68528	0.5	5.9826	55.8394	0	0.988673	0.150086	0	None	None
ChainingRodShaped	11035	2.46908	0.5	20.6393	26.2545	0	0.074133	-0.997248	0	None	None
ChainingRodShaped	12035	2.01893	0.5	11.7317	60.449	0	-0.8491	-0.528233	0	None	None
ChainingRodShaped	8715	3.77152	0.5	4.35398	-31.0147	0	0.903299	-0.429012	0	None	None
ChainingRodShaped	8377	3.30805	0.5	-51.7271	27.8162	0	-0.934001	-0.35727	0	None	None
ChainingRodShaped	4005	4.76529	0.5	-4.4768	67.6458	0	0.6632	-0.748442	0	None	None
ChainingRodShaped	10613	2.8325	0.5	27.4453	46.8407	0	0.645969	0.763363	0	None	None
ChainingRodShaped	10625	2.42152	0.5	80.9769	63.8721	0	0.292823	-0.956167	0	None	None
ChainingRodShaped	10411	2.42282	0.5	46.1082	80.8724	0	0.472982	-0.881072	0	None	None
ChainingRodShaped	4531	4.65217	0.5	-31.7649	5.26919	0	-0.946322	-0.323226	0	None	None
ChainingRodShaped	9871	2.49691	0.5	39.5284	83.2893	0	0.985477	0.169811	0	None	None
ChainingRodShaped	6691	3.46679	0.5	-9.34859	14.6882	0	0.580972	-0.813923	0	None	None
ChainingRodShaped	7067	3.62081	0.5	-45.1376	32.8472	0	-0.745803	-0.666166	0	None	None
ChainingRodShaped	9105	3.13272	0.5	-28.6216	14.0725	0	0.977785	0.209611	0	None	None
ChainingRodShaped	5341	3.9893	0.5	52.0119	-19.5297	0	0.212542	0.977152	0	None	None
ChainingRodShaped	8817	2.78409	0.5	61.33	93.2389	0	0.721741	0.692163	0	None	None
ChainingRodShaped	11741	2.11151	0.5	49.5217	75.4783	0	0.0664422	-0.99779	0	None	None
ChainingRodShaped	7943	3.89751	0.5	39.4003	-15.0381	0	-0.261571	-0.965184	0	None	None
ChainingRodShaped	8803	3.83697	0.5	78.4256	77.0498	0	0.761529	-0.64813	0	None	None
ChainingRodShaped	8321	2.89445	0.5	-52.5154	32.1504	0	0.907095	0.420925	0	None	None
ChainingRodShaped	7679	4.90635	0.5	51.0122	29.4402	0	0.88884	-0.458218	0	None	None
ChainingRodShaped	9175	3.32855	0.5	-28.0207	71.2994	0	0.917845	0.396939	0	None	None
ChainingRodShaped	6755	4.27585	0.5	51.715	8.30619	0	0.975773	0.218784	0	None	None
ChainingRodShaped	10777	2.51382	0.5	-65.9567	48.7262	0	0.99547	0.0950795	0	None	None
ChainingRodShaped	8175	4.4918	0.5	76.8051	66.5984	0	0.569331	0.822109	0	None	None
ChainingRodShaped	7453	3.76935	0.5	73.9151	70.4519	0	0.834302	-0.551308	0	None	None
ChainingRodShaped	11365	2.28087	0.5	6.51414	42.8446	0	-0.842669	-0.538432	0	None	None
ChainingRodShaped	7975	3.86282	0.5	-62.9242	34.2708	0	0.329021	0.944323	0	None	None
ChainingRodShaped	10673	2.42911	0.5	26.3876	100.72	0	0.870229	0.492648	0	None	None
ChainingRodShaped	10631	2.69777	0.5	19.9551	83.8182	0	-0.863359	-0.504589	0	None	None
ChainingRodShaped	7617	3.41531	0.5	36.4886	-10.1549	0	-0.536147	-0.844124	0	None	None
ChainingRodShaped	8891	2.97726	0.5	38.6456	-2.07437	0	0.365538	-0.930796	0	None	None
ChainingRodShaped	5713	3.8222	0.5	38.2188	-45.2511	0	0.917216	0.398391	0	None	None
ChainingRodShaped	8253	3.33629	0.5	-64.7978	42.9097	0	0.900951	0.433921	0	None	None
ChainingRodShaped	6993	4.89959	0.5	70.8998	17.116	0	0.985463	0.169893	0	None	None
ChainingRodShaped	7109	4.21296	0.5	-19.0105	25.2477	0	0.811425	-0.584456	0	None	None
ChainingRodShaped	7053	4.92247	0.5	16.0682	13.7898	0	0.708354	-0.705857	0	None	None
ChainingRodShaped	9657	3.3493	0.5	6.67389	18.9577	0	0.983176	-0.182661	0	None	None
ChainingRodShaped	8123	4.66414	0.5	-22.2623	63.6127	0	-0.122711	-0.992442	0	None	None
ChainingRodShaped	4761	4.22737	0.5	21.0738	96.3423	0	0.388708	-0.921361	0	None	None
ChainingRodShaped	9389	2.72915	0.5	17.3926	38.4944	0	-0.0142193	0.999899	0	None	None
ChainingRodShaped	8791	2.95484	0.5	74.6903	21.9385	0	-0.87321	0.487344	0	None	None
ChainingRodShaped	9411	3.66436	0.5	-28.4843	-10.9041	0	-0.571009	0.820944	0	None	None
ChainingRodShaped	6915	3.78155	0.5	12.5492	-37.3142	0	0.0532447	-0.998581	0	None	None
ChainingRodShaped	11575	2.10424	0.5	-27.1203	106.745	0	0.981596	-0.190971	0	None	None
ChainingRodShaped	8577	2.89254	0.5	15.0779	-20.1519	0	-0.924508	0.381163	0	None	None
ChainingRodShaped	9183	3.46666	0.5	69.8114	-19.5102	0	-0.532369	0.846512	0	None	None
ChainingRodShaped	10597	2.69888	0.5	-12.1414	46.5223	0	0.867295	-0.497795	0	None	None
ChainingRodShaped	6201	4.01345	0.5	-9.048	95.1695	0	0.196955	-0.980412	0	None	None
ChainingRodShaped	6873	4.14362	0.5	27.8629	22.2441	0	0.0843079	0.99644	0	None	None
ChainingRodShaped	10633	2.69789	0.5	59.4788	44.975	0	0.939679	0.342059	0	None	None
ChainingRodShaped	7991	3.69803	0.5	-47.1276	-5.35499	0	0.609344	-0.792906	0	None	None
ChainingRodShaped	6403	3.96108	0.5	25.3865	2.61338	0	-0.758578	-0.651582	0	None	None
ChainingRodShaped	11281	2.34479	0.5	50.5307	-4.59782	0	-0.699501	-0.714632	0	None	None
ChainingRodShaped	8473	4.35117	0.5	14.5194	50.937	0	0.988036	0.154226	0	None	None
ChainingRodShaped	7057	4.9053	0.5	-31.2735	-15.853	0	0.139022	-0.990289	0	None	None
ChainingRodShaped	10079	3.16123	0.5	72.2836	38.2831	0	-0.65945	-0.751749	0	None	None
ChainingRodShaped	8227	4.00666	0.5	-8.98256	82.1785	0	0.947601	0.319457	0	None	None
ChainingRodShaped	7017	3.44295	0.5	-39.7677	72.9166	0	0.613113	0.789995	0	None	None
ChainingRodShaped	8773	3.18719	0.5	-9.20501	-44.4766	0	-0.339184	-0.94072	0	None	None
ChainingRodShaped	7891	3.08773	0.5	-8.63337	110.553	0	0.986352	0.164653	0	None	None
ChainingRodShaped	7191	3.66491	0.5	-12.5223	23.2163	0	0.762008	-0.647568	0	None	None
ChainingRodShaped	6069	4.69501	0.5	-38.9801	76.4996	0	0.687153	0.726513	0	None	None
ChainingRodShaped	11841	2.05037	0.5	87.6379	22.2911	0	-0.475399	0.87977	0	None	None
ChainingRodShaped	10129	3.02783	0.5	-35.2771	-5.17534	0	-0.798347	-0.602198	0	None	None
ChainingRodShaped	7961	4.67315	0.5	48.2981	85.8402	0	0.145135	-0.989412	0	None	None
ChainingRodShaped	11547	2.23236	0.5	-34.312	-9.71676	0	-0.99833	0.0577723	0	None	None
ChainingRodShaped	7855	3.64782	0.5	42.1457	34.013	0	0.999768	-0.0215431	0	None	None
ChainingRodShaped	8581	3.41169	0.5	51.9445	62.3298	0	-0.0387462	-0.999249	0	None	None
ChainingRodShaped	8723	3.7046	0.5	15.206	80.2872	0	-0.824583	-0.565741	0	None	None
ChainingRodShaped	9425	3.21901	0.5	36.7022	-23.8924	0	-0.881503	-0.472179	0	None	None
ChainingRodShaped	9017	3.32428	0.5	-38.3133	51.3994	0	0.759146	0.65092	0	None	None
ChainingRodShaped	6219	3.59901	0.5	57.3078	72.959	0	0.124812	0.99218	0	None	None
ChainingRodShaped	9633	3.41077	0.5	53.9308	96.0552	0	0.997356	0.0726745	0	None	None
ChainingRodShaped	7909	4.02199	0.5	-28.5899	43.08	0	-0.00954717	-0.999954	0	None	None
ChainingRodShaped	7331	3.37995	0.5	84.9143	-7.36438	0	-0.554532	-0.832163	0	None	None
ChainingRodShaped	11711	2.08342	0.5	-1.96724	29.8696	0	-0.929894	-0.367827	0	None	None
ChainingRodShaped	9381	3.11777	0.5	-47.357	42.8544	0	0.893455	0.449153	0	None	None
ChainingRodShaped	11625	2.11858	0.5	4.63496	-46.4935	0	0.714565	-0.699569	0	None	None
ChainingRodShaped	9525	2.56186	0.5	69.6719	-5.0045	0	-0.0712778	-0.997457	0	None	None
ChainingRodShaped	7759	3.87893	0.5	-67.0975	24.9035	0	-0.625954	0.77986	0	None	None
ChainingRodShaped	9857	3.35566	0.5	59.9839	48.7733	0	0.926146	0.377166	0	None	None
ChainingRodShaped	7159	4.92889	0.5	15.3976	-32.1152	0	0.162587	-0.986694	0	None	None
ChainingRodShaped	11559	2.12089	0.5	28.6746	-17.8239	0	-0.86096	-0.508673	0	None	None
ChainingRodShaped	7399	3.40169	0.5	16.5321	56.359	0	0.871884	0.489713	0	None	None
ChainingRodShaped	8841	3.32587	0.5	-52.7748	83.9173	0	-0.182756	-0.983158	0	None	None
ChainingRodShaped	5845	4.50814	0.5	-41.725	67.5637	0	0.605967	0.795489	0	None	None
ChainingRodShaped	11639	2.2328	0.5	22.0377	29.4887	0	0.0504371	-0.998727	0	None	None
ChainingRodShaped	7431	3.26546	0.5	19.0597	45.4039	0	0.660865	0.750505	0	None	None
ChainingRodShaped	8335	4.09131	0.5	76.2394	49.1802	0	-0.572168	-0.820136	0	None	None
ChainingRodShaped	8411	3.582	0.5	48.4906	-21.6918	0	0.500544	0.865711	0	None	None
ChainingRodShaped	8121	4.54913	0.5	21.1722	-43.5918	0	0.101622	0.994823	0	None	None
ChainingRodShaped	7449	4.02984	0.5	62.6816	-4.51895	0	0.0527579	0.998607	0	None	None
ChainingRodShaped	4937	4.6817	0.5	-28.2067	-20.9915	0	0.115957	-0.993254	0	None	None
ChainingRodShaped	4315	4.70852	0.5	-23.6339	-9.19461	0	0.296607	-0.955	0	None	None
ChainingRodShaped	7365	4.82965	0.5	39.909	85.0801	0	0.986549	0.163463	0	None	None
ChainingRodShaped	10513	2.43355	0.5	-14.4554	32.6979	0	-0.949955	-0.312386	0	None	None
ChainingRodShaped	9075	3.20665	0.5	73.3817	48.169	0	-0.539471	-0.842004	0	None	None
ChainingRodShaped	9925	3.1931	0.5	-40.1888	36.2798	0	-0.738475	-0.674281	0	None	None
ChainingRodShaped	3867	4.68304	0.5	-34.863	-3.80589	0	-0.802373	-0.596823	0	None	None
ChainingRodShaped	8491	4.36436	0.5	60.5482	60.0187	0	0.826563	0.562844	0	None	None
ChainingRodShaped	7733	3.98272	0.5	-24.0617	-29.7237	0	0.733433	0.679762	0	None	None
ChainingRodShaped	7123	4.3526	0.5	-41.6301	59.2533	0	-0.806007	-0.591906	0	None	None
ChainingRodShaped	8425	4.15021	0.5	-5.80138	-25.272	0	0.825612	-0.564239	0	None	None
ChainingRodShaped	6913	3.67453	0.5	-1.37914	88.7697	0	0.897541	0.44093	0	None	None
ChainingRodShaped	8493	2.81957	0.5	70.6637	-15.6455	0	-0.508516	0.861052	0	None	None
ChainingRodShaped	4963	4.53491	0.5	-19.5038	-33.8346	0	0.62217	0.782882	0	None	None
ChainingRodShaped	7523	3.46732	0.5	96.3944	35.2156	0	0.165708	-0.986175	0	None	None
ChainingRodShaped	6799	3.66441	0.5	15.6579	56.7426	0	0.868177	0.496255	0	None	None
ChainingRodShaped	9995	2.72885	0.5	73.0097	49.2076	0	-0.530995	-0.847375	0	None	None
ChainingRodShaped	10343	2.82484	0.5	-12.4639	-8.86795	0	-0.931698	-0.363234	0	None	None
ChainingRodShaped	11753	2.16527	0.5	6.82526	19.7562	0	0.981284	-0.192566	0	None	None
ChainingRodShaped	5575	4.98005	0.5	-34.9371	-14.1308	0	0.9953	-0.0968402	0	None	None
ChainingRodShaped	8111	4.12522	0.5	38.9908	52.7908	0	-0.164168	-0.986432	0	None	None
ChainingRodShaped	8019	4.09598	0.5	29.5717	65.3892	0	0.864054	0.503399	0	None	None
ChainingRodShaped	11433	2.16551	0.5	19.5433	11.1883	0	0.955823	-0.293943	0	None	None
ChainingRodShaped	10059	3.15143	0.5	14.5403	52.7955	0	0.98295	0.183873	0	None	None
ChainingRodShaped	5251	4.14236	0.5	21.9866	2.48807	0	-0.999748	0.0224329	0	None	None
ChainingRodShaped	8039	4.83071	0.5	-28.4788	-24.4563	0	0.259692	-0.965691	0	None	None
ChainingRodShaped	7359	3.5661	0.5	-25.4564	4.98064	0	-0.931457	-0.363853	0	None	None
ChainingRodShaped	6709	3.46625	0.5	4.80467	78.9589	0	-0.700832	-0.713326	0	None	None
ChainingRodShaped	8883	4.02511	0.5	-4.11133	-53.6826	0	0.409817	0.912168	0	None	None
ChainingRodShaped	9437	2.89902	0.5	47.6532	-36.0621	0	0.872577	0.488476	0	None	None
ChainingRodShaped	9753	3.03531	0.5	-10.8665	-41.3307	0	-0.0250481	-0.999686	0	None	None
ChainingRodShaped	5415	3.98117	0.5	59.2764	62.0776	0	0.812802	0.582539	0	None	None
ChainingRodShaped	7201	3.79515	0.5	-19.4389	72.7109	0	-0.995301	0.0968315	0	None	None
ChainingRodShaped	5633	4.30205	0.5	62.6163	29.2421	0	0.786805	-0.617202	0	None	None
ChainingRodShaped	11889	2.09125	0.5	-73.7143	31.6023	0	-0.0513728	0.99868	0	None	None
ChainingRodShaped	9443	2.69746	0.5	37.5353	-22.4543	0	-0.876715	-0.481011	0	None	None
ChainingRodShaped	9015	3.53309	0.5	29.3978	89.8348	0	-0.0801665	-0.996781	0	None	None
ChainingRodShaped	10961	2.29542	0.5	51.2599	-6.3052	0	-0.699164	-0.714961	0	None	None
ChainingRodShaped	8607	3.24059	0.5	19.9378	54.0521	0	0.88025	0.474511	0	None	None
ChainingRodShaped	8729	3.71671	0.5	-17.6432	-39.3064	0	-0.778135	-0.628098	0	None	None
ChainingRodShaped	4793	4.69952	0.5	-3.72347	-7.79899	0	-0.999891	-0.0147752	0	None	None
ChainingRodShaped	5871	4.45884	0.5	50.0865	0.431968	0	-0.984281	-0.176612	0	None	None
ChainingRodShaped	7139	3.85396	0.5	-23.1505	1.18575	0	-0.524738	0.851264	0	None	None
ChainingRodShaped	8125	3.31951	0.5	54.305	22.1388	0	0.868418	-0.495833	0	None	None
ChainingRodShaped	5033	4.59278	0.5	-19.6413	58.0005	0	-0.0554633	-0.998461	0	None	None
ChainingRodShaped	9447	3.56427	0.5	-55.0708	67.3929	0	0.818662	0.574275	0	None	None
ChainingRodShaped	9005	3.61025	0.5	-53.2863	12.8964	0	0.952165	-0.305584	0	None	None
ChainingRodShaped	12047	2.01278	0.5	-14.051	-13.1632	0	0.391603	-0.920134	0	None	None
ChainingRodShaped	6553	3.7396	0.5	-43.0738	52.9469	0	-0.979418	-0.201844	0	None	None
ChainingRodShaped	9037	3.97643	0.5	-23.3592	-38.6376	0	-0.853613	-0.520908	0	None	None
ChainingRodShaped	10623	2.49859	0.5	82.5925	-11.6023	0	0.420443	-0.907319	0	None	None
ChainingRodShaped	7005	4.36359	0.5	61.7982	-4.88697	0	0.0428176	0.999083	0	None	None
ChainingRodShaped	9745	2.5619	0.5	-24.0893	13.5844	0	0.460849	0.887479	0	None	None
ChainingRodShaped	7305	4.82322	0.5	41.8216	96.9571	0	0.97034	0.241746	0	None	None
ChainingRodShaped	7507	3.59067	0.5	55.1145	-44.0651	0	0.97174	0.236052	0	None	None
ChainingRodShaped	6977	4.16528	0.5	60.0923	73.6391	0	0.16531	0.986242	0	None	None
ChainingRodShaped	8521	3.90004	0.5	-1.95963	24.9584	0	0.598913	-0.800814	0	None	None
ChainingRodShaped	7491	3.14285	0.5	-3.87286	5.12174	0	0.998955	-0.0457121	0	None	None
ChainingRodShaped	8917	3.3669	0.5	-41.5965	84.9447	0	0.731745	0.681579	0	None	None
ChainingRodShaped	11475	2.1312	0.5	-33.0068	76.4808	0	0.841175	0.540763	0	None	None
ChainingRodShaped	6809	3.51276	0.5	-15.559	-0.557165	0	-0.775991	0.630744	0	None	None
ChainingRodShaped	8229	4.1751	0.5	-7.60202	16.2029	0	0.590078	-0.807346	0	None	None
ChainingRodShaped	8901	3.215	0.5	84.9749	67.0269	0	-0.315577	0.9489	0	None	None
ChainingRodShaped	8027	4.37274	0.5	-29.1154	14.7202	0	0.978467	0.206402	0	None	None
ChainingRodShaped	4867	4.63618	0.5	-35.8948	9.66521	0	0.96442	0.264375	0	None	None
ChainingRodShaped	11129	2.47767	0.5	8.00551	2.49317	0	0.365878	-0.930663	0	None	None
ChainingRodShaped	7825	3.24466	0.5	-11.5282	41.1725	0	0.946173	-0.323661	0	None	None
ChainingRodShaped	5175	4.22433	0.5	-31.8398	24.617	0	0.104449	0.99453	0	None	None
ChainingRodShaped	9993	2.6649	0.5	-47.8309	23.5635	0	-0.986769	0.162133	0	None	None
ChainingRodShaped	11901	2.10113	0.5	0.440044	51.3666	0	0.960692	0.277616	0	None	None
ChainingRodShaped	11009	2.40315	0.5	11.247	102.138	0	0.977388	0.211452	0	None	None
ChainingRodShaped	9003	3.09106	0.5	70.3131	64.1271	0	0.999972	0.00750786	0	None	None
ChainingRodShaped	6647	3.64476	0.5	-58.2901	70.1711	0	0.496091	0.86827	0	None	None
ChainingRodShaped	4591	4.62079	0.5	4.55665	25.8498	0	-0.0918939	-0.995769	0	None	None
ChainingRodShaped	9077	3.3226	0.5	34.271	46.4932	0	0.106391	-0.994324	0	None	None
ChainingRodShaped	11429	2.20579	0.5	51.4936	-45.5502	0	0.524078	-0.851671	0	None	None
ChainingRodShaped	11509	2.3308	0.5	63.6083	-28.7748	0	-0.423507	-0.905893	0	None	None
ChainingRodShaped	9123	3.78838	0.5	17.2442	62.3535	0	0.808338	0.588719	0	None	None
ChainingRodShaped	6263	4.52898	0.5	-12.6509	64.13	0	-0.934403	0.356218	0	None	None
ChainingRodShaped	7363	4.77605	0.5	29.4813	-52.8795	0	0.91568	0.401908	0	None	None
ChainingRodShaped	9431	2.93114	0.5	-28.3592	72.0552	0	0.91387	0.406006	0	None	None
ChainingRodShaped	9475	3.13574	0.5	5.44385	-15.2876	0	-0.999748	-0.0224286	0	None	None
ChainingRodShaped	9889	3.3173	0.5	52.2987	67.7212	0	-0.129019	-0.991642	0	None	None
ChainingRodShaped	8827	3.23133	0.5	-4.69645	37.789	0	0.849831	-0.527056	0	None	None
ChainingRodShaped	8465	3.4238	0.5	-20.1132	-16.1367	0	0.340769	-0.940147	0	None	None
ChainingRodShaped	6713	4.51529	0.5	28.9225	-22.2024	0	-0.902347	-0.43101	0	None	None
ChainingRodShaped	5773	4.72299	0.5	9.15132	-25.3947	0	0.630772	-0.775968	0	None	None
ChainingRodShaped	11813	2.15205	0.5	76.0478	60.3033	0	0.859574	-0.511011	0	None	None
ChainingRodShaped	10719	2.76531	0.5	39.5654	26.628	0	0.999945	0.0104681	0	None	None
ChainingRodShaped	11847	2.1369	0.5	26.596	55.5589	0	0.700022	0.714121	0	None	None
ChainingRodShaped	8641	3.97769	0.5	59.8728	85.0698	0	0.616065	0.787696	0	None	None
ChainingRodShaped	7923	3.00092	0.5	8.72104	64.1072	0	0.637042	-0.770829	0	None	None
ChainingRodShaped	7599	3.06546	0.5	-21.2777	21.9226	0	0.824385	-0.566029	0	None	None
ChainingRodShaped	6265	4.9848	0.5	32.0969	45.5308	0	0.135137	-0.990827	0	None	None
ChainingRodShaped	9519	2.90222	0.5	21.2693	29.3262	0	0.0407622	-0.999169	0	None	None
ChainingRodShaped	6109	3.60561	0.5	-40.5827	28.9299	0	-0.743518	-0.668716	0	None	None
ChainingRodShaped	10345	2.70951	0.5	33.1094	20.3281	0	0.974633	-0.22381	0	None	None
ChainingRodShaped	5623	3.97039	0.5	-31.0077	90.6487	0	-0.839481	0.543389	0	None	None
ChainingRodShaped	4901	4.76943	0.5	-13.2816	8.16854	0	0.509755	-0.86032	0	None	None
ChainingRodShaped	9539	2.72035	0.5	-20.5122	79.2826	0	0.991576	-0.129524	0	None	None
ChainingRodShaped	9399	2.95058	0.5	11.0427	86.2715	0	-0.523045	-0.852305	0	None	None
ChainingRodShaped	10621	2.45642	0.5	26.5732	-21.8213	0	-0.864641	-0.50239	0	None	None
ChainingRodShaped	5471	4.83055	0.5	17.9047	75.9211	0	0.972304	0.233719	0	None	None
ChainingRodShaped	11253	2.17471	0.5	-16.681	91.7914	0	0.339144	-0.940734	0	None	None
ChainingRodShaped	6825	4.71452	0.5	13.8159	30.1738	0	0.225456	0.974253	0	None	None
ChainingRodShaped	11539	2.17195	0.5	15.4807	105.203	0	0.85232	-0.52302	0	None	None
ChainingRodShaped	11787	2.14096	0.5	26.2923	34.4827	0	0.0334645	0.99944	0	None	None
ChainingRodShaped	9167	3.79748	0.5	-44.6848	76.772	0	0.635959	0.771723	0	None	None
ChainingRodShaped	6505	3.50489	0.5	0.97042	76.2259	0	-0.17171	-0.985147	0	None	None
ChainingRodShaped	8809	3.12134	0.5	35.7238	47.3211	0	0.126409	-0.991978	0	None	None
ChainingRodShaped	10027	2.78995	0.5	75.3887	12.5554	0	0.831961	-0.554834	0	None	None
ChainingRodShaped	5671	4.73802	0.5	65.9257	30.1262	0	0.6799	-0.733305	0	None	None
ChainingRodShaped	4515	4.37275	0.5	12.0567	86.306	0	-0.531468	-0.847079	0	None	None
ChainingRodShaped	9439	2.79752	0.5	-11.2208	41.8359	0	0.942868	-0.333165	0	None	None
ChainingRodShaped	7927	3.40874	0.5	-71.9484	20.1961	0	-0.687774	0.725925	0	None	None
ChainingRodShaped	9081	3.88367	0.5	55.8218	87.5019	0	0.0104104	-0.999946	0	None	None
ChainingRodShaped	7683	3.15085	0.5	23.0036	24.8796	0	-0.0583157	0.998298	0	None	None
ChainingRodShaped	8735	2.83754	0.5	83.7125	30.2082	0	0.954305	0.298833	0	None	None
ChainingRodShaped	10159	2.80874	0.5	20.6854	8.78558	0	0.972973	0.230921	0	None	None
ChainingRodShaped	7917	4.71312	0.5	36.3521	-37.9235	0	0.910179	0.414215	0	None	None
ChainingRodShaped	8371	4.4034	0.5	-19.3869	76.7105	0	0.993827	-0.11094	0	None	None
ChainingRodShaped	11045	2.38099	0.5	68.4809	66.5504	0	0.852088	-0.523399	0	None	None
ChainingRodShaped	8711	3.91258	0.5	63.9467	18.6347	0	0.796143	-0.605108	0	None	None
ChainingRodShaped	7853	3.25791	0.5	-48.0238	-0.541526	0	0.70956	-0.704645	0	None	None
ChainingRodShaped	6175	4.84536	0.5	59.844	61.5188	0	0.818584	0.574387	0	None	None
ChainingRodShaped	10377	2.50875	0.5	77.2979	43.8945	0	-0.809437	-0.587206	0	None	None
ChainingRodShaped	8561	2.97433	0.5	8.08992	114.072	0	0.896987	-0.442056	0	None	None
ChainingRodShaped	8343	4.45468	0.5	54.8037	-9.67087	0	0.836984	0.547227	0	None	None
ChainingRodShaped	7721	3.35002	0.5	-1.09271	-5.32477	0	-0.889093	0.457727	0	None	None
ChainingRodShaped	9185	3.58988	0.5	40.3461	84.3209	0	0.984956	0.172804	0	None	None
ChainingRodShaped	11997	2.02121	0.5	23.7956	25.7234	0	-0.0484044	0.998828	0	None	None
ChainingRodShaped	7561	4.07102	0.5	95.4666	30.9386	0	-0.203869	-0.978998	0	None	None
ChainingRodShaped	10879	2.53754	0.5	-31.8299	60.7727	0	0.132544	0.991177	0	None	None
ChainingRodShaped	9869	2.5739	0.5	-21.0887	75.2747	0	-0.995832	0.091206	0	None	None
ChainingRodShaped	6753	3.75243	0.5	-38.7167	32.9966	0	-0.719624	-0.694364	0	None	None
ChainingRodShaped	10721	2.68384	0.5	36.6378	19.9868	0	0.399029	0.916938	0	None	None
ChainingRodShaped	11371	2.18597	0.5	-1.06314	-0.0788372	0	-0.884864	0.46585	0	None	None
ChainingRodShaped	9999	2.82241	0.5	41.9852	-6.84663	0	-0.440788	-0.897611	0	None	None
ChainingRodShaped	9169	3.62814	0.5	46.91	23.8002	0	0.914601	-0.404358	0	None	None
ChainingRodShaped	12055	2.00601	0.5	37.7812	9.42473	0	-0.586339	-0.810066	0	None	None
ChainingRodShaped	6267	3.53261	0.5	28.3361	103.149	0	0.796532	0.604596	0	None	None
ChainingRodShaped	9269	2.68205	0.5	72.8182	24.6157	0	0.619137	0.785283	0	None	None
ChainingRodShaped	8563	4.33616	0.5	29.9883	-23.3665	0	-0.91073	-0.413002	0	None	None
ChainingRodShaped	6607	3.92973	0.5	-48.3429	36.4419	0	0.850605	0.525806	0	None	None
ChainingRodShaped	7269	3.58177	0.5	74.2648	37.9164	0	-0.648097	-0.761558	0	None	None
ChainingRodShaped	6391	3.62899	0.5	-67.1348	33.8221	0	-0.0390789	-0.999236	0	None	None
ChainingRodShaped	10373	2.57267	0.5	26.9441	-48.4768	0	0.671393	-0.741102	0	None	None
ChainingRodShaped	7327	3.84117	0.5	-18.9564	104.997	0	0.962563	0.271057	0	None	None
ChainingRodShaped	9009	3.48436	0.5	-21.59	-46.7374	0	-0.875784	-0.482703	0	None	None
ChainingRodShaped	8795	3.11824	0.5	20.3014	-2.66672	0	0.785843	-0.618426	0	None	None
ChainingRodShaped	5519	4.56254	0.5	40.3346	7.85867	0	-0.534827	-0.844962	0	None	None
ChainingRodShaped	6965	3.29195	0.5	-15.4239	30.3565	0	0.854256	-0.519852	0	None	None
ChainingRodShaped	11073	2.5663	0.5	-67.3214	20.6779	0	-0.625947	0.779865	0	None	None
ChainingRodShaped	9129	3.53003	0.5	-6.87141	45.7396	0	0.796956	-0.604038	0	None	None
ChainingRodShaped	7807	3.90722	0.5	-68.7972	2.57096	0	-0.999883	-0.0153286	0	None	None
ChainingRodShaped	11843	2.06562	0.5	41.9172	4.02348	0	-0.279192	-0.960235	0	None	None
ChainingRodShaped	4473	4.94758	0.5	44.3383	-29.8025	0	0.760573	0.649252	0	None	None
ChainingRodShaped	10039	2.77207	0.5	47.7144	76.1347	0	0.0464379	-0.998921	0	None	None
ChainingRodShaped	3935	4.8029	0.5	56.1913	82.6938	0	-0.493	-0.870029	0	None	None
ChainingRodShaped	7567	4.62489	0.5	-48.425	24.4081	0	-0.988333	0.152311	0	None	None
ChainingRodShaped	7459	3.99776	0.5	-21.4378	53.1466	0	-0.035514	-0.999369	0	None	None
ChainingRodShaped	7511	3.54017	0.5	-11.989	-9.4811	0	-0.929748	-0.368196	0	None	None
ChainingRodShaped	7887	3.05927	0.5	44.0287	-33.5408	0	0.750787	0.660545	0	None	None
ChainingRodShaped	5335	4.65687	0.5	58.5044	7.70389	0	0.948041	-0.318147	0	None	None
ChainingRodShaped	6257	4.72127	0.5	30.3934	91.2044	0	-0.090122	-0.995931	0	None	None
ChainingRodShaped	7085	4.04582	0.5	-7.85075	77.5156	0	-0.390217	-0.920723	0	None	None
ChainingRodShaped	11685	2.20513	0.5	2.72207	108.661	0	0.117683	0.993051	0	None	None
ChainingRodShaped	6931	3.47283	0.5	-11.8924	26.8387	0	0.771129	-0.636679	0	None	None
ChainingRodShaped	7065	4.48824	0.5	-47.8125	-3.14341	0	0.695238	-0.71878	0	None	None
ChainingRodShaped	8041	3.30543	0.5	8.54934	39.4038	0	-0.779605	0.626271	0	None	None
ChainingRodShaped	9965	3.18744	0.5	-9.54253	10.7952	0	0.568058	-0.822989	0	None	None
ChainingRodShaped	8339	3.85494	0.5	21.928	64.9911	0	0.374195	0.92735	0	None	None
ChainingRodShaped	6835	4.11138	0.5	-13.1529	-7.89348	0	0.859019	0.511943	0	None	None
ChainingRodShaped	7425	3.66492	0.5	32.5701	86.5458	0	0.587827	0.808986	0	None	None
ChainingRodShaped	10043	3.03928	0.5	-70.3837	44.8875	0	-0.952178	0.305544	0	None	None
ChainingRodShaped	4785	4.23398	0.5	-22.266	102.027	0	0.840297	-0.542126	0	None	None
ChainingRodShaped	10635	2.62339	0.5	-8.95233	19.0828	0	0.744681	-0.66742	0	None	None
ChainingRodShaped	4947	4.11862	0.5	17.4247	8.90752	0	0.970537	0.240954	0	None	None
ChainingRodShaped	7665	4.64795	0.5	-24.4236	57.6329	0	-0.0164463	-0.999865	0	None	None
ChainingRodShaped	9375	2.60987	0.5	-20.1132	27.313	0	0.999988	-0.00479734	0	None	None
ChainingRodShaped	6451	3.53291	0.5	-30.3112	-25.0182	0	0.787462	-0.616363	0	None	None
ChainingRodShaped	7095	4.05637	0.5	64.0721	86.7708	0	0.999735	-0.0230179	0	None	None
ChainingRodShaped	6653	4.2219	0.5	-5.28825	97.8164	0	-0.356329	-0.93436	0	None	None
ChainingRodShaped	11619	2.19332	0.5	-2.92723	-40.0972	0	0.235309	0.971921	0	None	None
ChainingRodShaped	8605	2.79894	0.5	-25.9588	34.8963	0	-0.986341	-0.164715	0	None	None
ChainingRodShaped	8505	3.40636	0.5	31.4678	-33.0253	0	0.993542	-0.113467	0	None	None
ChainingRodShaped	8525	3.26396	0.5	-53.9429	-16.255	0	0.855606	-0.517628	0	None	None
ChainingRodShaped	6823	4.4382	0.5	-59.9536	61.531	0	-0.529294	0.848439	0	None	None
ChainingRodShaped	11227	2.25678	0.5	-50.6792	4.4362	0	-0.620758	-0.784002	0	None	None
ChainingRodShaped	10289	2.74682	0.5	32.1595	36.6552	0	0.422572	-0.906329	0	None	None
ChainingRodShaped	9419	2.60273	0.5	-9.70749	63.9172	0	-0.965151	0.261693	0	None	None
ChainingRodShaped	10939	2.61524	0.5	2.76059	13.8331	0	0.998303	-0.0582293	0	None	None
ChainingRodShaped	6725	4.69174	0.5	18.2661	69.3084	0	0.882272	0.470739	0	None	None
ChainingRodShaped	6887	4.11829	0.5	20.1458	4.7806	0	-0.995799	-0.0915694	0	None	None
ChainingRodShaped	9793	2.61847	0.5	30.553	83.3246	0	0.815093	0.579331	0	None	None
ChainingRodShaped	8005	4.28399	0.5	39.8879	-33.2834	0	0.98846	0.15148	0	None	None
ChainingRodShaped	5165	4.66292	0.5	44.1276	28.8613	0	0.950696	-0.310126	0	None	None
ChainingRodShaped	5349	4.05125	0.5	35.5287	-14.203	0	-0.261648	-0.965163	0	None	None
ChainingRodShaped	6285	3.93787	0.5	47.3715	102.317	0	0.999474	0.0324247	0	None	None
ChainingRodShaped	8353	4.56001	0.5	10.9068	-36.6748	0	0.0732112	-0.997316	0	None	None
ChainingRodShaped	7899	3.62214	0.5	58.3914	77.3268	0	0.398962	0.916967	0	None	None
ChainingRodShaped	7077	4.67778	0.5	-6.84859	96.2631	0	-0.346964	-0.937878	0	None	None
ChainingRodShaped	9579	3.36772	0.5	68.8812	9.8361	0	0.986078	0.166283	0	None	None
ChainingRodShaped	9835	3.34873	0.5	38.5473	9.1142	0	-0.560222	-0.828342	0	None	None
ChainingRodShaped	10415	2.92142	0.5	82.492	65.3531	0	0.311875	-0.950123	0	None	None
ChainingRodShaped	11689	2.12173	0.5	-33.5623	-7.09273	0	-0.986861	0.161569	0	None	None
ChainingRodShaped	9663	3.4894	0.5	17.5361	-3.38752	0	0.801122	-0.598502	0	None	None
ChainingRodShaped	7861	4.44382	0.5	-71.923	21.5689	0	-0.688674	0.725072	0	None	None
ChainingRodShaped	6613	4.60429	0.5	56.4578	-32.5875	0	-0.529793	-0.848127	0	None	None
ChainingRodShaped	5051	4.56317	0.5	-21.7625	61.1676	0	-0.112737	-0.993625	0	None	None
ChainingRodShaped	9887	2.69779	0.5	-17.5426	38.4381	0	-0.959733	-0.280912	0	None	None
ChainingRodShaped	8331	4.49453	0.5	41.6207	-15.7552	0	-0.286768	-0.958	0	None	None
ChainingRodShaped	10821	2.80539	0.5	-28.1209	69.4398	0	0.913716	0.406354	0	None	None
ChainingRodShaped	6901	4.55257	0.5	-46.0752	-20.3262	0	0.829833	-0.558012	0	None	None
ChainingRodShaped	8379	4.01519	0.5	86.0964	53.9569	0	0.504869	-0.863196	0	None	None
ChainingRodShaped	5699	3.91417	0.5	65.6412	-11.0076	0	-0.330973	0.94364	0	None	None
ChainingRodShaped	9493	2.83002	0.5	-53.7502	-2.71265	0	0.873926	-0.486058	0	None	None
ChainingRodShaped	8677	3.51601	0.5	12.7194	2.5649	0	0.434414	-0.900714	0	None	None
ChainingRodShaped	7937	4.52525	0.5	66.2084	-1.41212	0	0.0270011	0.999635	0	None	None
ChainingRodShaped	9673	3.47011	0.5	30.6176	-14.9127	0	-0.594623	-0.804005	0	None	None
ChainingRodShaped	7767	3.96386	0.5	25.5969	110.595	0	0.791672	0.610947	0	None	None
ChainingRodShaped	7165	4.18679	0.5	90.9944	19.5801	0	-0.24423	-0.969717	0	None	None
ChainingRodShaped	11683	2.12231	0.5	-29.9673	7.55415	0	0.971532	0.236908	0	None	None
ChainingRodShaped	11271	2.36465	0.5	-65.9911	20.7745	0	-0.7279	0.685683	0	None	None
ChainingRodShaped	7189	4.63686	0.5	-0.600319	42.3525	0	0.854746	-0.519047	0	None	None
ChainingRodShaped	4783	4.9388	0.5	-35.9543	103.391	0	-0.726918	-0.686725	0	None	None
ChainingRodShaped	7577	4.21139	0.5	-58.6213	23.589	0	-0.173971	-0.984751	0	None	None
ChainingRodShaped	9825	2.59704	0.5	-68.0289	34.7253	0	-0.0332661	-0.999447	0	None	None
ChainingRodShaped	9245	3.23179	0.5	-10.1402	-29.4316	0	-0.704529	0.709675	0	None	None
ChainingRodShaped	11313	2.37639	0.5	7.84292	102.032	0	0.944889	0.32739	0	None	None
ChainingRodShaped	8819	2.93808	0.5	13.6366	-20.6788	0	-0.780353	0.625339	0	None	None
ChainingRodShaped	11331	2.33803	0.5	-18.08	-6.30477	0	-0.0757278	0.997129	0	None	None
ChainingRodShaped	7455	4.44403	0.5	61.8328	26.6519	0	-0.780589	0.625045	0	None	None
ChainingRodShaped	7657	4.32982	0.5	-1.19117	31.0432	0	-0.933216	-0.359317	0	None	None
ChainingRodShaped	6865	4.40135	0.5	-14.6484	103.43	0	0.989062	-0.147498	0	None	None
ChainingRodShaped	11541	2.28398	0.5	59.679	42.0491	0	-0.99872	-0.050571	0	None	None
ChainingRodShaped	7809	4.30802	0.5	-18.1114	8.56513	0	-0.506147	0.862447	0	None	None
ChainingRodShaped	7593	3.5177	0.5	28.1822	72.3635	0	0.850654	0.525726	0	None	None
ChainingRodShaped	5555	4.71226	0.5	13.2691	-6.97198	0	-0.829719	-0.558181	0	None	None
ChainingRodShaped	8373	4.00276	0.5	58.469	-5.35213	0	0.807276	0.590174	0	None	None
ChainingRodShaped	7443	4.3777	0.5	58.3707	26.364	0	0.871877	-0.489725	0	None	None
ChainingRodShaped	3979	4.93706	0.5	50.109	59.8403	0	-0.0586626	-0.998278	0	None	None
ChainingRodShaped	6329	4.4108	0.5	76.6477	-16.7362	0	0.942861	-0.333186	0	None	None
ChainingRodShaped	6785	4.35832	0.5	74.2277	-26.0615	0	-0.251976	-0.967734	0	None	None
ChainingRodShaped	4909	4.87741	0.5	10.6893	111.913	0	0.941807	0.336155	0	None	None
ChainingRodShaped	12001	2.02836	0.5	15.8613	88.5488	0	-0.00173867	0.999998	0	None	None
ChainingRodShaped	9441	2.60475	0.5	51.2024	72.1196	0	-0.177046	-0.984203	0	None	None
ChainingRodShaped	8141	3.65179	0.5	29.5357	-6.59525	0	0.149057	-0.988829	0	None	None
ChainingRodShaped	9901	3.18746	0.5	11.9245	-2.22775	0	0.452335	-0.891848	0	None	None
ChainingRodShaped	10363	3.05431	0.5	7.06888	64.9165	0	0.625433	-0.780278	0	None	None
ChainingRodShaped	11489	2.31212	0.5	27.5704	103.723	0	0.801856	0.597518	0	None	None
ChainingRodShaped	7705	3.40258	0.5	-72.3799	17.7726	0	-0.561724	0.827325	0	None	None
ChainingRodShaped	11773	2.16733	0.5	73.5074	-14.6233	0	0.112304	-0.993674	0	None	None
ChainingRodShaped	7797	4.93099	0.5	34.0308	-3.56039	0	0.794836	-0.606824	0	None	None
ChainingRodShaped	8481	3.88387	0.5	-23.9606	85.6886	0	-0.395682	0.918387	0	None	None
ChainingRodShaped	9345	3.23971	0.5	89.2256	48.1596	0	-0.508147	-0.86127	0	None	None
ChainingRodShaped	8825	3.69692	0.5	11.7476	-37.2654	0	0.0632012	-0.998001	0	None	None
ChainingRodShaped	10317	2.93771	0.5	40.186	35.6928	0	-0.933927	-0.357464	0	None	None
ChainingRodShaped	8813	4.04015	0.5	40.9279	-15.3847	0	-0.27727	-0.960792	0	None	None
ChainingRodShaped	10391	2.80847	0.5	32.1538	64.9662	0	0.8561	0.516811	0	None	None
ChainingRodShaped	9909	2.97647	0.5	62.6711	33.5768	0	0.655459	-0.755231	0	None	None
ChainingRodShaped	6983	4.22855	0.5	-58.9431	61.4976	0	-0.520752	0.853708	0	None	None
ChainingRodShaped	10759	2.70001	0.5	2.3039	-17.7854	0	0.572193	-0.820119	0	None	None
ChainingRodShaped	11133	2.41237	0.5	53.829	-39.5449	0	-0.142953	-0.989729	0	None	None
ChainingRodShaped	8697	3.39406	0.5	-0.357423	71.963	0	0.708286	-0.705925	0	None	None
ChainingRodShaped	11063	2.64076	0.5	76.7238	0.768679	0	-0.489695	-0.871894	0	None	None
ChainingRodShaped	6417	4.5457	0.5	-1.40489	31.7281	0	-0.934755	-0.355292	0	None	None
ChainingRodShaped	11975	2.05907	0.5	-39.7402	-27.2901	0	0.70716	0.707053	0	None	None
ChainingRodShaped	6621	4.31792	0.5	-68.519	37.3219	0	-0.330734	-0.943724	0	None	None
ChainingRodShaped	10751	2.28982	0.5	83.0951	17.1856	0	-0.373608	0.927587	0	None	None
ChainingRodShaped	10663	2.78059	0.5	-26.1973	-24.2236	0	-0.0424942	0.999097	0	None	None
ChainingRodShaped	10497	2.4324	0.5	32.7077	104.66	0	0.472385	-0.881392	0	None	None
ChainingRodShaped	10471	2.68134	0.5	39.3398	28.8336	0	0.999193	0.0401595	0	None	None
ChainingRodShaped	9317	3.1498	0.5	82.6281	53.0418	0	-0.484833	-0.874607	0	None	None
ChainingRodShaped	11257	2.27622	0.5	-53.3584	46.1396	0	0.928484	0.371373	0	None	None
ChainingRodShaped	6453	4.18878	0.5	38.7125	75.6197	0	0.271207	0.962521	0	None	None
ChainingRodShaped	11691	2.20341	0.5	50.4082	75.3104	0	0.0766163	-0.997061	0	None	None
ChainingRodShaped	10327	2.76741	0.5	44.8334	42.8509	0	0.913008	0.407942	0	None	None
ChainingRodShaped	6973	4.49378	0.5	51.1505	11.3985	0	-0.604491	-0.796612	0	None	None
ChainingRodShaped	8083	4.15423	0.5	-22.2651	-48.7264	0	0.982717	-0.185116	0	None	None
ChainingRodShaped	7699	4.23424	0.5	-24.6775	4.42735	0	-0.935034	-0.354558	0	None	None
ChainingRodShaped	5083	4.98809	0.5	-23.5748	9.33001	0	-0.765689	-0.643211	0	None	None
ChainingRodShaped	8523	3.92735	0.5	-53.0159	48.4993	0	0.970438	-0.24135	0	None	None
ChainingRodShaped	9453	2.82932	0.5	1.29865	65.1819	0	0.716232	-0.697863	0	None	None
ChainingRodShaped	6757	4.1523	0.5	56.0185	69.6614	0	0.13779	0.990461	0	None	None
ChainingRodShaped	8071	4.27737	0.5	25.8471	60.6397	0	0.514393	0.857555	0	None	None
ChainingRodShaped	11215	2.46168	0.5	-70.9678	31.132	0	-0.469836	0.882754	0	None	None
ChainingRodShaped	9621	3.12051	0.5	84.7974	24.8263	0	-0.997796	-0.066356	0	None	None
ChainingRodShaped	10801	2.27763	0.5	-8.70372	-40.988	0	-0.237108	-0.971483	0	None	None
ChainingRodShaped	7817	3.69867	0.5	-27.0413	88.3583	0	-0.391819	0.920042	0	None	None
ChainingRodShaped	9553	3.47422	0.5	-37.9342	-5.01855	0	-0.808323	-0.588739	0	None	None
ChainingRodShaped	3773	4.89042	0.5	68.4512	31.719	0	0.521157	-0.853461	0	None	None
ChainingRodShaped	10143	2.71753	0.5	-67.0161	-4.52207	0	-0.708304	-0.705908	0	None	None
ChainingRodShaped	10603	2.69744	0.5	-36.0923	45.4699	0	0.74975	0.661721	0	None	None
ChainingRodShaped	11017	2.65131	0.5	3.47298	79.9548	0	-0.714519	-0.699616	0	None	None
ChainingRodShaped	10371	2.55809	0.5	10.3498	-54.7411	0	0.926396	-0.37655	0	None	None
ChainingRodShaped	10361	2.8656	0.5	81.6643	8.3316	0	0.0357496	-0.999361	0	None	None
ChainingRodShaped	8565	3.07103	0.5	-45.2288	53.5739	0	-0.753064	-0.657947	0	None	None
ChainingRodShaped	9951	3.04669	0.5	12.7655	29.1021	0	0.227484	0.973782	0	None	None
ChainingRodShaped	10141	2.50192	0.5	-24.174	80.9038	0	0.990209	0.139592	0	None	None
ChainingRodShaped	9799	3.22454	0.5	-64.0039	42.2871	0	0.900669	0.434506	0	None	None
ChainingRodShaped	5859	4.69393	0.5	45.0327	-33.8305	0	0.756171	0.654374	0	None	None
ChainingRodShaped	6445	4.8862	0.5	-8.08642	-2.34644	0	0.865709	0.500547	0	None	None
ChainingRodShaped	11563	2.31009	0.5	82.5744	41.9094	0	-0.60446	-0.796636	0	None	None
ChainingRodShaped	4637	4.73466	0.5	-37.1937	62.3955	0	-0.819772	-0.57269	0	None	None
ChainingRodShaped	4483	4.69224	0.5	26.9634	47.4444	0	0.638391	0.769712	0	None	None
ChainingRodShaped	8201	3.3039	0.5	4.43672	-31.9415	0	0.907557	-0.41993	0	None	None
ChainingRodShaped	8703	2.97214	0.5	-49.8014	18.0865	0	0.628946	-0.777449	0	None	None
ChainingRodShaped	5971	3.75143	0.5	-6.88794	1.85646	0	-0.988579	-0.150701	0	None	None
ChainingRodShaped	7907	4.0987	0.5	-33.6748	45.2954	0	0.762676	0.64678	0	None	None
ChainingRodShaped	8441	3.59071	0.5	51.5043	53.3798	0	0.952718	0.303855	0	None	None
ChainingRodShaped	10713	2.44583	0.5	7.10495	-43.5609	0	0.976881	-0.213785	0	None	None
ChainingRodShaped	9141	3.81227	0.5	-15.0353	66.7203	0	-0.940927	0.33861	0	None	None
ChainingRodShaped	7669	4.05443	0.5	-53.0732	32.874	0	0.907827	0.419346	0	None	None
ChainingRodShaped	6719	3.45239	0.5	-10.6347	107.342	0	0.985549	0.169393	0	None	None
ChainingRodShaped	6321	4.81144	0.5	45.7132	98.5143	0	0.999447	0.0332651	0	None	None
ChainingRodShaped	9271	2.79896	0.5	-36.4459	12.7036	0	0.975445	0.220245	0	None	None
ChainingRodShaped	9191	3.26527	0.5	-41.9545	-24.3679	0	-0.725435	-0.68829	0	None	None
ChainingRodShaped	7241	4.4187	0.5	62.8603	-33.2907	0	0.475946	-0.879474	0	None	None
ChainingRodShaped	8205	3.32952	0.5	-25.1626	58.7266	0	-0.00641504	-0.999979	0	None	None
ChainingRodShaped	9567	2.88641	0.5	82.037	-15.6825	0	0.863236	-0.504801	0	None	None
ChainingRodShaped	7285	3.50205	0.5	-23.2228	-13.974	0	0.590877	-0.806762	0	None	None
ChainingRodShaped	11321	2.41197	0.5	-49.1135	6.93555	0	0.704062	-0.710138	0	None	None
ChainingRodShaped	10179	2.70775	0.5	-1.15004	63.2581	0	0.995582	-0.0938917	0	None	None
ChainingRodShaped	9089	3.61815	0.5	8.26233	46.7282	0	0.970565	0.240838	0	None	None
ChainingRodShaped	4441	4.39549	0.5	45.7241	-8.12703	0	-0.379432	-0.92522	0	None	None
ChainingRodShaped	9659	2.92664	0.5	93.3555	31.786	0	0.210682	-0.977555	0	None	None
ChainingRodShaped	8737	4.07613	0.5	40.4216	38.1626	0	0.937466	0.348077	0	None	None
ChainingRodShaped	4989	4.06677	0.5	45.107	-23.1834	0	0.656261	0.754534	0	None	None
ChainingRodShaped	10067	2.80051	0.5	-27.1626	2.59976	0	-0.938543	-0.345163	0	None	None
ChainingRodShaped	11127	2.60704	0.5	36.7338	-25.0552	0	-0.958102	-0.286428	0	None	None
ChainingRodShaped	8823	3.8188	0.5	22.5465	10.806	0	0.600377	-0.799717	0	None	None
ChainingRodShaped	5317	4.13539	0.5	24.9719	-54.0121	0	0.938059	-0.346476	0	None	None
ChainingRodShaped	8727	4.0393	0.5	-34.3204	40.3814	0	-0.747781	-0.663945	0	None	None
ChainingRodShaped	9609	3.26723	0.5	86.015	-7.48184	0	-0.553026	-0.833164	0	None	None
ChainingRodShaped	6105	4.75616	0.5	-27.6845	-31.9979	0	0.998049	-0.0624331	0	None	None
ChainingRodShaped	10569	2.78887	0.5	28.8179	84.2638	0	0.815055	0.579383	0	None	None
ChainingRodShaped	9021	2.9412	0.5	12.0365	-28.9502	0	0.350002	-0.936749	0	None	None
ChainingRodShaped	7629	3.32196	0.5	39.196	74.4616	0	0.261572	0.965184	0	None	None
ChainingRodShaped	10761	2.72641	0.5	6.25226	16.6907	0	0.988174	-0.15334	0	None	None
ChainingRodShaped	10627	2.91483	0.5	-24.7343	29.6303	0	0.999999	-0.00108791	0	None	None
ChainingRodShaped	11677	2.1171	0.5	6.6971	-13.5703	0	-0.999562	-0.0295929	0	None	None
ChainingRodShaped	10153	2.99111	0.5	-74.7729	37.7645	0	-0.719642	0.694345	0	None	None
ChainingRodShaped	9963	2.77008	0.5	-41.6363	46.229	0	0.752069	0.659085	0	None	None
ChainingRodShaped	9033	3.92671	0.5	15.4864	74.4661	0	0.973853	0.227179	0	None	None
ChainingRodShaped	9977	2.52944	0.5	42.469	68.9624	0	-0.421318	-0.906913	0	None	None
ChainingRodShaped	11821	2.14942	0.5	6.75001	20.5876	0	0.979278	-0.202522	0	None	None
ChainingRodShaped	8271	4.2579	0.5	70.6058	34.0347	0	-0.952256	-0.3053	0	None	None
ChainingRodShaped	10103	2.57441	0.5	-31.2398	9.60599	0	0.978251	0.207424	0	None	None
ChainingRodShaped	8037	4.44363	0.5	-49.2352	83.8002	0	-0.980145	-0.198283	0	None	None
ChainingRodShaped	4789	4.43578	0.5	-22.158	-32.6166	0	0.990397	-0.138249	0	None	None
ChainingRodShaped	9297	3.4919	0.5	7.85533	48.9536	0	0.986421	0.164237	0	None	None
ChainingRodShaped	9409	2.80732	0.5	-28.6969	36.9242	0	-0.935439	-0.353489	0	None	None
ChainingRodShaped	7983	4.77947	0.5	-34.3246	25.6425	0	0.570581	0.821241	0	None	None
ChainingRodShaped	5221	4.96107	0.5	-10.3602	-7.16345	0	-0.895481	-0.4451	0	None	None
ChainingRodShaped	8683	3.28506	0.5	20.3867	-47.9892	0	0.957862	0.287229	0	None	None
ChainingRodShaped	10051	3.1695	0.5	21.5423	77.6012	0	0.978674	0.205421	0	None	None
ChainingRodShaped	8337	3.667	0.5	2.82006	-34.0481	0	-0.92389	0.382659	0	None	None
ChainingRodShaped	10397	2.75716	0.5	43.8103	-36.1367	0	0.882214	0.470848	0	None	None
ChainingRodShaped	8583	3.79783	0.5	-1.06744	-45.0069	0	-0.436517	0.899696	0	None	None
ChainingRodShaped	8063	3.58779	0.5	-21.6633	-28.5011	0	0.136471	-0.990644	0	None	None
ChainingRodShaped	8395	3.78402	0.5	66.7732	-23.3238	0	-0.566019	0.824392	0	None	None
ChainingRodShaped	4597	4.34435	0.5	49.2154	59.1381	0	-0.0681908	-0.997672	0	None	None
ChainingRodShaped	9959	2.83269	0.5	26.1657	2.31072	0	-0.752979	-0.658045	0	None	None
ChainingRodShaped	9155	3.04938	0.5	-12.2677	-23.8586	0	0.888772	0.458349	0	None	None
ChainingRodShaped	6273	4.99611	0.5	79.8507	-10.4336	0	0.906085	0.423095	0	None	None
ChainingRodShaped	9219	3.32735	0.5	-26.8028	81.2911	0	0.967311	0.253594	0	None	None
ChainingRodShaped	8281	3.07279	0.5	65.9079	15.8223	0	0.953761	0.300565	0	None	None
ChainingRodShaped	10649	2.54283	0.5	-25.1081	25.8891	0	0.99999	-0.00455925	0	None	None
ChainingRodShaped	8829	3.01836	0.5	10.5107	36.0679	0	0.049121	-0.998793	0	None	None
ChainingRodShaped	11267	2.20245	0.5	-49.627	-7.86785	0	-0.96512	0.261809	0	None	None
ChainingRodShaped	9785	3.39383	0.5	-41.8362	94.0382	0	-0.709859	0.704344	0	None	None
ChainingRodShaped	11219	2.53016	0.5	56.0753	98.0173	0	0.985447	-0.169982	0	None	None
ChainingRodShaped	4625	4.49928	0.5	-61.0691	53.6636	0	-0.959261	0.282523	0	None	None
ChainingRodShaped	8097	3.30447	0.5	-55.3158	69.4554	0	0.925977	0.37758	0	None	None
ChainingRodShaped	4595	4.90644	0.5	-17.7095	86.5873	0	0.179623	-0.983736	0	None	None
ChainingRodShaped	11581	2.17485	0.5	3.83691	79.1496	0	-0.707489	-0.706724	0	None	None
ChainingRodShaped	10849	2.41678	0.5	44.0418	-0.496542	0	-0.239007	-0.971018	0	None	None
ChainingRodShaped	6611	4.25606	0.5	3.68762	56.6825	0	0.999953	0.00965247	0	None	None
ChainingRodShaped	5497	4.94713	0.5	40.4009	36.5609	0	-0.930334	-0.366714	0	None	None
ChainingRodShaped	11493	2.23265	0.5	-21.2566	-8.51575	0	-0.351672	0.936123	0	None	None
ChainingRodShaped	10319	2.42367	0.5	-47.4244	53.8211	0	-0.282632	-0.959229	0	None	None
ChainingRodShaped	10505	2.72106	0.5	-37.5852	15.1655	0	0.995962	0.0897765	0	None	None
ChainingRodShaped	11327	2.201	0.5	53.0077	95.0312	0	0.997735	0.0672679	0	None	None
ChainingRodShaped	7985	3.76323	0.5	7.79641	-42.7927	0	0.978634	-0.205612	0	None	None
ChainingRodShaped	7451	4.86222	0.5	-60.2133	49.4946	0	0.962867	-0.269978	0	None	None
ChainingRodShaped	8299	3.19706	0.5	-30.6212	52.4674	0	-0.150964	-0.988539	0	None	None
ChainingRodShaped	10693	2.66685	0.5	47.7095	-37.0671	0	0.869597	0.493761	0	None	None
ChainingRodShaped	7367	3.3462	0.5	-44.1893	86.7996	0	0.83902	0.544101	0	None	None
ChainingRodShaped	6957	3.96017	0.5	91.6613	48.4681	0	0.460788	0.88751	0	None	None
ChainingRodShaped	10941	2.37901	0.5	40.7845	5.69506	0	-0.52085	-0.853648	0	None	None
ChainingRodShaped	11525	2.15336	0.5	-50.0152	22.3223	0	0.664689	-0.747121	0	None	None
ChainingRodShaped	7801	3.39039	0.5	21.6143	35.9328	0	0.064279	-0.997932	0	None	None
ChainingRodShaped	7501	3.4083	0.5	-5.39897	-9.2317	0	-0.85059	0.525829	0	None	None
ChainingRodShaped	10977	2.2731	0.5	8.21894	45.9129	0	0.968138	0.250418	0	None	None
ChainingRodShaped	10225	2.85073	0.5	49.1557	1.07375	0	-0.982458	-0.186484	0	None	None
ChainingRodShaped	8421	3.50176	0.5	-14.5376	14.6795	0	0.637829	-0.770178	0	None	None
ChainingRodShaped	11137	2.49693	0.5	-16.1301	17.6634	0	0.711835	-0.702347	0	None	None
ChainingRodShaped	8391	4.1835	0.5	36.1689	1.35999	0	0.783563	-0.621312	0	None	None
ChainingRodShaped	8351	3.45367	0.5	30.9845	62.3487	0	0.856016	0.51695	0	None	None
ChainingRodShaped	4857	4.79484	0.5	36.0123	40.0727	0	-0.934567	0.355788	0	None	None
ChainingRodShaped	9879	2.51004	0.5	-24.3997	-43.8255	0	-0.847823	-0.53028	0	None	None
ChainingRodShaped	7843	3.74601	0.5	5.1861	84.6856	0	-0.562268	-0.826955	0	None	None
ChainingRodShaped	5599	4.61389	0.5	11.2644	25.6719	0	0.949006	0.315259	0	None	None
ChainingRodShaped	8837	3.71431	0.5	51.5993	42.4825	0	0.882269	0.470746	0	None	None
ChainingRodShaped	6987	4.50355	0.5	-45.4577	68.5004	0	0.61678	0.787135	0	None	None
ChainingRodShaped	4815	4.33521	0.5	26.8117	-9.05542	0	0.107069	-0.994252	0	None	None
ChainingRodShaped	8249	4.18834	0.5	7.21797	-12.0162	0	-0.999624	-0.0274024	0	None	None
ChainingRodShaped	7641	4.19376	0.5	62.8616	47.2322	0	-0.15127	-0.988493	0	None	None
ChainingRodShaped	4723	4.28032	0.5	33.4157	55.343	0	0.131953	-0.991256	0	None	None
ChainingRodShaped	8051	3.77977	0.5	36.4903	60.7418	0	0.167524	-0.985868	0	None	None
ChainingRodShaped	8403	3.22024	0.5	-35.016	9.10154	0	0.963963	0.266035	0	None	None
ChainingRodShaped	7049	3.70574	0.5	-28.8067	68.2276	0	0.909603	0.415478	0	None	None
ChainingRodShaped	8899	2.80406	0.5	-14.1188	-31.2689	0	0.54699	0.837139	0	None	None
ChainingRodShaped	11353	2.29386	0.5	-1.9422	78.2152	0	-0.163547	-0.986536	0	None	None
ChainingRodShaped	7259	4.85977	0.5	75.5509	4.98782	0	0.032702	-0.999465	0	None	None
ChainingRodShaped	5209	4.5823	0.5	41.8835	34.6759	0	-0.999933	0.0115548	0	None	None
ChainingRodShaped	8943	3.49786	0.5	-21.7443	2.06189	0	-0.521407	0.853308	0	None	None
ChainingRodShaped	11623	2.20538	0.5	46.1849	-33.9397	0	-0.762647	-0.646815	0	None	None
ChainingRodShaped	8953	3.2692	0.5	8.40717	35.9394	0	0.802799	-0.59625	0	None	None
ChainingRodShaped	3929	4.68059	0.5	-41.9333	68.7273	0	0.604506	0.7966	0	None	None
ChainingRodShaped	5049	4.98042	0.5	45.8785	99.4271	0	0.999399	0.0346732	0	None	None
ChainingRodShaped	9575	2.91311	0.5	-38.6651	-13.0757	0	0.780894	0.624664	0	None	None
ChainingRodShaped	6789	4.60996	0.5	-22.3659	40.137	0	0.939628	-0.342198	0	None	None
ChainingRodShaped	4641	4.30967	0.5	12.5153	9.938	0	0.288872	-0.957368	0	None	None
ChainingRodShaped	6353	3.716	0.5	55.6137	-5.1581	0	0.85677	0.515699	0	None	None
ChainingRodShaped	8127	4.57961	0.5	59.906	5.52415	0	0.954238	-0.299049	0	None	None
ChainingRodShaped	9877	3.00625	0.5	36.2736	73.4738	0	0.833372	0.552712	0	None	None
ChainingRodShaped	8665	4.09852	0.5	-48.1311	69.4217	0	0.631679	0.77523	0	None	None
ChainingRodShaped	10539	2.54714	0.5	-31.6752	34.8877	0	-0.892232	-0.451577	0	None	None
ChainingRodShaped	4311	4.86393	0.5	40.9483	7.54171	0	-0.526447	-0.850208	0	None	None
ChainingRodShaped	8861	2.83038	0.5	61.5095	71.416	0	0.180803	0.983519	0	None	None
ChainingRodShaped	7525	3.63717	0.5	23.542	-18.9951	0	-0.87054	-0.492097	0	None	None
ChainingRodShaped	11955	2.02649	0.5	13.7551	54.0882	0	0.982944	0.183905	0	None	None
ChainingRodShaped	9537	3.04026	0.5	53.4569	50.6492	0	0.940053	0.341027	0	None	None
ChainingRodShaped	11185	2.21652	0.5	44.3276	29.619	0	0.949433	-0.313968	0	None	None
ChainingRodShaped	11029	2.25064	0.5	51.5911	85.0174	0	0.0537996	-0.998552	0	None	None
ChainingRodShaped	9875	3.15883	0.5	47.1327	-22.1253	0	0.602168	0.79837	0	None	None
ChainingRodShaped	10629	2.70611	0.5	-16.7795	71.3499	0	-0.945803	0.324741	0	None	None
ChainingRodShaped	10295	2.95517	0.5	-63.3494	13.249	0	-0.674142	0.738601	0	None	None
ChainingRodShaped	9639	2.56568	0.5	-8.83329	11.1514	0	0.576259	-0.817267	0	None	None
ChainingRodShaped	7473	4.81268	0.5	45.1914	61.3725	0	-0.0413816	-0.999143	0	None	None
ChainingRodShaped	11193	2.50652	0.5	8.87034	98.5921	0	-0.935308	-0.353835	0	None	None
ChainingRodShaped	5703	4.74055	0.5	71.0046	26.2597	0	0.871208	0.490914	0	None	None
ChainingRodShaped	9295	3.41474	0.5	16.1861	22.7197	0	-0.95961	-0.281335	0	None	None
ChainingRodShaped	7839	4.89211	0.5	57.0564	-35.3451	0	-0.496219	-0.868197	0	None	None
ChainingRodShaped	11421	2.15274	0.5	28.9554	-8.51332	0	0.141603	-0.989924	0	None	None
ChainingRodShaped	11249	2.17721	0.5	89.3878	35.5472	0	0.98903	0.147717	0	None	None
ChainingRodShaped	7475	4.65005	0.5	40.723	68.6725	0	-0.403104	-0.915154	0	None	None
ChainingRodShaped	9847	2.56597	0.5	22.3477	47.8184	0	0.647721	0.761877	0	None	None
ChainingRodShaped	5787	4.01296	0.5	28.945	16.8045	0	-0.984939	0.172904	0	None	None
ChainingRodShaped	11019	2.39328	0.5	59.0959	82.4035	0	0.51561	0.856823	0	None	None
ChainingRodShaped	10109	3.13196	0.5	64.2191	-6.81612	0	0.312029	-0.950073	0	None	None
ChainingRodShaped	8789	2.76743	0.5	-28.024	70.3904	0	0.917694	0.397289	0	None	None
ChainingRodShaped	7479	3.56662	0.5	-48.9987	62.5961	0	0.621492	0.78342	0	None	None
ChainingRodShaped	10347	3.01809	0.5	-19.8657	77.5549	0	0.992669	-0.120866	0	None	None
ChainingRodShaped	11659	2.13066	0.5	3.6785	-16.9569	0	-0.999242	-0.0389328	0	None	None
ChainingRodShaped	4801	4.3293	0.5	17.1584	-21.9738	0	-0.888516	0.458845	0	None	None
ChainingRodShaped	7565	3.29912	0.5	1.44259	53.665	0	0.999952	0.00981281	0	None	None
ChainingRodShaped	8245	3.47639	0.5	-0.684959	20.2835	0	0.542685	-0.839936	0	None	None
ChainingRodShaped	7083	3.61216	0.5	61.4927	50.3529	0	0.922906	0.385025	0	None	None
ChainingRodShaped	8495	3.36681	0.5	32.7699	81.711	0	0.796583	0.604529	0	None	None
ChainingRodShaped	10301	2.60206	0.5	-10.7055	15.1759	0	0.589123	-0.808044	0	None	None
ChainingRodShaped	7369	4.88458	0.5	53.5248	37.0121	0	-0.87134	-0.490679	0	None	None
ChainingRodShaped	7999	4.78203	0.5	-32.9299	59.0732	0	0.136335	0.990663	0	None	None
ChainingRodShaped	8099	3.62137	0.5	-20.4827	-20.9272	0	-0.915716	0.401827	0	None	None
ChainingRodShaped	9293	2.99161	0.5	68.5165	86.2271	0	0.961143	-0.27605	0	None	None
ChainingRodShaped	10517	2.76149	0.5	-14.7065	-18.5047	0	0.978726	0.205173	0	None	None
ChainingRodShaped	10787	2.44424	0.5	44.4504	46.2497	0	0.931907	0.362697	0	None	None
ChainingRodShaped	9529	3.50887	0.5	44.1925	27.3225	0	0.952188	-0.305513	0	None	None
ChainingRodShaped	5639	4.93256	0.5	0.750024	-30.83	0	-0.828054	0.560648	0	None	None
ChainingRodShaped	10231	2.59414	0.5	65.7051	83.859	0	0.99924	-0.0389708	0	None	None
ChainingRodShaped	11007	2.64187	0.5	44.3518	75.7252	0	0.00639896	-0.99998	0	None	None
ChainingRodShaped	5031	4.46059	0.5	-3.05873	-43.8059	0	0.311715	0.950176	0	None	None
ChainingRodShaped	11771	2.07998	0.5	39.2535	18.4747	0	-0.383016	-0.923742	0	None	None
ChainingRodShaped	6399	4.97771	0.5	71.73	18.0966	0	0.983761	0.179484	0	None	None
ChainingRodShaped	7939	3.71185	0.5	-36.604	46.1034	0	0.743105	0.669175	0	None	None
ChainingRodShaped	4741	4.40015	0.5	-26.2107	42.6855	0	0.010515	-0.999945	0	None	None
ChainingRodShaped	6247	3.90011	0.5	34.0809	20.8373	0	0.976813	-0.214095	0	None	None
ChainingRodShaped	6593	3.41408	0.5	-3.75774	0.327473	0	-0.870467	-0.492226	0	None	None
ChainingRodShaped	10895	2.50475	0.5	61.3421	28.1055	0	0.779488	-0.626417	0	None	None
ChainingRodShaped	11755	2.12601	0.5	71.306	9.33878	0	0.989543	0.144236	0	None	None
ChainingRodShaped	6311	4.33548	0.5	67.1371	59.0543	0	0.94281	0.33333	0	None	None
ChainingRodShaped	8751	2.9646	0.5	60.7521	72.0594	0	0.170931	0.985283	0	None	None
ChainingRodShaped	8293	3.56008	0.5	47.445	14.6693	0	-0.572696	-0.819768	0	None	None
ChainingRodShaped	7793	4.28911	0.5	-0.95394	19.3244	0	0.547827	-0.836592	0	None	None
ChainingRodShaped	4821	4.64096	0.5	28.2968	16.2015	0	-0.986624	0.163011	0	None	None
ChainingRodShaped	10409	2.77002	0.5	-6.36475	31.2873	0	-0.69305	-0.720889	0	None	None
ChainingRodShaped	8257	4.2273	0.5	70.1693	48.0002	0	-0.530587	-0.84763	0	None	None
ChainingRodShaped	8695	3.31324	0.5	81.6646	-16.6075	0	0.863022	-0.505166	0	None	None
ChainingRodShaped	11549	2.18546	0.5	43.3679	89.3034	0	0.803183	0.595733	0	None	None
ChainingRodShaped	9833	2.97496	0.5	26.4755	76.2106	0	0.970162	0.242457	0	None	None
ChainingRodShaped	8303	3.552	0.5	70.1605	46.5124	0	-0.593297	-0.804984	0	None	None
ChainingRodShaped	9969	2.51626	0.5	87.3633	53.6716	0	0.501156	-0.865357	0	None	None
ChainingRodShaped	7579	3.71756	0.5	6.14958	102.373	0	0.88936	0.457207	0	None	None
ChainingRodShaped	7671	4.29572	0.5	-0.0422095	-4.14414	0	-0.881326	0.472509	0	None	None
ChainingRodShaped	7965	3.78327	0.5	-32.3299	-36.578	0	0.998649	0.0519581	0	None	None
ChainingRodShaped	9035	4.01011	0.5	-62.0871	62.5507	0	-0.652785	0.757543	0	None	None
ChainingRodShaped	6683	4.49699	0.5	8.0491	75.8924	0	0.480406	-0.877046	0	None	None
ChainingRodShaped	7301	3.70263	0.5	-45.4015	-23.7026	0	-0.760766	-0.649027	0	None	None
ChainingRodShaped	4337	4.90037	0.5	-40.9929	24.4611	0	-0.86463	-0.502409	0	None	None
ChainingRodShaped	8821	3.06371	0.5	-14.2004	99.1665	0	0.542094	-0.840318	0	None	None
ChainingRodShaped	11969	2.0325	0.5	-27.0326	41.0623	0	0.000479057	-1	0	None	None
ChainingRodShaped	10681	2.69523	0.5	5.3365	44.6533	0	0.992098	0.125463	0	None	None
ChainingRodShaped	9837	2.64512	0.5	36.0648	-36.4836	0	0.99833	0.0577652	0	None	None
ChainingRodShaped	5805	4.6224	0.5	-16.4498	81.1701	0	0.402434	-0.915449	0	None	None
ChainingRodShaped	8545	3.13631	0.5	2.27376	55.2936	0	0.999556	0.0298054	0	None	None
ChainingRodShaped	11305	2.16963	0.5	-31.1945	-45.7583	0	0.946353	-0.323135	0	None	None
ChainingRodShaped	8661	4.04615	0.5	45.9056	16.9121	0	-0.524236	-0.851573	0	None	None
ChainingRodShaped	9239	2.98289	0.5	-59.4162	24.2058	0	-0.16807	-0.985775	0	None	None
ChainingRodShaped	9725	2.65042	0.5	47.6855	20.3959	0	-0.993735	-0.111764	0	None	None
ChainingRodShaped	10009	2.45983	0.5	32.7397	99.0244	0	-0.716968	-0.697106	0	None	None
ChainingRodShaped	10265	2.41169	0.5	24.3094	-48.3149	0	0.315126	-0.94905	0	None	None
ChainingRodShaped	9461	3.54638	0.5	-20.5715	55.3052	0	-0.0454752	-0.998965	0	None	None
ChainingRodShaped	5951	3.89047	0.5	-36.3705	84.9804	0	0.652621	0.757684	0	None	None
ChainingRodShaped	7875	4.76435	0.5	-9.78807	88.0738	0	0.976863	-0.213864	0	None	None
ChainingRodShaped	8731	4.05799	0.5	-19.8802	47.8258	0	0.905744	-0.423826	0	None	None
ChainingRodShaped	9379	3.73007	0.5	83.5439	22.1809	0	0.4201	-0.907478	0	None	None
ChainingRodShaped	10587	2.71489	0.5	44.9868	-16.7859	0	-0.438177	-0.898889	0	None	None
ChainingRodShaped	5679	4.83797	0.5	25.415	19.6892	0	0.009501	0.999955	0	None	None
ChainingRodShaped	5985	4.54538	0.5	8.15665	4.08995	0	0.356676	-0.934228	0	None	None
ChainingRodShaped	5969	4.92477	0.5	9.15083	39.8181	0	-0.773306	0.634033	0	None	None
ChainingRodShaped	11033	2.61605	0.5	2.79611	9.81609	0	0.994315	-0.106483	0	None	None
ChainingRodShaped	3873	4.73525	0.5	-14.6813	34.8058	0	0.958875	0.28383	0	None	None
ChainingRodShaped	11235	2.25364	0.5	-6.10256	-36.9961	0	-0.962856	-0.270016	0	None	None
ChainingRodShaped	10915	2.60284	0.5	44.0681	-43.4177	0	0.879223	0.47641	0	None	None
ChainingRodShaped	8399	3.03951	0.5	-13.5989	87.2534	0	0.212987	-0.977055	0	None	None
ChainingRodShaped	5387	4.59322	0.5	67.3753	36.5968	0	-0.951834	-0.306614	0	None	None
ChainingRodShaped	5849	4.20856	0.5	78.1529	7.28222	0	0.0335175	-0.999438	0	None	None
ChainingRodShaped	8663	2.9376	0.5	3.0045	20.3109	0	0.940233	-0.34053	0	None	None
ChainingRodShaped	5545	4.36875	0.5	-58.2757	44.3309	0	0.739846	-0.672777	0	None	None
ChainingRodShaped	9137	2.95258	0.5	66.2005	26.3821	0	0.774255	-0.632874	0	None	None
ChainingRodShaped	10311	2.82121	0.5	37.6393	65.4036	0	0.271223	-0.962517	0	None	None
ChainingRodShaped	4753	4.19806	0.5	76.4507	24.9271	0	0.892003	-0.45203	0	None	None
ChainingRodShaped	7533	3.91951	0.5	-42.0881	55.8973	0	-0.978624	-0.205657	0	None	None
ChainingRodShaped	7157	3.9528	0.5	41.4937	68.4776	0	-0.412162	-0.91111	0	None	None
ChainingRodShaped	8439	3.06014	0.5	68.6828	58.6637	0	0.946103	0.323866	0	None	None
ChainingRodShaped	7105	3.48601	0.5	18.2178	30.2645	0	-0.0502682	-0.998736	0	None	None
ChainingRodShaped	10293	2.93263	0.5	9.12531	105.34	0	0.984223	0.176933	0	None	None
ChainingRodShaped	7529	3.86226	0.5	42.0018	-41.2956	0	0.880161	0.474676	0	None	None
ChainingRodShaped	11345	2.4119	0.5	32.2394	-32.2705	0	0.992343	-0.123514	0	None	None
ChainingRodShaped	9311	3.0427	0.5	-5.42595	-2.50174	0	0.875529	0.483165	0	None	None
ChainingRodShaped	6387	3.61548	0.5	-13.8158	26.3762	0	0.77394	-0.633258	0	None	None
ChainingRodShaped	6305	4.75848	0.5	-45.2116	-26.0597	0	-0.750314	-0.661082	0	None	None
ChainingRodShaped	10859	2.37277	0.5	-23.5391	65.946	0	-0.314247	-0.949341	0	None	None
ChainingRodShaped	7885	4.16288	0.5	25.6134	39.0629	0	-0.207914	0.978147	0	None	None
ChainingRodShaped	8369	4.07472	0.5	16.3621	14.3392	0	0.701335	-0.712832	0	None	None
ChainingRodShaped	6879	4.50347	0.5	8.41804	34.1892	0	0.800806	-0.598924	0	None	None
ChainingRodShaped	6843	3.36121	0.5	-11.5432	-3.35279	0	-0.871151	-0.491015	0	None	None
ChainingRodShaped	6367	4.80182	0.5	-26.9967	-26.8566	0	0.0717007	-0.997426	0	None	None
ChainingRodShaped	6065	3.65636	0.5	-39.2427	-3.8986	0	-0.814448	-0.580237	0	None	None
ChainingRodShaped	7245	3.85261	0.5	17.7835	77.6241	0	0.969337	0.245734	0	None	None
ChainingRodShaped	7409	3.65155	0.5	-19.3393	-48.5742	0	0.766907	-0.641758	0	None	None
ChainingRodShaped	5901	4.44837	0.5	66.5923	-27.8289	0	0.205535	-0.97865	0	None	None
ChainingRodShaped	9057	2.75588	0.5	37.4665	20.0475	0	0.389872	0.920869	0	None	None
ChainingRodShaped	11855	2.13144	0.5	-49.8933	40.77	0	0.920473	0.390805	0	None	None
ChainingRodShaped	5397	4.28919	0.5	17.8752	0.480637	0	0.758064	-0.65218	0	None	None
ChainingRodShaped	6295	3.53776	0.5	-69.1493	-3.06477	0	-0.299306	-0.954157	0	None	None
ChainingRodShaped	8323	4.06593	0.5	55.5681	53.585	0	0.827915	0.560854	0	None	None
ChainingRodShaped	10217	2.44456	0.5	-48.2332	-12.8546	0	-0.972802	0.23164	0	None	None
ChainingRodShaped	7073	4.00145	0.5	28.8214	-35.3338	0	0.989684	-0.143267	0	None	None
ChainingRodShaped	7107	4.09301	0.5	-21.7267	37.4759	0	-0.994545	-0.104304	0	None	None
ChainingRodShaped	5381	4.43004	0.5	6.29619	51.1028	0	0.98718	0.159608	0	None	None
ChainingRodShaped	9215	3.38392	0.5	-40.84	94.6746	0	-0.77939	0.626539	0	None	None
ChainingRodShaped	5373	4.31757	0.5	52.2456	-22.9207	0	0.190869	0.981616	0	None	None
ChainingRodShaped	11693	2.23024	0.5	8.79117	11.6019	0	0.990863	-0.134872	0	None	None
ChainingRodShaped	8311	3.92033	0.5	-27.4127	57.2132	0	-0.199969	-0.979802	0	None	None
ChainingRodShaped	10023	3.09018	0.5	55.9532	48.9613	0	0.932832	0.360311	0	None	None
ChainingRodShaped	4775	4.72929	0.5	0.94453	-35.432	0	-0.959478	0.281783	0	None	None
ChainingRodShaped	5603	4.2005	0.5	-49.0628	-28.0968	0	0.898967	-0.438016	0	None	None
ChainingRodShaped	5357	4.6182	0.5	-11.4916	19.2667	0	0.74868	-0.662932	0	None	None
ChainingRodShaped	8667	3.26141	0.5	-11.3876	106.25	0	0.987193	0.159531	0	None	None
ChainingRodShaped	9623	3.51001	0.5	15.9392	91.0542	0	-0.491411	0.870928	0	None	None
ChainingRodShaped	8993	3.91297	0.5	14.9821	67.0236	0	0.793502	-0.608568	0	None	None
ChainingRodShaped	8681	3.18028	0.5	-1.38002	48.001	0	0.999661	-0.0260359	0	None	None
ChainingRodShaped	9417	3.13282	0.5	-19.2194	14.8938	0	0.8589	-0.512144	0	None	None
ChainingRodShaped	5369	4.71978	0.5	-68.0751	5.54039	0	0.553246	-0.833018	0	None	None
ChainingRodShaped	5869	4.94037	0.5	58.8503	35.8662	0	0.842738	-0.538324	0	None	None
ChainingRodShaped	8775	3.92809	0.5	-19.2429	33.3064	0	0.998989	0.0449631	0	None	None
ChainingRodShaped	4819	4.68609	0.5	35.9518	-7.99779	0	-0.538036	-0.842922	0	None	None
ChainingRodShaped	5491	4.98799	0.5	79.8596	51.6148	0	-0.468893	-0.883255	0	None	None
ChainingRodShaped	7353	3.51331	0.5	81.598	42.1075	0	-0.596451	-0.802649	0	None	None
ChainingRodShaped	10435	2.97157	0.5	0.553232	87.9303	0	0.838244	0.545296	0	None	None
ChainingRodShaped	4065	4.61319	0.5	-48.1042	37.6409	0	0.855822	0.517271	0	None	None
ChainingRodShaped	6345	4.75903	0.5	42.2767	44.5117	0	0.934511	0.355934	0	None	None
ChainingRodShaped	10469	2.62566	0.5	23.1465	-54.3414	0	0.934543	-0.355849	0	None	None
ChainingRodShaped	10123	3.15662	0.5	20.029	-3.42572	0	0.78894	-0.61447	0	None	None
ChainingRodShaped	10063	3.05655	0.5	84.0833	19.5508	0	0.838066	-0.545569	0	None	None
ChainingRodShaped	5777	4.13516	0.5	35.3179	0.338441	0	0.795931	-0.605388	0	None	None
ChainingRodShaped	8445	2.89408	0.5	70.2701	49.8555	0	-0.530804	-0.847495	0	None	None
ChainingRodShaped	8685	3.008	0.5	-2.91302	70.9196	0	0.672932	-0.739704	0	None	None
ChainingRodShaped	11355	2.1708	0.5	40.8757	-42.9865	0	0.876499	0.481404	0	None	None
ChainingRodShaped	11939	2.07768	0.5	12.3505	-11.4995	0	-0.984623	-0.174692	0	None	None
ChainingRodShaped	4587	4.694	0.5	21.5001	74.1706	0	0.96955	0.244892	0	None	None
ChainingRodShaped	11687	2.1974	0.5	41.3278	19.2977	0	-0.367585	-0.92999	0	None	None
ChainingRodShaped	9831	2.55376	0.5	-58.3185	56.734	0	-0.955892	0.293717	0	None	None
ChainingRodShaped	11061	2.51475	0.5	33.3803	105.441	0	0.475686	-0.879615	0	None	None
ChainingRodShaped	8191	4.56123	0.5	31.9076	31.8904	0	0.380949	-0.924596	0	None	None
ChainingRodShaped	10671	2.55359	0.5	27.9638	111.173	0	0.793751	0.608243	0	None	None
ChainingRodShaped	11381	2.17846	0.5	-28.4938	84.557	0	0.961254	0.275666	0	None	None
ChainingRodShaped	8657	4.00716	0.5	15.7377	-22.9861	0	-0.880898	0.473306	0	None	None
ChainingRodShaped	8519	3.22162	0.5	30.2916	-6.13283	0	0.151061	-0.988524	0	None	None
ChainingRodShaped	9849	3.24365	0.5	-11.8074	-16.3117	0	-0.92091	0.389775	0	None	None
ChainingRodShaped	9487	2.91323	0.5	46.3688	-2.37536	0	0.0973425	-0.995251	0	None	None
ChainingRodShaped	7931	4.54455	0.5	67.9542	0.959946	0	0.0278385	0.999612	0	None	None
ChainingRodShaped	8941	4.01467	0.5	78.355	45.8287	0	-0.822895	-0.568193	0	None	None
ChainingRodShaped	8035	4.72335	0.5	-52.0522	-9.07373	0	-0.962278	0.272069	0	None	None
ChainingRodShaped	7203	4.46062	0.5	62.1497	19.0836	0	0.802159	-0.597111	0	None	None
ChainingRodShaped	10133	2.71555	0.5	-12.8737	-27.0626	0	-0.967959	0.251109	0	None	None
ChainingRodShaped	7803	3.05089	0.5	-47.3434	68.9826	0	0.628354	0.777927	0	None	None
ChainingRodShaped	8247	4.08913	0.5	39.4362	-29.8054	0	0.985414	0.170171	0	None	None
ChainingRodShaped	6079	4.90303	0.5	5.39127	65.8333	0	0.617515	-0.786559	0	None	None
ChainingRodShaped	11013	2.30131	0.5	-60.278	28.3882	0	0.275167	0.961396	0	None	None
ChainingRodShaped	6623	4.69427	0.5	43.6052	93.6951	0	0.856042	0.516907	0	None	None
ChainingRodShaped	9937	2.5348	0.5	32.7903	100.4	0	-0.709967	-0.704235	0	None	None
ChainingRodShaped	10283	3.01651	0.5	0.00160872	-21.0554	0	0.581522	-0.813531	0	None	None
ChainingRodShaped	10493	2.59564	0.5	47.1435	56.7479	0	-0.2407	-0.9706	0	None	None
ChainingRodShaped	9459	3.37518	0.5	6.13535	58.4518	0	-0.822458	-0.568826	0	None	None
ChainingRodShaped	8655	4.27517	0.5	-60.7837	21.1203	0	-0.215795	0.976439	0	None	None
ChainingRodShaped	7821	4.90056	0.5	-66.2966	15.5042	0	-0.5663	0.824199	0	None	None
ChainingRodShaped	7263	4.64202	0.5	-5.72856	78.321	0	-0.398777	-0.917048	0	None	None
ChainingRodShaped	8597	3.05888	0.5	91.2748	15.1677	0	0.381125	-0.924523	0	None	None
ChainingRodShaped	7827	4.102	0.5	64.6371	25.5324	0	-0.786806	0.6172	0	None	None
ChainingRodShaped	8547	3.88738	0.5	67.1508	1.07105	0	0.0370136	0.999315	0	None	None
ChainingRodShaped	6737	3.48671	0.5	-61.8954	6.32561	0	-0.912311	0.409499	0	None	None
ChainingRodShaped	6673	3.51522	0.5	-30.9038	-27.9271	0	0.786119	-0.618075	0	None	None
ChainingRodShaped	8301	3.64227	0.5	17.7749	61.8098	0	0.802442	0.596731	0	None	None
ChainingRodShaped	6143	3.95288	0.5	-29.0286	0.156949	0	-0.742017	0.670381	0	None	None
ChainingRodShaped	10637	2.49538	0.5	53.388	59.3643	0	-0.0839887	0.996467	0	None	None
ChainingRodShaped	6369	4.24865	0.5	80.0605	-18.3102	0	0.993091	0.117345	0	None	None
ChainingRodShaped	6325	3.76884	0.5	-15.7517	2.61316	0	-0.756758	0.653695	0	None	None
ChainingRodShaped	9637	3.4778	0.5	43.6501	-44.7259	0	0.879999	0.474976	0	None	None
ChainingRodShaped	6197	4.06414	0.5	-45.0019	7.91689	0	0.105643	-0.994404	0	None	None
ChainingRodShaped	6449	3.48738	0.5	46.8626	101.343	0	0.99947	0.0325535	0	None	None
ChainingRodShaped	6099	4.74391	0.5	52.4251	22.3377	0	0.873327	-0.487134	0	None	None
ChainingRodShaped	5823	4.52957	0.5	-40.8783	-12.6393	0	-0.79043	-0.612552	0	None	None
ChainingRodShaped	6327	4.49106	0.5	73.1325	69.8673	0	0.835658	-0.54925	0	None	None
ChainingRodShaped	6339	3.85544	0.5	-10.0806	87.3247	0	0.974667	-0.223662	0	None	None
ChainingRodShaped	10193	3.13134	0.5	23.4441	37.6308	0	0.0743798	0.99723	0	None	None
ChainingRodShaped	6429	3.79957	0.5	29.1716	-21.3123	0	-0.897925	-0.440148	0	None	None
ChainingRodShaped	5219	4.98005	0.5	-48.8694	25.2518	0	-0.987793	0.155774	0	None	None
ChainingRodShaped	9213	3.32424	0.5	-21.3957	30.9841	0	0.999988	-0.00495693	0	None	None
ChainingRodShaped	7709	4.78846	0.5	14.8285	68.1217	0	0.799564	-0.600581	0	None	None
ChainingRodShaped	10277	2.57357	0.5	65.394	-31.8487	0	-0.468186	0.88363	0	None	None
ChainingRodShaped	7485	4.54991	0.5	21.6131	-10.5433	0	-0.41958	-0.907718	0	None	None
ChainingRodShaped	5511	4.19689	0.5	16.0409	65.1481	0	0.786369	-0.617758	0	None	None
ChainingRodShaped	5001	4.77697	0.5	27.8838	-6.83868	0	0.131808	-0.991275	0	None	None
ChainingRodShaped	11503	2.24313	0.5	-58.9132	71.0458	0	0.502778	0.864416	0	None	None
ChainingRodShaped	9903	3.36374	0.5	-11.0674	-18.5177	0	-0.891743	0.452542	0	None	None
ChainingRodShaped	8911	3.38887	0.5	4.1139	-20.9664	0	0.697619	-0.716469	0	None	None
ChainingRodShaped	7521	4.06356	0.5	-42.9742	-9.88429	0	-0.783585	-0.621284	0	None	None
ChainingRodShaped	10561	2.67504	0.5	55.1011	-13.5233	0	0.056785	0.998386	0	None	None
ChainingRodShaped	5327	4.70329	0.5	23.5156	71.2829	0	0.971166	0.238404	0	None	None
ChainingRodShaped	7631	4.57554	0.5	-16.3564	78.9351	0	0.41101	-0.911631	0	None	None
ChainingRodShaped	5957	3.81248	0.5	-34.6398	58.4421	0	0.127822	0.991797	0	None	None
ChainingRodShaped	2188	3.19369	0.5	-51.0589	48.9259	0	0.970929	-0.239368	0	499	2187
ChainingRodShaped	9897	2.57924	0.5	3.28244	10.5941	0	0.995315	-0.0966864	0	None	None
ChainingRodShaped	6161	4.97966	0.5	-17.2227	-45.3994	0	-0.987932	0.154891	0	None	None
ChainingRodShaped	2194	3.6067	0.5	-71.0512	54.6656	0	0.958548	-0.28493	0	9851	2193
ChainingRodShaped	10401	2.8277	0.5	62.1393	87.7807	0	0.983718	0.179718	0	None	None
ChainingRodShaped	10565	2.93799	0.5	31.6857	63.7056	0	0.861091	0.508451	0	None	None
ChainingRodShaped	6139	4.2196	0.5	54.3002	58.3097	0	-0.0739904	0.997259	0	None	None
ChainingRodShaped	7655	4.06218	0.5	-28.3995	19.9093	0	0.530295	0.847813	0	None	None
ChainingRodShaped	11165	2.3346	0.5	49.1492	10.2392	0	-0.605586	-0.79578	0	None	None
ChainingRodShaped	10817	2.34385	0.5	50.9685	28.5592	0	0.88954	-0.456858	0	None	None
ChainingRodShaped	10567	2.50737	0.5	74.7913	3.50155	0	0.0226478	-0.999744	0	None	None
ChainingRodShaped	10839	2.56693	0.5	5.08379	14.489	0	0.99221	-0.124573	0	None	None
ChainingRodShaped	4211	4.65695	0.5	0.688368	-0.0705884	0	-0.886393	0.462934	0	None	None
ChainingRodShaped	7397	4.38907	0.5	-5.19126	11.2945	0	0.767524	-0.64102	0	None	None
ChainingRodShaped	7851	3.85243	0.5	-42.9155	85.0197	0	-0.738523	-0.674228	0	None	None
ChainingRodShaped	11323	2.45654	0.5	-40.7096	33.4742	0	-0.73257	-0.680692	0	None	None
ChainingRodShaped	6981	3.87432	0.5	33.9899	-4.52422	0	0.79461	-0.60712	0	None	None
ChainingRodShaped	5483	4.67733	0.5	67.0712	19.9982	0	0.725027	-0.688721	0	None	None
ChainingRodShaped	11931	2.07644	0.5	-51.431	-15.5961	0	0.822726	-0.568439	0	None	None
ChainingRodShaped	10127	2.85233	0.5	47.0444	-26.2434	0	0.714894	0.699233	0	None	None
ChainingRodShaped	6381	4.86418	0.5	44.3613	60.9135	0	-0.0370863	-0.999312	0	None	None
ChainingRodShaped	7311	3.91654	0.5	-52.3434	13.4792	0	0.949071	-0.315063	0	None	None
ChainingRodShaped	11279	2.35857	0.5	-12.1441	-15.2829	0	-0.9247	0.380696	0	None	None
ChainingRodShaped	11819	2.14836	0.5	50.4895	40.9133	0	-0.877554	-0.479477	0	None	None
ChainingRodShaped	9111	2.81252	0.5	54.5678	-11.6152	0	0.482013	0.876164	0	None	None
ChainingRodShaped	11325	2.16381	0.5	-47.1626	81.2082	0	0.314242	0.949343	0	None	None
ChainingRodShaped	9893	2.8966	0.5	0.637812	-20.6	0	0.573455	-0.819237	0	None	None
ChainingRodShaped	9205	3.27492	0.5	47.5705	103.299	0	0.999378	0.0352675	0	None	None
ChainingRodShaped	5549	4.85687	0.5	14.7922	96.1622	0	-0.579673	0.814849	0	None	None
ChainingRodShaped	6211	4.09005	0.5	82.4227	-13.4135	0	0.749531	-0.661969	0	None	None
ChainingRodShaped	4003	4.75044	0.5	26.7345	89.4026	0	-0.0388131	-0.999246	0	None	None
ChainingRodShaped	4253	4.58424	0.5	-61.8731	-10.2455	0	0.645458	-0.763795	0	None	None
ChainingRodShaped	10735	2.51872	0.5	72.395	69.2798	0	0.841098	-0.540883	0	None	None
ChainingRodShaped	8149	4.42533	0.5	52.529	-36.1156	0	-0.145871	-0.989304	0	None	None
ChainingRodShaped	8179	4.60784	0.5	-8.79058	83.0717	0	0.950639	0.3103	0	None	None
ChainingRodShaped	5479	4.71593	0.5	-5.26648	43.6532	0	0.807485	-0.589889	0	None	None
ChainingRodShaped	11729	2.20894	0.5	83.067	12.3712	0	-0.507443	0.861685	0	None	None
ChainingRodShaped	8193	4.47574	0.5	36.1109	15.9976	0	-0.657485	-0.753467	0	None	None
ChainingRodShaped	11277	2.17246	0.5	-2.08281	53.669	0	0.983062	-0.183276	0	None	None
ChainingRodShaped	5447	4.4508	0.5	-12.983	49.2107	0	0.866852	-0.498566	0	None	None
ChainingRodShaped	8315	3.95925	0.5	-56.7361	54.0635	0	-0.894662	0.446743	0	None	None
ChainingRodShaped	7751	3.17428	0.5	34.5654	91.6812	0	0.675982	0.736918	0	None	None
ChainingRodShaped	5493	4.56782	0.5	68.2733	76.2191	0	0.82151	-0.570194	0	None	None
ChainingRodShaped	8069	3.12434	0.5	73.9033	-4.79433	0	-0.129981	-0.991517	0	None	None
ChainingRodShaped	10775	2.35698	0.5	-38.356	94.0837	0	-0.850216	0.526434	0	None	None
ChainingRodShaped	10919	2.72465	0.5	-6.08464	106.214	0	0.0229142	-0.999737	0	None	None
ChainingRodShaped	8367	3.55613	0.5	-43.8471	-6.26933	0	-0.799121	-0.60117	0	None	None
ChainingRodShaped	4493	4.839	0.5	-29.8673	-26.4315	0	0.793583	-0.608461	0	None	None
ChainingRodShaped	11505	2.28305	0.5	-32.4703	-10.7658	0	0.995304	-0.0967987	0	None	None
ChainingRodShaped	7731	4.47812	0.5	62.6177	32.1932	0	0.771715	-0.635969	0	None	None
ChainingRodShaped	10163	3.14297	0.5	16.4454	-51.0061	0	0.916715	-0.399542	0	None	None
ChainingRodShaped	4537	4.42626	0.5	-15.6115	1.38556	0	-0.763189	0.646176	0	None	None
ChainingRodShaped	7689	4.87388	0.5	25.5865	69.7064	0	0.853695	0.520773	0	None	None
ChainingRodShaped	9591	2.67021	0.5	76.6043	41.2908	0	-0.82805	-0.560654	0	None	None
ChainingRodShaped	9765	2.54912	0.5	2.32059	-49.3615	0	-0.00989936	0.999951	0	None	None
ChainingRodShaped	4681	4.78223	0.5	-23.3267	48.7015	0	0.85962	-0.510934	0	None	None
ChainingRodShaped	8095	4.45857	0.5	5.47779	34.6066	0	0.788684	-0.614798	0	None	None
ChainingRodShaped	6229	4.31032	0.5	44.6162	-22.4681	0	0.658181	0.75286	0	None	None
ChainingRodShaped	4905	4.56346	0.5	31.6225	-17.141	0	-0.857099	-0.515152	0	None	None
ChainingRodShaped	11425	2.26336	0.5	-1.18571	77.7625	0	-0.165618	-0.98619	0	None	None
ChainingRodShaped	7543	3.17344	0.5	37.285	40.4109	0	0.930968	-0.3651	0	None	None
ChainingRodShaped	11989	2.02641	0.5	15.3852	110.908	0	0.975297	0.220897	0	None	None
ChainingRodShaped	6855	4.98751	0.5	-38.5299	-30.6509	0	0.908628	0.417606	0	None	None
ChainingRodShaped	6077	4.19511	0.5	-50.8164	18.0041	0	0.636694	-0.771116	0	None	None
ChainingRodShaped	8155	4.71133	0.5	-29.9715	72.2408	0	-0.909758	-0.41514	0	None	None
ChainingRodShaped	10913	2.34875	0.5	-36.5043	-21.5856	0	0.705795	0.708416	0	None	None
ChainingRodShaped	9507	3.56166	0.5	33.5991	7.02431	0	-0.730194	-0.68324	0	None	None
ChainingRodShaped	6723	4.7033	0.5	-13.9109	46.8789	0	0.773793	-0.633438	0	None	None
ChainingRodShaped	7605	4.29367	0.5	45.8516	91.1973	0	0.869939	-0.493159	0	None	None
ChainingRodShaped	9027	2.74753	0.5	3.56246	64.2596	0	0.609679	-0.792648	0	None	None
ChainingRodShaped	4197	4.47425	0.5	3.99365	84.4091	0	-0.554011	-0.832509	0	None	None
ChainingRodShaped	7951	3.95408	0.5	-15.0549	65.9103	0	-0.937926	0.346836	0	None	None
ChainingRodShaped	10323	2.86836	0.5	22.9289	-27.0993	0	-0.915083	-0.403265	0	None	None
ChainingRodShaped	8163	3.40687	0.5	-5.43278	27.49	0	0.458929	-0.888473	0	None	None
ChainingRodShaped	9383	2.99819	0.5	8.79567	97.6367	0	-0.931688	-0.363261	0	None	None
ChainingRodShaped	10419	3.07891	0.5	85.3823	14.0987	0	0.398574	-0.917136	0	None	None
ChainingRodShaped	9613	2.88137	0.5	-66.6846	7.59213	0	-0.879232	0.476395	0	None	None
ChainingRodShaped	11915	2.09122	0.5	-0.68342	-36.774	0	-0.953663	0.300878	0	None	None
ChainingRodShaped	9733	2.6441	0.5	-48.2497	60.5536	0	0.607417	0.794383	0	None	None
ChainingRodShaped	11285	2.20764	0.5	14.619	50.2075	0	0.989487	0.144621	0	None	None
ChainingRodShaped	10459	2.86077	0.5	40.2123	79.6221	0	0.760938	0.648824	0	None	None
ChainingRodShaped	10955	2.4329	0.5	-63.9074	5.19852	0	0.920307	-0.391197	0	None	None
ChainingRodShaped	7711	4.07483	0.5	-42.1586	50.2438	0	-0.739163	-0.673526	0	None	None
ChainingRodShaped	6679	4.72007	0.5	-0.717634	47.2425	0	0.999267	-0.0382901	0	None	None
ChainingRodShaped	11311	2.19827	0.5	88.2068	27.1289	0	-0.850266	-0.526354	0	None	None
ChainingRodShaped	11653	2.18361	0.5	62.4779	68.7297	0	-0.325949	0.945387	0	None	None
ChainingRodShaped	6171	4.62835	0.5	81.3101	52.4582	0	-0.476098	-0.879392	0	None	None
ChainingRodShaped	7461	4.16073	0.5	-60.4685	36.9651	0	0.999645	-0.0266283	0	None	None
ChainingRodShaped	9503	3.03594	0.5	15.4929	23.2451	0	-0.956692	-0.291102	0	None	None
ChainingRodShaped	7001	4.98622	0.5	1.96119	29.7191	0	-0.926722	-0.375749	0	None	None
ChainingRodShaped	4301	4.93535	0.5	18.9992	-54.5322	0	0.997039	-0.0768956	0	None	None
ChainingRodShaped	8347	3.25547	0.5	-35.0225	71.9441	0	0.597496	0.801872	0	None	None
ChainingRodShaped	6061	4.0332	0.5	18.9788	28.4496	0	0.0484544	-0.998825	0	None	None
ChainingRodShaped	8285	3.36234	0.5	25.821	88.0541	0	-0.0288488	-0.999584	0	None	None
ChainingRodShaped	7643	3.7403	0.5	25.6504	53.3771	0	0.676147	0.736766	0	None	None
ChainingRodShaped	8623	3.45121	0.5	29.7939	69.4431	0	0.84829	0.529532	0	None	None
ChainingRodShaped	10967	2.53673	0.5	11.1014	-50.5825	0	0.789643	-0.613566	0	None	None
ChainingRodShaped	7765	3.55597	0.5	-0.372631	1.26887	0	-0.890988	0.454026	0	None	None
ChainingRodShaped	9961	3.20779	0.5	-20.2529	78.4122	0	0.991422	-0.130696	0	None	None
ChainingRodShaped	4281	4.78347	0.5	64.2076	-14.5745	0	-0.410482	0.911869	0	None	None
ChainingRodShaped	6589	4.87411	0.5	-17.0805	70.6843	0	-0.942571	0.334005	0	None	None
ChainingRodShaped	12051	2.00965	0.5	3.35794	-16.1995	0	-0.999574	-0.0291897	0	None	None
ChainingRodShaped	11377	2.41929	0.5	23.939	89.4599	0	0.122679	-0.992446	0	None	None
ChainingRodShaped	7967	3.30099	0.5	46.5107	50.0507	0	0.94678	0.321882	0	None	None
ChainingRodShaped	8965	3.24915	0.5	57.7766	91.0715	0	-0.728837	-0.684687	0	None	None
ChainingRodShaped	5453	4.30803	0.5	28.5164	89.5643	0	-0.0701998	-0.997533	0	None	None
ChainingRodShaped	8863	3.78797	0.5	-37.9453	78.8297	0	0.723627	0.690192	0	None	None
ChainingRodShaped	5613	4.73546	0.5	50.2047	37.9818	0	-0.875841	-0.4826	0	None	None
ChainingRodShaped	7987	4.35463	0.5	13.3209	36.8325	0	-0.0174271	0.999848	0	None	None
ChainingRodShaped	7717	4.53718	0.5	19.5791	-33.9183	0	0.98836	0.152135	0	None	None
ChainingRodShaped	11797	2.12152	0.5	-44.4061	-17.8769	0	0.893183	-0.449693	0	None	None
ChainingRodShaped	6675	3.72873	0.5	-31.9158	-0.0767851	0	-0.178868	-0.983873	0	None	None
ChainingRodShaped	12073	2.00248	0.5	-33.6099	28.0675	0	0.607518	0.794306	0	None	None
ChainingRodShaped	12061	2.00607	0.5	-6.75196	-25.6245	0	0.81993	-0.572464	0	None	None
ChainingRodShaped	9127	2.84529	0.5	61.4814	37.48	0	-0.951671	-0.307119	0	None	None
ChainingRodShaped	10581	2.61635	0.5	-27.1726	-16.3667	0	-0.39346	0.919342	0	None	None
ChainingRodShaped	3861	4.64047	0.5	-10.5514	108.301	0	0.986934	0.161127	0	None	None
ChainingRodShaped	9703	2.73392	0.5	-65.81	26.1715	0	0.610228	-0.792226	0	None	None
ChainingRodShaped	10241	2.66133	0.5	30.7028	43.4963	0	0.128642	-0.991691	0	None	None
ChainingRodShaped	7131	3.34604	0.5	52.0211	11.2013	0	-0.600149	-0.799888	0	None	None
ChainingRodShaped	9235	3.03621	0.5	11.5662	113.258	0	0.941066	0.338224	0	None	None
ChainingRodShaped	7625	4.59276	0.5	-57.8529	22.8835	0	-0.173618	-0.984813	0	None	None
ChainingRodShaped	11245	2.39302	0.5	-58.1886	9.83759	0	-0.757692	0.652613	0	None	None
ChainingRodShaped	7611	3.83548	0.5	4.98638	71.6258	0	0.5674	-0.823442	0	None	None
ChainingRodShaped	7551	3.56016	0.5	68.8526	-2.33752	0	-0.0284733	0.999595	0	None	None
ChainingRodShaped	4673	4.84818	0.5	-35.9018	55.1591	0	0.143912	0.98959	0	None	None
ChainingRodShaped	8117	2.99828	0.5	37.2105	-3.99195	0	0.792833	-0.609439	0	None	None
ChainingRodShaped	10329	2.4515	0.5	38.3905	12.9312	0	-0.151769	-0.988416	0	None	None
ChainingRodShaped	9989	2.79688	0.5	23.9898	-50.496	0	0.996247	0.0865517	0	None	None
ChainingRodShaped	6409	3.54259	0.5	-62.0004	31.3229	0	0.856111	0.516792	0	None	None
ChainingRodShaped	12059	2.00922	0.5	63.9704	37.3178	0	-0.952874	-0.303366	0	None	None
ChainingRodShaped	7243	4.29994	0.5	43.7862	1.65931	0	-0.266939	-0.963713	0	None	None
ChainingRodShaped	9501	2.8656	0.5	-2.97371	-6.97094	0	-0.999694	-0.0247475	0	None	None
ChainingRodShaped	7115	3.88566	0.5	-48.0357	75.0399	0	0.828695	0.5597	0	None	None
ChainingRodShaped	7213	4.51158	0.5	79.3333	47.629	0	-0.819583	-0.572961	0	None	None
ChainingRodShaped	7537	4.73698	0.5	-28.5766	100.642	0	-0.0788817	0.996884	0	None	None
ChainingRodShaped	8725	3.15628	0.5	24.3083	79.9556	0	0.975585	0.219622	0	None	None
ChainingRodShaped	7833	4.4533	0.5	-3.7001	-20.0595	0	-0.595951	0.803021	0	None	None
ChainingRodShaped	8555	2.86276	0.5	41.9972	96.0539	0	0.971093	0.238703	0	None	None
ChainingRodShaped	11655	2.12729	0.5	-40.5278	22.7861	0	-0.85449	-0.519468	0	None	None
ChainingRodShaped	10349	2.68402	0.5	75.3783	11.532	0	0.837476	-0.546474	0	None	None
ChainingRodShaped	12079	2.00261	0.5	28.4962	27.2533	0	-0.0349168	-0.99939	0	None	None
ChainingRodShaped	8753	4.05975	0.5	8.03662	37.1462	0	0.797844	-0.602864	0	None	None
ChainingRodShaped	8085	4.70564	0.5	19.0105	54.3785	0	0.884897	0.465786	0	None	None
ChainingRodShaped	11647	2.14904	0.5	-38.451	39.0707	0	-0.743342	-0.668911	0	None	None
ChainingRodShaped	10867	2.4206	0.5	87.4172	25.288	0	-0.805461	0.592649	0	None	None
ChainingRodShaped	10953	2.28609	0.5	56.36	64.014	0	0.808485	0.588516	0	None	None
ChainingRodShaped	8267	2.90373	0.5	-16.7528	27.6111	0	0.803718	-0.595011	0	None	None
ChainingRodShaped	3963	4.78275	0.5	-28.0778	107.912	0	0.998566	-0.0535328	0	None	None
ChainingRodShaped	8699	3.70574	0.5	29.8037	68.4792	0	0.849412	0.52773	0	None	None
ChainingRodShaped	8045	3.84081	0.5	-1.85034	49.4737	0	0.999667	-0.0258005	0	None	None
ChainingRodShaped	6827	4.91505	0.5	-25.9142	15.1334	0	0.446846	0.894611	0	None	None
ChainingRodShaped	8065	3.11453	0.5	40.9222	14.7444	0	-0.481384	-0.87651	0	None	None
ChainingRodShaped	11543	2.1457	0.5	42.4892	0.208612	0	-0.276559	-0.960997	0	None	None
ChainingRodShaped	8183	3.28727	0.5	58.499	-29.0683	0	0.0850552	-0.996376	0	None	None
ChainingRodShaped	11147	2.36919	0.5	-36.5547	86.1775	0	0.65928	0.751898	0	None	None
ChainingRodShaped	8567	3.11942	0.5	73.109	20.1078	0	0.987156	0.159759	0	None	None
ChainingRodShaped	8029	3.21383	0.5	18.2292	13.3291	0	0.694036	-0.719941	0	None	None
ChainingRodShaped	8787	3.94403	0.5	49.41	11.8731	0	-0.597441	-0.801913	0	None	None
ChainingRodShaped	12031	2.01275	0.5	-25.71	93.3298	0	-0.790568	0.612374	0	None	None
ChainingRodShaped	7535	4.10595	0.5	79.5537	2.12726	0	-0.508635	-0.860982	0	None	None
ChainingRodShaped	6217	4.14453	0.5	-35.1222	27.3388	0	0.615586	0.78807	0	None	None
ChainingRodShaped	7915	3.09985	0.5	49.8172	1.99992	0	-0.978824	-0.204706	0	None	None
ChainingRodShaped	8611	3.84205	0.5	12.4423	80.6906	0	-0.261736	-0.965139	0	None	None
ChainingRodShaped	4827	4.81256	0.5	-7.24679	-33.6412	0	-0.954588	-0.297929	0	None	None
ChainingRodShaped	6277	3.86182	0.5	73.3817	-1.77883	0	-0.12088	-0.992667	0	None	None
ChainingRodShaped	8903	3.5135	0.5	-66.8666	11.4598	0	-0.713764	0.700387	0	None	None
ChainingRodShaped	8969	3.22411	0.5	-21.8535	-31.7862	0	0.98897	-0.148114	0	None	None
ChainingRodShaped	7715	4.95161	0.5	-10.2623	72.2415	0	0.583432	-0.812162	0	None	None
ChainingRodShaped	11785	2.15807	0.5	42.1312	63.7375	0	-0.0261905	-0.999657	0	None	None
ChainingRodShaped	4059	4.89239	0.5	-6.17444	32.547	0	-0.700164	-0.713982	0	None	None
ChainingRodShaped	10399	2.55187	0.5	-24.5935	-8.66005	0	0.306169	-0.951977	0	None	None
ChainingRodShaped	6985	4.3812	0.5	-49.6153	46.877	0	0.982181	-0.18794	0	None	None
ChainingRodShaped	9721	3.03048	0.5	25.4089	15.8114	0	-0.641896	0.766792	0	None	None
ChainingRodShaped	7089	4.2359	0.5	-54.1109	40.9552	0	0.920173	0.391512	0	None	None
ChainingRodShaped	6151	4.01852	0.5	32.6308	47.307	0	0.125316	-0.992117	0	None	None
ChainingRodShaped	7775	3.5857	0.5	81.7268	73.6645	0	-0.563624	0.826031	0	None	None
ChainingRodShaped	6625	4.0451	0.5	-11.7291	84.4441	0	0.964909	-0.262584	0	None	None
ChainingRodShaped	8537	4.10453	0.5	13.367	-37.6071	0	0.0431821	-0.999067	0	None	None
ChainingRodShaped	7497	4.90257	0.5	53.9873	91.6986	0	-0.0106891	-0.999943	0	None	None
ChainingRodShaped	7387	4.16836	0.5	57.5996	23.9331	0	0.867987	-0.496587	0	None	None
ChainingRodShaped	6289	4.95081	0.5	-57.6778	40.4192	0	0.919579	0.392906	0	None	None
ChainingRodShaped	9789	3.1024	0.5	76.2538	30.8194	0	0.98202	0.188775	0	None	None
ChainingRodShaped	12029	2.02942	0.5	-61.3159	50.7751	0	0.960592	-0.277961	0	None	None
ChainingRodShaped	5621	4.23588	0.5	-61.3225	54.7044	0	-0.959183	0.282787	0	None	None
ChainingRodShaped	9747	2.57394	0.5	-29.7549	63.846	0	0.0507153	0.998713	0	None	None
ChainingRodShaped	6411	3.55694	0.5	-4.80541	95.4902	0	0.898101	0.439789	0	None	None
ChainingRodShaped	4443	4.96456	0.5	2.18671	99.0534	0	0.595223	0.80356	0	None	None
ChainingRodShaped	7639	4.17818	0.5	31.2374	79.4262	0	0.813831	0.581102	0	None	None
ChainingRodShaped	11983	2.03166	0.5	50.5511	-37.4035	0	-0.126112	-0.992016	0	None	None
ChainingRodShaped	6231	3.96594	0.5	-45.7325	7.58994	0	0.0957152	-0.995409	0	None	None
ChainingRodShaped	7845	3.61744	0.5	-42.2471	5.78994	0	0.0956232	-0.995418	0	None	None
ChainingRodShaped	11259	2.44711	0.5	19.9292	-12.4706	0	-0.35248	-0.935819	0	None	None
ChainingRodShaped	5187	4.02209	0.5	-18.897	-6.39365	0	-0.085747	0.996317	0	None	None
ChainingRodShaped	6043	4.87195	0.5	71.1519	-30.5665	0	-0.305857	-0.952077	0	None	None
ChainingRodShaped	8767	3.95171	0.5	-45.4278	12.8611	0	0.107767	-0.994176	0	None	None
ChainingRodShaped	8873	3.37805	0.5	-33.9173	22.2462	0	0.201404	0.979508	0	None	None
ChainingRodShaped	4805	4.50904	0.5	71.1786	76.429	0	0.63916	-0.769074	0	None	None
ChainingRodShaped	7541	3.8648	0.5	-9.30197	-26.7528	0	0.781035	-0.624487	0	None	None
ChainingRodShaped	11161	2.29796	0.5	41.9368	18.6386	0	-0.365971	-0.930626	0	None	None
ChainingRodShaped	8437	3.87293	0.5	61.2699	-28.5632	0	-0.0635102	0.997981	0	None	None
ChainingRodShaped	9469	3.19541	0.5	20.0995	-34.6888	0	0.989384	0.145325	0	None	None
ChainingRodShaped	8635	4.14019	0.5	-53.5586	-4.83866	0	-0.957495	0.28845	0	None	None
ChainingRodShaped	8587	2.80169	0.5	43.773	95.4877	0	0.984719	0.17415	0	None	None
ChainingRodShaped	11089	2.28049	0.5	37.9704	32.1579	0	0.997024	-0.0770885	0	None	None
ChainingRodShaped	11397	2.17004	0.5	-59.059	43.839	0	0.746527	-0.665355	0	None	None
ChainingRodShaped	9083	3.55612	0.5	0.301202	76.97	0	-0.170536	-0.985351	0	None	None
ChainingRodShaped	11569	2.23644	0.5	-19.9005	17.1176	0	0.868972	-0.494861	0	None	None
ChainingRodShaped	9011	3.59916	0.5	22.4293	33.6424	0	-0.0340298	0.999421	0	None	None
ChainingRodShaped	8319	3.67419	0.5	33.1842	66.5672	0	0.851499	0.524356	0	None	None
ChainingRodShaped	10467	2.69397	0.5	18.6636	103.199	0	0.480345	-0.877079	0	None	None
ChainingRodShaped	8925	3.16487	0.5	56.4496	2.73211	0	-0.960385	-0.278678	0	None	None
ChainingRodShaped	11471	2.34988	0.5	17.677	-41.4635	0	0.73974	-0.672892	0	None	None
ChainingRodShaped	4425	4.90442	0.5	16.2761	45.8261	0	0.749413	0.662102	0	None	None
ChainingRodShaped	5653	4.91538	0.5	85.7731	-1.48374	0	0.999309	0.0371651	0	None	None
ChainingRodShaped	7701	4.73962	0.5	-21.2423	35.3395	0	-0.997202	-0.0747565	0	None	None
ChainingRodShaped	6795	4.29416	0.5	22.5196	57.873	0	0.754207	0.656637	0	None	None
ChainingRodShaped	9055	3.63608	0.5	-19.994	48.5297	0	0.901328	-0.433137	0	None	None
ChainingRodShaped	10803	2.64744	0.5	-24.328	6.68736	0	-0.77816	-0.628066	0	None	None
ChainingRodShaped	6697	4.03855	0.5	-28.8785	-5.19962	0	0.988036	-0.154225	0	None	None
ChainingRodShaped	7883	3.56325	0.5	53.5736	23.4944	0	0.867911	-0.49672	0	None	None
ChainingRodShaped	7921	3.78418	0.5	-32.8298	101.895	0	0.544937	0.838477	0	None	None
ChainingRodShaped	7169	4.2555	0.5	45.3421	17.389	0	-0.52946	-0.848335	0	None	None
ChainingRodShaped	11453	2.35501	0.5	-19.8048	14.3505	0	0.853801	-0.5206	0	None	None
ChainingRodShaped	7227	3.66612	0.5	-34.0457	94.7159	0	-0.855454	0.517878	0	None	None
ChainingRodShaped	10935	2.71943	0.5	-8.80334	71.5366	0	0.575219	-0.817999	0	None	None
ChainingRodShaped	11041	2.59965	0.5	38.9928	-10.1514	0	-0.235325	-0.971917	0	None	None
ChainingRodShaped	9217	3.82264	0.5	16.0458	92.5461	0	-0.4827	0.875786	0	None	None
ChainingRodShaped	4343	4.38024	0.5	-27.5892	60.821	0	-0.155819	-0.987786	0	None	None
ChainingRodShaped	8333	3.98743	0.5	11.1273	14.591	0	0.995463	-0.0951473	0	None	None
ChainingRodShaped	9581	3.51702	0.5	-41.9517	83.0987	0	-0.650911	-0.759154	0	None	None
ChainingRodShaped	10501	2.93994	0.5	65.0877	-14.4126	0	-0.419567	0.907725	0	None	None
ChainingRodShaped	11567	2.12806	0.5	-70.8672	44.0121	0	-0.952658	0.304043	0	None	None
ChainingRodShaped	11207	2.36965	0.5	44.9567	-13.1777	0	-0.277259	-0.960795	0	None	None
ChainingRodShaped	8079	4.47185	0.5	-9.58357	100.286	0	0.0201417	-0.999797	0	None	None
ChainingRodShaped	6765	3.57209	0.5	-54.9669	29.0899	0	-0.898486	-0.439003	0	None	None
ChainingRodShaped	7613	4.76638	0.5	-69.8044	51.2209	0	0.989843	0.142167	0	None	None
ChainingRodShaped	4329	4.44346	0.5	-29.8253	93.0563	0	-0.822783	0.568356	0	None	None
ChainingRodShaped	4633	4.63849	0.5	-12.8928	49.7845	0	0.861758	-0.50732	0	None	None
ChainingRodShaped	8007	3.72452	0.5	21.2025	57.7917	0	0.758018	0.652234	0	None	None
ChainingRodShaped	9067	2.86343	0.5	-17.97	-41.9367	0	-0.833559	-0.55243	0	None	None
ChainingRodShaped	11363	2.19905	0.5	-4.36511	-38.1202	0	0.22476	0.974414	0	None	None
ChainingRodShaped	4549	4.97002	0.5	48.9039	87.3388	0	0.120064	-0.992766	0	None	None
ChainingRodShaped	11369	2.42624	0.5	46.3052	82.1927	0	0.464125	-0.88577	0	None	None
ChainingRodShaped	11291	2.33082	0.5	80.8894	-8.87557	0	-0.904588	-0.426286	0	None	None
ChainingRodShaped	6059	4.87231	0.5	-30.3515	78.5756	0	0.958047	0.286612	0	None	None
ChainingRodShaped	11343	2.26187	0.5	5.34236	92.4062	0	0.902534	0.430619	0	None	None
ChainingRodShaped	7595	4.31672	0.5	33.2737	-41.9233	0	0.969713	0.244246	0	None	None
ChainingRodShaped	7335	3.40154	0.5	3.28383	-46.4405	0	0.707523	-0.706691	0	None	None
ChainingRodShaped	7623	3.18031	0.5	75.0866	-2.38684	0	-0.120053	-0.992767	0	None	None
ChainingRodShaped	7199	3.41017	0.5	-55.6769	8.69752	0	-0.675244	0.737594	0	None	None
ChainingRodShaped	9867	2.96813	0.5	35.3193	-28.3637	0	0.988872	-0.148772	0	None	None
ChainingRodShaped	6693	4.92639	0.5	77.2974	34.6666	0	0.987675	0.156519	0	None	None
ChainingRodShaped	11947	2.04764	0.5	-13.5246	-39.3471	0	-0.0537486	-0.998554	0	None	None
ChainingRodShaped	9651	3.47967	0.5	-37.4933	4.56621	0	0.289759	0.9571	0	None	None
ChainingRodShaped	9839	3.25607	0.5	22.6453	13.1736	0	0.602614	-0.798033	0	None	None
ChainingRodShaped	6149	4.05128	0.5	-24.9809	75.9238	0	-0.994998	-0.0998915	0	None	None
ChainingRodShaped	5801	3.69896	0.5	49.0012	17.983	0	-0.972803	-0.231634	0	None	None
ChainingRodShaped	10831	2.68656	0.5	83.5655	65.125	0	0.313148	-0.949704	0	None	None
ChainingRodShaped	5287	4.99626	0.5	-7.08248	-34.4524	0	-0.954347	-0.2987	0	None	None
ChainingRodShaped	5663	4.74453	0.5	-39.6821	42.4915	0	0.78097	0.624569	0	None	None
ChainingRodShaped	8881	3.24909	0.5	-50.4361	81.303	0	0.918747	0.394848	0	None	None
ChainingRodShaped	9699	2.64259	0.5	27.816	37.3599	0	0.387073	-0.922049	0	None	None
ChainingRodShaped	8719	3.78714	0.5	24.0798	-29.0193	0	-0.332339	-0.94316	0	None	None
ChainingRodShaped	10901	2.63534	0.5	17.8053	-43.0196	0	0.979572	-0.201095	0	None	None
ChainingRodShaped	5347	4.51649	0.5	-38.3681	16.7616	0	0.995991	0.0894519	0	None	None
ChainingRodShaped	8935	3.62382	0.5	-0.0112929	1.92051	0	-0.895465	0.445133	0	None	None
ChainingRodShaped	5259	4.44824	0.5	-15.614	-1.49074	0	-0.78156	0.62383	0	None	None
ChainingRodShaped	7091	4.48927	0.5	-6.40006	7.61712	0	0.901564	-0.432645	0	None	None
ChainingRodShaped	9031	3.47967	0.5	8.16381	38.8135	0	-0.785695	0.618614	0	None	None
ChainingRodShaped	10303	3.12434	0.5	65.9025	-29.6177	0	0.122957	-0.992412	0	None	None
ChainingRodShaped	9221	3.08954	0.5	83.9832	0.171938	0	0.780866	0.624698	0	None	None
ChainingRodShaped	11731	2.10993	0.5	-56.3611	44.0455	0	0.572646	-0.819803	0	None	None
ChainingRodShaped	9589	2.78053	0.5	57.1675	11.7263	0	-0.989023	-0.147763	0	None	None
ChainingRodShaped	10615	2.90876	0.5	-17.5703	90.8226	0	0.183659	-0.98299	0	None	None
ChainingRodShaped	8513	3.5965	0.5	-28.0702	64.9416	0	0.0351116	0.999383	0	None	None
ChainingRodShaped	7603	4.35906	0.5	12.2008	107.48	0	0.999723	0.0235337	0	None	None
ChainingRodShaped	7097	3.50763	0.5	5.49736	109.062	0	0.967406	-0.253232	0	None	None
ChainingRodShaped	10073	3.09942	0.5	-72.8012	32.9716	0	-0.0413798	0.999143	0	None	None
ChainingRodShaped	9807	3.06034	0.5	-69.6016	41.6127	0	0.880519	0.474011	0	None	None
ChainingRodShaped	9427	2.95323	0.5	18.7443	95.0934	0	0.405204	-0.914226	0	None	None
ChainingRodShaped	4503	4.33352	0.5	79.4038	58.0481	0	0.090845	-0.995865	0	None	None
ChainingRodShaped	6801	4.32005	0.5	80.9746	15.9583	0	0.622687	-0.782471	0	None	None
ChainingRodShaped	9211	3.75013	0.5	-31.8533	4.38018	0	-0.943057	-0.33263	0	None	None
ChainingRodShaped	4603	4.74327	0.5	-19.4066	4.56024	0	-0.521414	0.853304	0	None	None
ChainingRodShaped	8805	4.19208	0.5	-12.3899	40.7098	0	0.949374	-0.314148	0	None	None
ChainingRodShaped	7423	4.88052	0.5	-24.5488	-18.5922	0	-0.313553	0.949571	0	None	None
ChainingRodShaped	10015	3.23999	0.5	58.25	-19.787	0	0.120623	-0.992698	0	None	None
ChainingRodShaped	4465	4.84495	0.5	-35.578	93.4631	0	-0.855449	0.517887	0	None	None
ChainingRodShaped	9305	3.48658	0.5	-20.2261	40.9839	0	0.946283	-0.323338	0	None	None
ChainingRodShaped	10239	2.89941	0.5	-2.75036	78.2923	0	-0.153699	-0.988118	0	None	None
ChainingRodShaped	7779	3.8591	0.5	-7.36271	100.745	0	-0.20019	-0.979757	0	None	None
ChainingRodShaped	7895	3.18984	0.5	23.9885	19.3329	0	-0.0105151	0.999945	0	None	None
ChainingRodShaped	7703	4.11823	0.5	-2.95076	92.5027	0	0.893389	0.449283	0	None	None
ChainingRodShaped	12037	2.01475	0.5	-1.40643	22.8653	0	0.590863	-0.806772	0	None	None
ChainingRodShaped	9827	2.87728	0.5	15.6652	34.8269	0	-0.0927711	0.995687	0	None	None
ChainingRodShaped	7741	3.34938	0.5	38.4945	1.44657	0	0.621033	-0.783784	0	None	None
ChainingRodShaped	8835	3.16528	0.5	-51.7923	28.6667	0	-0.933913	-0.3575	0	None	None
ChainingRodShaped	10725	2.55838	0.5	31.2218	53.8768	0	-0.104388	0.994537	0	None	None
ChainingRodShaped	10259	2.74062	0.5	55.3675	76.8799	0	0.300302	0.953844	0	None	None
ChainingRodShaped	8255	4.25646	0.5	45.8386	41.6009	0	-0.904724	-0.425998	0	None	None
ChainingRodShaped	10233	3.07591	0.5	30.4516	82.1498	0	0.809262	0.587448	0	None	None
ChainingRodShaped	10875	2.5809	0.5	22.2711	-26.5229	0	-0.91906	-0.394118	0	None	None
ChainingRodShaped	7211	4.86872	0.5	6.86638	44.0104	0	-0.837247	-0.546825	0	None	None
ChainingRodShaped	9233	3.15431	0.5	54.3971	-4.8565	0	0.859279	0.511507	0	None	None
ChainingRodShaped	7255	3.60578	0.5	6.2226	15.8925	0	0.989657	-0.143457	0	None	None
ChainingRodShaped	8897	4.02393	0.5	-41.1847	2.55596	0	0.930344	0.366687	0	None	None
ChainingRodShaped	4839	4.86512	0.5	-38.6166	18.3893	0	0.995995	0.089408	0	None	None
ChainingRodShaped	8365	4.03251	0.5	14.0841	37.3701	0	-0.0118473	0.99993	0	None	None
ChainingRodShaped	11565	2.29649	0.5	-20.2261	19.1918	0	0.825338	-0.564639	0	None	None
ChainingRodShaped	11423	2.29202	0.5	42.5197	89.8058	0	0.809084	0.587693	0	None	None
ChainingRodShaped	7219	3.40182	0.5	-26.2307	-38.1714	0	0.845209	0.534436	0	None	None
ChainingRodShaped	4869	4.99786	0.5	48.5419	77.1819	0	0.0564338	-0.998406	0	None	None
ChainingRodShaped	4767	4.22138	0.5	26.932	49.7922	0	0.638392	0.769711	0	None	None
ChainingRodShaped	9125	3.78369	0.5	-39.8514	64.2454	0	-0.627599	-0.778537	0	None	None
ChainingRodShaped	9303	2.83046	0.5	-30.1706	15.1702	0	0.980489	0.196572	0	None	None
ChainingRodShaped	6989	4.32613	0.5	-33.9803	70.5133	0	-0.607453	-0.794356	0	None	None
ChainingRodShaped	7697	4.24968	0.5	-21.5081	89.1206	0	-0.0873247	0.99618	0	None	None
ChainingRodShaped	9359	3.48819	0.5	-2.09879	7.89359	0	0.97231	-0.233694	0	None	None
ChainingRodShaped	8951	3.77256	0.5	-0.511153	-4.72775	0	-0.885954	0.463773	0	None	None
ChainingRodShaped	5743	4.0359	0.5	27.5339	104.84	0	0.807504	0.589862	0	None	None
ChainingRodShaped	9987	2.80711	0.5	60.4541	41.2604	0	-0.999179	-0.0405143	0	None	None
ChainingRodShaped	7509	4.12149	0.5	-6.75421	-48.7571	0	0.331304	0.943524	0	None	None
ChainingRodShaped	7621	4.61961	0.5	28.9946	-42.65	0	0.95235	-0.305006	0	None	None
ChainingRodShaped	6645	4.99038	0.5	14.7384	-17.1233	0	-0.680245	0.732985	0	None	None
ChainingRodShaped	7081	4.23046	0.5	-8.29156	50.0221	0	0.808725	-0.588186	0	None	None
ChainingRodShaped	9761	2.86084	0.5	44.7604	-6.28329	0	-0.397887	-0.917435	0	None	None
ChainingRodShaped	11497	2.14779	0.5	-0.602264	-33.9599	0	-0.999697	0.0246167	0	None	None
ChainingRodShaped	11315	2.33991	0.5	46.0085	-16.7055	0	-0.447167	-0.89445	0	None	None
ChainingRodShaped	5473	4.7712	0.5	-16.8458	29.5509	0	0.843702	-0.536812	0	None	None
ChainingRodShaped	5631	3.85771	0.5	-8.07529	7.62754	0	0.905931	-0.423425	0	None	None
ChainingRodShaped	9019	3.77869	0.5	65.368	-1.20351	0	0.0254988	0.999675	0	None	None
ChainingRodShaped	4543	4.47114	0.5	-21.0721	12.4838	0	-0.858993	0.511987	0	None	None
ChainingRodShaped	7183	3.28216	0.5	-5.9371	20.513	0	0.723611	-0.690208	0	None	None
ChainingRodShaped	8589	3.67999	0.5	52.5441	45.8435	0	0.934484	0.356006	0	None	None
ChainingRodShaped	7419	3.77064	0.5	69.829	56.8218	0	0.775897	0.63086	0	None	None
ChainingRodShaped	8603	2.83326	0.5	60.5741	52.8543	0	0.833159	0.553033	0	None	None
ChainingRodShaped	10563	2.78481	0.5	16.8768	42.3886	0	0.747562	0.664192	0	None	None
ChainingRodShaped	4765	4.27091	0.5	-54.2798	-17.1451	0	-0.854059	0.520175	0	None	None
ChainingRodShaped	4897	4.10822	0.5	0.978561	37.3549	0	0.879543	-0.475819	0	None	None
ChainingRodShaped	7783	3.55831	0.5	-30.415	43.9301	0	-0.277675	-0.960675	0	None	None
ChainingRodShaped	8279	3.86453	0.5	-33.7778	58.8019	0	0.128876	0.991661	0	None	None
ChainingRodShaped	9749	3.18338	0.5	-64.763	62.6897	0	-0.649002	0.760787	0	None	None
ChainingRodShaped	10033	3.09607	0.5	-57.3862	60.5642	0	0.512156	-0.858892	0	None	None
ChainingRodShaped	10813	2.3951	0.5	-36.7679	-15.7192	0	-0.993172	0.11666	0	None	None
ChainingRodShaped	10173	2.47933	0.5	-30.3012	-35.5397	0	0.999866	-0.0163982	0	None	None
ChainingRodShaped	8113	3.4759	0.5	38.1379	81.3429	0	0.988667	0.150127	0	None	None
ChainingRodShaped	10247	3.14995	0.5	27.1412	9.17409	0	0.739294	0.673383	0	None	None
ChainingRodShaped	9201	3.78733	0.5	23.5721	-19.8954	0	-0.869094	-0.494646	0	None	None
ChainingRodShaped	9479	2.74969	0.5	-15.9556	-27.9558	0	0.602905	0.797813	0	None	None
ChainingRodShaped	5607	4.21643	0.5	-65.4514	12.7285	0	-0.706663	0.70755	0	None	None
ChainingRodShaped	8475	4.19707	0.5	-45.3454	-18.5411	0	0.839147	-0.543905	0	None	None
ChainingRodShaped	9949	2.56575	0.5	-40.057	28.2565	0	-0.750119	-0.661303	0	None	None
ChainingRodShaped	10491	2.8085	0.5	10.3698	23.1151	0	-0.176696	0.984266	0	None	None
ChainingRodShaped	8457	3.04918	0.5	64.9547	-18.4889	0	0.417172	-0.908827	0	None	None
ChainingRodShaped	6205	4.39578	0.5	31.6808	60.9391	0	0.845523	0.533939	0	None	None
ChainingRodShaped	7813	4.80011	0.5	30.1218	29.663	0	-0.028266	-0.9996	0	None	None
ChainingRodShaped	8277	4.58457	0.5	7.79118	-32.7301	0	0.171705	-0.985148	0	None	None
ChainingRodShaped	8025	4.72452	0.5	27.0853	30.9206	0	0.0160778	0.999871	0	None	None
ChainingRodShaped	9543	2.85145	0.5	36.3809	96.1376	0	0.71211	0.702068	0	None	None
ChainingRodShaped	5393	4.22829	0.5	75.5072	61.6588	0	0.864648	-0.502377	0	None	None
ChainingRodShaped	8397	3.6665	0.5	92.9496	38.1695	0	0.98565	-0.168804	0	None	None
ChainingRodShaped	4849	4.71438	0.5	-13.0069	77.1132	0	-0.0611978	-0.998126	0	None	None
ChainingRodShaped	7569	4.04409	0.5	55.025	68.9115	0	0.147703	0.989032	0	None	None
ChainingRodShaped	6255	3.66353	0.5	-11.4915	102.502	0	0.0171176	-0.999853	0	None	None
ChainingRodShaped	11443	2.34732	0.5	18.9931	74.4488	0	0.969056	0.246841	0	None	None
ChainingRodShaped	8811	2.82442	0.5	52.4145	85.4584	0	0.0437687	-0.999042	0	None	None
ChainingRodShaped	7553	4.78313	0.5	-32.3441	78.9202	0	0.960861	0.27703	0	None	None
ChainingRodShaped	9179	2.68553	0.5	9.41026	64.4346	0	0.644908	-0.76426	0	None	None
ChainingRodShaped	9517	3.5395	0.5	36.7566	39.0137	0	0.930969	-0.365097	0	None	None
ChainingRodShaped	9509	3.01201	0.5	-38.7098	19.1924	0	0.995053	0.0993469	0	None	None
ChainingRodShaped	9347	2.87219	0.5	41.4806	-40.5404	0	0.879618	0.47568	0	None	None
ChainingRodShaped	10779	2.30175	0.5	49.0819	-10.8678	0	0.397668	0.917529	0	None	None
ChainingRodShaped	10697	2.58951	0.5	-6.18897	23.8966	0	0.746086	-0.66585	0	None	None
ChainingRodShaped	6711	4.18361	0.5	39.8198	-28.8575	0	0.983669	0.179986	0	None	None
ChainingRodShaped	8937	3.19877	0.5	24.8864	50.5219	0	-0.66118	-0.750227	0	None	None
ChainingRodShaped	11385	2.26044	0.5	65.6832	7.77459	0	0.969335	0.245745	0	None	None
ChainingRodShaped	7217	4.61443	0.5	51.6397	-36.1489	0	-0.135976	-0.990712	0	None	None
ChainingRodShaped	5089	4.93023	0.5	44.5775	-30.7025	0	0.756985	0.653432	0	None	None
ChainingRodShaped	6155	4.50171	0.5	-16.8821	37.146	0	-0.955882	-0.29375	0	None	None
ChainingRodShaped	8243	3.63894	0.5	24.9709	87.6851	0	-0.0188384	-0.999823	0	None	None
ChainingRodShaped	8093	3.92349	0.5	22.9296	63.1897	0	0.39279	0.919628	0	None	None
ChainingRodShaped	8573	3.57496	0.5	25.4572	-9.39444	0	0.08719	-0.996192	0	None	None
ChainingRodShaped	4921	4.95002	0.5	56.9078	30.6249	0	0.851574	-0.524234	0	None	None
ChainingRodShaped	7615	4.70181	0.5	67.0256	-9.54725	0	-0.332245	0.943193	0	None	None
ChainingRodShaped	8617	3.38703	0.5	-27.6986	76.8432	0	0.949045	0.315141	0	None	None
ChainingRodShaped	8345	3.56154	0.5	3.1479	11.4158	0	0.996116	-0.0880491	0	None	None
ChainingRodShaped	5297	4.76468	0.5	17.4321	107.386	0	0.753892	-0.656999	0	None	None
ChainingRodShaped	7749	3.98868	0.5	-6.23313	72.1706	0	0.650081	-0.759865	0	None	None
ChainingRodShaped	8043	4.70077	0.5	41.9224	6.01413	0	-0.515168	-0.857089	0	None	None
ChainingRodShaped	11025	2.28908	0.5	-17.7945	69.7473	0	-0.832936	0.55337	0	None	None
ChainingRodShaped	4629	4.38848	0.5	80.7335	27.8664	0	-0.874543	-0.484949	0	None	None
ChainingRodShaped	6347	3.48931	0.5	-33.8439	49.2134	0	-0.10603	0.994363	0	None	None
ChainingRodShaped	10121	3.14153	0.5	22.7538	-32.5199	0	0.999825	-0.0187107	0	None	None
ChainingRodShaped	10557	2.92358	0.5	-18.7172	101.803	0	0.974697	-0.223529	0	None	None
ChainingRodShaped	10711	2.66574	0.5	53.1572	-12.4692	0	0.490836	0.871252	0	None	None
ChainingRodShaped	11603	2.26187	0.5	56.0893	76.28	0	0.309812	0.950798	0	None	None
ChainingRodShaped	6041	4.23	0.5	59.8726	30.3927	0	0.793019	-0.609197	0	None	None
ChainingRodShaped	10883	2.41853	0.5	12.2125	-24.5851	0	0.336643	-0.941633	0	None	None
ChainingRodShaped	11951	2.07241	0.5	21.3266	100.419	0	0.488074	-0.872802	0	None	None
ChainingRodShaped	8553	3.20972	0.5	33.9994	12.2511	0	-0.618544	-0.78575	0	None	None
ChainingRodShaped	8691	4.10918	0.5	-43.1722	64.1931	0	0.613879	0.7894	0	None	None
ChainingRodShaped	8761	2.84923	0.5	-3.06012	97.1354	0	0.994074	-0.108702	0	None	None
ChainingRodShaped	6489	3.93386	0.5	-20.9066	22.672	0	0.824159	-0.566358	0	None	None
ChainingRodShaped	9983	3.1582	0.5	9.22791	-23.4932	0	0.347733	-0.937594	0	None	None
ChainingRodShaped	7013	4.8533	0.5	-34.726	-18.7726	0	-0.98157	0.191101	0	None	None
ChainingRodShaped	11861	2.12532	0.5	68.1686	-18.6562	0	-0.523862	0.851803	0	None	None
ChainingRodShaped	8233	3.85593	0.5	-3.94976	-40.3526	0	0.2345	0.972116	0	None	None
ChainingRodShaped	5203	4.3322	0.5	-49.0246	33.0294	0	-0.83603	-0.548684	0	None	None
ChainingRodShaped	8849	3.60138	0.5	26.6096	64.8452	0	0.555287	0.831659	0	None	None
ChainingRodShaped	8387	3.1546	0.5	22.4569	64.173	0	0.383507	0.923538	0	None	None
ChainingRodShaped	7919	4.05906	0.5	-55.1471	-3.42988	0	-0.95456	0.298018	0	None	None
ChainingRodShaped	11635	2.26812	0.5	20.8401	-46.8811	0	-0.954949	-0.29677	0	None	None
ChainingRodShaped	4829	4.18056	0.5	-25.4979	56.012	0	0.400412	-0.916335	0	None	None
ChainingRodShaped	6129	3.85526	0.5	60.5862	81.4501	0	0.516109	0.856523	0	None	None
ChainingRodShaped	11627	2.2418	0.5	-11.9718	9.13545	0	0.534416	-0.845221	0	None	None
ChainingRodShaped	9863	2.93888	0.5	5.1814	94.4283	0	-0.877554	-0.479478	0	None	None
ChainingRodShaped	7633	4.52586	0.5	-35.0716	-17.8418	0	-0.981342	0.192271	0	None	None
ChainingRodShaped	7295	4.09016	0.5	-45.6121	27.9183	0	-0.758421	-0.651765	0	None	None
ChainingRodShaped	11557	2.15126	0.5	88.5035	14.0958	0	0.428785	-0.903407	0	None	None
ChainingRodShaped	5935	4.60059	0.5	-1.79551	56.2061	0	0.996659	-0.0816798	0	None	None
ChainingRodShaped	4725	4.20354	0.5	-13.1697	57.8163	0	0.95989	-0.280376	0	None	None
ChainingRodShaped	10999	2.49199	0.5	-47.0647	90.6882	0	-0.557852	-0.829941	0	None	None
ChainingRodShaped	5993	4.8488	0.5	-1.02219	64.0112	0	0.995386	-0.0959558	0	None	None
ChainingRodShaped	11777	2.07577	0.5	52.2373	7.53578	0	0.973516	0.228617	0	None	None
ChainingRodShaped	9681	2.56327	0.5	-48.6117	-26.1835	0	-0.894347	0.447373	0	None	None
ChainingRodShaped	10485	2.93896	0.5	-18.0476	21.6216	0	0.763012	-0.646384	0	None	None
ChainingRodShaped	6519	4.60972	0.5	-59.8466	1.98357	0	0.83973	-0.543004	0	None	None
ChainingRodShaped	7555	4.63377	0.5	29.9299	-38.4315	0	0.998552	0.053798	0	None	None
ChainingRodShaped	11897	2.08424	0.5	1.80065	108.978	0	0.110535	0.993872	0	None	None
ChainingRodShaped	8469	4.08097	0.5	46.0191	61.9386	0	-0.0390279	-0.999238	0	None	None
ChainingRodShaped	11667	2.15806	0.5	56.2331	64.9611	0	0.810179	0.586183	0	None	None
ChainingRodShaped	10385	2.72194	0.5	13.9773	-45.0291	0	0.977509	-0.210895	0	None	None
ChainingRodShaped	9255	3.80534	0.5	27.8026	10.7635	0	0.732521	0.680744	0	None	None
ChainingRodShaped	7973	4.72586	0.5	29.1852	50.0402	0	-0.0711882	0.997463	0	None	None
ChainingRodShaped	8793	3.42009	0.5	7.46411	86.7577	0	-0.475269	-0.879841	0	None	None
ChainingRodShaped	8687	3.86967	0.5	-9.82656	86.4369	0	0.972377	-0.233417	0	None	None
ChainingRodShaped	10687	2.8512	0.5	-14.4598	23.817	0	0.768418	-0.639948	0	None	None
ChainingRodShaped	10845	2.35806	0.5	38.8737	79.7624	0	0.6098	0.792555	0	None	None
ChainingRodShaped	10113	2.81644	0.5	-50.2883	38.6774	0	0.925248	0.379363	0	None	None
ChainingRodShaped	8885	3.52685	0.5	88.4386	17.9689	0	0.0760743	-0.997102	0	None	None
ChainingRodShaped	7609	4.95827	0.5	-0.711168	48.7129	0	0.999873	-0.0159104	0	None	None
ChainingRodShaped	6223	4.35103	0.5	31.221	-37.4806	0	0.999039	0.0438263	0	None	None
ChainingRodShaped	11081	2.3567	0.5	-18.2009	-23.2793	0	-0.192331	-0.98133	0	None	None
ChainingRodShaped	11003	2.35289	0.5	-45.7127	54.2909	0	-0.75961	-0.650379	0	None	None
ChainingRodShaped	9227	2.74404	0.5	-30.1443	-18.4534	0	0.129023	-0.991642	0	None	None
ChainingRodShaped	7815	3.31805	0.5	33.4797	46.7184	0	0.115417	-0.993317	0	None	None
ChainingRodShaped	7729	3.3377	0.5	37.502	94.6779	0	0.716818	0.697261	0	None	None
ChainingRodShaped	7031	4.7767	0.5	33.1906	-44.3921	0	0.894074	0.447919	0	None	None
ChainingRodShaped	6571	4.01238	0.5	-3.98152	4.42671	0	0.999369	-0.0355307	0	None	None
ChainingRodShaped	5789	3.77174	0.5	-17.1692	-7.74256	0	0.0572535	-0.99836	0	None	None
ChainingRodShaped	6487	3.45461	0.5	-38.4283	15.9325	0	0.995489	0.094872	0	None	None
ChainingRodShaped	9593	2.92144	0.5	16.5691	38.5613	0	0.0240559	-0.999711	0	None	None
ChainingRodShaped	8169	4.00947	0.5	-40.703	1.8364	0	0.930275	0.366863	0	None	None
ChainingRodShaped	11833	2.09451	0.5	-19.497	41.5936	0	0.943042	-0.332675	0	None	None
ChainingRodShaped	6631	3.52821	0.5	0.816305	43.1648	0	0.859396	-0.51131	0	None	None
ChainingRodShaped	5745	4.50053	0.5	35.3721	-39.2807	0	0.924874	0.380274	0	None	None
ChainingRodShaped	9809	3.05252	0.5	-1.15516	-14.3071	0	0.431154	-0.902278	0	None	None
ChainingRodShaped	8801	4.00776	0.5	1.88341	93.8008	0	0.912127	0.409908	0	None	None
ChainingRodShaped	6011	3.79466	0.5	6.85063	17.396	0	0.986611	-0.16309	0	None	None
ChainingRodShaped	9707	2.62843	0.5	44.7887	-2.82959	0	0.11713	-0.993117	0	None	None
ChainingRodShaped	7381	4.22208	0.5	-41.2725	-24.9626	0	0.723395	0.690435	0	None	None
ChainingRodShaped	7693	4.0675	0.5	-8.37376	-44.9105	0	-0.336583	-0.941654	0	None	None
ChainingRodShaped	10171	2.61953	0.5	-12.0032	-50.3974	0	0.960863	-0.277024	0	None	None
ChainingRodShaped	8959	2.79607	0.5	6.89015	34.399	0	0.79472	-0.606976	0	None	None
ChainingRodShaped	10235	2.61823	0.5	18.6679	99.6288	0	0.501936	-0.864905	0	None	None
ChainingRodShaped	8533	4.157	0.5	38.0862	61.1158	0	0.184164	-0.982895	0	None	None
ChainingRodShaped	9883	2.53945	0.5	-70.3625	23.0075	0	-0.621646	0.783298	0	None	None
ChainingRodShaped	7913	4.10537	0.5	-36.7464	60.7217	0	-0.819072	-0.573691	0	None	None
ChainingRodShaped	7545	3.11826	0.5	-55.3376	11.6556	0	0.958065	-0.28655	0	None	None
ChainingRodShaped	5627	4.21564	0.5	-60.8214	44.0252	0	0.792384	-0.610023	0	None	None
ChainingRodShaped	5701	3.81583	0.5	17.0945	45.6504	0	0.742879	0.669426	0	None	None
ChainingRodShaped	5305	4.09692	0.5	42.2978	59.6976	0	0.104314	-0.994544	0	None	None
ChainingRodShaped	5643	4.08675	0.5	-14.4105	34.1982	0	-0.956006	-0.293348	0	None	None
ChainingRodShaped	11055	2.23382	0.5	16.3486	-32.8451	0	0.152807	-0.988256	0	None	None
ChainingRodShaped	11275	2.40068	0.5	-5.92562	53.0021	0	0.810988	-0.585062	0	None	None
ChainingRodShaped	6585	3.98375	0.5	9.07582	-20.371	0	0.306102	-0.951999	0	None	None
ChainingRodShaped	5179	4.50786	0.5	65.7265	45.2565	0	-0.156178	-0.987729	0	None	None
ChainingRodShaped	7477	3.65897	0.5	73.6278	33.124	0	0.986046	0.166474	0	None	None
ChainingRodShaped	10651	2.7806	0.5	37.8366	-46.4688	0	0.917331	0.398126	0	None	None
ChainingRodShaped	5973	4.59397	0.5	-11.7747	-40.2348	0	-0.033783	-0.999429	0	None	None
ChainingRodShaped	5293	4.3394	0.5	-50.7868	39.4247	0	0.921409	0.388595	0	None	None
ChainingRodShaped	11211	2.35976	0.5	78.0189	50.0887	0	-0.477697	-0.878524	0	None	None
ChainingRodShaped	8585	3.15066	0.5	59.0044	37.9364	0	-0.997878	-0.0651185	0	None	None
ChainingRodShaped	9415	3.74076	0.5	-4.16692	-12.0737	0	0.794382	-0.607418	0	None	None
ChainingRodShaped	5121	4.11761	0.5	-32.3423	49.579	0	-0.0966282	0.995321	0	None	None
ChainingRodShaped	11105	2.27805	0.5	31.5782	22.981	0	0.541983	-0.84039	0	None	None
ChainingRodShaped	9783	2.52868	0.5	-4.89406	58.7729	0	0.996268	-0.0863188	0	None	None
ChainingRodShaped	5831	4.97083	0.5	9.74642	6.04825	0	0.328603	-0.944468	0	None	None
ChainingRodShaped	8129	3.078	0.5	-24.6388	102.501	0	0.721006	-0.692929	0	None	None
ChainingRodShaped	9615	2.8078	0.5	36.8667	52.367	0	0.0649202	-0.99789	0	None	None
ChainingRodShaped	10529	2.64254	0.5	87.1953	43.2934	0	0.639223	0.769021	0	None	None
ChainingRodShaped	10481	2.79876	0.5	11.3537	83.5866	0	-0.54805	-0.836445	0	None	None
ChainingRodShaped	7799	4.75506	0.5	-28.8114	93.4013	0	-0.81705	0.576566	0	None	None
ChainingRodShaped	10037	2.77104	0.5	39.086	8.60528	0	-0.551915	-0.8339	0	None	None
ChainingRodShaped	5231	4.47367	0.5	38.8725	-7.80878	0	-0.467495	-0.883996	0	None	None
ChainingRodShaped	8637	2.91599	0.5	80.6787	61.5885	0	0.29428	-0.955719	0	None	None
ChainingRodShaped	9025	3.37582	0.5	-56.681	55.0388	0	-0.899085	0.437774	0	None	None
ChainingRodShaped	8919	2.84406	0.5	40.2955	51.4032	0	-0.183898	-0.982945	0	None	None
ChainingRodShaped	9495	3.00201	0.5	63.3404	68.9635	0	-0.316522	0.948585	0	None	None
ChainingRodShaped	5081	4.95994	0.5	-27.847	42.4587	0	0.000386553	-1	0	None	None
ChainingRodShaped	10743	2.6618	0.5	-1.60474	-47.52	0	0.0542157	0.998529	0	None	None
ChainingRodShaped	11039	2.62931	0.5	-3.44929	14.8712	0	0.597045	-0.802207	0	None	None
ChainingRodShaped	11467	2.16907	0.5	8.26909	69.1091	0	0.666843	-0.745199	0	None	None
ChainingRodShaped	8653	3.38495	0.5	60.1181	60.7146	0	0.822651	0.568546	0	None	None
ChainingRodShaped	8479	3.01657	0.5	-19.0717	-38.0565	0	0.769222	0.638982	0	None	None
ChainingRodShaped	9723	3.16182	0.5	51.7032	-27.9636	0	0.749828	0.661633	0	None	None
ChainingRodShaped	6945	3.63761	0.5	31.0239	103.796	0	0.474267	-0.880381	0	None	None
ChainingRodShaped	7591	4.34603	0.5	16.8675	-30.4449	0	0.162603	-0.986692	0	None	None
ChainingRodShaped	11571	2.28106	0.5	16.8198	11.9732	0	0.706977	-0.707236	0	None	None
ChainingRodShaped	5067	4.67359	0.5	3.34986	101.884	0	0.884741	0.466083	0	None	None
ChainingRodShaped	5593	4.25667	0.5	51.4674	40.5584	0	0.882247	0.470787	0	None	None
ChainingRodShaped	9455	3.13939	0.5	56.2723	15.5488	0	-0.986042	-0.166495	0	None	None
ChainingRodShaped	10111	2.46007	0.5	20.2374	20.3262	0	0.0435106	-0.999053	0	None	None
ChainingRodShaped	8061	3.07662	0.5	35.5988	101.952	0	-0.702163	-0.712016	0	None	None
ChainingRodShaped	8217	3.13581	0.5	32.8469	-45.6072	0	0.89851	0.438952	0	None	None
ChainingRodShaped	11021	2.58206	0.5	-40.7929	50.4143	0	-0.745878	-0.666083	0	None	None
ChainingRodShaped	11865	2.11315	0.5	43.5887	44.1554	0	0.932125	0.362136	0	None	None
ChainingRodShaped	9195	2.89011	0.5	-32.9277	53.6695	0	0.167656	0.985846	0	None	None
ChainingRodShaped	7345	4.64092	0.5	-64.6185	21.894	0	-0.214105	0.976811	0	None	None
ChainingRodShaped	6819	4.73633	0.5	25.627	49.3271	0	0.646055	0.763291	0	None	None
ChainingRodShaped	9805	2.92668	0.5	32.3932	32.7289	0	0.390289	-0.920693	0	None	None
ChainingRodShaped	10473	2.40794	0.5	-1.49511	58.5048	0	-0.996273	0.0862608	0	None	None
ChainingRodShaped	8709	3.72647	0.5	50.0148	-27.0827	0	0.741905	0.670505	0	None	None
ChainingRodShaped	9671	3.48519	0.5	33.7462	-9.90617	0	-0.529529	-0.848292	0	None	None
ChainingRodShaped	9253	3.6823	0.5	-69.7361	3.52834	0	0.999983	0.0058447	0	None	None
ChainingRodShaped	11673	2.14691	0.5	8.85698	78.359	0	-0.711288	-0.702901	0	None	None
ChainingRodShaped	6063	4.09945	0.5	4.78613	-10.4597	0	-0.915097	0.403234	0	None	None
ChainingRodShaped	8011	4.53551	0.5	30.9084	8.70236	0	-0.725149	-0.688592	0	None	None
ChainingRodShaped	9843	2.83882	0.5	-17.7598	110.164	0	0.999752	0.0222533	0	None	None
ChainingRodShaped	7099	4.81411	0.5	82.1435	37.1684	0	-0.975479	-0.220091	0	None	None
ChainingRodShaped	8645	3.72718	0.5	6.20601	79.3061	0	-0.707857	-0.706356	0	None	None
ChainingRodShaped	11585	2.11315	0.5	-15.0286	68.3779	0	-0.944203	0.329363	0	None	None
ChainingRodShaped	10227	3.03196	0.5	61.2255	-34.9829	0	-0.951839	0.306598	0	None	None
ChainingRodShaped	7117	3.28049	0.5	-72.3286	9.22676	0	0.292502	-0.956265	0	None	None
ChainingRodShaped	5445	3.96378	0.5	9.92074	78.233	0	-0.708123	-0.706089	0	None	None
ChainingRodShaped	9737	2.74046	0.5	-29.8245	90.9442	0	-0.833992	0.551777	0	None	None
ChainingRodShaped	10927	2.53941	0.5	-29.115	12.3609	0	0.981769	0.190078	0	None	None
ChainingRodShaped	9433	3.41602	0.5	53.856	30.6058	0	-0.864824	0.502075	0	None	None
ChainingRodShaped	11015	2.25612	0.5	24.3807	39.2827	0	0.0843544	0.996436	0	None	None
ChainingRodShaped	6857	3.50661	0.5	22.9076	90.4113	0	0.132605	-0.991169	0	None	None
ChainingRodShaped	6371	4.49588	0.5	20.3541	87.0372	0	-0.861465	-0.507818	0	None	None
ChainingRodShaped	8407	2.96791	0.5	-42.7645	97.6151	0	0.298883	0.95429	0	None	None
ChainingRodShaped	6609	4.76282	0.5	-70.2303	27.868	0	-0.496432	0.868075	0	None	None
ChainingRodShaped	8717	2.85339	0.5	34.0051	84.3436	0	0.584726	0.811231	0	None	None
ChainingRodShaped	8867	3.74699	0.5	13.0694	45.9353	0	0.742639	0.669692	0	None	None
ChainingRodShaped	8231	4.52918	0.5	5.22956	-3.97618	0	-0.757603	0.652716	0	None	None
ChainingRodShaped	7171	3.74879	0.5	7.42034	2.00364	0	0.362419	-0.932015	0	None	None
ChainingRodShaped	7043	3.90988	0.5	-36.3728	-26.5617	0	0.713018	0.701146	0	None	None
ChainingRodShaped	6935	3.98528	0.5	9.56094	28.2601	0	0.856391	0.516327	0	None	None
ChainingRodShaped	11191	2.38507	0.5	-7.05506	85.2146	0	0.958128	0.286341	0	None	None
ChainingRodShaped	5531	4.99326	0.5	-44.1274	74.562	0	0.632045	0.774932	0	None	None
ChainingRodShaped	5909	3.6948	0.5	86.2433	43.6315	0	0.633508	0.773736	0	None	None
ChainingRodShaped	9781	3.26337	0.5	7.95535	84.2281	0	-0.488968	-0.872302	0	None	None
ChainingRodShaped	10431	2.85556	0.5	59.8439	64.4955	0	0.801005	0.598658	0	None	None
ChainingRodShaped	12077	2.00453	0.5	68.0307	75.2401	0	0.827176	-0.561943	0	None	None
ChainingRodShaped	8543	3.69026	0.5	23.7881	-9.53081	0	-0.429814	-0.902917	0	None	None
ChainingRodShaped	8431	3.40859	0.5	-40.7241	20.7958	0	0.879863	-0.475227	0	None	None
ChainingRodShaped	9845	3.38458	0.5	70.2541	53.1468	0	-0.533506	-0.845796	0	None	None
ChainingRodShaped	8509	3.21718	0.5	35.4202	-51.0626	0	0.839449	0.543439	0	None	None
ChainingRodShaped	10065	2.49843	0.5	46.9323	-16.8179	0	0.456153	0.889901	0	None	None
ChainingRodShaped	5139	4.60152	0.5	-13.976	5.71772	0	0.952769	-0.303697	0	None	None
ChainingRodShaped	5813	4.56075	0.5	28.1579	3.02861	0	-0.747689	-0.664049	0	None	None
ChainingRodShaped	8973	3.45104	0.5	37.7854	-21.3615	0	-0.87707	-0.480363	0	None	None
ChainingRodShaped	9625	3.08103	0.5	50.3616	64.7978	0	-0.0655369	-0.99785	0	None	None
ChainingRodShaped	10553	2.52863	0.5	75.9163	13.2619	0	0.826356	-0.563148	0	None	None
ChainingRodShaped	7977	4.70662	0.5	-52.2592	65.835	0	0.673331	0.739342	0	None	None
ChainingRodShaped	6343	4.37643	0.5	53.195	86.5975	0	0.03373	-0.999431	0	None	None
ChainingRodShaped	5421	4.36371	0.5	61.1388	-16.4218	0	0.383166	-0.923679	0	None	None
ChainingRodShaped	5819	4.27789	0.5	27.4322	105.924	0	0.803045	0.595918	0	None	None
ChainingRodShaped	11553	2.1153	0.5	-23.9942	11.9008	0	0.746106	0.665828	0	None	None
ChainingRodShaped	6365	3.57998	0.5	18.2965	-46.6363	0	0.967715	0.252047	0	None	None
ChainingRodShaped	10537	2.35662	0.5	-44.3899	68.4019	0	0.612127	0.790759	0	None	None
ChainingRodShaped	11519	2.13072	0.5	-14.5127	-43.9485	0	-0.980483	0.196605	0	None	None
ChainingRodShaped	9117	3.94172	0.5	51.9962	26.1711	0	0.880937	-0.473234	0	None	None
ChainingRodShaped	9351	2.6668	0.5	-26.8971	-19.5324	0	0.304018	-0.952666	0	None	None
ChainingRodShaped	10151	2.51654	0.5	55.177	54.3159	0	0.824551	0.565788	0	None	None
ChainingRodShaped	8211	3.23853	0.5	-45.1877	58.6101	0	0.604177	0.79685	0	None	None
ChainingRodShaped	9933	3.04954	0.5	-51.1111	60.2117	0	0.997635	0.0687317	0	None	None
ChainingRodShaped	7233	3.99126	0.5	-9.47062	4.94618	0	-0.910258	0.414042	0	None	None
ChainingRodShaped	6563	4.67546	0.5	87.3799	9.69122	0	0.395698	-0.918381	0	None	None
ChainingRodShaped	8053	3.39289	0.5	-14.9501	2.9466	0	-0.763184	0.646182	0	None	None
ChainingRodShaped	5225	4.68486	0.5	75.7153	36.2996	0	-0.805106	-0.59313	0	None	None
ChainingRodShaped	10931	2.37058	0.5	35.5097	22.1529	0	0.966138	-0.258025	0	None	None
ChainingRodShaped	5589	3.92176	0.5	-28.2973	24.6622	0	0.980296	0.197536	0	None	None
ChainingRodShaped	10097	2.45909	0.5	-29.2937	60.7552	0	-0.145141	-0.989411	0	None	None
ChainingRodShaped	11805	2.06168	0.5	-33.0245	-34.3015	0	0.903231	-0.429154	0	None	None
ChainingRodShaped	7063	3.94615	0.5	-3.37462	79.7218	0	-0.163567	-0.986532	0	None	None
ChainingRodShaped	7293	4.56645	0.5	-12.5035	-52.0318	0	0.921768	-0.387742	0	None	None
ChainingRodShaped	5553	4.90422	0.5	-20.7863	34.6634	0	0.997897	0.0648266	0	None	None
ChainingRodShaped	6469	4.17799	0.5	13.389	81.0835	0	-0.271373	-0.962474	0	None	None
ChainingRodShaped	8291	4.18777	0.5	75.4968	73.0083	0	0.634647	0.772802	0	None	None
ChainingRodShaped	7357	4.2952	0.5	30.2164	-45.7653	0	-0.348488	0.937313	0	None	None
ChainingRodShaped	8225	3.97225	0.5	-29.8669	52.2815	0	-0.141055	-0.990002	0	None	None
ChainingRodShaped	7465	4.99306	0.5	-48.6172	79.789	0	-0.311452	-0.950262	0	None	None
ChainingRodShaped	6085	4.67475	0.5	-32.9272	32.7946	0	-0.760075	-0.649835	0	None	None
ChainingRodShaped	8889	3.6045	0.5	57.4125	-2.38133	0	-0.932353	-0.361551	0	None	None
ChainingRodShaped	7499	4.17972	0.5	-51.8531	4.34805	0	-0.612886	-0.790171	0	None	None
ChainingRodShaped	5509	4.95242	0.5	-52.0521	-23.0548	0	-0.697204	0.716873	0	None	None
ChainingRodShaped	10923	2.44731	0.5	38.5257	36.6264	0	-0.933901	-0.357531	0	None	None
ChainingRodShaped	10573	2.40788	0.5	46.8581	-39.6835	0	0.869349	0.494198	0	None	None
ChainingRodShaped	5721	4.65477	0.5	-19.4875	-36.6808	0	-0.623544	-0.781788	0	None	None
ChainingRodShaped	8415	4.00536	0.5	-16.2396	-19.7149	0	-0.979774	-0.200105	0	None	None
ChainingRodShaped	8313	4.47513	0.5	44.5494	26.4395	0	0.953173	-0.302424	0	None	None
ChainingRodShaped	7469	4.21712	0.5	83.8465	28.7151	0	-0.826931	-0.562303	0	None	None
ChainingRodShaped	10753	2.47645	0.5	2.27348	29.0114	0	-0.930289	-0.366827	0	None	None
ChainingRodShaped	11981	2.04242	0.5	18.2317	-17.449	0	-0.997001	0.0773874	0	None	None
ChainingRodShaped	10425	3.0406	0.5	83.3673	48.1994	0	-0.812499	-0.582962	0	None	None
ChainingRodShaped	6359	4.68434	0.5	0.586422	-31.7181	0	-0.833603	0.552364	0	None	None
ChainingRodShaped	7393	3.40124	0.5	-20.3985	73.5777	0	-0.996214	0.0869371	0	None	None
ChainingRodShaped	6893	4.04404	0.5	53.8191	49.0218	0	0.936396	0.350945	0	None	None
ChainingRodShaped	5681	4.08117	0.5	38.9065	68.5965	0	-0.352292	-0.93589	0	None	None
ChainingRodShaped	3412	4.94116	0.5	71.2881	53.1819	0	-0.530981	-0.847384	0	None	None
ChainingRodShaped	10709	2.72575	0.5	-27.7048	-9.01257	0	-0.559725	0.828679	0	None	None
ChainingRodShaped	6927	4.87641	0.5	-16.6152	95.4641	0	0.187544	-0.982256	0	None	None
ChainingRodShaped	3418	4.99291	0.5	-33.7783	61.7015	0	-0.845719	-0.533628	0	None	None
ChainingRodShaped	5443	4.98425	0.5	-20.3895	33.9946	0	0.99849	0.0549379	0	None	None
ChainingRodShaped	9801	2.71476	0.5	10.9115	31.3833	0	0.223554	0.974692	0	None	None
ChainingRodShaped	11289	2.48492	0.5	19.9101	68.3481	0	0.35717	0.934039	0	None	None
ChainingRodShaped	7785	4.20167	0.5	13.5996	12.2381	0	0.715798	-0.698307	0	None	None
ChainingRodShaped	6811	4.67023	0.5	36.3186	57.014	0	0.157658	-0.987494	0	None	None
ChainingRodShaped	3430	4.9764	0.5	19.8755	-10.2469	0	-0.343147	-0.939282	0	None	None
ChainingRodShaped	10705	2.32343	0.5	71.3121	22.6621	0	-0.99984	0.017869	0	None	None
ChainingRodShaped	9953	3.31835	0.5	-51.2891	15.9215	0	0.652003	-0.758217	0	None	None
ChainingRodShaped	7737	4.64883	0.5	-16.3654	-3.57787	0	0.762398	-0.647109	0	None	None
ChainingRodShaped	11283	2.18527	0.5	89.7703	47.1518	0	-0.510959	-0.859605	0	None	None
ChainingRodShaped	7251	4.49911	0.5	-61.7143	21.3532	0	-0.216176	0.976354	0	None	None
ChainingRodShaped	8375	4.14386	0.5	7.96757	71.5837	0	0.675268	-0.737572	0	None	None
ChainingRodShaped	11881	2.0745	0.5	30.9428	98.2682	0	-0.0523015	-0.998631	0	None	None
ChainingRodShaped	5489	4.64515	0.5	9.24947	48.3862	0	0.984744	0.174007	0	None	None
ChainingRodShaped	10433	2.77331	0.5	-11.8823	-26.443	0	-0.968465	0.249149	0	None	None
ChainingRodShaped	11393	2.35685	0.5	8.15288	73.9617	0	0.477909	-0.87841	0	None	None
ChainingRodShaped	11121	2.35549	0.5	-10.1662	59.0953	0	0.904369	-0.426751	0	None	None
ChainingRodShaped	9029	3.39056	0.5	-40.9508	9.72527	0	-0.0590185	0.998257	0	None	None
ChainingRodShaped	8289	3.65163	0.5	53.1116	24.6843	0	0.872724	-0.488213	0	None	None
ChainingRodShaped	5507	4.39346	0.5	46.8225	71.4484	0	-0.226207	-0.974079	0	None	None
ChainingRodShaped	8181	3.8868	0.5	33.7598	106.781	0	0.478044	-0.878336	0	None	None
ChainingRodShaped	9979	3.15508	0.5	-4.78302	59.5772	0	-0.99536	0.0962215	0	None	None
ChainingRodShaped	8797	3.79429	0.5	-24.7185	21.7677	0	0.733827	0.679336	0	None	None
ChainingRodShaped	8747	4.17007	0.5	-44.9573	36.2219	0	0.765527	0.643404	0	None	None
ChainingRodShaped	6565	3.8719	0.5	21.8233	-36.1883	0	0.989007	0.147867	0	None	None
ChainingRodShaped	7401	4.78068	0.5	-5.36632	-16.4186	0	0.598483	-0.801135	0	None	None
ChainingRodShaped	11985	2.03723	0.5	12.0407	8.83975	0	0.298308	-0.95447	0	None	None
ChainingRodShaped	8157	4.3074	0.5	-19.9442	-9.62197	0	-0.354375	0.935103	0	None	None
ChainingRodShaped	6507	3.85899	0.5	14.2851	-8.87734	0	0.961742	0.273957	0	None	None
ChainingRodShaped	10393	3.01932	0.5	47.7662	13.7399	0	-0.580848	-0.814012	0	None	None
ChainingRodShaped	10249	2.40869	0.5	21.5376	52.1993	0	0.277192	0.960814	0	None	None
ChainingRodShaped	11059	2.57874	0.5	36.3236	-35.5745	0	0.997701	0.0677745	0	None	None
ChainingRodShaped	7557	4.60205	0.5	49.4161	-15.827	0	0.47195	0.881625	0	None	None
ChainingRodShaped	7513	3.69366	0.5	-32.3434	-9.00147	0	-0.989892	0.141822	0	None	None
ChainingRodShaped	6895	3.56404	0.5	-13.936	95.9041	0	0.187971	-0.982175	0	None	None
ChainingRodShaped	9463	3.08332	0.5	87.0198	56.1926	0	0.509739	-0.860329	0	None	None
ChainingRodShaped	11669	2.14465	0.5	-14.5861	-7.0154	0	-0.862433	-0.506171	0	None	None
ChainingRodShaped	6689	4.82773	0.5	-57.0718	72.672	0	0.965336	-0.26101	0	None	None
ChainingRodShaped	6909	4.38681	0.5	45.373	72.0649	0	-0.24557	-0.969379	0	None	None
ChainingRodShaped	7519	4.5309	0.5	7.0292	18.1179	0	0.984936	-0.172921	0	None	None
ChainingRodShaped	7597	4.40398	0.5	44.7897	20.529	0	-0.513892	-0.857855	0	None	None
ChainingRodShaped	10365	3.10274	0.5	-15.9825	22.045	0	0.773598	-0.633677	0	None	None
ChainingRodShaped	6841	4.49712	0.5	-12.3003	19.0175	0	0.742119	-0.670268	0	None	None
ChainingRodShaped	9597	2.72715	0.5	45.8223	-41.3542	0	0.874408	0.485192	0	None	None
ChainingRodShaped	7805	3.8971	0.5	-34.8999	76.1163	0	0.655	0.755629	0	None	None
ChainingRodShaped	11961	2.06233	0.5	-10.5009	100.348	0	0.0271821	-0.99963	0	None	None
ChainingRodShaped	8017	3.78739	0.5	31.7155	61.8959	0	0.850777	0.525528	0	None	None
ChainingRodShaped	8855	2.77823	0.5	61.126	0.572194	0	-0.983636	-0.180164	0	None	None
ChainingRodShaped	10805	2.60232	0.5	81.6822	12.386	0	-0.672108	0.740453	0	None	None
ChainingRodShaped	3518	4.908	0.5	55.9592	62.682	0	0.805801	0.592186	0	None	None
ChainingRodShaped	11803	2.11962	0.5	92.7505	22.8485	0	-0.182364	-0.983231	0	None	None
ChainingRodShaped	10017	3.2202	0.5	-26.1526	47.3282	0	0.142621	-0.989777	0	None	None
ChainingRodShaped	9043	2.85316	0.5	-36.8024	4.12739	0	0.299291	0.954162	0	None	None
ChainingRodShaped	8237	3.00965	0.5	54.0557	31.4189	0	-0.859764	0.510692	0	None	None
ChainingRodShaped	10855	2.74434	0.5	-37.0555	17.7205	0	0.995057	0.0993024	0	None	None
ChainingRodShaped	5911	4.14762	0.5	-31.7313	36.5686	0	-0.901024	-0.43377	0	None	None
ChainingRodShaped	6805	3.79079	0.5	-15.2694	67.6288	0	-0.943316	0.331895	0	None	None
ChainingRodShaped	10025	2.46835	0.5	68.8759	-7.27102	0	-0.298289	0.954475	0	None	None
ChainingRodShaped	8409	4.19737	0.5	-69.3199	-0.344087	0	-0.372995	-0.927834	0	None	None
ChainingRodShaped	10353	2.62278	0.5	3.47326	-4.36704	0	-0.769349	0.638829	0	None	None
ChainingRodShaped	5645	4.47145	0.5	10.1491	86.4142	0	-0.514465	-0.857511	0	None	None
ChainingRodShaped	11665	2.15525	0.5	-7.62193	47.4207	0	0.713826	-0.700324	0	None	None
ChainingRodShaped	11971	2.06205	0.5	37.7943	105.612	0	0.719236	-0.694765	0	None	None
ChainingRodShaped	9555	3.57599	0.5	1.79633	-4.31146	0	0.869497	-0.493938	0	None	None
ChainingRodShaped	9047	2.86632	0.5	-47.3018	28.8036	0	-0.758389	-0.651803	0	None	None
ChainingRodShaped	9779	2.92625	0.5	41.3468	105.842	0	0.958992	-0.283431	0	None	None
ChainingRodShaped	10021	2.83768	0.5	-39.405	78.6856	0	0.720123	0.693846	0	None	None
ChainingRodShaped	5883	4.6805	0.5	-59.0313	-14.5446	0	0.855207	-0.518286	0	None	None
ChainingRodShaped	6025	4.80503	0.5	-43.3399	27.6114	0	-0.745232	-0.666805	0	None	None
ChainingRodShaped	11125	2.5334	0.5	67.2203	6.53392	0	0.954057	0.299626	0	None	None
ChainingRodShaped	6183	4.15866	0.5	-16.8045	74.0266	0	-0.990031	0.140846	0	None	None
ChainingRodShaped	10061	2.51834	0.5	-16.0974	-17.0745	0	-0.982399	-0.186797	0	None	None
ChainingRodShaped	10201	2.7833	0.5	56.5719	-20.4053	0	0.117763	-0.993042	0	None	None
ChainingRodShaped	6557	4.02745	0.5	-23.8313	-18.2455	0	0.323002	-0.946398	0	None	None
ChainingRodShaped	9719	2.64113	0.5	63.9012	75.9332	0	0.718605	-0.695418	0	None	None
ChainingRodShaped	10117	3.01108	0.5	-36.3089	-0.799588	0	-0.816055	-0.577974	0	None	None
ChainingRodShaped	3572	4.8633	0.5	-17.8532	51.817	0	0.852874	-0.522117	0	None	None
ChainingRodShaped	5659	4.20566	0.5	-52.6326	71.1734	0	0.163746	0.986503	0	None	None
ChainingRodShaped	10267	2.78231	0.5	27.5792	88.9031	0	-0.0488526	-0.998806	0	None	None
ChainingRodShaped	11621	2.09434	0.5	67.683	78.9084	0	0.792562	-0.609791	0	None	None
ChainingRodShaped	7517	4.66373	0.5	7.72513	23.5806	0	0.114111	0.993468	0	None	None
ChainingRodShaped	7993	4.31751	0.5	68.1832	7.67376	0	0.956979	0.290158	0	None	None
ChainingRodShaped	7175	4.39606	0.5	23.0381	104.811	0	0.489151	-0.872199	0	None	None
ChainingRodShaped	8619	3.23692	0.5	24.8503	-52.9605	0	0.941476	-0.337081	0	None	None
ChainingRodShaped	10589	2.77863	0.5	-5.27375	77.3041	0	-0.402134	-0.915581	0	None	None
ChainingRodShaped	11225	2.45536	0.5	-14.2949	-37.1105	0	-0.0835192	-0.996506	0	None	None
ChainingRodShaped	7125	4.63378	0.5	0.810743	36.7161	0	0.884226	-0.467059	0	None	None
ChainingRodShaped	5941	4.19246	0.5	-39.9093	-12.952	0	0.785109	0.619358	0	None	None
ChainingRodShaped	7467	4.91475	0.5	11.2801	0.663502	0	0.443341	-0.896353	0	None	None
ChainingRodShaped	11529	2.28923	0.5	18.6373	-3.30318	0	0.795152	-0.60641	0	None	None
ChainingRodShaped	9039	3.02514	0.5	36.1792	97.2217	0	0.711437	0.70275	0	None	None
ChainingRodShaped	7193	4.60381	0.5	-75.0348	25.9986	0	-0.399402	0.916776	0	None	None
ChainingRodShaped	11439	2.17746	0.5	64.377	-38.3832	0	0.964057	-0.265695	0	None	None
ChainingRodShaped	5689	3.83255	0.5	-30.1755	31.0354	0	0.980525	0.196394	0	None	None
ChainingRodShaped	11221	2.18427	0.5	91.1558	10.7703	0	-0.439139	0.898419	0	None	None
ChainingRodShaped	10793	2.81671	0.5	32.9837	-20.1195	0	-0.874982	-0.484155	0	None	None
ChainingRodShaped	11531	2.24156	0.5	78.0312	23.0909	0	0.882436	-0.470432	0	None	None
ChainingRodShaped	7287	4.43303	0.5	7.51308	71.0592	0	0.67411	-0.738631	0	None	None
ChainingRodShaped	6191	4.11983	0.5	75.8179	29.8363	0	0.98008	0.198603	0	None	None
ChainingRodShaped	10515	2.9001	0.5	-7.5341	84.2825	0	0.955208	0.295936	0	None	None
ChainingRodShaped	10135	3.08422	0.5	84.623	5.98638	0	0.641829	0.766848	0	None	None
ChainingRodShaped	6903	4.63861	0.5	68.2827	45.9353	0	-0.160353	-0.98706	0	None	None
ChainingRodShaped	9207	3.58525	0.5	16.4831	69.6658	0	0.973349	0.229329	0	None	None
ChainingRodShaped	12003	2.04805	0.5	-6.98484	22.5972	0	0.749795	-0.66167	0	None	None
ChainingRodShaped	9643	2.80953	0.5	45.9834	-36.0222	0	0.877437	0.479691	0	None	None
ChainingRodShaped	11491	2.26681	0.5	-55.8285	33.5622	0	0.914575	0.404417	0	None	None
ChainingRodShaped	5779	3.80246	0.5	-62.3088	44.0336	0	0.786544	-0.617535	0	None	None
ChainingRodShaped	9273	3.0128	0.5	-7.63852	111.839	0	0.969405	0.245465	0	None	None
ChainingRodShaped	10197	3.1051	0.5	57.5779	1.2835	0	-0.940246	-0.340497	0	None	None
ChainingRodShaped	5837	4.33203	0.5	-52.731	34.0129	0	0.903841	0.427868	0	None	None
ChainingRodShaped	8625	3.16218	0.5	36.424	94.8751	0	0.709799	0.704404	0	None	None
ChainingRodShaped	6049	4.82911	0.5	62.0639	31.7295	0	0.778095	-0.628147	0	None	None
ChainingRodShaped	9229	2.6899	0.5	-23.7732	53.9763	0	-0.0485167	-0.998822	0	None	None
ChainingRodShaped	8999	3.75991	0.5	63.1258	22.4018	0	0.783039	-0.621972	0	None	None
ChainingRodShaped	5933	4.53327	0.5	50.5781	86.5951	0	0.100159	-0.994971	0	None	None
ChainingRodShaped	5647	4.79335	0.5	24.8819	-2.45287	0	0.778362	-0.627816	0	None	None
ChainingRodShaped	9263	2.66956	0.5	30.1328	-24.1662	0	-0.914864	-0.403762	0	None	None
ChainingRodShaped	10665	2.87487	0.5	17.3381	100.085	0	0.545683	-0.837991	0	None	None
ChainingRodShaped	10549	2.84652	0.5	0.255469	95.0034	0	0.903869	0.427809	0	None	None
ChainingRodShaped	11869	2.06639	0.5	-6.64203	63.4337	0	-0.909527	0.415646	0	None	None
ChainingRodShaped	10405	2.53666	0.5	83.5385	27.3983	0	-0.831885	-0.554949	0	None	None
ChainingRodShaped	8413	2.93266	0.5	74.323	-13.6142	0	0.113404	-0.993549	0	None	None
ChainingRodShaped	11011	2.41863	0.5	-49.8588	6.50495	0	0.69699	-0.717081	0	None	None
ChainingRodShaped	7229	4.31325	0.5	5.90044	-27.9683	0	0.646089	-0.763262	0	None	None
ChainingRodShaped	10583	2.88133	0.5	32.1011	8.8193	0	-0.71828	-0.695754	0	None	None
ChainingRodShaped	7079	4.89438	0.5	26.1725	-8.94924	0	0.0970383	-0.995281	0	None	None
ChainingRodShaped	8171	3.88303	0.5	-46.1872	60.2884	0	0.607387	0.794406	0	None	None
ChainingRodShaped	10195	2.97166	0.5	52.9292	46.8846	0	0.932796	0.360405	0	None	None
ChainingRodShaped	11637	2.16091	0.5	12.352	5.50775	0	0.326982	-0.945031	0	None	None
ChainingRodShaped	8955	2.70384	0.5	50.3099	-23.4276	0	0.472356	0.881408	0	None	None
ChainingRodShaped	9997	3.13618	0.5	-2.76059	57.7769	0	-0.997086	0.0762905	0	None	None
ChainingRodShaped	9395	3.48257	0.5	-17.3899	-37.903	0	-0.774974	-0.631993	0	None	None
ChainingRodShaped	11181	2.49148	0.5	59.8104	13.6225	0	-0.989643	-0.143551	0	None	None
ChainingRodShaped	7847	4.57927	0.5	14.9122	-3.63984	0	0.840336	-0.542066	0	None	None
ChainingRodShaped	5815	4.72526	0.5	-53.4202	-7.73354	0	-0.95951	0.281673	0	None	None
ChainingRodShaped	11747	2.10202	0.5	40.7485	-39.8914	0	0.874826	0.484437	0	None	None
ChainingRodShaped	10799	2.49286	0.5	-36.0792	-22.4345	0	0.703419	0.710775	0	None	None
ChainingRodShaped	5683	4.56152	0.5	75.998	18.0897	0	0.180677	-0.983543	0	None	None
ChainingRodShaped	3696	4.94771	0.5	-43.9782	-0.923661	0	0.849258	0.527978	0	None	None
ChainingRodShaped	8639	3.14498	0.5	-49.2202	-13.7612	0	0.821132	-0.570738	0	None	None
ChainingRodShaped	10191	3.1709	0.5	-51.7179	15.0578	0	0.653791	-0.756676	0	None	None
ChainingRodShaped	9153	3.46069	0.5	29.4858	-3.12214	0	0.795934	-0.605383	0	None	None
ChainingRodShaped	7197	3.9805	0.5	57.8229	16.5712	0	-0.991732	-0.128326	0	None	None
ChainingRodShaped	9079	3.58779	0.5	27.5818	11.531	0	0.729465	0.684018	0	None	None
ChainingRodShaped	7725	4.50536	0.5	29.7521	23.1139	0	0.528248	-0.84909	0	None	None
ChainingRodShaped	7113	3.51169	0.5	15.1105	-16.4213	0	-0.687502	0.726183	0	None	None
ChainingRodShaped	9393	2.58824	0.5	-45.7299	65.2223	0	0.617735	0.786386	0	None	None
ChainingRodShaped	9715	3.32984	0.5	72.2425	82.555	0	0.391669	-0.920106	0	None	None
ChainingRodShaped	8283	3.58857	0.5	-2.26038	60.9697	0	-0.995548	0.0942546	0	None	None
ChainingRodShaped	11251	2.28833	0.5	-0.490609	9.72243	0	0.973494	-0.228711	0	None	None
ChainingRodShaped	3720	4.8716	0.5	-16.0143	-12.8062	0	-0.373188	0.927756	0	None	None
ChainingRodShaped	10085	2.59007	0.5	61.567	59.7014	0	0.832111	0.554609	0	None	None
ChainingRodShaped	12045	2.01683	0.5	43.3727	77.7513	0	0.111232	-0.993795	0	None	None
ChainingRodShaped	9865	2.94231	0.5	30.253	-30.2754	0	0.993535	-0.113527	0	None	None
ChainingRodShaped	9919	3.17114	0.5	-8.26089	-12.489	0	0.928501	-0.37133	0	None	None
ChainingRodShaped	6787	3.6574	0.5	84.3766	26.8514	0	-0.835351	-0.549717	0	None	None
ChainingRodShaped	6533	4.43243	0.5	-4.39617	-13.8399	0	0.568102	-0.822958	0	None	None
ChainingRodShaped	7675	4.38649	0.5	-34.102	-31.8984	0	0.686042	-0.727562	0	None	None
ChainingRodShaped	5891	4.07408	0.5	25.3585	-52.1396	0	0.944798	-0.327654	0	None	None
ChainingRodShaped	8383	3.19413	0.5	-58.8774	-10.8551	0	0.648849	-0.760917	0	None	None
ChainingRodShaped	7185	3.72863	0.5	28.3178	84.9758	0	0.809241	0.587477	0	None	None
ChainingRodShaped	5793	4.20976	0.5	70.6183	-2.09344	0	0.00852267	-0.999964	0	None	None
ChainingRodShaped	5791	4.68646	0.5	-7.51694	-45.2378	0	-0.336158	-0.941806	0	None	None
ChainingRodShaped	11703	2.08136	0.5	76.5172	38.9607	0	-0.800444	-0.599408	0	None	None
ChainingRodShaped	8875	3.44925	0.5	70.8319	78.3646	0	0.635737	-0.771906	0	None	None
ChainingRodShaped	11213	2.48294	0.5	-54.5934	-5.48944	0	-0.95921	0.282693	0	None	None
ChainingRodShaped	7573	3.22174	0.5	-4.41416	-50.0627	0	0.533997	0.845486	0	None	None
ChainingRodShaped	6349	3.75114	0.5	45.0942	19.7279	0	-0.522432	-0.852681	0	None	None
ChainingRodShaped	9921	3.35595	0.5	48.4822	-5.88773	0	-0.391473	-0.92019	0	None	None
ChainingRodShaped	10533	3.00017	0.5	-38.101	82.3757	0	0.96974	0.244138	0	None	None
ChainingRodShaped	7047	3.29879	0.5	-49.5459	86.7267	0	-0.982135	-0.188179	0	None	None
ChainingRodShaped	3762	4.70498	0.5	-27.3158	53.2494	0	-0.142651	-0.989773	0	None	None
ChainingRodShaped	9751	2.80746	0.5	9.54359	-28.5232	0	0.557744	-0.830013	0	None	None
ChainingRodShaped	6847	3.94606	0.5	10.6849	64.1152	0	0.652396	-0.757878	0	None	None
ChainingRodShaped	6053	4.25156	0.5	77.9563	-13.8604	0	0.874063	-0.485813	0	None	None
ChainingRodShaped	11399	2.14952	0.5	43.6649	61.9289	0	-0.0265367	-0.999648	0	None	None
ChainingRodShaped	6883	4.81031	0.5	22.236	25.1578	0	-0.0682268	0.99767	0	None	None
ChainingRodShaped	10835	2.78379	0.5	67.73	34.9556	0	-0.950688	-0.310148	0	None	None
ChainingRodShaped	6383	4.85264	0.5	17.1891	19.9317	0	0.697717	-0.716373	0	None	None
ChainingRodShaped	6897	4.71216	0.5	85.5737	5.6695	0	0.636821	0.771012	0	None	None
ChainingRodShaped	7235	3.6681	0.5	6.20373	-27.032	0	0.648946	-0.760835	0	None	None
ChainingRodShaped	6435	3.95102	0.5	2.33997	-26.3089	0	-0.655772	0.754959	0	None	None
ChainingRodShaped	6731	4.21868	0.5	-23.9438	67.1878	0	-0.304657	-0.952462	0	None	None
ChainingRodShaped	6089	4.16602	0.5	19.2306	72.7431	0	0.97218	0.234236	0	None	None
ChainingRodShaped	6971	4.66055	0.5	-39.8124	-1.17209	0	0.827423	0.56158	0	None	None
ChainingRodShaped	8137	3.88221	0.5	-7.4703	24.0625	0	0.752703	-0.658361	0	None	None
ChainingRodShaped	6925	3.94826	0.5	-1.69166	68.2557	0	0.664923	-0.746912	0	None	None
ChainingRodShaped	6569	3.86462	0.5	55.4733	41.6553	0	-0.902774	-0.430116	0	None	None
ChainingRodShaped	10655	2.33097	0.5	57.7389	2.22363	0	-0.943645	-0.330958	0	None	None
ChainingRodShaped	3798	4.7689	0.5	-57.1183	22.0627	0	-0.163792	-0.986495	0	None	None
ChainingRodShaped	6437	4.86746	0.5	67.0304	71.5139	0	0.853292	-0.521433	0	None	None
ChainingRodShaped	7471	3.23781	0.5	16.6619	-13.1705	0	-0.986924	-0.161187	0	None	None
ChainingRodShaped	3804	4.80558	0.5	72.6321	6.49864	0	-0.177663	-0.984091	0	None	None
ChainingRodShaped	11923	2.07036	0.5	72.4023	-2.90814	0	-0.0721622	-0.997393	0	None	None
ChainingRodShaped	11919	2.05614	0.5	-25.3119	65.626	0	-0.314028	-0.949414	0	None	None
ChainingRodShaped	10161	2.62458	0.5	-9.2698	51.578	0	0.821024	-0.570894	0	None	None
ChainingRodShaped	10269	2.9465	0.5	-7.81685	0.938242	0	-0.987038	-0.160485	0	None	None
ChainingRodShaped	9299	3.67462	0.5	42.0814	33.3545	0	0.999505	-0.0314591	0	None	None
ChainingRodShaped	10413	3.03967	0.5	4.06713	-50.2493	0	-0.522588	0.852585	0	None	None
ChainingRodShaped	11409	2.18518	0.5	-50.0988	27.1901	0	-0.999862	0.0166015	0	None	None
ChainingRodShaped	8147	3.04136	0.5	22.367	83.2365	0	-0.864092	-0.503334	0	None	None
ChainingRodShaped	5937	4.80127	0.5	3.84367	28.7879	0	-0.933851	-0.357663	0	None	None
ChainingRodShaped	8673	2.84172	0.5	-0.277601	-14.2458	0	0.440069	-0.897964	0	None	None
ChainingRodShaped	7133	4.93809	0.5	-5.05119	-21.0586	0	-0.597654	0.801754	0	None	None
ChainingRodShaped	3828	4.95991	0.5	-24.016	-27.308	0	0.744927	0.667146	0	None	None
ChainingRodShaped	6797	4.57202	0.5	-35.234	38.4776	0	-0.741106	-0.671388	0	None	None
ChainingRodShaped	8595	3.39408	0.5	72.7352	59.0442	0	0.692447	-0.721469	0	None	None
ChainingRodShaped	6657	4.24415	0.5	63.2778	-25.6963	0	0.105185	0.994453	0	None	None
ChainingRodShaped	11699	2.13206	0.5	21.0446	-23.847	0	-0.902484	-0.430724	0	None	None
ChainingRodShaped	11607	2.19577	0.5	-8.56875	97.8644	0	0.0832336	-0.99653	0	None	None
ChainingRodShaped	7777	4.39097	0.5	-33.4837	44.3988	0	0.756187	0.654356	0	None	None
ChainingRodShaped	11255	2.23609	0.5	39.8566	60.528	0	0.114066	-0.993473	0	None	None
ChainingRodShaped	8145	3.61568	0.5	51.315	100.791	0	0.999948	0.0102005	0	None	None
ChainingRodShaped	9813	3.14888	0.5	42.5801	3.51969	0	-0.269651	-0.962958	0	None	None
ChainingRodShaped	11715	2.2224	0.5	-36.5055	49.587	0	0.747482	0.664282	0	None	None
ChainingRodShaped	10263	2.76665	0.5	57.4102	-20.1113	0	0.121857	-0.992548	0	None	None
ChainingRodShaped	8631	3.98716	0.5	36.6334	23.3747	0	0.962822	-0.270136	0	None	None
ChainingRodShaped	11379	2.21801	0.5	36.3033	-26.0567	0	0.977861	0.209254	0	None	None
ChainingRodShaped	7111	4.40409	0.5	-2.17272	8.65391	0	0.973498	-0.228695	0	None	None
ChainingRodShaped	8449	4.17229	0.5	36.6491	90.0767	0	0.671379	0.741114	0	None	None
ChainingRodShaped	7957	4.46741	0.5	-55.8493	-14.0912	0	0.882373	-0.47055	0	None	None
ChainingRodShaped	11053	2.2811	0.5	-14.953	108.149	0	0.994393	-0.105749	0	None	None
ChainingRodShaped	8487	2.98029	0.5	9.15328	47.6714	0	0.982935	0.183955	0	None	None
ChainingRodShaped	9385	3.115	0.5	60.3305	-39.7894	0	0.656889	0.753988	0	None	None
ChainingRodShaped	6663	3.88966	0.5	-32.4631	1.35944	0	-0.188726	-0.98203	0	None	None
ChainingRodShaped	11521	2.18511	0.5	-65.8384	9.26644	0	-0.881716	0.47178	0	None	None
ChainingRodShaped	5997	4.16366	0.5	49.2212	50.0027	0	0.943927	0.330154	0	None	None
ChainingRodShaped	12083	2.00087	0.5	-24.7638	33.5774	0	0.989459	0.144814	0	None	None
ChainingRodShaped	3876	4.87897	0.5	-48.6693	75.7281	0	0.823926	0.566697	0	None	None
ChainingRodShaped	7685	3.78832	0.5	49.7694	86.7602	0	0.110122	-0.993918	0	None	None
ChainingRodShaped	7215	4.29477	0.5	29.9358	-33.7364	0	0.992356	-0.123408	0	None	None
ChainingRodShaped	9775	3.26034	0.5	-6.08724	102.292	0	-0.0477457	-0.99886	0	None	None
ChainingRodShaped	3884	4.90694	0.5	-5.8979	-6.86797	0	-0.895479	-0.445103	0	None	None
ChainingRodShaped	9521	2.75948	0.5	14.9693	97.4178	0	-0.571536	0.820577	0	None	None
ChainingRodShaped	6337	4.32319	0.5	-17.4874	99.6702	0	0.976045	-0.217568	0	None	None
ChainingRodShaped	11197	2.23772	0.5	57.9038	0.531833	0	-0.936771	-0.349942	0	None	None
ChainingRodShaped	9927	2.80902	0.5	-27.6406	11.1099	0	0.803155	0.59577	0	None	None
ChainingRodShaped	10341	2.64258	0.5	48.4234	43.5496	0	0.937859	0.347017	0	None	None
ChainingRodShaped	6091	4.68401	0.5	92.972	10.3229	0	0.249741	-0.968313	0	None	None
ChainingRodShaped	7879	4.48768	0.5	19.6068	33.686	0	0.221757	-0.975102	0	None	None
ChainingRodShaped	6747	4.00957	0.5	58.2096	95.0143	0	0.177353	-0.984147	0	None	None
ChainingRodShaped	6315	4.91552	0.5	27.1711	22.0129	0	0.0943426	0.99554	0	None	None
ChainingRodShaped	6875	4.47722	0.5	20.9843	58.6178	0	0.758761	0.651369	0	None	None
ChainingRodShaped	10683	2.86132	0.5	-45.4388	-19.6052	0	0.835371	-0.549687	0	None	None
ChainingRodShaped	11545	2.19932	0.5	-46.5139	7.08041	0	0.0856566	-0.996325	0	None	None
ChainingRodShaped	7773	3.60145	0.5	12.4673	19.7897	0	0.189383	-0.981903	0	None	None
ChainingRodShaped	6169	4.82281	0.5	-43.8244	12.8163	0	0.11591	-0.99326	0	None	None
ChainingRodShaped	11783	2.0603	0.5	6.40475	-44.3305	0	0.975245	-0.221128	0	None	None
ChainingRodShaped	9907	2.77516	0.5	-13.2498	-21.6256	0	0.821524	0.570174	0	None	None
ChainingRodShaped	10607	2.78288	0.5	28.0362	39.0972	0	0.313771	-0.949499	0	None	None
ChainingRodShaped	9929	2.84048	0.5	-22.2424	53.1649	0	-0.0373975	-0.9993	0	None	None
ChainingRodShaped	6771	4.79393	0.5	-55.4911	0.329513	0	0.85957	-0.511019	0	None	None
ChainingRodShaped	7029	4.56889	0.5	66.2849	11.1679	0	0.9892	0.146569	0	None	None
ChainingRodShaped	6185	4.60261	0.5	20.5666	65.9159	0	0.375815	0.926695	0	None	None
ChainingRodShaped	11415	2.24494	0.5	-30.9715	-5.76431	0	-0.989309	0.145832	0	None	None
ChainingRodShaped	3930	4.72458	0.5	-45.3947	64.2143	0	0.613897	0.789386	0	None	None
ChainingRodShaped	11151	2.2724	0.5	42.816	55.501	0	-0.229677	-0.973267	0	None	None
ChainingRodShaped	7659	3.81283	0.5	23.4755	62.7742	0	0.401991	0.915644	0	None	None
ChainingRodShaped	7045	3.84633	0.5	59.8806	89.2155	0	-0.73746	-0.675391	0	None	None
ChainingRodShaped	10215	2.68823	0.5	63.3604	21.1554	0	0.776807	-0.629738	0	None	None
ChainingRodShaped	7427	3.81858	0.5	29.7369	70.3996	0	0.845411	0.534116	0	None	None
ChainingRodShaped	11479	2.22376	0.5	-1.49829	74.316	0	0.715126	-0.698996	0	None	None
ChainingRodShaped	11941	2.04792	0.5	74.8197	54.2242	0	-0.240845	-0.970564	0	None	None
ChainingRodShaped	11597	2.11179	0.5	37.962	-3.53381	0	0.786575	-0.617494	0	None	None
ChainingRodShaped	7637	4.24163	0.5	10.0342	27.7678	0	0.861524	0.507717	0	None	None
ChainingRodShaped	11903	2.08398	0.5	-7.76406	32.0371	0	-0.706212	-0.708001	0	None	None
ChainingRodShaped	7539	4.95352	0.5	12.3356	-52.4416	0	0.928455	-0.371444	0	None	None
ChainingRodShaped	11875	2.10252	0.5	31.5278	67.5253	0	0.861126	0.508392	0	None	None
ChainingRodShaped	8591	3.2466	0.5	-35.7496	88.1261	0	-0.851507	0.524343	0	None	None
ChainingRodShaped	10099	2.45006	0.5	68.6018	67.5069	0	0.846853	-0.531827	0	None	None
ChainingRodShaped	9607	2.66752	0.5	78.459	70.4497	0	0.947313	-0.320308	0	None	None
ChainingRodShaped	7441	4.19307	0.5	79.7757	-4.32681	0	0.998047	-0.0624657	0	None	None
ChainingRodShaped	11811	2.13605	0.5	-34.4472	103.061	0	0.521218	0.853424	0	None	None
ChainingRodShaped	8705	4.20209	0.5	29.1124	9.90742	0	-0.732492	-0.680775	0	None	None
ChainingRodShaped	11153	2.44437	0.5	-48.6305	17.975	0	0.600886	-0.799335	0	None	None
ChainingRodShaped	9325	3.56746	0.5	-67.9384	58.3821	0	0.216337	0.976319	0	None	None
ChainingRodShaped	8381	3.17962	0.5	-19.956	63.2504	0	-0.132661	-0.991161	0	None	None
ChainingRodShaped	11301	2.37897	0.5	1.18267	-2.03713	0	0.876941	-0.480599	0	None	None
ChainingRodShaped	9073	3.38062	0.5	38.2993	69.0843	0	-0.342933	-0.93936	0	None	None
ChainingRodShaped	6721	4.06982	0.5	54.8314	14.4467	0	-0.984323	-0.176376	0	None	None
ChainingRodShaped	3980	4.9439	0.5	49.5149	64.6677	0	-0.066397	-0.997793	0	None	None
ChainingRodShaped	7649	4.49529	0.5	32.1773	-17.7146	0	-0.862212	-0.506547	0	None	None
ChainingRodShaped	7093	3.58728	0.5	-44.5774	3.04549	0	-0.902135	-0.431453	0	None	None
ChainingRodShaped	3986	4.77068	0.5	-30.8495	38.6637	0	-0.924887	-0.380242	0	None	None
ChainingRodShaped	7647	4.6604	0.5	21.4392	45.3003	0	-0.637785	-0.770214	0	None	None
ChainingRodShaped	10579	2.87376	0.5	68.5781	57.6864	0	0.949277	0.314441	0	None	None
ChainingRodShaped	8995	2.72528	0.5	-2.86748	90.6768	0	0.901868	0.432012	0	None	None
ChainingRodShaped	3994	4.78371	0.5	-30.0511	74.8768	0	0.901511	0.432755	0	None	None
ChainingRodShaped	9561	2.77635	0.5	7.63893	52.9235	0	0.986293	0.165004	0	None	None
ChainingRodShaped	7121	3.40028	0.5	-6.73669	20.2306	0	0.730533	-0.682878	0	None	None
ChainingRodShaped	6769	4.43674	0.5	14.2763	23.5673	0	-0.953734	-0.300651	0	None	None
ChainingRodShaped	6929	4.96406	0.5	78.1454	-12.8997	0	0.874917	-0.484273	0	None	None
ChainingRodShaped	8297	4.22622	0.5	28.1704	97.1016	0	-0.0602039	-0.998186	0	None	None
ChainingRodShaped	4006	4.78941	0.5	-9.00341	73.1746	0	0.566984	-0.823729	0	None	None
ChainingRodShaped	6881	4.96209	0.5	8.65639	34.8606	0	0.804217	-0.594335	0	None	None
ChainingRodShaped	9261	3.18123	0.5	-17.4782	58.823	0	-0.074384	-0.99723	0	None	None
ChainingRodShaped	8559	3.62226	0.5	72.859	-20.4228	0	-0.939242	0.343256	0	None	None
ChainingRodShaped	7209	4.33214	0.5	-39.9576	-35.9305	0	0.834294	-0.55132	0	None	None
ChainingRodShaped	11709	2.22626	0.5	-21.2947	83.9294	0	-0.379346	0.925255	0	None	None
ChainingRodShaped	11757	2.16051	0.5	-11.6854	83.576	0	0.967135	-0.254264	0	None	None
ChainingRodShaped	6355	4.0378	0.5	5.99943	-38.7222	0	-0.960292	0.278996	0	None	None
ChainingRodShaped	10605	2.66747	0.5	-23.5266	-22.1462	0	-0.903207	0.429206	0	None	None
ChainingRodShaped	7893	3.9562	0.5	24.6395	25.3513	0	-0.0384223	0.999262	0	None	None
ChainingRodShaped	8073	4.69083	0.5	4.32415	8.09265	0	0.991989	-0.126324	0	None	None
ChainingRodShaped	6937	4.16094	0.5	-37.0504	-8.68475	0	-0.802653	-0.596446	0	None	None
ChainingRodShaped	6575	3.88253	0.5	-13.4321	-22.6899	0	0.879453	0.475985	0	None	None
ChainingRodShaped	7267	3.37037	0.5	31.2906	-11.8495	0	-0.974083	0.226191	0	None	None
ChainingRodShaped	4034	4.87702	0.5	29.8929	3.54167	0	-0.741023	-0.671479	0	None	None
ChainingRodShaped	7527	3.09013	0.5	61.42	-22.7495	0	0.171285	-0.985221	0	None	None
ChainingRodShaped	9881	2.52912	0.5	-18.9845	106.965	0	0.969643	0.244524	0	None	None
ChainingRodShaped	7583	4.81247	0.5	58.7159	62.638	0	0.806961	0.590605	0	None	None
ChainingRodShaped	7771	3.35177	0.5	41.1608	101.633	0	0.954123	0.299415	0	None	None
ChainingRodShaped	4044	4.70589	0.5	-34.0618	89.285	0	0.851497	-0.52436	0	None	None
ChainingRodShaped	7349	4.87021	0.5	-64.5268	37.6362	0	0.336157	0.941806	0	None	None
ChainingRodShaped	6379	3.95522	0.5	5.88689	54.2397	0	0.985487	0.169749	0	None	None
ChainingRodShaped	4050	4.74962	0.5	27.6267	34.2151	0	0.393894	-0.919156	0	None	None
ChainingRodShaped	8549	3.2214	0.5	-66.8337	26.0149	0	0.618112	-0.78609	0	None	None
ChainingRodShaped	11069	2.32637	0.5	52.8686	6.79231	0	0.971225	0.238162	0	None	None
ChainingRodShaped	9697	2.60492	0.5	74.9066	73.7824	0	0.634684	0.772771	0	None	None
ChainingRodShaped	7945	3.09069	0.5	85.0544	50.9226	0	-0.739561	-0.67309	0	None	None
ChainingRodShaped	6869	3.95204	0.5	-0.210244	34.6183	0	-0.940635	-0.339421	0	None	None
ChainingRodShaped	4062	4.85616	0.5	4.57744	89.1415	0	-0.347401	-0.937717	0	None	None
ChainingRodShaped	7483	4.20106	0.5	30.6724	76.9213	0	0.824988	0.565151	0	None	None
ChainingRodShaped	10795	2.81966	0.5	-46.1677	36.5984	0	0.880054	0.474874	0	None	None
ChainingRodShaped	9407	3.63204	0.5	-1.60607	25.7275	0	0.606909	-0.794772	0	None	None
ChainingRodShaped	7003	3.87346	0.5	74.571	56.9536	0	-0.257094	-0.966386	0	None	None
ChainingRodShaped	4072	4.59499	0.5	-52.3909	53.8762	0	-0.2744	0.961616	0	None	None
ChainingRodShaped	8307	3.61823	0.5	74.1863	-22.389	0	-0.830707	0.556709	0	None	None
ChainingRodShaped	11871	2.07272	0.5	51.0367	-32.1322	0	0.72979	0.683671	0	None	None
ChainingRodShaped	8207	4.25254	0.5	23.9009	-44.1148	0	-0.0810105	-0.996713	0	None	None
ChainingRodShaped	11187	2.38288	0.5	-22.9147	-33.4132	0	0.991205	-0.132332	0	None	None
ChainingRodShaped	11261	2.39661	0.5	-18.0253	80.6072	0	-0.420124	0.907467	0	None	None
ChainingRodShaped	6463	4.02503	0.5	-7.35005	76.6923	0	-0.39394	-0.919136	0	None	None
ChainingRodShaped	6659	3.59991	0.5	86.5237	16.2189	0	0.382849	-0.923811	0	None	None
ChainingRodShaped	10971	2.34066	0.5	68.4468	10.6294	0	0.987687	0.15644	0	None	None
ChainingRodShaped	6967	4.02721	0.5	88.4787	-0.317045	0	0.71729	-0.696775	0	None	None
ChainingRodShaped	8649	4.27965	0.5	58.3256	89.0305	0	0.730678	0.682723	0	None	None
ChainingRodShaped	10087	2.60185	0.5	-26.0007	66.0505	0	-0.323533	-0.946217	0	None	None
ChainingRodShaped	6363	3.95951	0.5	-21.8359	36.7351	0	-0.995535	-0.094393	0	None	None
ChainingRodShaped	7205	3.63348	0.5	10.6465	-28.6818	0	0.565728	-0.824592	0	None	None
ChainingRodShaped	10745	2.60402	0.5	-37.0265	63.5204	0	0.825507	0.564392	0	None	None
ChainingRodShaped	6389	4.49294	0.5	54.2041	29.4763	0	0.864254	-0.503056	0	None	None
ChainingRodShaped	7187	4.80554	0.5	14.5793	58.8084	0	0.871394	0.490584	0	None	None
ChainingRodShaped	6961	4.49186	0.5	55.9483	12.2845	0	-0.98751	-0.157554	0	None	None
ChainingRodShaped	6523	4.12906	0.5	65.4879	73.521	0	0.848038	-0.529935	0	None	None
ChainingRodShaped	9309	3.29479	0.5	-21.227	70.3893	0	-0.182784	-0.983153	0	None	None
ChainingRodShaped	6791	4.43213	0.5	-45.4929	-30.2294	0	0.727155	0.686474	0	None	None
ChainingRodShaped	4114	4.49578	0.5	-59.6255	41.4743	0	-0.91038	-0.413773	0	None	None
ChainingRodShaped	8203	3.84651	0.5	-31.5401	-3.4496	0	0.859878	0.510499	0	None	None
ChainingRodShaped	10871	2.28506	0.5	10.9246	-40.7639	0	-0.978395	0.206745	0	None	None
ChainingRodShaped	10291	2.9533	0.5	-3.45599	-21.8124	0	-0.590183	0.80727	0	None	None
ChainingRodShaped	10611	2.51556	0.5	-33.8803	-37.6118	0	0.99808	0.0619403	0	None	None
ChainingRodShaped	6483	4.68342	0.5	-34.8661	-13.2737	0	0.996218	-0.086888	0	None	None
ChainingRodShaped	7021	4.68643	0.5	3.97369	38.0527	0	0.848293	-0.529528	0	None	None
ChainingRodShaped	11005	2.68019	0.5	-19.7555	-4.99215	0	-0.0957852	0.995402	0	None	None
ChainingRodShaped	8223	3.90092	0.5	59.6175	9.02441	0	0.954233	-0.299064	0	None	None
ChainingRodShaped	7167	3.30995	0.5	-12.2214	37.7634	0	-0.974669	-0.223654	0	None	None
ChainingRodShaped	4134	4.93196	0.5	55.0265	19.5717	0	-0.994097	-0.108493	0	None	None
ChainingRodShaped	10483	2.57922	0.5	48.0506	68.8181	0	-0.0800981	-0.996787	0	None	None
ChainingRodShaped	9923	3.26672	0.5	21.8021	-48.827	0	0.994963	0.100244	0	None	None
ChainingRodShaped	10773	2.77325	0.5	44.0038	88.6448	0	0.797212	0.6037	0	None	None
ChainingRodShaped	9287	2.91121	0.5	-37.1613	99.8484	0	0.972672	0.232182	0	None	None
ChainingRodShaped	7323	4.0093	0.5	48.1933	28.9847	0	0.888833	-0.45823	0	None	None
ChainingRodShaped	6471	3.48292	0.5	54.0326	86.5708	0	0.0237179	-0.999719	0	None	None
ChainingRodShaped	7371	4.85571	0.5	-29.2496	-41.0903	0	-0.868868	-0.495044	0	None	None
ChainingRodShaped	9007	2.89916	0.5	13.3992	45.2842	0	0.746309	0.665599	0	None	None
ChainingRodShaped	10525	2.46593	0.5	25.4787	28.0197	0	0.0349709	0.999388	0	None	None
ChainingRodShaped	10489	2.64864	0.5	-65.4731	27.1503	0	0.602252	-0.798306	0	None	None
ChainingRodShaped	8633	3.22856	0.5	0.121508	-9.55227	0	-0.449872	0.893093	0	None	None
ChainingRodShaped	10507	2.68264	0.5	-27.9983	82.8289	0	0.964599	0.263721	0	None	None
ChainingRodShaped	8857	3.0053	0.5	-70.9008	42.0033	0	0.875735	0.482792	0	None	None
ChainingRodShaped	12041	2.02904	0.5	41.3939	-30.3738	0	0.98992	0.141627	0	None	None
ChainingRodShaped	6481	3.84828	0.5	34.6558	90.4303	0	0.669104	0.743169	0	None	None
ChainingRodShaped	4166	4.70595	0.5	-43.9581	71.9242	0	0.622392	0.782706	0	None	None
ChainingRodShaped	7261	3.19287	0.5	-64.0134	60.2702	0	-0.634879	0.772612	0	None	None
ChainingRodShaped	9627	3.46735	0.5	-26.2559	28.0643	0	0.999208	0.0397966	0	None	None
ChainingRodShaped	11577	2.23562	0.5	-24.3571	7.68004	0	-0.772071	-0.635536	0	None	None
ChainingRodShaped	9535	3.00863	0.5	-28.231	-7.03936	0	0.986834	-0.161739	0	None	None
ChainingRodShaped	10519	2.7989	0.5	8.69726	-28.7119	0	0.556072	-0.831134	0	None	None
ChainingRodShaped	8517	3.7488	0.5	-8.94154	-5.61456	0	-0.890969	-0.454064	0	None	None
ChainingRodShaped	9635	3.38107	0.5	-17.3169	28.9675	0	0.838274	-0.545249	0	None	None
ChainingRodShaped	10577	2.52342	0.5	67.5419	53.5478	0	0.946319	0.323235	0	None	None
ChainingRodShaped	9203	3.07078	0.5	40.106	24.7805	0	0.961768	-0.273866	0	None	None
ChainingRodShaped	7319	4.39187	0.5	76.6608	32.7104	0	0.985481	0.169785	0	None	None
ChainingRodShaped	4188	4.7833	0.5	11.7203	108.384	0	0.999583	0.0288684	0	None	None
ChainingRodShaped	10131	2.44253	0.5	8.80033	23.0595	0	-0.196113	0.980581	0	None	None
ChainingRodShaped	7103	4.69293	0.5	-1.01204	109.954	0	-0.175289	-0.984517	0	None	None
ChainingRodShaped	4194	4.89164	0.5	-28.5721	4.70332	0	-0.935054	-0.354507	0	None	None
ChainingRodShaped	11361	2.31224	0.5	-24.7461	28.9108	0	0.99996	0.00897622	0	None	None
ChainingRodShaped	7417	3.56395	0.5	6.37897	88.6821	0	-0.335529	-0.94203	0	None	None
ChainingRodShaped	7403	3.6449	0.5	9.88824	-20.2255	0	0.304099	-0.95264	0	None	None
ChainingRodShaped	8763	3.34622	0.5	29.2484	-34.5184	0	0.991068	-0.13336	0	None	None
ChainingRodShaped	6499	3.70172	0.5	6.83512	50.43	0	0.986847	0.161657	0	None	None
ChainingRodShaped	10993	2.5467	0.5	-34.0244	95.7791	0	-0.850233	0.526407	0	None	None
ChainingRodShaped	6573	4.20667	0.5	68.7711	-21.397	0	-0.541052	0.840989	0	None	None
ChainingRodShaped	10823	2.35158	0.5	-9.82878	70.3225	0	0.591522	-0.806289	0	None	None
ChainingRodShaped	11953	2.05957	0.5	4.37735	-2.18199	0	-0.804169	0.594401	0	None	None
ChainingRodShaped	10973	2.61761	0.5	7.22511	42.3496	0	-0.847894	-0.530165	0	None	None
ChainingRodShaped	6605	4.45968	0.5	50.0195	-12.8288	0	0.473815	0.880624	0	None	None
ChainingRodShaped	7385	4.07429	0.5	-5.71979	-21.4587	0	-0.605658	0.795725	0	None	None
ChainingRodShaped	9139	3.7885	0.5	33.141	3.3978	0	-0.721388	-0.692531	0	None	None
ChainingRodShaped	7389	3.98544	0.5	4.04187	85.9308	0	-0.545645	-0.838017	0	None	None
ChainingRodShaped	4224	4.56535	0.5	-54.592	62.0246	0	0.95662	0.29134	0	None	None
ChainingRodShaped	7163	4.45223	0.5	20.5612	72.2398	0	0.97447	0.224519	0	None	None
ChainingRodShaped	4228	4.69808	0.5	46.593	-38.7736	0	0.872631	0.48838	0	None	None
ChainingRodShaped	7195	4.62327	0.5	-4.46714	-28.8393	0	0.998473	-0.0552364	0	None	None
ChainingRodShaped	11119	2.37054	0.5	81.5723	-3.51507	0	0.998622	-0.0524703	0	None	None
ChainingRodShaped	9163	2.85039	0.5	26.3281	-29.2189	0	-0.995501	-0.0947515	0	None	None
ChainingRodShaped	6551	4.35025	0.5	4.3616	111.325	0	0.964547	-0.263911	0	None	None
ChainingRodShaped	9301	2.79092	0.5	-38.614	-35.0026	0	0.616145	-0.787633	0	None	None
ChainingRodShaped	7321	4.4022	0.5	-63.3832	-5.92088	0	-0.991303	0.131602	0	None	None
ChainingRodShaped	10421	2.93687	0.5	-19.2424	-41.662	0	-0.83904	-0.54407	0	None	None
ChainingRodShaped	11583	2.27665	0.5	-50.4486	69.4521	0	0.647032	0.762463	0	None	None
ChainingRodShaped	4246	4.47536	0.5	54.7363	20.3013	0	-0.993053	-0.117665	0	None	None
ChainingRodShaped	10325	2.89827	0.5	-9.45105	-49.1455	0	0.956622	-0.291332	0	None	None
ChainingRodShaped	7343	4.06157	0.5	-8.38326	56.2659	0	0.85381	-0.520585	0	None	None
ChainingRodShaped	10575	2.43872	0.5	-14.575	44.6017	0	0.930937	-0.365179	0	None	None
ChainingRodShaped	9631	3.53439	0.5	-67.4159	-3.53967	0	-0.706934	-0.70728	0	None	None
ChainingRodShaped	9549	2.59126	0.5	-50.2361	45.4394	0	0.929939	0.367715	0	None	None
ChainingRodShaped	7405	4.22172	0.5	-36.6808	61.7696	0	-0.81956	-0.572994	0	None	None
ChainingRodShaped	7027	3.70159	0.5	60.1582	9.66143	0	0.957147	-0.289602	0	None	None
ChainingRodShaped	4262	4.67399	0.5	56.019	92.85	0	-0.472106	-0.881542	0	None	None
ChainingRodShaped	7619	3.37152	0.5	-11.2158	10.7166	0	0.55153	-0.834155	0	None	None
ChainingRodShaped	8357	4.40566	0.5	-18.1392	58.9493	0	-0.0753494	-0.997157	0	None	None
ChainingRodShaped	7221	3.31649	0.5	-9.13604	81.2763	0	0.948448	0.316932	0	None	None
ChainingRodShaped	9285	3.29157	0.5	-0.0477255	41.162	0	0.867763	-0.496978	0	None	None
ChainingRodShaped	9709	2.92607	0.5	19.5093	-42.0883	0	0.495444	-0.86864	0	None	None
ChainingRodShaped	7149	4.83293	0.5	78.9764	48.466	0	-0.820758	-0.571275	0	None	None
ChainingRodShaped	4276	4.51292	0.5	-37.8925	5.91421	0	0.280166	0.959952	0	None	None
ChainingRodShaped	9049	2.84261	0.5	-21.233	74.4693	0	-0.996693	0.0812631	0	None	None
ChainingRodShaped	4280	4.98501	0.5	-31.0078	54.9961	0	0.160817	0.986984	0	None	None
ChainingRodShaped	11269	2.29983	0.5	66.0469	-18.6828	0	-0.42418	0.905578	0	None	None
ChainingRodShaped	7727	4.63808	0.5	-65.8899	61.0227	0	-0.636584	0.771207	0	None	None
ChainingRodShaped	6867	4.42367	0.5	-12.5701	-38.3066	0	-0.0438002	-0.99904	0	None	None
ChainingRodShaped	7207	3.25052	0.5	-44.7873	34.2922	0	-0.752433	-0.658668	0	None	None
ChainingRodShaped	11143	2.20092	0.5	-10.0399	31.6784	0	-0.950033	-0.312149	0	None	None
ChainingRodShaped	7995	4.6463	0.5	29.0223	8.9496	0	-0.72567	-0.688043	0	None	None
ChainingRodShaped	10395	2.86469	0.5	87.2886	60.0061	0	-0.365302	0.930889	0	None	None
ChainingRodShaped	6729	3.90792	0.5	-12.7313	44.7381	0	0.932458	-0.361279	0	None	None
ChainingRodShaped	10177	2.87518	0.5	-18.8364	-18.5006	0	-0.98063	-0.195869	0	None	None
ChainingRodShaped	7141	4.06671	0.5	53.8624	-26.9877	0	0.115331	-0.993327	0	None	None
ChainingRodShaped	4302	4.3945	0.5	13.8338	-54.9695	0	0.854951	0.518708	0	None	None
ChainingRodShaped	11857	2.05708	0.5	59.582	14.3939	0	-0.991061	-0.13341	0	None	None
ChainingRodShaped	7289	4.26346	0.5	4.61516	4.03699	0	0.640309	-0.768117	0	None	None
ChainingRodShaped	11109	2.46269	0.5	-0.836263	61.6416	0	-0.996439	0.0843225	0	None	None
ChainingRodShaped	8609	4.15969	0.5	49.2769	2.66746	0	-0.976739	-0.214434	0	None	None
ChainingRodShaped	11825	2.05553	0.5	43.9766	12.2104	0	-0.49809	-0.867126	0	None	None
ChainingRodShaped	7051	3.85336	0.5	-16.8027	58.9182	0	-0.0733279	-0.997308	0	None	None
ChainingRodShaped	8327	3.67725	0.5	-24.6434	-4.14616	0	0.127895	-0.991788	0	None	None
ChainingRodShaped	4318	4.77603	0.5	-16.0292	-29.4518	0	0.607136	0.794598	0	None	None
ChainingRodShaped	8471	3.11628	0.5	2.36707	71.1529	0	0.546015	-0.837776	0	None	None
ChainingRodShaped	7153	3.63988	0.5	4.04103	26.2141	0	-0.0817849	-0.99665	0	None	None
ChainingRodShaped	11359	2.32058	0.5	-63.0906	23.3294	0	-0.206408	0.978466	0	None	None
ChainingRodShaped	9595	3.24888	0.5	26.6469	59.1318	0	0.531434	0.847099	0	None	None
ChainingRodShaped	4328	4.6672	0.5	82.7563	61.3744	0	0.302357	-0.953195	0	None	None
ChainingRodShaped	11973	2.04826	0.5	-26.8435	90.2573	0	-0.395678	0.918389	0	None	None
ChainingRodShaped	7667	4.67395	0.5	75.5846	37.2507	0	-0.806427	-0.591334	0	None	None
ChainingRodShaped	9975	2.85822	0.5	28.4476	53.0066	0	-0.653727	-0.756731	0	None	None
ChainingRodShaped	6923	4.0715	0.5	85.875	26.7652	0	-0.840811	-0.541329	0	None	None
ChainingRodShaped	11733	2.20402	0.5	-40.0148	27.1686	0	-0.756744	-0.653711	0	None	None
ChainingRodShaped	9337	3.02675	0.5	46.8585	83.7026	0	0.287154	-0.957884	0	None	None
ChainingRodShaped	6959	4.21917	0.5	67.5958	66.0498	0	0.854823	-0.51892	0	None	None
ChainingRodShaped	7341	4.25815	0.5	-27.1896	65.958	0	-0.0446305	-0.999004	0	None	None
ChainingRodShaped	4346	4.92201	0.5	0.526495	-12.1082	0	0.43993	-0.898032	0	None	None
ChainingRodShaped	11725	2.07812	0.5	-6.30483	26.2099	0	0.759109	-0.650964	0	None	None
ChainingRodShaped	8195	3.9055	0.5	-2.37883	105.68	0	-0.00787214	-0.999969	0	None	None
ChainingRodShaped	9339	3.34597	0.5	74.6897	22.8817	0	0.878069	-0.478534	0	None	None
ChainingRodShaped	7007	3.60108	0.5	-8.86042	109.536	0	0.987133	0.159902	0	None	None
ChainingRodShaped	7237	4.54901	0.5	42.383	78.9877	0	0.120989	-0.992654	0	None	None
ChainingRodShaped	7421	4.1939	0.5	52.6959	57.7876	0	-0.0939709	0.995575	0	None	None
ChainingRodShaped	7819	4.13523	0.5	-63.8075	34.4364	0	0.329894	0.944018	0	None	None
ChainingRodShaped	10083	3.11933	0.5	69.4862	20.9159	0	-0.745424	0.666591	0	None	None
ChainingRodShaped	8363	2.97054	0.5	-46.2921	-21.3218	0	0.828372	-0.560179	0	None	None
ChainingRodShaped	7173	3.68443	0.5	9.65607	90.4426	0	-0.0930758	-0.995659	0	None	None
ChainingRodShaped	4368	4.37588	0.5	-3.21114	40.3267	0	0.828048	-0.560657	0	None	None
ChainingRodShaped	10559	2.65068	0.5	-8.45724	-13.2873	0	0.932164	-0.362035	0	None	None
ChainingRodShaped	6853	4.67495	0.5	87.8377	36.2865	0	0.990458	0.137818	0	None	None
ChainingRodShaped	6839	4.62969	0.5	-32.7723	-28.6971	0	0.795597	-0.605827	0	None	None
ChainingRodShaped	6863	4.54404	0.5	-52.2225	78.3098	0	0.728754	0.684775	0	None	None
ChainingRodShaped	11929	2.05228	0.5	7.42824	53.6902	0	0.984724	0.17412	0	None	None
ChainingRodShaped	8551	2.85501	0.5	26.1371	24.0452	0	-0.0184098	0.999831	0	None	None
ChainingRodShaped	7933	3.8808	0.5	-52.3944	81.5145	0	0.914753	0.404014	0	None	None
ChainingRodShaped	6837	4.25299	0.5	-44.6755	13.3522	0	0.111402	-0.993775	0	None	None
ChainingRodShaped	11611	2.27871	0.5	68.5599	40.676	0	-0.692811	-0.721119	0	None	None
ChainingRodShaped	4388	4.43206	0.5	-39.0314	-7.96871	0	-0.799294	-0.60094	0	None	None
ChainingRodShaped	11845	2.11215	0.5	14.2903	-39.4697	0	0.0332573	-0.999447	0	None	None
ChainingRodShaped	8287	3.63318	0.5	-51.4419	62.4483	0	0.605728	0.795672	0	None	None
ChainingRodShaped	10093	2.60135	0.5	20.4923	-35.4974	0	0.990433	0.137996	0	None	None
ChainingRodShaped	10829	2.57228	0.5	71.0685	13.2175	0	0.937282	0.348571	0	None	None
ChainingRodShaped	4398	4.33629	0.5	30.3374	2.94649	0	-0.735061	-0.678001	0	None	None
ChainingRodShaped	8115	4.42251	0.5	-7.33786	-32.8058	0	-0.955515	-0.294942	0	None	None
ChainingRodShaped	9069	3.88354	0.5	46.7724	-25.3031	0	0.707846	0.706367	0	None	None
ChainingRodShaped	9457	3.52058	0.5	50.3554	91.5942	0	0.00993304	-0.999951	0	None	None
ChainingRodShaped	8075	3.46419	0.5	-55.7218	15.3576	0	0.980872	-0.194654	0	None	None
ChainingRodShaped	10911	2.31924	0.5	-5.69785	24.4905	0	0.739434	-0.673229	0	None	None
ChainingRodShaped	7723	4.45901	0.5	6.99923	105.924	0	0.985944	0.167076	0	None	None
ChainingRodShaped	11809	2.14412	0.5	-19.4848	102.947	0	0.972414	-0.233263	0	None	None
ChainingRodShaped	4414	4.68286	0.5	81.0208	31.6251	0	0.987331	0.158672	0	None	None
ChainingRodShaped	4416	4.47023	0.5	-21.5776	44.809	0	0.845239	-0.534388	0	None	None
ChainingRodShaped	9323	2.96549	0.5	-26.8626	8.62642	0	-0.781722	-0.623627	0	None	None
ChainingRodShaped	10251	2.80178	0.5	25.6554	55.627	0	0.706967	0.707247	0	None	None
ChainingRodShaped	4422	4.57799	0.5	-53.0695	45.2833	0	0.92593	0.377695	0	None	None
ChainingRodShaped	10351	2.94253	0.5	46.8384	60.8155	0	-0.0471984	-0.998886	0	None	None
ChainingRodShaped	4426	4.8485	0.5	11.8623	41.9613	0	0.756523	0.653967	0	None	None
ChainingRodShaped	7791	4.15441	0.5	13.7399	41.5654	0	0.750788	0.660543	0	None	None
ChainingRodShaped	6907	4.40431	0.5	-22.8389	-5.20486	0	0.135533	-0.990773	0	None	None
ChainingRodShaped	7971	3.50217	0.5	-3.69901	12.8902	0	0.764274	-0.644892	0	None	None
ChainingRodShaped	11391	2.23589	0.5	18.9306	7.57254	0	-0.991359	-0.131179	0	None	None
ChainingRodShaped	9489	3.111	0.5	-37.6183	86.3805	0	0.665435	0.746456	0	None	None
ChainingRodShaped	8915	3.00488	0.5	50.2738	30.7192	0	0.893027	-0.450004	0	None	None
ChainingRodShaped	8213	3.7463	0.5	50.9865	96.915	0	0.999971	0.00765889	0	None	None
ChainingRodShaped	12081	2.00126	0.5	47.2671	-4.35933	0	-0.319561	-0.947566	0	None	None
ChainingRodShaped	8161	3.66953	0.5	-1.0653	95.3767	0	0.899939	0.436017	0	None	None
ChainingRodShaped	7247	4.50257	0.5	-34.2896	71.4856	0	-0.599472	-0.800396	0	None	None
ChainingRodShaped	8435	3.37434	0.5	-8.59025	57.3253	0	0.858968	-0.512029	0	None	None
ChainingRodShaped	6951	4.71899	0.5	29.0623	-12.3664	0	0.285464	-0.958389	0	None	None
ChainingRodShaped	10321	2.9265	0.5	5.28598	5.51857	0	0.637176	-0.770719	0	None	None
ChainingRodShaped	8173	3.29085	0.5	2.5356	-46.9652	0	0.705005	-0.709203	0	None	None
ChainingRodShaped	6947	4.54211	0.5	-21.2039	96.4628	0	0.996553	-0.0829635	0	None	None
ChainingRodShaped	8483	3.64816	0.5	11.4379	64.4559	0	0.659396	-0.751796	0	None	None
ChainingRodShaped	8187	4.37412	0.5	69.9277	14.586	0	0.937276	0.348588	0	None	None
ChainingRodShaped	7413	4.90915	0.5	-28.8039	81.6813	0	0.964721	0.263274	0	None	None
ChainingRodShaped	9767	2.66925	0.5	-20.6921	5.07942	0	-0.516845	0.856079	0	None	None
ChainingRodShaped	11347	2.42042	0.5	-32.6542	90.5991	0	-0.84472	0.535209	0	None	None
ChainingRodShaped	7299	4.18663	0.5	-23.0232	54.2822	0	-0.0384284	-0.999261	0	None	None
ChainingRodShaped	4470	4.67235	0.5	-18.365	79.437	0	-0.42267	0.906283	0	None	None
ChainingRodShaped	7981	4.45782	0.5	15.0579	77.8407	0	0.971745	0.236032	0	None	None
ChainingRodShaped	6979	4.92907	0.5	39.0855	-31.6261	0	0.988934	0.148355	0	None	None
ChainingRodShaped	10715	2.42414	0.5	0.833961	102.174	0	0.367832	0.929892	0	None	None
ChainingRodShaped	4478	4.47956	0.5	-54.533	-18.0852	0	-0.855229	0.518251	0	None	None
ChainingRodShaped	7905	4.76845	0.5	64.3281	46.4069	0	-0.157644	-0.987496	0	None	None
ChainingRodShaped	9189	2.99901	0.5	74.941	78.0851	0	-0.680168	-0.733056	0	None	None
ChainingRodShaped	10211	2.53266	0.5	22.8653	41.3851	0	0.0227851	0.99974	0	None	None
ChainingRodShaped	10689	2.60429	0.5	61.5708	88.6114	0	0.981872	0.189545	0	None	None
ChainingRodShaped	8221	3.88263	0.5	83.0534	46.8181	0	-0.816567	-0.577251	0	None	None
ChainingRodShaped	10297	2.42591	0.5	2.26092	-24.9252	0	0.66323	-0.748416	0	None	None
ChainingRodShaped	7439	3.67618	0.5	69.6235	40.5143	0	-0.681765	-0.731571	0	None	None
ChainingRodShaped	7963	3.93589	0.5	-33.6623	-22.2146	0	0.552996	-0.833184	0	None	None
ChainingRodShaped	8569	3.72734	0.5	42.1344	-20.815	0	-0.471539	-0.881845	0	None	None
ChainingRodShaped	9041	3.76478	0.5	25.5071	-4.99137	0	0.784682	-0.619898	0	None	None
ChainingRodShaped	4500	4.96637	0.5	68.0617	35.9611	0	-0.95277	-0.303691	0	None	None
ChainingRodShaped	7575	4.36901	0.5	13.5224	-46.7958	0	0.966469	-0.256783	0	None	None
ChainingRodShaped	9585	2.82589	0.5	78.4815	62.4363	0	0.308997	-0.951063	0	None	None
ChainingRodShaped	12013	2.03262	0.5	34.575	51.3177	0	0.0703021	-0.997526	0	None	None
ChainingRodShaped	7881	3.75103	0.5	-71.0506	27.4079	0	-0.496667	0.867941	0	None	None
ChainingRodShaped	7691	4.61859	0.5	71.4422	39.954	0	-0.666943	-0.745109	0	None	None
ChainingRodShaped	10843	2.32377	0.5	39.4136	-1.67483	0	0.356287	-0.934377	0	None	None
ChainingRodShaped	9515	2.7029	0.5	-35.9604	21.6058	0	0.881919	0.471401	0	None	None
ChainingRodShaped	11523	2.15418	0.5	12.5135	93.0497	0	-0.078475	-0.996916	0	None	None
ChainingRodShaped	4518	4.59196	0.5	25.076	-40.479	0	-0.0487881	-0.998809	0	None	None
ChainingRodShaped	7037	3.88497	0.5	63.8766	40.99	0	-0.952257	-0.305298	0	None	None
ChainingRodShaped	11863	2.05427	0.5	-38.1887	13.3797	0	0.997547	0.0699988	0	None	None
ChainingRodShaped	7155	4.58565	0.5	9.14642	-41.3042	0	-0.97837	0.206861	0	None	None
ChainingRodShaped	7015	3.49937	0.5	3.86185	-40.542	0	0.951397	-0.307966	0	None	None
ChainingRodShaped	8105	4.36884	0.5	-38.8111	-1.51985	0	-0.821772	-0.569816	0	None	None
ChainingRodShaped	9605	2.61065	0.5	-21.4542	-34.779	0	0.615804	0.7879	0	None	None
ChainingRodShaped	7145	3.62034	0.5	-27.0038	7.48234	0	-0.775436	-0.631426	0	None	None
ChainingRodShaped	8057	3.01526	0.5	-70.8964	37.9789	0	0.981384	-0.192054	0	None	None
ChainingRodShaped	10869	2.65975	0.5	-60.1585	6.69756	0	-0.765037	0.643986	0	None	None
ChainingRodShaped	4538	4.76811	0.5	-10.9709	1.35091	0	-0.888404	-0.459062	0	None	None
ChainingRodShaped	10461	2.69484	0.5	69.4085	61.2841	0	-0.465173	0.88522	0	None	None
ChainingRodShaped	7571	4.04575	0.5	58.9247	-17.9473	0	0.123378	-0.99236	0	None	None
ChainingRodShaped	7375	3.68356	0.5	-17.4417	8.91427	0	-0.514797	0.857312	0	None	None
ChainingRodShaped	10309	2.71205	0.5	-40.7085	40.6519	0	0.787227	0.616663	0	None	None
ChainingRodShaped	4548	4.67561	0.5	-57.0701	7.4495	0	-0.692395	0.721518	0	None	None
ChainingRodShaped	10765	2.83247	0.5	42.3218	90.7779	0	0.814938	0.579547	0	None	None
ChainingRodShaped	7781	3.10128	0.5	61.568	-9.97891	0	0.293045	-0.956099	0	None	None
ChainingRodShaped	8103	4.35793	0.5	-1.5277	89.5151	0	0.901885	0.431976	0	None	None
ChainingRodShaped	4556	4.33522	0.5	60.3115	-8.76166	0	0.283504	-0.958971	0	None	None
ChainingRodShaped	7755	4.81313	0.5	-63.3044	49.4028	0	0.961586	-0.274504	0	None	None
ChainingRodShaped	10075	3.26822	0.5	14.6904	27.3649	0	0.228817	0.97347	0	None	None
ChainingRodShaped	7463	4.4128	0.5	-12.598	97.1027	0	-0.125068	-0.992148	0	None	None
ChainingRodShaped	4564	4.57679	0.5	12.0654	103.164	0	0.979477	0.201554	0	None	None
ChainingRodShaped	4566	4.61116	0.5	26.2511	39.563	0	0.217661	-0.976024	0	None	None
ChainingRodShaped	9945	3.06284	0.5	-59.9611	8.93862	0	-0.756254	0.654278	0	None	None
ChainingRodShaped	7265	3.97684	0.5	-26.235	-37.0603	0	0.841884	0.539659	0	None	None
ChainingRodShaped	9371	3.51016	0.5	33.8791	6.26714	0	-0.728513	-0.685032	0	None	None
ChainingRodShaped	4574	4.32414	0.5	-24.7798	79.9516	0	0.990168	0.139885	0	None	None
ChainingRodShaped	9511	3.15117	0.5	4.62447	70.7539	0	0.562543	-0.826768	0	None	None
ChainingRodShaped	8077	4.21487	0.5	22.8455	0.264123	0	0.778811	-0.627259	0	None	None
ChainingRodShaped	8419	4.02307	0.5	0.783574	4.77042	0	0.934882	-0.354957	0	None	None
ChainingRodShaped	10315	3.05535	0.5	66.1989	-9.89769	0	-0.334803	0.942288	0	None	None
ChainingRodShaped	7867	4.14377	0.5	11.5194	91.3241	0	-0.0626257	-0.998037	0	None	None
ChainingRodShaped	4586	4.92775	0.5	78.6372	43.7813	0	-0.815306	-0.57903	0	None	None
ChainingRodShaped	8461	3.09769	0.5	16.8233	73.0366	0	0.972089	0.234611	0	None	None
ChainingRodShaped	8189	4.25434	0.5	-53.0601	-13.4006	0	0.843719	-0.536785	0	None	None
ChainingRodShaped	8087	3.58674	0.5	4.82895	41.6656	0	0.831476	-0.55556	0	None	None
ChainingRodShaped	11641	2.12816	0.5	3.63352	70.752	0	0.554289	-0.832324	0	None	None
ChainingRodShaped	7315	4.65586	0.5	-18.6963	92.196	0	0.205048	-0.978752	0	None	None
ChainingRodShaped	11481	2.15211	0.5	48.9629	69.3756	0	-0.0701088	-0.997539	0	None	None
ChainingRodShaped	11765	2.14141	0.5	19.6423	88.7984	0	0.146995	-0.989137	0	None	None
ChainingRodShaped	8785	3.56571	0.5	41.7682	77.7537	0	0.130881	-0.991398	0	None	None
ChainingRodShaped	7379	3.40399	0.5	-16.09	0.846234	0	-0.769601	0.638525	0	None	None
ChainingRodShaped	10205	2.42657	0.5	-38.4985	-17.3529	0	-0.740807	-0.671718	0	None	None
ChainingRodShaped	4608	4.75967	0.5	33.304	-9.08778	0	-0.524033	-0.851698	0	None	None
ChainingRodShaped	4610	4.87276	0.5	43.9371	28.1791	0	0.950173	-0.311724	0	None	None
ChainingRodShaped	8627	3.99527	0.5	-30.2964	9.0438	0	0.976086	0.217383	0	None	None
ChainingRodShaped	4614	4.50926	0.5	24.2128	-24.7927	0	-0.915054	-0.403332	0	None	None
ChainingRodShaped	9135	3.67685	0.5	-51.1186	-10.2852	0	-0.968837	0.247698	0	None	None
ChainingRodShaped	8451	2.98789	0.5	-9.94199	-42.4003	0	-0.0341329	-0.999417	0	None	None
ChainingRodShaped	7253	3.79659	0.5	65.8585	52.0039	0	0.947797	0.318874	0	None	None
ChainingRodShaped	4622	4.37394	0.5	23.9412	-24.1448	0	-0.910986	-0.412437	0	None	None
ChainingRodShaped	8923	2.82185	0.5	59.2154	8.31046	0	0.951216	-0.308527	0	None	None
ChainingRodShaped	4626	4.52311	0.5	-61.5925	55.7542	0	-0.957631	0.287999	0	None	None
ChainingRodShaped	11831	2.13525	0.5	20.4772	110.055	0	0.881346	-0.472472	0	None	None
ChainingRodShaped	7377	3.81189	0.5	79.4816	28.1521	0	0.87934	0.476194	0	None	None
ChainingRodShaped	8575	3.28611	0.5	57.9747	-1.20517	0	-0.928699	-0.370833	0	None	None
ChainingRodShaped	8853	3.67672	0.5	-14.8618	51.805	0	0.856598	-0.515984	0	None	None
ChainingRodShaped	8059	4.52565	0.5	74.5456	28.6518	0	0.978047	0.208384	0	None	None
ChainingRodShaped	9787	3.43801	0.5	-32.9986	65.065	0	-0.854485	-0.519477	0	None	None
ChainingRodShaped	8997	3.73058	0.5	-10.0751	-14.391	0	-0.932153	0.362065	0	None	None
ChainingRodShaped	8427	3.82193	0.5	13.0614	11.8891	0	0.72263	-0.691235	0	None	None
ChainingRodShaped	7955	4.48118	0.5	19.6389	111.602	0	0.883332	-0.468748	0	None	None
ChainingRodShaped	9991	2.73544	0.5	-55.2653	47.2254	0	0.968532	-0.248888	0	None	None
ChainingRodShaped	8003	4.65778	0.5	87.2171	37.1218	0	0.990799	0.135342	0	None	None
ChainingRodShaped	8349	4.29007	0.5	-31.0937	-38.8627	0	-0.880739	-0.473602	0	None	None
ChainingRodShaped	10463	2.48148	0.5	16.6075	-19.9337	0	-0.920641	0.390409	0	None	None
ChainingRodShaped	8713	2.80792	0.5	21.7337	48.2824	0	0.655451	0.755238	0	None	None
ChainingRodShaped	9523	2.97572	0.5	30.9287	-24.7212	0	-0.929452	-0.368943	0	None	None
ChainingRodShaped	4658	4.81787	0.5	-45.4701	80.2918	0	0.314931	0.949114	0	None	None
ChainingRodShaped	4660	4.57277	0.5	26.0045	13.1665	0	0.722702	0.691159	0	None	None
ChainingRodShaped	9165	3.47667	0.5	-0.295957	46.5127	0	0.9996	-0.028275	0	None	None
ChainingRodShaped	9687	3.01912	0.5	59.2932	-27.4352	0	0.0860912	-0.996287	0	None	None
ChainingRodShaped	4666	4.36888	0.5	83.8934	60.9592	0	0.311873	-0.950124	0	None	None
ChainingRodShaped	7373	3.15349	0.5	-24.9528	13.8274	0	0.464542	0.885551	0	None	None
ChainingRodShaped	7753	3.31693	0.5	-34.6057	66.0671	0	0.847798	0.53032	0	None	None
ChainingRodShaped	9611	2.59814	0.5	-16.329	83.6063	0	0.169731	-0.98549	0	None	None
ChainingRodShaped	7761	4.16909	0.5	-38.0645	50.4909	0	0.752619	0.658456	0	None	None
ChainingRodShaped	8107	3.71821	0.5	46.0909	71.7473	0	-0.235842	-0.971791	0	None	None
ChainingRodShaped	9085	3.9548	0.5	3.51464	-52.6952	0	-0.118733	0.992926	0	None	None
ChainingRodShaped	9677	2.70152	0.5	68.8676	-24.6481	0	-0.0125252	-0.999922	0	None	None
ChainingRodShaped	4682	4.60805	0.5	-25.7059	54.7822	0	0.408473	-0.912771	0	None	None
ChainingRodShaped	10223	2.56676	0.5	-40.6501	64.6093	0	0.619758	0.784793	0	None	None
ChainingRodShaped	10139	2.87326	0.5	-40.0517	9.12281	0	-0.0490135	0.998798	0	None	None
ChainingRodShaped	8101	3.91254	0.5	53.0341	6.01038	0	-0.968781	-0.247917	0	None	None
ChainingRodShaped	11633	2.23476	0.5	-22.2623	83.9781	0	-0.386437	0.922316	0	None	None
ChainingRodShaped	7279	4.84018	0.5	-29.4659	21.2119	0	0.541684	0.840582	0	None	None
ChainingRodShaped	7763	3.24789	0.5	45.6874	40.8157	0	0.900387	0.43509	0	None	None
ChainingRodShaped	7391	3.25664	0.5	39.8368	8.41668	0	-0.543266	-0.839561	0	None	None
ChainingRodShaped	8417	4.34429	0.5	-37.0805	21.8682	0	0.877119	0.480273	0	None	None
ChainingRodShaped	10187	2.87241	0.5	83.8921	67.2168	0	-0.317414	0.948287	0	None	None
ChainingRodShaped	7889	4.81213	0.5	29.2163	71.0204	0	0.848463	0.529254	0	None	None
ChainingRodShaped	4704	4.95509	0.5	-31.1558	-19.4615	0	-0.524026	0.851702	0	None	None
ChainingRodShaped	9795	3.02581	0.5	61.3787	-1.89547	0	0.980956	0.194228	0	None	None
ChainingRodShaped	7445	4.65511	0.5	-5.06129	15.6639	0	0.605017	-0.796212	0	None	None
ChainingRodShaped	8305	4.55892	0.5	29.8017	44.4601	0	0.138547	-0.990356	0	None	None
ChainingRodShaped	9277	3.01652	0.5	-68.986	10.8795	0	-0.71093	0.703263	0	None	None
ChainingRodShaped	8749	3.22466	0.5	-19.3742	105.877	0	0.967153	0.254197	0	None	None
ChainingRodShaped	4716	4.49675	0.5	24.7867	30.4768	0	-0.0137107	0.999906	0	None	None
ChainingRodShaped	7361	4.35466	0.5	83.507	32.8753	0	0.989544	0.144231	0	None	None
ChainingRodShaped	8309	3.90347	0.5	94.8737	32.9003	0	-0.19407	-0.980988	0	None	None
ChainingRodShaped	4722	4.93477	0.5	24.8332	-20.086	0	-0.868365	-0.495925	0	None	None
ChainingRodShaped	4724	4.79372	0.5	30.2509	58.3274	0	0.834678	0.550738	0	None	None
ChainingRodShaped	7681	3.77996	0.5	-16.1455	58.816	0	-0.0830602	-0.996545	0	None	None
ChainingRodShaped	12021	2.0246	0.5	1.87442	45.6764	0	0.99984	-0.0178778	0	None	None
ChainingRodShaped	8781	3.39241	0.5	-42.6975	-22.5523	0	-0.731203	-0.68216	0	None	None
ChainingRodShaped	10487	2.81834	0.5	16.6412	17.3431	0	0.694076	-0.719902	0	None	None
ChainingRodShaped	8393	4.08076	0.5	-50.6618	-21.5468	0	-0.65401	0.756486	0	None	None
ChainingRodShaped	7653	3.64127	0.5	12.7348	24.5091	0	0.955116	0.296233	0	None	None
ChainingRodShaped	9741	3.12965	0.5	70.4665	2.93156	0	-0.0459923	-0.998942	0	None	None
ChainingRodShaped	7743	4.67958	0.5	68.3475	-32.8071	0	-0.193519	0.981097	0	None	None
ChainingRodShaped	7757	3.43242	0.5	-26.879	47.4153	0	0.132867	-0.991134	0	None	None
ChainingRodShaped	7339	4.547	0.5	21.5544	24.7854	0	-0.0722206	0.997389	0	None	None
ChainingRodShaped	11631	2.14977	0.5	76.4471	4.82148	0	0.0352396	-0.999379	0	None	None
ChainingRodShaped	8167	3.26567	0.5	7.28232	-3.68131	0	-0.748416	0.66323	0	None	None
ChainingRodShaped	4750	4.68618	0.5	58.8773	-34.2056	0	0.528547	0.848904	0	None	None
ChainingRodShaped	7811	4.7514	0.5	-24.4339	97.0255	0	-0.0979447	0.995192	0	None	None
ChainingRodShaped	11859	2.12	0.5	72.7906	26.2258	0	0.868322	0.496001	0	None	None
ChainingRodShaped	10477	2.9232	0.5	37.9409	41.5985	0	0.923408	-0.38382	0	None	None
ChainingRodShaped	7829	4.35125	0.5	-20.653	63.7833	0	-0.1227	-0.992444	0	None	None
ChainingRodShaped	4760	4.54233	0.5	-13.3712	80.6253	0	0.955785	-0.294065	0	None	None
ChainingRodShaped	11173	2.32124	0.5	19.3992	100.167	0	0.493286	-0.869867	0	None	None
ChainingRodShaped	8119	3.92007	0.5	65.4773	75.9167	0	0.789074	-0.614298	0	None	None
ChainingRodShaped	9133	3.63585	0.5	-50.5434	-20.2412	0	-0.646345	0.763046	0	None	None
ChainingRodShaped	4768	4.2056	0.5	21.4797	40.6964	0	0.0103448	0.999946	0	None	None
ChainingRodShaped	10601	2.66234	0.5	38.4347	82.2355	0	0.987124	0.159959	0	None	None
ChainingRodShaped	8241	4.02695	0.5	73.0017	-18.4614	0	-0.943135	0.33241	0	None	None
ChainingRodShaped	10703	2.70389	0.5	23.1063	-42.6385	0	-0.0837646	-0.996486	0	None	None
ChainingRodShaped	10617	2.56544	0.5	5.25227	-37.6596	0	-0.96304	0.269359	0	None	None
ChainingRodShaped	9985	3.11803	0.5	-5.07446	53.3858	0	0.831859	-0.554987	0	None	None
ChainingRodShaped	7563	4.06986	0.5	-9.75494	54.6232	0	0.837742	-0.546067	0	None	None
ChainingRodShaped	4782	4.95748	0.5	-5.59107	8.00336	0	0.897239	-0.441545	0	None	None
ChainingRodShaped	8091	3.62881	0.5	-32.5336	106.404	0	-0.396719	-0.91794	0	None	None
ChainingRodShaped	7911	4.55192	0.5	-31.9787	101.458	0	0.543628	0.839326	0	None	None
ChainingRodShaped	8507	3.72754	0.5	60.2019	32.186	0	0.793032	-0.609181	0	None	None
ChainingRodShaped	4790	4.89597	0.5	-25.8093	-33.9689	0	0.993505	-0.113785	0	None	None
ChainingRodShaped	7589	3.96993	0.5	9.97986	55.7391	0	0.990284	0.13906	0	None	None
ChainingRodShaped	10271	2.95545	0.5	1.24146	-10.0018	0	-0.458866	0.888505	0	None	None
ChainingRodShaped	10641	2.89463	0.5	22.963	76.1816	0	0.974258	0.225434	0	None	None
ChainingRodShaped	8429	3.85295	0.5	-25.5047	92.0294	0	-0.78683	0.61717	0	None	None
ChainingRodShaped	4800	4.5257	0.5	15.4059	58.455	0	0.868166	0.496274	0	None	None
ChainingRodShaped	11879	2.05354	0.5	20.6575	-23.125	0	-0.898174	-0.439641	0	None	None
ChainingRodShaped	4804	4.14043	0.5	-27.0906	17.7936	0	0.484849	0.874598	0	None	None
ChainingRodShaped	7663	4.92314	0.5	68.6895	77.0249	0	0.816218	-0.577743	0	None	None
ChainingRodShaped	8013	3.63781	0.5	90.1518	10.6044	0	0.435974	-0.899959	0	None	None
ChainingRodShaped	11649	2.25668	0.5	40.1941	0.489045	0	0.467762	-0.883855	0	None	None
ChainingRodShaped	9199	3.05877	0.5	78.5577	14.7302	0	0.62532	-0.780368	0	None	None
ChainingRodShaped	9401	3.17788	0.5	51.4294	67.1753	0	-0.118956	-0.9929	0	None	None
ChainingRodShaped	10367	2.91894	0.5	24.1707	-4.92219	0	0.778423	-0.62774	0	None	None
ChainingRodShaped	4818	4.39791	0.5	48.2564	24.9849	0	0.57824	-0.815867	0	None	None
ChainingRodShaped	7871	3.85729	0.5	35.8908	-3.94231	0	0.788745	-0.61472	0	None	None
ChainingRodShaped	10229	2.90124	0.5	28.5757	13.4889	0	0.712789	0.701378	0	None	None
ChainingRodShaped	9445	3.04133	0.5	-12.2883	36.9431	0	0.976072	0.217446	0	None	None
ChainingRodShaped	8733	3.09878	0.5	-54.8217	70.8991	0	0.860587	0.509303	0	None	None
ChainingRodShaped	4828	4.22913	0.5	-2.19792	-32.2559	0	-0.999759	0.0219583	0	None	None
ChainingRodShaped	4830	4.55135	0.5	-25.9088	61.1563	0	-0.118255	-0.992983	0	None	None
ChainingRodShaped	4832	4.15887	0.5	90.6148	22.2651	0	-0.208626	-0.977995	0	None	None
ChainingRodShaped	4834	4.18674	0.5	44.5745	56.0645	0	-0.236319	-0.971676	0	None	None
ChainingRodShaped	8251	2.90667	0.5	-44.3746	4.10704	0	0.897768	0.440468	0	None	None
ChainingRodShaped	9547	3.48726	0.5	-67.7482	52.6781	0	0.958215	-0.286049	0	None	None
ChainingRodShaped	4840	4.12769	0.5	-46.6637	21.9648	0	0.885528	-0.464587	0	None	None
ChainingRodShaped	4842	4.3721	0.5	88.3933	1.08345	0	0.724225	-0.689564	0	None	None
ChainingRodShaped	11717	2.21661	0.5	88.757	40.4508	0	0.787251	0.616633	0	None	None
ChainingRodShaped	7969	3.44314	0.5	1.13338	84.5437	0	-0.550581	-0.834782	0	None	None
ChainingRodShaped	10003	2.82065	0.5	-60.683	0.357263	0	-0.850409	0.526123	0	None	None
ChainingRodShaped	4850	4.57476	0.5	-12.2967	77.1017	0	-0.0712325	-0.99746	0	None	None
ChainingRodShaped	8263	4.09371	0.5	-54.0473	57.719	0	-0.871633	0.490159	0	None	None
ChainingRodShaped	11839	2.14655	0.5	25.7593	-31.6876	0	0.997913	0.0645739	0	None	None
ChainingRodShaped	8317	4.18691	0.5	-20.9524	3.90914	0	-0.521417	0.853302	0	None	None
ChainingRodShaped	4858	4.15264	0.5	41.0948	39.8648	0	-0.937471	-0.348062	0	None	None
ChainingRodShaped	12069	2.00587	0.5	8.91449	29.5537	0	0.856578	0.516017	0	None	None
ChainingRodShaped	4862	4.63728	0.5	29.3333	-22.8397	0	-0.906544	-0.422112	0	None	None
ChainingRodShaped	9131	3.74256	0.5	-37.6346	71.4166	0	0.601597	0.7988	0	None	None
ChainingRodShaped	9349	2.73096	0.5	64.2538	-29.6119	0	0.414449	0.910072	0	None	None
ChainingRodShaped	4868	4.96773	0.5	-39.2438	6.88886	0	0.117985	0.993015	0	None	None
ChainingRodShaped	8629	4.25909	0.5	48.2195	82.4028	0	0.336664	-0.941625	0	None	None
ChainingRodShaped	4872	4.76183	0.5	84.9951	60.6337	0	0.312009	-0.950079	0	None	None
ChainingRodShaped	8515	3.12	0.5	13.9115	5.57409	0	0.327095	-0.944992	0	None	None
ChainingRodShaped	9265	2.85389	0.5	4.42657	113.325	0	0.964902	-0.262609	0	None	None
ChainingRodShaped	4878	4.88942	0.5	-4.72732	46.0021	0	0.797002	-0.603976	0	None	None
ChainingRodShaped	8239	3.05334	0.5	27.0677	94.216	0	-0.0701598	-0.997536	0	None	None
ChainingRodShaped	4882	4.2356	0.5	-5.76455	83.5966	0	-0.447914	-0.894077	0	None	None
ChainingRodShaped	4884	4.95289	0.5	9.26223	-9.76832	0	-0.917608	0.397485	0	None	None
ChainingRodShaped	8501	3.83412	0.5	-51.4355	29.6885	0	-0.933386	-0.358873	0	None	None
ChainingRodShaped	11943	2.07013	0.5	-44.4845	-5.64721	0	-0.799206	-0.601057	0	None	None
ChainingRodShaped	8477	3.45336	0.5	-8.25313	34.7669	0	-0.70762	-0.706593	0	None	None
ChainingRodShaped	8067	3.88395	0.5	42.7478	-17.6106	0	-0.389027	-0.921227	0	None	None
ChainingRodShaped	9629	2.64317	0.5	21.6703	17.4009	0	-0.711614	0.702571	0	None	None
ChainingRodShaped	10731	2.5435	0.5	-14.2158	93.1224	0	0.29586	-0.955231	0	None	None
ChainingRodShaped	7651	3.0772	0.5	-3.15817	39.3605	0	0.833613	-0.552349	0	None	None
ChainingRodShaped	12057	2.01313	0.5	-28.5516	38.7048	0	-0.928192	-0.3721	0	None	None
ChainingRodShaped	10335	2.68139	0.5	-19.1351	15.7609	0	0.863948	-0.503581	0	None	None
ChainingRodShaped	8701	4.05641	0.5	55.7172	-28.1762	0	0.101956	-0.994789	0	None	None
ChainingRodShaped	4906	4.33993	0.5	34.3437	-12.9064	0	-0.276561	-0.960996	0	None	None
ChainingRodShaped	9491	3.53907	0.5	27.4087	-17.6072	0	-0.855815	-0.517282	0	None	None
ChainingRodShaped	7601	4.69799	0.5	7.64459	110.276	0	-0.32465	0.945834	0	None	None
ChainingRodShaped	10503	2.74353	0.5	-43.3071	42.5091	0	0.96366	0.267134	0	None	None
ChainingRodShaped	4914	4.51611	0.5	-53.7326	30.6061	0	-0.902845	-0.429966	0	None	None
ChainingRodShaped	8081	4.27379	0.5	-55.5549	37.4756	0	0.929012	0.370049	0	None	None
ChainingRodShaped	11287	2.19677	0.5	26.1518	95.5889	0	0.0981482	-0.995172	0	None	None
ChainingRodShaped	4920	4.6775	0.5	17.235	33.904	0	0.112842	-0.993613	0	None	None
ChainingRodShaped	7903	4.28538	0.5	52.1393	33.3981	0	0.900502	-0.434851	0	None	None
ChainingRodShaped	11167	2.23814	0.5	-14.661	75.6856	0	-0.0619275	-0.998081	0	None	None
ChainingRodShaped	7823	3.00743	0.5	14.636	-26.4742	0	0.333108	-0.942889	0	None	None
ChainingRodShaped	10465	2.37199	0.5	-6.97065	-35.3447	0	-0.95727	-0.289195	0	None	None
ChainingRodShaped	8443	4.38272	0.5	-19.6817	88.1801	0	0.150278	-0.988644	0	None	None
ChainingRodShaped	9647	2.94273	0.5	12.3992	-47.4512	0	0.96385	-0.266446	0	None	None
ChainingRodShaped	11083	2.42333	0.5	-58.3417	17.5812	0	0.558291	-0.829645	0	None	None
ChainingRodShaped	11527	2.13202	0.5	41.4617	52.6912	0	-0.270172	-0.962812	0	None	None
ChainingRodShaped	8671	3.05575	0.5	-29.0274	-16.33	0	0.411043	-0.911616	0	None	None
ChainingRodShaped	4940	4.98076	0.5	3.09503	-11.9468	0	-0.434709	0.900571	0	None	None
ChainingRodShaped	7949	4.53491	0.5	-14.3971	33.512	0	-0.953047	-0.302823	0	None	None
ChainingRodShaped	10833	2.71881	0.5	-6.8823	27.7591	0	0.752698	-0.658366	0	None	None
ChainingRodShaped	4946	4.6659	0.5	35.8538	90.4626	0	0.676492	0.73645	0	None	None
ChainingRodShaped	8647	4.1445	0.5	14.5365	8.0988	0	0.308134	-0.951343	0	None	None
ChainingRodShaped	11651	2.13595	0.5	50.2185	95.9696	0	0.999844	0.0176645	0	None	None
ChainingRodShaped	4952	4.81923	0.5	-42.0131	-8.05206	0	-0.789756	-0.613422	0	None	None
ChainingRodShaped	8159	2.92239	0.5	13.2775	90.5043	0	-0.0478927	-0.998852	0	None	None
ChainingRodShaped	8909	3.39305	0.5	-70.4551	32.6689	0	0.834027	-0.551724	0	None	None
ChainingRodShaped	4958	4.35296	0.5	-56.0741	51.75	0	-0.885558	0.464528	0	None	None
ChainingRodShaped	4960	4.06724	0.5	-24.1229	83.8161	0	-0.388917	0.921273	0	None	None
ChainingRodShaped	4962	4.40737	0.5	-36.7593	92.0178	0	-0.856698	0.515819	0	None	None
ChainingRodShaped	10965	2.38193	0.5	-22.5099	-37.0004	0	0.849956	0.526854	0	None	None
ChainingRodShaped	4966	4.25837	0.5	76.0514	67.052	0	0.573094	0.819489	0	None	None
ChainingRodShaped	8261	2.89381	0.5	25.8481	59.2692	0	0.523107	0.852267	0	None	None
ChainingRodShaped	8843	2.9376	0.5	-0.219872	-48.9783	0	-0.315998	0.94876	0	None	None
ChainingRodShaped	11049	2.61457	0.5	28.1594	18.4361	0	-0.981312	0.192425	0	None	None
ChainingRodShaped	8133	3.33436	0.5	64.9969	45.6521	0	-0.156611	-0.98766	0	None	None
ChainingRodShaped	4976	4.17035	0.5	-48.1968	47.3797	0	0.980243	-0.197799	0	None	None
ChainingRodShaped	8143	4.25592	0.5	-18.0393	-25.4559	0	-0.468414	-0.883509	0	None	None
ChainingRodShaped	11911	2.07434	0.5	-44.9808	31.8303	0	-0.747844	-0.663874	0	None	None
ChainingRodShaped	11085	2.40076	0.5	21.6794	97.2539	0	0.379492	-0.925195	0	None	None
ChainingRodShaped	4984	4.88153	0.5	54.6648	3.07013	0	-0.963125	-0.269056	0	None	None
ChainingRodShaped	9275	3.62865	0.5	37.9701	101.753	0	-0.967203	-0.254005	0	None	None
ChainingRodShaped	10727	2.61609	0.5	76.9152	-9.72969	0	-0.211997	-0.97727	0	None	None
ChainingRodShaped	7831	3.0603	0.5	41.4462	-25.8373	0	0.98087	0.194665	0	None	None
ChainingRodShaped	10213	2.42243	0.5	37.6344	-39.3657	0	0.921394	0.38863	0	None	None
ChainingRodShaped	9279	3.56224	0.5	-11.7511	28.7234	0	0.770546	-0.637384	0	None	None
ChainingRodShaped	9149	2.90177	0.5	14.8123	-4.48101	0	0.845702	-0.533656	0	None	None
ChainingRodShaped	7795	3.24244	0.5	24.3776	80.8218	0	0.973566	0.228407	0	None	None
ChainingRodShaped	5000	4.57098	0.5	90.0805	27.1507	0	-0.853975	-0.520313	0	None	None
ChainingRodShaped	9603	2.79196	0.5	25.5393	-3.99162	0	0.784571	-0.620039	0	None	None
ChainingRodShaped	7713	4.64092	0.5	0.027511	69.5358	0	0.72228	-0.691601	0	None	None
ChainingRodShaped	5006	4.55673	0.5	-26.1243	18.1236	0	0.476036	0.879426	0	None	None
ChainingRodShaped	10261	2.76653	0.5	-34.8343	-1.74712	0	-0.810922	-0.585154	0	None	None
ChainingRodShaped	5010	4.72103	0.5	19.7557	5.4659	0	0.994843	0.101423	0	None	None
ChainingRodShaped	8015	3.10668	0.5	45.7607	47.6061	0	0.936736	0.350036	0	None	None
ChainingRodShaped	5014	4.28753	0.5	14.9778	34.5972	0	-0.082764	0.996569	0	None	None
ChainingRodShaped	11157	2.46399	0.5	36.8723	-15.3802	0	-0.243274	-0.969958	0	None	None
ChainingRodShaped	8177	3.7389	0.5	-50.2459	49.6347	0	-0.974863	0.222806	0	None	None
ChainingRodShaped	5020	4.36378	0.5	-34.5899	49.1132	0	-0.110465	0.99388	0	None	None
ChainingRodShaped	7787	4.76508	0.5	24.328	45.3826	0	0.630652	0.776066	0	None	None
ChainingRodShaped	10545	2.75929	0.5	-13.092	16.7548	0	0.693672	-0.720291	0	None	None
ChainingRodShaped	8269	2.97811	0.5	26.979	-44.9071	0	-0.351754	0.936092	0	None	None
ChainingRodShaped	8777	3.57603	0.5	-62.5573	15.1734	0	-0.630474	0.77621	0	None	None
ChainingRodShaped	10203	2.98481	0.5	19.94	36.9316	0	0.0748147	-0.997197	0	None	None
ChainingRodShaped	5032	4.64848	0.5	-4.71719	-48.8065	0	0.536899	0.843646	0	None	None
ChainingRodShaped	8405	2.95802	0.5	-19.2424	62.7847	0	-0.142373	-0.989813	0	None	None
ChainingRodShaped	5036	4.7785	0.5	-21.9742	-44.5602	0	-0.843341	-0.537379	0	None	None
ChainingRodShaped	7865	4.95246	0.5	53.0133	17.7495	0	-0.993934	-0.109979	0	None	None
ChainingRodShaped	8001	3.55246	0.5	47.1444	68.2165	0	-0.0851635	-0.996367	0	None	None
ChainingRodShaped	9143	3.58508	0.5	-48.4702	50.9605	0	-0.979123	0.203267	0	None	None
ChainingRodShaped	5044	4.72856	0.5	64.108	-9.26889	0	0.321524	-0.946902	0	None	None
ChainingRodShaped	7877	4.95303	0.5	80.3641	57.3025	0	0.0823702	-0.996602	0	None	None
ChainingRodShaped	9811	3.03663	0.5	-51.1793	26.4365	0	-0.999183	0.0404134	0	None	None
ChainingRodShaped	5050	4.54956	0.5	40.2887	98.4013	0	0.966641	0.256135	0	None	None
ChainingRodShaped	8643	3.77556	0.5	-21.153	66.2017	0	-0.112755	-0.993623	0	None	None
ChainingRodShaped	8869	3.70663	0.5	-14.3345	16.8776	0	0.686421	-0.727204	0	None	None
ChainingRodShaped	8707	3.66245	0.5	15.9332	52.4193	0	0.984767	0.173877	0	None	None
ChainingRodShaped	5058	4.60965	0.5	39.1321	20.2549	0	-0.373767	-0.927523	0	None	None
ChainingRodShaped	9821	2.97576	0.5	-28.963	52.9159	0	-0.135327	-0.990801	0	None	None
ChainingRodShaped	7901	4.16598	0.5	45.4634	23.6195	0	0.918599	-0.39519	0	None	None
ChainingRodShaped	5064	4.84131	0.5	-37.4078	58.217	0	-0.816099	-0.577912	0	None	None
ChainingRodShaped	8721	4.24513	0.5	-50.9075	-3.29224	0	0.869009	-0.494796	0	None	None
ChainingRodShaped	7859	4.24296	0.5	0.469689	98.248	0	0.598148	0.801385	0	None	None
ChainingRodShaped	10429	2.37368	0.5	21.8624	-30.3445	0	0.902785	0.430091	0	None	None
ChainingRodShaped	5072	4.70015	0.5	8.1529	93.3166	0	-0.0697762	-0.997563	0	None	None
ChainingRodShaped	5074	4.55454	0.5	-55.0597	62.8131	0	0.958956	0.283555	0	None	None
ChainingRodShaped	11135	2.59499	0.5	37.2631	15.0725	0	-0.642247	-0.766498	0	None	None
ChainingRodShaped	8771	3.14157	0.5	82.4929	34.5639	0	0.98165	0.190689	0	None	None
ChainingRodShaped	11789	2.14601	0.5	37.1864	41.1749	0	0.927257	-0.374425	0	None	None
ChainingRodShaped	8541	4.3309	0.5	-28.3616	47.9693	0	0.112963	-0.993599	0	None	None
ChainingRodShaped	8933	2.78821	0.5	-20.0924	10.3056	0	-0.54896	0.835849	0	None	None
ChainingRodShaped	5086	4.68585	0.5	69.9705	13.7755	0	0.940701	0.339237	0	None	None
ChainingRodShaped	10499	2.84708	0.5	-31.0118	16.3852	0	0.984253	0.176767	0	None	None
ChainingRodShaped	7979	3.18697	0.5	40.2309	-32.3398	0	0.988491	0.151278	0	None	None
ChainingRodShaped	9413	2.94372	0.5	36.5819	-48.1066	0	0.906786	0.421591	0	None	None
ChainingRodShaped	8745	4.04112	0.5	-27.9991	-30.1429	0	0.998444	-0.0557581	0	None	None
ChainingRodShaped	9573	2.61174	0.5	66.0472	22.1536	0	0.721586	-0.692325	0	None	None
ChainingRodShaped	5098	4.72715	0.5	7.79696	10.1683	0	0.992251	-0.124252	0	None	None
ChainingRodShaped	9061	2.99069	0.5	-20.055	-27.1094	0	0.130599	-0.991435	0	None	None
ChainingRodShaped	9331	3.05977	0.5	64.169	19.3735	0	0.789927	-0.6132	0	None	None
ChainingRodShaped	8089	3.6593	0.5	59.5414	44.1066	0	0.943062	0.332617	0	None	None
ChainingRodShaped	5106	4.19627	0.5	7.85955	10.9009	0	0.991668	-0.128822	0	None	None
ChainingRodShaped	8741	3.96701	0.5	15.1949	12.5201	0	0.704815	-0.709391	0	None	None
ChainingRodShaped	10969	2.25775	0.5	-57.0969	13.0337	0	-0.979994	0.199025	0	None	None
ChainingRodShaped	10809	2.2833	0.5	22.044	100.995	0	0.496359	-0.868117	0	None	None
ChainingRodShaped	8049	4.6893	0.5	56.0238	-23.106	0	0.128768	-0.991675	0	None	None
ChainingRodShaped	5116	4.54581	0.5	-16.5677	-13.5602	0	-0.366317	0.93049	0	None	None
ChainingRodShaped	9421	2.78126	0.5	57.9097	70.5862	0	0.0847307	0.996404	0	None	None
ChainingRodShaped	10983	2.46375	0.5	24.812	-55.7095	0	0.976403	0.215956	0	None	None
ChainingRodShaped	8503	3.91306	0.5	-34.3531	45.7823	0	0.76909	0.639141	0	None	None
ChainingRodShaped	7925	4.84074	0.5	34.2267	16.0654	0	0.67237	0.740215	0	None	None
ChainingRodShaped	8859	3.06906	0.5	14.3628	111.695	0	0.976781	0.214242	0	None	None
ChainingRodShaped	10741	2.41828	0.5	42.2154	-27.4857	0	0.98086	0.194716	0	None	None
ChainingRodShaped	5130	4.54727	0.5	16.4116	27.8945	0	-0.22322	-0.974768	0	None	None
ChainingRodShaped	8341	3.14743	0.5	41.5417	59.7523	0	0.11408	-0.993472	0	None	None
ChainingRodShaped	9267	2.77046	0.5	-14.8005	7.75772	0	0.526735	-0.85003	0	None	None
ChainingRodShaped	8275	4.55387	0.5	51.9529	57.5634	0	-0.103878	0.99459	0	None	None
ChainingRodShaped	8047	4.47825	0.5	52.0885	75.7975	0	0.0965855	-0.995325	0	None	None
ChainingRodShaped	7959	3.72752	0.5	-13.9887	7.90097	0	0.518369	-0.855157	0	None	None
ChainingRodShaped	8021	4.22405	0.5	68.0737	41.4371	0	-0.700007	-0.714136	0	None	None
ChainingRodShaped	5144	4.28656	0.5	22.7088	78.7385	0	0.97773	0.209866	0	None	None
ChainingRodShaped	7989	4.16471	0.5	22.8585	-9.7372	0	-0.428629	-0.903481	0	None	None
ChainingRodShaped	10147	2.47104	0.5	-68.7441	13.8553	0	-0.956521	0.291662	0	None	None
ChainingRodShaped	8621	3.94309	0.5	-7.99714	-0.59346	0	-0.875457	-0.483295	0	None	None
ChainingRodShaped	9257	3.68422	0.5	-17.2445	37.7758	0	-0.956936	-0.2903	0	None	None
ChainingRodShaped	8329	3.35063	0.5	52.0915	49.2474	0	0.941588	0.336766	0	None	None
ChainingRodShaped	11817	2.16298	0.5	-33.0033	-11.6329	0	0.996219	-0.0868767	0	None	None
ChainingRodShaped	10929	2.36577	0.5	-7.24854	64.65	0	-0.913604	0.406605	0	None	None
ChainingRodShaped	5160	4.00112	0.5	33.992	37.1382	0	0.852073	-0.523423	0	None	None
ChainingRodShaped	5162	4.50743	0.5	34.0881	34.4986	0	0.417859	-0.908512	0	None	None
ChainingRodShaped	5164	4.08588	0.5	48.6816	-19.5567	0	0.8517	0.524029	0	None	None
ChainingRodShaped	9087	3.4653	0.5	39.3543	29.5968	0	0.998769	0.0496002	0	None	None
ChainingRodShaped	5168	4.39703	0.5	54.7015	-26.8894	0	0.111909	-0.993718	0	None	None
ChainingRodShaped	8423	3.39385	0.5	34.6512	69.4479	0	0.851173	0.524886	0	None	None
ChainingRodShaped	8355	3.37772	0.5	47.4791	-6.12934	0	-0.384338	-0.923193	0	None	None
ChainingRodShaped	8799	4.00202	0.5	-21.5645	30.3252	0	0.99989	-0.01483	0	None	None
ChainingRodShaped	8757	2.79138	0.5	-30.2048	21.5677	0	0.533282	0.845938	0	None	None
ChainingRodShaped	9315	2.79735	0.5	43.0143	15.2032	0	-0.481331	-0.876539	0	None	None
ChainingRodShaped	11413	2.36831	0.5	67.0316	43.6853	0	-0.17028	-0.985396	0	None	None
ChainingRodShaped	9873	3.19266	0.5	16.8733	58.4109	0	0.863191	0.504878	0	None	None
ChainingRodShaped	8401	3.83653	0.5	-19.7961	97.2431	0	0.995673	-0.0929214	0	None	None
ChainingRodShaped	8739	3.99827	0.5	51.8282	-9.02618	0	0.720271	0.693693	0	None	None
ChainingRodShaped	10453	2.88909	0.5	-18.2243	-11.7096	0	-0.363711	0.931512	0	None	None
ChainingRodShaped	5190	4.51628	0.5	-38.5166	54.4196	0	-0.800316	-0.599579	0	None	None
ChainingRodShaped	11317	2.44577	0.5	24.0518	32.6539	0	-0.0237062	0.999719	0	None	None
ChainingRodShaped	10495	2.46822	0.5	57.3223	82.954	0	0.484257	0.874926	0	None	None
ChainingRodShaped	11609	2.16182	0.5	-26.122	-16.5851	0	-0.323025	0.946391	0	None	None
ChainingRodShaped	8529	3.01124	0.5	-66.2746	38.1056	0	-0.33931	-0.940675	0	None	None
ChainingRodShaped	5200	4.84407	0.5	9.17267	57.1096	0	0.992852	0.119351	0	None	None
ChainingRodShaped	5202	4.89884	0.5	-71.4758	39.0841	0	0.979924	-0.199373	0	None	None
ChainingRodShaped	8991	3.3321	0.5	-45.0906	35.0676	0	-0.759027	-0.651059	0	None	None
ChainingRodShaped	5206	4.94251	0.5	-41.7452	8.85514	0	-0.0680272	0.997683	0	None	None
ChainingRodShaped	8197	3.06324	0.5	13.5512	101.819	0	0.967432	0.25313	0	None	None
ChainingRodShaped	10053	3.04875	0.5	46.4506	33.9422	0	-0.957127	0.289667	0	None	None
ChainingRodShaped	5212	4.01097	0.5	-33.8564	41.9085	0	-0.74924	-0.662299	0	None	None
ChainingRodShaped	8055	3.95556	0.5	36.1656	78.5886	0	0.488655	0.872477	0	None	None
ChainingRodShaped	5216	4.31903	0.5	24.6922	105.286	0	-0.141515	0.989936	0	None	None
ChainingRodShaped	9151	3.01626	0.5	68.1989	-7.88683	0	-0.307909	0.951416	0	None	None
ChainingRodShaped	9045	2.91678	0.5	-44.8315	27.4406	0	-0.751854	-0.65933	0	None	None
ChainingRodShaped	5222	4.248	0.5	-4.59291	-3.67292	0	-0.885071	-0.465457	0	None	None
ChainingRodShaped	9689	3.2812	0.5	-30.1663	102.527	0	0.535208	0.844721	0	None	None
ChainingRodShaped	5226	4.00567	0.5	80.3235	38.7312	0	-0.974948	-0.222433	0	None	None
ChainingRodShaped	10925	2.67021	0.5	-21.4669	-17.5059	0	0.294549	-0.955636	0	None	None
ChainingRodShaped	9545	3.08751	0.5	18.232	84.7298	0	-0.856319	-0.516447	0	None	None
ChainingRodShaped	9777	2.58906	0.5	36.5064	-1.66485	0	0.950355	-0.311167	0	None	None
ChainingRodShaped	5234	4.80056	0.5	30.9789	57.0073	0	0.811632	0.584169	0	None	None
ChainingRodShaped	8199	3.7474	0.5	-0.419761	-51.3744	0	-0.325455	0.945557	0	None	None
ChainingRodShaped	9113	3.91108	0.5	0.137541	39.3841	0	0.877582	-0.479426	0	None	None
ChainingRodShaped	9829	2.49074	0.5	36.4913	38.3549	0	0.927281	-0.374366	0	None	None
ChainingRodShaped	9193	3.73006	0.5	35.8842	27.133	0	0.993808	0.111112	0	None	None
ChainingRodShaped	9097	3.59298	0.5	0.620374	85.2297	0	-0.55223	-0.833692	0	None	None
ChainingRodShaped	9367	3.05526	0.5	-3.28937	103.072	0	0.00213386	-0.999998	0	None	None
ChainingRodShaped	10975	2.71134	0.5	38.0467	30.2816	0	0.994183	0.107708	0	None	None
ChainingRodShaped	5250	4.19206	0.5	-35.5508	67.5406	0	0.836949	0.547281	0	None	None
ChainingRodShaped	5252	4.22668	0.5	27.0378	5.1689	0	-0.755901	-0.654686	0	None	None
ChainingRodShaped	11535	2.28735	0.5	6.61331	-9.52255	0	-0.91512	0.403182	0	None	None
ChainingRodShaped	8273	3.45856	0.5	78.7845	37.1149	0	-0.90695	-0.421237	0	None	None
ChainingRodShaped	8215	4.11307	0.5	55.2605	45.1148	0	-0.934304	-0.356477	0	None	None
ChainingRodShaped	11457	2.18191	0.5	-12.1032	-1.87311	0	-0.874371	-0.485258	0	None	None
ChainingRodShaped	9101	3.87296	0.5	-16.0657	21.0761	0	0.76944	-0.638719	0	None	None
ChainingRodShaped	8981	3.82417	0.5	43.9331	-10.6704	0	-0.27722	-0.960806	0	None	None
ChainingRodShaped	5266	4.63894	0.5	24.1288	0.17418	0	0.785008	-0.619486	0	None	None
ChainingRodShaped	5268	4.90543	0.5	-18.5397	51.3335	0	0.848972	-0.528437	0	None	None
ChainingRodShaped	11927	2.07513	0.5	-13.4815	35.9005	0	0.961682	0.274169	0	None	None
ChainingRodShaped	9619	2.5505	0.5	6.37876	-18.4911	0	-0.999627	-0.0273048	0	None	None
ChainingRodShaped	8527	3.37772	0.5	67.092	24.729	0	0.811303	-0.584626	0	None	None
ChainingRodShaped	10937	2.27249	0.5	59.9249	40.4045	0	-0.999184	-0.0403804	0	None	None
ChainingRodShaped	8815	3.03481	0.5	69.4861	53.5737	0	-0.528681	-0.84882	0	None	None
ChainingRodShaped	8359	3.40256	0.5	77.2827	54.8084	0	-0.935258	-0.353966	0	None	None
ChainingRodShaped	10029	3.22746	0.5	-38.6338	68.6442	0	0.619725	0.784819	0	None	None
ChainingRodShaped	11023	2.30643	0.5	-37.8942	14.2839	0	0.996799	0.0799486	0	None	None
ChainingRodShaped	9249	3.20153	0.5	20.467	-14.5234	0	-0.998977	0.0452317	0	None	None
ChainingRodShaped	5288	4.28759	0.5	-1.88674	-33.0873	0	-0.999893	0.0146032	0	None	None
ChainingRodShaped	8947	2.94359	0.5	60.8625	-13.5901	0	-0.392389	0.919799	0	None	None
ChainingRodShaped	8931	2.89715	0.5	-1.13131	32.6324	0	-0.938207	-0.346075	0	None	None
ChainingRodShaped	9013	3.83486	0.5	-54.5884	36.9308	0	0.925266	0.379319	0	None	None
ChainingRodShaped	9481	3.41246	0.5	-18.5508	42.1126	0	0.93972	-0.341944	0	None	None
ChainingRodShaped	8971	3.04701	0.5	14.3842	109.679	0	0.979656	0.200685	0	None	None
ChainingRodShaped	10369	2.42039	0.5	-8.1796	-22.3943	0	-0.681898	0.731447	0	None	None
ChainingRodShaped	8385	3.13795	0.5	25.7057	4.99666	0	-0.762441	-0.647058	0	None	None
ChainingRodShaped	10717	2.84868	0.5	55.0953	59.3527	0	-0.0839343	0.996471	0	None	None
ChainingRodShaped	5306	4.10384	0.5	42.278	66.9328	0	-0.430503	-0.902589	0	None	None
ChainingRodShaped	5308	4.73183	0.5	-37.4777	57.2095	0	-0.812091	-0.583531	0	None	None
ChainingRodShaped	10677	2.48051	0.5	-43.7164	43.2888	0	0.960959	0.276692	0	None	None
ChainingRodShaped	5312	4.48182	0.5	72.7629	63.4304	0	-0.96819	-0.250218	0	None	None
ChainingRodShaped	5314	4.75386	0.5	69.6059	28.5058	0	0.875042	0.484048	0	None	None
ChainingRodShaped	5316	4.35041	0.5	0.909973	15.5867	0	0.914234	-0.405186	0	None	None
ChainingRodShaped	10115	2.46228	0.5	19.6526	-55.5651	0	0.997259	-0.0739883	0	None	None
ChainingRodShaped	8927	3.37228	0.5	36.3801	25.6336	0	0.995822	0.0913159	0	None	None
ChainingRodShaped	10407	2.45675	0.5	-7.04212	-30.0277	0	-0.95238	-0.304912	0	None	None
ChainingRodShaped	5324	4.88948	0.5	7.30578	-1.45654	0	-0.455347	0.890314	0	None	None
ChainingRodShaped	5326	4.09369	0.5	-59.6911	-1.347	0	-0.853087	0.521769	0	None	None
ChainingRodShaped	5328	4.53864	0.5	19.9892	66.3626	0	0.36656	0.930394	0	None	None
ChainingRodShaped	9095	3.42237	0.5	-46.2134	58.7317	0	0.599639	0.800271	0	None	None
ChainingRodShaped	5332	4.28655	0.5	-46.4906	89.7817	0	0.55774	0.830015	0	None	None
ChainingRodShaped	5334	4.31982	0.5	-1.51223	101.138	0	0.358205	0.933643	0	None	None
ChainingRodShaped	11329	2.34571	0.5	51.1309	9.02549	0	0.973545	0.228497	0	None	None
ChainingRodShaped	9713	2.59666	0.5	44.7023	31.156	0	0.947072	-0.321022	0	None	None
ChainingRodShaped	5340	4.19606	0.5	-50.8225	54.4447	0	-0.255085	0.966919	0	None	None
ChainingRodShaped	5342	4.12929	0.5	49.7214	-22.8295	0	0.481129	0.87665	0	None	None
ChainingRodShaped	8893	3.94824	0.5	-49.5579	50.3524	0	-0.977033	0.213089	0	None	None
ChainingRodShaped	11723	2.13236	0.5	37.5538	53.96	0	0.067267	-0.997735	0	None	None
ChainingRodShaped	9565	3.53331	0.5	-42.3358	16.9626	0	0.715596	-0.698514	0	None	None
ChainingRodShaped	5350	4.97422	0.5	36.8548	-7.95489	0	-0.529566	-0.848269	0	None	None
ChainingRodShaped	8489	2.91261	0.5	-29.6272	86.0846	0	0.955567	0.294774	0	None	None
ChainingRodShaped	5354	3.9745	0.5	56.2081	23.8214	0	0.86355	-0.504264	0	None	None
ChainingRodShaped	5356	4.5641	0.5	-21.2045	20.8742	0	0.82997	-0.557809	0	None	None
ChainingRodShaped	10069	3.20709	0.5	-14.8391	23.1274	0	0.77205	-0.635562	0	None	None
ChainingRodShaped	9103	2.85141	0.5	76.3569	56.6602	0	-0.237676	-0.971344	0	None	None
ChainingRodShaped	8557	4.0845	0.5	-48.8121	44.1208	0	0.919926	0.392092	0	None	None
ChainingRodShaped	5364	4.77901	0.5	33.8887	-46.1505	0	0.903028	0.429581	0	None	None
ChainingRodShaped	5366	4.32426	0.5	-6.86392	89.69	0	0.900092	0.435701	0	None	None
ChainingRodShaped	8693	3.69414	0.5	55.6493	44.3971	0	-0.932827	-0.360325	0	None	None
ChainingRodShaped	5370	4.23982	0.5	-69.7105	6.27259	0	0.552599	-0.833448	0	None	None
ChainingRodShaped	8467	4.07613	0.5	76.7182	-19.9264	0	0.18549	0.982646	0	None	None
ChainingRodShaped	8389	4.31198	0.5	51.1571	-27.267	0	0.748558	0.663069	0	None	None
ChainingRodShaped	11435	2.13998	0.5	-59.5735	27.6035	0	0.265594	0.964085	0	None	None
ChainingRodShaped	9617	2.71716	0.5	-56.5135	35.1543	0	0.921225	0.389031	0	None	None
ChainingRodShaped	10281	3.15024	0.5	-19.6744	44.5368	0	0.850535	-0.525918	0	None	None
ChainingRodShaped	9109	3.49419	0.5	2.43947	50.2714	0	0.9885	-0.15122	0	None	None
ChainingRodShaped	9157	2.67036	0.5	-29.6726	43.7672	0	-0.268048	-0.963406	0	None	None
ChainingRodShaped	9853	3.11012	0.5	-53.6072	19.9815	0	0.633047	-0.774114	0	None	None
ChainingRodShaped	8755	3.88783	0.5	71.7615	39.0217	0	-0.666955	-0.745098	0	None	None
ChainingRodShaped	9601	2.68674	0.5	38.4035	42.2328	0	0.925444	-0.378883	0	None	None
ChainingRodShaped	5392	4.68887	0.5	-25.2351	14.9032	0	0.45573	0.890118	0	None	None
ChainingRodShaped	9237	3.48253	0.5	76.3501	62.1759	0	0.869611	-0.493737	0	None	None
ChainingRodShaped	5396	4.12475	0.5	7.28584	12.653	0	0.992171	-0.124885	0	None	None
ChainingRodShaped	10747	2.72507	0.5	16.2938	3.33102	0	-0.638231	-0.769845	0	None	None
ChainingRodShaped	5400	4.95541	0.5	-13.4192	-7.21543	0	0.857444	0.514578	0	None	None
ChainingRodShaped	8877	3.97361	0.5	-19.0891	45.077	0	0.855512	-0.517782	0	None	None
ChainingRodShaped	9981	2.92538	0.5	29.5124	39.6512	0	0.332048	-0.943262	0	None	None
ChainingRodShaped	5406	4.66307	0.5	65	61.7548	0	-0.345424	0.938447	0	None	None
ChainingRodShaped	8879	2.84471	0.5	30.0133	97.7173	0	-0.0601924	-0.998187	0	None	None
ChainingRodShaped	9161	3.5646	0.5	2.66216	60.0599	0	-0.914854	-0.403784	0	None	None
ChainingRodShaped	11807	2.10461	0.5	84.6761	-5.74519	0	-0.723902	-0.689903	0	None	None
ChainingRodShaped	8689	3.4304	0.5	60.8408	54.841	0	0.82183	0.569732	0	None	None
ChainingRodShaped	5416	4.70318	0.5	57.0773	57.9767	0	-0.0926843	0.995696	0	None	None
ChainingRodShaped	9053	3.57921	0.5	-56.9289	46.7078	0	0.968075	-0.25066	0	None	None
ChainingRodShaped	8743	3.1132	0.5	-43.1114	41.6962	0	0.966286	0.25747	0	None	None
ChainingRodShaped	8845	3.62457	0.5	59.4622	-14.0805	0	0.0580911	-0.998311	0	None	None
ChainingRodShaped	5424	4.68495	0.5	48.6749	-9.65402	0	0.388397	0.921492	0	None	None
ChainingRodShaped	11679	2.16587	0.5	-4.91313	56.0697	0	0.826235	-0.563326	0	None	None
ChainingRodShaped	8593	3.86349	0.5	-37.2147	81.7117	0	0.972133	0.234429	0	None	None
ChainingRodShaped	9679	3.42447	0.5	-52.4413	76.7852	0	-0.734987	-0.678082	0	None	None
ChainingRodShaped	5432	4.70192	0.5	-28.2182	-12.7815	0	-0.574463	0.818531	0	None	None
ChainingRodShaped	11511	2.25079	0.5	46.9133	-46.0891	0	-0.134842	-0.990867	0	None	None
ChainingRodShaped	10273	2.56784	0.5	25.819	77.7127	0	0.973348	0.229331	0	None	None
ChainingRodShaped	5438	4.19912	0.5	22.8446	-23.8744	0	-0.906798	-0.421565	0	None	None
ChainingRodShaped	5440	3.85345	0.5	-25.5458	0.170324	0	0.527371	-0.849635	0	None	None
ChainingRodShaped	11307	2.25818	0.5	56.0106	52.8198	0	0.833493	0.552529	0	None	None
ChainingRodShaped	10167	2.57479	0.5	-27.0796	32.4666	0	0.99326	0.11591	0	None	None
ChainingRodShaped	5446	4.00277	0.5	12.9836	84.5467	0	-0.53963	-0.841903	0	None	None
ChainingRodShaped	5448	4.88264	0.5	-17.7225	52.6195	0	0.851407	-0.524505	0	None	None
ChainingRodShaped	5450	4.71977	0.5	37.8896	-14.5899	0	-0.235435	-0.97189	0	None	None
ChainingRodShaped	10157	2.6995	0.5	3.73124	31.2043	0	-0.930463	-0.366386	0	None	None
ChainingRodShaped	5454	4.607	0.5	28.9264	94.995	0	-0.0701882	-0.997534	0	None	None
ChainingRodShaped	9645	2.84051	0.5	-63.3889	14.7392	0	-0.637563	0.770398	0	None	None
ChainingRodShaped	10285	3.122	0.5	43.3931	-7.38808	0	-0.422848	-0.906201	0	None	None
ChainingRodShaped	8783	3.35593	0.5	-1.32472	26.5336	0	0.614862	-0.788634	0	None	None
ChainingRodShaped	8535	3.35028	0.5	-4.10844	-28.0349	0	0.998487	-0.0549811	0	None	None
ChainingRodShaped	8983	3.88513	0.5	-26.9878	-43.1259	0	0.862375	0.506269	0	None	None
ChainingRodShaped	8833	3.99785	0.5	8.24544	52.2395	0	0.98631	0.164901	0	None	None
ChainingRodShaped	5468	4.25509	0.5	-45.2333	87.2969	0	-0.844972	-0.53481	0	None	None
ChainingRodShaped	8949	3.12335	0.5	8.25939	72.3361	0	0.667889	-0.744261	0	None	None
ChainingRodShaped	5472	4.77224	0.5	12.3298	74.5964	0	0.971557	0.236804	0	None	None
ChainingRodShaped	11335	2.31751	0.5	-18.7084	31.802	0	0.999685	0.0250798	0	None	None
ChainingRodShaped	5476	4.55879	0.5	44.0548	-47.0589	0	0.469023	0.883186	0	None	None
ChainingRodShaped	10893	2.55562	0.5	59.9696	82.1275	0	0.517006	0.855982	0	None	None
ChainingRodShaped	8499	3.61843	0.5	-7.34547	42.2366	0	0.93906	0.343753	0	None	None
ChainingRodShaped	5482	4.94788	0.5	-44.1446	19.6455	0	0.884566	-0.466415	0	None	None
ChainingRodShaped	5484	4.47988	0.5	62.9085	23.6023	0	0.789171	-0.614174	0	None	None
ChainingRodShaped	5486	3.95732	0.5	12.1567	-21.7142	0	0.304649	-0.952465	0	None	None
ChainingRodShaped	5488	3.88193	0.5	62.0364	67.3126	0	-0.335401	0.942075	0	None	None
ChainingRodShaped	5490	4.89929	0.5	3.60974	47.8578	0	0.9996	-0.0282691	0	None	None
ChainingRodShaped	5492	4.57935	0.5	81.2823	56.9726	0	0.0817941	-0.996649	0	None	None
ChainingRodShaped	10997	2.27093	0.5	64.9048	78.9316	0	0.659224	-0.751946	0	None	None
ChainingRodShaped	11243	2.45474	0.5	87.5139	47.2044	0	0.21949	0.975615	0	None	None
ChainingRodShaped	9935	2.5672	0.5	44.5068	38.6228	0	-0.885379	-0.46487	0	None	None
ChainingRodShaped	8539	3.51243	0.5	79.1356	15.4431	0	-0.623212	0.782053	0	None	None
ChainingRodShaped	5502	4.05442	0.5	0.538577	4.15823	0	0.931319	-0.364205	0	None	None
ChainingRodShaped	5504	4.61786	0.5	-27.223	97.053	0	-0.124249	0.992251	0	None	None
ChainingRodShaped	5506	4.93499	0.5	14.2006	91.4528	0	-0.0385347	-0.999257	0	None	None
ChainingRodShaped	5508	4.42286	0.5	46.8132	76.64	0	0.036499	-0.999334	0	None	None
ChainingRodShaped	8975	3.99303	0.5	-49.7678	-26.6748	0	-0.895394	0.445274	0	None	None
ChainingRodShaped	5512	4.41596	0.5	11.894	68.2697	0	0.799008	-0.60132	0	None	None
ChainingRodShaped	8851	3.36493	0.5	35.7935	27.8156	0	0.992663	0.120917	0	None	None
ChainingRodShaped	8929	4.01412	0.5	-24.7413	-22.5484	0	-0.904452	0.426575	0	None	None
ChainingRodShaped	8601	3.07159	0.5	42.9517	104.233	0	0.948847	0.315736	0	None	None
ChainingRodShaped	5520	4.45545	0.5	43.2783	12.4707	0	-0.489375	-0.872073	0	None	None
ChainingRodShaped	5522	4.56388	0.5	-25.4044	17.9007	0	0.467263	0.884118	0	None	None
ChainingRodShaped	11123	2.51306	0.5	47.4958	-10.2982	0	-0.391517	-0.920171	0	None	None
ChainingRodShaped	8831	2.89368	0.5	-60.4566	1.29664	0	0.845101	-0.534607	0	None	None
ChainingRodShaped	5528	3.81076	0.5	-55.2924	9.65682	0	0.671811	-0.740723	0	None	None
ChainingRodShaped	10509	2.61399	0.5	63.7839	4.49552	0	-0.946225	-0.323509	0	None	None
ChainingRodShaped	9119	3.2774	0.5	-48.1463	72.5937	0	0.969278	0.245968	0	None	None
ChainingRodShaped	5534	3.93967	0.5	-50.0504	54.8274	0	-0.245406	0.96942	0	None	None
ChainingRodShaped	8675	4.1807	0.5	31.1415	-3.4325	0	0.793901	-0.608047	0	None	None
ChainingRodShaped	10643	2.89466	0.5	-7.65452	20.009	0	0.737197	-0.675678	0	None	None
ChainingRodShaped	9763	3.27793	0.5	0.0227752	102.638	0	0.362587	0.93195	0	None	None
ChainingRodShaped	11987	2.02852	0.5	-30.671	15.7592	0	0.982475	0.186395	0	None	None
ChainingRodShaped	8759	4.12452	0.5	13.9975	64.0323	0	0.916258	-0.400589	0	None	None
ChainingRodShaped	9717	3.33853	0.5	-61.9707	47.1173	0	0.955906	-0.293674	0	None	None
ChainingRodShaped	8579	2.83477	0.5	-61.0444	64.3791	0	0.998837	-0.0482139	0	None	None
ChainingRodShaped	10947	2.49581	0.5	17.1562	92.2178	0	-0.473922	0.880567	0	None	None
ChainingRodShaped	5552	4.28357	0.5	-16.2649	26.2631	0	0.797759	-0.602976	0	None	None
ChainingRodShaped	5554	4.18298	0.5	-26.2004	34.0786	0	0.987931	0.154897	0	None	None
ChainingRodShaped	9259	3.4131	0.5	12.7216	-4.58757	0	0.941824	-0.336105	0	None	None
ChainingRodShaped	5558	4.92151	0.5	20.031	6.20485	0	0.993777	0.111387	0	None	None
ChainingRodShaped	5560	4.66417	0.5	-66.6344	46.7649	0	0.994015	0.109248	0	None	None
ChainingRodShaped	5562	4.05919	0.5	-53.5402	-6.76841	0	-0.958971	0.283505	0	None	None
ChainingRodShaped	9641	3.1472	0.5	9.07177	-8.13542	0	-0.925402	0.378988	0	None	None
ChainingRodShaped	5566	4.20168	0.5	13.7513	-32.5953	0	0.167506	-0.985871	0	None	None
ChainingRodShaped	11763	2.09183	0.5	-35.107	66.7844	0	0.842437	0.538795	0	None	None
ChainingRodShaped	5570	4.68832	0.5	-30.5579	30.2125	0	0.982442	0.186569	0	None	None
ChainingRodShaped	9569	2.77638	0.5	-9.60079	53.6203	0	0.832231	-0.55443	0	None	None
ChainingRodShaped	8967	3.98239	0.5	70.7591	15.7779	0	0.933735	0.357964	0	None	None
ChainingRodShaped	11473	2.21093	0.5	-39.663	-16.0994	0	0.754026	0.656845	0	None	None
ChainingRodShaped	10907	2.7248	0.5	23.4273	-15.465	0	-0.840794	-0.541355	0	None	None
ChainingRodShaped	9329	3.64468	0.5	-56.6604	41.8245	0	0.915682	0.401903	0	None	None
ChainingRodShaped	5582	4.74338	0.5	59.1519	95.2622	0	0.178178	-0.983998	0	None	None
ChainingRodShaped	9477	3.03394	0.5	34.686	21.5168	0	0.974633	-0.223808	0	None	None
ChainingRodShaped	9423	3.32631	0.5	35.0411	55.3663	0	0.145488	-0.98936	0	None	None
ChainingRodShaped	5588	3.88535	0.5	-0.680367	-41.951	0	0.733515	-0.679673	0	None	None
ChainingRodShaped	10661	2.86973	0.5	-28.6143	26.1422	0	0.98402	0.178056	0	None	None
ChainingRodShaped	8669	3.18727	0.5	-33.78	-23.6208	0	0.5613	-0.827612	0	None	None
ChainingRodShaped	8651	3.47396	0.5	47.2389	38.3023	0	0.882241	0.470798	0	None	None
ChainingRodShaped	10199	2.41722	0.5	25.5756	84.1685	0	0.828767	0.559594	0	None	None
ChainingRodShaped	11793	2.06463	0.5	-6.13249	-36.0521	0	-0.960103	-0.279648	0	None	None
ChainingRodShaped	5600	4.37908	0.5	9.81331	21.9365	0	-0.186314	0.98249	0	None	None
ChainingRodShaped	9885	3.15782	0.5	-40.7529	34.6015	0	-0.725766	-0.687941	0	None	None
ChainingRodShaped	11867	2.11765	0.5	-48.3997	-30.277	0	0.397887	-0.917434	0	None	None
ChainingRodShaped	8979	3.82954	0.5	-7.90895	44.5796	0	0.807013	-0.590534	0	None	None
ChainingRodShaped	9739	2.51163	0.5	-62.7354	9.7485	0	-0.888813	0.45827	0	None	None
ChainingRodShaped	5610	4.42003	0.5	36.3424	5.0401	0	-0.506625	-0.862166	0	None	None
ChainingRodShaped	5612	3.80325	0.5	31.8943	7.484	0	-0.722188	-0.691697	0	None	None
ChainingRodShaped	11967	2.02299	0.5	54.035	39.996	0	-0.902158	-0.431405	0	None	None
ChainingRodShaped	5616	4.49019	0.5	20.6222	49.3577	0	0.67172	0.740805	0	None	None
ChainingRodShaped	5618	4.64708	0.5	48.4675	4.17732	0	-0.974885	-0.222711	0	None	None
ChainingRodShaped	9093	2.9804	0.5	16.9429	18.0783	0	0.68813	-0.725587	0	None	None
ChainingRodShaped	5622	4.24344	0.5	-56.4655	52.9272	0	-0.890158	0.455652	0	None	None
ChainingRodShaped	10991	2.29842	0.5	-29.7447	87.0114	0	0.952589	0.304261	0	None	None
ChainingRodShaped	8957	3.5334	0.5	35.17	30.7147	0	0.995205	0.0978084	0	None	None
ChainingRodShaped	5628	3.88008	0.5	-65.442	45.9828	0	0.995057	0.0993096	0	None	None
ChainingRodShaped	8913	3.9802	0.5	65.4201	65.7302	0	-0.340007	0.940423	0	None	None
ChainingRodShaped	5632	4.65991	0.5	-11.9655	10.6311	0	0.542949	-0.839765	0	None	None
ChainingRodShaped	9363	3.46669	0.5	58.804	32.21	0	0.799073	-0.601234	0	None	None
ChainingRodShaped	8987	3.15106	0.5	-31.9061	-32.6636	0	0.775466	-0.631389	0	None	None
ChainingRodShaped	5638	4.26567	0.5	85.3099	9.89109	0	0.395367	-0.918523	0	None	None
ChainingRodShaped	10055	2.78936	0.5	4.91825	-33.0532	0	-0.911748	0.410749	0	None	None
ChainingRodShaped	5642	3.89985	0.5	-40.7409	57.8655	0	-0.807434	-0.589959	0	None	None
ChainingRodShaped	5644	4.28886	0.5	-9.58005	35.9624	0	-0.945384	-0.325957	0	None	None
ChainingRodShaped	8765	2.97284	0.5	10.6313	91.3096	0	-0.0725972	-0.997361	0	None	None
ChainingRodShaped	5648	4.07065	0.5	18.7342	1.57127	0	0.770912	-0.636942	0	None	None
ChainingRodShaped	9071	3.32227	0.5	68.512	82.7737	0	0.998911	-0.0466644	0	None	None
ChainingRodShaped	5652	4.29623	0.5	58.9341	17.5234	0	-0.992969	-0.118378	0	None	None
ChainingRodShaped	9905	2.84629	0.5	80.9584	-1.59883	0	0.998892	-0.0470542	0	None	None
ChainingRodShaped	10571	2.52917	0.5	36.6743	-21.0103	0	-0.878298	-0.478114	0	None	None
ChainingRodShaped	5658	4.19034	0.5	-29.2521	-12.6896	0	0.582624	-0.812742	0	None	None
ChainingRodShaped	11893	2.10312	0.5	-52.9822	67.7268	0	0.688007	0.725704	0	None	None
ChainingRodShaped	5662	4.87526	0.5	-5.1236	-4.74685	0	-0.889641	-0.45666	0	None	None
ChainingRodShaped	9465	3.49032	0.5	-44.1229	40.5567	0	0.968788	0.24789	0	None	None
ChainingRodShaped	9497	3.49774	0.5	-43.2152	91.1186	0	-0.634142	0.773216	0	None	None
ChainingRodShaped	10675	2.8186	0.5	50.0619	54.7313	0	0.953144	0.302516	0	None	None
ChainingRodShaped	5670	4.37305	0.5	-21.9205	92.6234	0	-0.782199	0.623029	0	None	None
ChainingRodShaped	5672	3.96496	0.5	62.5685	34.9468	0	0.662942	-0.748671	0	None	None
ChainingRodShaped	5674	4.8762	0.5	-43.3716	-1.51973	0	0.843932	0.53645	0	None	None
ChainingRodShaped	10081	2.93813	0.5	-28.2457	77.51	0	0.952141	0.305659	0	None	None
ChainingRodShaped	5678	4.3584	0.5	-8.623	-10.4918	0	0.962475	-0.271371	0	None	None
ChainingRodShaped	5680	4.95945	0.5	29.3668	17.4512	0	-0.983177	0.182653	0	None	None
ChainingRodShaped	8839	2.98525	0.5	40.4337	72.7702	0	-0.256827	-0.966457	0	None	None
ChainingRodShaped	9291	3.28016	0.5	73.2228	19.2409	0	0.985504	0.169653	0	None	None
ChainingRodShaped	8865	3.39615	0.5	35.0754	59.4994	0	0.167301	-0.985906	0	None	None
ChainingRodShaped	9735	2.81374	0.5	-27.677	27.1093	0	0.985739	0.168282	0	None	None
ChainingRodShaped	9327	2.89058	0.5	-33.4444	30.425	0	0.74691	0.664925	0	None	None
ChainingRodShaped	5692	4.47216	0.5	-15.5638	-3.35287	0	-0.76881	0.639477	0	None	None
ChainingRodShaped	11115	2.61386	0.5	41.918	-17.6413	0	-0.379778	-0.925078	0	None	None
ChainingRodShaped	5696	4.0849	0.5	47.4222	51.2471	0	0.94964	0.313343	0	None	None
ChainingRodShaped	9815	3.3521	0.5	50.8835	15.9759	0	-0.975748	-0.218897	0	None	None
ChainingRodShaped	5700	3.92426	0.5	67.5351	-15.4606	0	-0.430223	0.902723	0	None	None
ChainingRodShaped	10957	2.65367	0.5	14.0565	42.8188	0	0.756102	0.654454	0	None	None
ChainingRodShaped	10255	3.0517	0.5	67.0579	26.6342	0	0.767969	-0.640487	0	None	None
ChainingRodShaped	5706	3.72588	0.5	-23.3052	62.0843	0	-0.126582	-0.991956	0	None	None
ChainingRodShaped	9957	2.81102	0.5	-24.6365	43.9935	0	0.226633	-0.97398	0	None	None
ChainingRodShaped	5710	4.21151	0.5	55.7411	26.8599	0	0.876181	-0.481983	0	None	None
ChainingRodShaped	9755	2.73769	0.5	-33.2432	38.5899	0	-0.92865	-0.370957	0	None	None
ChainingRodShaped	11739	2.11944	0.5	34.6276	-46.8627	0	0.904912	0.425599	0	None	None
ChainingRodShaped	8905	3.20286	0.5	-24.7812	24.3798	0	0.991058	0.133431	0	None	None
ChainingRodShaped	5718	4.22073	0.5	19.8243	6.89984	0	0.992611	0.121342	0	None	None
ChainingRodShaped	9251	2.82835	0.5	53.3772	-15.4252	0	0.534392	0.845237	0	None	None
ChainingRodShaped	9861	3.35513	0.5	-16.4167	-32.8143	0	-0.622892	-0.782308	0	None	None
ChainingRodShaped	9177	3.19292	0.5	19.7522	27.7701	0	0.0583987	-0.998293	0	None	None
ChainingRodShaped	9377	3.20183	0.5	32.8035	-52.0116	0	0.595913	0.803049	0	None	None
ChainingRodShaped	11695	2.12157	0.5	-41.4506	-1.31211	0	0.833044	0.553206	0	None	None
ChainingRodShaped	9551	3.47258	0.5	64.4968	-1.44192	0	0.0274804	0.999622	0	None	None
ChainingRodShaped	8887	3.14938	0.5	17.4222	41.9353	0	0.74094	0.671571	0	None	None
ChainingRodShaped	5734	4.57266	0.5	49.0123	35.5831	0	0.954309	-0.29882	0	None	None
ChainingRodShaped	9063	3.21821	0.5	-10.7397	-37.289	0	-0.0938931	-0.995582	0	None	None
ChainingRodShaped	8921	2.72671	0.5	28.7868	39.3294	0	0.3232	-0.946331	0	None	None
ChainingRodShaped	9759	2.66039	0.5	-14.3971	86.9811	0	0.196007	-0.980602	0	None	None
ChainingRodShaped	5742	4.59955	0.5	37.7726	69.8513	0	-0.333417	-0.942779	0	None	None
ChainingRodShaped	10001	2.89299	0.5	22.6538	101.763	0	0.497823	-0.867279	0	None	None
ChainingRodShaped	10011	2.95802	0.5	31.2335	-40.2361	0	0.781342	-0.624103	0	None	None
ChainingRodShaped	5748	3.84006	0.5	33.6404	-12.6632	0	-0.28092	-0.959731	0	None	None
ChainingRodShaped	9341	3.29161	0.5	-59.6474	4.0379	0	-0.850416	0.526111	0	None	None
ChainingRodShaped	11645	2.0937	0.5	-35.9932	12.0009	0	0.971921	0.235307	0	None	None
ChainingRodShaped	5754	4.50281	0.5	-3.41397	-27.2516	0	0.998505	-0.0546549	0	None	None
ChainingRodShaped	10541	2.56093	0.5	10.4812	58.0213	0	0.991621	0.129181	0	None	None
ChainingRodShaped	5758	4.68825	0.5	67.2816	15.3851	0	-0.950745	-0.309973	0	None	None
ChainingRodShaped	11209	2.25652	0.5	40.9479	0.784029	0	0.4764	-0.879229	0	None	None
ChainingRodShaped	5762	3.92103	0.5	-11.9164	-46.4309	0	-0.970533	0.24097	0	None	None
ChainingRodShaped	8989	3.18821	0.5	2.04717	23.9125	0	0.0736685	-0.997283	0	None	None
ChainingRodShaped	11907	2.03664	0.5	30.6964	50.3957	0	0.0865061	-0.996251	0	None	None
ChainingRodShaped	5768	3.8083	0.5	-16.5859	111.157	0	0.999925	0.0122548	0	None	None
ChainingRodShaped	5770	3.85808	0.5	-25.5967	31.919	0	0.994363	0.106026	0	None	None
ChainingRodShaped	10657	2.8891	0.5	31.0882	-25.5115	0	-0.93308	-0.35967	0	None	None
ChainingRodShaped	5774	4.67643	0.5	5.45112	-21.1396	0	0.704426	-0.709778	0	None	None
ChainingRodShaped	9891	3.08975	0.5	1.34006	23.4251	0	0.0834498	-0.996512	0	None	None
ChainingRodShaped	10333	2.49098	0.5	33.9159	3.1276	0	-0.714364	-0.699774	0	None	None
ChainingRodShaped	10207	3.16666	0.5	-65.659	44.5988	0	0.97942	-0.201833	0	None	None
ChainingRodShaped	9223	2.92488	0.5	-42.5098	2.89002	0	0.933961	0.357375	0	None	None
ChainingRodShaped	10355	2.40431	0.5	-1.49232	18.7938	0	0.556109	-0.831109	0	None	None
ChainingRodShaped	11779	2.07497	0.5	18.1193	50.8084	0	0.637311	0.770607	0	None	None
ChainingRodShaped	11437	2.3361	0.5	32.3891	16.3904	0	0.752998	0.658023	0	None	None
ChainingRodShaped	5790	3.96461	0.5	-18.5129	-3.74187	0	0.753653	-0.657273	0	None	None
ChainingRodShaped	5792	4.57982	0.5	-5.73507	-39.958	0	-0.222475	-0.974938	0	None	None
ChainingRodShaped	9115	3.96245	0.5	71.2492	2.71734	0	-0.0559291	-0.998435	0	None	None
ChainingRodShaped	9107	3.54781	0.5	18.5888	83.9763	0	-0.85826	-0.513214	0	None	None
ChainingRodShaped	5798	4.99833	0.5	-12.9794	57.0439	0	0.962659	-0.270716	0	None	None
ChainingRodShaped	9225	3.71008	0.5	40.7456	60.1253	0	0.124038	-0.992278	0	None	None
ChainingRodShaped	9001	3.41879	0.5	53.3405	18.5711	0	-0.993992	-0.10945	0	None	None
ChainingRodShaped	9599	2.90744	0.5	71.2929	-15.0033	0	-0.517102	0.855924	0	None	None
ChainingRodShaped	5806	4.4463	0.5	-18.5252	86.7876	0	0.189494	-0.981882	0	None	None
ChainingRodShaped	10527	2.49683	0.5	77.3386	5.10946	0	0.0435136	-0.999053	0	None	None
ChainingRodShaped	11707	2.13905	0.5	28.623	110.444	0	0.797855	0.602849	0	None	None
ChainingRodShaped	9485	3.22101	0.5	-16.8213	-31.9253	0	-0.615056	-0.788483	0	None	None
ChainingRodShaped	5814	4.50704	0.5	32.1835	6.7395	0	-0.723752	-0.690061	0	None	None
ChainingRodShaped	10783	2.32233	0.5	-49.1217	-8.92879	0	-0.96768	0.25218	0	None	None
ChainingRodShaped	5818	4.06679	0.5	35.9912	105.994	0	0.721267	-0.692657	0	None	None
ChainingRodShaped	9099	3.5771	0.5	22.5322	103.847	0	0.49784	-0.867269	0	None	None
ChainingRodShaped	10149	2.75956	0.5	42.5884	18.0863	0	-0.375121	-0.926976	0	None	None
ChainingRodShaped	5824	4.11774	0.5	-36.7496	-9.50069	0	-0.808561	-0.588413	0	None	None
ChainingRodShaped	10959	2.50315	0.5	17.0977	-10.2102	0	0.42241	-0.906405	0	None	None
ChainingRodShaped	10943	2.67802	0.5	41.1733	-26.7698	0	0.982759	0.184892	0	None	None
ChainingRodShaped	5830	4.15362	0.5	-24.0618	44.944	0	0.236319	-0.971676	0	None	None
ChainingRodShaped	11517	2.15168	0.5	9.19183	9.18298	0	0.993425	-0.114488	0	None	None
ChainingRodShaped	9357	2.86641	0.5	-64.7582	57.3048	0	-0.999449	-0.033202	0	None	None
ChainingRodShaped	5836	4.33032	0.5	-57.3116	33.8576	0	0.918563	0.395274	0	None	None
ChainingRodShaped	9859	2.85257	0.5	-56.838	32.1158	0	0.905557	0.424225	0	None	None
ChainingRodShaped	9283	3.70231	0.5	15.6478	62.1212	0	0.814209	0.580572	0	None	None
ChainingRodShaped	5842	4.70718	0.5	50.715	81.0694	0	0.101114	-0.994875	0	None	None
ChainingRodShaped	5844	4.18044	0.5	81.3522	24.7485	0	0.429141	-0.903237	0	None	None
ChainingRodShaped	5846	4.1269	0.5	-44.9355	63.3943	0	0.615309	0.788286	0	None	None
ChainingRodShaped	5848	4.53743	0.5	45.5048	56.715	0	-0.226646	-0.973977	0	None	None
ChainingRodShaped	9803	2.67396	0.5	79.0503	7.20065	0	0.0406912	-0.999172	0	None	None
ChainingRodShaped	10699	2.59157	0.5	36.0832	-15.2277	0	-0.252154	-0.967687	0	None	None
ChainingRodShaped	9373	3.17228	0.5	-50.7036	71.8449	0	0.161457	0.98688	0	None	None
ChainingRodShaped	5856	4.84574	0.5	-27.6828	-10.5902	0	-0.562783	0.826604	0	None	None
ChainingRodShaped	9665	3.00284	0.5	4.18124	58.9835	0	-0.833653	-0.552288	0	None	None
ChainingRodShaped	5860	4.62342	0.5	40.3838	-36.942	0	0.877388	0.479782	0	None	None
ChainingRodShaped	9757	2.65994	0.5	-33.1781	82.3066	0	0.961282	0.275565	0	None	None
ChainingRodShaped	5864	4.0696	0.5	62.9121	79.7883	0	0.647226	-0.762298	0	None	None
ChainingRodShaped	5866	4.08728	0.5	58.7574	38.7358	0	-0.998478	-0.0551465	0	None	None
ChainingRodShaped	10857	2.26853	0.5	12.7149	-12.9989	0	-0.981306	-0.192453	0	None	None
ChainingRodShaped	9729	2.90663	0.5	63.6895	39.9964	0	-0.951688	-0.307066	0	None	None
ChainingRodShaped	12033	2.02897	0.5	52.2062	-0.129286	0	-0.850024	-0.526744	0	None	None
ChainingRodShaped	5874	3.93962	0.5	-36.215	10.3637	0	0.966998	0.254786	0	None	None
ChainingRodShaped	9159	3.78509	0.5	-54.8799	39.6881	0	0.924041	0.382293	0	None	None
ChainingRodShaped	5878	4.83219	0.5	-29.0235	78.1125	0	0.955138	0.296162	0	None	None
ChainingRodShaped	5880	3.92941	0.5	-44.631	72.5102	0	0.629309	0.777156	0	None	None
ChainingRodShaped	5882	4.65241	0.5	-42.2216	24.6884	0	-0.8696	-0.493757	0	None	None
ChainingRodShaped	9181	3.36527	0.5	-62.3939	-11.1034	0	0.641056	-0.767494	0	None	None
ChainingRodShaped	9321	3.61581	0.5	4.1678	74.4816	0	0.500186	-0.865918	0	None	None
ChainingRodShaped	5888	4.08099	0.5	10.0536	95.227	0	-0.0860494	-0.996291	0	None	None
ChainingRodShaped	10071	2.70554	0.5	-30.1789	97.7281	0	0.595533	0.803331	0	None	None
ChainingRodShaped	5892	3.76688	0.5	19.7952	-50.7363	0	0.997989	-0.063394	0	None	None
ChainingRodShaped	5894	3.69527	0.5	39.5545	-11.3303	0	-0.245077	-0.969504	0	None	None
ChainingRodShaped	5896	3.89631	0.5	5.66035	24.731	0	0.111954	0.993713	0	None	None
ChainingRodShaped	11775	2.11315	0.5	35.6841	37.1236	0	0.919672	-0.392688	0	None	None
ChainingRodShaped	9145	3.13351	0.5	-63.4171	62.6132	0	-0.648617	0.761115	0	None	None
ChainingRodShaped	9541	3.13946	0.5	66.1922	-24.0824	0	0.55791	-0.829902	0	None	None
ChainingRodShaped	5904	3.72041	0.5	-57.159	74.574	0	0.985925	-0.167191	0	None	None
ChainingRodShaped	5906	4.22843	0.5	66.7102	50.3784	0	-0.949246	-0.314535	0	None	None
ChainingRodShaped	9387	2.76171	0.5	33.3782	79.871	0	0.786241	0.61792	0	None	None
ChainingRodShaped	9231	3.21144	0.5	86.3849	46.4694	0	0.209709	0.977764	0	None	None
ChainingRodShaped	5912	4.7135	0.5	-26.8235	38.5248	0	-0.931891	-0.362738	0	None	None
ChainingRodShaped	9931	2.56086	0.5	-22.7554	39.4766	0	-0.942949	0.332937	0	None	None
ChainingRodShaped	9941	3.00453	0.5	-1.06076	33.4644	0	-0.94087	-0.338766	0	None	None
ChainingRodShaped	5918	4.42187	0.5	45.2698	39.8937	0	-0.895974	-0.444107	0	None	None
ChainingRodShaped	9173	2.98954	0.5	6.88386	-53.2301	0	0.251519	-0.967852	0	None	None
ChainingRodShaped	12049	2.01271	0.5	8.64091	99.4286	0	-0.938792	-0.344485	0	None	None
ChainingRodShaped	5924	4.15629	0.5	63.4212	35.1858	0	0.66818	-0.744	0	None	None
ChainingRodShaped	9171	3.38229	0.5	-50.0321	-14.2829	0	0.822711	-0.568459	0	None	None
ChainingRodShaped	11099	2.47041	0.5	65.7253	84.8091	0	0.999286	-0.037769	0	None	None
ChainingRodShaped	5930	4.32745	0.5	12.1287	-13.908	0	-0.979346	-0.202193	0	None	None
ChainingRodShaped	5932	4.36247	0.5	15.3166	98.4984	0	-0.56329	0.826259	0	None	None
ChainingRodShaped	9333	2.99791	0.5	49.4961	91.1135	0	0.0199493	-0.999801	0	None	None
ChainingRodShaped	9653	2.58088	0.5	-5.81252	57.7109	0	0.859856	-0.510536	0	None	None
ChainingRodShaped	5938	3.69475	0.5	8.49812	30.9767	0	-0.863152	-0.504945	0	None	None
ChainingRodShaped	5940	4.80495	0.5	78.0119	26.1526	0	0.907811	-0.41938	0	None	None
ChainingRodShaped	5942	3.87569	0.5	-45.1368	-15.3317	0	0.979663	-0.200648	0	None	None
ChainingRodShaped	11131	2.52423	0.5	-1.27945	66.546	0	0.668594	-0.743628	0	None	None
ChainingRodShaped	10523	2.55035	0.5	-41.8142	20.4033	0	0.884577	-0.466395	0	None	None
ChainingRodShaped	9819	2.97238	0.5	-25.466	104.485	0	0.97945	-0.201688	0	None	None
ChainingRodShaped	11537	2.28219	0.5	35.1175	9.84879	0	-0.602404	-0.798191	0	None	None
ChainingRodShaped	5952	3.87436	0.5	-41.7041	80.5319	0	0.635594	0.772023	0	None	None
ChainingRodShaped	10443	3.011	0.5	44.5663	11.7493	0	-0.511602	-0.859223	0	None	None
ChainingRodShaped	5956	4.50634	0.5	79.2637	72.5552	0	0.801893	-0.597467	0	None	None
ChainingRodShaped	5958	4.49911	0.5	-35.3492	53.4726	0	0.150569	0.9886	0	None	None
ChainingRodShaped	5960	3.92125	0.5	16.1641	-43.5933	0	-0.981534	0.19129	0	None	None
ChainingRodShaped	10209	2.45575	0.5	-34.6349	33.4489	0	-0.746905	-0.664931	0	None	None
ChainingRodShaped	5964	4.62078	0.5	87.1198	62.6476	0	0.508758	-0.860909	0	None	None
ChainingRodShaped	5966	4.11254	0.5	-5.16922	-47.0333	0	0.340719	0.940165	0	None	None
ChainingRodShaped	10275	2.94976	0.5	2.55786	12.2469	0	0.996948	-0.078073	0	None	None
ChainingRodShaped	9667	3.21826	0.5	12.6553	36.9771	0	-0.0275497	0.99962	0	None	None
ChainingRodShaped	10137	3.02529	0.5	0.240641	2.61539	0	-0.899855	0.436189	0	None	None
ChainingRodShaped	9281	2.8181	0.5	-11.4959	-35.5747	0	-0.0965002	-0.995333	0	None	None
ChainingRodShaped	9913	2.55772	0.5	-5.9222	12.9429	0	0.761069	-0.648671	0	None	None
ChainingRodShaped	5978	3.64928	0.5	-21.1475	13.363	0	0.853776	-0.52064	0	None	None
ChainingRodShaped	10659	2.83538	0.5	-6.25254	10.2307	0	0.780242	-0.625477	0	None	None
ChainingRodShaped	9355	3.27835	0.5	79.0443	20.1327	0	-0.219862	0.975531	0	None	None
ChainingRodShaped	9693	3.1709	0.5	58.769	70.5632	0	0.0754004	0.997153	0	None	None
ChainingRodShaped	9797	3.05748	0.5	5.42098	7.28745	0	0.990645	-0.136462	0	None	None
ChainingRodShaped	9307	3.52288	0.5	-4.15439	-11.1068	0	0.788252	-0.615353	0	None	None
ChainingRodShaped	9343	3.18707	0.5	-56.2	17.5393	0	0.558274	-0.829657	0	None	None
ChainingRodShaped	9701	3.48497	0.5	49.0971	3.47616	0	-0.975707	-0.219081	0	None	None
ChainingRodShaped	9319	3.74507	0.5	-2.78988	66.9847	0	0.670108	-0.742264	0	None	None
ChainingRodShaped	9773	3.18607	0.5	18.9061	-33.2274	0	0.989828	0.142268	0	None	None
ChainingRodShaped	5998	4.90235	0.5	44.2552	47.7821	0	0.940172	0.3407	0	None	None
ChainingRodShaped	11661	2.17329	0.5	31.0003	47.396	0	-0.138302	0.99039	0	None	None
ChainingRodShaped	6002	4.54756	0.5	-19.4819	-15.4246	0	-0.350153	0.936693	0	None	None
ChainingRodShaped	9353	3.64115	0.5	-9.56632	52.6687	0	0.826628	-0.562749	0	None	None
ChainingRodShaped	6006	4.84194	0.5	52.5886	15.6568	0	-0.973523	-0.22859	0	None	None
ChainingRodShaped	11145	2.26041	0.5	90.346	55.6836	0	0.149399	0.988777	0	None	None
ChainingRodShaped	11263	2.32896	0.5	63.3893	63.5184	0	-0.336061	0.94184	0	None	None
ChainingRodShaped	9655	3.32415	0.5	2.37363	17.4257	0	0.925956	-0.377631	0	None	None
ChainingRodShaped	10381	2.41422	0.5	65.832	88.414	0	0.676193	-0.736725	0	None	None
ChainingRodShaped	9817	3.33048	0.5	-5.18332	110.668	0	0.00701537	-0.999975	0	None	None
ChainingRodShaped	9939	2.77456	0.5	47.9969	-45.359	0	-0.034259	-0.999413	0	None	None
ChainingRodShaped	9391	3.23335	0.5	66.0056	71.1155	0	0.85847	-0.512864	0	None	None
ChainingRodShaped	9533	3.30227	0.5	59.797	6.36303	0	0.951157	-0.308706	0	None	None
ChainingRodShaped	6024	4.65558	0.5	25.7252	-14.9555	0	-0.846138	-0.532964	0	None	None
ChainingRodShaped	10837	2.40118	0.5	-40.0004	30.6369	0	-0.736812	-0.676098	0	None	None
ChainingRodShaped	6028	4.53984	0.5	36.0199	65.6797	0	0.25191	-0.967751	0	None	None
ChainingRodShaped	9915	2.92228	0.5	41.5165	73.6329	0	-0.247229	-0.968957	0	None	None
ChainingRodShaped	6032	3.93862	0.5	-0.768911	-11.18	0	0.432998	-0.901395	0	None	None
ChainingRodShaped	9943	2.9539	0.5	-42.7249	-11.9101	0	-0.78516	-0.619293	0	None	None
ChainingRodShaped	6036	4.52633	0.5	-41.7185	71.8895	0	0.614968	0.788552	0	None	None
ChainingRodShaped	9705	3.17793	0.5	-48.9044	13.9827	0	0.11951	-0.992833	0	None	None
ChainingRodShaped	9669	2.9598	0.5	54.4073	-43.2457	0	0.973204	0.229945	0	None	None
ChainingRodShaped	11297	2.18911	0.5	56.5397	32.7844	0	0.841002	-0.541031	0	None	None
ChainingRodShaped	6044	4.48274	0.5	72.5133	-24.9922	0	-0.256522	-0.966538	0	None	None
ChainingRodShaped	11199	2.30676	0.5	-41.1962	45.4815	0	0.755397	0.655267	0	None	None
ChainingRodShaped	6048	4.65359	0.5	15.1581	-52.5434	0	0.924694	-0.380711	0	None	None
ChainingRodShaped	6050	4.67428	0.5	57.4445	35.0552	0	0.853303	-0.521416	0	None	None
ChainingRodShaped	10019	2.73226	0.5	31.9589	104.042	0	0.472214	-0.881484	0	None	None
ChainingRodShaped	6054	4.92987	0.5	75.0354	-11.645	0	0.105446	-0.994425	0	None	None
ChainingRodShaped	10417	2.65186	0.5	-13.5078	-47.0246	0	-0.972897	0.231237	0	None	None
ChainingRodShaped	10357	3.03269	0.5	-41.1006	-27.3434	0	0.71463	0.699503	0	None	None
ChainingRodShaped	10479	2.89471	0.5	-36.7702	75.2345	0	0.690928	0.722924	0	None	None
ChainingRodShaped	9397	2.6316	0.5	18.5148	34.9697	0	0.132701	-0.991156	0	None	None
ChainingRodShaped	6064	4.17901	0.5	4.23381	-12.545	0	-0.425713	0.904858	0	None	None
ChainingRodShaped	9791	3.07515	0.5	-35.7094	-1.36416	0	-0.816691	-0.577075	0	None	None
ChainingRodShaped	10757	2.36192	0.5	16.5984	80.0264	0	-0.925072	-0.379793	0	None	None
ChainingRodShaped	6070	3.64181	0.5	-42.3482	72.5034	0	0.619204	0.78523	0	None	None
ChainingRodShaped	6072	4.09542	0.5	75.3975	16.5726	0	0.170837	-0.985299	0	None	None
ChainingRodShaped	6074	3.70318	0.5	-44.3864	-16.8208	0	0.895345	-0.445373	0	None	None
ChainingRodShaped	10979	2.37861	0.5	-4.10914	-15.6284	0	0.582262	-0.813001	0	None	None
ChainingRodShaped	11057	2.65678	0.5	-53.6007	21.3789	0	0.640725	-0.76777	0	None	None
ChainingRodShaped	10887	2.42834	0.5	2.4514	69.2685	0	0.708057	-0.706156	0	None	None
ChainingRodShaped	9571	3.18057	0.5	-9.15329	46.4898	0	0.790829	-0.612037	0	None	None
ChainingRodShaped	11189	2.48579	0.5	27.8444	13.8178	0	0.717292	0.696773	0	None	None
ChainingRodShaped	11769	2.11763	0.5	-29.3069	34.965	0	-0.933433	-0.358752	0	None	None
ChainingRodShaped	10237	2.92626	0.5	-29.7356	-0.329873	0	-0.744836	0.667248	0	None	None
ChainingRodShaped	6090	4.07063	0.5	14.3026	71.5862	0	0.97614	0.217141	0	None	None
ChainingRodShaped	11905	2.07602	0.5	92.6793	14.3344	0	0.373037	-0.927816	0	None	None
ChainingRodShaped	11043	2.52359	0.5	-1.71704	-15.0799	0	0.428271	-0.903651	0	None	None
ChainingRodShaped	9683	2.85527	0.5	-7.57403	-31.0936	0	-0.955392	-0.29534	0	None	None
ChainingRodShaped	6098	4.20657	0.5	43.0671	-20.7415	0	-0.462663	-0.886534	0	None	None
ChainingRodShaped	10591	2.65622	0.5	46.5753	24.825	0	0.916979	-0.398935	0	None	None
ChainingRodShaped	10031	2.62062	0.5	12.742	104.805	0	0.999988	-0.00492544	0	None	None
ChainingRodShaped	10807	2.58345	0.5	-70.1142	8.81303	0	0.938656	-0.344856	0	None	None
ChainingRodShaped	6106	4.55542	0.5	-33.3479	-29.3623	0	0.799801	-0.600265	0	None	None
ChainingRodShaped	6108	4.19837	0.5	54.2168	69.2854	0	0.142901	0.989737	0	None	None
ChainingRodShaped	10189	2.67226	0.5	-37.6488	31.7621	0	-0.688141	-0.725577	0	None	None
ChainingRodShaped	11339	2.19959	0.5	-4.23716	109.667	0	-0.0078612	-0.999969	0	None	None
ChainingRodShaped	6114	4.57248	0.5	19.3757	95.903	0	0.401971	-0.915652	0	None	None
ChainingRodShaped	11201	2.20306	0.5	57.6146	-12.123	0	-0.0267107	-0.999643	0	None	None
ChainingRodShaped	10057	2.46324	0.5	-31.9456	20.4743	0	-0.271968	0.962306	0	None	None
ChainingRodShaped	6120	3.62543	0.5	41.2945	40.7293	0	0.940873	0.33876	0	None	None
ChainingRodShaped	11713	2.15086	0.5	41.2986	1.84387	0	0.485049	-0.874487	0	None	None
ChainingRodShaped	11349	2.40311	0.5	32.7265	19.6555	0	0.972375	-0.233426	0	None	None
ChainingRodShaped	6126	4.77203	0.5	10.9625	16.0141	0	0.994854	-0.10132	0	None	None
ChainingRodShaped	6128	4.13219	0.5	-12.3865	61.6188	0	0.944672	-0.328018	0	None	None
ChainingRodShaped	10585	2.35119	0.5	56.9267	76.0392	0	0.319231	0.947677	0	None	None
ChainingRodShaped	11001	2.56887	0.5	-43.1565	77.244	0	0.628192	0.778059	0	None	None
ChainingRodShaped	6134	4.47993	0.5	37.2569	44.2181	0	0.917699	-0.397276	0	None	None
ChainingRodShaped	10181	3.12468	0.5	0.544013	-40.6965	0	0.719782	-0.6942	0	None	None
ChainingRodShaped	6138	4.8053	0.5	41.1884	21.1763	0	-0.364766	-0.931099	0	None	None
ChainingRodShaped	9467	3.03527	0.5	51.4196	54.2155	0	0.955689	0.294379	0	None	None
ChainingRodShaped	10183	2.78742	0.5	80.5006	-6.73794	0	-0.229607	-0.973283	0	None	None
ChainingRodShaped	10107	3.1415	0.5	-26.6668	-3.44896	0	-0.293353	0.956004	0	None	None
ChainingRodShaped	6146	4.7317	0.5	0.376495	44.9424	0	0.999967	-0.0081044	0	None	None
ChainingRodShaped	6148	4.19048	0.5	60.1664	53.4752	0	0.827542	0.561404	0	None	None
ChainingRodShaped	10165	2.95584	0.5	-20.5749	76.0504	0	-0.994878	0.101079	0	None	None
ChainingRodShaped	9769	3.45165	0.5	33.0531	50.9567	0	0.0858946	-0.996304	0	None	None
ChainingRodShaped	6154	3.96244	0.5	-43.0862	-6.76629	0	-0.793391	-0.608712	0	None	None
ChainingRodShaped	6156	4.04896	0.5	-11.9974	38.6014	0	-0.973723	-0.227738	0	None	None
ChainingRodShaped	10185	2.70429	0.5	-25.2876	37.5142	0	-0.938841	-0.344352	0	None	None
ChainingRodShaped	10313	2.56885	0.5	-48.2971	7.29883	0	0.711049	-0.703142	0	None	None
ChainingRodShaped	9649	2.62773	0.5	-15.391	-44.7299	0	-0.982405	0.186761	0	None	None
ChainingRodShaped	9685	3.50752	0.5	17.1253	15.6912	0	0.694082	-0.719896	0	None	None
ChainingRodShaped	11463	2.19983	0.5	24.2716	44.0634	0	0.617602	0.786491	0	None	None
ChainingRodShaped	11389	2.33998	0.5	5.14523	-36.7604	0	-0.965656	0.259825	0	None	None
ChainingRodShaped	9691	3.39484	0.5	-45.2504	17.5095	0	0.608733	-0.793375	0	None	None
ChainingRodShaped	10375	2.94896	0.5	82.1886	56.9039	0	0.0917587	-0.995781	0	None	None
ChainingRodShaped	10387	2.40007	0.5	67.1176	69.4601	0	0.898644	-0.438679	0	None	None
ChainingRodShaped	11447	2.19216	0.5	57.9492	58.1362	0	-0.102598	0.994723	0	None	None
ChainingRodShaped	10035	2.51084	0.5	-13.0494	-33.2727	0	-0.0984183	-0.995145	0	None	None
ChainingRodShaped	6180	4.60504	0.5	16.1769	70.3373	0	0.975594	0.219582	0	None	None
ChainingRodShaped	11737	2.17715	0.5	39.9094	-39.3063	0	0.870394	0.492355	0	None	None
ChainingRodShaped	11229	2.30421	0.5	-13.8977	75.3653	0	-0.0520919	-0.998642	0	None	None
ChainingRodShaped	10389	2.44005	0.5	20.5957	63.8603	0	0.38347	0.923553	0	None	None
ChainingRodShaped	11299	2.19155	0.5	49.8263	69.1327	0	-0.0700996	-0.99754	0	None	None
ChainingRodShaped	6190	3.77618	0.5	32.4264	26.2482	0	0.797814	-0.602903	0	None	None
ChainingRodShaped	11373	2.27763	0.5	71.9373	28.908	0	0.870101	0.492873	0	None	None
ChainingRodShaped	10653	2.84881	0.5	12.144	-48.3419	0	0.961146	-0.276041	0	None	None
ChainingRodShaped	11445	2.33028	0.5	-74.9049	33.1348	0	-0.160602	0.987019	0	None	None
ChainingRodShaped	6198	4.32001	0.5	-46.2219	12.7027	0	0.104434	-0.994532	0	None	None
ChainingRodShaped	9823	3.34456	0.5	92.6433	6.12367	0	0.793636	0.608393	0	None	None
ChainingRodShaped	6202	4.95357	0.5	-7.30701	97.4517	0	-0.337563	-0.941303	0	None	None
ChainingRodShaped	10827	2.73226	0.5	9.21237	-15.1846	0	-0.999101	-0.0423897	0	None	None
ChainingRodShaped	6206	4.36124	0.5	30.6537	59.416	0	0.840143	0.542364	0	None	None
ChainingRodShaped	11909	2.09699	0.5	1.69397	66.8505	0	0.709038	-0.70517	0	None	None
ChainingRodShaped	9731	3.10776	0.5	19.6096	50.317	0	0.651636	0.758532	0	None	None
ChainingRodShaped	9899	2.99391	0.5	84.4444	-11.393	0	-0.210791	-0.977531	0	None	None
ChainingRodShaped	11451	2.35849	0.5	4.84563	-53.5312	0	-0.327018	0.945018	0	None	None
ChainingRodShaped	6216	4.47166	0.5	56.8401	-11.569	0	-0.0367831	-0.999323	0	None	None
ChainingRodShaped	12007	2.02806	0.5	-37.2582	23.6462	0	0.866987	0.49833	0	None	None
ChainingRodShaped	6220	3.79384	0.5	56.8945	68.3666	0	0.0404434	0.999182	0	None	None
ChainingRodShaped	11179	2.27759	0.5	12.6518	65.7519	0	0.78516	-0.619293	0	None	None
ChainingRodShaped	6224	3.87124	0.5	26.4976	-36.5991	0	0.986615	-0.163064	0	None	None
ChainingRodShaped	10595	2.92965	0.5	-2.13586	83.8494	0	-0.527405	-0.849614	0	None	None
ChainingRodShaped	6228	4.43374	0.5	-7.17689	91.4251	0	0.893673	0.448719	0	None	None
ChainingRodShaped	6230	4.45444	0.5	40.439	-25.1891	0	0.981853	0.189641	0	None	None
ChainingRodShaped	6232	3.87076	0.5	-47.2398	14.2304	0	0.102946	-0.994687	0	None	None
ChainingRodShaped	6234	4.36994	0.5	23.4551	29.7936	0	-0.0507041	0.998714	0	None	None
ChainingRodShaped	9661	3.2785	0.5	3.23241	97.2103	0	0.534483	0.845179	0	None	None
ChainingRodShaped	9855	2.95774	0.5	14.565	2.02997	0	0.426488	-0.904493	0	None	None
ChainingRodShaped	11337	2.32892	0.5	49.4266	46.4842	0	0.936884	0.349641	0	None	None
ChainingRodShaped	11501	2.19426	0.5	39.1654	59.2161	0	0.100387	-0.994949	0	None	None
ChainingRodShaped	10339	2.93465	0.5	50.5495	97.8617	0	0.999975	0.00704528	0	None	None
ChainingRodShaped	9675	2.90097	0.5	-8.93785	-3.80241	0	-0.881681	-0.471846	0	None	None
ChainingRodShaped	6248	4.67581	0.5	30.2433	23.6456	0	0.533526	-0.845783	0	None	None
ChainingRodShaped	10169	3.04009	0.5	31.5622	30.6104	0	0.386187	-0.922421	0	None	None
ChainingRodShaped	6252	3.91638	0.5	45.3335	10.0884	0	-0.52872	-0.848796	0	None	None
ChainingRodShaped	6254	3.63762	0.5	-19.0953	109.085	0	0.997254	0.0740518	0	None	None
ChainingRodShaped	6256	4.23939	0.5	-14.587	104.335	0	0.989979	-0.141215	0	None	None
ChainingRodShaped	6258	4.63421	0.5	32.4044	97.4293	0	-0.723902	-0.689902	0	None	None
ChainingRodShaped	6260	4.68931	0.5	33.9852	97.6453	0	-0.717415	-0.696646	0	None	None
ChainingRodShaped	6262	4.69001	0.5	14.3956	29.4168	0	0.219073	0.975708	0	None	None
ChainingRodShaped	6264	4.95682	0.5	-7.39268	62.0422	0	-0.906561	0.422075	0	None	None
ChainingRodShaped	12027	2.02778	0.5	32.2308	51.2252	0	0.0863886	-0.996262	0	None	None
ChainingRodShaped	11853	2.10494	0.5	25.208	101.114	0	0.865275	0.501298	0	None	None
ChainingRodShaped	11233	2.51371	0.5	-10.9791	95.5269	0	0.196988	-0.980406	0	None	None
ChainingRodShaped	6272	4.2541	0.5	-1.97003	-52.8233	0	-0.307825	0.951443	0	None	None
ChainingRodShaped	6274	4.71865	0.5	78.3572	-7.54774	0	-0.226397	-0.974035	0	None	None
ChainingRodShaped	11357	2.25955	0.5	23.721	-14.3742	0	-0.835205	-0.549938	0	None	None
ChainingRodShaped	6278	3.54601	0.5	73.8701	2.83012	0	-0.0487488	-0.998811	0	None	None
ChainingRodShaped	6280	3.67154	0.5	24.258	-13.0324	0	-0.82978	-0.55809	0	None	None
ChainingRodShaped	10785	2.72224	0.5	44.4669	-19.8116	0	0.453846	0.89108	0	None	None
ChainingRodShaped	6284	4.63586	0.5	55.9935	-12.2962	0	-0.0467354	-0.998907	0	None	None
ChainingRodShaped	11303	2.17137	0.5	43.1538	101.241	0	0.955117	0.296228	0	None	None
ChainingRodShaped	6288	4.32497	0.5	51.9244	-11.0495	0	0.474636	0.880182	0	None	None
ChainingRodShaped	6290	4.76338	0.5	-59.8687	38.6114	0	0.999978	-0.00659594	0	None	None
ChainingRodShaped	10763	2.6648	0.5	89.663	16.7789	0	-0.219616	0.975586	0	None	None
ChainingRodShaped	6294	4.65681	0.5	-10.5042	-19.7124	0	0.887182	-0.46142	0	None	None
ChainingRodShaped	11047	2.30425	0.5	-66.7518	-1.49589	0	-0.899444	-0.437036	0	None	None
ChainingRodShaped	6298	3.62205	0.5	20.84	36.2091	0	0.0743147	-0.997235	0	None	None
ChainingRodShaped	6300	4.28042	0.5	28.0344	-36.0712	0	0.988195	-0.153201	0	None	None
ChainingRodShaped	6302	4.35661	0.5	37.1576	13.7747	0	-0.634392	-0.773012	0	None	None
ChainingRodShaped	11921	2.09447	0.5	-7.90701	103.694	0	0.00441848	-0.99999	0	None	None
ChainingRodShaped	9841	3.05445	0.5	-41.6171	-22.7752	0	-0.72475	-0.689012	0	None	None
ChainingRodShaped	6308	4.01146	0.5	65.8749	3.49307	0	-0.951156	-0.308709	0	None	None
ChainingRodShaped	10669	2.67434	0.5	63.8719	-37.2249	0	0.96461	-0.263681	0	None	None
ChainingRodShaped	6312	4.45064	0.5	63.4803	60.6324	0	0.326592	-0.945165	0	None	None
ChainingRodShaped	6314	4.06318	0.5	-36.7543	27.7813	0	-0.631285	-0.775551	0	None	None
ChainingRodShaped	11705	2.10549	0.5	28.8052	19.0911	0	-0.979307	0.202382	0	None	None
ChainingRodShaped	6318	4.90322	0.5	71.9382	68.5126	0	0.846477	-0.532425	0	None	None
ChainingRodShaped	6320	3.83306	0.5	-9.21135	-18.3288	0	-0.925066	0.379807	0	None	None
ChainingRodShaped	6322	4.28473	0.5	40.3807	97.4868	0	0.967871	0.251446	0	None	None
ChainingRodShaped	11319	2.31843	0.5	29.6007	-28.5415	0	0.995523	-0.0945244	0	None	None
ChainingRodShaped	10609	2.78404	0.5	-12.4396	1.43999	0	-0.892964	-0.450129	0	None	None
ChainingRodShaped	10899	2.25903	0.5	69.5265	72.141	0	0.86025	-0.509872	0	None	None
ChainingRodShaped	11177	2.22614	0.5	72.5499	-14.3531	0	0.102398	-0.994744	0	None	None
ChainingRodShaped	6332	4.22696	0.5	4.99181	-45.5741	0	0.721529	-0.692384	0	None	None
ChainingRodShaped	10667	2.75686	0.5	14.1466	75.9299	0	0.96992	0.243422	0	None	None
ChainingRodShaped	6336	4.10937	0.5	40.1663	14.9942	0	-0.478057	-0.878329	0	None	None
ChainingRodShaped	10885	2.76338	0.5	-18.4339	98.9959	0	0.97817	-0.207806	0	None	None
ChainingRodShaped	6340	3.93137	0.5	-12.7738	91.394	0	0.220612	-0.975362	0	None	None
ChainingRodShaped	12019	2.02618	0.5	-60.4153	-3.43196	0	-0.933299	0.3591	0	None	None
ChainingRodShaped	10981	2.56621	0.5	52.1855	89.099	0	0.0339226	-0.999424	0	None	None
ChainingRodShaped	6346	3.96173	0.5	37.0565	43.5931	0	0.921626	-0.38808	0	None	None
ChainingRodShaped	6348	3.49843	0.5	-36.6308	47.2249	0	0.737171	0.675707	0	None	None
ChainingRodShaped	6350	4.81781	0.5	49.3781	21.3996	0	-0.995195	-0.097917	0	None	None
ChainingRodShaped	6352	3.86329	0.5	42.5402	15.9843	0	-0.4726	-0.881277	0	None	None
ChainingRodShaped	6354	4.0335	0.5	51.7986	-8.00459	0	0.713251	0.700909	0	None	None
ChainingRodShaped	6356	3.81436	0.5	10.7689	-39.829	0	-0.979811	0.199928	0	None	None
ChainingRodShaped	6358	4.54833	0.5	-19.1964	-29.22	0	0.584928	0.811085	0	None	None
ChainingRodShaped	9967	2.67305	0.5	4.66526	-33.8361	0	-0.915795	0.401646	0	None	None
ChainingRodShaped	6362	3.69539	0.5	-65.9809	16.6119	0	-0.574511	0.818497	0	None	None
ChainingRodShaped	10457	2.97445	0.5	-18.2813	38.9447	0	-0.962581	-0.270994	0	None	None
ChainingRodShaped	10049	2.63173	0.5	13.3624	-45.8237	0	0.968992	-0.247094	0	None	None
ChainingRodShaped	6368	3.64414	0.5	-27.3634	-21.7173	0	0.125915	-0.992041	0	None	None
ChainingRodShaped	11027	2.34814	0.5	79.7221	-16.8369	0	0.939259	-0.343209	0	None	None
ChainingRodShaped	6372	3.9774	0.5	22.8647	95.0741	0	-0.17318	-0.98489	0	None	None
ChainingRodShaped	10219	2.94492	0.5	-42.1328	61.0023	0	0.798056	0.602583	0	None	None
ChainingRodShaped	6376	4.92434	0.5	42.9491	63.0947	0	-0.0162795	-0.999867	0	None	None
ChainingRodShaped	11141	2.3058	0.5	-21.4855	108.162	0	0.867913	-0.496716	0	None	None
ChainingRodShaped	10945	2.5918	0.5	0.60484	54.4287	0	0.999804	0.0198124	0	None	None
ChainingRodShaped	6382	4.77256	0.5	44.6136	66.6723	0	-0.036416	-0.999337	0	None	None
ChainingRodShaped	11067	2.3507	0.5	19.4262	20.9374	0	0.0532846	-0.998579	0	None	None
ChainingRodShaped	6386	4.35197	0.5	-23.5913	72.802	0	0.731657	-0.681673	0	None	None
ChainingRodShaped	6388	4.29967	0.5	-12.5248	26.3495	0	0.777424	-0.628977	0	None	None
ChainingRodShaped	10095	2.79893	0.5	50.1758	31.6603	0	0.897503	-0.441008	0	None	None
ChainingRodShaped	6392	4.23694	0.5	-65.3722	37.9286	0	-0.338783	-0.940865	0	None	None
ChainingRodShaped	6394	4.50694	0.5	53.3266	69.0433	0	0.138896	0.990307	0	None	None
ChainingRodShaped	11273	2.29328	0.5	5.09277	60.4939	0	-0.818286	-0.574811	0	None	None
ChainingRodShaped	11827	2.15858	0.5	22.2854	-41.2146	0	-0.0738143	-0.997272	0	None	None
ChainingRodShaped	6400	4.36645	0.5	66.8315	19.1337	0	0.718114	-0.695925	0	None	None
ChainingRodShaped	6402	4.97686	0.5	8.38864	5.42341	0	0.347328	-0.937744	0	None	None
ChainingRodShaped	6404	4.17186	0.5	28.9576	5.86772	0	-0.749358	-0.662166	0	None	None
ChainingRodShaped	10847	2.28809	0.5	70.8035	-24.0309	0	0.0102869	0.999947	0	None	None
ChainingRodShaped	10007	2.87695	0.5	80.5883	72.7668	0	0.802995	-0.595985	0	None	None
ChainingRodShaped	6410	3.61903	0.5	-62.5379	27.0395	0	0.255943	0.966692	0	None	None
ChainingRodShaped	6412	3.58248	0.5	-7.95811	92.6229	0	0.737481	0.675367	0	None	None
ChainingRodShaped	6414	4.46897	0.5	-49.1966	43.0169	0	0.91748	0.397783	0	None	None
ChainingRodShaped	6416	4.47287	0.5	84.0069	70.5214	0	-0.999966	0.00820886	0	None	None
ChainingRodShaped	6418	3.54593	0.5	3.22024	33.3785	0	-0.939468	-0.342636	0	None	None
ChainingRodShaped	12025	2.02692	0.5	19.1316	19.0722	0	0.700547	-0.713606	0	None	None
ChainingRodShaped	6422	4.98185	0.5	16.9222	106.589	0	0.754232	-0.656608	0	None	None
ChainingRodShaped	6424	3.51039	0.5	3.34501	102.881	0	0.888112	0.459627	0	None	None
ChainingRodShaped	6426	3.57474	0.5	47.1367	39.1211	0	-0.877931	-0.478788	0	None	None
ChainingRodShaped	6428	3.7186	0.5	-17.9197	65.7972	0	-0.136497	-0.99064	0	None	None
ChainingRodShaped	6430	4.11128	0.5	33.1888	-18.0354	0	-0.867208	-0.497947	0	None	None
ChainingRodShaped	10811	2.50137	0.5	86.8422	19.8141	0	0.472456	-0.881354	0	None	None
ChainingRodShaped	6434	4.931	0.5	-21.1864	28.0586	0	0.999987	0.00509605	0	None	None
ChainingRodShaped	6436	3.56967	0.5	5.39328	-29.8659	0	-0.667602	0.744518	0	None	None
ChainingRodShaped	11605	2.20704	0.5	63.3894	73.6056	0	0.651783	-0.758405	0	None	None
ChainingRodShaped	11101	2.46207	0.5	59.6147	-37.745	0	0.99966	-0.0260586	0	None	None
ChainingRodShaped	11599	2.14813	0.5	-23.759	-14.6748	0	-0.598918	0.80081	0	None	None
ChainingRodShaped	6444	4.01422	0.5	10.272	-15.9226	0	-0.998691	-0.0511474	0	None	None
ChainingRodShaped	11477	2.14608	0.5	-11.9937	-4.54052	0	0.86763	0.49721	0	None	None
ChainingRodShaped	6448	4.10734	0.5	-55.642	20.6336	0	-0.143974	-0.989581	0	None	None
ChainingRodShaped	10221	2.68638	0.5	42.6546	100.082	0	0.953298	0.302032	0	None	None
ChainingRodShaped	10403	2.47833	0.5	-32.8184	-21.8227	0	0.548937	-0.835864	0	None	None
ChainingRodShaped	10511	2.65494	0.5	36.2551	72.4451	0	0.838838	0.54438	0	None	None
ChainingRodShaped	10307	3.14447	0.5	-15.4653	13.1564	0	0.544143	-0.838992	0	None	None
ChainingRodShaped	10359	2.53033	0.5	-8.91865	66.8426	0	-0.970263	0.242052	0	None	None
ChainingRodShaped	6460	3.95175	0.5	29.141	44.0774	0	0.148367	-0.988932	0	None	None
ChainingRodShaped	6462	4.15866	0.5	38.9355	23.5457	0	0.964155	-0.265341	0	None	None
ChainingRodShaped	10449	3.02272	0.5	-5.48204	80.6982	0	-0.465585	-0.885003	0	None	None
ChainingRodShaped	6466	3.96172	0.5	74.8497	59.9846	0	0.854456	-0.519524	0	None	None
ChainingRodShaped	6468	3.88675	0.5	-47.6186	9.55349	0	0.0897618	-0.995963	0	None	None
ChainingRodShaped	6470	3.8486	0.5	14.5682	82.4177	0	-0.261701	-0.965149	0	None	None
ChainingRodShaped	6472	3.98547	0.5	53.0844	91.7471	0	-0.00461056	-0.999989	0	None	None
ChainingRodShaped	10737	2.75161	0.5	44.2428	86.5917	0	0.784964	0.619541	0	None	None
ChainingRodShaped	10547	2.69089	0.5	14.4018	6.24199	0	0.317621	-0.948218	0	None	None
ChainingRodShaped	6478	4.31145	0.5	-11.9983	71.7856	0	0.587545	-0.809192	0	None	None
ChainingRodShaped	10707	2.6949	0.5	-9.70047	93.8384	0	0.189777	-0.981827	0	None	None
ChainingRodShaped	6482	3.45523	0.5	31.7882	86.8838	0	0.589341	0.807884	0	None	None
ChainingRodShaped	6484	3.75136	0.5	-39.8275	-15.1391	0	0.760551	0.649279	0	None	None
ChainingRodShaped	10105	3.12213	0.5	79.2793	24.5955	0	0.911962	-0.410276	0	None	None
ChainingRodShaped	6488	4.15016	0.5	-43.4901	16.9649	0	0.722527	-0.691343	0	None	None
ChainingRodShaped	6490	3.95365	0.5	-25.337	23.5612	0	0.989683	0.143274	0	None	None
ChainingRodShaped	11499	2.27263	0.5	38.4544	45.751	0	-0.00725104	-0.999974	0	None	None
ChainingRodShaped	11411	2.31152	0.5	27.923	79.4259	0	0.888707	0.458475	0	None	None
ChainingRodShaped	11367	2.29821	0.5	88.8923	57.8308	0	-0.0859595	0.996299	0	None	None
ChainingRodShaped	6498	4.83141	0.5	-69.4786	20.3228	0	-0.620308	0.784359	0	None	None
ChainingRodShaped	10797	2.53546	0.5	5.4983	49.4133	0	0.988405	0.15184	0	None	None
ChainingRodShaped	6502	3.54157	0.5	12.4013	106.583	0	0.999869	0.0161991	0	None	None
ChainingRodShaped	11375	2.19493	0.5	5.48943	98.9887	0	0.542902	0.839796	0	None	None
ChainingRodShaped	10245	2.62191	0.5	3.03179	80.6525	0	-0.721434	-0.692483	0	None	None
ChainingRodShaped	6508	4.74293	0.5	15.58	-7.46455	0	-0.903709	-0.428148	0	None	None
ChainingRodShaped	6510	4.0381	0.5	18.5829	22.6718	0	0.0434165	-0.999057	0	None	None
ChainingRodShaped	10781	2.43351	0.5	43.512	23.6977	0	0.922557	-0.38586	0	None	None
ChainingRodShaped	10739	2.62336	0.5	-26.2615	-1.84647	0	0.460848	-0.887479	0	None	None
ChainingRodShaped	10175	2.94051	0.5	74.2068	9.22868	0	0.820742	-0.5713	0	None	None
ChainingRodShaped	6518	4.53071	0.5	25.9582	-40.5169	0	-0.048126	-0.998841	0	None	None
ChainingRodShaped	6520	4.50636	0.5	-64.7186	4.52911	0	0.924172	-0.381977	0	None	None
ChainingRodShaped	11171	2.32218	0.5	25.6462	56.5989	0	0.714218	0.699923	0	None	None
ChainingRodShaped	6524	4.59234	0.5	61.5883	77.0874	0	0.655066	-0.755572	0	None	None
ChainingRodShaped	6526	4.71839	0.5	-31.024	-32.2427	0	0.781759	-0.623581	0	None	None
ChainingRodShaped	6528	4.24843	0.5	-18.9962	5.28978	0	-0.51293	0.858431	0	None	None
ChainingRodShaped	11891	2.0388	0.5	74.527	45.1	0	-0.621406	-0.783489	0	None	None
ChainingRodShaped	10647	2.83908	0.5	57.2344	25.0566	0	0.872197	-0.489156	0	None	None
ChainingRodShaped	6534	4.64615	0.5	-9.82246	-11.0031	0	0.959703	-0.281018	0	None	None
ChainingRodShaped	6536	4.88768	0.5	23.494	70.5455	0	0.968746	0.248056	0	None	None
ChainingRodShaped	6538	4.85971	0.5	-20.641	-3.78397	0	-0.105752	0.994393	0	None	None
ChainingRodShaped	11403	2.30405	0.5	-23.2776	-41.9648	0	-0.845598	-0.53382	0	None	None
ChainingRodShaped	6542	4.5761	0.5	-23.236	25.359	0	0.992337	0.123564	0	None	None
ChainingRodShaped	6544	3.8212	0.5	-0.192079	90.9854	0	0.906154	0.422947	0	None	None
ChainingRodShaped	10645	2.58207	0.5	-4.2214	66.1487	0	0.662951	-0.748663	0	None	None
ChainingRodShaped	11239	2.30671	0.5	26.4707	74.5266	0	0.971053	0.238866	0	None	None
ChainingRodShaped	6550	3.70684	0.5	86.2003	10.1248	0	-0.39433	0.918969	0	None	None
ChainingRodShaped	6552	4.9816	0.5	4.46711	110.313	0	0.964825	-0.262894	0	None	None
ChainingRodShaped	6554	3.44308	0.5	-37.8862	55.9159	0	-0.806236	-0.591594	0	None	None
ChainingRodShaped	6556	3.73457	0.5	47.806	64.7151	0	-0.0547221	-0.998502	0	None	None
ChainingRodShaped	10889	2.4179	0.5	-23.2697	-17.3412	0	0.313643	-0.949541	0	None	None
ChainingRodShaped	10299	2.85901	0.5	62.4351	58.0642	0	0.333591	0.942718	0	None	None
ChainingRodShaped	6562	3.59887	0.5	-35.2495	80.0126	0	0.783837	0.620966	0	None	None
ChainingRodShaped	6564	4.01893	0.5	85.5049	16.2073	0	0.39206	-0.91994	0	None	None
ChainingRodShaped	6566	3.53867	0.5	18.7034	-38.868	0	0.42431	0.905517	0	None	None
ChainingRodShaped	6568	3.71742	0.5	-35.8281	-34.0633	0	0.91737	-0.398035	0	None	None
ChainingRodShaped	11163	2.19713	0.5	59.0986	43.05	0	-0.946373	-0.323076	0	None	None
ChainingRodShaped	11515	2.14591	0.5	-7.37537	5.58633	0	0.910235	-0.414093	0	None	None
ChainingRodShaped	6574	4.65669	0.5	69.8182	-26.4355	0	0.00252065	0.999997	0	None	None
ChainingRodShaped	6576	4.05301	0.5	-18.5031	-29.7175	0	0.59302	0.805188	0	None	None
ChainingRodShaped	6578	4.26305	0.5	-16.1435	87.7548	0	0.176314	-0.984334	0	None	None
ChainingRodShaped	6580	4.82835	0.5	-9.09677	5.52716	0	0.906084	-0.423097	0	None	None
ChainingRodShaped	10441	2.6479	0.5	-42.5623	80.938	0	0.643306	0.765609	0	None	None
ChainingRodShaped	10555	2.55661	0.5	-29.4382	34.0793	0	-0.92977	-0.368142	0	None	None
ChainingRodShaped	6586	3.85583	0.5	12.2103	-18.1259	0	-0.998132	-0.0610903	0	None	None
ChainingRodShaped	6588	4.27947	0.5	-23.7997	0.687955	0	0.530076	-0.84795	0	None	None
ChainingRodShaped	10769	2.8018	0.5	-12.5785	69.5074	0	-0.981732	0.190271	0	None	None
ChainingRodShaped	10825	2.29826	0.5	45.404	80.3937	0	0.471544	-0.881843	0	None	None
ChainingRodShaped	11087	2.39884	0.5	-2.29173	-1.13298	0	-0.876715	0.48101	0	None	None
ChainingRodShaped	6596	3.85311	0.5	-44.0268	38.269	0	0.97582	0.218574	0	None	None
ChainingRodShaped	6598	3.42113	0.5	1.85706	-27.5103	0	-0.822708	0.568464	0	None	None
ChainingRodShaped	6600	3.70259	0.5	88.4273	12.0068	0	0.425629	-0.904898	0	None	None
ChainingRodShaped	11935	2.05095	0.5	71.6847	-0.820595	0	-0.146345	-0.989234	0	None	None
ChainingRodShaped	10695	2.87145	0.5	-32.16	104.56	0	0.628408	0.777884	0	None	None
ChainingRodShaped	6606	4.92014	0.5	47.4096	-17.79	0	0.463121	0.886295	0	None	None
ChainingRodShaped	6608	3.60322	0.5	-52.3878	35.1295	0	0.908068	0.418823	0	None	None
ChainingRodShaped	6610	3.40046	0.5	-68.4707	23.6761	0	-0.627805	0.778371	0	None	None
ChainingRodShaped	6612	4.47898	0.5	-1.56729	56.8944	0	0.996824	-0.0796407	0	None	None
ChainingRodShaped	10599	2.81542	0.5	57.4736	-27.7816	0	0.0950067	-0.995477	0	None	None
ChainingRodShaped	6616	4.09341	0.5	90.052	42.242	0	0.538922	-0.842356	0	None	None
ChainingRodShaped	11097	2.26344	0.5	38.0711	86.4028	0	0.674338	0.738423	0	None	None
ChainingRodShaped	11387	2.30385	0.5	-68.8844	32.9908	0	0.634744	-0.772723	0	None	None
ChainingRodShaped	6622	4.32836	0.5	-63.6873	41.441	0	-0.901919	-0.431905	0	None	None
ChainingRodShaped	10619	2.89446	0.5	42.0735	93.7825	0	0.853978	0.520308	0	None	None
ChainingRodShaped	6626	3.76394	0.5	-15.3088	87.3423	0	0.186142	-0.982523	0	None	None
ChainingRodShaped	10921	2.67165	0.5	-6.20039	-44.3205	0	0.328704	0.944433	0	None	None
ChainingRodShaped	11237	2.30187	0.5	-23.9494	70.8627	0	0.722081	-0.691809	0	None	None
ChainingRodShaped	6632	4.10616	0.5	-4.54098	46.6517	0	0.80293	-0.596073	0	None	None
ChainingRodShaped	10951	2.36416	0.5	12.0452	-12.3519	0	-0.983222	-0.182414	0	None	None
ChainingRodShaped	10995	2.53867	0.5	-1.1252	62.4512	0	-0.995845	0.0910593	0	None	None
ChainingRodShaped	6638	4.91859	0.5	52.8624	45.1212	0	0.937823	0.347114	0	None	None
ChainingRodShaped	6640	4.19264	0.5	-18.0882	-14.4458	0	-0.36681	0.930296	0	None	None
ChainingRodShaped	6642	4.71228	0.5	65.6938	4.26161	0	-0.949414	-0.314028	0	None	None
ChainingRodShaped	6644	4.17195	0.5	25.0444	5.39714	0	-0.768854	-0.639425	0	None	None
ChainingRodShaped	11595	2.10754	0.5	18.1641	-19.75	0	-0.903957	0.427624	0	None	None
ChainingRodShaped	6648	4.99485	0.5	-61.9823	66.7688	0	0.918279	0.395934	0	None	None
ChainingRodShaped	10749	2.42843	0.5	-2.63416	17.7457	0	0.572507	-0.8199	0	None	None
ChainingRodShaped	11223	2.31558	0.5	-69.4901	47.4077	0	0.993266	0.115859	0	None	None
ChainingRodShaped	10863	2.31474	0.5	-4.20718	103.134	0	-0.00783087	-0.999969	0	None	None
ChainingRodShaped	6656	3.64845	0.5	77.5819	69.7193	0	0.9455	-0.325624	0	None	None
ChainingRodShaped	12039	2.02672	0.5	62.8155	-31.2209	0	-0.484709	0.874675	0	None	None
ChainingRodShaped	11241	2.48623	0.5	85.7945	19.7976	0	0.479131	-0.877744	0	None	None
ChainingRodShaped	10437	2.53367	0.5	-11.0688	105.333	0	0.988738	0.149659	0	None	None
ChainingRodShaped	6664	3.47779	0.5	-29.6176	3.50233	0	-0.938552	-0.345139	0	None	None
ChainingRodShaped	10771	2.73401	0.5	73.0695	3.37041	0	-0.0586683	-0.998278	0	None	None
ChainingRodShaped	10451	2.75871	0.5	51.826	-43.4744	0	0.425069	-0.905161	0	None	None
ChainingRodShaped	6670	4.38775	0.5	8.35322	80.279	0	-0.705302	-0.708907	0	None	None
ChainingRodShaped	6672	4.30214	0.5	3.74614	-22.9002	0	0.685305	-0.728256	0	None	None
ChainingRodShaped	10455	2.70893	0.5	-33.9919	-24.928	0	0.569557	-0.821952	0	None	None
ChainingRodShaped	6676	3.65557	0.5	-29.1843	2.84231	0	-0.941965	-0.335711	0	None	None
ChainingRodShaped	11401	2.17241	0.5	-11.5862	68.4062	0	-0.972601	0.232482	0	None	None
ChainingRodShaped	6680	4.27536	0.5	-5.63168	49.111	0	0.814671	-0.579924	0	None	None
ChainingRodShaped	6682	4.38626	0.5	60.198	50.7243	0	0.92339	0.383862	0	None	None
ChainingRodShaped	11815	2.06855	0.5	8.46105	79.1703	0	-0.712051	-0.702128	0	None	None
ChainingRodShaped	6686	4.94028	0.5	7.11377	-49.8581	0	0.789893	-0.613245	0	None	None
ChainingRodShaped	6688	4.18598	0.5	-22.2713	87.8803	0	-0.0773412	0.997005	0	None	None
ChainingRodShaped	6690	3.78048	0.5	-60.481	70.7449	0	0.602438	0.798166	0	None	None
ChainingRodShaped	6692	3.76224	0.5	-12.3345	18.1517	0	0.735339	-0.677699	0	None	None
ChainingRodShaped	11593	2.28017	0.5	72.9152	33.808	0	0.984334	0.176316	0	None	None
ChainingRodShaped	6696	4.70558	0.5	44.4221	71.5934	0	-0.255243	-0.966877	0	None	None
ChainingRodShaped	11459	2.35325	0.5	-28.4953	-3.35704	0	0.274323	-0.961638	0	None	None
ChainingRodShaped	11107	2.32118	0.5	35.9385	74.2376	0	0.838806	0.544431	0	None	None
ChainingRodShaped	6702	3.86441	0.5	-34.1054	97.6411	0	-0.972421	-0.233231	0	None	None
ChainingRodShaped	6704	3.54027	0.5	-3.18266	17.2277	0	0.580805	-0.814043	0	None	None
ChainingRodShaped	6706	4.01149	0.5	-8.9913	78.7603	0	-0.376818	-0.926287	0	None	None
ChainingRodShaped	6708	4.79403	0.5	-44.0017	30.4536	0	-0.750223	-0.661184	0	None	None
ChainingRodShaped	6710	4.60876	0.5	8.20409	82.5782	0	-0.707903	-0.70631	0	None	None
ChainingRodShaped	11587	2.11913	0.5	35.8053	-29.2958	0	0.990315	-0.138838	0	None	None
ChainingRodShaped	12015	2.04106	0.5	32.5541	-19.3798	0	-0.872164	-0.489214	0	None	None
ChainingRodShaped	11175	2.41068	0.5	-35.7233	4.67045	0	0.308763	0.951139	0	None	None
ChainingRodShaped	6718	4.91894	0.5	27.403	108.296	0	0.796091	0.605177	0	None	None
ChainingRodShaped	6720	3.51029	0.5	-15.0369	107.204	0	0.993285	-0.115695	0	None	None
ChainingRodShaped	6722	4.04533	0.5	59.7539	15.2161	0	-0.992342	-0.123521	0	None	None
ChainingRodShaped	6724	4.99814	0.5	-18.472	50.3817	0	0.846866	-0.531807	0	None	None
ChainingRodShaped	6726	3.5973	0.5	18.559	66.9868	0	0.33962	0.940563	0	None	None
ChainingRodShaped	10535	2.70517	0.5	55.8059	-35.6282	0	-0.480914	-0.876768	0	None	None
ChainingRodShaped	11561	2.14346	0.5	-16.3261	46.179	0	0.970174	-0.242408	0	None	None
ChainingRodShaped	6732	4.8526	0.5	-24.4965	72.5418	0	0.728693	-0.684841	0	None	None
ChainingRodShaped	11991	2.05283	0.5	72.83	-8.56828	0	0.105596	-0.994409	0	None	None
ChainingRodShaped	6736	3.89251	0.5	-48.0899	14.2806	0	0.11286	-0.993611	0	None	None
ChainingRodShaped	11455	2.14682	0.5	-58.6045	4.51968	0	-0.877126	0.480261	0	None	None
ChainingRodShaped	6740	3.71071	0.5	-40.9553	-11.6393	0	-0.791323	-0.611399	0	None	None
ChainingRodShaped	6742	4.47335	0.5	-66.9682	23.3414	0	-0.633733	0.773552	0	None	None
ChainingRodShaped	11293	2.40566	0.5	41.6974	-47.9729	0	0.884612	0.466328	0	None	None
ChainingRodShaped	6746	4.92647	0.5	60.616	10.3267	0	0.960019	-0.279936	0	None	None
ChainingRodShaped	11979	2.02209	0.5	53.0856	98.8617	0	0.999967	0.00817054	0	None	None
ChainingRodShaped	6750	3.72682	0.5	2.35298	60.6977	0	-0.918857	-0.394591	0	None	None
ChainingRodShaped	6752	3.6023	0.5	46.7373	-9.93783	0	-0.396071	-0.91822	0	None	None
ChainingRodShaped	6754	3.78655	0.5	-35.2829	36.1349	0	-0.732431	-0.680841	0	None	None
ChainingRodShaped	6756	4.49574	0.5	46.7132	6.94983	0	0.941252	0.337705	0	None	None
ChainingRodShaped	6758	3.94343	0.5	54.4868	64.7561	0	0.81322	0.581956	0	None	None
ChainingRodShaped	6760	3.89414	0.5	-55.6457	64.7328	0	0.927315	0.374283	0	None	None
ChainingRodShaped	10521	2.59375	0.5	-4.89576	35.7446	0	-0.988057	0.154089	0	None	None
ChainingRodShaped	6764	3.93903	0.5	-64.5128	66.7342	0	0.914274	0.405097	0	None	None
ChainingRodShaped	10851	2.78269	0.5	-51.2369	30.7104	0	-0.930288	-0.36683	0	None	None
ChainingRodShaped	6768	4.41012	0.5	56.8781	-0.724467	0	-0.932361	-0.361528	0	None	None
ChainingRodShaped	6770	4.61012	0.5	16.9585	27.4273	0	-0.213387	-0.976968	0	None	None
ChainingRodShaped	6772	4.25683	0.5	-60.1143	3.23789	0	0.845112	-0.534589	0	None	None
ChainingRodShaped	6774	4.27894	0.5	1.08799	-36.3805	0	-0.956619	0.291342	0	None	None
ChainingRodShaped	10873	2.55646	0.5	-38.5908	27.1873	0	-0.750156	-0.66126	0	None	None
ChainingRodShaped	6778	4.01322	0.5	92.5987	30.2908	0	-0.527882	0.849318	0	None	None
ChainingRodShaped	6780	3.44421	0.5	-5.35904	86.5679	0	0.955223	0.295886	0	None	None
ChainingRodShaped	11937	2.0462	0.5	49.4913	38.5065	0	-0.880597	-0.473866	0	None	None
ChainingRodShaped	6784	4.66714	0.5	-10.0611	78.1774	0	-0.367464	-0.930038	0	None	None
ChainingRodShaped	6786	4.59264	0.5	73.3466	-25.5914	0	-0.252847	-0.967506	0	None	None
ChainingRodShaped	6788	4.92669	0.5	88.7639	29.7133	0	-0.851136	-0.524945	0	None	None
ChainingRodShaped	6790	3.68797	0.5	-25.4778	42.6724	0	0.0203651	-0.999793	0	None	None
ChainingRodShaped	11873	2.1099	0.5	-45.3553	-32.9272	0	-0.772387	0.635153	0	None	None
ChainingRodShaped	6794	3.61067	0.5	63.9354	11.7102	0	0.990618	0.136661	0	None	None
ChainingRodShaped	6796	4.22128	0.5	18.4803	54.8832	0	0.880204	0.474596	0	None	None
ChainingRodShaped	6798	3.49162	0.5	-31.1189	40.2845	0	-0.932323	-0.361628	0	None	None
ChainingRodShaped	6800	4.58205	0.5	10.9906	55.0905	0	0.989102	0.147231	0	None	None
ChainingRodShaped	6802	4.39981	0.5	78.1683	20.0699	0	0.210074	-0.977686	0	None	None
ChainingRodShaped	6804	4.70929	0.5	-32.0544	89.1339	0	-0.84981	0.52709	0	None	None
ChainingRodShaped	6806	4.79293	0.5	-10.2463	66.3751	0	-0.972602	0.232476	0	None	None
ChainingRodShaped	6808	3.75827	0.5	33.6747	-34.8095	0	0.997273	0.0738062	0	None	None
ChainingRodShaped	6810	3.70051	0.5	-11.6493	-0.716974	0	-0.879115	-0.47661	0	None	None
ChainingRodShaped	11351	2.41603	0.5	35.5681	61.4317	0	0.177259	-0.984164	0	None	None
ChainingRodShaped	6814	3.80647	0.5	49.6869	82.1541	0	0.0921745	-0.995743	0	None	None
ChainingRodShaped	6816	4.20091	0.5	-34.8606	32.1746	0	-0.753518	-0.657427	0	None	None
ChainingRodShaped	6818	3.90535	0.5	-41.7488	-26.6995	0	0.720295	0.693668	0	None	None
ChainingRodShaped	6820	3.85721	0.5	22.4045	45.3244	0	0.635981	0.771705	0	None	None
ChainingRodShaped	6822	4.97864	0.5	-52.1979	0.406886	0	0.860133	-0.510069	0	None	None
ChainingRodShaped	6824	3.63988	0.5	-55.5333	56.5683	0	-0.881277	0.472601	0	None	None
ChainingRodShaped	6826	4.62041	0.5	10.9083	26.243	0	0.945823	0.324684	0	None	None
ChainingRodShaped	10691	2.46835	0.5	-28.9528	13.1941	0	0.979852	0.199726	0	None	None
ChainingRodShaped	11217	2.34231	0.5	-31.5479	56.9178	0	0.15523	0.987878	0	None	None
ChainingRodShaped	10909	2.2752	0.5	34.9732	-42.4311	0	0.962459	0.271428	0	None	None
ChainingRodShaped	6834	4.13222	0.5	7.99323	86.0516	0	-0.484064	-0.875033	0	None	None
ChainingRodShaped	10865	2.5485	0.5	-15.7985	-11.0945	0	-0.382059	0.924138	0	None	None
ChainingRodShaped	11075	2.62961	0.5	-46.1258	17.2873	0	0.600801	-0.799399	0	None	None
ChainingRodShaped	6840	4.99889	0.5	-36.2167	-27.6494	0	0.707781	0.706432	0	None	None
ChainingRodShaped	6842	3.49889	0.5	-15.2464	22.4767	0	0.776326	-0.630332	0	None	None
ChainingRodShaped	6844	3.4048	0.5	-7.70472	-1.27645	0	-0.870614	-0.491966	0	None	None
ChainingRodShaped	6846	4.02377	0.5	6.82458	-10.4657	0	-0.919059	0.394119	0	None	None
ChainingRodShaped	6848	3.67853	0.5	7.57049	67.7466	0	0.651695	-0.758481	0	None	None
ChainingRodShaped	6850	3.98337	0.5	30.9153	-50.4793	0	0.731429	0.681918	0	None	None
ChainingRodShaped	6852	4.92894	0.5	23.5191	45.5134	0	-0.638404	-0.769702	0	None	None
ChainingRodShaped	6854	4.04579	0.5	82.619	35.4762	0	0.979692	0.200509	0	None	None
ChainingRodShaped	10819	2.33238	0.5	-39.325	-29.4997	0	0.692887	0.721046	0	None	None
ChainingRodShaped	11573	2.27306	0.5	23.5289	93.8466	0	-0.163348	-0.986569	0	None	None
ChainingRodShaped	6860	3.46205	0.5	43.8377	87.3973	0	0.791147	0.611627	0	None	None
ChainingRodShaped	6862	4.92793	0.5	-11.7671	29.7118	0	0.77288	-0.634552	0	None	None
ChainingRodShaped	6864	4.61334	0.5	-56.8339	76.4822	0	0.983876	-0.178851	0	None	None
ChainingRodShaped	6866	4.18039	0.5	-17.1194	102.638	0	0.684791	-0.72874	0	None	None
ChainingRodShaped	11051	2.43356	0.5	-12.2179	-33.9551	0	-0.106477	-0.994315	0	None	None
ChainingRodShaped	6870	4.31043	0.5	-3.55019	37.867	0	0.844435	-0.535658	0	None	None
ChainingRodShaped	6872	4.04462	0.5	83.4746	6.06868	0	0.647604	0.761977	0	None	None
ChainingRodShaped	6874	3.76474	0.5	30.4398	19.5136	0	-0.977227	0.212195	0	None	None
ChainingRodShaped	6876	3.64768	0.5	16.9896	55.7548	0	0.87062	0.491956	0	None	None
ChainingRodShaped	6878	4.50118	0.5	-4.11439	12.384	0	0.767518	-0.641027	0	None	None
ChainingRodShaped	6880	4.95161	0.5	4.25702	38.6745	0	0.849856	-0.527016	0	None	None
ChainingRodShaped	6882	4.02129	0.5	3.89672	39.7395	0	0.84768	-0.530507	0	None	None
ChainingRodShaped	6884	3.38977	0.5	21.8317	19.984	0	-0.0339044	0.999425	0	None	None
ChainingRodShaped	6886	3.33861	0.5	-15.735	14.8947	0	0.630118	-0.776499	0	None	None
ChainingRodShaped	12053	2.00959	0.5	23.9094	5.46771	0	-0.775043	-0.631909	0	None	None
ChainingRodShaped	6890	4.09885	0.5	30.4871	12.1994	0	0.725689	0.688023	0	None	None
ChainingRodShaped	6892	3.97361	0.5	51.6071	-29.2417	0	-0.747603	-0.664146	0	None	None
ChainingRodShaped	10755	2.69089	0.5	49.8229	47.5152	0	0.938712	0.344703	0	None	None
ChainingRodShaped	6896	4.08133	0.5	-14.5143	101.226	0	0.688363	-0.725366	0	None	None
ChainingRodShaped	6898	4.97408	0.5	82.9705	1.7586	0	0.790245	0.612791	0	None	None
ChainingRodShaped	6900	3.89491	0.5	49.7811	-36.1663	0	-0.119843	-0.992793	0	None	None
ChainingRodShaped	11469	2.14737	0.5	-49.6442	-17.9343	0	0.830604	-0.556864	0	None	None
ChainingRodShaped	6904	4.8972	0.5	70.2953	45.4062	0	-0.60135	-0.798986	0	None	None
ChainingRodShaped	6906	3.50997	0.5	73.7006	38.5479	0	-0.655696	-0.755025	0	None	None
ChainingRodShaped	11555	2.18792	0.5	-23.6461	-1.20521	0	0.522705	-0.852514	0	None	None
ChainingRodShaped	11829	2.12976	0.5	45.1752	75.8182	0	0.0164281	-0.999865	0	None	None
ChainingRodShaped	6912	4.317	0.5	-25.0415	83.8014	0	-0.382438	0.923981	0	None	None
ChainingRodShaped	6914	3.58339	0.5	-5.64914	87.2799	0	0.952237	0.305361	0	None	None
ChainingRodShaped	6916	3.42077	0.5	12.1175	-32.7874	0	0.180301	-0.983611	0	None	None
ChainingRodShaped	6918	4.95404	0.5	-54.4635	5.64181	0	0.485546	0.874211	0	None	None
ChainingRodShaped	6920	3.73352	0.5	-10.8322	43.2501	0	0.936038	-0.351898	0	None	None
ChainingRodShaped	6922	4.9902	0.5	-53.4462	24.2126	0	0.563863	-0.825869	0	None	None
ChainingRodShaped	6924	3.62402	0.5	89.9275	29.3215	0	-0.853715	-0.520741	0	None	None
ChainingRodShaped	11205	2.19563	0.5	-4.3555	71.2135	0	0.680268	-0.732963	0	None	None
ChainingRodShaped	6928	3.60542	0.5	-15.9004	96.6252	0	0.17772	-0.984081	0	None	None
ChainingRodShaped	6930	3.81098	0.5	76.2327	-8.42446	0	-0.217533	-0.976053	0	None	None
ChainingRodShaped	6932	4.85235	0.5	-15.9676	29.7948	0	0.848982	-0.528422	0	None	None
ChainingRodShaped	6934	4.85844	0.5	36.3865	85.8639	0	0.681671	0.731659	0	None	None
ChainingRodShaped	11405	2.38345	0.5	6.57663	26.0479	0	0.121903	0.992542	0	None	None
ChainingRodShaped	6938	3.91541	0.5	-31.1894	-4.15134	0	-0.864889	-0.501964	0	None	None
ChainingRodShaped	6940	3.72592	0.5	-0.813557	35.1838	0	-0.943982	-0.329996	0	None	None
ChainingRodShaped	6942	4.41888	0.5	-24.1601	-11.2816	0	-0.551716	0.834032	0	None	None
ChainingRodShaped	11431	2.14742	0.5	25.3365	64.4129	0	0.563455	0.826147	0	None	None
ChainingRodShaped	6946	3.63462	0.5	27.0615	106.832	0	0.800253	0.599663	0	None	None
ChainingRodShaped	6948	4.0185	0.5	-23.5723	99.3133	0	0.454422	-0.890786	0	None	None
ChainingRodShaped	11155	2.38678	0.5	19.058	-44.6065	0	0.963612	0.267306	0	None	None
ChainingRodShaped	11615	2.24783	0.5	30.0312	-9.67498	0	-0.511969	-0.859004	0	None	None
ChainingRodShaped	6954	4.15874	0.5	75.3326	-5.09469	0	0.411089	0.911595	0	None	None
ChainingRodShaped	6956	3.97963	0.5	-19.6654	84.3958	0	-0.390398	0.920646	0	None	None
ChainingRodShaped	6958	4.30091	0.5	91.2845	44.0764	0	-0.513614	0.858022	0	None	None
ChainingRodShaped	11681	2.21554	0.5	66.9114	64.3162	0	-0.0798389	0.996808	0	None	None
ChainingRodShaped	6962	4.98164	0.5	61.5959	13.0706	0	-0.988158	-0.153437	0	None	None
ChainingRodShaped	10963	2.63472	0.5	16.9288	-3.90514	0	0.807121	-0.590386	0	None	None
ChainingRodShaped	11383	2.26098	0.5	-18.5648	32.5785	0	0.999387	0.0350212	0	None	None
ChainingRodShaped	11441	2.27518	0.5	86.0518	0.634993	0	-0.121373	-0.992607	0	None	None
ChainingRodShaped	6970	4.29049	0.5	23.2568	20.2268	0	-0.0205831	0.999788	0	None	None
ChainingRodShaped	6972	4.09735	0.5	-44.1422	-4.27843	0	0.795606	0.605814	0	None	None
ChainingRodShaped	6974	4.29447	0.5	55.5129	13.7683	0	-0.986027	-0.166583	0	None	None
ChainingRodShaped	6976	3.70938	0.5	-5.9816	-18.3921	0	-0.589606	0.807691	0	None	None
ChainingRodShaped	11887	2.08737	0.5	59.5658	69.6329	0	0.065446	0.997856	0	None	None
ChainingRodShaped	6980	4.0252	0.5	33.7111	-31.6341	0	0.991071	-0.133335	0	None	None
ChainingRodShaped	11031	2.48684	0.5	30.7069	-2.1205	0	0.794108	-0.607777	0	None	None
ChainingRodShaped	6984	4.38571	0.5	-55.749	57.6774	0	-0.876499	0.481403	0	None	None
ChainingRodShaped	6986	4.50531	0.5	-54.8175	48.0313	0	0.967976	-0.251041	0	None	None
ChainingRodShaped	11341	2.18115	0.5	-48.1368	65.1109	0	0.64322	0.765681	0	None	None
ChainingRodShaped	6990	3.97161	0.5	-29.9551	73.119	0	-0.905577	-0.424181	0	None	None
ChainingRodShaped	11993	2.053	0.5	19.713	-8.33211	0	-0.333627	-0.942705	0	None	None
ChainingRodShaped	6994	3.61213	0.5	66.3954	18.4504	0	0.711233	-0.702956	0	None	None
ChainingRodShaped	6996	3.34301	0.5	45.9743	5.14313	0	-0.947782	-0.318918	0	None	None
ChainingRodShaped	11333	2.26883	0.5	16.4699	-52.054	0	0.920667	-0.390349	0	None	None
ChainingRodShaped	7000	4.67757	0.5	8.18236	104.221	0	0.983313	0.181922	0	None	None
ChainingRodShaped	7002	4.7291	0.5	7.25256	31.602	0	-0.940315	-0.340304	0	None	None
ChainingRodShaped	7004	4.09362	0.5	72.559	60.4714	0	0.699608	-0.714527	0	None	None
ChainingRodShaped	7006	3.70661	0.5	62.3765	-9.7472	0	-0.302555	0.953132	0	None	None
ChainingRodShaped	7008	4.70541	0.5	-13.9526	109.162	0	0.999719	-0.0237059	0	None	None
ChainingRodShaped	7010	3.78474	0.5	40.7427	-3.20977	0	0.134929	-0.990855	0	None	None
ChainingRodShaped	7012	3.44334	0.5	5.07304	-7.10215	0	0.680538	-0.732713	0	None	None
ChainingRodShaped	10917	2.65824	0.5	-32.1412	-21.1754	0	-0.544003	0.839083	0	None	None
ChainingRodShaped	10905	2.27299	0.5	0.492757	-39.3582	0	0.718054	-0.695987	0	None	None
ChainingRodShaped	7018	4.91395	0.5	-42.89	68.8869	0	0.607049	0.794664	0	None	None
ChainingRodShaped	11309	2.25668	0.5	12.3381	46.2736	0	-0.736093	-0.67688	0	None	None
ChainingRodShaped	7022	4.41374	0.5	-0.71429	40.7124	0	0.87275	-0.488167	0	None	None
ChainingRodShaped	11095	2.57125	0.5	8.60837	-2.25585	0	0.464085	-0.885791	0	None	None
ChainingRodShaped	7026	4.87126	0.5	-49.4759	11.5065	0	0.109582	-0.993978	0	None	None
ChainingRodShaped	7028	4.51812	0.5	55.2769	10.8581	0	0.991171	-0.132588	0	None	None
ChainingRodShaped	7030	4.02859	0.5	61.2388	10.9237	0	0.96277	-0.270322	0	None	None
ChainingRodShaped	11579	2.28842	0.5	28.7285	-47.0074	0	0.338725	-0.940885	0	None	None
ChainingRodShaped	7034	4.41553	0.5	-43.2831	-11.2285	0	-0.782724	-0.622368	0	None	None
ChainingRodShaped	7036	4.83494	0.5	-16.8217	54.8739	0	0.847886	-0.530178	0	None	None
ChainingRodShaped	7038	4.49441	0.5	66.4911	45.3466	0	-0.16039	-0.987054	0	None	None
ChainingRodShaped	7040	3.54976	0.5	80.4714	30.6538	0	0.9861	0.166151	0	None	None
ChainingRodShaped	11945	2.02846	0.5	65.3691	8.52398	0	0.971748	0.236022	0	None	None
ChainingRodShaped	7044	4.07215	0.5	-39.4868	-28.3463	0	0.700067	0.714077	0	None	None
ChainingRodShaped	11295	2.2439	0.5	61.4042	91.953	0	-0.726324	-0.687353	0	None	None
ChainingRodShaped	7048	4.57403	0.5	-45.7159	89.2033	0	-0.556818	-0.830635	0	None	None
ChainingRodShaped	7050	4.26629	0.5	-33.3319	65.8457	0	0.85306	0.521813	0	None	None
ChainingRodShaped	7052	3.65641	0.5	-15.8704	63.3956	0	-0.106614	-0.994301	0	None	None
ChainingRodShaped	7054	4.61874	0.5	11.8728	16.5997	0	0.994948	-0.100389	0	None	None
ChainingRodShaped	7056	4.34452	0.5	27.4765	-20.3878	0	-0.869648	-0.493672	0	None	None
ChainingRodShaped	7058	4.61321	0.5	-34.2891	-12.4432	0	0.997037	-0.0769209	0	None	None
ChainingRodShaped	7060	4.14903	0.5	9.92696	-6.14634	0	-0.938461	0.345386	0	None	None
ChainingRodShaped	11203	2.43774	0.5	-51.7471	-21.7974	0	-0.65521	0.755446	0	None	None
ChainingRodShaped	7064	3.71699	0.5	-1.2854	83.7702	0	-0.535747	-0.844379	0	None	None
ChainingRodShaped	7066	3.88114	0.5	-51.9033	-0.758498	0	0.864536	-0.502571	0	None	None
ChainingRodShaped	7068	4.36908	0.5	-41.4498	36.1378	0	-0.745182	-0.666861	0	None	None
ChainingRodShaped	7070	4.20745	0.5	-0.2851	-41.1143	0	0.72669	-0.686966	0	None	None
ChainingRodShaped	7072	4.64204	0.5	65.7989	33.837	0	0.673203	-0.739458	0	None	None
ChainingRodShaped	7074	3.3041	0.5	24.277	-34.9615	0	0.999936	0.0113317	0	None	None
ChainingRodShaped	7076	3.77094	0.5	-2.14132	101.938	0	0.357361	0.933966	0	None	None
ChainingRodShaped	11781	2.17628	0.5	-5.30091	100.329	0	-0.328142	-0.944629	0	None	None
ChainingRodShaped	7080	4.04807	0.5	23.6447	-5.4934	0	0.772174	-0.635411	0	None	None
ChainingRodShaped	7082	3.73982	0.5	-8.62964	49.4251	0	0.802709	-0.596371	0	None	None
ChainingRodShaped	7084	4.0761	0.5	57.0797	48.5304	0	0.929874	0.367877	0	None	None
ChainingRodShaped	7086	4.19722	0.5	-5.31585	82.8748	0	-0.456752	-0.889594	0	None	None
ChainingRodShaped	7088	4.56293	0.5	90.9935	3.09727	0	-0.664227	-0.747531	0	None	None
ChainingRodShaped	7090	4.3464	0.5	-60.3149	37.7923	0	0.999861	-0.0166554	0	None	None
ChainingRodShaped	7092	4.34425	0.5	-10.4572	10.7993	0	0.559863	-0.828585	0	None	None
ChainingRodShaped	12065	2.01024	0.5	-43.9476	6.40461	0	0.115504	-0.993307	0	None	None
ChainingRodShaped	7096	4.51129	0.5	63.6054	89.4155	0	0.669033	-0.743233	0	None	None
ChainingRodShaped	7098	3.99766	0.5	2.82581	105.734	0	0.405369	0.914153	0	None	None
ChainingRodShaped	7100	3.97494	0.5	87.5217	40.6812	0	-0.781041	-0.624479	0	None	None
ChainingRodShaped	11767	2.17289	0.5	4.90928	-39.2271	0	-0.957436	0.288646	0	None	None
ChainingRodShaped	7104	3.55362	0.5	-2.2202	112.514	0	0.23284	-0.972515	0	None	None
ChainingRodShaped	7106	3.4962	0.5	17.8643	34.5643	0	0.122786	-0.992433	0	None	None
ChainingRodShaped	11159	2.43406	0.5	-18.1855	39.7265	0	-0.965157	-0.261672	0	None	None
ChainingRodShaped	7110	4.73401	0.5	-23.9637	26.4834	0	0.999891	-0.0147588	0	None	None
ChainingRodShaped	7112	3.73009	0.5	-6.2007	11.1598	0	0.7739	-0.633308	0	None	None
ChainingRodShaped	7114	4.74463	0.5	19.0807	-19.313	0	-0.899608	0.436699	0	None	None
ChainingRodShaped	7116	4.30187	0.5	-51.6648	71.5295	0	0.153868	0.988091	0	None	None
ChainingRodShaped	7118	4.10035	0.5	-71.9281	13.4306	0	-0.0411044	-0.999155	0	None	None
ChainingRodShaped	7120	3.62573	0.5	64.6196	2.22031	0	-0.954184	-0.29922	0	None	None
ChainingRodShaped	7122	4.21014	0.5	-10.2035	23.3051	0	0.752072	-0.659081	0	None	None
ChainingRodShaped	7124	4.89155	0.5	-41.1473	58.5951	0	-0.803343	-0.595517	0	None	None
ChainingRodShaped	7126	3.91109	0.5	-3.63575	38.7492	0	0.83913	-0.543931	0	None	None
ChainingRodShaped	7128	3.2429	0.5	-12.8829	60.9631	0	0.947934	-0.318468	0	None	None
ChainingRodShaped	11795	2.15067	0.5	2.67112	24.6835	0	0.0635661	-0.997978	0	None	None
ChainingRodShaped	7132	3.84879	0.5	55.7937	13.0392	0	-0.986763	-0.162167	0	None	None
ChainingRodShaped	11885	2.06862	0.5	-2.35353	-24.6177	0	-0.622682	0.782475	0	None	None
ChainingRodShaped	7136	4.18784	0.5	22.3975	84.2425	0	-0.85904	-0.511908	0	None	None
ChainingRodShaped	7138	3.82194	0.5	-47.4584	-7.5585	0	-0.960333	0.278857	0	None	None
ChainingRodShaped	11103	2.23877	0.5	-21.5994	-2.36204	0	-0.11573	0.993281	0	None	None
ChainingRodShaped	12009	2.03366	0.5	53.9794	-23.0376	0	-0.176667	-0.984271	0	None	None
ChainingRodShaped	7144	3.75534	0.5	12.2662	72.8823	0	0.976111	0.217273	0	None	None
ChainingRodShaped	7146	4.1711	0.5	-23.3087	10.5163	0	-0.759262	-0.650786	0	None	None
ChainingRodShaped	7148	3.33316	0.5	36.538	87.3099	0	0.677201	0.735799	0	None	None
ChainingRodShaped	7150	3.9764	0.5	83.2099	51.7247	0	-0.741748	-0.670679	0	None	None
ChainingRodShaped	7152	4.81273	0.5	90.9901	26.5903	0	-0.855668	-0.517526	0	None	None
ChainingRodShaped	7154	4.59898	0.5	7.83974	29.7534	0	-0.861778	-0.507286	0	None	None
ChainingRodShaped	7156	3.30319	0.5	13.9646	-42.2233	0	-0.981822	0.189805	0	None	None
ChainingRodShaped	7158	4.20528	0.5	43.0607	73.1892	0	-0.237465	-0.971396	0	None	None
ChainingRodShaped	11977	2.0438	0.5	14.2748	-30.5306	0	0.172424	-0.985023	0	None	None
ChainingRodShaped	11675	2.14861	0.5	29.5187	-27.6938	0	0.995739	-0.0922135	0	None	None
ChainingRodShaped	7164	4.77715	0.5	15.2545	70.9575	0	0.977663	0.210181	0	None	None
ChainingRodShaped	7166	3.75903	0.5	92.0352	24.4225	0	-0.178248	-0.983986	0	None	None
ChainingRodShaped	7168	3.72019	0.5	-7.924	38.9331	0	-0.945134	-0.326682	0	None	None
ChainingRodShaped	7170	4.3449	0.5	49.441	19.7569	0	-0.992562	-0.121739	0	None	None
ChainingRodShaped	7172	3.9069	0.5	4.97615	4.64719	0	0.632615	-0.774467	0	None	None
ChainingRodShaped	7174	3.4527	0.5	9.16809	95.1052	0	-0.076111	-0.997099	0	None	None
ChainingRodShaped	12067	2.00513	0.5	20.4113	107.928	0	0.889215	-0.45749	0	None	None
ChainingRodShaped	7178	4.31708	0.5	-3.52059	73.9858	0	0.687605	-0.726085	0	None	None
ChainingRodShaped	7180	4.04507	0.5	0.716465	52.2886	0	0.9634	0.268068	0	None	None
ChainingRodShaped	7182	4.21214	0.5	1.12372	92.5145	0	0.910341	0.41386	0	None	None
ChainingRodShaped	7184	3.28677	0.5	-9.05256	23.2926	0	0.756379	-0.654133	0	None	None
ChainingRodShaped	7186	4.41859	0.5	24.1245	82.2613	0	0.866457	0.499252	0	None	None
ChainingRodShaped	7188	4.62379	0.5	10.388	56.5465	0	0.991609	0.12927	0	None	None
ChainingRodShaped	7190	3.48573	0.5	-4.7173	45.1142	0	0.802939	-0.596062	0	None	None
ChainingRodShaped	7192	4.11817	0.5	-13.3345	24.9559	0	0.767606	-0.640922	0	None	None
ChainingRodShaped	11749	2.12666	0.5	-74.5559	22.5562	0	-0.441043	0.897486	0	None	None
ChainingRodShaped	7196	4.71556	0.5	-8.56874	-26.3174	0	0.78717	-0.616736	0	None	None
ChainingRodShaped	7198	3.32385	0.5	62.3788	16.9229	0	-0.999855	-0.0170006	0	None	None
ChainingRodShaped	7200	3.27623	0.5	-53.9855	4.72722	0	0.494281	0.869302	0	None	None
ChainingRodShaped	7202	3.42253	0.5	-14.3605	71.5271	0	-0.985329	0.170664	0	None	None
ChainingRodShaped	7204	4.93333	0.5	57.5274	22.1454	0	0.858445	-0.512906	0	None	None
ChainingRodShaped	7206	4.86042	0.5	7.49421	-24.6288	0	0.638519	-0.769606	0	None	None
ChainingRodShaped	7208	3.61775	0.5	-41.4676	37.1186	0	-0.751816	-0.659373	0	None	None
ChainingRodShaped	7210	3.84143	0.5	-43.9583	-32.8015	0	0.772983	-0.634426	0	None	None
ChainingRodShaped	7212	4.28912	0.5	11.7297	47.7886	0	-0.730336	-0.683088	0	None	None
ChainingRodShaped	7214	4.7736	0.5	83.7821	51.0351	0	-0.746256	-0.665659	0	None	None
ChainingRodShaped	7216	4.23061	0.5	24.7969	-33.3774	0	0.999962	-0.0086887	0	None	None
ChainingRodShaped	7218	3.5839	0.5	52.8252	-31.395	0	-0.518355	-0.855166	0	None	None
ChainingRodShaped	11849	2.11657	0.5	-29.41	-40.0934	0	0.873801	0.486284	0	None	None
ChainingRodShaped	7222	3.87991	0.5	-13.428	81.4807	0	0.9555	-0.294991	0	None	None
ChainingRodShaped	11823	2.10981	0.5	64.0544	-22.8503	0	0.685957	-0.727642	0	None	None
ChainingRodShaped	11721	2.1144	0.5	-62.6054	18.1556	0	-0.615914	0.787814	0	None	None
ChainingRodShaped	7228	4.19121	0.5	-29.9246	92.0774	0	-0.828412	0.560119	0	None	None
ChainingRodShaped	7230	3.871	0.5	2.77913	-24.2151	0	0.670691	-0.741737	0	None	None
ChainingRodShaped	7232	3.49412	0.5	73.1217	-19.5003	0	-0.939765	0.341822	0	None	None
ChainingRodShaped	11513	2.33452	0.5	-6.7736	2.67252	0	-0.990023	-0.140907	0	None	None
ChainingRodShaped	7236	3.35021	0.5	3.33065	-23.626	0	0.678005	-0.735057	0	None	None
ChainingRodShaped	7238	4.26735	0.5	42.191	83.5993	0	-0.743352	-0.6689	0	None	None
ChainingRodShaped	11643	2.15611	0.5	-2.63869	15.1385	0	0.590855	-0.806778	0	None	None
ChainingRodShaped	7242	4.17223	0.5	62.1214	-27.2649	0	0.0621265	-0.998068	0	None	None
ChainingRodShaped	7244	4.29498	0.5	48.2044	4.89042	0	-0.972614	-0.232427	0	None	None
ChainingRodShaped	11465	2.2275	0.5	13.8876	76.7101	0	0.972298	0.233746	0	None	None
ChainingRodShaped	7248	3.7129	0.5	-30.3878	73.8066	0	-0.902985	-0.429672	0	None	None
ChainingRodShaped	7250	3.60232	0.5	70.8026	-6.91163	0	0.118142	-0.992997	0	None	None
ChainingRodShaped	7252	3.68255	0.5	-60.4745	17.0128	0	-0.655442	0.755245	0	None	None
ChainingRodShaped	7254	4.40475	0.5	62.1396	47.5769	0	0.141951	0.989874	0	None	None
ChainingRodShaped	7256	4.18569	0.5	1.27445	16.1752	0	0.918247	-0.396008	0	None	None
ChainingRodShaped	7258	4.29975	0.5	20.4626	95.6372	0	0.397925	-0.917418	0	None	None
ChainingRodShaped	11697	2.12916	0.5	74.6062	9.98348	0	0.826361	-0.56314	0	None	None
ChainingRodShaped	11395	2.35559	0.5	-64.8328	58.2668	0	-0.999379	-0.0352503	0	None	None
ChainingRodShaped	7264	3.64998	0.5	-2.82486	84.1707	0	-0.518707	-0.854952	0	None	None
ChainingRodShaped	7266	4.49428	0.5	-30.695	-39.7163	0	0.87863	0.477503	0	None	None
ChainingRodShaped	7268	4.11286	0.5	32.6781	-8.64941	0	-0.51549	-0.856896	0	None	None
ChainingRodShaped	7270	4.14505	0.5	77.8377	41.0397	0	-0.822392	-0.568921	0	None	None
ChainingRodShaped	7272	4.80063	0.5	18.2926	93.9006	0	0.409925	-0.912119	0	None	None
ChainingRodShaped	7274	4.13584	0.5	73.3824	78.1266	0	0.372308	0.928109	0	None	None
ChainingRodShaped	7276	3.99675	0.5	-18.9747	49.7838	0	0.846414	-0.532526	0	None	None
ChainingRodShaped	7278	3.6812	0.5	72.9697	45.9833	0	-0.609133	-0.793068	0	None	None
ChainingRodShaped	7280	4.87403	0.5	-32.7833	17.5034	0	0.987624	0.156843	0	None	None
ChainingRodShaped	7282	3.9562	0.5	-33.2268	43.6048	0	-0.749657	-0.661827	0	None	None
ChainingRodShaped	7284	4.98378	0.5	-29.3447	-43.3769	0	-0.867396	-0.497619	0	None	None
ChainingRodShaped	7286	4.54081	0.5	-26.022	-9.95231	0	0.551411	-0.834234	0	None	None
ChainingRodShaped	7288	3.34397	0.5	4.7874	75.0028	0	0.495125	-0.868822	0	None	None
ChainingRodShaped	7290	4.53731	0.5	-0.17678	5.83082	0	0.938425	-0.345484	0	None	None
ChainingRodShaped	7292	3.18133	0.5	57.2732	21.3546	0	0.853282	-0.52145	0	None	None
ChainingRodShaped	7294	3.79888	0.5	-16.8719	-49.3595	0	0.76639	-0.642375	0	None	None
ChainingRodShaped	7296	4.33264	0.5	-41.8664	31.2627	0	-0.743587	-0.66864	0	None	None
ChainingRodShaped	7298	4.19357	0.5	25.0813	96.7161	0	-0.247533	-0.96888	0	None	None
ChainingRodShaped	7300	3.19326	0.5	-22.8192	58.842	0	-0.080849	-0.996726	0	None	None
ChainingRodShaped	7302	4.43264	0.5	-41.6637	-20.3538	0	-0.724348	-0.689434	0	None	None
ChainingRodShaped	11483	2.32793	0.5	88.5257	9.45503	0	0.397909	-0.917425	0	None	None
ChainingRodShaped	7306	4.28892	0.5	38.1025	94.0228	0	0.723741	0.690072	0	None	None
ChainingRodShaped	7308	4.14892	0.5	1.98291	84.3733	0	-0.545154	-0.838336	0	None	None
ChainingRodShaped	7310	3.29214	0.5	26.2206	27.9603	0	0.0448245	0.998995	0	None	None
ChainingRodShaped	7312	3.68437	0.5	-56.8362	14.7037	0	0.982768	-0.184841	0	None	None
ChainingRodShaped	7314	4.12714	0.5	13.8505	1.87831	0	0.435416	-0.90023	0	None	None
ChainingRodShaped	7316	3.95996	0.5	-21.3753	95.5494	0	0.996536	-0.0831618	0	None	None
ChainingRodShaped	7318	3.27897	0.5	14.8844	-34.11	0	0.172415	-0.985024	0	None	None
ChainingRodShaped	7320	4.8341	0.5	72.2606	31.2661	0	0.997643	0.0686242	0	None	None
ChainingRodShaped	11591	2.20773	0.5	-59.2729	-6.86239	0	-0.949554	0.313603	0	None	None
ChainingRodShaped	11449	2.34895	0.5	44.4265	30.425	0	0.946328	-0.323206	0	None	None
ChainingRodShaped	7326	4.86328	0.5	-26.4037	105.622	0	0.981419	-0.191879	0	None	None
ChainingRodShaped	7328	4.10228	0.5	-23.4381	105.928	0	0.867054	-0.498215	0	None	None
ChainingRodShaped	7330	3.57513	0.5	-29.149	20.2296	0	0.536755	0.843738	0	None	None
ChainingRodShaped	7332	3.53108	0.5	87.5158	-3.77406	0	-0.576009	-0.817443	0	None	None
ChainingRodShaped	7334	3.51601	0.5	-38.8669	89.0443	0	-0.676178	0.736738	0	None	None
ChainingRodShaped	7336	3.76778	0.5	-0.197077	-43.5897	0	0.740274	-0.672306	0	None	None
ChainingRodShaped	11485	2.16963	0.5	11.6117	46.6468	0	-0.732278	-0.681006	0	None	None
ChainingRodShaped	11745	2.10344	0.5	20.8616	23.1035	0	-0.0779644	0.996956	0	None	None
ChainingRodShaped	7342	3.96757	0.5	-26.0475	69.4472	0	-0.158431	-0.98737	0	None	None
ChainingRodShaped	7344	4.34597	0.5	-12.8498	58.446	0	0.957058	-0.289898	0	None	None
ChainingRodShaped	7346	4.13909	0.5	-62.9415	17.1099	0	-0.622677	0.782479	0	None	None
ChainingRodShaped	7348	4.15232	0.5	-65.7496	-9.89504	0	0.565391	-0.824823	0	None	None
ChainingRodShaped	7350	4.63683	0.5	-66.2645	32.6574	0	0.0294478	0.999566	0	None	None
ChainingRodShaped	7352	3.89142	0.5	45.6922	5.77848	0	0.944576	0.328292	0	None	None
ChainingRodShaped	7354	3.92819	0.5	84.4104	45.8771	0	-0.593484	-0.804846	0	None	None
ChainingRodShaped	11761	2.11003	0.5	48.6011	63.328	0	-0.0563954	-0.998409	0	None	None
ChainingRodShaped	7358	3.45509	0.5	29.1492	-50.8161	0	0.697234	0.716843	0	None	None
ChainingRodShaped	7360	3.8814	0.5	-21.8367	7.70774	0	-0.784462	-0.620177	0	None	None
ChainingRodShaped	7362	4.97638	0.5	77.9991	32.0299	0	0.985697	0.168529	0	None	None
ChainingRodShaped	7364	3.68749	0.5	27.9679	-55.1286	0	0.775473	0.631381	0	None	None
ChainingRodShaped	7366	4.28886	0.5	35.2676	82.6114	0	0.742338	0.670025	0	None	None
ChainingRodShaped	11427	2.18336	0.5	-47.4547	85.1265	0	0.98208	0.188467	0	None	None
ChainingRodShaped	7370	4.12035	0.5	59.3692	39.5522	0	-0.998981	-0.0451325	0	None	None
ChainingRodShaped	11701	2.1508	0.5	-29.4789	-42.3354	0	-0.868091	-0.496405	0	None	None
ChainingRodShaped	7374	4.973	0.5	-30.5386	11.2761	0	0.982202	0.187827	0	None	None
ChainingRodShaped	7376	4.15075	0.5	-14.3871	3.48527	0	-0.7696	0.638527	0	None	None
ChainingRodShaped	7378	4.42808	0.5	76.1798	28.0984	0	0.980083	0.198588	0	None	None
ChainingRodShaped	7380	4.03542	0.5	-11.893	0.0112008	0	-0.883813	-0.467841	0	None	None
ChainingRodShaped	11933	2.03124	0.5	-44.2505	-27.746	0	0.740464	0.672096	0	None	None
ChainingRodShaped	7384	3.92932	0.5	-31.3104	43.689	0	0.287285	0.957845	0	None	None
ChainingRodShaped	7386	3.29089	0.5	-2.98809	-25.1712	0	-0.614755	0.788718	0	None	None
ChainingRodShaped	7388	4.79306	0.5	52.9302	26.5587	0	0.885638	-0.464377	0	None	None
ChainingRodShaped	7390	3.32922	0.5	5.8317	90.0814	0	-0.318963	-0.947767	0	None	None
ChainingRodShaped	7392	4.85063	0.5	42.55	12.7269	0	-0.490165	-0.871629	0	None	None
ChainingRodShaped	7394	3.53268	0.5	-14.9324	72.2874	0	-0.987032	0.160521	0	None	None
ChainingRodShaped	7396	4.07082	0.5	34.609	-30.8708	0	0.992353	-0.123432	0	None	None
ChainingRodShaped	7398	4.41822	0.5	-8.73615	15.0896	0	0.573725	-0.819048	0	None	None
ChainingRodShaped	11507	2.11469	0.5	13.3907	54.7777	0	0.984724	0.174122	0	None	None
ChainingRodShaped	7402	4.19986	0.5	-9.92693	-13.6301	0	0.935729	-0.352719	0	None	None
ChainingRodShaped	7404	4.57911	0.5	12.7009	-18.8645	0	-0.997474	-0.0710372	0	None	None
ChainingRodShaped	7406	4.92875	0.5	-32.0091	64.6877	0	-0.85621	-0.516627	0	None	None
ChainingRodShaped	7408	4.37581	0.5	30.2806	72.69	0	0.845344	0.534222	0	None	None
ChainingRodShaped	7410	3.70989	0.5	-22.1971	-45.8465	0	-0.844091	-0.536201	0	None	None
ChainingRodShaped	7412	4.68021	0.5	-40.1906	99.6411	0	0.634748	0.77272	0	None	None
ChainingRodShaped	7414	3.58642	0.5	-34.5647	79.4804	0	0.790047	0.613047	0	None	None
ChainingRodShaped	11925	2.07638	0.5	62.71	-15.5137	0	0.394922	-0.918715	0	None	None
ChainingRodShaped	11917	2.04753	0.5	7.23146	92.2427	0	-0.059898	-0.998205	0	None	None
ChainingRodShaped	7420	4.27251	0.5	66.7243	54.187	0	0.949506	0.313748	0	None	None
ChainingRodShaped	7422	4.40993	0.5	48.959	55.2456	0	0.950102	0.311941	0	None	None
ChainingRodShaped	7424	4.32175	0.5	-21.0907	-22.3756	0	-0.907506	0.42004	0	None	None
ChainingRodShaped	7426	4.88333	0.5	28.7097	83.1327	0	0.820821	0.571186	0	None	None
ChainingRodShaped	7428	4.89462	0.5	25.3942	67.6749	0	0.853723	0.520727	0	None	None
ChainingRodShaped	7430	4.34531	0.5	-57.1076	-11.4853	0	0.651929	-0.75828	0	None	None
ChainingRodShaped	7432	3.4319	0.5	15.9598	42.5369	0	0.752284	0.658839	0	None	None
ChainingRodShaped	7434	3.97968	0.5	58.35	50.8341	0	0.927176	0.374625	0	None	None
ChainingRodShaped	7436	4.50026	0.5	26.9429	-19.8124	0	-0.865994	-0.500054	0	None	None
ChainingRodShaped	7438	3.69244	0.5	47.0506	-0.559272	0	0.0595675	-0.998224	0	None	None
ChainingRodShaped	11791	2.10194	0.5	72.1132	43.3976	0	-0.619472	-0.785019	0	None	None
ChainingRodShaped	7442	4.5321	0.5	75.8294	-6.18945	0	0.410021	0.912076	0	None	None
ChainingRodShaped	7444	3.65537	0.5	54.0097	28.7293	0	0.869241	-0.494389	0	None	None
ChainingRodShaped	7446	4.76453	0.5	-8.71056	19.8868	0	0.742748	-0.669571	0	None	None
ChainingRodShaped	7448	3.46772	0.5	-11.4764	30.4841	0	0.773256	-0.634094	0	None	None
ChainingRodShaped	11851	2.08441	0.5	62.882	-8.42487	0	-0.31205	0.950066	0	None	None
ChainingRodShaped	7452	3.18106	0.5	-64.9978	50.8617	0	0.961027	-0.276454	0	None	None
ChainingRodShaped	7454	4.34429	0.5	69.6861	73.1137	0	0.861642	-0.507517	0	None	None
ChainingRodShaped	7456	3.98213	0.5	65.8445	23.5406	0	-0.792953	0.609283	0	None	None
ChainingRodShaped	11601	2.21281	0.5	56.7299	-37.9026	0	-0.763964	-0.645259	0	None	None
ChainingRodShaped	12075	2.00627	0.5	-21.3315	57.0215	0	-0.0421807	-0.99911	0	None	None
ChainingRodShaped	7462	4.8369	0.5	-63.8019	37.066	0	0.339312	0.940674	0	None	None
ChainingRodShaped	7464	3.22065	0.5	-13.3658	101.35	0	0.695597	-0.718432	0	None	None
ChainingRodShaped	7466	3.40485	0.5	-48.0843	83.0752	0	-0.980314	-0.197444	0	None	None
ChainingRodShaped	12017	2.01632	0.5	9.45744	4.6442	0	0.338301	-0.941038	0	None	None
ChainingRodShaped	7470	4.72195	0.5	88.2738	31.3576	0	-0.974185	-0.225753	0	None	None
ChainingRodShaped	11735	2.12826	0.5	21.2864	-13.1127	0	-0.818459	-0.574565	0	None	None
ChainingRodShaped	7474	4.31044	0.5	45.4033	66.8683	0	-0.0432985	-0.999062	0	None	None
ChainingRodShaped	7476	4.42064	0.5	42.4063	73.7819	0	-0.247163	-0.968974	0	None	None
ChainingRodShaped	7478	4.15244	0.5	71.5249	32.0244	0	0.99691	0.0785507	0	None	None
ChainingRodShaped	7480	4.69868	0.5	-52.3132	59.2711	0	0.998233	0.0594246	0	None	None
ChainingRodShaped	7482	3.94482	0.5	75.0667	75.4603	0	0.689244	0.724529	0	None	None
ChainingRodShaped	7484	3.48037	0.5	26.3974	75.3487	0	0.970931	0.239359	0	None	None
ChainingRodShaped	7486	4.186	0.5	20.348	-6.56124	0	0.796931	-0.604071	0	None	None
ChainingRodShaped	7488	3.20411	0.5	-16.1764	55.3965	0	0.842551	-0.538617	0	None	None
ChainingRodShaped	7490	3.98447	0.5	32.8125	0.300877	0	0.806937	-0.590638	0	None	None
ChainingRodShaped	7492	3.75312	0.5	-8.75367	7.1343	0	0.910048	-0.414503	0	None	None
ChainingRodShaped	11837	2.09327	0.5	-0.456748	52.6896	0	0.966118	0.258102	0	None	None
ChainingRodShaped	7496	3.10545	0.5	10.5469	11.6688	0	0.269872	-0.962896	0	None	None
ChainingRodShaped	7498	4.35384	0.5	55.9263	94.6833	0	-0.463269	-0.886218	0	None	None
ChainingRodShaped	7500	3.40753	0.5	-51.7104	8.41002	0	0.133501	-0.991049	0	None	None
ChainingRodShaped	7502	3.68007	0.5	-3.14802	-8.57238	0	-0.999989	-0.00474837	0	None	None
ChainingRodShaped	11799	2.16493	0.5	75.3494	10.5248	0	0.831947	-0.554856	0	None	None
ChainingRodShaped	7506	3.54844	0.5	19.1477	-30.8152	0	0.844369	-0.535762	0	None	None
ChainingRodShaped	7508	3.57176	0.5	51.6631	-40.897	0	0.433888	-0.900967	0	None	None
ChainingRodShaped	7510	4.74724	0.5	-10.6711	-49.7668	0	0.959782	-0.280746	0	None	None
ChainingRodShaped	7512	3.74456	0.5	-5.1309	-5.60905	0	-0.890997	-0.454009	0	None	None
ChainingRodShaped	7514	4.48457	0.5	-32.1396	-8.20913	0	-0.988417	0.151762	0	None	None
ChainingRodShaped	7516	3.63969	0.5	26.8817	-15.1551	0	-0.851414	-0.524494	0	None	None
ChainingRodShaped	7518	3.35783	0.5	8.69371	20.243	0	-0.256464	0.966554	0	None	None
ChainingRodShaped	7520	3.30847	0.5	2.37393	18.9783	0	0.933301	-0.359096	0	None	None
ChainingRodShaped	7522	3.93067	0.5	-39.0623	-6.93846	0	-0.805098	-0.593142	0	None	None
ChainingRodShaped	7524	3.15338	0.5	92.0494	37.3017	0	0.98821	-0.153108	0	None	None
ChainingRodShaped	7526	3.89933	0.5	27.2152	-15.8492	0	-0.852784	-0.522264	0	None	None
ChainingRodShaped	7528	3.11499	0.5	60.7575	-18.7501	0	0.143193	-0.989695	0	None	None
ChainingRodShaped	7530	4.72311	0.5	37.2904	-43.5852	0	0.921328	0.388786	0	None	None
ChainingRodShaped	7532	4.80132	0.5	33.7014	58.5325	0	0.155418	-0.987849	0	None	None
ChainingRodShaped	7534	4.27184	0.5	-38.383	58.5135	0	-0.813292	-0.581856	0	None	None
ChainingRodShaped	11801	2.13916	0.5	81.793	5.53022	0	-0.644195	-0.764861	0	None	None
ChainingRodShaped	7538	3.61206	0.5	-27.9728	95.5847	0	-0.121085	0.992642	0	None	None
ChainingRodShaped	7540	4.51141	0.5	7.85538	-49.2754	0	0.790342	-0.612666	0	None	None
ChainingRodShaped	7542	4.67713	0.5	-12.649	-24.9395	0	0.893314	0.449434	0	None	None
ChainingRodShaped	7544	3.65448	0.5	33.3512	41.8143	0	0.938101	-0.346363	0	None	None
ChainingRodShaped	12085	2.00052	0.5	-58.1496	12.0926	0	0.752839	-0.658205	0	None	None
ChainingRodShaped	7548	4.6265	0.5	25.7772	73.5181	0	0.971181	0.238345	0	None	None
ChainingRodShaped	7550	4.76589	0.5	81.8855	44.0278	0	-0.601364	-0.798976	0	None	None
ChainingRodShaped	7552	3.11903	0.5	70.0995	-8.71215	0	-0.108227	0.994126	0	None	None
ChainingRodShaped	7554	3.91126	0.5	-36.7633	76.3536	0	0.698199	0.715904	0	None	None
ChainingRodShaped	7556	4.7284	0.5	25.7073	-37.2934	0	0.986055	-0.166421	0	None	None
ChainingRodShaped	7558	3.74203	0.5	49.0756	-18.3756	0	0.8464	0.532548	0	None	None
ChainingRodShaped	7560	3.74391	0.5	4.45813	32.2658	0	-0.937993	-0.346655	0	None	None
ChainingRodShaped	7562	4.27587	0.5	93.201	36.1318	0	0.987999	-0.154462	0	None	None
ChainingRodShaped	7564	3.33877	0.5	-13.8342	56.5456	0	0.965298	-0.26115	0	None	None
ChainingRodShaped	7566	4.2606	0.5	-4.13922	53.6776	0	0.837382	-0.546619	0	None	None
ChainingRodShaped	7568	4.41215	0.5	-43.6256	25.8224	0	-0.874511	-0.485006	0	None	None
ChainingRodShaped	7570	3.82807	0.5	54.3325	65.6149	0	0.819018	0.573768	0	None	None
ChainingRodShaped	7572	3.99155	0.5	58.5293	-13.0531	0	0.0480949	-0.998843	0	None	None
ChainingRodShaped	7574	3.8013	0.5	-7.77677	-51.611	0	0.960357	-0.278773	0	None	None
ChainingRodShaped	7576	4.87188	0.5	8.11703	-45.6578	0	0.972996	-0.230821	0	None	None
ChainingRodShaped	11751	2.1281	0.5	-57.8514	26.9499	0	-0.905795	-0.423716	0	None	None
ChainingRodShaped	11895	2.08729	0.5	3.84439	99.7751	0	0.587155	0.809475	0	None	None
ChainingRodShaped	7582	4.43659	0.5	-13.7531	-11.8206	0	0.400676	-0.91622	0	None	None
ChainingRodShaped	7584	3.78959	0.5	56.2544	57.8606	0	-0.102628	0.99472	0	None	None
ChainingRodShaped	7586	3.58919	0.5	-37.4636	-32.2252	0	0.905959	0.423365	0	None	None
ChainingRodShaped	7588	4.46123	0.5	56.1847	40.105	0	-0.897781	-0.440441	0	None	None
ChainingRodShaped	7590	4.68827	0.5	4.98698	54.8396	0	0.987136	0.159881	0	None	None
ChainingRodShaped	7592	4.92707	0.5	15.0813	-25.4136	0	0.323592	-0.946197	0	None	None
ChainingRodShaped	7594	4.3488	0.5	23.3081	69.8159	0	0.966227	0.257692	0	None	None
ChainingRodShaped	7596	4.61434	0.5	29.1005	-40.8066	0	0.958258	-0.285905	0	None	None
ChainingRodShaped	7598	4.40703	0.5	48.8349	22.1042	0	-0.996127	-0.0879313	0	None	None
ChainingRodShaped	7600	3.06778	0.5	-26.1359	22.6539	0	0.989017	0.1478	0	None	None
ChainingRodShaped	7602	3.27445	0.5	5.26103	108.16	0	0.969889	-0.243548	0	None	None
ChainingRodShaped	7604	3.88054	0.5	7.16077	106.885	0	0.986366	0.164567	0	None	None
ChainingRodShaped	7606	3.97763	0.5	40.982	91.1828	0	0.881094	0.472942	0	None	None
ChainingRodShaped	11965	2.02744	0.5	81.6352	18.374	0	0.410081	-0.912049	0	None	None
ChainingRodShaped	7610	3.88315	0.5	-6.11681	51.2486	0	0.802917	-0.596091	0	None	None
ChainingRodShaped	7612	3.30003	0.5	2.73516	75.4285	0	0.491431	-0.870917	0	None	None
ChainingRodShaped	11957	2.04053	0.5	-68.128	50.443	0	0.994684	0.102979	0	None	None
ChainingRodShaped	11883	2.06123	0.5	68.6273	-13.5166	0	-0.412061	0.911156	0	None	None
ChainingRodShaped	12063	2.00896	0.5	38.3457	-7.15051	0	-0.476363	-0.879248	0	None	None
ChainingRodShaped	7620	3.86941	0.5	-13.4764	14.672	0	0.642365	-0.766398	0	None	None
ChainingRodShaped	7622	3.18888	0.5	28.4397	-41.5374	0	0.955354	-0.295464	0	None	None
ChainingRodShaped	7624	3.06605	0.5	76.1559	1.57062	0	-0.480935	-0.876756	0	None	None
ChainingRodShaped	7626	3.63631	0.5	-55.756	26.8654	0	-0.907138	-0.420832	0	None	None
ChainingRodShaped	7628	3.48655	0.5	-55.0434	73.1115	0	0.967598	-0.252494	0	None	None
ChainingRodShaped	7630	3.74646	0.5	36.1347	71.3593	0	0.844211	0.536011	0	None	None
ChainingRodShaped	7632	3.60054	0.5	-18.4199	83.4773	0	0.399573	-0.916701	0	None	None
ChainingRodShaped	7634	3.77708	0.5	-30.8066	-21.5942	0	-0.535564	0.844494	0	None	None
ChainingRodShaped	7636	3.75756	0.5	-52.9867	25.0473	0	0.55557	-0.83147	0	None	None
ChainingRodShaped	7638	4.59083	0.5	7.09823	23.8531	0	0.123993	0.992283	0	None	None
ChainingRodShaped	7640	3.77086	0.5	27.0173	77.1915	0	0.970994	0.239104	0	None	None
ChainingRodShaped	11959	2.0621	0.5	64.2491	50.4978	0	-0.946049	-0.324025	0	None	None
ChainingRodShaped	7644	3.50292	0.5	22.4838	50.2683	0	0.66429	0.747475	0	None	None
ChainingRodShaped	7646	4.08398	0.5	65.5586	54.7473	0	0.941488	0.337046	0	None	None
ChainingRodShaped	7648	4.67011	0.5	24.972	49.5711	0	-0.653655	-0.756792	0	None	None
ChainingRodShaped	7650	3.30684	0.5	34.8087	-14.0306	0	-0.267065	-0.963678	0	None	None
ChainingRodShaped	7652	4.13218	0.5	-7.21746	39.9592	0	0.941841	0.336059	0	None	None
ChainingRodShaped	12005	2.04239	0.5	11.3439	22.0675	0	-0.166566	0.98603	0	None	None
ChainingRodShaped	7656	3.17558	0.5	-30.7891	17.1025	0	0.986033	0.166551	0	None	None
ChainingRodShaped	7658	4.10111	0.5	3.62997	32.7581	0	-0.941411	-0.337261	0	None	None
ChainingRodShaped	7660	4.28724	0.5	20.3751	59.0652	0	0.765166	0.643833	0	None	None
ChainingRodShaped	7662	3.16688	0.5	49.3613	-21.7506	0	0.491813	0.870701	0	None	None
ChainingRodShaped	7664	3.92635	0.5	64.7038	80.582	0	0.651679	-0.758495	0	None	None
ChainingRodShaped	7666	3.24527	0.5	-24.0935	62.3906	0	-0.11834	-0.992973	0	None	None
ChainingRodShaped	7668	4.28473	0.5	80.2962	39.6673	0	-0.974817	-0.223008	0	None	None
ChainingRodShaped	7670	3.75462	0.5	-57.4563	30.8147	0	0.90128	0.433236	0	None	None
ChainingRodShaped	7672	3.07782	0.5	4.03334	-7.11046	0	-0.687773	0.725925	0	None	None
ChainingRodShaped	7674	3.78612	0.5	-72.2958	26.2984	0	-0.15066	0.988586	0	None	None
ChainingRodShaped	7676	4.97754	0.5	-38.688	-31.7499	0	0.908025	0.418917	0	None	None
ChainingRodShaped	7678	3.29197	0.5	-16.4199	-7.36686	0	-0.0472722	0.998882	0	None	None
ChainingRodShaped	12023	2.0186	0.5	47.1632	31.2943	0	0.949762	-0.312974	0	None	None
ChainingRodShaped	7682	4.63839	0.5	-15.248	61.8687	0	-0.0966715	-0.995316	0	None	None
ChainingRodShaped	7684	4.3354	0.5	22.5524	19.8034	0	-0.0239227	0.999714	0	None	None
ChainingRodShaped	12071	2.00454	0.5	47.7234	91.1883	0	0.877085	-0.480335	0	None	None
ChainingRodShaped	7688	3.5371	0.5	-8.67532	61.0163	0	-0.900944	0.433936	0	None	None
ChainingRodShaped	7690	3.33286	0.5	22.0637	67.3209	0	0.385095	0.922877	0	None	None
ChainingRodShaped	7692	4.86623	0.5	75.0472	44.3168	0	-0.616423	-0.787415	0	None	None
ChainingRodShaped	7694	4.33098	0.5	-6.66999	-40.0771	0	-0.226302	-0.974057	0	None	None
ChainingRodShaped	7696	3.14701	0.5	5.09612	25.1142	0	0.101975	0.994787	0	None	None
ChainingRodShaped	7698	4.09362	0.5	-20.4742	84.2289	0	-0.386716	0.922199	0	None	None
ChainingRodShaped	7700	4.01228	0.5	-21.4036	7.19791	0	-0.790582	-0.612356	0	None	None
ChainingRodShaped	7702	3.60054	0.5	-16.422	36.583	0	-0.957072	-0.289851	0	None	None
ChainingRodShaped	7704	3.40958	0.5	-7.23856	90.446	0	0.896926	0.44218	0	None	None
ChainingRodShaped	7706	4.36324	0.5	-70.9534	13.3964	0	0.0432379	0.999065	0	None	None
ChainingRodShaped	7708	3.3712	0.5	-58.5551	51.8695	0	-0.946243	0.323457	0	None	None
ChainingRodShaped	7710	3.45968	0.5	10.7844	71.148	0	0.78684	-0.617157	0	None	None
ChainingRodShaped	7712	4.09042	0.5	-38.4272	53.4821	0	-0.794279	-0.607553	0	None	None
ChainingRodShaped	11949	2.05337	0.5	-3.04	72.3218	0	0.680261	-0.73297	0	None	None
ChainingRodShaped	7716	3.80377	0.5	-10.8875	78.2523	0	-0.358194	-0.933647	0	None	None
ChainingRodShaped	7718	3.85005	0.5	16.7157	-36.8328	0	0.451294	0.892375	0	None	None
ChainingRodShaped	7720	4.34152	0.5	-27.6638	47.9402	0	0.122809	-0.99243	0	None	None
ChainingRodShaped	7722	4.52415	0.5	-0.806979	-6.3691	0	-0.893635	0.448795	0	None	None
ChainingRodShaped	7724	4.08276	0.5	3.69962	105.506	0	0.414472	0.910062	0	None	None
ChainingRodShaped	7726	4.68739	0.5	29.3925	29.8143	0	-0.0247773	-0.999693	0	None	None
ChainingRodShaped	7728	4.1066	0.5	-67.9894	54.7767	0	-0.955621	0.294598	0	None	None
ChainingRodShaped	7730	3.58488	0.5	33.3749	91.7263	0	0.683298	0.73014	0	None	None
ChainingRodShaped	7732	4.82579	0.5	58.149	35.4583	0	0.848076	-0.529874	0	None	None
ChainingRodShaped	7734	4.14137	0.5	-28.5129	-31.0494	0	0.998623	-0.052457	0	None	None
ChainingRodShaped	7736	4.37542	0.5	-23.1389	88.0497	0	-0.0753698	0.997156	0	None	None
ChainingRodShaped	7738	4.36728	0.5	-19.9628	0.715971	0	0.529915	-0.848051	0	None	None
ChainingRodShaped	7740	4.19687	0.5	-58.3959	-3.23611	0	-0.929666	0.368405	0	None	None
ChainingRodShaped	7742	4.42927	0.5	37.3366	4.38173	0	-0.489083	-0.872237	0	None	None
ChainingRodShaped	12043	2.02384	0.5	67.1316	-31.9827	0	-0.109168	0.994023	0	None	None
ChainingRodShaped	7746	4.19981	0.5	-38.423	-4.3615	0	-0.814142	-0.580665	0	None	None
ChainingRodShaped	7748	3.47579	0.5	-12.5796	-23.1275	0	0.884181	0.467144	0	None	None
ChainingRodShaped	7750	4.95272	0.5	-8.20631	78.6443	0	-0.385982	-0.922506	0	None	None
ChainingRodShaped	7752	3.97904	0.5	31.7177	88.2149	0	0.581244	0.813729	0	None	None
ChainingRodShaped	7754	4.00955	0.5	-38.4734	63.5578	0	0.834746	0.550635	0	None	None
ChainingRodShaped	7756	3.33743	0.5	-68.1428	49.4725	0	0.994468	0.105043	0	None	None
ChainingRodShaped	7758	4.72438	0.5	-26.734	52.2871	0	-0.132763	-0.991148	0	None	None
ChainingRodShaped	7760	4.21836	0.5	-63.7463	22.043	0	-0.212117	0.977244	0	None	None
ChainingRodShaped	7762	4.62978	0.5	-38.1716	49.2836	0	0.74812	0.663564	0	None	None
ChainingRodShaped	7764	4.36674	0.5	41.2986	39.2122	0	0.940888	0.338719	0	None	None
ChainingRodShaped	7766	4.03988	0.5	3.80523	-0.856993	0	-0.875417	0.483369	0	None	None
ChainingRodShaped	7768	3.46718	0.5	23.478	107.136	0	-0.149438	0.988771	0	None	None
ChainingRodShaped	7770	3.43504	0.5	-55.6712	-18.514	0	-0.854819	0.518926	0	None	None
ChainingRodShaped	7772	4.976	0.5	36.8443	99.1726	0	0.710415	0.703784	0	None	None
ChainingRodShaped	7774	3.87959	0.5	13.8083	24.14	0	-0.95209	-0.305819	0	None	None
ChainingRodShaped	7776	4.48866	0.5	85.3352	69.5153	0	0.999778	-0.0210645	0	None	None
ChainingRodShaped	7778	4.81042	0.5	-37.7067	40.8778	0	0.761833	0.647773	0	None	None
ChainingRodShaped	7780	4.9846	0.5	-7.01372	106.095	0	0.0203044	-0.999794	0	None	None
ChainingRodShaped	7782	4.76117	0.5	60.9411	-5.23728	0	-0.0328188	-0.999461	0	None	None
ChainingRodShaped	7784	3.4389	0.5	-30.5958	48.1223	0	0.114725	-0.993397	0	None	None
ChainingRodShaped	7786	3.80724	0.5	9.1318	13.9923	0	0.994469	-0.105028	0	None	None
ChainingRodShaped	7788	4.65048	0.5	22.1118	40.5132	0	0.0203339	0.999793	0	None	None
ChainingRodShaped	7790	3.93506	0.5	43.1916	-3.19123	0	0.136999	-0.990571	0	None	None
ChainingRodShaped	7792	4.43935	0.5	13.2965	39.9635	0	0.906714	0.421746	0	None	None
ChainingRodShaped	7794	3.92532	0.5	-3.73061	23.4148	0	0.575654	-0.817694	0	None	None
ChainingRodShaped	7796	4.86904	0.5	19.5471	79.7607	0	0.981737	0.190243	0	None	None
ChainingRodShaped	7798	4.87507	0.5	29.398	-0.117448	0	0.800152	-0.599798	0	None	None
ChainingRodShaped	7800	3.26652	0.5	-25.6639	89.8355	0	-0.354693	0.934983	0	None	None
ChainingRodShaped	7802	3.48705	0.5	20.2317	40.924	0	0.00949343	-0.999955	0	None	None
ChainingRodShaped	7804	4.6932	0.5	-50.3822	65.2749	0	0.658406	0.752663	0	None	None
ChainingRodShaped	7806	4.8594	0.5	-38.264	72.0027	0	0.601696	0.798725	0	None	None
ChainingRodShaped	7808	3.59138	0.5	-64.3054	2.34005	0	-0.929224	0.369517	0	None	None
ChainingRodShaped	7810	4.1553	0.5	-17.8787	6.54595	0	-0.497476	0.867478	0	None	None
ChainingRodShaped	7812	3.05294	0.5	-21.6555	94.6352	0	-0.99584	0.0911231	0	None	None
ChainingRodShaped	7814	3.93582	0.5	28.1464	34.7584	0	0.396312	-0.918116	0	None	None
ChainingRodShaped	7816	3.31579	0.5	33.8188	50.6882	0	0.075928	-0.997113	0	None	None
ChainingRodShaped	7818	3.71496	0.5	-26.1325	84.2152	0	-0.373221	0.927742	0	None	None
ChainingRodShaped	7820	4.65675	0.5	-65.4156	31.1234	0	0.0228491	0.999739	0	None	None
ChainingRodShaped	7822	3.31622	0.5	-63.0767	11.6287	0	-0.68151	0.731809	0	None	None
ChainingRodShaped	7824	3.23142	0.5	13.309	-22.6571	0	0.314105	-0.949388	0	None	None
ChainingRodShaped	7826	3.91402	0.5	-15.7244	42.6275	0	0.941443	-0.337174	0	None	None
ChainingRodShaped	7828	3.15456	0.5	68.2925	22.8839	0	-0.817108	0.576485	0	None	None
ChainingRodShaped	7830	4.02198	0.5	-19.9031	68.7244	0	-0.16304	-0.986619	0	None	None
ChainingRodShaped	7832	3.5013	0.5	37.3116	-26.7154	0	0.979903	0.199476	0	None	None
ChainingRodShaped	7834	4.14522	0.5	-0.510114	-24.1971	0	-0.632999	0.774152	0	None	None
ChainingRodShaped	7836	4.99242	0.5	-22.1629	50.6578	0	0.866435	-0.499289	0	None	None
ChainingRodShaped	7838	4.49619	0.5	36.1608	50.8297	0	0.0549417	-0.99849	0	None	None
ChainingRodShaped	7840	3.96969	0.5	59.6231	-30.7225	0	-0.400208	-0.916424	0	None	None
ChainingRodShaped	7842	4.20829	0.5	-33.2766	84.4047	0	0.671109	0.741358	0	None	None
ChainingRodShaped	7844	3.11223	0.5	7.24031	88.5646	0	-0.344967	-0.938615	0	None	None
ChainingRodShaped	7846	3.33804	0.5	-43.2856	7.78944	0	0.105572	-0.994412	0	None	None
ChainingRodShaped	7848	4.7183	0.5	10.4376	-1.0258	0	0.447037	-0.894515	0	None	None
ChainingRodShaped	7850	3.89999	0.5	-61.9388	30.3391	0	-0.850938	-0.525266	0	None	None
ChainingRodShaped	7852	4.55139	0.5	-42.3044	88.6065	0	0.676903	-0.736072	0	None	None
ChainingRodShaped	7854	3.49544	0.5	-51.5373	0.979013	0	0.865203	-0.501422	0	None	None
ChainingRodShaped	7856	3.57912	0.5	37.9611	34.736	0	0.799195	-0.601072	0	None	None
ChainingRodShaped	7858	3.61018	0.5	43.7385	55.8233	0	-0.237192	-0.971463	0	None	None
ChainingRodShaped	7860	4.47845	0.5	-3.71379	95.0503	0	0.893672	0.448721	0	None	None
ChainingRodShaped	7862	4.87849	0.5	-68.4815	17.1567	0	-0.558031	0.82982	0	None	None
ChainingRodShaped	7864	4.24125	0.5	79.9749	6.77224	0	0.0431569	-0.999068	0	None	None
ChainingRodShaped	7866	4.02381	0.5	58.3747	18.228	0	-0.994096	-0.108508	0	None	None
ChainingRodShaped	7868	3.3743	0.5	11.8762	95.9544	0	-0.102363	-0.994747	0	None	None
ChainingRodShaped	7870	4.13366	0.5	-24.5418	-26.6193	0	0.738685	0.674051	0	None	None
ChainingRodShaped	7872	4.3684	0.5	31.8269	-0.896558	0	0.800854	-0.59886	0	None	None
ChainingRodShaped	7874	3.02407	0.5	54.5001	-32.1997	0	-0.530531	-0.847666	0	None	None
ChainingRodShaped	7876	4.88226	0.5	-11.9858	91.7214	0	0.210847	-0.977519	0	None	None
ChainingRodShaped	7878	3.11748	0.5	79.3523	62.7047	0	0.300963	-0.953636	0	None	None
ChainingRodShaped	7880	4.49567	0.5	18.9642	39.0166	0	0.0295777	-0.999562	0	None	None
ChainingRodShaped	7882	4.12215	0.5	-69.9769	24.0666	0	-0.619994	0.784606	0	None	None
ChainingRodShaped	7884	3.28043	0.5	49.768	25.5204	0	0.882945	-0.469477	0	None	None
ChainingRodShaped	7886	4.52316	0.5	24.9242	35.8824	0	0.0532805	0.99858	0	None	None
ChainingRodShaped	7888	3.16027	0.5	40.6943	-35.7542	0	0.876426	0.481537	0	None	None
ChainingRodShaped	7890	3.61088	0.5	24.8673	68.3137	0	0.858816	0.512284	0	None	None
ChainingRodShaped	7892	4.26602	0.5	-13.2412	110.125	0	0.999861	-0.0166593	0	None	None
ChainingRodShaped	7894	4.81184	0.5	24.7304	20.1261	0	-0.000497545	1	0	None	None
ChainingRodShaped	7896	3.96491	0.5	24.5485	15.6337	0	-0.634204	0.773166	0	None	None
ChainingRodShaped	7898	4.68718	0.5	78.5356	13.3281	0	0.622542	-0.782587	0	None	None
ChainingRodShaped	7900	3.87485	0.5	58.5783	74.7591	0	0.185012	0.982736	0	None	None
ChainingRodShaped	7902	3.87336	0.5	40.8883	25.3635	0	0.96183	-0.273646	0	None	None
ChainingRodShaped	7904	3.53018	0.5	47.6823	35.2051	0	0.957215	-0.289377	0	None	None
ChainingRodShaped	7906	4.01729	0.5	67.4802	49.737	0	-0.952332	-0.305064	0	None	None
ChainingRodShaped	7908	3.22468	0.5	-37.1948	42.3684	0	0.768255	0.640144	0	None	None
ChainingRodShaped	7910	4.78443	0.5	-29.0708	48.2367	0	0.103023	-0.994679	0	None	None
ChainingRodShaped	7912	4.28919	0.5	-35.7836	98.2195	0	0.97338	0.229199	0	None	None
ChainingRodShaped	7914	4.36335	0.5	-32.4369	63.4822	0	-0.851007	-0.525155	0	None	None
ChainingRodShaped	7916	3.85646	0.5	54.0424	3.70576	0	-0.965763	-0.259427	0	None	None
ChainingRodShaped	7918	3.58883	0.5	33.3846	-38.5331	0	0.796796	0.604248	0	None	None
ChainingRodShaped	7920	4.42721	0.5	-50.1529	-4.92339	0	-0.954559	0.298024	0	None	None
ChainingRodShaped	7922	4.38027	0.5	-36.5114	99.0083	0	0.972563	0.232641	0	None	None
ChainingRodShaped	7924	4.01846	0.5	5.95761	67.5652	0	0.636285	-0.771454	0	None	None
ChainingRodShaped	7926	4.2498	0.5	31.3427	14.1399	0	0.699541	0.714592	0	None	None
ChainingRodShaped	7928	4.26703	0.5	-69.0684	16.3547	0	-0.562034	0.827114	0	None	None
ChainingRodShaped	7930	3.06032	0.5	10.3174	6.68539	0	0.322328	-0.946628	0	None	None
ChainingRodShaped	7932	2.98749	0.5	68.0816	-3.7233	0	-0.0814393	0.996678	0	None	None
ChainingRodShaped	7934	2.98455	0.5	-54.1733	79.1334	0	0.735929	0.677058	0	None	None
ChainingRodShaped	7936	3.99877	0.5	12.4225	61.8872	0	-0.819217	-0.573484	0	None	None
ChainingRodShaped	7938	4.84534	0.5	66.993	-6.93151	0	-0.31741	0.948289	0	None	None
ChainingRodShaped	7940	3.47768	0.5	-39.9044	44.3819	0	0.768287	0.640105	0	None	None
ChainingRodShaped	7942	4.90292	0.5	64.1913	85.8215	0	0.999502	-0.0315553	0	None	None
ChainingRodShaped	7944	3.35583	0.5	40.577	-10.6277	0	-0.254794	-0.966995	0	None	None
ChainingRodShaped	7946	4.69513	0.5	88.5712	51.7784	0	-0.926904	-0.3753	0	None	None
ChainingRodShaped	7948	4.40644	0.5	46.2231	56.3497	0	-0.23112	-0.972925	0	None	None
ChainingRodShaped	7950	3.40081	0.5	-9.89824	35.1322	0	-0.942129	-0.335252	0	None	None
ChainingRodShaped	7952	4.10041	0.5	-10.3517	64.7974	0	-0.967745	0.251932	0	None	None
ChainingRodShaped	7954	4.04197	0.5	52.4116	81.1395	0	0.0812464	-0.996694	0	None	None
ChainingRodShaped	7956	3.40353	0.5	15.6023	113.071	0	0.961998	0.273056	0	None	None
ChainingRodShaped	7958	4.73255	0.5	-60.1821	-10.7881	0	0.653066	-0.757301	0	None	None
ChainingRodShaped	7960	4.04386	0.5	-16.0385	12.6847	0	0.53578	-0.844357	0	None	None
ChainingRodShaped	7962	4.15736	0.5	45.9977	90.0772	0	0.874827	-0.484435	0	None	None
ChainingRodShaped	7964	3.69875	0.5	-37.7468	-21.5581	0	0.712821	0.701346	0	None	None
ChainingRodShaped	7966	3.80709	0.5	-36.9908	-35.4794	0	0.630079	-0.776531	0	None	None
ChainingRodShaped	7968	4.48126	0.5	44.1803	48.4357	0	0.943533	0.331279	0	None	None
ChainingRodShaped	7970	3.1188	0.5	3.49345	88.4998	0	-0.356681	-0.934226	0	None	None
ChainingRodShaped	7972	3.47475	0.5	-6.47701	16.1275	0	0.597061	-0.802196	0	None	None
ChainingRodShaped	7974	2.9733	0.5	27.3307	49.0944	0	0.64269	0.766126	0	None	None
ChainingRodShaped	7976	4.47609	0.5	-64.4669	29.366	0	-0.0322728	0.999479	0	None	None
ChainingRodShaped	7978	3.86784	0.5	-56.634	63.3268	0	0.956803	0.290738	0	None	None
ChainingRodShaped	7980	3.69574	0.5	35.9205	-32.8889	0	0.995451	0.0952799	0	None	None
ChainingRodShaped	7982	3.00933	0.5	10.5865	76.6658	0	0.963977	0.265987	0	None	None
ChainingRodShaped	7984	4.38903	0.5	-33.5251	25.4534	0	0.562407	0.82686	0	None	None
ChainingRodShaped	7986	3.41327	0.5	3.58607	-41.3599	0	0.950861	-0.309619	0	None	None
ChainingRodShaped	7988	4.11888	0.5	12.5895	31.772	0	0.243023	0.970021	0	None	None
ChainingRodShaped	7990	4.40984	0.5	21.2069	-6.34057	0	0.790889	-0.61196	0	None	None
ChainingRodShaped	7992	4.13673	0.5	-50.8034	-2.33408	0	0.869828	-0.493355	0	None	None
ChainingRodShaped	7994	3.15776	0.5	63.7517	6.28583	0	0.952506	0.30452	0	None	None
ChainingRodShaped	7996	4.62305	0.5	32.7019	11.8855	0	-0.61968	-0.784854	0	None	None
ChainingRodShaped	7998	4.77961	0.5	-21.6891	14.6119	0	0.848573	-0.529078	0	None	None
ChainingRodShaped	8000	4.07604	0.5	-33.723	53.8374	0	0.158855	0.987302	0	None	None
ChainingRodShaped	8002	3.25415	0.5	47.8635	72.3772	0	-0.216401	-0.976305	0	None	None
ChainingRodShaped	8004	3.85882	0.5	82.0817	36.2652	0	0.977637	0.210298	0	None	None
ChainingRodShaped	8006	3.92411	0.5	34.918	-33.8962	0	0.996353	0.0853278	0	None	None
ChainingRodShaped	8008	3.11983	0.5	17.6672	55.2906	0	0.875488	0.48324	0	None	None
ChainingRodShaped	8010	3.48316	0.5	60.7234	-23.9938	0	-0.175774	0.984431	0	None	None
ChainingRodShaped	8012	3.65331	0.5	34.7357	11.944	0	-0.610692	-0.791868	0	None	None
ChainingRodShaped	8014	3.00961	0.5	89.6132	13.9837	0	0.429604	-0.903018	0	None	None
ChainingRodShaped	8016	3.71263	0.5	41.7628	46.0518	0	0.936717	0.350086	0	None	None
ChainingRodShaped	8018	3.8061	0.5	28.3131	58.8918	0	0.514359	0.857575	0	None	None
ChainingRodShaped	8020	4.72694	0.5	25.7631	62.0742	0	0.514645	0.857403	0	None	None
ChainingRodShaped	8022	2.99396	0.5	70.994	44.9067	0	-0.607828	-0.794069	0	None	None
ChainingRodShaped	8024	3.76777	0.5	-68.6583	11.9006	0	-0.709591	0.704613	0	None	None
ChainingRodShaped	8026	4.02057	0.5	26.8584	25.6457	0	0.0548241	0.998496	0	None	None
ChainingRodShaped	8028	4.19991	0.5	-34.2215	13.8894	0	0.988947	0.148272	0	None	None
ChainingRodShaped	8030	4.123	0.5	15.1138	16.7123	0	0.701255	-0.71291	0	None	None
ChainingRodShaped	8032	4.23941	0.5	35.6025	34.6688	0	0.68979	-0.724009	0	None	None
ChainingRodShaped	8034	4.69035	0.5	10.9466	-16.6758	0	-0.999151	-0.0411882	0	None	None
ChainingRodShaped	8036	3.62927	0.5	-47.1355	-10.3393	0	-0.970163	0.242454	0	None	None
ChainingRodShaped	8038	4.74597	0.5	-44.1208	85.6877	0	-0.834075	-0.551651	0	None	None
ChainingRodShaped	8040	3.97837	0.5	-29.2597	-19.2076	0	0.119228	-0.992867	0	None	None
ChainingRodShaped	8042	3.23293	0.5	11.9978	36.4736	0	-0.0375089	0.999296	0	None	None
ChainingRodShaped	8044	4.3724	0.5	44.7894	10.643	0	-0.520238	-0.854021	0	None	None
ChainingRodShaped	8046	3.89408	0.5	-5.825	51.9746	0	0.805015	-0.593254	0	None	None
ChainingRodShaped	8048	4.12517	0.5	51.572	80.9994	0	0.0911873	-0.995834	0	None	None
ChainingRodShaped	8050	4.15676	0.5	55.4255	-17.8112	0	0.102198	-0.994764	0	None	None
ChainingRodShaped	8052	3.23507	0.5	35.3493	65.0136	0	0.261426	-0.965224	0	None	None
ChainingRodShaped	8054	3.54856	0.5	-10.9613	3.56096	0	-0.97444	-0.224646	0	None	None
ChainingRodShaped	8056	4.81427	0.5	32.46	75.0353	0	0.834923	0.550367	0	None	None
ChainingRodShaped	8058	4.47432	0.5	-72.8131	37.2282	0	0.719034	-0.694975	0	None	None
ChainingRodShaped	8060	3.05112	0.5	70.3055	26.8765	0	0.871514	0.490371	0	None	None
ChainingRodShaped	8062	4.22234	0.5	39.5085	104.175	0	-0.959441	-0.28191	0	None	None
ChainingRodShaped	8064	3.47602	0.5	-24.0162	-28.4737	0	0.739429	0.673235	0	None	None
ChainingRodShaped	8066	3.20191	0.5	44.4855	21.3742	0	-0.505386	-0.862893	0	None	None
ChainingRodShaped	8068	4.1251	0.5	44.1617	-13.0146	0	-0.267573	-0.963538	0	None	None
ChainingRodShaped	8070	3.68379	0.5	74.452	-0.479235	0	-0.130026	-0.991511	0	None	None
ChainingRodShaped	8072	3.4068	0.5	22.8776	57.1745	0	0.750269	0.661133	0	None	None
ChainingRodShaped	8074	3.97061	0.5	-0.812254	9.05879	0	0.975731	-0.218971	0	None	None
ChainingRodShaped	8076	4.00164	0.5	-57.5958	18.0994	0	0.549927	-0.835213	0	None	None
ChainingRodShaped	8078	4.18869	0.5	20.6479	0.990059	0	0.777198	-0.629256	0	None	None
ChainingRodShaped	8080	3.72343	0.5	-8.84898	104.851	0	0.0134784	-0.999909	0	None	None
ChainingRodShaped	8082	4.11729	0.5	-59.2968	35.9593	0	0.998281	-0.0586085	0	None	None
ChainingRodShaped	8084	4.48506	0.5	-23.1697	-44.1899	0	-0.844758	-0.535148	0	None	None
ChainingRodShaped	8086	2.92954	0.5	15.6416	51.7501	0	0.986392	0.164409	0	None	None
ChainingRodShaped	8088	3.2269	0.5	3.61808	43.5835	0	0.990791	0.1354	0	None	None
ChainingRodShaped	8090	3.08668	0.5	55.5544	42.5736	0	0.907	0.421131	0	None	None
ChainingRodShaped	8092	3.21929	0.5	-26.1387	108.783	0	-0.997997	0.063266	0	None	None
ChainingRodShaped	8094	4.4305	0.5	19.7368	59.4927	0	0.771574	0.63614	0	None	None
ChainingRodShaped	8096	4.58841	0.5	1.41227	37.8483	0	0.874776	-0.484528	0	None	None
ChainingRodShaped	8098	4.73897	0.5	-57.2938	67.643	0	0.929491	0.368846	0	None	None
ChainingRodShaped	8100	4.00794	0.5	-20.7799	-21.6617	0	-0.911627	0.411017	0	None	None
ChainingRodShaped	8102	3.00644	0.5	56.8997	4.76546	0	-0.954244	0.29903	0	None	None
ChainingRodShaped	8104	4.23189	0.5	-4.67258	88.8399	0	0.897502	0.441011	0	None	None
ChainingRodShaped	8106	4.18538	0.5	-35.6172	2.30194	0	-0.299156	-0.954204	0	None	None
ChainingRodShaped	8108	3.16812	0.5	45.9741	76.7224	0	0.0265341	-0.999648	0	None	None
ChainingRodShaped	8110	4.30811	0.5	0.920935	-18.3728	0	0.563455	-0.826147	0	None	None
ChainingRodShaped	8112	2.9601	0.5	39.8455	57.0854	0	-0.203624	-0.979049	0	None	None
ChainingRodShaped	8114	3.64672	0.5	37.158	78.7237	0	0.479912	0.877317	0	None	None
ChainingRodShaped	8116	3.36756	0.5	-3.21509	-31.3784	0	-0.999491	0.0319117	0	None	None
ChainingRodShaped	8118	3.31102	0.5	32.0482	-0.0964973	0	0.803504	-0.595299	0	None	None
ChainingRodShaped	8120	3.46321	0.5	62.2253	79.1743	0	0.645374	-0.763867	0	None	None
ChainingRodShaped	8122	4.49698	0.5	16.6546	-48.0238	0	0.97003	0.242987	0	None	None
ChainingRodShaped	8124	3.43749	0.5	-22.537	66.4086	0	-0.332008	-0.943277	0	None	None
ChainingRodShaped	8126	3.1628	0.5	50.6893	24.1572	0	0.878177	-0.478336	0	None	None
ChainingRodShaped	8128	3.26729	0.5	55.4939	7.20188	0	0.884947	-0.465693	0	None	None
ChainingRodShaped	8130	4.06424	0.5	-25.9995	102.032	0	0.453603	-0.891204	0	None	None
ChainingRodShaped	8132	3.82978	0.5	-16.7692	-24.738	0	0.477257	0.878764	0	None	None
ChainingRodShaped	8134	3.48414	0.5	67.1996	48.7594	0	-0.952131	-0.30569	0	None	None
ChainingRodShaped	8136	3.45345	0.5	-55.4461	-9.07954	0	-0.960793	0.277267	0	None	None
ChainingRodShaped	8138	4.6879	0.5	-11.441	27.4683	0	0.764812	-0.644254	0	None	None
ChainingRodShaped	8140	4.70883	0.5	78.3813	-2.38428	0	0.998372	-0.0570417	0	None	None
ChainingRodShaped	8142	2.91904	0.5	26.3034	-2.65164	0	0.784501	-0.620128	0	None	None
ChainingRodShaped	8144	4.39407	0.5	-15.3627	-21.3356	0	-0.809845	-0.586644	0	None	None
ChainingRodShaped	8146	3.69996	0.5	46.733	100.393	0	0.999458	0.03292	0	None	None
ChainingRodShaped	8148	3.8353	0.5	26.0682	85.5247	0	-0.823111	-0.56788	0	None	None
ChainingRodShaped	8150	3.47516	0.5	53.8472	-31.4909	0	-0.526793	-0.849993	0	None	None
ChainingRodShaped	8152	3.6053	0.5	-58.9422	-15.7346	0	-0.853989	0.52029	0	None	None
ChainingRodShaped	8154	3.89316	0.5	56.6238	-28.2754	0	0.103667	-0.994612	0	None	None
ChainingRodShaped	8156	4.57831	0.5	-25.5563	75.0944	0	-0.995946	-0.0899572	0	None	None
ChainingRodShaped	8158	3.62892	0.5	-18.7224	-15.0932	0	-0.357505	0.933911	0	None	None
ChainingRodShaped	8160	3.35065	0.5	13.5286	94.533	0	-0.0884294	-0.996082	0	None	None
ChainingRodShaped	8162	4.10893	0.5	-5.35403	93.2475	0	0.889134	0.457647	0	None	None
ChainingRodShaped	8164	3.05057	0.5	-8.25962	29.9521	0	0.760473	-0.64937	0	None	None
ChainingRodShaped	8166	3.81546	0.5	-42.9134	52.1159	0	-0.981188	-0.193055	0	None	None
ChainingRodShaped	8168	3.35574	0.5	10.9968	-5.69307	0	-0.941819	0.33612	0	None	None
ChainingRodShaped	8170	3.79943	0.5	-45.0796	0.0284706	0	0.970853	0.239675	0	None	None
ChainingRodShaped	8172	3.94573	0.5	-48.5177	56.1694	0	0.282623	0.959231	0	None	None
ChainingRodShaped	8174	3.3277	0.5	0.628575	-46.2982	0	0.477216	-0.878786	0	None	None
ChainingRodShaped	8176	3.95912	0.5	72.1793	65.0179	0	0.984925	-0.17298	0	None	None
ChainingRodShaped	8178	4.14261	0.5	-45.5358	48.4563	0	-0.9714	0.237448	0	None	None
ChainingRodShaped	8180	3.83746	0.5	-13.6303	83.2519	0	0.958305	-0.285749	0	None	None
ChainingRodShaped	8182	3.79905	0.5	32.4453	109.923	0	0.830187	-0.557486	0	None	None
ChainingRodShaped	8184	4.20393	0.5	58.0082	-24.4483	0	0.13937	-0.99024	0	None	None
ChainingRodShaped	8186	3.30507	0.5	9.3819	61.6759	0	-0.812514	-0.582941	0	None	None
ChainingRodShaped	8188	3.35376	0.5	65.433	12.9783	0	0.957642	0.287962	0	None	None
ChainingRodShaped	8190	3.33299	0.5	-56.7521	-10.4853	0	0.644315	-0.76476	0	None	None
ChainingRodShaped	8192	4.64504	0.5	29.7529	34.9649	0	0.39018	-0.920738	0	None	None
ChainingRodShaped	8194	4.10644	0.5	38.4681	20.4696	0	-0.382989	-0.923753	0	None	None
ChainingRodShaped	8196	3.65016	0.5	-2.65821	110.353	0	0.242561	-0.970136	0	None	None
ChainingRodShaped	8198	3.80682	0.5	9.37737	100.605	0	0.951257	0.308399	0	None	None
ChainingRodShaped	8200	3.37543	0.5	-0.362963	-54.5476	0	-0.32432	0.945947	0	None	None
ChainingRodShaped	8202	4.0295	0.5	0.16313	-29.4292	0	0.829571	-0.558401	0	None	None
ChainingRodShaped	8204	4.52961	0.5	-35.6009	-6.51731	0	0.796644	0.604449	0	None	None
ChainingRodShaped	8206	3.07201	0.5	-24.8785	62.7777	0	-0.108504	-0.994096	0	None	None
ChainingRodShaped	8208	3.09051	0.5	24.2212	-39.5248	0	-0.0410634	-0.999157	0	None	None
ChainingRodShaped	8210	3.75897	0.5	19.9099	14.9785	0	0.694049	-0.719928	0	None	None
ChainingRodShaped	8212	3.1353	0.5	-45.4911	56.711	0	0.823843	0.566818	0	None	None
ChainingRodShaped	8214	3.84465	0.5	46.2424	96.6868	0	0.999131	0.0416868	0	None	None
ChainingRodShaped	8216	3.35017	0.5	59.6296	46.783	0	-0.932652	-0.360777	0	None	None
ChainingRodShaped	8218	4.23184	0.5	29.1385	-45.4341	0	-0.345807	0.938306	0	None	None
ChainingRodShaped	8220	4.55144	0.5	-33.9599	7.07064	0	0.955624	0.29459	0	None	None
ChainingRodShaped	8222	4.06285	0.5	87.2817	49.2436	0	-0.936709	-0.35011	0	None	None
ChainingRodShaped	8224	4.21455	0.5	54.7402	10.1745	0	0.991913	-0.12692	0	None	None
ChainingRodShaped	8226	3.26129	0.5	-29.1034	56.6994	0	-0.180444	-0.983585	0	None	None
ChainingRodShaped	8228	3.81956	0.5	-13.5354	82.3709	0	0.955412	-0.295277	0	None	None
ChainingRodShaped	8230	4.5384	0.5	-11.2253	19.9743	0	0.750996	-0.660307	0	None	None
ChainingRodShaped	8232	3.86254	0.5	9.36676	-6.71134	0	-0.934933	0.354824	0	None	None
ChainingRodShaped	8234	2.9796	0.5	-5.2641	-44.4937	0	0.3313	0.943525	0	None	None
ChainingRodShaped	8236	4.15451	0.5	-58.5552	-6.12408	0	-0.946359	0.323116	0	None	None
ChainingRodShaped	8238	3.68146	0.5	57.7255	29.3026	0	-0.856828	0.515603	0	None	None
ChainingRodShaped	8240	3.61617	0.5	27.4027	98.4921	0	-0.070184	-0.997534	0	None	None
ChainingRodShaped	8242	3.63471	0.5	75.693	-20.2606	0	0.181301	0.983428	0	None	None
ChainingRodShaped	8244	4.29793	0.5	25.0957	92.5057	0	-0.148906	-0.988851	0	None	None
ChainingRodShaped	8246	3.38431	0.5	-3.13448	23.8586	0	0.582759	-0.812645	0	None	None
ChainingRodShaped	8248	4.18809	0.5	34.4609	-30.0032	0	0.991652	-0.128944	0	None	None
ChainingRodShaped	8250	3.65235	0.5	14.1934	-10.2861	0	-0.967077	-0.254484	0	None	None
ChainingRodShaped	8252	3.98514	0.5	-48.2793	2.12201	0	0.888169	0.459516	0	None	None
ChainingRodShaped	8254	3.11926	0.5	-68.5636	41.1092	0	0.875731	0.482799	0	None	None
ChainingRodShaped	8256	4.07642	0.5	50.5322	43.4111	0	-0.934308	-0.356468	0	None	None
ChainingRodShaped	8258	4.33475	0.5	72.8468	52.3593	0	-0.513915	-0.857841	0	None	None
ChainingRodShaped	8260	4.42205	0.5	-7.93939	61.5009	0	-0.904149	0.427218	0	None	None
ChainingRodShaped	8262	2.9901	0.5	23.2014	56.4608	0	0.74357	0.668658	0	None	None
ChainingRodShaped	8264	4.13247	0.5	-51.5221	53.822	0	-0.264778	0.96431	0	None	None
ChainingRodShaped	8266	4.2564	0.5	4.55738	-4.34245	0	0.762911	-0.646504	0	None	None
ChainingRodShaped	8268	3.99305	0.5	-20.7054	28.8059	0	0.999988	0.00492867	0	None	None
ChainingRodShaped	8270	4.11755	0.5	28.7925	-49.8175	0	0.693239	0.720708	0	None	None
ChainingRodShaped	8272	3.36233	0.5	77.5622	35.5871	0	-0.986068	-0.166343	0	None	None
ChainingRodShaped	8274	4.03686	0.5	83.2458	38.3844	0	-0.974327	-0.225137	0	None	None
ChainingRodShaped	8276	3.70833	0.5	49.4489	56.2327	0	0.94694	0.321411	0	None	None
ChainingRodShaped	8278	4.54158	0.5	5.11512	-28.2735	0	0.648185	-0.761483	0	None	None
ChainingRodShaped	8280	3.76327	0.5	-34.4654	54.0752	0	0.153964	0.988077	0	None	None
ChainingRodShaped	8282	4.22509	0.5	64.6642	16.3026	0	0.956733	0.290968	0	None	None
ChainingRodShaped	8284	4.57992	0.5	2.60637	61.5554	0	-0.922737	-0.38543	0	None	None
ChainingRodShaped	8286	3.02369	0.5	25.9297	92.104	0	-0.139016	-0.99029	0	None	None
ChainingRodShaped	8288	3.09606	0.5	-54.8012	61.0301	0	0.953658	0.300893	0	None	None
ChainingRodShaped	8290	4.1614	0.5	48.928	26.8197	0	0.88753	-0.460749	0	None	None
ChainingRodShaped	8292	4.38968	0.5	71.5468	73.079	0	0.866668	-0.498885	0	None	None
ChainingRodShaped	8294	3.27879	0.5	48.1674	16.9393	0	-0.970451	-0.241298	0	None	None
ChainingRodShaped	8296	4.51837	0.5	-8.52111	-52.3925	0	0.957858	-0.28724	0	None	None
ChainingRodShaped	8298	3.57242	0.5	29.0301	100.536	0	0.090442	-0.995902	0	None	None
ChainingRodShaped	8300	3.68947	0.5	-29.8832	56.7955	0	-0.170659	-0.98533	0	None	None
ChainingRodShaped	8302	3.3197	0.5	14.1016	59.3358	0	0.866438	0.499285	0	None	None
ChainingRodShaped	8304	3.46759	0.5	72.639	50.2494	0	-0.522464	-0.852661	0	None	None
ChainingRodShaped	8306	4.23489	0.5	29.8551	51.191	0	0.0765764	-0.997064	0	None	None
ChainingRodShaped	8308	4.39475	0.5	78.1491	-22.6272	0	-0.463127	-0.886292	0	None	None
ChainingRodShaped	8310	4.48204	0.5	90.8845	34.8256	0	0.987681	0.15648	0	None	None
ChainingRodShaped	8312	4.04923	0.5	-26.5916	61.9656	0	-0.128202	-0.991748	0	None	None
ChainingRodShaped	8314	2.98822	0.5	40.1017	27.3762	0	0.999792	0.0204189	0	None	None
ChainingRodShaped	8316	4.03994	0.5	-53.6361	52.066	0	-0.325078	0.945687	0	None	None
ChainingRodShaped	8318	3.05976	0.5	-18.5836	0.0879256	0	-0.523113	0.852263	0	None	None
ChainingRodShaped	8320	4.14396	0.5	29.1537	64.1996	0	0.866361	0.499418	0	None	None
ChainingRodShaped	8322	4.38624	0.5	-56.6719	30.2224	0	0.903487	0.428616	0	None	None
ChainingRodShaped	8324	4.44351	0.5	51.0111	51.5232	0	0.946461	0.322818	0	None	None
ChainingRodShaped	8326	3.22995	0.5	77.5233	52.8866	0	-0.496097	-0.868267	0	None	None
ChainingRodShaped	8328	3.65418	0.5	-26.3952	-0.0211059	0	0.530583	-0.847633	0	None	None
ChainingRodShaped	8330	3.42297	0.5	48.0523	47.7124	0	0.93189	0.362742	0	None	None
ChainingRodShaped	8332	4.47909	0.5	43.1542	-10.5516	0	-0.283581	-0.958948	0	None	None
ChainingRodShaped	8334	4.41249	0.5	6.16158	15.1472	0	0.990922	-0.134442	0	None	None
ChainingRodShaped	8336	3.60236	0.5	78.7382	53.2694	0	-0.487357	-0.873203	0	None	None
ChainingRodShaped	8338	4.40786	0.5	6.24276	-36.179	0	-0.965628	0.259929	0	None	None
ChainingRodShaped	8340	3.59089	0.5	19.5382	61.2286	0	0.784211	0.620494	0	None	None
ChainingRodShaped	8342	3.76074	0.5	40.8504	64.0321	0	0.263983	-0.964527	0	None	None
ChainingRodShaped	8344	3.98132	0.5	51.5765	-13.505	0	0.483392	0.875404	0	None	None
ChainingRodShaped	8346	3.6999	0.5	-1.2026	12.3468	0	0.923935	-0.382549	0	None	None
ChainingRodShaped	8348	4.50711	0.5	-37.9187	68.1565	0	0.624411	0.781096	0	None	None
ChainingRodShaped	8350	2.86156	0.5	-27.1857	-36.5685	0	-0.844995	-0.534775	0	None	None
ChainingRodShaped	8352	3.21121	0.5	27.8088	59.5877	0	0.522842	0.85243	0	None	None
ChainingRodShaped	8354	2.93512	0.5	10.294	-32.0537	0	0.183097	-0.983095	0	None	None
ChainingRodShaped	8356	3.50032	0.5	49.0054	-2.12734	0	-0.338213	-0.94107	0	None	None
ChainingRodShaped	8358	3.94388	0.5	-17.3563	63.8307	0	-0.12662	-0.991951	0	None	None
ChainingRodShaped	8360	4.18538	0.5	78.4376	58.3608	0	0.0823576	-0.996603	0	None	None
ChainingRodShaped	8362	3.4762	0.5	86.5865	5.42867	0	-0.633316	-0.773894	0	None	None
ChainingRodShaped	8364	4.01982	0.5	-50.0059	-18.8329	0	0.831331	-0.555777	0	None	None
ChainingRodShaped	8366	3.21329	0.5	13.7334	32.9422	0	0.252753	0.967531	0	None	None
ChainingRodShaped	8368	4.33379	0.5	-40.0335	-3.41374	0	-0.816025	-0.578016	0	None	None
ChainingRodShaped	8370	3.69789	0.5	11.8756	17.2645	0	0.99486	-0.101264	0	None	None
ChainingRodShaped	8372	3.73571	0.5	-24.3919	76.7222	0	0.993952	0.10982	0	None	None
ChainingRodShaped	8374	2.90624	0.5	54.8053	-7.67829	0	0.838943	0.54422	0	None	None
ChainingRodShaped	8376	3.77124	0.5	5.35985	75.5972	0	0.492481	-0.870323	0	None	None
ChainingRodShaped	8378	3.64633	0.5	-47.9032	29.4377	0	-0.757384	-0.65297	0	None	None
ChainingRodShaped	8380	4.37128	0.5	84.1129	56.1034	0	0.11347	-0.993541	0	None	None
ChainingRodShaped	8382	3.84967	0.5	-19.2444	67.5706	0	-0.153211	-0.988194	0	None	None
ChainingRodShaped	8384	3.63847	0.5	-60.518	-8.42034	0	0.955569	-0.294767	0	None	None
ChainingRodShaped	8386	4.31567	0.5	29.1024	8.05662	0	-0.731554	-0.681784	0	None	None
ChainingRodShaped	8388	3.67772	0.5	20.1916	60.8418	0	0.777865	0.628432	0	None	None
ChainingRodShaped	8390	3.92874	0.5	47.341	-30.5903	0	0.753044	0.65797	0	None	None
ChainingRodShaped	8392	3.4415	0.5	36.6531	4.38679	0	-0.497985	-0.867186	0	None	None
ChainingRodShaped	8394	3.69181	0.5	-48.0591	-23.8663	0	-0.260896	0.965367	0	None	None
ChainingRodShaped	8396	3.69184	0.5	67.9006	-27.7014	0	-0.0122109	0.999925	0	None	None
ChainingRodShaped	8398	2.99269	0.5	88.6961	38.262	0	0.990454	0.137842	0	None	None
ChainingRodShaped	8400	4.5184	0.5	-14.7598	91.7881	0	0.290484	-0.95688	0	None	None
ChainingRodShaped	8402	4.03736	0.5	-21.2969	99.1678	0	0.850339	-0.526236	0	None	None
ChainingRodShaped	8404	3.01311	0.5	-38.3595	6.73717	0	0.270454	0.962733	0	None	None
ChainingRodShaped	8406	3.5178	0.5	-18.5191	66.9307	0	-0.146441	-0.989219	0	None	None
ChainingRodShaped	8408	3.84619	0.5	-45.3555	94.1622	0	0.714437	0.699699	0	None	None
ChainingRodShaped	8410	3.79557	0.5	-66.4517	-0.130422	0	-0.9864	-0.164361	0	None	None
ChainingRodShaped	8412	3.43636	0.5	45.721	-25.1327	0	0.700754	0.713403	0	None	None
ChainingRodShaped	8414	3.97892	0.5	73.8339	-9.23525	0	0.115382	-0.993321	0	None	None
ChainingRodShaped	8416	4.13638	0.5	-11.5583	-20.0673	0	-0.889698	0.456549	0	None	None
ChainingRodShaped	8418	3.13144	0.5	-37.8381	22.365	0	0.872281	0.489006	0	None	None
ChainingRodShaped	8420	4.42141	0.5	-4.11324	5.83262	0	0.998446	-0.0557239	0	None	None
ChainingRodShaped	8422	3.46262	0.5	-17.4261	17.8557	0	0.718795	-0.695222	0	None	None
ChainingRodShaped	8424	4.28785	0.5	33.9065	68.0027	0	0.850943	0.525258	0	None	None
ChainingRodShaped	8426	3.82315	0.5	-9.70838	-22.2927	0	0.780628	-0.624996	0	None	None
ChainingRodShaped	8428	4.49497	0.5	7.0956	13.4015	0	0.993357	-0.115074	0	None	None
ChainingRodShaped	8430	3.10883	0.5	-24.4211	89.0524	0	-0.345352	0.938473	0	None	None
ChainingRodShaped	8432	2.87972	0.5	-44.3303	22.6607	0	0.8761	-0.48213	0	None	None
ChainingRodShaped	8434	3.10397	0.5	22.2214	-28.3216	0	-0.911211	-0.411941	0	None	None
ChainingRodShaped	8436	3.88837	0.5	-12.7169	59.1635	0	0.954124	-0.299412	0	None	None
ChainingRodShaped	8438	3.91598	0.5	61.4481	-32.6519	0	-0.470178	0.882572	0	None	None
ChainingRodShaped	8440	3.54322	0.5	64.6858	57.3482	0	0.966142	0.258011	0	None	None
ChainingRodShaped	8442	3.2662	0.5	47.3366	52.066	0	0.952715	0.303866	0	None	None
ChainingRodShaped	8444	3.8062	0.5	-19.4466	91.7457	0	0.214853	-0.976646	0	None	None
ChainingRodShaped	8446	3.1324	0.5	72.3585	53.2469	0	-0.52248	-0.852651	0	None	None
ChainingRodShaped	8448	3.65057	0.5	81.5409	33.4962	0	0.98805	0.154135	0	None	None
ChainingRodShaped	8450	3.98137	0.5	33.4168	86.2993	0	0.594376	0.804187	0	None	None
ChainingRodShaped	8452	4.08964	0.5	-9.13526	-38.085	0	-0.113727	-0.993512	0	None	None
ChainingRodShaped	8454	3.49397	0.5	-14.8039	5.21207	0	0.949698	-0.313167	0	None	None
ChainingRodShaped	8456	3.49742	0.5	39.8203	-35.2208	0	0.877573	0.479444	0	None	None
ChainingRodShaped	8458	4.26227	0.5	63.1446	-14.2885	0	0.401662	-0.915788	0	None	None
ChainingRodShaped	8460	3.96602	0.5	-12.1474	-2.81645	0	-0.869373	-0.494156	0	None	None
ChainingRodShaped	8462	3.09403	0.5	12.9072	72.1587	0	0.975156	0.221518	0	None	None
ChainingRodShaped	8464	2.99528	0.5	-40.544	44.925	0	0.76188	0.647718	0	None	None
ChainingRodShaped	8466	4.40293	0.5	-21.4704	-10.3625	0	0.346544	-0.938034	0	None	None
ChainingRodShaped	8468	3.36606	0.5	79.4397	-19.3751	0	-0.993175	-0.11663	0	None	None
ChainingRodShaped	8470	3.30353	0.5	46.1827	66.6148	0	-0.0532992	-0.998579	0	None	None
ChainingRodShaped	8472	4.33443	0.5	-0.663282	74.6379	0	0.708111	-0.706101	0	None	None
ChainingRodShaped	8474	4.16772	0.5	9.56546	50.0877	0	0.985182	0.171514	0	None	None
ChainingRodShaped	8476	3.14996	0.5	-49.1847	-15.9732	0	0.828352	-0.560208	0	None	None
ChainingRodShaped	8478	4.13352	0.5	-4.65025	36.5119	0	-0.986482	0.163868	0	None	None
ChainingRodShaped	8480	4.03878	0.5	-22.7954	-40.5352	0	0.845947	0.533268	0	None	None
ChainingRodShaped	8482	2.97451	0.5	-22.2387	81.6787	0	-0.398113	0.917336	0	None	None
ChainingRodShaped	8484	4.21324	0.5	8.21305	68.0689	0	0.659203	-0.751965	0	None	None
ChainingRodShaped	8486	4.28104	0.5	47.9662	-33.5385	0	0.76914	0.63908	0	None	None
ChainingRodShaped	8488	4.35497	0.5	4.64942	47.1437	0	0.999832	-0.0183084	0	None	None
ChainingRodShaped	8490	3.03401	0.5	-34.7592	84.1119	0	0.663646	0.748047	0	None	None
ChainingRodShaped	8492	3.25637	0.5	59.9359	56.5851	0	0.183187	0.983078	0	None	None
ChainingRodShaped	8494	2.99512	0.5	73.6832	-17.6958	0	-0.944242	0.329253	0	None	None
ChainingRodShaped	8496	3.38209	0.5	29.34	79.2068	0	0.844256	0.535941	0	None	None
ChainingRodShaped	8498	3.90864	0.5	-12.8518	-43.3407	0	-0.975992	0.217804	0	None	None
ChainingRodShaped	8500	3.759	0.5	-8.71601	44.2398	0	0.812852	-0.58247	0	None	None
ChainingRodShaped	8502	2.8431	0.5	-47.8344	31.8071	0	-0.82487	-0.565323	0	None	None
ChainingRodShaped	8504	3.13137	0.5	-37.7436	42.9525	0	0.774691	0.63234	0	None	None
ChainingRodShaped	8506	3.65426	0.5	27.0808	-32.5833	0	0.999826	-0.0186711	0	None	None
ChainingRodShaped	8508	4.00522	0.5	56.3175	34.8598	0	0.858446	-0.512905	0	None	None
ChainingRodShaped	8510	3.83313	0.5	32.7456	-53.8865	0	0.848979	0.528426	0	None	None
ChainingRodShaped	8512	3.54316	0.5	-63.5308	26.8334	0	0.25999	0.965611	0	None	None
ChainingRodShaped	8514	3.15293	0.5	-28.4503	60.7197	0	0.150535	0.988605	0	None	None
ChainingRodShaped	8516	4.18208	0.5	15.6388	5.02615	0	-0.284729	-0.958608	0	None	None
ChainingRodShaped	8518	3.12091	0.5	-4.97549	-3.07233	0	-0.880287	-0.474442	0	None	None
ChainingRodShaped	8520	3.25121	0.5	27.9032	-2.91938	0	0.790751	-0.612138	0	None	None
ChainingRodShaped	8522	3.03479	0.5	-4.93106	28.2182	0	0.451435	-0.892304	0	None	None
ChainingRodShaped	8524	3.79858	0.5	-57.624	49.7311	0	0.965519	-0.260334	0	None	None
ChainingRodShaped	8526	4.2731	0.5	-58.1156	-13.977	0	0.859962	-0.510358	0	None	None
ChainingRodShaped	8528	3.54557	0.5	63.6156	27.3965	0	0.780588	-0.625046	0	None	None
ChainingRodShaped	8530	3.54556	0.5	-61.5983	41.4701	0	-0.906191	-0.422868	0	None	None
ChainingRodShaped	8532	4.18889	0.5	-0.793266	106.644	0	0.308048	0.951371	0	None	None
ChainingRodShaped	8534	3.73806	0.5	36.7327	65.6817	0	0.261438	-0.96522	0	None	None
ChainingRodShaped	8536	4.26616	0.5	-8.16064	-25.6334	0	0.792951	-0.609286	0	None	None
ChainingRodShaped	8538	3.38006	0.5	12.977	-32.9289	0	0.170727	-0.985318	0	None	None
ChainingRodShaped	8540	4.24318	0.5	80.3126	15.3997	0	-0.627377	0.778716	0	None	None
ChainingRodShaped	8542	3.55493	0.5	-28.1867	52.7087	0	-0.137033	-0.990566	0	None	None
ChainingRodShaped	8544	4.00984	0.5	21.738	-5.85306	0	0.784788	-0.619764	0	None	None
ChainingRodShaped	8546	3.02061	0.5	-1.66235	55.3644	0	0.997419	-0.0718052	0	None	None
ChainingRodShaped	8548	3.88367	0.5	67.2296	-3.6822	0	-0.0913794	0.995816	0	None	None
ChainingRodShaped	8550	3.54202	0.5	-69.1064	29.6762	0	0.478625	-0.878019	0	None	None
ChainingRodShaped	8552	4.24023	0.5	26.1179	19.6079	0	0.0195007	0.99981	0	None	None
ChainingRodShaped	8554	3.86712	0.5	36.8252	15.6782	0	-0.649899	-0.760021	0	None	None
ChainingRodShaped	8556	2.92386	0.5	39.1813	93.8227	0	0.716799	0.697279	0	None	None
ChainingRodShaped	8558	3.24162	0.5	-53.0492	42.3749	0	0.922402	0.386232	0	None	None
ChainingRodShaped	8560	3.18563	0.5	77.4115	-21.9308	0	-0.460268	-0.88778	0	None	None
ChainingRodShaped	8562	3.30466	0.5	4.46274	112.299	0	0.964724	-0.263265	0	None	None
ChainingRodShaped	8564	3.53708	0.5	33.7751	-20.6463	0	-0.879732	-0.47547	0	None	None
ChainingRodShaped	8566	4.12913	0.5	-42.0326	53.9985	0	-0.977356	-0.211603	0	None	None
ChainingRodShaped	8568	4.09889	0.5	69.2481	20.1375	0	0.738722	-0.674011	0	None	None
ChainingRodShaped	8570	3.36131	0.5	44.0031	-16.7862	0	-0.398243	-0.91728	0	None	None
ChainingRodShaped	8572	2.80796	0.5	7.45883	-51.2992	0	0.783721	-0.621113	0	None	None
ChainingRodShaped	8574	2.99571	0.5	23.0959	-6.02114	0	0.778487	-0.627661	0	None	None
ChainingRodShaped	8576	3.13573	0.5	62.0005	-0.138081	0	-0.984548	-0.175113	0	None	None
ChainingRodShaped	8578	3.08626	0.5	18.5675	-21.8084	0	-0.88522	0.465172	0	None	None
ChainingRodShaped	8580	3.86123	0.5	-62.1821	65.6424	0	0.917594	0.397519	0	None	None
ChainingRodShaped	8582	3.09072	0.5	52.5536	65.4023	0	-0.824696	-0.565576	0	None	None
ChainingRodShaped	8584	3.96351	0.5	0.910785	-49.3983	0	-0.325449	0.94556	0	None	None
ChainingRodShaped	8586	4.26301	0.5	63.5968	39.0494	0	-0.954694	-0.29759	0	None	None
ChainingRodShaped	8588	3.88286	0.5	40.1526	93.5482	0	0.709756	0.704447	0	None	None
ChainingRodShaped	8590	3.24604	0.5	48.4038	44.3626	0	0.934324	0.356426	0	None	None
ChainingRodShaped	8592	3.77977	0.5	-35.0996	85.0807	0	0.656126	0.754651	0	None	None
ChainingRodShaped	8594	4.04395	0.5	-40.6904	78.8019	0	0.63199	0.774976	0	None	None
ChainingRodShaped	8596	3.04656	0.5	70.0383	61.941	0	0.473963	-0.880545	0	None	None
ChainingRodShaped	8598	3.73005	0.5	91.8629	19.0498	0	-0.245992	-0.969272	0	None	None
ChainingRodShaped	8600	3.78001	0.5	33.5622	85.1193	0	0.59281	0.805342	0	None	None
ChainingRodShaped	8602	3.14979	0.5	39.0448	103.031	0	0.962211	0.272303	0	None	None
ChainingRodShaped	8604	3.59345	0.5	56.2037	50.8601	0	0.923368	0.383916	0	None	None
ChainingRodShaped	8606	4.25438	0.5	-21.9279	36.0176	0	-0.996428	-0.0844426	0	None	None
ChainingRodShaped	8608	2.93996	0.5	17.19	50.8337	0	0.644744	0.764399	0	None	None
ChainingRodShaped	8610	3.12788	0.5	53.2126	4.34094	0	-0.968295	-0.249811	0	None	None
ChainingRodShaped	8612	2.92404	0.5	13.9979	84.6238	0	-0.548033	-0.836457	0	None	None
ChainingRodShaped	8614	2.96156	0.5	41.2998	-11.1009	0	-0.26443	-0.964405	0	None	None
ChainingRodShaped	8616	3.75645	0.5	-5.20626	-15.4081	0	0.590395	-0.807114	0	None	None
ChainingRodShaped	8618	4.03979	0.5	-31.7923	74.9342	0	0.888987	0.457933	0	None	None
ChainingRodShaped	8620	3.71247	0.5	20.6882	-51.7369	0	0.998057	-0.0623082	0	None	None
ChainingRodShaped	8622	2.83323	0.5	-4.06309	0.922288	0	-0.875524	-0.483175	0	None	None
ChainingRodShaped	8624	4.3072	0.5	25.705	66.9911	0	0.848598	0.529038	0	None	None
ChainingRodShaped	8626	3.71304	0.5	33.4462	93.1187	0	0.683113	0.730313	0	None	None
ChainingRodShaped	8628	3.80921	0.5	-34.8016	7.6048	0	0.95853	0.284993	0	None	None
ChainingRodShaped	8630	3.27733	0.5	47.2141	86.907	0	0.135249	-0.990812	0	None	None
ChainingRodShaped	8632	4.30341	0.5	36.1673	22.7371	0	0.963441	-0.26792	0	None	None
ChainingRodShaped	8634	4.18294	0.5	2.08366	-13.5624	0	-0.432876	0.901453	0	None	None
ChainingRodShaped	8636	3.62926	0.5	-48.9211	-6.21574	0	-0.957486	0.28848	0	None	None
ChainingRodShaped	8638	4.09754	0.5	79.385	65.8662	0	0.291413	-0.956597	0	None	None
ChainingRodShaped	8640	4.13895	0.5	-53.0352	-11.2403	0	0.854758	-0.519027	0	None	None
ChainingRodShaped	8642	4.19634	0.5	57.1825	80.8522	0	0.47405	0.880498	0	None	None
ChainingRodShaped	8644	3.00651	0.5	-20.43	70.405	0	-0.172867	-0.984945	0	None	None
ChainingRodShaped	8646	3.32985	0.5	9.28328	82.497	0	-0.700832	-0.713326	0	None	None
ChainingRodShaped	8648	3.52901	0.5	14.5104	12.2639	0	0.708809	-0.705401	0	None	None
ChainingRodShaped	8650	3.82633	0.5	56.8301	85.5805	0	0.501656	0.865067	0	None	None
ChainingRodShaped	8652	3.18446	0.5	43.5031	36.2612	0	0.881865	0.471502	0	None	None
ChainingRodShaped	8654	3.90899	0.5	59.077	56.2954	0	0.173381	0.984855	0	None	None
ChainingRodShaped	8656	2.90234	0.5	-59.2584	17.0342	0	-0.647961	0.761674	0	None	None
ChainingRodShaped	8658	3.4007	0.5	19.766	-25.2089	0	-0.885426	0.46478	0	None	None
ChainingRodShaped	8660	3.60191	0.5	53.2254	81.5031	0	0.0712601	-0.997458	0	None	None
ChainingRodShaped	8662	3.70446	0.5	49.7562	19.0302	0	-0.991296	-0.131652	0	None	None
ChainingRodShaped	8664	3.71591	0.5	0.645962	22.9452	0	0.0870221	-0.996206	0	None	None
ChainingRodShaped	8666	3.70461	0.5	-51.2012	65.6794	0	0.6659	0.746041	0	None	None
ChainingRodShaped	8668	3.042	0.5	-15.413	106.306	0	0.99208	-0.125608	0	None	None
ChainingRodShaped	8670	4.1228	0.5	-36.7994	-24.4743	0	0.710488	0.703709	0	None	None
ChainingRodShaped	8672	2.76533	0.5	-30.1887	-12.877	0	0.581645	-0.813442	0	None	None
ChainingRodShaped	8674	2.82302	0.5	-1.83062	-10.7779	0	0.441932	-0.897048	0	None	None
ChainingRodShaped	8676	3.8264	0.5	27.278	-0.357016	0	0.788094	-0.615555	0	None	None
ChainingRodShaped	8678	3.5162	0.5	11.1271	6.63032	0	0.317537	-0.948246	0	None	None
ChainingRodShaped	8680	3.70668	0.5	68.8783	-28.8153	0	0.016702	-0.999861	0	None	None
ChainingRodShaped	8682	4.04662	0.5	-5.68193	49.9677	0	0.808801	-0.588083	0	None	None
ChainingRodShaped	8684	3.25356	0.5	16.3361	-49.0565	0	0.972104	0.234551	0	None	None
ChainingRodShaped	8686	3.70509	0.5	-5.78466	74.0424	0	0.672994	-0.739648	0	None	None
ChainingRodShaped	8688	4.16273	0.5	-13.1108	88.9336	0	0.222745	-0.974877	0	None	None
ChainingRodShaped	8690	3.56346	0.5	57.1465	52.5068	0	0.840865	0.541244	0	None	None
ChainingRodShaped	8692	3.69915	0.5	-43.5652	62.2394	0	0.621746	0.783219	0	None	None
ChainingRodShaped	8694	3.24178	0.5	59.696	45.9383	0	-0.936216	-0.351424	0	None	None
ChainingRodShaped	8696	3.46272	0.5	77.7472	-14.8303	0	0.875823	-0.482632	0	None	None
ChainingRodShaped	8698	3.19499	0.5	-3.38388	74.9752	0	0.694748	-0.719254	0	None	None
ChainingRodShaped	8700	3.34934	0.5	25.9861	66.2567	0	0.843303	0.537439	0	None	None
ChainingRodShaped	8702	3.51947	0.5	55.2204	-23.5053	0	0.121416	-0.992602	0	None	None
ChainingRodShaped	8704	4.07487	0.5	-52.5796	21.5323	0	0.641877	-0.766808	0	None	None
ChainingRodShaped	8706	2.97404	0.5	32.4066	12.7544	0	-0.627493	-0.778623	0	None	None
ChainingRodShaped	8708	3.89015	0.5	11.4089	51.2453	0	0.98366	0.180037	0	None	None
ChainingRodShaped	8710	3.79773	0.5	46.5176	-30.1845	0	0.753938	0.656945	0	None	None
ChainingRodShaped	8712	3.68425	0.5	60.2294	21.4105	0	0.851929	-0.523657	0	None	None
ChainingRodShaped	8714	3.30877	0.5	19.6475	45.0925	0	0.653412	0.757003	0	None	None
ChainingRodShaped	8716	3.07485	0.5	0.724964	-28.8074	0	0.835102	-0.550095	0	None	None
ChainingRodShaped	8718	3.70992	0.5	31.0895	81.5275	0	0.803365	0.595488	0	None	None
ChainingRodShaped	8720	3.38864	0.5	27.1089	-26.2406	0	-0.929348	-0.369206	0	None	None
ChainingRodShaped	8722	4.0697	0.5	-55.3353	-0.74722	0	0.864641	-0.502391	0	None	None
ChainingRodShaped	8724	3.09378	0.5	19.1379	81.4918	0	-0.996071	-0.0885575	0	None	None
ChainingRodShaped	8726	3.92048	0.5	19.9885	79.0203	0	0.979787	0.200044	0	None	None
ChainingRodShaped	8728	3.61659	0.5	-31.1374	41.1623	0	-0.935472	-0.3534	0	None	None
ChainingRodShaped	8730	3.41707	0.5	-15.1598	-36.952	0	-0.0934752	-0.995622	0	None	None
ChainingRodShaped	8732	3.27711	0.5	-23.9058	49.9267	0	0.859893	-0.510474	0	None	None
ChainingRodShaped	8734	3.70007	0.5	-57.3554	69.8908	0	0.496906	0.867804	0	None	None
ChainingRodShaped	8736	3.94632	0.5	79.5576	29.635	0	0.984383	0.17604	0	None	None
ChainingRodShaped	8738	3.04034	0.5	36.2187	37.6996	0	0.923571	-0.383426	0	None	None
ChainingRodShaped	8740	4.0446	0.5	48.986	-13.0172	0	0.465031	0.885294	0	None	None
ChainingRodShaped	8742	3.92979	0.5	10.8986	15.3255	0	0.995057	-0.0993087	0	None	None
ChainingRodShaped	8744	3.0991	0.5	-46.8367	40.4332	0	0.868248	0.49613	0	None	None
ChainingRodShaped	8746	4.21688	0.5	-32.2554	-27.9881	0	0.790363	-0.612639	0	None	None
ChainingRodShaped	8748	3.46695	0.5	-48.9278	34.0811	0	0.841433	0.540361	0	None	None
ChainingRodShaped	8750	3.34786	0.5	-23.1695	106.879	0	0.867868	-0.496795	0	None	None
ChainingRodShaped	8752	2.98542	0.5	60.5431	67.7433	0	-0.0564286	0.998407	0	None	None
ChainingRodShaped	8754	3.01967	0.5	4.48111	41.0387	0	0.836984	-0.547227	0	None	None
ChainingRodShaped	8756	3.85114	0.5	74.8239	42.6382	0	-0.608525	-0.793535	0	None	None
ChainingRodShaped	8758	3.84603	0.5	-32.944	18.1812	0	0.989164	0.146813	0	None	None
ChainingRodShaped	8760	2.99639	0.5	10.6171	66.6384	0	0.651674	-0.758499	0	None	None
ChainingRodShaped	8762	3.17041	0.5	-3.5271	99.542	0	0.337145	-0.941453	0	None	None
ChainingRodShaped	8764	4.13178	0.5	24.6195	-34.159	0	0.999999	0.00138134	0	None	None
ChainingRodShaped	8766	3.08663	0.5	10.9412	95.3722	0	-0.0924011	-0.995722	0	None	None
ChainingRodShaped	8768	3.51058	0.5	-46.9929	17.0984	0	0.592796	-0.805353	0	None	None
ChainingRodShaped	8770	2.79076	0.5	22.0284	-29.3122	0	-0.907034	-0.421058	0	None	None
ChainingRodShaped	8772	3.68339	0.5	78.1899	33.9055	0	0.986459	0.164007	0	None	None
ChainingRodShaped	8774	3.96333	0.5	-7.60861	-40.1764	0	-0.227384	-0.973805	0	None	None
ChainingRodShaped	8776	2.90245	0.5	-23.483	32.9822	0	0.993252	0.115977	0	None	None
ChainingRodShaped	8778	4.13315	0.5	-59.15	11.8411	0	-0.754986	0.655741	0	None	None
ChainingRodShaped	8780	3.14125	0.5	4.32508	2.22711	0	0.655394	-0.755287	0	None	None
ChainingRodShaped	8782	3.87378	0.5	-39.3745	-19.4217	0	-0.717423	-0.696638	0	None	None
ChainingRodShaped	8784	2.89264	0.5	-3.82261	29.4794	0	0.447614	-0.894227	0	None	None
ChainingRodShaped	8786	3.48019	0.5	41.7445	82.0633	0	-0.750013	-0.661423	0	None	None
ChainingRodShaped	8788	3.60082	0.5	52.0841	14.7258	0	-0.975211	-0.221275	0	None	None
ChainingRodShaped	8790	3.64736	0.5	-31.788	68.6465	0	0.902417	0.430864	0	None	None
ChainingRodShaped	8792	4.06764	0.5	77.3839	19.7083	0	-0.20034	0.979726	0	None	None
ChainingRodShaped	8794	3.38658	0.5	8.80558	90.7746	0	-0.089659	-0.995973	0	None	None
ChainingRodShaped	8796	3.72891	0.5	17.1306	0.180198	0	0.751603	-0.659615	0	None	None
ChainingRodShaped	8798	4.11545	0.5	-27.742	18.0857	0	0.493592	0.869694	0	None	None
ChainingRodShaped	8800	3.01152	0.5	-25.899	30.4949	0	0.996303	0.085913	0	None	None
ChainingRodShaped	8802	3.68878	0.5	-2.42218	91.8429	0	0.897683	0.440642	0	None	None
ChainingRodShaped	8804	3.78431	0.5	74.7628	76.524	0	0.687465	0.726217	0	None	None
ChainingRodShaped	8806	4.07817	0.5	-17.1113	42.367	0	0.938015	-0.346594	0	None	None
ChainingRodShaped	8808	3.19516	0.5	-50.5584	57.6584	0	0.999218	0.0395338	0	None	None
ChainingRodShaped	8810	3.0614	0.5	35.3816	51.3005	0	0.0638609	-0.997959	0	None	None
ChainingRodShaped	8812	3.88881	0.5	51.2369	92.3068	0	-7.88216e-05	-1	0	None	None
ChainingRodShaped	8814	3.04782	0.5	42.1479	-11.1001	0	-0.273983	-0.961734	0	None	None
ChainingRodShaped	8816	3.1608	0.5	70.6901	56.3707	0	-0.782156	-0.623083	0	None	None
ChainingRodShaped	8818	4.03997	0.5	58.2044	90.1812	0	0.728531	0.685013	0	None	None
ChainingRodShaped	8820	3.66248	0.5	17.2211	-22.8753	0	-0.885579	0.464489	0	None	None
ChainingRodShaped	8822	3.73243	0.5	-17.7499	100.639	0	0.974588	-0.224004	0	None	None
ChainingRodShaped	8824	3.80214	0.5	19.5297	14.3115	0	0.686827	-0.726821	0	None	None
ChainingRodShaped	8826	4.11233	0.5	11.234	-32.496	0	0.190137	-0.981758	0	None	None
ChainingRodShaped	8828	3.25393	0.5	-8.43183	38.0137	0	0.948342	0.317251	0	None	None
ChainingRodShaped	8830	4.09031	0.5	8.04239	38.0193	0	0.791858	-0.610705	0	None	None
ChainingRodShaped	8832	3.73172	0.5	-64.2073	3.30745	0	0.925485	-0.378783	0	None	None
ChainingRodShaped	8834	3.41461	0.5	3.74217	51.3973	0	0.985521	0.169553	0	None	None
ChainingRodShaped	8836	2.81158	0.5	-48.3371	30.2342	0	-0.763881	-0.645357	0	None	None
ChainingRodShaped	8838	3.60358	0.5	49.6947	42.3514	0	0.918411	0.395628	0	None	None
ChainingRodShaped	8840	3.3374	0.5	40.3269	76.7407	0	0.150551	-0.988602	0	None	None
ChainingRodShaped	8842	2.7227	0.5	-49.3365	85.767	0	-0.981879	-0.189507	0	None	None
ChainingRodShaped	8844	3.53609	0.5	1.15014	-52.952	0	-0.334892	0.942257	0	None	None
ChainingRodShaped	8846	3.8743	0.5	58.8335	-9.51368	0	0.293373	-0.955998	0	None	None
ChainingRodShaped	8848	3.14628	0.5	-64.0999	-6.7892	0	-0.992241	0.12433	0	None	None
ChainingRodShaped	8850	3.59048	0.5	24.2571	61.0942	0	0.506001	0.862533	0	None	None
ChainingRodShaped	8852	2.75018	0.5	32.1168	28.3432	0	0.807371	-0.590045	0	None	None
ChainingRodShaped	8854	2.90679	0.5	-18.4474	54.0266	0	0.85199	-0.523558	0	None	None
ChainingRodShaped	8856	3.09577	0.5	64.8363	1.41256	0	-0.957062	-0.289884	0	None	None
ChainingRodShaped	8858	2.87366	0.5	-72.2869	42.3552	0	0.87732	0.479906	0	None	None
ChainingRodShaped	8860	3.4317	0.5	10.2968	110.764	0	0.938398	0.345556	0	None	None
ChainingRodShaped	8862	2.8232	0.5	61.9536	65.0033	0	-0.309625	0.950859	0	None	None
ChainingRodShaped	8864	3.14612	0.5	-40.9475	75.6773	0	0.647434	0.762122	0	None	None
ChainingRodShaped	8866	3.06389	0.5	34.1093	63.4595	0	0.280594	-0.959827	0	None	None
ChainingRodShaped	8868	3.52003	0.5	9.54324	42.9739	0	0.775709	0.631091	0	None	None
ChainingRodShaped	8870	3.13969	0.5	-17.3536	19.9977	0	0.740753	-0.671777	0	None	None
ChainingRodShaped	8872	3.02284	0.5	54.2797	-2.8999	0	-0.856317	-0.516451	0	None	None
ChainingRodShaped	8874	3.85886	0.5	-34.5038	19.6404	0	0.993252	0.115975	0	None	None
ChainingRodShaped	8876	3.05242	0.5	67.9889	79.9388	0	0.75577	-0.654837	0	None	None
ChainingRodShaped	8878	4.02381	0.5	-23.1596	47.7186	0	0.855769	-0.517358	0	None	None
ChainingRodShaped	8880	3.05349	0.5	29.8986	101.571	0	0.0804795	-0.996756	0	None	None
ChainingRodShaped	8882	3.80455	0.5	-53.5146	78.4159	0	0.733196	0.680017	0	None	None
ChainingRodShaped	8884	4.10586	0.5	-7.50946	-53.8381	0	0.939561	-0.342381	0	None	None
ChainingRodShaped	8886	4.05803	0.5	86.6692	22.1619	0	0.466559	-0.88449	0	None	None
ChainingRodShaped	8888	3.06593	0.5	15.7616	38.6363	0	-0.0141639	0.9999	0	None	None
ChainingRodShaped	8890	3.71958	0.5	61.7747	-0.997339	0	-0.98276	-0.184885	0	None	None
ChainingRodShaped	8892	2.8182	0.5	35.3151	1.18281	0	0.789826	-0.613331	0	None	None
ChainingRodShaped	8894	3.69068	0.5	-44.9695	49.9915	0	-0.978137	-0.20796	0	None	None
ChainingRodShaped	8896	3.5959	0.5	-9.6009	43.9436	0	0.810994	-0.585054	0	None	None
ChainingRodShaped	8898	3.94203	0.5	-45.6488	0.751879	0	0.973202	0.22995	0	None	None
ChainingRodShaped	8900	3.88274	0.5	-16.7253	-34.6398	0	0.615699	0.787981	0	None	None
ChainingRodShaped	8902	3.73714	0.5	86.4955	66.0724	0	-0.398913	0.916989	0	None	None
ChainingRodShaped	8904	3.30801	0.5	-63.3041	9.01044	0	-0.892281	0.451481	0	None	None
ChainingRodShaped	8906	3.05259	0.5	-28.7314	23.845	0	0.97828	0.20729	0	None	None
ChainingRodShaped	8908	3.30194	0.5	-52.5298	8.15796	0	0.129545	-0.991574	0	None	None
ChainingRodShaped	8910	3.2882	0.5	-71.8212	34.9205	0	0.764863	-0.644193	0	None	None
ChainingRodShaped	8912	3.12522	0.5	1.40944	-17.7521	0	0.563874	-0.825861	0	None	None
ChainingRodShaped	8914	3.43442	0.5	66.0683	61.4904	0	-0.342985	0.939341	0	None	None
ChainingRodShaped	8916	3.60672	0.5	46.4155	32.3549	0	0.952848	-0.303447	0	None	None
ChainingRodShaped	8918	4.06637	0.5	-44.2089	81.2387	0	0.3244	0.94592	0	None	None
ChainingRodShaped	8920	3.7061	0.5	41.1775	55.4915	0	-0.210342	-0.977628	0	None	None
ChainingRodShaped	8922	3.14237	0.5	27.8907	43.0231	0	0.168103	-0.985769	0	None	None
ChainingRodShaped	8924	3.89345	0.5	55.0443	9.38303	0	0.991594	-0.129391	0	None	None
ChainingRodShaped	8926	3.06245	0.5	60.2034	3.78704	0	-0.984865	-0.173325	0	None	None
ChainingRodShaped	8928	4.01686	0.5	32.2923	25.4591	0	0.799165	-0.601111	0	None	None
ChainingRodShaped	8930	3.69029	0.5	-20.5121	-24.4872	0	-0.898942	0.438067	0	None	None
ChainingRodShaped	8932	2.97034	0.5	2.60883	33.9451	0	-0.940958	-0.338523	0	None	None
ChainingRodShaped	8934	3.45281	0.5	-18.5459	6.10224	0	-0.504736	0.863274	0	None	None
ChainingRodShaped	8936	3.16598	0.5	3.80343	-0.0128964	0	-0.870677	0.491856	0	None	None
ChainingRodShaped	8938	3.14389	0.5	27.7511	53.3796	0	-0.661267	-0.750151	0	None	None
ChainingRodShaped	8940	2.99989	0.5	90.2072	39.4219	0	0.991783	0.127928	0	None	None
ChainingRodShaped	8942	3.04578	0.5	82.0248	48.3675	0	-0.81828	-0.57482	0	None	None
ChainingRodShaped	8944	2.80209	0.5	-19.6681	-1.25353	0	-0.538412	0.842682	0	None	None
ChainingRodShaped	8946	2.89131	0.5	48.202	-27.4946	0	0.73514	0.677915	0	None	None
ChainingRodShaped	8948	2.75702	0.5	62.3786	-17.0767	0	-0.392369	0.919808	0	None	None
ChainingRodShaped	8950	3.46018	0.5	6.15495	75.7878	0	0.483702	-0.875233	0	None	None
ChainingRodShaped	8952	3.94058	0.5	3.31086	-7.43984	0	-0.694513	0.71948	0	None	None
ChainingRodShaped	8954	3.585	0.5	4.11045	40.4271	0	0.842336	-0.538953	0	None	None
ChainingRodShaped	8956	3.06332	0.5	48.0187	-26.4974	0	0.728323	0.685234	0	None	None
ChainingRodShaped	8958	3.47765	0.5	33.8947	33.0988	0	0.408856	-0.912599	0	None	None
ChainingRodShaped	8960	3.80671	0.5	4.18379	37.0428	0	0.852338	-0.522991	0	None	None
ChainingRodShaped	8962	3.30152	0.5	8.32052	-30.7543	0	0.176444	-0.984311	0	None	None
ChainingRodShaped	8964	4.03874	0.5	-56.502	75.4382	0	-0.984786	0.173771	0	None	None
ChainingRodShaped	8966	3.26161	0.5	60.172	95.3118	0	0.151363	-0.988478	0	None	None
ChainingRodShaped	8968	3.22211	0.5	66.4957	14.2399	0	0.947591	0.319486	0	None	None
ChainingRodShaped	8970	3.07214	0.5	-23.5533	-30.4371	0	0.74019	0.672398	0	None	None
ChainingRodShaped	8972	2.8703	0.5	10.4731	109.279	0	0.999822	0.0188798	0	None	None
ChainingRodShaped	8974	3.8926	0.5	39.9452	-21.2628	0	-0.481317	-0.876547	0	None	None
ChainingRodShaped	8976	3.32675	0.5	-45.1095	-27.2337	0	-0.747149	-0.664656	0	None	None
ChainingRodShaped	8978	3.30237	0.5	41.4944	-2.74752	0	0.125036	-0.992152	0	None	None
ChainingRodShaped	8980	3.51696	0.5	-11.6851	47.0055	0	0.872231	-0.489095	0	None	None
ChainingRodShaped	8982	3.59035	0.5	45.5739	-6.4127	0	-0.388624	-0.921396	0	None	None
ChainingRodShaped	8984	2.6999	0.5	-29.0894	-45.9219	0	-0.583627	0.812022	0	None	None
ChainingRodShaped	8986	2.89795	0.5	54.1101	82.4388	0	0.0337321	-0.999431	0	None	None
ChainingRodShaped	8988	3.11257	0.5	-34.8167	-29.7594	0	0.678736	-0.734382	0	None	None
ChainingRodShaped	8990	3.27892	0.5	0.017804	27.1334	0	0.630697	-0.776029	0	None	None
ChainingRodShaped	8992	3.58481	0.5	-41.7386	37.8406	0	-0.758434	-0.65175	0	None	None
ChainingRodShaped	8994	3.39366	0.5	11.3274	69.6893	0	0.792989	-0.609237	0	None	None
ChainingRodShaped	8996	2.68206	0.5	-6.16467	89.0761	0	0.899178	0.437582	0	None	None
ChainingRodShaped	8998	2.97668	0.5	-6.4819	-16.3058	0	-0.597642	0.801763	0	None	None
ChainingRodShaped	9000	2.98429	0.5	59.6126	24.6994	0	0.867258	-0.497859	0	None	None
ChainingRodShaped	9002	3.55959	0.5	57.6602	18.9826	0	-0.995134	-0.0985331	0	None	None
ChainingRodShaped	9004	3.33612	0.5	67.8896	63.1558	0	-0.069867	0.997556	0	None	None
ChainingRodShaped	9006	3.2979	0.5	-57.5408	13.9791	0	0.981925	-0.189271	0	None	None
ChainingRodShaped	9008	3.85529	0.5	10.1335	42.5195	0	0.769329	0.638852	0	None	None
ChainingRodShaped	9010	3.39647	0.5	-17.4293	-46.3306	0	-0.98683	0.161763	0	None	None
ChainingRodShaped	9012	3.5698	0.5	22.8138	29.1842	0	-0.0605311	0.998166	0	None	None
ChainingRodShaped	9014	3.10595	0.5	-60.0815	35.1575	0	0.998818	-0.0485976	0	None	None
ChainingRodShaped	9016	2.83819	0.5	29.732	93.9582	0	-0.0801459	-0.996783	0	None	None
ChainingRodShaped	9018	3.11493	0.5	-41.4454	48.7768	0	0.752521	0.658569	0	None	None
ChainingRodShaped	9020	2.70896	0.5	65.5034	-5.21897	0	-0.307927	0.95141	0	None	None
ChainingRodShaped	9022	3.92719	0.5	10.5777	-24.8725	0	0.338307	-0.941036	0	None	None
ChainingRodShaped	9024	3.25806	0.5	-42.3624	-19.8156	0	0.717421	0.69664	0	None	None
ChainingRodShaped	9026	2.71761	0.5	-52.8313	52.2945	0	-0.315562	0.948905	0	None	None
ChainingRodShaped	9028	3.96667	0.5	0.425435	67.0175	0	0.709088	-0.70512	0	None	None
ChainingRodShaped	9030	2.97087	0.5	-40.9515	5.7166	0	0.137689	0.990475	0	None	None
ChainingRodShaped	9032	3.68195	0.5	11.3065	35.5632	0	-0.0474155	0.998875	0	None	None
ChainingRodShaped	9034	3.34324	0.5	11.1146	73.47	0	0.973894	0.227002	0	None	None
ChainingRodShaped	9036	3.39076	0.5	-59.2243	58.8932	0	-0.653584	0.756854	0	None	None
ChainingRodShaped	9038	4.01178	0.5	-19.662	-35.4938	0	-0.618924	-0.785451	0	None	None
ChainingRodShaped	9040	2.84853	0.5	33.4156	95.7458	0	0.687623	0.726068	0	None	None
ChainingRodShaped	9042	3.69429	0.5	22.0048	-2.07024	0	0.789627	-0.613588	0	None	None
ChainingRodShaped	9044	2.84831	0.5	-39.0703	0.625839	0	0.931062	0.364861	0	None	None
ChainingRodShaped	9046	3.14082	0.5	-41.9255	30.0812	0	-0.743537	-0.668695	0	None	None
ChainingRodShaped	9048	3.86179	0.5	-43.9933	31.5527	0	-0.751824	-0.659364	0	None	None
ChainingRodShaped	9050	3.95047	0.5	-15.824	73.1392	0	-0.988588	0.150645	0	None	None
ChainingRodShaped	9052	3.45293	0.5	38.5172	-18.9636	0	-0.877069	-0.480364	0	None	None
ChainingRodShaped	9054	3.36692	0.5	-61.4895	47.9218	0	0.958795	-0.284097	0	None	None
ChainingRodShaped	9056	3.16354	0.5	-23.7279	50.7025	0	0.861396	-0.507933	0	None	None
ChainingRodShaped	9058	2.80739	0.5	34.3655	17.3396	0	0.664973	0.746867	0	None	None
ChainingRodShaped	9060	2.94279	0.5	54.903	88.3324	0	0.0129901	-0.999916	0	None	None
ChainingRodShaped	9062	3.44035	0.5	-23.7282	-23.9692	0	0.908685	-0.417483	0	None	None
ChainingRodShaped	9064	3.94589	0.5	-10.2294	-32.8372	0	-0.15606	-0.987748	0	None	None
ChainingRodShaped	9066	3.19442	0.5	0.0378613	21.9458	0	0.0771636	-0.997018	0	None	None
ChainingRodShaped	9068	3.24943	0.5	-14.3239	-41.1173	0	-0.97426	0.225428	0	None	None
ChainingRodShaped	9070	3.18339	0.5	43.513	-28.273	0	0.759365	0.650665	0	None	None
ChainingRodShaped	9072	3.34607	0.5	64.2051	82.9743	0	0.998781	-0.0493674	0	None	None
ChainingRodShaped	9074	3.04249	0.5	39.6448	72.9307	0	-0.251959	-0.967738	0	None	None
ChainingRodShaped	9076	3.16157	0.5	75.6608	51.6215	0	-0.557603	-0.830108	0	None	None
ChainingRodShaped	9078	3.39984	0.5	34.9227	47.6766	0	0.116396	-0.993203	0	None	None
ChainingRodShaped	9080	3.73585	0.5	24.148	8.58838	0	0.781309	0.624144	0	None	None
ChainingRodShaped	9082	3.69852	0.5	56.6193	91.9924	0	-0.478603	-0.878032	0	None	None
ChainingRodShaped	9084	3.95485	0.5	2.21618	81.0004	0	-0.723676	-0.69014	0	None	None
ChainingRodShaped	9086	2.74102	0.5	3.30824	-55.8377	0	0.949731	0.313068	0	None	None
ChainingRodShaped	9088	3.96397	0.5	34.8791	29.0708	0	0.994861	0.101251	0	None	None
ChainingRodShaped	9090	3.26211	0.5	3.99268	46.3782	0	0.999601	-0.028235	0	None	None
ChainingRodShaped	9092	3.47022	0.5	25.2866	42.7485	0	0.542046	0.840349	0	None	None
ChainingRodShaped	9094	3.66213	0.5	13.9344	20.9336	0	0.722499	-0.691372	0	None	None
ChainingRodShaped	9096	3.95844	0.5	-48.0793	54.6524	0	0.292168	0.956367	0	None	None
ChainingRodShaped	9098	3.6559	0.5	2.86317	89.0585	0	-0.365996	-0.930617	0	None	None
ChainingRodShaped	9100	3.25098	0.5	19.5545	107.316	0	0.893759	-0.448548	0	None	None
ChainingRodShaped	9102	3.45563	0.5	-19.6272	23.8383	0	0.823011	-0.568025	0	None	None
ChainingRodShaped	9104	2.9605	0.5	77.6114	57.4731	0	0.0723705	-0.997378	0	None	None
ChainingRodShaped	9106	3.48819	0.5	-32.6085	13.2402	0	0.987406	0.158209	0	None	None
ChainingRodShaped	9108	3.70227	0.5	22.4899	86.3468	0	-0.859906	-0.510453	0	None	None
ChainingRodShaped	9110	3.70543	0.5	-1.84332	50.1614	0	0.999873	-0.0159106	0	None	None
ChainingRodShaped	9112	2.8889	0.5	52.7588	-14.8353	0	0.527756	0.849396	0	None	None
ChainingRodShaped	9114	3.16401	0.5	-3.62966	41.5218	0	0.822412	-0.568892	0	None	None
ChainingRodShaped	9116	3.12911	0.5	71.872	7.06048	0	-0.176252	-0.984345	0	None	None
ChainingRodShaped	9118	3.65315	0.5	47.8514	28.3019	0	0.887728	-0.460368	0	None	None
ChainingRodShaped	9120	3.51608	0.5	-48.1478	71.6626	0	0.971691	0.236254	0	None	None
ChainingRodShaped	9122	3.13537	0.5	-29.3752	-34.6475	0	0.99965	-0.0264388	0	None	None
ChainingRodShaped	9124	3.43386	0.5	13.5638	59.8326	0	0.861396	0.507935	0	None	None
ChainingRodShaped	9126	3.14426	0.5	-37.204	67.7493	0	-0.632221	-0.774788	0	None	None
ChainingRodShaped	9128	3.63415	0.5	65.423	38.6884	0	-0.955859	-0.293826	0	None	None
ChainingRodShaped	9130	3.60761	0.5	-10.129	48.6667	0	0.738212	-0.674569	0	None	None
ChainingRodShaped	9132	3.33962	0.5	-40.3545	67.8995	0	0.611859	0.790967	0	None	None
ChainingRodShaped	9134	3.85939	0.5	-47.4211	-21.7128	0	-0.825777	0.563996	0	None	None
ChainingRodShaped	9136	3.15883	0.5	-46.8919	-11.3102	0	-0.972497	0.232917	0	None	None
ChainingRodShaped	9138	3.66149	0.5	63.8282	29.3546	0	0.78974	-0.613442	0	None	None
ChainingRodShaped	9140	3.40744	0.5	35.5274	6.76	0	-0.721581	-0.69233	0	None	None
ChainingRodShaped	9142	3.3402	0.5	-10.7747	65.7098	0	-0.970228	0.242192	0	None	None
ChainingRodShaped	9144	3.77825	0.5	-43.9626	51.0555	0	-0.979205	-0.202873	0	None	None
ChainingRodShaped	9146	3.36436	0.5	-60.7728	59.3329	0	-0.640621	0.767857	0	None	None
ChainingRodShaped	9148	2.89026	0.5	-14.2119	-42.0747	0	-0.973766	0.227554	0	None	None
ChainingRodShaped	9150	3.93028	0.5	9.84026	-1.38817	0	0.451501	-0.892271	0	None	None
ChainingRodShaped	9152	3.50199	0.5	68.9249	-11.7742	0	-0.404463	0.914554	0	None	None
ChainingRodShaped	9154	3.61652	0.5	26.0008	-0.342439	0	0.791137	-0.611639	0	None	None
ChainingRodShaped	9156	3.60971	0.5	-15.7215	-26.0051	0	0.494887	0.868957	0	None	None
ChainingRodShaped	9158	2.70631	0.5	-29.8124	47.9953	0	0.108783	-0.994065	0	None	None
ChainingRodShaped	9160	2.85154	0.5	-55.8788	38.2837	0	0.925273	0.379302	0	None	None
ChainingRodShaped	9162	2.95266	0.5	6.14143	62.3222	0	-0.815635	-0.578567	0	None	None
ChainingRodShaped	9164	2.88657	0.5	30.0732	-29.426	0	-0.994528	0.104467	0	None	None
ChainingRodShaped	9166	3.67609	0.5	-4.29643	47.2746	0	0.808821	-0.588055	0	None	None
ChainingRodShaped	9168	2.79893	0.5	-47.7636	73.9521	0	0.884932	0.46572	0	None	None
ChainingRodShaped	9170	3.28526	0.5	42.9198	25.4653	0	0.959017	-0.283348	0	None	None
ChainingRodShaped	9172	3.50991	0.5	-53.6958	-11.878	0	0.84953	-0.52754	0	None	None
ChainingRodShaped	9174	2.72033	0.5	5.03412	-50.0154	0	0.514036	-0.857769	0	None	None
ChainingRodShaped	9176	2.78824	0.5	-31.6541	69.6244	0	0.904757	0.425928	0	None	None
ChainingRodShaped	9178	2.88199	0.5	19.3351	31.5579	0	0.23155	-0.972823	0	None	None
ChainingRodShaped	9180	2.83263	0.5	7.03742	67.3253	0	0.643986	-0.765037	0	None	None
ChainingRodShaped	9182	3.79352	0.5	-65.3349	-8.77508	0	0.562863	-0.82655	0	None	None
ChainingRodShaped	9184	3.40911	0.5	71.7223	-22.7184	0	0.000295606	1	0	None	None
ChainingRodShaped	9186	3.6103	0.5	36.4131	82.5416	0	0.735589	0.677429	0	None	None
ChainingRodShaped	9188	2.64295	0.5	42.1891	52.2423	0	-0.279918	-0.960024	0	None	None
ChainingRodShaped	9190	3.31358	0.5	77.5515	79.1022	0	-0.755977	0.654598	0	None	None
ChainingRodShaped	9192	3.89677	0.5	-38.6807	-21.2361	0	-0.716517	-0.697569	0	None	None
ChainingRodShaped	9194	3.75151	0.5	32.4488	27.136	0	0.801415	-0.598109	0	None	None
ChainingRodShaped	9196	3.41553	0.5	-33.1099	49.6227	0	-0.1015	0.994836	0	None	None
ChainingRodShaped	9198	2.68208	0.5	48.6693	13.5804	0	-0.582462	-0.812858	0	None	None
ChainingRodShaped	9200	3.73366	0.5	76.7624	18.5552	0	0.190488	-0.98169	0	None	None
ChainingRodShaped	9202	3.69969	0.5	27.4609	-16.6103	0	-0.850654	-0.525726	0	None	None
ChainingRodShaped	9204	2.9058	0.5	36.2653	24.8342	0	0.996687	0.081338	0	None	None
ChainingRodShaped	9206	3.4932	0.5	45.2536	104.032	0	0.471581	0.881823	0	None	None
ChainingRodShaped	9208	3.24242	0.5	17.7292	66.8567	0	0.330269	0.943887	0	None	None
ChainingRodShaped	9210	3.25305	0.5	11.5981	1.43502	0	0.434481	-0.900681	0	None	None
ChainingRodShaped	9212	3.72789	0.5	-27.6054	5.85939	0	-0.931433	-0.363912	0	None	None
ChainingRodShaped	9214	3.56534	0.5	-25.6342	31.2232	0	0.995387	0.0959445	0	None	None
ChainingRodShaped	9216	3.27528	0.5	-38.2734	91.84	0	-0.86005	0.510209	0	None	None
ChainingRodShaped	9218	3.44592	0.5	17.8905	88.4904	0	-0.162215	0.986755	0	None	None
ChainingRodShaped	9220	3.58549	0.5	-31.0648	80.2154	0	0.962042	0.272902	0	None	None
ChainingRodShaped	9222	3.86429	0.5	79.9159	-0.639115	0	0.9988	-0.0489667	0	None	None
ChainingRodShaped	9224	3.86961	0.5	-46.4496	1.41723	0	0.975458	0.220185	0	None	None
ChainingRodShaped	9226	3.05537	0.5	39.9288	64.2358	0	0.267037	-0.963686	0	None	None
ChainingRodShaped	9228	2.79492	0.5	-30.5848	-14.8182	0	0.148929	-0.988848	0	None	None
ChainingRodShaped	9230	3.15138	0.5	-23.7052	57.7838	0	-0.0264705	-0.99965	0	None	None
ChainingRodShaped	9232	3.74514	0.5	84.3031	42.6913	0	0.612398	0.790549	0	None	None
ChainingRodShaped	9234	3.80233	0.5	51.1355	-7.60379	0	0.706301	0.707912	0	None	None
ChainingRodShaped	9236	3.45895	0.5	7.65202	113.189	0	0.89635	-0.443347	0	None	None
ChainingRodShaped	9238	2.86433	0.5	76.6056	64.7924	0	-0.561033	-0.827794	0	None	None
ChainingRodShaped	9240	2.75458	0.5	-57.6709	28.4316	0	-0.757753	-0.652541	0	None	None
ChainingRodShaped	9242	3.50167	0.5	24.453	51.0377	0	0.668659	0.743569	0	None	None
ChainingRodShaped	9244	2.6536	0.5	30.82	36.1309	0	0.404506	-0.914535	0	None	None
ChainingRodShaped	9246	3.22386	0.5	-7.42293	-31.9377	0	-0.956103	-0.29303	0	None	None
ChainingRodShaped	9248	3.62913	0.5	42.171	42.6905	0	0.934455	0.356082	0	None	None
ChainingRodShaped	9250	3.43385	0.5	23.425	-12.6878	0	-0.824127	-0.566405	0	None	None
ChainingRodShaped	9252	3.23602	0.5	53.1789	-18.3301	0	0.222328	0.974972	0	None	None
ChainingRodShaped	9254	2.823	0.5	-70.4885	5.679	0	0.554998	-0.831852	0	None	None
ChainingRodShaped	9256	3.11429	0.5	24.4588	7.93351	0	0.777299	0.629131	0	None	None
ChainingRodShaped	9258	3.76027	0.5	-12.8982	39.0851	0	-0.975916	-0.218148	0	None	None
ChainingRodShaped	9260	3.75367	0.5	9.38922	-2.09696	0	0.460244	-0.887792	0	None	None
ChainingRodShaped	9262	3.15816	0.5	-16.6435	63.3598	0	-0.116688	-0.993169	0	None	None
ChainingRodShaped	9264	2.85596	0.5	33.5042	-22.6575	0	-0.887663	-0.460494	0	None	None
ChainingRodShaped	9266	3.79291	0.5	1.18352	111.42	0	0.175648	0.984453	0	None	None
ChainingRodShaped	9268	3.71009	0.5	-16.4003	11.8168	0	0.534991	-0.844858	0	None	None
ChainingRodShaped	9270	3.01686	0.5	70.5925	24.0206	0	0.861259	0.508166	0	None	None
ChainingRodShaped	9272	3.66599	0.5	-40.4109	12.3083	0	0.997953	0.0639565	0	None	None
ChainingRodShaped	9274	3.64423	0.5	-11.8825	111.206	0	0.998562	0.053601	0	None	None
ChainingRodShaped	9276	3.43508	0.5	42.272	102.994	0	-0.951082	-0.308939	0	None	None
ChainingRodShaped	9278	3.43006	0.5	-65.8719	8.22323	0	-0.883953	0.467576	0	None	None
ChainingRodShaped	9280	3.4179	0.5	-15.2642	31.1614	0	0.859325	-0.51143	0	None	None
ChainingRodShaped	9282	3.0978	0.5	-10.9515	-31.7115	0	-0.165929	-0.986138	0	None	None
ChainingRodShaped	9284	3.41227	0.5	11.9557	59.6828	0	0.854472	0.519498	0	None	None
ChainingRodShaped	9286	3.15233	0.5	-3.48678	43.315	0	0.813365	-0.581753	0	None	None
ChainingRodShaped	9288	3.28623	0.5	-40.4829	97.7586	0	0.635446	0.772145	0	None	None
ChainingRodShaped	9290	2.89609	0.5	47.4197	-47.9972	0	0.936396	0.350945	0	None	None
ChainingRodShaped	9292	2.75888	0.5	68.6396	19.6135	0	0.731866	-0.681449	0	None	None
ChainingRodShaped	9294	3.51324	0.5	66.6994	88.9132	0	0.674508	-0.738267	0	None	None
ChainingRodShaped	9296	3.72178	0.5	18.0003	25.8815	0	-0.193797	-0.981042	0	None	None
ChainingRodShaped	9298	2.65838	0.5	3.95587	48.5591	0	0.999558	-0.0297344	0	None	None
ChainingRodShaped	9300	2.74899	0.5	37.106	34.4358	0	0.793197	-0.608965	0	None	None
ChainingRodShaped	9302	3.45502	0.5	-41.4166	-33.6163	0	0.776083	-0.630631	0	None	None
ChainingRodShaped	9304	3.45335	0.5	-34.1449	14.7241	0	0.987412	0.158167	0	None	None
ChainingRodShaped	9306	2.84368	0.5	-23.2693	42.0234	0	0.978329	0.207056	0	None	None
ChainingRodShaped	9308	3.2602	0.5	-7.90057	-9.07089	0	0.956834	-0.290635	0	None	None
ChainingRodShaped	9310	3.17325	0.5	-22.9284	73.2658	0	0.72478	-0.688981	0	None	None
ChainingRodShaped	9312	3.63765	0.5	-8.91288	-4.72284	0	0.886359	0.462999	0	None	None
ChainingRodShaped	9314	3.1126	0.5	-23.8512	-3.87589	0	0.125684	-0.99207	0	None	None
ChainingRodShaped	9316	2.91231	0.5	45.0509	18.3209	0	-0.530983	-0.847382	0	None	None
ChainingRodShaped	9318	2.80972	0.5	83.1093	56.8228	0	0.101728	-0.994812	0	None	None
ChainingRodShaped	9320	3.59505	0.5	-5.78522	70.3435	0	0.655697	-0.755025	0	None	None
ChainingRodShaped	9322	2.82194	0.5	2.26539	77.978	0	0.595665	-0.803233	0	None	None
ChainingRodShaped	9324	3.33568	0.5	-23.6867	11.1615	0	-0.752704	-0.658359	0	None	None
ChainingRodShaped	9326	3.66731	0.5	-65.8979	55.147	0	-0.954593	0.297913	0	None	None
ChainingRodShaped	9328	3.26644	0.5	-36.0156	27.4484	0	0.623474	0.781844	0	None	None
ChainingRodShaped	9330	3.10604	0.5	-60.6153	40.1172	0	0.914487	0.404615	0	None	None
ChainingRodShaped	9332	2.61615	0.5	61.2383	21.6912	0	0.846675	-0.53211	0	None	None
ChainingRodShaped	9334	3.26535	0.5	46.7677	92.7638	0	0.879502	-0.475896	0	None	None
ChainingRodShaped	9336	3.45366	0.5	88.3223	33.4614	0	0.989196	0.146596	0	None	None
ChainingRodShaped	9338	2.81211	0.5	46.241	87.5182	0	0.125351	-0.992112	0	None	None
ChainingRodShaped	9340	2.98786	0.5	71.7504	21.6072	0	0.990157	0.139961	0	None	None
ChainingRodShaped	9342	3.67978	0.5	-55.9414	1.60723	0	-0.854995	0.518637	0	None	None
ChainingRodShaped	9344	3.44943	0.5	-56.3232	21.6519	0	-0.153873	-0.988091	0	None	None
ChainingRodShaped	9346	2.6292	0.5	90.1274	51.36	0	-0.929691	-0.36834	0	None	None
ChainingRodShaped	9348	3.56083	0.5	37.8141	-42.3695	0	0.918199	0.39612	0	None	None
ChainingRodShaped	9350	2.81902	0.5	64.8637	-32.9208	0	-0.473865	0.880597	0	None	None
ChainingRodShaped	9352	2.9427	0.5	-28.2201	-16.0743	0	0.40555	-0.914073	0	None	None
ChainingRodShaped	9354	2.95258	0.5	-13.0718	54.8587	0	0.965328	-0.26104	0	None	None
ChainingRodShaped	9356	3.11034	0.5	80.7081	18.2789	0	-0.419215	0.907887	0	None	None
ChainingRodShaped	9358	3.41663	0.5	-60.7722	56.4857	0	-0.9558	0.294017	0	None	None
ChainingRodShaped	9360	3.18779	0.5	-5.99212	8.97618	0	0.892777	-0.450499	0	None	None
ChainingRodShaped	9362	2.6859	0.5	-46.8878	79.0278	0	0.323714	0.946155	0	None	None
ChainingRodShaped	9364	3.14339	0.5	55.2461	34.5557	0	0.863535	-0.504288	0	None	None
ChainingRodShaped	9366	2.86273	0.5	18.64	-45.6174	0	0.966252	0.257597	0	None	None
ChainingRodShaped	9368	3.56387	0.5	-3.2959	107.348	0	0.00213057	-0.999998	0	None	None
ChainingRodShaped	9370	3.77626	0.5	1.41622	81.9094	0	-0.545602	-0.838045	0	None	None
ChainingRodShaped	9372	3.55198	0.5	36.8372	9.49319	0	-0.594557	-0.804053	0	None	None
ChainingRodShaped	9374	3.15657	0.5	-49.1633	69.5465	0	0.63937	0.768899	0	None	None
ChainingRodShaped	9376	3.1072	0.5	-23.8747	27.2584	0	0.999988	-0.00493064	0	None	None
ChainingRodShaped	9378	2.75614	0.5	30.1903	-54.5279	0	0.497536	0.867444	0	None	None
ChainingRodShaped	9380	2.60132	0.5	81.7851	25.9206	0	0.420115	-0.907471	0	None	None
ChainingRodShaped	9382	2.86402	0.5	-50.9254	41.3034	0	0.921401	0.388612	0	None	None
ChainingRodShaped	9384	2.80809	0.5	12.3753	98.7302	0	-0.917362	-0.398053	0	None	None
ChainingRodShaped	9386	3.3238	0.5	56.9192	-41.2786	0	0.900467	0.434925	0	None	None
ChainingRodShaped	9388	3.41449	0.5	30.1705	77.547	0	0.81929	0.57338	0	None	None
ChainingRodShaped	9390	3.40774	0.5	16.4062	34.6895	0	-0.103063	0.994675	0	None	None
ChainingRodShaped	9392	3.68633	0.5	62.4192	73.3921	0	0.659319	-0.751863	0	None	None
ChainingRodShaped	9394	3.13328	0.5	-48.1026	62.2697	0	0.61532	0.788278	0	None	None
ChainingRodShaped	9396	3.70681	0.5	-15.9948	-35.0887	0	-0.611865	-0.790962	0	None	None
ChainingRodShaped	9398	3.52444	0.5	18.2068	38.8522	0	0.0196287	-0.999807	0	None	None
ChainingRodShaped	9400	2.71945	0.5	12.3277	89.7028	0	-0.0574524	-0.998348	0	None	None
ChainingRodShaped	9402	3.0553	0.5	51.8943	71.1717	0	-0.167132	-0.985935	0	None	None
ChainingRodShaped	9404	2.78304	0.5	-31.6186	37.4696	0	-0.90533	-0.42471	0	None	None
ChainingRodShaped	9406	3.39441	0.5	37.771	50.2847	0	-0.0172675	-0.999851	0	None	None
ChainingRodShaped	9408	3.5334	0.5	-4.34648	28.7769	0	0.442636	-0.896702	0	None	None
ChainingRodShaped	9410	2.98996	0.5	-25.1423	38.3729	0	-0.935433	-0.353505	0	None	None
ChainingRodShaped	9412	2.64415	0.5	-26.1685	-14.2845	0	-0.582647	0.812725	0	None	None
ChainingRodShaped	9414	3.22341	0.5	33.0607	-50.0362	0	0.811265	0.584679	0	None	None
ChainingRodShaped	9416	3.6017	0.5	-8.03387	-9.8562	0	0.959698	-0.281034	0	None	None
ChainingRodShaped	9418	3.70603	0.5	-22.8077	17.2188	0	0.858927	-0.512098	0	None	None
ChainingRodShaped	9420	2.99563	0.5	-6.19821	62.3353	0	-0.910715	0.413036	0	None	None
ChainingRodShaped	9422	3.29308	0.5	57.9505	66.6679	0	-0.0865441	0.996248	0	None	None
ChainingRodShaped	9424	3.42179	0.5	34.289	59.5709	0	0.165144	-0.986269	0	None	None
ChainingRodShaped	9426	3.02117	0.5	40.0067	-23.6306	0	-0.979421	-0.201827	0	None	None
ChainingRodShaped	9428	3.73895	0.5	16.5005	99.7932	0	0.553974	-0.832534	0	None	None
ChainingRodShaped	9430	3.41521	0.5	40.4411	55.8452	0	-0.205531	-0.978651	0	None	None
ChainingRodShaped	9432	3.59802	0.5	-32.0832	70.3392	0	0.905558	0.424223	0	None	None
ChainingRodShaped	9434	3.02907	0.5	57.4565	28.5825	0	-0.861807	0.507236	0	None	None
ChainingRodShaped	9436	3.49473	0.5	48.7242	12.2137	0	-0.589484	-0.80778	0	None	None
ChainingRodShaped	9438	3.47139	0.5	44.0559	-38.1086	0	0.882199	0.470876	0	None	None
ChainingRodShaped	9440	3.47266	0.5	-15.0163	43.1096	0	0.938016	-0.346592	0	None	None
ChainingRodShaped	9442	3.43698	0.5	51.2184	76.0599	0	0.0866313	-0.99624	0	None	None
ChainingRodShaped	9444	3.03552	0.5	40.806	-21.4454	0	-0.480337	-0.877084	0	None	None
ChainingRodShaped	9446	3.32653	0.5	-16.1999	35.9432	0	0.958064	0.286555	0	None	None
ChainingRodShaped	9448	3.44821	0.5	-59.0367	65.9414	0	0.925754	0.378127	0	None	None
ChainingRodShaped	9450	3.44784	0.5	16.4811	47.9342	0	0.736177	0.676789	0	None	None
ChainingRodShaped	9452	2.58467	0.5	25.543	31.4385	0	-0.00383743	0.999993	0	None	None
ChainingRodShaped	9454	3.46944	0.5	-0.866419	64.7429	0	0.994389	-0.10579	0	None	None
ChainingRodShaped	9456	3.1264	0.5	60.2828	16.0188	0	-0.993534	-0.113539	0	None	None
ChainingRodShaped	9458	2.75736	0.5	47.3192	93.4664	0	0.884194	-0.467121	0	None	None
ChainingRodShaped	9460	3.70357	0.5	9.75648	61.0513	0	-0.818181	-0.57496	0	None	None
ChainingRodShaped	9462	2.88969	0.5	-20.3413	59.3672	0	-0.0654171	-0.997858	0	None	None
ChainingRodShaped	9464	2.59256	0.5	86.1145	60.2675	0	0.321486	-0.946914	0	None	None
ChainingRodShaped	9466	3.54084	0.5	-48.3844	38.5002	0	0.860956	0.50868	0	None	None
ChainingRodShaped	9468	3.07676	0.5	47.5925	53.0026	0	0.955673	0.294431	0	None	None
ChainingRodShaped	9470	3.33655	0.5	17.493	-37.2958	0	0.44237	0.896833	0	None	None
ChainingRodShaped	9472	2.79196	0.5	58.2187	27.2538	0	0.867007	-0.498296	0	None	None
ChainingRodShaped	9474	3.4877	0.5	9.49798	-32.4014	0	0.181097	-0.983465	0	None	None
ChainingRodShaped	9476	3.22278	0.5	7.56942	-14.3823	0	-0.999475	-0.0324057	0	None	None
ChainingRodShaped	9478	3.58418	0.5	31.781	24.1046	0	0.538683	-0.842508	0	None	None
ChainingRodShaped	9480	3.08541	0.5	-18.3792	-30.9787	0	0.601074	0.799194	0	None	None
ChainingRodShaped	9482	2.81164	0.5	-21.9332	44.134	0	0.850483	-0.526003	0	None	None
ChainingRodShaped	9484	3.09011	0.5	16.6498	9.47853	0	0.969959	0.243269	0	None	None
ChainingRodShaped	9486	2.64587	0.5	-14.5237	-28.8381	0	-0.591326	-0.806433	0	None	None
ChainingRodShaped	9488	3.03144	0.5	46.1885	1.38705	0	-0.220405	-0.975408	0	None	None
ChainingRodShaped	9490	2.60261	0.5	-40.2054	83.611	0	0.710107	0.704094	0	None	None
ChainingRodShaped	9492	3.47448	0.5	31.3069	-15.2603	0	-0.602547	-0.798083	0	None	None
ChainingRodShaped	9494	3.05103	0.5	-57.1083	-0.745136	0	0.884029	-0.467431	0	None	None
ChainingRodShaped	9496	2.8291	0.5	64.661	65.3385	0	-0.344857	0.938655	0	None	None
ChainingRodShaped	9498	2.84488	0.5	-40.5079	88.0325	0	-0.669506	0.742806	0	None	None
ChainingRodShaped	9500	3.19695	0.5	-15.4957	44.1154	0	0.934526	-0.355894	0	None	None
ChainingRodShaped	9502	3.46898	0.5	0.894196	-8.03056	0	-0.889097	0.457718	0	None	None
ChainingRodShaped	9504	2.87298	0.5	17.3919	26.2621	0	-0.203885	-0.978995	0	None	None
ChainingRodShaped	9506	3.07753	0.5	23.2405	-17.3743	0	-0.879347	-0.476181	0	None	None
ChainingRodShaped	9508	3.1123	0.5	36.3974	10.2147	0	-0.594375	-0.804188	0	None	None
ChainingRodShaped	9510	3.42757	0.5	-42.5545	19.7906	0	0.889161	-0.457595	0	None	None
ChainingRodShaped	9512	2.96891	0.5	2.46972	74.102	0	0.48403	-0.875052	0	None	None
ChainingRodShaped	9514	3.51152	0.5	-46.1399	4.19401	0	-0.892722	-0.450608	0	None	None
ChainingRodShaped	9516	3.15115	0.5	-36.7314	20.2738	0	0.992148	0.125067	0	None	None
ChainingRodShaped	9518	3.32994	0.5	32.8809	40.6509	0	0.846833	-0.531858	0	None	None
ChainingRodShaped	9520	3.26802	0.5	20.5011	33.0849	0	0.231478	-0.97284	0	None	None
ChainingRodShaped	9522	2.65436	0.5	17.0255	94.5424	0	-0.418982	0.907994	0	None	None
ChainingRodShaped	9524	2.58183	0.5	34.2962	-23.209	0	-0.883038	-0.469302	0	None	None
ChainingRodShaped	9526	2.95414	0.5	69.7183	-1.30092	0	0.0184973	-0.999829	0	None	None
ChainingRodShaped	9528	3.64641	0.5	15.8355	84.8408	0	-0.156592	0.987663	0	None	None
ChainingRodShaped	9530	3.00156	0.5	39.8949	28.096	0	0.999541	0.0302927	0	None	None
ChainingRodShaped	9532	3.47712	0.5	38.4165	-15.6637	0	-0.245167	-0.969481	0	None	None
ChainingRodShaped	9534	3.08846	0.5	56.0145	7.8161	0	0.888472	-0.458931	0	None	None
ChainingRodShaped	9536	3.10929	0.5	-32.17	-6.41647	0	0.98781	-0.155666	0	None	None
ChainingRodShaped	9538	3.52836	0.5	49.5205	49.2486	0	0.940588	0.339551	0	None	None
ChainingRodShaped	9540	3.13487	0.5	-24.2943	79.226	0	0.991508	0.130048	0	None	None
ChainingRodShaped	9542	3.18875	0.5	64.0266	-20.6555	0	0.398949	-0.916973	0	None	None
ChainingRodShaped	9544	3.01071	0.5	33.41	94.3945	0	0.686334	0.727287	0	None	None
ChainingRodShaped	9546	3.38063	0.5	21.8078	86.9072	0	-0.860099	-0.510127	0	None	None
ChainingRodShaped	9548	3.59212	0.5	-71.1761	53.1362	0	0.853813	-0.520579	0	None	None
ChainingRodShaped	9550	2.8676	0.5	-53.602	44.0915	0	0.924869	0.380286	0	None	None
ChainingRodShaped	9552	3.43961	0.5	64.844	-5.9638	0	-0.302505	0.953148	0	None	None
ChainingRodShaped	9554	3.28187	0.5	-34.4321	-2.46164	0	-0.808268	-0.588814	0	None	None
ChainingRodShaped	9556	3.34305	0.5	-1.91249	-2.20497	0	0.87655	-0.481312	0	None	None
ChainingRodShaped	9558	2.86889	0.5	-32.9277	92.9495	0	-0.85023	0.526412	0	None	None
ChainingRodShaped	9560	3.12498	0.5	10.5472	41.856	0	0.762957	0.646449	0	None	None
ChainingRodShaped	9562	3.15647	0.5	3.84195	52.1763	0	0.984817	0.173596	0	None	None
ChainingRodShaped	9564	3.24233	0.5	16.3351	-6.18203	0	-0.903091	-0.429449	0	None	None
ChainingRodShaped	9566	2.82373	0.5	-45.5059	19.4986	0	0.889181	-0.457555	0	None	None
ChainingRodShaped	9568	3.59882	0.5	81.278	-13.6948	0	0.749374	-0.662147	0	None	None
ChainingRodShaped	9570	3.63475	0.5	-13.9764	55.8354	0	0.967894	-0.251358	0	None	None
ChainingRodShaped	9572	3.10238	0.5	-12.6743	48.3324	0	0.871653	-0.490123	0	None	None
ChainingRodShaped	9574	2.66664	0.5	63.3336	24.3486	0	0.786825	-0.617177	0	None	None
ChainingRodShaped	9576	3.09307	0.5	-41.6703	-15.5653	0	0.754035	0.656834	0	None	None
ChainingRodShaped	9578	3.19971	0.5	59.5327	-22.4249	0	0.159116	-0.98726	0	None	None
ChainingRodShaped	9580	3.55889	0.5	64.5247	9.15054	0	0.974063	0.226278	0	None	None
ChainingRodShaped	9582	2.67785	0.5	-39.1733	86.0227	0	-0.672867	-0.739764	0	None	None
ChainingRodShaped	9584	3.22425	0.5	33.0186	-25.7419	0	-0.955964	-0.293482	0	None	None
ChainingRodShaped	9586	3.50612	0.5	77.4769	64.5449	0	-0.552723	-0.833365	0	None	None
ChainingRodShaped	9588	2.99874	0.5	44.95	-47.4665	0	0.469347	0.883014	0	None	None
ChainingRodShaped	9590	2.93797	0.5	61.5001	12.2676	0	-0.989641	-0.143562	0	None	None
ChainingRodShaped	9592	3.13747	0.5	79.7588	43.4842	0	-0.81587	-0.578235	0	None	None
ChainingRodShaped	9594	3.143	0.5	18.2141	41.7292	0	-0.734379	-0.67874	0	None	None
ChainingRodShaped	9596	2.54494	0.5	24.1495	56.2805	0	0.736981	0.675914	0	None	None
ChainingRodShaped	9598	3.34102	0.5	42.3172	-43.2807	0	0.881269	0.472615	0	None	None
ChainingRodShaped	9600	3.43896	0.5	74.5827	-17.0014	0	-0.946146	0.323739	0	None	None
ChainingRodShaped	9602	3.57806	0.5	34.6918	43.7429	0	0.927106	-0.3748	0	None	None
ChainingRodShaped	9604	3.01883	0.5	22.1896	-1.31774	0	0.783419	-0.621494	0	None	None
ChainingRodShaped	9606	2.88159	0.5	-23.1684	-35.601	0	0.563688	0.825988	0	None	None
ChainingRodShaped	9608	3.35248	0.5	76.4816	71.6167	0	0.908349	0.418213	0	None	None
ChainingRodShaped	9610	2.79077	0.5	88.3871	-4.24	0	-0.575948	-0.817487	0	None	None
ChainingRodShaped	9612	2.78403	0.5	-16.921	87.126	0	0.179752	-0.983712	0	None	None
ChainingRodShaped	9614	2.92532	0.5	-63.2261	5.91322	0	-0.916356	0.400365	0	None	None
ChainingRodShaped	9616	3.04661	0.5	35.7804	55.4921	0	0.147703	-0.989032	0	None	None
ChainingRodShaped	9618	3.20577	0.5	-60.2893	34.2974	0	0.999254	-0.0386299	0	None	None
ChainingRodShaped	9620	3.43398	0.5	11.9821	-17.3922	0	-0.998685	-0.0512753	0	None	None
ChainingRodShaped	9622	3.19984	0.5	88.3876	23.3948	0	-0.799486	0.600684	0	None	None
ChainingRodShaped	9624	3.33091	0.5	17.2538	86.9964	0	-0.172136	0.985073	0	None	None
ChainingRodShaped	9626	2.67283	0.5	50.6859	68.6175	0	-0.0697836	-0.997562	0	None	None
ChainingRodShaped	9628	2.59781	0.5	-29.9222	28.5551	0	0.827837	-0.560969	0	None	None
ChainingRodShaped	9630	3.13443	0.5	24.2646	14.7964	0	-0.626321	0.779565	0	None	None
ChainingRodShaped	9632	3.42711	0.5	-63.6339	-1.46177	0	-0.968393	-0.249428	0	None	None
ChainingRodShaped	9634	2.7349	0.5	47.9694	94.9123	0	0.998906	0.04676	0	None	None
ChainingRodShaped	9636	2.8067	0.5	-20.9499	29.5506	0	0.999988	-0.00488299	0	None	None
ChainingRodShaped	9638	2.7164	0.5	40.0484	-46.568	0	0.911042	0.412314	0	None	None
ChainingRodShaped	9640	2.80518	0.5	-10.8462	14.0025	0	0.597228	-0.802072	0	None	None
ChainingRodShaped	9642	3.06202	0.5	14.17	-9.60425	0	-0.964461	-0.264225	0	None	None
ChainingRodShaped	9644	2.54037	0.5	42.7924	-37.7466	0	0.878996	0.476829	0	None	None
ChainingRodShaped	9646	2.70869	0.5	-60.8314	12.0909	0	-0.758381	0.651812	0	None	None
ChainingRodShaped	9648	2.78391	0.5	8.62944	-46.7168	0	0.974275	-0.225362	0	None	None
ChainingRodShaped	9650	2.53402	0.5	-11.918	-45.4557	0	-0.972497	0.232915	0	None	None
ChainingRodShaped	9652	3.42098	0.5	-39.4162	1.39949	0	0.932734	0.360565	0	None	None
ChainingRodShaped	9654	3.12338	0.5	-9.08892	59.4433	0	0.900128	-0.435625	0	None	None
ChainingRodShaped	9656	3.22962	0.5	2.63513	18.0993	0	0.92968	-0.368369	0	None	None
ChainingRodShaped	9658	2.87441	0.5	3.55384	20.8763	0	0.943582	-0.33114	0	None	None
ChainingRodShaped	9660	3.31397	0.5	90.4545	32.8092	0	0.987714	0.156272	0	None	None
ChainingRodShaped	9662	2.56851	0.5	0.953332	94.3492	0	0.908068	0.418822	0	None	None
ChainingRodShaped	9664	2.78447	0.5	14.1225	-1.36815	0	0.801153	-0.598459	0	None	None
ChainingRodShaped	9666	3.4784	0.5	7.58615	61.3469	0	-0.806666	-0.591008	0	None	None
ChainingRodShaped	9668	3.47394	0.5	11.914	32.2304	0	0.23334	0.972395	0	None	None
ChainingRodShaped	9670	2.99102	0.5	52.5583	-40.5775	0	0.429569	-0.903034	0	None	None
ChainingRodShaped	9672	2.68448	0.5	35.8966	-6.67174	0	-0.546417	-0.837513	0	None	None
ChainingRodShaped	9674	2.92892	0.5	31.2869	-12.6587	0	-0.97491	0.2226	0	None	None
ChainingRodShaped	9676	3.22645	0.5	-5.56065	-1.77049	0	-0.870588	-0.492014	0	None	None
ChainingRodShaped	9678	3.41429	0.5	67.0166	-22.087	0	0.557734	-0.830019	0	None	None
ChainingRodShaped	9680	3.10398	0.5	-49.7441	79.3365	0	-0.31857	-0.947899	0	None	None
ChainingRodShaped	9682	2.72202	0.5	-45.6981	-25.2177	0	-0.754239	-0.6566	0	None	None
ChainingRodShaped	9684	2.80104	0.5	-3.85017	-30.5338	0	-0.999119	0.0419609	0	None	None
ChainingRodShaped	9686	2.84243	0.5	14.3174	18.5875	0	0.708298	-0.705913	0	None	None
ChainingRodShaped	9688	2.74172	0.5	58.8072	-23.6599	0	0.149258	-0.988798	0	None	None
ChainingRodShaped	9690	3.3308	0.5	-31.0328	99.9975	0	0.822309	0.569041	0	None	None
ChainingRodShaped	9692	3.51334	0.5	-48.6766	22.0562	0	0.692217	-0.721689	0	None	None
ChainingRodShaped	9694	3.11327	0.5	58.8331	66.5047	0	-0.0765386	0.997067	0	None	None
ChainingRodShaped	9696	3.32871	0.5	-44.5066	45.7434	0	0.952241	0.305347	0	None	None
ChainingRodShaped	9698	2.59398	0.5	72.1168	73.8558	0	0.861636	-0.507527	0	None	None
ChainingRodShaped	9700	3.35648	0.5	26.6826	41.087	0	0.20785	-0.978161	0	None	None
ChainingRodShaped	9702	2.966	0.5	53.1235	5.17745	0	-0.968338	-0.249642	0	None	None
ChainingRodShaped	9704	3.18127	0.5	-67.9409	29.4431	0	0.469817	-0.882764	0	None	None
ChainingRodShaped	9706	3.04965	0.5	-51.0048	16.8963	0	0.644382	-0.764704	0	None	None
ChainingRodShaped	9708	2.91015	0.5	45.4153	1.45303	0	-0.230252	-0.973131	0	None	None
ChainingRodShaped	9710	2.75778	0.5	19.7848	-38.6481	0	-0.421664	-0.906752	0	None	None
ChainingRodShaped	9712	3.27471	0.5	50.5318	33.2492	0	-0.904783	0.425873	0	None	None
ChainingRodShaped	9714	2.65366	0.5	41.3137	31.9422	0	0.9995	-0.0316166	0	None	None
ChainingRodShaped	9716	3.04022	0.5	69.2958	83.9288	0	0.96512	-0.261806	0	None	None
ChainingRodShaped	9718	2.9596	0.5	-65.9136	47.7923	0	0.994469	0.105032	0	None	None
ChainingRodShaped	9720	2.84142	0.5	61.4843	78.6269	0	0.647492	-0.762072	0	None	None
ChainingRodShaped	9722	3.39807	0.5	28.3088	15.511	0	-0.98818	0.153296	0	None	None
ChainingRodShaped	9724	3.00379	0.5	48.6427	-30.6308	0	0.756195	0.654346	0	None	None
ChainingRodShaped	9726	3.48788	0.5	51.6106	20.7967	0	-0.994166	-0.107862	0	None	None
ChainingRodShaped	9728	3.4736	0.5	-43.216	14.0074	0	0.106	-0.994366	0	None	None
ChainingRodShaped	9730	3.23183	0.5	67.1093	41.648	0	-0.707071	-0.707142	0	None	None
ChainingRodShaped	9732	3.05136	0.5	16.9299	47.3848	0	0.742988	0.669305	0	None	None
ChainingRodShaped	9734	3.01006	0.5	-50.9752	58.4831	0	0.998776	0.0494591	0	None	None
ChainingRodShaped	9736	2.942	0.5	-30.8794	28.2723	0	0.833394	-0.55268	0	None	None
ChainingRodShaped	9738	2.87618	0.5	-27.8735	87.992	0	-0.390606	0.920558	0	None	None
ChainingRodShaped	9740	2.68479	0.5	-59.8925	7.65441	0	-0.758544	0.651622	0	None	None
ChainingRodShaped	9742	2.69376	0.5	70.9768	6.96143	0	-0.176236	-0.984348	0	None	None
ChainingRodShaped	9744	2.65889	0.5	-20.8352	-16.6013	0	-0.331373	0.9435	0	None	None
ChainingRodShaped	9746	2.97405	0.5	-26.4867	10.9075	0	0.802095	0.597197	0	None	None
ChainingRodShaped	9748	3.43563	0.5	-30.2573	60.0284	0	0.135236	0.990813	0	None	None
ChainingRodShaped	9750	2.65083	0.5	-62.291	59.6947	0	-0.637248	0.770658	0	None	None
ChainingRodShaped	9752	2.84707	0.5	7.13058	-25.5105	0	0.64332	-0.765598	0	None	None
ChainingRodShaped	9754	3.20195	0.5	-9.92551	-37.6661	0	-0.103774	-0.994601	0	None	None
ChainingRodShaped	9756	2.65423	0.5	-29.9233	39.8316	0	-0.928689	-0.37086	0	None	None
ChainingRodShaped	9758	3.48703	0.5	-36.8149	80.9355	0	0.974427	0.224703	0	None	None
ChainingRodShaped	9760	3.34046	0.5	-15.2919	90.7171	0	0.300091	-0.953911	0	None	None
ChainingRodShaped	9762	3.34417	0.5	45.5527	-2.46478	0	0.107218	-0.994235	0	None	None
ChainingRodShaped	9764	3.01878	0.5	-1.12682	99.1173	0	0.614046	0.789271	0	None	None
ChainingRodShaped	9766	3.38887	0.5	2.60521	-53.2979	0	-0.101058	0.994881	0	None	None
ChainingRodShaped	9768	3.24592	0.5	-18.6949	1.91524	0	-0.530011	0.847991	0	None	None
ChainingRodShaped	9770	3.46654	0.5	32.7086	55.2804	0	0.12203	-0.992526	0	None	None
ChainingRodShaped	9772	3.03191	0.5	55.1959	-8.41909	0	0.840827	0.541304	0	None	None
ChainingRodShaped	9774	3.44671	0.5	15.8816	-36.4598	0	0.44514	0.895461	0	None	None
ChainingRodShaped	9776	2.67271	0.5	-5.16192	106.698	0	0.0175836	-0.999845	0	None	None
ChainingRodShaped	9778	3.49032	0.5	33.8414	0.545322	0	0.801958	-0.597381	0	None	None
ChainingRodShaped	9780	3.04705	0.5	38.4989	106.289	0	0.716966	-0.697109	0	None	None
ChainingRodShaped	9782	2.87557	0.5	9.89464	87.638	0	-0.505858	-0.862617	0	None	None
ChainingRodShaped	9784	2.70925	0.5	-8.37744	59.9725	0	0.89658	-0.442882	0	None	None
ChainingRodShaped	9786	3.43955	0.5	-39.1226	90.6676	0	-0.668771	0.743468	0	None	None
ChainingRodShaped	9788	3.08899	0.5	-29.37	67.0674	0	-0.911711	-0.410832	0	None	None
ChainingRodShaped	9790	3.44805	0.5	72.0853	30.4342	0	0.998279	0.0586459	0	None	None
ChainingRodShaped	9792	2.56824	0.5	-34.0662	1.67979	0	-0.208259	-0.978074	0	None	None
ChainingRodShaped	9794	2.53206	0.5	27.7195	81.3866	0	0.828285	0.560307	0	None	None
ChainingRodShaped	9796	2.90847	0.5	57.8118	-3.10842	0	0.935931	0.352184	0	None	None
ChainingRodShaped	9798	2.74493	0.5	2.05966	7.45668	0	0.94384	-0.330403	0	None	None
ChainingRodShaped	9800	3.16653	0.5	-67.7907	40.4533	0	0.872421	0.488756	0	None	None
ChainingRodShaped	9802	2.70909	0.5	8.82111	28.6249	0	0.851265	0.524737	0	None	None
ChainingRodShaped	9804	2.91791	0.5	78.3041	10.6144	0	0.581674	-0.813422	0	None	None
ChainingRodShaped	9806	2.71098	0.5	30.1003	35.9973	0	0.395429	-0.918496	0	None	None
ChainingRodShaped	9808	2.72673	0.5	-72.1091	40.1772	0	0.977881	-0.209162	0	None	None
ChainingRodShaped	9810	2.82205	0.5	-2.67587	-10.7587	0	0.450792	-0.892629	0	None	None
ChainingRodShaped	9812	2.87007	0.5	-47.381	25.8231	0	-0.986198	0.165568	0	None	None
ChainingRodShaped	9814	3.37295	0.5	44.438	7.25831	0	-0.5629	-0.826525	0	None	None
ChainingRodShaped	9816	2.68097	0.5	54.5218	17.071	0	-0.992787	-0.119889	0	None	None
ChainingRodShaped	9818	2.50422	0.5	-5.25117	113.886	0	-0.82642	-0.563055	0	None	None
ChainingRodShaped	9820	2.49429	0.5	-30.0335	104.675	0	0.933811	0.357768	0	None	None
ChainingRodShaped	9822	2.6372	0.5	-28.3366	56.523	0	-0.19029	-0.981728	0	None	None
ChainingRodShaped	9824	2.9819	0.5	89.7407	3.20276	0	0.642909	0.765942	0	None	None
ChainingRodShaped	9826	3.3929	0.5	-67.103	38.5064	0	-0.339743	-0.940518	0	None	None
ChainingRodShaped	9828	2.83372	0.5	15.6259	31.1522	0	0.22881	0.973471	0	None	None
ChainingRodShaped	9830	2.7584	0.5	33.019	39.6514	0	0.852025	-0.523501	0	None	None
ChainingRodShaped	9832	3.15261	0.5	-54.8983	55.2249	0	-0.894654	0.446759	0	None	None
ChainingRodShaped	9834	3.26928	0.5	22.5451	75.2728	0	0.971959	0.235151	0	None	None
ChainingRodShaped	9836	2.74232	0.5	40.5419	12.3975	0	-0.502162	-0.864773	0	None	None
ChainingRodShaped	9838	2.71905	0.5	32.4229	-36.5558	0	0.998556	0.0537164	0	None	None
ChainingRodShaped	9840	3.14217	0.5	19.8997	16.095	0	0.690462	-0.723369	0	None	None
ChainingRodShaped	9842	2.91836	0.5	-38.7445	-20.0557	0	-0.719394	-0.694603	0	None	None
ChainingRodShaped	9844	2.52184	0.5	-21.4117	109.952	0	0.999542	0.0302633	0	None	None
ChainingRodShaped	9846	3.03971	0.5	72.3046	56.1744	0	-0.88384	-0.46779	0	None	None
ChainingRodShaped	9848	3.04528	0.5	20.2336	44.8119	0	0.645486	0.763772	0	None	None
ChainingRodShaped	9850	2.57646	0.5	-8.27266	-17.7975	0	-0.921242	0.388989	0	None	None
ChainingRodShaped	9852	2.13913	0.5	-77.7983	56.664	0	0.959021	-0.283337	0	None	9851
ChainingRodShaped	9854	2.76678	0.5	-55.6131	24.4315	0	0.580333	-0.814379	0	None	None
ChainingRodShaped	9856	3.08035	0.5	13.1386	5.61454	0	0.331099	-0.943596	0	None	None
ChainingRodShaped	9858	2.65712	0.5	56.3614	47.3625	0	0.932022	0.362402	0	None	None
ChainingRodShaped	9860	3.13517	0.5	-60.2837	30.3559	0	0.856121	0.516775	0	None	None
ChainingRodShaped	9862	3.40708	0.5	-13.905	-29.3764	0	-0.583142	-0.81237	0	None	None
ChainingRodShaped	9864	2.58647	0.5	6.14593	96.7335	0	-0.526024	-0.85047	0	None	None
ChainingRodShaped	9866	3.42505	0.5	26.2509	-30.0441	0	0.996407	0.0846945	0	None	None
ChainingRodShaped	9868	3.37645	0.5	33.0581	-27.4677	0	0.961695	0.274122	0	None	None
ChainingRodShaped	9870	3.36573	0.5	-17.25	74.8407	0	-0.991398	0.13088	0	None	None
ChainingRodShaped	9872	3.20782	0.5	34.3904	79.6274	0	0.779999	0.62578	0	None	None
ChainingRodShaped	9874	2.60487	0.5	13.8052	56.6163	0	0.873072	0.487592	0	None	None
ChainingRodShaped	9876	3.18874	0.5	44.4965	-25.1975	0	0.693568	0.720391	0	None	None
ChainingRodShaped	9878	2.7	0.5	33.1792	71.5048	0	0.850623	0.525776	0	None	None
ChainingRodShaped	9880	3.08207	0.5	-21.2093	-41.7989	0	-0.844439	-0.535651	0	None	None
ChainingRodShaped	9882	2.83255	0.5	-22.3974	107.554	0	0.867189	-0.49798	0	None	None
ChainingRodShaped	9884	2.77361	0.5	-68.1261	20.1551	0	-0.620709	0.784041	0	None	None
ChainingRodShaped	9886	3.15765	0.5	-37.7232	37.3717	0	-0.734372	-0.678747	0	None	None
ChainingRodShaped	9888	2.79931	0.5	-14.0513	39.5532	0	-0.978081	-0.208223	0	None	None
ChainingRodShaped	9890	2.83495	0.5	52.8304	71.6228	0	-0.157304	-0.98755	0	None	None
ChainingRodShaped	9892	3.21512	0.5	-0.705162	26.8934	0	0.622796	-0.782384	0	None	None
ChainingRodShaped	9894	2.94737	0.5	-1.52723	-17.4202	0	0.55683	-0.830626	0	None	None
ChainingRodShaped	9896	3.10402	0.5	31.4996	93.9084	0	-0.0507979	-0.998709	0	None	None
ChainingRodShaped	9898	2.82759	0.5	-0.225114	11.107	0	0.96864	-0.248468	0	None	None
ChainingRodShaped	9900	2.90876	0.5	83.1999	-9.81681	0	0.196905	-0.980423	0	None	None
ChainingRodShaped	9902	2.60307	0.5	10.2265	1.13257	0	0.438029	-0.898961	0	None	None
ChainingRodShaped	9904	2.9481	0.5	-7.68401	-20.4387	0	-0.687279	0.726394	0	None	None
ChainingRodShaped	9906	2.49643	0.5	77.376	-1.4051	0	0.998241	-0.0592924	0	None	None
ChainingRodShaped	9908	2.92794	0.5	-16.3786	-25.6273	0	0.486025	0.873945	0	None	None
ChainingRodShaped	9910	2.87045	0.5	59.8107	36.2246	0	0.837321	-0.546712	0	None	None
ChainingRodShaped	9912	3.23656	0.5	-18.0604	11.5013	0	0.52614	-0.850398	0	None	None
ChainingRodShaped	9914	3.05529	0.5	-8.2703	15.7909	0	0.581907	-0.813255	0	None	None
ChainingRodShaped	9916	3.24828	0.5	41.0313	77.3173	0	0.140794	-0.990039	0	None	None
ChainingRodShaped	9918	3.25474	0.5	55.4358	-6.27511	0	0.851582	0.524221	0	None	None
ChainingRodShaped	9920	2.7717	0.5	-11.8592	-11.256	0	0.956875	-0.290501	0	None	None
ChainingRodShaped	9922	3.27196	0.5	49.9445	-1.94004	0	-0.34366	-0.939094	0	None	None
ChainingRodShaped	9924	2.83005	0.5	17.8957	-49.6632	0	0.974401	0.224815	0	None	None
ChainingRodShaped	9926	3.00445	0.5	-37.2025	39.0099	0	-0.741074	-0.671423	0	None	None
ChainingRodShaped	9928	3.25168	0.5	-31.1314	10.3949	0	0.980261	0.197709	0	None	None
ChainingRodShaped	9930	2.54556	0.5	-22.1267	56.7862	0	-0.0374119	-0.9993	0	None	None
ChainingRodShaped	9932	3.10496	0.5	-21.4442	40.6261	0	-0.943014	0.332752	0	None	None
ChainingRodShaped	9934	2.55832	0.5	-54.62	60.134	0	0.950611	0.310386	0	None	None
ChainingRodShaped	9936	3.38161	0.5	47.7992	40.4118	0	-0.87311	-0.487524	0	None	None
ChainingRodShaped	9938	3.06411	0.5	35.4199	103.096	0	-0.70311	-0.711081	0	None	None
ChainingRodShaped	9940	2.86421	0.5	48.0321	-41.5783	0	0.0565638	-0.998399	0	None	None
ChainingRodShaped	9942	2.46772	0.5	2.38124	34.6491	0	-0.943898	-0.330238	0	None	None
ChainingRodShaped	9944	3.33573	0.5	-39.5155	-9.41024	0	-0.797391	-0.603463	0	None	None
ChainingRodShaped	9946	3.19795	0.5	-57.0179	6.10935	0	-0.685138	0.728414	0	None	None
ChainingRodShaped	9948	3.19653	0.5	20.3184	-15.2802	0	-0.998478	0.0551571	0	None	None
ChainingRodShaped	9950	3.33574	0.5	-37.3531	30.9197	0	-0.680806	-0.732463	0	None	None
ChainingRodShaped	9952	3.23887	0.5	10.2432	27.0675	0	0.866571	0.499055	0	None	None
ChainingRodShaped	9954	3.00554	0.5	-53.8996	18.999	0	0.6356	-0.772019	0	None	None
ChainingRodShaped	9956	2.61639	0.5	-48.9201	65.5786	0	0.650847	0.759209	0	None	None
ChainingRodShaped	9958	3.06283	0.5	-25.4684	47.6332	0	0.152422	-0.988316	0	None	None
ChainingRodShaped	9960	2.76791	0.5	28.8442	4.73985	0	-0.742736	-0.669585	0	None	None
ChainingRodShaped	9962	3.36594	0.5	-24.3404	78.4261	0	0.992762	0.120101	0	None	None
ChainingRodShaped	9964	2.84831	0.5	-44.9233	44.7441	0	0.955234	0.29585	0	None	None
ChainingRodShaped	9966	2.4809	0.5	-11.6799	13.87	0	0.60524	-0.796043	0	None	None
ChainingRodShaped	9968	3.06069	0.5	6.80888	-35.4952	0	-0.964321	0.264737	0	None	None
ChainingRodShaped	9970	2.75445	0.5	85.5565	56.7737	0	0.509956	-0.8602	0	None	None
ChainingRodShaped	9972	2.77901	0.5	40.4195	70.0684	0	-0.394189	-0.919029	0	None	None
ChainingRodShaped	9974	2.5576	0.5	-31.5967	-38.0506	0	0.880191	0.474619	0	None	None
ChainingRodShaped	9976	2.84761	0.5	30.6397	55.7977	0	-0.805816	-0.592166	0	None	None
ChainingRodShaped	9978	2.56207	0.5	43.7095	72.248	0	-0.246019	-0.969265	0	None	None
ChainingRodShaped	9980	2.50425	0.5	-1.06266	59.2737	0	-0.995377	0.0960398	0	None	None
ChainingRodShaped	9982	2.89596	0.5	28.4972	43.6966	0	0.158312	-0.987389	0	None	None
ChainingRodShaped	9984	3.06158	0.5	7.20067	-20.2439	0	0.79091	-0.611933	0	None	None
ChainingRodShaped	9986	3.06661	0.5	-8.4323	55.4526	0	0.848582	-0.529064	0	None	None
ChainingRodShaped	9988	2.88439	0.5	63.1028	42.6359	0	-0.951963	-0.306214	0	None	None
ChainingRodShaped	9990	3.27306	0.5	22.0728	-49.7152	0	0.995769	0.0918969	0	None	None
ChainingRodShaped	9992	2.67114	0.5	-58.7974	48.1389	0	0.965516	-0.260342	0	None	None
ChainingRodShaped	9994	2.97416	0.5	-43.4535	24.9559	0	-0.871546	-0.490314	0	None	None
ChainingRodShaped	9996	2.75783	0.5	75.0021	52.2199	0	-0.565825	-0.824525	0	None	None
ChainingRodShaped	9998	2.5492	0.5	1.02106	57.5295	0	-0.999951	0.00990471	0	None	None
ChainingRodShaped	10000	2.74076	0.5	42.3616	-3.09136	0	0.134862	-0.990864	0	None	None
ChainingRodShaped	10002	2.55419	0.5	20.8167	104.907	0	0.506506	-0.862237	0	None	None
ChainingRodShaped	10004	3.20658	0.5	-57.2798	-1.61195	0	-0.888673	0.458542	0	None	None
ChainingRodShaped	10006	2.59256	0.5	-2.68271	-20.088	0	0.587816	-0.808994	0	None	None
ChainingRodShaped	10008	2.47178	0.5	77.75	75.0673	0	0.753729	-0.657185	0	None	None
ChainingRodShaped	10010	2.50118	0.5	35.7584	100.227	0	-0.964735	-0.263222	0	None	None
ChainingRodShaped	10012	2.60086	0.5	28.2051	-39.6133	0	0.961055	-0.276357	0	None	None
ChainingRodShaped	10014	3.27346	0.5	11.2402	-24.3413	0	0.336594	-0.94165	0	None	None
ChainingRodShaped	10016	3.05996	0.5	57.8016	-15.6984	0	0.113417	-0.993548	0	None	None
ChainingRodShaped	10018	3.2726	0.5	-26.0588	51.4575	0	-0.138302	-0.99039	0	None	None
ChainingRodShaped	10020	2.94586	0.5	30.1414	107.355	0	0.489473	-0.872019	0	None	None
ChainingRodShaped	10022	2.85701	0.5	-41.9124	75.8707	0	0.6398	0.768541	0	None	None
ChainingRodShaped	10024	2.51306	0.5	52.4985	47.6086	0	0.932832	0.360311	0	None	None
ChainingRodShaped	10026	3.03691	0.5	69.8154	-11.4556	0	-0.413597	0.91046	0	None	None
ChainingRodShaped	10028	2.49035	0.5	73.7841	15.4508	0	0.181083	-0.983468	0	None	None
ChainingRodShaped	10030	2.87091	0.5	-41.0378	65.4959	0	0.611864	0.790963	0	None	None
ChainingRodShaped	10032	2.98594	0.5	10.2005	103.657	0	0.981439	0.191774	0	None	None
ChainingRodShaped	10034	2.83454	0.5	-58.1415	64.6014	0	-0.653174	-0.757208	0	None	None
ChainingRodShaped	10036	3.04586	0.5	-12.3959	-29.6777	0	-0.185608	-0.982624	0	None	None
ChainingRodShaped	10038	2.99479	0.5	41.1627	11.8995	0	-0.498813	-0.866709	0	None	None
ChainingRodShaped	10040	2.95499	0.5	47.6362	79.9045	0	-0.0196894	-0.999806	0	None	None
ChainingRodShaped	10042	2.63511	0.5	16.9242	44.4613	0	0.749435	0.662078	0	None	None
ChainingRodShaped	10044	2.61347	0.5	-66.731	43.8984	0	-0.977357	0.211599	0	None	None
ChainingRodShaped	10046	3.19512	0.5	69.0384	5.49162	0	-0.195874	-0.980629	0	None	None
ChainingRodShaped	10048	3.05414	0.5	-11.6303	94.1626	0	0.188957	-0.981985	0	None	None
ChainingRodShaped	10050	2.64692	0.5	9.66744	-45.0802	0	0.974274	-0.225366	0	None	None
ChainingRodShaped	10052	2.90685	0.5	17.7733	76.7515	0	0.970204	0.242291	0	None	None
ChainingRodShaped	10054	3.2186	0.5	50.1782	32.5441	0	-0.9018	0.432153	0	None	None
ChainingRodShaped	10056	2.59367	0.5	7.05681	-33.4121	0	-0.161872	0.986812	0	None	None
ChainingRodShaped	10058	2.7507	0.5	-33.8848	18.885	0	0.992028	0.126016	0	None	None
ChainingRodShaped	10060	2.86712	0.5	10.7344	51.9101	0	0.983179	0.182644	0	None	None
ChainingRodShaped	10062	3.28782	0.5	-13.3305	-16.5575	0	-0.924475	0.381242	0	None	None
ChainingRodShaped	10064	2.43454	0.5	81.7096	22.1639	0	0.663906	-0.747816	0	None	None
ChainingRodShaped	10066	2.5017	0.5	45.3485	-19.8892	0	0.454266	0.890866	0	None	None
ChainingRodShaped	10068	2.79624	0.5	-23.6886	3.96739	0	-0.931435	-0.363906	0	None	None
ChainingRodShaped	10070	3.11177	0.5	-18.0772	25.5501	0	0.809591	-0.586994	0	None	None
ChainingRodShaped	10072	2.9641	0.5	-28.9634	96.0221	0	-0.118926	0.992903	0	None	None
ChainingRodShaped	10074	2.98083	0.5	-72.7438	29.6609	0	0.544632	0.838675	0	None	None
ChainingRodShaped	10076	2.48907	0.5	12.2174	25.166	0	0.952093	0.30581	0	None	None
ChainingRodShaped	10078	3.03066	0.5	55.1194	38.7245	0	-0.876216	-0.481918	0	None	None
ChainingRodShaped	10080	2.88981	0.5	74.838	41.2639	0	-0.616448	-0.787396	0	None	None
ChainingRodShaped	10082	2.89995	0.5	-31.7222	76.0239	0	0.887994	0.459855	0	None	None
ChainingRodShaped	10084	3.0327	0.5	72.6727	20.9052	0	-0.988706	-0.14987	0	None	None
ChainingRodShaped	10086	3.16864	0.5	61.1903	57.2766	0	0.335461	0.942054	0	None	None
ChainingRodShaped	10088	2.66474	0.5	-25.1876	69.4131	0	-0.167625	-0.985851	0	None	None
ChainingRodShaped	10090	3.07251	0.5	15.4125	27.0282	0	0.219022	0.97572	0	None	None
ChainingRodShaped	10092	2.81687	0.5	54.7416	-0.714708	0	-0.924984	-0.380007	0	None	None
ChainingRodShaped	10094	2.92303	0.5	18.2412	-37.7998	0	0.433352	0.901225	0	None	None
ChainingRodShaped	10096	3.27852	0.5	46.4328	33.1436	0	0.955618	-0.294609	0	None	None
ChainingRodShaped	10098	2.65673	0.5	-28.9302	64.2601	0	-0.0406348	-0.999174	0	None	None
ChainingRodShaped	10100	2.83116	0.5	65.4011	69.2994	0	0.903	-0.429641	0	None	None
ChainingRodShaped	10102	3.00467	0.5	20.5323	16.4509	0	0.697701	-0.716389	0	None	None
ChainingRodShaped	10104	2.51932	0.5	-34.9938	8.3297	0	0.961263	0.275631	0	None	None
ChainingRodShaped	10106	2.72766	0.5	75.8286	26.2252	0	0.896479	-0.443086	0	None	None
ChainingRodShaped	10108	2.7893	0.5	-25.8912	-7.24329	0	-0.121859	0.992547	0	None	None
ChainingRodShaped	10110	2.92563	0.5	63.5875	-3.00802	0	-0.0629879	-0.998014	0	None	None
ChainingRodShaped	10112	2.99715	0.5	19.9815	23.8845	0	0.082064	-0.996627	0	None	None
ChainingRodShaped	10114	3.0912	0.5	-52.9943	36.6641	0	0.916277	0.400545	0	None	None
ChainingRodShaped	10116	3.01967	0.5	15.9447	-55.5665	0	0.993285	0.115692	0	None	None
ChainingRodShaped	10118	2.84154	0.5	-34.8396	2.29663	0	-0.289561	-0.95716	0	None	None
ChainingRodShaped	10120	2.45305	0.5	-66.8243	58.8937	0	-0.225234	-0.974305	0	None	None
ChainingRodShaped	10122	2.59021	0.5	18.8531	-31.6065	0	0.849611	-0.52741	0	None	None
ChainingRodShaped	10124	3.14961	0.5	17.0368	-0.785735	0	0.744975	-0.667093	0	None	None
ChainingRodShaped	10126	3.01319	0.5	11.827	-42.7625	0	-0.981757	0.190139	0	None	None
ChainingRodShaped	10128	2.89082	0.5	44.2386	-28.7693	0	0.758801	0.651323	0	None	None
ChainingRodShaped	10130	2.92972	0.5	-31.8611	-2.72788	0	-0.854637	-0.519226	0	None	None
ChainingRodShaped	10132	2.84221	0.5	9.63029	19.6813	0	-0.246798	0.969067	0	None	None
ChainingRodShaped	10134	2.79203	0.5	-9.7017	-28.6776	0	-0.711668	0.702516	0	None	None
ChainingRodShaped	10136	3.21968	0.5	81.7925	3.08437	0	0.789036	0.614347	0	None	None
ChainingRodShaped	10138	2.68323	0.5	3.58923	0.970011	0	-0.865675	0.500606	0	None	None
ChainingRodShaped	10140	2.84877	0.5	-40.2213	5.34567	0	0.127889	0.991789	0	None	None
ChainingRodShaped	10142	3.00047	0.5	-27.742	80.2203	0	0.964465	0.264212	0	None	None
ChainingRodShaped	10144	2.85439	0.5	-63.7001	-3.40314	0	-0.965972	-0.258646	0	None	None
ChainingRodShaped	10146	3.17251	0.5	-47.9387	45.4207	0	0.923784	0.382914	0	None	None
ChainingRodShaped	10148	2.86531	0.5	-65.7991	11.7439	0	-0.709938	0.704264	0	None	None
ChainingRodShaped	10150	2.66428	0.5	43.6591	21.3738	0	-0.496565	-0.867999	0	None	None
ChainingRodShaped	10152	3.15637	0.5	51.7824	52.6354	0	0.949643	0.313335	0	None	None
ChainingRodShaped	10154	3.08249	0.5	-74.3364	35.0678	0	-0.350805	0.936449	0	None	None
ChainingRodShaped	10156	2.62199	0.5	27.4039	-8.29921	0	0.117203	-0.993108	0	None	None
ChainingRodShaped	10158	2.99943	0.5	7.26403	32.3998	0	-0.942112	-0.335299	0	None	None
ChainingRodShaped	10160	3.12761	0.5	16.9712	8.02137	0	0.972392	0.233355	0	None	None
ChainingRodShaped	10162	2.60943	0.5	-11.4213	52.4834	0	0.445182	-0.89544	0	None	None
ChainingRodShaped	10164	2.6118	0.5	12.8796	-49.6145	0	0.934013	-0.35724	0	None	None
ChainingRodShaped	10166	2.6648	0.5	-16.8936	75.5928	0	-0.992658	0.120957	0	None	None
ChainingRodShaped	10168	2.42651	0.5	-30.3656	31.8995	0	0.978529	0.206107	0	None	None
ChainingRodShaped	10170	2.60783	0.5	29.2779	34.136	0	0.396182	-0.918172	0	None	None
ChainingRodShaped	10172	2.96862	0.5	-15.4634	-49.2627	0	0.769031	-0.639212	0	None	None
ChainingRodShaped	10174	2.99224	0.5	-33.9923	-35.715	0	0.99833	0.0577699	0	None	None
ChainingRodShaped	10176	2.72856	0.5	70.8548	11.0736	0	0.844775	-0.535121	0	None	None
ChainingRodShaped	10178	3.18648	0.5	-14.9804	-17.7212	0	-0.980492	-0.196559	0	None	None
ChainingRodShaped	10180	3.01703	0.5	-5.70663	64.8543	0	0.909464	-0.415784	0	None	None
ChainingRodShaped	10182	2.54855	0.5	-2.24288	-38.21	0	0.836144	-0.548509	0	None	None
ChainingRodShaped	10184	3.15919	0.5	82.8348	-4.82408	0	-0.723905	-0.689899	0	None	None
ChainingRodShaped	10186	2.64983	0.5	-21.8634	38.2784	0	-0.995537	-0.0943755	0	None	None
ChainingRodShaped	10188	3.02986	0.5	85.4129	63.6225	0	-0.507859	0.86144	0	None	None
ChainingRodShaped	10190	2.41883	0.5	-35.0915	34.1325	0	-0.740167	-0.672423	0	None	None
ChainingRodShaped	10192	2.56541	0.5	-54.1687	17.9317	0	0.640847	-0.767669	0	None	None
ChainingRodShaped	10194	2.44677	0.5	23.1835	34.0266	0	-0.0240761	0.99971	0	None	None
ChainingRodShaped	10196	2.49881	0.5	49.5112	45.6668	0	0.937851	0.347039	0	None	None
ChainingRodShaped	10198	3.18302	0.5	61.4795	2.35694	0	-0.981519	-0.191364	0	None	None
ChainingRodShaped	10200	2.58952	0.5	22.6886	82.4324	0	0.864871	0.501995	0	None	None
ChainingRodShaped	10202	2.49542	0.5	56.1879	-16.8071	0	0.112135	-0.993693	0	None	None
ChainingRodShaped	10204	2.70671	0.5	19.5704	40.5547	0	0.0193102	-0.999814	0	None	None
ChainingRodShaped	10206	2.85829	0.5	-34.822	-16.9596	0	-0.983214	0.182457	0	None	None
ChainingRodShaped	10208	2.6209	0.5	-69.3878	45.6131	0	0.94566	-0.325156	0	None	None
ChainingRodShaped	10210	2.69736	0.5	-32.0326	35.5741	0	-0.896618	-0.442804	0	None	None
ChainingRodShaped	10212	3.01371	0.5	22.6904	37.7705	0	0.0842264	0.996447	0	None	None
ChainingRodShaped	10214	2.53049	0.5	34.4901	-40.6144	0	0.943131	0.332421	0	None	None
ChainingRodShaped	10216	2.74449	0.5	60.4224	23.2408	0	0.851931	-0.523655	0	None	None
ChainingRodShaped	10218	2.62553	0.5	-44.8517	-13.5812	0	-0.982474	0.186402	0	None	None
ChainingRodShaped	10220	2.91646	0.5	-42.9469	59.3719	0	0.804197	0.594363	0	None	None
ChainingRodShaped	10222	2.46496	0.5	39.2626	99.0932	0	0.966184	0.257854	0	None	None
ChainingRodShaped	10224	2.56226	0.5	-42.8146	61.872	0	0.629587	0.77693	0	None	None
ChainingRodShaped	10226	2.92985	0.5	52.7794	1.68822	0	-0.986003	-0.16673	0	None	None
ChainingRodShaped	10228	2.99673	0.5	64.8112	-36.4716	0	-0.967187	0.254067	0	None	None
ChainingRodShaped	10230	2.68626	0.5	25.8992	11.0747	0	0.736257	0.676702	0	None	None
ChainingRodShaped	10232	3.08863	0.5	61.9056	84.056	0	0.998236	-0.0593686	0	None	None
ChainingRodShaped	10234	3.04094	0.5	27.1262	80.0026	0	0.893229	0.449601	0	None	None
ChainingRodShaped	10236	2.54606	0.5	16.879	102.629	0	0.478111	-0.878299	0	None	None
ChainingRodShaped	10238	2.57809	0.5	-27.621	-3.26146	0	-0.283795	0.958885	0	None	None
ChainingRodShaped	10240	2.91311	0.5	-1.61333	81.7641	0	-0.544204	-0.838953	0	None	None
ChainingRodShaped	10242	2.64281	0.5	30.2524	46.9904	0	0.128633	-0.991692	0	None	None
ChainingRodShaped	10244	3.04924	0.5	-26.3513	-43.8682	0	-0.86115	-0.508351	0	None	None
ChainingRodShaped	10246	2.73699	0.5	5.31861	83.4222	0	-0.570573	-0.821247	0	None	None
ChainingRodShaped	10248	2.9462	0.5	24.1087	6.66274	0	0.772561	0.634941	0	None	None
ChainingRodShaped	10250	2.39554	0.5	19.778	49.4526	0	0.664085	0.747657	0	None	None
ChainingRodShaped	10252	2.55749	0.5	23.2441	52.9345	0	0.661199	0.750211	0	None	None
ChainingRodShaped	10254	3.06521	0.5	23.2982	3.22953	0	-0.999474	0.032434	0	None	None
ChainingRodShaped	10256	2.846	0.5	65.8382	28.9729	0	0.687247	-0.726424	0	None	None
ChainingRodShaped	10258	2.39632	0.5	-30.7484	32.7176	0	-0.976431	-0.21583	0	None	None
ChainingRodShaped	10260	2.74385	0.5	54.3579	73.4309	0	0.430346	0.902664	0	None	None
ChainingRodShaped	10262	3.07269	0.5	-33.2645	1.49358	0	-0.198484	-0.980104	0	None	None
ChainingRodShaped	10264	3.15475	0.5	56.9924	-16.2435	0	0.11625	-0.99322	0	None	None
ChainingRodShaped	10266	2.9242	0.5	22.8746	-46.3432	0	-0.000469968	-1	0	None	None
ChainingRodShaped	10268	2.87298	0.5	27.8269	92.6383	0	-0.0801217	-0.996785	0	None	None
ChainingRodShaped	10270	3.16343	0.5	-4.19864	1.60837	0	-0.880202	-0.4746	0	None	None
ChainingRodShaped	10272	2.82124	0.5	2.86691	-13.334	0	-0.434356	0.900741	0	None	None
ChainingRodShaped	10274	2.60879	0.5	22.4143	76.8975	0	0.976566	0.215219	0	None	None
ChainingRodShaped	10276	2.51137	0.5	-0.79782	12.9858	0	0.927451	-0.373946	0	None	None
ChainingRodShaped	10278	3.03088	0.5	66.8472	-35.3006	0	-0.256664	0.966501	0	None	None
ChainingRodShaped	10280	2.41147	0.5	25.9586	-44.7591	0	0.361091	-0.932531	0	None	None
ChainingRodShaped	10282	2.39845	0.5	-22.7581	46.5492	0	0.850594	-0.525823	0	None	None
ChainingRodShaped	10284	2.63506	0.5	-2.05421	-18.1036	0	0.555312	-0.831642	0	None	None
ChainingRodShaped	10286	2.69944	0.5	44.1116	-3.81198	0	0.127027	-0.991899	0	None	None
ChainingRodShaped	10288	2.77795	0.5	-43.8908	39.0636	0	0.973592	0.228296	0	None	None
ChainingRodShaped	10290	2.8262	0.5	31.0361	40.0654	0	0.333183	-0.942862	0	None	None
ChainingRodShaped	10292	2.76039	0.5	-1.11681	-24.7881	0	-0.630483	0.776203	0	None	None
ChainingRodShaped	10294	2.58431	0.5	5.48002	104.703	0	0.984225	0.176921	0	None	None
ChainingRodShaped	10296	2.87139	0.5	-60.5421	10.6172	0	-0.762754	0.646689	0	None	None
ChainingRodShaped	10298	2.83231	0.5	-0.0716761	-22.2635	0	0.617444	-0.786615	0	None	None
ChainingRodShaped	10300	2.40057	0.5	62.8868	54.8319	0	0.208891	0.977939	0	None	None
ChainingRodShaped	10302	3.1472	0.5	-13.1243	17.9716	0	0.72847	-0.685078	0	None	None
ChainingRodShaped	10304	3.00285	0.5	65.1545	-25.9216	0	-0.0911096	-0.995841	0	None	None
ChainingRodShaped	10306	2.9166	0.5	30.2405	39.9607	0	0.335001	-0.942218	0	None	None
ChainingRodShaped	10308	3.01003	0.5	-17.9171	16.573	0	0.535536	-0.844513	0	None	None
ChainingRodShaped	10310	2.99984	0.5	-44.0307	39.8134	0	0.971246	0.238076	0	None	None
ChainingRodShaped	10312	2.94718	0.5	36.8451	69.7419	0	-0.342772	-0.939419	0	None	None
ChainingRodShaped	10314	2.93234	0.5	-48.4804	10.0427	0	0.0996826	-0.995019	0	None	None
ChainingRodShaped	10316	2.99349	0.5	67.6514	-13.562	0	-0.421175	0.90698	0	None	None
ChainingRodShaped	10318	2.68689	0.5	43.5798	37.152	0	-0.880683	-0.473706	0	None	None
ChainingRodShaped	10320	2.78952	0.5	-45.0527	55.9181	0	-0.81944	-0.573164	0	None	None
ChainingRodShaped	10322	2.69783	0.5	1.61682	6.82189	0	0.945119	-0.326726	0	None	None
ChainingRodShaped	10324	2.93861	0.5	26.4197	-25.6309	0	-0.925626	-0.37844	0	None	None
ChainingRodShaped	10326	2.5999	0.5	-13.0097	-48.1038	0	0.970531	-0.240978	0	None	None
ChainingRodShaped	10328	2.70527	0.5	41.4735	41.5758	0	0.937495	0.347998	0	None	None
ChainingRodShaped	10330	3.08918	0.5	39.8755	16.1169	0	-0.469766	-0.882791	0	None	None
ChainingRodShaped	10332	2.45083	0.5	14.3507	21.4496	0	0.729307	-0.684186	0	None	None
ChainingRodShaped	10334	2.47459	0.5	35.9928	5.82028	0	-0.515394	-0.856953	0	None	None
ChainingRodShaped	10336	2.44237	0.5	-22.8353	18.1246	0	0.853872	-0.520483	0	None	None
ChainingRodShaped	10338	2.40465	0.5	-35.9393	36.6646	0	-0.734399	-0.678718	0	None	None
ChainingRodShaped	10340	2.99935	0.5	46.6254	97.6199	0	0.999303	0.0373332	0	None	None
ChainingRodShaped	10342	2.78619	0.5	45.1193	42.1233	0	0.908916	0.41698	0	None	None
ChainingRodShaped	10344	2.92692	0.5	-8.95567	-7.36523	0	-0.899903	-0.436091	0	None	None
ChainingRodShaped	10346	2.74793	0.5	29.3708	22.3269	0	0.51985	-0.854257	0	None	None
ChainingRodShaped	10348	3.00382	0.5	-23.7389	77.6403	0	0.993902	0.110269	0	None	None
ChainingRodShaped	10350	3.04493	0.5	73.1321	14.1419	0	0.17812	-0.984009	0	None	None
ChainingRodShaped	10352	2.4737	0.5	46.9593	64.4016	0	-0.0502481	-0.998737	0	None	None
ChainingRodShaped	10354	2.42996	0.5	5.88354	-6.79076	0	-0.68408	0.729407	0	None	None
ChainingRodShaped	10356	3.05178	0.5	-3.54683	21.6729	0	0.579577	-0.814917	0	None	None
ChainingRodShaped	10358	2.61372	0.5	-43.8199	-29.9858	0	0.71803	0.696012	0	None	None
ChainingRodShaped	10360	3.02796	0.5	-5.51745	65.5809	0	-0.905317	0.424736	0	None	None
ChainingRodShaped	10362	2.97158	0.5	81.0931	11.6919	0	0.664863	-0.746965	0	None	None
ChainingRodShaped	10364	2.89672	0.5	4.66979	67.9878	0	0.628534	-0.777782	0	None	None
ChainingRodShaped	10366	2.45425	0.5	-19.1179	24.3995	0	0.817241	-0.576296	0	None	None
ChainingRodShaped	10368	2.8696	0.5	21.2651	-2.44973	0	0.78587	-0.618392	0	None	None
ChainingRodShaped	10370	3.07637	0.5	-6.85996	-22.7304	0	-0.622045	0.782981	0	None	None
ChainingRodShaped	10372	2.50886	0.5	8.08498	-53.9714	0	0.261182	-0.96529	0	None	None
ChainingRodShaped	10374	2.60547	0.5	25.2549	-45.4147	0	0.354139	-0.935193	0	None	None
ChainingRodShaped	10376	2.66982	0.5	82.024	60.513	0	0.302315	-0.953208	0	None	None
ChainingRodShaped	10378	2.84679	0.5	80.213	45.9758	0	-0.823991	-0.566603	0	None	None
ChainingRodShaped	10380	2.97766	0.5	25.8698	-30.8767	0	0.997201	0.0747705	0	None	None
ChainingRodShaped	10382	2.44337	0.5	63.5419	90.9469	0	0.672881	-0.739751	0	None	None
ChainingRodShaped	10384	3.02136	0.5	4.441	-18.9564	0	0.697315	-0.716765	0	None	None
ChainingRodShaped	10386	2.50642	0.5	10.4635	-44.3274	0	0.97647	-0.215654	0	None	None
ChainingRodShaped	10388	2.9839	0.5	63.8526	70.989	0	0.936524	-0.350602	0	None	None
ChainingRodShaped	10390	2.69357	0.5	18.425	61.3352	0	0.796425	0.604738	0	None	None
ChainingRodShaped	10392	2.59201	0.5	29.0015	63.1577	0	0.87129	0.490768	0	None	None
ChainingRodShaped	10394	2.9311	0.5	50.7824	16.6695	0	-0.977937	-0.2089	0	None	None
ChainingRodShaped	10396	2.70464	0.5	87.652	57.0152	0	-0.508425	0.861106	0	None	None
ChainingRodShaped	10398	2.56022	0.5	40.6647	-37.8254	0	0.875284	0.483609	0	None	None
ChainingRodShaped	10400	2.71506	0.5	-25.3391	-5.21351	0	0.137747	-0.990467	0	None	None
ChainingRodShaped	10402	2.60188	0.5	59.2764	85.8169	0	0.621944	0.783061	0	None	None
ChainingRodShaped	10404	2.82995	0.5	-35.1769	-19.5804	0	0.979827	-0.199849	0	None	None
ChainingRodShaped	10406	2.69637	0.5	86.5007	29.4209	0	-0.821269	-0.570541	0	None	None
ChainingRodShaped	10408	3.03531	0.5	-3.55131	-29.7329	0	-0.998656	0.0518273	0	None	None
ChainingRodShaped	10410	2.67032	0.5	-3.99125	33.5403	0	-0.433234	-0.901281	0	None	None
ChainingRodShaped	10412	3.07192	0.5	44.7489	84.1371	0	0.0740703	-0.997253	0	None	None
ChainingRodShaped	10414	2.78772	0.5	5.95054	-53.5068	0	-0.249165	0.968461	0	None	None
ChainingRodShaped	10416	2.77865	0.5	81.271	68.9722	0	0.319985	-0.947423	0	None	None
ChainingRodShaped	10418	2.80872	0.5	-9.95197	-47.965	0	-0.95809	0.286468	0	None	None
ChainingRodShaped	10420	2.76077	0.5	83.8842	17.6542	0	0.38284	-0.923815	0	None	None
ChainingRodShaped	10422	2.99556	0.5	-15.8768	-39.7853	0	-0.954904	-0.296914	0	None	None
ChainingRodShaped	10424	2.58137	0.5	2.62893	56.0025	0	0.999806	0.0196893	0	None	None
ChainingRodShaped	10426	2.76878	0.5	86.7108	50.0431	0	-0.937766	-0.347269	0	None	None
ChainingRodShaped	10428	2.70425	0.5	71.5307	-4.10553	0	0.0132078	-0.999913	0	None	None
ChainingRodShaped	10430	2.97815	0.5	18.736	-29.5576	0	0.843367	-0.537338	0	None	None
ChainingRodShaped	10432	2.96968	0.5	56.769	62.2412	0	0.801016	0.598643	0	None	None
ChainingRodShaped	10434	3.01435	0.5	-8.69564	-28.3184	0	-0.774761	0.632254	0	None	None
ChainingRodShaped	10436	2.6698	0.5	-2.79694	86.3717	0	0.958101	0.286432	0	None	None
ChainingRodShaped	10438	2.89489	0.5	-14.712	105.279	0	0.990774	-0.135527	0	None	None
ChainingRodShaped	10440	2.73173	0.5	22.5799	110.426	0	0.208588	0.978004	0	None	None
ChainingRodShaped	10442	2.92547	0.5	-44.846	77.9761	0	0.643635	0.765333	0	None	None
ChainingRodShaped	10444	2.59606	0.5	46.5837	14.8104	0	-0.564469	-0.825454	0	None	None
ChainingRodShaped	10446	2.85632	0.5	-57.7371	-5.43429	0	-0.943083	0.332557	0	None	None
ChainingRodShaped	10448	2.64345	0.5	27.6705	26.6089	0	0.0447544	0.998998	0	None	None
ChainingRodShaped	10450	3.04688	0.5	-3.71566	84.1643	0	-0.510157	-0.860081	0	None	None
ChainingRodShaped	10452	2.51374	0.5	50.277	-40.2122	0	0.424865	-0.905257	0	None	None
ChainingRodShaped	10454	2.52532	0.5	-16.8968	-15.0809	0	-0.3724	0.928072	0	None	None
ChainingRodShaped	10456	2.47403	0.5	-36.385	-25.3205	0	0.712713	0.701455	0	None	None
ChainingRodShaped	10458	2.85213	0.5	-14.7718	40.0829	0	-0.980112	-0.198446	0	None	None
ChainingRodShaped	10460	2.90729	0.5	38.1328	76.5993	0	0.28081	0.959763	0	None	None
ChainingRodShaped	10462	3.00727	0.5	71.9383	58.6167	0	-0.699602	0.714533	0	None	None
ChainingRodShaped	10464	2.52107	0.5	19.6495	-21.4725	0	-0.880511	0.474025	0	None	None
ChainingRodShaped	10466	2.52807	0.5	-3.77023	-34.3116	0	-0.957377	-0.28884	0	None	None
ChainingRodShaped	10468	2.82555	0.5	16.2294	105.967	0	0.760758	-0.649036	0	None	None
ChainingRodShaped	10470	2.69462	0.5	19.6197	-53.5951	0	0.997431	-0.0716376	0	None	None
ChainingRodShaped	10472	2.44829	0.5	35.0471	28.4135	0	0.993834	0.110876	0	None	None
ChainingRodShaped	10474	3.00397	0.5	1.99512	58.901	0	-0.918908	-0.394473	0	None	None
ChainingRodShaped	10476	2.59195	0.5	-29.9635	6.76999	0	-0.969142	-0.246501	0	None	None
ChainingRodShaped	10478	2.55376	0.5	34.5211	42.9867	0	0.93082	-0.365479	0	None	None
ChainingRodShaped	10480	2.40645	0.5	-39.137	72.2973	0	0.607363	0.794425	0	None	None
ChainingRodShaped	10482	3.03943	0.5	13.3791	86.7828	0	-0.531166	-0.847268	0	None	None
ChainingRodShaped	10484	2.53192	0.5	48.7295	72.4331	0	-0.20664	-0.978417	0	None	None
ChainingRodShaped	10486	2.99728	0.5	-21.0949	23.805	0	0.824597	-0.565721	0	None	None
ChainingRodShaped	10488	2.96265	0.5	14.0058	19.9439	0	0.715341	-0.698776	0	None	None
ChainingRodShaped	10490	2.42797	0.5	-67.2435	30.1378	0	0.465095	-0.885261	0	None	None
ChainingRodShaped	10492	2.83983	0.5	10.9118	19.4886	0	-0.176208	0.984353	0	None	None
ChainingRodShaped	10494	2.95072	0.5	47.6438	60.3975	0	-0.0571337	-0.998367	0	None	None
ChainingRodShaped	10496	2.35366	0.5	55.7367	80.0175	0	0.465223	0.885193	0	None	None
ChainingRodShaped	10498	3.0024	0.5	30.9361	107.899	0	0.489715	-0.871883	0	None	None
ChainingRodShaped	10500	2.5815	0.5	-34.525	16.3592	0	0.986018	0.166638	0	None	None
ChainingRodShaped	10502	2.51072	0.5	66.6134	-17.743	0	-0.426159	0.904648	0	None	None
ChainingRodShaped	10504	2.91986	0.5	-46.7665	41.4055	0	0.884232	0.467048	0	None	None
ChainingRodShaped	10506	2.47018	0.5	-41.0974	14.7833	0	0.997099	0.0761101	0	None	None
ChainingRodShaped	10508	2.81869	0.5	-31.5585	81.8262	0	0.962046	0.272886	0	None	None
ChainingRodShaped	10510	2.70164	0.5	67.0703	5.62677	0	-0.950959	-0.309316	0	None	None
ChainingRodShaped	10512	2.59865	0.5	33.2579	70.594	0	0.855836	0.517248	0	None	None
ChainingRodShaped	10514	2.98083	0.5	-11.088	33.8469	0	-0.938679	-0.344792	0	None	None
ChainingRodShaped	10516	2.87748	0.5	-10.8291	85.0545	0	0.967452	-0.253053	0	None	None
ChainingRodShaped	10518	2.88969	0.5	-18.3221	-19.236	0	0.981724	0.190309	0	None	None
ChainingRodShaped	10520	2.39134	0.5	6.49375	-26.0747	0	0.645022	-0.764164	0	None	None
ChainingRodShaped	10522	2.86789	0.5	-1.40737	35.8052	0	-0.940674	-0.339312	0	None	None
ChainingRodShaped	10524	2.50524	0.5	-44.8957	22.0138	0	0.880874	-0.47335	0	None	None
ChainingRodShaped	10526	2.83241	0.5	25.4027	24.4648	0	-0.028536	0.999593	0	None	None
ChainingRodShaped	10528	2.83579	0.5	77.227	8.73127	0	0.0302245	-0.999543	0	None	None
ChainingRodShaped	10530	2.7528	0.5	84.5262	40.8977	0	0.897518	0.440977	0	None	None
ChainingRodShaped	10532	2.79532	0.5	29.8636	75.4271	0	0.830597	0.556874	0	None	None
ChainingRodShaped	10534	2.79461	0.5	-40.8792	80.0683	0	0.628405	0.777886	0	None	None
ChainingRodShaped	10536	2.45248	0.5	57.5688	-32.5855	0	-0.52695	-0.849896	0	None	None
ChainingRodShaped	10538	2.57469	0.5	-46.4668	65.7236	0	0.624614	0.780934	0	None	None
ChainingRodShaped	10540	2.49174	0.5	-28.5429	36.1064	0	-0.936928	-0.349522	0	None	None
ChainingRodShaped	10542	2.85896	0.5	8.93909	58.612	0	0.81091	0.585171	0	None	None
ChainingRodShaped	10544	2.47956	0.5	-26.2412	96.7564	0	-0.114838	0.993384	0	None	None
ChainingRodShaped	10546	2.57353	0.5	-15.4338	19.2606	0	0.678881	-0.734248	0	None	None
ChainingRodShaped	10548	2.7825	0.5	13.3042	9.66068	0	0.298574	-0.954386	0	None	None
ChainingRodShaped	10550	2.89457	0.5	-3.07547	93.398	0	0.892822	0.450409	0	None	None
ChainingRodShaped	10552	2.89474	0.5	52.9979	-23.5281	0	0.18651	0.982453	0	None	None
ChainingRodShaped	10554	2.83292	0.5	74.5482	16.261	0	0.180685	-0.983541	0	None	None
ChainingRodShaped	10556	2.54312	0.5	-26.1818	35.6541	0	-0.984674	-0.174405	0	None	None
ChainingRodShaped	10558	2.4926	0.5	-22.1247	103.012	0	0.845674	-0.533699	0	None	None
ChainingRodShaped	10560	2.57554	0.5	-11.6966	-12.1292	0	0.953918	-0.300069	0	None	None
ChainingRodShaped	10562	2.66605	0.5	54.4576	-16.8387	0	-0.0922973	0.995731	0	None	None
ChainingRodShaped	10564	2.41102	0.5	14.9469	38.6868	0	-0.0100585	0.999949	0	None	None
ChainingRodShaped	10566	2.88219	0.5	28.4089	61.9045	0	0.876228	0.481896	0	None	None
ChainingRodShaped	10568	2.37352	0.5	74.4463	6.67343	0	-0.158023	-0.987435	0	None	None
ChainingRodShaped	10570	2.80881	0.5	25.6816	82.2833	0	0.871443	0.490497	0	None	None
ChainingRodShaped	10572	2.34645	0.5	39.5314	-19.3391	0	-0.872222	-0.48911	0	None	None
ChainingRodShaped	10574	2.67818	0.5	43.8383	-41.3743	0	0.879221	0.476414	0	None	None
ChainingRodShaped	10576	2.87145	0.5	-17.9097	45.6654	0	0.970113	-0.242654	0	None	None
ChainingRodShaped	10578	2.6325	0.5	64.2494	52.3776	0	0.944551	0.328365	0	None	None
ChainingRodShaped	10580	2.45225	0.5	65.1874	56.4804	0	0.941496	0.337024	0	None	None
ChainingRodShaped	10582	2.93029	0.5	-25.9335	-19.7776	0	-0.294505	0.95565	0	None	None
ChainingRodShaped	10584	2.5138	0.5	34.5655	10.412	0	-0.60274	-0.797938	0	None	None
ChainingRodShaped	10586	2.52152	0.5	55.9608	72.9093	0	0.448466	0.8938	0	None	None
ChainingRodShaped	10588	2.70129	0.5	45.9495	-13.4468	0	-0.438327	-0.898816	0	None	None
ChainingRodShaped	10590	2.49635	0.5	-4.04768	80.5155	0	-0.153766	-0.988107	0	None	None
ChainingRodShaped	10592	2.81645	0.5	43.1928	26.1213	0	0.956194	-0.292735	0	None	None
ChainingRodShaped	10594	2.67274	0.5	-14.9465	-48.4375	0	-0.766439	0.642317	0	None	None
ChainingRodShaped	10596	2.72797	0.5	0.160214	86.7158	0	-0.832756	-0.55364	0	None	None
ChainingRodShaped	10598	2.53251	0.5	-14.8477	48.7763	0	0.694255	-0.719729	0	None	None
ChainingRodShaped	10600	2.68394	0.5	57.0512	-24.0788	0	0.133281	-0.991078	0	None	None
ChainingRodShaped	10602	2.40499	0.5	35.4022	78.8724	0	0.49731	0.867573	0	None	None
ChainingRodShaped	10604	2.78545	0.5	-39.7704	43.4495	0	0.774674	0.632361	0	None	None
ChainingRodShaped	10606	2.47764	0.5	-20.3692	-23.6307	0	-0.903274	0.429064	0	None	None
ChainingRodShaped	10608	2.90314	0.5	27.1925	42.6127	0	0.169218	-0.985579	0	None	None
ChainingRodShaped	10610	2.46624	0.5	-9.76213	3.05098	0	-0.973083	-0.230454	0	None	None
ChainingRodShaped	10612	2.84808	0.5	-36.2119	-37.9622	0	0.667052	-0.745011	0	None	None
ChainingRodShaped	10614	2.69514	0.5	25.1223	43.8015	0	0.550571	0.834788	0	None	None
ChainingRodShaped	10616	2.4521	0.5	-18.2085	94.3307	0	0.203926	-0.978986	0	None	None
ChainingRodShaped	10618	2.78012	0.5	8.76153	-38.5523	0	-0.975414	0.22038	0	None	None
ChainingRodShaped	10620	2.3246	0.5	39.7061	91.5418	0	0.876315	0.481739	0	None	None
ChainingRodShaped	10622	2.58163	0.5	29.5704	-20.1988	0	-0.89353	-0.449003	0	None	None
ChainingRodShaped	10624	2.8403	0.5	79.8913	-11.4614	0	0.907722	0.419571	0	None	None
ChainingRodShaped	10626	2.356	0.5	79.9624	67.0806	0	0.300991	-0.953627	0	None	None
ChainingRodShaped	10628	2.57058	0.5	-28.3948	29.5982	0	0.999168	0.0407753	0	None	None
ChainingRodShaped	10630	2.70718	0.5	-13.2772	70.4999	0	-0.983593	0.180404	0	None	None
ChainingRodShaped	10632	2.43812	0.5	22.978	85.6193	0	-0.859156	-0.511714	0	None	None
ChainingRodShaped	10634	2.4208	0.5	56.019	43.6877	0	0.929169	0.369654	0	None	None
ChainingRodShaped	10636	2.83523	0.5	-11.652	21.3988	0	0.755573	-0.655065	0	None	None
ChainingRodShaped	10638	2.60154	0.5	53.7106	55.8829	0	-0.084161	0.996452	0	None	None
ChainingRodShaped	10640	2.77562	0.5	87.4484	42.1066	0	-0.64688	-0.762591	0	None	None
ChainingRodShaped	10642	2.69016	0.5	19.4501	75.456	0	0.969917	0.243435	0	None	None
ChainingRodShaped	10644	2.40776	0.5	-10.243	22.3019	0	0.749457	-0.662053	0	None	None
ChainingRodShaped	10646	2.79788	0.5	-6.49057	68.8236	0	0.653226	-0.757163	0	None	None
ChainingRodShaped	10648	2.84132	0.5	54.0048	26.8957	0	0.880961	-0.473188	0	None	None
ChainingRodShaped	10650	2.88778	0.5	-28.6613	25.3562	0	0.982196	0.187859	0	None	None
ChainingRodShaped	10652	2.77106	0.5	34.4415	-48.0161	0	0.905709	0.423899	0	None	None
ChainingRodShaped	10654	2.53004	0.5	9.70731	-48.3638	0	0.811479	-0.584381	0	None	None
ChainingRodShaped	10656	2.32282	0.5	60.884	3.07366	0	-0.983113	-0.183	0	None	None
ChainingRodShaped	10658	2.54005	0.5	34.4086	-24.1207	0	-0.878351	-0.478016	0	None	None
ChainingRodShaped	10660	2.41807	0.5	-8.75592	12.4846	0	0.570411	-0.82136	0	None	None
ChainingRodShaped	10662	2.85	0.5	-31.164	27.5297	0	0.838786	-0.544461	0	None	None
ChainingRodShaped	10664	2.79334	0.5	-25.0333	-25.8216	0	0.731915	0.681396	0	None	None
ChainingRodShaped	10666	2.56499	0.5	15.5246	103.265	0	0.459488	-0.888184	0	None	None
ChainingRodShaped	10668	2.433	0.5	10.7719	75.0746	0	0.969183	0.246343	0	None	None
ChainingRodShaped	10670	2.70806	0.5	60.5769	-35.7844	0	0.954693	-0.297593	0	None	None
ChainingRodShaped	10672	2.36892	0.5	25.2232	109.087	0	0.797743	0.602998	0	None	None
ChainingRodShaped	10674	2.77597	0.5	23.6642	98.504	0	0.822013	0.569469	0	None	None
ChainingRodShaped	10676	2.34193	0.5	46.8507	53.6844	0	0.958481	0.285156	0	None	None
ChainingRodShaped	10678	2.5857	0.5	-46.9506	42.192	0	0.888871	0.458158	0	None	None
ChainingRodShaped	10680	2.37588	0.5	4.9121	-40.0527	0	-0.954475	0.298291	0	None	None
ChainingRodShaped	10682	2.75908	0.5	1.80883	44.2295	0	0.999998	0.00190002	0	None	None
ChainingRodShaped	10684	2.88426	0.5	-48.6131	-17.4882	0	0.83268	-0.553755	0	None	None
ChainingRodShaped	10686	2.70625	0.5	69.9523	5.97226	0	-0.186121	-0.982527	0	None	None
ChainingRodShaped	10688	2.41717	0.5	-17.2356	25.9565	0	0.803695	-0.595042	0	None	None
ChainingRodShaped	10690	2.70297	0.5	58.7432	86.636	0	0.625567	0.78017	0	None	None
ChainingRodShaped	10692	2.88925	0.5	-32.4973	12.4743	0	0.985791	0.167978	0	None	None
ChainingRodShaped	10694	2.53898	0.5	44.6767	-38.8012	0	0.877459	0.479651	0	None	None
ChainingRodShaped	10696	2.40976	0.5	-34.1978	101.578	0	0.53654	0.843875	0	None	None
ChainingRodShaped	10698	2.72737	0.5	-8.70927	26.2371	0	0.758341	-0.651858	0	None	None
ChainingRodShaped	10700	2.3463	0.5	36.8818	-11.9089	0	-0.216028	-0.976387	0	None	None
ChainingRodShaped	10702	2.84249	0.5	28.6024	56.2711	0	0.805773	0.592224	0	None	None
ChainingRodShaped	10704	2.59303	0.5	23.3437	-39.1003	0	-0.0310486	-0.999518	0	None	None
ChainingRodShaped	10706	2.86628	0.5	75.0714	23.659	0	-0.882744	0.469855	0	None	None
ChainingRodShaped	10708	2.30022	0.5	-10.378	97.232	0	0.18713	-0.982335	0	None	None
ChainingRodShaped	10710	2.66132	0.5	-25.6803	-12.0076	0	-0.558415	0.829561	0	None	None
ChainingRodShaped	10712	2.44416	0.5	51.4047	-15.4469	0	0.519234	0.854632	0	None	None
ChainingRodShaped	10714	2.66893	0.5	3.83448	-42.3911	0	0.950843	-0.309672	0	None	None
ChainingRodShaped	10716	2.74108	0.5	-0.212013	98.8377	0	0.606134	0.795362	0	None	None
ChainingRodShaped	10718	2.44272	0.5	55.1347	56.0107	0	0.360408	0.932795	0	None	None
ChainingRodShaped	10720	2.46048	0.5	36.0564	26.381	0	0.994869	0.101167	0	None	None
ChainingRodShaped	10722	2.48414	0.5	34.5578	18.8047	0	0.722969	0.690881	0	None	None
ChainingRodShaped	10724	2.54927	0.5	24.9939	-47.3712	0	0.30562	-0.952154	0	None	None
ChainingRodShaped	10726	2.86847	0.5	31.4904	50.2792	0	-0.0961387	0.995368	0	None	None
ChainingRodShaped	10728	2.45194	0.5	77.6713	-6.32782	0	-0.216656	-0.976248	0	None	None
ChainingRodShaped	10730	2.50802	0.5	-36.7255	-14.8565	0	0.994292	-0.10669	0	None	None
ChainingRodShaped	10732	2.78965	0.5	-14.9931	96.6784	0	0.178157	-0.984002	0	None	None
ChainingRodShaped	10734	2.48947	0.5	57.1471	46.7645	0	0.929892	0.367834	0	None	None
ChainingRodShaped	10736	2.83971	0.5	69.291	71.2135	0	0.859211	-0.511621	0	None	None
ChainingRodShaped	10738	2.48581	0.5	40.0618	85.991	0	0.985731	0.168331	0	None	None
ChainingRodShaped	10740	2.83132	0.5	-28.5064	0.884793	0	0.748656	-0.662958	0	None	None
ChainingRodShaped	10742	2.51529	0.5	38.9102	-28.1386	0	0.983691	0.179868	0	None	None
ChainingRodShaped	10744	2.36684	0.5	-1.59686	-50.8999	0	-0.317331	0.948315	0	None	None
ChainingRodShaped	10746	2.65164	0.5	-39.9506	61.5319	0	0.814005	0.580858	0	None	None
ChainingRodShaped	10748	2.57429	0.5	16.6455	5.82627	0	-0.275233	-0.961377	0	None	None
ChainingRodShaped	10750	2.56522	0.5	-4.72291	20.4173	0	0.70255	-0.711634	0	None	None
ChainingRodShaped	10752	2.8382	0.5	84.4292	13.9658	0	-0.399248	0.916843	0	None	None
ChainingRodShaped	10754	2.54454	0.5	5.45156	30.253	0	-0.936818	-0.349817	0	None	None
ChainingRodShaped	10756	2.73228	0.5	46.5073	46.2167	0	0.928215	0.372045	0	None	None
ChainingRodShaped	10758	2.77582	0.5	19.9485	80.6633	0	-0.983604	-0.180342	0	None	None
ChainingRodShaped	10760	2.33973	0.5	0.957793	-14.7785	0	0.448941	-0.893561	0	None	None
ChainingRodShaped	10762	2.55237	0.5	2.21885	16.631	0	0.922121	-0.386902	0	None	None
ChainingRodShaped	10764	2.46824	0.5	90.9131	13.495	0	-0.42055	0.907269	0	None	None
ChainingRodShaped	10766	2.3194	0.5	39.3192	89.38	0	0.985912	0.167265	0	None	None
ChainingRodShaped	10768	2.39022	0.5	-18.5775	61.9288	0	-0.152311	-0.988333	0	None	None
ChainingRodShaped	10770	2.54195	0.5	-9.21066	68.5774	0	-0.941649	0.336596	0	None	None
ChainingRodShaped	10772	2.77622	0.5	73.6082	6.99924	0	-0.167837	-0.985815	0	None	None
ChainingRodShaped	10774	2.64596	0.5	40.8624	86.9854	0	0.983991	0.178221	0	None	None
ChainingRodShaped	10776	2.37293	0.5	-35.5134	92.3443	0	-0.856044	0.516903	0	None	None
ChainingRodShaped	10778	2.48865	0.5	-69.4132	48.374	0	0.994375	0.105917	0	None	None
ChainingRodShaped	10780	2.47657	0.5	47.6285	-13.7863	0	0.456166	0.889895	0	None	None
ChainingRodShaped	10782	2.5554	0.5	39.757	24.0987	0	0.963123	-0.26906	0	None	None
ChainingRodShaped	10784	2.42009	0.5	-45.8878	-9.74635	0	-0.967695	0.252125	0	None	None
ChainingRodShaped	10786	2.58745	0.5	43.0788	-22.8825	0	0.650643	0.759383	0	None	None
ChainingRodShaped	10788	2.474	0.5	41.302	45.0079	0	0.935861	0.352369	0	None	None
ChainingRodShaped	10790	2.30757	0.5	-38.5254	24.8657	0	-0.863035	-0.505144	0	None	None
ChainingRodShaped	10792	2.2836	0.5	-47.3675	4.52517	0	-0.8882	-0.459457	0	None	None
ChainingRodShaped	10794	2.48887	0.5	36.0797	-18.3436	0	-0.87704	-0.480416	0	None	None
ChainingRodShaped	10796	2.62809	0.5	-49.3234	34.8309	0	0.845298	0.534295	0	None	None
ChainingRodShaped	10798	2.63771	0.5	2.13424	49.537	0	0.989978	-0.14122	0	None	None
ChainingRodShaped	10800	2.3774	0.5	-38.4455	-24.8165	0	0.717477	0.696582	0	None	None
ChainingRodShaped	10802	2.364	0.5	-8.16719	-37.7872	0	-0.108844	-0.994059	0	None	None
ChainingRodShaped	10804	2.44687	0.5	-21.6363	8.88383	0	-0.778336	-0.627848	0	None	None
ChainingRodShaped	10806	2.52379	0.5	82.7965	9.40051	0	0.220203	0.975454	0	None	None
ChainingRodShaped	10808	2.718	0.5	-70.1297	9.85441	0	0.939757	-0.341844	0	None	None
ChainingRodShaped	10810	2.5116	0.5	20.3561	103.901	0	0.497823	-0.867279	0	None	None
ChainingRodShaped	10812	2.35994	0.5	85.2693	22.8121	0	0.438152	-0.898901	0	None	None
ChainingRodShaped	10814	2.75585	0.5	-33.387	-16.2535	0	-0.984262	0.176716	0	None	None
ChainingRodShaped	10816	2.6948	0.5	72.4994	42.4809	0	-0.6267	-0.779261	0	None	None
ChainingRodShaped	10818	2.52846	0.5	47.9466	30.012	0	0.893383	-0.449295	0	None	None
ChainingRodShaped	10820	2.35277	0.5	-42.2879	-31.0863	0	0.963061	0.269283	0	None	None
ChainingRodShaped	10822	2.45743	0.5	-31.3279	67.9598	0	0.903322	0.428962	0	None	None
ChainingRodShaped	10824	2.52232	0.5	-11.8471	72.9798	0	0.591511	-0.806297	0	None	None
ChainingRodShaped	10826	2.49605	0.5	43.9219	82.7181	0	0.00730141	-0.999973	0	None	None
ChainingRodShaped	10828	2.28386	0.5	12.4696	-14.6033	0	-0.977233	-0.212171	0	None	None
ChainingRodShaped	10830	2.39617	0.5	67.8277	12.2402	0	0.990615	0.136682	0	None	None
ChainingRodShaped	10832	2.32285	0.5	82.4556	68.4423	0	0.316334	-0.948648	0	None	None
ChainingRodShaped	10834	2.40677	0.5	-9.48024	29.9372	0	0.766825	-0.641856	0	None	None
ChainingRodShaped	10836	2.32292	0.5	71.0675	36.0253	0	-0.949687	-0.313201	0	None	None
ChainingRodShaped	10838	2.46163	0.5	-37.6122	32.9647	0	-0.712675	-0.701495	0	None	None
ChainingRodShaped	10840	2.64491	0.5	-0.0681861	15.2295	0	0.91764	-0.397412	0	None	None
ChainingRodShaped	10842	2.64932	0.5	37.2168	61.352	0	0.174723	-0.984618	0	None	None
ChainingRodShaped	10844	2.30227	0.5	37.8165	1.13842	0	0.628881	-0.777501	0	None	None
ChainingRodShaped	10846	2.49619	0.5	37.3552	76.8982	0	0.290447	0.956891	0	None	None
ChainingRodShaped	10848	2.48645	0.5	70.7841	-27.3908	0	0.0125211	0.999922	0	None	None
ChainingRodShaped	10850	2.76061	0.5	44.9412	2.74507	0	-0.257224	-0.966352	0	None	None
ChainingRodShaped	10852	2.78766	0.5	-48.1408	32.5974	0	-0.83052	-0.556989	0	None	None
ChainingRodShaped	10854	2.6892	0.5	39.3558	48.728	0	0.0758426	-0.99712	0	None	None
ChainingRodShaped	10856	2.38114	0.5	-40.4211	17.4408	0	0.996847	0.0793475	0	None	None
ChainingRodShaped	10858	2.69222	0.5	16.0457	-12.4226	0	-0.985278	-0.170962	0	None	None
ChainingRodShaped	10860	2.70548	0.5	-22.431	69.1824	0	-0.315189	-0.949029	0	None	None
ChainingRodShaped	10862	2.7162	0.5	14.9898	78.6599	0	-0.973804	-0.227391	0	None	None
ChainingRodShaped	10864	2.36603	0.5	-4.2246	106.424	0	0.0121171	-0.999927	0	None	None
ChainingRodShaped	10866	2.35286	0.5	-14.5399	-14.2036	0	-0.382435	0.923982	0	None	None
ChainingRodShaped	10868	2.54866	0.5	90.1854	24.8139	0	-0.786665	-0.61738	0	None	None
ChainingRodShaped	10870	2.70056	0.5	-57.3232	5.06154	0	-0.677817	0.73523	0	None	None
ChainingRodShaped	10872	2.26818	0.5	14.1122	-41.3525	0	-0.979874	0.199616	0	None	None
ChainingRodShaped	10874	2.70681	0.5	-36.2376	29.7044	0	-0.638987	-0.769217	0	None	None
ChainingRodShaped	10876	2.67258	0.5	25.552	-25.0951	0	-0.921741	-0.387805	0	None	None
ChainingRodShaped	10878	2.43656	0.5	-0.00638705	3.59872	0	0.92757	-0.37365	0	None	None
ChainingRodShaped	10880	2.7264	0.5	-32.3224	57.3075	0	0.146213	0.989253	0	None	None
ChainingRodShaped	10882	2.35547	0.5	-6.5795	3.50049	0	0.989218	0.146449	0	None	None
ChainingRodShaped	10884	2.65864	0.5	11.1248	-21.2395	0	0.305114	-0.952316	0	None	None
ChainingRodShaped	10886	2.50419	0.5	-21.5946	100.475	0	0.845671	-0.533704	0	None	None
ChainingRodShaped	10888	2.76079	0.5	0.740242	71.9218	0	0.700633	-0.713522	0	None	None
ChainingRodShaped	10890	2.68569	0.5	-25.0487	-14.4069	0	0.590824	-0.806801	0	None	None
ChainingRodShaped	10892	2.26512	0.5	-33.8022	88.0262	0	-0.846512	0.532369	0	None	None
ChainingRodShaped	10894	2.57688	0.5	58.2165	79.1349	0	0.456333	0.889809	0	None	None
ChainingRodShaped	10896	2.69423	0.5	58.7338	30.3713	0	0.79903	-0.601292	0	None	None
ChainingRodShaped	10898	2.70435	0.5	29.6018	67.3776	0	0.854534	0.519395	0	None	None
ChainingRodShaped	10900	2.59221	0.5	66.6873	73.8433	0	0.842706	-0.538374	0	None	None
ChainingRodShaped	10902	2.31872	0.5	16.0573	-41.1079	0	0.713793	-0.700357	0	None	None
ChainingRodShaped	10904	2.61077	0.5	-4.39867	21.2126	0	0.695266	-0.718753	0	None	None
ChainingRodShaped	10906	2.25363	0.5	-1.95073	-37.3439	0	0.841614	-0.540079	0	None	None
ChainingRodShaped	10908	2.63059	0.5	26.4663	-13.5566	0	-0.840708	-0.541489	0	None	None
ChainingRodShaped	10910	2.61895	0.5	31.9706	-43.9577	0	0.88955	0.456838	0	None	None
ChainingRodShaped	10912	2.69964	0.5	-8.17876	26.7435	0	0.752698	-0.658366	0	None	None
ChainingRodShaped	10914	2.27636	0.5	-38.8047	-23.8992	0	0.719795	0.694186	0	None	None
ChainingRodShaped	10916	2.34809	0.5	41.0397	-45.0201	0	0.890864	0.45427	0	None	None
ChainingRodShaped	10918	2.41585	0.5	-30.2746	-23.9311	0	-0.781582	0.623802	0	None	None
ChainingRodShaped	10920	2.68069	0.5	-6.11755	109.883	0	0.0170242	-0.999855	0	None	None
ChainingRodShaped	10922	2.37318	0.5	-7.33785	-47.5927	0	0.327892	0.944715	0	None	None
ChainingRodShaped	10924	2.27796	0.5	41.5376	37.8246	0	-0.934025	-0.357207	0	None	None
ChainingRodShaped	10926	2.35161	0.5	-22.0802	-13.3743	0	0.342423	-0.939546	0	None	None
ChainingRodShaped	10928	2.30671	0.5	-32.4307	11.7037	0	0.984033	0.177989	0	None	None
ChainingRodShaped	10930	2.37846	0.5	-4.27129	63.3413	0	-0.913681	0.406432	0	None	None
ChainingRodShaped	10932	2.4462	0.5	32.8684	23.6846	0	0.547166	-0.837024	0	None	None
ChainingRodShaped	10934	2.51812	0.5	-3.50026	32.6862	0	-0.433887	-0.900967	0	None	None
ChainingRodShaped	10936	2.68872	0.5	-10.8807	74.4475	0	0.575196	-0.818015	0	None	None
ChainingRodShaped	10938	2.35591	0.5	63.8357	41.9105	0	-0.954978	-0.296676	0	None	None
ChainingRodShaped	10940	2.40431	0.5	-0.475635	14.5768	0	0.921524	-0.388321	0	None	None
ChainingRodShaped	10942	2.6528	0.5	42.5189	8.63869	0	-0.518014	-0.855372	0	None	None
ChainingRodShaped	10944	2.53091	0.5	37.6909	-27.4606	0	0.981862	0.189599	0	None	None
ChainingRodShaped	10946	2.37304	0.5	-2.6486	54.5471	0	0.997264	-0.0739281	0	None	None
ChainingRodShaped	10948	2.32423	0.5	18.7923	88.4748	0	-0.156794	0.987631	0	None	None
ChainingRodShaped	10950	2.33043	0.5	18.2086	110.075	0	0.915502	-0.402314	0	None	None
ChainingRodShaped	10952	2.59866	0.5	15.4174	-11.6882	0	-0.983488	-0.180973	0	None	None
ChainingRodShaped	10954	2.42584	0.5	53.7376	62.1116	0	0.801382	0.598153	0	None	None
ChainingRodShaped	10956	2.55384	0.5	-67.0076	6.68694	0	0.874427	-0.485158	0	None	None
ChainingRodShaped	10958	2.41662	0.5	11.4247	40.6029	0	0.749906	0.661544	0	None	None
ChainingRodShaped	10960	2.57098	0.5	17.4716	-9.01176	0	0.41337	-0.910563	0	None	None
ChainingRodShaped	10962	2.5628	0.5	53.854	-4.18521	0	-0.857392	-0.514663	0	None	None
ChainingRodShaped	10964	2.24847	0.5	14.0872	-2.21377	0	0.807212	-0.590262	0	None	None
ChainingRodShaped	10966	2.35114	0.5	-25.3478	-38.74	0	0.848361	0.529418	0	None	None
ChainingRodShaped	10968	2.64851	0.5	8.28208	-48.4292	0	0.793643	-0.608383	0	None	None
ChainingRodShaped	10970	2.66446	0.5	-53.8628	12.175	0	-0.955189	0.295998	0	None	None
ChainingRodShaped	10972	2.55579	0.5	65.1392	10.1058	0	0.976272	0.216546	0	None	None
ChainingRodShaped	10974	2.45377	0.5	9.89852	44.2548	0	-0.782072	-0.623188	0	None	None
ChainingRodShaped	10976	2.27529	0.5	34.7082	29.8535	0	0.994834	0.101517	0	None	None
ChainingRodShaped	10978	2.66474	0.5	4.92047	45.3831	0	0.993308	0.115499	0	None	None
ChainingRodShaped	10980	2.63301	0.5	-6.00896	-12.8697	0	0.576352	-0.817201	0	None	None
ChainingRodShaped	10982	2.6939	0.5	52.1612	92.668	0	-0.00420184	-0.999991	0	None	None
ChainingRodShaped	10984	2.44785	0.5	21.9387	-56.0624	0	0.775907	0.630848	0	None	None
ChainingRodShaped	10986	2.68007	0.5	-7.71115	34.292	0	-0.70058	-0.713574	0	None	None
ChainingRodShaped	10988	2.48344	0.5	67.8506	37.6554	0	-0.950202	-0.311634	0	None	None
ChainingRodShaped	10990	2.67798	0.5	48.8801	-39.9949	0	0.0665484	-0.997783	0	None	None
ChainingRodShaped	10992	2.60315	0.5	-32.1927	86.7543	0	0.772677	0.634799	0	None	None
ChainingRodShaped	10994	2.31011	0.5	-30.9632	95.6649	0	-0.924833	-0.380374	0	None	None
ChainingRodShaped	10996	2.39517	0.5	2.00749	63.092	0	-0.916471	-0.4001	0	None	None
ChainingRodShaped	10998	2.23799	0.5	62.8311	81.3335	0	0.644052	-0.764982	0	None	None
ChainingRodShaped	11000	2.49277	0.5	-44.7278	93.4039	0	-0.718755	-0.695263	0	None	None
ChainingRodShaped	11002	2.32681	0.5	-45.2568	74.6191	0	0.639738	0.768593	0	None	None
ChainingRodShaped	11004	2.68518	0.5	-41.5542	55.054	0	-0.978113	-0.208076	0	None	None
ChainingRodShaped	11006	2.62052	0.5	-19.5768	-8.29744	0	-0.36367	0.931528	0	None	None
ChainingRodShaped	11008	2.67105	0.5	44.0932	79.253	0	0.108507	-0.994096	0	None	None
ChainingRodShaped	11010	2.66314	0.5	7.93268	101.084	0	0.948117	0.31792	0	None	None
ChainingRodShaped	11012	2.23614	0.5	-50.9576	9.41895	0	0.129367	-0.991597	0	None	None
ChainingRodShaped	11014	2.37075	0.5	-61.1266	25.2551	0	0.255921	0.966698	0	None	None
ChainingRodShaped	11016	2.58051	0.5	24.1304	36.0181	0	0.0633071	0.997994	0	None	None
ChainingRodShaped	11018	2.46978	0.5	5.70591	82.5597	0	-0.594553	-0.804056	0	None	None
ChainingRodShaped	11020	2.64125	0.5	57.3811	79.3962	0	0.465197	0.885207	0	None	None
ChainingRodShaped	11022	2.47025	0.5	-38.1102	52.669	0	-0.788128	-0.615511	0	None	None
ChainingRodShaped	11024	2.39562	0.5	-41.1073	13.9458	0	0.997808	0.0661828	0	None	None
ChainingRodShaped	11026	2.67576	0.5	-14.8404	69.1534	0	-0.945923	0.32439	0	None	None
ChainingRodShaped	11028	2.5084	0.5	76.6091	-15.5134	0	0.930587	-0.366071	0	None	None
ChainingRodShaped	11030	2.46702	0.5	51.3183	88.2382	0	0.076958	-0.997034	0	None	None
ChainingRodShaped	11032	2.63133	0.5	27.9808	0.0171054	0	0.794226	-0.607623	0	None	None
ChainingRodShaped	11034	2.26039	0.5	-0.449892	10.4381	0	0.971069	-0.238799	0	None	None
ChainingRodShaped	11036	2.35623	0.5	20.4961	29.5133	0	0.0505477	-0.998722	0	None	None
ChainingRodShaped	11038	2.60929	0.5	26.1312	72.7423	0	0.973504	0.228671	0	None	None
ChainingRodShaped	11040	2.26036	0.5	-5.41941	17.5023	0	0.596984	-0.802253	0	None	None
ChainingRodShaped	11042	2.38216	0.5	40.1784	-6.99785	0	-0.458704	-0.888589	0	None	None
ChainingRodShaped	11044	2.31237	0.5	-3.13891	-14.2891	0	0.564775	-0.825245	0	None	None
ChainingRodShaped	11046	2.63909	0.5	65.5164	68.2628	0	0.903565	-0.428451	0	None	None
ChainingRodShaped	11048	2.46107	0.5	-63.5737	-0.487047	0	-0.965843	-0.259127	0	None	None
ChainingRodShaped	11050	2.47649	0.5	31.5156	17.8753	0	-0.981322	0.192372	0	None	None
ChainingRodShaped	11052	2.48471	0.5	-11.6665	-30.6212	0	-0.175785	-0.984429	0	None	None
ChainingRodShaped	11054	2.45923	0.5	-18.4027	108.177	0	0.996464	0.0840205	0	None	None
ChainingRodShaped	11056	2.22498	0.5	15.8784	-29.7472	0	0.172393	-0.985028	0	None	None
ChainingRodShaped	11058	2.37052	0.5	-54.9373	24.9254	0	0.572162	-0.820141	0	None	None
ChainingRodShaped	11060	2.4138	0.5	32.8943	-35.6967	0	0.997962	0.0638089	0	None	None
ChainingRodShaped	11062	2.62213	0.5	31.6817	108.543	0	0.486803	-0.873512	0	None	None
ChainingRodShaped	11064	2.62258	0.5	78.4706	3.83198	0	-0.511881	-0.859056	0	None	None
ChainingRodShaped	11066	2.36349	0.5	80.0013	22.7509	0	0.656366	-0.754442	0	None	None
ChainingRodShaped	11068	2.63162	0.5	19.1969	24.2664	0	0.0721554	-0.997393	0	None	None
ChainingRodShaped	11070	2.52614	0.5	49.6136	6.10644	0	0.970245	0.242124	0	None	None
ChainingRodShaped	11072	2.57524	0.5	19.7344	-27.2513	0	-0.844696	0.535247	0	None	None
ChainingRodShaped	11074	2.63341	0.5	-65.6161	17.6487	0	-0.58264	0.81273	0	None	None
ChainingRodShaped	11076	2.29783	0.5	-47.9307	20.0343	0	0.674402	-0.738364	0	None	None
ChainingRodShaped	11078	2.43697	0.5	21.2969	16.7245	0	0.704648	-0.709557	0	None	None
ChainingRodShaped	11080	2.38219	0.5	14.908	-44.2775	0	-0.979578	0.201063	0	None	None
ChainingRodShaped	11082	2.40935	0.5	-16.215	-20.9817	0	-0.815679	-0.578505	0	None	None
ChainingRodShaped	11084	2.61611	0.5	-59.7752	20.6383	0	0.206038	-0.978544	0	None	None
ChainingRodShaped	11086	2.22762	0.5	20.3912	100.236	0	0.484563	-0.874756	0	None	None
ChainingRodShaped	11088	2.26594	0.5	0.631455	-2.62189	0	-0.871968	0.489563	0	None	None
ChainingRodShaped	11090	2.34662	0.5	35.3977	33.492	0	0.488853	-0.872366	0	None	None
ChainingRodShaped	11092	2.60492	0.5	53.0868	33.8399	0	0.896102	-0.443848	0	None	None
ChainingRodShaped	11094	2.57182	0.5	32.7556	4.05691	0	-0.728189	-0.685376	0	None	None
ChainingRodShaped	11096	2.53143	0.5	7.10826	0.78588	0	0.371798	-0.928314	0	None	None
ChainingRodShaped	11098	2.43697	0.5	35.7487	84.0625	0	0.735477	0.67755	0	None	None
ChainingRodShaped	11100	2.54276	0.5	62.2774	84.9523	0	0.998781	-0.0493643	0	None	None
ChainingRodShaped	11102	2.31873	0.5	56.7824	-39.2031	0	0.894137	0.447793	0	None	None
ChainingRodShaped	11104	2.39222	0.5	-21.2162	-5.57677	0	-0.115715	0.993283	0	None	None
ChainingRodShaped	11106	2.34205	0.5	29.959	25.6391	0	0.52628	-0.850311	0	None	None
ChainingRodShaped	11108	2.55207	0.5	33.1965	72.5133	0	0.845341	0.534227	0	None	None
ChainingRodShaped	11110	2.28924	0.5	2.38767	62.3575	0	-0.919722	-0.392569	0	None	None
ChainingRodShaped	11112	2.26892	0.5	2.92648	9.04663	0	0.993179	-0.1166	0	None	None
ChainingRodShaped	11114	2.33674	0.5	-1.72802	87.7036	0	0.901951	0.431837	0	None	None
ChainingRodShaped	11116	2.27524	0.5	42.8623	-14.4919	0	-0.277221	-0.960806	0	None	None
ChainingRodShaped	11118	2.45146	0.5	67.2491	81.8925	0	0.999328	-0.0366638	0	None	None
ChainingRodShaped	11120	2.29136	0.5	78.2789	-3.30095	0	0.998383	-0.056844	0	None	None
ChainingRodShaped	11122	2.59928	0.5	-13.2856	60.2152	0	0.951052	-0.30903	0	None	None
ChainingRodShaped	11124	2.35083	0.5	48.7456	-7.20566	0	-0.382182	-0.924087	0	None	None
ChainingRodShaped	11126	2.41082	0.5	64.0242	5.50849	0	0.949424	0.313996	0	None	None
ChainingRodShaped	11128	2.51257	0.5	40.14	-24.4267	0	-0.98063	-0.195867	0	None	None
ChainingRodShaped	11130	2.45035	0.5	6.3865	5.4823	0	0.629409	-0.777074	0	None	None
ChainingRodShaped	11132	2.35979	0.5	-3.5409	69.0746	0	0.662655	-0.748924	0	None	None
ChainingRodShaped	11134	2.27292	0.5	54.3196	-36.3002	0	-0.165625	-0.986189	0	None	None
ChainingRodShaped	11136	2.27663	0.5	39.5113	17.1579	0	-0.460862	-0.887472	0	None	None
ChainingRodShaped	11138	2.31034	0.5	-18.4235	19.8903	0	0.736984	-0.67591	0	None	None
ChainingRodShaped	11140	2.50279	0.5	3.10631	66.4451	0	0.601656	-0.798755	0	None	None
ChainingRodShaped	11142	2.56187	0.5	-24.5149	109.739	0	0.910202	-0.414165	0	None	None
ChainingRodShaped	11144	2.56411	0.5	-6.98462	33.9945	0	-0.697441	-0.716642	0	None	None
ChainingRodShaped	11146	2.46441	0.5	90.0205	53.433	0	0.924663	0.380787	0	None	None
ChainingRodShaped	11148	2.50532	0.5	-38.827	83.7221	0	0.717113	0.696957	0	None	None
ChainingRodShaped	11150	2.51508	0.5	90.3453	7.02982	0	-0.620415	-0.784274	0	None	None
ChainingRodShaped	11152	2.47201	0.5	43.356	58.6971	0	-0.0436563	-0.999047	0	None	None
ChainingRodShaped	11154	2.32666	0.5	-50.6604	20.5798	0	0.649502	-0.76036	0	None	None
ChainingRodShaped	11156	2.24063	0.5	16.3303	-45.573	0	0.649837	0.760073	0	None	None
ChainingRodShaped	11158	2.55536	0.5	37.6824	-11.9854	0	-0.225594	-0.974221	0	None	None
ChainingRodShaped	11160	2.30143	0.5	-16.5389	40.7981	0	-0.999768	-0.0215509	0	None	None
ChainingRodShaped	11162	2.22731	0.5	43.048	21.7215	0	-0.487682	-0.873022	0	None	None
ChainingRodShaped	11164	2.26055	0.5	62.0597	44.0991	0	-0.949411	-0.314035	0	None	None
ChainingRodShaped	11166	2.43598	0.5	51.1971	12.8329	0	-0.598213	-0.801337	0	None	None
ChainingRodShaped	11168	2.46862	0.5	-14.7055	78.915	0	-0.0558865	-0.998437	0	None	None
ChainingRodShaped	11170	2.38645	0.5	19.7216	12.8746	0	0.686807	-0.72684	0	None	None
ChainingRodShaped	11172	2.20071	0.5	23.4136	54.3956	0	0.664419	0.74736	0	None	None
ChainingRodShaped	11174	2.43092	0.5	17.7234	103.004	0	0.473514	-0.880786	0	None	None
ChainingRodShaped	11176	2.22902	0.5	-36.687	1.6131	0	0.30878	0.951134	0	None	None
ChainingRodShaped	11178	2.19793	0.5	72.2017	-11.2016	0	0.0917882	-0.995779	0	None	None
ChainingRodShaped	11180	2.39673	0.5	10.6684	68.109	0	0.792968	-0.609263	0	None	None
ChainingRodShaped	11182	2.35738	0.5	63.0729	14.0887	0	-0.986555	-0.163427	0	None	None
ChainingRodShaped	11184	2.34621	0.5	-31.4172	-26.3863	0	0.792258	-0.610186	0	None	None
ChainingRodShaped	11186	2.34302	0.5	41.367	30.4126	0	0.999928	-0.0119977	0	None	None
ChainingRodShaped	11188	2.5497	0.5	-26.3196	-32.9732	0	0.997374	-0.0724295	0	None	None
ChainingRodShaped	11190	2.55	0.5	25.3932	11.6102	0	0.729496	0.683986	0	None	None
ChainingRodShaped	11192	2.54497	0.5	-10.2505	85.7236	0	0.969981	-0.243182	0	None	None
ChainingRodShaped	11194	2.41473	0.5	12.0817	99.5691	0	-0.921294	-0.388868	0	None	None
ChainingRodShaped	11196	2.2619	0.5	-39.6954	88.5461	0	-0.672665	0.739947	0	None	None
ChainingRodShaped	11198	2.2619	0.5	60.9023	1.39394	0	-0.983366	-0.181636	0	None	None
ChainingRodShaped	11200	2.21544	0.5	-44.0131	44.1077	0	0.958164	0.286221	0	None	None
ChainingRodShaped	11202	2.39353	0.5	57.7569	-9.03424	0	0.283864	-0.958864	0	None	None
ChainingRodShaped	11204	2.24224	0.5	-49.5269	-24.2458	0	-0.704338	0.709865	0	None	None
ChainingRodShaped	11206	2.33254	0.5	-6.47317	73.6284	0	0.665452	-0.74644	0	None	None
ChainingRodShaped	11208	2.42457	0.5	45.9974	-9.65886	0	-0.387001	-0.922079	0	None	None
ChainingRodShaped	11210	2.51398	0.5	39.0757	3.40873	0	0.621025	-0.78379	0	None	None
ChainingRodShaped	11212	2.26471	0.5	79.582	52.9759	0	-0.478542	-0.878064	0	None	None
ChainingRodShaped	11214	2.35136	0.5	-51.3503	-6.44263	0	-0.960328	0.278873	0	None	None
ChainingRodShaped	11216	2.24094	0.5	-69.358	28.224	0	-0.487718	0.873001	0	None	None
ChainingRodShaped	11218	2.3711	0.5	-32.0765	53.682	0	0.165101	0.986277	0	None	None
ChainingRodShaped	11220	2.18951	0.5	54.0285	97.5013	0	0.933394	-0.358853	0	None	None
ChainingRodShaped	11222	2.39563	0.5	92.0671	7.89634	0	0.19381	0.981039	0	None	None
ChainingRodShaped	11224	2.21456	0.5	-72.3888	46.1628	0	0.891118	0.453771	0	None	None
ChainingRodShaped	11226	2.3646	0.5	-13.9916	-33.7306	0	-0.104291	-0.994547	0	None	None
ChainingRodShaped	11228	2.38186	0.5	-48.4013	4.97029	0	-0.892052	-0.451933	0	None	None
ChainingRodShaped	11230	2.28831	0.5	-13.8183	78.6216	0	-0.0603342	-0.998178	0	None	None
ChainingRodShaped	11232	2.33118	0.5	-10.4851	36.4411	0	0.948653	0.316317	0	None	None
ChainingRodShaped	11234	2.19956	0.5	-11.5086	98.6496	0	-0.115129	-0.993351	0	None	None
ChainingRodShaped	11236	2.44743	0.5	-3.04263	-35.8441	0	-0.962976	-0.269586	0	None	None
ChainingRodShaped	11238	2.47171	0.5	-26.3593	73.1538	0	0.721806	-0.692096	0	None	None
ChainingRodShaped	11240	2.28848	0.5	23.2675	73.7674	0	0.968764	0.247986	0	None	None
ChainingRodShaped	11242	2.34578	0.5	84.2705	22.7734	0	0.429099	-0.903258	0	None	None
ChainingRodShaped	11244	2.43049	0.5	89.1253	45.031	0	-0.772107	0.635493	0	None	None
ChainingRodShaped	11246	2.50154	0.5	-55.8276	7.48306	0	-0.685139	0.728412	0	None	None
ChainingRodShaped	11248	2.24922	0.5	-47.0601	-12.1852	0	-0.973811	0.227361	0	None	None
ChainingRodShaped	11250	2.39215	0.5	86.1681	35.1154	0	0.991786	0.127909	0	None	None
ChainingRodShaped	11252	2.19125	0.5	-3.42546	10.9051	0	0.774016	-0.633166	0	None	None
ChainingRodShaped	11254	2.2431	0.5	-17.4101	94.8826	0	0.197339	-0.980335	0	None	None
ChainingRodShaped	11256	2.19807	0.5	39.2201	63.5773	0	0.270575	-0.962699	0	None	None
ChainingRodShaped	11258	2.31675	0.5	-56.4035	45.687	0	0.965502	-0.260396	0	None	None
ChainingRodShaped	11260	2.20857	0.5	21.0817	-9.46517	0	-0.352529	-0.935801	0	None	None
ChainingRodShaped	11262	2.42777	0.5	-16.6349	77.5356	0	-0.413531	0.91049	0	None	None
ChainingRodShaped	11264	2.50609	0.5	64.5319	60.384	0	-0.336026	0.941853	0	None	None
ChainingRodShaped	11266	2.27007	0.5	34.9016	103.914	0	-0.697785	-0.716307	0	None	None
ChainingRodShaped	11268	2.26059	0.5	-46.552	-8.68843	0	-0.963076	0.269231	0	None	None
ChainingRodShaped	11270	2.32012	0.5	67.728	-21.4868	0	-0.549434	0.835537	0	None	None
ChainingRodShaped	11272	2.43758	0.5	-64.9645	18.2661	0	-0.590728	0.806871	0	None	None
ChainingRodShaped	11274	2.25328	0.5	7.60504	62.3472	0	-0.80983	-0.586665	0	None	None
ChainingRodShaped	11276	2.19312	0.5	-8.67	54.7636	0	0.843168	-0.537651	0	None	None
ChainingRodShaped	11278	2.18685	0.5	-5.49933	55.5075	0	0.831885	-0.554948	0	None	None
ChainingRodShaped	11280	2.45287	0.5	-9.05524	-16.497	0	-0.924715	0.380661	0	None	None
ChainingRodShaped	11282	2.40337	0.5	53.0899	-2.62523	0	-0.851083	-0.525031	0	None	None
ChainingRodShaped	11284	2.31431	0.5	91.3361	49.971	0	-0.451891	-0.892073	0	None	None
ChainingRodShaped	11286	2.1988	0.5	11.5513	49.5771	0	0.986426	0.164204	0	None	None
ChainingRodShaped	11288	2.35631	0.5	26.51	98.6572	0	-0.0793986	-0.996843	0	None	None
ChainingRodShaped	11290	2.22885	0.5	18.7671	65.3252	0	0.357225	0.934018	0	None	None
ChainingRodShaped	11292	2.18237	0.5	82.5044	-7.42336	0	-0.999953	0.00972125	0	None	None
ChainingRodShaped	11294	2.242	0.5	38.6865	-49.3255	0	0.916812	0.39932	0	None	None
ChainingRodShaped	11296	2.20892	0.5	63.3718	93.5912	0	0.0859699	-0.996298	0	None	None
ChainingRodShaped	11298	2.2546	0.5	53.8634	34.3519	0	0.89157	-0.452883	0	None	None
ChainingRodShaped	11300	2.36751	0.5	50.3948	72.199	0	-0.186871	-0.982384	0	None	None
ChainingRodShaped	11302	2.3679	0.5	-1.72856	-0.591114	0	0.880233	-0.474542	0	None	None
ChainingRodShaped	11304	2.4341	0.5	40.0335	100.268	0	0.95653	0.291635	0	None	None
ChainingRodShaped	11306	2.34637	0.5	-32.4675	-43.1459	0	0.991752	-0.128173	0	None	None
ChainingRodShaped	11308	2.2126	0.5	53.1633	51.3515	0	0.943445	0.331529	0	None	None
ChainingRodShaped	11310	2.43222	0.5	14.6501	48.4674	0	-0.74391	-0.668279	0	None	None
ChainingRodShaped	11312	2.38137	0.5	90.979	28.8319	0	-0.855174	-0.51834	0	None	None
ChainingRodShaped	11314	2.33042	0.5	5.26893	100.269	0	0.55131	0.8343	0	None	None
ChainingRodShaped	11316	2.40353	0.5	46.7481	-13.6853	0	-0.447297	-0.894386	0	None	None
ChainingRodShaped	11318	2.42356	0.5	24.1211	29.3583	0	-0.0404401	0.999182	0	None	None
ChainingRodShaped	11320	2.24012	0.5	26.3861	-28.3985	0	0.994494	0.104795	0	None	None
ChainingRodShaped	11322	2.28234	0.5	-50.1452	9.84847	0	0.119473	-0.992837	0	None	None
ChainingRodShaped	11324	2.17266	0.5	-38.3474	35.6385	0	-0.727567	-0.686037	0	None	None
ChainingRodShaped	11326	2.20497	0.5	-48.1418	78.185	0	0.314196	0.949358	0	None	None
ChainingRodShaped	11328	2.28164	0.5	49.9564	94.3038	0	0.742349	0.670013	0	None	None
ChainingRodShaped	11330	2.17261	0.5	48.0588	8.31073	0	0.944595	0.328239	0	None	None
ChainingRodShaped	11332	2.26402	0.5	-17.8825	-9.47039	0	-0.0654579	0.997855	0	None	None
ChainingRodShaped	11334	2.41691	0.5	13.4128	-50.7954	0	0.930392	-0.366566	0	None	None
ChainingRodShaped	11336	2.1948	0.5	-21.8313	31.6736	0	0.999987	0.00514616	0	None	None
ChainingRodShaped	11338	2.31605	0.5	46.4496	45.302	0	0.9245	0.381181	0	None	None
ChainingRodShaped	11340	2.21631	0.5	-3.89469	112.799	0	-0.298084	-0.95454	0	None	None
ChainingRodShaped	11342	2.28034	0.5	-50.154	62.6132	0	0.613633	0.789592	0	None	None
ChainingRodShaped	11344	2.29782	0.5	2.39238	91.1288	0	0.903304	0.429001	0	None	None
ChainingRodShaped	11346	2.38179	0.5	28.9317	-31.7975	0	0.993538	-0.1135	0	None	None
ChainingRodShaped	11348	2.16815	0.5	-29.9093	88.8464	0	-0.844516	0.53553	0	None	None
ChainingRodShaped	11350	2.15562	0.5	29.674	20.5075	0	0.97505	-0.221985	0	None	None
ChainingRodShaped	11352	2.25872	0.5	34.535	64.9579	0	0.271137	-0.962541	0	None	None
ChainingRodShaped	11354	2.37603	0.5	-0.96558	81.275	0	-0.542691	-0.839933	0	None	None
ChainingRodShaped	11356	2.35658	0.5	37.9861	-44.3169	0	0.919037	0.394171	0	None	None
ChainingRodShaped	11358	2.14923	0.5	26.3395	-12.6483	0	-0.835365	-0.549696	0	None	None
ChainingRodShaped	11360	2.21636	0.5	-62.4001	20.2172	0	-0.206413	0.978465	0	None	None
ChainingRodShaped	11362	2.19443	0.5	-27.8423	28.8453	0	0.999517	0.0310835	0	None	None
ChainingRodShaped	11364	2.23359	0.5	-5.07419	-41.1862	0	0.224773	0.974411	0	None	None
ChainingRodShaped	11366	2.40563	0.5	9.15999	44.6651	0	-0.788125	-0.615515	0	None	None
ChainingRodShaped	11368	2.19125	0.5	88.8891	54.7968	0	0.447357	0.894356	0	None	None
ChainingRodShaped	11370	2.28991	0.5	45.555	85.2874	0	0.0840101	-0.996465	0	None	None
ChainingRodShaped	11372	2.3644	0.5	1.7593	-1.48007	0	-0.881638	0.471927	0	None	None
ChainingRodShaped	11374	2.25268	0.5	69.2415	27.3016	0	0.876339	0.481696	0	None	None
ChainingRodShaped	11376	2.35871	0.5	3.70715	96.2894	0	0.542904	0.839795	0	None	None
ChainingRodShaped	11378	2.20187	0.5	24.2379	92.6525	0	-0.158818	-0.987308	0	None	None
ChainingRodShaped	11380	2.30054	0.5	33.1741	-26.5678	0	0.95885	0.283912	0	None	None
ChainingRodShaped	11382	2.38213	0.5	-31.6501	83.6979	0	0.961286	0.275552	0	None	None
ChainingRodShaped	11384	2.26609	0.5	-21.6921	32.3761	0	0.999882	0.0153337	0	None	None
ChainingRodShaped	11386	2.3212	0.5	62.6753	6.92171	0	0.97407	0.226249	0	None	None
ChainingRodShaped	11388	2.23252	0.5	-70.2642	35.8193	0	0.149957	-0.988693	0	None	None
ChainingRodShaped	11390	2.29425	0.5	8.23494	-37.5716	0	-0.973164	0.230111	0	None	None
ChainingRodShaped	11392	2.22389	0.5	21.9456	8.26953	0	-0.947011	-0.321201	0	None	None
ChainingRodShaped	11394	2.40149	0.5	6.55636	76.8311	0	0.475025	-0.879973	0	None	None
ChainingRodShaped	11396	2.40885	0.5	-61.5912	57.7465	0	-0.954949	0.296769	0	None	None
ChainingRodShaped	11398	2.3362	0.5	-61.5795	45.7754	0	0.854046	-0.520198	0	None	None
ChainingRodShaped	11400	2.21917	0.5	43.7765	65.0793	0	-0.0262832	-0.999655	0	None	None
ChainingRodShaped	11402	2.26848	0.5	-8.54934	67.5402	0	-0.967734	0.251973	0	None	None
ChainingRodShaped	11404	2.39494	0.5	-20.4715	-40.2215	0	-0.849752	-0.527183	0	None	None
ChainingRodShaped	11406	2.2515	0.5	6.17049	22.8036	0	0.122047	0.992524	0	None	None
ChainingRodShaped	11408	2.39642	0.5	85.4217	-3.39104	0	-0.584454	-0.811427	0	None	None
ChainingRodShaped	11410	2.21723	0.5	-47.3523	27.5809	0	-0.751884	-0.659295	0	None	None
ChainingRodShaped	11412	2.3167	0.5	25.0299	78.3321	0	0.975599	0.219561	0	None	None
ChainingRodShaped	11414	2.35969	0.5	67.5947	46.8709	0	-0.155253	-0.987875	0	None	None
ChainingRodShaped	11416	2.15665	0.5	-27.9307	-6.22327	0	-0.986836	0.161726	0	None	None
ChainingRodShaped	11418	2.23222	0.5	65.3091	31.9931	0	0.687173	-0.726494	0	None	None
ChainingRodShaped	11420	2.15504	0.5	-23.3495	20.3251	0	0.840988	-0.541054	0	None	None
ChainingRodShaped	11422	2.31656	0.5	28.4864	-5.40855	0	0.141691	-0.989911	0	None	None
ChainingRodShaped	11424	2.15531	0.5	39.6784	88.5617	0	0.984177	0.177186	0	None	None
ChainingRodShaped	11426	2.38509	0.5	-0.291728	80.8204	0	-0.537197	-0.843457	0	None	None
ChainingRodShaped	11428	2.27446	0.5	-50.6012	84.5165	0	0.980448	0.19678	0	None	None
ChainingRodShaped	11430	2.25859	0.5	50.3636	-42.6219	0	0.434095	-0.900867	0	None	None
ChainingRodShaped	11432	2.19864	0.5	23.8625	61.735	0	0.497375	0.867536	0	None	None
ChainingRodShaped	11434	2.27989	0.5	16.0638	10.1321	0	0.969945	0.243324	0	None	None
ChainingRodShaped	11436	2.16271	0.5	-60.2559	24.6101	0	0.161835	0.986818	0	None	None
ChainingRodShaped	11438	2.16146	0.5	30.2434	14.1551	0	0.69365	0.720312	0	None	None
ChainingRodShaped	11440	2.22901	0.5	62.1828	-38.0954	0	0.512328	-0.85879	0	None	None
ChainingRodShaped	11442	2.26947	0.5	86.2047	3.3856	0	-0.599158	-0.800631	0	None	None
ChainingRodShaped	11444	2.13657	0.5	15.9794	73.7056	0	0.971737	0.236067	0	None	None
ChainingRodShaped	11446	2.15432	0.5	-75.0943	29.9705	0	0.29613	0.955148	0	None	None
ChainingRodShaped	11448	2.15433	0.5	58.0725	55.1018	0	0.16348	0.986547	0	None	None
ChainingRodShaped	11450	2.20112	0.5	41.3277	31.1794	0	0.999763	-0.0217921	0	None	None
ChainingRodShaped	11452	2.16002	0.5	6.49099	-55.82	0	-0.990513	-0.13742	0	None	None
ChainingRodShaped	11454	2.20699	0.5	-22.4721	16.0639	0	0.853742	-0.520696	0	None	None
ChainingRodShaped	11456	2.18379	0.5	-56.0932	2.74606	0	-0.857997	0.513655	0	None	None
ChainingRodShaped	11458	2.206	0.5	-9.31119	-0.442323	0	-0.880267	-0.474479	0	None	None
ChainingRodShaped	11460	2.24571	0.5	-30.3045	-0.967623	0	0.74488	-0.667198	0	None	None
ChainingRodShaped	11462	2.35121	0.5	-36.4295	71.5512	0	0.598883	0.800836	0	None	None
ChainingRodShaped	11464	2.23527	0.5	23.6126	41.1616	0	0.0189586	0.99982	0	None	None
ChainingRodShaped	11466	2.20657	0.5	10.8048	75.9031	0	0.966603	0.25628	0	None	None
ChainingRodShaped	11468	2.1762	0.5	6.19927	71.3796	0	0.666631	-0.745388	0	None	None
ChainingRodShaped	11470	2.13352	0.5	-52.2038	-16.2052	0	0.826792	-0.562507	0	None	None
ChainingRodShaped	11472	2.23389	0.5	16.1942	-39.5918	0	0.955332	-0.295534	0	None	None
ChainingRodShaped	11474	2.33658	0.5	-42.0488	-18.2325	0	0.698271	0.715833	0	None	None
ChainingRodShaped	11476	2.19438	0.5	-35.2646	74.4762	0	0.64512	0.764081	0	None	None
ChainingRodShaped	11478	2.16652	0.5	-14.6712	-6.15565	0	0.867587	0.497286	0	None	None
ChainingRodShaped	11480	2.25658	0.5	-3.6654	76.4391	0	0.687577	-0.726111	0	None	None
ChainingRodShaped	11482	2.33204	0.5	49.5854	72.4098	0	-0.196744	-0.980455	0	None	None
ChainingRodShaped	11484	2.33659	0.5	87.1815	12.4446	0	0.419668	-0.907678	0	None	None
ChainingRodShaped	11486	2.18458	0.5	13.8535	48.7406	0	-0.737252	-0.675618	0	None	None
ChainingRodShaped	11488	2.30551	0.5	-31.3098	47.5201	0	-0.106549	0.994307	0	None	None
ChainingRodShaped	11490	2.14333	0.5	24.8705	102.006	0	0.870228	0.49265	0	None	None
ChainingRodShaped	11492	2.13847	0.5	-58.6121	32.312	0	0.92147	0.38845	0	None	None
ChainingRodShaped	11494	2.27317	0.5	-20.1524	-11.4712	0	-0.355352	0.934732	0	None	None
ChainingRodShaped	11496	2.2648	0.5	-48.506	-1.20812	0	0.702499	-0.711685	0	None	None
ChainingRodShaped	11498	2.20897	0.5	2.2354	-34.8728	0	-0.956622	0.291332	0	None	None
ChainingRodShaped	11500	2.18439	0.5	38.579	48.8039	0	0.0657605	-0.997835	0	None	None
ChainingRodShaped	11502	2.15294	0.5	38.6994	62.2317	0	0.194041	-0.980993	0	None	None
ChainingRodShaped	11504	2.29785	0.5	-60.8778	68.5633	0	0.815371	0.578939	0	None	None
ChainingRodShaped	11506	2.32548	0.5	-35.6254	-10.5921	0	0.998378	-0.0569346	0	None	None
ChainingRodShaped	11508	2.26512	0.5	10.389	54.2549	0	0.987569	0.157188	0	None	None
ChainingRodShaped	11510	2.32235	0.5	64.2295	-25.6115	0	-0.0961473	-0.995367	0	None	None
ChainingRodShaped	11512	2.27482	0.5	47.0888	-42.8712	0	-0.0199383	-0.999801	0	None	None
ChainingRodShaped	11514	2.22862	0.5	-3.60174	3.01308	0	-0.99988	0.0155224	0	None	None
ChainingRodShaped	11516	2.23696	0.5	-10.0585	6.86593	0	0.905917	-0.423456	0	None	None
ChainingRodShaped	11518	2.30914	0.5	6.108	9.53803	0	0.993196	-0.116452	0	None	None
ChainingRodShaped	11520	2.2215	0.5	-11.4458	-44.6115	0	-0.974775	0.223191	0	None	None
ChainingRodShaped	11522	2.15495	0.5	-63.0588	7.86415	0	-0.896748	0.442542	0	None	None
ChainingRodShaped	11524	2.19376	0.5	12.7883	96.1412	0	-0.0983716	-0.99515	0	None	None
ChainingRodShaped	11526	2.11113	0.5	-51.7751	24.7496	0	0.563895	-0.825846	0	None	None
ChainingRodShaped	11528	2.24357	0.5	42.0369	55.705	0	-0.220284	-0.975436	0	None	None
ChainingRodShaped	11530	2.26313	0.5	16.3048	-1.21187	0	0.746209	-0.665712	0	None	None
ChainingRodShaped	11532	2.14419	0.5	75.2693	24.539	0	0.887482	-0.460843	0	None	None
ChainingRodShaped	11534	2.11821	0.5	-1.56869	7.08085	0	0.969889	-0.243548	0	None	None
ChainingRodShaped	11536	2.20365	0.5	9.53554	-10.7861	0	-0.913608	0.406596	0	None	None
ChainingRodShaped	11538	2.28283	0.5	36.9765	12.3677	0	-0.626627	-0.779319	0	None	None
ChainingRodShaped	11540	2.14838	0.5	12.5588	105.695	0	0.999987	0.00510819	0	None	None
ChainingRodShaped	11542	2.16285	0.5	62.1471	43.2534	0	-0.952469	-0.304637	0	None	None
ChainingRodShaped	11544	2.22828	0.5	43.3225	3.15143	0	-0.260091	-0.965584	0	None	None
ChainingRodShaped	11546	2.26067	0.5	-46.8423	10.251	0	0.0856481	-0.996325	0	None	None
ChainingRodShaped	11548	2.12076	0.5	-31.2213	-9.99776	0	-0.991274	0.131819	0	None	None
ChainingRodShaped	11550	2.12388	0.5	40.7153	87.8586	0	0.982368	0.186956	0	None	None
ChainingRodShaped	11552	2.25506	0.5	51.0931	62.0841	0	-0.0486344	-0.998817	0	None	None
ChainingRodShaped	11554	2.11509	0.5	-26.4616	9.95915	0	0.796089	0.605179	0	None	None
ChainingRodShaped	11556	2.13529	0.5	-25.2443	1.33	0	0.531204	-0.847244	0	None	None
ChainingRodShaped	11558	2.12991	0.5	87.2679	16.9171	0	0.373572	-0.927601	0	None	None
ChainingRodShaped	11560	2.11248	0.5	32.1115	-15.9969	0	-0.851873	-0.523748	0	None	None
ChainingRodShaped	11562	2.25372	0.5	-19.4381	46.7211	0	0.964018	-0.265835	0	None	None
ChainingRodShaped	11564	2.21731	0.5	84.5249	44.4929	0	-0.601504	-0.79887	0	None	None
ChainingRodShaped	11566	2.20512	0.5	-22.7891	20.9389	0	0.835581	-0.549367	0	None	None
ChainingRodShaped	11568	2.12782	0.5	-67.8739	43.1986	0	-0.975191	0.221366	0	None	None
ChainingRodShaped	11570	2.24398	0.5	-22.5706	18.8526	0	0.848482	-0.529225	0	None	None
ChainingRodShaped	11572	2.30372	0.5	14.5716	14.2187	0	0.711772	-0.70241	0	None	None
ChainingRodShaped	11574	2.2088	0.5	24.199	96.9224	0	-0.250021	-0.96824	0	None	None
ChainingRodShaped	11576	2.26479	0.5	-30.2497	106.819	0	0.987989	0.154525	0	None	None
ChainingRodShaped	11578	2.25605	0.5	-21.9486	9.65578	0	-0.772063	-0.635546	0	None	None
ChainingRodShaped	11580	2.14393	0.5	27.6332	-44.0514	0	0.355155	-0.934808	0	None	None
ChainingRodShaped	11582	2.11693	0.5	5.86735	81.4062	0	-0.602603	-0.798041	0	None	None
ChainingRodShaped	11584	2.20662	0.5	-52.4445	66.9709	0	0.680697	0.732565	0	None	None
ChainingRodShaped	11586	2.23496	0.5	-12.0577	67.6529	0	-0.974877	0.222744	0	None	None
ChainingRodShaped	11588	2.1633	0.5	32.7677	-28.8715	0	0.990318	-0.13882	0	None	None
ChainingRodShaped	11590	2.22089	0.5	-22.75	-39.3729	0	-0.848364	-0.529413	0	None	None
ChainingRodShaped	11592	2.25609	0.5	-56.2829	-7.8709	0	-0.957967	0.286877	0	None	None
ChainingRodShaped	11594	2.13832	0.5	69.956	32.9184	0	0.955263	0.295758	0	None	None
ChainingRodShaped	11596	2.28542	0.5	20.8535	-21.1856	0	-0.875745	0.482774	0	None	None
ChainingRodShaped	11598	2.23281	0.5	35.3317	-2.09203	0	0.953364	-0.301824	0	None	None
ChainingRodShaped	11600	2.16431	0.5	-22.37	-17.3826	0	-0.304101	0.95264	0	None	None
ChainingRodShaped	11602	2.26496	0.5	59.5651	-36.7732	0	-0.99935	0.0360532	0	None	None
ChainingRodShaped	11604	2.19329	0.5	55.2058	73.2732	0	0.439343	0.898319	0	None	None
ChainingRodShaped	11606	2.26043	0.5	61.3584	76.0183	0	0.64751	-0.762057	0	None	None
ChainingRodShaped	11608	2.18285	0.5	-8.59343	100.967	0	0.0541465	-0.998533	0	None	None
ChainingRodShaped	11610	2.21346	0.5	-25.1147	-19.5644	0	-0.304087	0.952644	0	None	None
ChainingRodShaped	11612	2.12114	0.5	70.6238	42.9631	0	-0.615763	-0.787931	0	None	None
ChainingRodShaped	11614	2.11354	0.5	-5.5549	-23.0339	0	0.613601	-0.789616	0	None	None
ChainingRodShaped	11616	2.22018	0.5	31.751	-7.18679	0	-0.497988	-0.867184	0	None	None
ChainingRodShaped	11618	2.18059	0.5	-72.5047	23.5848	0	-0.695892	0.718147	0	None	None
ChainingRodShaped	11620	2.27093	0.5	-3.78417	-43.1413	0	0.3212	0.947011	0	None	None
ChainingRodShaped	11622	2.22251	0.5	65.4687	81.1171	0	0.644061	-0.764974	0	None	None
ChainingRodShaped	11624	2.26227	0.5	48.5754	-31.859	0	-0.762715	-0.646735	0	None	None
ChainingRodShaped	11626	2.22381	0.5	2.42524	-44.2976	0	0.700219	-0.713928	0	None	None
ChainingRodShaped	11628	2.27589	0.5	-13.6537	11.8462	0	0.534468	-0.845189	0	None	None
ChainingRodShaped	11630	2.17415	0.5	-31.9652	96.8852	0	0.603541	0.797332	0	None	None
ChainingRodShaped	11632	2.12619	0.5	76.3752	7.91505	0	0.0402378	-0.99919	0	None	None
ChainingRodShaped	11634	2.12484	0.5	-21.0439	81.1516	0	-0.404461	0.914555	0	None	None
ChainingRodShaped	11636	2.1677	0.5	22.0106	-44.3433	0	-0.0922069	-0.99574	0	None	None
ChainingRodShaped	11638	2.27177	0.5	11.3898	8.34432	0	0.308005	-0.951385	0	None	None
ChainingRodShaped	11640	2.25116	0.5	21.5158	32.4938	0	0.241179	-0.970481	0	None	None
ChainingRodShaped	11642	2.22446	0.5	1.99474	73.2992	0	0.4928	-0.870142	0	None	None
ChainingRodShaped	11644	2.12445	0.5	-4.43009	17.5662	0	0.588901	-0.808205	0	None	None
ChainingRodShaped	11646	2.20162	0.5	-39.0504	11.4931	0	0.998542	0.0539813	0	None	None
ChainingRodShaped	11648	2.12563	0.5	-36.2125	41.0344	0	-0.755925	-0.654659	0	None	None
ChainingRodShaped	11650	2.10225	0.5	38.4596	2.84897	0	0.613209	-0.789921	0	None	None
ChainingRodShaped	11652	2.12396	0.5	47.156	95.7989	0	0.998908	0.0467143	0	None	None
ChainingRodShaped	11654	2.10334	0.5	63.5334	65.836	0	-0.344811	0.938672	0	None	None
ChainingRodShaped	11656	2.22594	0.5	-37.7987	24.3025	0	-0.862065	-0.506797	0	None	None
ChainingRodShaped	11658	2.17783	0.5	39.8975	-47.7119	0	0.914003	0.405707	0	None	None
ChainingRodShaped	11660	2.19129	0.5	6.67328	-16.9032	0	-0.999105	-0.0422921	0	None	None
ChainingRodShaped	11662	2.19791	0.5	31.445	44.3706	0	-0.125481	0.992096	0	None	None
ChainingRodShaped	11664	2.14395	0.5	18.0776	-8.39863	0	0.404228	-0.914658	0	None	None
ChainingRodShaped	11666	2.22614	0.5	-9.92616	49.4484	0	0.74509	-0.666964	0	None	None
ChainingRodShaped	11668	2.18404	0.5	53.7032	63.1417	0	0.807371	0.590043	0	None	None
ChainingRodShaped	11670	2.18028	0.5	-11.9354	-5.40285	0	-0.86246	-0.506125	0	None	None
ChainingRodShaped	11672	2.22799	0.5	77.3158	13.4533	0	0.63033	-0.776327	0	None	None
ChainingRodShaped	11674	2.13342	0.5	11.0026	80.537	0	-0.71517	-0.698951	0	None	None
ChainingRodShaped	11676	2.20346	0.5	26.5124	-27.5812	0	0.993379	0.11488	0	None	None
ChainingRodShaped	11678	2.17222	0.5	9.66656	-13.4619	0	-0.99888	-0.0473204	0	None	None
ChainingRodShaped	11680	2.20982	0.5	-7.45861	57.6262	0	0.863983	-0.503521	0	None	None
ChainingRodShaped	11682	2.24436	0.5	67.1373	61.2531	0	-0.34912	0.937078	0	None	None
ChainingRodShaped	11684	2.18188	0.5	-33.2835	6.43529	0	0.952618	0.304169	0	None	None
ChainingRodShaped	11686	2.15678	0.5	1.82956	105.679	0	0.396122	0.918198	0	None	None
ChainingRodShaped	11688	2.09252	0.5	42.4361	22.0999	0	-0.478566	-0.878052	0	None	None
ChainingRodShaped	11690	2.23077	0.5	-30.4962	-7.58597	0	-0.988364	0.152105	0	None	None
ChainingRodShaped	11692	2.11672	0.5	50.1452	78.3655	0	0.0762623	-0.997088	0	None	None
ChainingRodShaped	11694	2.1796	0.5	5.80744	12.0449	0	0.990859	-0.1349	0	None	None
ChainingRodShaped	11696	2.16847	0.5	-44.0202	-2.98273	0	0.838507	0.544891	0	None	None
ChainingRodShaped	11698	2.16192	0.5	71.7858	11.5551	0	0.850036	-0.526724	0	None	None
ChainingRodShaped	11700	2.12481	0.5	23.8119	-22.5069	0	-0.87814	-0.478403	0	None	None
ChainingRodShaped	11702	2.15306	0.5	-26.7844	-40.7661	0	-0.855828	-0.517261	0	None	None
ChainingRodShaped	11704	2.13762	0.5	79.015	40.7317	0	-0.820857	-0.571133	0	None	None
ChainingRodShaped	11706	2.09692	0.5	31.8045	18.5678	0	-0.979347	0.202189	0	None	None
ChainingRodShaped	11708	2.19916	0.5	26.1138	108.534	0	0.795359	0.606139	0	None	None
ChainingRodShaped	11710	2.17228	0.5	-20.0708	81.0627	0	-0.413595	0.910461	0	None	None
ChainingRodShaped	11712	2.18043	0.5	0.841372	30.9337	0	-0.933462	-0.358677	0	None	None
ChainingRodShaped	11714	2.21973	0.5	39.4504	4.23746	0	0.613338	-0.789821	0	None	None
ChainingRodShaped	11716	2.09475	0.5	-38.8302	47.5273	0	0.747415	0.664358	0	None	None
ChainingRodShaped	11718	2.16128	0.5	86.2878	38.4905	0	0.787247	0.616638	0	None	None
ChainingRodShaped	11720	2.15122	0.5	-13.9253	53.1922	0	0.0288969	-0.999582	0	None	None
ChainingRodShaped	11722	2.16193	0.5	-60.6079	15.7558	0	-0.660839	0.750528	0	None	None
ChainingRodShaped	11724	2.08313	0.5	37.2224	56.9761	0	0.102243	-0.994759	0	None	None
ChainingRodShaped	11726	2.21508	0.5	-8.6166	28.1828	0	0.759239	-0.650812	0	None	None
ChainingRodShaped	11728	2.07914	0.5	-0.160832	13.6116	0	0.925418	-0.378949	0	None	None
ChainingRodShaped	11730	2.13	0.5	84.4467	9.55409	0	-0.391955	0.919984	0	None	None
ChainingRodShaped	11732	2.19333	0.5	-58.6482	45.8435	0	0.733018	-0.680209	0	None	None
ChainingRodShaped	11734	2.14495	0.5	-37.7332	29.2679	0	-0.673442	-0.73924	0	None	None
ChainingRodShaped	11736	2.20393	0.5	23.8578	-11.457	0	-0.814515	-0.580142	0	None	None
ChainingRodShaped	11738	2.0861	0.5	37.1532	-40.5957	0	0.917471	0.397803	0	None	None
ChainingRodShaped	11740	2.1077	0.5	31.9087	-48.2976	0	0.834372	0.551201	0	None	None
ChainingRodShaped	11742	2.0731	0.5	49.306	78.4972	0	0.066356	-0.997796	0	None	None
ChainingRodShaped	11744	2.09331	0.5	13.2701	66.2372	0	0.789246	-0.614077	0	None	None
ChainingRodShaped	11746	2.07503	0.5	21.0457	20.1508	0	-0.0438404	0.999039	0	None	None
ChainingRodShaped	11748	2.18419	0.5	37.9564	-41.2752	0	0.915995	0.401189	0	None	None
ChainingRodShaped	11750	2.12782	0.5	-74.1771	19.6931	0	0.401866	0.915699	0	None	None
ChainingRodShaped	11752	2.13474	0.5	-55.0176	28.129	0	-0.902844	-0.429968	0	None	None
ChainingRodShaped	11754	2.07104	0.5	3.89084	21.4799	0	0.947019	-0.321178	0	None	None
ChainingRodShaped	11756	2.09613	0.5	68.3674	8.84687	0	0.987697	0.15638	0	None	None
ChainingRodShaped	11758	2.1743	0.5	-14.5985	84.4175	0	0.955406	-0.295296	0	None	None
ChainingRodShaped	11760	2.08046	0.5	52.4876	38.2861	0	-0.875312	-0.483558	0	None	None
ChainingRodShaped	11762	2.11235	0.5	48.7698	66.3404	0	-0.0646633	-0.997907	0	None	None
ChainingRodShaped	11764	2.09721	0.5	-37.6656	65.0995	0	0.840213	0.542257	0	None	None
ChainingRodShaped	11766	2.1839	0.5	18.4511	91.5196	0	0.419063	-0.907957	0	None	None
ChainingRodShaped	11768	2.08673	0.5	7.85821	-40.1385	0	-0.976249	0.216651	0	None	None
ChainingRodShaped	11770	2.08131	0.5	-25.5655	36.6431	0	-0.942314	-0.334731	0	None	None
ChainingRodShaped	11772	2.08428	0.5	40.3583	21.1961	0	-0.369621	-0.929183	0	None	None
ChainingRodShaped	11774	2.11316	0.5	73.1635	-11.5817	0	0.0966782	-0.995316	0	None	None
ChainingRodShaped	11776	2.12555	0.5	33.0761	38.6744	0	0.846795	-0.53192	0	None	None
ChainingRodShaped	11778	2.15481	0.5	49.3702	6.90717	0	0.970128	0.242595	0	None	None
ChainingRodShaped	11780	2.17591	0.5	16.0366	48.5251	0	0.742981	0.669312	0	None	None
ChainingRodShaped	11782	2.12732	0.5	-5.12357	103.344	0	-0.0179062	-0.99984	0	None	None
ChainingRodShaped	11784	2.06549	0.5	3.41024	-43.1963	0	0.953896	-0.300137	0	None	None
ChainingRodShaped	11786	2.1741	0.5	43.4092	67.3922	0	-0.425219	-0.90509	0	None	None
ChainingRodShaped	11788	2.16244	0.5	26.3198	31.5151	0	0.00617032	0.999981	0	None	None
ChainingRodShaped	11790	2.11533	0.5	34.2874	42.27	0	0.934468	-0.356048	0	None	None
ChainingRodShaped	11792	2.13793	0.5	73.9753	45.8407	0	-0.616982	-0.786977	0	None	None
ChainingRodShaped	11794	2.10101	0.5	-3.26951	-35.0348	0	-0.960212	-0.279272	0	None	None
ChainingRodShaped	11796	2.15505	0.5	1.04253	27.2344	0	0.638492	-0.769629	0	None	None
ChainingRodShaped	11798	2.07574	0.5	-47.0056	-16.3333	0	0.799517	-0.600644	0	None	None
ChainingRodShaped	11800	2.08035	0.5	72.7093	12.0307	0	0.855297	-0.518137	0	None	None
ChainingRodShaped	11802	2.16905	0.5	83.3895	8.11269	0	-0.229953	-0.973202	0	None	None
ChainingRodShaped	11804	2.12748	0.5	93.309	25.9096	0	-0.178712	-0.983901	0	None	None
ChainingRodShaped	11806	2.09099	0.5	-35.3978	-32.886	0	0.994197	-0.107572	0	None	None
ChainingRodShaped	11808	2.10522	0.5	86.6332	-3.34462	0	-0.576313	-0.817229	0	None	None
ChainingRodShaped	11810	2.08774	0.5	-22.2653	104.177	0	0.862031	-0.506856	0	None	None
ChainingRodShaped	11812	2.06017	0.5	-36.5268	101.032	0	0.962844	0.270057	0	None	None
ChainingRodShaped	11814	2.12147	0.5	73.3645	61.8509	0	0.868109	-0.496373	0	None	None
ChainingRodShaped	11816	2.10921	0.5	10.621	81.3177	0	-0.722043	-0.691849	0	None	None
ChainingRodShaped	11818	2.13848	0.5	-36.0904	-11.4118	0	0.997759	-0.0669073	0	None	None
ChainingRodShaped	11820	2.06029	0.5	53.1242	42.3701	0	-0.886878	-0.462004	0	None	None
ChainingRodShaped	11822	2.11783	0.5	4.09833	22.1379	0	0.950231	-0.311546	0	None	None
ChainingRodShaped	11824	2.07919	0.5	62.7312	-20.2287	0	0.184151	-0.982898	0	None	None
ChainingRodShaped	11826	2.12011	0.5	45.624	14.803	0	-0.556177	-0.831064	0	None	None
ChainingRodShaped	11828	2.11931	0.5	22.4671	-38.1204	0	0.014509	-0.999895	0	None	None
ChainingRodShaped	11830	2.14674	0.5	44.9358	78.822	0	0.118464	-0.992958	0	None	None
ChainingRodShaped	11832	2.12535	0.5	17.7403	111.481	0	0.864751	-0.502201	0	None	None
ChainingRodShaped	11834	2.11596	0.5	-21.9738	43.2293	0	0.855794	-0.517317	0	None	None
ChainingRodShaped	11836	2.07567	0.5	-31.1987	22.3115	0	0.11438	0.993437	0	None	None
ChainingRodShaped	11838	2.06713	0.5	-3.13527	51.7462	0	0.999639	-0.0268742	0	None	None
ChainingRodShaped	11840	2.09047	0.5	22.6501	-31.6407	0	0.999588	-0.0286956	0	None	None
ChainingRodShaped	11842	2.07733	0.5	89.3275	19.8418	0	-0.466334	0.884609	0	None	None
ChainingRodShaped	11844	2.04917	0.5	43.2192	6.76374	0	-0.523781	-0.851853	0	None	None
ChainingRodShaped	11846	2.06817	0.5	14.2545	-36.5286	0	0.0526429	-0.998613	0	None	None
ChainingRodShaped	11848	2.08938	0.5	24.5569	53.2881	0	0.66878	0.74346	0	None	None
ChainingRodShaped	11850	2.07552	0.5	-32.0997	-41.5865	0	0.876725	0.480991	0	None	None
ChainingRodShaped	11852	2.09741	0.5	63.8165	-11.2474	0	-0.32223	0.946661	0	None	None
ChainingRodShaped	11854	2.05227	0.5	23.0146	99.1504	0	0.827679	0.561202	0	None	None
ChainingRodShaped	11856	2.12583	0.5	-52.6904	39.5882	0	0.925246	0.379369	0	None	None
ChainingRodShaped	11858	2.05671	0.5	62.5645	14.8009	0	-0.984876	-0.173261	0	None	None
ChainingRodShaped	11860	2.09247	0.5	70.1203	24.7576	0	0.866251	0.49961	0	None	None
ChainingRodShaped	11862	2.04507	0.5	69.7802	-21.2132	0	-0.540817	0.84114	0	None	None
ChainingRodShaped	11864	2.11671	0.5	-41.1762	13.099	0	0.998038	0.0626136	0	None	None
ChainingRodShaped	11866	2.11853	0.5	40.7787	43.0265	0	0.930863	0.365368	0	None	None
ChainingRodShaped	11868	2.11845	0.5	-50.6651	-28.4132	0	0.898611	-0.438746	0	None	None
ChainingRodShaped	11870	2.12198	0.5	-3.93655	62.2723	0	-0.917603	0.397499	0	None	None
ChainingRodShaped	11872	2.09355	0.5	48.7487	-34.0983	0	0.762718	0.646732	0	None	None
ChainingRodShaped	11874	2.09223	0.5	-43.0008	-34.9358	0	-0.737504	0.675343	0	None	None
ChainingRodShaped	11876	2.09386	0.5	28.9172	65.9592	0	0.85907	0.511858	0	None	None
ChainingRodShaped	11878	2.06973	0.5	-53.5794	74.5635	0	0.8149	0.579601	0	None	None
ChainingRodShaped	11880	2.09991	0.5	23.3329	-21.8826	0	-0.873383	-0.487033	0	None	None
ChainingRodShaped	11882	2.07783	0.5	30.8585	101.288	0	0.090438	-0.995902	0	None	None
ChainingRodShaped	11884	2.0434	0.5	69.942	-16.2048	0	-0.507295	0.861772	0	None	None
ChainingRodShaped	11886	2.06631	0.5	-0.391884	-26.8766	0	-0.746571	0.665306	0	None	None
ChainingRodShaped	11888	2.091	0.5	59.7144	66.6341	0	-0.0666095	0.997779	0	None	None
ChainingRodShaped	11890	2.04773	0.5	-74.4476	28.7348	0	0.286561	0.958062	0	None	None
ChainingRodShaped	11892	2.06181	0.5	76.22	47.5377	0	-0.575944	-0.817489	0	None	None
ChainingRodShaped	11894	2.06594	0.5	-55.3155	65.8689	0	0.923532	0.383522	0	None	None
ChainingRodShaped	11896	2.09072	0.5	2.10095	97.3455	0	0.599406	0.800445	0	None	None
ChainingRodShaped	11898	2.09155	0.5	0.943388	106.1	0	0.315546	0.94891	0	None	None
ChainingRodShaped	11900	2.10446	0.5	54.2988	0.00675043	0	-0.92112	-0.389279	0	None	None
ChainingRodShaped	11902	2.10269	0.5	-2.41462	50.9252	0	0.999667	-0.0257951	0	None	None
ChainingRodShaped	11904	2.07416	0.5	-5.70625	34.1496	0	-0.693333	-0.720618	0	None	None
ChainingRodShaped	11906	2.09217	0.5	92.4236	17.2854	0	-0.255672	-0.966763	0	None	None
ChainingRodShaped	11908	2.09472	0.5	30.4382	53.3766	0	0.10423	-0.994553	0	None	None
ChainingRodShaped	11910	2.05908	0.5	-0.400283	68.8815	0	0.716193	-0.697903	0	None	None
ChainingRodShaped	11912	2.04838	0.5	-42.7568	33.8078	0	-0.73896	-0.67375	0	None	None
ChainingRodShaped	11914	2.04501	0.5	71.8416	35.3537	0	-0.952763	-0.303716	0	None	None
ChainingRodShaped	11916	2.06423	0.5	2.17222	-37.8253	0	-0.906511	0.422183	0	None	None
ChainingRodShaped	11918	2.06093	0.5	7.36689	95.1779	0	-0.0797232	-0.996817	0	None	None
ChainingRodShaped	11920	2.09698	0.5	-24.3747	68.6256	0	-0.294999	-0.955498	0	None	None
ChainingRodShaped	11922	2.047	0.5	-7.951	106.723	0	0.0234609	-0.999725	0	None	None
ChainingRodShaped	11924	2.08392	0.5	72.7349	0.0670722	0	-0.136438	-0.990649	0	None	None
ChainingRodShaped	11926	2.07341	0.5	61.4916	-12.729	0	0.39243	-0.919782	0	None	None
ChainingRodShaped	11928	2.08322	0.5	-16.3528	35.1128	0	0.958623	0.284678	0	None	None
ChainingRodShaped	11930	2.05348	0.5	4.53014	53.1291	0	0.983953	0.178427	0	None	None
ChainingRodShaped	11932	2.06269	0.5	-53.9412	-13.9738	0	0.84478	-0.535113	0	None	None
ChainingRodShaped	11934	2.05032	0.5	-46.4927	-29.7428	0	0.764012	0.645202	0	None	None
ChainingRodShaped	11936	2.05008	0.5	72.0745	2.16415	0	-0.0658155	-0.997832	0	None	None
ChainingRodShaped	11938	2.03386	0.5	52.0627	39.951	0	-0.880648	-0.473772	0	None	None
ChainingRodShaped	11940	2.06186	0.5	15.2936	-10.8888	0	-0.9816	-0.190948	0	None	None
ChainingRodShaped	11942	2.03143	0.5	75.5552	57.1657	0	-0.247385	-0.968917	0	None	None
ChainingRodShaped	11944	2.04597	0.5	-42.1545	-3.86652	0	-0.81021	-0.58614	0	None	None
ChainingRodShaped	11946	2.0447	0.5	62.4744	7.76044	0	0.976273	0.216543	0	None	None
ChainingRodShaped	11948	2.0297	0.5	-13.3628	-36.4209	0	-0.0734949	-0.997296	0	None	None
ChainingRodShaped	11950	2.0432	0.5	-5.09495	74.4466	0	0.680377	-0.732862	0	None	None
ChainingRodShaped	11952	2.04016	0.5	19.7917	103.044	0	0.489143	-0.872204	0	None	None
ChainingRodShaped	11954	2.05181	0.5	6.58931	-4.1141	0	-0.754618	0.656164	0	None	None
ChainingRodShaped	11956	2.04835	0.5	10.8878	53.5745	0	0.98594	0.167102	0	None	None
ChainingRodShaped	11958	2.06494	0.5	-71.1165	49.9552	0	0.970198	0.242314	0	None	None
ChainingRodShaped	11960	2.04228	0.5	67.0224	51.4299	0	-0.950926	-0.309419	0	None	None
ChainingRodShaped	11962	2.04961	0.5	-10.5632	103.378	0	0.00711604	-0.999975	0	None	None
ChainingRodShaped	11964	2.06369	0.5	-33.1604	21.6492	0	0.19164	0.981465	0	None	None
ChainingRodShaped	11966	2.0561	0.5	80.2256	20.9814	0	0.602455	-0.798153	0	None	None
ChainingRodShaped	11968	2.0563	0.5	56.7193	41.3131	0	-0.898638	-0.438692	0	None	None
ChainingRodShaped	11970	2.0387	0.5	-27.0412	43.9616	0	0.0103489	-0.999946	0	None	None
ChainingRodShaped	11972	2.02194	0.5	35.6241	107.72	0	0.719585	-0.694404	0	None	None
ChainingRodShaped	11974	2.04047	0.5	-25.7063	87.5019	0	-0.386481	0.922297	0	None	None
ChainingRodShaped	11976	2.04442	0.5	-41.8756	-29.4431	0	0.70772	0.706493	0	None	None
ChainingRodShaped	11978	2.05826	0.5	13.3454	-27.6102	0	0.343297	-0.939227	0	None	None
ChainingRodShaped	11980	2.04197	0.5	50.0756	98.8242	0	0.999965	0.00830659	0	None	None
ChainingRodShaped	11982	2.05347	0.5	21.1757	-17.3138	0	-0.957864	-0.28722	0	None	None
ChainingRodShaped	11984	2.05806	0.5	50.9369	-34.4172	0	-0.126087	-0.992019	0	None	None
ChainingRodShaped	11986	2.0277	0.5	11.291	11.689	0	0.279161	-0.960244	0	None	None
ChainingRodShaped	11988	2.038	0.5	-34.2693	15.5511	0	0.986928	0.161163	0	None	None
ChainingRodShaped	11990	2.02388	0.5	12.4524	110.339	0	0.991648	0.128973	0	None	None
ChainingRodShaped	11992	2.03548	0.5	72.8165	-5.62636	0	-0.147904	-0.989002	0	None	None
ChainingRodShaped	11994	2.04406	0.5	18.7066	-7.1811	0	0.187271	-0.982308	0	None	None
ChainingRodShaped	11996	2.02721	0.5	-0.573537	71.1369	0	0.715558	-0.698554	0	None	None
ChainingRodShaped	11998	2.03664	0.5	23.9113	22.7972	0	-0.0482	0.998838	0	None	None
ChainingRodShaped	12000	2.02009	0.5	20.2184	-16.0043	0	-0.997862	0.0653516	0	None	None
ChainingRodShaped	12002	2.0279	0.5	16.5759	85.8514	0	-0.162193	0.986759	0	None	None
ChainingRodShaped	12004	2.01956	0.5	-9.16279	24.445	0	0.759269	-0.650777	0	None	None
ChainingRodShaped	12006	2.04817	0.5	11.7818	19.158	0	-0.18529	0.982684	0	None	None
ChainingRodShaped	12008	2.0397	0.5	-39.7742	22.2332	0	0.857189	0.515002	0	None	None
ChainingRodShaped	12010	2.04472	0.5	54.5542	-20.1034	0	-0.157597	-0.987503	0	None	None
ChainingRodShaped	12012	2.02681	0.5	32.5118	-7.42619	0	-0.506739	-0.8621	0	None	None
ChainingRodShaped	12014	2.02152	0.5	34.3695	54.2731	0	0.135741	-0.990744	0	None	None
ChainingRodShaped	12016	2.0258	0.5	35.1741	-17.8917	0	-0.872165	-0.489213	0	None	None
ChainingRodShaped	12018	2.03474	0.5	8.45939	7.43658	0	0.338062	-0.941124	0	None	None
ChainingRodShaped	12020	2.01916	0.5	-57.6412	-4.51396	0	-0.939277	0.34316	0	None	None
ChainingRodShaped	12022	2.01487	0.5	-1.04351	45.7445	0	0.999834	-0.0182104	0	None	None
ChainingRodShaped	12024	2.02581	0.5	44.3929	32.1269	0	0.949774	-0.312937	0	None	None
ChainingRodShaped	12026	2.03261	0.5	17.135	21.2356	0	0.695185	-0.718831	0	None	None
ChainingRodShaped	12028	2.0126	0.5	32.004	54.2358	0	0.114121	-0.993467	0	None	None
ChainingRodShaped	12030	2.02769	0.5	-64.1842	51.6044	0	0.959395	-0.282066	0	None	None
ChainingRodShaped	12032	2.03337	0.5	-23.3881	91.5239	0	-0.782225	0.622996	0	None	None
ChainingRodShaped	12034	2.02759	0.5	54.8136	1.2076	0	-0.925017	-0.379927	0	None	None
ChainingRodShaped	12036	2.02984	0.5	14.1456	62.0768	0	-0.813487	-0.581583	0	None	None
ChainingRodShaped	12038	2.01471	0.5	-3.15754	25.242	0	0.590728	-0.80687	0	None	None
ChainingRodShaped	12040	2.02407	0.5	64.2621	-33.8473	0	-0.475604	0.879659	0	None	None
ChainingRodShaped	12042	2.02234	0.5	38.5126	-30.837	0	0.987119	0.159989	0	None	None
ChainingRodShaped	12044	2.02669	0.5	67.7533	-34.9135	0	-0.250753	0.968051	0	None	None
ChainingRodShaped	12046	2.01108	0.5	43.0365	80.7301	0	0.111086	-0.993811	0	None	None
ChainingRodShaped	12048	2.01664	0.5	-15.2011	-10.4508	0	0.391408	-0.920217	0	None	None
ChainingRodShaped	12050	2.01092	0.5	11.478	100.252	0	-0.925151	-0.3796	0	None	None
ChainingRodShaped	12052	2.01256	0.5	6.3207	-16.0845	0	-0.999476	-0.0323755	0	None	None
ChainingRodShaped	12054	2.01752	0.5	26.107	7.31216	0	-0.762385	-0.647124	0	None	None
ChainingRodShaped	12056	2.01135	0.5	39.2746	11.8138	0	-0.510856	-0.859666	0	None	None
ChainingRodShaped	12058	2.01276	0.5	-25.7911	39.7151	0	-0.928163	-0.372174	0	None	None
ChainingRodShaped	12060	2.01168	0.5	66.7929	38.2176	0	-0.953277	-0.302098	0	None	None
ChainingRodShaped	12062	2.0077	0.5	-9.1787	-23.7741	0	0.786819	-0.617183	0	None	None
ChainingRodShaped	12064	2.01159	0.5	39.5567	-4.5851	0	-0.466892	-0.884314	0	None	None
ChainingRodShaped	12066	2.00927	0.5	-44.3236	9.31227	0	0.115581	-0.993298	0	None	None
ChainingRodShaped	12068	2.00461	0.5	17.7213	109.237	0	0.919478	-0.393142	0	None	None
ChainingRodShaped	12070	2.00502	0.5	6.42316	28.1025	0	0.851477	0.524392	0	None	None
ChainingRodShaped	12072	2.006	0.5	45.1563	92.5998	0	0.874813	-0.48446	0	None	None
ChainingRodShaped	12074	2.00247	0.5	-35.2913	25.7074	0	0.578821	0.815455	0	None	None
ChainingRodShaped	12076	2.00248	0.5	-21.1007	59.8174	0	-0.0754521	-0.997149	0	None	None
ChainingRodShaped	12078	2.00402	0.5	65.6402	76.9366	0	0.795146	-0.606417	0	None	None
ChainingRodShaped	12080	2.00104	0.5	28.5962	30.144	0	-0.0158167	-0.999875	0	None	None
ChainingRodShaped	12082	2.00226	0.5	48.2987	-1.63079	0	-0.328682	-0.944441	0	None	None
ChainingRodShaped	12084	2.00067	0.5	-27.6694	33.1329	0	0.992021	0.126071	0	None	None
ChainingRodShaped	12086	2.0005	0.5	-60.3242	14.0997	0	0.737491	-0.675357	0	None	None
