cell_type	cell_id	length	radius	pos_x	pos_y	pos_z	ori_x	ori_y	ori_z	lower_link	upper_link
ChainingRodShaped	3000	3.87438	0.5	-30.744	-0.571418	0	0.641672	-0.766979	0	None	None
ChainingRodShaped	2736	3.56692	0.5	-138.933	-151.12	0	-0.821965	-0.569537	0	2737	None
ChainingRodShaped	1770	4.15283	0.5	-28.8027	92.8024	0	0.998546	0.0539028	0	1771	2661
ChainingRodShaped	3964	2.12185	0.5	-26.0561	-2.4974	0	-0.994877	-0.101088	0	None	None
ChainingRodShaped	3676	2.59451	0.5	-26.6192	-3.5461	0	-0.995494	-0.0948237	0	None	None
ChainingRodShaped	2756	2.87483	0.5	-83.9873	66.0955	0	-0.993395	-0.114741	0	2757	2223
ChainingRodShaped	2212	4.50038	0.5	-3.55964	-7.68922	0	-0.994534	0.104409	0	None	None
ChainingRodShaped	2638	3.56184	0.5	-28.5196	2.03163	0	0.264198	-0.964468	0	None	None
ChainingRodShaped	2682	3.73474	0.5	-72.6923	-25.6658	0	0.996637	-0.0819394	0	2683	2299
ChainingRodShaped	2502	3.34327	0.5	61.2189	-31.2458	0	-0.750639	-0.660712	0	2503	3921
ChainingRodShaped	3688	2.33479	0.5	-7.39782	146.155	0	-0.989611	0.143768	0	3689	3781
ChainingRodShaped	3554	2.39467	0.5	-7.65586	-1.09116	0	-0.491746	-0.870738	0	None	None
ChainingRodShaped	2894	4.3025	0.5	-3.2145	10.6947	0	-0.26655	-0.963821	0	None	None
ChainingRodShaped	2706	4.3873	0.5	-22.0541	29.1686	0	-0.118154	-0.992995	0	None	None
ChainingRodShaped	3154	3.19435	0.5	9.36679	26.016	0	-0.0598397	0.998208	0	None	None
ChainingRodShaped	3478	2.71052	0.5	-49.3743	47.2891	0	-0.88407	-0.467355	0	None	None
ChainingRodShaped	3594	2.42567	0.5	48.6519	71.2833	0	0.937596	-0.347726	0	3595	2475
ChainingRodShaped	3332	3.05845	0.5	-15.5554	-6.78426	0	-0.915802	0.401629	0	None	None
ChainingRodShaped	3168	3.01251	0.5	-36.1878	-99.111	0	-0.908505	-0.417874	0	3169	1095
ChainingRodShaped	3868	2.25982	0.5	-26.4992	60.152	0	-0.0862043	-0.996277	0	None	None
ChainingRodShaped	2282	4.96483	0.5	-33.4051	4.39331	0	-0.591847	0.80605	0	None	None
ChainingRodShaped	2988	4.07855	0.5	-36.0688	39.4159	0	-0.817641	0.575728	0	None	None
ChainingRodShaped	2496	3.47745	0.5	-45.3755	29.3664	0	0.93956	-0.342384	0	None	None
ChainingRodShaped	1986	4.585	0.5	3.16632	38.663	0	0.0441366	-0.999026	0	None	None
ChainingRodShaped	2924	4.32672	0.5	-5.319	1.63247	0	-0.18031	-0.98361	0	None	None
ChainingRodShaped	3144	3.73072	0.5	-35.9896	26.2672	0	0.133436	-0.991057	0	None	None
ChainingRodShaped	3972	2.09096	0.5	-26.6478	-10.5372	0	-0.640341	0.768091	0	3973	2219
ChainingRodShaped	2666	3.84547	0.5	15.2459	8.35336	0	0.760099	-0.649807	0	None	None
ChainingRodShaped	4098	2.02046	0.5	31.0344	38.036	0	-0.92072	-0.390223	0	None	None
ChainingRodShaped	2782	3.29862	0.5	71.9427	144.093	0	-0.534098	-0.845422	0	2783	3557
ChainingRodShaped	1680	3.81042	0.5	99.0654	27.4301	0	-0.0179521	-0.999839	0	1681	2425
ChainingRodShaped	2396	4.07428	0.5	29.0344	27.4988	0	0.932403	0.36142	0	None	None
ChainingRodShaped	3014	3.50561	0.5	-20.8225	70.1257	0	0.633725	-0.773558	0	None	None
ChainingRodShaped	2160	4.07836	0.5	-11.4029	-50.655	0	0.320909	-0.94711	0	2161	2093
ChainingRodShaped	2826	3.02963	0.5	0.693648	39.0642	0	0.980103	0.198489	0	None	None
ChainingRodShaped	1954	4.38863	0.5	-54.2743	114.81	0	-0.0831565	-0.996536	0	1955	3281
ChainingRodShaped	1626	3.73004	0.5	-101.308	-125.169	0	-0.836997	-0.547207	0	3422	2187
ChainingRodShaped	3188	2.84669	0.5	-9.65713	14.7675	0	0.657768	-0.753221	0	None	None
ChainingRodShaped	2914	4.32878	0.5	-29.0235	13.2969	0	0.592904	0.805273	0	None	None
ChainingRodShaped	2940	3.53429	0.5	-52.9855	47.7141	0	-0.893831	-0.448404	0	None	None
ChainingRodShaped	2250	4.38994	0.5	7.60796	48.159	0	-0.651625	-0.758541	0	None	None
ChainingRodShaped	1658	4.27989	0.5	-31.2189	60.6434	0	0.929498	0.368827	0	None	None
ChainingRodShaped	2698	4.72643	0.5	-26.1889	52.6948	0	-0.550649	-0.834737	0	None	None
ChainingRodShaped	2978	3.62839	0.5	-5.84933	-2.55904	0	0.949711	0.313127	0	None	None
ChainingRodShaped	4008	2.04961	0.5	16.775	89.6107	0	0.916342	-0.400397	0	4009	3293
ChainingRodShaped	2122	3.23671	0.5	-111.632	12.7365	0	0.131045	-0.991376	0	4038	1309
ChainingRodShaped	2562	4.99167	0.5	33.9279	32.4252	0	0.978795	-0.204841	0	None	None
ChainingRodShaped	1710	4.09147	0.5	18.1928	-45.3602	0	-0.987315	0.158772	0	1711	1979
ChainingRodShaped	3274	3.013	0.5	-6.61668	50.5913	0	-0.72787	-0.685715	0	None	None
ChainingRodShaped	3038	3.40196	0.5	-28.886	45.0584	0	-0.76669	-0.642018	0	None	None
ChainingRodShaped	3956	2.16911	0.5	8.44513	16.3217	0	0.217123	-0.976144	0	None	None
ChainingRodShaped	3436	3.0792	0.5	32.9976	37.8222	0	0.920103	0.391675	0	None	None
ChainingRodShaped	3222	3.49756	0.5	-5.43951	-1.41926	0	0.94653	0.322616	0	None	None
ChainingRodShaped	3336	2.95433	0.5	-48.3112	16.3925	0	-0.508848	0.860856	0	3337	2955
ChainingRodShaped	3442	2.50755	0.5	85.4585	59.2528	0	0.806193	-0.591653	0	3443	3309
ChainingRodShaped	752	4.88554	0.5	85.4611	-6.74317	0	-0.629295	-0.777167	0	3512	3765
ChainingRodShaped	2038	4.99412	0.5	-1.8334	61.2387	0	-0.998258	0.0590038	0	None	None
ChainingRodShaped	3342	3.02344	0.5	-6.73627	52.8607	0	-0.794423	-0.607364	0	None	None
ChainingRodShaped	3502	2.58899	0.5	-28.7183	47.5054	0	-0.77581	-0.630967	0	None	None
ChainingRodShaped	2000	3.7212	0.5	-10.2715	35.0268	0	0.939198	0.343375	0	None	None
ChainingRodShaped	3062	4.08099	0.5	-42.1247	23.4375	0	-0.875421	0.483361	0	None	None
ChainingRodShaped	3742	2.20191	0.5	10.3014	32.1978	0	0.184085	0.98291	0	None	None
ChainingRodShaped	2788	4.17232	0.5	-43.2591	22.9976	0	-0.872956	0.487799	0	None	None
ChainingRodShaped	1722	3.96375	0.5	-40.9291	-27.4871	0	0.982491	-0.186311	0	3170	2209
ChainingRodShaped	3930	2.28688	0.5	-37.8594	47.6661	0	-0.925763	0.378105	0	None	None
ChainingRodShaped	3510	2.76311	0.5	-5.42339	81.5861	0	-0.951319	0.308208	0	None	None
ChainingRodShaped	2622	3.45692	0.5	-30.5534	47.4129	0	-0.200275	-0.97974	0	None	None
ChainingRodShaped	3800	2.3791	0.5	-38.5309	33.5845	0	0.668026	-0.744138	0	None	None
ChainingRodShaped	2304	3.47483	0.5	38.9059	126.234	0	-0.996759	0.0804468	0	2305	3195
ChainingRodShaped	3536	2.5495	0.5	-57.8467	46.6162	0	0.251046	-0.967975	0	None	None
ChainingRodShaped	3388	2.85277	0.5	-30.1576	1.78726	0	0.652149	-0.758091	0	None	None
ChainingRodShaped	2488	3.35677	0.5	96.9527	197.302	0	-0.520121	-0.854093	0	2489	2697
ChainingRodShaped	2798	3.93114	0.5	-33.6062	73.612	0	0.310726	-0.950499	0	None	None
ChainingRodShaped	1636	4.41798	0.5	21.7477	20.8772	0	0.936432	0.35085	0	None	None
ChainingRodShaped	2776	3.93316	0.5	4.0124	2.10503	0	-0.624874	-0.780726	0	None	None
ChainingRodShaped	2916	3.64916	0.5	-32.6968	46.0185	0	-0.212487	-0.977164	0	None	None
ChainingRodShaped	2072	4.33557	0.5	37.2899	64.7882	0	0.398981	-0.916959	0	None	None
ChainingRodShaped	1484	4.55129	0.5	-78.7265	-113.29	0	-0.932504	-0.36116	0	1485	3667
ChainingRodShaped	2580	3.99356	0.5	-28.0219	49.1973	0	-0.769468	-0.638685	0	None	None
ChainingRodShaped	2078	3.93472	0.5	-19.4852	28.0759	0	-0.937034	-0.349238	0	None	None
ChainingRodShaped	1412	4.7077	0.5	-27.3274	56.0594	0	-0.472681	-0.881234	0	None	None
ChainingRodShaped	2632	4.58422	0.5	23.6758	33.5237	0	-0.166002	-0.986125	0	None	None
ChainingRodShaped	3758	2.39413	0.5	-13.8347	-2.69124	0	0.487183	-0.8733	0	None	None
ChainingRodShaped	3016	3.3764	0.5	-101.451	-11.9963	0	0.635557	-0.772054	0	3017	3949
ChainingRodShaped	1704	4.39089	0.5	33.1937	43.8033	0	0.945606	-0.325313	0	None	None
ChainingRodShaped	3152	3.53501	0.5	16.4565	81.5797	0	0.952576	-0.304302	0	None	None
ChainingRodShaped	3558	2.69435	0.5	-18.3312	24.7016	0	-0.956438	-0.291937	0	None	None
ChainingRodShaped	3824	2.47231	0.5	-10.6816	-2.00581	0	-0.689573	-0.724216	0	None	None
ChainingRodShaped	2002	4.70787	0.5	9.93789	37.3868	0	-0.814167	-0.58063	0	None	None
ChainingRodShaped	4122	2.00978	0.5	-57.4145	41.3261	0	-0.23919	0.970973	0	4123	1697
ChainingRodShaped	3714	2.25827	0.5	16.6044	3.23049	0	0.75112	-0.660165	0	None	None
ChainingRodShaped	2748	4.43368	0.5	-7.19858	41.5852	0	-0.319828	-0.947476	0	None	None
ChainingRodShaped	3792	2.26247	0.5	37.1396	61.5624	0	0.0154375	-0.999881	0	None	None
ChainingRodShaped	2458	4.26924	0.5	-3.48131	-35.7785	0	-0.792022	0.610492	0	2459	2257
ChainingRodShaped	2408	3.32405	0.5	30.9975	21.1051	0	-0.298691	-0.95435	0	None	None
ChainingRodShaped	2972	4.10875	0.5	-40.1882	40.9458	0	-0.864517	0.502604	0	None	None
ChainingRodShaped	3734	2.31432	0.5	-45.9692	133.623	0	-0.691299	-0.722569	0	3735	3439
ChainingRodShaped	3496	2.40327	0.5	31.2613	67.3982	0	0.793562	-0.60849	0	None	None
ChainingRodShaped	1638	4.33369	0.5	13.9733	32.3306	0	-0.18414	-0.9829	0	None	None
ChainingRodShaped	4012	2.07301	0.5	-5.19816	45.1804	0	-0.486591	-0.87363	0	None	None
ChainingRodShaped	1942	4.49152	0.5	-49.2542	43.0419	0	-0.102697	-0.994713	0	None	None
ChainingRodShaped	2754	3.82915	0.5	-33.969	64.1889	0	0.841872	-0.539677	0	None	None
ChainingRodShaped	2276	3.56044	0.5	-41.1132	29.7451	0	0.915553	-0.402198	0	None	None
ChainingRodShaped	2130	4.82607	0.5	-108.161	42.18	0	-0.316358	-0.94864	0	2131	2027
ChainingRodShaped	2888	4.41694	0.5	-48.6552	27.5055	0	-0.931354	0.364116	0	None	None
ChainingRodShaped	1400	4.84903	0.5	-40.6649	34.5578	0	0.661841	-0.749644	0	None	None
ChainingRodShaped	2316	4.2892	0.5	12.3147	33.264	0	0.16443	0.986389	0	None	None
ChainingRodShaped	2444	4.16929	0.5	22.6323	75.1055	0	0.442372	-0.896832	0	None	None
ChainingRodShaped	2720	4.69213	0.5	-6.04272	64.1233	0	-0.501033	0.865428	0	None	None
ChainingRodShaped	2016	4.64883	0.5	-27.7085	5.50375	0	-0.886511	-0.462707	0	None	None
ChainingRodShaped	2600	3.54988	0.5	11.1854	32.0704	0	0.174285	0.984695	0	None	None
ChainingRodShaped	2342	4.20433	0.5	-22.8534	29.721	0	-0.115117	-0.993352	0	None	None
ChainingRodShaped	1882	4.98091	0.5	-23.4156	57.7449	0	-0.412397	-0.911004	0	None	None
ChainingRodShaped	2744	3.78131	0.5	66.4036	66.454	0	0.974615	-0.223887	0	2745	1815
ChainingRodShaped	3268	2.83668	0.5	-5.22401	70.1928	0	-0.930475	0.366356	0	None	None
ChainingRodShaped	2354	4.32682	0.5	-9.36837	94.131	0	0.999931	0.0117636	0	2355	2271
ChainingRodShaped	3756	2.51729	0.5	-31.6651	46.5171	0	-0.2027	-0.979241	0	None	None
ChainingRodShaped	2850	3.58294	0.5	18.9464	25.6205	0	0.103543	-0.994625	0	None	None
ChainingRodShaped	2896	3.08618	0.5	37.1004	-44.8947	0	-0.973292	-0.229569	0	2897	2273
ChainingRodShaped	2962	3.17137	0.5	-22.8414	62.4955	0	0.0743481	-0.997232	0	None	None
ChainingRodShaped	2382	3.5046	0.5	15.616	135.793	0	-0.84706	0.531497	0	2383	1699
ChainingRodShaped	3490	2.78673	0.5	20.6807	7.54126	0	0.950943	0.309366	0	None	None
ChainingRodShaped	2108	4.23738	0.5	-18.0736	34.9816	0	-0.0107217	-0.999943	0	None	None
ChainingRodShaped	3250	2.96245	0.5	-1.68654	-4.21599	0	-0.25481	-0.966991	0	None	None
ChainingRodShaped	3298	3.34795	0.5	-42.9583	73.4225	0	0.142069	0.989857	0	None	None
ChainingRodShaped	2180	4.38576	0.5	-35.5647	15.787	0	-0.936342	0.351089	0	None	None
ChainingRodShaped	3236	3.38134	0.5	-29.454	45.7333	0	-0.772436	-0.635093	0	None	None
ChainingRodShaped	1294	4.96183	0.5	-17.0959	77.6593	0	-0.849461	0.527652	0	None	None
ChainingRodShaped	4074	2.03993	0.5	19.6176	71.4848	0	-0.729923	0.683529	0	None	None
ChainingRodShaped	3130	3.32338	0.5	-19.4009	-1.21296	0	0.999901	-0.0140495	0	None	None
ChainingRodShaped	3500	2.99838	0.5	-29.0917	77.4112	0	-0.845214	-0.534428	0	None	None
ChainingRodShaped	2938	3.3126	0.5	-9.35511	68.8817	0	-0.932211	0.361915	0	None	None
ChainingRodShaped	3766	2.48858	0.5	25.4558	42.2251	0	0.391102	-0.920347	0	None	None
ChainingRodShaped	4094	2.03795	0.5	4.37239	58.8515	0	-0.875764	-0.48274	0	None	None
ChainingRodShaped	2524	3.32207	0.5	-33.0665	34.3638	0	-0.685342	0.728222	0	None	None
ChainingRodShaped	3774	2.23441	0.5	35.2685	44.1223	0	0.945939	-0.324344	0	None	None
ChainingRodShaped	3892	2.32717	0.5	18.0308	43.6165	0	0.349653	-0.936879	0	None	None
ChainingRodShaped	3540	2.73502	0.5	-9.13052	9.29942	0	0.548737	-0.835995	0	None	None
ChainingRodShaped	1580	4.1288	0.5	-15.4126	-81.9159	0	-0.561942	-0.827177	0	3184	2339
ChainingRodShaped	3380	3.22391	0.5	-52.2726	31.5552	0	-0.98589	0.167397	0	None	None
ChainingRodShaped	3670	2.25841	0.5	-60.3394	-107.19	0	-0.96041	-0.27859	0	3671	1585
ChainingRodShaped	3276	3.04041	0.5	-49.9768	100.132	0	0.638814	-0.769361	0	3277	2985
ChainingRodShaped	1446	4.9163	0.5	15.8623	10.0429	0	0.542659	-0.839953	0	None	None
ChainingRodShaped	2410	4.63036	0.5	-15.7257	9.20081	0	0.928599	-0.371086	0	None	None
ChainingRodShaped	1324	4.15537	0.5	-127.135	-142.936	0	-0.821191	-0.570654	0	3836	1281
ChainingRodShaped	3924	2.10089	0.5	82.3172	167.203	0	-0.360113	-0.932909	0	3925	2055
ChainingRodShaped	3498	2.79529	0.5	7.56986	34.7069	0	-0.856349	-0.516398	0	None	None
ChainingRodShaped	2154	3.62982	0.5	-34.7868	57.1543	0	0.999993	-0.00386842	0	None	None
ChainingRodShaped	1662	4.43933	0.5	73.035	-20.1829	0	-0.713707	-0.700444	0	3542	3651
ChainingRodShaped	2714	4.61277	0.5	30.0548	29.9751	0	0.931565	0.363575	0	None	None
ChainingRodShaped	2646	3.87817	0.5	-24.7263	35.7612	0	-0.10111	-0.994875	0	None	None
ChainingRodShaped	3206	3.17576	0.5	5.51179	38.7004	0	0.844987	0.534786	0	None	None
ChainingRodShaped	3404	2.65951	0.5	-8.40843	60.419	0	-0.341732	-0.939798	0	None	None
ChainingRodShaped	3216	2.75941	0.5	2.88768	44.6328	0	-0.865981	-0.500077	0	None	None
ChainingRodShaped	3946	2.13481	0.5	-13.136	12.8106	0	0.795478	-0.605982	0	None	None
ChainingRodShaped	4034	2.099	0.5	13.4389	81.4972	0	-0.96091	0.276862	0	None	None
ChainingRodShaped	3172	3.57409	0.5	-43.4544	43.0231	0	-0.996122	0.0879817	0	None	None
ChainingRodShaped	3988	2.16553	0.5	-32.7451	58.0813	0	0.999991	-0.00425883	0	None	None
ChainingRodShaped	3320	2.64045	0.5	31.322	29.4261	0	0.934573	0.355773	0	None	None
ChainingRodShaped	2172	4.18827	0.5	-7.69295	92.8611	0	-0.989738	0.142897	0	None	None
ChainingRodShaped	3726	2.56677	0.5	-8.64008	19.4956	0	-0.475673	-0.879622	0	None	None
ChainingRodShaped	1566	4.47186	0.5	4.76519	-3.01779	0	-0.979598	-0.200967	0	None	None
ChainingRodShaped	2882	4.31626	0.5	-38.2012	84.6317	0	-0.928485	0.371369	0	None	None
ChainingRodShaped	3686	2.20302	0.5	-86.0552	-22.9893	0	0.938039	-0.346529	0	3687	3951
ChainingRodShaped	2536	4.42682	0.5	95.3491	46.1301	0	0.404687	-0.914455	0	2537	1923
ChainingRodShaped	2008	4.15486	0.5	-2.32684	15.4729	0	-0.400114	-0.916465	0	None	None
ChainingRodShaped	3640	2.33782	0.5	8.49136	4.53729	0	-0.0593682	-0.998236	0	None	None
ChainingRodShaped	2936	3.84072	0.5	-47.9497	26.1901	0	-0.929417	0.369031	0	None	None
ChainingRodShaped	1360	4.19221	0.5	-66.2992	60.0073	0	-0.744015	0.668163	0	3684	1839
ChainingRodShaped	2970	3.07929	0.5	30.7264	70.2384	0	0.800557	-0.599256	0	None	None
ChainingRodShaped	2668	4.5284	0.5	-11.3291	62.5332	0	-0.398211	-0.917294	0	None	None
ChainingRodShaped	2372	4.85997	0.5	-26.2073	36.58	0	0.195981	-0.980608	0	None	None
ChainingRodShaped	2592	4.34879	0.5	25.503	23.0378	0	0.971254	0.238044	0	None	None
ChainingRodShaped	3400	2.84843	0.5	-41.8448	33.0316	0	0.672479	-0.740116	0	None	None
ChainingRodShaped	2262	3.74594	0.5	-6.55988	69.7366	0	-0.934085	0.357052	0	None	None
ChainingRodShaped	1614	4.49274	0.5	7.07677	50.2987	0	-0.650589	-0.75943	0	None	None
ChainingRodShaped	2786	3.087	0.5	25.1513	55.953	0	0.231452	-0.972846	0	None	None
ChainingRodShaped	3456	3.08883	0.5	-18.1716	80.5486	0	-0.844465	0.53561	0	None	None
ChainingRodShaped	1978	4.10238	0.5	9.20299	-42.9254	0	-0.932511	0.361142	0	1979	1047
ChainingRodShaped	3674	2.59664	0.5	-21.2633	82.5444	0	-0.953558	0.301208	0	None	None
ChainingRodShaped	3178	3.09059	0.5	23.0055	78.8088	0	0.405667	-0.914021	0	None	None
ChainingRodShaped	3854	2.41746	0.5	-26.031	66.618	0	0.759618	-0.65037	0	None	None
ChainingRodShaped	3196	2.67214	0.5	8.50808	11.4481	0	0.198999	-0.98	0	None	None
ChainingRodShaped	3162	2.986	0.5	-26.3094	4.06159	0	-0.881793	-0.471636	0	None	None
ChainingRodShaped	2192	4.97567	0.5	-0.861558	60.4185	0	-0.998798	0.0490213	0	None	None
ChainingRodShaped	2960	3.81117	0.5	-7.10543	61.315	0	-0.348124	-0.937449	0	None	None
ChainingRodShaped	2712	4.60942	0.5	-41.4309	12.1495	0	0.532134	-0.84666	0	None	None
ChainingRodShaped	2816	3.73448	0.5	-19.5032	42.9626	0	-0.986375	0.164515	0	None	None
ChainingRodShaped	1706	4.86015	0.5	20.634	61.9956	0	0.457132	-0.889399	0	None	None
ChainingRodShaped	3212	3.55815	0.5	-4.32925	1.71029	0	-0.175502	-0.984479	0	None	None
ChainingRodShaped	2764	3.19042	0.5	-8.06522	48.4524	0	0.536536	-0.843877	0	None	None
ChainingRodShaped	3682	2.2973	0.5	-1.95322	37.7368	0	-0.992208	-0.124594	0	None	None
ChainingRodShaped	2770	3.53244	0.5	-30.6142	65.3896	0	0.8337	-0.552217	0	None	None
ChainingRodShaped	1944	3.56038	0.5	94.4515	7.15105	0	-0.436934	-0.899494	0	3810	1755
ChainingRodShaped	2406	4.68417	0.5	2.21505	85.666	0	0.958417	0.28537	0	None	None
ChainingRodShaped	2446	4.3283	0.5	-3.19371	-2.30608	0	-0.257461	-0.966289	0	None	None
ChainingRodShaped	2516	3.87864	0.5	-17.721	79.1349	0	-0.846518	0.53236	0	None	None
ChainingRodShaped	3798	2.30858	0.5	-21.6225	86.4615	0	-0.960909	0.276865	0	None	None
ChainingRodShaped	1782	4.61295	0.5	-21.6622	69.7565	0	0.633089	-0.774079	0	None	None
ChainingRodShaped	1998	3.53705	0.5	55.7822	129.433	0	-0.891625	-0.452775	0	1999	2907
ChainingRodShaped	3768	2.3392	0.5	-1.08423	-5.78511	0	-0.261893	-0.965097	0	None	None
ChainingRodShaped	2142	4.68144	0.5	-29.1728	143.289	0	-0.948344	-0.317245	0	2143	1985
ChainingRodShaped	2240	4.46533	0.5	-38.1207	65.2006	0	0.713389	-0.700768	0	None	None
ChainingRodShaped	2062	3.64551	0.5	-2.77618	70.2219	0	-0.927285	0.374357	0	None	None
ChainingRodShaped	1714	4.7632	0.5	104.928	209.654	0	-0.556383	-0.830926	0	3678	1215
ChainingRodShaped	3214	3.07628	0.5	-42.8936	20.6471	0	-0.384787	0.923005	0	None	None
ChainingRodShaped	3488	2.61938	0.5	-8.59299	46.1254	0	0.538302	-0.842752	0	None	None
ChainingRodShaped	3160	3.42144	0.5	-10.1382	25.8191	0	-0.789641	-0.613569	0	None	None
ChainingRodShaped	3072	3.96155	0.5	-18.2	38.7037	0	-0.658548	0.752539	0	None	None
ChainingRodShaped	2132	3.77868	0.5	24.4703	66.5222	0	-0.811549	0.584285	0	None	None
ChainingRodShaped	2026	4.43365	0.5	-110.854	31.7416	0	-0.183405	-0.983037	0	2027	2867
ChainingRodShaped	3360	2.46156	0.5	15.1981	55.0581	0	-0.709706	-0.704498	0	None	None
ChainingRodShaped	1408	4.74036	0.5	-10.3177	9.45754	0	0.557073	-0.830463	0	None	None
ChainingRodShaped	3204	2.81625	0.5	32.0793	35.3495	0	0.915161	0.40309	0	None	None
ChainingRodShaped	3242	3.22598	0.5	-30.7451	59.8411	0	0.925767	0.378093	0	None	None
ChainingRodShaped	2514	4.9256	0.5	27.4279	44.5196	0	0.563578	-0.826063	0	None	None
ChainingRodShaped	3020	3.15702	0.5	14.0478	43.9845	0	0.348735	-0.937221	0	None	None
ChainingRodShaped	2876	3.2354	0.5	-30.0408	22.0696	0	0.0752259	-0.997167	0	None	None
ChainingRodShaped	2704	3.55583	0.5	-53.1204	45.5194	0	0.888866	0.458166	0	None	None
ChainingRodShaped	2520	4.96805	0.5	-30.3544	8.78797	0	0.995682	-0.0928288	0	None	None
ChainingRodShaped	3912	2.27976	0.5	-51.277	53.3364	0	-0.997478	0.0709829	0	None	None
ChainingRodShaped	3064	4.07489	0.5	-32.5992	40.1494	0	-0.726865	0.686781	0	None	None
ChainingRodShaped	2806	3.40731	0.5	25.2722	64.7915	0	-0.80567	0.592365	0	None	None
ChainingRodShaped	3576	2.28941	0.5	28.5957	82.8618	0	0.830875	-0.556459	0	3577	2183
ChainingRodShaped	3262	3.40314	0.5	-10.1653	7.61217	0	0.548736	-0.835996	0	None	None
ChainingRodShaped	2708	3.06965	0.5	-43.025	29.5128	0	0.939457	-0.342668	0	None	None
ChainingRodShaped	3252	3.1957	0.5	9.84684	81.4244	0	-0.987763	0.155964	0	None	None
ChainingRodShaped	1618	3.68451	0.5	-17.0354	-22.2731	0	-0.643189	0.765707	0	1619	2805
ChainingRodShaped	2986	3.01322	0.5	-51.4144	51.4164	0	0.997988	-0.063405	0	None	None
ChainingRodShaped	3932	2.10325	0.5	-29.0171	14.8362	0	0.600966	0.799275	0	None	None
ChainingRodShaped	3802	2.18063	0.5	-9.49014	22.8242	0	-0.790032	-0.613065	0	None	None
ChainingRodShaped	3584	2.31255	0.5	-19.5751	26.1363	0	-0.93706	-0.349169	0	None	None
ChainingRodShaped	2270	3.16842	0.5	0.986434	93.6681	0	0.993535	-0.113525	0	2271	2289
ChainingRodShaped	4082	2.03316	0.5	-40.1532	5.09789	0	-0.641969	0.76673	0	4083	3257
ChainingRodShaped	3304	2.72842	0.5	-3.75391	63.6461	0	-0.91851	0.395397	0	None	None
ChainingRodShaped	3530	2.60785	0.5	-98.9197	58.8612	0	-0.694765	-0.719237	0	3531	2627
ChainingRodShaped	2456	4.67154	0.5	-25.7067	-0.3377	0	-0.799094	-0.601205	0	None	None
ChainingRodShaped	3312	2.99078	0.5	-9.63795	19.5818	0	-0.468124	-0.883663	0	None	None
ChainingRodShaped	3710	2.5211	0.5	-1.25491	59.5425	0	-0.999193	0.040155	0	None	None
ChainingRodShaped	2468	4.58731	0.5	-12.48	41.2685	0	-0.147501	-0.989062	0	None	None
ChainingRodShaped	2634	4.93479	0.5	-21.5721	26.3005	0	-0.933518	-0.358531	0	None	None
ChainingRodShaped	2810	3.65667	0.5	16.4399	45.2058	0	0.359038	-0.933323	0	None	None
ChainingRodShaped	3706	2.5316	0.5	20.0331	43.5046	0	0.336226	-0.941781	0	None	None
ChainingRodShaped	4002	2.10311	0.5	10.0156	29.1302	0	-0.0698097	0.99756	0	None	None
ChainingRodShaped	4026	2.10984	0.5	12.8585	2.99156	0	0.996519	-0.0833636	0	None	None
ChainingRodShaped	2564	4.34893	0.5	-2.77913	47.8994	0	-0.438693	-0.898637	0	None	None
ChainingRodShaped	3416	3.16562	0.5	-38.5524	6.66028	0	0.537022	-0.843568	0	None	None
ChainingRodShaped	2854	4.47325	0.5	21.9856	19.9596	0	0.937209	0.348768	0	None	None
ChainingRodShaped	2358	3.851	0.5	6.59078	41.4565	0	0.851884	0.52373	0	None	None
ChainingRodShaped	2658	3.17981	0.5	12.3951	66.2636	0	0.463175	-0.886267	0	None	None
ChainingRodShaped	2814	4.33867	0.5	6.72215	8.32104	0	0.557619	-0.830097	0	None	None
ChainingRodShaped	2338	3.96892	0.5	-22.0243	-89.6798	0	-0.725174	-0.688565	0	2339	2959
ChainingRodShaped	2550	3.93833	0.5	-6.03322	91.6214	0	-0.994631	0.103487	0	None	None
ChainingRodShaped	3150	3.16965	0.5	50.3363	-39.4214	0	-0.853926	-0.520395	0	3151	3865
ChainingRodShaped	2452	3.50113	0.5	-22.3744	-34.9459	0	0.794602	-0.60713	0	2453	2333
ChainingRodShaped	2730	2.75979	0.5	-48.1925	-103.643	0	-0.954601	-0.297888	0	2731	1587
ChainingRodShaped	3908	2.26393	0.5	24.0295	11.2662	0	-0.933273	-0.359167	0	None	None
ChainingRodShaped	2434	3.41517	0.5	-26.4542	65.7938	0	0.757197	-0.653186	0	None	None
ChainingRodShaped	2508	3.67917	0.5	-26.9452	77.6763	0	-0.831615	-0.555353	0	None	None
ChainingRodShaped	2330	3.91701	0.5	-53.094	-26.3044	0	0.999599	-0.0283312	0	2331	3171
ChainingRodShaped	2118	3.99409	0.5	-117.665	-136.344	0	-0.82046	-0.571703	0	2119	3837
ChainingRodShaped	1972	4.6646	0.5	-5.06157	17.383	0	0.96939	-0.245526	0	None	None
ChainingRodShaped	2870	3.36267	0.5	-3.18484	33.8673	0	-0.966782	-0.255603	0	None	None
ChainingRodShaped	2560	3.16995	0.5	-43.6713	33.1783	0	0.822623	-0.568587	0	None	None
ChainingRodShaped	2146	4.28737	0.5	30.8813	35.8634	0	0.916143	0.400853	0	None	None
ChainingRodShaped	1588	4.65015	0.5	15.2893	13.8596	0	-0.912354	0.409402	0	None	None
ChainingRodShaped	2264	3.61538	0.5	-10.5141	-70.7346	0	-0.221117	-0.975247	0	2265	3185
ChainingRodShaped	3348	3.15596	0.5	5.47638	80.0304	0	0.063261	-0.997997	0	None	None
ChainingRodShaped	1272	4.95548	0.5	-29.223	23.356	0	0.0851832	-0.996365	0	None	None
ChainingRodShaped	3114	3.67646	0.5	-10.2963	14.0964	0	0.657282	-0.753645	0	None	None
ChainingRodShaped	1416	4.50924	0.5	29.8002	38.5528	0	-0.922491	-0.386019	0	None	None
ChainingRodShaped	2686	3.1963	0.5	-52.4199	52.447	0	-0.997718	0.0675151	0	None	None
ChainingRodShaped	3878	2.2932	0.5	-44.9576	44.2917	0	-0.89803	-0.439933	0	None	None
ChainingRodShaped	2922	3.15276	0.5	28.114	46.7508	0	0.0611585	-0.998128	0	None	None
ChainingRodShaped	3926	2.15387	0.5	-18.3209	52.3124	0	0.241244	-0.970464	0	None	None
ChainingRodShaped	2482	4.61225	0.5	17.9603	7.03963	0	-0.677512	-0.735512	0	None	None
ChainingRodShaped	3654	2.71945	0.5	9.96913	19.2836	0	-0.588678	0.808368	0	None	None
ChainingRodShaped	2512	3.66627	0.5	34.8898	61.5531	0	0.707181	-0.707032	0	None	None
ChainingRodShaped	2642	4.94214	0.5	-22.5252	51.5255	0	-0.569798	-0.821785	0	None	None
ChainingRodShaped	3316	2.64022	0.5	9.46543	39.7702	0	0.774506	-0.632567	0	None	None
ChainingRodShaped	3782	2.34146	0.5	-4.87821	65.1766	0	-0.914502	0.404582	0	None	None
ChainingRodShaped	2480	3.90093	0.5	-21.8767	20.4519	0	-0.989543	-0.144236	0	None	None
ChainingRodShaped	2694	3.13252	0.5	23.3866	131.208	0	-0.88297	0.46943	0	2695	2383
ChainingRodShaped	1842	4.60933	0.5	-6.68891	74.9404	0	0.89157	-0.452883	0	None	None
ChainingRodShaped	2440	4.95743	0.5	-31.3294	72.214	0	0.609292	-0.792946	0	None	None
ChainingRodShaped	2224	4.54756	0.5	0.559702	84.1946	0	0.960798	0.27725	0	None	None
ChainingRodShaped	2872	3.1544	0.5	-47.3899	43.5275	0	-0.661939	-0.749558	0	None	None
ChainingRodShaped	3074	2.89986	0.5	-13.2159	9.16746	0	0.924824	-0.380395	0	None	None
ChainingRodShaped	3546	2.55009	0.5	5.41527	141.848	0	-0.889939	0.456079	0	3547	3379
ChainingRodShaped	1368	4.76665	0.5	-35.5232	46.0694	0	0.264866	-0.964285	0	None	None
ChainingRodShaped	2982	3.50816	0.5	-16.5295	45.9655	0	0.260723	-0.965414	0	None	None
ChainingRodShaped	3918	2.24737	0.5	2.35667	66.9888	0	0.341434	-0.939906	0	None	None
ChainingRodShaped	3754	2.31212	0.5	-47.0331	46.4098	0	-0.875383	-0.483431	0	None	None
ChainingRodShaped	1464	3.8797	0.5	-51.9797	124.277	0	-0.382335	-0.924024	0	3438	1955
ChainingRodShaped	2244	4.31987	0.5	-4.47131	77.3785	0	0.976784	0.214226	0	None	None
ChainingRodShaped	2200	4.3514	0.5	-2.66447	89.1054	0	0.777624	-0.62873	0	None	None
ChainingRodShaped	3266	3.51841	0.5	24.8759	51.9448	0	0.0611488	-0.998129	0	None	None
ChainingRodShaped	2650	3.08593	0.5	75.9539	151.489	0	-0.423702	-0.905802	0	2651	2783
ChainingRodShaped	3812	2.3983	0.5	-14.9526	86.8893	0	0.856867	-0.515537	0	None	None
ChainingRodShaped	4084	2.04849	0.5	-39.2172	63.724	0	0.727283	-0.686338	0	None	None
ChainingRodShaped	3102	3.54564	0.5	-52.8057	28.9889	0	-0.216826	0.97621	0	None	None
ChainingRodShaped	2318	3.35406	0.5	-12.8377	71.9321	0	-0.847977	0.530033	0	None	None
ChainingRodShaped	3420	2.51802	0.5	11.955	56.9464	0	-0.757347	-0.653012	0	None	None
ChainingRodShaped	3960	2.14452	0.5	-31.1109	64.5979	0	0.838489	-0.544919	0	None	None
ChainingRodShaped	2848	3.74705	0.5	7.15733	59.3145	0	-0.887921	-0.459996	0	None	None
ChainingRodShaped	3224	3.64418	0.5	-35.527	73.4605	0	0.323786	-0.94613	0	None	None
ChainingRodShaped	2236	3.83879	0.5	-20.1302	30.7279	0	-0.102267	-0.994757	0	None	None
ChainingRodShaped	3142	2.78964	0.5	-34.6058	21.175	0	0.0749177	-0.99719	0	None	None
ChainingRodShaped	3190	2.77573	0.5	20.7661	59.6858	0	0.465476	-0.88506	0	None	None
ChainingRodShaped	3564	2.62367	0.5	-46.3305	60.3085	0	0.487772	-0.872971	0	None	None
ChainingRodShaped	1778	4.39363	0.5	-3.25652	2.26099	0	-0.170968	-0.985277	0	None	None
ChainingRodShaped	3356	3.1096	0.5	-34.6417	34.6874	0	0.682511	-0.730875	0	None	None
ChainingRodShaped	1356	4.80597	0.5	-37.0205	65.3924	0	0.706346	-0.707867	0	None	None
ChainingRodShaped	3788	2.48867	0.5	19.1452	43.2473	0	0.340296	-0.940319	0	None	None
ChainingRodShaped	3748	2.2758	0.5	-38.9365	35.4578	0	0.650077	-0.759868	0	None	None
ChainingRodShaped	2710	4.06197	0.5	88.5302	181.747	0	-0.429321	-0.903152	0	2711	2845
ChainingRodShaped	2928	3.1684	0.5	-44.7784	57.2487	0	0.999779	-0.0210327	0	None	None
ChainingRodShaped	3128	3.37807	0.5	19.3379	80.2571	0	-0.276988	0.960873	0	None	None
ChainingRodShaped	2944	2.98057	0.5	2.1092	51.4002	0	-0.677835	-0.735214	0	None	None
ChainingRodShaped	3234	3.19986	0.5	-24.4719	31.4974	0	-0.106904	-0.994269	0	None	None
ChainingRodShaped	1584	4.33228	0.5	-68.7248	-109.754	0	-0.951684	-0.307079	0	1585	1485
ChainingRodShaped	1664	4.74017	0.5	-14.4728	59.5597	0	-0.686713	-0.726929	0	None	None
ChainingRodShaped	3282	3.21577	0.5	23.8438	79.2917	0	0.404501	-0.914538	0	None	None
ChainingRodShaped	2090	4.84704	0.5	-30.6132	41.9874	0	0.72548	-0.688243	0	None	None
ChainingRodShaped	3306	3.12971	0.5	30.0719	46.3912	0	0.0779644	-0.996956	0	None	None
ChainingRodShaped	1624	4.58367	0.5	-26.4263	83.1982	0	0.17905	-0.98384	0	None	None
ChainingRodShaped	3644	2.35716	0.5	-11.7975	39.9314	0	-0.157381	-0.987538	0	None	None
ChainingRodShaped	3398	2.69535	0.5	79.4522	62.6409	0	0.919264	-0.393642	0	3399	3443
ChainingRodShaped	2616	4.31349	0.5	6.61196	42.5139	0	0.847236	0.531217	0	None	None
ChainingRodShaped	3280	2.59219	0.5	-53.6339	106.866	0	0.287489	-0.957784	0	3281	3277
ChainingRodShaped	3938	2.22146	0.5	28.3763	26.2098	0	0.928743	0.370725	0	None	None
ChainingRodShaped	4056	2.02965	0.5	-37.7294	93.0828	0	0.986033	-0.166552	0	4057	1771
ChainingRodShaped	3470	2.441	0.5	-108.788	0.623757	0	0.343811	-0.939039	0	3471	3637
ChainingRodShaped	1792	4.75186	0.5	-20.9746	30.8086	0	-0.110722	-0.993851	0	None	None
ChainingRodShaped	3118	3.90713	0.5	22.1272	30.111	0	-0.175448	-0.984489	0	None	None
ChainingRodShaped	4062	2.06254	0.5	3.49323	16.0724	0	0.398349	-0.917234	0	None	None
ChainingRodShaped	2022	4.26274	0.5	-24.6138	86.2351	0	-0.973414	0.229053	0	None	None
ChainingRodShaped	3668	2.46396	0.5	-91.6513	-119.282	0	-0.874871	-0.484357	0	3669	3423
ChainingRodShaped	2030	3.89039	0.5	1.22898	53.0662	0	-0.663036	-0.748587	0	None	None
ChainingRodShaped	3156	3.85244	0.5	36.6183	53.9265	0	-0.260379	-0.965506	0	None	None
ChainingRodShaped	4046	2.09122	0.5	-32.2422	32.0643	0	-0.661337	0.750089	0	None	None
ChainingRodShaped	4120	2.01425	0.5	-27.8875	40.073	0	0.250383	-0.968147	0	None	None
ChainingRodShaped	2900	3.28568	0.5	-32.6894	64.4815	0	0.841588	-0.54012	0	None	None
ChainingRodShaped	3244	3.49291	0.5	-25.7958	39.0118	0	0.205776	-0.978599	0	None	None
ChainingRodShaped	2718	4.55655	0.5	10.8501	86.4205	0	0.634783	-0.77269	0	None	None
ChainingRodShaped	3486	2.87341	0.5	-15.8954	13.2739	0	0.920834	-0.389956	0	None	None
ChainingRodShaped	3834	2.3153	0.5	-6.34286	88.4905	0	0.973772	-0.227526	0	None	None
ChainingRodShaped	2998	3.856	0.5	-10.9119	39.1345	0	-0.384395	-0.923169	0	None	None
ChainingRodShaped	3996	2.11329	0.5	-21.5743	10.6926	0	0.773215	-0.634144	0	None	None
ChainingRodShaped	2014	4.30707	0.5	-31.7656	19.4174	0	0.0412833	-0.999147	0	None	None
ChainingRodShaped	3382	2.81976	0.5	-7.1094	33.3153	0	-0.934876	-0.354975	0	None	None
ChainingRodShaped	3176	2.78826	0.5	-53.4273	46.4216	0	0.889303	0.457318	0	None	None
ChainingRodShaped	3872	2.27947	0.5	-54.1669	55.7829	0	-0.760141	-0.649758	0	None	None
ChainingRodShaped	2700	3.26697	0.5	35.4949	47.7956	0	-0.523996	-0.851721	0	None	None
ChainingRodShaped	3264	3.30707	0.5	9.58877	51.8559	0	-0.658153	-0.752884	0	None	None
ChainingRodShaped	2890	3.35789	0.5	-13.6209	21.4104	0	-0.999856	-0.0169737	0	None	None
ChainingRodShaped	3070	3.28555	0.5	-23.9524	27.8557	0	-0.105162	-0.994455	0	None	None
ChainingRodShaped	1270	4.98769	0.5	24.2489	68.9986	0	-0.808316	0.588749	0	None	None
ChainingRodShaped	2728	4.68249	0.5	0.434029	18.2321	0	-0.0720221	-0.997403	0	None	None
ChainingRodShaped	3578	2.34723	0.5	32.5558	41.8699	0	0.89768	0.440648	0	None	None
ChainingRodShaped	2504	3.6867	0.5	-26.5214	5.04933	0	-0.881841	-0.471547	0	None	None
ChainingRodShaped	3900	2.33356	0.5	3.57005	69.8506	0	0.0125861	-0.999921	0	None	None
ChainingRodShaped	2044	4.70543	0.5	17.2171	23.7763	0	0.0930294	-0.995663	0	None	None
ChainingRodShaped	1696	4.28572	0.5	-60.0047	50.2943	0	-0.333896	0.94261	0	1697	3685
ChainingRodShaped	3692	2.53382	0.5	-30.367	61.9758	0	0.92918	0.369629	0	None	None
ChainingRodShaped	4000	2.11976	0.5	-25.6426	55.3444	0	-0.490197	-0.871612	0	None	None
ChainingRodShaped	2864	3.9531	0.5	-48.5071	55.3033	0	-0.999095	-0.0425418	0	None	None
ChainingRodShaped	2530	3.76546	0.5	12.0151	6.65122	0	0.411339	-0.911482	0	None	None
ChainingRodShaped	1922	4.01401	0.5	98.2774	36.7536	0	0.186025	-0.982545	0	1923	1681
ChainingRodShaped	3512	2.34152	0.5	88.2486	-3.18368	0	-0.593212	-0.805046	0	3513	752
ChainingRodShaped	3948	2.10743	0.5	-96.795	-16.8021	0	0.763035	-0.646357	0	3949	3953
ChainingRodShaped	3068	3.80319	0.5	27.2638	75.2604	0	0.0714883	-0.997441	0	None	None
ChainingRodShaped	3080	2.89779	0.5	-18.9272	15.5117	0	0.78377	-0.621051	0	None	None
ChainingRodShaped	3476	2.58833	0.5	13.3354	33.8723	0	-0.174281	-0.984696	0	None	None
ChainingRodShaped	4030	2.04891	0.5	-18.5037	77.4161	0	-0.854697	0.519126	0	None	None
ChainingRodShaped	2114	4.83262	0.5	1.76098	28.753	0	-0.728084	-0.685488	0	None	None
ChainingRodShaped	3950	2.13046	0.5	-80.173	-24.6628	0	0.97953	-0.201297	0	3951	2683
ChainingRodShaped	2272	3.77695	0.5	28.878	-45.9976	0	-0.999144	-0.0413747	0	2273	1711
ChainingRodShaped	2340	4.40913	0.5	111.619	219.504	0	-0.566036	-0.824381	0	2341	3679
ChainingRodShaped	2148	4.40255	0.5	-15.0883	34.6993	0	-0.87417	-0.485619	0	None	None
ChainingRodShaped	2840	4.44541	0.5	0.989865	54.0642	0	-0.670484	-0.741924	0	None	None
ChainingRodShaped	2028	3.76316	0.5	-26.0983	0.573567	0	-0.800093	-0.599876	0	None	None
ChainingRodShaped	1686	4.04446	0.5	64.4846	135.382	0	-0.754071	-0.656793	0	3556	1999
ChainingRodShaped	3822	2.28267	0.5	17.4821	59.9694	0	0.438568	-0.898698	0	None	None
ChainingRodShaped	2230	4.27281	0.5	-23.7906	51.2968	0	-0.566504	-0.824059	0	None	None
ChainingRodShaped	3460	2.6357	0.5	-18.4821	40.976	0	-0.990342	0.138648	0	None	None
ChainingRodShaped	2640	3.72758	0.5	-24.1854	69.705	0	0.736155	-0.676813	0	None	None
ChainingRodShaped	3882	2.27019	0.5	-42.4158	60.2155	0	-0.108109	-0.994139	0	None	None
ChainingRodShaped	3680	2.68011	0.5	9.19379	22.488	0	0.29954	-0.954084	0	None	None
ChainingRodShaped	3572	2.44819	0.5	5.90384	4.38695	0	0.550948	-0.834539	0	None	None
ChainingRodShaped	3418	3.13868	0.5	14.1852	25.3253	0	0.177359	-0.984146	0	None	None
ChainingRodShaped	3942	2.16879	0.5	9.55922	80.5283	0	-0.989114	0.147151	0	None	None
ChainingRodShaped	3700	2.56663	0.5	17.3788	39.8731	0	0.310655	-0.950523	0	None	None
ChainingRodShaped	2906	3.66888	0.5	47.952	126.743	0	-0.981486	-0.191535	0	2907	2305
ChainingRodShaped	2796	3.89595	0.5	34.5999	29.2918	0	0.728206	-0.685358	0	None	None
ChainingRodShaped	2618	3.90767	0.5	-18.9625	65.3369	0	0.791308	-0.611418	0	None	None
ChainingRodShaped	1838	4.14526	0.5	-75.2448	65.1432	0	-0.953553	0.301224	0	1839	2757
ChainingRodShaped	3534	2.93377	0.5	-0.454994	91.3072	0	-0.975578	-0.219654	0	None	None
ChainingRodShaped	3648	2.62987	0.5	-7.48218	11.8212	0	0.510662	-0.859782	0	None	None
ChainingRodShaped	1668	4.56684	0.5	-4.08873	12.9242	0	-0.0241001	-0.99971	0	None	None
ChainingRodShaped	1642	4.44711	0.5	-29.9568	7.82251	0	0.995641	-0.0932722	0	None	None
ChainingRodShaped	1582	4.54671	0.5	5.77556	24.091	0	0.321056	-0.94706	0	None	None
ChainingRodShaped	3744	2.31938	0.5	20.8169	26.1466	0	0.0978127	-0.995205	0	None	None
ChainingRodShaped	2256	3.76459	0.5	-10.5541	-29.4793	0	-0.699953	0.714189	0	2257	1619
ChainingRodShaped	1776	4.87154	0.5	15.0089	83.03	0	0.955571	-0.294762	0	None	None
ChainingRodShaped	2020	3.77759	0.5	16.139	28.6737	0	-0.175289	-0.984517	0	None	None
ChainingRodShaped	2822	4.4399	0.5	-24.9612	69.2723	0	0.742886	-0.669418	0	None	None
ChainingRodShaped	2784	3.32209	0.5	7.27388	68.1747	0	0.0147604	-0.999891	0	None	None
ChainingRodShaped	4118	2.0085	0.5	-1.10963	11.1715	0	-0.337062	-0.941482	0	None	None
ChainingRodShaped	3764	2.16308	0.5	80.5512	-12.4915	0	-0.675535	-0.737328	0	3765	3543
ChainingRodShaped	2522	3.98337	0.5	-4.31038	25.8637	0	-0.760327	-0.649541	0	None	None
ChainingRodShaped	3010	2.96965	0.5	-4.67515	43.7265	0	0.307072	0.951686	0	None	None
ChainingRodShaped	1702	4.66134	0.5	-18.1153	145.957	0	-0.989027	-0.147737	0	3780	2143
ChainingRodShaped	1816	4.15983	0.5	-42.0591	17.401	0	0.776157	-0.63054	0	None	None
ChainingRodShaped	4040	2.06773	0.5	-29.3286	83.0558	0	0.18095	-0.983492	0	None	None
ChainingRodShaped	2758	4.41247	0.5	-3.59405	73.7256	0	-0.495438	-0.868643	0	None	None
ChainingRodShaped	2400	4.10911	0.5	19.919	16.241	0	-0.960706	-0.27757	0	None	None
ChainingRodShaped	3866	2.16035	0.5	-18.3426	25.6149	0	-0.953483	-0.301447	0	None	None
ChainingRodShaped	3066	3.11163	0.5	27.3768	58.5197	0	0.374501	-0.927227	0	None	None
ChainingRodShaped	3110	3.87621	0.5	-12.8081	-0.142015	0	0.36799	-0.92983	0	None	None
ChainingRodShaped	3202	3.23367	0.5	-24.0283	66.0961	0	0.748609	-0.663012	0	None	None
ChainingRodShaped	2558	3.14885	0.5	15.2958	12.8044	0	-0.912072	0.410031	0	None	None
ChainingRodShaped	2042	4.04951	0.5	-5.84987	26.9018	0	-0.777222	-0.629226	0	None	None
ChainingRodShaped	3582	2.72213	0.5	24.6235	18.506	0	-0.645318	-0.763914	0	None	None
ChainingRodShaped	3590	2.39331	0.5	25.2623	58.842	0	0.3857	-0.922624	0	None	None
ChainingRodShaped	3126	3.68309	0.5	15.5225	30.3952	0	-0.185135	-0.982713	0	None	None
ChainingRodShaped	2222	3.31148	0.5	-93.1776	63.1397	0	-0.88345	-0.468525	0	2223	3531
ChainingRodShaped	3140	3.01622	0.5	20.1615	73.7803	0	-0.689429	0.724353	0	None	None
ChainingRodShaped	3344	2.91911	0.5	-54.4734	30.2783	0	-0.298966	0.954264	0	3345	2153
ChainingRodShaped	2174	4.09753	0.5	-44.4817	18.073	0	0.786542	-0.617537	0	None	None
ChainingRodShaped	3944	2.12713	0.5	1.33818	67.1952	0	0.350889	-0.936417	0	None	None
ChainingRodShaped	2218	4.39148	0.5	-32.4618	-3.74652	0	-0.657725	0.753259	0	2219	2189
ChainingRodShaped	3030	3.03755	0.5	4.46371	-1.06489	0	-0.978374	-0.206843	0	None	None
ChainingRodShaped	2752	3.39407	0.5	-20.513	42.2709	0	-0.984677	0.17439	0	None	None
ChainingRodShaped	4086	2.04263	0.5	13.5491	19.8645	0	-0.915814	0.401604	0	None	None
ChainingRodShaped	3390	2.59803	0.5	6.49169	2.36228	0	-0.975993	-0.217802	0	None	None
ChainingRodShaped	2596	3.82127	0.5	-26.3079	22.9244	0	-0.951033	0.309091	0	None	None
ChainingRodShaped	2892	2.89792	0.5	11.3228	16.3851	0	-0.734757	0.67833	0	None	None
ChainingRodShaped	3514	2.90233	0.5	-12.0412	0.454913	0	0.358687	-0.933458	0	None	None
ChainingRodShaped	2426	3.57309	0.5	-27.4496	83.5194	0	0.17911	-0.983829	0	None	None
ChainingRodShaped	3826	2.27053	0.5	-13.4745	16.3517	0	0.709821	-0.704382	0	None	None
ChainingRodShaped	2414	3.32637	0.5	-30.3765	16.0394	0	0.615643	0.788025	0	None	None
ChainingRodShaped	3506	2.87822	0.5	-41.6237	54.4073	0	-0.999999	-0.00139535	0	None	None
ChainingRodShaped	2912	3.43494	0.5	-29.1964	35.5166	0	-0.679375	0.733792	0	None	None
ChainingRodShaped	2368	4.76398	0.5	-17.3234	21.5489	0	-0.531023	-0.847357	0	None	None
ChainingRodShaped	3396	2.7151	0.5	33.2817	45.8157	0	0.950361	-0.311148	0	None	None
ChainingRodShaped	2742	3.74985	0.5	-9.97634	33.2245	0	-0.935445	-0.353471	0	None	None
ChainingRodShaped	1386	4.69312	0.5	-47.4679	47.2198	0	-0.880169	-0.474661	0	None	None
ChainingRodShaped	2838	3.58544	0.5	-40.3074	44.3964	0	-0.980452	0.19676	0	None	None
ChainingRodShaped	1798	4.96719	0.5	-17.8494	75.9242	0	-0.858838	0.512247	0	None	None
ChainingRodShaped	3248	3.40009	0.5	-1.74095	44.2686	0	-0.47765	-0.87855	0	None	None
ChainingRodShaped	3902	2.33846	0.5	-14.5297	65.2606	0	0.740493	-0.672064	0	None	None
ChainingRodShaped	3806	2.49842	0.5	-7.83074	87.1507	0	0.940478	0.339855	0	None	None
ChainingRodShaped	2346	4.08412	0.5	-7.76632	67.3078	0	-0.930474	0.366357	0	None	None
ChainingRodShaped	4032	2.07639	0.5	-28.2292	82.4039	0	0.173254	-0.984877	0	None	None
ChainingRodShaped	2612	3.35789	0.5	18.306	60.3552	0	0.447536	-0.894266	0	None	None
ChainingRodShaped	2670	4.95795	0.5	-46.9781	70.4218	0	-0.832438	0.554118	0	None	None
ChainingRodShaped	3410	2.86188	0.5	-48.729	34.6287	0	0.776476	-0.630147	0	None	None
ChainingRodShaped	2424	3.88772	0.5	97.9467	17.4547	0	-0.200848	-0.979622	0	2425	3811
ChainingRodShaped	2466	4.23945	0.5	-8.28696	-0.270143	0	-0.484646	-0.87471	0	None	None
ChainingRodShaped	3408	2.61123	0.5	23.2082	12.0044	0	-0.931246	-0.364392	0	None	None
ChainingRodShaped	2672	3.81819	0.5	30.4072	69.2606	0	0.804875	-0.593445	0	None	None
ChainingRodShaped	1974	3.9433	0.5	6.5905	24.5202	0	0.318553	-0.947905	0	None	None
ChainingRodShaped	4020	2.10267	0.5	-14.805	56.6661	0	-0.695662	-0.718369	0	None	None
ChainingRodShaped	3028	3.21258	0.5	1.36895	45.4049	0	-0.6826	-0.730792	0	None	None
ChainingRodShaped	3738	2.45733	0.5	0.892605	-1.97359	0	-0.221602	-0.975137	0	None	None
ChainingRodShaped	2344	3.50722	0.5	1.84164	70.163	0	0.481325	-0.876542	0	None	None
ChainingRodShaped	3638	2.53065	0.5	10.9541	59.6293	0	-0.664619	-0.747183	0	None	None
ChainingRodShaped	2298	3.14513	0.5	-62.7125	-26.1281	0	0.999805	-0.0197525	0	2299	2331
ChainingRodShaped	2824	3.66098	0.5	-36.6362	73.7474	0	0.321539	-0.946896	0	None	None
ChainingRodShaped	3060	3.27278	0.5	23.9471	51.6581	0	0.0511635	-0.99869	0	None	None
ChainingRodShaped	2778	3.71918	0.5	-17.7599	31.922	0	-0.804922	-0.593381	0	None	None
ChainingRodShaped	2296	3.48255	0.5	-21.0461	21.4735	0	-0.988052	-0.154119	0	None	None
ChainingRodShaped	3076	3.59219	0.5	-30.9537	21.949	0	0.0683341	-0.997662	0	None	None
ChainingRodShaped	2774	3.77917	0.5	-4.20322	78.3559	0	0.978875	0.204458	0	None	None
ChainingRodShaped	3192	2.76169	0.5	-13.1389	-6.17083	0	-0.999994	0.00354838	0	None	None
ChainingRodShaped	2690	4.16058	0.5	-5.94548	52.3739	0	-0.78827	-0.615329	0	None	None
ChainingRodShaped	3346	3.24174	0.5	1.42161	6.46764	0	0.362967	-0.931802	0	None	None
ChainingRodShaped	1946	4.59581	0.5	-15.2859	88.2091	0	0.854622	-0.51925	0	None	None
ChainingRodShaped	3796	2.24298	0.5	19.9306	25.3835	0	0.104769	-0.994497	0	None	None
ChainingRodShaped	2746	4.70244	0.5	-16.6827	20.9693	0	-0.527452	-0.849585	0	None	None
ChainingRodShaped	1440	4.51231	0.5	-2.75746	18.6614	0	0.969809	-0.243864	0	None	None
ChainingRodShaped	3370	3.31094	0.5	-48.6413	23.834	0	0.0959722	-0.995384	0	None	None
ChainingRodShaped	1780	4.29964	0.5	-13.4149	56.8234	0	-0.691934	-0.721961	0	None	None
ChainingRodShaped	2506	3.47646	0.5	-38.6309	45.0722	0	-0.931422	0.36394	0	None	None
ChainingRodShaped	2092	4.82725	0.5	-9.65025	-60.3742	0	0.0428483	-0.999082	0	2093	2265
ChainingRodShaped	2766	2.95564	0.5	8.62442	57.0789	0	-0.881312	-0.472535	0	None	None
ChainingRodShaped	3354	2.88509	0.5	-26.8996	8.52531	0	0.149446	-0.98877	0	None	None
ChainingRodShaped	2186	3.46947	0.5	-109.137	-130.431	0	-0.824296	-0.566158	0	2187	2119
ChainingRodShaped	3986	2.08581	0.5	-20.0163	43.9344	0	-0.991424	0.130686	0	None	None
ChainingRodShaped	3002	2.79273	0.5	-3.46395	75.853	0	0.660277	0.751022	0	None	None
ChainingRodShaped	3414	3.24387	0.5	-9.10121	55.2474	0	-0.985303	-0.170814	0	None	None
ChainingRodShaped	3364	2.46082	0.5	23.5706	62.5281	0	0.508872	-0.860842	0	None	None
ChainingRodShaped	3880	2.1942	0.5	-41.0498	137.779	0	-0.827132	-0.562008	0	3881	3735
ChainingRodShaped	4108	2.02978	0.5	27.1183	47.5601	0	0.0704755	-0.997514	0	None	None
ChainingRodShaped	3210	2.8021	0.5	-32.4964	81.9826	0	-0.999999	0.00145611	0	None	None
ChainingRodShaped	2182	3.99317	0.5	36.7824	77.3857	0	0.840286	-0.542143	0	2183	4069
ChainingRodShaped	3006	2.76223	0.5	19.4105	15.1242	0	-0.963439	-0.267929	0	None	None
ChainingRodShaped	2910	4.01217	0.5	-53.1076	50.5632	0	-0.997455	0.0712965	0	None	None
ChainingRodShaped	2886	4.06888	0.5	6.96902	84.7271	0	-0.799685	0.60042	0	None	None
ChainingRodShaped	2308	4.17992	0.5	-28.9904	66.6697	0	0.779685	-0.626172	0	None	None
ChainingRodShaped	1884	4.19493	0.5	16.5678	70.5317	0	0.567188	-0.823588	0	None	None
ChainingRodShaped	2572	3.15598	0.5	4.37798	18.2395	0	-0.0697831	-0.997562	0	None	None
ChainingRodShaped	3374	3.0951	0.5	18.3104	22.2646	0	0.0984708	-0.99514	0	None	None
ChainingRodShaped	2170	4.96002	0.5	5.02645	44.8299	0	-0.870917	-0.49143	0	None	None
ChainingRodShaped	1654	4.63054	0.5	-31.3485	62.5712	0	0.929508	0.368803	0	None	None
ChainingRodShaped	3096	2.83434	0.5	0.559036	54.8794	0	-0.677884	-0.735169	0	None	None
ChainingRodShaped	2740	4.58525	0.5	-33.7122	21.1365	0	0.064945	-0.997889	0	None	None
ChainingRodShaped	3182	3.82885	0.5	-39.2362	80.1299	0	0.187485	-0.982268	0	None	None
ChainingRodShaped	1602	4.76381	0.5	4.5953	24.6853	0	0.311571	-0.950223	0	None	None
ChainingRodShaped	1724	4.36617	0.5	-15.8867	39.7151	0	-0.99179	0.127875	0	None	None
ChainingRodShaped	2350	3.49996	0.5	13.7083	42.2081	0	0.339715	-0.940528	0	None	None
ChainingRodShaped	3084	3.9364	0.5	31.934	57.7163	0	-0.340298	0.940318	0	None	None
ChainingRodShaped	3592	2.83822	0.5	10.7678	88.035	0	0.642479	-0.766303	0	None	None
ChainingRodShaped	2614	3.79939	0.5	-16.125	69.948	0	0.804045	-0.594568	0	None	None
ChainingRodShaped	1940	4.25597	0.5	-20.1548	90.7707	0	0.950861	-0.309617	0	None	None
ChainingRodShaped	1047	4.63037	0.5	4.40291	-40.7641	0	-0.890892	0.454216	0	1978	2459
ChainingRodShaped	2768	4.50108	0.5	-9.83788	56.864	0	-0.983753	-0.179529	0	None	None
ChainingRodShaped	3392	2.92657	0.5	-49.8768	34.3459	0	0.770139	-0.637877	0	None	None
ChainingRodShaped	3904	2.27142	0.5	22.8232	76.8911	0	0.449064	-0.8935	0	None	None
ChainingRodShaped	3432	2.58777	0.5	13.5154	73.0456	0	0.0795827	-0.996828	0	None	None
ChainingRodShaped	3446	2.47037	0.5	-32.6564	18.7893	0	0.0512733	-0.998685	0	None	None
ChainingRodShaped	2332	4.75826	0.5	-16.1891	-41.4424	0	0.583327	-0.812237	0	2333	2161
ChainingRodShaped	1730	4.12878	0.5	-41.3442	62.1208	0	-0.00986615	-0.999951	0	None	None
ChainingRodShaped	2878	3.14621	0.5	-21.5731	84.5014	0	-0.959394	0.28207	0	None	None
ChainingRodShaped	3694	2.58035	0.5	24.6498	33.7514	0	-0.175851	-0.984417	0	None	None
ChainingRodShaped	3218	3.41815	0.5	-33.2959	47.5107	0	-0.202708	-0.979239	0	None	None
ChainingRodShaped	1718	4.12752	0.5	19.3494	53.3753	0	0.999802	-0.0198935	0	None	None
ChainingRodShaped	1726	4.18779	0.5	29.0149	64.2785	0	-0.781961	0.623328	0	None	None
ChainingRodShaped	2626	3.12482	0.5	-104.005	51.8955	0	-0.489648	-0.87192	0	2627	2131
ChainingRodShaped	2866	3.4682	0.5	-111.966	22.9934	0	-0.0618866	-0.998083	0	2867	4039
ChainingRodShaped	2360	4.62935	0.5	6.23985	76.4101	0	-0.130702	-0.991422	0	None	None
ChainingRodShaped	3920	2.08473	0.5	56.0664	-35.5181	0	-0.794923	-0.60671	0	3921	3151
ChainingRodShaped	2942	3.63671	0.5	-2.20869	-2.32624	0	-0.250653	-0.968077	0	None	None
ChainingRodShaped	3350	2.72259	0.5	-36.4137	6.9622	0	0.541141	-0.840932	0	None	None
ChainingRodShaped	2024	3.93617	0.5	24.1162	40.5554	0	0.372628	-0.927981	0	None	None
ChainingRodShaped	3406	3.25497	0.5	5.43796	63.8799	0	-0.000657401	-1	0	None	None
ChainingRodShaped	2242	4.93492	0.5	3.02603	86.8959	0	0.956752	0.290905	0	None	None
ChainingRodShaped	2096	4.54717	0.5	-33.6472	50.1531	0	-0.212491	-0.977163	0	None	None
ChainingRodShaped	2966	3.31583	0.5	-20.3284	51.5739	0	-0.578472	-0.815703	0	None	None
ChainingRodShaped	1095	4.45109	0.5	-40.4779	-100.916	0	-0.930695	-0.365795	0	3168	2731
ChainingRodShaped	3294	3.43813	0.5	-2.84375	45.7546	0	-0.459991	-0.887924	0	None	None
ChainingRodShaped	2054	3.54205	0.5	79.3455	159.495	0	-0.365483	-0.930818	0	2055	2651
ChainingRodShaped	2950	4.28675	0.5	9.81127	68.7322	0	-0.121973	-0.992533	0	None	None
ChainingRodShaped	1980	4.42987	0.5	-18.0234	4.19757	0	-0.774944	-0.63203	0	None	None
ChainingRodShaped	2836	3.00678	0.5	37.4321	44.0697	0	-0.273834	-0.961777	0	None	None
ChainingRodShaped	1860	3.96592	0.5	-45.2434	15.4743	0	0.92545	-0.37887	0	None	None
ChainingRodShaped	1892	4.1289	0.5	11.0013	52.1302	0	-0.662647	-0.748931	0	None	None
ChainingRodShaped	1894	4.80616	0.5	-31.9039	37.0224	0	-0.702423	0.711759	0	None	None
ChainingRodShaped	2660	4.16274	0.5	-19.2951	93.5923	0	0.99593	0.0901296	0	2661	2355
ChainingRodShaped	3532	2.50584	0.5	-21.7076	1.6698	0	-0.968325	-0.249693	0	None	None
ChainingRodShaped	2620	3.29626	0.5	30.2238	66.9737	0	-0.791589	0.611054	0	None	None
ChainingRodShaped	2380	4.00721	0.5	-55.2112	40.7205	0	0.142437	0.989804	0	None	None
ChainingRodShaped	3286	3.26768	0.5	-15.9429	59.285	0	-0.685553	-0.728023	0	None	None
ChainingRodShaped	2376	4.66945	0.5	-11.2148	92.5058	0	0.975641	-0.219375	0	None	None
ChainingRodShaped	2086	4.99645	0.5	-39.5599	65.3235	0	-0.720355	0.693605	0	None	None
ChainingRodShaped	2140	4.84452	0.5	-45.7674	61.2837	0	0.479016	-0.877806	0	None	None
ChainingRodShaped	2790	4.22573	0.5	-10.9895	78.4679	0	0.558654	-0.829401	0	None	None
ChainingRodShaped	2898	3.6832	0.5	-2.49762	44.6591	0	-0.468885	-0.883259	0	None	None
ChainingRodShaped	2780	3.03955	0.5	-29.9539	15.1054	0	0.608916	0.793235	0	None	None
ChainingRodShaped	2098	4.31552	0.5	-32.8567	31.346	0	-0.666374	0.745618	0	None	None
ChainingRodShaped	2678	4.55145	0.5	-29.2441	32.8186	0	-0.647678	0.761914	0	None	None
ChainingRodShaped	3358	2.49435	0.5	18.929	52.4841	0	0.999951	-0.00989807	0	None	None
ChainingRodShaped	3108	3.15564	0.5	-7.57242	54.4089	0	-0.806397	-0.591374	0	None	None
ChainingRodShaped	2128	3.57236	0.5	26.7186	37.7411	0	-0.233629	-0.972326	0	None	None
ChainingRodShaped	3054	3.48241	0.5	-5.20584	87.0585	0	0.839961	0.542648	0	None	None
ChainingRodShaped	3970	2.19535	0.5	-44.0218	60.0945	0	0.472675	-0.881237	0	None	None
ChainingRodShaped	3434	3.03634	0.5	-40.0538	69.0996	0	0.357057	-0.934082	0	None	None
ChainingRodShaped	3838	2.28734	0.5	-15.5866	70.6565	0	0.798063	-0.602574	0	None	None
ChainingRodShaped	3480	2.62762	0.5	9.63901	40.764	0	0.774898	-0.632087	0	None	None
ChainingRodShaped	2288	4.65195	0.5	9.96489	91.9052	0	0.965516	-0.260344	0	2289	4009
ChainingRodShaped	3308	2.52353	0.5	90.4651	54.454	0	0.624004	-0.781421	0	3309	2537
ChainingRodShaped	2336	4.6132	0.5	-47.06	36.5596	0	0.568536	-0.822658	0	None	None
ChainingRodShaped	1926	4.77411	0.5	-25.0983	9.24185	0	0.153271	-0.988184	0	None	None
ChainingRodShaped	2266	4.08026	0.5	23.4598	48.08	0	-0.988472	-0.151402	0	None	None
ChainingRodShaped	4050	2.0727	0.5	-5.28888	20.1959	0	-0.772373	-0.635169	0	None	None
ChainingRodShaped	2648	3.46914	0.5	-42.1594	31.1993	0	0.91148	-0.411345	0	None	None
ChainingRodShaped	3270	2.87447	0.5	-21.3484	83.4917	0	-0.956541	0.291599	0	None	None
ChainingRodShaped	3862	2.40923	0.5	21.0915	43.3084	0	0.339832	-0.940486	0	None	None
ChainingRodShaped	3004	3.95939	0.5	-17.4178	29.7849	0	-0.93071	-0.365757	0	None	None
ChainingRodShaped	2208	4.93317	0.5	-30.1803	-30.6278	0	0.927121	-0.374763	0	2209	2453
ChainingRodShaped	1822	4.0602	0.5	33.6923	49.5612	0	0.267252	-0.963627	0	None	None
ChainingRodShaped	1900	4.87415	0.5	-39.7074	47.4144	0	-0.927584	0.373615	0	None	None
ChainingRodShaped	1918	4.65389	0.5	-20.9907	22.3666	0	0.987041	0.160466	0	None	None
ChainingRodShaped	3760	2.53347	0.5	-3.35118	23.1504	0	-0.745373	-0.666647	0	None	None
ChainingRodShaped	3310	3.03213	0.5	-19.6835	59.0726	0	-0.555747	-0.831351	0	None	None
ChainingRodShaped	3894	2.27769	0.5	-40.6324	33.0916	0	0.665049	-0.746799	0	None	None
ChainingRodShaped	3656	2.39372	0.5	-52.5191	55.5572	0	-0.885107	-0.465387	0	None	None
ChainingRodShaped	3048	3.22233	0.5	-46.2678	28.6904	0	0.942939	-0.332964	0	None	None
ChainingRodShaped	3624	2.41746	0.5	-35.7322	34.5435	0	0.675209	-0.737627	0	None	None
ChainingRodShaped	4060	2.02822	0.5	8.09578	62.8441	0	-0.121472	-0.992595	0	None	None
ChainingRodShaped	2164	4.6775	0.5	-17.0628	60.6911	0	-0.68476	-0.728769	0	None	None
ChainingRodShaped	3086	4.05275	0.5	-43.7782	27.2185	0	-0.999915	0.0130711	0	None	None
ChainingRodShaped	2630	3.68163	0.5	-9.88753	39.3636	0	-0.384389	-0.923171	0	None	None
ChainingRodShaped	2384	3.756	0.5	-22.9331	36.1204	0	-0.120288	-0.992739	0	None	None
ChainingRodShaped	2104	3.92957	0.5	12.8173	38.1889	0	0.110776	-0.993845	0	None	None
ChainingRodShaped	2696	3.06251	0.5	92.6766	189.908	0	-0.478685	-0.877987	0	2697	2711
ChainingRodShaped	3752	2.41568	0.5	-23.6419	60.9938	0	0.129797	-0.991541	0	None	None
ChainingRodShaped	3814	2.3258	0.5	-5.07608	89.2021	0	0.971604	-0.236613	0	None	None
ChainingRodShaped	2570	4.00024	0.5	0.211556	28.476	0	-0.721198	-0.692729	0	None	None
ChainingRodShaped	1215	4.71533	0.5	101.775	204.896	0	-0.548267	-0.836303	0	1714	2489
ChainingRodShaped	4092	2.02263	0.5	-29.957	32.2503	0	-0.648823	0.760939	0	None	None
ChainingRodShaped	2930	3.64357	0.5	-24.6233	76.7417	0	-0.597122	-0.80215	0	None	None
ChainingRodShaped	3522	2.921	0.5	3.67834	9.53426	0	-0.68613	-0.727479	0	None	None
ChainingRodShaped	2538	4.00367	0.5	35.8814	29.4413	0	0.727506	-0.686101	0	None	None
ChainingRodShaped	3770	2.25408	0.5	9.86521	14.2825	0	0.20669	-0.978407	0	None	None
ChainingRodShaped	3260	3.24796	0.5	-26.5941	21.1578	0	0.951481	-0.307706	0	None	None
ChainingRodShaped	3762	2.28396	0.5	-43.6826	39.5902	0	0.882329	-0.470632	0	None	None
ChainingRodShaped	1908	4.39456	0.5	-13.7847	45.4187	0	0.266127	-0.963938	0	None	None
ChainingRodShaped	3704	2.60926	0.5	-13.5698	81.7777	0	0.380741	-0.924682	0	None	None
ChainingRodShaped	2080	4.55979	0.5	30.0795	33.3064	0	0.891827	0.452377	0	None	None
ChainingRodShaped	3138	2.87593	0.5	14.6883	50.3352	0	0.558115	-0.829764	0	None	None
ChainingRodShaped	3186	2.65199	0.5	-33.6001	29.483	0	0.672383	-0.740203	0	None	None
ChainingRodShaped	3324	2.88328	0.5	30.9264	47.8938	0	0.0842167	-0.996447	0	None	None
ChainingRodShaped	2598	4.94878	0.5	-40.5786	28.084	0	-0.999785	0.0207559	0	None	None
ChainingRodShaped	2948	3.30293	0.5	-2.51902	9.80319	0	-0.265125	-0.964214	0	None	None
ChainingRodShaped	3690	2.36027	0.5	24.427	83.8727	0	0.614194	-0.789155	0	None	None
ChainingRodShaped	2060	4.8569	0.5	-31.4538	76.7977	0	0.34343	-0.939178	0	None	None
ChainingRodShaped	2460	4.42819	0.5	4.53187	65.1186	0	0.00934475	-0.999956	0	None	None
ChainingRodShaped	2492	4.96334	0.5	12.8296	42.0113	0	0.34301	-0.939332	0	None	None
ChainingRodShaped	3254	3.68365	0.5	17.7741	50.6401	0	0.843697	0.53682	0	None	None
ChainingRodShaped	2980	3.47979	0.5	33.5141	71.466	0	0.809384	-0.587279	0	None	None
ChainingRodShaped	3340	2.59801	0.5	7.65234	33.7327	0	-0.860183	-0.509985	0	None	None
ChainingRodShaped	2968	3.84303	0.5	19.3473	35.1546	0	-0.201475	-0.979494	0	None	None
ChainingRodShaped	3628	2.692	0.5	14.1333	86.4512	0	0.925514	-0.378713	0	None	None
ChainingRodShaped	1990	4.23114	0.5	-25.7257	3.26737	0	-0.882076	-0.471107	0	None	None
ChainingRodShaped	2984	3.48111	0.5	-43.98	95.314	0	0.881678	-0.471852	0	2985	4057
ChainingRodShaped	2364	4.41951	0.5	14.2415	5.90714	0	0.246232	-0.969211	0	None	None
ChainingRodShaped	3328	3.42189	0.5	28.4093	65.9391	0	-0.788157	0.615474	0	None	None
ChainingRodShaped	3116	2.9677	0.5	-25.86	23.7055	0	-0.953448	0.301557	0	None	None
ChainingRodShaped	3804	2.19579	0.5	-9.70176	69.9924	0	-0.928534	0.371247	0	None	None
ChainingRodShaped	3840	2.26975	0.5	-5.49786	5.49655	0	-0.222774	-0.97487	0	None	None
ChainingRodShaped	3444	2.50872	0.5	-8.94152	39.3743	0	-0.375166	-0.926958	0	None	None
ChainingRodShaped	1281	4.58321	0.5	-131.525	-145.984	0	-0.82164	-0.570007	0	1324	2737
ChainingRodShaped	3934	2.29363	0.5	-20.0201	12.0533	0	0.901571	-0.432632	0	None	None
ChainingRodShaped	3052	3.9093	0.5	-23.9635	44.1072	0	-0.998353	0.0573693	0	None	None
ChainingRodShaped	2214	3.49608	0.5	-3.94417	79.3351	0	0.980868	0.194674	0	None	None
ChainingRodShaped	3740	2.48992	0.5	-13.1145	74.2359	0	-0.871335	0.490688	0	None	None
ChainingRodShaped	2578	4.14618	0.5	29.9057	20.9153	0	-0.299144	-0.954208	0	None	None
ChainingRodShaped	2420	3.83861	0.5	-21.7958	57.0329	0	-0.396988	-0.917824	0	None	None
ChainingRodShaped	2734	4.54191	0.5	-12.194	74.7563	0	-0.876213	0.481923	0	None	None
ChainingRodShaped	3746	2.54565	0.5	3.15998	4.05963	0	0.187379	-0.982288	0	None	None
ChainingRodShaped	2716	3.33228	0.5	-1.85874	72.6092	0	-0.58815	-0.808752	0	None	None
ChainingRodShaped	3504	2.59687	0.5	-19.0344	12.5795	0	0.909133	-0.416506	0	None	None
ChainingRodShaped	3736	2.42927	0.5	6.297	63.172	0	-0.0107546	-0.999942	0	None	None
ChainingRodShaped	2498	4.01608	0.5	-4.98819	12.5199	0	-0.0140998	-0.999901	0	None	None
ChainingRodShaped	2474	3.41785	0.5	57.4674	68.578	0	0.967854	-0.251511	0	2475	2745
ChainingRodShaped	1309	4.04926	0.5	-110.862	8.21607	0	0.198574	-0.980086	0	2122	3471
ChainingRodShaped	2120	4.84854	0.5	14.7412	18.2705	0	-0.914132	0.405418	0	None	None
ChainingRodShaped	3284	3.38636	0.5	-13.7567	19.6388	0	-0.999856	-0.0169868	0	None	None
ChainingRodShaped	2328	4.04863	0.5	0.330185	80.5686	0	-0.397114	-0.91777	0	None	None
ChainingRodShaped	2136	4.01796	0.5	3.02545	92.1262	0	-0.968678	0.248321	0	None	None
ChainingRodShaped	4058	2.04423	0.5	18.1895	34.1203	0	-0.203059	-0.979166	0	None	None
ChainingRodShaped	2860	4.0966	0.5	-13.9538	20.5047	0	-0.999637	-0.0269447	0	None	None
ChainingRodShaped	3292	2.74538	0.5	23.0646	86.3544	0	0.862533	-0.506	0	3293	3577
ChainingRodShaped	3836	2.29283	0.5	-123.693	-140.543	0	-0.820732	-0.571313	0	3837	1324
ChainingRodShaped	4054	2.03566	0.5	14.9854	32.6468	0	-0.193938	-0.981014	0	None	None
ChainingRodShaped	3652	2.62257	0.5	-53.9903	42.7736	0	0.108947	0.994048	0	None	None
ChainingRodShaped	3720	2.34415	0.5	-1.96006	58.2153	0	-0.961349	-0.275334	0	None	None
ChainingRodShaped	2084	4.20342	0.5	-33.3579	83.0679	0	-0.998038	0.0626067	0	None	None
ChainingRodShaped	2058	3.84435	0.5	-43.9926	53.4618	0	-0.999963	0.00860511	0	None	None
ChainingRodShaped	3650	2.37357	0.5	67.6189	-25.4054	0	-0.728116	-0.685454	0	3651	2503
ChainingRodShaped	4116	2.01423	0.5	13.2992	24.9694	0	-0.226049	0.974116	0	None	None
ChainingRodShaped	2500	4.57539	0.5	1.96411	34.4264	0	-0.837481	-0.546467	0	None	None
ChainingRodShaped	3784	2.50055	0.5	-50.1672	47.9534	0	-0.887995	-0.459854	0	None	None
ChainingRodShaped	2418	4.33669	0.5	16.6487	77.1535	0	-0.522308	0.852757	0	None	None
ChainingRodShaped	3672	2.53661	0.5	11.3774	73.6759	0	-0.0740441	-0.997255	0	None	None
ChainingRodShaped	3858	2.30145	0.5	12.6027	3.99577	0	0.995636	-0.0933205	0	None	None
ChainingRodShaped	2402	4.84007	0.5	-21.8412	9.20591	0	-0.980912	0.194454	0	None	None
ChainingRodShaped	2518	3.70147	0.5	2.27725	48.9768	0	-0.686232	-0.727383	0	None	None
ChainingRodShaped	3936	2.1729	0.5	-28.9386	50.3093	0	-0.327083	-0.944996	0	None	None
ChainingRodShaped	3088	3.00449	0.5	-39.9349	78.3298	0	0.163544	-0.986536	0	None	None
ChainingRodShaped	3240	3.35765	0.5	5.68484	60.5901	0	-0.880547	-0.473958	0	None	None
ChainingRodShaped	3684	2.45395	0.5	-63.373	56.9473	0	-0.603965	0.797011	0	3685	1360
ChainingRodShaped	3032	3.88857	0.5	-1.63983	21.008	0	-0.733179	-0.680036	0	None	None
ChainingRodShaped	3818	2.32414	0.5	-13.8943	4.53768	0	-0.985461	-0.169899	0	None	None
ChainingRodShaped	3602	2.57433	0.5	7.93419	58.7123	0	-0.885912	-0.463854	0	None	None
ChainingRodShaped	2994	4.0503	0.5	-34.2483	51.6222	0	-0.20699	-0.978343	0	None	None
ChainingRodShaped	3018	3.05507	0.5	-13.8122	14.3828	0	0.900655	-0.434535	0	None	None
ChainingRodShaped	3472	2.82515	0.5	32.5019	58.9699	0	-0.334202	0.942501	0	None	None
ChainingRodShaped	3148	3.12858	0.5	33.048	48.2832	0	0.257606	-0.96625	0	None	None
ChainingRodShaped	1377	4.62666	0.5	34.8817	60.1947	0	-0.704657	0.709548	0	None	None
ChainingRodShaped	2156	3.95328	0.5	13.2282	70.6555	0	0.493783	-0.869585	0	None	None
ChainingRodShaped	3732	2.62137	0.5	27.5641	42.6442	0	0.55529	-0.831657	0	None	None
ChainingRodShaped	2228	4.62004	0.5	1.7709	32.3261	0	-0.757823	-0.65246	0	None	None
ChainingRodShaped	3786	2.52292	0.5	-7.91542	29.8361	0	-0.811492	-0.584363	0	None	None
ChainingRodShaped	2126	4.32931	0.5	-42.5409	49.6236	0	-0.915592	-0.402109	0	None	None
ChainingRodShaped	3728	2.49548	0.5	34.2262	67.0525	0	0.470012	-0.88266	0	None	None
ChainingRodShaped	2568	4.70174	0.5	-49.0655	59.7853	0	0.770649	-0.63726	0	None	None
ChainingRodShaped	2278	3.7341	0.5	28.7074	30.4738	0	0.928579	0.371136	0	None	None
ChainingRodShaped	2684	4.99282	0.5	-18.6299	-3.16395	0	-0.999749	0.0224183	0	None	None
ChainingRodShaped	3962	2.22047	0.5	22.2948	37.5396	0	0.355897	-0.934525	0	None	None
ChainingRodShaped	1399	4.79072	0.5	-0.126247	36.2786	0	-0.985086	-0.172063	0	None	None
ChainingRodShaped	3034	2.93683	0.5	-43.2763	38.2787	0	0.877576	-0.479438	0	None	None
ChainingRodShaped	3100	3.1895	0.5	-6.07323	49.9132	0	-0.724311	-0.689473	0	None	None
ChainingRodShaped	2692	4.58657	0.5	26.3637	18.9992	0	-0.665547	-0.746356	0	None	None
ChainingRodShaped	3618	2.72541	0.5	-26.7756	89.6538	0	-0.889448	0.457036	0	None	None
ChainingRodShaped	2604	4.26134	0.5	-16.4411	12.488	0	0.924684	-0.380737	0	None	None
ChainingRodShaped	2844	3.10232	0.5	84.7661	173.31	0	-0.385035	-0.922902	0	2845	3925
ChainingRodShaped	3334	3.00514	0.5	-25.3977	59.3713	0	0.0648392	-0.997896	0	None	None
ChainingRodShaped	3194	2.94682	0.5	31.2666	127.771	0	-0.949622	0.313396	0	3195	2695
ChainingRodShaped	2390	3.47274	0.5	34.3629	40.6461	0	-0.892554	-0.45094	0	None	None
ChainingRodShaped	2428	4.56794	0.5	17.4819	77.6664	0	-0.521613	0.853182	0	None	None
ChainingRodShaped	3612	2.46753	0.5	5.91273	51.6666	0	-0.654551	-0.756018	0	None	None
ChainingRodShaped	3484	3.03134	0.5	9.08843	84.7529	0	0.38993	-0.920845	0	None	None
ChainingRodShaped	2404	4.45587	0.5	29.1656	55.3508	0	0.155491	-0.987837	0	None	None
ChainingRodShaped	3952	2.08471	0.5	-91.8405	-20.2875	0	0.866027	-0.499997	0	3953	3687
ChainingRodShaped	2274	4.82693	0.5	-39.1958	49.9283	0	-0.941559	-0.336849	0	None	None
ChainingRodShaped	3646	2.55629	0.5	-3.97397	86.7167	0	0.834494	0.551017	0	None	None
ChainingRodShaped	2804	3.07566	0.5	-22.5299	-15.5689	0	-0.628878	0.777504	0	2805	3973
ChainingRodShaped	3636	2.29394	0.5	-105.954	-5.52594	0	0.493507	-0.869742	0	3637	3017
ChainingRodShaped	3056	2.75485	0.5	-1.04043	8.21255	0	-0.218735	-0.975784	0	None	None
ChainingRodShaped	2548	4.70703	0.5	-0.494946	44.7273	0	-0.486438	-0.873715	0	None	None
ChainingRodShaped	2566	3.74941	0.5	-2.71425	21.2543	0	-0.731866	-0.681449	0	None	None
ChainingRodShaped	3106	3.07101	0.5	21.2539	62.8075	0	0.465153	-0.88523	0	None	None
ChainingRodShaped	2834	3.4904	0.5	-37.388	14.7967	0	0.738354	-0.674413	0	None	None
ChainingRodShaped	3078	3.38124	0.5	13.8954	11.3356	0	0.551031	-0.834485	0	None	None
ChainingRodShaped	2280	3.58136	0.5	-49.0879	37.9233	0	0.550485	-0.834845	0	None	None
ChainingRodShaped	4018	2.0865	0.5	-8.17745	26.2079	0	-0.783443	-0.621463	0	None	None
ChainingRodShaped	2378	4.74971	0.5	-53.4054	57.7859	0	-0.750461	-0.660914	0	None	None
ChainingRodShaped	2590	4.98495	0.5	-5.22361	36.3614	0	-0.988152	-0.153479	0	None	None
ChainingRodShaped	2842	3.1604	0.5	13.2156	66.7508	0	0.470249	-0.882534	0	None	None
ChainingRodShaped	2494	4.84831	0.5	20.1498	34.6754	0	-0.197028	-0.980398	0	None	None
ChainingRodShaped	2772	3.75039	0.5	16.5067	39.5704	0	0.301097	-0.953593	0	None	None
ChainingRodShaped	3642	2.41832	0.5	3.43749	76.2887	0	-0.113792	-0.993505	0	None	None
ChainingRodShaped	3438	2.516	0.5	-50.1833	128.017	0	-0.500898	-0.865506	0	3439	1464
ChainingRodShaped	2880	4.37398	0.5	6.815	15.0536	0	0.211704	-0.977334	0	None	None
ChainingRodShaped	2858	4.55683	0.5	12.8858	88.9116	0	-0.722628	0.691237	0	None	None
ChainingRodShaped	2920	3.33622	0.5	-40.2915	25.1451	0	-0.688324	0.725404	0	None	None
ChainingRodShaped	4096	2.02746	0.5	28.6401	52.1732	0	0.0851724	-0.996366	0	None	None
ChainingRodShaped	3660	2.60049	0.5	-26.949	76.2761	0	-0.921198	-0.389093	0	None	None
ChainingRodShaped	2314	4.93378	0.5	-10.4026	62.5211	0	-0.389029	-0.921225	0	None	None
ChainingRodShaped	3622	2.71685	0.5	-3.73803	38.6618	0	0.996002	-0.0893362	0	None	None
ChainingRodShaped	3402	2.64933	0.5	-13.449	50.677	0	0.474067	-0.880489	0	None	None
ChainingRodShaped	3208	2.99434	0.5	23.5069	18.6735	0	-0.638687	-0.769467	0	None	None
ChainingRodShaped	1485	4.33261	0.5	-73.6995	-111.431	0	-0.943319	-0.331888	0	1584	1484
ChainingRodShaped	4024	2.06125	0.5	18.467	69.4772	0	0.529841	-0.848097	0	None	None
ChainingRodShaped	3992	2.1156	0.5	-1.11489	65.5567	0	-0.922406	0.386222	0	None	None
ChainingRodShaped	3372	2.4507	0.5	-24.7181	14.627	0	0.706094	-0.708118	0	None	None
ChainingRodShaped	3608	2.82047	0.5	-31.544	74.2919	0	0.470014	-0.882659	0	None	None
ChainingRodShaped	4102	2.03982	0.5	-19.3454	-4.12409	0	-0.99966	0.026092	0	None	None
ChainingRodShaped	2532	4.30904	0.5	-8.79869	48.0571	0	0.529834	-0.848101	0	None	None
ChainingRodShaped	1499	4.73282	0.5	-22.5698	40.8209	0	0.263079	-0.964774	0	None	None
ChainingRodShaped	1501	4.55893	0.5	25.3531	74.8882	0	0.0670968	-0.997746	0	None	None
ChainingRodShaped	3574	2.36989	0.5	-34.7475	40.6221	0	-0.825019	0.565105	0	None	None
ChainingRodShaped	2470	4.76462	0.5	-26.5723	91.3897	0	-0.995951	-0.0898992	0	None	None
ChainingRodShaped	2738	4.44356	0.5	-34.6469	12.2444	0	0.968641	-0.248466	0	None	None
ChainingRodShaped	3426	3.0447	0.5	15.2876	22.366	0	-0.0628689	-0.998022	0	None	None
ChainingRodShaped	1511	4.51716	0.5	-23.3394	48.5177	0	-0.998101	0.0615915	0	None	None
ChainingRodShaped	3794	2.33425	0.5	-20.7643	60.594	0	-0.578983	-0.81534	0	None	None
ChainingRodShaped	1515	4.98407	0.5	-7.71617	73.4637	0	-0.888433	0.459007	0	None	None
ChainingRodShaped	2726	3.91568	0.5	2.53069	19.4926	0	-0.121971	-0.992534	0	None	None
ChainingRodShaped	2818	2.96896	0.5	11.5698	18.8789	0	-0.661367	0.750062	0	None	None
ChainingRodShaped	2680	3.94493	0.5	18.1462	10.863	0	-0.978987	0.203923	0	None	None
ChainingRodShaped	2760	4.63669	0.5	-14.6419	45.4242	0	0.256506	-0.966543	0	None	None
ChainingRodShaped	3898	2.32266	0.5	1.58302	77.2398	0	-0.0342094	-0.999415	0	None	None
ChainingRodShaped	3864	2.21718	0.5	44.4235	-42.5156	0	-0.920016	-0.39188	0	3865	2897
ChainingRodShaped	3098	3.39827	0.5	-9.80406	36.1286	0	-0.935712	-0.352764	0	None	None
ChainingRodShaped	3296	2.90214	0.5	-45.3734	65.9742	0	0.8684	-0.495865	0	None	None
ChainingRodShaped	2486	4.02107	0.5	-11.4351	76.4962	0	-0.878711	0.477354	0	None	None
ChainingRodShaped	3036	3.26629	0.5	2.68501	31.9702	0	-0.751253	-0.660015	0	None	None
ChainingRodShaped	1537	4.34439	0.5	-33.1499	30.3265	0	0.664946	-0.746892	0	None	None
ChainingRodShaped	1539	4.83273	0.5	12.7794	23.32	0	-0.235781	0.971806	0	None	None
ChainingRodShaped	3378	2.39164	0.5	-0.97731	144.594	0	-0.946481	0.322761	0	3379	3689
ChainingRodShaped	1543	4.8328	0.5	-13.6454	89.4768	0	0.845466	-0.534029	0	None	None
ChainingRodShaped	2478	4.23027	0.5	-17.6411	24.0216	0	-0.959308	-0.282362	0	None	None
ChainingRodShaped	1547	4.51597	0.5	-8.29437	22.5706	0	-0.785162	-0.61929	0	None	None
ChainingRodShaped	2610	3.98814	0.5	-26.5172	69.4463	0	0.74954	-0.661959	0	None	None
ChainingRodShaped	2808	4.60366	0.5	-7.9551	28.6932	0	-0.805635	-0.592412	0	None	None
ChainingRodShaped	3712	2.51402	0.5	-30.1933	54.5204	0	-0.472666	-0.881242	0	None	None
ChainingRodShaped	2484	3.4381	0.5	27.3318	54.7838	0	0.163871	-0.986482	0	None	None
ChainingRodShaped	2662	3.90323	0.5	-37.4407	11.9438	0	0.971077	-0.238766	0	None	None
ChainingRodShaped	3166	2.74194	0.5	-10.9887	1.74935	0	-0.0206181	-0.999787	0	None	None
ChainingRodShaped	3330	2.57658	0.5	19.4643	14.1291	0	-0.973584	-0.228329	0	None	None
ChainingRodShaped	2652	4.83985	0.5	7.12286	76.234	0	-0.13328	-0.991078	0	None	None
ChainingRodShaped	3890	2.19126	0.5	-44.1937	71.5148	0	0.516854	-0.856074	0	None	None
ChainingRodShaped	4112	2.02451	0.5	3.79285	-2.21018	0	-0.979082	-0.203467	0	None	None
ChainingRodShaped	1569	4.52489	0.5	0.528023	56.1212	0	-0.696012	-0.71803	0	None	None
ChainingRodShaped	2656	4.84367	0.5	-24.291	45.8964	0	-0.998578	0.0533162	0	None	None
ChainingRodShaped	3844	2.37895	0.5	-15.6391	29.5362	0	-0.934331	-0.356406	0	None	None
ChainingRodShaped	2954	3.1661	0.5	-51.875	23.346	0	-0.402709	0.915328	0	2955	3345
ChainingRodShaped	2802	4.48733	0.5	-26.6776	26.458	0	-0.541689	0.840579	0	None	None
ChainingRodShaped	3552	2.8627	0.5	-10.2319	67.4185	0	0.742347	-0.670016	0	None	None
ChainingRodShaped	3184	2.47271	0.5	-13.2057	-78.3038	0	-0.458647	-0.888619	0	3185	1580
ChainingRodShaped	2534	4.62227	0.5	6.99879	29.4272	0	-0.213493	-0.976944	0	None	None
ChainingRodShaped	1585	3.63831	0.5	-64.0457	-108.29	0	-0.957342	-0.288958	0	3670	1584
ChainingRodShaped	1587	4.93084	0.5	-52.7589	-105.006	0	-0.960391	-0.278657	0	2730	3671
ChainingRodShaped	3916	2.2492	0.5	19.5051	13.1878	0	-0.975829	-0.218538	0	None	None
ChainingRodShaped	1591	4.47854	0.5	2.61054	78.7771	0	-0.035513	-0.999369	0	None	None
ChainingRodShaped	2946	2.98033	0.5	-41.7964	39.6967	0	0.870389	-0.492365	0	None	None
ChainingRodShaped	2606	3.42923	0.5	-8.1671	9.47634	0	0.52778	-0.849381	0	None	None
ChainingRodShaped	3750	2.52988	0.5	23.583	24.4754	0	0.977666	0.210167	0	None	None
ChainingRodShaped	1599	4.41526	0.5	-27.5121	59.3849	0	-0.0961798	-0.995364	0	None	None
ChainingRodShaped	3246	3.33862	0.5	-29.6874	9.65128	0	0.996126	-0.087938	0	None	None
ChainingRodShaped	1603	4.91078	0.5	6.17417	29.7145	0	-0.210395	-0.977617	0	None	None
ChainingRodShaped	3914	2.19785	0.5	-6.89368	3.61813	0	-0.211583	-0.97736	0	None	None
ChainingRodShaped	1607	4.4244	0.5	3.64465	65.53	0	0.0173256	-0.99985	0	None	None
ChainingRodShaped	3290	3.21078	0.5	-30.6986	6.00962	0	0.995422	-0.0955793	0	None	None
ChainingRodShaped	1611	4.78549	0.5	-37.0106	82.8977	0	0.896485	-0.443074	0	None	None
ChainingRodShaped	2958	3.48546	0.5	-28.8391	-95.0658	0	-0.838274	-0.545249	0	2959	3169
ChainingRodShaped	2602	3.38574	0.5	10.2542	53.9907	0	-0.658568	-0.752521	0	None	None
ChainingRodShaped	3978	2.13991	0.5	-23.9696	39.1756	0	0.251421	-0.967878	0	None	None
ChainingRodShaped	1619	4.1782	0.5	-13.8743	-25.9203	0	-0.665645	0.746269	0	2256	1618
ChainingRodShaped	2644	4.51494	0.5	-31.673	41.7837	0	-0.722951	0.6909	0	None	None
ChainingRodShaped	3198	3.60114	0.5	11.2222	1.3642	0	-0.933622	-0.35826	0	None	None
ChainingRodShaped	2732	4.77446	0.5	-25.809	88.0615	0	-0.890326	0.455325	0	None	None
ChainingRodShaped	3422	2.79343	0.5	-97.7808	-122.907	0	-0.847692	-0.530488	0	3423	1626
ChainingRodShaped	2934	3.55531	0.5	-31.5635	40.4187	0	-0.724718	0.689045	0	None	None
ChainingRodShaped	3852	2.21548	0.5	5.21071	43.8838	0	-0.874706	-0.484653	0	None	None
ChainingRodShaped	2856	4.29275	0.5	-35.3269	80.8284	0	-0.996797	-0.0799692	0	None	None
ChainingRodShaped	2874	3.02771	0.5	-33.2419	26.4829	0	0.143248	-0.989687	0	None	None
ChainingRodShaped	1637	4.46386	0.5	16.3025	23.714	0	0.0910349	-0.995848	0	None	None
ChainingRodShaped	1639	4.36296	0.5	14.6815	37.4943	0	0.038126	-0.999273	0	None	None
ChainingRodShaped	3256	2.57303	0.5	-44.3821	10.4603	0	-0.592933	0.805252	0	3257	3337
ChainingRodShaped	2594	3.76653	0.5	-35.6414	9.53398	0	0.973502	-0.228678	0	None	None
ChainingRodShaped	3466	2.69025	0.5	35.592	63.7649	0	0.410674	-0.911782	0	None	None
ChainingRodShaped	2552	4.20052	0.5	-9.82062	56.0007	0	-0.983883	-0.178815	0	None	None
ChainingRodShaped	2676	4.36651	0.5	-19.125	71.9178	0	0.400731	-0.916196	0	None	None
ChainingRodShaped	1651	4.24052	0.5	-14.458	58.3204	0	-0.693772	-0.720194	0	None	None
ChainingRodShaped	2636	4.84872	0.5	-17.7272	3.24222	0	-0.768596	-0.639734	0	None	None
ChainingRodShaped	3440	2.66702	0.5	-35.7932	61.788	0	0.999941	0.010839	0	None	None
ChainingRodShaped	3082	2.9962	0.5	-16.9384	59.5257	0	-0.683277	-0.730159	0	None	None
ChainingRodShaped	1659	4.95859	0.5	-37.915	59.9632	0	0.999958	-0.00915752	0	None	None
ChainingRodShaped	2762	4.08873	0.5	-17.5119	46.3099	0	0.269162	-0.963095	0	None	None
ChainingRodShaped	3542	2.3203	0.5	76.0775	-17.1674	0	-0.704391	-0.709812	0	3543	1662
ChainingRodShaped	3238	3.72212	0.5	-12.73	66.0388	0	0.743112	-0.669167	0	None	None
ChainingRodShaped	3158	3.31455	0.5	22.2704	42.7799	0	0.349218	-0.937041	0	None	None
ChainingRodShaped	2868	2.86451	0.5	-4.51169	16.2986	0	0.969207	-0.246248	0	None	None
ChainingRodShaped	3092	3.17516	0.5	0.574725	89.6701	0	-0.945679	0.325103	0	None	None
ChainingRodShaped	1673	4.79306	0.5	-39.4396	46.3487	0	-0.927735	0.373238	0	None	None
ChainingRodShaped	2702	4.19451	0.5	6.31836	5.52436	0	0.547144	-0.837039	0	None	None
ChainingRodShaped	2724	4.32971	0.5	-24.5304	72.4491	0	0.396383	-0.918085	0	None	None
ChainingRodShaped	3134	3.0854	0.5	1.54775	52.0961	0	-0.670501	-0.741909	0	None	None
ChainingRodShaped	1681	3.63357	0.5	98.922	32.0622	0	0.0817528	-0.996653	0	1922	1680
ChainingRodShaped	2990	3.39204	0.5	-9.21453	79.1573	0	0.583179	-0.812344	0	None	None
ChainingRodShaped	4028	2.08249	0.5	-35.7445	28.9994	0	0.658297	-0.752758	0	None	None
ChainingRodShaped	3556	2.61513	0.5	67.5667	138.318	0	-0.679866	-0.733336	0	3557	1686
ChainingRodShaped	2828	3.59925	0.5	20.1846	55.3549	0	-0.834341	-0.551249	0	None	None
ChainingRodShaped	4044	2.03747	0.5	-10.0702	46.7169	0	0.535736	-0.844386	0	None	None
ChainingRodShaped	1693	4.45133	0.5	-29.2103	73.6708	0	0.388927	-0.921269	0	None	None
ChainingRodShaped	1695	4.52851	0.5	24.4235	74.4136	0	0.0698697	-0.997556	0	None	None
ChainingRodShaped	1697	4.34312	0.5	-58.4501	45.2926	0	-0.260718	0.965415	0	4122	1696
ChainingRodShaped	1699	3.71248	0.5	11.7538	138.204	0	-0.84981	0.527089	0	2382	3547
ChainingRodShaped	2628	4.96759	0.5	36.0093	36.312	0	-0.572885	-0.819636	0	None	None
ChainingRodShaped	3780	2.20982	0.5	-13.7712	146.454	0	-0.998619	-0.0525321	0	3781	1702
ChainingRodShaped	1705	4.24341	0.5	30.6905	43.6567	0	0.948811	-0.315843	0	None	None
ChainingRodShaped	3526	2.75329	0.5	18.2971	66.1832	0	0.532933	-0.846157	0	None	None
ChainingRodShaped	3658	2.68613	0.5	-22.5602	0.342975	0	-0.938964	-0.344016	0	None	None
ChainingRodShaped	1711	4.97874	0.5	23.599	-45.9257	0	-0.998353	0.0573725	0	2272	1710
ChainingRodShaped	3022	3.38805	0.5	-5.52782	49.2353	0	-0.724772	-0.688989	0	None	None
ChainingRodShaped	3678	2.20979	0.5	107.418	213.356	0	-0.561029	-0.827796	0	3679	1714
ChainingRodShaped	2908	4.41059	0.5	23.5996	64.4214	0	0.477862	-0.878435	0	None	None
ChainingRodShaped	3516	2.80714	0.5	17.6133	54.7681	0	-0.834357	-0.551225	0	None	None
ChainingRodShaped	2654	3.11829	0.5	1.95708	88.2019	0	0.994345	-0.106202	0	None	None
ChainingRodShaped	3170	2.47063	0.5	-45.0274	-26.8295	0	0.992937	-0.11864	0	3171	1722
ChainingRodShaped	1725	4.25898	0.5	-15.3126	52.2609	0	0.464658	-0.88549	0	None	None
ChainingRodShaped	2750	4.66023	0.5	33.0434	60.6912	0	-0.704909	0.709298	0	None	None
ChainingRodShaped	2674	4.593	0.5	-29.8483	6.87845	0	0.995524	-0.094504	0	None	None
ChainingRodShaped	4042	2.04808	0.5	-43.2906	65.9258	0	0.873329	-0.487131	0	None	None
ChainingRodShaped	3362	2.54198	0.5	26.5802	40.3083	0	-0.919854	-0.392261	0	None	None
ChainingRodShaped	1735	4.26973	0.5	13.3892	59.6882	0	-0.671214	-0.741264	0	None	None
ChainingRodShaped	4022	2.07691	0.5	-32.3939	68.7919	0	0.838707	-0.544582	0	None	None
ChainingRodShaped	1739	4.12492	0.5	-56.6886	42.4562	0	-0.230019	0.973186	0	None	None
ChainingRodShaped	3816	2.25339	0.5	-0.661505	5.45341	0	-0.229963	-0.973199	0	None	None
ChainingRodShaped	2688	3.77347	0.5	-40.5713	19.9444	0	-0.760749	0.649046	0	None	None
ChainingRodShaped	3042	2.88052	0.5	-38.5647	70.6958	0	0.370384	-0.928879	0	None	None
ChainingRodShaped	2792	4.50858	0.5	22.0312	73.3289	0	-0.729061	0.684449	0	None	None
ChainingRodShaped	3012	3.80692	0.5	-6.90044	53.8264	0	-0.800429	-0.599428	0	None	None
ChainingRodShaped	1751	4.72774	0.5	9.18656	56.399	0	-0.879742	-0.475452	0	None	None
ChainingRodShaped	3326	2.7609	0.5	6.83262	51.3684	0	-0.650859	-0.759198	0	None	None
ChainingRodShaped	1755	4.02663	0.5	92.243	2.99919	0	-0.49852	-0.866878	0	1944	3513
ChainingRodShaped	3094	3.39101	0.5	-40.0554	55.343	0	-0.999963	0.00860145	0	None	None
ChainingRodShaped	3588	2.88512	0.5	-16.9193	85.5505	0	0.803395	-0.595446	0	None	None
ChainingRodShaped	2664	3.61622	0.5	17.9162	84.1773	0	0.95779	-0.287469	0	None	None
ChainingRodShaped	1763	4.38048	0.5	11.9918	10.7096	0	0.53018	-0.847885	0	None	None
ChainingRodShaped	1765	4.54039	0.5	9.25959	74.9439	0	0.491741	-0.870741	0	None	None
ChainingRodShaped	2800	3.37971	0.5	-39.5266	56.2603	0	-0.999941	0.0108528	0	None	None
ChainingRodShaped	3994	2.15207	0.5	5.02056	37.2942	0	-0.845839	-0.533438	0	None	None
ChainingRodShaped	1771	3.98653	0.5	-33.8035	92.7503	0	0.999376	-0.0353351	0	4056	1770
ChainingRodShaped	2820	3.81062	0.5	-20.2831	35.5008	0	0.204622	-0.978841	0	None	None
ChainingRodShaped	2926	3.69098	0.5	-24.214	45.0069	0	-0.998537	0.0540799	0	None	None
ChainingRodShaped	3258	2.89725	0.5	10.5918	85.0559	0	0.699786	-0.714353	0	None	None
ChainingRodShaped	1779	4.07084	0.5	-2.18299	7.3329	0	-0.228495	-0.973545	0	None	None
ChainingRodShaped	3430	2.86465	0.5	-10.8793	58.8239	0	-0.341759	-0.939788	0	None	None
ChainingRodShaped	3046	2.82131	0.5	-23.1259	73.7873	0	-0.237459	-0.971398	0	None	None
ChainingRodShaped	3424	2.83516	0.5	5.56643	16.4595	0	0.201925	-0.979401	0	None	None
ChainingRodShaped	2722	3.5386	0.5	-11.3643	47.0409	0	0.421044	-0.90704	0	None	None
ChainingRodShaped	3452	2.96965	0.5	12.8492	48.1314	0	0.557492	-0.830182	0	None	None
ChainingRodShaped	3058	3.46243	0.5	17.4863	49.3917	0	-0.83828	-0.54524	0	None	None
ChainingRodShaped	1793	4.01244	0.5	-20.3167	39.4331	0	0.243741	-0.96984	0	None	None
ChainingRodShaped	4036	2.06458	0.5	-46.2182	17.6466	0	0.453747	-0.89113	0	None	None
ChainingRodShaped	2862	4.51039	0.5	-39.5135	22.9532	0	-0.721618	0.692292	0	None	None
ChainingRodShaped	2956	4.26686	0.5	-13.0385	73.0989	0	-0.853249	0.521504	0	None	None
ChainingRodShaped	2884	3.72956	0.5	28.8266	23.876	0	-0.350108	-0.936709	0	None	None
ChainingRodShaped	3174	3.09012	0.5	-1.65107	81.6584	0	-0.984565	-0.17502	0	None	None
ChainingRodShaped	3538	2.3854	0.5	-36.9981	26.7451	0	0.143327	-0.989675	0	None	None
ChainingRodShaped	1807	4.21971	0.5	-26.9267	15.5251	0	0.703964	-0.710236	0	None	None
ChainingRodShaped	1809	4.73394	0.5	10.5108	67.1127	0	-0.131874	-0.991266	0	None	None
ChainingRodShaped	3232	2.65747	0.5	0.756405	3.10705	0	-0.391469	-0.920191	0	None	None
ChainingRodShaped	3090	4.02439	0.5	-40.7836	74.7701	0	-0.0645207	-0.997916	0	None	None
ChainingRodShaped	1815	4.99355	0.5	71.5411	65.1965	0	0.96846	-0.249171	0	2744	3399
ChainingRodShaped	3040	3.32397	0.5	-44.1555	21.2085	0	0.382011	-0.924158	0	None	None
ChainingRodShaped	1819	4.09596	0.5	-9.08004	34.5082	0	-0.93893	-0.344109	0	None	None
ChainingRodShaped	2812	4.61672	0.5	-37.9097	71.6102	0	0.379652	-0.925129	0	None	None
ChainingRodShaped	2794	4.59492	0.5	32.0391	54.5908	0	0.343767	-0.939055	0	None	None
ChainingRodShaped	3120	3.00771	0.5	-23.7152	53.165	0	-0.533862	-0.845572	0	None	None
ChainingRodShaped	2832	3.01319	0.5	-13.1642	-1.92865	0	0.478421	-0.87813	0	None	None
ChainingRodShaped	3338	3.3149	0.5	-39.3626	39.3652	0	0.861478	-0.507794	0	None	None
ChainingRodShaped	3230	3.71598	0.5	-21.1055	51.9974	0	-0.577974	-0.816055	0	None	None
ChainingRodShaped	1833	4.51424	0.5	10.0147	7.20204	0	-0.230627	-0.973042	0	None	None
ChainingRodShaped	2830	4.65582	0.5	-15.4957	45.4132	0	0.252663	-0.967554	0	None	None
ChainingRodShaped	3112	3.17388	0.5	19.9093	59.2985	0	0.459924	-0.887959	0	None	None
ChainingRodShaped	1839	4.3889	0.5	-70.5121	63.0481	0	-0.866616	0.498975	0	1360	1838
ChainingRodShaped	1841	4.07818	0.5	-14.2856	80.2948	0	-0.835708	0.549174	0	None	None
ChainingRodShaped	2846	3.51253	0.5	-10.471	79.3481	0	0.566925	-0.823769	0	None	None
ChainingRodShaped	1845	4.48261	0.5	-48.7146	28.5596	0	-0.93477	0.355254	0	None	None
ChainingRodShaped	2996	3.64516	0.5	-35.044	3.32858	0	0.589768	-0.807573	0	None	None
ChainingRodShaped	2952	3.48445	0.5	-39.6224	58.1132	0	0.999935	-0.01139	0	None	None
ChainingRodShaped	1851	4.30732	0.5	-20.1894	7.84676	0	-0.999937	-0.0111969	0	None	None
ChainingRodShaped	2852	3.56966	0.5	-7.63844	-5.894	0	-0.97486	-0.222817	0	None	None
ChainingRodShaped	3634	2.37008	0.5	-10.7	90.4231	0	0.416307	-0.909224	0	None	None
ChainingRodShaped	1857	4.56045	0.5	-21.0098	47.5012	0	-0.998577	0.0533314	0	None	None
ChainingRodShaped	1859	4.68107	0.5	11.7917	23.5311	0	-0.23823	0.971209	0	None	None
ChainingRodShaped	2932	3.38659	0.5	-47.8484	18.7542	0	0.415113	-0.90977	0	None	None
ChainingRodShaped	2964	3.72318	0.5	11.698	79.0896	0	0.966817	-0.255471	0	None	None
ChainingRodShaped	1865	4.60145	0.5	22.6834	39.1048	0	0.365251	-0.930909	0	None	None
ChainingRodShaped	1867	4.7225	0.5	-48.0293	61.2889	0	0.503415	-0.864045	0	None	None
ChainingRodShaped	1869	4.09926	0.5	-2.17614	41.8442	0	0.992052	-0.125826	0	None	None
ChainingRodShaped	3136	2.77325	0.5	-52.9046	32.6527	0	0.984765	-0.173888	0	None	None
ChainingRodShaped	3724	2.5364	0.5	-10.986	51.7979	0	0.476378	-0.879241	0	None	None
ChainingRodShaped	3620	2.60695	0.5	-30.959	55.0053	0	-0.481379	-0.876512	0	None	None
ChainingRodShaped	3448	2.5221	0.5	3.499	-0.27364	0	-0.978849	-0.204583	0	None	None
ChainingRodShaped	1879	3.98782	0.5	-44.6991	51.7499	0	-0.922185	-0.38675	0	None	None
ChainingRodShaped	2918	3.3105	0.5	18.794	82.9072	0	0.960128	-0.279562	0	None	None
ChainingRodShaped	2902	3.7139	0.5	-21.9442	62.609	0	0.0643535	-0.997927	0	None	None
ChainingRodShaped	3044	3.95005	0.5	14.4539	72.4393	0	0.0695995	-0.997575	0	None	None
ChainingRodShaped	2974	3.73816	0.5	-16.3614	36.2323	0	-0.454219	-0.89089	0	None	None
ChainingRodShaped	3450	2.62768	0.5	-44.7693	63.632	0	0.418365	-0.908279	0	None	None
ChainingRodShaped	3228	3.13794	0.5	26.8961	80.8765	0	0.99709	0.0762276	0	None	None
ChainingRodShaped	1893	4.55939	0.5	15.4914	56.5738	0	-0.716718	-0.697364	0	None	None
ChainingRodShaped	3132	2.7217	0.5	-28.6743	33.5516	0	-0.651228	0.758882	0	None	None
ChainingRodShaped	2904	4.14758	0.5	26.2754	75.5387	0	0.0681643	-0.997674	0	None	None
ChainingRodShaped	1899	4.40987	0.5	3.28109	51.3534	0	-0.678927	-0.734206	0	None	None
ChainingRodShaped	3008	2.7976	0.5	-38.9017	49.0777	0	-0.941982	-0.335663	0	None	None
ChainingRodShaped	3666	2.27255	0.5	-85.6653	-116.215	0	-0.905114	-0.42517	0	3667	3669
ChainingRodShaped	1905	3.91731	0.5	-32.5639	35.1552	0	-0.688033	0.72568	0	None	None
ChainingRodShaped	1907	4.01435	0.5	-26.5505	33.8291	0	-0.621055	0.783767	0	None	None
ChainingRodShaped	1909	4.35513	0.5	-15.798	51.3422	0	0.455758	-0.890104	0	None	None
ChainingRodShaped	3164	3.38343	0.5	-17.105	6.14725	0	-0.774326	-0.632787	0	None	None
ChainingRodShaped	2992	2.93938	0.5	-42.6708	50.5956	0	-0.915901	-0.401405	0	None	None
ChainingRodShaped	1915	4.93006	0.5	26.7601	68.3534	0	-0.808959	0.587865	0	None	None
ChainingRodShaped	3520	2.779	0.5	-54.8367	49.2875	0	-0.785139	0.61932	0	None	None
ChainingRodShaped	1919	4.75516	0.5	-25.9681	21.885	0	0.950352	-0.311177	0	None	None
ChainingRodShaped	2976	3.58192	0.5	4.39765	76.5103	0	-0.120948	-0.992659	0	None	None
ChainingRodShaped	1923	3.80145	0.5	97.1245	41.4319	0	0.294319	-0.955707	0	2536	1922
ChainingRodShaped	3716	2.21787	0.5	-33.3967	85.5376	0	-0.920294	-0.391229	0	None	None
ChainingRodShaped	3368	2.88437	0.5	-23.5092	11.092	0	0.779532	-0.626363	0	None	None
ChainingRodShaped	3698	2.43109	0.5	-34.5364	73.4566	0	0.317911	-0.948121	0	None	None
ChainingRodShaped	1931	4.55313	0.5	-36.2315	40.62	0	-0.819339	0.57331	0	None	None
ChainingRodShaped	3026	3.84556	0.5	19.614	69.4239	0	0.521332	-0.853354	0	None	None
ChainingRodShaped	3322	3.13676	0.5	29.2364	76.672	0	-0.642567	-0.76623	0	None	None
ChainingRodShaped	3124	3.71973	0.5	-3.15676	67.413	0	-0.926397	0.376548	0	None	None
ChainingRodShaped	1939	4.25473	0.5	-24.8113	18.5943	0	0.715952	-0.698149	0	None	None
ChainingRodShaped	3580	2.86638	0.5	-20.7757	91.9521	0	-0.952461	0.304662	0	None	None
ChainingRodShaped	3596	2.73073	0.5	-47.01	45.3343	0	-0.854947	-0.518715	0	None	None
ChainingRodShaped	3810	2.14347	0.5	95.9865	10.5861	0	-0.364604	-0.931163	0	3811	1944
ChainingRodShaped	3550	2.4381	0.5	-13.3737	88.1731	0	0.850196	-0.526466	0	None	None
ChainingRodShaped	1949	4.40433	0.5	25.1195	31.0579	0	0.915156	0.4031	0	None	None
ChainingRodShaped	3664	2.58336	0.5	-7.54104	-6.88325	0	-0.97428	-0.225341	0	None	None
ChainingRodShaped	3830	2.16499	0.5	17.37	65.9668	0	0.541384	-0.840775	0	None	None
ChainingRodShaped	1955	3.74982	0.5	-53.4785	119.758	0	-0.24332	-0.969946	0	1464	1954
ChainingRodShaped	3776	2.21671	0.5	-52.3324	40.5461	0	-0.120679	-0.992692	0	None	None
ChainingRodShaped	3394	3.08681	0.5	21.2267	85.0434	0	0.970677	-0.240389	0	None	None
ChainingRodShaped	1961	4.80292	0.5	-36.1576	69.8114	0	0.388883	-0.921287	0	None	None
ChainingRodShaped	1963	3.9404	0.5	15.5605	61.7915	0	0.436099	-0.899898	0	None	None
ChainingRodShaped	3180	3.43404	0.5	-36.3864	33.9518	0	0.66775	-0.744385	0	None	None
ChainingRodShaped	1967	4.17281	0.5	-38.4491	24.6095	0	-0.692596	0.721325	0	None	None
ChainingRodShaped	3104	2.84124	0.5	-13.4084	65.4732	0	0.746795	-0.665054	0	None	None
ChainingRodShaped	1971	4.19685	0.5	7.34642	19.6272	0	-0.0539172	-0.998545	0	None	None
ChainingRodShaped	4014	2.0632	0.5	-7.82691	19.0725	0	-0.466869	-0.884326	0	None	None
ChainingRodShaped	3428	3.00601	0.5	7.46451	27.3576	0	-0.223248	-0.974762	0	None	None
ChainingRodShaped	1977	4.36377	0.5	26.4081	54.6796	0	0.17219	-0.985064	0	None	None
ChainingRodShaped	1979	3.43147	0.5	13.6315	-44.3966	0	-0.965253	0.261318	0	1710	1978
ChainingRodShaped	1981	4.69399	0.5	-13.1996	6.55207	0	-0.987785	-0.155824	0	None	None
ChainingRodShaped	1983	3.94718	0.5	15.422	57.7597	0	-0.709713	-0.70449	0	None	None
ChainingRodShaped	1985	4.66262	0.5	-34.421	141.281	0	-0.917751	-0.397155	0	2142	3881
ChainingRodShaped	3024	3.52302	0.5	0.482683	39.8705	0	0.978054	0.208351	0	None	None
ChainingRodShaped	4068	2.01943	0.5	42.6591	73.9152	0	0.889157	-0.457601	0	4069	3595
ChainingRodShaped	3458	2.99984	0.5	-21.4841	5.97194	0	-0.999513	-0.0312117	0	None	None
ChainingRodShaped	1993	4.8437	0.5	-23.0135	18.1163	0	0.720068	-0.693903	0	None	None
ChainingRodShaped	3600	2.51417	0.5	-37.2548	17.5361	0	-0.904961	0.425494	0	None	None
ChainingRodShaped	1997	4.57221	0.5	9.07727	30.5003	0	-0.19396	-0.981009	0	None	None
ChainingRodShaped	1999	4.91999	0.5	60.1916	132.097	0	-0.825755	-0.56403	0	1686	1998
ChainingRodShaped	3050	3.82095	0.5	-14.4875	33.0137	0	0.864271	0.503026	0	None	None
ChainingRodShaped	2003	4.73371	0.5	10.92	41.9333	0	0.337028	-0.941495	0	None	None
ChainingRodShaped	3708	2.27976	0.5	28.0614	16.505	0	0.314053	-0.949406	0	None	None
ChainingRodShaped	3468	2.43962	0.5	-11.6171	29.8339	0	-0.960587	-0.277979	0	None	None
ChainingRodShaped	2009	4.66879	0.5	-4.66473	18.2055	0	0.968993	-0.247088	0	None	None
ChainingRodShaped	3492	2.75342	0.5	-49.27	54.3054	0	-0.999297	-0.0374945	0	None	None
ChainingRodShaped	3146	3.46049	0.5	5.40646	71.6537	0	0.0148011	-0.99989	0	None	None
ChainingRodShaped	4006	2.13492	0.5	-32.0137	23.5526	0	0.0783037	-0.99693	0	None	None
ChainingRodShaped	2017	4.21454	0.5	-26.1884	10.2566	0	0.146809	-0.989165	0	None	None
ChainingRodShaped	2019	4.064	0.5	-3.60788	25.3129	0	-0.755971	-0.654605	0	None	None
ChainingRodShaped	3272	2.62078	0.5	16.924	32.6987	0	-0.200806	-0.979631	0	None	None
ChainingRodShaped	3474	2.71397	0.5	-20.3017	85.0973	0	-0.958092	0.286461	0	None	None
ChainingRodShaped	3122	2.68212	0.5	24.5537	41.9164	0	0.381895	-0.924206	0	None	None
ChainingRodShaped	2027	4.25842	0.5	-109.717	36.9132	0	-0.246764	-0.969076	0	2130	2026
ChainingRodShaped	3454	2.62832	0.5	-26.048	1.99665	0	-0.877322	-0.479903	0	None	None
ChainingRodShaped	3412	2.72073	0.5	4.44803	55.786	0	-0.862618	-0.505856	0	None	None
ChainingRodShaped	2033	4.10446	0.5	18.355	30.3297	0	-0.176451	-0.984309	0	None	None
ChainingRodShaped	2035	4.74567	0.5	19.0165	77.8379	0	-0.309319	0.950958	0	None	None
ChainingRodShaped	2037	4.2952	0.5	6.32837	70.8916	0	0.00480063	-0.999988	0	None	None
ChainingRodShaped	4072	2.06346	0.5	0.871187	62.7748	0	-0.881435	0.472306	0	None	None
ChainingRodShaped	3288	2.56025	0.5	-45.5782	36.0797	0	0.560291	-0.828296	0	None	None
ChainingRodShaped	3226	3.14832	0.5	-2.30296	29.7293	0	-0.713951	-0.700196	0	None	None
ChainingRodShaped	4010	2.15165	0.5	16.9934	28.1347	0	-0.17149	-0.985186	0	None	None
ChainingRodShaped	2047	4.29671	0.5	-2.94108	24.7347	0	-0.751982	-0.659184	0	None	None
ChainingRodShaped	2049	3.85838	0.5	-15.1625	10.9858	0	0.928445	-0.371469	0	None	None
ChainingRodShaped	2051	3.97865	0.5	-27.8457	26.6235	0	-0.538916	0.84236	0	None	None
ChainingRodShaped	3462	2.67254	0.5	2.9813	10.172	0	-0.686601	-0.727034	0	None	None
ChainingRodShaped	2055	3.55532	0.5	80.9671	163.683	0	-0.356924	-0.934133	0	3924	2054
ChainingRodShaped	2057	3.94595	0.5	-24.6779	61.7457	0	0.132686	-0.991158	0	None	None
ChainingRodShaped	2059	3.67782	0.5	-39.2568	53.4505	0	-0.999965	0.00835468	0	None	None
ChainingRodShaped	2061	4.87441	0.5	-28.615	78.825	0	-0.84398	-0.536375	0	None	None
ChainingRodShaped	3300	3.38444	0.5	-2.7351	73.0127	0	-0.580033	-0.814593	0	None	None
ChainingRodShaped	2065	4.47485	0.5	23.9659	26.4305	0	0.980429	0.196874	0	None	None
ChainingRodShaped	3318	2.96071	0.5	0.611932	40.8203	0	0.980092	0.198546	0	None	None
ChainingRodShaped	3518	2.45783	0.5	-5.85008	10.1759	0	0.130379	-0.991464	0	None	None
ChainingRodShaped	2071	4.8468	0.5	-12.0762	28.7897	0	-0.957767	-0.287546	0	None	None
ChainingRodShaped	2073	3.63397	0.5	34.5956	68.4674	0	0.464727	-0.885454	0	None	None
ChainingRodShaped	3730	2.32071	0.5	15.0326	46.2256	0	0.368344	-0.929689	0	None	None
ChainingRodShaped	3220	3.37502	0.5	-0.307913	24.6275	0	-0.752046	-0.659111	0	None	None
ChainingRodShaped	3718	2.40051	0.5	-13.6095	31.4409	0	-0.868227	-0.496167	0	None	None
ChainingRodShaped	3598	2.51813	0.5	27.3621	30.9654	0	0.925748	0.37814	0	None	None
ChainingRodShaped	3376	3.23309	0.5	-3.38041	31.1191	0	-0.713299	-0.70086	0	None	None
ChainingRodShaped	3630	2.7872	0.5	-30.3719	83.3979	0	0.18584	-0.98258	0	None	None
ChainingRodShaped	2087	4.06108	0.5	-35.5299	62.7129	0	-0.999783	-0.0208493	0	None	None
ChainingRodShaped	3560	2.86064	0.5	-25.3581	82.5671	0	0.188889	-0.981998	0	None	None
ChainingRodShaped	3632	2.37015	0.5	-34.3295	45.1086	0	0.270991	-0.962582	0	None	None
ChainingRodShaped	2093	3.58793	0.5	-10.1854	-55.2623	0	0.18168	-0.983358	0	2160	2092
ChainingRodShaped	3200	2.78765	0.5	-15.8893	64.0608	0	0.745509	-0.666496	0	None	None
ChainingRodShaped	3614	2.81021	0.5	-32.2767	54.5406	0	-0.476716	-0.879057	0	None	None
ChainingRodShaped	2099	3.73678	0.5	-28.7994	26.485	0	-0.530451	0.847716	0	None	None
ChainingRodShaped	2101	4.56271	0.5	-25.5079	18.0158	0	0.716087	-0.698011	0	None	None
ChainingRodShaped	2103	4.75463	0.5	-44.5479	56.3015	0	-0.999777	0.0211019	0	None	None
ChainingRodShaped	3302	2.89925	0.5	11.7221	42.3882	0	0.339687	-0.940538	0	None	None
ChainingRodShaped	2107	4.06038	0.5	-39.5574	59.0437	0	0.999894	-0.0145726	0	None	None
ChainingRodShaped	2109	3.79057	0.5	-14.1916	36.1757	0	-0.878989	-0.476842	0	None	None
ChainingRodShaped	4080	2.04049	0.5	28.296	36.8347	0	0.90944	0.415835	0	None	None
ChainingRodShaped	2113	3.90871	0.5	18.2063	56.2422	0	-0.837948	-0.54575	0	None	None
ChainingRodShaped	3856	2.34637	0.5	4.90997	28.2624	0	-0.158233	-0.987402	0	None	None
ChainingRodShaped	2117	4.32815	0.5	9.43834	76.5038	0	0.491638	-0.8708	0	None	None
ChainingRodShaped	2119	4.73973	0.5	-113.296	-133.304	0	-0.821424	-0.570318	0	2186	2118
ChainingRodShaped	2121	3.76725	0.5	19.7924	17.1837	0	-0.958102	-0.286427	0	None	None
ChainingRodShaped	4038	2.04042	0.5	-112.003	16.3001	0	0.0653535	-0.997862	0	4039	2122
ChainingRodShaped	2125	3.94622	0.5	6.18221	1.30189	0	0.977195	0.212345	0	None	None
ChainingRodShaped	3870	2.28729	0.5	-38.5322	51.143	0	-0.938146	-0.346241	0	None	None
ChainingRodShaped	3494	2.87909	0.5	29.2969	39.3778	0	-0.921262	-0.388941	0	None	None
ChainingRodShaped	2131	4.7006	0.5	-106.125	47.5186	0	-0.396586	-0.917997	0	2626	2130
ChainingRodShaped	3568	2.45097	0.5	27.7387	64.1063	0	-0.779962	0.625827	0	None	None
ChainingRodShaped	2135	4.60669	0.5	-45.0165	68.0228	0	0.871109	-0.49109	0	None	None
ChainingRodShaped	2137	4.41249	0.5	8.12109	91.1411	0	-0.987827	0.155558	0	None	None
ChainingRodShaped	3366	2.9367	0.5	18.6157	49.0844	0	-0.843666	-0.536869	0	None	None
ChainingRodShaped	3278	2.86922	0.5	-47.8787	65.178	0	0.826657	-0.562706	0	None	None
ChainingRodShaped	2143	4.83086	0.5	-23.6945	144.863	0	-0.971909	-0.235358	0	1702	2142
ChainingRodShaped	2145	3.78813	0.5	29.9985	55.9225	0	0.151782	-0.988414	0	None	None
ChainingRodShaped	2147	3.88706	0.5	26.6127	33.5658	0	0.686509	0.727122	0	None	None
ChainingRodShaped	3604	2.67897	0.5	-10.7051	36.7293	0	-0.93739	-0.348281	0	None	None
ChainingRodShaped	2151	4.77943	0.5	-15.3398	16.9286	0	0.716874	-0.697203	0	None	None
ChainingRodShaped	2153	4.19588	0.5	-55.704	34.5764	0	-0.257576	0.966258	0	3344	4123
ChainingRodShaped	2155	4.68962	0.5	-39.9049	57.186	0	0.999967	-0.0081393	0	None	None
ChainingRodShaped	2157	4.75306	0.5	12.3398	75.6289	0	0.0895144	-0.995986	0	None	None
ChainingRodShaped	3314	2.63802	0.5	0.96333	63.6463	0	-0.886158	0.463383	0	None	None
ChainingRodShaped	2161	4.13458	0.5	-13.3676	-46.0171	0	0.456353	-0.889799	0	2332	2160
ChainingRodShaped	3940	2.22394	0.5	2.62428	12.4617	0	0.208211	-0.978084	0	None	None
ChainingRodShaped	3482	2.82163	0.5	-15.302	64.7373	0	0.743362	-0.668889	0	None	None
ChainingRodShaped	3808	2.5044	0.5	-43.9711	51.0437	0	-0.919874	-0.392213	0	None	None
ChainingRodShaped	2169	4.59226	0.5	5.2221	13.5591	0	0.211715	-0.977332	0	None	None
ChainingRodShaped	4114	2.01985	0.5	5.25339	46.8797	0	-0.657825	-0.753171	0	None	None
ChainingRodShaped	3386	2.54874	0.5	-3.69899	92.3363	0	-0.829436	0.558602	0	None	None
ChainingRodShaped	3508	2.94283	0.5	-45.6159	20.186	0	0.791665	-0.610955	0	None	None
ChainingRodShaped	3842	2.40379	0.5	-53.3283	40.2559	0	-0.130594	-0.991436	0	None	None
ChainingRodShaped	2179	4.62965	0.5	9.04946	63.3897	0	-0.131371	-0.991333	0	None	None
ChainingRodShaped	3772	2.19172	0.5	-31.8934	15.6079	0	-0.623444	-0.781868	0	None	None
ChainingRodShaped	2183	4.90128	0.5	32.3315	80.3379	0	0.827573	-0.561358	0	3576	2182
ChainingRodShaped	2185	4.13223	0.5	-42.5065	12.0061	0	0.532843	-0.846214	0	None	None
ChainingRodShaped	2187	3.95392	0.5	-105.285	-127.811	0	-0.829255	-0.55887	0	1626	2186
ChainingRodShaped	2189	3.7586	0.5	-35.7484	0.00362582	0	-0.660515	0.750813	0	2218	4083
ChainingRodShaped	3876	2.3232	0.5	26.3513	42.529	0	0.400311	-0.916379	0	None	None
ChainingRodShaped	2193	4.50646	0.5	1.49478	61.4834	0	-0.876668	0.481096	0	None	None
ChainingRodShaped	2195	3.69914	0.5	23.1933	48.9575	0	-0.988186	-0.153258	0	None	None
ChainingRodShaped	2197	3.90782	0.5	-11.6135	28.0108	0	-0.959477	-0.281787	0	None	None
ChainingRodShaped	3352	3.26964	0.5	-44.3643	37.8356	0	0.882332	-0.470628	0	None	None
ChainingRodShaped	2201	3.85672	0.5	-7.21847	90.6825	0	0.981611	-0.190894	0	None	None
ChainingRodShaped	2203	4.40902	0.5	15.5568	39.5517	0	0.291563	-0.956552	0	None	None
ChainingRodShaped	2205	3.63868	0.5	-1.60417	57.315	0	-0.970166	-0.242443	0	None	None
ChainingRodShaped	3896	2.26328	0.5	-12.8883	45.436	0	0.270367	-0.962757	0	None	None
ChainingRodShaped	2209	4.90109	0.5	-35.7123	-28.7355	0	0.962423	-0.271554	0	1722	2208
ChainingRodShaped	3832	2.27417	0.5	-11.9557	3.8946	0	0.984285	0.176587	0	None	None
ChainingRodShaped	3616	2.37325	0.5	0.0833262	-5.26776	0	-0.260801	-0.965393	0	None	None
ChainingRodShaped	2215	4.90985	0.5	-7.68073	81.7243	0	0.647733	-0.761868	0	None	None
ChainingRodShaped	3722	2.40797	0.5	-24.9044	16.1334	0	0.709075	-0.705133	0	None	None
ChainingRodShaped	2219	3.91388	0.5	-29.1634	-7.56407	0	-0.64939	0.760456	0	3972	2218
ChainingRodShaped	2221	4.532	0.5	-13.007	90.2107	0	0.843134	-0.537703	0	None	None
ChainingRodShaped	2223	4.72462	0.5	-88.5899	65.0077	0	-0.952136	-0.305675	0	2756	2222
ChainingRodShaped	4104	2.03273	0.5	-3.58196	83.3049	0	0.991646	0.128989	0	None	None
ChainingRodShaped	2227	3.80554	0.5	15.4208	15.9105	0	-0.908019	0.41893	0	None	None
ChainingRodShaped	3384	2.89935	0.5	5.28786	35.3823	0	-0.856301	-0.516477	0	None	None
ChainingRodShaped	2231	4.13712	0.5	-20.1223	56.3468	0	-0.429555	-0.903041	0	None	None
ChainingRodShaped	3548	2.54346	0.5	24.0831	23.6421	0	0.973588	0.228314	0	None	None
ChainingRodShaped	3544	2.51674	0.5	-7.72587	42.7369	0	-0.310376	-0.950614	0	None	None
ChainingRodShaped	3528	2.63655	0.5	-19.012	33.3605	0	-0.0207275	-0.999785	0	None	None
ChainingRodShaped	3570	2.6817	0.5	8.12283	68.9868	0	0.00479907	-0.999988	0	None	None
ChainingRodShaped	2241	3.66159	0.5	-41.1273	69.2693	0	0.347705	-0.937604	0	None	None
ChainingRodShaped	4004	2.08357	0.5	-1.25121	85.695	0	0.970009	0.24307	0	None	None
ChainingRodShaped	3566	2.78505	0.5	-7.84161	78.8683	0	0.591276	-0.80647	0	None	None
ChainingRodShaped	3886	2.27206	0.5	-53.05	37.0739	0	-0.526614	0.850104	0	None	None
ChainingRodShaped	2249	4.53622	0.5	7.35947	44.0651	0	-0.85158	-0.524224	0	None	None
ChainingRodShaped	2251	3.65024	0.5	11.7098	51.6714	0	-0.66045	-0.75087	0	None	None
ChainingRodShaped	2253	4.53511	0.5	21.1345	49.6079	0	-0.838257	-0.545275	0	None	None
ChainingRodShaped	2255	4.20736	0.5	-16.8889	74.3093	0	0.853678	-0.520801	0	None	None
ChainingRodShaped	2257	3.66777	0.5	-7.22551	-32.6724	0	-0.743262	0.669	0	2458	2256
ChainingRodShaped	3626	2.55515	0.5	28.6334	14.0356	0	-0.585515	-0.810662	0	None	None
ChainingRodShaped	3464	2.59517	0.5	-4.52284	26.8434	0	-0.766785	-0.641904	0	None	None
ChainingRodShaped	2263	4.78246	0.5	-1.73506	67.8136	0	-0.925031	0.37989	0	None	None
ChainingRodShaped	2265	4.33339	0.5	-9.76843	-65.8848	0	-0.0915855	-0.995797	0	2092	2264
ChainingRodShaped	2267	4.32268	0.5	25.8366	51.3433	0	0.0711227	-0.997468	0	None	None
ChainingRodShaped	2269	4.27261	0.5	-9.2375	15.6873	0	0.657456	-0.753493	0	None	None
ChainingRodShaped	2271	4.80117	0.5	-3.89277	94.0307	0	0.99894	-0.0460265	0	2354	2270
ChainingRodShaped	2273	3.06839	0.5	33.1877	-45.627	0	-0.990484	-0.137625	0	2896	2272
ChainingRodShaped	2275	3.6181	0.5	-35.4057	53.0078	0	-0.596107	-0.802905	0	None	None
ChainingRodShaped	2277	4.00122	0.5	-45.2948	31.9037	0	0.806716	-0.590939	0	None	None
ChainingRodShaped	4100	2.02037	0.5	25.1419	29.0077	0	0.912663	0.408714	0	None	None
ChainingRodShaped	4064	2.03642	0.5	-51.2404	41.7143	0	-0.110725	-0.993851	0	None	None
ChainingRodShaped	3980	2.09228	0.5	-30.6278	0.830499	0	-0.648277	0.761405	0	None	None
ChainingRodShaped	2285	4.54969	0.5	35.16	52.2637	0	0.260463	0.965484	0	None	None
ChainingRodShaped	2287	3.53247	0.5	-52.9768	54.2148	0	-0.886385	-0.462949	0	None	None
ChainingRodShaped	2289	3.44009	0.5	5.14749	93.0326	0	0.982553	-0.185983	0	2270	2288
ChainingRodShaped	2291	3.65353	0.5	18.0414	40.8018	0	0.320154	-0.947366	0	None	None
ChainingRodShaped	3586	2.7963	0.5	-22.6533	78.6418	0	0.0645677	-0.997913	0	None	None
ChainingRodShaped	2295	4.07567	0.5	-41.064	43.6314	0	-0.978434	0.206559	0	None	None
ChainingRodShaped	2297	3.55275	0.5	-18.3267	21.6043	0	-0.528132	-0.849163	0	None	None
ChainingRodShaped	2299	4.68453	0.5	-67.5585	-25.9725	0	0.999145	-0.0413313	0	2682	2298
ChainingRodShaped	2301	4.77649	0.5	-30.4677	66.4181	0	0.833215	-0.552949	0	None	None
ChainingRodShaped	2303	4.70924	0.5	1.23811	1.85173	0	-0.400656	-0.916228	0	None	None
ChainingRodShaped	2305	3.66576	0.5	43.3981	126.18	0	-0.998566	-0.053534	0	2906	2304
ChainingRodShaped	3888	2.34698	0.5	-36.4595	60.8614	0	1	0.00084779	0	None	None
ChainingRodShaped	2309	3.69421	0.5	-32.5944	70.1986	0	0.784577	-0.620031	0	None	None
ChainingRodShaped	3524	2.66857	0.5	20.5643	31.9651	0	-0.189992	-0.981786	0	None	None
ChainingRodShaped	2313	4.58431	0.5	13.6269	64.0055	0	-0.834363	-0.551215	0	None	None
ChainingRodShaped	3860	2.29582	0.5	-10.573	66.4919	0	0.739278	-0.6734	0	None	None
ChainingRodShaped	2317	3.60885	0.5	12.8049	28.7045	0	-0.079658	0.996822	0	None	None
ChainingRodShaped	3562	2.83151	0.5	-15.7821	72.1869	0	-0.7039	0.710299	0	None	None
ChainingRodShaped	3610	2.59127	0.5	-18.468	16.2259	0	0.789868	-0.613277	0	None	None
ChainingRodShaped	4048	2.04527	0.5	21.5222	64.3003	0	0.473997	-0.880526	0	None	None
ChainingRodShaped	2325	3.44207	0.5	-8.92571	84.7818	0	0.93472	0.355386	0	None	None
ChainingRodShaped	2327	4.07343	0.5	29.8358	73.151	0	0.754576	-0.656213	0	None	None
ChainingRodShaped	2329	4.13934	0.5	-2.92049	80.4627	0	0.982767	0.184847	0	None	None
ChainingRodShaped	2331	4.21104	0.5	-58.0913	-26.2022	0	0.99991	-0.0134055	0	2298	2330
ChainingRodShaped	2333	3.01186	0.5	-19.2306	-37.7107	0	0.697478	-0.716606	0	2452	2332
ChainingRodShaped	4110	2.0156	0.5	-19.6699	64.7239	0	0.785175	-0.619274	0	None	None
ChainingRodShaped	2337	3.86538	0.5	-50.1536	43.0786	0	-0.104244	-0.994552	0	None	None
ChainingRodShaped	2339	4.30625	0.5	-18.5417	-86.002	0	-0.650532	-0.759479	0	1580	2338
ChainingRodShaped	2341	4.52075	0.5	114.709	224	0	-0.566505	-0.824058	0	None	2340
ChainingRodShaped	2343	4.82317	0.5	-22.1905	35.1749	0	-0.130181	-0.99149	0	None	None
ChainingRodShaped	2345	3.53253	0.5	2.58001	72.29	0	0.0379609	-0.999279	0	None	None
ChainingRodShaped	2347	4.22893	0.5	-3.04897	65.3674	0	-0.918509	0.395399	0	None	None
ChainingRodShaped	2349	4.34805	0.5	10.9986	64.1667	0	-0.154096	-0.988056	0	None	None
ChainingRodShaped	2351	4.63571	0.5	11.5855	46.6897	0	0.543322	-0.839524	0	None	None
ChainingRodShaped	3976	2.12337	0.5	1.53088	27.353	0	-0.734945	-0.678127	0	None	None
ChainingRodShaped	2355	3.85751	0.5	-14.3754	93.961	0	0.998316	0.0580138	0	2660	2354
ChainingRodShaped	2357	4.64641	0.5	1.23253	15.9002	0	-0.0713811	-0.997449	0	None	None
ChainingRodShaped	2359	3.71663	0.5	1.17655	42.2129	0	0.980301	-0.197509	0	None	None
ChainingRodShaped	2361	4.87694	0.5	6.28213	82.0105	0	0.197997	-0.980203	0	None	None
ChainingRodShaped	3982	2.12949	0.5	8.25521	90.1202	0	0.987272	-0.159044	0	None	None
ChainingRodShaped	3922	2.29117	0.5	12.5865	7.6972	0	0.416112	-0.909313	0	None	None
ChainingRodShaped	3968	2.21459	0.5	-41.7939	74.3164	0	-0.0688376	-0.997628	0	None	None
ChainingRodShaped	3884	2.28295	0.5	-13.8216	24.1307	0	-0.806248	-0.591577	0	None	None
ChainingRodShaped	3606	2.65542	0.5	-17.1087	-5.17774	0	-0.999567	0.0294176	0	None	None
ChainingRodShaped	4066	2.06916	0.5	-27.1427	40.8287	0	0.247997	-0.968761	0	None	None
ChainingRodShaped	3696	2.42694	0.5	-15.4024	79.915	0	-0.839065	0.544032	0	None	None
ChainingRodShaped	3790	2.36332	0.5	-15.5873	92.8205	0	0.99705	-0.0767531	0	None	None
ChainingRodShaped	3662	2.75346	0.5	-52.5704	60.4659	0	-0.991587	0.129443	0	None	None
ChainingRodShaped	3820	2.20871	0.5	-54.6057	36.9566	0	-0.807553	0.589795	0	None	None
ChainingRodShaped	2383	3.8387	0.5	19.5437	133.388	0	-0.858324	0.513108	0	2694	2382
ChainingRodShaped	2385	4.53958	0.5	-23.5188	41.0327	0	0.254915	-0.966963	0	None	None
ChainingRodShaped	2387	4.19102	0.5	7.83384	9.92282	0	0.191604	-0.981472	0	None	None
ChainingRodShaped	2389	4.50827	0.5	-29.0937	79.6056	0	-0.846792	-0.531924	0	None	None
ChainingRodShaped	2391	3.31206	0.5	36.1651	46.6015	0	-0.402981	-0.915208	0	None	None
ChainingRodShaped	2393	3.61068	0.5	24.3983	47.3054	0	-0.989476	-0.144695	0	None	None
ChainingRodShaped	2395	4.82557	0.5	1.1055	73.5651	0	-0.55012	-0.835085	0	None	None
ChainingRodShaped	2397	4.19425	0.5	23.9691	25.4847	0	0.979719	0.200374	0	None	None
ChainingRodShaped	2399	3.51791	0.5	-21.1042	-4.79099	0	-0.857637	0.514256	0	None	None
ChainingRodShaped	2401	4.40008	0.5	25.0119	16.3025	0	-0.991886	0.127128	0	None	None
ChainingRodShaped	2403	4.7554	0.5	-17.5748	8.94448	0	-0.92752	0.373775	0	None	None
ChainingRodShaped	2405	4.80088	0.5	27.5238	60.6473	0	0.413595	-0.910461	0	None	None
ChainingRodShaped	3778	2.19148	0.5	-2.03594	84.53	0	0.979602	0.200946	0	None	None
ChainingRodShaped	3906	2.25202	0.5	31.7753	24.5767	0	-0.57562	-0.817717	0	None	None
ChainingRodShaped	3984	2.16274	0.5	-19.7344	10.8322	0	0.921721	-0.387854	0	None	None
ChainingRodShaped	2413	3.36419	0.5	3.51637	83.4305	0	-0.130308	-0.991474	0	None	None
ChainingRodShaped	2415	4.92674	0.5	-33.9935	14.225	0	0.939806	-0.341709	0	None	None
ChainingRodShaped	2417	4.05594	0.5	-43.2724	62.7673	0	-0.012252	-0.999925	0	None	None
ChainingRodShaped	2419	3.33036	0.5	17.2918	74.3013	0	-0.587612	0.809143	0	None	None
ChainingRodShaped	3848	2.342	0.5	-19.7939	60.472	0	-0.570779	-0.821104	0	None	None
ChainingRodShaped	2423	4.962	0.5	-2.41117	30.8588	0	-0.712173	-0.702004	0	None	None
ChainingRodShaped	2425	4.37606	0.5	98.7259	22.4368	0	-0.112138	-0.993693	0	1680	2424
ChainingRodShaped	2427	4.68075	0.5	-28.5774	88.3024	0	0.45091	-0.89257	0	None	None
ChainingRodShaped	2429	4.68466	0.5	19.8565	72.7686	0	-0.68214	0.731221	0	None	None
ChainingRodShaped	2431	4.67364	0.5	-28.2832	61.8732	0	-0.0299946	-0.99955	0	None	None
ChainingRodShaped	2433	3.73303	0.5	-19.5503	-0.254634	0	0.999966	-0.0082543	0	None	None
ChainingRodShaped	3850	2.21078	0.5	-29.3527	68.1763	0	0.773381	-0.633942	0	None	None
ChainingRodShaped	2437	3.9485	0.5	21.8335	33.6238	0	-0.185696	-0.982607	0	None	None
ChainingRodShaped	4016	2.10116	0.5	18.9026	17.8938	0	-0.955196	-0.295973	0	None	None
ChainingRodShaped	2441	4.50602	0.5	-33.733	77.2557	0	0.295521	-0.955336	0	None	None
ChainingRodShaped	3828	2.20757	0.5	16.6316	63.6493	0	0.45405	-0.890976	0	None	None
ChainingRodShaped	2445	3.99067	0.5	20.5424	79.6606	0	0.297176	-0.954823	0	None	None
ChainingRodShaped	3874	2.29033	0.5	-2.36306	1.84115	0	-0.1611	-0.986938	0	None	None
ChainingRodShaped	3974	2.15792	0.5	-1.29909	71.7664	0	-0.591263	-0.806479	0	None	None
ChainingRodShaped	2451	4.65623	0.5	-29.3036	54.2804	0	-0.463857	-0.88591	0	None	None
ChainingRodShaped	2453	2.86866	0.5	-25.7985	-32.6628	0	0.87115	-0.491017	0	2208	2452
ChainingRodShaped	2455	4.64267	0.5	-10.3406	87.2534	0	0.938247	0.345966	0	None	None
ChainingRodShaped	2457	4.77998	0.5	-21.8224	3.54935	0	-0.768738	-0.639564	0	None	None
ChainingRodShaped	2459	3.09683	0.5	0.251972	-38.4321	0	-0.843203	0.537595	0	1047	2458
ChainingRodShaped	4070	2.05838	0.5	4.48647	69.3494	0	0.00592887	-0.999982	0	None	None
ChainingRodShaped	3702	2.41324	0.5	-9.01135	2.98905	0	-0.0620604	-0.998072	0	None	None
ChainingRodShaped	2465	4.16646	0.5	-17.8855	87.4643	0	0.806776	-0.590857	0	None	None
ChainingRodShaped	2467	4.43803	0.5	-7.58132	4.88382	0	-0.221345	-0.975196	0	None	None
ChainingRodShaped	2469	4.4097	0.5	-12.2905	46.5115	0	0.278437	-0.960455	0	None	None
ChainingRodShaped	2471	3.81642	0.5	-23.4274	89.8947	0	-0.953223	0.302267	0	None	None
ChainingRodShaped	2473	3.65367	0.5	-18.9132	-2.18506	0	-0.999851	0.017253	0	None	None
ChainingRodShaped	2475	4.51678	0.5	52.7935	69.9133	0	0.956016	-0.293315	0	3594	2474
ChainingRodShaped	2477	3.56292	0.5	-29.5134	72.0067	0	0.369259	-0.929327	0	None	None
ChainingRodShaped	2479	4.52872	0.5	-12.8472	25.9584	0	-0.812092	-0.583529	0	None	None
ChainingRodShaped	2481	4.8887	0.5	-18.403	18.2483	0	-0.801965	0.597371	0	None	None
ChainingRodShaped	3910	2.30419	0.5	18.0659	9.89241	0	-0.977886	0.20914	0	None	None
ChainingRodShaped	2485	4.52686	0.5	25.971	59.5092	0	0.38375	-0.923437	0	None	None
ChainingRodShaped	2487	4.29256	0.5	-6.94938	74.0705	0	-0.890094	0.455777	0	None	None
ChainingRodShaped	2489	3.04987	0.5	99.1463	200.832	0	-0.535859	-0.844307	0	1215	2488
ChainingRodShaped	2491	4.01576	0.5	8.03095	23.1307	0	0.309061	-0.951042	0	None	None
ChainingRodShaped	2493	3.21539	0.5	10.6443	46.5341	0	0.551651	-0.834075	0	None	None
ChainingRodShaped	2495	3.73374	0.5	20.529	39.4742	0	0.36326	-0.931688	0	None	None
ChainingRodShaped	2497	3.47719	0.5	-48.6108	32.0249	0	0.754919	-0.655818	0	None	None
ChainingRodShaped	2499	3.79881	0.5	-6.787	15.9017	0	0.971623	-0.236537	0	None	None
ChainingRodShaped	3846	2.16016	0.5	5.61897	36.6228	0	-0.851145	-0.524931	0	None	None
ChainingRodShaped	2503	3.99964	0.5	64.6195	-28.1855	0	-0.736994	-0.675899	0	3650	2502
ChainingRodShaped	2505	3.53105	0.5	-23.7795	6.87664	0	-0.175088	-0.984553	0	None	None
ChainingRodShaped	2507	4.41357	0.5	-35.6036	43.03	0	-0.950068	0.312044	0	None	None
ChainingRodShaped	2509	3.24905	0.5	-24.1931	82.1405	0	0.278882	-0.960325	0	None	None
ChainingRodShaped	2511	4.0514	0.5	-21.5927	90.2684	0	0.950149	-0.311795	0	None	None
ChainingRodShaped	2513	4.38319	0.5	31.2387	64.956	0	0.785792	-0.618491	0	None	None
ChainingRodShaped	4076	2.03578	0.5	29.1181	46.1836	0	0.0711313	-0.997467	0	None	None
ChainingRodShaped	4052	2.09261	0.5	-14.3385	77.0543	0	-0.849147	0.528156	0	None	None
ChainingRodShaped	2519	4.53136	0.5	5.63398	52.6984	0	-0.662038	-0.749471	0	None	None
ChainingRodShaped	3928	2.18138	0.5	-34.2804	10.1887	0	0.96864	-0.24847	0	None	None
ChainingRodShaped	2523	3.82783	0.5	-0.585548	28.9225	0	-0.718273	-0.695761	0	None	None
ChainingRodShaped	2525	4.43093	0.5	-29.8967	30.7733	0	-0.649396	0.76045	0	None	None
ChainingRodShaped	2527	3.47683	0.5	-19.3314	70.1541	0	0.397688	-0.917521	0	None	None
ChainingRodShaped	3954	2.15304	0.5	-9.4999	31.4644	0	-0.935621	-0.353005	0	None	None
ChainingRodShaped	2531	4.5211	0.5	9.33093	12.1721	0	0.202175	-0.979349	0	None	None
ChainingRodShaped	2533	4.65772	0.5	-10.457	52.6866	0	0.475403	-0.879768	0	None	None
ChainingRodShaped	2535	4.74679	0.5	9.5793	33.8322	0	-0.863299	-0.504693	0	None	None
ChainingRodShaped	2537	4.38212	0.5	92.9025	50.8423	0	0.515629	-0.856812	0	3308	2536
ChainingRodShaped	2539	4.02252	0.5	35.8353	33.0269	0	0.979894	-0.199519	0	None	None
ChainingRodShaped	2541	3.3544	0.5	-30.5766	43.1703	0	0.729246	-0.684251	0	None	None
ChainingRodShaped	2543	3.8066	0.5	-25.8426	26.803	0	-0.550043	0.835136	0	None	None
ChainingRodShaped	2545	4.8867	0.5	-26.9441	54.9205	0	-0.481482	-0.876456	0	None	None
ChainingRodShaped	2547	3.61722	0.5	8.78473	48.2014	0	-0.643985	-0.765038	0	None	None
ChainingRodShaped	2549	4.24566	0.5	3.01444	48.5011	0	-0.686209	-0.727405	0	None	None
ChainingRodShaped	2551	3.56987	0.5	-1.90425	89.7314	0	-0.775088	0.631853	0	None	None
ChainingRodShaped	2553	4.67007	0.5	-7.30971	58.8162	0	-0.898182	-0.439625	0	None	None
ChainingRodShaped	2555	3.95296	0.5	-7.57022	10.241	0	0.51926	-0.854616	0	None	None
ChainingRodShaped	2557	4.22048	0.5	-30.1437	89.2342	0	0.455856	-0.890053	0	None	None
ChainingRodShaped	2559	4.74541	0.5	20.1013	12.3168	0	-0.984058	-0.177848	0	None	None
ChainingRodShaped	2561	4.45024	0.5	-50.1966	37.9023	0	0.55033	-0.834947	0	None	None
ChainingRodShaped	3990	2.06779	0.5	33.4524	34.4688	0	-0.623425	-0.781883	0	None	None
ChainingRodShaped	3958	2.18769	0.5	-4.34348	49.1439	0	-0.731636	-0.681696	0	None	None
ChainingRodShaped	2567	4.87409	0.5	1.21	24.7672	0	-0.756831	-0.65361	0	None	None
ChainingRodShaped	2569	3.61092	0.5	-49.8935	62.3523	0	0.563416	-0.826173	0	None	None
ChainingRodShaped	2571	4.41343	0.5	3.97393	31.9625	0	-0.74464	-0.667466	0	None	None
ChainingRodShaped	2573	4.96284	0.5	4.11408	23.1145	0	0.269567	-0.962982	0	None	None
ChainingRodShaped	2575	3.45368	0.5	36.2707	40.2033	0	-0.543514	-0.8394	0	None	None
ChainingRodShaped	2577	4.62972	0.5	-12.6922	53.0985	0	0.465732	-0.884926	0	None	None
ChainingRodShaped	3966	2.07669	0.5	31.1851	25.4669	0	-0.582101	-0.813116	0	None	None
ChainingRodShaped	2581	4.64453	0.5	-24.7619	53.2341	0	-0.542287	-0.840193	0	None	None
ChainingRodShaped	2583	3.30695	0.5	16.8654	19.3309	0	-0.92805	0.372455	0	None	None
ChainingRodShaped	2585	4.09983	0.5	11.1812	22.1589	0	-0.247927	0.968779	0	None	None
ChainingRodShaped	2587	3.20201	0.5	3.42269	22.3595	0	0.267086	-0.963673	0	None	None
ChainingRodShaped	3998	2.16951	0.5	9.04381	-1.75574	0	-0.846091	-0.533039	0	None	None
ChainingRodShaped	2591	4.27644	0.5	0.223573	37.2042	0	-0.98388	-0.17883	0	None	None
ChainingRodShaped	2593	3.29127	0.5	20.9448	21.5803	0	0.932877	0.360196	0	None	None
ChainingRodShaped	2595	4.03224	0.5	-40.0594	11.7949	0	0.534873	-0.844932	0	None	None
ChainingRodShaped	2597	3.29767	0.5	-22.0599	23.3309	0	-0.943962	-0.330053	0	None	None
ChainingRodShaped	2599	4.37092	0.5	-37.1065	24.5231	0	-0.685354	0.72821	0	None	None
ChainingRodShaped	2601	3.63439	0.5	11.9293	28.4046	0	-0.0761469	0.997097	0	None	None
ChainingRodShaped	4090	2.03366	0.5	12.8496	56.5631	0	-0.750771	-0.660562	0	None	None
ChainingRodShaped	2605	4.07547	0.5	-21.0924	15.08	0	0.771185	-0.636611	0	None	None
ChainingRodShaped	2607	3.9366	0.5	-10.8174	13.2949	0	0.655855	-0.754887	0	None	None
ChainingRodShaped	2609	3.97128	0.5	24.9771	67.3077	0	-0.809283	0.58742	0	None	None
ChainingRodShaped	4088	2.02649	0.5	-27.6387	72.428	0	0.389214	-0.921147	0	None	None
ChainingRodShaped	2613	3.7277	0.5	15.7706	66.62	0	0.589552	-0.80773	0	None	None
ChainingRodShaped	2615	4.48319	0.5	-19.0339	73.9136	0	0.388487	-0.921454	0	None	None
ChainingRodShaped	2617	4.92967	0.5	2.21453	42.8705	0	0.97828	-0.207287	0	None	None
ChainingRodShaped	2619	3.28026	0.5	-21.9006	68.6477	0	0.625954	-0.77986	0	None	None
ChainingRodShaped	2621	3.80599	0.5	33.7047	64.2286	0	-0.667281	0.744806	0	None	None
ChainingRodShaped	2623	3.33242	0.5	-29.4604	51.5999	0	-0.326738	-0.945115	0	None	None
ChainingRodShaped	2625	4.22443	0.5	15.3328	75.3503	0	-0.0072069	-0.999974	0	None	None
ChainingRodShaped	2627	3.87323	0.5	-101.582	55.6269	0	-0.5895	-0.807769	0	3530	2626
ChainingRodShaped	2629	4.25555	0.5	37.5104	40.3164	0	-0.542463	-0.84008	0	None	None
ChainingRodShaped	2631	3.26297	0.5	-9.34867	43.3377	0	-0.291276	-0.956639	0	None	None
ChainingRodShaped	2633	4.6938	0.5	24.0645	38.1599	0	0.374533	-0.927214	0	None	None
ChainingRodShaped	4078	2.04033	0.5	-17.4055	27.8547	0	-0.934119	-0.356961	0	None	None
ChainingRodShaped	2637	4.80937	0.5	-12.6862	5.70265	0	-0.98711	-0.160044	0	None	None
ChainingRodShaped	2639	3.1313	0.5	-30.602	3.89209	0	0.604731	-0.79643	0	None	None
ChainingRodShaped	2641	3.36368	0.5	-25.9943	73.4525	0	0.39577	-0.91835	0	None	None
ChainingRodShaped	2643	3.70123	0.5	-19.3227	56.0541	0	-0.436036	-0.899929	0	None	None
ChainingRodShaped	2645	3.14395	0.5	-28.3043	38.4492	0	-0.690699	0.723142	0	None	None
ChainingRodShaped	2647	4.29435	0.5	-25.2702	40.7282	0	0.220301	-0.975432	0	None	None
ChainingRodShaped	2649	4.75604	0.5	-46.3633	33.9658	0	0.782739	-0.62235	0	None	None
ChainingRodShaped	2651	3.51824	0.5	77.6665	155.361	0	-0.387415	-0.921905	0	2054	2650
ChainingRodShaped	2653	4.1205	0.5	7.32631	81.5497	0	0.202287	-0.979326	0	None	None
ChainingRodShaped	2655	4.3822	0.5	-0.908826	86.772	0	0.967531	0.252751	0	None	None
ChainingRodShaped	2657	4.7957	0.5	-20.8981	46.6227	0	-0.997995	0.0632904	0	None	None
ChainingRodShaped	2659	3.42937	0.5	11.2549	70.5128	0	0.480457	-0.877018	0	None	None
ChainingRodShaped	2661	3.51311	0.5	-24.0517	93.151	0	0.995553	0.0942016	0	1770	2660
ChainingRodShaped	2663	4.92018	0.5	-40.2027	14.6515	0	0.778458	-0.627697	0	None	None
ChainingRodShaped	2665	3.22185	0.5	13.7661	85.563	0	0.92556	-0.378602	0	None	None
ChainingRodShaped	2667	4.62153	0.5	12.0615	12.3904	0	0.538632	-0.842541	0	None	None
ChainingRodShaped	2669	4.17201	0.5	-12.3167	66.8534	0	0.745966	-0.665985	0	None	None
ChainingRodShaped	2671	4.2623	0.5	-44.3856	69.981	0	-0.525386	0.850864	0	None	None
ChainingRodShaped	2673	3.12346	0.5	26.9745	71.4736	0	0.993335	-0.115263	0	None	None
ChainingRodShaped	2675	3.31325	0.5	-34.7656	8.35665	0	0.97574	-0.218934	0	None	None
ChainingRodShaped	4106	2.03813	0.5	-21.0452	72.5743	0	0.159358	-0.987221	0	None	None
ChainingRodShaped	2679	4.12249	0.5	-26.0388	28.71	0	-0.558385	0.829582	0	None	None
ChainingRodShaped	2681	3.05484	0.5	21.7138	10.5294	0	-0.827954	0.560796	0	None	None
ChainingRodShaped	2683	2.75137	0.5	-76.8452	-25.223	0	0.990601	-0.136781	0	3950	2682
ChainingRodShaped	2685	4.43632	0.5	-15.4638	-2.51456	0	-0.634229	0.773145	0	None	None
ChainingRodShaped	2687	4.69511	0.5	-47.5085	52.435	0	-0.998686	-0.0512488	0	None	None
ChainingRodShaped	2689	4.29159	0.5	-34.3696	17.3216	0	-0.924863	0.3803	0	None	None
ChainingRodShaped	2691	4.47069	0.5	-1.77004	55.4987	0	-0.800303	-0.599596	0	None	None
ChainingRodShaped	2693	3.10267	0.5	29.3481	22.483	0	-0.34158	-0.939853	0	None	None
ChainingRodShaped	2695	3.70515	0.5	27.303	129.316	0	-0.914908	0.403662	0	3194	2694
ChainingRodShaped	2697	3.43815	0.5	94.7338	193.564	0	-0.500932	-0.865487	0	2488	2696
ChainingRodShaped	2699	3.00934	0.5	-22.5748	57.4614	0	-0.404705	-0.914447	0	None	None
ChainingRodShaped	2701	4.42269	0.5	36.2484	50.6424	0	-0.612281	-0.790641	0	None	None
ChainingRodShaped	2703	4.89995	0.5	6.22146	7.36661	0	0.555485	-0.831527	0	None	None
ChainingRodShaped	2705	4.08562	0.5	-55.6705	44.9965	0	0.0735141	0.997294	0	None	None
ChainingRodShaped	2707	3.85917	0.5	-21.4775	34.2032	0	-0.120653	-0.992695	0	None	None
ChainingRodShaped	2709	3.60574	0.5	-46.6785	31.608	0	0.748321	-0.663337	0	None	None
ChainingRodShaped	2711	3.71235	0.5	90.6605	186.077	0	-0.45443	-0.890783	0	2696	2710
ChainingRodShaped	2713	4.3932	0.5	-43.1749	15.792	0	0.779662	-0.626201	0	None	None
ChainingRodShaped	2715	3.60242	0.5	25.3586	28.0604	0	0.912437	0.409218	0	None	None
ChainingRodShaped	2717	4.65071	0.5	0.440796	77.3474	0	-0.18519	-0.982703	0	None	None
ChainingRodShaped	2719	4.39958	0.5	6.25178	88.4644	0	0.987678	-0.156498	0	None	None
ChainingRodShaped	2721	4.07396	0.5	-4.49015	60.3282	0	-0.70469	0.709516	0	None	None
ChainingRodShaped	2723	3.99004	0.5	-13.4942	52.7098	0	0.47107	-0.882096	0	None	None
ChainingRodShaped	2725	3.0661	0.5	-23.7441	75.2858	0	-0.227722	-0.973726	0	None	None
ChainingRodShaped	2727	4.24394	0.5	1.84488	21.2045	0	-0.186041	-0.982542	0	None	None
ChainingRodShaped	2729	4.43842	0.5	-0.412896	20.9045	0	-0.729379	-0.68411	0	None	None
ChainingRodShaped	2731	2.73589	0.5	-44.7072	-102.497	0	-0.944971	-0.327153	0	1095	2730
ChainingRodShaped	2733	3.19455	0.5	-22.2075	87.6079	0	-0.959082	0.28313	0	None	None
ChainingRodShaped	2735	4.43316	0.5	-7.36454	72.2775	0	-0.884874	0.46583	0	None	None
ChainingRodShaped	2737	2.96355	0.5	-135.435	-148.696	0	-0.821882	-0.569658	0	1281	2736
ChainingRodShaped	2739	3.03985	0.5	-38.5139	14.5525	0	0.745535	-0.666466	0	None	None
ChainingRodShaped	2741	3.24824	0.5	-34.1036	26.0124	0	0.133531	-0.991045	0	None	None
ChainingRodShaped	2743	4.05563	0.5	-5.43963	34.9762	0	-0.93128	-0.364305	0	None	None
ChainingRodShaped	2745	3.7735	0.5	61.8302	67.5086	0	0.97413	-0.225988	0	2474	2744
ChainingRodShaped	2747	3.04587	0.5	-13.4673	23.2675	0	-0.800284	-0.599621	0	None	None
ChainingRodShaped	2749	3.45716	0.5	-5.72941	46.0674	0	-0.495294	-0.868726	0	None	None
ChainingRodShaped	2751	4.08476	0.5	34.2606	56.9547	0	-0.354096	0.935209	0	None	None
ChainingRodShaped	2753	4.72707	0.5	-15.6782	41.4994	0	-0.992656	0.120975	0	None	None
ChainingRodShaped	2755	4.15708	0.5	-37.6232	67.4605	0	0.672237	-0.740336	0	None	None
ChainingRodShaped	2757	3.48963	0.5	-79.8789	66.1123	0	-0.995805	0.0915027	0	1838	2756
ChainingRodShaped	2759	4.48285	0.5	-1.46804	77.5741	0	-0.0918776	-0.99577	0	None	None
ChainingRodShaped	2761	3.03277	0.5	-16.9143	51.5935	0	0.447537	-0.894266	0	None	None
ChainingRodShaped	2763	3.81204	0.5	-20.7987	49.1647	0	0.968578	-0.248709	0	None	None
ChainingRodShaped	2765	4.35868	0.5	-9.21914	52.2435	0	0.47436	-0.880331	0	None	None
ChainingRodShaped	2767	4.54236	0.5	12.6595	60.1877	0	-0.663772	-0.747935	0	None	None
ChainingRodShaped	2769	3.42244	0.5	-9.72428	59.3767	0	-0.35113	-0.936327	0	None	None
ChainingRodShaped	2771	3.57242	0.5	-34.0076	68.261	0	0.61204	-0.790827	0	None	None
ChainingRodShaped	2773	4.13915	0.5	14.893	44.177	0	0.358109	-0.93368	0	None	None
ChainingRodShaped	2775	3.12685	0.5	-7.52107	80.0217	0	0.599305	-0.800521	0	None	None
ChainingRodShaped	2777	3.03686	0.5	3.6081	6.15251	0	0.358561	-0.933506	0	None	None
ChainingRodShaped	2779	3.79481	0.5	-13.8788	34.3989	0	-0.869271	-0.494335	0	None	None
ChainingRodShaped	2781	3.38945	0.5	-33.5556	13.0626	0	0.943175	-0.332296	0	None	None
ChainingRodShaped	2783	3.36487	0.5	74.0877	147.775	0	-0.472709	-0.881219	0	2650	2782
ChainingRodShaped	2785	4.58657	0.5	7.60653	73.0758	0	-0.143183	-0.989696	0	None	None
ChainingRodShaped	2787	3.07436	0.5	23.4503	59.4988	0	0.684077	-0.72941	0	None	None
ChainingRodShaped	2789	3.72512	0.5	-39.2932	20.1118	0	-0.754626	0.656155	0	None	None
ChainingRodShaped	2791	4.39178	0.5	-13.1678	83.2409	0	0.371468	-0.928446	0	None	None
ChainingRodShaped	2793	4.56591	0.5	26.2852	69.8653	0	-0.81144	0.584435	0	None	None
ChainingRodShaped	2795	4.57243	0.5	29.5844	59.4921	0	0.602564	-0.798071	0	None	None
ChainingRodShaped	2797	3.72014	0.5	31.8978	31.8619	0	0.980794	-0.195046	0	None	None
ChainingRodShaped	2799	3.40293	0.5	-34.9689	78.0459	0	0.291494	-0.956573	0	None	None
ChainingRodShaped	2801	3.43024	0.5	-35.173	56.2599	0	-1	-0.000479603	0	None	None
ChainingRodShaped	2803	3.23667	0.5	-23.0558	24.8281	0	-0.937164	-0.34889	0	None	None
ChainingRodShaped	2805	3.48278	0.5	-19.8894	-18.8227	0	-0.631447	0.775419	0	1618	2804
ChainingRodShaped	2807	4.33734	0.5	29.0569	61.765	0	-0.755923	0.65466	0	None	None
ChainingRodShaped	2809	3.89179	0.5	-3.92115	31.7994	0	-0.714458	-0.699678	0	None	None
ChainingRodShaped	2811	3.29582	0.5	14.4095	49.1617	0	0.566368	-0.824152	0	None	None
ChainingRodShaped	2813	4.60661	0.5	-38.0971	75.1043	0	0.303734	-0.952757	0	None	None
ChainingRodShaped	2815	4.67612	0.5	6.52635	11.8403	0	0.201936	-0.979399	0	None	None
ChainingRodShaped	2817	3.06851	0.5	-14.8782	42.2791	0	-0.993817	0.111031	0	None	None
ChainingRodShaped	2819	4.01204	0.5	15.3091	16.9975	0	-0.911238	0.411879	0	None	None
ChainingRodShaped	2821	3.38443	0.5	-21.3862	39.9077	0	0.253425	-0.967355	0	None	None
ChainingRodShaped	2823	3.62024	0.5	-26.9595	73.2881	0	0.398021	-0.917376	0	None	None
ChainingRodShaped	2825	3.31453	0.5	-37.8333	78.0492	0	0.197299	-0.980343	0	None	None
ChainingRodShaped	2827	3.76058	0.5	-4.04896	39.5638	0	0.995056	-0.0993181	0	None	None
ChainingRodShaped	2829	4.10867	0.5	22.9745	57.1723	0	0.243794	-0.969827	0	None	None
ChainingRodShaped	2831	4.56857	0.5	-17.5478	49.9384	0	0.884233	-0.467047	0	None	None
ChainingRodShaped	2833	3.83564	0.5	-16.2137	0.980264	0	0.897666	-0.440676	0	None	None
ChainingRodShaped	2835	3.01133	0.5	-40.6241	17.4738	0	0.770338	-0.637635	0	None	None
ChainingRodShaped	2837	4.1072	0.5	37.2574	46.6489	0	-0.401445	-0.915883	0	None	None
ChainingRodShaped	2839	3.32525	0.5	-36.5534	42.4296	0	-0.953146	0.30251	0	None	None
ChainingRodShaped	2841	3.14017	0.5	4.62437	56.9203	0	-0.867641	-0.497191	0	None	None
ChainingRodShaped	2843	3.50266	0.5	12.5186	70.0842	0	0.485402	-0.874291	0	None	None
ChainingRodShaped	2845	3.78721	0.5	86.5	177.331	0	-0.405405	-0.914137	0	2710	2844
ChainingRodShaped	2847	4.25023	0.5	-12.3695	83.7214	0	0.363956	-0.931416	0	None	None
ChainingRodShaped	2849	3.1041	0.5	9.79499	62.3023	0	-0.141287	-0.989969	0	None	None
ChainingRodShaped	2851	3.16341	0.5	19.2081	29.854	0	-0.178297	-0.983977	0	None	None
ChainingRodShaped	2853	4.33361	0.5	-4.996	-4.85229	0	-0.90442	0.426644	0	None	None
ChainingRodShaped	2855	3.07044	0.5	17.539	20.0658	0	0.926759	-0.375657	0	None	None
ChainingRodShaped	2857	3.68991	0.5	-31.8182	80.0688	0	-0.999428	-0.033822	0	None	None
ChainingRodShaped	2859	3.86737	0.5	17.337	86.6135	0	-0.982452	0.186514	0	None	None
ChainingRodShaped	2861	4.43486	0.5	-9.90432	23.6819	0	-0.791037	-0.611768	0	None	None
ChainingRodShaped	2863	3.64282	0.5	-35.7944	19.5459	0	-0.756086	0.654472	0	None	None
ChainingRodShaped	2865	2.89029	0.5	-44.1514	55.3585	0	-0.999938	0.0111102	0	None	None
ChainingRodShaped	2867	2.97811	0.5	-111.589	27.1463	0	-0.122778	-0.992434	0	2026	2866
ChainingRodShaped	2869	2.95617	0.5	-8.23301	17.2001	0	0.973327	-0.229423	0	None	None
ChainingRodShaped	2871	3.84126	0.5	0.621516	35.5233	0	-0.984543	-0.175144	0	None	None
ChainingRodShaped	2873	3.48462	0.5	-43.9264	45.8696	0	-0.903268	-0.429077	0	None	None
ChainingRodShaped	2875	4.50148	0.5	-35.6238	30.2929	0	0.664083	-0.747659	0	None	None
ChainingRodShaped	2877	4.49455	0.5	-30.5192	26.8131	0	0.128377	-0.991725	0	None	None
ChainingRodShaped	2879	4.46747	0.5	-16.3751	82.845	0	-0.823146	0.567829	0	None	None
ChainingRodShaped	2881	2.87445	0.5	6.44494	19.5664	0	-0.0638854	-0.997957	0	None	None
ChainingRodShaped	2883	3.81152	0.5	-33.3668	84.0447	0	-0.997818	0.0660275	0	None	None
ChainingRodShaped	2885	4.15244	0.5	31.7467	27.6765	0	-0.698767	-0.715349	0	None	None
ChainingRodShaped	2887	3.50445	0.5	9.79737	82.3701	0	-0.987747	0.156064	0	None	None
ChainingRodShaped	2889	3.32884	0.5	-44.0431	26.2837	0	-0.999797	0.0201448	0	None	None
ChainingRodShaped	2891	4.42178	0.5	-11.4601	23.6408	0	-0.795743	-0.605635	0	None	None
ChainingRodShaped	2893	3.66133	0.5	15.62	14.7608	0	-0.910616	0.413254	0	None	None
ChainingRodShaped	2895	3.87494	0.5	-1.38705	15.3728	0	-0.398756	-0.917057	0	None	None
ChainingRodShaped	2897	3.24726	0.5	41.0153	-43.782	0	-0.949135	-0.314871	0	3864	2896
ChainingRodShaped	2899	2.9718	0.5	-0.453853	48.6319	0	-0.443228	-0.896409	0	None	None
ChainingRodShaped	2901	3.73915	0.5	-36.1499	67.2414	0	0.679606	-0.733577	0	None	None
ChainingRodShaped	2903	3.12787	0.5	-21.1171	63.2678	0	0.0544002	-0.998519	0	None	None
ChainingRodShaped	2905	3.3009	0.5	24.7056	79.7403	0	0.405613	-0.914045	0	None	None
ChainingRodShaped	2907	2.85395	0.5	51.9997	127.803	0	-0.945129	-0.326699	0	1998	2906
ChainingRodShaped	2909	3.07048	0.5	21.2601	68.5154	0	0.529849	-0.848092	0	None	None
ChainingRodShaped	2911	3.1972	0.5	-48.789	50.7949	0	-0.894781	-0.446505	0	None	None
ChainingRodShaped	2913	3.26379	0.5	-26.4336	32.2627	0	-0.613183	0.789941	0	None	None
ChainingRodShaped	2915	3.02232	0.5	-29.5057	10.5622	0	0.996663	-0.0816223	0	None	None
ChainingRodShaped	2917	4.03409	0.5	-31.6804	50.6813	0	-0.216257	-0.976336	0	None	None
ChainingRodShaped	2919	3.15191	0.5	14.7657	84.1105	0	0.954232	-0.299069	0	None	None
ChainingRodShaped	2921	4.29321	0.5	-36.9642	21.831	0	-0.728504	0.685041	0	None	None
ChainingRodShaped	2923	2.84394	0.5	27.7902	50.7025	0	0.0802655	-0.996774	0	None	None
ChainingRodShaped	2925	3.09671	0.5	-4.36993	6.19699	0	-0.232061	-0.972701	0	None	None
ChainingRodShaped	2927	2.83418	0.5	-19.5834	45.6172	0	-0.993842	0.110804	0	None	None
ChainingRodShaped	2929	3.97968	0.5	-49.3005	57.1934	0	0.998415	0.0562805	0	None	None
ChainingRodShaped	2931	3.89798	0.5	-21.829	79.911	0	0.0567331	-0.998389	0	None	None
ChainingRodShaped	2933	3.69379	0.5	-49.5733	22.4284	0	0.0487383	-0.998812	0	None	None
ChainingRodShaped	2935	3.67239	0.5	-28.313	37.1989	0	-0.697865	0.71623	0	None	None
ChainingRodShaped	2937	3.47044	0.5	-43.4716	25.3235	0	-0.999689	0.0249208	0	None	None
ChainingRodShaped	2939	4.28445	0.5	-4.94293	67.1425	0	-0.926762	0.37565	0	None	None
ChainingRodShaped	2941	3.52724	0.5	-48.9246	49.6709	0	-0.891324	-0.453367	0	None	None
ChainingRodShaped	2943	3.04345	0.5	-1.37038	1.90353	0	-0.133103	-0.991102	0	None	None
ChainingRodShaped	2945	3.1185	0.5	4.94741	54.0451	0	-0.862626	-0.505843	0	None	None
ChainingRodShaped	2947	3.21848	0.5	-45.2163	41.8689	0	0.753115	-0.657889	0	None	None
ChainingRodShaped	2949	3.27291	0.5	-1.10876	13.7963	0	-0.389538	-0.92101	0	None	None
ChainingRodShaped	2951	4.33949	0.5	9.18157	70.5813	0	-0.112021	-0.993706	0	None	None
ChainingRodShaped	2953	3.95104	0.5	-44.3131	58.1832	0	0.999792	-0.020415	0	None	None
ChainingRodShaped	2955	2.95176	0.5	-50.1736	19.7671	0	-0.45705	0.889441	0	3336	2954
ChainingRodShaped	2957	3.21306	0.5	-8.92518	71.2724	0	-0.999479	0.0322731	0	None	None
ChainingRodShaped	2959	3.11742	0.5	-25.3953	-92.6149	0	-0.787304	-0.616564	0	2338	2958
ChainingRodShaped	2961	2.81348	0.5	-7.67095	65.0893	0	0.384042	-0.923316	0	None	None
ChainingRodShaped	2963	3.18659	0.5	-23.1136	66.4629	0	0.749563	-0.661933	0	None	None
ChainingRodShaped	2965	2.84106	0.5	9.39389	78.4338	0	0.482893	-0.87568	0	None	None
ChainingRodShaped	2967	3.27869	0.5	-17.5382	55.7171	0	-0.448454	-0.893806	0	None	None
ChainingRodShaped	2969	3.94804	0.5	19.4285	39.7516	0	0.353926	-0.935273	0	None	None
ChainingRodShaped	2971	3.06851	0.5	27.9949	72.322	0	0.993323	-0.115365	0	None	None
ChainingRodShaped	2973	3.71488	0.5	-36.0971	38.3369	0	-0.813922	0.580975	0	None	None
ChainingRodShaped	2975	2.8086	0.5	-13.8267	37.3913	0	-0.883712	-0.468031	0	None	None
ChainingRodShaped	2977	3.21992	0.5	4.46996	80.8477	0	0.0760936	-0.997101	0	None	None
ChainingRodShaped	2979	3.11502	0.5	-9.72735	-4.34739	0	0.944862	0.32747	0	None	None
ChainingRodShaped	2981	2.91745	0.5	30.2596	74.0914	0	0.754575	-0.656214	0	None	None
ChainingRodShaped	2983	4.09958	0.5	-18.2987	49.3874	0	0.888853	-0.458192	0	None	None
ChainingRodShaped	2985	2.62333	0.5	-47.3169	97.4782	0	0.777559	-0.62881	0	3276	2984
ChainingRodShaped	2987	3.99909	0.5	-55.6375	53.3656	0	0.505235	-0.862982	0	None	None
ChainingRodShaped	2989	3.41363	0.5	-32.5359	36.4126	0	-0.695274	0.718745	0	None	None
ChainingRodShaped	2991	2.8045	0.5	-11.0028	82.7634	0	0.358277	-0.933615	0	None	None
ChainingRodShaped	2993	2.79093	0.5	-39.0776	51.9213	0	-0.934638	-0.355602	0	None	None
ChainingRodShaped	2995	2.99344	0.5	-32.6506	55.7736	0	-0.467895	-0.883784	0	None	None
ChainingRodShaped	2997	2.93472	0.5	-37.4947	6.83232	0	0.539087	-0.84225	0	None	None
ChainingRodShaped	2999	3.63866	0.5	-10.2691	43.2594	0	-0.288575	-0.957457	0	None	None
ChainingRodShaped	3001	4.1983	0.5	-33.8485	3.3575	0	0.590561	-0.806993	0	None	None
ChainingRodShaped	3003	4.2082	0.5	-7.08322	76.1696	0	0.895786	-0.444486	0	None	None
ChainingRodShaped	3005	4.02918	0.5	-13.6305	32.4791	0	-0.864143	-0.503247	0	None	None
ChainingRodShaped	3007	4.0975	0.5	23.734	15.4922	0	-0.991489	0.13019	0	None	None
ChainingRodShaped	3009	4.05421	0.5	-36.1571	50.1562	0	-0.517363	-0.855766	0	None	None
ChainingRodShaped	3011	3.82157	0.5	-6.33057	41.5091	0	0.31659	0.948562	0	None	None
ChainingRodShaped	3013	2.908	0.5	-4.30084	57.0235	0	-0.276802	-0.960927	0	None	None
ChainingRodShaped	3015	3.0863	0.5	-22.1314	73.7691	0	-0.237479	-0.971393	0	None	None
ChainingRodShaped	3017	3.18055	0.5	-103.989	-8.63147	0	0.566035	-0.824381	0	3636	3016
ChainingRodShaped	3019	3.98634	0.5	-17.5954	16.6228	0	0.795959	-0.605351	0	None	None
ChainingRodShaped	3021	3.85592	0.5	11.9298	47.8176	0	0.551684	-0.834053	0	None	None
ChainingRodShaped	3023	2.76936	0.5	-2.42528	51.6887	0	-0.785425	-0.618957	0	None	None
ChainingRodShaped	3025	4.0299	0.5	-3.72457	40.4088	0	0.994373	-0.105933	0	None	None
ChainingRodShaped	3027	2.89653	0.5	17.1214	72.9541	0	0.58356	-0.81207	0	None	None
ChainingRodShaped	3029	3.23269	0.5	4.20598	48.4627	0	-0.686222	-0.727392	0	None	None
ChainingRodShaped	3031	2.74021	0.5	8.26614	-0.385425	0	-0.994923	-0.100642	0	None	None
ChainingRodShaped	3033	2.88185	0.5	1.56316	23.9101	0	-0.76012	-0.649783	0	None	None
ChainingRodShaped	3035	3.32114	0.5	-46.5831	40.5578	0	0.742411	-0.669944	0	None	None
ChainingRodShaped	3037	3.31464	0.5	5.84866	34.6842	0	-0.851125	-0.524962	0	None	None
ChainingRodShaped	3039	2.96764	0.5	-25.7202	46.8758	0	-0.998561	0.0536268	0	None	None
ChainingRodShaped	3041	4.12966	0.5	-45.873	22.796	0	0.406513	-0.913645	0	None	None
ChainingRodShaped	3043	3.64821	0.5	-39.6992	74.1329	0	-0.171073	-0.985258	0	None	None
ChainingRodShaped	3045	3.7765	0.5	14.3967	77.2634	0	-0.0559423	-0.998434	0	None	None
ChainingRodShaped	3047	3.47278	0.5	-21.2134	77.2919	0	-0.667148	-0.744925	0	None	None
ChainingRodShaped	3049	3.53335	0.5	-49.2706	31.3343	0	0.751187	-0.660089	0	None	None
ChainingRodShaped	3051	3.32946	0.5	-17.7805	30.5296	0	0.927015	0.375023	0	None	None
ChainingRodShaped	3053	3.40767	0.5	-19.6983	44.7488	0	-0.992688	0.120705	0	None	None
ChainingRodShaped	3055	3.70637	0.5	-9.37252	85.5972	0	0.937023	0.349268	0	None	None
ChainingRodShaped	3057	3.1884	0.5	0.602889	11.6464	0	-0.633662	-0.77361	0	None	None
ChainingRodShaped	3059	4.03221	0.5	21.33	52.048	0	-0.790624	-0.612302	0	None	None
ChainingRodShaped	3061	3.99034	0.5	21.9983	54.2241	0	0.999999	-0.00169746	0	None	None
ChainingRodShaped	3063	4.09635	0.5	-38.1775	20.3852	0	-0.749505	0.661999	0	None	None
ChainingRodShaped	3065	2.84029	0.5	-29.4414	37.0923	0	-0.690641	0.723198	0	None	None
ChainingRodShaped	3067	3.30229	0.5	25.7339	62.3341	0	0.422672	-0.906283	0	None	None
ChainingRodShaped	3069	3.70944	0.5	27.0929	78.5267	0	0.726056	-0.687636	0	None	None
ChainingRodShaped	3071	2.97818	0.5	-23.5268	31.8766	0	-0.114463	-0.993427	0	None	None
ChainingRodShaped	3073	3.79293	0.5	-15.4793	38.7839	0	-0.990546	0.137181	0	None	None
ChainingRodShaped	3075	3.02534	0.5	-16.7782	10.6206	0	0.930845	-0.365415	0	None	None
ChainingRodShaped	3077	3.04109	0.5	-31.3522	26.2286	0	0.128993	-0.991646	0	None	None
ChainingRodShaped	3079	3.51995	0.5	11.6063	14.8781	0	0.7415	-0.670953	0	None	None
ChainingRodShaped	3081	3.13747	0.5	-21.818	18.2377	0	0.717234	-0.696832	0	None	None
ChainingRodShaped	3083	3.47618	0.5	-14.108	62.5628	0	-0.675804	-0.737082	0	None	None
ChainingRodShaped	3085	3.27141	0.5	33.5002	53.409	0	-0.34147	0.939893	0	None	None
ChainingRodShaped	3087	2.73042	0.5	-39.3992	27.0893	0	-0.999882	0.0153822	0	None	None
ChainingRodShaped	3089	3.2328	0.5	-40.6598	82.3603	0	0.181681	-0.983358	0	None	None
ChainingRodShaped	3091	3.5659	0.5	-41.1473	79.4974	0	0.175584	-0.984464	0	None	None
ChainingRodShaped	3093	2.88791	0.5	4.04409	89.7677	0	-0.990382	0.138363	0	None	None
ChainingRodShaped	3095	3.54804	0.5	-35.6642	55.3568	0	-0.999945	-0.0104496	0	None	None
ChainingRodShaped	3097	2.84027	0.5	3.44854	57.299	0	-0.869462	-0.494	0	None	None
ChainingRodShaped	3099	3.44297	0.5	-5.65763	37.1799	0	-0.98657	-0.16334	0	None	None
ChainingRodShaped	3101	3.54701	0.5	-2.73338	52.543	0	-0.791571	-0.611077	0	None	None
ChainingRodShaped	3103	2.91172	0.5	-51.2202	25.1493	0	-0.407442	0.913231	0	None	None
ChainingRodShaped	3105	3.24939	0.5	-16.5037	68.0085	0	0.796402	-0.604767	0	None	None
ChainingRodShaped	3107	3.54274	0.5	19.1743	66.5027	0	0.525613	-0.850724	0	None	None
ChainingRodShaped	3109	3.35636	0.5	-5.09703	57.5176	0	-0.286406	-0.958108	0	None	None
ChainingRodShaped	3111	3.1572	0.5	-15.7306	1.79038	0	0.897934	-0.44013	0	None	None
ChainingRodShaped	3113	3.08054	0.5	18.0601	62.9397	0	0.455887	-0.890038	0	None	None
ChainingRodShaped	3115	3.57096	0.5	-13.314	17.4735	0	0.7028	-0.711387	0	None	None
ChainingRodShaped	3117	3.53415	0.5	-21.952	24.3006	0	-0.940614	-0.339477	0	None	None
ChainingRodShaped	3119	2.76998	0.5	22.9014	34.3398	0	-0.175886	-0.984411	0	None	None
ChainingRodShaped	3121	3.33502	0.5	-21.5012	55.4117	0	-0.406145	-0.913809	0	None	None
ChainingRodShaped	3123	3.76151	0.5	22.394	45.0759	0	0.365858	-0.930671	0	None	None
ChainingRodShaped	3125	3.75398	0.5	1.08476	65.536	0	-0.895305	0.445454	0	None	None
ChainingRodShaped	3127	3.83992	0.5	16.4798	34.9767	0	-0.216696	-0.976239	0	None	None
ChainingRodShaped	3129	3.29358	0.5	20.8922	76.2844	0	-0.506497	0.862242	0	None	None
ChainingRodShaped	3131	3.41246	0.5	-23.8881	-1.12411	0	0.981161	0.193192	0	None	None
ChainingRodShaped	3133	3.91453	0.5	-25.9919	30.199	0	-0.583983	0.811766	0	None	None
ChainingRodShaped	3135	3.83011	0.5	4.8364	54.9817	0	-0.857525	-0.514442	0	None	None
ChainingRodShaped	3137	2.98642	0.5	-54.2759	34.9372	0	0.574637	-0.818408	0	None	None
ChainingRodShaped	3139	3.71583	0.5	14.2109	52.7288	0	0.561532	-0.827455	0	None	None
ChainingRodShaped	3141	2.68509	0.5	22.926	71.1774	0	-0.783907	0.620878	0	None	None
ChainingRodShaped	3143	3.45317	0.5	-34.969	25.5416	0	0.130196	-0.991488	0	None	None
ChainingRodShaped	3145	3.62573	0.5	-38.028	30.2193	0	0.63736	-0.770566	0	None	None
ChainingRodShaped	3147	3.35619	0.5	5.2291	75.8753	0	-0.13087	-0.9914	0	None	None
ChainingRodShaped	3149	3.83592	0.5	31.7475	52.5399	0	0.308433	-0.951246	0	None	None
ChainingRodShaped	3151	2.50046	0.5	53.4773	-37.393	0	-0.822905	-0.568178	0	3920	3150
ChainingRodShaped	3153	3.41219	0.5	12.2433	82.8612	0	0.958499	-0.285095	0	None	None
ChainingRodShaped	3155	2.75432	0.5	10.2259	22.2569	0	-0.25758	0.966257	0	None	None
ChainingRodShaped	3157	2.74431	0.5	35.3789	56.7848	0	0.354415	-0.935088	0	None	None
ChainingRodShaped	3159	2.94263	0.5	20.8376	46.5929	0	0.321768	-0.946819	0	None	None
ChainingRodShaped	3161	3.33313	0.5	-6.72838	28.4933	0	-0.799675	-0.600433	0	None	None
ChainingRodShaped	3163	3.80261	0.5	-20.918	6.92268	0	-0.999775	-0.0212053	0	None	None
ChainingRodShaped	3165	3.18445	0.5	-13.1433	7.49164	0	-0.989155	-0.146879	0	None	None
ChainingRodShaped	3167	3.16826	0.5	-9.97726	2.65721	0	-0.0590205	-0.998257	0	None	None
ChainingRodShaped	3169	3.29756	0.5	-32.5442	-97.2787	0	-0.878222	-0.478254	0	2958	3168
ChainingRodShaped	3171	3.02329	0.5	-48.6938	-26.5003	0	0.997904	-0.0647189	0	2330	3170
ChainingRodShaped	3173	2.75456	0.5	-39.6554	41.829	0	-0.830695	0.556728	0	None	None
ChainingRodShaped	3175	3.33742	0.5	1.01304	83.3431	0	-0.96001	-0.279965	0	None	None
ChainingRodShaped	3177	3.82973	0.5	-57.0214	47.1275	0	-0.241358	0.970436	0	None	None
ChainingRodShaped	3179	3.60723	0.5	21.3583	82.7202	0	0.526274	-0.850315	0	None	None
ChainingRodShaped	3181	2.84933	0.5	-39.0532	37.0653	0	0.657636	-0.753336	0	None	None
ChainingRodShaped	3183	3.44555	0.5	-38.2576	82.4335	0	0.898284	-0.439414	0	None	None
ChainingRodShaped	3185	3.13896	0.5	-11.7205	-74.8723	0	-0.344275	-0.938869	0	2264	3184
ChainingRodShaped	3187	3.70395	0.5	-36.3527	32.5193	0	0.660352	-0.750957	0	None	None
ChainingRodShaped	3189	3.04249	0.5	-12.2441	17.6497	0	0.695639	-0.718392	0	None	None
ChainingRodShaped	3191	2.74087	0.5	19.0703	63.0021	0	0.451485	-0.892279	0	None	None
ChainingRodShaped	3193	3.45413	0.5	-9.22948	-5.21402	0	-0.946711	-0.322083	0	None	None
ChainingRodShaped	3195	2.74614	0.5	34.909	126.787	0	-0.978964	0.204034	0	2304	3194
ChainingRodShaped	3197	2.90747	0.5	7.73854	15.1503	0	0.212451	-0.977172	0	None	None
ChainingRodShaped	3199	2.87236	0.5	14.3675	1.98591	0	-0.721868	-0.692031	0	None	None
ChainingRodShaped	3201	2.66115	0.5	-18.763	66.3116	0	0.79128	-0.611454	0	None	None
ChainingRodShaped	3203	2.92812	0.5	-27.0652	68.7349	0	0.756119	-0.654435	0	None	None
ChainingRodShaped	3205	3.01675	0.5	28.595	33.6448	0	0.87531	0.483563	0	None	None
ChainingRodShaped	3207	2.72593	0.5	3.97441	40.2079	0	0.0541389	-0.998533	0	None	None
ChainingRodShaped	3209	2.6954	0.5	26.0167	22.0082	0	-0.931385	-0.364036	0	None	None
ChainingRodShaped	3211	3.23185	0.5	-30.591	81.0398	0	-0.999716	-0.0238142	0	None	None
ChainingRodShaped	3213	2.93152	0.5	-3.50531	5.84533	0	-0.23342	-0.972376	0	None	None
ChainingRodShaped	3215	3.70495	0.5	-39.9284	18.1354	0	-0.763924	0.645307	0	None	None
ChainingRodShaped	3217	3.63606	0.5	3.70409	46.6261	0	-0.693464	-0.720491	0	None	None
ChainingRodShaped	3219	3.06042	0.5	-32.3965	51.5651	0	-0.222256	-0.974988	0	None	None
ChainingRodShaped	3221	2.97402	0.5	2.83756	27.3453	0	-0.750257	-0.661147	0	None	None
ChainingRodShaped	3223	3.72647	0.5	-10.5025	-3.58637	0	0.943054	0.332638	0	None	None
ChainingRodShaped	3225	3.73169	0.5	-36.8213	77.8965	0	0.196022	-0.9806	0	None	None
ChainingRodShaped	3227	3.21469	0.5	0.755781	32.4879	0	-0.764317	-0.64484	0	None	None
ChainingRodShaped	3229	2.83761	0.5	24.0123	82.7077	0	0.687657	-0.726036	0	None	None
ChainingRodShaped	3231	3.41781	0.5	-18.4563	55.8343	0	-0.439529	-0.898228	0	None	None
ChainingRodShaped	3233	3.31652	0.5	0.112298	4.60701	0	-0.238352	-0.971179	0	None	None
ChainingRodShaped	3235	3.23567	0.5	-23.87	35.6249	0	-0.111002	-0.99382	0	None	None
ChainingRodShaped	3237	2.8042	0.5	-25.6177	47.7272	0	-0.999044	0.0437216	0	None	None
ChainingRodShaped	3239	3.13086	0.5	-16.0807	68.8109	0	0.800841	-0.598876	0	None	None
ChainingRodShaped	3241	3.18767	0.5	7.26475	63.9601	0	-0.067455	-0.997722	0	None	None
ChainingRodShaped	3243	3.43717	0.5	-34.8489	58.9943	0	0.999898	-0.0143106	0	None	None
ChainingRodShaped	3245	3.60062	0.5	-26.7381	43.3985	0	0.187154	-0.982331	0	None	None
ChainingRodShaped	3247	2.75652	0.5	-33.2927	10.9054	0	0.96611	-0.258131	0	None	None
ChainingRodShaped	3249	3.21448	0.5	0.197216	47.9783	0	-0.452175	-0.891929	0	None	None
ChainingRodShaped	3251	3.04596	0.5	-0.727905	-0.349635	0	-0.228584	-0.973524	0	None	None
ChainingRodShaped	3253	3.19467	0.5	13.8459	80.3879	0	-0.961496	0.274821	0	None	None
ChainingRodShaped	3255	2.69848	0.5	15.6493	52.1663	0	0.569804	-0.821781	0	None	None
ChainingRodShaped	3257	2.73338	0.5	-42.2231	7.64158	0	-0.62211	0.78293	0	4082	3256
ChainingRodShaped	3259	2.91114	0.5	7.76476	87.2428	0	0.982967	-0.183784	0	None	None
ChainingRodShaped	3261	3.61427	0.5	-29.1696	19.797	0	0.918039	0.39649	0	None	None
ChainingRodShaped	3263	3.0013	0.5	-12.6677	10.9153	0	0.647833	-0.761782	0	None	None
ChainingRodShaped	3265	2.81444	0.5	12.2876	54.7951	0	-0.720522	-0.693432	0	None	None
ChainingRodShaped	3267	3.14913	0.5	24.0519	56.5075	0	0.253514	-0.967332	0	None	None
ChainingRodShaped	3269	3.31541	0.5	-1.49724	68.6986	0	-0.925655	0.378369	0	None	None
ChainingRodShaped	3271	2.95664	0.5	-17.981	82.8109	0	-0.817426	0.576034	0	None	None
ChainingRodShaped	3273	3.02012	0.5	17.7183	36.3318	0	-0.21357	-0.976928	0	None	None
ChainingRodShaped	3275	3.57707	0.5	-3.34272	53.2022	0	-0.79426	-0.607577	0	None	None
ChainingRodShaped	3277	3.02597	0.5	-52.1874	103.417	0	0.471765	-0.881724	0	3280	3276
ChainingRodShaped	3279	3.42161	0.5	-50.0369	65.891	0	0.0525704	-0.998617	0	None	None
ChainingRodShaped	3281	2.64764	0.5	-54.32	110.355	0	0.098429	-0.995144	0	1954	3280
ChainingRodShaped	3283	2.53957	0.5	22.4572	82.8148	0	0.532544	-0.846402	0	None	None
ChainingRodShaped	3285	3.47612	0.5	-11.1149	19.7359	0	-0.094785	-0.995498	0	None	None
ChainingRodShaped	3287	3.50726	0.5	-12.9681	62.4723	0	-0.67941	-0.733759	0	None	None
ChainingRodShaped	3289	3.04184	0.5	-47.7172	39.0675	0	0.74555	-0.66645	0	None	None
ChainingRodShaped	3291	2.59535	0.5	-34.3707	7.28161	0	0.976539	-0.215341	0	None	None
ChainingRodShaped	3293	2.89286	0.5	19.8101	88.1482	0	0.888118	-0.459616	0	4008	3292
ChainingRodShaped	3295	2.82004	0.5	-1.04048	49.4326	0	-0.434278	-0.900779	0	None	None
ChainingRodShaped	3297	2.73114	0.5	-48.2148	68.3971	0	0.529737	-0.848162	0	None	None
ChainingRodShaped	3299	3.43436	0.5	-42.4532	69.2152	0	-0.149313	0.98879	0	None	None
ChainingRodShaped	3301	2.92233	0.5	-0.633332	76.3332	0	-0.175339	-0.984508	0	None	None
ChainingRodShaped	3303	3.03571	0.5	10.0132	45.9007	0	0.559968	-0.828515	0	None	None
ChainingRodShaped	3305	2.60079	0.5	-2.63324	62.2184	0	-0.997751	0.0670316	0	None	None
ChainingRodShaped	3307	3.28878	0.5	29.7429	50.5597	0	0.0752059	-0.997168	0	None	None
ChainingRodShaped	3309	2.62679	0.5	88.1146	57.0193	0	0.72263	-0.691235	0	3442	3308
ChainingRodShaped	3311	2.94671	0.5	-17.0896	61.9327	0	-0.692004	-0.721893	0	None	None
ChainingRodShaped	3313	2.97631	0.5	-6.99742	22.4304	0	-0.791055	-0.611745	0	None	None
ChainingRodShaped	3315	2.62169	0.5	4.11055	62.0358	0	-0.86686	0.498552	0	None	None
ChainingRodShaped	3317	3.09687	0.5	6.28703	40.2147	0	0.850303	0.526294	0	None	None
ChainingRodShaped	3319	3.35001	0.5	-3.66788	41.2162	0	0.993268	-0.115835	0	None	None
ChainingRodShaped	3321	2.67029	0.5	27.946	28.1125	0	0.932762	0.360492	0	None	None
ChainingRodShaped	3323	2.50013	0.5	27.9875	79.0379	0	0.72672	-0.686934	0	None	None
ChainingRodShaped	3325	2.8618	0.5	30.6324	51.7058	0	0.0727214	-0.997352	0	None	None
ChainingRodShaped	3327	3.04414	0.5	9.3643	54.286	0	-0.651034	-0.759049	0	None	None
ChainingRodShaped	3329	2.71908	0.5	31.587	63.4553	0	-0.779566	0.62632	0	None	None
ChainingRodShaped	3331	3.2545	0.5	23.198	14.597	0	-0.991006	0.133818	0	None	None
ChainingRodShaped	3333	3.39897	0.5	-11.4914	-7.17102	0	-0.999965	0.0084037	0	None	None
ChainingRodShaped	3335	3.19621	0.5	-26.0845	63.2822	0	0.313871	-0.949466	0	None	None
ChainingRodShaped	3337	2.55599	0.5	-46.3708	13.2953	0	-0.554928	0.831898	0	3256	3336
ChainingRodShaped	3339	3.09732	0.5	-42.9462	41.4453	0	0.865419	-0.501048	0	None	None
ChainingRodShaped	3341	3.12119	0.5	10.8202	35.7482	0	-0.821892	-0.569644	0	None	None
ChainingRodShaped	3343	2.63864	0.5	-3.43704	55.3941	0	-0.799775	-0.600299	0	None	None
ChainingRodShaped	3345	2.54716	0.5	-53.298	26.8301	0	-0.348873	0.93717	0	2954	3344
ChainingRodShaped	3347	2.88401	0.5	1.41757	10.3086	0	-0.289054	-0.957313	0	None	None
ChainingRodShaped	3349	2.912	0.5	4.9419	83.948	0	0.216506	-0.976281	0	None	None
ChainingRodShaped	3351	3.3161	0.5	-39.1909	9.12975	0	0.996413	-0.0846245	0	None	None
ChainingRodShaped	3353	2.6183	0.5	-47.5036	40.1334	0	0.744487	-0.667637	0	None	None
ChainingRodShaped	3355	2.7567	0.5	-27.4293	12.2656	0	0.156693	-0.987647	0	None	None
ChainingRodShaped	3357	2.96477	0.5	-35.9968	37.1409	0	0.814301	-0.580443	0	None	None
ChainingRodShaped	3359	3.21863	0.5	16.3391	52.6946	0	0.578003	-0.816034	0	None	None
ChainingRodShaped	3361	3.13067	0.5	18.1411	57.2957	0	-0.857362	-0.514715	0	None	None
ChainingRodShaped	3363	2.81468	0.5	29.3086	40.4212	0	-0.919727	-0.392558	0	None	None
ChainingRodShaped	3365	2.88431	0.5	21.8169	65.7044	0	0.482774	-0.875745	0	None	None
ChainingRodShaped	3367	2.86903	0.5	21.8154	51.2578	0	-0.796705	-0.604368	0	None	None
ChainingRodShaped	3369	2.48778	0.5	-26.2297	13.4692	0	0.682739	-0.730662	0	None	None
ChainingRodShaped	3371	3.17975	0.5	-50.6715	26.5534	0	0.565529	-0.824729	0	None	None
ChainingRodShaped	3373	2.98406	0.5	-27.3346	17.1916	0	0.711051	-0.70314	0	None	None
ChainingRodShaped	3375	2.61032	0.5	17.9543	26.0704	0	0.101224	-0.994864	0	None	None
ChainingRodShaped	3377	2.82298	0.5	-0.45419	33.8931	0	-0.831984	-0.554799	0	None	None
ChainingRodShaped	3379	2.62508	0.5	2.231	143.35	0	-0.917935	0.396732	0	3546	3378
ChainingRodShaped	3381	2.57708	0.5	-50.594	30.287	0	-0.987183	0.159589	0	None	None
ChainingRodShaped	3383	2.94725	0.5	-3.57961	34.6487	0	-0.964197	-0.265188	0	None	None
ChainingRodShaped	3385	2.8947	0.5	8.53113	37.4767	0	-0.815121	-0.579291	0	None	None
ChainingRodShaped	3387	3.07343	0.5	-1.40271	92.715	0	-0.983851	0.178991	0	None	None
ChainingRodShaped	3389	3.02242	0.5	-32.5585	4.87877	0	0.596736	-0.802437	0	None	None
ChainingRodShaped	3391	2.48268	0.5	10.5297	4.6179	0	-0.782049	-0.623217	0	None	None
ChainingRodShaped	3393	2.66565	0.5	-52.0563	37.2993	0	0.533531	-0.84578	0	None	None
ChainingRodShaped	3395	2.67482	0.5	17.6019	85.2991	0	0.957046	-0.289937	0	None	None
ChainingRodShaped	3397	2.8127	0.5	31.8679	48.6051	0	0.145264	-0.989393	0	None	None
ChainingRodShaped	3399	2.66904	0.5	76.0968	63.9059	0	0.950233	-0.31154	0	1815	3398
ChainingRodShaped	3401	2.51767	0.5	-44.2574	35.7821	0	0.551969	-0.833864	0	None	None
ChainingRodShaped	3403	2.71826	0.5	-15.1787	53.857	0	0.473518	-0.880784	0	None	None
ChainingRodShaped	3405	3.23921	0.5	-8.18935	64.0946	0	0.374729	-0.927134	0	None	None
ChainingRodShaped	3407	2.63474	0.5	5.43259	67.6889	0	0.0159442	-0.999873	0	None	None
ChainingRodShaped	3409	2.81209	0.5	26.0918	14.1631	0	-0.781503	-0.623902	0	None	None
ChainingRodShaped	3411	2.79623	0.5	-51.0823	37.5345	0	0.541947	-0.840413	0	None	None
ChainingRodShaped	3413	3.12186	0.5	7.84201	57.6578	0	-0.88125	-0.472651	0	None	None
ChainingRodShaped	3415	2.72566	0.5	-6.25898	57.3721	0	-0.404623	-0.914484	0	None	None
ChainingRodShaped	3417	2.69578	0.5	-41.1265	8.20233	0	0.737825	-0.674992	0	None	None
ChainingRodShaped	3419	3.03134	0.5	14.2248	29.2698	0	-0.284803	-0.958586	0	None	None
ChainingRodShaped	3421	2.51746	0.5	14.3819	59.3917	0	-0.678598	-0.73451	0	None	None
ChainingRodShaped	3423	2.64411	0.5	-94.6683	-121.011	0	-0.860518	-0.509421	0	3668	3422
ChainingRodShaped	3425	2.74223	0.5	5.57989	20.1408	0	-0.0738916	-0.997266	0	None	None
ChainingRodShaped	3427	3.04624	0.5	14.9798	26.2841	0	0.167513	-0.98587	0	None	None
ChainingRodShaped	3429	2.56978	0.5	8.26915	30.9497	0	-0.20373	-0.979027	0	None	None
ChainingRodShaped	3431	2.89443	0.5	-9.51382	62.3384	0	-0.386623	-0.922238	0	None	None
ChainingRodShaped	3433	2.46226	0.5	13.2252	76.518	0	0.087215	-0.99619	0	None	None
ChainingRodShaped	3435	2.60487	0.5	-40.9609	71.7127	0	0.908546	-0.417784	0	None	None
ChainingRodShaped	3437	2.52233	0.5	29.5324	36.3335	0	0.916245	0.400619	0	None	None
ChainingRodShaped	3439	2.70201	0.5	-48.2067	130.981	0	-0.603732	-0.797187	0	3734	3438
ChainingRodShaped	3441	2.76485	0.5	-39.2439	62.4545	0	0.829975	-0.5578	0	None	None
ChainingRodShaped	3443	2.49962	0.5	82.5947	61.0979	0	0.871839	-0.489792	0	3398	3442
ChainingRodShaped	3445	2.4246	0.5	-8.53378	43.0445	0	-0.30079	-0.95369	0	None	None
ChainingRodShaped	3447	3.18187	0.5	-32.8743	22.5021	0	0.0692586	-0.997599	0	None	None
ChainingRodShaped	3449	2.93069	0.5	7.12841	0.516547	0	-0.977732	-0.209856	0	None	None
ChainingRodShaped	3451	2.74355	0.5	-47.3546	65.9934	0	0.830169	-0.557512	0	None	None
ChainingRodShaped	3453	2.94724	0.5	12.4382	51.2084	0	-0.659012	-0.752133	0	None	None
ChainingRodShaped	3455	3.11652	0.5	-22.778	3.98333	0	-0.763756	-0.645505	0	None	None
ChainingRodShaped	3457	2.39613	0.5	-15.0389	78.5613	0	-0.842852	0.538145	0	None	None
ChainingRodShaped	3459	2.97733	0.5	-17.951	6.65082	0	-0.767962	-0.640495	0	None	None
ChainingRodShaped	3461	2.71432	0.5	-14.906	40.4974	0	-0.992274	0.124065	0	None	None
ChainingRodShaped	3463	2.63301	0.5	3.35996	13.3764	0	0.217987	-0.975952	0	None	None
ChainingRodShaped	3465	2.94419	0.5	-1.65034	29.1278	0	-0.715694	-0.698414	0	None	None
ChainingRodShaped	3467	2.72645	0.5	33.4409	66.4512	0	0.473389	-0.880853	0	None	None
ChainingRodShaped	3469	3.11145	0.5	-8.10107	31.0205	0	-0.923111	-0.384533	0	None	None
ChainingRodShaped	3471	2.75024	0.5	-109.868	3.99065	0	0.269866	-0.962898	0	1309	3470
ChainingRodShaped	3473	2.59825	0.5	33.7736	55.5036	0	-0.349698	0.936863	0	None	None
ChainingRodShaped	3475	2.40179	0.5	-16.0189	83.7433	0	-0.822308	0.569042	0	None	None
ChainingRodShaped	3477	2.61689	0.5	13.8213	37.3901	0	0.0481476	-0.99884	0	None	None
ChainingRodShaped	3479	2.70232	0.5	-46.1122	49.0014	0	-0.88487	-0.465838	0	None	None
ChainingRodShaped	3481	2.8905	0.5	9.69311	42.7795	0	0.337043	-0.941489	0	None	None
ChainingRodShaped	3483	2.66684	0.5	-18.2038	67.0222	0	0.787733	-0.616017	0	None	None
ChainingRodShaped	3485	2.5358	0.5	6.83446	85.9901	0	0.805646	-0.592397	0	None	None
ChainingRodShaped	3487	2.55888	0.5	-19.6258	14.98	0	0.777534	-0.628841	0	None	None
ChainingRodShaped	3489	2.66951	0.5	-10.4705	49.1281	0	0.521329	-0.853356	0	None	None
ChainingRodShaped	3491	2.76302	0.5	17.7589	5.36589	0	0.678545	0.734558	0	None	None
ChainingRodShaped	3493	2.88456	0.5	-45.4805	54.4176	0	-0.999999	0.00110013	0	None	None
ChainingRodShaped	3495	3.06098	0.5	32.9022	40.9865	0	-0.897021	-0.441988	0	None	None
ChainingRodShaped	3497	3.05466	0.5	28.2877	69.6137	0	0.813026	-0.582227	0	None	None
ChainingRodShaped	3499	2.92366	0.5	10.7302	36.8195	0	-0.817215	-0.576333	0	None	None
ChainingRodShaped	3501	2.84627	0.5	-25.8382	79.5113	0	-0.837129	-0.547005	0	None	None
ChainingRodShaped	3503	3.04302	0.5	-25.8667	49.8898	0	-0.588495	-0.808501	0	None	None
ChainingRodShaped	3505	3.00052	0.5	-22.0735	14.7221	0	0.764798	-0.644271	0	None	None
ChainingRodShaped	3507	2.4998	0.5	-37.964	54.382	0	-1	-0.000450107	0	None	None
ChainingRodShaped	3509	2.79797	0.5	-47.1806	23.3389	0	0.399169	-0.916877	0	None	None
ChainingRodShaped	3511	3.05373	0.5	-3.01473	82.4337	0	-0.992672	-0.12084	0	None	None
ChainingRodShaped	3513	2.36351	0.5	90.1126	-0.508086	0	-0.549527	-0.835476	0	1755	3512
ChainingRodShaped	3515	2.90887	0.5	-13.3806	2.66154	0	0.986002	0.166735	0	None	None
ChainingRodShaped	3517	2.979	0.5	20.7533	56.839	0	-0.828785	-0.559567	0	None	None
ChainingRodShaped	3519	2.35512	0.5	-5.93073	13.5315	0	-0.00410544	-0.999992	0	None	None
ChainingRodShaped	3521	2.35187	0.5	-52.4513	49.5316	0	-0.99846	0.0554786	0	None	None
ChainingRodShaped	3523	2.75183	0.5	4.43447	12.8821	0	0.221037	-0.975265	0	None	None
ChainingRodShaped	3525	2.65881	0.5	21.2701	35.5295	0	-0.195538	-0.980696	0	None	None
ChainingRodShaped	3527	2.58823	0.5	16.2955	69.2403	0	0.563181	-0.826333	0	None	None
ChainingRodShaped	3529	2.83521	0.5	-19.0022	36.9705	0	0.015939	-0.999873	0	None	None
ChainingRodShaped	3531	2.33629	0.5	-96.3718	61.1418	0	-0.795494	-0.605962	0	2222	3530
ChainingRodShaped	3533	2.8515	0.5	-20.2979	3.60094	0	-0.775097	-0.631842	0	None	None
ChainingRodShaped	3535	2.41728	0.5	2.03507	90.836	0	-0.981486	-0.191534	0	None	None
ChainingRodShaped	3537	2.63067	0.5	-55.7243	48.7659	0	-0.778903	0.627144	0	None	None
ChainingRodShaped	3539	2.89506	0.5	-39.1463	30.1471	0	0.629626	-0.776898	0	None	None
ChainingRodShaped	3541	2.36502	0.5	-11.0471	12.1569	0	0.653662	-0.756787	0	None	None
ChainingRodShaped	3543	2.42083	0.5	78.3639	-14.8229	0	-0.69198	-0.721917	0	3764	3542
ChainingRodShaped	3545	2.65701	0.5	-6.43724	46.5786	0	-0.486642	-0.873602	0	None	None
ChainingRodShaped	3547	2.31357	0.5	8.37252	140.241	0	-0.866321	0.499487	0	1699	3546
ChainingRodShaped	3549	2.81431	0.5	20.6297	22.4598	0	0.929229	0.369504	0	None	None
ChainingRodShaped	3551	2.36243	0.5	-16.2394	89.9296	0	0.856382	-0.516343	0	None	None
ChainingRodShaped	3553	2.65672	0.5	-12.9123	69.8967	0	0.837177	-0.546932	0	None	None
ChainingRodShaped	3555	2.81207	0.5	-6.20338	2.07518	0	-0.180109	-0.983647	0	None	None
ChainingRodShaped	3557	2.44013	0.5	69.7928	140.961	0	-0.605226	-0.796053	0	2782	3556
ChainingRodShaped	3559	2.93994	0.5	-14.8263	25.9895	0	-0.922339	-0.386382	0	None	None
ChainingRodShaped	3561	2.49454	0.5	-24.7753	84.8773	0	0.857143	-0.515079	0	None	None
ChainingRodShaped	3563	2.85038	0.5	-12.8204	70.9006	0	-0.842634	0.538487	0	None	None
ChainingRodShaped	3565	2.92313	0.5	-48.2114	63.5356	0	0.53333	-0.845907	0	None	None
ChainingRodShaped	3567	2.73555	0.5	-9.70501	82.0272	0	0.348927	-0.93715	0	None	None
ChainingRodShaped	3569	2.58956	0.5	30.3995	61.8676	0	-0.75335	0.65762	0	None	None
ChainingRodShaped	3571	2.79447	0.5	8.48983	72.6528	0	-0.133284	-0.991078	0	None	None
ChainingRodShaped	3573	2.31279	0.5	4.21105	7.21704	0	0.349211	-0.937044	0	None	None
ChainingRodShaped	3575	2.8181	0.5	-32.0365	38.3954	0	-0.709516	0.704689	0	None	None
ChainingRodShaped	3577	2.23193	0.5	25.954	84.5905	0	0.84301	-0.537898	0	3292	3576
ChainingRodShaped	3579	2.47405	0.5	30.3572	41.9242	0	0.920175	0.391507	0	None	None
ChainingRodShaped	3581	2.78851	0.5	-17.1284	91.555	0	-0.975511	-0.219949	0	None	None
ChainingRodShaped	3583	2.54764	0.5	26.2337	21.057	0	-0.927813	-0.373045	0	None	None
ChainingRodShaped	3585	2.53633	0.5	-16.4269	27.2715	0	-0.930512	-0.366262	0	None	None
ChainingRodShaped	3587	2.37035	0.5	-23.2126	82.1333	0	0.288469	-0.957489	0	None	None
ChainingRodShaped	3589	2.649	0.5	-19.9155	87.7816	0	0.800826	-0.598897	0	None	None
ChainingRodShaped	3591	2.71228	0.5	23.178	61.4294	0	0.545802	-0.837914	0	None	None
ChainingRodShaped	3593	2.46539	0.5	7.6592	89.2245	0	0.986904	-0.161308	0	None	None
ChainingRodShaped	3595	2.54427	0.5	45.5249	72.5545	0	0.914691	-0.404154	0	4068	3594
ChainingRodShaped	3597	2.72608	0.5	-43.7688	46.9936	0	-0.904332	-0.42683	0	None	None
ChainingRodShaped	3599	2.56625	0.5	24.1122	29.5913	0	0.916702	0.399571	0	None	None
ChainingRodShaped	3601	2.38314	0.5	-34.1	16.2237	0	-0.928623	0.371025	0	None	None
ChainingRodShaped	3603	2.70585	0.5	10.768	60.7819	0	-0.657912	-0.753095	0	None	None
ChainingRodShaped	3605	2.53894	0.5	-7.3081	37.8037	0	-0.98815	-0.153494	0	None	None
ChainingRodShaped	3607	2.62897	0.5	-13.472	-5.19145	0	-1	-0.000734112	0	None	None
ChainingRodShaped	3609	2.72169	0.5	-32.8326	77.7634	0	0.334022	-0.942565	0	None	None
ChainingRodShaped	3611	2.49326	0.5	-20.9604	18.6858	0	0.714754	-0.699376	0	None	None
ChainingRodShaped	3613	2.78458	0.5	8.27863	54.3649	0	-0.654522	-0.756043	0	None	None
ChainingRodShaped	3615	2.5202	0.5	-30.762	57.7933	0	-0.301281	-0.953536	0	None	None
ChainingRodShaped	3617	2.46381	0.5	1.73464	-2.68355	0	-0.217442	-0.976073	0	None	None
ChainingRodShaped	3619	2.82459	0.5	-23.2839	88.8834	0	-0.956201	0.292711	0	None	None
ChainingRodShaped	3621	2.49822	0.5	-29.6489	58.2208	0	-0.291735	-0.956499	0	None	None
ChainingRodShaped	3623	2.29033	0.5	-7.16507	38.7025	0	0.989276	0.14606	0	None	None
ChainingRodShaped	3625	2.40919	0.5	-37.5116	37.0703	0	0.808462	-0.588549	0	None	None
ChainingRodShaped	3627	2.45252	0.5	28.8513	17.2543	0	0.321933	-0.946763	0	None	None
ChainingRodShaped	3629	2.77746	0.5	11.4031	88.7905	0	0.650108	-0.759842	0	None	None
ChainingRodShaped	3631	2.7109	0.5	-31.3084	86.2304	0	-0.22275	-0.974876	0	None	None
ChainingRodShaped	3633	2.31106	0.5	-35.2021	48.2777	0	0.283194	-0.959063	0	None	None
ChainingRodShaped	3635	2.3969	0.5	-12.854	91.2682	0	0.838888	-0.544304	0	None	None
ChainingRodShaped	3637	2.53188	0.5	-107.479	-2.54199	0	0.418844	-0.908058	0	3470	3636
ChainingRodShaped	3639	2.38691	0.5	13.1625	62.1653	0	-0.647704	-0.761892	0	None	None
ChainingRodShaped	3641	2.56585	0.5	9.18556	7.83258	0	-0.220887	-0.975299	0	None	None
ChainingRodShaped	3643	2.41478	0.5	3.54781	79.6373	0	-0.0254647	-0.999676	0	None	None
ChainingRodShaped	3645	2.62115	0.5	-11.1389	43.2819	0	-0.284937	-0.958546	0	None	None
ChainingRodShaped	3647	2.45623	0.5	-7.15193	84.4213	0	0.831203	0.555969	0	None	None
ChainingRodShaped	3649	2.30126	0.5	-6.88027	13.7919	0	0.00589931	-0.999983	0	None	None
ChainingRodShaped	3651	2.31127	0.5	69.9701	-23.1682	0	-0.720722	-0.693225	0	1662	3650
ChainingRodShaped	3653	2.4093	0.5	-54.4327	39.3303	0	0.140504	0.99008	0	None	None
ChainingRodShaped	3655	2.33102	0.5	12.2835	16.7478	0	-0.727956	0.685624	0	None	None
ChainingRodShaped	3657	2.58892	0.5	-49.1849	56.2358	0	-0.998782	-0.0493434	0	None	None
ChainingRodShaped	3659	2.52268	0.5	-19.0644	0.712788	0	-0.999869	0.0161841	0	None	None
ChainingRodShaped	3661	2.67246	0.5	-24.4109	78.5713	0	-0.589059	-0.80809	0	None	None
ChainingRodShaped	3663	2.30015	0.5	-49.5573	58.9274	0	-0.773064	0.634328	0	None	None
ChainingRodShaped	3665	2.43507	0.5	-4.13747	-6.54294	0	-0.981338	0.192289	0	None	None
ChainingRodShaped	3667	2.28151	0.5	-82.7487	-114.907	0	-0.919495	-0.393102	0	1484	3666
ChainingRodShaped	3669	2.51655	0.5	-88.64	-117.677	0	-0.889979	-0.456001	0	3666	3668
ChainingRodShaped	3671	2.43175	0.5	-57.191	-106.284	0	-0.961524	-0.274722	0	1587	3670
ChainingRodShaped	3673	2.72755	0.5	11.0224	77.1403	0	0.2695	-0.963	0	None	None
ChainingRodShaped	3675	2.40612	0.5	-18.1884	81.7956	0	-0.811621	0.584184	0	None	None
ChainingRodShaped	3677	2.37343	0.5	-23.2005	-2.99065	0	-0.980968	-0.194172	0	None	None
ChainingRodShaped	3679	2.17603	0.5	109.203	215.978	0	-0.564155	-0.825669	0	2340	3678
ChainingRodShaped	3681	2.65098	0.5	8.4454	26.0012	0	0.0498476	-0.998757	0	None	None
ChainingRodShaped	3683	2.2532	0.5	1.17173	38.2682	0	-0.982027	-0.188741	0	None	None
ChainingRodShaped	3685	2.27727	0.5	-61.6132	54.176	0	-0.461384	0.887201	0	1696	3684
ChainingRodShaped	3687	2.37805	0.5	-89.0297	-21.7442	0	0.906072	-0.423123	0	3952	3686
ChainingRodShaped	3689	2.38586	0.5	-4.16528	145.525	0	-0.971422	0.237359	0	3378	3688
ChainingRodShaped	3691	2.23481	0.5	20.9545	86.3948	0	0.883986	-0.467514	0	None	None
ChainingRodShaped	3693	2.28627	0.5	-33.4887	60.7183	0	0.925757	0.378119	0	None	None
ChainingRodShaped	3695	2.33621	0.5	25.8264	37.965	0	-0.223907	-0.97461	0	None	None
ChainingRodShaped	3697	2.50238	0.5	-12.5123	78.1109	0	-0.871806	0.489851	0	None	None
ChainingRodShaped	3699	2.31245	0.5	-35.5237	76.6537	0	0.281905	-0.959442	0	None	None
ChainingRodShaped	3701	2.57343	0.5	16.2533	43.1377	0	0.349687	-0.936867	0	None	None
ChainingRodShaped	3703	2.37081	0.5	-8.246	6.17704	0	-0.224471	-0.974481	0	None	None
ChainingRodShaped	3705	2.32957	0.5	-14.862	84.9211	0	0.362165	-0.932114	0	None	None
ChainingRodShaped	3707	2.45088	0.5	18.8312	46.723	0	0.334368	-0.942443	0	None	None
ChainingRodShaped	3709	2.54907	0.5	27.7503	19.0983	0	-0.667831	-0.744313	0	None	None
ChainingRodShaped	3711	2.42445	0.5	2.14254	59.4585	0	-0.999698	0.024582	0	None	None
ChainingRodShaped	3713	2.32626	0.5	-28.8704	57.5466	0	-0.30101	-0.953621	0	None	None
ChainingRodShaped	3715	2.60265	0.5	15.1701	6.18105	0	0.252292	-0.967651	0	None	None
ChainingRodShaped	3717	2.26525	0.5	-31.963	87.8871	0	-0.553504	-0.832847	0	None	None
ChainingRodShaped	3719	2.62832	0.5	-10.528	32.0687	0	-0.938923	-0.344126	0	None	None
ChainingRodShaped	3721	2.4908	0.5	1.34017	58.5956	0	-0.999886	0.0151001	0	None	None
ChainingRodShaped	3723	2.43195	0.5	-27.286	18.4269	0	0.718035	-0.696007	0	None	None
ChainingRodShaped	3725	2.38396	0.5	-12.5561	54.7793	0	0.456832	-0.889553	0	None	None
ChainingRodShaped	3727	2.51408	0.5	-6.20502	21.8526	0	-0.784926	-0.619589	0	None	None
ChainingRodShaped	3729	2.44113	0.5	32.6593	70.1175	0	0.411283	-0.911508	0	None	None
ChainingRodShaped	3731	2.53615	0.5	13.3573	49.0578	0	0.55813	-0.829754	0	None	None
ChainingRodShaped	3733	2.33906	0.5	25.6182	45.479	0	0.552934	-0.833225	0	None	None
ChainingRodShaped	3735	2.28602	0.5	-43.5954	135.85	0	-0.765416	-0.643536	0	3880	3734
ChainingRodShaped	3737	2.50479	0.5	6.37618	66.5624	0	0.0186219	-0.999827	0	None	None
ChainingRodShaped	3739	2.52421	0.5	2.03099	1.27759	0	-0.395271	-0.918565	0	None	None
ChainingRodShaped	3741	2.53739	0.5	-10.1015	72.6138	0	-0.921813	0.387634	0	None	None
ChainingRodShaped	3743	2.54379	0.5	11.0393	28.0628	0	-0.0798303	0.996808	0	None	None
ChainingRodShaped	3745	2.3889	0.5	21.074	29.5296	0	-0.176533	-0.984295	0	None	None
ChainingRodShaped	3747	2.31929	0.5	2.14204	7.24257	0	0.367882	-0.929872	0	None	None
ChainingRodShaped	3749	2.24663	0.5	-41.0324	37.8552	0	0.685097	-0.728452	0	None	None
ChainingRodShaped	3751	2.44175	0.5	20.3427	23.3432	0	0.925485	0.378785	0	None	None
ChainingRodShaped	3753	2.2921	0.5	-24.0908	64.1661	0	0.258038	-0.966135	0	None	None
ChainingRodShaped	3755	2.40049	0.5	-44.0385	47.91	0	-0.906081	-0.423104	0	None	None
ChainingRodShaped	3757	2.52618	0.5	-30.9308	49.946	0	-0.223555	-0.974691	0	None	None
ChainingRodShaped	3759	2.27851	0.5	-15.8676	-0.244273	0	0.893205	-0.449649	0	None	None
ChainingRodShaped	3761	2.26683	0.5	-0.845607	25.3614	0	-0.745404	-0.666613	0	None	None
ChainingRodShaped	3763	2.32323	0.5	-46.2772	41.5499	0	0.746737	-0.66512	0	None	None
ChainingRodShaped	3765	2.22516	0.5	82.6131	-10.1772	0	-0.654779	-0.75582	0	752	3764
ChainingRodShaped	3767	2.50347	0.5	23.6221	45.1027	0	0.536164	-0.844114	0	None	None
ChainingRodShaped	3769	2.53349	0.5	-0.225858	-2.4799	0	-0.228695	-0.973498	0	None	None
ChainingRodShaped	3771	2.52759	0.5	9.26249	17.5961	0	0.108253	-0.994123	0	None	None
ChainingRodShaped	3773	2.26772	0.5	-29.9011	18.1101	0	-0.741434	-0.671026	0	None	None
ChainingRodShaped	3775	2.27117	0.5	32.201	45.1482	0	0.948813	-0.315838	0	None	None
ChainingRodShaped	3777	2.48448	0.5	-51.9759	43.8508	0	-0.104864	-0.994487	0	None	None
ChainingRodShaped	3779	2.21462	0.5	-5.16453	84.0302	0	0.989267	0.146121	0	None	None
ChainingRodShaped	3781	2.24596	0.5	-10.6075	146.463	0	-0.998949	0.0458271	0	3688	3780
ChainingRodShaped	3783	2.24588	0.5	-1.93932	63.8727	0	-0.914512	0.404559	0	None	None
ChainingRodShaped	3785	2.51971	0.5	-47.0882	49.5608	0	-0.884585	-0.466379	0	None	None
ChainingRodShaped	3787	2.41054	0.5	-5.17162	31.8288	0	-0.718279	-0.695755	0	None	None
ChainingRodShaped	3789	2.28317	0.5	17.9872	46.3634	0	0.343754	-0.93906	0	None	None
ChainingRodShaped	3791	2.21108	0.5	-18.7172	92.5257	0	0.996718	-0.0809522	0	None	None
ChainingRodShaped	3793	2.34524	0.5	36.2523	64.7001	0	0.402615	-0.915369	0	None	None
ChainingRodShaped	3795	2.3156	0.5	-19.1129	62.9762	0	-0.90254	-0.430607	0	None	None
ChainingRodShaped	3797	2.29343	0.5	19.9399	28.5863	0	-0.176016	-0.984387	0	None	None
ChainingRodShaped	3799	2.18643	0.5	-18.6755	85.6443	0	-0.806772	0.590863	0	None	None
ChainingRodShaped	3801	2.23924	0.5	-40.6723	36.0064	0	0.657644	-0.753329	0	None	None
ChainingRodShaped	3803	2.17817	0.5	-7.05934	24.7349	0	-0.778928	-0.627113	0	None	None
ChainingRodShaped	3805	2.2218	0.5	-6.75636	68.8647	0	-0.930463	0.366387	0	None	None
ChainingRodShaped	3807	2.29488	0.5	-10.9933	86.0014	0	0.935641	0.352953	0	None	None
ChainingRodShaped	3809	2.33506	0.5	-40.8914	52.3125	0	-0.971451	-0.23724	0	None	None
ChainingRodShaped	3811	2.31299	0.5	97.0041	13.5558	0	-0.285168	-0.958478	0	2424	3810
ChainingRodShaped	3813	2.32685	0.5	-17.8016	88.6037	0	0.809497	-0.587124	0	None	None
ChainingRodShaped	3815	2.45918	0.5	-8.33938	89.9245	0	0.979994	-0.199029	0	None	None
ChainingRodShaped	3817	2.25586	0.5	0.00339334	8.60892	0	-0.21027	-0.977643	0	None	None
ChainingRodShaped	3819	2.4029	0.5	-10.627	5.07559	0	-0.987195	-0.159517	0	None	None
ChainingRodShaped	3821	2.26165	0.5	-52.7482	34.4411	0	-0.566425	0.824113	0	None	None
ChainingRodShaped	3823	2.31637	0.5	16.0033	62.9155	0	0.445044	-0.895509	0	None	None
ChainingRodShaped	3825	2.47685	0.5	-9.65221	0.202091	0	-0.797488	-0.603335	0	None	None
ChainingRodShaped	3827	2.21461	0.5	-15.7603	18.6086	0	0.709883	-0.70432	0	None	None
ChainingRodShaped	3829	2.19912	0.5	14.3835	66.867	0	0.581444	-0.813587	0	None	None
ChainingRodShaped	3831	2.31612	0.5	15.5699	68.6069	0	0.556352	-0.830947	0	None	None
ChainingRodShaped	3833	2.37933	0.5	-15.1789	3.34337	0	0.98689	0.161392	0	None	None
ChainingRodShaped	3835	2.32593	0.5	-9.53936	88.56	0	0.93666	0.35024	0	None	None
ChainingRodShaped	3837	2.27767	0.5	-121.027	-138.686	0	-0.820434	-0.571742	0	2118	3836
ChainingRodShaped	3839	2.19154	0.5	-17.6477	72.9557	0	0.393781	-0.919204	0	None	None
ChainingRodShaped	3841	2.27516	0.5	-4.75895	8.62923	0	-0.241782	-0.970331	0	None	None
ChainingRodShaped	3843	2.16384	0.5	-52.9596	43.4903	0	-0.0990192	-0.995086	0	None	None
ChainingRodShaped	3845	2.28766	0.5	-12.5263	30.5428	0	-0.973544	-0.2285	0	None	None
ChainingRodShaped	3847	2.15363	0.5	8.16993	38.3158	0	-0.814143	-0.580664	0	None	None
ChainingRodShaped	3849	2.32557	0.5	-17.5311	62.738	0	-0.699204	-0.714922	0	None	None
ChainingRodShaped	3851	2.37828	0.5	-31.3246	70.7046	0	0.617185	-0.786818	0	None	None
ChainingRodShaped	3853	2.17368	0.5	7.88993	45.4637	0	-0.846308	-0.532694	0	None	None
ChainingRodShaped	3855	2.24786	0.5	-28.5172	68.7164	0	0.767015	-0.641629	0	None	None
ChainingRodShaped	3857	2.26196	0.5	5.63406	31.3637	0	-0.20058	-0.979677	0	None	None
ChainingRodShaped	3859	2.31613	0.5	9.79601	2.89829	0	0.926272	0.376856	0	None	None
ChainingRodShaped	3861	2.36347	0.5	-12.9959	68.6768	0	0.752605	-0.658473	0	None	None
ChainingRodShaped	3863	2.17059	0.5	19.917	46.4281	0	0.324961	-0.945728	0	None	None
ChainingRodShaped	3865	2.17687	0.5	47.2283	-41.1927	0	-0.887483	-0.460841	0	3150	3864
ChainingRodShaped	3867	2.15603	0.5	-15.4139	26.7194	0	-0.926143	-0.377174	0	None	None
ChainingRodShaped	3869	2.23309	0.5	-27.0297	63.3362	0	0.304363	-0.952556	0	None	None
ChainingRodShaped	3871	2.22646	0.5	-36.1859	53.5095	0	-0.592001	-0.805937	0	None	None
ChainingRodShaped	3873	2.30253	0.5	-51.72	57.9677	0	-0.754005	-0.656868	0	None	None
ChainingRodShaped	3875	2.14351	0.5	-1.76463	4.9255	0	-0.229875	-0.97322	0	None	None
ChainingRodShaped	3877	2.32963	0.5	24.6137	45.2974	0	0.544572	-0.838714	0	None	None
ChainingRodShaped	3879	2.14382	0.5	-42.1378	45.6576	0	-0.926056	-0.377385	0	None	None
ChainingRodShaped	3881	2.17334	0.5	-38.3725	139.415	0	-0.877575	-0.479439	0	1985	3880
ChainingRodShaped	3883	2.1968	0.5	-42.2954	63.3869	0	-0.0147834	-0.999891	0	None	None
ChainingRodShaped	3885	2.29659	0.5	-11.2923	25.9982	0	-0.795777	-0.605589	0	None	None
ChainingRodShaped	3887	2.17016	0.5	-51.4873	34.3194	0	-0.574633	0.818411	0	None	None
ChainingRodShaped	3889	2.13958	0.5	-39.505	61.4851	0	0.835506	-0.549481	0	None	None
ChainingRodShaped	3891	2.22251	0.5	-43.8443	74.1774	0	-0.139007	-0.990291	0	None	None
ChainingRodShaped	3893	2.12306	0.5	16.8978	46.6179	0	0.349693	-0.936865	0	None	None
ChainingRodShaped	3895	2.35574	0.5	-42.8081	35.5374	0	0.669305	-0.742987	0	None	None
ChainingRodShaped	3897	2.16518	0.5	-13.6871	48.4716	0	0.232836	-0.972516	0	None	None
ChainingRodShaped	3899	2.15736	0.5	1.76805	80.4519	0	-0.0254988	-0.999675	0	None	None
ChainingRodShaped	3901	2.23938	0.5	3.48588	73.0436	0	0.0347917	-0.999395	0	None	None
ChainingRodShaped	3903	2.17514	0.5	-17.0422	67.2793	0	0.792688	-0.609627	0	None	None
ChainingRodShaped	3905	2.26453	0.5	21.4949	79.8539	0	0.2982	-0.954504	0	None	None
ChainingRodShaped	3907	2.30686	0.5	33.8822	27.0423	0	-0.699189	-0.714937	0	None	None
ChainingRodShaped	3909	2.15506	0.5	26.4463	13.1873	0	-0.780833	-0.624739	0	None	None
ChainingRodShaped	3911	2.30494	0.5	21.274	9.18717	0	-0.965943	0.258756	0	None	None
ChainingRodShaped	3913	2.29222	0.5	-48.0257	53.3815	0	-0.998872	-0.0474871	0	None	None
ChainingRodShaped	3915	2.32048	0.5	-6.17944	6.75386	0	-0.231083	-0.972934	0	None	None
ChainingRodShaped	3917	2.28525	0.5	22.6426	13.6855	0	-0.991045	0.133526	0	None	None
ChainingRodShaped	3919	2.23632	0.5	0.965854	69.885	0	0.490118	-0.871656	0	None	None
ChainingRodShaped	3921	2.17252	0.5	58.4398	-33.6301	0	-0.770512	-0.637425	0	2502	3920
ChainingRodShaped	3923	2.10765	0.5	11.0184	10.4583	0	0.521681	-0.853141	0	None	None
ChainingRodShaped	3925	2.11254	0.5	83.4262	170.033	0	-0.36988	-0.929079	0	2844	3924
ChainingRodShaped	3927	2.2332	0.5	-16.9599	54.8982	0	-0.452038	-0.891999	0	None	None
ChainingRodShaped	3929	2.13338	0.5	-37.3401	10.9265	0	0.973415	-0.229049	0	None	None
ChainingRodShaped	3931	2.20322	0.5	-36.2297	45.224	0	-0.255239	0.966878	0	None	None
ChainingRodShaped	3933	2.25678	0.5	-30.904	12.329	0	0.60093	0.799301	0	None	None
ChainingRodShaped	3935	2.25657	0.5	-22.5547	13.9145	0	0.763714	-0.645554	0	None	None
ChainingRodShaped	3937	2.26727	0.5	-27.1935	52.6918	0	-0.542324	-0.84017	0	None	None
ChainingRodShaped	3939	2.14727	0.5	26.8667	24.8189	0	0.999786	-0.0206914	0	None	None
ChainingRodShaped	3941	2.19695	0.5	2.15458	15.5133	0	-0.0704079	-0.997518	0	None	None
ChainingRodShaped	3943	2.13139	0.5	12.5805	79.7994	0	-0.964202	0.265169	0	None	None
ChainingRodShaped	3945	2.23711	0.5	-0.20564	69.8919	0	0.547325	-0.83692	0	None	None
ChainingRodShaped	3947	2.09156	0.5	-15.8424	14.2787	0	0.916882	-0.399158	0	None	None
ChainingRodShaped	3949	2.08553	0.5	-99.0185	-14.7401	0	0.701715	-0.712458	0	3016	3948
ChainingRodShaped	3951	2.08562	0.5	-83.1287	-23.9438	0	0.962312	-0.271949	0	3686	3950
ChainingRodShaped	3953	2.09729	0.5	-94.3911	-18.6592	0	0.818143	-0.575015	0	3948	3952
ChainingRodShaped	3955	2.12529	0.5	-6.59445	32.5532	0	-0.938367	-0.34564	0	None	None
ChainingRodShaped	3957	2.15607	0.5	8.21223	19.3496	0	-0.0439638	-0.999033	0	None	None
ChainingRodShaped	3959	2.20429	0.5	-1.86046	50.9479	0	-0.79156	-0.611092	0	None	None
ChainingRodShaped	3961	2.16276	0.5	-33.69	66.2914	0	0.811892	-0.583808	0	None	None
ChainingRodShaped	3963	2.14764	0.5	21.1496	40.4523	0	0.357443	-0.933935	0	None	None
ChainingRodShaped	3965	2.2227	0.5	-22.9596	-1.94239	0	-0.98178	-0.190023	0	None	None
ChainingRodShaped	3967	2.12192	0.5	33.2166	27.7755	0	-0.698677	-0.715437	0	None	None
ChainingRodShaped	3969	2.16486	0.5	-41.826	77.4824	0	0.146208	-0.989254	0	None	None
ChainingRodShaped	3971	2.10662	0.5	-45.4654	62.8483	0	0.42743	-0.904048	0	None	None
ChainingRodShaped	3973	2.0977	0.5	-24.7351	-12.8544	0	-0.632922	0.774216	0	2804	3972
ChainingRodShaped	3975	2.20188	0.5	0.522839	74.3041	0	-0.558447	-0.82954	0	None	None
ChainingRodShaped	3977	2.20045	0.5	3.74803	29.4468	0	-0.721172	-0.692756	0	None	None
ChainingRodShaped	3979	2.19928	0.5	-24.7177	42.1941	0	0.245168	-0.969481	0	None	None
ChainingRodShaped	3981	2.07212	0.5	-28.674	-1.22925	0	-0.203226	0.979132	0	None	None
ChainingRodShaped	3983	2.07941	0.5	5.1925	90.5928	0	0.988948	-0.148261	0	None	None
ChainingRodShaped	3985	2.16386	0.5	-22.3212	12.4698	0	0.765579	-0.643341	0	None	None
ChainingRodShaped	3987	2.14552	0.5	-16.9842	43.4527	0	-0.989154	0.146881	0	None	None
ChainingRodShaped	3989	2.11757	0.5	-35.8533	58.0829	0	0.999955	-0.009462	0	None	None
ChainingRodShaped	3991	2.09688	0.5	34.9823	37.034	0	-0.658446	-0.752628	0	None	None
ChainingRodShaped	3993	2.10607	0.5	1.7284	64.2348	0	-0.890765	0.454464	0	None	None
ChainingRodShaped	3995	2.07859	0.5	7.50584	38.9494	0	-0.812483	-0.582985	0	None	None
ChainingRodShaped	3997	2.07132	0.5	-23.9655	12.6421	0	0.773231	-0.634124	0	None	None
ChainingRodShaped	3999	2.12811	0.5	11.487	0.169727	0	-0.835864	-0.548937	0	None	None
ChainingRodShaped	4001	2.12954	0.5	-24.2801	58.0187	0	-0.40325	-0.91509	0	None	None
ChainingRodShaped	4003	2.0921	0.5	10.2713	26.0766	0	-0.0698244	0.997559	0	None	None
ChainingRodShaped	4005	2.05849	0.5	-4.19886	85.1377	0	0.990679	0.136214	0	None	None
ChainingRodShaped	4007	2.10462	0.5	-32.3222	26.5761	0	0.134695	-0.990887	0	None	None
ChainingRodShaped	4009	2.04437	0.5	14.035	90.6918	0	0.942962	-0.332902	0	2288	4008
ChainingRodShaped	4011	2.06528	0.5	17.5615	31.1613	0	-0.184867	-0.982764	0	None	None
ChainingRodShaped	4013	2.12776	0.5	-3.77012	47.8845	0	-0.429694	-0.902974	0	None	None
ChainingRodShaped	4015	2.04923	0.5	-5.73624	21.0269	0	-0.778689	-0.62741	0	None	None
ChainingRodShaped	4017	2.06177	0.5	21.7858	18.8673	0	-0.934067	-0.357098	0	None	None
ChainingRodShaped	4019	2.08893	0.5	-5.82896	28.0766	0	-0.793607	-0.60843	0	None	None
ChainingRodShaped	4021	2.09919	0.5	-12.6858	58.8225	0	-0.699183	-0.714942	0	None	None
ChainingRodShaped	4023	2.07825	0.5	-34.8035	70.5757	0	0.855218	-0.518268	0	None	None
ChainingRodShaped	4025	2.07338	0.5	16.7319	71.9276	0	0.575398	-0.817873	0	None	None
ChainingRodShaped	4027	2.0449	0.5	10.1236	1.98574	0	0.929989	0.367587	0	None	None
ChainingRodShaped	4029	2.07323	0.5	-37.7287	31.273	0	0.645057	-0.764135	0	None	None
ChainingRodShaped	4031	2.10984	0.5	-15.9108	75.8425	0	-0.854677	0.51916	0	None	None
ChainingRodShaped	4033	2.07175	0.5	-28.7672	85.4022	0	0.169266	-0.98557	0	None	None
ChainingRodShaped	4035	2.08581	0.5	16.3554	80.6139	0	-0.949485	0.313811	0	None	None
ChainingRodShaped	4037	2.09112	0.5	-47.5258	20.4091	0	0.430259	-0.902706	0	None	None
ChainingRodShaped	4039	2.05206	0.5	-112.102	19.29	0	0.000863753	-1	0	2866	4038
ChainingRodShaped	4041	2.07486	0.5	-29.9062	86.0434	0	0.207473	-0.978241	0	None	None
ChainingRodShaped	4043	2.04987	0.5	-45.9069	67.4146	0	0.866156	-0.499774	0	None	None
ChainingRodShaped	4045	2.04838	0.5	-11.562	49.2732	0	0.514364	-0.857572	0	None	None
ChainingRodShaped	4047	2.05678	0.5	-30.2486	29.7875	0	-0.647303	0.762233	0	None	None
ChainingRodShaped	4049	2.05635	0.5	20.034	66.8946	0	0.522293	-0.852766	0	None	None
ChainingRodShaped	4051	2.04617	0.5	-3.04429	22.1973	0	-0.738679	-0.674057	0	None	None
ChainingRodShaped	4053	2.04826	0.5	-11.6872	75.556	0	-0.87742	0.479722	0	None	None
ChainingRodShaped	4055	2.07423	0.5	15.6891	35.546	0	-0.206881	-0.978366	0	None	None
ChainingRodShaped	4057	2.04985	0.5	-40.6122	93.8003	0	0.948928	-0.315492	0	2984	4056
ChainingRodShaped	4059	2.05726	0.5	18.8121	37.0881	0	-0.210256	-0.977646	0	None	None
ChainingRodShaped	4061	2.02755	0.5	8.41761	65.8025	0	-0.141283	-0.989969	0	None	None
ChainingRodShaped	4063	2.03921	0.5	3.45667	18.9205	0	-0.0787916	-0.996891	0	None	None
ChainingRodShaped	4065	2.05042	0.5	-50.9217	44.7055	0	-0.114183	-0.99346	0	None	None
ChainingRodShaped	4067	2.05519	0.5	-27.7376	43.7137	0	0.177323	-0.984153	0	None	None
ChainingRodShaped	4069	2.03778	0.5	40.1	75.3211	0	0.863363	-0.504583	0	2182	4068
ChainingRodShaped	4071	2.04574	0.5	4.44566	72.3894	0	0.0247898	-0.999693	0	None	None
ChainingRodShaped	4073	2.06747	0.5	3.48292	61.3958	0	-0.871821	0.489825	0	None	None
ChainingRodShaped	4075	2.03181	0.5	21.8702	69.2818	0	-0.538272	0.842771	0	None	None
ChainingRodShaped	4077	2.04286	0.5	28.8962	49.1757	0	0.0851806	-0.996366	0	None	None
ChainingRodShaped	4079	2.04404	0.5	-14.65	28.9449	0	-0.93784	-0.347068	0	None	None
ChainingRodShaped	4081	2.04235	0.5	26.3819	34.7214	0	0.693195	0.72075	0	None	None
ChainingRodShaped	4083	2.03088	0.5	-38.2548	2.86934	0	-0.654583	0.75599	0	2189	4082
ChainingRodShaped	4085	2.0282	0.5	-41.4059	65.7768	0	0.713386	-0.700772	0	None	None
ChainingRodShaped	4087	2.04216	0.5	16.2527	18.6035	0	-0.92426	0.381763	0	None	None
ChainingRodShaped	4089	2.05431	0.5	-28.8655	75.1899	0	0.39812	-0.917333	0	None	None
ChainingRodShaped	4091	2.0266	0.5	14.9784	58.6649	0	-0.685926	-0.727671	0	None	None
ChainingRodShaped	4093	2.03338	0.5	-28.067	29.9672	0	-0.64	0.768375	0	None	None
ChainingRodShaped	4095	2.02044	0.5	6.98834	60.2531	0	-0.883294	-0.468819	0	None	None
ChainingRodShaped	4097	2.01765	0.5	28.2364	55.1274	0	0.159989	-0.987119	0	None	None
ChainingRodShaped	4099	2.04601	0.5	33.7922	39.2333	0	-0.915624	-0.402035	0	None	None
ChainingRodShaped	4101	2.02124	0.5	22.5269	27.5824	0	0.78738	0.616468	0	None	None
ChainingRodShaped	4103	2.03977	0.5	-16.3197	-4.21312	0	-0.999363	0.0356913	0	None	None
ChainingRodShaped	4105	2.01791	0.5	-6.47644	82.921	0	0.992124	-0.125261	0	None	None
ChainingRodShaped	4107	2.03106	0.5	-20.8005	75.4334	0	-0.0262279	-0.999656	0	None	None
ChainingRodShaped	4109	2.03112	0.5	26.8449	50.5539	0	0.0758114	-0.997122	0	None	None
ChainingRodShaped	4111	2.02474	0.5	-21.7793	66.7683	0	0.57531	-0.817936	0	None	None
ChainingRodShaped	4113	2.01873	0.5	6.73867	-1.6082	0	-0.982251	-0.187571	0	None	None
ChainingRodShaped	4115	2.01284	0.5	7.23428	49.1014	0	-0.650915	-0.75915	0	None	None
ChainingRodShaped	4117	2.00913	0.5	14.0482	22.0707	0	-0.226058	0.974114	0	None	None
ChainingRodShaped	4119	2.01254	0.5	-0.0888859	13.938	0	-0.377363	-0.926065	0	None	None
ChainingRodShaped	4121	2.01789	0.5	-28.5661	42.9546	0	0.187144	-0.982333	0	None	None
ChainingRodShaped	4123	2.00824	0.5	-56.7118	38.4689	0	-0.239336	0.970937	0	2153	4122
