cell_type	cell_id	length	radius	pos_x	pos_y	pos_z	ori_x	ori_y	ori_z	lower_link	upper_link
ChainingRodShaped	3000	4.50515	0.5	-32.096	-3.27145	0	0.455992	-0.889984	0	None	None
ChainingRodShaped	2736	3.97573	0.5	-143.725	-154.867	0	-0.80455	-0.593885	0	2737	None
ChainingRodShaped	1770	4.41705	0.5	-32.2712	92.6442	0	0.985864	0.167548	0	1771	2661
ChainingRodShaped	3964	2.52132	0.5	-27.3842	-5.11876	0	-0.943392	-0.331681	0	None	None
ChainingRodShaped	3676	3.21909	0.5	-27.1798	-6.09334	0	-0.9432	-0.332225	0	None	None
ChainingRodShaped	2756	3.10801	0.5	-86.4114	72.0282	0	-0.995451	-0.095278	0	2757	4363
ChainingRodShaped	2212	4.92072	0.5	-3.63668	-10.3096	0	-0.982751	0.184932	0	None	None
ChainingRodShaped	2638	3.93065	0.5	-29.5882	-0.0511919	0	0.307033	-0.951699	0	None	None
ChainingRodShaped	2682	4.1596	0.5	-73.3135	-27.5157	0	0.999201	0.0399554	0	2683	4403
ChainingRodShaped	2502	3.62389	0.5	62.9884	-34.4048	0	-0.707399	-0.706814	0	2503	3921
ChainingRodShaped	3688	2.69965	0.5	-8.85524	148.544	0	-0.974779	0.223171	0	3689	3781
ChainingRodShaped	3554	2.70386	0.5	-7.63146	-3.64798	0	-0.697086	-0.716987	0	None	None
ChainingRodShaped	2894	4.99481	0.5	-2.6484	9.19805	0	-0.237069	-0.971493	0	None	None
ChainingRodShaped	2706	4.9884	0.5	-22.6449	28.1458	0	-0.0202749	-0.999794	0	None	None
ChainingRodShaped	3154	3.67003	0.5	10.3997	25.511	0	-0.0209665	0.99978	0	None	None
ChainingRodShaped	3478	3.18975	0.5	-51.044	47.9171	0	-0.872221	-0.489111	0	None	None
ChainingRodShaped	3594	2.78769	0.5	48.9981	70.2275	0	0.956182	-0.292774	0	3595	4561
ChainingRodShaped	3332	3.61338	0.5	-16.6036	-8.93537	0	-0.911349	0.411634	0	None	None
ChainingRodShaped	3168	3.42048	0.5	-33.401	-101.177	0	-0.926035	-0.377438	0	3169	1095
ChainingRodShaped	3868	2.73199	0.5	-26.9753	60.2409	0	0.0519179	-0.998651	0	None	None
ChainingRodShaped	4158	2.60328	0.5	-36.3418	3.65344	0	-0.673079	0.739571	0	None	None
ChainingRodShaped	2988	4.77107	0.5	-37.556	39.1875	0	-0.792026	0.610487	0	None	None
ChainingRodShaped	2496	3.78563	0.5	-46.9473	28.8719	0	0.956358	-0.292197	0	None	None
ChainingRodShaped	1986	4.95691	0.5	4.27551	38.3718	0	0.126892	-0.991916	0	None	None
ChainingRodShaped	4566	2.025	0.5	-5.36291	-2.22993	0	-0.282432	-0.959287	0	None	None
ChainingRodShaped	3144	4.40931	0.5	-36.93	24.6196	0	0.179641	-0.983732	0	None	None
ChainingRodShaped	3972	2.40089	0.5	-27.9478	-11.9631	0	-0.65513	0.755516	0	3973	2219
ChainingRodShaped	2666	4.29011	0.5	17.2677	6.61665	0	0.917366	-0.398045	0	None	None
ChainingRodShaped	4098	2.31769	0.5	33.7378	37.7768	0	-0.883182	-0.46903	0	None	None
ChainingRodShaped	2782	3.65152	0.5	74.2515	141.539	0	-0.450437	-0.892808	0	2783	3557
ChainingRodShaped	1680	4.01796	0.5	104.794	28.3616	0	-0.0462185	-0.998931	0	1681	2425
ChainingRodShaped	2396	4.48204	0.5	30.29	26.4861	0	0.929968	0.36764	0	None	None
ChainingRodShaped	3014	4.02129	0.5	-21.7887	71.4814	0	0.659795	-0.751446	0	None	None
ChainingRodShaped	2160	4.41612	0.5	-7.30693	-49.2218	0	0.353422	-0.935464	0	2161	2093
ChainingRodShaped	2826	3.3172	0.5	1.60892	38.7649	0	0.974552	0.224161	0	None	None
ChainingRodShaped	1954	4.72451	0.5	-59.4859	115.599	0	-0.116032	-0.993246	0	1955	3281
ChainingRodShaped	1626	3.92244	0.5	-104.52	-125.655	0	-0.815142	-0.579262	0	3422	2187
ChainingRodShaped	3188	3.19355	0.5	-9.85059	13.5027	0	0.818808	-0.574067	0	None	None
ChainingRodShaped	4568	2.03495	0.5	-29.5107	12.9493	0	0.484952	0.874541	0	None	None
ChainingRodShaped	2940	4.01456	0.5	-54.8985	48.3855	0	-0.864932	-0.501889	0	None	None
ChainingRodShaped	2250	4.80707	0.5	7.86602	48.3554	0	-0.698811	-0.715306	0	None	None
ChainingRodShaped	1658	4.53808	0.5	-31.8471	61.7137	0	0.906501	0.422204	0	None	None
ChainingRodShaped	4278	2.35805	0.5	-28.4203	50.2018	0	-0.818371	-0.57469	0	None	None
ChainingRodShaped	2978	4.16359	0.5	-5.58156	-5.18892	0	0.942156	0.335175	0	None	None
ChainingRodShaped	4008	2.29228	0.5	16.3265	93.4312	0	0.868986	-0.494836	0	4009	3293
ChainingRodShaped	2122	3.43316	0.5	-115	12.8394	0	0.0916316	-0.995793	0	4038	1309
ChainingRodShaped	4128	2.49129	0.5	37.6011	31.2427	0	0.96353	-0.267599	0	None	None
ChainingRodShaped	1710	4.33706	0.5	17.6552	-51.953	0	-0.969519	0.245017	0	4154	1979
ChainingRodShaped	3274	3.47649	0.5	-7.10578	50.8397	0	-0.34817	-0.937431	0	None	None
ChainingRodShaped	3038	3.89431	0.5	-30.0606	44.7192	0	-0.796921	-0.604084	0	None	None
ChainingRodShaped	3956	2.70336	0.5	9.14554	14.6366	0	0.310175	-0.950679	0	None	None
ChainingRodShaped	3436	3.75427	0.5	35.5217	37.5917	0	0.892914	0.450227	0	None	None
ChainingRodShaped	3222	4.13362	0.5	-5.47868	-4.13052	0	0.941229	0.337768	0	None	None
ChainingRodShaped	3336	3.45815	0.5	-52.142	16.6605	0	-0.488776	0.872409	0	3337	2955
ChainingRodShaped	3442	2.82756	0.5	90.6811	62.5782	0	0.81951	-0.573064	0	3443	3309
ChainingRodShaped	4400	2.16037	0.5	88.1322	-8.98739	0	-0.675308	-0.737536	0	4401	3765
ChainingRodShaped	4130	2.67772	0.5	-2.40253	61.3542	0	-0.9935	0.113834	0	None	None
ChainingRodShaped	3342	3.56538	0.5	-7.23374	53.9777	0	-0.933938	-0.357434	0	None	None
ChainingRodShaped	3502	2.99489	0.5	-30.3689	46.6483	0	-0.808801	-0.588083	0	None	None
ChainingRodShaped	2000	3.97281	0.5	-10.6077	34.4613	0	0.948872	0.315662	0	None	None
ChainingRodShaped	3062	4.8252	0.5	-44.2974	23.1652	0	-0.938892	0.344212	0	None	None
ChainingRodShaped	3742	2.45869	0.5	11.8813	32.7764	0	0.146778	0.98917	0	None	None
ChainingRodShaped	2788	4.76393	0.5	-44.8996	22.397	0	-0.935403	0.353584	0	None	None
ChainingRodShaped	1722	4.19614	0.5	-39.1594	-24.9274	0	0.997705	-0.0677038	0	3170	4207
ChainingRodShaped	3930	3.0029	0.5	-39.7421	47.8686	0	-0.98904	0.147648	0	None	None
ChainingRodShaped	3510	3.29574	0.5	-6.50942	83.1444	0	-0.758453	0.651728	0	None	None
ChainingRodShaped	2622	3.7953	0.5	-32.2518	46.7283	0	-0.304466	-0.952523	0	None	None
ChainingRodShaped	3800	2.936	0.5	-40.3366	33.5823	0	0.676458	-0.736481	0	None	None
ChainingRodShaped	2304	3.74504	0.5	39.3736	122.876	0	-0.985652	0.168791	0	2305	3195
ChainingRodShaped	3536	2.95821	0.5	-59.6007	48.0205	0	0.151451	-0.988465	0	None	None
ChainingRodShaped	3388	3.34774	0.5	-31.2318	-0.44857	0	0.679933	-0.733274	0	None	None
ChainingRodShaped	2488	3.63808	0.5	98.1905	200.272	0	-0.514872	-0.857267	0	2489	2697
ChainingRodShaped	2798	4.4604	0.5	-35.6237	75.4441	0	0.373433	-0.927657	0	None	None
ChainingRodShaped	1636	4.68879	0.5	23.2622	19.1928	0	0.9194	0.393323	0	None	None
ChainingRodShaped	2776	4.4569	0.5	4.46103	0.382017	0	-0.519001	-0.854774	0	None	None
ChainingRodShaped	2916	4.1539	0.5	-34.4899	45.6912	0	-0.323451	-0.946245	0	None	None
ChainingRodShaped	2072	4.69387	0.5	39.5478	65.4519	0	0.459586	-0.888133	0	None	None
ChainingRodShaped	1484	4.81814	0.5	-79.7042	-112.544	0	-0.950632	-0.310322	0	1485	3667
ChainingRodShaped	2580	4.43996	0.5	-29.3694	48.4475	0	-0.812555	-0.582884	0	None	None
ChainingRodShaped	2078	4.23235	0.5	-19.8381	26.6599	0	-0.909907	-0.414811	0	None	None
ChainingRodShaped	1412	4.9758	0.5	-28.2672	55.7915	0	-0.515973	-0.856605	0	None	None
ChainingRodShaped	4424	2.1809	0.5	24.9686	31.227	0	-0.309947	-0.950754	0	None	None
ChainingRodShaped	3758	2.91246	0.5	-14.6863	-4.17177	0	0.508575	-0.861018	0	None	None
ChainingRodShaped	3016	3.8481	0.5	-105.057	-14.5964	0	0.613433	-0.789747	0	3017	3949
ChainingRodShaped	1704	4.66941	0.5	35.2935	43.5743	0	0.973342	-0.229357	0	None	None
ChainingRodShaped	3152	4.14242	0.5	17.7361	83.4362	0	0.916077	-0.401003	0	None	None
ChainingRodShaped	3558	3.2436	0.5	-18.1575	23.6487	0	-0.934173	-0.356822	0	None	None
ChainingRodShaped	3824	3.1988	0.5	-10.8873	-4.31276	0	-0.685801	-0.72779	0	None	None
ChainingRodShaped	4462	2.16664	0.5	10.2778	37.1376	0	-0.740503	-0.672053	0	None	None
ChainingRodShaped	4122	2.40033	0.5	-60.0541	44.515	0	-0.126904	0.991915	0	4123	1697
ChainingRodShaped	3714	2.5559	0.5	18.5667	1.44684	0	0.963908	-0.266236	0	None	None
ChainingRodShaped	4536	2.05278	0.5	-7.67941	39.9906	0	-0.349047	-0.937105	0	None	None
ChainingRodShaped	3792	2.64354	0.5	39.9096	61.5047	0	0.0920447	-0.995755	0	None	None
ChainingRodShaped	2458	4.73144	0.5	-4.20892	-39.8892	0	-0.744118	0.668049	0	2459	2257
ChainingRodShaped	2408	3.58583	0.5	33.1547	20.3031	0	-0.377698	-0.925929	0	None	None
ChainingRodShaped	2972	4.793	0.5	-42.4614	41.2077	0	-0.902248	0.431217	0	None	None
ChainingRodShaped	3734	2.70023	0.5	-50.2302	135.751	0	-0.672257	-0.740317	0	3735	3439
ChainingRodShaped	3496	2.67868	0.5	33.5509	68.0306	0	0.7429	-0.669403	0	None	None
ChainingRodShaped	1638	4.59541	0.5	15.4564	32.3665	0	-0.161629	-0.986852	0	None	None
ChainingRodShaped	4012	2.44414	0.5	-4.75112	45.292	0	-0.354334	-0.935119	0	None	None
ChainingRodShaped	1942	4.84072	0.5	-52.0167	43.3692	0	-0.0981409	-0.995173	0	None	None
ChainingRodShaped	2754	4.31602	0.5	-34.8091	65.3514	0	0.854944	-0.51872	0	None	None
ChainingRodShaped	2276	3.84179	0.5	-41.967	28.7796	0	0.892024	-0.451988	0	None	None
ChainingRodShaped	4270	2.31275	0.5	-111.975	43.3168	0	-0.253903	-0.96723	0	4271	2027
ChainingRodShaped	4502	2.13386	0.5	-53.3021	27.77	0	-0.958862	0.283874	0	None	None
ChainingRodShaped	4332	2.19555	0.5	-41.0991	33.0403	0	0.681866	-0.731477	0	None	None
ChainingRodShaped	2316	4.71318	0.5	13.715	33.1024	0	0.142896	0.989738	0	None	None
ChainingRodShaped	2444	4.60833	0.5	23.7964	76.0357	0	0.54236	-0.840146	0	None	None
ChainingRodShaped	4298	2.29863	0.5	-6.38526	65.9194	0	-0.20733	0.978271	0	None	None
ChainingRodShaped	4546	2.07662	0.5	-30.3342	2.77875	0	-0.979637	-0.200776	0	None	None
ChainingRodShaped	2600	3.9023	0.5	12.7683	32.656	0	0.138774	0.990324	0	None	None
ChainingRodShaped	2342	4.62034	0.5	-23.4662	28.721	0	-0.0144869	-0.999895	0	None	None
ChainingRodShaped	4140	2.70387	0.5	-25.1221	55.6725	0	-0.524409	-0.851466	0	None	None
ChainingRodShaped	2744	4.2495	0.5	68.8962	68.3284	0	0.999678	-0.025385	0	2745	4133
ChainingRodShaped	3268	3.2175	0.5	-4.41935	70.96	0	-0.910845	0.412748	0	None	None
ChainingRodShaped	2354	4.77116	0.5	-11.6287	96.9509	0	0.98615	0.165854	0	2355	4277
ChainingRodShaped	3756	3.19347	0.5	-33.079	47.0121	0	-0.313948	-0.94944	0	None	None
ChainingRodShaped	2850	4.0388	0.5	20.1173	23.9046	0	0.200316	-0.979731	0	None	None
ChainingRodShaped	2896	3.4128	0.5	37.7259	-51.1597	0	-0.956239	-0.292588	0	2897	2273
ChainingRodShaped	2962	3.54679	0.5	-23.5067	63.1557	0	0.0504545	-0.998726	0	None	None
ChainingRodShaped	2382	3.79706	0.5	15.1944	135.381	0	-0.79907	0.601238	0	2383	1699
ChainingRodShaped	3490	3.3232	0.5	22.8033	5.94896	0	0.912965	0.408038	0	None	None
ChainingRodShaped	2108	4.59025	0.5	-18.9949	34.201	0	-0.0149861	-0.999888	0	None	None
ChainingRodShaped	3250	3.39044	0.5	-0.855145	-5.77747	0	-0.0777281	-0.996975	0	None	None
ChainingRodShaped	3298	4.01226	0.5	-44.8576	74.9981	0	0.0183979	0.999831	0	None	None
ChainingRodShaped	2180	4.77892	0.5	-37.2135	14.054	0	-0.847723	0.53044	0	None	None
ChainingRodShaped	3236	3.97693	0.5	-30.5972	45.3906	0	-0.802901	-0.596112	0	None	None
ChainingRodShaped	4190	2.43276	0.5	-19.3422	80.4562	0	-0.884333	0.466857	0	None	None
ChainingRodShaped	4074	2.45545	0.5	20.3222	72.6847	0	-0.569108	0.822263	0	None	None
ChainingRodShaped	3130	3.83256	0.5	-19.5872	-3.0721	0	0.991735	0.128303	0	None	None
ChainingRodShaped	3500	3.68202	0.5	-31.2506	78.9867	0	-0.926816	-0.375516	0	None	None
ChainingRodShaped	2938	3.72286	0.5	-9.80865	70.4743	0	-0.918683	0.394996	0	None	None
ChainingRodShaped	3766	3.14805	0.5	27.5162	41.7737	0	0.556649	-0.830748	0	None	None
ChainingRodShaped	4094	2.55386	0.5	4.85799	58.9098	0	-0.867022	-0.49827	0	None	None
ChainingRodShaped	2524	3.60554	0.5	-34.4694	34.0497	0	-0.709821	0.704382	0	None	None
ChainingRodShaped	3774	2.5589	0.5	37.7146	43.9913	0	0.970999	-0.239084	0	None	None
ChainingRodShaped	3892	3.00048	0.5	19.7261	43.8068	0	0.375258	-0.92692	0	None	None
ChainingRodShaped	3540	3.29168	0.5	-8.64646	8.14966	0	0.530199	-0.847873	0	None	None
ChainingRodShaped	1580	4.36133	0.5	-10.7491	-82.6195	0	-0.541286	-0.840838	0	3184	2339
ChainingRodShaped	3380	3.92219	0.5	-54.2532	30.6686	0	-0.999803	0.0198463	0	None	None
ChainingRodShaped	3670	2.52022	0.5	-59.9988	-107.731	0	-0.98394	-0.1785	0	3671	1585
ChainingRodShaped	3276	3.51852	0.5	-55.2603	99.4404	0	0.622076	-0.782957	0	3277	2985
ChainingRodShaped	4226	2.52086	0.5	18.5006	7.14669	0	0.919668	-0.392698	0	None	None
ChainingRodShaped	4436	2.16213	0.5	-13.7965	7.02359	0	0.957999	-0.286772	0	None	None
ChainingRodShaped	1324	4.35716	0.5	-131.552	-145.857	0	-0.802337	-0.596871	0	3836	1281
ChainingRodShaped	3924	2.34605	0.5	83.2966	167.092	0	-0.30127	-0.953539	0	3925	2055
ChainingRodShaped	3498	3.33888	0.5	8.88035	34.7532	0	-0.772062	-0.635547	0	None	None
ChainingRodShaped	2154	3.89246	0.5	-35.3343	58.0929	0	0.999446	0.0332821	0	None	None
ChainingRodShaped	1662	4.716	0.5	75.3311	-21.9071	0	-0.70841	-0.705801	0	3542	3651
ChainingRodShaped	4350	2.1439	0.5	33.1509	29.6812	0	0.899885	0.436127	0	None	None
ChainingRodShaped	2646	4.32299	0.5	-25.5064	34.6814	0	-0.299378	-0.954134	0	None	None
ChainingRodShaped	3206	3.66623	0.5	6.73484	38.7918	0	0.750431	0.660949	0	None	None
ChainingRodShaped	3404	3.04912	0.5	-8.65218	60.8714	0	-0.421714	-0.906729	0	None	None
ChainingRodShaped	3216	3.08016	0.5	2.53107	44.3813	0	-0.868899	-0.49499	0	None	None
ChainingRodShaped	3946	2.5237	0.5	-12.7932	11.0598	0	0.80086	-0.598851	0	None	None
ChainingRodShaped	4034	2.75632	0.5	14.1577	83.7211	0	-0.956407	0.292035	0	None	None
ChainingRodShaped	3172	4.20966	0.5	-45.7323	43.2292	0	-0.996666	0.0815926	0	None	None
ChainingRodShaped	3988	2.81732	0.5	-33.3843	59.0752	0	0.999063	0.0432893	0	None	None
ChainingRodShaped	3320	2.97143	0.5	33.3927	28.5579	0	0.966737	0.255774	0	None	None
ChainingRodShaped	2172	4.54756	0.5	-7.48439	95.4938	0	-0.98475	0.173978	0	None	None
ChainingRodShaped	3726	3.23452	0.5	-9.27585	18.1581	0	-0.223422	-0.974722	0	None	None
ChainingRodShaped	1566	4.74085	0.5	5.50744	-5.14613	0	-0.988558	-0.150844	0	None	None
ChainingRodShaped	4592	2.00425	0.5	-40.8719	87.9291	0	-0.864153	0.503229	0	None	None
ChainingRodShaped	3686	2.42192	0.5	-88.0011	-26.1781	0	0.962837	-0.270085	0	3687	3951
ChainingRodShaped	2536	4.95062	0.5	101.348	48.2017	0	0.383889	-0.923379	0	2537	1923
ChainingRodShaped	2008	4.47122	0.5	-1.93826	14.6951	0	-0.18945	-0.98189	0	None	None
ChainingRodShaped	3640	2.65832	0.5	9.41195	1.49056	0	-0.271698	-0.962383	0	None	None
ChainingRodShaped	2936	4.41446	0.5	-50.9711	26.0585	0	-0.957764	0.287555	0	None	None
ChainingRodShaped	1360	4.40268	0.5	-67.7686	65.2458	0	-0.717198	0.696869	0	3684	1839
ChainingRodShaped	2970	3.42865	0.5	32.7311	71.3627	0	0.763795	-0.645459	0	None	None
ChainingRodShaped	4478	2.1484	0.5	-12.1541	62.1546	0	-0.26322	-0.964736	0	None	None
ChainingRodShaped	4220	2.35976	0.5	-26.4582	34.5741	0	-0.308844	-0.951113	0	None	None
ChainingRodShaped	2592	4.87992	0.5	27.5207	22.1293	0	0.908771	0.417296	0	None	None
ChainingRodShaped	3400	3.34787	0.5	-43.2041	32.5253	0	0.693827	-0.720141	0	None	None
ChainingRodShaped	2262	4.05337	0.5	-6.00324	70.6862	0	-0.914935	0.403602	0	None	None
ChainingRodShaped	1614	4.76838	0.5	7.63868	50.686	0	-0.68689	-0.726762	0	None	None
ChainingRodShaped	2786	3.38285	0.5	27.2888	57.0729	0	0.29311	-0.956079	0	None	None
ChainingRodShaped	3456	3.79492	0.5	-18.6367	82.1462	0	-0.886163	0.463373	0	None	None
ChainingRodShaped	1978	4.40307	0.5	8.48043	-48.5427	0	-0.895474	0.445114	0	1979	1047
ChainingRodShaped	3674	3.21308	0.5	-21.7136	83.842	0	-0.999129	-0.0417224	0	None	None
ChainingRodShaped	3178	3.53205	0.5	24.1633	79.7606	0	0.314381	-0.949297	0	None	None
ChainingRodShaped	3854	3.12764	0.5	-26.7532	67.763	0	0.806515	-0.591213	0	None	None
ChainingRodShaped	3196	2.94913	0.5	9.66142	9.4097	0	0.243374	-0.969933	0	None	None
ChainingRodShaped	3162	3.38182	0.5	-27.0284	2.06969	0	-0.873087	-0.487565	0	None	None
ChainingRodShaped	4142	2.67962	0.5	-1.6113	60.3436	0	-0.999995	-0.00316869	0	None	None
ChainingRodShaped	2960	4.3906	0.5	-7.12753	61.9021	0	-0.459174	-0.888347	0	None	None
ChainingRodShaped	4360	2.28914	0.5	-42.497	9.54819	0	0.589606	-0.807691	0	None	None
ChainingRodShaped	2816	4.21553	0.5	-19.8382	42.9205	0	-0.973222	0.229869	0	None	None
ChainingRodShaped	4284	2.43179	0.5	22.7742	61.8903	0	0.536775	-0.843726	0	None	None
ChainingRodShaped	3212	4.21549	0.5	-3.81225	-0.029818	0	-0.234587	-0.972095	0	None	None
ChainingRodShaped	2764	3.51092	0.5	-8.00172	48.1079	0	0.543062	-0.839693	0	None	None
ChainingRodShaped	3682	2.61504	0.5	-1.25722	37.3007	0	-0.980875	-0.194638	0	None	None
ChainingRodShaped	2770	3.94595	0.5	-31.5423	66.7371	0	0.828185	-0.560455	0	None	None
ChainingRodShaped	1944	3.77918	0.5	99.1392	6.56965	0	-0.465308	-0.885149	0	3810	1755
ChainingRodShaped	4368	2.1198	0.5	3.74623	89.3006	0	0.880491	0.474062	0	None	None
ChainingRodShaped	2446	4.79974	0.5	-2.66957	-4.64678	0	-0.0954269	-0.995436	0	None	None
ChainingRodShaped	2516	4.27759	0.5	-19.0072	81.3283	0	-0.881486	0.472211	0	None	None
ChainingRodShaped	3798	2.75928	0.5	-21.7752	87.5541	0	-0.999999	-0.00169578	0	None	None
ChainingRodShaped	1782	4.93693	0.5	-22.572	71.0538	0	0.66076	-0.750597	0	None	None
ChainingRodShaped	1998	3.76123	0.5	57.7597	124.774	0	-0.922321	-0.386424	0	4202	2907
ChainingRodShaped	3768	2.79969	0.5	-0.663269	-8.68576	0	-0.693644	-0.720318	0	None	None
ChainingRodShaped	4470	2.07465	0.5	-33.923	146.844	0	-0.936381	-0.350986	0	4471	4531
ChainingRodShaped	2240	4.89162	0.5	-38.9129	65.8466	0	0.821347	-0.570429	0	None	None
ChainingRodShaped	2062	3.89604	0.5	-1.95798	70.8221	0	-0.906674	0.421832	0	None	None
ChainingRodShaped	4456	2.09574	0.5	105.726	212.016	0	-0.558972	-0.829186	0	4457	1215
ChainingRodShaped	3214	3.53072	0.5	-44.7268	19.9129	0	-0.366878	0.930269	0	None	None
ChainingRodShaped	3488	3.04001	0.5	-8.65466	45.9813	0	0.545671	-0.837999	0	None	None
ChainingRodShaped	3160	3.99116	0.5	-10.4673	24.7616	0	-0.796237	-0.604985	0	None	None
ChainingRodShaped	3072	4.66804	0.5	-19.4166	38.6288	0	-0.59909	0.800681	0	None	None
ChainingRodShaped	2132	4.0624	0.5	26.6117	67.203	0	-0.852327	0.523009	0	None	None
ChainingRodShaped	2026	4.79565	0.5	-113.975	33.475	0	-0.158934	-0.987289	0	2027	2867
ChainingRodShaped	3360	2.71377	0.5	16.2461	55.7295	0	-0.726064	-0.687627	0	None	None
ChainingRodShaped	4578	2.01614	0.5	-8.75542	6.52208	0	0.521699	-0.85313	0	None	None
ChainingRodShaped	3204	3.15595	0.5	34.4553	34.9054	0	0.887583	0.460648	0	None	None
ChainingRodShaped	3242	3.7601	0.5	-31.5047	60.8667	0	0.902239	0.431237	0	None	None
ChainingRodShaped	4176	2.28268	0.5	30.2771	42.7028	0	0.574736	-0.818339	0	None	None
ChainingRodShaped	3020	3.55583	0.5	15.7407	44.0582	0	0.366285	-0.930503	0	None	None
ChainingRodShaped	2876	3.59887	0.5	-31.2365	20.7973	0	-0.0938155	-0.99559	0	None	None
ChainingRodShaped	2704	3.94674	0.5	-55.0564	46.1254	0	0.860447	0.509541	0	None	None
ChainingRodShaped	4144	2.62062	0.5	-30.0335	6.65941	0	0.998714	-0.0506977	0	None	None
ChainingRodShaped	3912	2.9081	0.5	-53.1719	54.4129	0	-0.962644	0.270771	0	None	None
ChainingRodShaped	3064	4.81713	0.5	-33.8442	39.5526	0	-0.72981	0.68365	0	None	None
ChainingRodShaped	2806	3.79421	0.5	26.8135	65.9845	0	-0.847057	0.531502	0	None	None
ChainingRodShaped	3576	2.52412	0.5	28.1164	84.3952	0	0.735243	-0.677804	0	3577	4209
ChainingRodShaped	3262	4.03547	0.5	-9.58	6.07674	0	0.525411	-0.850848	0	None	None
ChainingRodShaped	2708	3.33936	0.5	-43.5103	28.5034	0	0.888907	-0.458088	0	None	None
ChainingRodShaped	3252	3.72769	0.5	10.1764	83.8962	0	-0.960739	0.277453	0	None	None
ChainingRodShaped	1618	3.87092	0.5	-17.7352	-24.7707	0	-0.613306	0.789845	0	1619	2805
ChainingRodShaped	2986	3.3492	0.5	-53.1439	52.4262	0	0.965279	-0.261219	0	None	None
ChainingRodShaped	3932	2.36103	0.5	-30.2744	13.4767	0	0.493627	0.869674	0	None	None
ChainingRodShaped	3802	2.44663	0.5	-9.75715	21.8836	0	-0.807327	-0.590104	0	None	None
ChainingRodShaped	3584	2.56901	0.5	-19.5289	24.8907	0	-0.917992	-0.396599	0	None	None
ChainingRodShaped	2270	3.37746	0.5	-0.411024	97.8022	0	0.999255	-0.0386057	0	4276	2289
ChainingRodShaped	4082	2.43112	0.5	-43.1718	4.38852	0	-0.666676	0.745347	0	4083	3257
ChainingRodShaped	3304	3.08922	0.5	-3.98613	64.6358	0	-0.85809	0.513499	0	None	None
ChainingRodShaped	3530	3.05573	0.5	-101.729	63.102	0	-0.647619	-0.761965	0	3531	2627
ChainingRodShaped	4380	2.22299	0.5	-28.3157	-4.0441	0	-0.7677	-0.64081	0	None	None
ChainingRodShaped	3312	3.4885	0.5	-10.2921	17.8601	0	-0.223798	-0.974635	0	None	None
ChainingRodShaped	3710	3.11238	0.5	-0.918301	59.4452	0	-0.999913	-0.0131824	0	None	None
ChainingRodShaped	4484	2.05993	0.5	-13.2821	39.0672	0	-0.287472	-0.957789	0	None	None
ChainingRodShaped	4170	2.63047	0.5	-23.2842	24.5426	0	-0.970267	-0.242036	0	None	None
ChainingRodShaped	2810	4.11365	0.5	17.852	45.9061	0	0.384159	-0.923267	0	None	None
ChainingRodShaped	3706	3.12913	0.5	21.8601	43.3916	0	0.361869	-0.932229	0	None	None
ChainingRodShaped	4002	2.57531	0.5	11.3581	29.3394	0	0.146791	0.989168	0	None	None
ChainingRodShaped	4026	2.75233	0.5	14.2127	1.10444	0	0.931829	-0.362898	0	None	None
ChainingRodShaped	2564	4.86667	0.5	-2.78049	48.0783	0	-0.340293	-0.940319	0	None	None
ChainingRodShaped	3416	3.86635	0.5	-40.2458	4.60499	0	0.240879	-0.970555	0	None	None
ChainingRodShaped	4466	2.16387	0.5	24.615	18.7302	0	0.915614	0.402058	0	None	None
ChainingRodShaped	2358	4.20509	0.5	7.41306	41.7299	0	0.749096	0.662462	0	None	None
ChainingRodShaped	2658	3.46324	0.5	13.4397	67.6392	0	0.613834	-0.789435	0	None	None
ChainingRodShaped	2814	4.98477	0.5	7.83849	6.28363	0	0.469563	-0.882899	0	None	None
ChainingRodShaped	2338	4.33914	0.5	-17.674	-91.0661	0	-0.717088	-0.696983	0	2339	2959
ChainingRodShaped	2550	4.36038	0.5	-5.01443	94.0556	0	-0.984852	0.173396	0	None	None
ChainingRodShaped	3150	3.63109	0.5	51.8391	-44.0951	0	-0.812663	-0.582735	0	3151	3865
ChainingRodShaped	2452	3.80585	0.5	-19.2964	-32.3905	0	0.786868	-0.617121	0	2453	2333
ChainingRodShaped	2730	2.95685	0.5	-46.2961	-105.155	0	-0.975414	-0.22038	0	2731	4211
ChainingRodShaped	3908	2.84588	0.5	25.9432	9.82569	0	-0.934786	-0.355211	0	None	None
ChainingRodShaped	2434	3.6989	0.5	-27.3069	67.1489	0	0.812383	-0.583124	0	None	None
ChainingRodShaped	2508	4.03183	0.5	-28.9009	78.9403	0	-0.923016	-0.384761	0	None	None
ChainingRodShaped	2330	4.27589	0.5	-52.28	-25.3025	0	0.994604	0.103743	0	2331	3171
ChainingRodShaped	2118	4.31048	0.5	-121.392	-138.228	0	-0.797054	-0.603908	0	4372	3837
ChainingRodShaped	4532	2.04035	0.5	-3.65488	16.3261	0	0.992817	-0.119643	0	None	None
ChainingRodShaped	2870	3.7626	0.5	-1.73034	33.5893	0	-0.965115	-0.261825	0	None	None
ChainingRodShaped	2560	3.42661	0.5	-45.1392	32.8536	0	0.797482	-0.603342	0	None	None
ChainingRodShaped	2146	4.65419	0.5	33.2642	35.349	0	0.884889	0.465803	0	None	None
ChainingRodShaped	1588	4.94105	0.5	16.2329	12.1446	0	-0.947642	0.319334	0	None	None
ChainingRodShaped	2264	3.9002	0.5	-5.74351	-70.4905	0	-0.211704	-0.977334	0	2265	3185
ChainingRodShaped	3348	3.77227	0.5	5.99634	82.5535	0	0.258817	-0.965926	0	None	None
ChainingRodShaped	4192	2.2983	0.5	-30.3665	20.6666	0	-0.083893	-0.996475	0	None	None
ChainingRodShaped	3114	4.31523	0.5	-10.0288	12.4839	0	0.805671	-0.592364	0	None	None
ChainingRodShaped	1416	4.75994	0.5	32.0276	37.9474	0	-0.879556	-0.475796	0	None	None
ChainingRodShaped	2686	3.49156	0.5	-54.1392	53.695	0	-0.962617	0.270866	0	None	None
ChainingRodShaped	3878	2.86089	0.5	-47.6885	44.4327	0	-0.868783	-0.495193	0	None	None
ChainingRodShaped	2922	3.5072	0.5	29.9282	46.1819	0	0.136803	-0.990598	0	None	None
ChainingRodShaped	3926	2.53037	0.5	-18.7077	51.9652	0	0.539881	-0.841742	0	None	None
ChainingRodShaped	4440	2.14716	0.5	18.8078	4.56405	0	-0.939522	-0.34249	0	None	None
ChainingRodShaped	3654	3.41119	0.5	11.0559	17.9546	0	-0.598162	0.801375	0	None	None
ChainingRodShaped	2512	4.01688	0.5	37.5569	61.7361	0	0.730974	-0.682405	0	None	None
ChainingRodShaped	4166	2.6779	0.5	-24.0083	50.6293	0	-0.520259	-0.854008	0	None	None
ChainingRodShaped	3316	2.96706	0.5	10.8603	40.8984	0	0.7975	-0.603319	0	None	None
ChainingRodShaped	3782	2.82526	0.5	-4.40009	65.9777	0	-0.886282	0.463146	0	None	None
ChainingRodShaped	2480	4.29383	0.5	-22.8324	19.1753	0	-0.991889	-0.127106	0	None	None
ChainingRodShaped	2694	3.41584	0.5	23.0695	129.766	0	-0.83838	0.545086	0	2695	2383
ChainingRodShaped	1842	4.94811	0.5	-6.02558	75.9516	0	0.888752	-0.458389	0	None	None
ChainingRodShaped	4160	2.69257	0.5	-32.6448	72.6173	0	0.904379	-0.426731	0	None	None
ChainingRodShaped	2224	4.98222	0.5	0.658204	86.6909	0	0.89093	0.45414	0	None	None
ChainingRodShaped	2872	3.49374	0.5	-49.8415	44.0726	0	-0.764099	-0.645099	0	None	None
ChainingRodShaped	3074	3.22521	0.5	-11.7026	6.99091	0	0.740322	-0.672252	0	None	None
ChainingRodShaped	3546	2.97349	0.5	4.8661	142.708	0	-0.850908	0.525316	0	3547	3379
ChainingRodShaped	4528	2.07091	0.5	-37.0973	44.7503	0	0.0995616	-0.995031	0	None	None
ChainingRodShaped	2982	4.00492	0.5	-16.5168	45.7137	0	0.428081	-0.90374	0	None	None
ChainingRodShaped	3918	2.82282	0.5	3.34906	67.5609	0	0.111875	-0.993722	0	None	None
ChainingRodShaped	3754	2.71959	0.5	-49.4666	46.6839	0	-0.870972	-0.491333	0	None	None
ChainingRodShaped	1464	4.07402	0.5	-56.8266	125.509	0	-0.397007	-0.917815	0	3438	1955
ChainingRodShaped	2244	4.72278	0.5	-3.59693	78.7001	0	0.930112	0.367277	0	None	None
ChainingRodShaped	2200	4.74384	0.5	-3.14452	91.3907	0	0.815503	-0.578753	0	None	None
ChainingRodShaped	3266	4.20667	0.5	26.9616	52.7908	0	-0.00804312	-0.999968	0	None	None
ChainingRodShaped	2650	3.34507	0.5	77.8288	149.904	0	-0.34158	-0.939853	0	2651	2783
ChainingRodShaped	3812	2.99591	0.5	-15.2341	89.0017	0	0.880795	-0.473498	0	None	None
ChainingRodShaped	4084	2.63531	0.5	-40.5823	64.6019	0	0.853175	-0.521625	0	None	None
ChainingRodShaped	3102	4.12654	0.5	-55.2715	27.6553	0	-0.0658522	0.997829	0	None	None
ChainingRodShaped	2318	3.60523	0.5	-13.811	73.6511	0	-0.848489	0.529214	0	None	None
ChainingRodShaped	3420	2.83075	0.5	13.0921	57.7152	0	-0.720404	-0.693555	0	None	None
ChainingRodShaped	3960	2.60403	0.5	-31.8846	65.8542	0	0.833746	-0.552149	0	None	None
ChainingRodShaped	2848	4.24951	0.5	8.28439	59.8033	0	-0.871948	-0.489598	0	None	None
ChainingRodShaped	3224	4.34509	0.5	-37.4689	74.9725	0	0.367982	-0.929833	0	None	None
ChainingRodShaped	2236	4.15546	0.5	-20.8334	29.374	0	-0.0149923	-0.999888	0	None	None
ChainingRodShaped	3142	3.09834	0.5	-35.9926	19.8075	0	-0.121086	-0.992642	0	None	None
ChainingRodShaped	3190	3.09367	0.5	22.903	60.0422	0	0.568881	-0.82242	0	None	None
ChainingRodShaped	3564	3.12085	0.5	-48.2657	61.2586	0	0.430187	-0.90274	0	None	None
ChainingRodShaped	1778	4.68939	0.5	-2.84658	0.0296929	0	-0.234949	-0.972008	0	None	None
ChainingRodShaped	3356	3.70764	0.5	-36.5189	34.7722	0	0.712201	-0.701975	0	None	None
ChainingRodShaped	4444	2.20625	0.5	-36.1294	65.088	0	0.852598	-0.522568	0	None	None
ChainingRodShaped	3788	3.19118	0.5	20.9573	43.203	0	0.365976	-0.930624	0	None	None
ChainingRodShaped	3748	2.63203	0.5	-40.7269	35.394	0	0.669059	-0.74321	0	None	None
ChainingRodShaped	2710	4.58322	0.5	89.3809	183.279	0	-0.40166	-0.915789	0	2711	2845
ChainingRodShaped	2928	3.53109	0.5	-46.1525	58.0073	0	0.999837	0.018028	0	None	None
ChainingRodShaped	3128	3.90791	0.5	20.7274	81.4075	0	-0.132594	0.99117	0	None	None
ChainingRodShaped	2944	3.2882	0.5	2.76586	51.9675	0	-0.717924	-0.696122	0	None	None
ChainingRodShaped	3234	3.71609	0.5	-25.1973	30.2552	0	-0.0220784	-0.999756	0	None	None
ChainingRodShaped	1584	4.58819	0.5	-69.006	-109.584	0	-0.974293	-0.225286	0	1585	1485
ChainingRodShaped	4510	2.04648	0.5	-16.3518	58.7346	0	-0.747562	-0.664192	0	None	None
ChainingRodShaped	3282	3.78361	0.5	24.9713	80.3844	0	0.30487	-0.952394	0	None	None
ChainingRodShaped	4252	2.46198	0.5	-31.0557	40.3782	0	0.7089	-0.705309	0	None	None
ChainingRodShaped	3306	3.69064	0.5	31.8623	46.1456	0	0.115262	-0.993335	0	None	None
ChainingRodShaped	1624	4.87065	0.5	-27.2219	84.2483	0	0.196326	-0.980539	0	None	None
ChainingRodShaped	3644	2.69783	0.5	-12.3365	38.4926	0	-0.473252	-0.880927	0	None	None
ChainingRodShaped	3398	3.1013	0.5	83.9266	66.0058	0	0.942837	-0.333255	0	3399	3443
ChainingRodShaped	2616	4.84963	0.5	7.41389	42.8901	0	0.742452	0.669899	0	None	None
ChainingRodShaped	3280	2.8666	0.5	-59.0974	107.028	0	0.251349	-0.967897	0	3281	3277
ChainingRodShaped	3938	2.7759	0.5	29.4184	25.1053	0	0.929495	0.368834	0	None	None
ChainingRodShaped	4056	2.28197	0.5	-41.6756	92.0175	0	0.995672	-0.0929348	0	4057	1771
ChainingRodShaped	3470	2.73492	0.5	-112.542	-0.303485	0	0.294413	-0.955678	0	3471	3637
ChainingRodShaped	4446	2.0821	0.5	-21.7595	27.8268	0	-0.0145589	-0.999894	0	None	None
ChainingRodShaped	3118	4.63746	0.5	23.0983	28.2591	0	-0.279487	-0.960149	0	None	None
ChainingRodShaped	4062	2.63479	0.5	3.63635	15.2644	0	0.555757	-0.831345	0	None	None
ChainingRodShaped	2022	4.59877	0.5	-25.6188	87.349	0	-0.947761	0.31898	0	None	None
ChainingRodShaped	3668	2.93347	0.5	-94.0329	-118.852	0	-0.868629	-0.495464	0	3669	3423
ChainingRodShaped	2030	4.17299	0.5	1.20555	52.848	0	-0.723978	-0.689823	0	None	None
ChainingRodShaped	3156	4.59056	0.5	39.0664	53.9438	0	-0.33243	-0.943128	0	None	None
ChainingRodShaped	4046	2.77878	0.5	-33.6557	31.7433	0	-0.648428	0.761276	0	None	None
ChainingRodShaped	4120	2.58051	0.5	-29.2921	39.7186	0	0.590821	-0.806803	0	None	None
ChainingRodShaped	2900	3.67454	0.5	-33.5158	65.6559	0	0.860089	-0.510143	0	None	None
ChainingRodShaped	3244	4.14443	0.5	-26.6298	38.5274	0	0.364815	-0.93108	0	None	None
ChainingRodShaped	4422	2.23448	0.5	12.5124	87.1943	0	0.555975	-0.831199	0	None	None
ChainingRodShaped	3486	3.46566	0.5	-16.3529	11.621	0	0.959874	-0.280433	0	None	None
ChainingRodShaped	3834	2.81523	0.5	-5.85028	90.7974	0	0.873643	-0.486567	0	None	None
ChainingRodShaped	2998	4.47967	0.5	-11.3597	38.4658	0	-0.477225	-0.878781	0	None	None
ChainingRodShaped	3996	2.60956	0.5	-22.902	9.04116	0	0.724136	-0.689657	0	None	None
ChainingRodShaped	2014	4.64752	0.5	-33.4438	17.3123	0	-0.105908	-0.994376	0	None	None
ChainingRodShaped	3382	3.29231	0.5	-7.26343	32.6917	0	-0.950595	-0.310434	0	None	None
ChainingRodShaped	3176	3.10683	0.5	-55.3085	47.0621	0	0.862601	0.505885	0	None	None
ChainingRodShaped	3872	2.81064	0.5	-56.7985	56.9572	0	-0.833243	-0.552907	0	None	None
ChainingRodShaped	2700	3.58478	0.5	37.6729	47.7817	0	-0.519962	-0.854189	0	None	None
ChainingRodShaped	3264	3.89672	0.5	10.4703	52.3483	0	-0.6796	-0.733583	0	None	None
ChainingRodShaped	2890	3.76487	0.5	-14.1513	19.9542	0	-0.989128	-0.147057	0	None	None
ChainingRodShaped	3070	3.74722	0.5	-24.3175	27.0512	0	-0.00447118	-0.99999	0	None	None
ChainingRodShaped	4136	2.64309	0.5	23.7526	71.1167	0	-0.591311	0.806444	0	None	None
ChainingRodShaped	4302	2.16397	0.5	0.348873	17.1896	0	-0.179141	-0.983823	0	None	None
ChainingRodShaped	3578	2.63046	0.5	35.2129	41.7024	0	0.890263	0.455448	0	None	None
ChainingRodShaped	2504	4.03996	0.5	-27.4487	2.90484	0	-0.877917	-0.478813	0	None	None
ChainingRodShaped	3900	3.04173	0.5	4.13818	70.8025	0	-0.0784872	-0.996915	0	None	None
ChainingRodShaped	4448	2.10691	0.5	18.9695	20.1391	0	0.200165	-0.979762	0	None	None
ChainingRodShaped	1696	4.55047	0.5	-61.7256	54.2885	0	-0.236226	0.971698	0	1697	3685
ChainingRodShaped	3692	3.11924	0.5	-30.8618	63.1753	0	0.907935	0.419112	0	None	None
ChainingRodShaped	4000	2.64815	0.5	-26.3177	55.4991	0	-0.532855	-0.846207	0	None	None
ChainingRodShaped	2864	4.52265	0.5	-50.6063	56.1594	0	-0.998274	0.0587225	0	None	None
ChainingRodShaped	2530	4.145	0.5	13.875	4.53113	0	0.566574	-0.824011	0	None	None
ChainingRodShaped	1922	4.29228	0.5	104.234	38.132	0	0.159912	-0.987131	0	1923	1681
ChainingRodShaped	3512	2.58033	0.5	92.2293	-4.15797	0	-0.616223	-0.787571	0	3513	4401
ChainingRodShaped	3948	2.42004	0.5	-100.036	-19.9283	0	0.76602	-0.642816	0	3949	3953
ChainingRodShaped	3068	4.44966	0.5	28.5821	76.6381	0	0.124865	-0.992174	0	None	None
ChainingRodShaped	3080	3.22382	0.5	-19.9347	13.742	0	0.698211	-0.715892	0	None	None
ChainingRodShaped	3476	2.98389	0.5	14.6964	33.4474	0	-0.152587	-0.98829	0	None	None
ChainingRodShaped	4030	2.34603	0.5	-19.6869	79.5886	0	-0.886518	0.462694	0	None	None
ChainingRodShaped	4264	2.25108	0.5	1.71786	27.1302	0	-0.733989	-0.679161	0	None	None
ChainingRodShaped	3950	2.51233	0.5	-81.4469	-27.378	0	0.995543	-0.0943055	0	3951	2683
ChainingRodShaped	2272	4.09533	0.5	29.0832	-52.8402	0	-0.995744	-0.0921648	0	2273	4155
ChainingRodShaped	2340	4.86311	0.5	113.884	223.714	0	-0.578661	-0.815568	0	2341	3679
ChainingRodShaped	2148	4.78893	0.5	-14.9716	34.5395	0	-0.879349	-0.476177	0	None	None
ChainingRodShaped	4494	2.10629	0.5	0.233696	53.2001	0	-0.730839	-0.68255	0	None	None
ChainingRodShaped	2028	4.02592	0.5	-27.1969	-1.69084	0	-0.765153	-0.643849	0	None	None
ChainingRodShaped	1686	4.27983	0.5	67	131.237	0	-0.693468	-0.720488	0	3556	4203
ChainingRodShaped	3822	2.71583	0.5	19.3849	60.3272	0	0.468626	-0.883396	0	None	None
ChainingRodShaped	2230	4.66273	0.5	-24.4447	51.6173	0	-0.511718	-0.859153	0	None	None
ChainingRodShaped	3460	3.0534	0.5	-19.5951	41.0718	0	-0.968419	0.249328	0	None	None
ChainingRodShaped	2640	4.13566	0.5	-25.3366	71.2151	0	0.74225	-0.670123	0	None	None
ChainingRodShaped	3882	2.79603	0.5	-44.2906	61.2717	0	-0.16636	-0.986065	0	None	None
ChainingRodShaped	3680	3.3968	0.5	10.0545	21.7454	0	0.26304	-0.964785	0	None	None
ChainingRodShaped	3572	2.8111	0.5	6.71067	2.30034	0	0.445832	-0.895117	0	None	None
ChainingRodShaped	3418	3.82401	0.5	15.3516	23.3917	0	0.239296	-0.970947	0	None	None
ChainingRodShaped	3942	2.64815	0.5	9.97923	82.9732	0	-0.961034	0.276429	0	None	None
ChainingRodShaped	3700	3.19273	0.5	19.649	38.9924	0	0.381429	-0.924398	0	None	None
ChainingRodShaped	2906	4.17455	0.5	49.1275	122.584	0	-0.994293	-0.106681	0	2907	2305
ChainingRodShaped	2796	4.41453	0.5	36.8898	28.9101	0	0.816586	-0.577224	0	None	None
ChainingRodShaped	2618	4.35011	0.5	-19.1395	66.3748	0	0.848326	-0.529475	0	None	None
ChainingRodShaped	1838	4.4232	0.5	-77.0395	70.869	0	-0.949112	0.31494	0	1839	2757
ChainingRodShaped	3534	3.6273	0.5	-0.526099	93.8673	0	-0.883812	-0.467843	0	None	None
ChainingRodShaped	3648	3.23158	0.5	-6.94299	10.6553	0	0.49236	-0.870392	0	None	None
ChainingRodShaped	1668	4.85858	0.5	-3.28993	11.9885	0	-0.0785543	-0.99691	0	None	None
ChainingRodShaped	1642	4.7221	0.5	-30.9209	5.73741	0	0.998544	-0.0539525	0	None	None
ChainingRodShaped	1582	4.82598	0.5	6.94648	23.0342	0	0.250941	-0.968002	0	None	None
ChainingRodShaped	3744	2.72611	0.5	21.9833	24.1606	0	0.219866	-0.97553	0	None	None
ChainingRodShaped	2256	4.07422	0.5	-11.3136	-32.6541	0	-0.656694	0.754157	0	2257	1619
ChainingRodShaped	4258	2.47147	0.5	18.4111	84.2061	0	0.917847	-0.396933	0	None	None
ChainingRodShaped	2020	4.04097	0.5	17.1248	26.9277	0	-0.177684	-0.984088	0	None	None
ChainingRodShaped	4506	2.08577	0.5	-24.6981	69.4547	0	0.748928	-0.662652	0	None	None
ChainingRodShaped	2784	3.68144	0.5	7.8423	69.2178	0	0.0262126	-0.999656	0	None	None
ChainingRodShaped	4118	2.33704	0.5	-0.686905	9.58037	0	-0.247623	-0.968856	0	None	None
ChainingRodShaped	3764	2.38212	0.5	83.5639	-13.7417	0	-0.705742	-0.708469	0	3765	3543
ChainingRodShaped	2522	4.40693	0.5	-4.01515	24.9866	0	-0.797646	-0.603125	0	None	None
ChainingRodShaped	3010	3.30135	0.5	-4.53103	43.3345	0	0.344833	0.938664	0	None	None
ChainingRodShaped	1702	4.9705	0.5	-20.5274	149.408	0	-0.998857	-0.0478056	0	3780	4263
ChainingRodShaped	1816	4.4337	0.5	-43.7431	16.2275	0	0.780965	-0.624575	0	None	None
ChainingRodShaped	4040	2.53973	0.5	-30.2423	84.8602	0	0.203707	-0.979032	0	None	None
ChainingRodShaped	4556	2.02671	0.5	-3.48358	73.4495	0	-0.468302	-0.883568	0	None	None
ChainingRodShaped	2400	4.52398	0.5	21.598	14.5306	0	-0.956059	-0.293174	0	None	None
ChainingRodShaped	3866	2.45046	0.5	-18.5974	24.3656	0	-0.930593	-0.366056	0	None	None
ChainingRodShaped	3066	3.50949	0.5	29.5106	59.7073	0	0.394228	-0.919013	0	None	None
ChainingRodShaped	3110	4.58757	0.5	-12.7023	-2.13652	0	0.194446	-0.980913	0	None	None
ChainingRodShaped	3202	3.74683	0.5	-24.4823	67.0509	0	0.751868	-0.659313	0	None	None
ChainingRodShaped	2558	3.4001	0.5	16.3689	11.1177	0	-0.94655	0.322557	0	None	None
ChainingRodShaped	2042	4.35649	0.5	-5.52186	26.135	0	-0.808376	-0.588667	0	None	None
ChainingRodShaped	3582	3.31428	0.5	26.5254	17.3094	0	-0.623812	-0.781575	0	None	None
ChainingRodShaped	3590	2.72339	0.5	27.6777	59.1037	0	0.334526	-0.942386	0	None	None
ChainingRodShaped	3126	4.32999	0.5	16.5812	28.974	0	-0.251734	-0.967796	0	None	None
ChainingRodShaped	2222	3.53523	0.5	-95.9918	68.3335	0	-0.818393	-0.574659	0	4362	3531
ChainingRodShaped	3140	3.41243	0.5	21.4616	74.3917	0	-0.550736	0.83468	0	None	None
ChainingRodShaped	3344	3.40708	0.5	-58.0359	32.1539	0	-0.218487	0.97584	0	3345	2153
ChainingRodShaped	2174	4.44222	0.5	-46.9716	17.56	0	0.781014	-0.624513	0	None	None
ChainingRodShaped	3944	2.49127	0.5	2.41192	67.8368	0	0.121799	-0.992555	0	None	None
ChainingRodShaped	2218	4.79784	0.5	-34.4295	-4.87784	0	-0.688176	0.725544	0	2219	2189
ChainingRodShaped	3030	3.39834	0.5	4.82453	-3.25212	0	-0.987009	-0.160663	0	None	None
ChainingRodShaped	2752	3.76348	0.5	-21.777	42.5587	0	-0.97086	0.239648	0	None	None
ChainingRodShaped	4086	2.56259	0.5	14.2421	18.33	0	-0.592238	0.805763	0	None	None
ChainingRodShaped	3390	2.94517	0.5	6.63934	-0.0318244	0	-0.989046	-0.147606	0	None	None
ChainingRodShaped	2596	4.23321	0.5	-27.0908	21.7392	0	-0.951298	0.308272	0	None	None
ChainingRodShaped	2892	3.16751	0.5	11.9134	15.2944	0	-0.62755	0.778576	0	None	None
ChainingRodShaped	3514	3.53439	0.5	-11.8541	-1.58204	0	0.189243	-0.98193	0	None	None
ChainingRodShaped	2426	3.88777	0.5	-28.184	84.3194	0	0.198278	-0.980146	0	None	None
ChainingRodShaped	3826	2.68724	0.5	-13.7933	14.7018	0	0.8238	-0.56688	0	None	None
ChainingRodShaped	2414	3.5888	0.5	-31.8975	14.3346	0	0.502266	0.864713	0	None	None
ChainingRodShaped	3506	3.48758	0.5	-42.7326	55.2486	0	-0.999939	-0.0110305	0	None	None
ChainingRodShaped	2912	3.87135	0.5	-30.0357	34.7125	0	-0.625913	0.779893	0	None	None
ChainingRodShaped	4294	2.24314	0.5	-18.5502	19.3274	0	-0.562899	-0.826526	0	None	None
ChainingRodShaped	3396	3.13207	0.5	35.3213	45.5499	0	0.977402	-0.211391	0	None	None
ChainingRodShaped	2742	4.20943	0.5	-9.64235	32.879	0	-0.948876	-0.315648	0	None	None
ChainingRodShaped	1386	4.95406	0.5	-49.0513	47.9408	0	-0.875854	-0.482576	0	None	None
ChainingRodShaped	2838	4.03772	0.5	-42.3829	44.5382	0	-0.958173	0.286188	0	None	None
ChainingRodShaped	4168	2.64609	0.5	-19.8825	78.6411	0	-0.887285	0.461222	0	None	None
ChainingRodShaped	3248	4.01395	0.5	-1.61394	44.0758	0	-0.372788	-0.927916	0	None	None
ChainingRodShaped	3902	3.06262	0.5	-14.601	66.6414	0	0.827273	-0.5618	0	None	None
ChainingRodShaped	3806	3.23502	0.5	-7.13559	89.2901	0	0.988	0.154452	0	None	None
ChainingRodShaped	2346	4.47833	0.5	-7.70229	68.568	0	-0.895701	0.444657	0	None	None
ChainingRodShaped	4032	2.54591	0.5	-29.1496	84.2929	0	0.197506	-0.980302	0	None	None
ChainingRodShaped	2612	3.67093	0.5	20.051	60.9679	0	0.477455	-0.878656	0	None	None
ChainingRodShaped	4150	2.4573	0.5	-49.416	72.6781	0	-0.741071	-0.671427	0	None	None
ChainingRodShaped	3410	3.37645	0.5	-50.3589	33.9428	0	0.825201	-0.564839	0	None	None
ChainingRodShaped	2424	4.26512	0.5	103.271	17.6693	0	-0.229935	-0.973206	0	2425	3811
ChainingRodShaped	2466	4.69613	0.5	-8.74108	-3.41325	0	-0.689881	-0.723923	0	None	None
ChainingRodShaped	3408	2.97447	0.5	24.6406	10.4428	0	-0.883972	-0.46754	0	None	None
ChainingRodShaped	2672	4.25741	0.5	32.4987	70.2864	0	0.768035	-0.640408	0	None	None
ChainingRodShaped	1974	4.22099	0.5	7.81208	23.2946	0	0.245964	-0.969279	0	None	None
ChainingRodShaped	4020	2.65316	0.5	-15.3965	57.093	0	-0.715791	-0.698315	0	None	None
ChainingRodShaped	3028	3.63267	0.5	1.19052	45.1542	0	-0.605869	-0.795565	0	None	None
ChainingRodShaped	3738	3.024	0.5	1.19396	-5.7671	0	-0.000478724	-1	0	None	None
ChainingRodShaped	2344	3.7918	0.5	2.4077	71.6913	0	0.244151	-0.969737	0	None	None
ChainingRodShaped	3638	3.03191	0.5	12.043	60.4469	0	-0.659652	-0.751571	0	None	None
ChainingRodShaped	2298	3.35409	0.5	-62.5257	-26.5513	0	0.991901	0.127013	0	4402	2331
ChainingRodShaped	2824	4.12457	0.5	-38.3365	74.6228	0	0.369458	-0.929247	0	None	None
ChainingRodShaped	3060	3.7276	0.5	26.0605	52.3929	0	-0.0180403	-0.999837	0	None	None
ChainingRodShaped	2778	4.18571	0.5	-18.6634	30.9063	0	-0.615831	-0.787878	0	None	None
ChainingRodShaped	2296	3.75288	0.5	-21.702	20.2391	0	-0.991344	-0.131288	0	None	None
ChainingRodShaped	3076	4.16962	0.5	-32.1218	20.913	0	-0.0968919	-0.995295	0	None	None
ChainingRodShaped	2774	4.26084	0.5	-3.5047	79.7203	0	0.927607	0.373557	0	None	None
ChainingRodShaped	3192	3.07445	0.5	-13.5013	-8.63454	0	-0.998835	0.0482608	0	None	None
ChainingRodShaped	2690	4.70011	0.5	-6.33039	53.471	0	-0.930283	-0.366844	0	None	None
ChainingRodShaped	3346	3.90264	0.5	2.28041	4.83679	0	0.402519	-0.915412	0	None	None
ChainingRodShaped	1946	4.96018	0.5	-15.4978	90.2288	0	0.876992	-0.480506	0	None	None
ChainingRodShaped	3796	2.5966	0.5	21.1263	23.6698	0	0.210093	-0.977681	0	None	None
ChainingRodShaped	4282	2.38049	0.5	-18.5098	17.7238	0	-0.524238	-0.851572	0	None	None
ChainingRodShaped	1440	4.76763	0.5	-2.92718	18.0174	0	0.990212	-0.139572	0	None	None
ChainingRodShaped	3370	4.04363	0.5	-50.1952	23.1814	0	0.377656	-0.925946	0	None	None
ChainingRodShaped	1780	4.58387	0.5	-14.0897	57.1232	0	-0.7164	-0.69769	0	None	None
ChainingRodShaped	2506	3.78577	0.5	-40.7488	45.037	0	-0.95907	0.28317	0	None	None
ChainingRodShaped	4274	2.12527	0.5	-4.71843	-60.9256	0	0.0209687	-0.99978	0	4275	2265
ChainingRodShaped	2766	3.21305	0.5	9.77931	57.6031	0	-0.861375	-0.50797	0	None	None
ChainingRodShaped	3354	3.36096	0.5	-27.771	6.6335	0	0.183093	-0.983096	0	None	None
ChainingRodShaped	2186	3.71291	0.5	-112.559	-131.549	0	-0.799926	-0.600099	0	2187	4373
ChainingRodShaped	3986	2.41604	0.5	-19.9201	43.822	0	-0.980715	0.195444	0	None	None
ChainingRodShaped	3002	3.0597	0.5	-2.65238	76.9802	0	0.443391	0.896328	0	None	None
ChainingRodShaped	3414	3.99116	0.5	-9.13148	55.9422	0	-0.944251	-0.329226	0	None	None
ChainingRodShaped	3364	2.71441	0.5	25.5426	63.0991	0	0.701163	-0.713001	0	None	None
ChainingRodShaped	3880	2.57113	0.5	-44.9555	140.623	0	-0.789936	-0.613189	0	3881	3735
ChainingRodShaped	4108	2.65175	0.5	28.9866	46.1508	0	0.146701	-0.989181	0	None	None
ChainingRodShaped	3210	3.13855	0.5	-33.5144	83.7289	0	-0.998595	0.0529856	0	None	None
ChainingRodShaped	2182	4.32236	0.5	36.1302	77.302	0	0.777964	-0.628309	0	4208	4069
ChainingRodShaped	3006	3.02269	0.5	21.08	13.3985	0	-0.958946	-0.28359	0	None	None
ChainingRodShaped	2910	4.62335	0.5	-54.962	51.9185	0	-0.963168	0.2689	0	None	None
ChainingRodShaped	2886	4.68496	0.5	7.13851	87.6063	0	-0.798315	0.60224	0	None	None
ChainingRodShaped	2308	4.58158	0.5	-29.3737	67.4746	0	0.816799	-0.576923	0	None	None
ChainingRodShaped	1884	4.48944	0.5	17.1952	72.3912	0	0.503257	-0.864137	0	None	None
ChainingRodShaped	2572	3.41179	0.5	4.68601	17.15	0	-0.0463676	-0.998924	0	None	None
ChainingRodShaped	3374	3.71291	0.5	19.8558	20.532	0	0.209949	-0.977712	0	None	None
ChainingRodShaped	4164	2.3572	0.5	3.61933	43.9714	0	-0.86816	-0.496285	0	None	None
ChainingRodShaped	1654	4.92793	0.5	-31.9166	63.6735	0	0.910997	0.412413	0	None	None
ChainingRodShaped	3096	3.14419	0.5	0.9597	55.1039	0	-0.746546	-0.665334	0	None	None
ChainingRodShaped	4386	2.10196	0.5	-35.2988	17.3899	0	-0.0956208	-0.995418	0	None	None
ChainingRodShaped	3182	4.57219	0.5	-41.1461	82.5556	0	0.0989554	-0.995092	0	None	None
ChainingRodShaped	4482	2.15669	0.5	6.12752	22.4913	0	0.250922	-0.968007	0	None	None
ChainingRodShaped	1724	4.6464	0.5	-16.646	39.3709	0	-0.965418	0.260707	0	None	None
ChainingRodShaped	2350	3.78614	0.5	15.4161	42.4392	0	0.356948	-0.934124	0	None	None
ChainingRodShaped	3084	4.64058	0.5	34.2944	58.1008	0	-0.351708	0.93611	0	None	None
ChainingRodShaped	3592	3.54339	0.5	11.9903	90.5701	0	0.47779	-0.878474	0	None	None
ChainingRodShaped	2614	4.21639	0.5	-16.2741	70.943	0	0.83726	-0.546805	0	None	None
ChainingRodShaped	1940	4.57193	0.5	-21.067	92.5297	0	0.999952	-0.00984719	0	None	None
ChainingRodShaped	1047	4.83077	0.5	3.67466	-45.8408	0	-0.847701	0.530474	0	1978	2459
ChainingRodShaped	4468	2.15778	0.5	-10.9969	57.1044	0	-0.941414	-0.337254	0	None	None
ChainingRodShaped	3392	3.46665	0.5	-51.4358	33.5366	0	0.826736	-0.562589	0	None	None
ChainingRodShaped	3904	2.8561	0.5	24.0197	77.4302	0	0.537777	-0.843087	0	None	None
ChainingRodShaped	3432	2.95403	0.5	14.2446	74.6077	0	0.0338382	-0.999427	0	None	None
ChainingRodShaped	3446	2.76857	0.5	-34.403	16.9626	0	-0.10089	-0.994898	0	None	None
ChainingRodShaped	4308	2.22362	0.5	-11.5734	-40.5417	0	0.546084	-0.83773	0	4309	2161
ChainingRodShaped	1730	4.38183	0.5	-43.0485	63.0667	0	-0.108677	-0.994077	0	None	None
ChainingRodShaped	2878	3.48412	0.5	-21.3129	85.6899	0	-0.999764	-0.0217054	0	None	None
ChainingRodShaped	3694	3.21898	0.5	26.3452	32.3982	0	-0.307605	-0.951514	0	None	None
ChainingRodShaped	3218	4.01804	0.5	-34.8268	47.4077	0	-0.313981	-0.949429	0	None	None
ChainingRodShaped	1718	4.37821	0.5	20.0977	54.0884	0	0.990446	-0.137898	0	None	None
ChainingRodShaped	1726	4.447	0.5	31.3268	64.9024	0	-0.748533	0.663098	0	None	None
ChainingRodShaped	2626	3.38635	0.5	-107.087	55.345	0	-0.4951	-0.868836	0	2627	4431
ChainingRodShaped	2866	3.89728	0.5	-115.082	24.043	0	-0.0690943	-0.99761	0	2867	4039
ChainingRodShaped	4460	2.11668	0.5	6.64683	77.6026	0	-0.105418	-0.994428	0	None	None
ChainingRodShaped	3920	2.28662	0.5	57.6741	-39.4593	0	-0.748841	-0.66275	0	3921	3151
ChainingRodShaped	2942	4.15002	0.5	-1.68739	-4.27465	0	-0.0876982	-0.996147	0	None	None
ChainingRodShaped	3350	3.10801	0.5	-38.3447	5.10009	0	0.236912	-0.971531	0	None	None
ChainingRodShaped	2024	4.22387	0.5	26.3878	39.6279	0	0.408669	-0.912683	0	None	None
ChainingRodShaped	3406	3.9965	0.5	6.23732	64.7783	0	0.0553225	-0.998469	0	None	None
ChainingRodShaped	4184	2.58932	0.5	4.6055	90.8113	0	0.987964	-0.154683	0	None	None
ChainingRodShaped	2096	4.94428	0.5	-34.7753	50.351	0	-0.323453	-0.946244	0	None	None
ChainingRodShaped	2966	3.73986	0.5	-21.2065	51.6966	0	-0.507875	-0.861431	0	None	None
ChainingRodShaped	1095	4.64392	0.5	-38.054	-102.862	0	-0.950222	-0.311574	0	3168	2731
ChainingRodShaped	3294	4.13934	0.5	-3.08733	44.7766	0	-0.354177	-0.935178	0	None	None
ChainingRodShaped	2054	3.77578	0.5	80.737	158.747	0	-0.292878	-0.95615	0	2055	2651
ChainingRodShaped	4588	2.0076	0.5	10.5569	68.5049	0	0.00520026	-0.999986	0	None	None
ChainingRodShaped	1980	4.7788	0.5	-17.7833	3.14802	0	-0.685255	-0.728303	0	None	None
ChainingRodShaped	2836	3.29281	0.5	40.0174	44.1713	0	-0.14702	-0.989133	0	None	None
ChainingRodShaped	1860	4.22408	0.5	-47.556	14.473	0	0.962843	-0.270062	0	None	None
ChainingRodShaped	1892	4.41498	0.5	11.6952	52.425	0	-0.672257	-0.740318	0	None	None
ChainingRodShaped	4324	2.26409	0.5	-33.9951	37.3186	0	-0.729534	0.683945	0	None	None
ChainingRodShaped	2660	4.68264	0.5	-22.1981	94.7904	0	0.973937	0.226818	0	2661	2355
ChainingRodShaped	3532	2.88023	0.5	-22.7436	-0.679631	0	-0.958773	-0.284172	0	None	None
ChainingRodShaped	2620	3.59706	0.5	32.3273	67.832	0	-0.749561	0.661936	0	None	None
ChainingRodShaped	2380	4.39708	0.5	-57.9049	40.3561	0	0.078024	0.996951	0	None	None
ChainingRodShaped	3286	3.86921	0.5	-16.3663	59.9426	0	-0.754155	-0.656696	0	None	None
ChainingRodShaped	4398	2.1774	0.5	-9.21113	94.7975	0	0.984834	-0.173499	0	None	None
ChainingRodShaped	4124	2.44703	0.5	-41.9994	67.0926	0	-0.626835	0.779152	0	None	None
ChainingRodShaped	4250	2.34373	0.5	-47.0431	60.922	0	0.439184	-0.898397	0	None	None
ChainingRodShaped	2790	4.83195	0.5	-10.4687	79.4455	0	0.573842	-0.818966	0	None	None
ChainingRodShaped	2898	4.19163	0.5	-2.38428	44.3467	0	-0.36349	-0.931598	0	None	None
ChainingRodShaped	2780	3.32195	0.5	-31.1868	13.7309	0	0.496558	0.868003	0	None	None
ChainingRodShaped	2098	4.67781	0.5	-34.3689	31.1302	0	-0.655919	0.754831	0	None	None
ChainingRodShaped	4454	2.0885	0.5	-30.9655	32.9015	0	-0.622456	0.782655	0	None	None
ChainingRodShaped	3358	2.76206	0.5	20.755	53.1001	0	0.991054	-0.133463	0	None	None
ChainingRodShaped	3108	3.59334	0.5	-8.07263	55.4179	0	-0.940889	-0.338714	0	None	None
ChainingRodShaped	2128	3.82273	0.5	28.9927	36.9597	0	-0.200459	-0.979702	0	None	None
ChainingRodShaped	3054	4.0103	0.5	-4.59229	88.9931	0	0.847772	0.53036	0	None	None
ChainingRodShaped	3970	2.84934	0.5	-46.1046	61.1649	0	0.442862	-0.89659	0	None	None
ChainingRodShaped	3434	3.6829	0.5	-41.4752	69.5143	0	0.588593	-0.80843	0	None	None
ChainingRodShaped	3838	2.7508	0.5	-16.737	72.3242	0	0.831758	-0.555138	0	None	None
ChainingRodShaped	3480	3.05195	0.5	11.0505	41.8086	0	0.791449	-0.611236	0	None	None
ChainingRodShaped	4450	2.08789	0.5	10.6226	96.004	0	0.948027	-0.31819	0	4451	4009
ChainingRodShaped	3308	2.78412	0.5	96.1634	57.4021	0	0.618395	-0.785867	0	3309	2537
ChainingRodShaped	4488	2.15636	0.5	-48.1144	34.9816	0	0.611456	-0.791279	0	None	None
ChainingRodShaped	4356	2.28546	0.5	-25.8429	5.96986	0	0.0763214	-0.997083	0	None	None
ChainingRodShaped	2266	4.44828	0.5	25.1959	48.5084	0	-0.981828	-0.189772	0	None	None
ChainingRodShaped	4050	2.62532	0.5	-5.8252	19.1648	0	-0.804748	-0.593616	0	None	None
ChainingRodShaped	2648	3.81775	0.5	-43.0954	30.412	0	0.875213	-0.483737	0	None	None
ChainingRodShaped	3270	3.27254	0.5	-21.7408	84.758	0	-0.999497	-0.0317083	0	None	None
ChainingRodShaped	3862	3.13907	0.5	22.9312	43.1629	0	0.365276	-0.930899	0	None	None
ChainingRodShaped	3004	4.62091	0.5	-17.8077	28.7785	0	-0.847736	-0.530419	0	None	None
ChainingRodShaped	4186	2.23106	0.5	-25.9786	-28.1203	0	0.899771	-0.436363	0	4187	2453
ChainingRodShaped	1822	4.32342	0.5	35.558	48.5993	0	0.0988641	-0.995101	0	None	None
ChainingRodShaped	4240	2.28313	0.5	-42.9304	48.483	0	-0.751992	0.659172	0	None	None
ChainingRodShaped	4574	2.03378	0.5	-20.2704	21.2884	0	0.992615	0.12131	0	None	None
ChainingRodShaped	3760	3.23828	0.5	-3.31949	22.225	0	-0.78767	-0.616098	0	None	None
ChainingRodShaped	3310	3.54788	0.5	-19.892	60.2821	0	-0.453403	-0.891305	0	None	None
ChainingRodShaped	3894	2.85733	0.5	-41.9771	32.6156	0	0.687796	-0.725904	0	None	None
ChainingRodShaped	3656	2.77438	0.5	-55.1407	56.714	0	-0.887444	-0.460917	0	None	None
ChainingRodShaped	3048	3.6551	0.5	-48.4087	28.337	0	0.958679	-0.284488	0	None	None
ChainingRodShaped	3624	2.79695	0.5	-37.5691	34.5717	0	0.690535	-0.723299	0	None	None
ChainingRodShaped	4060	2.28604	0.5	8.94183	64.1801	0	-0.00572168	-0.999984	0	None	None
ChainingRodShaped	4464	2.14459	0.5	-18.0105	60.8725	0	-0.767147	-0.641471	0	None	None
ChainingRodShaped	3086	4.80219	0.5	-45.3313	26.5836	0	-0.977042	0.213048	0	None	None
ChainingRodShaped	2630	4.07571	0.5	-10.3164	38.6593	0	-0.480172	-0.877175	0	None	None
ChainingRodShaped	2384	4.09734	0.5	-23.3151	35.9134	0	-0.297007	-0.954875	0	None	None
ChainingRodShaped	2104	4.23214	0.5	14.5504	38.1571	0	0.103974	-0.99458	0	None	None
ChainingRodShaped	2696	3.3284	0.5	93.6861	192.281	0	-0.464003	-0.885834	0	2697	2711
ChainingRodShaped	3752	2.9579	0.5	-24.3076	61.084	0	0.0604397	-0.998172	0	None	None
ChainingRodShaped	3814	2.81637	0.5	-4.88798	91.4527	0	0.821254	-0.570563	0	None	None
ChainingRodShaped	2570	4.44141	0.5	0.946098	27.6028	0	-0.727214	-0.686411	0	None	None
ChainingRodShaped	1215	4.94836	0.5	103.248	208.277	0	-0.548942	-0.83586	0	4456	2489
ChainingRodShaped	4092	2.31504	0.5	-31.2764	31.7908	0	-0.628289	0.77798	0	None	None
ChainingRodShaped	2930	4.15531	0.5	-26.1733	78.0648	0	-0.704116	-0.710085	0	None	None
ChainingRodShaped	3522	3.58092	0.5	4.73926	8.14401	0	-0.769744	-0.638353	0	None	None
ChainingRodShaped	2538	4.43643	0.5	38.0155	29.3229	0	0.81671	-0.577049	0	None	None
ChainingRodShaped	3770	2.60331	0.5	10.788	12.5911	0	0.260311	-0.965525	0	None	None
ChainingRodShaped	3260	3.81017	0.5	-27.5837	20.0086	0	0.956044	-0.293223	0	None	None
ChainingRodShaped	3762	2.66297	0.5	-46.138	39.6549	0	0.930294	-0.366814	0	None	None
ChainingRodShaped	1908	4.72179	0.5	-13.7699	45.9814	0	0.46088	-0.887463	0	None	None
ChainingRodShaped	3704	3.29131	0.5	-13.4043	83.1338	0	0.385254	-0.922811	0	None	None
ChainingRodShaped	2080	4.95372	0.5	31.7622	32.4086	0	0.87964	0.47564	0	None	None
ChainingRodShaped	3138	3.21497	0.5	15.704	50.9019	0	0.576768	-0.816908	0	None	None
ChainingRodShaped	3186	2.91828	0.5	-34.6797	28.7202	0	0.650895	-0.759167	0	None	None
ChainingRodShaped	3324	3.34088	0.5	32.7187	47.721	0	0.0711753	-0.997464	0	None	None
ChainingRodShaped	4162	2.30145	0.5	-43.7076	27.1977	0	-0.977812	0.209484	0	None	None
ChainingRodShaped	2948	3.71329	0.5	-1.77358	8.99982	0	-0.237945	-0.971279	0	None	None
ChainingRodShaped	3690	2.75459	0.5	26.291	84.5513	0	0.676208	-0.736711	0	None	None
ChainingRodShaped	4242	2.44684	0.5	-33.0413	76.6041	0	0.488233	-0.872714	0	None	None
ChainingRodShaped	2460	4.92311	0.5	5.2978	65.7173	0	0.0653127	-0.997865	0	None	None
ChainingRodShaped	4152	2.50544	0.5	15.1045	40.7517	0	0.330604	-0.94377	0	None	None
ChainingRodShaped	3254	4.43303	0.5	19.3206	51.122	0	0.887094	0.461588	0	None	None
ChainingRodShaped	2980	3.96626	0.5	35.5239	72.6364	0	0.786847	-0.617148	0	None	None
ChainingRodShaped	3340	2.91405	0.5	9.06746	33.759	0	-0.765669	-0.643234	0	None	None
ChainingRodShaped	2968	4.43866	0.5	21.134	34.3944	0	-0.324817	-0.945777	0	None	None
ChainingRodShaped	3628	3.32822	0.5	15.4066	88.4029	0	0.95957	-0.281471	0	None	None
ChainingRodShaped	1990	4.55366	0.5	-26.622	1.22097	0	-0.868171	-0.496266	0	None	None
ChainingRodShaped	2984	3.96895	0.5	-48.7555	94.1982	0	0.891331	-0.453354	0	2985	4057
ChainingRodShaped	2364	4.88416	0.5	15.8511	4.01309	0	0.208435	-0.978036	0	None	None
ChainingRodShaped	3328	4.16262	0.5	29.9621	67.2787	0	-0.786658	0.617389	0	None	None
ChainingRodShaped	3116	3.33713	0.5	-26.9758	22.6146	0	-0.951908	0.306386	0	None	None
ChainingRodShaped	3804	2.4844	0.5	-10.3562	71.7004	0	-0.922595	0.38577	0	None	None
ChainingRodShaped	3840	2.70556	0.5	-4.8461	3.73585	0	-0.217452	-0.976071	0	None	None
ChainingRodShaped	3444	2.8307	0.5	-9.40336	38.5225	0	-0.48885	-0.872368	0	None	None
ChainingRodShaped	1281	4.81604	0.5	-136.017	-149.171	0	-0.803686	-0.595053	0	1324	2737
ChainingRodShaped	3934	3.02757	0.5	-19.5069	9.67049	0	0.967575	-0.252585	0	None	None
ChainingRodShaped	3052	4.58614	0.5	-24.6253	44.2416	0	-0.998461	0.0554504	0	None	None
ChainingRodShaped	2214	3.74776	0.5	-3.30654	80.8069	0	0.925584	0.378543	0	None	None
ChainingRodShaped	3740	3.11082	0.5	-13.4993	75.5643	0	-0.858736	0.512419	0	None	None
ChainingRodShaped	2578	4.6244	0.5	31.8102	19.6149	0	-0.37645	-0.926437	0	None	None
ChainingRodShaped	2420	4.20393	0.5	-21.8481	58.3921	0	-0.444451	-0.895803	0	None	None
ChainingRodShaped	4428	2.19848	0.5	-13.8837	76.8721	0	-0.8628	0.505545	0	None	None
ChainingRodShaped	3746	3.2406	0.5	3.67979	1.79271	0	-0.264264	-0.96445	0	None	None
ChainingRodShaped	2716	3.67178	0.5	-1.35199	73.5625	0	-0.455074	-0.890454	0	None	None
ChainingRodShaped	3504	3.01094	0.5	-19.5282	10.6145	0	0.965014	-0.262199	0	None	None
ChainingRodShaped	3736	2.95961	0.5	7.1781	63.8044	0	0.0143236	-0.999897	0	None	None
ChainingRodShaped	2498	4.43666	0.5	-4.22181	11.4624	0	-0.0724694	-0.997371	0	None	None
ChainingRodShaped	2474	3.71008	0.5	58.8532	68.6231	0	0.998518	-0.054416	0	4560	2745
ChainingRodShaped	1309	4.23832	0.5	-114.404	8.10092	0	0.15292	-0.988239	0	2122	3471
ChainingRodShaped	4246	2.31997	0.5	13.6893	17.5549	0	-0.600275	0.799794	0	None	None
ChainingRodShaped	3284	4.04051	0.5	-14.355	18.1546	0	-0.990706	-0.136018	0	None	None
ChainingRodShaped	2328	4.43164	0.5	0.312431	82.2604	0	0.023255	-0.99973	0	None	None
ChainingRodShaped	2136	4.34052	0.5	3.25611	95.1852	0	-0.970468	0.24123	0	None	None
ChainingRodShaped	4058	2.42708	0.5	19.7057	33.1304	0	-0.331508	-0.943453	0	None	None
ChainingRodShaped	2860	4.70494	0.5	-14.6282	18.99	0	-0.9893	-0.145894	0	None	None
ChainingRodShaped	3292	3.10706	0.5	22.7787	88.9924	0	0.783899	-0.620888	0	3293	3577
ChainingRodShaped	3836	2.76273	0.5	-127.924	-143.151	0	-0.800517	-0.59931	0	3837	1324
ChainingRodShaped	4054	2.33815	0.5	16.2637	31.7	0	-0.171462	-0.985191	0	None	None
ChainingRodShaped	3652	3.22095	0.5	-56.7687	42.5664	0	0.0799623	0.996798	0	None	None
ChainingRodShaped	3720	2.74543	0.5	-2.3447	58.0752	0	-0.95563	-0.294571	0	None	None
ChainingRodShaped	2084	4.54313	0.5	-34.4019	84.9423	0	-0.987813	0.155648	0	None	None
ChainingRodShaped	2058	4.12491	0.5	-44.8349	54.2828	0	-0.999779	-0.0210209	0	None	None
ChainingRodShaped	3650	2.73244	0.5	69.5845	-27.7002	0	-0.699654	-0.714482	0	3651	2503
ChainingRodShaped	4116	2.51543	0.5	14.1503	24.5436	0	-0.227664	0.97374	0	None	None
ChainingRodShaped	4490	2.07888	0.5	2.34179	33.8265	0	-0.726882	-0.686762	0	None	None
ChainingRodShaped	3784	3.21228	0.5	-51.5884	48.7516	0	-0.887941	-0.459958	0	None	None
ChainingRodShaped	2418	4.80076	0.5	17.8295	78.9857	0	-0.404204	0.914669	0	None	None
ChainingRodShaped	3672	3.08467	0.5	12.2374	75.3993	0	-0.154034	-0.988065	0	None	None
ChainingRodShaped	3858	2.83136	0.5	14.041	2.20766	0	0.928152	-0.372202	0	None	None
ChainingRodShaped	4228	2.23086	0.5	-24.5344	8.00251	0	-0.710205	0.703995	0	None	None
ChainingRodShaped	2518	4.06402	0.5	2.44795	49.2152	0	-0.717961	-0.696084	0	None	None
ChainingRodShaped	3936	2.60559	0.5	-30.2865	49.7279	0	-0.363248	-0.931692	0	None	None
ChainingRodShaped	3088	3.37144	0.5	-41.9558	79.6799	0	0.032717	-0.999465	0	None	None
ChainingRodShaped	3240	3.9458	0.5	7.0217	61.1411	0	-0.872623	-0.488394	0	None	None
ChainingRodShaped	3684	2.93929	0.5	-64.789	61.7812	0	-0.55401	0.83251	0	3685	1360
ChainingRodShaped	3032	4.54658	0.5	-1.33818	20.3168	0	-0.800865	-0.598845	0	None	None
ChainingRodShaped	3818	2.81465	0.5	-14.1515	2.87993	0	-0.996564	-0.0828245	0	None	None
ChainingRodShaped	3602	3.07173	0.5	9.19704	59.3196	0	-0.867989	-0.496584	0	None	None
ChainingRodShaped	2994	4.73508	0.5	-35.1316	52.122	0	-0.318817	-0.947816	0	None	None
ChainingRodShaped	3018	3.41704	0.5	-14.6938	13.0092	0	0.954068	-0.29959	0	None	None
ChainingRodShaped	3472	3.37751	0.5	35.1563	58.5298	0	-0.346007	0.938232	0	None	None
ChainingRodShaped	3148	3.57207	0.5	34.6085	48.4432	0	0.0889047	-0.99604	0	None	None
ChainingRodShaped	1377	4.88049	0.5	37.0603	60.8802	0	-0.728948	0.684569	0	None	None
ChainingRodShaped	2156	4.26965	0.5	14.0731	71.6783	0	0.478901	-0.877869	0	None	None
ChainingRodShaped	3732	3.36786	0.5	29.2769	42.5176	0	0.566528	-0.824042	0	None	None
ChainingRodShaped	4516	2.08552	0.5	1.9425	30.9743	0	-0.723958	-0.689844	0	None	None
ChainingRodShaped	3786	3.2665	0.5	-7.34266	29.342	0	-0.817292	-0.576223	0	None	None
ChainingRodShaped	2126	4.69983	0.5	-43.752	50.2436	0	-0.958421	-0.285357	0	None	None
ChainingRodShaped	3728	3.08224	0.5	36.3833	67.7544	0	0.441247	-0.897386	0	None	None
ChainingRodShaped	4322	2.32743	0.5	-50.0088	60.0844	0	0.323138	-0.946352	0	None	None
ChainingRodShaped	2278	4.0468	0.5	29.9731	29.4166	0	0.93986	0.341559	0	None	None
ChainingRodShaped	4126	2.59734	0.5	-20.914	-5.28348	0	-0.979453	-0.201673	0	None	None
ChainingRodShaped	3962	2.93618	0.5	24.7038	36.489	0	0.383273	-0.923635	0	None	None
ChainingRodShaped	4474	2.11159	0.5	-0.417276	35.7348	0	-0.980765	-0.195193	0	None	None
ChainingRodShaped	3034	3.2641	0.5	-45.9077	38.5416	0	0.926574	-0.376112	0	None	None
ChainingRodShaped	3100	3.63235	0.5	-6.49831	50.1767	0	-0.357521	-0.933905	0	None	None
ChainingRodShaped	4396	2.1856	0.5	27.354	16.8097	0	-0.620294	-0.78437	0	None	None
ChainingRodShaped	3618	3.37501	0.5	-27.6332	90.3647	0	-0.850295	0.526307	0	None	None
ChainingRodShaped	2604	4.77781	0.5	-16.6746	10.7567	0	0.962342	-0.271841	0	None	None
ChainingRodShaped	2844	3.41712	0.5	85.5918	173.846	0	-0.341916	-0.93973	0	2845	3925
ChainingRodShaped	3334	3.53514	0.5	-26.0446	59.2307	0	0.0419177	-0.999121	0	None	None
ChainingRodShaped	3194	3.33604	0.5	31.2897	125.28	0	-0.917796	0.397053	0	3195	2695
ChainingRodShaped	2390	3.75933	0.5	36.6814	40.3386	0	-0.885802	-0.464063	0	None	None
ChainingRodShaped	4512	2.09284	0.5	18.2891	80.3567	0	-0.413334	0.91058	0	None	None
ChainingRodShaped	3612	2.88253	0.5	6.50311	52.0725	0	-0.678459	-0.734638	0	None	None
ChainingRodShaped	3484	3.73046	0.5	9.46441	87.5285	0	0.414294	-0.910143	0	None	None
ChainingRodShaped	2404	4.93986	0.5	31.3691	56.2308	0	0.0916719	-0.995789	0	None	None
ChainingRodShaped	3952	2.33524	0.5	-94.5352	-23.609	0	0.886966	-0.461835	0	3953	3687
ChainingRodShaped	4248	2.17783	0.5	-41.7311	49.8757	0	-0.956604	-0.29139	0	None	None
ChainingRodShaped	3646	3.08769	0.5	-3.69094	88.4538	0	0.842427	0.538811	0	None	None
ChainingRodShaped	2804	3.37108	0.5	-23.4441	-17.4281	0	-0.620374	0.784306	0	2805	3973
ChainingRodShaped	3636	2.56986	0.5	-109.731	-7.31201	0	0.452271	-0.89188	0	3637	3017
ChainingRodShaped	3056	3.02442	0.5	-0.303442	7.11688	0	-0.212185	-0.97723	0	None	None
ChainingRodShaped	4318	2.34432	0.5	-1.06094	43.203	0	-0.363494	-0.931597	0	None	None
ChainingRodShaped	2566	4.13508	0.5	-2.61622	20.4431	0	-0.794835	-0.606826	0	None	None
ChainingRodShaped	3106	3.47657	0.5	22.5904	64.0668	0	0.484253	-0.874928	0	None	None
ChainingRodShaped	2834	3.91169	0.5	-38.9759	13.2167	0	0.669831	-0.742513	0	None	None
ChainingRodShaped	3078	3.88279	0.5	15.2207	9.51952	0	0.618057	-0.786134	0	None	None
ChainingRodShaped	2280	3.86672	0.5	-51.5877	37.7977	0	0.646043	-0.763301	0	None	None
ChainingRodShaped	4018	2.54934	0.5	-8.18708	25.3505	0	-0.803614	-0.595151	0	None	None
ChainingRodShaped	4310	2.37403	0.5	-56.8473	58.3144	0	-0.745	-0.667065	0	None	None
ChainingRodShaped	4134	2.68226	0.5	-6.51543	35.539	0	-0.993289	-0.115662	0	None	None
ChainingRodShaped	2842	3.49176	0.5	14.3192	67.9822	0	0.620942	-0.783856	0	None	None
ChainingRodShaped	4222	2.3556	0.5	21.3544	32.1053	0	-0.31823	-0.948014	0	None	None
ChainingRodShaped	2772	4.22299	0.5	18.5149	39.1826	0	0.337691	-0.941257	0	None	None
ChainingRodShaped	3642	2.81591	0.5	3.926	77.9272	0	-0.0755418	-0.997143	0	None	None
ChainingRodShaped	3438	2.83928	0.5	-54.8672	129.461	0	-0.504656	-0.86332	0	3439	1464
ChainingRodShaped	4540	2.0577	0.5	8.03555	11.9973	0	0.31443	-0.949281	0	None	None
ChainingRodShaped	4376	2.20665	0.5	12.838	93.0965	0	-0.492975	0.870043	0	None	None
ChainingRodShaped	2920	3.74582	0.5	-42.1704	24.4952	0	-0.901799	0.432156	0	None	None
ChainingRodShaped	4096	2.4232	0.5	30.6631	52.6597	0	0.0204026	-0.999792	0	None	None
ChainingRodShaped	3660	3.18715	0.5	-28.7557	77.8632	0	-0.949974	-0.312328	0	None	None
ChainingRodShaped	4178	2.31319	0.5	-10.9831	62.2153	0	-0.427768	-0.903889	0	None	None
ChainingRodShaped	3622	3.36275	0.5	-3.48195	38.1957	0	0.997072	-0.076472	0	None	None
ChainingRodShaped	3402	3.03251	0.5	-13.6779	50.6344	0	0.541471	-0.84072	0	None	None
ChainingRodShaped	3208	3.41081	0.5	25.3332	17.3334	0	-0.631593	-0.7753	0	None	None
ChainingRodShaped	1485	4.57659	0.5	-74.3326	-110.929	0	-0.964374	-0.264544	0	1584	1484
ChainingRodShaped	4024	2.41182	0.5	19.3339	70.8067	0	0.58024	-0.814445	0	None	None
ChainingRodShaped	3992	2.58795	0.5	-0.753637	66.1748	0	-0.905086	0.425229	0	None	None
ChainingRodShaped	3372	2.70374	0.5	-25.7331	13.1386	0	0.700908	-0.713252	0	None	None
ChainingRodShaped	3608	3.54526	0.5	-33.312	75.1528	0	0.479492	-0.877546	0	None	None
ChainingRodShaped	4102	2.66573	0.5	-20.3332	-6.15414	0	-0.979123	-0.203269	0	None	None
ChainingRodShaped	2532	4.8058	0.5	-8.77143	47.7766	0	0.537281	-0.843403	0	None	None
ChainingRodShaped	4558	2.03135	0.5	-23.3002	39.6873	0	0.344088	-0.938938	0	None	None
ChainingRodShaped	1501	4.8282	0.5	26.7351	75.9342	0	0.109024	-0.994039	0	None	None
ChainingRodShaped	3574	2.66984	0.5	-36.3753	40.4042	0	-0.802132	0.597146	0	None	None
ChainingRodShaped	4280	2.34089	0.5	-28.714	92.3057	0	-0.978187	-0.207728	0	None	None
ChainingRodShaped	4526	2.07428	0.5	-34.7221	9.94658	0	0.973522	-0.228595	0	None	None
ChainingRodShaped	3426	3.68017	0.5	16.1655	19.8343	0	-0.351401	-0.936225	0	None	None
ChainingRodShaped	1511	4.78297	0.5	-23.6088	48.4849	0	-0.99517	0.0981637	0	None	None
ChainingRodShaped	3794	2.82041	0.5	-20.8991	62.2454	0	-0.457882	-0.889013	0	None	None
ChainingRodShaped	4146	2.50725	0.5	-8.90015	75.3217	0	-0.924794	0.380468	0	None	None
ChainingRodShaped	2726	4.41092	0.5	2.80789	18.8006	0	-0.333647	-0.942698	0	None	None
ChainingRodShaped	2818	3.23782	0.5	12.491	17.6036	0	-0.600661	0.799504	0	None	None
ChainingRodShaped	2680	4.41961	0.5	19.471	8.85352	0	-0.917323	0.398145	0	None	None
ChainingRodShaped	4326	2.26067	0.5	-13.6845	43.8816	0	0.452013	-0.892011	0	None	None
ChainingRodShaped	3898	3.00723	0.5	2.12171	79.5364	0	-0.0286613	-0.999589	0	None	None
ChainingRodShaped	3864	2.60975	0.5	45.5418	-48.0045	0	-0.889455	-0.457024	0	3865	2897
ChainingRodShaped	3098	3.91873	0.5	-10.0436	35.5266	0	-0.9438	-0.330518	0	None	None
ChainingRodShaped	3296	3.34536	0.5	-46.9046	67.294	0	0.855716	-0.517445	0	None	None
ChainingRodShaped	2486	4.44005	0.5	-11.3388	77.5568	0	-0.881075	0.472976	0	None	None
ChainingRodShaped	3036	3.70952	0.5	3.81446	31.4887	0	-0.730822	-0.682568	0	None	None
ChainingRodShaped	1537	4.59544	0.5	-34.5805	30.0029	0	0.652704	-0.757613	0	None	None
ChainingRodShaped	4338	2.23401	0.5	13.3955	23.7992	0	-0.217856	0.975981	0	None	None
ChainingRodShaped	3378	2.61442	0.5	-1.89243	146.267	0	-0.918791	0.394745	0	3379	3689
ChainingRodShaped	4336	2.29671	0.5	-12.4974	90.7644	0	0.869202	-0.494458	0	None	None
ChainingRodShaped	2478	4.69117	0.5	-17.6412	22.9766	0	-0.937721	-0.347388	0	None	None
ChainingRodShaped	1547	4.78616	0.5	-8.46967	21.7098	0	-0.808342	-0.588713	0	None	None
ChainingRodShaped	2610	4.44526	0.5	-27.7598	70.861	0	0.764944	-0.644097	0	None	None
ChainingRodShaped	4340	2.21639	0.5	-8.8149	27.1731	0	-0.807492	-0.589878	0	None	None
ChainingRodShaped	3712	3.10116	0.5	-30.8114	55.1526	0	-0.511769	-0.859123	0	None	None
ChainingRodShaped	2484	3.73576	0.5	29.6247	54.7908	0	0.0557276	-0.998446	0	None	None
ChainingRodShaped	2662	4.36079	0.5	-39.2265	10.2903	0	0.930804	-0.365518	0	None	None
ChainingRodShaped	3166	3.04069	0.5	-10.5753	-0.121244	0	-0.221575	-0.975143	0	None	None
ChainingRodShaped	3330	2.87783	0.5	21.4154	12.5167	0	-0.961728	-0.274007	0	None	None
ChainingRodShaped	4218	2.25256	0.5	7.5039	77.0235	0	-0.11541	-0.993318	0	None	None
ChainingRodShaped	3890	2.58133	0.5	-46.9366	74.1319	0	0.579535	-0.814947	0	None	None
ChainingRodShaped	4112	2.76792	0.5	4.5233	-4.29538	0	-0.987692	-0.15641	0	None	None
ChainingRodShaped	1569	4.7997	0.5	0.985309	56.2815	0	-0.753138	-0.657863	0	None	None
ChainingRodShaped	4216	2.26449	0.5	-26.5679	46.1239	0	-0.994294	0.106671	0	None	None
ChainingRodShaped	3844	3.00056	0.5	-15.8933	28.8771	0	-0.846443	-0.53248	0	None	None
ChainingRodShaped	2954	3.53401	0.5	-55.7327	24.3912	0	-0.351393	0.936228	0	2955	3345
ChainingRodShaped	4472	2.1293	0.5	-28.3715	26.5935	0	-0.566695	0.823928	0	None	None
ChainingRodShaped	3552	3.53514	0.5	-9.95027	68.7914	0	0.82851	-0.559974	0	None	None
ChainingRodShaped	3184	2.66522	0.5	-8.52688	-78.7716	0	-0.437357	-0.899288	0	3185	1580
ChainingRodShaped	4416	2.17787	0.5	7.7403	27.324	0	-0.00906291	-0.999959	0	None	None
ChainingRodShaped	1585	3.81807	0.5	-64.007	-108.501	0	-0.980584	-0.196099	0	3670	1584
ChainingRodShaped	4210	2.40671	0.5	-52.922	-106.482	0	-0.98436	-0.176168	0	4211	3671
ChainingRodShaped	3916	2.82799	0.5	20.9369	11.2923	0	-0.994799	-0.101853	0	None	None
ChainingRodShaped	1591	4.75067	0.5	3.0452	79.758	0	-0.0224342	-0.999748	0	None	None
ChainingRodShaped	2946	3.28804	0.5	-44.2467	39.9558	0	0.909031	-0.416729	0	None	None
ChainingRodShaped	2606	3.75631	0.5	-7.45728	8.00439	0	0.536312	-0.84402	0	None	None
ChainingRodShaped	3750	3.21589	0.5	25.8134	23.4267	0	0.903742	0.428077	0	None	None
ChainingRodShaped	1599	4.68097	0.5	-27.9008	60.8582	0	0.061922	-0.998081	0	None	None
ChainingRodShaped	3246	3.92551	0.5	-30.8871	7.6693	0	0.999074	-0.0430256	0	None	None
ChainingRodShaped	4224	2.53025	0.5	6.86715	27.4208	0	-0.0190676	-0.999818	0	None	None
ChainingRodShaped	3914	2.65286	0.5	-6.59177	0.524649	0	-0.242933	-0.970043	0	None	None
ChainingRodShaped	1607	4.69161	0.5	4.39717	66.0393	0	0.0749275	-0.997189	0	None	None
ChainingRodShaped	3290	3.79233	0.5	-32.0676	3.86981	0	0.998831	-0.0483432	0	None	None
ChainingRodShaped	4432	2.16661	0.5	-36.989	84.3771	0	0.860982	-0.508636	0	None	None
ChainingRodShaped	2958	3.95777	0.5	-25.0949	-96.9134	0	-0.846179	-0.532899	0	2959	3169
ChainingRodShaped	2602	3.70219	0.5	11.2027	54.4318	0	-0.678091	-0.734978	0	None	None
ChainingRodShaped	3978	2.62326	0.5	-24.781	38.7363	0	0.362958	-0.931805	0	None	None
ChainingRodShaped	1619	4.41924	0.5	-14.6102	-28.7157	0	-0.627943	0.77826	0	2256	1618
ChainingRodShaped	4504	2.05382	0.5	-33.9269	42.1473	0	-0.684771	0.728759	0	None	None
ChainingRodShaped	3198	4.26407	0.5	12.8917	-0.9744	0	-0.927921	-0.372777	0	None	None
ChainingRodShaped	4236	2.40964	0.5	-28.1366	89.5306	0	-0.847041	0.531527	0	None	None
ChainingRodShaped	3422	3.27515	0.5	-100.802	-123.077	0	-0.829586	-0.558379	0	3423	1626
ChainingRodShaped	2934	4.03966	0.5	-32.9259	39.8574	0	-0.722958	0.690892	0	None	None
ChainingRodShaped	3852	2.57831	0.5	5.53729	44.0261	0	-0.863142	-0.504961	0	None	None
ChainingRodShaped	2856	4.95392	0.5	-36.9996	82.8907	0	-0.999373	0.0353998	0	None	None
ChainingRodShaped	2874	3.33005	0.5	-34.363	25.6308	0	0.18873	-0.982029	0	None	None
ChainingRodShaped	1637	4.73982	0.5	17.6799	21.8021	0	0.190356	-0.981715	0	None	None
ChainingRodShaped	1639	4.62796	0.5	16.4938	37.4921	0	0.0367083	-0.999326	0	None	None
ChainingRodShaped	3256	2.82841	0.5	-47.9139	10.1487	0	-0.599071	0.800696	0	3257	3337
ChainingRodShaped	2594	4.166	0.5	-37.5279	7.71216	0	0.963599	-0.26735	0	None	None
ChainingRodShaped	3466	3.14943	0.5	38.0824	64.0265	0	0.464225	-0.885717	0	None	None
ChainingRodShaped	2552	4.67968	0.5	-9.47827	56.7034	0	-0.944742	-0.327816	0	None	None
ChainingRodShaped	2676	4.93965	0.5	-20.285	73.8801	0	0.416591	-0.909094	0	None	None
ChainingRodShaped	1651	4.49343	0.5	-14.7579	58.9379	0	-0.740901	-0.671615	0	None	None
ChainingRodShaped	4214	2.4848	0.5	-19.3362	0.369241	0	-0.85866	-0.512546	0	None	None
ChainingRodShaped	3440	3.08718	0.5	-36.6658	62.6385	0	0.999424	0.0339395	0	None	None
ChainingRodShaped	3082	3.35834	0.5	-17.1255	60.4524	0	-0.760685	-0.649121	0	None	None
ChainingRodShaped	4180	2.42096	0.5	-37.6222	60.7915	0	0.999827	0.0186104	0	None	None
ChainingRodShaped	2762	4.65066	0.5	-17.6886	46.1986	0	0.427729	-0.903907	0	None	None
ChainingRodShaped	3542	2.56457	0.5	78.5624	-18.6993	0	-0.71165	-0.702534	0	3543	1662
ChainingRodShaped	3238	4.46735	0.5	-12.7867	67.5439	0	0.81712	-0.576468	0	None	None
ChainingRodShaped	3158	3.83851	0.5	24.175	42.5363	0	0.369168	-0.929363	0	None	None
ChainingRodShaped	2868	3.11787	0.5	-4.24831	15.4694	0	0.995846	-0.0910543	0	None	None
ChainingRodShaped	3092	3.60773	0.5	0.556369	92.5464	0	-0.995227	-0.0975892	0	None	None
ChainingRodShaped	4406	2.13311	0.5	-42.6072	47.0273	0	-0.745331	0.666695	0	None	None
ChainingRodShaped	2702	4.74561	0.5	6.72791	4.35716	0	0.454756	-0.890616	0	None	None
ChainingRodShaped	2724	4.92914	0.5	-25.814	73.716	0	0.541282	-0.840841	0	None	None
ChainingRodShaped	3134	3.50337	0.5	1.7534	52.1994	0	-0.724891	-0.688864	0	None	None
ChainingRodShaped	1681	3.82084	0.5	104.779	33.193	0	0.0544032	-0.998519	0	1922	1680
ChainingRodShaped	2990	3.85588	0.5	-8.92398	80.4252	0	0.590115	-0.807319	0	None	None
ChainingRodShaped	4028	2.5747	0.5	-36.5295	28.001	0	0.647377	-0.76217	0	None	None
ChainingRodShaped	3556	3.09862	0.5	70.0355	134.72	0	-0.607857	-0.794047	0	3557	1686
ChainingRodShaped	2828	4.04637	0.5	21.6911	55.7376	0	-0.950562	-0.310534	0	None	None
ChainingRodShaped	4044	2.3127	0.5	-9.97771	46.3203	0	0.496024	-0.868309	0	None	None
ChainingRodShaped	1693	4.73396	0.5	-31.1409	75.1714	0	0.510125	-0.8601	0	None	None
ChainingRodShaped	1695	4.82033	0.5	25.8564	75.2145	0	0.109218	-0.994018	0	None	None
ChainingRodShaped	1697	4.61452	0.5	-60.6723	48.8937	0	-0.148162	0.988963	0	4122	1696
ChainingRodShaped	1699	3.91094	0.5	11.3493	138.254	0	-0.803448	0.595375	0	2382	3547
ChainingRodShaped	4138	2.53899	0.5	37.4857	34.871	0	-0.42336	-0.905962	0	None	None
ChainingRodShaped	3780	2.50179	0.5	-15.8506	149.482	0	-0.999209	0.0397749	0	3781	1702
ChainingRodShaped	1705	4.50475	0.5	32.9165	43.1648	0	0.975587	-0.219611	0	None	None
ChainingRodShaped	3526	3.301	0.5	19.143	67.8909	0	0.596221	-0.802821	0	None	None
ChainingRodShaped	3658	3.35431	0.5	-23.435	-1.88615	0	-0.958055	-0.286584	0	None	None
ChainingRodShaped	4154	2.16909	0.5	21.7224	-52.801	0	-0.991053	0.13347	0	4155	1710
ChainingRodShaped	3022	3.86669	0.5	-5.90687	49.4672	0	-0.366799	-0.9303	0	None	None
ChainingRodShaped	3678	2.43047	0.5	109.292	217.205	0	-0.572552	-0.819869	0	3679	4457
ChainingRodShaped	4500	2.12982	0.5	26.0988	63.8165	0	0.693975	-0.719999	0	None	None
ChainingRodShaped	3516	3.373	0.5	18.4054	55.5843	0	-0.944239	-0.329262	0	None	None
ChainingRodShaped	2654	3.38652	0.5	1.94741	91.6599	0	0.977726	0.209885	0	None	None
ChainingRodShaped	3170	2.66062	0.5	-43.5213	-24.7588	0	0.999997	0.00251969	0	3171	1722
ChainingRodShaped	1725	4.52651	0.5	-15.9274	52.4622	0	0.531408	-0.847116	0	None	None
ChainingRodShaped	4314	2.26516	0.5	34.5056	61.9657	0	-0.718294	0.69574	0	None	None
ChainingRodShaped	4408	2.19736	0.5	-29.4499	4.68673	0	0.997843	-0.0656412	0	None	None
ChainingRodShaped	4042	2.39587	0.5	-45.3392	67.4804	0	0.860849	-0.508861	0	None	None
ChainingRodShaped	3362	2.83976	0.5	28.9405	39.6948	0	-0.936257	-0.351315	0	None	None
ChainingRodShaped	1735	4.54048	0.5	14.7214	60.7012	0	-0.674537	-0.738241	0	None	None
ChainingRodShaped	4022	2.50903	0.5	-33.1522	69.8765	0	0.908581	-0.417708	0	None	None
ChainingRodShaped	1739	4.38027	0.5	-58.6766	43.7637	0	0.0291635	0.999575	0	None	None
ChainingRodShaped	3816	2.63668	0.5	0.0612014	4.23723	0	-0.214664	-0.976688	0	None	None
ChainingRodShaped	2688	4.21603	0.5	-42.3379	19.2691	0	-0.693066	0.720874	0	None	None
ChainingRodShaped	3042	3.19067	0.5	-40.4242	72.0697	0	0.366543	-0.930401	0	None	None
ChainingRodShaped	4442	2.09101	0.5	22.1907	75.0031	0	-0.542378	0.840135	0	None	None
ChainingRodShaped	3012	4.42549	0.5	-7.34472	54.7931	0	-0.937454	-0.34811	0	None	None
ChainingRodShaped	4508	2.11387	0.5	9.35637	56.0752	0	-0.692989	-0.720948	0	None	None
ChainingRodShaped	3326	3.15527	0.5	7.27248	51.582	0	-0.68483	-0.728702	0	None	None
ChainingRodShaped	1755	4.27307	0.5	96.6874	2.29389	0	-0.5258	-0.850608	0	1944	3513
ChainingRodShaped	3094	3.90619	0.5	-41.3361	56.1921	0	-0.999998	-0.00174779	0	None	None
ChainingRodShaped	3588	3.6213	0.5	-16.8758	87.1694	0	0.754675	-0.656099	0	None	None
ChainingRodShaped	2664	4.00503	0.5	19.2642	86.0251	0	0.928124	-0.372272	0	None	None
ChainingRodShaped	1763	4.67121	0.5	13.2408	8.89891	0	0.542615	-0.839982	0	None	None
ChainingRodShaped	1765	4.851	0.5	9.8681	76.6744	0	0.476212	-0.87933	0	None	None
ChainingRodShaped	2800	3.75814	0.5	-40.5392	57.1128	0	-0.999966	0.00821692	0	None	None
ChainingRodShaped	3994	2.81147	0.5	6.46036	37.366	0	-0.756953	-0.653469	0	None	None
ChainingRodShaped	1771	4.23033	0.5	-37.4906	92.0315	0	0.99804	0.0625806	0	4056	1770
ChainingRodShaped	2820	4.3137	0.5	-20.7953	34.6004	0	-0.0207405	-0.999785	0	None	None
ChainingRodShaped	2926	4.21556	0.5	-24.6945	45.0874	0	-0.99786	0.0653819	0	None	None
ChainingRodShaped	3258	3.2983	0.5	10.8841	87.6876	0	0.613688	-0.789549	0	None	None
ChainingRodShaped	1779	4.32671	0.5	-1.63721	5.38557	0	-0.209587	-0.97779	0	None	None
ChainingRodShaped	3430	3.40065	0.5	-11.3045	59.239	0	-0.403506	-0.914977	0	None	None
ChainingRodShaped	3046	3.11182	0.5	-24.4207	75.2998	0	-0.160003	-0.987117	0	None	None
ChainingRodShaped	3424	3.34296	0.5	6.08957	15.0658	0	0.31346	-0.949601	0	None	None
ChainingRodShaped	2722	3.9331	0.5	-11.3135	46.8884	0	0.487296	-0.873237	0	None	None
ChainingRodShaped	3452	3.59656	0.5	13.9838	48.4794	0	0.709078	-0.70513	0	None	None
ChainingRodShaped	3058	3.98492	0.5	18.9302	49.8643	0	-0.883445	-0.468535	0	None	None
ChainingRodShaped	1793	4.26327	0.5	-21.4818	39.7134	0	0.325247	-0.945629	0	None	None
ChainingRodShaped	4036	2.49612	0.5	-48.1047	16.5845	0	0.477588	-0.878584	0	None	None
ChainingRodShaped	4418	2.15326	0.5	-42.2582	23.4931	0	-0.906076	0.423115	0	None	None
ChainingRodShaped	2956	4.98712	0.5	-13.1888	74.3076	0	-0.85373	0.520716	0	None	None
ChainingRodShaped	2884	4.24333	0.5	31.0766	23.0239	0	-0.439047	-0.898464	0	None	None
ChainingRodShaped	3174	3.53068	0.5	-2.70135	83.0887	0	-0.925629	-0.378432	0	None	None
ChainingRodShaped	3538	2.67359	0.5	-38.1135	25.9224	0	0.189453	-0.98189	0	None	None
ChainingRodShaped	1807	4.49939	0.5	-28.4785	14.6208	0	0.694234	-0.71975	0	None	None
ChainingRodShaped	4476	2.09193	0.5	11.411	66.9618	0	-0.187229	-0.982316	0	None	None
ChainingRodShaped	3232	2.93988	0.5	1.52644	2.07875	0	-0.211194	-0.977444	0	None	None
ChainingRodShaped	3090	4.7679	0.5	-42.8977	75.3876	0	-0.0127854	-0.999918	0	None	None
ChainingRodShaped	4132	2.45564	0.5	76.4955	67.8014	0	0.990518	-0.137385	0	4133	3399
ChainingRodShaped	3040	3.7897	0.5	-45.9129	20.2791	0	0.374402	-0.927266	0	None	None
ChainingRodShaped	1819	4.36308	0.5	-8.91207	34.0555	0	-0.951984	-0.306147	0	None	None
ChainingRodShaped	4330	2.21132	0.5	-39.4159	72.1188	0	0.364889	-0.931051	0	None	None
ChainingRodShaped	4348	2.26066	0.5	34.6192	52.9893	0	0.136056	-0.990701	0	None	None
ChainingRodShaped	3120	3.39372	0.5	-23.9481	54.2521	0	-0.507153	-0.861856	0	None	None
ChainingRodShaped	2832	3.29959	0.5	-13.2662	-4.10999	0	0.204248	-0.978919	0	None	None
ChainingRodShaped	3338	4.00916	0.5	-41.5572	39.6661	0	0.880998	-0.473121	0	None	None
ChainingRodShaped	3230	4.45249	0.5	-22.0488	52.0518	0	-0.514229	-0.857653	0	None	None
ChainingRodShaped	1833	4.83877	0.5	11.402	5.08478	0	-0.271226	-0.962516	0	None	None
ChainingRodShaped	4306	2.17724	0.5	-14.4541	43.4607	0	0.443074	-0.896485	0	None	None
ChainingRodShaped	3112	3.62017	0.5	22.0226	59.6788	0	0.564235	-0.825614	0	None	None
ChainingRodShaped	1839	4.6984	0.5	-72.0867	68.5637	0	-0.854951	0.518709	0	1360	1838
ChainingRodShaped	1841	4.34793	0.5	-13.6567	81.1522	0	-0.808111	0.589031	0	None	None
ChainingRodShaped	2846	3.94584	0.5	-10.1803	80.6089	0	0.582004	-0.813186	0	None	None
ChainingRodShaped	1845	4.80558	0.5	-50.9015	28.0664	0	-0.958849	0.283916	0	None	None
ChainingRodShaped	2996	4.1962	0.5	-36.6356	1.05985	0	0.676128	-0.736785	0	None	None
ChainingRodShaped	2952	3.95262	0.5	-41.2024	59.011	0	0.999893	-0.0146523	0	None	None
ChainingRodShaped	1851	4.60867	0.5	-20.9915	6.28823	0	-0.9997	0.024486	0	None	None
ChainingRodShaped	2852	4.02171	0.5	-8.01001	-8.38807	0	-0.959699	-0.281031	0	None	None
ChainingRodShaped	3634	2.71576	0.5	-10.9893	92.6097	0	0.598077	-0.801439	0	None	None
ChainingRodShaped	1857	4.89554	0.5	-21.722	47.5083	0	-0.996103	0.0881962	0	None	None
ChainingRodShaped	4554	2.04995	0.5	12.3612	24.2325	0	-0.17091	0.985287	0	None	None
ChainingRodShaped	2932	3.81836	0.5	-49.9225	17.4259	0	0.571259	-0.82077	0	None	None
ChainingRodShaped	2964	4.27691	0.5	12.1559	81.351	0	0.955503	-0.29498	0	None	None
ChainingRodShaped	1865	4.94355	0.5	24.8452	38.5213	0	0.392493	-0.919755	0	None	None
ChainingRodShaped	4480	2.14875	0.5	-49.1487	60.8452	0	0.424471	-0.905442	0	None	None
ChainingRodShaped	1869	4.37749	0.5	-2.00249	41.3013	0	0.994615	-0.103641	0	None	None
ChainingRodShaped	3136	3.07244	0.5	-55.2381	31.656	0	0.999643	-0.0267065	0	None	None
ChainingRodShaped	3724	3.16554	0.5	-11.3721	52.0634	0	0.518632	-0.854998	0	None	None
ChainingRodShaped	3620	3.15226	0.5	-31.5361	55.6657	0	-0.504604	-0.863351	0	None	None
ChainingRodShaped	3448	2.85498	0.5	4.10534	-2.38143	0	-0.986928	-0.161159	0	None	None
ChainingRodShaped	1879	4.25333	0.5	-45.8888	52.5268	0	-0.96565	-0.259845	0	None	None
ChainingRodShaped	2918	3.71197	0.5	19.9206	84.7107	0	0.936137	-0.351636	0	None	None
ChainingRodShaped	2902	4.2323	0.5	-22.5981	62.8749	0	0.0404637	-0.999181	0	None	None
ChainingRodShaped	3044	4.63971	0.5	15.1795	73.6909	0	0.0305514	-0.999533	0	None	None
ChainingRodShaped	2974	4.30434	0.5	-17.5021	35.5068	0	-0.285464	-0.958389	0	None	None
ChainingRodShaped	3450	3.02798	0.5	-46.261	64.4832	0	0.19684	-0.980436	0	None	None
ChainingRodShaped	3228	3.62578	0.5	28.2599	81.6468	0	0.98311	-0.183018	0	None	None
ChainingRodShaped	1893	4.90331	0.5	16.5071	57.2144	0	-0.724344	-0.689439	0	None	None
ChainingRodShaped	3132	2.99954	0.5	-29.4306	32.4717	0	-0.618086	0.78611	0	None	None
ChainingRodShaped	2904	4.79796	0.5	27.5915	76.8587	0	0.117062	-0.993125	0	None	None
ChainingRodShaped	1899	4.73662	0.5	3.17481	51.1282	0	-0.710968	-0.703224	0	None	None
ChainingRodShaped	3008	3.07022	0.5	-40.475	49.3017	0	-0.95365	-0.300919	0	None	None
ChainingRodShaped	3666	2.54668	0.5	-87.2557	-115.392	0	-0.912784	-0.408442	0	3667	3669
ChainingRodShaped	1905	4.17856	0.5	-34.024	34.8844	0	-0.713419	0.700738	0	None	None
ChainingRodShaped	1907	4.28907	0.5	-27.3423	32.6976	0	-0.591742	0.806127	0	None	None
ChainingRodShaped	1909	4.67697	0.5	-16.3829	51.4955	0	0.522928	-0.852377	0	None	None
ChainingRodShaped	3164	3.9391	0.5	-17.776	4.45028	0	-0.677936	-0.735121	0	None	None
ChainingRodShaped	2992	3.25249	0.5	-43.5649	51.2434	0	-0.961222	-0.275774	0	None	None
ChainingRodShaped	4194	2.61288	0.5	27.1612	70.2094	0	-0.863332	0.504637	0	None	None
ChainingRodShaped	3520	3.33512	0.5	-56.2469	50.5416	0	-0.752372	0.658739	0	None	None
ChainingRodShaped	4404	2.12111	0.5	-25.4442	20.2393	0	0.948167	-0.317771	0	None	None
ChainingRodShaped	2976	4.09814	0.5	4.93089	78.9239	0	-0.0855232	-0.996336	0	None	None
ChainingRodShaped	1923	4.05036	0.5	103.146	43.0978	0	0.27022	-0.962799	0	2536	1922
ChainingRodShaped	3716	2.47053	0.5	-34.8566	86.9755	0	-0.984752	0.173962	0	None	None
ChainingRodShaped	3368	3.37759	0.5	-24.4439	9.22545	0	0.717204	-0.696863	0	None	None
ChainingRodShaped	3698	2.90603	0.5	-36.1974	74.3528	0	0.373782	-0.927517	0	None	None
ChainingRodShaped	1931	4.90852	0.5	-37.4799	40.2323	0	-0.79607	0.605204	0	None	None
ChainingRodShaped	3026	4.48485	0.5	20.6911	70.5315	0	0.581156	-0.813792	0	None	None
ChainingRodShaped	3322	3.7251	0.5	31.2132	77.7976	0	-0.912254	-0.409625	0	None	None
ChainingRodShaped	3124	4.3793	0.5	-3.25968	68.4104	0	-0.904301	0.426896	0	None	None
ChainingRodShaped	1939	4.57037	0.5	-26.1365	17.4116	0	0.700495	-0.713658	0	None	None
ChainingRodShaped	3580	3.57614	0.5	-22.1579	93.4606	0	-0.999969	-0.00783482	0	None	None
ChainingRodShaped	3596	3.35965	0.5	-49.4842	45.6455	0	-0.866002	-0.50004	0	None	None
ChainingRodShaped	3810	2.35812	0.5	100.873	10.1451	0	-0.393538	-0.919308	0	3811	1944
ChainingRodShaped	3550	2.77769	0.5	-13.4988	90.2244	0	0.873869	-0.486162	0	None	None
ChainingRodShaped	1949	4.74186	0.5	26.472	30.0809	0	0.896668	0.442704	0	None	None
ChainingRodShaped	3664	3.16806	0.5	-7.39221	-9.22811	0	-0.959212	-0.282687	0	None	None
ChainingRodShaped	3830	2.42172	0.5	18.9028	66.6797	0	0.604205	-0.796829	0	None	None
ChainingRodShaped	1955	3.99588	0.5	-58.4912	120.81	0	-0.267937	-0.963436	0	1464	1954
ChainingRodShaped	3776	2.5179	0.5	-55.0609	39.9622	0	-0.0722498	-0.997387	0	None	None
ChainingRodShaped	3394	3.72048	0.5	22.8702	86.8901	0	0.934474	-0.356031	0	None	None
ChainingRodShaped	4320	2.25005	0.5	-37.5502	69.6911	0	0.766255	-0.642536	0	None	None
ChainingRodShaped	1963	4.21479	0.5	16.9624	62.9377	0	0.46089	-0.887457	0	None	None
ChainingRodShaped	3180	4.01652	0.5	-38.1142	33.8995	0	0.683224	-0.730209	0	None	None
ChainingRodShaped	1967	4.48202	0.5	-39.0912	23.1777	0	-0.532977	0.84613	0	None	None
ChainingRodShaped	3104	3.15907	0.5	-13.3272	66.8558	0	0.821631	-0.57002	0	None	None
ChainingRodShaped	1971	4.50977	0.5	8.08285	18.0751	0	-0.140043	-0.990145	0	None	None
ChainingRodShaped	4014	2.39604	0.5	-8.39987	17.7795	0	-0.226761	-0.97395	0	None	None
ChainingRodShaped	3428	3.62652	0.5	8.61641	27.2247	0	0.000937878	-1	0	None	None
ChainingRodShaped	1977	4.70159	0.5	28.7236	54.6519	0	0.0460301	-0.99894	0	None	None
ChainingRodShaped	1979	3.6362	0.5	12.9848	-50.5172	0	-0.93705	0.349194	0	1710	1978
ChainingRodShaped	4492	2.15143	0.5	-14.1409	4.77742	0	-0.998023	-0.0628557	0	None	None
ChainingRodShaped	1983	4.22683	0.5	16.8432	58.7884	0	-0.721711	-0.692195	0	None	None
ChainingRodShaped	4530	2.0302	0.5	-39.3562	144.337	0	-0.874399	-0.485208	0	4531	3881
ChainingRodShaped	3024	4.04906	0.5	1.18561	39.4604	0	0.97227	0.233861	0	None	None
ChainingRodShaped	4068	2.21768	0.5	42.2721	73.0373	0	0.87639	-0.481603	0	4069	3595
ChainingRodShaped	3458	3.65431	0.5	-22.0089	4.49533	0	-0.999978	0.0065745	0	None	None
ChainingRodShaped	4268	2.38405	0.5	-23.1246	15.7037	0	0.70373	-0.710467	0	None	None
ChainingRodShaped	3600	2.95737	0.5	-38.9497	16.2488	0	-0.851418	0.524488	0	None	None
ChainingRodShaped	1997	4.94695	0.5	10.6503	30.6808	0	-0.156673	-0.987651	0	None	None
ChainingRodShaped	4202	2.17331	0.5	61.2626	126.48	0	-0.858467	-0.512869	0	4203	1998
ChainingRodShaped	3050	4.46634	0.5	-15.2783	32.3227	0	0.878944	0.476925	0	None	None
ChainingRodShaped	4412	2.24083	0.5	12.8062	41.9061	0	0.388894	-0.921282	0	None	None
ChainingRodShaped	3708	2.59481	0.5	30.4404	15.509	0	0.859852	-0.510544	0	None	None
ChainingRodShaped	3468	2.7321	0.5	-10.6151	29.7304	0	-0.954405	-0.298515	0	None	None
ChainingRodShaped	4514	2.09736	0.5	-3.47275	17.197	0	0.991563	-0.129624	0	None	None
ChainingRodShaped	3492	3.26755	0.5	-51.5133	55.2205	0	-0.995368	0.0961374	0	None	None
ChainingRodShaped	3146	4.03394	0.5	6.24541	73.6013	0	-0.0990202	-0.995085	0	None	None
ChainingRodShaped	4006	2.76255	0.5	-32.9442	21.9249	0	-0.106073	-0.994358	0	None	None
ChainingRodShaped	2017	4.54188	0.5	-27.2375	8.81327	0	0.185448	-0.982654	0	None	None
ChainingRodShaped	2019	4.36949	0.5	-3.29167	24.458	0	-0.795651	-0.605755	0	None	None
ChainingRodShaped	3272	2.90425	0.5	18.1151	31.1624	0	-0.251554	-0.967843	0	None	None
ChainingRodShaped	3474	3.19398	0.5	-20.871	86.6264	0	-0.999931	-0.0117137	0	None	None
ChainingRodShaped	3122	2.94367	0.5	26.6751	41.3908	0	0.548329	-0.836262	0	None	None
ChainingRodShaped	2027	4.59436	0.5	-112.954	39.024	0	-0.203683	-0.979037	0	4270	2026
ChainingRodShaped	3454	3.03515	0.5	-27.0116	-0.0968464	0	-0.863166	-0.50492	0	None	None
ChainingRodShaped	3412	3.15345	0.5	4.76993	55.7015	0	-0.863101	-0.505031	0	None	None
ChainingRodShaped	2033	4.41906	0.5	19.5424	29.2468	0	-0.237586	-0.971367	0	None	None
ChainingRodShaped	4388	2.11668	0.5	19.7853	80.5797	0	-0.0561802	0.998421	0	None	None
ChainingRodShaped	2037	4.63853	0.5	7.06407	72.6301	0	-0.0998046	-0.995007	0	None	None
ChainingRodShaped	4072	2.7171	0.5	0.804748	63.4892	0	-0.909382	0.415961	0	None	None
ChainingRodShaped	3288	2.82668	0.5	-47.6546	35.9379	0	0.603518	-0.79735	0	None	None
ChainingRodShaped	3226	3.63799	0.5	-1.39602	29.0294	0	-0.734928	-0.678145	0	None	None
ChainingRodShaped	4010	2.89563	0.5	17.9404	26.4392	0	-0.180439	-0.983586	0	None	None
ChainingRodShaped	2047	4.64311	0.5	-2.81172	23.7477	0	-0.793455	-0.608629	0	None	None
ChainingRodShaped	2049	4.13904	0.5	-15.1604	9.44947	0	0.965016	-0.262191	0	None	None
ChainingRodShaped	2051	4.27748	0.5	-28.7573	25.5554	0	-0.563482	0.826128	0	None	None
ChainingRodShaped	3462	3.11698	0.5	3.81734	8.58724	0	-0.766274	-0.642514	0	None	None
ChainingRodShaped	2055	3.79106	0.5	82.116	163.268	0	-0.290854	-0.956767	0	3924	2054
ChainingRodShaped	2057	4.24171	0.5	-25.4065	63.0902	0	0.118116	-0.993	0	None	None
ChainingRodShaped	2059	3.93305	0.5	-39.8479	54.3306	0	-1	-0.000435221	0	None	None
ChainingRodShaped	4230	2.20115	0.5	-31.7281	79.8095	0	-0.925849	-0.377893	0	None	None
ChainingRodShaped	3300	4.06704	0.5	-2.06979	74.1413	0	-0.45944	-0.888209	0	None	None
ChainingRodShaped	2065	4.85168	0.5	25.1782	25.1881	0	0.898681	0.438602	0	None	None
ChainingRodShaped	3318	3.4514	0.5	1.36714	40.4158	0	0.974552	0.224162	0	None	None
ChainingRodShaped	3518	2.78434	0.5	-5.20113	8.82688	0	0.166633	-0.986019	0	None	None
ChainingRodShaped	4254	2.25236	0.5	-13.0253	28.0231	0	-0.951432	-0.307859	0	None	None
ChainingRodShaped	2073	3.88463	0.5	36.6278	69.4687	0	0.448241	-0.893913	0	None	None
ChainingRodShaped	3730	2.70254	0.5	16.6749	46.3641	0	0.384837	-0.922985	0	None	None
ChainingRodShaped	3220	3.9578	0.5	0.200335	23.7712	0	-0.793443	-0.608645	0	None	None
ChainingRodShaped	3718	2.86512	0.5	-13.7903	31.1977	0	-0.878942	-0.476928	0	None	None
ChainingRodShaped	3598	2.96408	0.5	28.9954	30.0581	0	0.943034	0.332696	0	None	None
ChainingRodShaped	3376	3.93331	0.5	-2.65802	30.3111	0	-0.724408	-0.689372	0	None	None
ChainingRodShaped	3630	3.51714	0.5	-31.3337	85.3685	0	0.213482	-0.976947	0	None	None
ChainingRodShaped	2087	4.37911	0.5	-36.4073	63.5537	0	-0.999034	-0.0439373	0	None	None
ChainingRodShaped	3560	3.54222	0.5	-26.2149	83.948	0	0.202625	-0.979256	0	None	None
ChainingRodShaped	3632	2.71355	0.5	-36.2172	44.7663	0	0.109502	-0.993987	0	None	None
ChainingRodShaped	2093	3.83517	0.5	-5.76414	-54.0466	0	0.248749	-0.968568	0	2160	4275
ChainingRodShaped	3200	3.11486	0.5	-15.7681	65.3148	0	0.833533	-0.552469	0	None	None
ChainingRodShaped	3614	3.52953	0.5	-32.8736	55.1294	0	-0.472831	-0.881153	0	None	None
ChainingRodShaped	2099	4.00853	0.5	-29.9005	25.6545	0	-0.560888	0.827891	0	None	None
ChainingRodShaped	2101	4.96435	0.5	-26.6708	16.7159	0	0.70172	-0.712452	0	None	None
ChainingRodShaped	4346	2.26332	0.5	-47.6864	57.0256	0	-0.999798	-0.0201121	0	None	None
ChainingRodShaped	3302	3.34397	0.5	13.3622	42.7314	0	0.398066	-0.917357	0	None	None
ChainingRodShaped	2107	4.38442	0.5	-41.3765	59.9353	0	0.999929	-0.0119164	0	None	None
ChainingRodShaped	2109	4.07297	0.5	-15.1206	35.4447	0	-0.874559	-0.484918	0	None	None
ChainingRodShaped	4080	2.51479	0.5	30.7645	36.1785	0	0.87964	0.475641	0	None	None
ChainingRodShaped	2113	4.20988	0.5	20.1349	57.1659	0	-0.945696	-0.325053	0	None	None
ChainingRodShaped	3856	2.93954	0.5	5.9845	27.6439	0	-0.0290512	-0.999578	0	None	None
ChainingRodShaped	2117	4.69741	0.5	10.2887	77.826	0	0.470717	-0.882284	0	None	None
ChainingRodShaped	4372	2.10926	0.5	-118.075	-135.713	0	-0.7967	-0.604375	0	4373	2118
ChainingRodShaped	2121	4.04777	0.5	21.3524	15.4067	0	-0.95308	-0.302719	0	None	None
ChainingRodShaped	4038	2.31703	0.5	-115.257	16.6473	0	0.0347319	-0.999397	0	4039	2122
ChainingRodShaped	2125	4.25576	0.5	6.67657	-1.00424	0	0.989938	0.141504	0	None	None
ChainingRodShaped	3870	2.83287	0.5	-39.3145	51.7991	0	-0.880275	-0.474464	0	None	None
ChainingRodShaped	3494	3.47923	0.5	31.7099	38.8433	0	-0.878647	-0.477473	0	None	None
ChainingRodShaped	4430	2.09403	0.5	-110.053	49.24	0	-0.367133	-0.930168	0	4431	4271
ChainingRodShaped	3568	2.81278	0.5	30.1919	64.693	0	-0.741874	0.67054	0	None	None
ChainingRodShaped	4572	2.01426	0.5	-45.6095	68.7613	0	0.857527	-0.51444	0	None	None
ChainingRodShaped	2137	4.79812	0.5	8.7023	94.0709	0	-0.985474	0.169824	0	None	None
ChainingRodShaped	3366	3.45252	0.5	20.1468	49.5494	0	-0.891056	-0.453894	0	None	None
ChainingRodShaped	3278	3.27045	0.5	-49.8835	66.8238	0	0.8583	-0.513149	0	None	None
ChainingRodShaped	4262	2.1757	0.5	-28.049	148.551	0	-0.978554	-0.205989	0	4263	4471
ChainingRodShaped	2145	4.0746	0.5	32.2525	56.6316	0	0.0929219	-0.995673	0	None	None
ChainingRodShaped	2147	4.18969	0.5	28.6328	32.7098	0	0.783967	0.620803	0	None	None
ChainingRodShaped	3604	3.27037	0.5	-10.3739	36.2906	0	-0.940452	-0.339927	0	None	None
ChainingRodShaped	4316	2.17509	0.5	-14.5913	14.1968	0	0.829461	-0.558565	0	None	None
ChainingRodShaped	2153	4.54929	0.5	-58.9563	36.9473	0	-0.164994	0.986295	0	3344	4123
ChainingRodShaped	4438	2.09653	0.5	-39.2877	58.0201	0	0.999834	-0.0181996	0	None	None
ChainingRodShaped	4342	2.24012	0.5	13.209	75.6169	0	-0.14416	-0.989554	0	None	None
ChainingRodShaped	3314	2.96301	0.5	1.5172	64.1069	0	-0.907474	0.420108	0	None	None
ChainingRodShaped	2161	4.48147	0.5	-9.48131	-44.2914	0	0.451843	-0.892098	0	4308	2160
ChainingRodShaped	3940	2.8595	0.5	3.26078	10.7701	0	0.00657334	-0.999978	0	None	None
ChainingRodShaped	3482	3.37775	0.5	-15.2437	66.0208	0	0.828354	-0.560205	0	None	None
ChainingRodShaped	3808	3.25076	0.5	-43.923	52.0765	0	-0.963929	-0.26616	0	None	None
ChainingRodShaped	4580	2.02457	0.5	6.43748	10.96	0	0.300342	-0.953832	0	None	None
ChainingRodShaped	4114	2.65188	0.5	5.22055	46.9068	0	-0.691361	-0.72251	0	None	None
ChainingRodShaped	3386	2.867	0.5	-2.85638	94.7047	0	-0.989064	0.147487	0	None	None
ChainingRodShaped	3508	3.59896	0.5	-47.6257	19.3342	0	0.796561	-0.604558	0	None	None
ChainingRodShaped	3842	3.05912	0.5	-56.0173	39.7759	0	-0.069545	-0.997579	0	None	None
ChainingRodShaped	4518	2.05763	0.5	9.77394	62.645	0	-0.135639	-0.990758	0	None	None
ChainingRodShaped	3772	2.45697	0.5	-33.3245	13.7421	0	-0.51089	-0.859646	0	None	None
ChainingRodShaped	4208	2.29009	0.5	32.9056	80.0041	0	0.747745	-0.663986	0	4209	2182
ChainingRodShaped	2185	4.48483	0.5	-44.5955	10.728	0	0.575912	-0.817512	0	None	None
ChainingRodShaped	2187	4.27761	0.5	-108.594	-128.604	0	-0.805349	-0.592801	0	1626	2186
ChainingRodShaped	2189	4.05003	0.5	-38.107	-1.02302	0	-0.692508	0.72141	0	2218	4083
ChainingRodShaped	3876	2.94727	0.5	28.4147	42.1138	0	0.561422	-0.82753	0	None	None
ChainingRodShaped	2193	4.92266	0.5	2.40016	61.7871	0	-0.906827	0.421504	0	None	None
ChainingRodShaped	2195	3.98206	0.5	24.9243	49.3692	0	-0.981339	-0.192286	0	None	None
ChainingRodShaped	2197	4.22557	0.5	-11.6227	27.5498	0	-0.95446	-0.298338	0	None	None
ChainingRodShaped	3352	3.95158	0.5	-46.4223	37.7411	0	0.924776	-0.380512	0	None	None
ChainingRodShaped	2201	4.16661	0.5	-8.00419	93.5905	0	0.984829	-0.17353	0	None	None
ChainingRodShaped	2203	4.81133	0.5	17.5186	39.2758	0	0.32923	-0.94425	0	None	None
ChainingRodShaped	2205	3.91325	0.5	-1.88625	57.1968	0	-0.957493	-0.288456	0	None	None
ChainingRodShaped	3896	2.81401	0.5	-12.402	45.3195	0	0.469731	-0.88281	0	None	None
ChainingRodShaped	4206	2.19145	0.5	-31.8672	-25.9797	0	0.969578	-0.244782	0	4207	4187
ChainingRodShaped	3832	2.70887	0.5	-11.3435	2.17771	0	0.994144	0.108067	0	None	None
ChainingRodShaped	3616	2.70517	0.5	1.4623	-8.28177	0	-0.818782	-0.574104	0	None	None
ChainingRodShaped	4198	2.20923	0.5	-6.41637	81.6229	0	0.613726	-0.789519	0	None	None
ChainingRodShaped	3722	2.88475	0.5	-25.5243	14.2238	0	0.698906	-0.715214	0	None	None
ChainingRodShaped	2219	4.23908	0.5	-30.7489	-8.83065	0	-0.673832	0.738885	0	3972	2218
ChainingRodShaped	2221	4.96237	0.5	-13.1617	92.2553	0	0.86877	-0.495216	0	None	None
ChainingRodShaped	4362	2.12272	0.5	-92.7695	70.3022	0	-0.898446	-0.439084	0	4363	2222
ChainingRodShaped	4104	2.66189	0.5	-3.70202	84.7039	0	0.93187	0.362792	0	None	None
ChainingRodShaped	2227	4.11438	0.5	16.7431	13.9527	0	-0.948685	0.316223	0	None	None
ChainingRodShaped	3384	3.41808	0.5	6.88793	35.4226	0	-0.769871	-0.6382	0	None	None
ChainingRodShaped	2231	4.50376	0.5	-20.3537	57.4253	0	-0.444445	-0.895806	0	None	None
ChainingRodShaped	3548	2.96312	0.5	26.2628	22.5946	0	0.906346	0.422536	0	None	None
ChainingRodShaped	3544	2.91248	0.5	-7.91487	41.9615	0	-0.353601	-0.935396	0	None	None
ChainingRodShaped	3528	3.10114	0.5	-19.9324	32.0891	0	-0.0249925	-0.999688	0	None	None
ChainingRodShaped	3570	3.23017	0.5	8.69481	69.793	0	0.0162225	-0.999868	0	None	None
ChainingRodShaped	2241	3.9489	0.5	-42.6674	69.6057	0	0.58048	-0.814275	0	None	None
ChainingRodShaped	4004	2.46985	0.5	-0.837926	88.0577	0	0.869507	0.493921	0	None	None
ChainingRodShaped	3566	3.41465	0.5	-7.4237	79.9519	0	0.59777	-0.801667	0	None	None
ChainingRodShaped	3886	2.81042	0.5	-55.228	36.2255	0	-0.6609	0.750474	0	None	None
ChainingRodShaped	2249	4.97799	0.5	7.98133	44.6608	0	-0.735716	-0.67729	0	None	None
ChainingRodShaped	2251	3.93826	0.5	12.483	52.1038	0	-0.664801	-0.74702	0	None	None
ChainingRodShaped	2253	4.97782	0.5	22.9002	49.9719	0	-0.874099	-0.485747	0	None	None
ChainingRodShaped	2255	4.59304	0.5	-18.0578	76.3673	0	0.825665	-0.56416	0	None	None
ChainingRodShaped	2257	3.96041	0.5	-7.99297	-36.2681	0	-0.696656	0.717405	0	2458	2256
ChainingRodShaped	3626	3.06	0.5	30.676	12.4183	0	-0.413667	-0.910428	0	None	None
ChainingRodShaped	3464	2.98947	0.5	-4.13208	26.0235	0	-0.80362	-0.595143	0	None	None
ChainingRodShaped	4296	2.2617	0.5	-2.30866	68.9635	0	-0.905024	0.425361	0	None	None
ChainingRodShaped	2265	4.74481	0.5	-4.95862	-65.2926	0	-0.0957301	-0.995407	0	4274	2264
ChainingRodShaped	2267	4.73359	0.5	27.8513	52.122	0	0.00196016	-0.999998	0	None	None
ChainingRodShaped	2269	4.67566	0.5	-8.78952	13.8783	0	0.824521	-0.565831	0	None	None
ChainingRodShaped	4276	2.25799	0.5	-4.14383	97.8223	0	0.999231	0.0392162	0	4277	2270
ChainingRodShaped	2273	3.25981	0.5	33.6175	-52.2006	0	-0.980574	-0.196151	0	2896	2272
ChainingRodShaped	2275	3.90894	0.5	-35.954	53.8241	0	-0.603172	-0.797611	0	None	None
ChainingRodShaped	2277	4.36205	0.5	-46.3437	31.2852	0	0.833802	-0.552063	0	None	None
ChainingRodShaped	4100	2.31882	0.5	26.1577	27.8032	0	0.898073	0.439846	0	None	None
ChainingRodShaped	4064	2.37281	0.5	-54.0092	41.2454	0	-0.0760031	-0.997108	0	None	None
ChainingRodShaped	3980	2.41275	0.5	-31.5216	-1.57843	0	-0.674704	0.738088	0	None	None
ChainingRodShaped	4582	2.01384	0.5	37.7945	53.283	0	0.327698	0.944783	0	None	None
ChainingRodShaped	2287	3.80995	0.5	-55.5317	55.4168	0	-0.892008	-0.452019	0	None	None
ChainingRodShaped	2289	3.70106	0.5	4.02408	97.4285	0	0.992007	-0.126182	0	2270	4451
ChainingRodShaped	2291	3.95343	0.5	19.753	41.2511	0	0.376842	-0.926277	0	None	None
ChainingRodShaped	3586	3.45383	0.5	-23.5438	80.3065	0	-0.304953	-0.952367	0	None	None
ChainingRodShaped	2295	4.45389	0.5	-43.0122	43.7768	0	-0.955336	0.295521	0	None	None
ChainingRodShaped	2297	3.83589	0.5	-18.9243	20.3205	0	-0.571095	-0.820884	0	None	None
ChainingRodShaped	4402	2.14636	0.5	-66.1847	-26.9944	0	0.993908	0.110208	0	4403	2298
ChainingRodShaped	4292	2.1758	0.5	-30.6786	67.2666	0	0.822533	-0.568718	0	None	None
ChainingRodShaped	4352	2.28436	0.5	0.795927	-1.42303	0	-0.252958	-0.967477	0	None	None
ChainingRodShaped	2305	3.97095	0.5	44.1334	122.396	0	-0.999404	0.0345248	0	2906	2304
ChainingRodShaped	3888	3.04855	0.5	-37.5803	61.7013	0	0.999641	0.0268098	0	None	None
ChainingRodShaped	2309	4.00637	0.5	-34.3239	71.3645	0	0.912718	-0.408591	0	None	None
ChainingRodShaped	3524	3.15145	0.5	21.9468	30.9256	0	-0.308714	-0.951155	0	None	None
ChainingRodShaped	4524	2.03278	0.5	13.2166	64.8752	0	-0.472769	-0.881187	0	None	None
ChainingRodShaped	3860	2.82211	0.5	-10.3824	68.0074	0	0.822858	-0.568247	0	None	None
ChainingRodShaped	2317	3.90682	0.5	14.136	28.9544	0	0.0822699	0.99661	0	None	None
ChainingRodShaped	3562	3.49279	0.5	-16.7656	73.9075	0	-0.669008	0.743255	0	None	None
ChainingRodShaped	3610	3.11566	0.5	-19.1723	14.2538	0	0.702609	-0.711576	0	None	None
ChainingRodShaped	4048	2.38659	0.5	23.0551	65.15	0	0.487304	-0.873232	0	None	None
ChainingRodShaped	2325	3.71131	0.5	-8.8528	86.8139	0	0.925447	0.378878	0	None	None
ChainingRodShaped	2327	4.46057	0.5	31.3972	74.6589	0	0.787328	-0.616535	0	None	None
ChainingRodShaped	2329	4.5393	0.5	-2.77619	82.0509	0	0.923782	0.382918	0	None	None
ChainingRodShaped	2331	4.62496	0.5	-57.6307	-25.9253	0	0.991979	0.126405	0	2298	2330
ChainingRodShaped	2333	3.20134	0.5	-15.9431	-35.3054	0	0.71549	-0.698623	0	2452	4309
ChainingRodShaped	4110	2.38852	0.5	-19.9761	65.899	0	0.853647	-0.520853	0	None	None
ChainingRodShaped	2337	4.21525	0.5	-52.9145	43.2882	0	-0.0935083	-0.995619	0	None	None
ChainingRodShaped	2339	4.73991	0.5	-13.9839	-87.0384	0	-0.634839	-0.772644	0	1580	2338
ChainingRodShaped	2341	4.99577	0.5	117.31	228.539	0	-0.57921	-0.815178	0	None	2340
ChainingRodShaped	4244	2.35962	0.5	-23.1252	33.1582	0	-0.227925	-0.973679	0	None	None
ChainingRodShaped	2345	3.82189	0.5	3.47577	73.6785	0	-0.0896202	-0.995976	0	None	None
ChainingRodShaped	2347	4.65053	0.5	-2.76456	66.1353	0	-0.891168	0.453673	0	None	None
ChainingRodShaped	2349	4.79316	0.5	12.0095	65.0601	0	-0.177374	-0.984144	0	None	None
ChainingRodShaped	4452	2.19488	0.5	13.7649	45.9487	0	0.583412	-0.812176	0	None	None
ChainingRodShaped	3976	2.54957	0.5	2.59011	26.7457	0	-0.740749	-0.671782	0	None	None
ChainingRodShaped	2355	4.21223	0.5	-16.9509	95.9528	0	0.978871	0.204481	0	2660	2354
ChainingRodShaped	4434	2.10133	0.5	1.4205	13.37	0	-0.195761	-0.980652	0	None	None
ChainingRodShaped	2359	4.04501	0.5	1.49362	41.8111	0	0.996188	-0.0872332	0	None	None
ChainingRodShaped	4212	2.47792	0.5	6.80615	83.1402	0	0.268443	-0.963295	0	None	None
ChainingRodShaped	3982	2.59345	0.5	9.09635	93.0078	0	0.98595	-0.16704	0	None	None
ChainingRodShaped	3922	2.99247	0.5	13.8653	6.19876	0	0.558312	-0.829631	0	None	None
ChainingRodShaped	3968	2.93035	0.5	-43.8805	74.6788	0	-0.0149516	-0.999888	0	None	None
ChainingRodShaped	3884	2.83666	0.5	-14.455	22.8849	0	-0.680278	-0.732954	0	None	None
ChainingRodShaped	3606	3.22759	0.5	-18.3342	-7.19821	0	-0.997082	0.0763411	0	None	None
ChainingRodShaped	4066	2.75513	0.5	-28.8227	40.5785	0	0.598849	-0.800862	0	None	None
ChainingRodShaped	3696	2.89678	0.5	-15.105	81.0704	0	-0.80568	0.592351	0	None	None
ChainingRodShaped	3790	2.88731	0.5	-15.063	95.2989	0	0.983957	0.178405	0	None	None
ChainingRodShaped	3662	3.49401	0.5	-54.7045	60.9151	0	-0.912832	-0.408336	0	None	None
ChainingRodShaped	3820	2.52643	0.5	-56.8043	35.9271	0	-0.878712	0.477352	0	None	None
ChainingRodShaped	2383	4.1961	0.5	19.1654	132.455	0	-0.810772	0.585362	0	2694	2382
ChainingRodShaped	4562	2.04466	0.5	-24.1789	39.5744	0	0.353498	-0.935435	0	None	None
ChainingRodShaped	2387	4.6172	0.5	9.08483	7.85697	0	0.233668	-0.972316	0	None	None
ChainingRodShaped	2389	4.99634	0.5	-31.003	81.1303	0	-0.924881	-0.380256	0	None	None
ChainingRodShaped	2391	3.56739	0.5	38.4668	46.6398	0	-0.374515	-0.927221	0	None	None
ChainingRodShaped	2393	3.92502	0.5	26.1451	47.778	0	-0.983428	-0.181301	0	None	None
ChainingRodShaped	4238	2.45905	0.5	1.0499	73.9204	0	-0.570692	-0.821164	0	None	None
ChainingRodShaped	2397	4.6256	0.5	25.2711	24.2092	0	0.901843	0.432064	0	None	None
ChainingRodShaped	2399	3.81645	0.5	-22.3026	-7.14879	0	-0.828091	0.560593	0	None	None
ChainingRodShaped	2401	4.87218	0.5	27.1385	14.9818	0	-0.999525	0.0308262	0	None	None
ChainingRodShaped	4300	2.20349	0.5	-19.7077	7.85878	0	-0.96758	0.252565	0	None	None
ChainingRodShaped	4256	2.19292	0.5	30.1881	60.4682	0	0.403388	-0.915029	0	None	None
ChainingRodShaped	3778	2.45765	0.5	-2.0694	86.4013	0	0.916443	0.400164	0	None	None
ChainingRodShaped	3906	2.79633	0.5	33.6704	23.9091	0	-0.405766	-0.913977	0	None	None
ChainingRodShaped	3984	2.76409	0.5	-19.9906	8.85971	0	0.970039	-0.24295	0	None	None
ChainingRodShaped	2413	3.63408	0.5	3.347	85.2098	0	-0.179863	-0.983692	0	None	None
ChainingRodShaped	4182	2.35241	0.5	-33.5993	11.6484	0	0.97772	-0.209915	0	None	None
ChainingRodShaped	2417	4.46413	0.5	-44.9241	63.7237	0	-0.124681	-0.992197	0	None	None
ChainingRodShaped	2419	3.59458	0.5	18.1564	76.0497	0	-0.528957	0.848649	0	None	None
ChainingRodShaped	3848	2.91094	0.5	-19.8251	62.3197	0	-0.462339	-0.886703	0	None	None
ChainingRodShaped	4156	2.35989	0.5	-2.57812	29.1466	0	-0.728141	-0.685427	0	None	None
ChainingRodShaped	2425	4.85108	0.5	104.273	23.0425	0	-0.140998	-0.99001	0	1680	2424
ChainingRodShaped	4364	2.25863	0.5	-28.9807	88.2104	0	0.433264	-0.901267	0	None	None
ChainingRodShaped	4354	2.14906	0.5	19.8647	75.0897	0	-0.542366	0.840143	0	None	None
ChainingRodShaped	4384	2.2604	0.5	-28.8421	61.9448	0	0.069242	-0.9976	0	None	None
ChainingRodShaped	2433	4.08001	0.5	-19.7507	-2.12186	0	0.991047	0.133517	0	None	None
ChainingRodShaped	3850	2.56433	0.5	-30.5909	69.4998	0	0.804596	-0.593823	0	None	None
ChainingRodShaped	2437	4.33983	0.5	23.5783	32.9585	0	-0.318218	-0.948018	0	None	None
ChainingRodShaped	4016	2.64114	0.5	19.8075	15.8753	0	-0.952006	-0.30608	0	None	None
ChainingRodShaped	4584	2.01164	0.5	-35.6315	78.09	0	0.318033	-0.94808	0	None	None
ChainingRodShaped	3828	2.53027	0.5	18.098	64.5205	0	0.4786	-0.878033	0	None	None
ChainingRodShaped	2445	4.39356	0.5	21.7402	80.9627	0	0.142502	-0.989794	0	None	None
ChainingRodShaped	3874	2.8488	0.5	-1.85473	0.0373556	0	-0.228224	-0.973609	0	None	None
ChainingRodShaped	3974	2.69816	0.5	-0.733585	72.7629	0	-0.446175	-0.894946	0	None	None
ChainingRodShaped	4394	2.15645	0.5	-30.3589	54.1482	0	-0.520333	-0.853963	0	None	None
ChainingRodShaped	2453	3.04499	0.5	-22.8581	-29.8686	0	0.848416	-0.529329	0	4186	2452
ChainingRodShaped	4410	2.24666	0.5	-8.63263	90.1632	0	0.876644	0.481139	0	None	None
ChainingRodShaped	4272	2.34051	0.5	-23.8373	0.504539	0	-0.727604	-0.685998	0	None	None
ChainingRodShaped	2459	3.32023	0.5	-0.434877	-43.0449	0	-0.796548	0.604575	0	1047	2458
ChainingRodShaped	4070	2.65923	0.5	5.01202	70.3956	0	-0.0685697	-0.997646	0	None	None
ChainingRodShaped	3702	2.87293	0.5	-8.42646	0.878969	0	-0.228603	-0.97352	0	None	None
ChainingRodShaped	2465	4.60825	0.5	-18.254	89.5071	0	0.846314	-0.532684	0	None	None
ChainingRodShaped	2467	4.93521	0.5	-6.9336	3.06692	0	-0.233235	-0.97242	0	None	None
ChainingRodShaped	2469	4.90348	0.5	-11.9623	46.3994	0	0.478536	-0.878068	0	None	None
ChainingRodShaped	2471	4.18901	0.5	-24.7687	90.7969	0	-0.995245	0.0974046	0	None	None
ChainingRodShaped	2473	3.99448	0.5	-19.1536	-3.99128	0	-0.99226	-0.124179	0	None	None
ChainingRodShaped	4560	2.03587	0.5	55.0908	68.9234	0	0.992795	-0.119824	0	4561	2474
ChainingRodShaped	2477	3.88514	0.5	-30.9928	73.0677	0	0.512728	-0.858551	0	None	None
ChainingRodShaped	4550	2.03152	0.5	-13.7673	24.7475	0	-0.881456	-0.472266	0	None	None
ChainingRodShaped	4200	2.48444	0.5	-20.8227	17.9963	0	-0.947975	0.318345	0	None	None
ChainingRodShaped	3910	2.97714	0.5	19.4599	7.80189	0	-0.917899	0.396813	0	None	None
ChainingRodShaped	4552	2.05368	0.5	28.962	58.5455	0	0.395537	-0.91845	0	None	None
ChainingRodShaped	2487	4.76783	0.5	-6.36374	75.1304	0	-0.887081	0.461615	0	None	None
ChainingRodShaped	2489	3.26755	0.5	100.499	204.024	0	-0.533925	-0.845532	0	1215	2488
ChainingRodShaped	2491	4.43408	0.5	8.9733	22.3855	0	0.253401	-0.967361	0	None	None
ChainingRodShaped	2493	3.46833	0.5	11.559	47.084	0	0.693558	-0.720401	0	None	None
ChainingRodShaped	2495	4.09489	0.5	22.6468	39.0065	0	0.395287	-0.918558	0	None	None
ChainingRodShaped	2497	3.78531	0.5	-49.69	31.2297	0	0.837549	-0.546362	0	None	None
ChainingRodShaped	2499	4.17406	0.5	-6.18005	14.6303	0	0.999721	-0.0236369	0	None	None
ChainingRodShaped	3846	2.42289	0.5	7.22767	36.8609	0	-0.763461	-0.645853	0	None	None
ChainingRodShaped	2503	4.41739	0.5	66.4454	-30.9077	0	-0.699405	-0.714726	0	3650	2502
ChainingRodShaped	2505	3.85171	0.5	-24.8371	5.23529	0	0.0862677	-0.996272	0	None	None
ChainingRodShaped	2507	4.91919	0.5	-37.274	42.8487	0	-0.937718	0.347398	0	None	None
ChainingRodShaped	2509	3.51137	0.5	-25.2079	83.6923	0	0.212398	-0.977183	0	None	None
ChainingRodShaped	2511	4.48288	0.5	-23.0399	91.63	0	0.997845	-0.0656212	0	None	None
ChainingRodShaped	2513	4.88465	0.5	33.5984	65.4418	0	0.7429	-0.669402	0	None	None
ChainingRodShaped	4076	2.42436	0.5	30.9433	45.7852	0	0.126886	-0.991917	0	None	None
ChainingRodShaped	4052	2.80701	0.5	-15.228	78.8799	0	-0.813068	0.582168	0	None	None
ChainingRodShaped	4522	2.05155	0.5	5.25288	51.9792	0	-0.685817	-0.727774	0	None	None
ChainingRodShaped	3928	2.6319	0.5	-35.491	8.17306	0	0.969298	-0.245888	0	None	None
ChainingRodShaped	2523	4.21817	0.5	0.219224	28.1176	0	-0.733767	-0.679402	0	None	None
ChainingRodShaped	2525	4.95215	0.5	-31.0988	30.1171	0	-0.631501	0.775375	0	None	None
ChainingRodShaped	2527	3.79363	0.5	-20.2831	71.818	0	0.40749	-0.91321	0	None	None
ChainingRodShaped	3954	2.63589	0.5	-8.91184	31.2132	0	-0.953661	-0.300884	0	None	None
ChainingRodShaped	4534	2.07481	0.5	10.8558	8.56609	0	0.253078	-0.967446	0	None	None
ChainingRodShaped	4370	2.21869	0.5	-9.91891	51.3656	0	0.502075	-0.864824	0	None	None
ChainingRodShaped	4288	2.3038	0.5	10.3206	33.6404	0	-0.768595	-0.639736	0	None	None
ChainingRodShaped	2537	4.89628	0.5	98.7645	53.4297	0	0.500818	-0.865553	0	3308	2536
ChainingRodShaped	2539	4.45935	0.5	38.1212	32.2325	0	0.934711	-0.355407	0	None	None
ChainingRodShaped	2541	3.64796	0.5	-32.6463	43.3458	0	0.688084	-0.725631	0	None	None
ChainingRodShaped	2543	4.19816	0.5	-26.6761	25.7667	0	-0.57293	0.819604	0	None	None
ChainingRodShaped	4196	2.38497	0.5	-28.9244	52.8363	0	-0.479188	-0.877712	0	None	None
ChainingRodShaped	2547	3.96853	0.5	9.19588	48.4749	0	-0.691607	-0.722274	0	None	None
ChainingRodShaped	2549	4.73414	0.5	3.18859	48.6976	0	-0.71273	-0.701439	0	None	None
ChainingRodShaped	2551	3.91169	0.5	-1.90446	91.6707	0	-0.815886	0.578213	0	None	None
ChainingRodShaped	4344	2.18999	0.5	-8.65018	58.8041	0	-0.938274	-0.345892	0	None	None
ChainingRodShaped	2555	4.37876	0.5	-6.70548	8.50041	0	0.530093	-0.847939	0	None	None
ChainingRodShaped	2557	4.70469	0.5	-32.3952	90.629	0	0.95412	-0.299423	0	None	None
ChainingRodShaped	4286	2.2068	0.5	19.9771	10.2512	0	-0.995769	-0.0918931	0	None	None
ChainingRodShaped	2561	4.98778	0.5	-52.3118	37.2148	0	0.648685	-0.761057	0	None	None
ChainingRodShaped	3990	2.33691	0.5	35.5758	33.9557	0	-0.681851	-0.731491	0	None	None
ChainingRodShaped	3958	2.78176	0.5	-5.09106	49.2291	0	-0.372459	-0.928049	0	None	None
ChainingRodShaped	4204	2.2195	0.5	0.689469	23.0137	0	-0.798583	-0.601884	0	None	None
ChainingRodShaped	2569	3.96611	0.5	-52.1181	63.34	0	0.80206	-0.597244	0	None	None
ChainingRodShaped	2571	4.94573	0.5	5.03421	31.4545	0	-0.736372	-0.676577	0	None	None
ChainingRodShaped	4148	2.35231	0.5	5.46408	20.449	0	0.0802499	-0.996775	0	None	None
ChainingRodShaped	2575	3.77626	0.5	38.9663	39.7901	0	-0.332243	-0.943194	0	None	None
ChainingRodShaped	4392	2.24661	0.5	-12.6552	52.4126	0	0.527174	-0.849757	0	None	None
ChainingRodShaped	3966	2.33067	0.5	32.9233	24.631	0	-0.407373	-0.913262	0	None	None
ChainingRodShaped	4378	2.28418	0.5	-26.0642	52.4309	0	-0.494425	-0.86922	0	None	None
ChainingRodShaped	2583	3.59971	0.5	18.1824	17.4642	0	-0.944879	0.32742	0	None	None
ChainingRodShaped	2585	4.57042	0.5	11.9825	21.5089	0	-0.243707	0.969849	0	None	None
ChainingRodShaped	2587	3.47192	0.5	4.33953	21.5034	0	0.15814	-0.987417	0	None	None
ChainingRodShaped	3998	2.91714	0.5	10.1959	-4.34635	0	-0.858371	-0.51303	0	None	None
ChainingRodShaped	2591	4.7906	0.5	1.12463	36.9498	0	-0.978881	-0.204429	0	None	None
ChainingRodShaped	2593	3.58326	0.5	22.7713	19.9806	0	0.915437	0.402462	0	None	None
ChainingRodShaped	2595	4.4918	0.5	-41.8048	10.2558	0	0.582098	-0.813118	0	None	None
ChainingRodShaped	2597	3.59119	0.5	-22.5236	22.0219	0	-0.976873	-0.213823	0	None	None
ChainingRodShaped	2599	4.90778	0.5	-38.0448	23.1599	0	-0.524506	0.851407	0	None	None
ChainingRodShaped	2601	4.00602	0.5	13.1116	27.8288	0	0.0791889	0.99686	0	None	None
ChainingRodShaped	4090	2.44548	0.5	13.9797	57.3283	0	-0.714756	-0.699374	0	None	None
ChainingRodShaped	2605	4.54949	0.5	-22.2291	13.489	0	0.706654	-0.707559	0	None	None
ChainingRodShaped	2607	4.37979	0.5	-10.5857	11.7647	0	0.802352	-0.596852	0	None	None
ChainingRodShaped	2609	4.42326	0.5	26.9732	68.0859	0	-0.853068	0.5218	0	None	None
ChainingRodShaped	4088	2.34979	0.5	-29.1429	73.7053	0	0.527715	-0.849421	0	None	None
ChainingRodShaped	2613	4.126	0.5	17.085	67.5347	0	0.624413	-0.781094	0	None	None
ChainingRodShaped	4548	2.03535	0.5	-19.1635	73.5984	0	0.417769	-0.908553	0	None	None
ChainingRodShaped	4172	2.37519	0.5	4.29741	42.4927	0	0.995264	-0.0972075	0	None	None
ChainingRodShaped	2619	3.57718	0.5	-22.5466	69.7296	0	0.65658	-0.754256	0	None	None
ChainingRodShaped	2621	4.22507	0.5	35.9707	64.5936	0	-0.715354	0.698762	0	None	None
ChainingRodShaped	2623	3.64188	0.5	-30.7053	51.1416	0	-0.353916	-0.935277	0	None	None
ChainingRodShaped	2625	4.74145	0.5	16.2238	77.665	0	-0.0508757	-0.998705	0	None	None
ChainingRodShaped	2627	4.30878	0.5	-104.521	59.4016	0	-0.566612	-0.823985	0	3530	2626
ChainingRodShaped	2629	4.78221	0.5	40.1018	40.0857	0	-0.332066	-0.943256	0	None	None
ChainingRodShaped	2631	3.55894	0.5	-9.41359	42.9364	0	-0.343668	-0.939091	0	None	None
ChainingRodShaped	4312	2.15279	0.5	26.9493	35.8402	0	0.295705	-0.955279	0	None	None
ChainingRodShaped	4078	2.51175	0.5	-17.0539	27.029	0	-0.85942	-0.511271	0	None	None
ChainingRodShaped	4232	2.21582	0.5	-14.0872	3.83528	0	-0.997344	-0.0728341	0	None	None
ChainingRodShaped	2639	3.39845	0.5	-31.8822	1.69311	0	0.672567	-0.740036	0	None	None
ChainingRodShaped	2641	3.6858	0.5	-27.8179	75.1246	0	0.532844	-0.846214	0	None	None
ChainingRodShaped	2643	4.1033	0.5	-19.7757	56.7084	0	-0.442557	-0.89674	0	None	None
ChainingRodShaped	2645	3.41468	0.5	-28.652	37.3589	0	-0.626371	0.779525	0	None	None
ChainingRodShaped	2647	4.83773	0.5	-26.1922	39.8126	0	0.372212	-0.928148	0	None	None
ChainingRodShaped	4260	2.34054	0.5	-46.4982	32.5462	0	0.839282	-0.543696	0	None	None
ChainingRodShaped	2651	3.88054	0.5	79.3036	154.205	0	-0.30922	-0.95099	0	2054	2650
ChainingRodShaped	2653	4.62751	0.5	7.37718	84.5348	0	0.278091	-0.960555	0	None	None
ChainingRodShaped	2655	4.95361	0.5	-0.459624	89.3288	0	0.864509	0.502617	0	None	None
ChainingRodShaped	4234	2.27694	0.5	-23.004	46.7296	0	-0.996357	0.0852777	0	None	None
ChainingRodShaped	2659	3.77277	0.5	11.9482	71.8983	0	0.466931	-0.884294	0	None	None
ChainingRodShaped	2661	3.87685	0.5	-27.2869	93.6221	0	0.975657	0.219303	0	1770	2660
ChainingRodShaped	4174	2.44133	0.5	-40.837	12.48	0	0.684549	-0.728967	0	None	None
ChainingRodShaped	2665	3.51578	0.5	14.7917	87.5673	0	0.958582	-0.284816	0	None	None
ChainingRodShaped	4374	2.28294	0.5	14.2222	9.26463	0	0.610164	-0.792275	0	None	None
ChainingRodShaped	2669	4.69546	0.5	-11.8259	67.9357	0	0.817165	-0.576404	0	None	None
ChainingRodShaped	2671	4.80776	0.5	-46.149	71.3114	0	-0.578444	0.815722	0	None	None
ChainingRodShaped	2673	3.39486	0.5	28.7463	72.5408	0	0.999859	-0.016782	0	None	None
ChainingRodShaped	2675	3.63064	0.5	-35.998	6.28666	0	0.963449	-0.267893	0	None	None
ChainingRodShaped	4106	2.77987	0.5	-22.0687	73.7006	0	0.398366	-0.917227	0	None	None
ChainingRodShaped	2679	4.63697	0.5	-26.5265	27.0888	0	-0.573663	0.819091	0	None	None
ChainingRodShaped	2681	3.31229	0.5	22.3405	8.97659	0	-0.973373	0.229229	0	None	None
ChainingRodShaped	2683	2.9354	0.5	-77.7947	-27.5791	0	0.999795	-0.020263	0	3950	2682
ChainingRodShaped	4570	2.02196	0.5	-16.3677	-3.20687	0	-0.484746	0.874655	0	None	None
ChainingRodShaped	4304	2.14892	0.5	-50.4395	53.0681	0	-0.998239	-0.0593162	0	None	None
ChainingRodShaped	2689	4.86346	0.5	-36.1691	15.5737	0	-0.830124	0.557578	0	None	None
ChainingRodShaped	4520	2.09265	0.5	-2.28594	55.1218	0	-0.93039	-0.36657	0	None	None
ChainingRodShaped	2693	3.37833	0.5	31.3696	21.1212	0	-0.372543	-0.928015	0	None	None
ChainingRodShaped	2695	4.13173	0.5	27.1114	127.354	0	-0.875416	0.483369	0	3194	2694
ChainingRodShaped	2697	3.79805	0.5	95.8431	196.239	0	-0.491475	-0.870892	0	2488	2696
ChainingRodShaped	2699	3.26207	0.5	-22.7754	58.4983	0	-0.445792	-0.895137	0	None	None
ChainingRodShaped	4576	2.0145	0.5	37.1631	48.8401	0	-0.522187	-0.852831	0	None	None
ChainingRodShaped	4188	2.52002	0.5	8.14751	3.66561	0	0.459076	-0.888397	0	None	None
ChainingRodShaped	2705	4.60965	0.5	-57.6409	45.8435	0	0.0391577	0.999233	0	None	None
ChainingRodShaped	2707	4.32729	0.5	-22.0915	33.6663	0	-0.237611	-0.97136	0	None	None
ChainingRodShaped	2709	4.01062	0.5	-47.5009	30.9089	0	0.831999	-0.554778	0	None	None
ChainingRodShaped	2711	4.14523	0.5	91.5922	188.098	0	-0.43368	-0.901067	0	2696	2710
ChainingRodShaped	2713	4.99991	0.5	-44.7665	14.5563	0	0.78525	-0.619179	0	None	None
ChainingRodShaped	2715	4.00954	0.5	26.5301	26.9118	0	0.895634	0.444791	0	None	None
ChainingRodShaped	4328	2.13994	0.5	1.1372	78.3946	0	-0.0186691	-0.999826	0	None	None
ChainingRodShaped	4586	2.00802	0.5	8.57707	91.1349	0	0.987955	-0.154739	0	None	None
ChainingRodShaped	2721	4.60573	0.5	-4.36344	60.8392	0	-0.513103	0.858327	0	None	None
ChainingRodShaped	2723	4.5003	0.5	-14.0095	52.8474	0	0.533026	-0.846099	0	None	None
ChainingRodShaped	2725	3.34041	0.5	-25.151	76.4437	0	-0.169868	-0.985467	0	None	None
ChainingRodShaped	2727	4.82404	0.5	2.40475	20.2484	0	-0.343071	-0.939309	0	None	None
ChainingRodShaped	4538	2.05621	0.5	-1.11721	19.3663	0	-0.806785	-0.590845	0	None	None
ChainingRodShaped	2731	2.92675	0.5	-42.5521	-104.228	0	-0.965497	-0.260415	0	1095	2730
ChainingRodShaped	2733	3.50509	0.5	-22.3357	88.6534	0	-0.996109	0.0881256	0	None	None
ChainingRodShaped	4542	2.03935	0.5	-8.41135	74.1586	0	-0.928563	0.371174	0	None	None
ChainingRodShaped	2737	3.21495	0.5	-140.036	-152.143	0	-0.804333	-0.594179	0	1281	2736
ChainingRodShaped	2739	3.31156	0.5	-40.1165	13.0851	0	0.677226	-0.735775	0	None	None
ChainingRodShaped	2741	3.57598	0.5	-35.0522	24.3659	0	0.183057	-0.983102	0	None	None
ChainingRodShaped	2743	4.59552	0.5	-4.54694	34.5206	0	-0.953564	-0.301192	0	None	None
ChainingRodShaped	2745	4.23964	0.5	63.7299	68.4458	0	0.999786	-0.020666	0	2474	2744
ChainingRodShaped	2747	3.3212	0.5	-14.0492	21.9874	0	-0.67646	-0.73648	0	None	None
ChainingRodShaped	2749	3.84077	0.5	-5.22383	46.4688	0	-0.363684	-0.931522	0	None	None
ChainingRodShaped	2751	4.63413	0.5	36.6861	57.159	0	-0.34456	0.938764	0	None	None
ChainingRodShaped	4266	2.25072	0.5	-17.9442	41.5638	0	-0.97087	0.239607	0	None	None
ChainingRodShaped	2755	4.73124	0.5	-39.1437	68.6701	0	0.743862	-0.668333	0	None	None
ChainingRodShaped	2757	3.88668	0.5	-81.988	71.9677	0	-0.994446	0.105246	0	1838	2756
ChainingRodShaped	4486	2.07638	0.5	-0.725889	77.8294	0	0.00134955	-0.999999	0	None	None
ChainingRodShaped	2761	3.30998	0.5	-17.6386	51.8686	0	0.53144	-0.847096	0	None	None
ChainingRodShaped	2763	4.29952	0.5	-21.6168	49.0813	0	0.994139	-0.108105	0	None	None
ChainingRodShaped	2765	4.99371	0.5	-9.45925	52.3331	0	0.493435	-0.869783	0	None	None
ChainingRodShaped	4414	2.1181	0.5	13.0384	60.2019	0	-0.667089	-0.744978	0	None	None
ChainingRodShaped	2769	3.80574	0.5	-9.95431	60.0668	0	-0.412633	-0.910897	0	None	None
ChainingRodShaped	2771	3.99671	0.5	-35.6767	69.3833	0	0.78531	-0.619103	0	None	None
ChainingRodShaped	2773	4.71672	0.5	16.5912	44.2277	0	0.375594	-0.926784	0	None	None
ChainingRodShaped	2775	3.43192	0.5	-7.08607	81.0406	0	0.60574	-0.795663	0	None	None
ChainingRodShaped	2777	3.31777	0.5	4.47957	4.64488	0	0.441635	-0.897195	0	None	None
ChainingRodShaped	2779	4.28185	0.5	-14.63	33.7147	0	-0.874552	-0.484932	0	None	None
ChainingRodShaped	2781	3.7669	0.5	-34.9292	10.9549	0	0.975758	-0.218851	0	None	None
ChainingRodShaped	2783	3.73577	0.5	76.1914	145.74	0	-0.388407	-0.921488	0	2650	2782
ChainingRodShaped	4358	2.29672	0.5	8.0269	73.1313	0	-0.109789	-0.993955	0	None	None
ChainingRodShaped	2787	3.36677	0.5	25.3328	60.7756	0	0.715306	-0.698811	0	None	None
ChainingRodShaped	2789	4.19494	0.5	-40.8793	19.1349	0	-0.688363	0.725367	0	None	None
ChainingRodShaped	4564	2.02693	0.5	-12.5767	83.5792	0	0.376991	-0.926217	0	None	None
ChainingRodShaped	4390	2.2293	0.5	26.6167	71.6926	0	-0.972158	0.234325	0	None	None
ChainingRodShaped	4382	2.11648	0.5	32.9085	59.0472	0	0.358118	-0.933676	0	None	None
ChainingRodShaped	2797	4.19063	0.5	33.3301	31.1054	0	0.999373	0.0353929	0	None	None
ChainingRodShaped	2799	3.78743	0.5	-37.3987	80.1844	0	0.337837	-0.941205	0	None	None
ChainingRodShaped	2801	3.82254	0.5	-35.7852	57.1791	0	-0.999509	-0.0313295	0	None	None
ChainingRodShaped	2803	3.57604	0.5	-23.3218	23.6186	0	-0.972406	-0.233294	0	None	None
ChainingRodShaped	2805	3.89002	0.5	-20.6652	-20.9864	0	-0.61131	0.791391	0	1618	2804
ChainingRodShaped	2807	4.97993	0.5	30.9915	62.6864	0	-0.720359	0.693601	0	None	None
ChainingRodShaped	2809	4.41257	0.5	-2.9128	31.24	0	-0.724795	-0.688965	0	None	None
ChainingRodShaped	2811	3.65327	0.5	15.2829	49.9789	0	0.58493	-0.811084	0	None	None
ChainingRodShaped	4334	2.21937	0.5	-39.6885	75.425	0	0.372847	-0.927893	0	None	None
ChainingRodShaped	4290	2.35633	0.5	7.90045	8.25727	0	0.385508	-0.922704	0	None	None
ChainingRodShaped	2817	3.36486	0.5	-15.2536	41.8705	0	-0.971379	0.237534	0	None	None
ChainingRodShaped	2819	4.57031	0.5	16.3948	15.0258	0	-0.952491	0.304567	0	None	None
ChainingRodShaped	2821	3.7691	0.5	-22.554	40.1794	0	0.334676	-0.942333	0	None	None
ChainingRodShaped	2823	4.07241	0.5	-28.7212	74.8154	0	0.524666	-0.851308	0	None	None
ChainingRodShaped	2825	3.68142	0.5	-39.9635	79.2626	0	-0.0032012	-0.999995	0	None	None
ChainingRodShaped	2827	4.25229	0.5	-3.87026	39.0796	0	0.997099	-0.0761102	0	None	None
ChainingRodShaped	2829	4.69821	0.5	24.9756	58.2936	0	0.304933	-0.952374	0	None	None
ChainingRodShaped	4366	2.22645	0.5	-16.5611	49.2649	0	0.867263	-0.49785	0	None	None
ChainingRodShaped	2833	4.35451	0.5	-15.8239	-0.691205	0	0.922589	-0.385785	0	None	None
ChainingRodShaped	2835	3.2972	0.5	-42.2403	16.4174	0	0.705646	-0.708564	0	None	None
ChainingRodShaped	2837	4.70587	0.5	39.645	46.9214	0	-0.376141	-0.926563	0	None	None
ChainingRodShaped	2839	3.70331	0.5	-38.1876	42.3012	0	-0.941142	0.33801	0	None	None
ChainingRodShaped	2841	3.46556	0.5	5.54507	57.2104	0	-0.868101	-0.496388	0	None	None
ChainingRodShaped	2843	3.93176	0.5	13.2786	71.2969	0	0.475743	-0.879585	0	None	None
ChainingRodShaped	2845	4.29758	0.5	87.3039	178.321	0	-0.370172	-0.928963	0	2710	2844
ChainingRodShaped	2847	4.89488	0.5	-12.2917	85.4087	0	0.3695	-0.929231	0	None	None
ChainingRodShaped	2849	3.42165	0.5	10.7895	63.3463	0	-0.125747	-0.992062	0	None	None
ChainingRodShaped	2851	3.49846	0.5	20.2843	28.455	0	-0.227858	-0.973694	0	None	None
ChainingRodShaped	4590	2.00318	0.5	-5.50915	-6.89478	0	-0.929518	0.368778	0	None	None
ChainingRodShaped	2855	3.37872	0.5	18.4481	18.3594	0	0.942217	-0.335002	0	None	None
ChainingRodShaped	2857	4.17722	0.5	-33.8679	81.8328	0	-0.999764	0.0217084	0	None	None
ChainingRodShaped	2859	4.40681	0.5	18.114	88.5727	0	-0.932654	0.360773	0	None	None
ChainingRodShaped	4498	2.10519	0.5	-11.3938	21.8249	0	-0.806145	-0.591718	0	None	None
ChainingRodShaped	2863	4.12076	0.5	-37.6683	18.333	0	-0.673713	0.738993	0	None	None
ChainingRodShaped	2865	3.14991	0.5	-45.8166	56.1223	0	-0.999547	-0.030106	0	None	None
ChainingRodShaped	2867	3.26396	0.5	-114.673	28.5492	0	-0.115007	-0.993365	0	2026	2866
ChainingRodShaped	2869	3.23639	0.5	-8.28357	15.6375	0	0.999563	-0.0295452	0	None	None
ChainingRodShaped	2871	4.38165	0.5	1.54731	35.2316	0	-0.982658	-0.185426	0	None	None
ChainingRodShaped	2873	3.92102	0.5	-45.9069	46.4018	0	-0.909853	-0.414931	0	None	None
ChainingRodShaped	4420	2.08108	0.5	-35.9372	28.7528	0	0.644135	-0.764912	0	None	None
ChainingRodShaped	4426	2.09319	0.5	-31.3191	24.5357	0	0.216087	-0.976374	0	None	None
ChainingRodShaped	4458	2.10078	0.5	-17.6476	85.3215	0	-0.772681	0.634795	0	None	None
ChainingRodShaped	2881	3.1324	0.5	7.18975	18.2556	0	-0.14759	-0.989049	0	None	None
ChainingRodShaped	2883	4.34943	0.5	-34.508	85.9285	0	-0.986207	0.165515	0	None	None
ChainingRodShaped	2885	4.79184	0.5	33.8438	27.1402	0	-0.845679	-0.533691	0	None	None
ChainingRodShaped	2887	3.95246	0.5	10.0116	84.9167	0	-0.961503	0.274796	0	None	None
ChainingRodShaped	2889	3.7258	0.5	-46.6004	25.8982	0	-0.97576	0.218843	0	None	None
ChainingRodShaped	4496	2.13269	0.5	-13.1739	21.6333	0	-0.683828	-0.729643	0	None	None
ChainingRodShaped	2893	4.16011	0.5	17.122	12.8304	0	-0.94722	0.320584	0	None	None
ChainingRodShaped	2895	4.4387	0.5	-1.08346	14.5696	0	-0.187698	-0.982227	0	None	None
ChainingRodShaped	2897	3.62232	0.5	41.8852	-49.6676	0	-0.925063	-0.379814	0	3864	2896
ChainingRodShaped	2899	3.26535	0.5	-0.659652	48.7025	0	-0.343172	-0.939273	0	None	None
ChainingRodShaped	2901	4.26516	0.5	-37.5445	68.4918	0	0.7598	-0.650157	0	None	None
ChainingRodShaped	2903	3.46902	0.5	-21.77	64.2843	0	0.0304598	-0.999536	0	None	None
ChainingRodShaped	2905	3.69487	0.5	25.7612	81.069	0	0.307684	-0.951489	0	None	None
ChainingRodShaped	2907	3.1127	0.5	53.6308	123.361	0	-0.968462	-0.249161	0	1998	2906
ChainingRodShaped	2909	3.39554	0.5	22.5805	69.5075	0	0.589263	-0.807941	0	None	None
ChainingRodShaped	2911	3.56084	0.5	-50.419	51.4962	0	-0.886648	-0.462445	0	None	None
ChainingRodShaped	2913	3.64815	0.5	-27.186	30.9983	0	-0.589936	0.80745	0	None	None
ChainingRodShaped	2915	3.33513	0.5	-30.6463	8.61924	0	0.999439	-0.0334983	0	None	None
ChainingRodShaped	2917	4.65663	0.5	-32.7347	50.752	0	-0.336025	-0.941853	0	None	None
ChainingRodShaped	2919	3.50479	0.5	15.6205	86.3011	0	0.955781	-0.294079	0	None	None
ChainingRodShaped	2921	4.99617	0.5	-38.6984	20.8717	0	-0.667216	0.744865	0	None	None
ChainingRodShaped	2923	3.10342	0.5	29.7397	50.4175	0	0.00673929	-0.999977	0	None	None
ChainingRodShaped	2925	3.43518	0.5	-3.79112	4.19455	0	-0.207685	-0.978196	0	None	None
ChainingRodShaped	2927	3.09296	0.5	-19.7437	45.509	0	-0.983912	0.178654	0	None	None
ChainingRodShaped	2929	4.5942	0.5	-51.18	58.102	0	0.998157	-0.060677	0	None	None
ChainingRodShaped	2931	4.48893	0.5	-22.528	80.5455	0	-0.313745	-0.949507	0	None	None
ChainingRodShaped	2933	4.22122	0.5	-51.6007	20.7964	0	-0.231315	-0.972879	0	None	None
ChainingRodShaped	2935	4.1932	0.5	-29.009	36.3778	0	-0.63414	0.773218	0	None	None
ChainingRodShaped	2937	3.92876	0.5	-46.0049	24.7936	0	-0.974357	0.225007	0	None	None
ChainingRodShaped	2939	4.99847	0.5	-5.00077	68.2448	0	-0.900103	0.435678	0	None	None
ChainingRodShaped	2941	4.00531	0.5	-50.4362	50.4257	0	-0.887534	-0.460743	0	None	None
ChainingRodShaped	2943	3.3707	0.5	-0.795111	0.34792	0	-0.222481	-0.974937	0	None	None
ChainingRodShaped	2945	3.4694	0.5	6.21036	54.5604	0	-0.862827	-0.5055	0	None	None
ChainingRodShaped	2947	3.60095	0.5	-48.1349	41.9434	0	0.802321	-0.596893	0	None	None
ChainingRodShaped	2949	3.67381	0.5	-0.407094	13.3973	0	-0.195757	-0.980652	0	None	None
ChainingRodShaped	4544	2.04469	0.5	9.59254	70.4223	0	0.00624573	-0.99998	0	None	None
ChainingRodShaped	2953	4.56637	0.5	-46.3956	58.9231	0	0.999928	0.0119871	0	None	None
ChainingRodShaped	2955	3.25205	0.5	-54.0798	20.4375	0	-0.421835	0.906673	0	3336	2954
ChainingRodShaped	2957	3.59849	0.5	-8.42734	72.4042	0	-0.991213	0.132278	0	None	None
ChainingRodShaped	2959	3.47271	0.5	-21.296	-94.2574	0	-0.78766	-0.61611	0	2338	2958
ChainingRodShaped	2961	3.07373	0.5	-7.24707	65.8839	0	0.197586	-0.980286	0	None	None
ChainingRodShaped	2963	3.56688	0.5	-23.9468	67.7222	0	0.755572	-0.655066	0	None	None
ChainingRodShaped	2965	3.11133	0.5	10.4856	79.4059	0	0.479501	-0.877541	0	None	None
ChainingRodShaped	2967	3.69076	0.5	-18.4582	55.6243	0	-0.424666	-0.90535	0	None	None
ChainingRodShaped	2969	4.5776	0.5	21.4792	39.4269	0	0.386097	-0.922458	0	None	None
ChainingRodShaped	2971	3.41439	0.5	29.6693	73.4765	0	0.999886	-0.0151078	0	None	None
ChainingRodShaped	2973	4.27134	0.5	-37.8514	38.3184	0	-0.788204	0.615414	0	None	None
ChainingRodShaped	2975	3.07199	0.5	-15.2096	36.4232	0	-0.871823	-0.48982	0	None	None
ChainingRodShaped	2977	3.61801	0.5	4.74201	83.6256	0	0.258046	-0.966133	0	None	None
ChainingRodShaped	2979	3.48149	0.5	-9.9776	-6.95631	0	0.964383	0.264508	0	None	None
ChainingRodShaped	2981	3.21906	0.5	31.9345	75.487	0	0.78867	-0.614817	0	None	None
ChainingRodShaped	2983	4.79114	0.5	-18.6997	49.3837	0	0.872194	-0.48916	0	None	None
ChainingRodShaped	2985	2.82864	0.5	-52.4079	96.5016	0	0.775667	-0.631142	0	3276	2984
ChainingRodShaped	2987	4.66199	0.5	-57.9543	53.7416	0	0.965278	-0.261224	0	None	None
ChainingRodShaped	2989	3.88461	0.5	-33.6304	35.7337	0	-0.719454	0.69454	0	None	None
ChainingRodShaped	2991	3.07256	0.5	-10.8716	84.3281	0	0.366785	-0.930306	0	None	None
ChainingRodShaped	2993	3.05455	0.5	-39.7607	52.6141	0	-0.875483	-0.483249	0	None	None
ChainingRodShaped	2995	3.32525	0.5	-33.0859	56.6748	0	-0.463985	-0.885843	0	None	None
ChainingRodShaped	2997	3.2478	0.5	-39.2651	4.73328	0	0.240415	-0.97067	0	None	None
ChainingRodShaped	2999	4.1893	0.5	-10.5038	42.475	0	-0.351394	-0.936228	0	None	None
ChainingRodShaped	3001	4.93808	0.5	-35.4771	1.25446	0	0.675579	-0.737287	0	None	None
ChainingRodShaped	3003	4.95184	0.5	-6.32802	77.122	0	0.892543	-0.450963	0	None	None
ChainingRodShaped	3005	4.71426	0.5	-13.9645	32.0536	0	-0.883672	-0.468107	0	None	None
ChainingRodShaped	3007	4.81424	0.5	25.872	14.0541	0	-0.999715	0.0238747	0	None	None
ChainingRodShaped	3009	4.75635	0.5	-37.3142	50.5571	0	-0.595152	-0.803613	0	None	None
ChainingRodShaped	3011	4.4447	0.5	-6.29816	41.1739	0	0.35197	0.936011	0	None	None
ChainingRodShaped	3013	3.21884	0.5	-4.57251	57.8055	0	-0.0674169	-0.997725	0	None	None
ChainingRodShaped	3015	3.45836	0.5	-23.4874	75.4176	0	-0.150136	-0.988665	0	None	None
ChainingRodShaped	3017	3.58513	0.5	-107.731	-10.7916	0	0.533018	-0.846104	0	3636	3016
ChainingRodShaped	3019	4.66779	0.5	-18.9566	15.3079	0	0.707533	-0.706681	0	None	None
ChainingRodShaped	3021	4.49564	0.5	13.0728	48.1066	0	0.716101	-0.697997	0	None	None
ChainingRodShaped	3023	3.03466	0.5	-2.85659	51.9928	0	-0.923275	-0.38414	0	None	None
ChainingRodShaped	3025	4.73103	0.5	-3.48974	39.9002	0	0.996495	-0.0836468	0	None	None
ChainingRodShaped	3027	3.20709	0.5	18.0008	74.5429	0	0.52045	-0.853892	0	None	None
ChainingRodShaped	3029	3.65974	0.5	4.24988	48.5054	0	-0.705683	-0.708528	0	None	None
ChainingRodShaped	3031	2.99761	0.5	8.9604	-2.73225	0	-0.997071	-0.0764863	0	None	None
ChainingRodShaped	3033	3.18909	0.5	2.50635	23.216	0	-0.798681	-0.601755	0	None	None
ChainingRodShaped	3035	3.78267	0.5	-49.7063	40.8166	0	0.790649	-0.61227	0	None	None
ChainingRodShaped	3037	3.7748	0.5	7.28597	34.6235	0	-0.774144	-0.63301	0	None	None
ChainingRodShaped	3039	3.30746	0.5	-26.6648	47.0027	0	-0.994566	0.10411	0	None	None
ChainingRodShaped	3041	4.8788	0.5	-47.7246	22.2012	0	0.369575	-0.929201	0	None	None
ChainingRodShaped	3043	4.22875	0.5	-41.9489	74.9172	0	-0.00992224	-0.999951	0	None	None
ChainingRodShaped	3045	4.40479	0.5	15.3503	79.1254	0	-0.0520137	-0.998646	0	None	None
ChainingRodShaped	3047	3.99373	0.5	-21.9037	79.6139	0	-0.323212	-0.946327	0	None	None
ChainingRodShaped	3049	4.07624	0.5	-51.2343	31.0848	0	0.834116	-0.55159	0	None	None
ChainingRodShaped	3051	3.80065	0.5	-18.3529	29.364	0	0.84236	0.538915	0	None	None
ChainingRodShaped	3053	3.90669	0.5	-19.7313	44.6324	0	-0.983108	0.183026	0	None	None
ChainingRodShaped	3055	4.31401	0.5	-9.74565	87.4599	0	0.929187	0.369611	0	None	None
ChainingRodShaped	3057	3.61278	0.5	1.2895	10.9551	0	-0.588472	-0.808518	0	None	None
ChainingRodShaped	3059	4.75827	0.5	23.3517	52.6969	0	-0.775792	-0.630989	0	None	None
ChainingRodShaped	3061	4.70158	0.5	23.7239	54.9732	0	0.99581	0.0914496	0	None	None
ChainingRodShaped	3063	4.84605	0.5	-40.0857	19.6177	0	-0.681075	0.732214	0	None	None
ChainingRodShaped	3065	3.14088	0.5	-30.1893	36.3555	0	-0.633685	0.773592	0	None	None
ChainingRodShaped	3067	3.7684	0.5	27.4242	63.7316	0	0.654344	-0.756197	0	None	None
ChainingRodShaped	3069	4.3223	0.5	28.6637	79.7315	0	0.840246	-0.542205	0	None	None
ChainingRodShaped	3071	3.32947	0.5	-24.2814	31.4562	0	-0.0320881	-0.999485	0	None	None
ChainingRodShaped	3073	4.43869	0.5	-16.5945	38.4726	0	-0.962763	0.270347	0	None	None
ChainingRodShaped	3075	3.39605	0.5	-15.494	8.56758	0	0.962345	-0.27183	0	None	None
ChainingRodShaped	3077	3.41866	0.5	-32.4994	25.6284	0	0.207957	-0.978138	0	None	None
ChainingRodShaped	3079	4.07188	0.5	12.2549	13.4418	0	0.635307	-0.772259	0	None	None
ChainingRodShaped	3081	3.55053	0.5	-22.9726	16.8227	0	0.705335	-0.708874	0	None	None
ChainingRodShaped	3083	4.0128	0.5	-13.8473	63.6704	0	-0.638653	-0.769495	0	None	None
ChainingRodShaped	3085	3.73376	0.5	35.7156	53.143	0	-0.215199	0.97657	0	None	None
ChainingRodShaped	3087	2.9971	0.5	-40.6176	25.9711	0	-0.985488	-0.169744	0	None	None
ChainingRodShaped	3089	3.68316	0.5	-42.2934	84.1665	0	0.0998263	-0.995005	0	None	None
ChainingRodShaped	3091	4.14101	0.5	-43.0263	80.8126	0	0.0599448	-0.998202	0	None	None
ChainingRodShaped	3093	3.21474	0.5	4.85247	92.7581	0	-0.983625	0.18023	0	None	None
ChainingRodShaped	3095	4.12138	0.5	-36.3759	56.2564	0	-0.999296	-0.0375145	0	None	None
ChainingRodShaped	3097	3.15233	0.5	4.23901	57.5131	0	-0.871937	-0.489618	0	None	None
ChainingRodShaped	3099	3.98007	0.5	-5.35945	36.5624	0	-0.993943	-0.109895	0	None	None
ChainingRodShaped	3101	4.12296	0.5	-2.97861	52.9016	0	-0.927068	-0.374892	0	None	None
ChainingRodShaped	3103	3.25437	0.5	-53.2155	23.8876	0	-0.644557	0.764556	0	None	None
ChainingRodShaped	3105	3.72143	0.5	-17.0003	69.304	0	0.844551	-0.535475	0	None	None
ChainingRodShaped	3107	4.12694	0.5	20.1313	68.08	0	0.588199	-0.808716	0	None	None
ChainingRodShaped	3109	3.87008	0.5	-5.36025	58.4303	0	-0.0774568	-0.996996	0	None	None
ChainingRodShaped	3111	3.59595	0.5	-15.658	0.261388	0	0.921128	-0.389259	0	None	None
ChainingRodShaped	3113	3.49134	0.5	19.7019	63.5581	0	0.474151	-0.880444	0	None	None
ChainingRodShaped	3115	4.16953	0.5	-13.8544	15.8291	0	0.81809	-0.575091	0	None	None
ChainingRodShaped	3117	4.11983	0.5	-22.5371	22.9096	0	-0.974689	-0.223566	0	None	None
ChainingRodShaped	3119	3.06484	0.5	24.4944	32.8131	0	-0.313518	-0.949582	0	None	None
ChainingRodShaped	3121	3.8464	0.5	-21.9392	56.1438	0	-0.435457	-0.90021	0	None	None
ChainingRodShaped	3123	4.43695	0.5	24.1635	45.0973	0	0.373876	-0.927479	0	None	None
ChainingRodShaped	3125	4.4267	0.5	1.55636	66.0801	0	-0.900788	0.434259	0	None	None
ChainingRodShaped	3127	4.5471	0.5	18.0854	34.1385	0	-0.350304	-0.936636	0	None	None
ChainingRodShaped	3129	3.79095	0.5	22.1233	76.9004	0	-0.533928	0.84553	0	None	None
ChainingRodShaped	3131	3.95592	0.5	-24.6153	-3.22569	0	0.960873	0.276989	0	None	None
ChainingRodShaped	3133	4.65158	0.5	-26.5792	28.6671	0	-0.581837	0.813306	0	None	None
ChainingRodShaped	3135	4.53486	0.5	5.63768	55.1863	0	-0.867835	-0.496852	0	None	None
ChainingRodShaped	3137	3.36808	0.5	-56.6537	33.9588	0	0.616295	-0.787515	0	None	None
ChainingRodShaped	3139	4.37998	0.5	15.4059	52.9656	0	0.580751	-0.814082	0	None	None
ChainingRodShaped	3141	2.95219	0.5	24.1803	72.137	0	-0.596424	0.802669	0	None	None
ChainingRodShaped	3143	4.02128	0.5	-35.953	24.2861	0	0.179884	-0.983688	0	None	None
ChainingRodShaped	3145	4.26315	0.5	-38.9044	29.3246	0	0.654971	-0.755654	0	None	None
ChainingRodShaped	3147	3.88869	0.5	5.76968	78.0288	0	-0.0954778	-0.995432	0	None	None
ChainingRodShaped	3149	4.55736	0.5	33.5819	53.2731	0	0.13586	-0.990728	0	None	None
ChainingRodShaped	3151	2.6979	0.5	55.0811	-41.6448	0	-0.778484	-0.627664	0	3920	3150
ChainingRodShaped	3153	3.97099	0.5	13.0372	85.0565	0	0.959279	-0.282459	0	None	None
ChainingRodShaped	3155	3.05474	0.5	11.0989	21.3111	0	-0.253369	0.96737	0	None	None
ChainingRodShaped	3157	3.04089	0.5	37.9317	56.5934	0	0.346122	-0.938189	0	None	None
ChainingRodShaped	3159	3.31834	0.5	22.5016	46.7768	0	0.364587	-0.931169	0	None	None
ChainingRodShaped	3161	3.86746	0.5	-6.56027	27.6484	0	-0.813355	-0.581768	0	None	None
ChainingRodShaped	3163	4.52625	0.5	-21.6512	5.40466	0	-0.999863	0.0165624	0	None	None
ChainingRodShaped	3165	3.66019	0.5	-13.6846	5.74369	0	-0.998615	-0.0526159	0	None	None
ChainingRodShaped	3167	3.63865	0.5	-9.42858	0.680357	0	-0.231311	-0.97288	0	None	None
ChainingRodShaped	3169	3.82038	0.5	-29.2759	-99.286	0	-0.891961	-0.452112	0	2958	3168
ChainingRodShaped	3171	3.43639	0.5	-47.5044	-24.8977	0	0.998133	0.0610841	0	2330	3170
ChainingRodShaped	3173	3.05923	0.5	-41.5001	41.9317	0	-0.863859	0.503733	0	None	None
ChainingRodShaped	3175	3.87793	0.5	0.967187	85.8247	0	-0.892824	-0.450405	0	None	None
ChainingRodShaped	3177	4.5692	0.5	-58.8639	49.3257	0	-0.155718	0.987801	0	None	None
ChainingRodShaped	3179	4.25781	0.5	22.6005	84.3527	0	0.411479	-0.911419	0	None	None
ChainingRodShaped	3181	3.19431	0.5	-41.1588	37.2884	0	0.694431	-0.71956	0	None	None
ChainingRodShaped	3183	4.03311	0.5	-39.7627	84.9477	0	0.847337	-0.531055	0	None	None
ChainingRodShaped	3185	3.60281	0.5	-6.99746	-75.0041	0	-0.326367	-0.945243	0	2264	3184
ChainingRodShaped	3187	4.39989	0.5	-37.7026	32.1269	0	0.67588	-0.737012	0	None	None
ChainingRodShaped	3189	3.46957	0.5	-13.0109	16.2945	0	0.817956	-0.57528	0	None	None
ChainingRodShaped	3191	3.04452	0.5	20.7715	63.4852	0	0.469307	-0.883035	0	None	None
ChainingRodShaped	3193	4.05121	0.5	-9.13575	-7.7096	0	-0.96169	-0.27414	0	None	None
ChainingRodShaped	3195	3.05286	0.5	35.1582	123.852	0	-0.956808	0.290721	0	2304	3194
ChainingRodShaped	3197	3.28143	0.5	8.57467	13.3663	0	0.307515	-0.951543	0	None	None
ChainingRodShaped	3199	3.23355	0.5	15.9885	-0.377756	0	-0.645778	-0.763525	0	None	None
ChainingRodShaped	3201	2.9358	0.5	-19.1581	67.4514	0	0.843005	-0.537906	0	None	None
ChainingRodShaped	3203	3.31418	0.5	-27.9422	69.8467	0	0.771341	-0.636422	0	None	None
ChainingRodShaped	3205	3.43988	0.5	30.7017	32.8631	0	0.874831	0.484428	0	None	None
ChainingRodShaped	3207	3.02875	0.5	4.90639	40.0484	0	0.136781	-0.990601	0	None	None
ChainingRodShaped	3209	2.98667	0.5	27.668	21.1547	0	-0.912117	-0.40993	0	None	None
ChainingRodShaped	3211	3.74857	0.5	-31.6696	82.7077	0	-0.999497	0.0317029	0	None	None
ChainingRodShaped	3213	3.3245	0.5	-2.75353	4.60781	0	-0.203428	-0.97909	0	None	None
ChainingRodShaped	3215	4.42484	0.5	-41.7137	17.2351	0	-0.698526	0.715585	0	None	None
ChainingRodShaped	3217	4.32707	0.5	3.81661	46.7776	0	-0.69855	-0.715561	0	None	None
ChainingRodShaped	3219	3.50899	0.5	-33.3072	51.8236	0	-0.332908	-0.942959	0	None	None
ChainingRodShaped	3221	3.38684	0.5	3.80019	26.6458	0	-0.747432	-0.664338	0	None	None
ChainingRodShaped	3223	4.45975	0.5	-10.6374	-6.14346	0	0.966979	0.254855	0	None	None
ChainingRodShaped	3225	4.4699	0.5	-39.012	79.7649	0	-0.00695887	-0.999976	0	None	None
ChainingRodShaped	3227	3.73266	0.5	1.94356	32.1949	0	-0.720005	-0.693969	0	None	None
ChainingRodShaped	3229	3.19669	0.5	25.3511	84.1284	0	0.672461	-0.740132	0	None	None
ChainingRodShaped	3231	4.02634	0.5	-19.1633	56.0588	0	-0.433603	-0.901104	0	None	None
ChainingRodShaped	3233	3.88201	0.5	0.784011	3.12946	0	-0.207888	-0.978153	0	None	None
ChainingRodShaped	3235	3.76731	0.5	-24.5703	34.8485	0	-0.306531	-0.951861	0	None	None
ChainingRodShaped	3237	3.15094	0.5	-26.7036	47.8674	0	-0.994486	0.104872	0	None	None
ChainingRodShaped	3239	3.62023	0.5	-16.9009	70.2942	0	0.841075	-0.540919	0	None	None
ChainingRodShaped	3241	3.70217	0.5	8.04477	64.6152	0	0.00426689	-0.999991	0	None	None
ChainingRodShaped	3243	4.0633	0.5	-36.2162	59.8932	0	0.999825	0.0187144	0	None	None
ChainingRodShaped	3245	4.29915	0.5	-27.8921	43.2048	0	-0.0746626	-0.997209	0	None	None
ChainingRodShaped	3247	3.08819	0.5	-34.766	8.98325	0	0.97118	-0.238347	0	None	None
ChainingRodShaped	3249	3.74696	0.5	0.206171	48.4587	0	-0.348453	-0.937326	0	None	None
ChainingRodShaped	3251	3.51108	0.5	-0.206126	-1.41226	0	-0.243652	-0.969863	0	None	None
ChainingRodShaped	3253	3.7262	0.5	14.6489	82.5694	0	-0.953439	0.301586	0	None	None
ChainingRodShaped	3255	3.00937	0.5	17.2828	52.6036	0	0.813485	-0.581586	0	None	None
ChainingRodShaped	3257	3.06021	0.5	-45.539	7.14259	0	-0.638879	0.769307	0	4082	3256
ChainingRodShaped	3259	3.31841	0.5	8.48703	90.1815	0	0.989453	-0.144856	0	None	None
ChainingRodShaped	3261	4.34149	0.5	-30.5895	18.3924	0	0.88391	0.467658	0	None	None
ChainingRodShaped	3263	3.45254	0.5	-12.5384	9.63741	0	0.74939	-0.662129	0	None	None
ChainingRodShaped	3265	3.18185	0.5	13.5229	55.5834	0	-0.712488	-0.701684	0	None	None
ChainingRodShaped	3267	3.67	0.5	26.1644	57.5571	0	0.314443	-0.949276	0	None	None
ChainingRodShaped	3269	3.91413	0.5	-0.339873	69.055	0	-0.90238	0.430942	0	None	None
ChainingRodShaped	3271	3.39211	0.5	-17.5454	84.0024	0	-0.767533	0.641009	0	None	None
ChainingRodShaped	3273	3.48594	0.5	19.3931	35.0291	0	-0.340918	-0.940093	0	None	None
ChainingRodShaped	3275	4.29864	0.5	-3.64671	53.5815	0	-0.926676	-0.37586	0	None	None
ChainingRodShaped	3277	3.49745	0.5	-57.6334	103.184	0	0.442416	-0.89681	0	3280	3276
ChainingRodShaped	3279	4.07782	0.5	-52.2549	66.504	0	0.117034	-0.993128	0	None	None
ChainingRodShaped	3281	2.94774	0.5	-59.6968	110.827	0	0.061342	-0.998117	0	1954	3280
ChainingRodShaped	3283	2.79159	0.5	23.6296	84.4264	0	0.41603	-0.909351	0	None	None
ChainingRodShaped	3285	4.17263	0.5	-11.4368	18.4304	0	-0.0503202	-0.998733	0	None	None
ChainingRodShaped	3287	4.22246	0.5	-12.861	63.4841	0	-0.631099	-0.775702	0	None	None
ChainingRodShaped	3289	3.53729	0.5	-50.3916	39.002	0	0.789215	-0.614117	0	None	None
ChainingRodShaped	3291	2.8813	0.5	-36.1006	5.31932	0	0.963523	-0.267625	0	None	None
ChainingRodShaped	3293	3.3261	0.5	19.4617	91.4388	0	0.823972	-0.566631	0	4008	3292
ChainingRodShaped	3295	3.21988	0.5	-1.45301	49.1338	0	-0.336979	-0.941512	0	None	None
ChainingRodShaped	3297	3.09035	0.5	-50.4999	69.4696	0	0.855257	-0.518205	0	None	None
ChainingRodShaped	3299	4.14127	0.5	-44.4623	70.5583	0	-0.572299	0.820045	0	None	None
ChainingRodShaped	3301	3.37708	0.5	0.178218	77.485	0	-0.0086625	-0.999962	0	None	None
ChainingRodShaped	3303	3.54791	0.5	11.0049	46.4004	0	0.688891	-0.724865	0	None	None
ChainingRodShaped	3305	2.89836	0.5	-2.33353	62.6831	0	-0.912338	0.409438	0	None	None
ChainingRodShaped	3307	3.92869	0.5	31.6307	50.8746	0	0.00817678	-0.999967	0	None	None
ChainingRodShaped	3309	2.93879	0.5	93.6169	60.1814	0	0.726885	-0.68676	0	3442	3308
ChainingRodShaped	3311	3.41977	0.5	-16.9645	63.018	0	-0.722317	-0.691562	0	None	None
ChainingRodShaped	3313	3.46677	0.5	-7.15361	21.5715	0	-0.812622	-0.58279	0	None	None
ChainingRodShaped	3315	2.93835	0.5	5.0232	62.4574	0	-0.8982	0.439587	0	None	None
ChainingRodShaped	3317	3.65683	0.5	7.34707	40.5078	0	0.7557	0.654918	0	None	None
ChainingRodShaped	3319	4.03954	0.5	-3.36503	40.6608	0	0.995601	-0.0936892	0	None	None
ChainingRodShaped	3321	3.01669	0.5	29.6402	27.2478	0	0.931398	0.364002	0	None	None
ChainingRodShaped	3323	2.75898	0.5	30.3844	79.7664	0	0.84563	-0.53377	0	None	None
ChainingRodShaped	3325	3.30826	0.5	32.5768	52.0009	0	0.00645811	-0.999979	0	None	None
ChainingRodShaped	3327	3.58531	0.5	10.3003	54.6713	0	-0.678486	-0.734613	0	None	None
ChainingRodShaped	3329	3.09369	0.5	33.4508	64.2887	0	-0.741869	0.670545	0	None	None
ChainingRodShaped	3331	3.90995	0.5	25.6624	13.1069	0	-0.999721	0.0236084	0	None	None
ChainingRodShaped	3333	4.13243	0.5	-11.9154	-9.77088	0	-0.996293	0.0860242	0	None	None
ChainingRodShaped	3335	3.82695	0.5	-26.4086	63.7616	0	0.149616	-0.988744	0	None	None
ChainingRodShaped	3337	2.84951	0.5	-50.0532	13.1999	0	-0.548467	0.836172	0	3256	3336
ChainingRodShaped	3339	3.67671	0.5	-45.8106	41.7363	0	0.904819	-0.425797	0	None	None
ChainingRodShaped	3341	3.71371	0.5	12.3143	36.4816	0	-0.747574	-0.664178	0	None	None
ChainingRodShaped	3343	2.97682	0.5	-2.92881	55.8429	0	-0.934025	-0.357207	0	None	None
ChainingRodShaped	3345	2.83766	0.5	-57.0383	28.2583	0	-0.282156	0.959369	0	2954	3344
ChainingRodShaped	3347	3.35451	0.5	2.01855	9.19364	0	-0.19749	-0.980305	0	None	None
ChainingRodShaped	3349	3.39825	0.5	4.74161	86.8832	0	0.297232	-0.954805	0	None	None
ChainingRodShaped	3351	4.01809	0.5	-41.4143	7.58081	0	0.986747	-0.162265	0	None	None
ChainingRodShaped	3353	2.9504	0.5	-50.1454	39.9919	0	0.788698	-0.614781	0	None	None
ChainingRodShaped	3355	3.16354	0.5	-28.5597	10.7641	0	0.175605	-0.984461	0	None	None
ChainingRodShaped	3357	3.48475	0.5	-37.7377	37.0671	0	0.790739	-0.612153	0	None	None
ChainingRodShaped	3359	3.87857	0.5	17.7807	53.296	0	0.819284	-0.573387	0	None	None
ChainingRodShaped	3361	3.7485	0.5	19.8101	58.0141	0	-0.946229	-0.323499	0	None	None
ChainingRodShaped	3363	3.2623	0.5	31.7201	39.9229	0	-0.87837	-0.477981	0	None	None
ChainingRodShaped	3365	3.37096	0.5	23.4094	66.4465	0	0.492323	-0.870412	0	None	None
ChainingRodShaped	3367	3.34759	0.5	23.8165	51.859	0	-0.781166	-0.624323	0	None	None
ChainingRodShaped	3369	2.75982	0.5	-27.3625	12.1185	0	0.697255	-0.716824	0	None	None
ChainingRodShaped	3371	3.83912	0.5	-52.849	25.1086	0	0.709783	-0.70442	0	None	None
ChainingRodShaped	3373	3.53653	0.5	-28.5437	16.0264	0	0.687691	-0.726004	0	None	None
ChainingRodShaped	3375	2.95463	0.5	19.0586	24.7153	0	0.190353	-0.981716	0	None	None
ChainingRodShaped	3377	3.2903	0.5	0.629393	33.3593	0	-0.733721	-0.679451	0	None	None
ChainingRodShaped	3379	2.98065	0.5	1.47105	144.651	0	-0.884277	0.466963	0	3546	3378
ChainingRodShaped	3381	2.90633	0.5	-52.2478	29.6624	0	-0.999555	0.0298447	0	None	None
ChainingRodShaped	3383	3.49329	0.5	-3.17442	34.0684	0	-0.956535	-0.291617	0	None	None
ChainingRodShaped	3385	3.41075	0.5	10.1409	38.2316	0	-0.733775	-0.679393	0	None	None
ChainingRodShaped	3387	3.69598	0.5	-1.73287	95.5546	0	-0.990906	0.134559	0	None	None
ChainingRodShaped	3389	3.61587	0.5	-34.2584	2.8323	0	0.679934	-0.733273	0	None	None
ChainingRodShaped	3391	2.76286	0.5	11.9994	3.68521	0	-0.275015	-0.96144	0	None	None
ChainingRodShaped	3393	3.05365	0.5	-54.2585	36.5729	0	0.653364	-0.757044	0	None	None
ChainingRodShaped	3395	3.06827	0.5	19.3446	87.0395	0	0.929564	-0.36866	0	None	None
ChainingRodShaped	3397	3.28657	0.5	33.6392	48.4817	0	0.0789451	-0.996879	0	None	None
ChainingRodShaped	3399	3.05963	0.5	80.0984	67.1226	0	0.974146	-0.225921	0	4132	3398
ChainingRodShaped	3401	2.82241	0.5	-46.0528	35.3829	0	0.6074	-0.794396	0	None	None
ChainingRodShaped	3403	3.14211	0.5	-15.8465	54.0053	0	0.539837	-0.841769	0	None	None
ChainingRodShaped	3405	3.97128	0.5	-7.94094	64.9794	0	0.187818	-0.982204	0	None	None
ChainingRodShaped	3407	3.00979	0.5	6.00139	69.2025	0	0.0538226	-0.998551	0	None	None
ChainingRodShaped	3409	3.2947	0.5	28.4651	12.6081	0	-0.604993	-0.79623	0	None	None
ChainingRodShaped	3411	3.27161	0.5	-53.3114	36.937	0	0.648745	-0.761006	0	None	None
ChainingRodShaped	3413	3.79542	0.5	8.58483	57.9313	0	-0.864477	-0.502673	0	None	None
ChainingRodShaped	3415	3.16163	0.5	-6.20769	58.5285	0	-0.0874022	-0.996173	0	None	None
ChainingRodShaped	3417	3.11405	0.5	-42.9122	6.51905	0	0.876275	-0.481811	0	None	None
ChainingRodShaped	3419	3.65208	0.5	15.2664	27.9042	0	-0.314183	-0.949362	0	None	None
ChainingRodShaped	3421	2.82984	0.5	15.7276	60.4019	0	-0.679965	-0.733245	0	None	None
ChainingRodShaped	3423	3.03517	0.5	-97.3829	-120.856	0	-0.847785	-0.53034	0	3668	3422
ChainingRodShaped	3425	3.19352	0.5	6.37762	18.9599	0	-0.149532	-0.988757	0	None	None
ChainingRodShaped	3427	3.68266	0.5	16.0766	24.2355	0	0.248975	-0.96851	0	None	None
ChainingRodShaped	3429	2.92122	0.5	9.73966	30.667	0	-0.146842	-0.98916	0	None	None
ChainingRodShaped	3431	3.44889	0.5	-9.50656	63.176	0	-0.421759	-0.906708	0	None	None
ChainingRodShaped	3433	2.75032	0.5	14.3527	78.4093	0	-0.0420275	-0.999116	0	None	None
ChainingRodShaped	3435	2.98225	0.5	-42.7687	71.9885	0	0.980534	-0.196349	0	None	None
ChainingRodShaped	3437	2.84906	0.5	31.7277	35.6183	0	0.883114	0.469159	0	None	None
ChainingRodShaped	3439	3.14181	0.5	-52.6844	132.749	0	-0.596083	-0.802923	0	3734	3438
ChainingRodShaped	3441	3.24664	0.5	-40.5636	63.4578	0	0.854725	-0.519081	0	None	None
ChainingRodShaped	3443	2.81463	0.5	87.4834	64.494	0	0.891891	-0.452251	0	3398	3442
ChainingRodShaped	3445	2.69334	0.5	-8.61198	42.5887	0	-0.351681	-0.93612	0	None	None
ChainingRodShaped	3447	3.93111	0.5	-33.9483	21.2036	0	-0.116009	-0.993248	0	None	None
ChainingRodShaped	3449	3.52407	0.5	8.22607	-1.75572	0	-0.990029	-0.140863	0	None	None
ChainingRodShaped	3451	3.21774	0.5	-49.1578	67.5176	0	0.858379	-0.513016	0	None	None
ChainingRodShaped	3453	3.55966	0.5	13.1709	51.663	0	-0.657383	-0.753556	0	None	None
ChainingRodShaped	3455	3.83945	0.5	-23.3974	2.24077	0	-0.72415	-0.689642	0	None	None
ChainingRodShaped	3457	2.65301	0.5	-15.1398	79.9382	0	-0.808353	0.588697	0	None	None
ChainingRodShaped	3459	3.61706	0.5	-18.6278	4.83509	0	-0.67055	-0.741865	0	None	None
ChainingRodShaped	3461	3.18366	0.5	-15.6405	40.0367	0	-0.967976	0.251042	0	None	None
ChainingRodShaped	3463	3.05132	0.5	4.25341	11.9509	0	0.281205	-0.959648	0	None	None
ChainingRodShaped	3465	3.56971	0.5	-0.752496	28.4247	0	-0.734447	-0.678666	0	None	None
ChainingRodShaped	3467	3.20971	0.5	35.6764	66.9936	0	0.437837	-0.899054	0	None	None
ChainingRodShaped	3469	3.85088	0.5	-6.62613	31.0098	0	-0.93045	-0.366418	0	None	None
ChainingRodShaped	3471	3.25027	0.5	-113.545	3.49709	0	0.220818	-0.975315	0	1309	3470
ChainingRodShaped	3473	2.99873	0.5	36.3942	54.5664	0	-0.212581	0.977143	0	None	None
ChainingRodShaped	3475	2.67192	0.5	-15.9694	85.1819	0	-0.77899	0.627036	0	None	None
ChainingRodShaped	3477	3.03164	0.5	15.5984	37.0964	0	0.0466986	-0.998909	0	None	None
ChainingRodShaped	3479	3.17601	0.5	-47.4335	49.8769	0	-0.880633	-0.4738	0	None	None
ChainingRodShaped	3481	3.49257	0.5	10.8012	43.7217	0	0.554292	-0.832323	0	None	None
ChainingRodShaped	3483	3.11821	0.5	-18.732	68.2544	0	0.837587	-0.546304	0	None	None
ChainingRodShaped	3485	2.899	0.5	7.13946	88.7782	0	0.792253	-0.610193	0	None	None
ChainingRodShaped	3487	2.93785	0.5	-20.6025	13.1345	0	0.699563	-0.714571	0	None	None
ChainingRodShaped	3489	3.12417	0.5	-10.7563	49.3449	0	0.528832	-0.848726	0	None	None
ChainingRodShaped	3491	3.28331	0.5	19.4482	3.51109	0	0.83642	0.54809	0	None	None
ChainingRodShaped	3493	3.48818	0.5	-47.1771	55.137	0	-0.999519	-0.0310153	0	None	None
ChainingRodShaped	3495	3.78529	0.5	35.8035	40.9474	0	-0.886126	-0.463444	0	None	None
ChainingRodShaped	3497	3.77494	0.5	30.2604	70.6016	0	0.848017	-0.529969	0	None	None
ChainingRodShaped	3499	3.55499	0.5	12.2125	37.6083	0	-0.745899	-0.666059	0	None	None
ChainingRodShaped	3501	3.42575	0.5	-27.0826	80.6838	0	-0.926816	-0.375515	0	None	None
ChainingRodShaped	3503	3.76182	0.5	-26.201	50.3805	0	-0.50311	-0.864222	0	None	None
ChainingRodShaped	3505	3.69462	0.5	-22.955	12.9575	0	0.705629	-0.708582	0	None	None
ChainingRodShaped	3507	2.8466	0.5	-38.5949	55.2552	0	-0.999946	-0.0104111	0	None	None
ChainingRodShaped	3509	3.35329	0.5	-48.9506	22.686	0	0.371025	-0.928623	0	None	None
ChainingRodShaped	3511	3.78921	0.5	-3.33895	83.839	0	-0.928196	-0.372091	0	None	None
ChainingRodShaped	3513	2.61769	0.5	94.3141	-1.34754	0	-0.574974	-0.818172	0	1755	3512
ChainingRodShaped	3515	3.5455	0.5	-13.029	1.06602	0	0.996564	0.0828263	0	None	None
ChainingRodShaped	3517	3.66533	0.5	22.5527	57.0002	0	-0.947888	-0.318604	0	None	None
ChainingRodShaped	3519	2.60838	0.5	-5.07094	12.3807	0	-0.0650369	-0.997883	0	None	None
ChainingRodShaped	3521	2.60307	0.5	-54.1335	50.6826	0	-0.960071	0.279757	0	None	None
ChainingRodShaped	3523	3.29055	0.5	5.24021	11.744	0	0.29079	-0.956787	0	None	None
ChainingRodShaped	3525	3.13465	0.5	23.2386	34.7777	0	-0.327695	-0.944784	0	None	None
ChainingRodShaped	3527	3.01593	0.5	16.8291	71.2369	0	0.494575	-0.869135	0	None	None
ChainingRodShaped	3529	3.44478	0.5	-19.9087	36.2189	0	-0.00498546	-0.999988	0	None	None
ChainingRodShaped	3531	2.58407	0.5	-99.1298	65.837	0	-0.733481	-0.67971	0	2222	3530
ChainingRodShaped	3533	3.48172	0.5	-21.2804	1.40917	0	-0.783172	-0.621805	0	None	None
ChainingRodShaped	3535	2.72721	0.5	2.23064	93.8191	0	-0.978567	-0.20593	0	None	None
ChainingRodShaped	3537	3.09974	0.5	-57.021	49.946	0	-0.745982	0.665967	0	None	None
ChainingRodShaped	3539	3.56436	0.5	-40.1341	29.339	0	0.652847	-0.75749	0	None	None
ChainingRodShaped	3541	2.64145	0.5	-11.2308	11.0822	0	0.801674	-0.597762	0	None	None
ChainingRodShaped	3543	2.74178	0.5	81.1002	-16.1935	0	-0.711382	-0.702805	0	3764	3542
ChainingRodShaped	3545	3.16018	0.5	-6.49592	45.5948	0	-0.372966	-0.927845	0	None	None
ChainingRodShaped	3547	2.55493	0.5	7.96579	140.689	0	-0.823081	0.567924	0	1699	3546
ChainingRodShaped	3549	3.44311	0.5	22.4863	20.8496	0	0.911373	0.411581	0	None	None
ChainingRodShaped	3551	2.64336	0.5	-16.6973	92.0438	0	0.859886	-0.510486	0	None	None
ChainingRodShaped	3553	3.16861	0.5	-13.4428	71.2831	0	0.837721	-0.546098	0	None	None
ChainingRodShaped	3555	3.44824	0.5	-5.79575	-0.171777	0	-0.236872	-0.971541	0	None	None
ChainingRodShaped	3557	2.78606	0.5	72.2402	137.907	0	-0.525666	-0.850691	0	2782	3556
ChainingRodShaped	3559	3.68345	0.5	-14.2106	25.5313	0	-0.88034	-0.474343	0	None	None
ChainingRodShaped	3561	2.88619	0.5	-25.3718	86.2876	0	0.945893	-0.324479	0	None	None
ChainingRodShaped	3563	3.52666	0.5	-13.819	72.6342	0	-0.843132	0.537707	0	None	None
ChainingRodShaped	3565	3.65904	0.5	-50.1721	65.0772	0	0.604964	-0.796253	0	None	None
ChainingRodShaped	3567	3.32545	0.5	-9.60285	83.6688	0	0.360814	-0.932638	0	None	None
ChainingRodShaped	3569	3.06256	0.5	33.0396	62.0375	0	-0.72316	0.690681	0	None	None
ChainingRodShaped	3571	3.43368	0.5	9.04843	74.0717	0	-0.120682	-0.992691	0	None	None
ChainingRodShaped	3573	2.56606	0.5	5.07368	5.57198	0	0.445817	-0.895124	0	None	None
ChainingRodShaped	3575	3.4815	0.5	-33.3127	37.871	0	-0.736344	0.676608	0	None	None
ChainingRodShaped	3577	2.42003	0.5	25.6039	86.652	0	0.753356	-0.657613	0	3292	3576
ChainingRodShaped	3579	2.86074	0.5	32.3637	41.3653	0	0.886615	0.462508	0	None	None
ChainingRodShaped	3581	3.43449	0.5	-17.7114	93.794	0	-0.980943	-0.194296	0	None	None
ChainingRodShaped	3583	2.9967	0.5	27.8598	20.199	0	-0.915284	-0.402808	0	None	None
ChainingRodShaped	3585	2.9764	0.5	-16.1916	26.4955	0	-0.864496	-0.50264	0	None	None
ChainingRodShaped	3587	2.67617	0.5	-24.2199	83.6056	0	0.210618	-0.977568	0	None	None
ChainingRodShaped	3589	3.1888	0.5	-20.3761	89.7326	0	0.842722	-0.53835	0	None	None
ChainingRodShaped	3591	3.31007	0.5	25.2768	62.1069	0	0.708278	-0.705933	0	None	None
ChainingRodShaped	3593	2.85692	0.5	8.80182	92.0714	0	0.986359	-0.164606	0	None	None
ChainingRodShaped	3595	3.00716	0.5	45.4365	71.5268	0	0.921192	-0.389108	0	4068	3594
ChainingRodShaped	3597	3.35101	0.5	-45.6559	47.5592	0	-0.905661	-0.424003	0	None	None
ChainingRodShaped	3599	3.05363	0.5	25.3521	28.4817	0	0.901048	0.433719	0	None	None
ChainingRodShaped	3601	2.71338	0.5	-35.7443	14.2091	0	-0.835676	0.549222	0	None	None
ChainingRodShaped	3603	3.31716	0.5	12.2266	62.0642	0	-0.665176	-0.746687	0	None	None
ChainingRodShaped	3605	3.00836	0.5	-6.45092	37.3089	0	-0.994989	-0.0999855	0	None	None
ChainingRodShaped	3607	3.17806	0.5	-14.1812	-7.6253	0	-0.998954	0.04572	0	None	None
ChainingRodShaped	3609	3.35922	0.5	-35.0651	79.3104	0	0.308485	-0.951229	0	None	None
ChainingRodShaped	3611	2.93073	0.5	-21.9999	17.111	0	0.699669	-0.714467	0	None	None
ChainingRodShaped	3613	3.48102	0.5	9.44356	54.9457	0	-0.68576	-0.727828	0	None	None
ChainingRodShaped	3615	2.98204	0.5	-31.0956	58.8704	0	-0.299017	-0.954248	0	None	None
ChainingRodShaped	3617	2.87627	0.5	2.17803	-4.91524	0	-0.00133434	-0.999999	0	None	None
ChainingRodShaped	3619	3.56301	0.5	-23.5615	89.7089	0	-0.995179	0.098079	0	None	None
ChainingRodShaped	3621	2.94584	0.5	-29.9903	59.2775	0	-0.239843	-0.970812	0	None	None
ChainingRodShaped	3623	2.55192	0.5	-7.36516	38.1332	0	0.993941	0.109919	0	None	None
ChainingRodShaped	3625	2.78116	0.5	-39.7647	37.4054	0	0.784578	-0.620031	0	None	None
ChainingRodShaped	3627	2.86404	0.5	31.1485	16.227	0	0.862477	-0.506097	0	None	None
ChainingRodShaped	3629	3.49227	0.5	12.687	91.3385	0	0.484251	-0.874929	0	None	None
ChainingRodShaped	3631	3.37009	0.5	-32.922	88.2312	0	0.197009	-0.980402	0	None	None
ChainingRodShaped	3633	2.59964	0.5	-36.539	48.3524	0	0.195797	-0.980644	0	None	None
ChainingRodShaped	3635	2.76762	0.5	-13.6364	93.6408	0	0.864755	-0.502194	0	None	None
ChainingRodShaped	3637	3.03116	0.5	-111.263	-3.90334	0	0.371906	-0.92827	0	3470	3636
ChainingRodShaped	3639	2.75238	0.5	14.4114	63.3606	0	-0.526734	-0.85003	0	None	None
ChainingRodShaped	3641	3.10269	0.5	10.446	5.18414	0	-0.274699	-0.96153	0	None	None
ChainingRodShaped	3643	2.80901	0.5	4.01902	81.691	0	0.0557521	-0.998445	0	None	None
ChainingRodShaped	3645	3.21363	0.5	-11.6318	41.9212	0	-0.342057	-0.939679	0	None	None
ChainingRodShaped	3647	2.89205	0.5	-7.1422	86.5179	0	0.921603	0.388133	0	None	None
ChainingRodShaped	3649	2.58905	0.5	-5.99237	12.3645	0	-0.0623986	-0.998051	0	None	None
ChainingRodShaped	3651	2.6103	0.5	72.0985	-25.1457	0	-0.703331	-0.710862	0	1662	3650
ChainingRodShaped	3653	2.8027	0.5	-57.0627	38.6079	0	0.0672793	0.997734	0	None	None
ChainingRodShaped	3655	2.6493	0.5	13.4492	14.8285	0	-0.61974	0.784807	0	None	None
ChainingRodShaped	3657	3.1583	0.5	-51.3581	57.1572	0	-0.998243	0.0592488	0	None	None
ChainingRodShaped	3659	3.03168	0.5	-19.3728	-1.08987	0	-0.990471	-0.137719	0	None	None
ChainingRodShaped	3661	3.32944	0.5	-25.3524	80.16	0	-0.707894	-0.706318	0	None	None
ChainingRodShaped	3663	2.59516	0.5	-51.494	60.0466	0	-0.632209	0.774797	0	None	None
ChainingRodShaped	3665	2.87114	0.5	-3.84613	-8.72476	0	-0.905882	0.423531	0	None	None
ChainingRodShaped	3667	2.56464	0.5	-84.0522	-114.059	0	-0.933105	-0.359604	0	1484	3666
ChainingRodShaped	3669	3.03927	0.5	-90.5978	-116.998	0	-0.89076	-0.454473	0	3666	3668
ChainingRodShaped	3671	2.86918	0.5	-56.4331	-107.1	0	-0.985272	-0.170995	0	4210	3670
ChainingRodShaped	3673	3.47061	0.5	11.5686	79.3516	0	0.488277	-0.872689	0	None	None
ChainingRodShaped	3675	2.82572	0.5	-18.1757	83.3127	0	-0.762386	0.647123	0	None	None
ChainingRodShaped	3677	2.76575	0.5	-23.3953	-4.896	0	-0.957657	-0.287911	0	None	None
ChainingRodShaped	3679	2.3612	0.5	111.23	219.965	0	-0.576379	-0.817183	0	2340	3678
ChainingRodShaped	3681	3.33699	0.5	9.50574	26.0016	0	0.0109521	-0.99994	0	None	None
ChainingRodShaped	3683	2.52381	0.5	2.14188	38.0235	0	-0.976761	-0.214329	0	None	None
ChainingRodShaped	3685	2.5737	0.5	-63.0454	58.5609	0	-0.386392	0.922335	0	1696	3684
ChainingRodShaped	3687	2.78565	0.5	-91.3509	-25.0447	0	0.930846	-0.365413	0	3952	3686
ChainingRodShaped	3689	2.80638	0.5	-5.30265	147.553	0	-0.949951	0.312398	0	3378	3688
ChainingRodShaped	3691	2.49181	0.5	20.8835	88.6555	0	0.954864	-0.297042	0	None	None
ChainingRodShaped	3693	2.60022	0.5	-34.3065	61.5565	0	0.902232	0.431251	0	None	None
ChainingRodShaped	3695	2.70619	0.5	28.1224	37.1781	0	-0.190638	-0.98166	0	None	None
ChainingRodShaped	3697	3.05523	0.5	-11.9068	78.839	0	-0.876283	0.481797	0	None	None
ChainingRodShaped	3699	2.65668	0.5	-37.5731	77.8454	0	0.359034	-0.933324	0	None	None
ChainingRodShaped	3701	3.20705	0.5	18.1326	42.824	0	0.374031	-0.927416	0	None	None
ChainingRodShaped	3703	2.7833	0.5	-7.53321	4.56301	0	-0.2235	-0.974704	0	None	None
ChainingRodShaped	3705	2.69851	0.5	-14.8739	86.7914	0	0.383806	-0.923414	0	None	None
ChainingRodShaped	3707	2.95768	0.5	20.3979	47.0352	0	0.375222	-0.926935	0	None	None
ChainingRodShaped	3709	3.16741	0.5	29.1348	17.5406	0	-0.603583	-0.7973	0	None	None
ChainingRodShaped	3711	2.90606	0.5	3.00439	59.6212	0	-0.998664	-0.0516739	0	None	None
ChainingRodShaped	3713	2.69893	0.5	-29.166	58.5838	0	-0.264926	-0.964269	0	None	None
ChainingRodShaped	3715	3.29714	0.5	16.7618	4.34511	0	0.211071	-0.977471	0	None	None
ChainingRodShaped	3717	2.57285	0.5	-34.1492	89.017	0	0.253294	-0.967389	0	None	None
ChainingRodShaped	3719	3.3572	0.5	-11.2979	31.3549	0	-0.943905	-0.330216	0	None	None
ChainingRodShaped	3721	3.06307	0.5	1.41849	58.6616	0	-0.999131	-0.0416707	0	None	None
ChainingRodShaped	3723	2.93676	0.5	-28.2198	16.9967	0	0.694896	-0.71911	0	None	None
ChainingRodShaped	3725	2.8343	0.5	-12.8692	55.598	0	0.0240456	-0.999711	0	None	None
ChainingRodShaped	3727	3.11977	0.5	-6.67531	20.8073	0	-0.811022	-0.585016	0	None	None
ChainingRodShaped	3729	2.96354	0.5	34.5788	71.3288	0	0.456514	-0.889716	0	None	None
ChainingRodShaped	3731	3.17449	0.5	14.5291	49.4979	0	0.593023	-0.805185	0	None	None
ChainingRodShaped	3733	2.74639	0.5	26.9695	45.5924	0	0.36101	-0.932562	0	None	None
ChainingRodShaped	3735	2.6372	0.5	-47.6748	138.324	0	-0.736193	-0.676772	0	3880	3734
ChainingRodShaped	3737	3.12843	0.5	7.00284	67.8	0	0.0438358	-0.999039	0	None	None
ChainingRodShaped	3739	3.17375	0.5	1.96694	-1.92713	0	-0.499562	-0.866278	0	None	None
ChainingRodShaped	3741	3.21845	0.5	-9.84452	73.745	0	-0.945364	0.326016	0	None	None
ChainingRodShaped	3743	3.23537	0.5	12.2437	28.142	0	0.069207	0.997602	0	None	None
ChainingRodShaped	3745	2.88415	0.5	22.2453	28.5665	0	-0.269859	-0.9629	0	None	None
ChainingRodShaped	3747	2.72593	0.5	3.03799	5.41016	0	0.411666	-0.911335	0	None	None
ChainingRodShaped	3749	2.56517	0.5	-43.1207	37.949	0	0.697393	-0.716689	0	None	None
ChainingRodShaped	3751	3.01365	0.5	22.1069	21.6717	0	0.907226	0.420643	0	None	None
ChainingRodShaped	3753	2.67314	0.5	-24.6582	64.806	0	0.128048	-0.991768	0	None	None
ChainingRodShaped	3755	2.92333	0.5	-46.0695	48.3873	0	-0.909162	-0.416442	0	None	None
ChainingRodShaped	3757	3.21396	0.5	-31.7437	50.8783	0	-0.344563	-0.938763	0	None	None
ChainingRodShaped	3759	2.64478	0.5	-15.7544	-1.74799	0	0.921145	-0.38922	0	None	None
ChainingRodShaped	3761	2.61936	0.5	-0.22328	24.5975	0	-0.787317	-0.616549	0	None	None
ChainingRodShaped	3763	2.75466	0.5	-49.1997	41.5921	0	0.796311	-0.604888	0	None	None
ChainingRodShaped	3765	2.52758	0.5	85.9101	-11.3478	0	-0.694146	-0.719834	0	4400	3764
ChainingRodShaped	3767	3.18304	0.5	25.1867	45.0489	0	0.373655	-0.927568	0	None	None
ChainingRodShaped	3769	3.25774	0.5	0.171969	-5.10235	0	-0.0497948	-0.998759	0	None	None
ChainingRodShaped	3771	3.25276	0.5	9.96859	16.3589	0	0.0571779	-0.998364	0	None	None
ChainingRodShaped	3773	2.63811	0.5	-31.6741	16.5439	0	-0.784788	-0.619764	0	None	None
ChainingRodShaped	3775	2.64654	0.5	34.2413	44.8029	0	0.975293	-0.220914	0	None	None
ChainingRodShaped	3777	3.15782	0.5	-54.7522	43.7361	0	-0.0948461	-0.995492	0	None	None
ChainingRodShaped	3779	2.51297	0.5	-5.35493	85.621	0	0.998753	-0.0499335	0	None	None
ChainingRodShaped	3781	2.58824	0.5	-12.3791	149.182	0	-0.991373	0.131072	0	3688	3780
ChainingRodShaped	3783	2.59425	0.5	-1.5359	63.9236	0	-0.639296	0.768961	0	None	None
ChainingRodShaped	3785	3.25869	0.5	-47.8658	50.6872	0	-0.885323	-0.464977	0	None	None
ChainingRodShaped	3787	2.99432	0.5	-3.93495	31.4064	0	-0.731629	-0.681703	0	None	None
ChainingRodShaped	3789	2.69024	0.5	19.5266	46.7441	0	0.384468	-0.923138	0	None	None
ChainingRodShaped	3791	2.5155	0.5	-18.68	94.5886	0	0.979374	0.202055	0	None	None
ChainingRodShaped	3793	2.84647	0.5	38.6902	64.9749	0	0.460653	-0.88758	0	None	None
ChainingRodShaped	3795	2.77463	0.5	-19.4578	64.4649	0	-0.999976	0.00689041	0	None	None
ChainingRodShaped	3797	2.72047	0.5	20.9504	27.1982	0	-0.218099	-0.975927	0	None	None
ChainingRodShaped	3799	2.45872	0.5	-18.7018	87.41	0	-0.786551	0.617525	0	None	None
ChainingRodShaped	3801	2.59069	0.5	-42.8486	36.3085	0	0.676457	-0.736482	0	None	None
ChainingRodShaped	3803	2.44054	0.5	-7.06266	23.8667	0	-0.801411	-0.598114	0	None	None
ChainingRodShaped	3805	2.54873	0.5	-7.22299	70.283	0	-0.910871	0.412692	0	None	None
ChainingRodShaped	3807	2.73067	0.5	-10.8398	88.0556	0	0.928969	0.370157	0	None	None
ChainingRodShaped	3809	2.83085	0.5	-41.5435	53.4151	0	-0.999946	-0.0104116	0	None	None
ChainingRodShaped	3811	2.78125	0.5	102.096	13.3985	0	-0.314356	-0.949305	0	2424	3810
ChainingRodShaped	3813	2.81724	0.5	-18.6117	90.8476	0	0.851602	-0.524188	0	None	None
ChainingRodShaped	3815	3.1506	0.5	-8.53588	92.7077	0	0.98484	-0.173462	0	None	None
ChainingRodShaped	3817	2.64287	0.5	0.789205	7.77805	0	-0.207279	-0.978282	0	None	None
ChainingRodShaped	3819	3.0126	0.5	-10.2878	3.23593	0	-0.993015	-0.117986	0	None	None
ChainingRodShaped	3821	2.65995	0.5	-54.7962	33.4848	0	-0.738514	0.674239	0	None	None
ChainingRodShaped	3823	2.80119	0.5	17.5525	63.6923	0	0.46976	-0.882794	0	None	None
ChainingRodShaped	3825	3.21034	0.5	-9.25737	-1.83557	0	-0.888473	-0.458929	0	None	None
ChainingRodShaped	3827	2.54517	0.5	-16.5811	16.7953	0	0.689934	-0.723872	0	None	None
ChainingRodShaped	3829	2.50869	0.5	15.607	67.8775	0	0.622245	-0.782822	0	None	None
ChainingRodShaped	3831	2.80802	0.5	16.71	69.5095	0	0.619928	-0.784659	0	None	None
ChainingRodShaped	3833	2.98075	0.5	-15.1093	1.83574	0	0.995686	0.092787	0	None	None
ChainingRodShaped	3835	2.84271	0.5	-9.28646	90.9083	0	0.866979	0.498344	0	None	None
ChainingRodShaped	3837	2.72326	0.5	-124.962	-140.926	0	-0.798641	-0.601808	0	2118	3836
ChainingRodShaped	3839	2.50048	0.5	-18.8231	75.0444	0	0.426812	-0.90434	0	None	None
ChainingRodShaped	3841	2.71973	0.5	-4.05506	7.30165	0	-0.246773	-0.969073	0	None	None
ChainingRodShaped	3843	2.42974	0.5	-55.731	43.473	0	-0.0899278	-0.995948	0	None	None
ChainingRodShaped	3845	2.7595	0.5	-12.3925	30.1199	0	-0.951371	-0.308046	0	None	None
ChainingRodShaped	3847	2.40563	0.5	9.73155	39.0871	0	-0.726946	-0.686695	0	None	None
ChainingRodShaped	3849	2.86719	0.5	-17.5569	63.6866	0	-0.722981	-0.690868	0	None	None
ChainingRodShaped	3851	3.01278	0.5	-33.1552	71.8425	0	0.908593	-0.417682	0	None	None
ChainingRodShaped	3853	2.46614	0.5	8.2602	46.1337	0	-0.728919	-0.684599	0	None	None
ChainingRodShaped	3855	2.6695	0.5	-29.8162	70.0955	0	0.798627	-0.601827	0	None	None
ChainingRodShaped	3857	2.71057	0.5	7.01894	30.926	0	-0.141463	-0.989944	0	None	None
ChainingRodShaped	3859	2.87182	0.5	10.8628	0.518997	0	0.761773	0.647844	0	None	None
ChainingRodShaped	3861	3.01009	0.5	-13.53	70.2415	0	0.831748	-0.555153	0	None	None
ChainingRodShaped	3863	2.47484	0.5	21.5352	46.6986	0	0.366598	-0.930379	0	None	None
ChainingRodShaped	3865	2.49659	0.5	48.5508	-46.3088	0	-0.851095	-0.525011	0	3150	3864
ChainingRodShaped	3867	2.43832	0.5	-15.5294	25.8371	0	-0.869486	-0.493958	0	None	None
ChainingRodShaped	3869	2.65669	0.5	-27.3135	63.877	0	0.15952	-0.987195	0	None	None
ChainingRodShaped	3871	2.65652	0.5	-36.7153	54.3059	0	-0.600917	-0.799311	0	None	None
ChainingRodShaped	3873	2.87756	0.5	-53.8003	59.1458	0	-0.920642	-0.390407	0	None	None
ChainingRodShaped	3875	2.41957	0.5	-1.0699	3.52229	0	-0.215092	-0.976594	0	None	None
ChainingRodShaped	3877	2.9661	0.5	26.0668	45.3641	0	0.370294	-0.928914	0	None	None
ChainingRodShaped	3879	2.42228	0.5	-44.4965	46.0121	0	-0.91396	-0.405805	0	None	None
ChainingRodShaped	3881	2.50977	0.5	-42.1117	142.659	0	-0.83545	-0.549566	0	4530	3880
ChainingRodShaped	3883	2.57983	0.5	-43.8133	64.872	0	-0.118611	-0.992941	0	None	None
ChainingRodShaped	3885	2.877	0.5	-11.5143	25.0664	0	-0.790379	-0.612618	0	None	None
ChainingRodShaped	3887	2.50688	0.5	-53.1173	33.5103	0	-0.828697	0.559697	0	None	None
ChainingRodShaped	3889	2.42181	0.5	-41.0524	62.552	0	0.832792	-0.553586	0	None	None
ChainingRodShaped	3891	2.67633	0.5	-45.8262	75.6215	0	-0.0138412	-0.999904	0	None	None
ChainingRodShaped	3893	2.37632	0.5	18.3287	47.1409	0	0.393342	-0.919392	0	None	None
ChainingRodShaped	3895	3.0983	0.5	-44.6978	35.4176	0	0.704224	-0.709978	0	None	None
ChainingRodShaped	3897	2.51069	0.5	-13.9335	48.545	0	0.30323	-0.952917	0	None	None
ChainingRodShaped	3899	2.4912	0.5	2.0913	83.2638	0	0.0443525	-0.999016	0	None	None
ChainingRodShaped	3901	2.7476	0.5	4.48297	74.5821	0	-0.0943505	-0.995539	0	None	None
ChainingRodShaped	3903	2.54988	0.5	-17.7556	68.7033	0	0.840069	-0.542479	0	None	None
ChainingRodShaped	3905	2.83438	0.5	22.6962	80.9421	0	0.152404	-0.988318	0	None	None
ChainingRodShaped	3907	2.96962	0.5	36.3672	26.3972	0	-0.844353	-0.535787	0	None	None
ChainingRodShaped	3909	2.49697	0.5	28.9622	11.6474	0	-0.598855	-0.800857	0	None	None
ChainingRodShaped	3911	2.97955	0.5	23.921	7.62407	0	-0.999487	0.0320371	0	None	None
ChainingRodShaped	3913	2.94855	0.5	-49.331	54.1005	0	-0.999168	-0.0407916	0	None	None
ChainingRodShaped	3915	3.05754	0.5	-5.69103	4.22828	0	-0.227181	-0.973853	0	None	None
ChainingRodShaped	3917	2.94778	0.5	24.9177	12.1476	0	-0.999726	0.0233891	0	None	None
ChainingRodShaped	3919	2.78607	0.5	1.56168	71.2647	0	0.239819	-0.970818	0	None	None
ChainingRodShaped	3921	2.5836	0.5	60.1281	-37.2031	0	-0.724569	-0.689203	0	2502	3920
ChainingRodShaped	3923	2.36694	0.5	11.9045	9.2604	0	0.534181	-0.84537	0	None	None
ChainingRodShaped	3925	2.386	0.5	84.3193	170.229	0	-0.318778	-0.947829	0	2844	3924
ChainingRodShaped	3927	2.80377	0.5	-17.6241	55.4527	0	-0.417693	-0.908588	0	None	None
ChainingRodShaped	3929	2.46469	0.5	-38.9274	9.17495	0	0.934417	-0.356182	0	None	None
ChainingRodShaped	3931	2.71044	0.5	-38.0371	45.3932	0	-0.0896327	0.995975	0	None	None
ChainingRodShaped	3933	2.89788	0.5	-31.78	10.479	0	0.71342	0.700737	0	None	None
ChainingRodShaped	3935	2.89788	0.5	-22.8249	11.5246	0	0.712665	-0.701504	0	None	None
ChainingRodShaped	3937	2.93612	0.5	-28.1845	52.2891	0	-0.47996	-0.87729	0	None	None
ChainingRodShaped	3939	2.51598	0.5	29.6195	24.1468	0	0.927448	0.373951	0	None	None
ChainingRodShaped	3941	2.75591	0.5	2.54883	14.4541	0	0.277537	-0.960715	0	None	None
ChainingRodShaped	3943	2.50456	0.5	13.3605	81.9754	0	-0.953604	0.301063	0	None	None
ChainingRodShaped	3945	2.91631	0.5	0.549196	70.7038	0	0.399952	-0.916536	0	None	None
ChainingRodShaped	3947	2.35568	0.5	-15.8629	12.424	0	0.957035	-0.289973	0	None	None
ChainingRodShaped	3949	2.33441	0.5	-102.456	-17.6679	0	0.692392	-0.721522	0	3016	3948
ChainingRodShaped	3951	2.33627	0.5	-84.7739	-26.9236	0	0.983906	-0.178685	0	3686	3950
ChainingRodShaped	3953	2.38502	0.5	-97.3684	-21.9305	0	0.831595	-0.555383	0	3948	3952
ChainingRodShaped	3955	2.52057	0.5	-5.59336	32.3284	0	-0.947168	-0.320737	0	None	None
ChainingRodShaped	3957	2.64912	0.5	8.96864	18.1282	0	-0.130107	-0.9915	0	None	None
ChainingRodShaped	3959	2.85087	0.5	-2.41262	51.1938	0	-0.91939	-0.393347	0	None	None
ChainingRodShaped	3961	2.68027	0.5	-34.9052	67.6299	0	0.819517	-0.573055	0	None	None
ChainingRodShaped	3963	2.62691	0.5	23.254	39.9006	0	0.391554	-0.920155	0	None	None
ChainingRodShaped	3965	2.95284	0.5	-23.8375	-4.01027	0	-0.959327	-0.282297	0	None	None
ChainingRodShaped	3967	2.52568	0.5	35.3031	26.8971	0	-0.844955	-0.534838	0	None	None
ChainingRodShaped	3969	2.71473	0.5	-43.9021	78.4856	0	0.0396682	-0.999213	0	None	None
ChainingRodShaped	3971	2.46356	0.5	-47.2701	64.5584	0	0.196242	-0.980556	0	None	None
ChainingRodShaped	3973	2.43055	0.5	-25.818	-14.4815	0	-0.636404	0.771356	0	2804	3972
ChainingRodShaped	3975	2.89248	0.5	1.28189	75.8782	0	-0.567924	-0.823081	0	None	None
ChainingRodShaped	3977	2.89295	0.5	5.13262	29.3729	0	-0.633218	-0.773973	0	None	None
ChainingRodShaped	3979	2.88777	0.5	-26.19	42.1188	0	0.381513	-0.924364	0	None	None
ChainingRodShaped	3981	2.32256	0.5	-29.9491	-3.71663	0	0.203933	0.978985	0	None	None
ChainingRodShaped	3983	2.36395	0.5	5.6764	93.5998	0	0.983315	-0.18191	0	None	None
ChainingRodShaped	3985	2.76932	0.5	-23.1487	10.5612	0	0.717203	-0.696865	0	None	None
ChainingRodShaped	3987	2.70554	0.5	-16.4651	43.0871	0	-0.973711	0.227789	0	None	None
ChainingRodShaped	3989	2.58053	0.5	-37.0076	58.9652	0	0.999729	0.0232952	0	None	None
ChainingRodShaped	3991	2.48148	0.5	37.4503	36.9493	0	-0.996219	-0.0868772	0	None	None
ChainingRodShaped	3993	2.53946	0.5	2.43825	64.6609	0	-0.903411	0.428776	0	None	None
ChainingRodShaped	3995	2.41939	0.5	9.04718	39.6885	0	-0.720085	-0.693886	0	None	None
ChainingRodShaped	3997	2.38377	0.5	-25.3928	11.4563	0	0.707998	-0.706215	0	None	None
ChainingRodShaped	3999	2.69313	0.5	12.7027	-2.10788	0	-0.928361	-0.371679	0	None	None
ChainingRodShaped	4001	2.7011	0.5	-25.1227	58.7477	0	0.0327148	-0.999465	0	None	None
ChainingRodShaped	4003	2.5139	0.5	11.2739	25.893	0	-0.0218069	0.999762	0	None	None
ChainingRodShaped	4005	2.32884	0.5	-3.92779	86.8378	0	0.967093	0.254422	0	None	None
ChainingRodShaped	4007	2.59131	0.5	-33.3934	25.4247	0	0.198173	-0.980167	0	None	None
ChainingRodShaped	4009	2.26139	0.5	13.49	94.8752	0	0.911725	-0.410802	0	4450	4008
ChainingRodShaped	4011	2.38555	0.5	18.7547	29.9248	0	-0.247258	-0.96895	0	None	None
ChainingRodShaped	4013	2.77723	0.5	-3.51873	48.6121	0	-0.330879	-0.943673	0	None	None
ChainingRodShaped	4015	2.30848	0.5	-6.28791	19.9588	0	-0.807453	-0.589931	0	None	None
ChainingRodShaped	4017	2.39146	0.5	23.0979	17.0468	0	-0.931076	-0.364826	0	None	None
ChainingRodShaped	4019	2.56475	0.5	-5.39	27.3521	0	-0.814063	-0.580776	0	None	None
ChainingRodShaped	4021	2.63101	0.5	-12.8164	59.4857	0	-0.74421	-0.667945	0	None	None
ChainingRodShaped	4023	2.51788	0.5	-36.2138	71.0252	0	0.784816	-0.619729	0	None	None
ChainingRodShaped	4025	2.49337	0.5	17.4966	73.6571	0	0.51187	-0.859063	0	None	None
ChainingRodShaped	4027	2.30755	0.5	11.6817	-0.0485879	0	0.768214	0.640193	0	None	None
ChainingRodShaped	4029	2.51014	0.5	-38.8201	30.6372	0	0.661036	-0.750354	0	None	None
ChainingRodShaped	4031	2.77716	0.5	-16.7453	77.6971	0	-0.815397	0.578902	0	None	None
ChainingRodShaped	4033	2.51271	0.5	-29.9238	87.8076	0	0.393892	-0.919157	0	None	None
ChainingRodShaped	4035	2.65554	0.5	17.6003	82.4783	0	-0.912018	0.410149	0	None	None
ChainingRodShaped	4037	2.70003	0.5	-50.0646	20.0238	0	0.30652	-0.951864	0	None	None
ChainingRodShaped	4039	2.40837	0.5	-115.282	19.9522	0	-0.0189831	-0.99982	0	2866	4038
ChainingRodShaped	4041	2.59656	0.5	-31.2061	88.2349	0	0.433157	-0.901319	0	None	None
ChainingRodShaped	4043	2.41063	0.5	-48.2312	69.2337	0	0.850494	-0.525985	0	None	None
ChainingRodShaped	4045	2.40381	0.5	-11.6509	49.1514	0	0.524316	-0.851524	0	None	None
ChainingRodShaped	4047	2.48479	0.5	-31.3529	29.0318	0	-0.637584	0.770381	0	None	None
ChainingRodShaped	4049	2.48123	0.5	21.3073	68.031	0	0.581236	-0.813735	0	None	None
ChainingRodShaped	4051	2.39713	0.5	-3.07714	21.2483	0	-0.791236	-0.611511	0	None	None
ChainingRodShaped	4053	2.42056	0.5	-11.9852	76.8544	0	-0.876316	0.481736	0	None	None
ChainingRodShaped	4055	2.704	0.5	17.4005	34.9193	0	-0.344009	-0.938966	0	None	None
ChainingRodShaped	4057	2.47407	0.5	-44.9236	92.626	0	0.962978	-0.269579	0	2984	4056
ChainingRodShaped	4059	2.55285	0.5	20.8375	36.386	0	-0.331498	-0.943456	0	None	None
ChainingRodShaped	4061	2.27933	0.5	9.47263	67.3221	0	-0.166408	-0.986057	0	None	None
ChainingRodShaped	4063	2.39801	0.5	3.81397	17.9557	0	-0.0563469	-0.998411	0	None	None
ChainingRodShaped	4065	2.51603	0.5	-53.7185	44.6371	0	-0.0991552	-0.995072	0	None	None
ChainingRodShaped	4067	2.60258	0.5	-28.76	43.3771	0	-0.0746111	-0.997213	0	None	None
ChainingRodShaped	4069	2.42339	0.5	39.5341	74.7242	0	0.82624	-0.563318	0	2182	4068
ChainingRodShaped	4071	2.51652	0.5	5.34508	73.8915	0	-0.101446	-0.994841	0	None	None
ChainingRodShaped	4073	2.76245	0.5	4.14996	61.9143	0	-0.902551	0.430583	0	None	None
ChainingRodShaped	4075	2.36286	0.5	23.4908	69.8548	0	-0.587319	0.809355	0	None	None
ChainingRodShaped	4077	2.50837	0.5	30.6895	49.2154	0	-0.00182145	-0.999998	0	None	None
ChainingRodShaped	4079	2.55882	0.5	-14.0084	28.631	0	-0.948332	-0.317281	0	None	None
ChainingRodShaped	4081	2.53844	0.5	28.5424	33.8383	0	0.785391	0.619	0	None	None
ChainingRodShaped	4083	2.40144	0.5	-40.9409	1.9546	0	-0.684376	0.729129	0	2189	4082
ChainingRodShaped	4085	2.3694	0.5	-43.0949	66.9649	0	0.634591	-0.772848	0	None	None
ChainingRodShaped	4087	2.55639	0.5	17.1652	16.8138	0	-0.948106	0.317956	0	None	None
ChainingRodShaped	4089	2.71699	0.5	-30.9508	76.653	0	0.516126	-0.856513	0	None	None
ChainingRodShaped	4091	2.35211	0.5	16.3493	59.6836	0	-0.687269	-0.726403	0	None	None
ChainingRodShaped	4093	2.46479	0.5	-29.194	29.1915	0	-0.623732	0.781638	0	None	None
ChainingRodShaped	4095	2.29837	0.5	7.8107	60.56	0	-0.872305	-0.488963	0	None	None
ChainingRodShaped	4097	2.27192	0.5	30.4696	55.9856	0	0.0817209	-0.996655	0	None	None
ChainingRodShaped	4099	2.71444	0.5	36.8391	39.3494	0	-0.88484	-0.465896	0	None	None
ChainingRodShaped	4101	2.33238	0.5	23.5276	25.9788	0	0.605741	0.795662	0	None	None
ChainingRodShaped	4103	2.66483	0.5	-16.7698	-6.31158	0	-0.978476	0.206361	0	None	None
ChainingRodShaped	4105	2.36224	0.5	-6.70637	84.5338	0	0.764944	-0.644097	0	None	None
ChainingRodShaped	4107	2.63534	0.5	-21.8704	77.1071	0	-0.431342	-0.902188	0	None	None
ChainingRodShaped	4109	2.68115	0.5	28.8052	50.0168	0	0.0119664	-0.999928	0	None	None
ChainingRodShaped	4111	2.61588	0.5	-22.468	68.0687	0	0.538372	-0.842707	0	None	None
ChainingRodShaped	4113	2.58662	0.5	8.14197	-3.77848	0	-0.996256	-0.0864542	0	None	None
ChainingRodShaped	4115	2.42187	0.5	7.65009	49.4057	0	-0.69244	-0.721475	0	None	None
ChainingRodShaped	4117	2.33084	0.5	14.947	21.2672	0	-0.283307	0.959029	0	None	None
ChainingRodShaped	4119	2.49739	0.5	0.391506	12.7943	0	-0.185952	-0.982559	0	None	None
ChainingRodShaped	4121	2.7284	0.5	-30.1891	42.6393	0	-0.396731	-0.917935	0	None	None
ChainingRodShaped	4123	2.33738	0.5	-59.6247	41.2479	0	-0.134974	0.990849	0	2153	4122
ChainingRodShaped	4125	2.31777	0.5	-39.4194	65.0521	0	-0.827013	0.562183	0	None	None
ChainingRodShaped	4127	2.52999	0.5	-17.4239	-5.16823	0	-0.979516	0.201366	0	None	None
ChainingRodShaped	4129	2.57745	0.5	34.3245	32.094	0	0.998969	0.0453899	0	None	None
ChainingRodShaped	4131	2.33044	0.5	0.880925	61.354	0	-0.982376	0.186916	0	None	None
ChainingRodShaped	4133	2.44907	0.5	73.1515	68.1479	0	0.99759	-0.0693808	0	2744	4132
ChainingRodShaped	4135	2.30455	0.5	-3.20649	35.8762	0	-0.956532	-0.291627	0	None	None
ChainingRodShaped	4137	2.25187	0.5	26.4703	69.509	0	-0.858241	0.513247	0	None	None
ChainingRodShaped	4139	2.39028	0.5	39.6676	36.6621	0	-0.593823	-0.804596	0	None	None
ChainingRodShaped	4141	2.4532	0.5	-23.6036	58.8735	0	-0.44552	-0.895272	0	None	None
ChainingRodShaped	4143	2.38349	0.5	1.88861	60.3876	0	-0.999134	-0.0416198	0	None	None
ChainingRodShaped	4145	2.28755	0.5	-33.4521	6.83845	0	0.998593	-0.0530206	0	None	None
ChainingRodShaped	4147	2.29689	0.5	-5.6963	73.76	0	-0.882414	0.470473	0	None	None
ChainingRodShaped	4149	2.46956	0.5	4.85586	23.7074	0	0.264486	-0.96439	0	None	None
ChainingRodShaped	4151	2.44645	0.5	-47.7998	71.2221	0	-0.839799	0.542897	0	None	None
ChainingRodShaped	4153	2.47958	0.5	13.8125	43.9238	0	0.407205	-0.913337	0	None	None
ChainingRodShaped	4155	2.4374	0.5	24.9196	-53.0387	0	-0.999813	0.0193446	0	2272	4154
ChainingRodShaped	4157	2.64838	0.5	-0.0511919	31.5155	0	-0.726893	-0.686751	0	None	None
ChainingRodShaped	4159	2.62713	0.5	-33.9073	0.998059	0	-0.674853	0.737952	0	None	None
ChainingRodShaped	4161	2.36054	0.5	-34.3923	75.1876	0	0.470699	-0.882294	0	None	None
ChainingRodShaped	4163	2.33973	0.5	-40.4921	26.9343	0	-0.987137	-0.159876	0	None	None
ChainingRodShaped	4165	2.25909	0.5	6.32147	45.6883	0	-0.806992	-0.590562	0	None	None
ChainingRodShaped	4167	2.36288	0.5	-22.2152	53.5341	0	-0.508994	-0.86077	0	None	None
ChainingRodShaped	4169	2.31858	0.5	-17.0402	76.7811	0	-0.82113	0.570741	0	None	None
ChainingRodShaped	4171	2.29444	0.5	-20.0611	25.6022	0	-0.914022	-0.405665	0	None	None
ChainingRodShaped	4173	2.4638	0.5	0.951225	42.721	0	0.995776	-0.0918211	0	None	None
ChainingRodShaped	4175	2.60087	0.5	-43.4536	14.7578	0	0.783685	-0.621158	0	None	None
ChainingRodShaped	4177	2.37589	0.5	27.8343	45.9575	0	0.351652	-0.936131	0	None	None
ChainingRodShaped	4179	2.37835	0.5	-9.569	65.1707	0	-0.430821	-0.902438	0	None	None
ChainingRodShaped	4181	2.49073	0.5	-41.0479	60.9168	0	0.999878	-0.0156151	0	None	None
ChainingRodShaped	4183	2.64975	0.5	-36.8942	12.7866	0	0.845306	-0.534282	0	None	None
ChainingRodShaped	4185	2.39478	0.5	2.16201	89.591	0	0.908996	0.416804	0	None	None
ChainingRodShaped	4187	2.18551	0.5	-28.8774	-26.8954	0	0.940261	-0.340456	0	4206	4186
ChainingRodShaped	4189	2.55993	0.5	6.51649	6.77062	0	0.463908	-0.885883	0	None	None
ChainingRodShaped	4191	2.33689	0.5	-16.5318	78.6795	0	-0.810131	0.586248	0	None	None
ChainingRodShaped	4193	2.40346	0.5	-30.2666	23.8849	0	0.225866	-0.974158	0	None	None
ChainingRodShaped	4195	2.36454	0.5	30.079	68.3759	0	-0.792794	0.609489	0	None	None
ChainingRodShaped	4197	2.52458	0.5	-27.2385	55.7328	0	-0.524391	-0.851477	0	None	None
ChainingRodShaped	4199	2.41198	0.5	-8.88411	84.4414	0	0.370111	-0.928988	0	None	None
ChainingRodShaped	4201	2.42266	0.5	-17.5743	15.2298	0	-0.704245	0.709957	0	None	None
ChainingRodShaped	4203	2.38438	0.5	63.8944	128.317	0	-0.780262	-0.625453	0	1686	4202
ChainingRodShaped	4205	2.25872	0.5	3.25747	25.0014	0	-0.754055	-0.656811	0	None	None
ChainingRodShaped	4207	2.3071	0.5	-34.9916	-25.3487	0	0.988271	-0.152709	0	1722	4206
ChainingRodShaped	4209	2.26731	0.5	30.5503	82.1433	0	0.733323	-0.67988	0	3576	4208
ChainingRodShaped	4211	2.24827	0.5	-49.7362	-105.886	0	-0.981224	-0.192872	0	2730	4210
ChainingRodShaped	4213	2.51623	0.5	5.8365	86.4645	0	0.287657	-0.957733	0	None	None
ChainingRodShaped	4215	2.375	0.5	-16.9382	2.69171	0	-0.685377	-0.728189	0	None	None
ChainingRodShaped	4217	2.37567	0.5	-23.3609	45.8729	0	-0.997154	0.0753918	0	None	None
ChainingRodShaped	4219	2.44551	0.5	8.30329	80.1857	0	-0.482893	-0.875679	0	None	None
ChainingRodShaped	4221	2.55054	0.5	-27.1839	37.4645	0	0.355474	-0.934686	0	None	None
ChainingRodShaped	4223	2.52809	0.5	22.4241	35.2973	0	-0.320316	-0.947311	0	None	None
ChainingRodShaped	4225	2.46814	0.5	7.89039	30.6271	0	-0.136459	-0.990646	0	None	None
ChainingRodShaped	4227	2.27652	0.5	16.4365	9.47811	0	0.625888	-0.779913	0	None	None
ChainingRodShaped	4229	2.51624	0.5	-21.5222	7.16646	0	-0.999403	0.0345421	0	None	None
ChainingRodShaped	4231	2.31672	0.5	-28.7213	81.0422	0	-0.928266	-0.371918	0	None	None
ChainingRodShaped	4233	2.48702	0.5	-10.7938	4.09028	0	-0.994075	-0.108697	0	None	None
ChainingRodShaped	4235	2.39365	0.5	-19.8089	46.3972	0	-0.985653	0.168784	0	None	None
ChainingRodShaped	4237	2.23525	0.5	-25.1378	88.177	0	-0.947899	0.318572	0	None	None
ChainingRodShaped	4239	2.18985	0.5	2.70094	75.3209	0	-0.0995624	-0.995031	0	None	None
ChainingRodShaped	4241	2.19056	0.5	-40.2022	46.9615	0	-0.987513	0.157537	0	None	None
ChainingRodShaped	4243	2.25153	0.5	-34.1871	79.7526	0	0.303128	-0.95295	0	None	None
ChainingRodShaped	4245	2.35455	0.5	-22.2589	36.3436	0	-0.306534	-0.95186	0	None	None
ChainingRodShaped	4247	2.37375	0.5	16.4653	16.0201	0	-0.951234	0.30847	0	None	None
ChainingRodShaped	4249	2.3227	0.5	-38.7733	51.0208	0	-0.884972	-0.465645	0	None	None
ChainingRodShaped	4251	2.2123	0.5	-48.1451	63.9431	0	0.198161	-0.980169	0	None	None
ChainingRodShaped	4253	2.42934	0.5	-33.3595	42.8332	0	0.685994	-0.727607	0	None	None
ChainingRodShaped	4255	2.38163	0.5	-9.90977	29.0305	0	-0.951383	-0.308009	0	None	None
ChainingRodShaped	4257	2.42783	0.5	29.1871	63.183	0	0.713387	-0.700771	0	None	None
ChainingRodShaped	4259	2.478	0.5	15.1825	85.4398	0	0.958673	-0.284511	0	None	None
ChainingRodShaped	4261	2.35118	0.5	-49.0344	34.6059	0	0.613	-0.790083	0	None	None
ChainingRodShaped	4263	2.1098	0.5	-25.0011	149.07	0	-0.991715	-0.128457	0	1702	4262
ChainingRodShaped	4265	2.15686	0.5	4.0067	29.3127	0	-0.669386	-0.742915	0	None	None
ChainingRodShaped	4267	2.22714	0.5	-14.8458	40.8064	0	-0.970437	0.241356	0	None	None
ChainingRodShaped	4269	2.16896	0.5	-25.4367	17.9364	0	0.707606	-0.706608	0	None	None
ChainingRodShaped	4271	2.12468	0.5	-111.086	46.359	0	-0.3085	-0.951224	0	4430	4270
ChainingRodShaped	4273	2.19729	0.5	-21.508	2.70359	0	-0.663101	-0.74853	0	None	None
ChainingRodShaped	4275	2.1101	0.5	-4.95992	-57.8765	0	0.13689	-0.990586	0	2093	4274
ChainingRodShaped	4277	2.18853	0.5	-7.27626	97.5916	0	0.994158	0.107936	0	2354	4276
ChainingRodShaped	4279	2.25301	0.5	-26.9065	52.7733	0	-0.488727	-0.872437	0	None	None
ChainingRodShaped	4281	2.18337	0.5	-25.8267	92.5886	0	-0.840339	-0.542061	0	None	None
ChainingRodShaped	4283	2.23189	0.5	-16.6846	20.3265	0	-0.62667	-0.779285	0	None	None
ChainingRodShaped	4285	2.3323	0.5	21.1555	64.7531	0	0.475476	-0.879729	0	None	None
ChainingRodShaped	4287	2.21612	0.5	23.0032	10.6761	0	-0.88007	-0.474845	0	None	None
ChainingRodShaped	4289	2.35344	0.5	12.8814	35.7192	0	-0.752183	-0.658955	0	None	None
ChainingRodShaped	4291	2.38752	0.5	7.24708	11.4224	0	0.309824	-0.950794	0	None	None
ChainingRodShaped	4293	2.41753	0.5	-33.3761	69.0142	0	0.904346	-0.4268	0	None	None
ChainingRodShaped	4295	2.25888	0.5	-16.6139	21.8406	0	-0.649004	-0.760785	0	None	None
ChainingRodShaped	4297	2.23732	0.5	0.573849	67.5756	0	-0.902771	0.430122	0	None	None
ChainingRodShaped	4299	2.38841	0.5	-4.74568	63.342	0	-0.495429	0.868649	0	None	None
ChainingRodShaped	4301	2.24698	0.5	-16.6273	6.93425	0	-0.965113	0.261833	0	None	None
ChainingRodShaped	4303	2.29073	0.5	0.395239	19.3026	0	-0.807081	-0.590441	0	None	None
ChainingRodShaped	4305	2.35819	0.5	-47.2189	53.27	0	-0.99543	-0.0954975	0	None	None
ChainingRodShaped	4307	2.27095	0.5	-15.8681	46.3014	0	0.437122	-0.899402	0	None	None
ChainingRodShaped	4309	2.23606	0.5	-13.4492	-37.9839	0	0.634709	-0.772751	0	2333	4308
ChainingRodShaped	4311	2.16689	0.5	-54.1322	60.0745	0	-0.919005	-0.394246	0	None	None
ChainingRodShaped	4313	2.30929	0.5	25.7362	38.8022	0	0.400442	-0.916322	0	None	None
ChainingRodShaped	4315	2.29962	0.5	36.8728	59.7262	0	-0.730438	0.682979	0	None	None
ChainingRodShaped	4317	2.30919	0.5	-17.1283	16.0596	0	0.697111	-0.716963	0	None	None
ChainingRodShaped	4319	2.15146	0.5	0.249742	45.9915	0	-0.338069	-0.941121	0	None	None
ChainingRodShaped	4321	2.36571	0.5	-38.4806	72.3838	0	0.37419	-0.927352	0	None	None
ChainingRodShaped	4323	2.17992	0.5	-52.1805	62.1641	0	0.802443	-0.596728	0	None	None
ChainingRodShaped	4325	2.18458	0.5	-31.7063	35.1444	0	-0.712478	0.701694	0	None	None
ChainingRodShaped	4327	2.30197	0.5	-15.1496	46.7664	0	0.451919	-0.892059	0	None	None
ChainingRodShaped	4329	2.35995	0.5	1.22804	81.6244	0	0.0194949	-0.99981	0	None	None
ChainingRodShaped	4331	2.27433	0.5	-40.5736	75.0549	0	0.375829	-0.926689	0	None	None
ChainingRodShaped	4333	2.24327	0.5	-43.2895	35.3675	0	0.68379	-0.729679	0	None	None
ChainingRodShaped	4335	2.3088	0.5	-40.9349	78.1894	0	0.00679631	-0.999977	0	None	None
ChainingRodShaped	4337	2.28341	0.5	-15.3471	92.3835	0	0.864093	-0.503333	0	None	None
ChainingRodShaped	4339	2.33014	0.5	14.167	20.6526	0	-0.287404	0.95781	0	None	None
ChainingRodShaped	4341	2.20082	0.5	-6.31333	28.9451	0	-0.817368	-0.576116	0	None	None
ChainingRodShaped	4343	2.31073	0.5	13.2986	78.8484	0	0.0645287	-0.997916	0	None	None
ChainingRodShaped	4345	2.21166	0.5	-6.6041	60.9433	0	-0.467359	-0.884068	0	None	None
ChainingRodShaped	4347	2.2104	0.5	-44.4785	57.1072	0	-0.999607	-0.0280359	0	None	None
ChainingRodShaped	4349	2.11841	0.5	34.004	56.1523	0	0.359047	-0.933319	0	None	None
ChainingRodShaped	4351	2.16324	0.5	30.2542	28.503	0	0.936399	0.350936	0	None	None
ChainingRodShaped	4353	2.24218	0.5	2.37681	1.08214	0	-0.331079	-0.943603	0	None	None
ChainingRodShaped	4355	2.25362	0.5	21.6061	72.4921	0	-0.560866	0.827906	0	None	None
ChainingRodShaped	4357	2.20668	0.5	-26.3517	9.11727	0	0.195253	-0.980753	0	None	None
ChainingRodShaped	4359	2.14363	0.5	8.35283	76.2913	0	-0.111336	-0.993783	0	None	None
ChainingRodShaped	4361	2.28501	0.5	-44.2663	12.2676	0	0.432894	-0.901445	0	None	None
ChainingRodShaped	4363	2.12146	0.5	-89.9089	71.4067	0	-0.960605	-0.277919	0	2756	4362
ChainingRodShaped	4365	2.23054	0.5	-31.0019	91.2782	0	0.934828	-0.355101	0	None	None
ChainingRodShaped	4367	2.23221	0.5	-19.3894	50.7296	0	0.867209	-0.497944	0	None	None
ChainingRodShaped	4369	2.25271	0.5	0.907184	87.8946	0	0.889045	0.457819	0	None	None
ChainingRodShaped	4371	2.17977	0.5	-11.4527	54.0712	0	0.477368	-0.878703	0	None	None
ChainingRodShaped	4373	2.10244	0.5	-115.639	-133.868	0	-0.797549	-0.603255	0	2186	4372
ChainingRodShaped	4375	2.16753	0.5	12.3755	11.8553	0	0.627528	-0.778594	0	None	None
ChainingRodShaped	4377	2.14433	0.5	14.4713	90.3957	0	-0.574496	0.818507	0	None	None
ChainingRodShaped	4379	2.12635	0.5	-24.4166	55.1644	0	-0.515746	-0.856742	0	None	None
ChainingRodShaped	4381	2.22904	0.5	-25.9444	-1.89533	0	-0.761581	-0.64807	0	None	None
ChainingRodShaped	4383	2.25654	0.5	31.197	60.5785	0	0.411689	-0.911324	0	None	None
ChainingRodShaped	4385	2.1904	0.5	-28.756	65.0418	0	0.246325	-0.969187	0	None	None
ChainingRodShaped	4387	2.24434	0.5	-34.9661	20.5272	0	-0.113751	-0.993509	0	None	None
ChainingRodShaped	4389	2.1818	0.5	20.5399	77.6143	0	-0.452788	0.891618	0	None	None
ChainingRodShaped	4391	2.17081	0.5	29.2397	70.1188	0	-0.853266	0.521476	0	None	None
ChainingRodShaped	4393	2.11056	0.5	-13.7589	55.1783	0	0.0140479	-0.999901	0	None	None
ChainingRodShaped	4395	2.24586	0.5	-28.7418	56.7748	0	-0.507363	-0.861732	0	None	None
ChainingRodShaped	4397	2.20282	0.5	29.2426	19.3308	0	-0.64777	-0.761836	0	None	None
ChainingRodShaped	4399	2.1097	0.5	-12.2884	94.661	0	0.998888	0.0471515	0	None	None
ChainingRodShaped	4401	2.1664	0.5	90.1609	-6.69406	0	-0.649392	-0.760454	0	3512	4400
ChainingRodShaped	4403	2.12656	0.5	-69.2421	-27.2891	0	0.996715	0.0809907	0	2682	4402
ChainingRodShaped	4405	2.25204	0.5	-28.3477	21.199	0	0.95307	-0.30275	0	None	None
ChainingRodShaped	4407	2.09835	0.5	-39.9387	45.7903	0	-0.956193	0.292738	0	None	None
ChainingRodShaped	4409	2.2333	0.5	-32.6272	4.86446	0	0.998579	-0.0532888	0	None	None
ChainingRodShaped	4411	2.23981	0.5	-11.5338	88.8168	0	0.930384	0.366587	0	None	None
ChainingRodShaped	4413	2.09364	0.5	11.2686	44.6118	0	0.562647	-0.826697	0	None	None
ChainingRodShaped	4415	2.14541	0.5	15.0041	62.6069	0	-0.535259	-0.844688	0	None	None
ChainingRodShaped	4417	2.1514	0.5	8.86592	31.0203	0	-0.136929	-0.990581	0	None	None
ChainingRodShaped	4419	2.08263	0.5	-40.3925	21.3427	0	-0.674621	0.738165	0	None	None
ChainingRodShaped	4421	2.20505	0.5	-37.9516	31.0456	0	0.668505	-0.743707	0	None	None
ChainingRodShaped	4423	2.09365	0.5	11.1817	90.0101	0	0.472772	-0.881185	0	None	None
ChainingRodShaped	4425	2.11838	0.5	25.9078	34.1572	0	-0.298075	-0.954542	0	None	None
ChainingRodShaped	4427	2.20845	0.5	-31.9767	27.5669	0	0.217726	-0.97601	0	None	None
ChainingRodShaped	4429	2.14667	0.5	-11.1871	75.3476	0	-0.883318	0.468773	0	None	None
ChainingRodShaped	4431	2.1471	0.5	-108.828	52.058	0	-0.429454	-0.903089	0	2626	4430
ChainingRodShaped	4433	2.16284	0.5	-39.66	86.0338	0	0.845293	-0.534303	0	None	None
ChainingRodShaped	4435	2.14101	0.5	1.05974	16.0292	0	-0.16929	-0.985566	0	None	None
ChainingRodShaped	4437	2.1553	0.5	-16.7392	7.94133	0	0.964205	-0.265159	0	None	None
ChainingRodShaped	4439	2.1142	0.5	-42.3682	58.0851	0	0.999895	-0.0145073	0	None	None
ChainingRodShaped	4441	2.08964	0.5	21.1618	6.29038	0	-0.903313	-0.428981	0	None	None
ChainingRodShaped	4443	2.20062	0.5	24.2915	73.5911	0	-0.588627	0.808404	0	None	None
ChainingRodShaped	4445	2.19274	0.5	-38.7092	66.8727	0	0.8156	-0.578617	0	None	None
ChainingRodShaped	4447	2.14611	0.5	-21.6663	30.8588	0	-0.0249892	-0.999688	0	None	None
ChainingRodShaped	4449	2.156	0.5	18.3716	23.1597	0	0.180509	-0.983573	0	None	None
ChainingRodShaped	4451	2.04843	0.5	7.75712	96.8094	0	0.975118	-0.221685	0	2289	4450
ChainingRodShaped	4453	2.16046	0.5	11.6903	48.2102	0	0.700757	-0.7134	0	None	None
ChainingRodShaped	4455	2.11162	0.5	-29.0786	30.5195	0	-0.617983	0.786192	0	None	None
ChainingRodShaped	4457	2.0897	0.5	107.45	214.548	0	-0.566779	-0.82387	0	3678	4456
ChainingRodShaped	4459	2.1574	0.5	-15.1934	83.4078	0	-0.820447	0.571723	0	None	None
ChainingRodShaped	4461	2.09599	0.5	7.40517	80.4788	0	-0.4916	-0.870821	0	None	None
ChainingRodShaped	4463	2.15575	0.5	12.6081	39.2136	0	-0.739202	-0.673483	0	None	None
ChainingRodShaped	4465	2.15966	0.5	-15.7516	62.9361	0	-0.715384	-0.698731	0	None	None
ChainingRodShaped	4467	2.09748	0.5	21.7672	17.5598	0	0.928771	0.370653	0	None	None
ChainingRodShaped	4469	2.12064	0.5	-8.09327	58.0936	0	-0.94141	-0.337265	0	None	None
ChainingRodShaped	4471	2.09283	0.5	-31.0419	147.802	0	-0.959977	-0.280078	0	4262	4470
ChainingRodShaped	4473	2.13122	0.5	-26.6327	24.1057	0	-0.580667	0.814141	0	None	None
ChainingRodShaped	4475	2.06076	0.5	2.56382	36.3361	0	-0.980793	-0.195054	0	None	None
ChainingRodShaped	4477	2.06918	0.5	11.461	69.9315	0	0.0151849	-0.999885	0	None	None
ChainingRodShaped	4479	2.06811	0.5	-10.7268	64.767	0	-0.444715	-0.895672	0	None	None
ChainingRodShaped	4481	2.07278	0.5	-50.463	63.7468	0	0.560813	-0.827943	0	None	None
ChainingRodShaped	4483	2.09552	0.5	5.26953	25.4212	0	0.338943	-0.940807	0	None	None
ChainingRodShaped	4485	2.13303	0.5	-12.4959	42.0705	0	-0.332697	-0.943034	0	None	None
ChainingRodShaped	4487	2.14847	0.5	-0.565157	80.8775	0	0.0332673	-0.999446	0	None	None
ChainingRodShaped	4489	2.12789	0.5	-50.0653	37.3804	0	0.656252	-0.754542	0	None	None
ChainingRodShaped	4491	2.10622	0.5	4.73418	34.8284	0	-0.763449	-0.645868	0	None	None
ChainingRodShaped	4493	2.05378	0.5	-11.0939	4.95998	0	-0.995116	-0.0987113	0	None	None
ChainingRodShaped	4495	2.10466	0.5	2.44785	55.223	0	-0.747975	-0.663727	0	None	None
ChainingRodShaped	4497	2.10801	0.5	-10.791	23.3972	0	-0.800197	-0.599737	0	None	None
ChainingRodShaped	4499	2.10634	0.5	-8.908	23.6449	0	-0.798196	-0.602397	0	None	None
ChainingRodShaped	4501	2.06177	0.5	24.5221	66.3805	0	0.500813	-0.865555	0	None	None
ChainingRodShaped	4503	2.10186	0.5	-50.3374	26.8858	0	-0.958334	0.285649	0	None	None
ChainingRodShaped	4505	2.10412	0.5	-31.7991	39.9385	0	-0.715944	0.698158	0	None	None
ChainingRodShaped	4507	2.12	0.5	-26.9913	71.4318	0	0.758448	-0.651733	0	None	None
ChainingRodShaped	4509	2.05864	0.5	11.7602	57.7418	0	-0.720366	-0.693594	0	None	None
ChainingRodShaped	4511	2.09708	0.5	-14.0855	60.7568	0	-0.747516	-0.664243	0	None	None
ChainingRodShaped	4513	2.08837	0.5	19.5231	77.5631	0	-0.443841	0.896105	0	None	None
ChainingRodShaped	4515	2.07561	0.5	-6.47852	17.4578	0	0.99963	-0.0271963	0	None	None
ChainingRodShaped	4517	2.09645	0.5	4.14324	33.0334	0	-0.725515	-0.688206	0	None	None
ChainingRodShaped	4519	2.04337	0.5	10.1301	65.5942	0	-0.21137	-0.977406	0	None	None
ChainingRodShaped	4521	2.0982	0.5	0.234778	56.8302	0	-0.759676	-0.650302	0	None	None
ChainingRodShaped	4523	2.09818	0.5	7.0999	54.0885	0	-0.857739	-0.514085	0	None	None
ChainingRodShaped	4525	2.04624	0.5	15.6298	65.6681	0	-0.952394	-0.30487	0	None	None
ChainingRodShaped	4527	2.0395	0.5	-37.6102	10.674	0	0.931281	-0.364302	0	None	None
ChainingRodShaped	4529	2.07138	0.5	-37.3403	47.7209	0	0.185963	-0.982557	0	None	None
ChainingRodShaped	4531	2.02592	0.5	-36.6958	145.687	0	-0.907904	-0.419178	0	4470	4530
ChainingRodShaped	4533	2.05596	0.5	-6.66206	16.5385	0	0.999812	-0.0193698	0	None	None
ChainingRodShaped	4535	2.08223	0.5	10.1104	11.498	0	0.250656	-0.968076	0	None	None
ChainingRodShaped	4537	2.03469	0.5	-6.62172	42.807	0	-0.361273	-0.93246	0	None	None
ChainingRodShaped	4539	2.07981	0.5	1.25825	21.1387	0	-0.780523	-0.625127	0	None	None
ChainingRodShaped	4541	2.03375	0.5	7.11863	14.8492	0	0.317784	-0.948163	0	None	None
ChainingRodShaped	4543	2.04293	0.5	-5.77051	72.7297	0	-0.877665	0.479275	0	None	None
ChainingRodShaped	4545	2.06349	0.5	9.87932	73.411	0	-0.130574	-0.991439	0	None	None
ChainingRodShaped	4547	2.06249	0.5	-27.536	3.91881	0	-0.882658	-0.470015	0	None	None
ChainingRodShaped	4549	2.0598	0.5	-20.3833	76.3003	0	0.407465	-0.913221	0	None	None
ChainingRodShaped	4551	2.03144	0.5	-11.2937	26.3373	0	-0.784206	-0.620501	0	None	None
ChainingRodShaped	4553	2.05214	0.5	27.8222	61.3266	0	0.385014	-0.922911	0	None	None
ChainingRodShaped	4555	2.04715	0.5	13.0097	21.2925	0	-0.253389	0.967364	0	None	None
ChainingRodShaped	4557	2.04214	0.5	-2.08907	76.0796	0	-0.450533	-0.89276	0	None	None
ChainingRodShaped	4559	2.025	0.5	-24.3625	42.4125	0	0.362963	-0.931803	0	None	None
ChainingRodShaped	4561	2.03055	0.5	52.1965	69.3934	0	0.97954	-0.201252	0	3594	4560
ChainingRodShaped	4563	2.02556	0.5	-25.3208	42.3739	0	0.372203	-0.928151	0	None	None
ChainingRodShaped	4565	2.02892	0.5	-13.6938	86.3783	0	0.374552	-0.927206	0	None	None
ChainingRodShaped	4567	2.0217	0.5	-4.62702	0.634847	0	-0.231371	-0.972865	0	None	None
ChainingRodShaped	4569	2.02589	0.5	-30.5246	10.3344	0	0.713592	0.700562	0	None	None
ChainingRodShaped	4571	2.01617	0.5	-14.8348	-5.77613	0	-0.517164	0.855886	0	None	None
ChainingRodShaped	4573	2.02719	0.5	-48.1721	70.3229	0	0.845191	-0.534464	0	None	None
ChainingRodShaped	4575	2.02111	0.5	-23.1863	20.9808	0	0.978962	0.20404	0	None	None
ChainingRodShaped	4577	2.03012	0.5	39.0634	51.1579	0	-0.613424	-0.789754	0	None	None
ChainingRodShaped	4579	2.02095	0.5	-10.3952	8.97035	0	0.63102	-0.775766	0	None	None
ChainingRodShaped	4581	2.01656	0.5	5.54606	13.7844	0	0.322911	-0.946429	0	None	None
ChainingRodShaped	4583	2.01597	0.5	36.8258	50.4527	0	0.38349	0.923545	0	None	None
ChainingRodShaped	4585	2.01573	0.5	-36.6322	80.9127	0	0.336157	-0.941806	0	None	None
ChainingRodShaped	4587	2.01052	0.5	5.61218	91.6258	0	0.986297	-0.164981	0	None	None
ChainingRodShaped	4589	2.00587	0.5	10.577	71.4378	0	-0.0700443	-0.997544	0	None	None
ChainingRodShaped	4591	2.00409	0.5	-2.79541	-8.12469	0	-0.915085	0.40326	0	None	None
ChainingRodShaped	4593	2.00157	0.5	-38.3332	86.3528	0	-0.837944	0.545756	0	None	None
