cell_type	cell_id	length	radius	pos_x	pos_y	pos_z	ori_x	ori_y	ori_z	lower_link	upper_link
ChainingRodShaped	1628	3.47178	0.5	-2.49411	3.93646	0	-0.997576	0.0695843	0	None	None
ChainingRodShaped	1150	3.89874	0.5	-200.492	-19.8252	0	-0.909382	0.415961	0	1151	None
ChainingRodShaped	614	4.70318	0.5	44.8564	79.2159	0	0.222784	0.974868	0	2182	1995
ChainingRodShaped	1818	4.19171	0.5	5.07982	17.3653	0	-0.971183	-0.238333	0	None	None
ChainingRodShaped	1012	4.49327	0.5	9.78929	6.59601	0	-0.670102	-0.742269	0	None	None
ChainingRodShaped	2034	2.98698	0.5	57.3286	24.9431	0	0.135253	-0.990811	0	2035	1141
ChainingRodShaped	2172	2.62377	0.5	2.51224	3.10816	0	0.460557	-0.88763	0	None	None
ChainingRodShaped	1852	2.85773	0.5	4.77922	30.9358	0	0.0615748	-0.998102	0	None	None
ChainingRodShaped	826	4.79246	0.5	-28.2726	30.3677	0	0.999936	-0.0113126	0	None	None
ChainingRodShaped	1712	3.43916	0.5	-93.4282	-7.09083	0	0.599155	-0.800633	0	1713	1967
ChainingRodShaped	1666	4.14666	0.5	-2.24197	56.8305	0	0.790116	-0.612957	0	None	None
ChainingRodShaped	1862	3.14478	0.5	118.005	102.477	0	0.108862	-0.994057	0	1863	2331
ChainingRodShaped	1034	4.24033	0.5	-59.7517	21.4088	0	-0.771981	0.635645	0	None	None
ChainingRodShaped	1064	4.45869	0.5	0.787584	24.3625	0	0.80663	-0.591056	0	None	None
ChainingRodShaped	1414	3.34958	0.5	-1.53564	63.4237	0	0.999529	-0.0306892	0	1415	1015
ChainingRodShaped	1578	3.35049	0.5	3.44521	17.9614	0	-0.970126	-0.242603	0	None	None
ChainingRodShaped	2162	2.61409	0.5	-0.914953	54.4139	0	0.893405	-0.449253	0	None	None
ChainingRodShaped	2240	2.41528	0.5	-83.2172	41.6453	0	-0.898619	0.438729	0	2241	1385
ChainingRodShaped	2298	2.15568	0.5	-28.382	47.3969	0	0.54764	-0.836714	0	None	None
ChainingRodShaped	1752	3.37867	0.5	-15.071	10.0236	0	0.995969	0.0896998	0	None	None
ChainingRodShaped	1636	3.55345	0.5	-26.5929	29.4575	0	0.999999	-0.00129921	0	None	None
ChainingRodShaped	1858	3.06646	0.5	-19.4612	37.6653	0	0.926055	-0.377389	0	None	None
ChainingRodShaped	1860	3.12903	0.5	-5.23105	23.2724	0	0.321772	0.946817	0	None	None
ChainingRodShaped	1652	3.85607	0.5	-10.6466	16.0248	0	-0.999439	-0.0334905	0	None	None
ChainingRodShaped	1734	3.08391	0.5	75.21	12.9495	0	-0.968117	0.2505	0	1735	1585
ChainingRodShaped	1770	3.30544	0.5	-35.6692	30.2583	0	0.891808	-0.452415	0	None	None
ChainingRodShaped	1642	3.34707	0.5	-135.592	-53.8531	0	-0.882672	0.46999	0	1643	937
ChainingRodShaped	722	4.76593	0.5	-13.5262	133.043	0	-0.834742	-0.550641	0	1486	1057
ChainingRodShaped	1510	4.14986	0.5	-28.1543	33.8575	0	0.574054	0.818818	0	None	None
ChainingRodShaped	1334	3.49517	0.5	-25.7207	48.226	0	-0.0384863	-0.999259	0	None	None
ChainingRodShaped	1754	3.38797	0.5	130.919	143.422	0	-0.569871	-0.821734	0	1755	1155
ChainingRodShaped	2236	2.42714	0.5	-5.21269	5.21057	0	0.988679	-0.150048	0	None	None
ChainingRodShaped	1940	3.37968	0.5	-8.37358	15.1446	0	-0.999717	-0.0237943	0	1941	2179
ChainingRodShaped	2048	2.70257	0.5	-3.58892	35.7722	0	0.121514	-0.99259	0	None	None
ChainingRodShaped	2074	2.7154	0.5	-23.3504	37.6375	0	0.958941	-0.283604	0	None	None
ChainingRodShaped	1620	3.51237	0.5	-31.1074	15.9146	0	-0.997238	-0.0742711	0	None	None
ChainingRodShaped	1892	3.90183	0.5	-58.9777	22.0248	0	-0.766095	0.642727	0	None	None
ChainingRodShaped	1654	3.27168	0.5	-47.0302	14.8487	0	-0.978157	0.207868	0	None	None
ChainingRodShaped	2342	2.09399	0.5	-18.4858	27.3932	0	0.899306	0.43732	0	None	None
ChainingRodShaped	1234	3.84778	0.5	-59.8468	48.8143	0	-0.921855	0.387536	0	None	None
ChainingRodShaped	1746	3.34505	0.5	-37.9017	25.2057	0	0.902718	-0.430233	0	None	None
ChainingRodShaped	2040	2.89093	0.5	-46.5068	25.1945	0	0.979743	-0.20026	0	None	None
ChainingRodShaped	1618	4.66163	0.5	-0.242581	52.7027	0	0.974469	0.224521	0	None	None
ChainingRodShaped	2364	2.03607	0.5	47.7652	51.3535	0	-0.403437	0.915007	0	2365	1581
ChainingRodShaped	1550	4.67468	0.5	-7.37326	32.9963	0	0.978877	-0.204448	0	None	None
ChainingRodShaped	1660	3.01044	0.5	-45.5667	47.753	0	0.265301	-0.964166	0	None	None
ChainingRodShaped	1516	3.42456	0.5	0.913595	22.252	0	0.996183	-0.087292	0	None	None
ChainingRodShaped	1656	3.87735	0.5	42.9052	55.276	0	0.67825	-0.734831	0	1657	1857
ChainingRodShaped	1692	4.3211	0.5	-43.0122	31.3002	0	0.93591	-0.352239	0	None	None
ChainingRodShaped	1786	3.47025	0.5	-32.084	76.2216	0	0.603366	-0.797464	0	1787	2243
ChainingRodShaped	1494	4.95567	0.5	-28.0717	48.6295	0	0.539244	-0.842149	0	None	None
ChainingRodShaped	1936	3.1136	0.5	125.288	39.904	0	-0.427237	-0.90414	0	1937	2067
ChainingRodShaped	1420	3.2935	0.5	-27.7923	9.28284	0	0.872409	-0.488776	0	None	None
ChainingRodShaped	1518	4.44753	0.5	-87.2935	-46.7592	0	-0.508031	-0.861339	0	1519	839
ChainingRodShaped	2372	2.01804	0.5	-12.1908	0.98884	0	0.785556	0.618791	0	None	None
ChainingRodShaped	2308	2.12836	0.5	-108.732	34.2861	0	-0.43563	-0.900126	0	2309	1943
ChainingRodShaped	1096	4.58961	0.5	34.7855	135.588	0	-0.847657	0.530545	0	1944	1521
ChainingRodShaped	2098	2.43871	0.5	-38.7634	12.8508	0	-0.999558	0.0297264	0	2099	1797
ChainingRodShaped	1416	3.64326	0.5	-59.9537	49.932	0	-0.92192	0.387381	0	None	None
ChainingRodShaped	1764	3.13485	0.5	21.6823	5.21565	0	0.861634	-0.50753	0	None	None
ChainingRodShaped	926	4.75553	0.5	-165.476	-36.7769	0	-0.880422	0.474191	0	1866	1323
ChainingRodShaped	2228	2.3614	0.5	38.0393	0.153573	0	-0.999856	0.01699	0	2229	2207
ChainingRodShaped	1884	3.85069	0.5	-27.7969	15.2662	0	-0.994931	-0.100561	0	None	None
ChainingRodShaped	1716	3.49547	0.5	-39.0941	33.8998	0	0.727274	-0.686347	0	None	None
ChainingRodShaped	1552	3.7641	0.5	-45.2151	36.0552	0	0.948166	-0.317775	0	None	None
ChainingRodShaped	1678	3.99569	0.5	-32.0475	45.6289	0	0.999459	-0.0328976	0	None	None
ChainingRodShaped	1446	3.90213	0.5	-65.3314	27.6259	0	-0.941007	0.338388	0	None	None
ChainingRodShaped	1380	3.72734	0.5	-19.062	56.0571	0	0.527799	0.849369	0	None	None
ChainingRodShaped	2008	3.25101	0.5	-31.4607	22.0931	0	0.865625	0.500692	0	None	None
ChainingRodShaped	2356	2.1005	0.5	-15.8173	52.3471	0	0.589957	0.807435	0	None	None
ChainingRodShaped	1650	3.68179	0.5	-26.1691	34.8166	0	0.0490062	0.998798	0	None	None
ChainingRodShaped	1368	3.49805	0.5	1.52534	27.4144	0	0.788195	-0.615426	0	None	None
ChainingRodShaped	2180	2.33154	0.5	-41.9924	25.0662	0	0.999986	0.0053788	0	None	None
ChainingRodShaped	1502	4.66415	0.5	53.5569	39.0482	0	-0.401977	0.91565	0	1503	2225
ChainingRodShaped	1352	4.91051	0.5	-15.353	60.9233	0	-0.526147	0.850394	0	None	None
ChainingRodShaped	1270	4.66209	0.5	120.182	123.167	0	-0.323707	-0.946157	0	1271	1997
ChainingRodShaped	1206	3.76377	0.5	-45.3142	15.4751	0	-0.986203	0.165542	0	None	None
ChainingRodShaped	1608	4.36497	0.5	-47.7765	48.4508	0	0.0978263	-0.995204	0	None	None
ChainingRodShaped	1256	4.7841	0.5	-56.3663	15.5107	0	-0.861921	0.507043	0	None	None
ChainingRodShaped	1386	4.80321	0.5	2.28249	28.0372	0	0.788792	-0.61466	0	None	None
ChainingRodShaped	1254	4.04429	0.5	-34.8026	20.4523	0	0.998553	-0.0537791	0	None	None
ChainingRodShaped	1396	3.99561	0.5	-17.7769	59.583	0	0.990727	0.135869	0	None	None
ChainingRodShaped	1288	4.48516	0.5	-26.8834	50.3569	0	0.108629	-0.994082	0	None	None
ChainingRodShaped	1422	3.55723	0.5	1.11536	33.6176	0	0.380771	-0.924669	0	None	None
ChainingRodShaped	2136	2.37372	0.5	-25.3484	16.4802	0	-0.994921	-0.100659	0	None	None
ChainingRodShaped	1482	4.18573	0.5	-24.9646	-1.9666	0	-0.115922	-0.993258	0	None	None
ChainingRodShaped	1122	4.00852	0.5	-17.4939	13.5614	0	0.994393	0.105745	0	None	None
ChainingRodShaped	2294	2.28181	0.5	-36.2258	105.502	0	-0.306626	-0.95183	0	2295	1889
ChainingRodShaped	2192	2.28221	0.5	124.722	79.9028	0	0.342115	-0.939658	0	2193	1363
ChainingRodShaped	1968	3.44538	0.5	-47.9125	41.5791	0	0.158233	-0.987402	0	None	None
ChainingRodShaped	792	4.72531	0.5	-3.06988	28.9822	0	0.955641	-0.294536	0	None	None
ChainingRodShaped	1312	4.21876	0.5	-60.0311	51.1856	0	-0.894728	0.446612	0	None	None
ChainingRodShaped	2160	2.67166	0.5	-41.7117	40.3242	0	0.708452	-0.705759	0	None	None
ChainingRodShaped	1478	4.56516	0.5	-17.8905	0.632503	0	0.952998	-0.302976	0	None	None
ChainingRodShaped	1902	2.63313	0.5	19.2517	64.1735	0	0.999939	-0.0110254	0	1903	1209
ChainingRodShaped	2232	2.29104	0.5	-23.1532	33.0243	0	-0.790811	0.61206	0	None	None
ChainingRodShaped	1930	3.38282	0.5	-30.9869	47.888	0	0.566623	-0.823977	0	None	None
ChainingRodShaped	2280	2.12838	0.5	-118.192	-60.6003	0	-0.98659	0.163217	0	2281	2349
ChainingRodShaped	1562	3.47456	0.5	-0.18974	5.99851	0	0.724247	-0.689541	0	None	None
ChainingRodShaped	1474	3.75532	0.5	-5.52433	9.80933	0	0.67611	-0.736801	0	None	None
ChainingRodShaped	1554	3.98271	0.5	-30.6217	55.4416	0	0.43875	-0.898609	0	None	None
ChainingRodShaped	1588	3.18342	0.5	-182.9	-27.9672	0	-0.902924	0.4298	0	1589	1775
ChainingRodShaped	1264	3.67852	0.5	49.4424	116.101	0	-0.231958	0.972726	0	1265	2205
ChainingRodShaped	2016	2.77795	0.5	-146.467	-47.6791	0	-0.860927	0.508728	0	2017	1435
ChainingRodShaped	1500	3.9053	0.5	-67.5201	27.2554	0	-0.681022	0.732263	0	1501	1527
ChainingRodShaped	2058	2.36279	0.5	100.103	16.5616	0	-0.911209	-0.411945	0	2059	777
ChainingRodShaped	1072	4.16332	0.5	-53.5154	37.504	0	0.823845	-0.566815	0	None	None
ChainingRodShaped	1828	4.07732	0.5	-0.245768	26.3721	0	0.789221	-0.614109	0	None	None
ChainingRodShaped	1080	4.5007	0.5	13.5944	141.794	0	-0.999991	-0.0041887	0	1908	1493
ChainingRodShaped	1792	3.64	0.5	146.368	164.571	0	-0.586175	-0.810184	0	1793	1785
ChainingRodShaped	1742	2.95702	0.5	-35.9709	42.9771	0	0.999894	-0.0145872	0	None	None
ChainingRodShaped	1802	3.01007	0.5	-53.1942	20.5579	0	-0.852786	0.52226	0	None	None
ChainingRodShaped	1100	4.16634	0.5	-23.6403	32.2054	0	-0.787503	0.616311	0	None	None
ChainingRodShaped	1542	3.64497	0.5	-7.53721	42.1122	0	0.930456	0.366404	0	None	None
ChainingRodShaped	1668	4.42929	0.5	8.76334	11.8981	0	0.941287	-0.337606	0	None	None
ChainingRodShaped	1290	4.03263	0.5	15.5896	9.88745	0	-0.878279	0.478148	0	1291	2129
ChainingRodShaped	2012	2.94824	0.5	7.51618	8.00639	0	0.932096	0.362211	0	None	None
ChainingRodShaped	1952	2.77215	0.5	-29.7732	47.7754	0	0.558351	-0.829605	0	None	None
ChainingRodShaped	932	4.11872	0.5	-19.6197	14.2865	0	-0.99337	-0.114958	0	2178	815
ChainingRodShaped	824	4.03225	0.5	-84.0024	-26.8519	0	0.18029	-0.983614	0	825	1359
ChainingRodShaped	1180	4.72541	0.5	-28.6474	27.5592	0	0.999555	0.0298205	0	None	None
ChainingRodShaped	1220	4.69549	0.5	-65.025	32.4986	0	-0.984614	0.174745	0	None	None
ChainingRodShaped	2352	2.06072	0.5	-43.3045	0.959831	0	0.218123	-0.975921	0	None	None
ChainingRodShaped	1032	4.03768	0.5	-27.125	18.2288	0	-0.820489	-0.571662	0	None	None
ChainingRodShaped	820	4.91394	0.5	-104.181	7.65313	0	0.531027	-0.847355	0	1702	1567
ChainingRodShaped	1194	3.74438	0.5	-15.3683	15.7058	0	-0.995366	-0.0961609	0	None	None
ChainingRodShaped	1814	3.6795	0.5	-18.3463	30.6068	0	0.525249	-0.850949	0	None	None
ChainingRodShaped	2038	3.19268	0.5	-62.0699	32.8367	0	0.901676	-0.432413	0	None	None
ChainingRodShaped	2282	2.34521	0.5	-7.58187	44.1248	0	0.936796	0.349876	0	None	None
ChainingRodShaped	1438	3.27487	0.5	-11.864	32.3306	0	0.90153	-0.432717	0	None	None
ChainingRodShaped	1590	4.10821	0.5	-15.1347	65.626	0	0.959917	-0.280286	0	1591	801
ChainingRodShaped	1982	2.94541	0.5	-51.8482	58.7288	0	-0.840505	-0.541804	0	None	None
ChainingRodShaped	1798	4.14834	0.5	-28.6324	-2.22164	0	0.995234	0.0975196	0	None	None
ChainingRodShaped	1546	4.4463	0.5	-13.1831	60.3295	0	0.0489769	-0.9988	0	None	None
ChainingRodShaped	1700	3.87238	0.5	-43.8871	32.6215	0	0.933235	-0.359266	0	None	None
ChainingRodShaped	1706	4.54807	0.5	-39.4363	11.946	0	0.999429	-0.033794	0	None	None
ChainingRodShaped	2090	3.03602	0.5	-16.1742	22.5646	0	-0.999974	0.00717793	0	None	None
ChainingRodShaped	1778	4.06118	0.5	-28.9178	60.6304	0	-0.686657	-0.726982	0	None	None
ChainingRodShaped	2024	3.30433	0.5	-4.32804	53.6457	0	0.960147	0.279495	0	None	None
ChainingRodShaped	2056	2.78449	0.5	-23.7111	46.3958	0	0.827429	0.561571	0	None	None
ChainingRodShaped	996	4.90038	0.5	-37.478	4.2963	0	0.623388	0.781912	0	None	None
ChainingRodShaped	900	4.9332	0.5	-14.0478	46.8458	0	-0.938069	-0.346449	0	None	None
ChainingRodShaped	1412	3.98568	0.5	-6.69081	54.4004	0	0.985926	0.167185	0	None	None
ChainingRodShaped	1378	3.79209	0.5	-23.1288	64.5096	0	0.559605	-0.828759	0	None	None
ChainingRodShaped	1120	4.74002	0.5	129.054	61.4649	0	0.0639618	-0.997952	0	2328	1725
ChainingRodShaped	1130	4.74318	0.5	-17.6472	62.8344	0	-0.454085	0.890959	0	None	None
ChainingRodShaped	2216	2.32223	0.5	-2.9974	25.8472	0	0.924324	-0.381609	0	None	None
ChainingRodShaped	2252	2.39541	0.5	-22.2441	1.33426	0	0.999998	-0.00213524	0	None	None
ChainingRodShaped	1192	3.85835	0.5	2.84272	30.6706	0	0.0573058	-0.998357	0	None	None
ChainingRodShaped	972	4.76681	0.5	-40.8366	15.8688	0	-0.995998	0.0893753	0	None	None
ChainingRodShaped	1960	2.63269	0.5	-18.8675	8.67255	0	0.8304	-0.557168	0	None	None
ChainingRodShaped	1714	3.32954	0.5	-13.9298	3.60211	0	0.362929	0.931817	0	None	None
ChainingRodShaped	2124	3.04719	0.5	-41.0312	45.1208	0	0.271663	-0.962392	0	None	None
ChainingRodShaped	1658	4.09661	0.5	-5.57007	8.4346	0	0.67611	-0.736801	0	None	None
ChainingRodShaped	1436	4.76096	0.5	52.5891	7.26313	0	-0.64012	-0.768275	0	1437	1569
ChainingRodShaped	2316	2.10658	0.5	-37.1432	33.3723	0	0.741916	-0.670493	0	None	None
ChainingRodShaped	1950	2.97658	0.5	-35.6904	48.5219	0	0.769371	-0.638802	0	None	None
ChainingRodShaped	1900	3.86954	0.5	-45.4871	26.6858	0	0.708271	-0.70594	0	None	None
ChainingRodShaped	1822	4.1127	0.5	-49.3047	23.8537	0	0.977013	-0.213179	0	None	None
ChainingRodShaped	1830	2.83158	0.5	-59.6384	23.9124	0	-0.851585	0.524216	0	None	None
ChainingRodShaped	1460	4.22803	0.5	-56.5541	25.387	0	0.833215	-0.55295	0	None	None
ChainingRodShaped	2270	2.22393	0.5	1.81205	34.462	0	0.386725	-0.922195	0	None	None
ChainingRodShaped	2102	2.45306	0.5	-30.3032	4.11718	0	0.404834	-0.91439	0	None	None
ChainingRodShaped	1586	4.92691	0.5	-63.9589	25.0309	0	-0.717586	0.69647	0	None	None
ChainingRodShaped	1462	3.53755	0.5	51.7636	40.737	0	0.414324	-0.91013	0	1463	1515
ChainingRodShaped	1634	4.42779	0.5	-11.476	4.60864	0	-0.678735	0.734384	0	None	None
ChainingRodShaped	1292	3.76622	0.5	12.368	7.42823	0	0.803702	0.595032	0	None	None
ChainingRodShaped	1832	3.69716	0.5	-8.07156	36.7886	0	0.865875	-0.50026	0	None	None
ChainingRodShaped	2312	2.15855	0.5	-19.7832	40.6952	0	0.966654	-0.256086	0	None	None
ChainingRodShaped	906	4.70684	0.5	-34.3128	18.5633	0	-0.999997	-0.00258779	0	None	None
ChainingRodShaped	1946	3.0038	0.5	-47.8366	54.1534	0	0.907293	-0.4205	0	None	None
ChainingRodShaped	2362	2.03541	0.5	120.834	90.3669	0	0.327867	-0.944724	0	2363	1247
ChainingRodShaped	1626	4.64267	0.5	-50.6436	41.4389	0	0.85287	-0.522123	0	None	None
ChainingRodShaped	2220	2.39909	0.5	-49.9746	36.6183	0	0.952348	-0.305014	0	None	None
ChainingRodShaped	1278	4.46166	0.5	43.7815	67.332	0	-0.061313	0.998119	0	1279	2183
ChainingRodShaped	1674	3.4803	0.5	61.0802	23.2894	0	-0.56093	0.827863	0	1675	1477
ChainingRodShaped	1402	4.4111	0.5	-29.8954	117.432	0	-0.587479	-0.809239	0	1403	2291
ChainingRodShaped	1372	4.12615	0.5	-28.2726	28.501	0	0.999589	0.0286681	0	None	None
ChainingRodShaped	1794	3.60201	0.5	-27.8799	35.7787	0	0.582207	0.813041	0	None	None
ChainingRodShaped	2256	2.50391	0.5	-16.3304	3.49086	0	0.83127	-0.555869	0	None	None
ChainingRodShaped	2080	2.86522	0.5	-28.9718	25.7327	0	0.999047	0.0436363	0	None	None
ChainingRodShaped	1598	3.32062	0.5	-28.6267	51.2949	0	0.518963	-0.854796	0	None	None
ChainingRodShaped	1252	3.806	0.5	49.6695	97.6971	0	0.185433	0.982657	0	2210	1227
ChainingRodShaped	2104	2.99615	0.5	-31.159	38.9686	0	0.999974	0.0072318	0	None	None
ChainingRodShaped	1920	3.38017	0.5	-98.4342	42.9447	0	-0.951902	-0.306403	0	1921	2087
ChainingRodShaped	1536	3.22003	0.5	-39.9731	57.8321	0	0.614498	-0.788918	0	None	None
ChainingRodShaped	2100	2.53268	0.5	-64.7091	47.4971	0	-0.194605	-0.980882	0	None	None
ChainingRodShaped	1520	3.38461	0.5	26.2006	139.805	0	-0.943442	0.331537	0	1521	1909
ChainingRodShaped	2028	3.1547	0.5	-45.0336	2.76908	0	0.409274	-0.912412	0	None	None
ChainingRodShaped	1464	3.95575	0.5	-37.964	35.3968	0	0.740785	-0.671742	0	None	None
ChainingRodShaped	810	4.74969	0.5	-15.065	32.2918	0	0.46384	-0.885919	0	None	None
ChainingRodShaped	1524	3.70199	0.5	-16.7635	20.3611	0	-0.990067	-0.140596	0	None	None
ChainingRodShaped	2092	2.511	0.5	-4.04991	18.2137	0	0.234019	-0.972232	0	None	None
ChainingRodShaped	1484	3.46173	0.5	-60.9353	34.0546	0	0.626851	-0.779139	0	None	None
ChainingRodShaped	1156	4.23227	0.5	-37.4262	42.0792	0	0.999977	-0.00677854	0	None	None
ChainingRodShaped	1648	3.95979	0.5	115.624	27.2209	0	-0.736961	-0.675936	0	1649	1409
ChainingRodShaped	1774	3.84658	0.5	-191.37	-24.009	0	-0.908129	0.41869	0	1775	1151
ChainingRodShaped	1360	3.71133	0.5	-55.795	17.4034	0	-0.85722	0.51495	0	2344	727
ChainingRodShaped	2250	2.27751	0.5	-8.38821	58.6969	0	0.99811	-0.0614467	0	None	None
ChainingRodShaped	2276	2.35805	0.5	-38.0112	90.8984	0	0.10415	-0.994562	0	2277	1897
ChainingRodShaped	2050	2.7596	0.5	-53.3275	26.6853	0	0.826311	-0.563214	0	None	None
ChainingRodShaped	1432	4.8228	0.5	-49.3527	45.1543	0	0.0983442	-0.995152	0	None	None
ChainingRodShaped	2000	2.95251	0.5	-42.7554	10.4389	0	0.897194	-0.441636	0	None	None
ChainingRodShaped	1090	4.77047	0.5	-2.89381	38.0185	0	0.136789	-0.9906	0	None	None
ChainingRodShaped	1582	2.89409	0.5	-98.217	-57.4118	0	-0.881496	-0.472192	0	1583	1287
ChainingRodShaped	1016	4.63048	0.5	-66.0698	34.7188	0	0.994157	-0.107941	0	None	None
ChainingRodShaped	1826	3.00035	0.5	-30.9153	3.10626	0	0.390268	-0.920701	0	None	None
ChainingRodShaped	1708	3.45266	0.5	-13.6729	52.76	0	0.810272	0.586054	0	None	None
ChainingRodShaped	1504	4.54808	0.5	-30.1418	24.7373	0	0.999429	0.0337937	0	None	None
ChainingRodShaped	2096	2.3605	0.5	36.5756	60.4808	0	0.869325	-0.49424	0	2097	1657
ChainingRodShaped	2126	2.40935	0.5	-55.854	52.3394	0	0.115538	-0.993303	0	None	None
ChainingRodShaped	1750	3.87977	0.5	-18.7197	38.3327	0	0.92978	-0.368117	0	None	None
ChainingRodShaped	874	4.60967	0.5	-0.444284	139.437	0	-0.950345	-0.311199	0	1492	1487
ChainingRodShaped	1984	3.452	0.5	-34.6266	57.0489	0	0.599067	-0.800699	0	None	None
ChainingRodShaped	1682	4.39345	0.5	-37.7434	53.1798	0	0.641256	-0.767327	0	None	None
ChainingRodShaped	1612	4.639	0.5	-46.8009	48.1673	0	0.0907305	-0.995875	0	None	None
ChainingRodShaped	1248	4.73052	0.5	-35.1701	1.53008	0	0.0607885	-0.998151	0	None	None
ChainingRodShaped	1780	3.18964	0.5	24.2604	4.86852	0	-0.868034	0.496504	0	1781	1291
ChainingRodShaped	1996	2.43122	0.5	118.207	115.54	0	-0.149438	-0.988771	0	1997	1005
ChainingRodShaped	2122	2.76457	0.5	-109.963	20.6084	0	0.222344	-0.974968	0	2123	1703
ChainingRodShaped	1538	4.34222	0.5	-11.0398	39.2651	0	0.928996	-0.37009	0	None	None
ChainingRodShaped	1534	3.35174	0.5	-6.17391	49.8607	0	0.582479	0.812846	0	None	None
ChainingRodShaped	2320	2.16454	0.5	-32.186	12.9892	0	-0.99793	-0.0643109	0	2321	2099
ChainingRodShaped	1424	3.94882	0.5	155.899	178.016	0	-0.572994	-0.81956	0	1425	1891
ChainingRodShaped	1344	3.83775	0.5	-40.3502	7.54576	0	-0.0867122	0.996233	0	None	None
ChainingRodShaped	2376	2.00661	0.5	43.7018	128.041	0	-0.638627	0.769516	0	2377	1945
ChainingRodShaped	1354	4.90206	0.5	-20.6583	55.291	0	0.444404	0.895826	0	None	None
ChainingRodShaped	1428	3.48084	0.5	-42.6322	2.44061	0	0.222447	-0.974945	0	None	None
ChainingRodShaped	1894	3.72803	0.5	-25.86	57.7742	0	-0.131718	0.991287	0	None	None
ChainingRodShaped	1882	3.73258	0.5	-28.588	26.6476	0	0.999434	0.0336436	0	None	None
ChainingRodShaped	1918	3.27396	0.5	-17.6206	58.6528	0	0.989845	0.142152	0	None	None
ChainingRodShaped	950	3.87724	0.5	-87.1015	-17.3314	0	0.423275	-0.906001	0	1966	825
ChainingRodShaped	2070	2.5481	0.5	-27.8544	58.9743	0	-0.676036	-0.736869	0	None	None
ChainingRodShaped	1394	3.82355	0.5	-11.6602	28.9473	0	0.978324	-0.207079	0	None	None
ChainingRodShaped	1602	3.67438	0.5	-22.6238	18.9059	0	-0.559717	-0.828684	0	None	None
ChainingRodShaped	1964	3.6412	0.5	-25.8769	63.8734	0	0.999356	-0.0358924	0	None	None
ChainingRodShaped	776	4.83491	0.5	90.1936	13.3104	0	-0.975137	-0.221602	0	777	995
ChainingRodShaped	1768	4.32971	0.5	-19.4267	25.888	0	-0.899682	-0.436545	0	None	None
ChainingRodShaped	1468	3.509	0.5	136.3	150.896	0	-0.59399	-0.804472	0	1469	1755
ChainingRodShaped	1002	4.12944	0.5	-38.8684	46.3479	0	-0.100072	-0.99498	0	None	None
ChainingRodShaped	2264	2.30722	0.5	-4.62713	45.4037	0	-0.789619	-0.613597	0	None	None
ChainingRodShaped	1980	3.31853	0.5	-18.1309	17.3286	0	-0.99226	-0.124176	0	None	None
ChainingRodShaped	1672	3.49675	0.5	-51.5192	47.9143	0	0.0956137	-0.995419	0	None	None
ChainingRodShaped	1838	2.81504	0.5	-52.4078	59.534	0	-0.843114	-0.537735	0	None	None
ChainingRodShaped	1434	4.04159	0.5	-154.228	-43.1006	0	-0.863098	0.505037	0	1435	1867
ChainingRodShaped	1696	4.15554	0.5	-34.1074	0.134725	0	0.0624814	-0.998046	0	None	None
ChainingRodShaped	2120	3.0392	0.5	-28.6924	67.0336	0	0.842132	0.539271	0	None	None
ChainingRodShaped	1024	4.90648	0.5	-4.60898	21.8551	0	-0.281429	-0.959582	0	None	None
ChainingRodShaped	1238	3.92259	0.5	-38.7582	18.2609	0	-0.41694	0.908934	0	None	None
ChainingRodShaped	1404	4.41106	0.5	-1.52016	11.194	0	0.968264	0.249929	0	None	None
ChainingRodShaped	1528	4.00111	0.5	-51.5655	29.5148	0	0.598224	-0.801329	0	None	None
ChainingRodShaped	1526	3.68117	0.5	-73.8601	34.1655	0	-0.690241	0.723579	0	1527	1039
ChainingRodShaped	1298	3.55332	0.5	-14.6121	33.3957	0	0.459662	-0.888094	0	None	None
ChainingRodShaped	1748	3.84219	0.5	-9.08727	47.247	0	-0.907172	0.420761	0	None	None
ChainingRodShaped	1782	4.33609	0.5	-24.9249	67.0908	0	-0.995851	-0.0909967	0	None	None
ChainingRodShaped	1804	3.80898	0.5	-50.4514	42.42	0	0.853316	-0.521394	0	None	None
ChainingRodShaped	1358	4.78627	0.5	-83.8876	-37.1132	0	-0.153668	-0.988122	0	1359	1519
ChainingRodShaped	2208	2.61308	0.5	0.435823	4.04093	0	0.726931	-0.686711	0	None	None
ChainingRodShaped	1986	3.25917	0.5	-17.7725	-0.434961	0	0.952853	-0.303432	0	None	None
ChainingRodShaped	978	4.17015	0.5	-13.3465	2.43691	0	0.367553	0.930003	0	None	None
ChainingRodShaped	2076	2.60829	0.5	-5.00353	10.6598	0	0.672993	-0.739648	0	None	None
ChainingRodShaped	1810	2.85874	0.5	-22.5083	6.58172	0	0.978859	-0.204537	0	None	None
ChainingRodShaped	2196	2.58985	0.5	-23.6639	45.2921	0	0.824347	0.566085	0	None	None
ChainingRodShaped	2014	3.34369	0.5	-51.2166	27.1515	0	0.977943	-0.208873	0	None	None
ChainingRodShaped	1688	3.90337	0.5	-14.784	28.215	0	0.997908	-0.0646512	0	None	None
ChainingRodShaped	1076	4.26315	0.5	-29.6036	21.0568	0	0.841896	0.53964	0	None	None
ChainingRodShaped	1718	3.6047	0.5	-35.3622	66.263	0	0.855551	0.517719	0	None	None
ChainingRodShaped	1450	4.38571	0.5	-53.7648	51.1732	0	0.101735	-0.994812	0	None	None
ChainingRodShaped	1442	3.73227	0.5	-32.4893	14.8827	0	-0.997931	-0.0642995	0	None	None
ChainingRodShaped	1556	3.61538	0.5	-53.7715	25.8404	0	0.831899	-0.554927	0	None	None
ChainingRodShaped	1522	3.19502	0.5	-54.7817	41.8165	0	0.83561	-0.549323	0	None	None
ChainingRodShaped	1440	4.88385	0.5	-18.7856	7.45872	0	0.827506	-0.561456	0	None	None
ChainingRodShaped	1330	4.53733	0.5	-50.7339	20.8923	0	-0.964041	0.265755	0	None	None
ChainingRodShaped	1610	4.05277	0.5	-43.4982	33.4503	0	0.932721	-0.360599	0	None	None
ChainingRodShaped	1604	3.15119	0.5	-0.517866	49.2626	0	-0.420623	-0.907235	0	None	None
ChainingRodShaped	1576	4.79582	0.5	-60.9999	40.251	0	0.654685	-0.755902	0	None	None
ChainingRodShaped	1594	4.13531	0.5	-38.998	37.5898	0	0.950842	-0.309677	0	None	None
ChainingRodShaped	940	4.67588	0.5	127.969	47.8788	0	-0.225434	-0.974258	0	1724	1937
ChainingRodShaped	1186	3.84004	0.5	-127.732	-57.635	0	-0.919769	0.392461	0	2348	1643
ChainingRodShaped	1772	3.96925	0.5	-51.4322	32.646	0	0.84424	-0.535966	0	None	None
ChainingRodShaped	1140	3.73172	0.5	56.9024	15.6786	0	-0.231024	-0.972948	0	1141	1437
ChainingRodShaped	1730	3.27936	0.5	-37.9267	20.8249	0	-0.416932	0.908938	0	None	None
ChainingRodShaped	1530	3.89053	0.5	-8.38254	35.8845	0	0.86579	-0.500408	0	None	None
ChainingRodShaped	2114	2.75082	0.5	-35.0534	22.8573	0	0.907061	-0.421	0	None	None
ChainingRodShaped	1196	4.09764	0.5	-21.2268	12.1788	0	0.994436	0.105339	0	None	None
ChainingRodShaped	1806	3.07241	0.5	5.07785	3.55201	0	-0.749683	-0.661797	0	None	None
ChainingRodShaped	2150	2.6789	0.5	-36.7231	29.7517	0	0.89526	-0.445545	0	None	None
ChainingRodShaped	1490	3.32932	0.5	-4.29889	33.8408	0	0.131438	-0.991324	0	None	None
ChainingRodShaped	1988	3.10183	0.5	123.956	132.121	0	-0.456374	-0.889788	0	1989	1271
ChainingRodShaped	2116	2.66127	0.5	-21.585	18.8186	0	-0.551395	-0.834244	0	None	None
ChainingRodShaped	1684	3.08316	0.5	-56.0397	40.1058	0	0.905533	-0.424276	0	None	None
ChainingRodShaped	1466	3.57866	0.5	0.442623	40.5436	0	0.6993	-0.714829	0	None	None
ChainingRodShaped	1480	4.13547	0.5	-32.2153	10.184	0	0.99748	0.0709518	0	None	None
ChainingRodShaped	1212	4.17274	0.5	4.44118	14.0625	0	-0.978943	0.204132	0	2128	1117
ChainingRodShaped	1856	3.23313	0.5	47.8879	48.4543	0	0.498292	-0.867009	0	1857	1463
ChainingRodShaped	2322	2.11443	0.5	-23.9278	124.687	0	-0.693524	-0.720434	0	2323	1403
ChainingRodShaped	1926	2.72719	0.5	-41.0145	52.9349	0	-0.00245896	-0.999997	0	None	None
ChainingRodShaped	2132	2.82295	0.5	11.5139	63.8829	0	0.997735	0.0672706	0	2133	1903
ChainingRodShaped	2064	2.77418	0.5	-32.9811	41.9199	0	0.999162	-0.0409287	0	None	None
ChainingRodShaped	1956	3.0476	0.5	-34.2721	58.3848	0	0.509061	-0.86073	0	None	None
ChainingRodShaped	1132	4.43246	0.5	-23.6518	55.5612	0	-0.101363	0.994849	0	None	None
ChainingRodShaped	1906	3.32492	0.5	-57.3641	35.6754	0	0.618411	-0.785855	0	None	None
ChainingRodShaped	1470	4.41046	0.5	-43.9844	18.3041	0	-0.967759	-0.251879	0	None	None
ChainingRodShaped	1210	4.31166	0.5	-0.748055	17.7245	0	-0.953506	-0.301373	0	None	None
ChainingRodShaped	1686	2.90918	0.5	-10.962	45.4526	0	0.999987	0.00514393	0	None	None
ChainingRodShaped	1970	2.6192	0.5	-41.9264	23.331	0	0.812147	0.583452	0	None	None
ChainingRodShaped	2182	2.34871	0.5	43.9982	74.8705	0	0.142609	0.989779	0	2183	614
ChainingRodShaped	1226	3.80835	0.5	50.5413	106.643	0	-0.00109805	0.999999	0	1227	1265
ChainingRodShaped	2378	2.01825	0.5	-45.338	18.9346	0	-0.96895	-0.247258	0	None	None
ChainingRodShaped	1362	3.39528	0.5	127.204	72.2966	0	0.273346	-0.961916	0	1363	2329
ChainingRodShaped	1744	2.96106	0.5	0.821056	31.5584	0	0.71576	-0.698347	0	None	None
ChainingRodShaped	1834	3.30963	0.5	-51.2124	16.1766	0	-0.930233	0.366968	0	None	None
ChainingRodShaped	1266	4.97579	0.5	-8.26441	57.7063	0	0.998131	-0.0611129	0	None	None
ChainingRodShaped	1868	3.6849	0.5	-66.5199	29.0736	0	-0.941589	0.336763	0	None	None
ChainingRodShaped	2224	2.27418	0.5	50.3497	45.9329	0	-0.443581	0.896234	0	2225	2365
ChainingRodShaped	960	4.7735	0.5	5.43414	26.1914	0	0.217621	-0.976033	0	None	None
ChainingRodShaped	1568	3.92958	0.5	45.2463	1.69571	0	-0.920012	-0.391891	0	1569	2229
ChainingRodShaped	1048	4.10207	0.5	5.28438	9.24494	0	0.936357	0.35105	0	None	None
ChainingRodShaped	1322	4.84131	0.5	-174.447	-32.1085	0	-0.893401	0.449261	0	1323	1589
ChainingRodShaped	2042	2.86208	0.5	-17.0889	2.83253	0	0.831906	-0.554916	0	None	None
ChainingRodShaped	1456	3.95529	0.5	-19.9583	27.7225	0	0.899693	0.436523	0	None	None
ChainingRodShaped	2052	3.11331	0.5	-42.5696	34.0625	0	0.929063	-0.369921	0	None	None
ChainingRodShaped	1558	3.71599	0.5	-27.7126	39.9655	0	0.999978	0.00657693	0	None	None
ChainingRodShaped	2110	2.45548	0.5	-5.39554	14.2006	0	0.999855	-0.0170288	0	None	None
ChainingRodShaped	1224	4.64997	0.5	-25.794	31.4528	0	-0.793743	0.608253	0	None	None
ChainingRodShaped	1994	3.14031	0.5	46.9504	87.0997	0	0.286082	0.958205	0	1995	2211
ChainingRodShaped	1328	3.46842	0.5	-67.2182	44.9111	0	0.110661	-0.993858	0	None	None
ChainingRodShaped	2062	3.21709	0.5	-35.0596	53.1393	0	0.70049	-0.713663	0	None	None
ChainingRodShaped	2168	2.32734	0.5	-25.9593	7.37532	0	0.949929	-0.312466	0	None	None
ChainingRodShaped	1326	4.81587	0.5	-40.1674	67.7131	0	-0.300575	-0.953758	0	None	None
ChainingRodShaped	1388	4.23189	0.5	-29.399	12.264	0	0.996651	0.0817773	0	None	None
ChainingRodShaped	2176	2.63299	0.5	-12.0448	51.6245	0	0.799992	0.600011	0	None	None
ChainingRodShaped	1092	4.70479	0.5	-14.3356	27.244	0	0.99797	-0.0636833	0	None	None
ChainingRodShaped	1488	4.24987	0.5	-14.9257	-2.42588	0	0.81998	0.572392	0	None	None
ChainingRodShaped	1962	2.57123	0.5	-41.4473	41.414	0	0.702477	-0.711706	0	None	None
ChainingRodShaped	1760	4.17534	0.5	-2.55595	29.7923	0	0.956672	-0.291167	0	None	None
ChainingRodShaped	1204	3.84743	0.5	-23.6193	69.057	0	0.879711	-0.475509	0	2242	1591
ChainingRodShaped	1614	3.37568	0.5	-19.956	47.9131	0	0.494855	0.868976	0	None	None
ChainingRodShaped	1584	3.34375	0.5	67.1999	16.7977	0	-0.803478	0.595335	0	1585	1675
ChainingRodShaped	1174	4.73387	0.5	-37.0656	53.8594	0	0.63742	-0.770516	0	None	None
ChainingRodShaped	1148	3.8444	0.5	-17.8992	18.3069	0	-0.991738	-0.128278	0	None	None
ChainingRodShaped	1998	3.09019	0.5	-42.7264	8.3126	0	0.905031	-0.425345	0	None	None
ChainingRodShaped	2368	2.0303	0.5	-42.0778	55.926	0	0.721969	-0.691926	0	None	None
ChainingRodShaped	1796	3.43715	0.5	-46.1089	13.681	0	-0.981183	0.193078	0	1797	2345
ChainingRodShaped	2144	2.60573	0.5	-36.6066	48.0901	0	0.762932	-0.646478	0	None	None
ChainingRodShaped	1928	3.07263	0.5	2.56117	38.518	0	-0.156143	-0.987734	0	None	None
ChainingRodShaped	1452	3.31966	0.5	-43.2903	29.4278	0	0.932407	-0.361409	0	None	None
ChainingRodShaped	2130	2.81914	0.5	-29.4571	37.1156	0	0.998633	0.0522672	0	None	None
ChainingRodShaped	2354	2.12986	0.5	-26.8976	-1.054	0	0.995022	0.0996513	0	None	None
ChainingRodShaped	2030	2.85045	0.5	-50.4988	5.12589	0	0.437139	-0.899394	0	None	None
ChainingRodShaped	1286	3.39431	0.5	-106.961	-60.3969	0	-0.983046	-0.18336	0	1287	1217
ChainingRodShaped	1338	3.54851	0.5	-7.15928	40.4562	0	0.685709	0.727876	0	None	None
ChainingRodShaped	1208	4.45782	0.5	29.2656	63.0736	0	0.977792	-0.209577	0	1209	2097
ChainingRodShaped	1280	3.7327	0.5	-12.2604	61.0488	0	0.0473584	-0.998878	0	None	None
ChainingRodShaped	1790	3.62096	0.5	-63.1538	35.2415	0	0.643671	-0.765302	0	None	None
ChainingRodShaped	1284	4.89909	0.5	-56.0086	16.4173	0	0.860731	-0.509061	0	None	None
ChainingRodShaped	2106	2.71733	0.5	-60.3576	53.17	0	-0.998728	-0.0504157	0	None	None
ChainingRodShaped	1912	2.74079	0.5	-36.9452	0.213116	0	0.600075	0.799944	0	None	None
ChainingRodShaped	2022	3.25403	0.5	-33.5625	9.13718	0	0.997042	0.0768651	0	None	None
ChainingRodShaped	2154	2.66224	0.5	-46.8351	40.7953	0	0.157802	-0.987471	0	None	None
ChainingRodShaped	1486	3.6762	0.5	-9.1158	135.722	0	-0.877704	-0.479204	0	1487	722
ChainingRodShaped	1948	3.22812	0.5	-58.7546	15.7763	0	-0.860227	0.509911	0	None	None
ChainingRodShaped	727	4.68395	0.5	-59.9938	20.3084	0	-0.79105	0.611752	0	1360	1501
ChainingRodShaped	1978	2.84111	0.5	-19.5315	52.9936	0	0.338871	0.940833	0	None	None
ChainingRodShaped	1676	4.21039	0.5	-46.9486	38.6218	0	0.946499	-0.322707	0	None	None
ChainingRodShaped	1854	3.03082	0.5	8.59488	10.6924	0	0.980996	-0.194028	0	None	None
ChainingRodShaped	2082	2.95362	0.5	-7.84905	13.2105	0	0.99962	0.0275821	0	None	None
ChainingRodShaped	1580	2.99586	0.5	45.2335	58.3641	0	-0.268938	0.963157	0	1581	1279
ChainingRodShaped	1864	3.0066	0.5	-54.8366	52.0837	0	0.111678	-0.993745	0	None	None
ChainingRodShaped	2002	2.9807	0.5	-42.7311	9.36268	0	0.900729	-0.434382	0	None	None
ChainingRodShaped	1182	4.54994	0.5	-52.6632	49.7894	0	0.0957012	-0.99541	0	None	None
ChainingRodShaped	2174	2.39909	0.5	-10.7276	21.7629	0	-0.9819	0.189398	0	None	None
ChainingRodShaped	2198	2.34111	0.5	-36.459	7.14243	0	0.614162	0.78918	0	None	None
ChainingRodShaped	2246	2.52617	0.5	-34.0203	11.0138	0	0.998943	0.0459763	0	None	None
ChainingRodShaped	1384	3.22485	0.5	-90.876	43.7714	0	-0.995467	0.0951103	0	1385	1921
ChainingRodShaped	1370	4.98766	0.5	-59.671	35.5514	0	0.613437	-0.789744	0	None	None
ChainingRodShaped	1560	3.94802	0.5	-26.7807	42.719	0	0.999746	-0.0225518	0	None	None
ChainingRodShaped	1910	3.7933	0.5	-21.1812	28.1775	0	0.895297	0.44547	0	None	None
ChainingRodShaped	1942	2.51488	0.5	-110.491	27.7112	0	-0.0885931	-0.996068	0	1943	2123
ChainingRodShaped	1844	3.99624	0.5	-7.71022	21.7055	0	0.901327	-0.43314	0	None	None
ChainingRodShaped	2138	2.916	0.5	-33.4081	27.4032	0	0.99873	0.0503736	0	None	None
ChainingRodShaped	2310	2.11506	0.5	-5.72786	47.2665	0	-0.598623	-0.801031	0	None	None
ChainingRodShaped	1514	3.24747	0.5	55.4396	32.0704	0	0.352896	-0.935663	0	1515	2035
ChainingRodShaped	1184	4.35102	0.5	-8.61537	6.61487	0	0.998281	-0.058614	0	None	None
ChainingRodShaped	1316	4.90416	0.5	2.18308	9.20801	0	0.236726	-0.971577	0	None	None
ChainingRodShaped	2140	2.70371	0.5	-11.7687	12.0683	0	0.998326	0.0578321	0	None	None
ChainingRodShaped	1698	3.675	0.5	-35.645	15.7044	0	-0.999643	-0.0267162	0	None	None
ChainingRodShaped	777	4.98667	0.5	95.8036	14.9162	0	-0.94525	-0.326349	0	2058	776
ChainingRodShaped	1366	3.86912	0.5	-50.303	45.2969	0	0.0960316	-0.995378	0	None	None
ChainingRodShaped	1274	4.57376	0.5	-58.166	40.0657	0	0.896081	-0.44389	0	None	None
ChainingRodShaped	1332	4.99801	0.5	-22.9926	61.8528	0	-0.994322	-0.106413	0	None	None
ChainingRodShaped	1776	3.49581	0.5	-12.2241	20.6896	0	-0.999492	-0.0318806	0	None	None
ChainingRodShaped	1476	3.46261	0.5	57.0151	30.9254	0	-0.396136	0.918192	0	1477	1503
ChainingRodShaped	1630	3.08505	0.5	-29.8399	18.6752	0	-0.831759	-0.555137	0	None	None
ChainingRodShaped	1762	3.94035	0.5	-19.4908	34.6991	0	0.906457	-0.422298	0	None	None
ChainingRodShaped	2032	2.92881	0.5	-7.71298	30.1302	0	0.979157	-0.203106	0	None	None
ChainingRodShaped	1972	3.61032	0.5	-4.68743	55.8062	0	0.897628	-0.440753	0	None	None
ChainingRodShaped	2018	2.86094	0.5	-8.34222	8.88974	0	0.964647	-0.263544	0	None	None
ChainingRodShaped	1300	4.72489	0.5	-1.85135	37.5625	0	0.14625	-0.989248	0	None	None
ChainingRodShaped	801	4.23118	0.5	-10.1955	64.4233	0	0.981076	-0.193623	0	1590	1415
ChainingRodShaped	1640	3.43617	0.5	-17.866	-1.44167	0	0.952356	-0.304989	0	None	None
ChainingRodShaped	805	4.93475	0.5	-22.7868	34.4972	0	0.989218	-0.146447	0	None	None
ChainingRodShaped	807	4.80245	0.5	-49.0745	24.7685	0	0.977692	-0.210045	0	None	None
ChainingRodShaped	2094	2.79423	0.5	-26.9812	38.1585	0	0.999655	0.0262493	0	None	None
ChainingRodShaped	1262	4.22451	0.5	-19.0429	35.4811	0	0.910642	-0.413197	0	None	None
ChainingRodShaped	1408	4.43988	0.5	107.09	20.5547	0	-0.831289	-0.55584	0	1409	2059
ChainingRodShaped	815	4.63098	0.5	-24.8827	13.681	0	-0.993552	-0.113375	0	932	2321
ChainingRodShaped	2306	2.24717	0.5	-25.6033	64.8378	0	0.999144	-0.0413613	0	None	None
ChainingRodShaped	1704	3.2658	0.5	-51.0307	9.89985	0	0.950978	-0.309258	0	None	None
ChainingRodShaped	1702	3.78536	0.5	-106.818	12.2577	0	0.45326	-0.891379	0	1703	820
ChainingRodShaped	1392	3.86827	0.5	-60.0919	30.8068	0	0.901717	-0.432327	0	None	None
ChainingRodShaped	825	4.18864	0.5	-85.2653	-21.96	0	0.315918	-0.948786	0	950	824
ChainingRodShaped	827	4.77219	0.5	-33.1443	34.0915	0	0.999742	-0.0226987	0	None	None
ChainingRodShaped	1314	4.74033	0.5	-35.587	56.7519	0	0.60396	-0.797015	0	None	None
ChainingRodShaped	1318	4.50461	0.5	-45.9926	55.8314	0	0.658098	-0.752932	0	None	None
ChainingRodShaped	1896	3.45898	0.5	-36.2685	83.8153	0	0.35445	-0.935075	0	1897	1787
ChainingRodShaped	1498	3.564	0.5	-51.6431	33.887	0	0.838834	-0.544388	0	None	None
ChainingRodShaped	2212	2.40728	0.5	-39.2548	26.8358	0	0.930507	-0.366273	0	None	None
ChainingRodShaped	839	4.51249	0.5	-90.4736	-51.1344	0	-0.661592	-0.749864	0	1518	1583
ChainingRodShaped	1846	3.00653	0.5	-36.5632	3.89782	0	0.621423	0.783475	0	None	None
ChainingRodShaped	1364	4.10487	0.5	-28.9452	54.101	0	0.429744	-0.902951	0	None	None
ChainingRodShaped	1886	3.29147	0.5	-40.4183	46.2863	0	0.281283	-0.959625	0	None	None
ChainingRodShaped	2360	2.0697	0.5	-0.522939	40.1264	0	0.704619	-0.709586	0	None	None
ChainingRodShaped	1784	2.94105	0.5	141.321	157.673	0	-0.594622	-0.804006	0	1785	1469
ChainingRodShaped	1722	3.57508	0.5	-45.1138	19.9705	0	-0.970665	-0.240437	0	None	None
ChainingRodShaped	1954	3.0204	0.5	-26.1568	52.3713	0	0.11857	-0.992946	0	None	None
ChainingRodShaped	2156	2.32915	0.5	-11.2638	48.9224	0	0.936059	0.351842	0	None	None
ChainingRodShaped	1622	4.18477	0.5	-22.7185	55.8141	0	-0.0949518	0.995482	0	None	None
ChainingRodShaped	1374	3.49156	0.5	-26.1591	0.994139	0	0.997641	0.0686406	0	None	None
ChainingRodShaped	2066	2.8709	0.5	121.384	33.4522	0	-0.603524	-0.797345	0	2067	1649
ChainingRodShaped	1720	3.1022	0.5	1.38743	8.33988	0	0.241121	-0.970495	0	None	None
ChainingRodShaped	1566	3.38262	0.5	-98.6635	-0.263409	0	0.607123	-0.794608	0	1567	1713
ChainingRodShaped	1848	3.3577	0.5	-18.8913	51.6566	0	0.49306	0.869995	0	None	None
ChainingRodShaped	869	4.92474	0.5	-14.8777	35.7587	0	0.925232	-0.379402	0	None	None
ChainingRodShaped	1390	3.64127	0.5	-16.1928	24.5047	0	-0.999929	0.0119069	0	None	None
ChainingRodShaped	2222	2.56602	0.5	-59.357	33.597	0	0.619022	-0.785374	0	None	None
ChainingRodShaped	1492	3.84817	0.5	4.535	140.817	0	-0.976583	-0.215139	0	1493	874
ChainingRodShaped	1506	4.96917	0.5	-53.3386	32.713	0	0.840666	-0.541553	0	None	None
ChainingRodShaped	1756	3.33583	0.5	-32.6865	43.8043	0	0.999408	-0.034409	0	None	None
ChainingRodShaped	1472	3.92811	0.5	-61.7341	28.3345	0	0.915629	-0.402025	0	None	None
ChainingRodShaped	1418	4.87574	0.5	-44.9046	8.15829	0	0.926649	-0.375926	0	None	None
ChainingRodShaped	1356	4.93927	0.5	-13.0189	49.2831	0	0.933251	0.359226	0	None	None
ChainingRodShaped	2166	2.78607	0.5	-47.0897	26.9874	0	0.7153	-0.698818	0	None	None
ChainingRodShaped	1758	4.14923	0.5	-52.837	60.4337	0	-0.84888	-0.528585	0	None	None
ChainingRodShaped	1410	4.88957	0.5	-31.5489	44.7039	0	0.999674	-0.0255394	0	None	None
ChainingRodShaped	1448	4.59704	0.5	-47.0034	55.5449	0	0.663367	-0.748295	0	None	None
ChainingRodShaped	2268	2.41976	0.5	-8.39067	56.2518	0	0.938542	0.345166	0	None	None
ChainingRodShaped	1670	4.34573	0.5	-37.7209	64.6718	0	0.319689	-0.947522	0	None	None
ChainingRodShaped	1974	3.36205	0.5	-23.9957	14.7168	0	-0.99347	-0.114095	0	None	None
ChainingRodShaped	2336	2.06257	0.5	-10.5379	46.5621	0	-0.988327	0.15235	0	None	None
ChainingRodShaped	1840	3.61402	0.5	-31.1777	35.1288	0	0.997706	0.0676973	0	None	None
ChainingRodShaped	1732	2.95049	0.5	-37.5751	13.7919	0	-0.99999	-0.00450272	0	None	None
ChainingRodShaped	1496	4.53492	0.5	-29.1913	20.241	0	-0.836524	-0.54793	0	None	None
ChainingRodShaped	2380	2.00192	0.5	-24.8748	3.06395	0	0.997037	-0.0769266	0	None	None
ChainingRodShaped	911	4.69616	0.5	-50.0575	54.1191	0	0.90483	-0.425772	0	None	None
ChainingRodShaped	1444	3.95874	0.5	-13.8811	42.8405	0	0.952564	0.304338	0	None	None
ChainingRodShaped	2350	2.07176	0.5	-32.0598	66.6903	0	0.939972	0.34125	0	None	None
ChainingRodShaped	1454	4.96178	0.5	-16	38.2503	0	0.926054	-0.377392	0	None	None
ChainingRodShaped	2006	3.46866	0.5	-15.3016	10.9478	0	0.995462	0.0951623	0	None	None
ChainingRodShaped	1890	3.32554	0.5	151.153	171.262	0	-0.577498	-0.816392	0	1891	1793
ChainingRodShaped	1540	3.14882	0.5	-30.2441	36.1431	0	0.99806	0.0622527	0	None	None
ChainingRodShaped	2334	2.08452	0.5	-24.6938	4.00843	0	0.995968	-0.0897048	0	None	None
ChainingRodShaped	1866	3.08236	0.5	-161.198	-39.1123	0	-0.87389	0.486124	0	1867	926
ChainingRodShaped	1916	3.33544	0.5	-43.9614	54.9692	0	0.622323	-0.78276	0	None	None
ChainingRodShaped	1430	4.57479	0.5	-20.3252	61.186	0	-0.992196	-0.124687	0	None	None
ChainingRodShaped	2178	2.51137	0.5	-15.4217	14.7368	0	-0.995573	-0.0939949	0	2179	932
ChainingRodShaped	1690	4.40661	0.5	-0.739171	15.8426	0	-0.992828	0.119554	0	None	None
ChainingRodShaped	937	4.00884	0.5	-139.65	-51.6228	0	-0.870926	0.491414	0	1642	2017
ChainingRodShaped	939	4.74263	0.5	-32.5103	57.149	0	0.435405	-0.900235	0	None	None
ChainingRodShaped	1724	3.35878	0.5	128.866	52.7286	0	-0.124684	-0.992196	0	1725	940
ChainingRodShaped	1664	4.02987	0.5	-16.6203	23.5454	0	-0.99993	0.0118168	0	None	None
ChainingRodShaped	945	4.2944	0.5	-5.65619	36.6948	0	0.130838	-0.991404	0	None	None
ChainingRodShaped	1914	3.16643	0.5	-11.2257	56.3647	0	0.960154	0.279473	0	None	None
ChainingRodShaped	1638	4.00215	0.5	-43.401	61.4555	0	-0.0474241	-0.998875	0	None	None
ChainingRodShaped	1966	2.52394	0.5	-89.0004	-13.6391	0	0.502967	-0.864306	0	1967	950
ChainingRodShaped	1532	3.35851	0.5	-46.5564	37.4962	0	0.947161	-0.320757	0	None	None
ChainingRodShaped	1600	3.39945	0.5	-23.6237	19.0269	0	-0.563632	-0.826026	0	None	None
ChainingRodShaped	957	4.65111	0.5	-38.3636	19.6119	0	-0.425999	0.904723	0	None	None
ChainingRodShaped	1564	3.94074	0.5	-62.1008	29.5571	0	0.91526	-0.402864	0	None	None
ChainingRodShaped	1548	4.96217	0.5	3.82672	30.4279	0	0.0586413	-0.998279	0	None	None
ChainingRodShaped	1508	4.87646	0.5	-53.6221	39.9185	0	0.841061	-0.54094	0	None	None
ChainingRodShaped	1570	4.01261	0.5	-27.4314	40.8676	0	0.999995	-0.0032768	0	None	None
ChainingRodShaped	2338	2.07303	0.5	-54.5401	43.0228	0	0.913631	-0.406545	0	None	None
ChainingRodShaped	1592	3.24017	0.5	-33.1071	-0.265867	0	0.0672662	-0.997735	0	None	None
ChainingRodShaped	1938	3.18834	0.5	-34.6348	38.3141	0	0.989065	-0.147483	0	None	None
ChainingRodShaped	2142	2.43894	0.5	-28.3899	18.5015	0	-0.826172	-0.563419	0	None	None
ChainingRodShaped	975	4.3722	0.5	-48.3325	66.2692	0	0.966999	0.254779	0	None	None
ChainingRodShaped	2044	2.6607	0.5	-43.538	23.5255	0	0.889122	0.45767	0	None	None
ChainingRodShaped	1596	3.6265	0.5	-16.793	1.31284	0	0.951887	-0.306448	0	None	None
ChainingRodShaped	1726	4.40724	0.5	-16.6358	40.5415	0	0.922181	-0.386759	0	None	None
ChainingRodShaped	2206	2.51526	0.5	31.4385	1.42157	0	-0.94194	0.335781	0	2207	1781
ChainingRodShaped	1820	4.0414	0.5	-57.2841	46.52	0	0.885525	-0.464592	0	None	None
ChainingRodShaped	987	4.58301	0.5	13.1262	6.75643	0	0.804375	0.594123	0	None	None
ChainingRodShaped	2108	2.96353	0.5	-11.2525	35.1998	0	0.903429	-0.428739	0	None	None
ChainingRodShaped	1878	2.79435	0.5	-14.628	44.6179	0	0.939235	0.343276	0	None	None
ChainingRodShaped	1624	4.41637	0.5	-33.5669	31.2375	0	0.889967	-0.456026	0	None	None
ChainingRodShaped	995	4.9853	0.5	84.436	12.4036	0	-0.995921	-0.0902291	0	776	1735
ChainingRodShaped	1544	4.17942	0.5	-41.273	0.689249	0	-0.0870912	-0.9962	0	None	None
ChainingRodShaped	1606	4.12525	0.5	-56.1907	59.4485	0	-0.825245	-0.564776	0	None	None
ChainingRodShaped	1646	4.05248	0.5	-42.3822	62.2293	0	-0.0541107	-0.998535	0	None	None
ChainingRodShaped	1003	4.1293	0.5	-41.2627	49.3425	0	0.781436	-0.623985	0	None	None
ChainingRodShaped	1005	4.17722	0.5	117.809	111.343	0	-0.0583284	-0.998297	0	1996	1863
ChainingRodShaped	1616	4.14768	0.5	1.24812	44.3166	0	0.224018	-0.974585	0	None	None
ChainingRodShaped	2194	2.37614	0.5	-2.19857	19.629	0	-0.99952	-0.0309715	0	None	None
ChainingRodShaped	1836	3.28848	0.5	-58.1949	45.9283	0	0.889061	-0.457789	0	None	None
ChainingRodShaped	1013	4.33422	0.5	10.7468	9.33272	0	0.991307	-0.131569	0	None	None
ChainingRodShaped	1015	4.39677	0.5	3.25009	63.4406	0	0.99953	0.0306465	0	1414	2133
ChainingRodShaped	1680	3.75169	0.5	-67.8418	39.2881	0	-0.665214	-0.746653	0	None	None
ChainingRodShaped	1876	2.67172	0.5	3.47399	24.5846	0	0.999956	0.00938155	0	None	None
ChainingRodShaped	2290	2.11879	0.5	-33.8382	111.225	0	-0.460508	-0.887655	0	2291	2295
ChainingRodShaped	1023	4.50859	0.5	-46.1796	42.6893	0	0.155119	-0.987896	0	None	None
ChainingRodShaped	1574	4.00885	0.5	-1.85168	22.1912	0	-0.585408	0.810739	0	None	None
ChainingRodShaped	2218	2.5271	0.5	-26.1383	41.779	0	0.999912	-0.0132694	0	None	None
ChainingRodShaped	2078	2.89428	0.5	-43.6188	17.0925	0	-0.876602	-0.481217	0	None	None
ChainingRodShaped	1738	4.44858	0.5	-7.41876	4.14412	0	0.999532	0.0306037	0	None	None
ChainingRodShaped	2238	2.23111	0.5	-23.8869	20.2545	0	-0.571855	-0.820355	0	None	None
ChainingRodShaped	1035	4.31949	0.5	-55.4795	18.3556	0	-0.859323	0.511434	0	None	None
ChainingRodShaped	1632	3.04815	0.5	-12.3844	37.7841	0	0.922047	-0.387079	0	None	None
ChainingRodShaped	1039	3.98459	0.5	-77.2889	37.4799	0	-0.74549	0.666517	0	1526	2241
ChainingRodShaped	1728	3.09828	0.5	-30.1362	62.1507	0	0.688552	0.725187	0	None	None
ChainingRodShaped	1043	4.49205	0.5	-48.8865	50.2332	0	0.087873	-0.996132	0	None	None
ChainingRodShaped	2340	2.09146	0.5	-41.0244	42.5644	0	0.567997	-0.823031	0	None	None
ChainingRodShaped	2004	3.06299	0.5	-21.6759	7.38394	0	0.9782	-0.207663	0	None	None
ChainingRodShaped	1740	3.80694	0.5	4.66035	11.0789	0	0.94319	0.332254	0	None	None
ChainingRodShaped	2254	2.25463	0.5	-25.81	43.6263	0	0.999471	-0.0325151	0	None	None
ChainingRodShaped	1694	4.48553	0.5	-0.997093	13.9207	0	0.99446	-0.105118	0	None	None
ChainingRodShaped	1055	4.69689	0.5	-11.9214	-1.04437	0	0.535496	0.844538	0	None	None
ChainingRodShaped	1057	4.97856	0.5	-18.2486	129.655	0	-0.79007	-0.613016	0	722	2323
ChainingRodShaped	2188	2.6819	0.5	-23.833	4.89556	0	0.982192	-0.187881	0	None	None
ChainingRodShaped	1808	4.10537	0.5	-22.7209	5.64306	0	0.980265	-0.197688	0	None	None
ChainingRodShaped	1662	3.15597	0.5	-3.94011	31.1791	0	0.959558	-0.281511	0	None	None
ChainingRodShaped	1824	3.11639	0.5	-3.14337	26.9253	0	0.92554	-0.37865	0	None	None
ChainingRodShaped	1766	3.47666	0.5	-49.4851	22.187	0	0.797479	-0.603347	0	None	None
ChainingRodShaped	1069	4.02274	0.5	-55.3302	23.2623	0	-0.792946	0.609293	0	None	None
ChainingRodShaped	1800	3.08523	0.5	6.6251	25.3647	0	0.216507	-0.976281	0	None	None
ChainingRodShaped	1644	4.64088	0.5	-52.3382	35.5291	0	0.82641	-0.563069	0	None	None
ChainingRodShaped	1710	3.08481	0.5	-59.5313	42.0906	0	0.821481	-0.570235	0	None	None
ChainingRodShaped	1077	4.49106	0.5	-30.0408	21.8586	0	0.846821	0.531877	0	None	None
ChainingRodShaped	1079	4.80254	0.5	-19.7692	19.9903	0	-0.518209	-0.855254	0	None	None
ChainingRodShaped	1908	3.25705	0.5	18.4058	141.579	0	-0.994167	0.107851	0	1909	1080
ChainingRodShaped	2046	3.17916	0.5	-32.09	-0.83519	0	0.0772359	-0.997013	0	None	None
ChainingRodShaped	1888	3.43773	0.5	-37.872	97.8608	0	-0.122278	-0.992496	0	1889	2277
ChainingRodShaped	2204	2.28833	0.5	46.9946	123.003	0	-0.451745	0.892147	0	2205	2377
ChainingRodShaped	2036	2.59583	0.5	-11.283	61.2409	0	0.0454619	-0.998966	0	None	None
ChainingRodShaped	1091	4.68811	0.5	-8.1883	42.8785	0	0.934073	0.357083	0	None	None
ChainingRodShaped	1870	2.78686	0.5	-17.4692	30.8485	0	0.51668	-0.856178	0	None	None
ChainingRodShaped	1812	3.96961	0.5	-47.4529	12.9976	0	0.979204	-0.202878	0	None	None
ChainingRodShaped	1944	2.58204	0.5	38.5199	133.031	0	-0.787043	0.616899	0	1945	1096
ChainingRodShaped	1736	2.86542	0.5	-39.8906	59.7817	0	0.427771	-0.903887	0	None	None
ChainingRodShaped	1101	4.97983	0.5	-23.2827	28.1506	0	0.890799	0.454397	0	None	None
ChainingRodShaped	2152	2.89502	0.5	-8.35739	29.2637	0	0.981308	-0.192446	0	None	None
ChainingRodShaped	1105	4.79096	0.5	-37.6826	38.1244	0	0.95292	-0.303221	0	None	None
ChainingRodShaped	1992	3.44669	0.5	-13.3016	18.7535	0	-0.998948	-0.045849	0	None	None
ChainingRodShaped	2060	2.77616	0.5	-37.9803	61.9099	0	0.958296	-0.285778	0	None	None
ChainingRodShaped	2026	3.04686	0.5	-52.5524	19.0186	0	-0.852972	0.521956	0	None	None
ChainingRodShaped	1976	3.28127	0.5	-45.2877	27.7988	0	0.715164	-0.698957	0	None	None
ChainingRodShaped	2244	2.32878	0.5	-4.86833	46.8056	0	-0.601189	-0.799107	0	None	None
ChainingRodShaped	1117	3.66225	0.5	-0.3196	14.8311	0	-0.993974	0.109619	0	1212	1941
ChainingRodShaped	1874	3.18115	0.5	-44.5175	43.8202	0	0.168088	-0.985772	0	None	None
ChainingRodShaped	2328	2.0608	0.5	128.66	65.7613	0	0.142807	-0.989751	0	2329	1120
ChainingRodShaped	2214	2.43299	0.5	-21.6447	13.0821	0	0.99366	0.112423	0	None	None
ChainingRodShaped	2086	2.75413	0.5	-104.802	39.3863	0	-0.748875	-0.662711	0	2087	2309
ChainingRodShaped	1788	4.13601	0.5	-17.2345	48.7231	0	0.539238	0.842154	0	None	None
ChainingRodShaped	2190	2.55146	0.5	-14.5931	7.86576	0	0.251269	0.967917	0	None	None
ChainingRodShaped	1990	3.18263	0.5	-19.409	60.3387	0	0.991913	0.126922	0	None	None
ChainingRodShaped	1133	4.9737	0.5	-23.783	49.9103	0	0.0584595	0.99829	0	None	None
ChainingRodShaped	1135	4.63836	0.5	-38.3487	6.30297	0	0.62202	0.783002	0	None	None
ChainingRodShaped	1137	3.97971	0.5	-67.2529	38.4723	0	-0.664082	-0.74766	0	None	None
ChainingRodShaped	1139	4.41578	0.5	-15.5647	25.4996	0	-0.999045	0.0436938	0	None	None
ChainingRodShaped	1141	4.12623	0.5	57.5176	20.475	0	-0.0307396	-0.999527	0	2034	1140
ChainingRodShaped	2346	2.07613	0.5	-9.94602	44.2789	0	0.936411	0.350906	0	None	None
ChainingRodShaped	1145	4.60033	0.5	-57.4839	27.129	0	0.838704	-0.544588	0	None	None
ChainingRodShaped	2054	2.93916	0.5	9.1207	7.33289	0	0.672446	0.740146	0	None	None
ChainingRodShaped	1149	4.4806	0.5	-17.0131	19.376	0	-0.990578	-0.136948	0	None	None
ChainingRodShaped	1151	4.18563	0.5	-195.915	-21.9207	0	-0.909128	0.416517	0	1774	1150
ChainingRodShaped	1922	2.65746	0.5	-33.7239	50.6951	0	0.809194	-0.587541	0	None	None
ChainingRodShaped	1155	4.30799	0.5	128.262	139.452	0	-0.544451	-0.838793	0	1754	1989
ChainingRodShaped	1157	4.55616	0.5	-37.2237	41.1832	0	1	0.000590514	0	None	None
ChainingRodShaped	1159	4.13554	0.5	-27.7792	60.4502	0	-0.683373	-0.73007	0	None	None
ChainingRodShaped	2158	2.743	0.5	-47.3037	64.6063	0	-0.5844	-0.811466	0	None	None
ChainingRodShaped	1816	3.27148	0.5	-49.7086	59.1645	0	-0.476624	-0.879107	0	None	None
ChainingRodShaped	2370	2.04062	0.5	3.40204	36.8582	0	-0.05763	-0.998338	0	None	None
ChainingRodShaped	2330	2.06043	0.5	119.129	96.0415	0	0.240815	-0.970571	0	2331	2363
ChainingRodShaped	2202	2.67676	0.5	-36.2778	26.5256	0	0.90256	-0.430565	0	None	None
ChainingRodShaped	1842	3.04048	0.5	-45.2251	0.768803	0	0.725896	-0.687805	0	None	None
ChainingRodShaped	1880	3.80743	0.5	-6.72653	26.0117	0	0.985483	-0.169775	0	None	None
ChainingRodShaped	1175	4.44826	0.5	-40.9097	57.5189	0	0.622358	-0.782732	0	None	None
ChainingRodShaped	1177	4.66998	0.5	-24.7532	49.0967	0	0.0484723	0.998825	0	None	None
ChainingRodShaped	2020	3.37591	0.5	0.43374	42.7064	0	0.434387	-0.900726	0	None	None
ChainingRodShaped	1181	4.20955	0.5	-33.3608	28.3272	0	0.999098	0.0424624	0	None	None
ChainingRodShaped	2274	2.31674	0.5	-53.077	54.1854	0	0.0909724	-0.995853	0	None	None
ChainingRodShaped	2314	2.22113	0.5	-8.31418	7.84329	0	0.958119	-0.28637	0	None	None
ChainingRodShaped	2348	2.0674	0.5	-124.099	-59.0751	0	-0.944195	0.329388	0	2349	1186
ChainingRodShaped	1872	3.43807	0.5	-37.1488	50.9451	0	0.775719	-0.631078	0	None	None
ChainingRodShaped	1924	2.78705	0.5	-45.671	60.0276	0	0.274247	-0.961659	0	None	None
ChainingRodShaped	2262	2.47674	0.5	2.68932	34.8875	0	0.391905	-0.920006	0	None	None
ChainingRodShaped	2118	2.72913	0.5	-10.1025	17.0288	0	-0.999862	0.0165992	0	None	None
ChainingRodShaped	1197	4.0829	0.5	-26.1361	11.1829	0	0.941937	0.335791	0	None	None
ChainingRodShaped	1958	3.37139	0.5	-18.5798	16.3196	0	-0.992559	-0.121764	0	None	None
ChainingRodShaped	1850	4.04059	0.5	-61.2385	39.0521	0	0.655559	-0.755144	0	None	None
ChainingRodShaped	1904	3.52799	0.5	-2.59434	51.2142	0	-0.973736	0.22768	0	None	None
ChainingRodShaped	2242	2.35723	0.5	-27.0444	71.1595	0	0.807438	-0.589952	0	2243	1204
ChainingRodShaped	2010	2.85562	0.5	-41.1044	14.9296	0	-0.995237	0.0974854	0	None	None
ChainingRodShaped	1209	4.72508	0.5	23.8321	63.8953	0	0.995735	-0.0922554	0	1902	1208
ChainingRodShaped	1898	3.17272	0.5	-1.52746	18.4995	0	-0.955335	-0.295525	0	None	None
ChainingRodShaped	2128	2.72883	0.5	8.66101	12.9782	0	-0.950546	0.310583	0	2129	1212
ChainingRodShaped	1932	3.61925	0.5	-53.1182	18.1757	0	-0.878394	0.477938	0	None	None
ChainingRodShaped	1217	3.54961	0.5	-111.349	-60.9171	0	-0.998531	-0.0541749	0	1286	2281
ChainingRodShaped	1219	4.61363	0.5	-55.8467	30.7919	0	0.880195	-0.474611	0	None	None
ChainingRodShaped	1221	4.61726	0.5	-57.6908	30.6812	0	-0.884233	0.467045	0	None	None
ChainingRodShaped	2302	2.13352	0.5	-49.4635	12.4321	0	0.95353	-0.301299	0	None	None
ChainingRodShaped	1225	4.56141	0.5	-23.4223	29.0993	0	0.888659	0.458569	0	None	None
ChainingRodShaped	1227	3.36036	0.5	50.3259	102.148	0	0.101495	0.994836	0	1252	1226
ChainingRodShaped	1229	4.42294	0.5	-40.2435	29.2331	0	0.928747	-0.370715	0	None	None
ChainingRodShaped	2288	2.22273	0.5	-2.8182	5.46023	0	0.853878	-0.520474	0	None	None
ChainingRodShaped	1934	3.41418	0.5	-30.3717	23.7954	0	0.999123	0.0418788	0	None	None
ChainingRodShaped	2084	2.93751	0.5	-55.914	46.8847	0	-0.88218	0.470912	0	None	None
ChainingRodShaped	2272	2.26814	0.5	-44.4009	61.2422	0	-0.0538304	-0.99855	0	None	None
ChainingRodShaped	2072	2.98148	0.5	-35.5137	16.6653	0	-0.999731	-0.0232034	0	None	None
ChainingRodShaped	2296	2.13402	0.5	-16.9335	21.3656	0	-0.978752	-0.205046	0	None	None
ChainingRodShaped	2284	2.40604	0.5	-55.2117	12.5687	0	0.870178	-0.492737	0	None	None
ChainingRodShaped	1245	4.52435	0.5	-51.2169	11.9897	0	0.950468	-0.310824	0	None	None
ChainingRodShaped	1247	3.76527	0.5	122.142	86.7841	0	0.3517	-0.936113	0	2362	2193
ChainingRodShaped	1249	4.01057	0.5	-37.4404	1.17859	0	0.606512	0.795075	0	None	None
ChainingRodShaped	1251	4.90193	0.5	-16.0529	55.1269	0	0.999982	0.0060462	0	None	None
ChainingRodShaped	2210	2.38267	0.5	48.8315	93.7763	0	0.241795	0.970327	0	2211	1252
ChainingRodShaped	1255	3.97424	0.5	-38.126	23.2732	0	0.899896	-0.436105	0	None	None
ChainingRodShaped	1257	4.38747	0.5	-51.1661	10.9597	0	0.950924	-0.309424	0	None	None
ChainingRodShaped	1259	4.42905	0.5	-39.5251	8.80365	0	-0.0931233	0.995655	0	None	None
ChainingRodShaped	2112	2.87531	0.5	6.40283	8.62686	0	0.934965	0.354741	0	None	None
ChainingRodShaped	1263	3.64171	0.5	-23.6594	36.752	0	0.95868	-0.284488	0	None	None
ChainingRodShaped	1265	3.95295	0.5	50.2581	111.434	0	-0.115161	0.993347	0	1226	1264
ChainingRodShaped	1267	3.89741	0.5	-13.4433	57.1258	0	0.997889	0.0649379	0	None	None
ChainingRodShaped	1269	4.89992	0.5	-7.32687	19.4269	0	-0.904569	0.426326	0	None	None
ChainingRodShaped	1271	4.00579	0.5	122.062	128.069	0	-0.396031	-0.918237	0	1988	1270
ChainingRodShaped	1273	4.95636	0.5	-6.47986	39.7947	0	0.678396	0.734697	0	None	None
ChainingRodShaped	1275	4.19476	0.5	-62.3462	43.2797	0	0.65752	-0.753437	0	None	None
ChainingRodShaped	1277	4.42427	0.5	-51.468	8.07337	0	0.73926	-0.67342	0	None	None
ChainingRodShaped	1279	3.57843	0.5	44.3274	62.4481	0	-0.17025	0.985401	0	1580	1278
ChainingRodShaped	1281	4.72513	0.5	-15.385	64.549	0	0.934072	-0.357084	0	None	None
ChainingRodShaped	2184	2.31545	0.5	-32.4192	52.1754	0	0.800769	-0.598974	0	None	None
ChainingRodShaped	1285	3.74735	0.5	-60.3999	19.373	0	0.791064	-0.611733	0	None	None
ChainingRodShaped	1287	4.23028	0.5	-102.368	-59.1594	0	-0.946183	-0.323633	0	1582	1286
ChainingRodShaped	2300	2.19393	0.5	-28.0343	54.4204	0	0.422837	-0.906206	0	None	None
ChainingRodShaped	1291	4.55421	0.5	20.1182	7.29772	0	-0.85891	0.512127	0	1780	1290
ChainingRodShaped	1293	3.65057	0.5	13.3428	9.92801	0	0.893441	-0.449181	0	None	None
ChainingRodShaped	2200	2.74563	0.5	-8.53078	50.4212	0	0.574657	-0.818395	0	None	None
ChainingRodShaped	1297	4.7974	0.5	-14.1132	5.97428	0	0.333293	0.942823	0	None	None
ChainingRodShaped	2324	2.12179	0.5	-17.3071	35.7446	0	0.921389	-0.388642	0	None	None
ChainingRodShaped	1301	4.11898	0.5	-3.67334	42.3526	0	0.671912	-0.740631	0	None	None
ChainingRodShaped	2068	3.21153	0.5	-47.2243	5.757	0	0.939588	-0.342308	0	None	None
ChainingRodShaped	2088	2.84828	0.5	-19.4214	46.9598	0	0.497146	0.867667	0	None	None
ChainingRodShaped	1307	4.68847	0.5	-25.1066	24.0244	0	0.883515	0.468403	0	None	None
ChainingRodShaped	1309	3.61099	0.5	-39.7865	30.714	0	0.743689	-0.668525	0	None	None
ChainingRodShaped	1311	4.04333	0.5	-49.3416	28.059	0	0.606216	-0.7953	0	None	None
ChainingRodShaped	1313	4.27643	0.5	-55.369	48.8077	0	-0.895437	0.445189	0	None	None
ChainingRodShaped	1315	3.59855	0.5	-37.447	57.6188	0	0.581144	-0.813801	0	None	None
ChainingRodShaped	1317	4.12253	0.5	-1.18298	10.286	0	0.968166	0.250307	0	None	None
ChainingRodShaped	2266	2.47834	0.5	-49.0267	58.3591	0	-0.483588	-0.875296	0	None	None
ChainingRodShaped	2146	2.94508	0.5	-40.4912	49.9196	0	0.787627	-0.616153	0	None	None
ChainingRodShaped	1323	3.39719	0.5	-169.923	-34.4172	0	-0.887123	0.461532	0	926	1322
ChainingRodShaped	1325	4.60844	0.5	-45.3481	43.2355	0	0.158218	-0.987404	0	None	None
ChainingRodShaped	2134	2.77888	0.5	-41.6403	69.4674	0	0.792486	0.60989	0	None	None
ChainingRodShaped	1329	3.83856	0.5	-65.4178	49.0499	0	-0.186402	-0.982474	0	None	None
ChainingRodShaped	1331	3.66022	0.5	-45.7814	20.7602	0	-0.973022	-0.230714	0	None	None
ChainingRodShaped	2374	2.03027	0.5	-19.9665	63.1666	0	0.459432	-0.888213	0	None	None
ChainingRodShaped	2170	2.7974	0.5	-25.3476	53.5912	0	0.118294	-0.992979	0	None	None
ChainingRodShaped	1337	4.2798	0.5	-20.0271	11.3535	0	0.994717	0.102653	0	None	None
ChainingRodShaped	2292	2.29169	0.5	-10.3125	40.0011	0	0.932097	-0.36221	0	None	None
ChainingRodShaped	2304	2.201	0.5	-63.5444	38.7249	0	0.653728	-0.75673	0	None	None
ChainingRodShaped	1343	4.17233	0.5	-16.1567	12.7456	0	0.994832	0.101533	0	None	None
ChainingRodShaped	2230	2.50859	0.5	-41.2687	5.65818	0	-0.414291	0.910145	0	None	None
ChainingRodShaped	1347	3.68307	0.5	-12.7353	13.9809	0	0.998139	0.0609807	0	None	None
ChainingRodShaped	2186	2.48179	0.5	-58.758	51.6584	0	-0.896945	0.442142	0	None	None
ChainingRodShaped	2226	2.62266	0.5	-41.9952	36.6531	0	0.720269	-0.693695	0	None	None
ChainingRodShaped	1353	3.44798	0.5	-16.3655	57.4251	0	0.794713	0.606985	0	None	None
ChainingRodShaped	1355	3.79637	0.5	-21.153	51.8476	0	0.410184	0.912003	0	None	None
ChainingRodShaped	2164	2.40031	0.5	-16.9268	47.4561	0	0.545873	0.837868	0	None	None
ChainingRodShaped	1359	4.02186	0.5	-83.4997	-31.791	0	0.0211087	-0.999777	0	824	1358
ChainingRodShaped	2344	2.08684	0.5	-52.4439	15.5992	0	-0.912643	0.408759	0	2345	1360
ChainingRodShaped	1363	3.33461	0.5	125.942	76.3856	0	0.316362	-0.948639	0	2192	1362
ChainingRodShaped	1365	3.87391	0.5	-31.0862	58.5976	0	0.429737	-0.902954	0	None	None
ChainingRodShaped	1367	4.58743	0.5	-50.7911	50.4958	0	0.0887584	-0.996053	0	None	None
ChainingRodShaped	1369	4.00955	0.5	-1.82125	31.5158	0	0.711988	-0.702191	0	None	None
ChainingRodShaped	2148	2.96832	0.5	-62.8083	39.3689	0	0.654201	-0.75632	0	None	None
ChainingRodShaped	1373	4.30262	0.5	-35.229	31.0754	0	0.894482	-0.447103	0	None	None
ChainingRodShaped	1375	4.29944	0.5	-29.3303	1.19042	0	0.87267	0.488311	0	None	None
ChainingRodShaped	1377	3.48653	0.5	-10.1966	27.6653	0	0.977328	-0.211731	0	None	None
ChainingRodShaped	2234	2.2826	0.5	-27.1045	65.919	0	0.997448	-0.0713982	0	None	None
ChainingRodShaped	1381	4.87605	0.5	-15.7022	54.1794	0	0.999943	0.0107021	0	None	None
ChainingRodShaped	1383	4.05467	0.5	-34.7708	61.9927	0	-0.320642	0.9472	0	None	None
ChainingRodShaped	1385	3.29695	0.5	-86.7621	42.9776	0	-0.95994	0.280205	0	2240	1384
ChainingRodShaped	1387	4.6594	0.5	-1.0761	32.094	0	0.712909	-0.701257	0	None	None
ChainingRodShaped	1389	3.76708	0.5	-34.3297	11.9388	0	0.999352	0.0359896	0	None	None
ChainingRodShaped	1391	4.34805	0.5	-11.3301	25.0418	0	-0.96253	-0.271177	0	None	None
ChainingRodShaped	2286	2.1952	0.5	-60.8463	30.0717	0	0.910868	-0.412698	0	None	None
ChainingRodShaped	2332	2.11319	0.5	-14.931	30.0398	0	0.469243	-0.883069	0	None	None
ChainingRodShaped	1397	4.36453	0.5	-22.8719	58.8901	0	0.989764	0.142713	0	None	None
ChainingRodShaped	2318	2.14895	0.5	-43.7555	27.6454	0	0.743886	-0.668307	0	None	None
ChainingRodShaped	1401	3.47893	0.5	-2.96552	45.483	0	-0.489882	-0.871789	0	None	None
ChainingRodShaped	1403	4.25335	0.5	-26.6552	121.592	0	-0.641551	-0.767081	0	2322	1402
ChainingRodShaped	1405	3.87197	0.5	-3.76155	12.3199	0	0.992159	-0.124981	0	None	None
ChainingRodShaped	1407	3.75781	0.5	-13.6114	51.6364	0	0.805958	0.591973	0	None	None
ChainingRodShaped	1409	4.78158	0.5	111.573	23.8082	0	-0.787487	-0.616331	0	1648	1408
ChainingRodShaped	1411	3.9708	0.5	-36.3067	46.564	0	0.738967	-0.673742	0	None	None
ChainingRodShaped	1413	3.94104	0.5	-9.12553	53.026	0	0.565054	-0.825054	0	None	None
ChainingRodShaped	1415	3.11055	0.5	-5.66841	63.7068	0	0.994102	-0.108445	0	801	1414
ChainingRodShaped	2260	2.39831	0.5	-56.3481	48.2228	0	-0.890938	0.454125	0	None	None
ChainingRodShaped	1419	3.32045	0.5	-47.5723	7.95926	0	0.561241	-0.827652	0	None	None
ChainingRodShaped	1421	3.67208	0.5	-29.9692	11.2961	0	0.996721	0.0809204	0	None	None
ChainingRodShaped	1423	4.63349	0.5	-0.817538	37.1003	0	0.147962	-0.988993	0	None	None
ChainingRodShaped	1425	3.97175	0.5	158.734	182.073	0	-0.5725	-0.819904	0	None	1424
ChainingRodShaped	1427	3.83868	0.5	-30.0343	7.64421	0	0.507409	-0.861705	0	None	None
ChainingRodShaped	1429	3.74887	0.5	-44.9407	6.2505	0	0.670478	-0.74193	0	None	None
ChainingRodShaped	2278	2.28083	0.5	-19.0202	63.4196	0	0.455509	-0.890231	0	None	None
ChainingRodShaped	1433	3.57948	0.5	-49.8341	50.3253	0	0.0883125	-0.996093	0	None	None
ChainingRodShaped	1435	3.68435	0.5	-150.072	-45.5459	0	-0.86051	0.509434	0	2016	1434
ChainingRodShaped	1437	3.48325	0.5	55.3878	11.43	0	-0.442462	-0.896787	0	1140	1436
ChainingRodShaped	1439	3.33634	0.5	-12.2344	33.8821	0	0.995394	-0.095871	0	None	None
ChainingRodShaped	1441	3.89469	0.5	-23.1475	9.51038	0	0.789213	-0.61412	0	None	None
ChainingRodShaped	1443	4.64486	0.5	-28.908	14.2159	0	-0.99552	-0.0945486	0	None	None
ChainingRodShaped	1445	4.52346	0.5	-16.759	42.9302	0	0.957971	0.286867	0	None	None
ChainingRodShaped	1447	3.33528	0.5	-61.111	25.8399	0	-0.89497	0.446126	0	None	None
ChainingRodShaped	1449	4.33407	0.5	-50.0212	56.3677	0	0.880215	-0.474576	0	None	None
ChainingRodShaped	1451	4.55616	0.5	-54.97	56.4644	0	0.281288	-0.959624	0	None	None
ChainingRodShaped	1453	4.7755	0.5	-45.4433	31.21	0	0.939385	-0.342864	0	None	None
ChainingRodShaped	2248	2.25368	0.5	-20.2552	39.8746	0	0.964047	-0.265733	0	None	None
ChainingRodShaped	2258	2.36003	0.5	-23.5961	25.8915	0	0.881876	0.471481	0	None	None
ChainingRodShaped	1459	3.79031	0.5	-40.9297	21.7484	0	-0.81111	-0.584893	0	None	None
ChainingRodShaped	1461	3.54352	0.5	-58.5533	25.1853	0	0.538402	-0.842688	0	None	None
ChainingRodShaped	1463	3.40418	0.5	49.8805	44.7108	0	0.442874	-0.896584	0	1856	1462
ChainingRodShaped	1465	4.88578	0.5	-42.6197	38.5622	0	0.720484	-0.693472	0	None	None
ChainingRodShaped	1467	4.22474	0.5	-1.25192	44.7535	0	-0.0455015	-0.998964	0	None	None
ChainingRodShaped	1469	3.30855	0.5	138.893	154.398	0	-0.596192	-0.802842	0	1784	1468
ChainingRodShaped	1471	3.4374	0.5	-40.6733	19.4386	0	-0.260313	-0.965524	0	None	None
ChainingRodShaped	1473	4.10132	0.5	-66.411	30.0576	0	0.93982	-0.341669	0	None	None
ChainingRodShaped	1475	4.85586	0.5	-10.1872	11.1643	0	0.998621	0.0525015	0	None	None
ChainingRodShaped	1477	3.3735	0.5	58.8646	27.0123	0	-0.459693	0.888078	0	1674	1476
ChainingRodShaped	1479	3.75703	0.5	-21.2755	2.30821	0	0.999943	-0.0106646	0	None	None
ChainingRodShaped	1481	3.44909	0.5	-36.9555	9.99978	0	0.999905	-0.0137985	0	None	None
ChainingRodShaped	1483	4.52539	0.5	-27.9603	-0.17194	0	0.994906	0.100803	0	None	None
ChainingRodShaped	1485	4.0645	0.5	-63.9489	37.6943	0	0.653321	-0.757081	0	None	None
ChainingRodShaped	1487	3.42406	0.5	-5.08583	137.701	0	-0.916936	-0.399034	0	874	1486
ChainingRodShaped	1489	4.11604	0.5	-20.9209	-1.88117	0	0.991202	-0.13236	0	None	None
ChainingRodShaped	1491	3.55728	0.5	-4.87054	38.1804	0	0.120916	-0.992663	0	None	None
ChainingRodShaped	1493	3.07698	0.5	8.87345	141.558	0	-0.993709	-0.11199	0	1080	1492
ChainingRodShaped	1495	4.42422	0.5	-31.698	52.8491	0	0.802745	-0.596322	0	None	None
ChainingRodShaped	1497	4.50562	0.5	-24.6299	23.2397	0	-0.879293	-0.476282	0	None	None
ChainingRodShaped	2326	2.22506	0.5	-54.8161	36.0592	0	0.817765	-0.575552	0	None	None
ChainingRodShaped	1501	4.11796	0.5	-64.0422	23.7536	0	-0.727071	0.686563	0	727	1500
ChainingRodShaped	1503	2.94437	0.5	55.4133	34.7157	0	-0.382705	0.923871	0	1476	1502
ChainingRodShaped	1505	4.70247	0.5	-35.1555	24.9538	0	0.905522	-0.424298	0	None	None
ChainingRodShaped	1507	4.21236	0.5	-55.3499	32.7129	0	0.875105	-0.483933	0	None	None
ChainingRodShaped	1509	3.82558	0.5	-58.2406	42.4554	0	0.841221	-0.540692	0	None	None
ChainingRodShaped	1511	4.71754	0.5	-29.4044	31.2901	0	0.999773	-0.0213214	0	None	None
ChainingRodShaped	1513	4.09083	0.5	-32.4998	63.9616	0	0.982089	-0.188417	0	None	None
ChainingRodShaped	1515	4.162	0.5	53.6944	36.3653	0	0.394881	-0.918732	0	1462	1514
ChainingRodShaped	2358	2.09118	0.5	-0.394892	23.4197	0	0.988311	-0.15245	0	None	None
ChainingRodShaped	1519	3.80691	0.5	-85.125	-42.1911	0	-0.334837	-0.942276	0	1358	1518
ChainingRodShaped	1521	3.71632	0.5	30.3412	138.072	0	-0.900178	0.435521	0	1096	1520
ChainingRodShaped	1523	4.71375	0.5	-58.894	44.307	0	0.773728	-0.633518	0	None	None
ChainingRodShaped	1525	3.23492	0.5	-12.2318	19.745	0	-0.999357	-0.0358654	0	None	None
ChainingRodShaped	1527	3.71786	0.5	-70.7161	30.7598	0	-0.667054	0.745009	0	1500	1526
ChainingRodShaped	1529	4.46384	0.5	-55.5844	31.7397	0	0.877807	-0.479014	0	None	None
ChainingRodShaped	1531	4.26077	0.5	-10.8872	36.0655	0	0.907671	-0.419682	0	None	None
ChainingRodShaped	1533	4.16586	0.5	-50.8609	39.3536	0	0.857829	-0.513934	0	None	None
ChainingRodShaped	1535	4.84182	0.5	-9.13214	49.6051	0	0.582788	-0.812624	0	None	None
ChainingRodShaped	1537	4.63782	0.5	-41.4035	62.1988	0	-0.0585191	-0.998286	0	None	None
ChainingRodShaped	1539	3.53648	0.5	-15.5841	41.1136	0	0.921329	-0.388785	0	None	None
ChainingRodShaped	1541	3.4883	0.5	-34.4469	36.3031	0	0.980434	-0.196847	0	None	None
ChainingRodShaped	1543	3.15811	0.5	-11.5277	41.4952	0	0.928426	-0.371517	0	None	None
ChainingRodShaped	1545	4.29522	0.5	-42.7618	5.29117	0	0.677865	-0.735187	0	None	None
ChainingRodShaped	1547	3.50109	0.5	-15.7349	63.6759	0	0.930452	-0.366414	0	None	None
ChainingRodShaped	2366	2.0306	0.5	4.24544	34.7714	0	-0.07802	-0.996952	0	None	None
ChainingRodShaped	1551	3.88228	0.5	-7.11175	33.8866	0	0.980872	-0.194651	0	None	None
ChainingRodShaped	1553	3.13665	0.5	-49.4144	37.4292	0	0.951296	-0.308279	0	None	None
ChainingRodShaped	1555	4.58178	0.5	-32.8803	60.1678	0	0.420917	-0.907099	0	None	None
ChainingRodShaped	1557	3.40577	0.5	-57.5191	28.2951	0	0.842569	-0.538589	0	None	None
ChainingRodShaped	1559	3.88243	0.5	-32.4606	40.0085	0	0.998693	-0.0511097	0	None	None
ChainingRodShaped	1561	3.83263	0.5	-31.6323	42.8233	0	0.999482	-0.0321904	0	None	None
ChainingRodShaped	1563	3.11128	0.5	-1.20826	8.27305	0	0.969894	0.243527	0	None	None
ChainingRodShaped	1565	3.23069	0.5	-66.3835	31.0699	0	0.936356	-0.351051	0	None	None
ChainingRodShaped	1567	3.58802	0.5	-101.301	3.3128	0	0.580008	-0.814611	0	820	1566
ChainingRodShaped	1569	3.15089	0.5	49.1251	3.86207	0	-0.804051	-0.59456	0	1436	1568
ChainingRodShaped	1571	3.35052	0.5	-32.0856	40.9302	0	0.998916	-0.0465598	0	None	None
ChainingRodShaped	1573	4.89525	0.5	-30.3226	6.28524	0	0.515998	-0.85659	0	None	None
ChainingRodShaped	1575	3.17165	0.5	1.52843	21.2498	0	-0.997007	0.0773166	0	None	None
ChainingRodShaped	1577	4.80272	0.5	-64.8087	44.5999	0	0.660763	-0.750595	0	None	None
ChainingRodShaped	1579	4.47633	0.5	4.30542	21.5615	0	0.407278	-0.913304	0	None	None
ChainingRodShaped	1581	3.14121	0.5	46.4647	54.5927	0	-0.34921	0.937045	0	2364	1580
ChainingRodShaped	1583	4.42891	0.5	-94.401	-54.8435	0	-0.787229	-0.616661	0	839	1582
ChainingRodShaped	1585	3.9111	0.5	71.0906	14.4904	0	-0.902677	0.430319	0	1734	1584
ChainingRodShaped	1587	3.08821	0.5	-62.4002	24.8794	0	-0.702583	0.711602	0	None	None
ChainingRodShaped	1589	3.46472	0.5	-179.031	-29.833	0	-0.898673	0.43862	0	1322	1588
ChainingRodShaped	1591	3.35599	0.5	-19.5345	67.1268	0	0.928057	-0.372438	0	1204	1590
ChainingRodShaped	1593	3.75502	0.5	-33.3639	4.08113	0	0.266538	-0.963825	0	None	None
ChainingRodShaped	1595	3.39655	0.5	-42.8464	40.107	0	0.713513	-0.700642	0	None	None
ChainingRodShaped	1597	3.75102	0.5	-21.0454	3.2699	0	0.999875	-0.0157805	0	None	None
ChainingRodShaped	1599	3.18926	0.5	-31.6836	53.9842	0	0.796739	-0.604323	0	None	None
ChainingRodShaped	1601	3.60421	0.5	-21.3254	22.873	0	-0.544447	-0.838795	0	None	None
ChainingRodShaped	1603	4.7691	0.5	-19.9528	23.2699	0	-0.544761	-0.838592	0	None	None
ChainingRodShaped	1605	3.68723	0.5	0.996851	49.1576	0	-0.0857939	-0.996313	0	None	None
ChainingRodShaped	1607	3.9784	0.5	-52.4113	62.6785	0	-0.610583	-0.791952	0	None	None
ChainingRodShaped	1609	4.40473	0.5	-45.9695	52.6923	0	-0.961289	-0.275542	0	None	None
ChainingRodShaped	1611	4.87167	0.5	-48.614	35.1928	0	0.953797	-0.300451	0	None	None
ChainingRodShaped	1613	4.68401	0.5	-45.1578	51.9666	0	-0.962801	-0.270213	0	None	None
ChainingRodShaped	1615	3.03294	0.5	-22.6249	44.8694	0	0.818635	0.574314	0	None	None
ChainingRodShaped	1617	4.49082	0.5	2.07563	46.9768	0	0.0382747	-0.999267	0	None	None
ChainingRodShaped	1619	3.50635	0.5	-4.32465	52.633	0	0.957304	0.289081	0	None	None
ChainingRodShaped	1621	4.11408	0.5	-26.7407	17.3587	0	-0.815615	-0.578595	0	None	None
ChainingRodShaped	1623	4.75638	0.5	-22.8342	50.3929	0	0.0684342	0.997656	0	None	None
ChainingRodShaped	1625	3.08668	0.5	-34.0449	33.1815	0	0.999855	-0.0170261	0	None	None
ChainingRodShaped	1627	3.11266	0.5	-54.4785	44.0975	0	0.935813	-0.352497	0	None	None
ChainingRodShaped	1629	4.56373	0.5	-0.595677	2.53178	0	-0.981138	0.19331	0	None	None
ChainingRodShaped	1631	4.80793	0.5	-25.7276	21.3999	0	-0.835783	-0.54906	0	None	None
ChainingRodShaped	1633	3.42957	0.5	-16.286	39.3774	0	0.924755	-0.380563	0	None	None
ChainingRodShaped	1635	3.91043	0.5	-10.4623	2.0998	0	-0.735387	0.677648	0	None	None
ChainingRodShaped	1637	3.93343	0.5	-31.3039	29.324	0	0.998624	0.0524447	0	None	None
ChainingRodShaped	1639	3.50783	0.5	-42.7352	66.1039	0	-0.296364	-0.955075	0	None	None
ChainingRodShaped	1641	3.37575	0.5	-22.1312	-0.625631	0	0.999993	-0.00362964	0	None	None
ChainingRodShaped	1643	3.22422	0.5	-131.815	-55.7788	0	-0.899141	0.43766	0	1186	1642
ChainingRodShaped	1645	4.44091	0.5	-57.0199	38.4192	0	0.891598	-0.452828	0	None	None
ChainingRodShaped	1647	3.82823	0.5	-41.417	67.0137	0	-0.300261	-0.953857	0	None	None
ChainingRodShaped	1649	3.23182	0.5	118.832	30.4057	0	-0.676015	-0.736888	0	2066	1648
ChainingRodShaped	1651	3.28489	0.5	-24.1927	31.4325	0	-0.790792	0.612085	0	None	None
ChainingRodShaped	1653	3.91252	0.5	-5.83088	16.1196	0	-0.999489	0.0319696	0	None	None
ChainingRodShaped	1655	4.49888	0.5	-42.2415	14.0817	0	-0.994404	0.10564	0	None	None
ChainingRodShaped	1657	3.29424	0.5	39.6392	58.3547	0	0.779876	-0.625935	0	2096	1656
ChainingRodShaped	1659	4.618	0.5	-10.1335	10.1997	0	0.99833	0.057769	0	None	None
ChainingRodShaped	1661	3.06698	0.5	-44.4469	51.1614	0	-0.96005	-0.279827	0	None	None
ChainingRodShaped	1663	4.34885	0.5	-8.53275	32.2947	0	0.976782	-0.214236	0	None	None
ChainingRodShaped	1665	3.64677	0.5	-11.9176	23.9216	0	-0.965013	-0.262201	0	None	None
ChainingRodShaped	1667	3.87661	0.5	-6.43266	59.2458	0	0.807358	-0.590061	0	None	None
ChainingRodShaped	1669	3.65985	0.5	3.95408	13.1658	0	0.979412	-0.20187	0	None	None
ChainingRodShaped	1671	3.13554	0.5	-38.2925	68.3259	0	-0.661978	-0.749523	0	None	None
ChainingRodShaped	1673	3.36017	0.5	-51.9209	52.309	0	0.0880797	-0.996113	0	None	None
ChainingRodShaped	1675	3.74304	0.5	63.9002	19.7681	0	-0.682475	0.730909	0	1584	1674
ChainingRodShaped	1677	3.8322	0.5	-51.4018	40.8006	0	0.852815	-0.522214	0	None	None
ChainingRodShaped	1679	3.63585	0.5	-33.0479	46.5816	0	0.999613	-0.0278152	0	None	None
ChainingRodShaped	1681	4.56707	0.5	-68.0116	43.1368	0	0.112828	-0.993614	0	None	None
ChainingRodShaped	1683	3.13084	0.5	-42.0121	57.4045	0	0.630157	-0.776468	0	None	None
ChainingRodShaped	1685	3.49261	0.5	-61.6916	45.4814	0	0.648853	-0.760914	0	None	None
ChainingRodShaped	1687	4.53904	0.5	-14.6017	45.6276	0	0.93575	0.352663	0	None	None
ChainingRodShaped	1689	3.98404	0.5	-16.4981	30.9936	0	0.477731	-0.878506	0	None	None
ChainingRodShaped	1691	4.16604	0.5	2.3887	16.1316	0	-0.879517	0.475868	0	None	None
ChainingRodShaped	1693	3.75711	0.5	-47.7183	32.9943	0	0.947598	-0.319464	0	None	None
ChainingRodShaped	1695	3.30353	0.5	-2.22993	13.086	0	0.993359	-0.115057	0	None	None
ChainingRodShaped	1697	4.1569	0.5	-34.6571	5.17333	0	0.262096	-0.965042	0	None	None
ChainingRodShaped	1699	3.37589	0.5	-31.4056	16.8145	0	-0.997337	-0.0729357	0	None	None
ChainingRodShaped	1701	3.07155	0.5	-48.0659	34.0706	0	0.950738	-0.309994	0	None	None
ChainingRodShaped	1703	3.75281	0.5	-108.721	16.5819	0	0.350446	-0.936583	0	2122	1702
ChainingRodShaped	1705	3.21834	0.5	-54.9662	11.2963	0	0.871344	-0.490673	0	None	None
ChainingRodShaped	1707	4.42949	0.5	-42.5991	11.4226	0	0.894705	-0.446657	0	None	None
ChainingRodShaped	1709	3.83564	0.5	-17.499	51.7137	0	0.597259	0.802049	0	None	None
ChainingRodShaped	1711	3.80855	0.5	-62.6656	45.1377	0	0.650051	-0.759891	0	None	None
ChainingRodShaped	1713	3.27159	0.5	-96.0438	-3.66164	0	0.613495	-0.789699	0	1566	1712
ChainingRodShaped	1715	3.82183	0.5	-17.7053	5.58341	0	0.832572	-0.553917	0	None	None
ChainingRodShaped	1717	4.40381	0.5	-42.5613	35.9046	0	0.721145	-0.692784	0	None	None
ChainingRodShaped	1719	3.96786	0.5	-35.9616	62.5118	0	-0.320442	0.947268	0	None	None
ChainingRodShaped	1721	3.4529	0.5	-1.64081	9.16666	0	0.969087	0.246718	0	None	None
ChainingRodShaped	1723	3.33038	0.5	-41.7083	22.331	0	-0.813482	-0.581591	0	None	None
ChainingRodShaped	1725	2.87161	0.5	129.184	56.7465	0	-0.0272027	-0.99963	0	1120	1724
ChainingRodShaped	1727	4.40078	0.5	-21.7325	42.1233	0	0.970813	-0.239839	0	None	None
ChainingRodShaped	1729	3.30617	0.5	-32.574	62.9906	0	0.981951	-0.189136	0	None	None
ChainingRodShaped	1731	4.04178	0.5	-34.2692	19.4729	0	-0.999972	0.00741722	0	None	None
ChainingRodShaped	1733	2.99675	0.5	-33.6558	13.8696	0	-0.998524	-0.0543186	0	None	None
ChainingRodShaped	1735	3.42593	0.5	79.3198	12.292	0	-0.997418	0.0718198	0	995	1734
ChainingRodShaped	1737	3.03689	0.5	-40.1545	63.543	0	-0.120519	-0.992711	0	None	None
ChainingRodShaped	1739	2.94806	0.5	-11.3186	5.87211	0	0.67711	-0.735882	0	None	None
ChainingRodShaped	1741	4.22687	0.5	2.45942	12.4278	0	0.984842	-0.173454	0	None	None
ChainingRodShaped	1743	3.82902	0.5	-38.3433	43.5991	0	0.924391	0.381446	0	None	None
ChainingRodShaped	1745	2.93381	0.5	-1.16793	34.0512	0	0.908735	-0.417373	0	None	None
ChainingRodShaped	1747	3.10448	0.5	-41.8895	26.0098	0	0.999882	0.0153773	0	None	None
ChainingRodShaped	1749	3.09441	0.5	-5.85366	48.6917	0	-0.590578	-0.80698	0	None	None
ChainingRodShaped	1751	3.5641	0.5	-23.1861	39.5546	0	0.963222	-0.268707	0	None	None
ChainingRodShaped	1753	3.3218	0.5	-17.0031	8.97176	0	0.929613	-0.368538	0	None	None
ChainingRodShaped	1755	3.88448	0.5	133.561	147.148	0	-0.586064	-0.810265	0	1468	1754
ChainingRodShaped	1757	3.7379	0.5	-36.5456	45.5318	0	0.734538	-0.678567	0	None	None
ChainingRodShaped	1759	2.99678	0.5	-50.3606	63.7255	0	-0.582365	-0.812927	0	None	None
ChainingRodShaped	1761	4.02806	0.5	-7.46784	31.0652	0	0.97734	-0.211677	0	None	None
ChainingRodShaped	1763	3.17183	0.5	-23.6777	35.7624	0	0.960364	-0.278749	0	None	None
ChainingRodShaped	1765	4.24092	0.5	17.6525	7.58162	0	0.8663	-0.499524	0	None	None
ChainingRodShaped	1767	4.06053	0.5	-52.2908	22.6456	0	0.900003	-0.435884	0	None	None
ChainingRodShaped	1769	2.89089	0.5	-15.1301	26.3875	0	-0.998556	0.0537166	0	None	None
ChainingRodShaped	1771	3.05279	0.5	-39.0724	32.5796	0	0.730162	-0.683274	0	None	None
ChainingRodShaped	1773	3.18255	0.5	-55.2067	35.1684	0	0.811965	-0.583706	0	None	None
ChainingRodShaped	1775	3.87938	0.5	-186.977	-26.0469	0	-0.906121	0.423018	0	1588	1774
ChainingRodShaped	1777	3.66676	0.5	-8.04536	18.7566	0	-0.90879	0.417254	0	None	None
ChainingRodShaped	1779	4.0414	0.5	-25.1493	62.8862	0	-0.999031	0.0440124	0	None	None
ChainingRodShaped	1781	3.25671	0.5	27.931	2.92317	0	-0.898503	0.438968	0	2206	1780
ChainingRodShaped	1783	3.54278	0.5	-21.9868	64.5284	0	-0.55998	0.828506	0	None	None
ChainingRodShaped	1785	3.34181	0.5	143.749	160.973	0	-0.590929	-0.806724	0	1792	1784
ChainingRodShaped	1787	3.385	0.5	-34.4506	79.8683	0	0.481384	-0.87651	0	1896	1786
ChainingRodShaped	1789	4.30691	0.5	-20.0212	44.5372	0	0.73764	0.675194	0	None	None
ChainingRodShaped	1791	4.08904	0.5	-66.8655	36.6124	0	0.929539	0.368724	0	None	None
ChainingRodShaped	1793	2.80898	0.5	148.815	167.972	0	-0.581486	-0.813557	0	1890	1792
ChainingRodShaped	1795	3.83651	0.5	-31.2176	32.7494	0	0.904228	0.42705	0	None	None
ChainingRodShaped	1797	2.64509	0.5	-42.2066	13.0809	0	-0.994789	0.101959	0	2098	1796
ChainingRodShaped	1799	3.44139	0.5	-33.6288	-3.03476	0	0.971096	-0.238688	0	None	None
ChainingRodShaped	1801	3.92264	0.5	5.89459	29.7929	0	0.091519	-0.995803	0	None	None
ChainingRodShaped	1803	3.31493	0.5	-49.4445	19.3257	0	-0.998937	-0.046086	0	None	None
ChainingRodShaped	1805	3.65939	0.5	-52.8797	44.6399	0	0.95337	-0.301804	0	None	None
ChainingRodShaped	1807	3.84	0.5	5.94827	5.6371	0	-0.750426	-0.660955	0	None	None
ChainingRodShaped	1809	3.82975	0.5	-27.3881	6.85317	0	0.869907	-0.493215	0	None	None
ChainingRodShaped	1811	3.31846	0.5	-25.4246	8.90375	0	0.776772	-0.629782	0	None	None
ChainingRodShaped	1813	2.93068	0.5	-51.6854	14.1992	0	0.94476	-0.327764	0	None	None
ChainingRodShaped	1815	3.6785	0.5	-19.6776	30.906	0	0.567684	-0.823247	0	None	None
ChainingRodShaped	1817	3.6047	0.5	-47.3332	62.8858	0	-0.588374	-0.808589	0	None	None
ChainingRodShaped	1819	2.73939	0.5	5.03265	22.351	0	0.407746	-0.913095	0	None	None
ChainingRodShaped	1821	3.68857	0.5	-61.6829	48.4344	0	0.889519	-0.456898	0	None	None
ChainingRodShaped	1823	3.49773	0.5	-53.2745	24.3925	0	0.839257	-0.543734	0	None	None
ChainingRodShaped	1825	3.44458	0.5	-7.18802	28.0523	0	0.982669	-0.185368	0	None	None
ChainingRodShaped	1827	3.96531	0.5	-33.3339	6.72307	0	0.721205	-0.692722	0	None	None
ChainingRodShaped	1829	3.38748	0.5	-4.37811	28.4025	0	0.954656	-0.297713	0	None	None
ChainingRodShaped	1831	3.74893	0.5	-55.7703	21.6005	0	-0.533996	0.845487	0	None	None
ChainingRodShaped	1833	3.43824	0.5	-12.1285	38.6908	0	0.925331	-0.379161	0	None	None
ChainingRodShaped	1835	3.47328	0.5	-47.4675	16.6422	0	-0.992842	-0.119435	0	None	None
ChainingRodShaped	1837	3.27733	0.5	-62.0902	47.5335	0	0.888596	-0.458691	0	None	None
ChainingRodShaped	1839	3.35795	0.5	-49.3158	63.4942	0	-0.579916	-0.814676	0	None	None
ChainingRodShaped	1841	3.75802	0.5	-35.7044	35.5847	0	0.956625	-0.291323	0	None	None
ChainingRodShaped	1843	2.87047	0.5	-47.4637	3.57016	0	0.891968	-0.452099	0	None	None
ChainingRodShaped	1845	4.01499	0.5	-8.07948	23.6492	0	0.995149	0.0983745	0	None	None
ChainingRodShaped	1847	3.88747	0.5	-39.2687	0.400558	0	0.604673	0.796474	0	None	None
ChainingRodShaped	1849	3.16798	0.5	-21.0046	47.9743	0	0.4941	0.869405	0	None	None
ChainingRodShaped	1851	4.0456	0.5	-64.5545	42.8301	0	0.660282	-0.751018	0	None	None
ChainingRodShaped	1853	3.63322	0.5	5.26019	35.0627	0	-0.0764031	-0.997077	0	None	None
ChainingRodShaped	1855	2.97273	0.5	4.52944	10.0019	0	0.93982	0.34167	0	None	None
ChainingRodShaped	1857	3.08214	0.5	45.6919	51.8853	0	0.580779	-0.814061	0	1656	1856
ChainingRodShaped	1859	3.17305	0.5	-23.3459	38.6174	0	0.960923	-0.276816	0	None	None
ChainingRodShaped	1861	3.56412	0.5	-7.46789	24.7343	0	0.997612	0.0690738	0	None	None
ChainingRodShaped	1863	3.3959	0.5	117.722	106.648	0	0.028657	-0.999589	0	1005	1862
ChainingRodShaped	1865	3.75797	0.5	-55.9374	56.265	0	0.278907	-0.960318	0	None	None
ChainingRodShaped	1867	2.55612	0.5	-157.911	-40.9648	0	-0.867992	0.496577	0	1434	1866
ChainingRodShaped	1869	3.6769	0.5	-62.1589	27.4503	0	-0.913865	0.406019	0	None	None
ChainingRodShaped	1871	3.94179	0.5	-20.3359	33.2723	0	0.990635	-0.136537	0	None	None
ChainingRodShaped	1873	3.05243	0.5	-39.8321	54.0142	0	0.393558	-0.9193	0	None	None
ChainingRodShaped	1875	3.94287	0.5	-44.6626	48.0118	0	0.274928	-0.961465	0	None	None
ChainingRodShaped	1877	3.0328	0.5	1.01223	26.601	0	0.788101	-0.615546	0	None	None
ChainingRodShaped	1879	3.78259	0.5	-18.6796	43.3278	0	0.957483	0.288489	0	None	None
ChainingRodShaped	1881	3.06421	0.5	-11.0805	26.2676	0	0.983921	0.178606	0	None	None
ChainingRodShaped	1883	2.74342	0.5	-32.8148	26.5094	0	0.998738	0.0502303	0	None	None
ChainingRodShaped	1885	3.80382	0.5	-23.0806	15.7689	0	-0.992828	-0.119555	0	None	None
ChainingRodShaped	1887	2.69309	0.5	-42.7999	49.3692	0	0.775162	-0.631763	0	None	None
ChainingRodShaped	1889	3.08719	0.5	-37.1622	102.001	0	-0.219117	-0.975698	0	2294	1888
ChainingRodShaped	1891	2.66163	0.5	153.44	174.506	0	-0.574701	-0.818363	0	1424	1890
ChainingRodShaped	1893	3.74716	0.5	-56.5802	21.1111	0	-0.536366	0.843985	0	None	None
ChainingRodShaped	1895	3.48367	0.5	-24.5269	54.8158	0	-0.108363	0.994111	0	None	None
ChainingRodShaped	1897	2.54176	0.5	-37.4435	87.5643	0	0.227847	-0.973697	0	2276	1896
ChainingRodShaped	1899	3.4646	0.5	2.57604	19.2662	0	-0.998292	0.0584283	0	None	None
ChainingRodShaped	1901	2.63792	0.5	-48.3391	29.7901	0	0.616726	-0.787178	0	None	None
ChainingRodShaped	1903	3.19011	0.5	15.4282	64.1008	0	0.999024	0.0441714	0	2132	1902
ChainingRodShaped	1905	2.982	0.5	1.05231	51.9871	0	-0.976083	-0.2174	0	None	None
ChainingRodShaped	1907	2.75363	0.5	-58.5367	35.6372	0	0.614485	-0.788928	0	None	None
ChainingRodShaped	1909	2.81191	0.5	22.3263	140.938	0	-0.97526	0.221062	0	1520	1908
ChainingRodShaped	1911	3.74909	0.5	-25.3363	26.0134	0	0.877401	0.479757	0	None	None
ChainingRodShaped	1913	3.80559	0.5	-40.087	-2.12338	0	0.98122	0.192894	0	None	None
ChainingRodShaped	1915	2.86362	0.5	-15.1383	56.0771	0	0.999881	0.0154234	0	None	None
ChainingRodShaped	1917	3.5577	0.5	-46.2678	58.619	0	0.317946	-0.948109	0	None	None
ChainingRodShaped	1919	3.50598	0.5	-20.966	56.8207	0	0.435426	0.900225	0	None	None
ChainingRodShaped	1921	2.48437	0.5	-94.6625	43.7895	0	-0.994432	-0.105377	0	1384	1920
ChainingRodShaped	1923	2.61246	0.5	-34.5076	50.1214	0	0.815027	-0.579422	0	None	None
ChainingRodShaped	1925	3.11595	0.5	-45.2971	63.5895	0	-0.0286518	-0.999589	0	None	None
ChainingRodShaped	1927	3.46914	0.5	-43.8832	56.4265	0	0.619874	-0.784701	0	None	None
ChainingRodShaped	1929	2.66025	0.5	2.49344	41.6497	0	-0.440444	-0.89778	0	None	None
ChainingRodShaped	1931	3.7154	0.5	-33.4744	48.3494	0	0.878686	-0.477401	0	None	None
ChainingRodShaped	1933	3.45498	0.5	-48.8233	17.4335	0	-0.993935	-0.109968	0	None	None
ChainingRodShaped	1935	3.51643	0.5	-33.9402	23.3825	0	0.909724	-0.415215	0	None	None
ChainingRodShaped	1937	2.69899	0.5	126.744	43.4405	0	-0.327769	-0.944758	0	940	1936
ChainingRodShaped	1939	2.9102	0.5	-38.4899	39.3666	0	0.953732	-0.300657	0	None	None
ChainingRodShaped	1941	2.73123	0.5	-4.41099	15.1386	0	-0.999494	0.0317978	0	1117	1940
ChainingRodShaped	1943	2.60901	0.5	-109.871	31.1693	0	-0.261062	-0.965322	0	2308	1942
ChainingRodShaped	1945	3.02791	0.5	41.3339	130.559	0	-0.717637	0.696417	0	2376	1944
ChainingRodShaped	1947	3.53753	0.5	-51.5831	56.0784	0	0.868064	-0.496452	0	None	None
ChainingRodShaped	1949	2.64098	0.5	-55.3779	13.7962	0	-0.866839	0.498588	0	None	None
ChainingRodShaped	1951	3.15543	0.5	-38.8262	51.0535	0	0.778819	-0.627249	0	None	None
ChainingRodShaped	1953	2.66932	0.5	-32.0757	50.64	0	0.765278	-0.643699	0	None	None
ChainingRodShaped	1955	2.95086	0.5	-27.6503	55.852	0	0.413741	-0.910395	0	None	None
ChainingRodShaped	1957	3.2613	0.5	-37.8512	60.8756	0	0.961106	-0.276181	0	None	None
ChainingRodShaped	1959	3.63744	0.5	-14.1903	16.8001	0	-0.997863	-0.0653451	0	None	None
ChainingRodShaped	1961	2.61392	0.5	-22.5796	10.2659	0	0.790571	-0.61237	0	None	None
ChainingRodShaped	1963	2.76167	0.5	-42.8481	44.6311	0	0.219607	-0.975588	0	None	None
ChainingRodShaped	1965	2.9902	0.5	-29.6938	61.2116	0	0.687853	0.72585	0	None	None
ChainingRodShaped	1967	3.0163	0.5	-90.9933	-10.493	0	0.562104	-0.827067	0	1712	1966
ChainingRodShaped	1969	2.79153	0.5	-48.4637	45.6319	0	0.101417	-0.994844	0	None	None
ChainingRodShaped	1971	3.4256	0.5	-45.5116	21.7701	0	0.97528	0.220972	0	None	None
ChainingRodShaped	1973	2.66329	0.5	-7.93933	55.2732	0	0.962835	0.270092	0	None	None
ChainingRodShaped	1975	3.2442	0.5	-19.7651	15.2091	0	-0.992467	-0.122513	0	None	None
ChainingRodShaped	1977	3.60297	0.5	-48.1669	31.0975	0	0.614365	-0.789022	0	None	None
ChainingRodShaped	1979	3.27834	0.5	-21.2662	49.4151	0	0.48538	0.874303	0	None	None
ChainingRodShaped	1981	3.57401	0.5	-13.7627	17.7794	0	-0.998466	-0.0553642	0	None	None
ChainingRodShaped	1983	2.73172	0.5	-49.4669	61.5739	0	-0.571741	-0.820435	0	None	None
ChainingRodShaped	1985	3.1838	0.5	-37.4972	59.7856	0	0.961515	-0.274751	0	None	None
ChainingRodShaped	1987	3.52032	0.5	-22.0183	0.356378	0	0.999995	-0.00319978	0	None	None
ChainingRodShaped	1989	2.95419	0.5	125.856	135.584	0	-0.505848	-0.862623	0	1155	1988
ChainingRodShaped	1991	3.16615	0.5	-23.5337	59.7768	0	0.990429	0.138022	0	None	None
ChainingRodShaped	1993	2.59465	0.5	-9.73366	17.9745	0	-0.999076	0.0429889	0	None	None
ChainingRodShaped	1995	2.41647	0.5	45.926	83.5547	0	0.266339	0.963879	0	614	1994
ChainingRodShaped	1997	2.51522	0.5	118.868	118.861	0	-0.239386	-0.970924	0	1270	1996
ChainingRodShaped	1999	3.28618	0.5	-46.5165	9.88775	0	0.976348	-0.216207	0	None	None
ChainingRodShaped	2001	2.56535	0.5	-46.2165	11.7711	0	0.979146	-0.203159	0	None	None
ChainingRodShaped	2003	3.30439	0.5	-46.4929	10.8584	0	0.978277	-0.207302	0	None	None
ChainingRodShaped	2005	2.69963	0.5	-24.6072	9.46296	0	0.783025	-0.621991	0	None	None
ChainingRodShaped	2007	3.06612	0.5	-19.5141	10.4438	0	0.994833	0.10153	0	None	None
ChainingRodShaped	2009	3.36684	0.5	-35.5128	21.4335	0	0.998366	-0.0571511	0	None	None
ChainingRodShaped	2011	3.48464	0.5	-37.0161	14.731	0	-0.999895	-0.0145191	0	None	None
ChainingRodShaped	2013	3.25277	0.5	4.31151	5.61099	0	0.670457	0.741948	0	None	None
ChainingRodShaped	2015	3.24568	0.5	-53.3706	28.6013	0	0.976534	-0.215362	0	None	None
ChainingRodShaped	2017	2.5717	0.5	-143.333	-49.5174	0	-0.86434	0.502908	0	937	2016
ChainingRodShaped	2019	2.86324	0.5	-11.9002	8.95401	0	0.98296	-0.18382	0	None	None
ChainingRodShaped	2021	2.60168	0.5	-0.185396	46.5067	0	-0.0501285	-0.998743	0	None	None
ChainingRodShaped	2023	2.51632	0.5	-37.3646	9.05447	0	0.99997	-0.00780444	0	None	None
ChainingRodShaped	2025	3.26993	0.5	-7.01686	51.7658	0	0.0826195	0.996581	0	None	None
ChainingRodShaped	2027	3.09192	0.5	-48.7778	18.3823	0	-0.994986	-0.100014	0	None	None
ChainingRodShaped	2029	3.23744	0.5	-48.1312	5.04517	0	0.936921	-0.349541	0	None	None
ChainingRodShaped	2031	3.18559	0.5	-53.0225	8.15668	0	0.738025	-0.674773	0	None	None
ChainingRodShaped	2033	3.08028	0.5	-11.482	31.1154	0	0.900922	-0.433981	0	None	None
ChainingRodShaped	2035	2.41726	0.5	56.6207	28.4994	0	0.263263	-0.964724	0	1514	2034
ChainingRodShaped	2037	3.19123	0.5	-10.6947	63.3631	0	0.949955	-0.312387	0	None	None
ChainingRodShaped	2039	3.28714	0.5	-66.1205	33.7375	0	0.993333	-0.115276	0	None	None
ChainingRodShaped	2041	2.48009	0.5	-50.0781	25.953	0	0.978883	-0.204423	0	None	None
ChainingRodShaped	2043	2.55808	0.5	-20.3596	4.23133	0	0.999707	-0.0242039	0	None	None
ChainingRodShaped	2045	2.48102	0.5	-46.8791	22.5065	0	0.990299	0.13895	0	None	None
ChainingRodShaped	2047	3.25505	0.5	-32.0479	3.04784	0	0.295793	-0.955252	0	None	None
ChainingRodShaped	2049	2.48043	0.5	-4.04574	39.3274	0	0.130828	-0.991405	0	None	None
ChainingRodShaped	2051	2.69449	0.5	-56.3926	28.7357	0	0.837141	-0.546988	0	None	None
ChainingRodShaped	2053	3.21169	0.5	-46.3939	35.478	0	0.951291	-0.308295	0	None	None
ChainingRodShaped	2055	2.83126	0.5	7.16794	4.1914	0	0.155901	0.987773	0	None	None
ChainingRodShaped	2057	3.31358	0.5	-27.4423	45.5718	0	0.999484	-0.0321131	0	None	None
ChainingRodShaped	2059	2.79404	0.5	103.231	18.1511	0	-0.872635	-0.488373	0	1408	2058
ChainingRodShaped	2061	3.22779	0.5	-38.7425	64.5307	0	0.330844	-0.943685	0	None	None
ChainingRodShaped	2063	3.29057	0.5	-37.7363	56.3864	0	0.572876	-0.819642	0	None	None
ChainingRodShaped	2065	3.03755	0.5	-36.8575	40.2919	0	1	-0.000814076	0	None	None
ChainingRodShaped	2067	2.71845	0.5	123.478	36.5223	0	-0.519988	-0.854173	0	1936	2066
ChainingRodShaped	2069	3.2121	0.5	-49.5336	7.99217	0	0.845655	-0.53373	0	None	None
ChainingRodShaped	2071	2.73284	0.5	-24.9249	60.6687	0	-0.997966	-0.0637498	0	None	None
ChainingRodShaped	2073	2.69399	0.5	-33.4894	17.6539	0	-0.999921	-0.0125854	0	None	None
ChainingRodShaped	2075	2.88985	0.5	-27.2569	39.0634	0	0.999863	0.0165651	0	None	None
ChainingRodShaped	2077	2.86233	0.5	-8.03671	12.2366	0	0.99955	0.0299804	0	None	None
ChainingRodShaped	2079	3.06934	0.5	-40.5657	16.7713	0	-0.996841	0.0794281	0	None	None
ChainingRodShaped	2081	2.88611	0.5	-32.7893	25.5855	0	0.999041	0.0437862	0	None	None
ChainingRodShaped	2083	2.83812	0.5	-11.7074	13.0582	0	0.998164	0.0605664	0	None	None
ChainingRodShaped	2085	2.5362	0.5	-52.4734	45.5142	0	-0.952043	0.305963	0	None	None
ChainingRodShaped	2087	2.39705	0.5	-101.955	41.4488	0	-0.868423	-0.495824	0	1920	2086
ChainingRodShaped	2089	2.82784	0.5	-21.946	44.2252	0	0.812877	0.582435	0	None	None
ChainingRodShaped	2091	2.69141	0.5	-12.3259	22.8569	0	-0.967592	-0.252518	0	None	None
ChainingRodShaped	2093	2.42072	0.5	-3.6982	21.5051	0	-0.27182	-0.962348	0	None	None
ChainingRodShaped	2095	2.78234	0.5	-30.7289	38.0316	0	0.999851	0.0172359	0	None	None
ChainingRodShaped	2097	2.56935	0.5	33.5223	61.9005	0	0.936375	-0.351001	0	1208	2096
ChainingRodShaped	2099	2.46107	0.5	-35.4046	12.8456	0	-0.999662	-0.0259965	0	2320	2098
ChainingRodShaped	2101	2.42094	0.5	-63.3405	50.5106	0	-0.780973	-0.624564	0	None	None
ChainingRodShaped	2103	2.99526	0.5	-32.377	7.13596	0	0.715244	-0.698874	0	None	None
ChainingRodShaped	2105	2.70223	0.5	-34.9351	39.2383	0	0.990497	-0.137538	0	None	None
ChainingRodShaped	2107	2.45564	0.5	-57.4269	52.6138	0	-0.541862	0.840467	0	None	None
ChainingRodShaped	2109	2.77486	0.5	-14.7457	36.7211	0	0.926972	-0.375132	0	None	None
ChainingRodShaped	2111	2.41279	0.5	-8.76044	14.1607	0	0.999632	0.0271112	0	None	None
ChainingRodShaped	2113	3.02232	0.5	3.50432	6.18451	0	0.668883	0.743368	0	None	None
ChainingRodShaped	2115	2.98392	0.5	-38.5223	24.4879	0	0.901656	-0.432455	0	None	None
ChainingRodShaped	2117	2.3771	0.5	-19.7942	21.7784	0	-0.536353	-0.843994	0	None	None
ChainingRodShaped	2119	3.10746	0.5	-6.27213	17.0762	0	-0.999319	0.0368869	0	None	None
ChainingRodShaped	2121	2.66103	0.5	-32.1895	65.5832	0	0.940713	0.339203	0	None	None
ChainingRodShaped	2123	2.59659	0.5	-110.511	24.2021	0	0.074538	-0.997218	0	1942	2122
ChainingRodShaped	2125	2.79604	0.5	-42.9747	48.2955	0	0.768804	-0.639484	0	None	None
ChainingRodShaped	2127	2.53767	0.5	-56.7879	55.6349	0	0.277364	-0.960765	0	None	None
ChainingRodShaped	2129	2.38997	0.5	11.9034	11.7425	0	-0.914347	0.404932	0	1290	2128
ChainingRodShaped	2131	2.63132	0.5	-33.1357	37.1387	0	0.994039	-0.109024	0	None	None
ChainingRodShaped	2133	2.82495	0.5	7.77015	63.639	0	0.998083	0.0618894	0	1015	2132
ChainingRodShaped	2135	2.74747	0.5	-45.0159	68.0276	0	0.986753	0.16223	0	None	None
ChainingRodShaped	2137	2.3851	0.5	-21.913	16.8228	0	-0.991578	-0.129513	0	None	None
ChainingRodShaped	2139	2.57092	0.5	-36.6963	28.2145	0	0.693036	-0.720903	0	None	None
ChainingRodShaped	2141	2.88411	0.5	-15.5055	11.8718	0	0.995118	0.0986911	0	None	None
ChainingRodShaped	2143	2.84765	0.5	-25.4078	20.5342	0	-0.830262	-0.557373	0	None	None
ChainingRodShaped	2145	2.37395	0.5	-39.3288	50.2228	0	0.781426	-0.623997	0	None	None
ChainingRodShaped	2147	2.93075	0.5	-41.982	53.1271	0	0.00138792	-0.999999	0	None	None
ChainingRodShaped	2149	2.45182	0.5	-65.2471	42.1414	0	0.661341	-0.750086	0	None	None
ChainingRodShaped	2151	2.62612	0.5	-39.6286	31.824	0	0.736979	-0.675916	0	None	None
ChainingRodShaped	2153	2.90227	0.5	-12.0218	30.3312	0	0.900341	-0.435185	0	None	None
ChainingRodShaped	2155	2.35586	0.5	-47.3396	44.1887	0	0.145234	-0.989397	0	None	None
ChainingRodShaped	2157	2.84774	0.5	-14.6148	47.655	0	0.936796	0.349875	0	None	None
ChainingRodShaped	2159	2.49284	0.5	-44.491	66.6876	0	-0.872848	-0.487993	0	None	None
ChainingRodShaped	2161	2.93057	0.5	-43.5447	43.4428	0	0.177935	-0.984042	0	None	None
ChainingRodShaped	2163	2.63609	0.5	-3.76799	56.4468	0	0.895474	-0.445114	0	None	None
ChainingRodShaped	2165	2.44378	0.5	-18.2027	44.8538	0	0.791691	0.610922	0	None	None
ChainingRodShaped	2167	2.82902	0.5	-49.5456	29.7957	0	0.614145	-0.789193	0	None	None
ChainingRodShaped	2169	2.36967	0.5	-28.9173	8.81487	0	0.874798	-0.484488	0	None	None
ChainingRodShaped	2171	2.31858	0.5	-26.8788	56.458	0	0.404611	-0.914489	0	None	None
ChainingRodShaped	2173	2.74988	0.5	0.667184	6.53554	0	0.723221	-0.690617	0	None	None
ChainingRodShaped	2175	2.81353	0.5	-7.43257	20.5203	0	-0.902973	0.429697	0	None	None
ChainingRodShaped	2177	2.29876	0.5	-14.6859	49.66	0	0.936796	0.349876	0	None	None
ChainingRodShaped	2179	2.30194	0.5	-12.1184	14.9955	0	-0.998148	-0.0608375	0	1940	2178
ChainingRodShaped	2181	2.43142	0.5	-44.9856	23.9673	0	0.936159	0.351577	0	None	None
ChainingRodShaped	2183	2.35092	0.5	43.6914	71.6345	0	0.0454679	0.998966	0	1278	2182
ChainingRodShaped	2185	2.63141	0.5	-34.9917	54.3948	0	0.689923	-0.723883	0	None	None
ChainingRodShaped	2187	2.50775	0.5	-55.682	50.0318	0	-0.892658	0.450735	0	None	None
ChainingRodShaped	2189	2.28977	0.5	-27.1146	5.57236	0	0.866462	-0.499243	0	None	None
ChainingRodShaped	2191	2.71603	0.5	-15.9078	6.46272	0	-0.378591	0.925564	0	None	None
ChainingRodShaped	2193	2.48351	0.5	123.572	82.993	0	0.354359	-0.935109	0	1247	2192
ChainingRodShaped	2195	2.73988	0.5	1.64274	20.2815	0	-0.997729	0.0673511	0	None	None
ChainingRodShaped	2197	2.3535	0.5	-26.9396	44.617	0	0.999547	-0.0300949	0	None	None
ChainingRodShaped	2199	2.26057	0.5	-38.499	4.56386	0	0.623726	0.781643	0	None	None
ChainingRodShaped	2201	2.45725	0.5	-10.5271	53.3767	0	0.573286	-0.819355	0	None	None
ChainingRodShaped	2203	2.67641	0.5	-39.5985	27.9743	0	0.932403	-0.36142	0	None	None
ChainingRodShaped	2205	2.49182	0.5	48.3157	119.954	0	-0.345165	0.938542	0	1264	2204
ChainingRodShaped	2207	2.45831	0.5	34.7276	0.511745	0	-0.981078	0.193611	0	2228	2206
ChainingRodShaped	2209	2.4818	0.5	-2.22077	6.34448	0	0.812458	-0.583019	0	None	None
ChainingRodShaped	2211	2.3466	0.5	47.9815	90.6088	0	0.275786	0.961219	0	1994	2210
ChainingRodShaped	2213	2.64182	0.5	-42.3323	27.7422	0	0.807977	-0.589214	0	None	None
ChainingRodShaped	2215	2.59426	0.5	-25.0718	12.7012	0	0.992368	0.12331	0	None	None
ChainingRodShaped	2217	2.64848	0.5	-6.26154	26.8911	0	0.983735	-0.179623	0	None	None
ChainingRodShaped	2219	2.29513	0.5	-29.5097	41.8163	0	0.999912	-0.0132756	0	None	None
ChainingRodShaped	2221	2.43205	0.5	-52.8512	38.255	0	0.835609	-0.549324	0	None	None
ChainingRodShaped	2223	2.27056	0.5	-61.4613	36.2748	0	0.619029	-0.785368	0	None	None
ChainingRodShaped	2225	2.31393	0.5	51.7465	43.0536	0	-0.428665	0.903463	0	1502	2224
ChainingRodShaped	2227	2.46297	0.5	-44.6428	38.8766	0	0.84455	-0.535477	0	None	None
ChainingRodShaped	2229	2.4476	0.5	41.3482	0.434092	0	-0.983059	-0.183292	0	1568	2228
ChainingRodShaped	2231	2.48755	0.5	-40.0713	2.36944	0	-0.100459	0.994941	0	None	None
ChainingRodShaped	2233	2.40553	0.5	-20.7474	30.8111	0	-0.5668	0.823856	0	None	None
ChainingRodShaped	2235	2.3698	0.5	-30.2468	65.1008	0	0.955802	0.294012	0	None	None
ChainingRodShaped	2237	2.47337	0.5	-8.61625	5.6304	0	0.997875	-0.0651647	0	None	None
ChainingRodShaped	2239	2.35568	0.5	-22.3398	23.0645	0	-0.552807	-0.833309	0	None	None
ChainingRodShaped	2241	2.19664	0.5	-80.4167	40.0154	0	-0.823028	0.568	0	1039	2240
ChainingRodShaped	2243	2.41525	0.5	-29.5634	73.2975	0	0.714069	-0.700075	0	1786	2242
ChainingRodShaped	2245	2.39009	0.5	-2.61892	49.2322	0	-0.756521	-0.653969	0	None	None
ChainingRodShaped	2247	2.52661	0.5	-37.5029	10.946	0	0.999717	-0.0237821	0	None	None
ChainingRodShaped	2249	2.22133	0.5	-23.3797	40.5934	0	0.965823	-0.259204	0	None	None
ChainingRodShaped	2251	2.32062	0.5	-11.0096	58.8781	0	0.799255	0.600992	0	None	None
ChainingRodShaped	2253	2.40555	0.5	-25.2933	2.12192	0	0.998326	-0.0578381	0	None	None
ChainingRodShaped	2255	2.25365	0.5	-28.9793	43.7114	0	0.99988	-0.015523	0	None	None
ChainingRodShaped	2257	2.39873	0.5	-19.1757	5.40622	0	0.832926	-0.553384	0	None	None
ChainingRodShaped	2259	2.44162	0.5	-26.524	24.3447	0	0.888151	0.459551	0	None	None
ChainingRodShaped	2261	2.24401	0.5	-53.394	46.8262	0	-0.946168	0.323677	0	None	None
ChainingRodShaped	2263	2.27268	0.5	1.09465	37.5726	0	0.171286	-0.985221	0	None	None
ChainingRodShaped	2265	2.22291	0.5	-2.67506	47.8261	0	-0.713986	-0.70016	0	None	None
ChainingRodShaped	2267	2.35755	0.5	-47.298	61.2904	0	-0.586935	-0.809634	0	None	None
ChainingRodShaped	2269	2.32058	0.5	-11.5515	55.2749	0	0.958873	0.283837	0	None	None
ChainingRodShaped	2271	2.23568	0.5	0.133436	37.3385	0	0.157846	-0.987464	0	None	None
ChainingRodShaped	2273	2.42893	0.5	-44.227	64.5553	0	-0.0758327	-0.997121	0	None	None
ChainingRodShaped	2275	2.40994	0.5	-54.1772	57.2028	0	0.27168	-0.962388	0	None	None
ChainingRodShaped	2277	2.20796	0.5	-38.1614	94.1128	0	-0.0133407	-0.999911	0	1888	2276
ChainingRodShaped	2279	2.15326	0.5	-20.3925	66.1048	0	0.771758	-0.635917	0	None	None
ChainingRodShaped	2281	2.11978	0.5	-115.135	-60.9456	0	-0.99818	0.0602993	0	1217	2280
ChainingRodShaped	2283	2.31782	0.5	-10.64	42.9756	0	0.932854	0.360254	0	None	None
ChainingRodShaped	2285	2.23974	0.5	-58.0739	14.2207	0	0.861217	-0.508238	0	None	None
ChainingRodShaped	2287	2.33736	0.5	-63.7935	31.3183	0	0.982816	-0.18459	0	None	None
ChainingRodShaped	2289	2.27871	0.5	-5.53368	6.95711	0	0.679536	-0.733642	0	None	None
ChainingRodShaped	2291	2.21127	0.5	-32.3007	113.925	0	-0.527271	-0.849697	0	1402	2290
ChainingRodShaped	2293	2.35738	0.5	-13.366	41.2147	0	0.925171	-0.379551	0	None	None
ChainingRodShaped	2295	2.12374	0.5	-35.1374	108.451	0	-0.386997	-0.922081	0	2290	2294
ChainingRodShaped	2297	2.18228	0.5	-13.8548	21.5878	0	-0.999894	-0.0145442	0	None	None
ChainingRodShaped	2299	2.23324	0.5	-30.1064	50.0268	0	0.547637	-0.836716	0	None	None
ChainingRodShaped	2301	2.24331	0.5	-29.4042	57.2789	0	0.438766	-0.898602	0	None	None
ChainingRodShaped	2303	2.1956	0.5	-52.437	13.4247	0	0.947312	-0.320312	0	None	None
ChainingRodShaped	2305	2.25177	0.5	-65.6683	41.1355	0	0.666787	-0.745248	0	None	None
ChainingRodShaped	2307	2.17123	0.5	-28.6951	64.5611	0	0.91933	0.393488	0	None	None
ChainingRodShaped	2309	2.13956	0.5	-107.125	36.9166	0	-0.601621	-0.798782	0	2086	2308
ChainingRodShaped	2311	2.15928	0.5	-3.69859	49.5881	0	-0.755068	-0.655646	0	None	None
ChainingRodShaped	2313	2.23144	0.5	-22.8536	41.4328	0	0.968359	-0.249561	0	None	None
ChainingRodShaped	2315	2.18048	0.5	-11.3004	7.81696	0	0.991535	-0.12984	0	None	None
ChainingRodShaped	2317	2.21874	0.5	-39.4007	35.4579	0	0.73408	-0.679063	0	None	None
ChainingRodShaped	2319	2.18058	0.5	-45.9418	29.8609	0	0.666546	-0.745464	0	None	None
ChainingRodShaped	2321	2.1216	0.5	-29.1434	13.2277	0	-0.995783	-0.0917368	0	815	2320
ChainingRodShaped	2323	2.12323	0.5	-21.7277	126.815	0	-0.74332	-0.668936	0	1057	2322
ChainingRodShaped	2325	2.10599	0.5	-20.1382	36.9659	0	0.922237	-0.386626	0	None	None
ChainingRodShaped	2327	2.17855	0.5	-57.5585	37.6123	0	0.887027	-0.461717	0	None	None
ChainingRodShaped	2329	2.14244	0.5	128.12	68.729	0	0.213494	-0.976944	0	1362	2328
ChainingRodShaped	2331	2.11261	0.5	118.498	98.9725	0	0.179581	-0.983743	0	1862	2330
ChainingRodShaped	2333	2.14615	0.5	-16.3401	32.7323	0	0.454958	-0.890513	0	None	None
ChainingRodShaped	2335	2.11344	0.5	-27.6073	4.67226	0	0.869632	-0.493701	0	None	None
ChainingRodShaped	2337	2.10279	0.5	-7.49233	45.4911	0	-0.999704	0.0243226	0	None	None
ChainingRodShaped	2339	2.08768	0.5	-57.2813	44.239	0	0.804027	-0.594592	0	None	None
ChainingRodShaped	2341	2.16062	0.5	-42.0838	45.4815	0	0.262016	-0.965064	0	None	None
ChainingRodShaped	2343	2.13178	0.5	-21.2501	26.044	0	0.89528	0.445504	0	None	None
ChainingRodShaped	2345	2.05635	0.5	-49.6592	14.5432	0	-0.954299	0.298853	0	1796	2344
ChainingRodShaped	2347	2.08091	0.5	-12.6821	44.2201	0	0.960156	0.279466	0	None	None
ChainingRodShaped	2349	2.10037	0.5	-121.192	-59.9608	0	-0.967451	0.253059	0	2280	2348
ChainingRodShaped	2351	2.09573	0.5	-34.8398	65.411	0	0.847354	0.531029	0	None	None
ChainingRodShaped	2353	2.10818	0.5	-44.3066	3.82371	0	0.522606	-0.852574	0	None	None
ChainingRodShaped	2355	2.09577	0.5	-29.9881	-1.36125	0	0.995581	0.093902	0	None	None
ChainingRodShaped	2357	2.09174	0.5	-17.624	49.8724	0	0.547647	0.836709	0	None	None
ChainingRodShaped	2359	2.06069	0.5	-2.92302	24.8029	0	0.920479	-0.390791	0	None	None
ChainingRodShaped	2361	2.0876	0.5	-2.47161	42.4652	0	0.664472	-0.747313	0	None	None
ChainingRodShaped	2363	2.05411	0.5	119.919	93.1792	0	0.290684	-0.956819	0	2330	2362
ChainingRodShaped	2365	2.02535	0.5	48.9978	48.6901	0	-0.435411	0.900232	0	2224	2364
ChainingRodShaped	2367	2.02117	0.5	4.49826	37.7745	0	-0.109527	-0.993984	0	None	None
ChainingRodShaped	2369	2.04816	0.5	-43.9152	58.264	0	0.505948	-0.862564	0	None	None
ChainingRodShaped	2371	2.04369	0.5	3.76689	39.8637	0	-0.146257	-0.989247	0	None	None
ChainingRodShaped	2373	2.03658	0.5	-14.521	-0.905746	0	0.844435	0.535658	0	None	None
ChainingRodShaped	2375	2.02628	0.5	-21.5997	65.6737	0	0.568233	-0.822867	0	None	None
ChainingRodShaped	2377	2.00605	0.5	45.4547	125.674	0	-0.549831	0.835276	0	2204	2376
ChainingRodShaped	2379	2.01962	0.5	-42.4765	19.6709	0	-0.965194	-0.261536	0	None	None
ChainingRodShaped	2381	2.00231	0.5	-27.8549	3.21371	0	0.999786	-0.0207048	0	None	None
